init,     2026-03-30 00:03:17.876977
arguments,Namespace(PPO_epochs=4, adv_norm=1, alg='ppo', cuda=0, curriculum_clean_ratio=1.0, curriculum_entropy_decay=0.85, curriculum_mode='adaptive', curriculum_noise_step=0.0, curriculum_patience=1, entropy=0.1, entropy_min=0.05, eps_clip=0.15, gae_lambda=0.97, gamma=0.995, grad_clip=0.5, gymip_train_xml='inverted_pendulum_ChangeThk_0.050000.xml', hid_group_num=8, hid_group_size=8, hidden_num=64, ignore_checkpoint=True, lane_profile='auto', lr=0.0005, max_noise=0.0, mini_batch_size=128, model='rwtaspk', monitor_time=False, optimizer='rmsprop', rep=11, response_window=40, reward_scale=1.0, road_scenario='merge', rollout_steps=512, rwta_del_connection='none', seed=1, snn_num_steps=15, task='gymip', thread=-1, traffic_level='standard', train_num=3000)
seed,     01
model_dir,/root/autodl-tmp/SVPG2023/LANE/log_model/merge
profile,  lane auto-stabilize: lr->0.0005, gamma->0.995, PPO_epochs->4, eps_clip->0.15, rollout_steps->512, mini_batch_size->128, gae_lambda->0.97, grad_clip->0.5, curriculum_clean_ratio->0.8, max_noise->0.08, curriculum_noise_step->0.02, entropy_min->0.05, curriculum_clean_ratio->1.0, max_noise->0.0, curriculum_noise_step->0.0, curriculum_patience->1, curriculum_entropy_decay->0.85, train_num->3000
train,    1, -35.615005,    9, 0.87,    6, 0.000, 0.000, 0.400,  8
train,    2, -49.994209,    9, 0.92,    8, 0.000, 0.000, 0.400,  8
train,    3, -38.598566,   11, 0.91,    7, 0.000, 0.000, 0.400,  8
train,    4, -53.051246,    9, 0.91,    5, 0.000, 0.000, 0.400,  8
train,    5, -43.212094,    9, 0.90,    7, 0.000, 0.000, 0.400,  8
train,    6, -57.030818,   11, 0.91,    5, 0.000, 0.000, 0.400,  8
train,    7, -51.976086,   11, 0.89,    7, 0.000, 0.000, 0.400,  8
train,    8, -38.445967,   11, 0.91,    5, 0.000, 0.000, 0.400,  8
train,    9, -40.965258,    8, 0.93,    7, 0.000, 0.000, 0.400,  8
val_save, 9, -21.054394, 0.7521,  14.3526,   8.8686, 0.1798,  20.4953
val,      9, -21.054394, 0.7521,  14.3526,   8.8686, 0.1798,  20.4953
curriculum,noise_cap 0.0000 -> 0.0000, entropy 0.4000 -> 0.3400
train,    10, -44.625378,   10, 0.91,    7, 0.000, 0.000, 0.340,  8
train,    11, -33.493622,   10, 0.84,    5, 0.000, 0.000, 0.340,  8
train,    12, -48.849020,   11, 0.93,    7, 0.000, 0.000, 0.340,  8
train,    13, -31.417911,   12, 0.85,    7, 0.000, 0.000, 0.340,  8
train,    14, -44.742980,    9, 0.93,    6, 0.000, 0.000, 0.340,  8
train,    15, -38.388747,   11, 0.98,    8, 0.000, 0.000, 0.340,  8
train,    16, -14.537821,    9, 0.83,    8, 0.000, 0.000, 0.340,  8
train,    17, -51.453852,   10, 0.90,    8, 0.000, 0.000, 0.340,  8
train,    18, -49.959764,   10, 0.82,    9, 0.000, 0.000, 0.340,  8
train,    19, -43.947204,    9, 0.87,    6, 0.000, 0.000, 0.340,  8
val,      19, -15.230557, 0.6104,  13.6667,   7.7215, 0.2205,  20.3682
train,    20, -60.460596,   10, 1.00,    5, 0.000, 0.000, 0.340,  8
train,    21, -59.492587,   11, 0.85,   10, 0.000, 0.000, 0.340,  8
train,    22, -51.162873,   10, 0.78,    8, 0.000, 0.000, 0.340,  8
train,    23, -63.825255,   11, 0.88,    7, 0.000, 0.000, 0.340,  8
train,    24, -73.235957,   10, 0.83,    9, 0.000, 0.000, 0.340,  8
train,    25, -45.781805,    9, 0.85,    9, 0.000, 0.000, 0.340,  8
train,    26, -50.408223,   10, 0.82,    7, 0.000, 0.000, 0.340,  8
train,    27, -45.616903,   10, 0.81,    7, 0.000, 0.000, 0.340,  8
train,    28, -69.095517,   10, 0.88,    9, 0.000, 0.000, 0.340,  8
train,    29, -62.554018,   10, 0.84,    9, 0.000, 0.000, 0.340,  8
val,      29, -4.364779, 0.7147,  12.8634,   8.0750, 0.2543,  20.2778
train,    30, -62.455738,   10, 0.89,    9, 0.000, 0.000, 0.340,  8
train,    31, -73.851273,   10, 0.91,    7, 0.000, 0.000, 0.340,  8
train,    32, -56.979807,    8, 0.94,    7, 0.000, 0.000, 0.340,  8
train,    33, -66.587012,   11, 0.91,    7, 0.000, 0.000, 0.340,  8
train,    34, -70.157963,   11, 0.91,    7, 0.000, 0.000, 0.340,  8
train,    35, -87.692697,   11, 0.88,    8, 0.000, 0.000, 0.340,  8
train,    36, -74.360191,   10, 0.85,    8, 0.000, 0.000, 0.340,  8
update,   36,    1,  527, -45.000000, 0.000000
train,    37, -69.973681,   12, 0.86,    8, 0.000, 0.000, 0.340,  8
train,    38, -58.467849,   10, 0.95,    7, 0.000, 0.000, 0.340,  8
train,    39, -74.201422,   10, 0.97,    8, 0.000, 0.000, 0.340,  8
val,      39, -6.163480, 0.6041,  12.8635,   7.8429, 0.2148,  20.3471
train,    40, -67.503496,   12, 0.85,    7, 0.000, 0.000, 0.340,  8
train,    41, -57.621445,   10, 0.85,    7, 0.000, 0.000, 0.340,  8
train,    42, -70.643694,   10, 0.82,    7, 0.000, 0.000, 0.340,  8
train,    43, -62.431282,   12, 0.87,    5, 0.000, 0.000, 0.340,  8
train,    44, -50.308890,   10, 0.82,    6, 0.000, 0.000, 0.340,  8
train,    45, -59.918116,   10, 0.83,    7, 0.000, 0.000, 0.340,  8
train,    46, -57.031481,   10, 0.86,    7, 0.000, 0.000, 0.340,  8
train,    47, -60.156500,   10, 0.93,    9, 0.000, 0.000, 0.340,  8
train,    48, -56.504381,   11, 0.90,    6, 0.000, 0.000, 0.340,  8
train,    49, -58.389809,    9, 0.80,    8, 0.000, 0.000, 0.340,  8
val,      49, -11.047237, 0.7066,  12.6818,   7.5967, 0.2149,  20.3459
train,    50, -63.461348,   10, 0.91,    8, 0.000, 0.000, 0.340,  8
train,    51, -50.874394,   10, 0.85,    8, 0.000, 0.000, 0.340,  8
train,    52, -27.386866,   10, 0.93,    5, 0.000, 0.000, 0.340,  8
train,    53, -33.473463,   10, 0.90,    7, 0.000, 0.000, 0.340,  8
train,    54, -47.036588,   10, 0.84,    8, 0.000, 0.000, 0.340,  8
train,    55, -37.070332,   11, 0.77,    8, 0.000, 0.000, 0.340,  8
train,    56, -41.874733,   10, 0.81,    6, 0.000, 0.000, 0.340,  8
train,    57, -50.434124,   10, 0.91,    7, 0.000, 0.000, 0.340,  8
train,    58, -30.372064,   11, 0.84,    5, 0.000, 0.000, 0.340,  8
train,    59, -36.510651,   11, 0.90,    7, 0.000, 0.000, 0.340,  8
val,      59, -15.217635, 0.5882,  13.8358,   7.9895, 0.3213,  20.4288
train,    60, -29.327847,   11, 0.88,    7, 0.000, 0.000, 0.340,  8
train,    61, -21.438306,   11, 0.88,    7, 0.000, 0.000, 0.340,  8
train,    62, -48.815665,    9, 0.87,    7, 0.000, 0.000, 0.340,  8
train,    63, -48.085506,   11, 0.87,    7, 0.000, 0.000, 0.340,  8
train,    64, -37.591489,   11, 0.91,    6, 0.000, 0.000, 0.340,  8
train,    65, -28.017199,   11, 0.85,    6, 0.000, 0.000, 0.340,  8
train,    66, -31.542073,   12, 0.88,    6, 0.000, 0.000, 0.340,  8
train,    67, -47.101206,   11, 0.84,    6, 0.000, 0.000, 0.340,  8
train,    68, -47.097461,    9, 0.92,    7, 0.000, 0.000, 0.340,  8
train,    69, -40.675376,   10, 0.89,    4, 0.000, 0.000, 0.340,  8
val,      69, -24.550524, 0.6008,  13.4958,   7.7427, 0.3189,  20.3802
train,    70, -47.468462,   11, 0.87,    6, 0.000, 0.000, 0.340,  8
train,    71, -38.400869,   12, 0.79,    6, 0.000, 0.000, 0.340,  8
train,    72, -48.568126,   11, 0.89,    7, 0.000, 0.000, 0.340,  8
update,   72,    2,  513, -45.000000, 0.000000
train,    73, -39.449262,    9, 0.81,    5, 0.000, 0.000, 0.340,  8
train,    74, -52.926855,   11, 0.86,    6, 0.000, 0.000, 0.340,  8
train,    75, -46.486320,   10, 0.90,    6, 0.000, 0.000, 0.340,  8
train,    76, -57.149900,   12, 0.85,    9, 0.000, 0.000, 0.340,  8
train,    77, -80.865474,   11, 0.80,    7, 0.000, 0.000, 0.340,  8
train,    78, -58.614158,   11, 0.88,    5, 0.000, 0.000, 0.340,  8
train,    79, -52.757043,   13, 0.84,    6, 0.000, 0.000, 0.340,  8
val,      79, -21.677760, 0.5789,  13.8057,   7.7053, 0.3249,  20.3426
train,    80, -61.886175,   11, 0.85,    7, 0.000, 0.000, 0.340,  8
train,    81, -77.204840,   10, 0.79,    5, 0.000, 0.000, 0.340,  8
train,    82, -72.932732,   11, 0.83,    6, 0.000, 0.000, 0.340,  8
train,    83, -65.397004,   10, 0.81,    3, 0.000, 0.000, 0.340,  8
train,    84, -60.374485,   11, 0.80,    4, 0.000, 0.000, 0.340,  8
train,    85, -51.437539,   10, 0.78,    5, 0.000, 0.000, 0.340,  8
train,    86, -56.579431,   10, 0.84,    4, 0.000, 0.000, 0.340,  8
train,    87, -79.246124,   11, 0.91,    4, 0.000, 0.000, 0.340,  8
train,    88, -49.805749,    9, 0.82,    5, 0.000, 0.000, 0.340,  8
train,    89, -65.123477,   10, 0.76,    5, 0.000, 0.000, 0.340,  8
val,      89, -19.910123, 0.6430,  13.0551,   7.6705, 0.3006,  20.4087
train,    90, -79.749843,   11, 0.85,    5, 0.000, 0.000, 0.340,  8
train,    91, -50.456627,   10, 0.79,    5, 0.000, 0.000, 0.340,  8
train,    92, -42.727736,   10, 0.89,    5, 0.000, 0.000, 0.340,  8
train,    93, -48.450841,    9, 0.77,    4, 0.000, 0.000, 0.340,  8
train,    94, -60.319313,    8, 0.81,    5, 0.000, 0.000, 0.340,  8
train,    95, -58.387609,   12, 0.85,    4, 0.000, 0.000, 0.340,  8
train,    96, -69.410703,   11, 0.84,    4, 0.000, 0.000, 0.340,  8
train,    97, -46.326609,   11, 0.80,    6, 0.000, 0.000, 0.340,  8
train,    98, -62.222580,   10, 0.87,    5, 0.000, 0.000, 0.340,  8
train,    99, -47.380807,   10, 0.83,    3, 0.000, 0.000, 0.340,  8
val,      99, -16.419347, 0.5794,  13.4908,   7.6385, 0.2713,  20.4051
train,    100, -47.409566,   11, 0.82,    3, 0.000, 0.000, 0.340,  8
train,    101, -51.077371,   11, 0.77,    5, 0.000, 0.000, 0.340,  8
train,    102, -35.399347,   11, 0.85,    3, 0.000, 0.000, 0.340,  8
train,    103, -28.450738,   11, 0.83,    6, 0.000, 0.000, 0.340,  8
train,    104, -2.027824,   10, 0.81,    4, 0.000, 0.000, 0.340,  8
train,    105, -45.090932,   11, 0.83,    4, 0.000, 0.000, 0.340,  8
train,    106, -39.224325,    9, 0.90,    6, 0.000, 0.000, 0.340,  8
train,    107, -30.416302,   10, 0.85,    5, 0.000, 0.000, 0.340,  8
train,    108, -22.252166,    9, 0.80,    3, 0.000, 0.000, 0.340,  8
update,   108,    3,  534, -45.000000, 0.000000
train,    109, -51.890621,   13, 0.92,    5, 0.000, 0.000, 0.340,  8
val,      109, -5.717850, 0.5399,  13.5564,   7.7547, 0.3181,  20.3192
train,    110, -16.421290,   10, 0.83,    6, 0.000, 0.000, 0.340,  8
train,    111, -23.472737,   12, 0.80,    5, 0.000, 0.000, 0.340,  8
train,    112, -14.110586,   10, 0.84,    5, 0.000, 0.000, 0.340,  8
train,    113, -36.314151,   10, 0.87,    4, 0.000, 0.000, 0.340,  8
train,    114, -39.382906,   10, 0.82,    4, 0.000, 0.000, 0.340,  8
train,    115, -6.870192,   11, 0.75,    5, 0.000, 0.000, 0.340,  8
train,    116, -35.385263,   12, 0.82,    3, 0.000, 0.000, 0.340,  8
train,    117, -26.338653,   12, 0.82,    5, 0.000, 0.000, 0.340,  8
train,    118, -32.152974,   11, 0.79,    4, 0.000, 0.000, 0.340,  8
train,    119, -44.795028,   11, 0.83,    4, 0.000, 0.000, 0.340,  8
val,      119, -3.570683, 0.6167,  13.8925,   7.7232, 0.3554,  20.4173
train,    120, -32.932167,   12, 0.76,    5, 0.000, 0.000, 0.340,  8
train,    121, -51.891024,   10, 0.86,    4, 0.000, 0.000, 0.340,  8
train,    122, -47.798373,   12, 0.86,    4, 0.000, 0.000, 0.340,  8
train,    123, -50.191429,   11, 0.84,    5, 0.000, 0.000, 0.340,  8
train,    124, -37.128624,   11, 0.86,    5, 0.000, 0.000, 0.340,  8
train,    125, -27.044018,   11, 0.79,    5, 0.000, 0.000, 0.340,  8
train,    126, -28.962956,   12, 0.84,    5, 0.000, 0.000, 0.340,  8
train,    127, -38.199329,   11, 0.85,    5, 0.000, 0.000, 0.340,  8
train,    128, -64.404208,   10, 0.78,    5, 0.000, 0.000, 0.340,  8
train,    129, -50.897453,   11, 0.81,    4, 0.000, 0.000, 0.340,  8
val,      129, -2.244952, 0.5989,  13.3198,   8.0174, 0.2790,  20.3398
train,    130, -52.221203,   11, 0.79,    5, 0.000, 0.000, 0.340,  8
train,    131, -63.587445,    9, 0.74,    5, 0.000, 0.000, 0.340,  8
train,    132, -49.441735,   11, 0.76,    6, 0.000, 0.000, 0.340,  8
train,    133, -52.318982,   11, 0.87,    5, 0.000, 0.000, 0.340,  8
train,    134, -48.825996,   10, 0.78,    4, 0.000, 0.000, 0.340,  8
train,    135, -42.474318,   10, 0.82,    6, 0.000, 0.000, 0.340,  8
train,    136, -35.978116,   11, 0.77,    5, 0.000, 0.000, 0.340,  8
train,    137, -55.825477,   10, 0.84,    5, 0.000, 0.000, 0.340,  8
train,    138, -50.926945,   11, 0.75,    5, 0.000, 0.000, 0.340,  8
train,    139, -51.172532,   12, 0.87,    6, 0.000, 0.000, 0.340,  8
val,      139, -10.097471, 0.5430,  13.5620,   8.1158, 0.2998,  20.4170
train,    140, -45.773806,   13, 0.74,    5, 0.000, 0.000, 0.340,  8
train,    141, -47.153333,   11, 0.78,    7, 0.000, 0.000, 0.340,  8
train,    142, -19.847288,   10, 0.80,    5, 0.000, 0.000, 0.340,  8
train,    143, -44.280540,   11, 0.83,    6, 0.000, 0.000, 0.340,  8
train,    144, -45.960817,   11, 0.78,    6, 0.000, 0.000, 0.340,  8
update,   144,    4,  515, -39.393784, 0.000000
train,    145, -40.693203,   12, 0.75,    5, 0.000, 0.000, 0.340,  8
train,    146, -30.940536,   12, 0.75,    7, 0.000, 0.000, 0.340,  8
train,    147, -23.303953,   10, 0.77,    6, 0.000, 0.000, 0.340,  8
train,    148, -25.073386,   11, 0.80,    6, 0.000, 0.000, 0.340,  8
train,    149, -11.572493,   10, 0.78,    6, 0.000, 0.000, 0.340,  8
val,      149, -11.770442, 0.6011,  13.3929,   7.4002, 0.3550,  20.4593
train,    150, -14.442958,   12, 0.85,    6, 0.000, 0.000, 0.340,  8
train,    151, -25.074666,   10, 0.75,    7, 0.000, 0.000, 0.340,  8
train,    152, -21.011026,   11, 0.70,    7, 0.000, 0.000, 0.340,  8
train,    153, -4.983748,   12, 0.83,    5, 0.000, 0.000, 0.340,  8
train,    154, -13.468751,   13, 0.78,    8, 0.000, 0.000, 0.340,  8
train,    155, -32.191124,   10, 0.82,    6, 0.000, 0.000, 0.340,  8
train,    156, -39.157651,   10, 0.85,    7, 0.000, 0.000, 0.340,  8
train,    157, -14.158871,   11, 0.86,    8, 0.000, 0.000, 0.340,  8
train,    158, -17.452928,   10, 0.81,    6, 0.000, 0.000, 0.340,  8
train,    159, -22.615806,   12, 0.81,    7, 0.000, 0.000, 0.340,  8
val,      159, -14.018796, 0.5738,  13.2761,   7.7513, 0.3531,  20.2922
train,    160, -21.703451,   10, 0.82,    5, 0.000, 0.000, 0.340,  8
train,    161, -27.860587,   11, 0.73,    9, 0.000, 0.000, 0.340,  8
train,    162, -33.381367,    9, 0.78,    6, 0.000, 0.000, 0.340,  8
train,    163, -30.820516,   10, 0.78,    8, 0.000, 0.000, 0.340,  8
train,    164, -29.596704,   11, 0.78,    8, 0.000, 0.000, 0.340,  8
train,    165, -34.281742,   10, 0.79,    7, 0.000, 0.000, 0.340,  8
train,    166, -12.600103,   12, 0.78,    7, 0.000, 0.000, 0.340,  8
train,    167, -18.436914,   12, 0.79,    7, 0.000, 0.000, 0.340,  8
train,    168, -20.605781,   11, 0.65,    6, 0.000, 0.000, 0.340,  8
train,    169, -45.856836,   12, 0.73,    6, 0.000, 0.000, 0.340,  8
val,      169, -21.110002, 0.5964,  14.2142,   7.7370, 0.3096,  20.5211
train,    170, -33.852844,   12, 0.76,    9, 0.000, 0.000, 0.340,  8
train,    171, -51.688513,   11, 0.76,    7, 0.000, 0.000, 0.340,  8
train,    172, -21.053755,   10, 0.81,    9, 0.000, 0.000, 0.340,  8
train,    173, -46.884137,   10, 0.81,    8, 0.000, 0.000, 0.340,  8
train,    174, -39.705407,   10, 0.76,    7, 0.000, 0.000, 0.340,  8
train,    175, -35.817171,   12, 0.89,    8, 0.000, 0.000, 0.340,  8
train,    176, -47.462943,   11, 0.80,    7, 0.000, 0.000, 0.340,  8
train,    177, -39.728832,   11, 0.72,    7, 0.000, 0.000, 0.340,  8
train,    178, -67.858136,   13, 0.73,   10, 0.000, 0.000, 0.340,  8
train,    179, -57.126936,   11, 0.80,    9, 0.000, 0.000, 0.340,  8
val,      179, -13.093605, 0.5434,  13.8604,   7.6778, 0.2973,  20.4721
train,    180, -46.292607,   12, 0.73,    8, 0.000, 0.000, 0.340,  8
update,   180,    5,  528, -33.558246, 0.000000
train,    181, -60.396228,   12, 0.73,    8, 0.000, 0.000, 0.340,  8
train,    182, -60.348674,   12, 0.79,    7, 0.000, 0.000, 0.340,  8
train,    183, -73.579258,   11, 0.73,    8, 0.000, 0.000, 0.340,  8
train,    184, -51.414208,   11, 0.75,    6, 0.000, 0.000, 0.340,  8
train,    185, -56.309757,   11, 0.80,    7, 0.000, 0.000, 0.340,  8
train,    186, -80.054048,   10, 0.79,    7, 0.000, 0.000, 0.340,  8
train,    187, -68.490633,   10, 0.77,    8, 0.000, 0.000, 0.340,  8
train,    188, -51.616616,   10, 0.74,    8, 0.000, 0.000, 0.340,  8
train,    189, -46.528284,   10, 0.80,    6, 0.000, 0.000, 0.340,  8
val,      189, -8.827705, 0.5936,  14.1807,   8.0007, 0.3616,  20.5144
train,    190, -44.678868,   11, 0.64,    6, 0.000, 0.000, 0.340,  8
train,    191, -55.538197,   12, 0.78,    9, 0.000, 0.000, 0.340,  8
train,    192, -42.591339,   11, 0.83,    7, 0.000, 0.000, 0.340,  8
train,    193, -32.262841,   11, 0.75,    8, 0.000, 0.000, 0.340,  8
train,    194, -20.848264,   10, 0.78,    7, 0.000, 0.000, 0.340,  8
train,    195, -43.219279,   13, 0.76,    7, 0.000, 0.000, 0.340,  8
train,    196, -34.859509,   12, 0.80,    7, 0.000, 0.000, 0.340,  8
train,    197, -44.455742,   13, 0.79,    9, 0.000, 0.000, 0.340,  8
train,    198, -18.101924,   11, 0.72,    7, 0.000, 0.000, 0.340,  8
train,    199, -23.775814,   10, 0.77,    8, 0.000, 0.000, 0.340,  8
val,      199, -11.025269, 0.5729,  13.8038,   7.5861, 0.3601,  20.5072
train,    200, -36.572298,    9, 0.75,    6, 0.000, 0.000, 0.340,  8
train,    201, -36.676597,   11, 0.76,    8, 0.000, 0.000, 0.340,  8
train,    202, -33.977243,   11, 0.86,    7, 0.000, 0.000, 0.340,  8
train,    203, -30.366994,   12, 0.74,    7, 0.000, 0.000, 0.340,  8
train,    204, -24.874091,   12, 0.73,    7, 0.000, 0.000, 0.340,  8
train,    205, -25.724186,   12, 0.78,    7, 0.000, 0.000, 0.340,  8
train,    206, -36.113508,   11, 0.76,    6, 0.000, 0.000, 0.340,  8
train,    207, -26.328908,   11, 0.76,    6, 0.000, 0.000, 0.340,  8
train,    208, -25.676031,   12, 0.74,    6, 0.000, 0.000, 0.340,  8
train,    209, -37.817295,   11, 0.77,    5, 0.000, 0.000, 0.340,  8
val,      209, 1.184407, 0.5680,  13.7451,   7.4490, 0.3524,  20.5256
train,    210, -7.942703,   12, 0.79,    8, 0.000, 0.000, 0.340,  8
train,    211, -13.342160,   11, 0.80,    7, 0.000, 0.000, 0.340,  8
train,    212, -35.022144,   12, 0.73,    6, 0.000, 0.000, 0.340,  8
train,    213, -19.759272,   12, 0.79,    8, 0.000, 0.000, 0.340,  8
train,    214, -32.256182,   12, 0.70,    6, 0.000, 0.000, 0.340,  8
train,    215, -29.314522,   11, 0.74,    6, 0.000, 0.000, 0.340,  8
train,    216, -16.073277,   13, 0.77,    7, 0.000, 0.000, 0.340,  8
update,   216,    6,  503, -19.370275, 0.000000
train,    217, -41.918139,   11, 0.73,    7, 0.000, 0.000, 0.340,  8
train,    218, -32.007503,   14, 0.82,    5, 0.000, 0.000, 0.340,  8
train,    219, -33.940001,   13, 0.75,    5, 0.000, 0.000, 0.340,  8
val,      219, -3.287313, 0.5604,  13.7610,   8.0562, 0.3228,  20.4496
train,    220, -47.942487,   11, 0.74,    6, 0.000, 0.000, 0.340,  8
train,    221, -42.337787,   11, 0.66,    6, 0.000, 0.000, 0.340,  8
train,    222, -52.349082,   11, 0.77,    5, 0.000, 0.000, 0.340,  8
train,    223, -31.979572,   12, 0.67,    6, 0.000, 0.000, 0.340,  8
train,    224, -28.816676,   11, 0.73,    5, 0.000, 0.000, 0.340,  8
train,    225, -54.468848,   12, 0.80,    6, 0.000, 0.000, 0.340,  8
train,    226, -47.189654,   14, 0.77,    4, 0.000, 0.000, 0.340,  8
train,    227, -42.323344,   12, 0.72,    3, 0.000, 0.000, 0.340,  8
train,    228, -43.419205,   10, 0.73,    6, 0.000, 0.000, 0.340,  8
train,    229, -39.313069,   13, 0.69,    7, 0.000, 0.000, 0.340,  8
val,      229, -4.259295, 0.5778,  13.6572,   7.5442, 0.4207,  20.3543
train,    230, -49.237354,   12, 0.73,    5, 0.000, 0.000, 0.340,  8
train,    231, -54.324301,   12, 0.69,    4, 0.000, 0.000, 0.340,  8
train,    232, -47.545670,   11, 0.74,    4, 0.000, 0.000, 0.340,  8
train,    233, -33.234909,   10, 0.75,    5, 0.000, 0.000, 0.340,  8
train,    234, -46.137089,   13, 0.77,    6, 0.000, 0.000, 0.340,  8
train,    235, -40.879289,   12, 0.74,    5, 0.000, 0.000, 0.340,  8
train,    236, -30.457195,   12, 0.77,    6, 0.000, 0.000, 0.340,  8
train,    237, -40.565212,   12, 0.74,    5, 0.000, 0.000, 0.340,  8
train,    238, -38.826552,   11, 0.76,    7, 0.000, 0.000, 0.340,  8
train,    239, -35.741404,   12, 0.73,    4, 0.000, 0.000, 0.340,  8
val,      239, -1.697011, 0.5269,  13.8472,   8.0537, 0.3911,  20.5216
train,    240, -21.651231,   12, 0.77,    5, 0.000, 0.000, 0.340,  8
train,    241, -33.029907,   12, 0.75,    4, 0.000, 0.000, 0.340,  8
train,    242, -29.646126,   12, 0.84,    4, 0.000, 0.000, 0.340,  8
train,    243, -9.343521,   11, 0.72,    3, 0.000, 0.000, 0.340,  8
train,    244, -8.698323,   13, 0.70,    4, 0.000, 0.000, 0.340,  8
train,    245, -23.663178,   12, 0.72,    4, 0.000, 0.000, 0.340,  8
train,    246, -40.360546,   12, 0.76,    4, 0.000, 0.000, 0.340,  8
train,    247, -4.780830,   13, 0.76,    5, 0.000, 0.000, 0.340,  8
train,    248, -1.974724,   12, 0.75,    4, 0.000, 0.000, 0.340,  8
train,    249, -15.349241,   10, 0.74,    5, 0.000, 0.000, 0.340,  8
val,      249, -3.053835, 0.4864,  13.0944,   7.8480, 0.3927,  20.4899
train,    250, -28.984131,   11, 0.71,    5, 0.000, 0.000, 0.340,  8
train,    251, -10.707308,   11, 0.69,    5, 0.000, 0.000, 0.340,  8
train,    252, -4.167122,   11, 0.70,    5, 0.000, 0.000, 0.340,  8
update,   252,    7,  527, -22.497715, 0.000000
train,    253, -13.345812,   12, 0.70,    4, 0.000, 0.000, 0.340,  8
train,    254, -3.681208,   11, 0.69,    4, 0.000, 0.000, 0.340,  8
train,    255, -2.285553,   11, 0.66,    3, 0.000, 0.000, 0.340,  8
train,    256, -2.757464,   13, 0.67,    5, 0.000, 0.000, 0.340,  8
train,    257, -20.807575,   12, 0.70,    5, 0.000, 0.000, 0.340,  8
train,    258, -5.147191,   13, 0.75,    5, 0.000, 0.000, 0.340,  8
train,    259, -8.834854,   11, 0.72,    5, 0.000, 0.000, 0.340,  8
val,      259, -7.993225, 0.5599,  13.9679,   7.7509, 0.3459,  20.5705
train,    260, 15.302392,   14, 0.80,    5, 0.000, 0.000, 0.340,  8
train,    261, -4.305336,   12, 0.70,    3, 0.000, 0.000, 0.340,  8
train,    262, -1.382827,   12, 0.74,    5, 0.000, 0.000, 0.340,  8
train,    263, 10.725937,   13, 0.70,    4, 0.000, 0.000, 0.340,  8
train,    264, -8.108675,   12, 0.66,    3, 0.000, 0.000, 0.340,  8
train,    265, -20.971208,   13, 0.75,    4, 0.000, 0.000, 0.340,  8
train,    266, -30.473061,   11, 0.71,    5, 0.000, 0.000, 0.340,  8
train,    267, -24.482910,   11, 0.73,    4, 0.000, 0.000, 0.340,  8
train,    268, -26.685659,   12, 0.75,    6, 0.000, 0.000, 0.340,  8
train,    269, -36.361519,   12, 0.78,    4, 0.000, 0.000, 0.340,  8
val,      269, -11.279311, 0.5096,  14.4280,   8.0461, 0.4049,  20.2799
train,    270, -21.190568,   11, 0.76,    6, 0.000, 0.000, 0.340,  8
train,    271, -39.622235,   13, 0.75,    4, 0.000, 0.000, 0.340,  8
train,    272, -29.152364,   11, 0.65,    7, 0.000, 0.000, 0.340,  8
train,    273, -22.225954,   13, 0.80,    5, 0.000, 0.000, 0.340,  8
train,    274, -27.605896,   12, 0.80,    6, 0.000, 0.000, 0.340,  8
train,    275, -23.894392,   11, 0.70,    5, 0.000, 0.000, 0.340,  8
train,    276, -45.944273,   13, 0.69,    5, 0.000, 0.000, 0.340,  8
train,    277, -28.060868,   11, 0.76,    7, 0.000, 0.000, 0.340,  8
train,    278, -43.386351,   13, 0.74,    6, 0.000, 0.000, 0.340,  8
train,    279, -33.047183,   12, 0.75,    6, 0.000, 0.000, 0.340,  8
val,      279, -0.261172, 0.5894,  14.3073,   7.5632, 0.4039,  20.4265
train,    280, -42.907042,   11, 0.70,    4, 0.000, 0.000, 0.340,  8
train,    281, -38.518363,   10, 0.79,    6, 0.000, 0.000, 0.340,  8
train,    282, -35.609553,   12, 0.66,    5, 0.000, 0.000, 0.340,  8
train,    283, -19.861692,   13, 0.73,    6, 0.000, 0.000, 0.340,  8
train,    284, -41.372167,   10, 0.76,    7, 0.000, 0.000, 0.340,  8
train,    285, -36.326311,   12, 0.68,    5, 0.000, 0.000, 0.340,  8
train,    286, -41.083907,   11, 0.76,    5, 0.000, 0.000, 0.340,  8
train,    287, -21.115833,   11, 0.82,    6, 0.000, 0.000, 0.340,  8
train,    288, -35.703124,   15, 0.69,    7, 0.000, 0.000, 0.340,  8
update,   288,    8,  517, -28.336540, 0.000000
train,    289, -32.900873,   12, 0.68,    6, 0.000, 0.000, 0.340,  8
val,      289, -4.415133, 0.5248,  13.4708,   7.5544, 0.3780,  20.4613
train,    290, -26.308868,   14, 0.69,    6, 0.000, 0.000, 0.340,  8
train,    291, -26.263732,   12, 0.78,    6, 0.000, 0.000, 0.340,  8
train,    292, -32.688034,   12, 0.73,    6, 0.000, 0.000, 0.340,  8
train,    293, -27.125433,   12, 0.71,    6, 0.000, 0.000, 0.340,  8
train,    294, -1.025329,   13, 0.67,    5, 0.000, 0.000, 0.340,  8
train,    295, -25.417870,   11, 0.67,    6, 0.000, 0.000, 0.340,  8
train,    296, -10.407787,   12, 0.75,    7, 0.000, 0.000, 0.340,  8
train,    297, -25.341460,   11, 0.70,    6, 0.000, 0.000, 0.340,  8
train,    298, -18.966515,   12, 0.76,    6, 0.000, 0.000, 0.340,  8
train,    299, -27.485071,   13, 0.74,    6, 0.000, 0.000, 0.340,  8
val,      299, 4.750710, 0.4855,  14.3419,   7.8753, 0.4506,  20.3842
train,    300, -20.107770,   12, 0.69,    8, 0.000, 0.000, 0.340,  8
train,    301, -20.932077,   12, 0.61,    9, 0.000, 0.000, 0.340,  8
train,    302, -20.730918,   13, 0.61,    6, 0.000, 0.000, 0.340,  8
train,    303, -7.779863,   13, 0.70,    6, 0.000, 0.000, 0.340,  8
train,    304, -24.523158,   11, 0.68,    7, 0.000, 0.000, 0.340,  8
train,    305, -19.008689,   13, 0.63,    8, 0.000, 0.000, 0.340,  8
train,    306, -9.115080,   11, 0.71,    5, 0.000, 0.000, 0.340,  8
train,    307, -11.778253,   12, 0.75,    6, 0.000, 0.000, 0.340,  8
train,    308, -24.878268,   11, 0.77,    7, 0.000, 0.000, 0.340,  8
train,    309, -2.943415,   11, 0.77,    6, 0.000, 0.000, 0.340,  8
val,      309, 5.547926, 0.4627,  13.8431,   7.8616, 0.3786,  20.4646
train,    310, -12.471034,   11, 0.69,    7, 0.000, 0.000, 0.340,  8
train,    311, -7.663382,   12, 0.73,    8, 0.000, 0.000, 0.340,  8
train,    312, -12.441097,   11, 0.69,    9, 0.000, 0.000, 0.340,  8
train,    313, -17.949286,   13, 0.75,    7, 0.000, 0.000, 0.340,  8
train,    314, -23.711860,   11, 0.69,    7, 0.000, 0.000, 0.340,  8
train,    315, -26.332585,   11, 0.69,    7, 0.000, 0.000, 0.340,  8
train,    316, -7.166352,   12, 0.69,    8, 0.000, 0.000, 0.340,  8
train,    317, -26.789092,   15, 0.77,    7, 0.000, 0.000, 0.340,  8
train,    318, -27.723855,   13, 0.66,    7, 0.000, 0.000, 0.340,  8
train,    319, -30.777419,   14, 0.69,    8, 0.000, 0.000, 0.340,  8
val,      319, 11.475280, 0.5921,  13.9762,   7.8272, 0.4348,  20.4931
train,    320, -24.956118,   13, 0.71,    6, 0.000, 0.000, 0.340,  8
train,    321, -38.799744,   13, 0.70,    8, 0.000, 0.000, 0.340,  8
train,    322, -44.322453,   13, 0.70,    9, 0.000, 0.000, 0.340,  8
train,    323, -25.892532,   12, 0.70,    8, 0.000, 0.000, 0.340,  8
train,    324, -41.674978,   13, 0.67,    7, 0.000, 0.000, 0.340,  8
update,   324,    9,  526, -19.823037, 0.000000
train,    325, -43.673848,   12, 0.68,    9, 0.000, 0.000, 0.340,  8
train,    326, -25.843303,   11, 0.70,    7, 0.000, 0.000, 0.340,  8
train,    327, -41.774970,   12, 0.72,    8, 0.000, 0.000, 0.340,  8
train,    328, -48.611599,   12, 0.69,   10, 0.000, 0.000, 0.340,  8
train,    329, -44.855116,   12, 0.65,   10, 0.000, 0.000, 0.340,  8
val,      329, 5.892403, 0.5347,  13.9866,   7.4907, 0.3683,  20.3960
train,    330, -33.708914,   13, 0.63,    6, 0.000, 0.000, 0.340,  8
train,    331, -44.854071,   13, 0.68,    8, 0.000, 0.000, 0.340,  8
train,    332, -47.247446,   13, 0.69,    8, 0.000, 0.000, 0.340,  8
train,    333, -24.299077,   13, 0.72,    9, 0.000, 0.000, 0.340,  8
train,    334, -34.399141,   14, 0.67,    9, 0.000, 0.000, 0.340,  8
train,    335, -34.747324,   12, 0.66,    7, 0.000, 0.000, 0.340,  8
train,    336, -29.116336,   13, 0.69,    7, 0.000, 0.000, 0.340,  8
train,    337, -13.075581,   13, 0.65,    8, 0.000, 0.000, 0.340,  8
train,    338, -31.201511,   14, 0.65,    8, 0.000, 0.000, 0.340,  8
train,    339, -37.185514,   12, 0.59,    7, 0.000, 0.000, 0.340,  8
val,      339, 6.754651, 0.5125,  14.1279,   7.2845, 0.4329,  20.3915
train,    340, -13.202707,   12, 0.64,    6, 0.000, 0.000, 0.340,  8
train,    341, -36.491886,   15, 0.64,    7, 0.000, 0.000, 0.340,  8
train,    342, -11.919329,   13, 0.72,    7, 0.000, 0.000, 0.340,  8
train,    343, -15.060781,   12, 0.65,    8, 0.000, 0.000, 0.340,  8
train,    344, -22.933878,   13, 0.61,    8, 0.000, 0.000, 0.340,  8
train,    345, -19.861181,   10, 0.64,    7, 0.000, 0.000, 0.340,  8
train,    346, -4.871243,   12, 0.68,    9, 0.000, 0.000, 0.340,  8
train,    347, -13.379291,   12, 0.71,    7, 0.000, 0.000, 0.340,  8
train,    348, -7.811888,   12, 0.61,    5, 0.000, 0.000, 0.340,  8
train,    349, -2.504894,   12, 0.69,    7, 0.000, 0.000, 0.340,  8
val,      349, 0.267682, 0.5322,  13.7329,   7.6510, 0.4199,  20.4840
train,    350, -22.774691,   14, 0.65,    8, 0.000, 0.000, 0.340,  8
train,    351, -4.203105,   13, 0.70,    7, 0.000, 0.000, 0.340,  8
train,    352, -8.219338,   11, 0.68,    8, 0.000, 0.000, 0.340,  8
train,    353, -1.892377,   11, 0.72,    5, 0.000, 0.000, 0.340,  8
train,    354, -18.432908,   13, 0.62,    7, 0.000, 0.000, 0.340,  8
train,    355, 13.193989,   13, 0.72,    7, 0.000, 0.000, 0.340,  8
train,    356, 8.293846,   13, 0.69,    7, 0.000, 0.000, 0.340,  8
train,    357, -11.511485,   13, 0.65,    6, 0.000, 0.000, 0.340,  8
train,    358, 0.605421,   11, 0.66,    4, 0.000, 0.000, 0.340,  8
train,    359, 3.140773,   13, 0.62,    7, 0.000, 0.000, 0.340,  8
val,      359, -3.278640, 0.5205,  14.0613,   7.3344, 0.3649,  20.4377
train,    360, -13.245168,   13, 0.63,    6, 0.000, 0.000, 0.340,  8
update,   360,   10,  523, -13.041953, 0.000000
train,    361, -13.759563,   13, 0.65,    5, 0.000, 0.000, 0.340,  8
train,    362, -2.573765,   12, 0.63,    7, 0.000, 0.000, 0.340,  8
train,    363, 0.755297,   12, 0.65,    7, 0.000, 0.000, 0.340,  8
train,    364, -3.360902,   12, 0.64,    6, 0.000, 0.000, 0.340,  8
train,    365, -19.931692,   13, 0.66,    6, 0.000, 0.000, 0.340,  8
train,    366, -11.198761,   12, 0.68,    6, 0.000, 0.000, 0.340,  8
train,    367, -11.449109,   14, 0.67,    5, 0.000, 0.000, 0.340,  8
train,    368, -21.454092,   11, 0.66,    5, 0.000, 0.000, 0.340,  8
train,    369, -11.167479,   13, 0.67,    4, 0.000, 0.000, 0.340,  8
val,      369, -1.277745, 0.4805,  14.1761,   7.6647, 0.4286,  20.4315
train,    370, -8.746176,   14, 0.61,    3, 0.000, 0.000, 0.340,  8
train,    371, -19.771780,   14, 0.60,    6, 0.000, 0.000, 0.340,  8
train,    372, -35.235251,   13, 0.64,    5, 0.000, 0.000, 0.340,  8
train,    373, -18.895438,   12, 0.73,    5, 0.000, 0.000, 0.340,  8
train,    374, -15.860359,   13, 0.68,    5, 0.000, 0.000, 0.340,  8
train,    375, -15.651311,   12, 0.73,    5, 0.000, 0.000, 0.340,  8
train,    376, -38.028621,   11, 0.68,    4, 0.000, 0.000, 0.340,  8
train,    377, -29.579700,   13, 0.71,    4, 0.000, 0.000, 0.340,  8
train,    378, -25.731240,   13, 0.71,    5, 0.000, 0.000, 0.340,  8
train,    379, -19.490655,   11, 0.62,    5, 0.000, 0.000, 0.340,  8
val,      379, -2.991230, 0.4979,  14.3038,   7.5695, 0.3970,  20.4079
train,    380, -24.671646,   12, 0.58,    4, 0.000, 0.000, 0.340,  8
train,    381, -34.780779,   12, 0.76,    4, 0.000, 0.000, 0.340,  8
train,    382, -40.795432,   13, 0.64,    2, 0.000, 0.000, 0.340,  8
train,    383, -7.039113,   12, 0.66,    4, 0.000, 0.000, 0.340,  8
train,    384, -25.943124,   12, 0.66,    3, 0.000, 0.000, 0.340,  8
train,    385, -18.830049,   11, 0.63,    4, 0.000, 0.000, 0.340,  8
train,    386, -16.715741,   12, 0.66,    5, 0.000, 0.000, 0.340,  8
train,    387, -17.589345,   11, 0.69,    3, 0.000, 0.000, 0.340,  8
train,    388, -14.509303,   13, 0.63,    4, 0.000, 0.000, 0.340,  8
train,    389, -16.984905,   13, 0.64,    4, 0.000, 0.000, 0.340,  8
val,      389, 1.333201, 0.4367,  13.9758,   7.8215, 0.4547,  20.2974
train,    390, -33.650615,   14, 0.71,    4, 0.000, 0.000, 0.340,  8
train,    391, -10.335685,   12, 0.71,    4, 0.000, 0.000, 0.340,  8
train,    392, -4.905493,   13, 0.64,    6, 0.000, 0.000, 0.340,  8
train,    393, -13.659354,   14, 0.67,    4, 0.000, 0.000, 0.340,  8
train,    394, -15.167033,   13, 0.67,    6, 0.000, 0.000, 0.340,  8
train,    395, -2.797970,   12, 0.67,    5, 0.000, 0.000, 0.340,  8
train,    396, 8.093356,   12, 0.70,    5, 0.000, 0.000, 0.340,  8
update,   396,   11,  507, -11.337402, 0.000000
train,    397, 13.386154,   14, 0.76,    5, 0.000, 0.000, 0.340,  8
train,    398, -2.753327,   12, 0.61,    3, 0.000, 0.000, 0.340,  8
train,    399, 1.665745,   12, 0.64,    4, 0.000, 0.000, 0.340,  8
val,      399, 11.995658, 0.5041,  14.2307,   7.6187, 0.3532,  20.4036
train,    400, 16.329611,   13, 0.68,    4, 0.000, 0.000, 0.340,  8
train,    401, -4.612915,   12, 0.68,    3, 0.000, 0.000, 0.340,  8
train,    402, 10.916150,   12, 0.73,    4, 0.000, 0.000, 0.340,  8
train,    403, -13.023911,   13, 0.68,    4, 0.000, 0.000, 0.340,  8
train,    404, -13.232041,   13, 0.72,    4, 0.000, 0.000, 0.340,  8
train,    405, -2.688664,   12, 0.60,    5, 0.000, 0.000, 0.340,  8
train,    406, -9.536198,   13, 0.63,    6, 0.000, 0.000, 0.340,  8
train,    407, -7.814928,   12, 0.70,    5, 0.000, 0.000, 0.340,  8
train,    408, 4.024651,   13, 0.70,    5, 0.000, 0.000, 0.340,  8
train,    409, 1.746875,   13, 0.67,    6, 0.000, 0.000, 0.340,  8
val,      409, 10.205301, 0.5293,  14.1849,   7.8476, 0.3730,  20.3908
train,    410, -4.916702,   12, 0.72,    4, 0.000, 0.000, 0.340,  8
train,    411, -15.487539,   13, 0.72,    5, 0.000, 0.000, 0.340,  8
train,    412, 0.538808,   14, 0.66,    6, 0.000, 0.000, 0.340,  8
train,    413, -3.830429,   11, 0.69,    4, 0.000, 0.000, 0.340,  8
train,    414, -10.225046,   12, 0.71,    5, 0.000, 0.000, 0.340,  8
train,    415, -19.735847,   13, 0.64,    6, 0.000, 0.000, 0.340,  8
train,    416, -21.358003,   12, 0.59,    3, 0.000, 0.000, 0.340,  8
train,    417, -20.609496,   13, 0.61,    5, 0.000, 0.000, 0.340,  8
train,    418, -26.862444,   13, 0.67,    5, 0.000, 0.000, 0.340,  8
train,    419, -13.437858,   13, 0.71,    6, 0.000, 0.000, 0.340,  8
val,      419, 10.418635, 0.5571,  14.8819,   7.6332, 0.4650,  20.3462
train,    420, -19.397677,   11, 0.60,    5, 0.000, 0.000, 0.340,  8
train,    421, -24.602469,   13, 0.63,    6, 0.000, 0.000, 0.340,  8
train,    422, -24.758679,   13, 0.66,    5, 0.000, 0.000, 0.340,  8
train,    423, -15.329473,   12, 0.63,    6, 0.000, 0.000, 0.340,  8
train,    424, -26.510467,   15, 0.61,    6, 0.000, 0.000, 0.340,  8
train,    425, -47.849187,   14, 0.65,    6, 0.000, 0.000, 0.340,  8
train,    426, -25.477250,   13, 0.70,    5, 0.000, 0.000, 0.340,  8
train,    427, -29.762967,   13, 0.64,    6, 0.000, 0.000, 0.340,  8
train,    428, -31.667656,   12, 0.70,    6, 0.000, 0.000, 0.340,  8
train,    429, -23.210464,   14, 0.72,    8, 0.000, 0.000, 0.340,  8
val,      429, 3.583308, 0.4350,  13.8858,   7.8402, 0.4462,  20.4636
train,    430, -22.838544,   13, 0.61,    6, 0.000, 0.000, 0.340,  8
train,    431, -23.266937,   13, 0.64,    6, 0.000, 0.000, 0.340,  8
train,    432, -30.522521,   12, 0.64,    7, 0.000, 0.000, 0.340,  8
update,   432,   12,  515, -15.222183, 0.000000
train,    433, -25.594735,   12, 0.68,    7, 0.000, 0.000, 0.340,  8
train,    434, -33.881222,   14, 0.69,    6, 0.000, 0.000, 0.340,  8
train,    435, -32.486189,   13, 0.65,    6, 0.000, 0.000, 0.340,  8
train,    436, -39.355819,   13, 0.63,    7, 0.000, 0.000, 0.340,  8
train,    437, -11.943695,   12, 0.62,    7, 0.000, 0.000, 0.340,  8
train,    438, -21.095268,   15, 0.59,    6, 0.000, 0.000, 0.340,  8
train,    439, -6.343792,   13, 0.60,    7, 0.000, 0.000, 0.340,  8
val,      439, 2.536261, 0.4972,  13.8985,   7.6929, 0.4486,  20.3969
train,    440, -24.274834,   12, 0.63,    7, 0.000, 0.000, 0.340,  8
train,    441, -2.503000,   12, 0.71,    8, 0.000, 0.000, 0.340,  8
train,    442, -11.596793,   14, 0.62,    7, 0.000, 0.000, 0.340,  8
train,    443, 6.576359,   12, 0.69,    7, 0.000, 0.000, 0.340,  8
train,    444, -6.267430,   11, 0.60,    8, 0.000, 0.000, 0.340,  8
train,    445, -22.545126,   12, 0.67,    7, 0.000, 0.000, 0.340,  8
train,    446, 2.661189,   12, 0.64,    7, 0.000, 0.000, 0.340,  8
train,    447, -1.460676,   15, 0.57,    7, 0.000, 0.000, 0.340,  8
train,    448, 6.107339,   14, 0.65,    7, 0.000, 0.000, 0.340,  8
train,    449, 1.128823,   13, 0.72,    7, 0.000, 0.000, 0.340,  8
val,      449, -3.023692, 0.4823,  14.2498,   7.6492, 0.4632,  20.5138
train,    450, -1.941750,   11, 0.64,    7, 0.000, 0.000, 0.340,  8
train,    451, 3.601119,   14, 0.60,    8, 0.000, 0.000, 0.340,  8
train,    452, 8.339484,   13, 0.57,    7, 0.000, 0.000, 0.340,  8
train,    453, -11.271409,   13, 0.66,    9, 0.000, 0.000, 0.340,  8
train,    454, 2.929368,   13, 0.66,    6, 0.000, 0.000, 0.340,  8
train,    455, -12.548017,   12, 0.64,    6, 0.000, 0.000, 0.340,  8
train,    456, 0.231346,   14, 0.57,    9, 0.000, 0.000, 0.340,  8
train,    457, -11.778798,   12, 0.64,    9, 0.000, 0.000, 0.340,  8
train,    458, 11.312444,   12, 0.75,    7, 0.000, 0.000, 0.340,  8
train,    459, -1.343208,   13, 0.60,    8, 0.000, 0.000, 0.340,  8
val,      459, 2.462960, 0.4383,  14.0087,   7.3653, 0.4494,  20.4563
train,    460, 10.537074,   12, 0.67,    6, 0.000, 0.000, 0.340,  8
train,    461, -2.996891,   11, 0.63,    8, 0.000, 0.000, 0.340,  8
train,    462, -15.474549,   13, 0.71,    7, 0.000, 0.000, 0.340,  8
train,    463, -14.424280,   14, 0.60,    8, 0.000, 0.000, 0.340,  8
train,    464, -4.964407,   14, 0.65,    7, 0.000, 0.000, 0.340,  8
train,    465, -1.504826,   12, 0.68,    8, 0.000, 0.000, 0.340,  8
train,    466, -10.496308,   13, 0.68,    8, 0.000, 0.000, 0.340,  8
train,    467, -17.324657,   14, 0.63,    8, 0.000, 0.000, 0.340,  8
train,    468, 0.714244,   13, 0.56,    7, 0.000, 0.000, 0.340,  8
update,   468,   13,  503, -12.317848, 0.000000
train,    469, -19.204783,   12, 0.66,    7, 0.000, 0.000, 0.340,  8
val,      469, 0.785665, 0.4707,  14.1705,   7.7073, 0.4725,  20.4262
train,    470, -14.349953,   12, 0.70,    7, 0.000, 0.000, 0.340,  8
train,    471, -12.316652,   13, 0.57,    8, 0.000, 0.000, 0.340,  8
train,    472, -25.083761,   12, 0.61,    9, 0.000, 0.000, 0.340,  8
train,    473, -19.191555,   15, 0.71,    7, 0.000, 0.000, 0.340,  8
train,    474, -3.982156,   13, 0.63,    7, 0.000, 0.000, 0.340,  8
train,    475, -2.423732,   12, 0.69,    9, 0.000, 0.000, 0.340,  8
train,    476, -22.217452,   13, 0.58,    7, 0.000, 0.000, 0.340,  8
train,    477, -40.968287,   14, 0.56,    8, 0.000, 0.000, 0.340,  8
train,    478, -35.865479,   14, 0.64,    7, 0.000, 0.000, 0.340,  8
train,    479, -10.357491,   13, 0.60,    7, 0.000, 0.000, 0.340,  8
val,      479, -0.510620, 0.4808,  14.0031,   7.5467, 0.4567,  20.4539
train,    480, -27.151725,   14, 0.61,    7, 0.000, 0.000, 0.340,  8
train,    481, -10.313834,   12, 0.60,    7, 0.000, 0.000, 0.340,  8
train,    482, 1.061876,   13, 0.63,    8, 0.000, 0.000, 0.340,  8
train,    483, -20.691868,   15, 0.73,    8, 0.000, 0.000, 0.340,  8
train,    484, -4.134465,   15, 0.57,    7, 0.000, 0.000, 0.340,  8
train,    485, 3.246704,   14, 0.66,    7, 0.000, 0.000, 0.340,  8
train,    486, -8.215787,   14, 0.57,    9, 0.000, 0.000, 0.340,  8
train,    487, -12.349317,   13, 0.56,    7, 0.000, 0.000, 0.340,  8
train,    488, 1.841423,   15, 0.65,    7, 0.000, 0.000, 0.340,  8
train,    489, 15.410184,   12, 0.67,    7, 0.000, 0.000, 0.340,  8
val,      489, 5.357399, 0.4519,  13.9479,   7.3821, 0.4664,  20.4844
train,    490, 7.264853,   14, 0.65,    7, 0.000, 0.000, 0.340,  8
train,    491, -3.392966,   13, 0.65,    7, 0.000, 0.000, 0.340,  8
train,    492, 3.966046,   13, 0.61,    7, 0.000, 0.000, 0.340,  8
train,    493, -3.364035,   14, 0.65,    8, 0.000, 0.000, 0.340,  8
train,    494, -2.177321,   12, 0.63,    6, 0.000, 0.000, 0.340,  8
train,    495, 6.160834,   15, 0.54,    7, 0.000, 0.000, 0.340,  8
train,    496, 0.214986,   13, 0.61,    7, 0.000, 0.000, 0.340,  8
train,    497, 14.516850,   14, 0.61,    5, 0.000, 0.000, 0.340,  8
train,    498, 21.754840,   13, 0.61,    5, 0.000, 0.000, 0.340,  8
train,    499, -1.929270,   11, 0.59,    8, 0.000, 0.000, 0.340,  8
val,      499, 15.229407, 0.4891,  14.7645,   7.4415, 0.4273,  20.5386
train,    500, 22.623505,   13, 0.52,    8, 0.000, 0.000, 0.340,  8
train,    501, 8.688442,   13, 0.60,    5, 0.000, 0.000, 0.340,  8
train,    502, 10.434834,   12, 0.59,    8, 0.000, 0.000, 0.340,  8
train,    503, 14.882197,   15, 0.65,    5, 0.000, 0.000, 0.340,  8
train,    504, 9.290086,   13, 0.59,    7, 0.000, 0.000, 0.340,  8
update,   504,   14,  508, -11.869249, 0.000000
train,    505, 9.922847,   15, 0.59,    8, 0.000, 0.000, 0.340,  8
train,    506, 0.783164,   12, 0.64,    7, 0.000, 0.000, 0.340,  8
train,    507, 29.606279,   12, 0.59,    6, 0.000, 0.000, 0.340,  8
train,    508, 12.327572,   12, 0.63,    5, 0.000, 0.000, 0.340,  8
train,    509, 3.359591,   12, 0.66,    7, 0.000, 0.000, 0.340,  8
val,      509, 14.062939, 0.4544,  13.7465,   7.3873, 0.4680,  20.3745
train,    510, 0.397461,   12, 0.62,    6, 0.000, 0.000, 0.340,  8
train,    511, -0.941837,   14, 0.68,    5, 0.000, 0.000, 0.340,  8
train,    512, -2.945282,   14, 0.62,    4, 0.000, 0.000, 0.340,  8
train,    513, -12.011252,   14, 0.63,    6, 0.000, 0.000, 0.340,  8
train,    514, 9.555669,   13, 0.56,    5, 0.000, 0.000, 0.340,  8
train,    515, -6.986785,   16, 0.64,    5, 0.000, 0.000, 0.340,  8
train,    516, -3.423274,   12, 0.62,    5, 0.000, 0.000, 0.340,  8
train,    517, -5.018368,   13, 0.64,    6, 0.000, 0.000, 0.340,  8
train,    518, -13.426447,   14, 0.61,    5, 0.000, 0.000, 0.340,  8
train,    519, -19.036034,   14, 0.61,    6, 0.000, 0.000, 0.340,  8
val,      519, 5.000160, 0.4032,  14.2729,   7.6722, 0.4845,  20.3759
train,    520, -6.371057,   13, 0.67,    5, 0.000, 0.000, 0.340,  8
train,    521, -22.085441,   14, 0.63,    3, 0.000, 0.000, 0.340,  8
train,    522, -26.892782,   14, 0.69,    5, 0.000, 0.000, 0.340,  8
train,    523, -20.104953,   12, 0.63,    4, 0.000, 0.000, 0.340,  8
train,    524, -35.180397,   14, 0.60,    5, 0.000, 0.000, 0.340,  8
train,    525, -25.009775,   13, 0.57,    5, 0.000, 0.000, 0.340,  8
train,    526, -21.791434,   13, 0.65,    3, 0.000, 0.000, 0.340,  8
train,    527, -27.035123,   12, 0.61,    4, 0.000, 0.000, 0.340,  8
train,    528, -23.296700,   12, 0.62,    4, 0.000, 0.000, 0.340,  8
train,    529, -21.603592,   13, 0.60,    4, 0.000, 0.000, 0.340,  8
val,      529, 16.243870, 0.4101,  14.6017,   7.4066, 0.4822,  20.4768
train,    530, -35.816146,   14, 0.64,    5, 0.000, 0.000, 0.340,  8
train,    531, -13.500744,   13, 0.53,    4, 0.000, 0.000, 0.340,  8
train,    532, -13.170020,   15, 0.62,    4, 0.000, 0.000, 0.340,  8
train,    533, -8.271239,   15, 0.61,    4, 0.000, 0.000, 0.340,  8
train,    534, -20.452494,   15, 0.64,    3, 0.000, 0.000, 0.340,  8
train,    535, -12.142562,   13, 0.63,    4, 0.000, 0.000, 0.340,  8
train,    536, -18.492068,   14, 0.63,    6, 0.000, 0.000, 0.340,  8
train,    537, -35.293011,   13, 0.59,    4, 0.000, 0.000, 0.340,  8
train,    538, -13.592517,   14, 0.57,    6, 0.000, 0.000, 0.340,  8
train,    539, -6.656837,   12, 0.62,    5, 0.000, 0.000, 0.340,  8
val,      539, 5.753668, 0.4867,  14.5197,   7.6520, 0.5480,  20.4555
train,    540, -7.586802,   15, 0.59,    4, 0.000, 0.000, 0.340,  8
update,   540,   15,  514, -12.021902, 0.000000
train,    541, 4.008905,   13, 0.62,    4, 0.000, 0.000, 0.340,  8
train,    542, -22.052821,   15, 0.65,    6, 0.000, 0.000, 0.340,  8
train,    543, -1.430138,   15, 0.53,    6, 0.000, 0.000, 0.340,  8
train,    544, -11.035841,   12, 0.64,    3, 0.000, 0.000, 0.340,  8
train,    545, 2.146844,   14, 0.54,    5, 0.000, 0.000, 0.340,  8
train,    546, -1.802305,   14, 0.61,    3, 0.000, 0.000, 0.340,  8
train,    547, -1.171533,   13, 0.57,    4, 0.000, 0.000, 0.340,  8
train,    548, 11.371459,   11, 0.51,    5, 0.000, 0.000, 0.340,  8
train,    549, -3.533795,   13, 0.55,    5, 0.000, 0.000, 0.340,  8
val,      549, 7.148966, 0.4879,  14.5654,   7.9115, 0.5335,  20.4746
train,    550, 2.203374,   13, 0.53,    6, 0.000, 0.000, 0.340,  8
train,    551, 5.838532,   13, 0.56,    5, 0.000, 0.000, 0.340,  8
train,    552, -5.188819,   12, 0.54,    4, 0.000, 0.000, 0.340,  8
train,    553, -2.002253,   13, 0.57,    4, 0.000, 0.000, 0.340,  8
train,    554, -7.628963,   14, 0.61,    4, 0.000, 0.000, 0.340,  8
train,    555, -4.781922,   13, 0.52,    5, 0.000, 0.000, 0.340,  8
train,    556, 5.494550,   13, 0.67,    4, 0.000, 0.000, 0.340,  8
train,    557, -8.263961,   14, 0.56,    4, 0.000, 0.000, 0.340,  8
train,    558, -4.205907,   13, 0.52,    4, 0.000, 0.000, 0.340,  8
train,    559, 7.348633,   12, 0.53,    6, 0.000, 0.000, 0.340,  8
val,      559, 4.437242, 0.4125,  14.0789,   7.6577, 0.5447,  20.5131
train,    560, 2.525433,   12, 0.57,    5, 0.000, 0.000, 0.340,  8
train,    561, -17.681529,   15, 0.66,    4, 0.000, 0.000, 0.340,  8
train,    562, -11.471158,   13, 0.56,    5, 0.000, 0.000, 0.340,  8
train,    563, -1.901371,   12, 0.53,    5, 0.000, 0.000, 0.340,  8
train,    564, -15.715717,   14, 0.61,    5, 0.000, 0.000, 0.340,  8
train,    565, -1.345788,   13, 0.61,    6, 0.000, 0.000, 0.340,  8
train,    566, 7.528651,   13, 0.58,    5, 0.000, 0.000, 0.340,  8
train,    567, -8.626515,   12, 0.58,    5, 0.000, 0.000, 0.340,  8
train,    568, -18.971461,   14, 0.60,    6, 0.000, 0.000, 0.340,  8
train,    569, -8.466872,   13, 0.60,    5, 0.000, 0.000, 0.340,  8
val,      569, 1.613864, 0.4760,  14.2316,   7.6290, 0.4761,  20.5324
train,    570, -5.366957,   13, 0.55,    7, 0.000, 0.000, 0.340,  8
train,    571, -10.983470,   14, 0.57,    7, 0.000, 0.000, 0.340,  8
train,    572, -4.785182,   15, 0.57,    6, 0.000, 0.000, 0.340,  8
train,    573, -21.078449,   12, 0.56,    5, 0.000, 0.000, 0.340,  8
train,    574, -9.818952,   13, 0.65,    7, 0.000, 0.000, 0.340,  8
train,    575, -29.858594,   14, 0.67,    5, 0.000, 0.000, 0.340,  8
train,    576, -6.338025,   15, 0.55,    6, 0.000, 0.000, 0.340,  8
update,   576,   16,  514, -2.871630, 0.000000
train,    577, 1.608708,   13, 0.61,    6, 0.000, 0.000, 0.340,  8
train,    578, -8.496888,   14, 0.56,    6, 0.000, 0.000, 0.340,  8
train,    579, -10.511479,   13, 0.61,    7, 0.000, 0.000, 0.340,  8
val,      579, 7.886685, 0.4413,  14.3341,   7.4654, 0.5011,  20.3069
train,    580, -16.680813,   14, 0.59,    6, 0.000, 0.000, 0.340,  8
train,    581, -11.503336,   15, 0.57,    6, 0.000, 0.000, 0.340,  8
train,    582, 4.192104,   14, 0.63,    5, 0.000, 0.000, 0.340,  8
train,    583, -14.562940,   11, 0.65,    7, 0.000, 0.000, 0.340,  8
train,    584, -7.672655,   13, 0.56,    6, 0.000, 0.000, 0.340,  8
train,    585, 4.001291,   14, 0.63,    5, 0.000, 0.000, 0.340,  8
train,    586, -9.054863,   13, 0.58,    8, 0.000, 0.000, 0.340,  8
train,    587, 6.479487,   13, 0.52,    8, 0.000, 0.000, 0.340,  8
train,    588, -9.876246,   14, 0.55,    8, 0.000, 0.000, 0.340,  8
train,    589, 9.547309,   15, 0.56,    7, 0.000, 0.000, 0.340,  8
val,      589, 10.995270, 0.5219,  14.4609,   7.7063, 0.4701,  20.4351
train,    590, -3.987430,   16, 0.57,    7, 0.000, 0.000, 0.340,  8
train,    591, 8.376148,   14, 0.54,    8, 0.000, 0.000, 0.340,  8
train,    592, 3.985429,   13, 0.63,    8, 0.000, 0.000, 0.340,  8
train,    593, 21.267052,   14, 0.59,    8, 0.000, 0.000, 0.340,  8
train,    594, 5.685839,   12, 0.69,    7, 0.000, 0.000, 0.340,  8
train,    595, 7.220644,   13, 0.63,    8, 0.000, 0.000, 0.340,  8
train,    596, 14.362434,   12, 0.56,    6, 0.000, 0.000, 0.340,  8
train,    597, 10.962766,   14, 0.61,    9, 0.000, 0.000, 0.340,  8
train,    598, 2.780472,   13, 0.62,    6, 0.000, 0.000, 0.340,  8
train,    599, 12.242711,   15, 0.61,    7, 0.000, 0.000, 0.340,  8
val,      599, 19.202467, 0.4255,  13.9090,   7.2955, 0.5058,  20.5252
train,    600, 9.162702,   13, 0.59,    8, 0.000, 0.000, 0.340,  8
train,    601, 22.436685,   14, 0.60,    7, 0.000, 0.000, 0.340,  8
train,    602, 15.833052,   13, 0.61,    8, 0.000, 0.000, 0.340,  8
train,    603, 28.429214,   15, 0.60,    7, 0.000, 0.000, 0.340,  8
train,    604, 15.366958,   11, 0.58,    8, 0.000, 0.000, 0.340,  8
train,    605, 16.508429,   14, 0.65,    8, 0.000, 0.000, 0.340,  8
train,    606, 14.413882,   14, 0.55,    7, 0.000, 0.000, 0.340,  8
train,    607, 3.204248,   13, 0.57,    6, 0.000, 0.000, 0.340,  8
train,    608, 14.581752,   12, 0.60,    8, 0.000, 0.000, 0.340,  8
train,    609, 10.864114,   14, 0.59,    8, 0.000, 0.000, 0.340,  8
val,      609, 18.680652, 0.4054,  14.5737,   7.6830, 0.5039,  20.4698
train,    610, 24.044731,   14, 0.59,    8, 0.000, 0.000, 0.340,  8
train,    611, -2.266791,   12, 0.54,    7, 0.000, 0.000, 0.340,  8
train,    612, 11.347535,   14, 0.59,    9, 0.000, 0.000, 0.340,  8
update,   612,   17,  514, 2.440736, 0.000000
train,    613, -1.067491,   13, 0.56,    8, 0.000, 0.000, 0.340,  8
train,    614, -5.998445,   13, 0.60,    7, 0.000, 0.000, 0.340,  8
train,    615, -1.799486,   15, 0.57,    6, 0.000, 0.000, 0.340,  8
train,    616, 4.939191,   13, 0.59,    9, 0.000, 0.000, 0.340,  8
train,    617, 2.684165,   13, 0.59,    8, 0.000, 0.000, 0.340,  8
train,    618, 8.180915,   13, 0.60,    6, 0.000, 0.000, 0.340,  8
train,    619, -7.319812,   13, 0.47,    8, 0.000, 0.000, 0.340,  8
val,      619, 13.396956, 0.4655,  14.5610,   7.2484, 0.5373,  20.5231
train,    620, -15.601004,   13, 0.52,    9, 0.000, 0.000, 0.340,  8
train,    621, 3.314921,   14, 0.56,    8, 0.000, 0.000, 0.340,  8
train,    622, 1.057702,   14, 0.71,    8, 0.000, 0.000, 0.340,  8
train,    623, -9.256234,   13, 0.62,    6, 0.000, 0.000, 0.340,  8
train,    624, -20.685208,   12, 0.49,    6, 0.000, 0.000, 0.340,  8
train,    625, -11.821894,   13, 0.56,    8, 0.000, 0.000, 0.340,  8
train,    626, 0.478497,   12, 0.55,   10, 0.000, 0.000, 0.340,  8
train,    627, -21.432229,   13, 0.56,    7, 0.000, 0.000, 0.340,  8
train,    628, -17.533798,   12, 0.64,    8, 0.000, 0.000, 0.340,  8
train,    629, -5.008072,   14, 0.52,    6, 0.000, 0.000, 0.340,  8
val,      629, 4.923001, 0.4187,  14.3418,   7.2755, 0.5080,  20.4776
train,    630, -10.261309,   14, 0.59,    7, 0.000, 0.000, 0.340,  8
train,    631, -3.633392,   14, 0.56,    8, 0.000, 0.000, 0.340,  8
train,    632, -15.155335,   15, 0.56,    8, 0.000, 0.000, 0.340,  8
train,    633, -4.824860,   15, 0.58,    7, 0.000, 0.000, 0.340,  8
train,    634, 8.565836,   14, 0.54,    7, 0.000, 0.000, 0.340,  8
train,    635, -1.253896,   14, 0.55,    8, 0.000, 0.000, 0.340,  8
train,    636, -9.422737,   14, 0.58,    8, 0.000, 0.000, 0.340,  8
train,    637, -2.088968,   14, 0.55,    8, 0.000, 0.000, 0.340,  8
train,    638, 3.386874,   15, 0.59,    7, 0.000, 0.000, 0.340,  8
train,    639, 8.571141,   14, 0.54,    7, 0.000, 0.000, 0.340,  8
val,      639, 8.401476, 0.4244,  14.0701,   7.1610, 0.4884,  20.5173
train,    640, -12.505600,   16, 0.52,    6, 0.000, 0.000, 0.340,  8
train,    641, 9.230660,   15, 0.60,    6, 0.000, 0.000, 0.340,  8
train,    642, -1.774275,   14, 0.45,    8, 0.000, 0.000, 0.340,  8
train,    643, 13.379038,   12, 0.59,    6, 0.000, 0.000, 0.340,  8
train,    644, 7.147514,   13, 0.57,    7, 0.000, 0.000, 0.340,  8
train,    645, 17.913346,   14, 0.60,    7, 0.000, 0.000, 0.340,  8
train,    646, 5.528102,   16, 0.52,    7, 0.000, 0.000, 0.340,  8
train,    647, -0.341992,   15, 0.50,    6, 0.000, 0.000, 0.340,  8
train,    648, 2.697046,   14, 0.54,    6, 0.000, 0.000, 0.340,  8
update,   648,   18,  516, 3.463027, 0.000000
train,    649, 9.350914,   14, 0.54,    6, 0.000, 0.000, 0.340,  8
val,      649, 11.330118, 0.4479,  14.3142,   7.5907, 0.5104,  20.5406
train,    650, 17.849239,   13, 0.54,    4, 0.000, 0.000, 0.340,  8
train,    651, 15.025839,   13, 0.50,    4, 0.000, 0.000, 0.340,  8
train,    652, 8.216754,   14, 0.51,    6, 0.000, 0.000, 0.340,  8
train,    653, 12.145553,   12, 0.61,    6, 0.000, 0.000, 0.340,  8
train,    654, 27.743431,   14, 0.54,    6, 0.000, 0.000, 0.340,  8
train,    655, 9.016167,   13, 0.64,    7, 0.000, 0.000, 0.340,  8
train,    656, -9.066912,   14, 0.56,    5, 0.000, 0.000, 0.340,  8
train,    657, -16.562260,   12, 0.63,    5, 0.000, 0.000, 0.340,  8
train,    658, 7.055046,   14, 0.55,    6, 0.000, 0.000, 0.340,  8
train,    659, -6.203920,   13, 0.55,    3, 0.000, 0.000, 0.340,  8
val,      659, 7.015222, 0.4219,  14.5425,   7.4980, 0.5218,  20.4567
train,    660, -2.502502,   15, 0.54,    5, 0.000, 0.000, 0.340,  8
train,    661, -4.329459,   14, 0.47,    5, 0.000, 0.000, 0.340,  8
train,    662, -2.862862,   14, 0.50,    5, 0.000, 0.000, 0.340,  8
train,    663, -14.414471,   13, 0.51,    5, 0.000, 0.000, 0.340,  8
train,    664, -20.354593,   13, 0.50,    5, 0.000, 0.000, 0.340,  8
train,    665, -16.110719,   15, 0.54,    4, 0.000, 0.000, 0.340,  8
train,    666, -19.901516,   11, 0.62,    6, 0.000, 0.000, 0.340,  8
train,    667, -1.055997,   16, 0.61,    4, 0.000, 0.000, 0.340,  8
train,    668, -8.363643,   14, 0.56,    4, 0.000, 0.000, 0.340,  8
train,    669, -13.580101,   15, 0.54,    4, 0.000, 0.000, 0.340,  8
val,      669, 5.354148, 0.3979,  14.4457,   7.5488, 0.5560,  20.4109
train,    670, -19.953936,   15, 0.61,    5, 0.000, 0.000, 0.340,  8
train,    671, -15.535502,   14, 0.62,    6, 0.000, 0.000, 0.340,  8
train,    672, -31.246571,   14, 0.58,    5, 0.000, 0.000, 0.340,  8
train,    673, -29.065086,   14, 0.53,    2, 0.000, 0.000, 0.340,  8
train,    674, -25.022797,   13, 0.52,    5, 0.000, 0.000, 0.340,  8
train,    675, -16.105086,   14, 0.59,    4, 0.000, 0.000, 0.340,  8
train,    676, -10.911837,   16, 0.50,    6, 0.000, 0.000, 0.340,  8
train,    677, -10.827567,   15, 0.62,    4, 0.000, 0.000, 0.340,  8
train,    678, -19.742306,   12, 0.63,    4, 0.000, 0.000, 0.340,  8
train,    679, -14.162142,   13, 0.57,    5, 0.000, 0.000, 0.340,  8
val,      679, 10.272000, 0.3843,  14.6228,   7.3058, 0.5221,  20.5539
train,    680, -23.363359,   15, 0.61,    5, 0.000, 0.000, 0.340,  8
train,    681, -11.201267,   15, 0.56,    4, 0.000, 0.000, 0.340,  8
train,    682, -20.659508,   14, 0.51,    5, 0.000, 0.000, 0.340,  8
train,    683, 12.001620,   13, 0.63,    3, 0.000, 0.000, 0.340,  8
train,    684, -6.273189,   14, 0.53,    5, 0.000, 0.000, 0.340,  8
update,   684,   19,  509, 4.982929, 0.000000
train,    685, 1.677635,   12, 0.58,    5, 0.000, 0.000, 0.340,  8
train,    686, 14.591406,   14, 0.60,    4, 0.000, 0.000, 0.340,  8
train,    687, -2.568606,   14, 0.53,    2, 0.000, 0.000, 0.340,  8
train,    688, 12.595028,   14, 0.55,    6, 0.000, 0.000, 0.340,  8
train,    689, 14.164592,   15, 0.65,    3, 0.000, 0.000, 0.340,  8
val,      689, 18.982996, 0.4796,  14.1799,   7.4390, 0.5510,  20.4608
train,    690, 7.481119,   12, 0.53,    5, 0.000, 0.000, 0.340,  8
train,    691, 13.196375,   13, 0.54,    4, 0.000, 0.000, 0.340,  8
train,    692, 14.867365,   15, 0.53,    6, 0.000, 0.000, 0.340,  8
train,    693, 14.794400,   15, 0.60,    5, 0.000, 0.000, 0.340,  8
train,    694, 11.403286,   13, 0.50,    3, 0.000, 0.000, 0.340,  8
train,    695, 19.570245,   16, 0.55,    5, 0.000, 0.000, 0.340,  8
train,    696, 16.358557,   13, 0.62,    3, 0.000, 0.000, 0.340,  8
train,    697, 13.334422,   14, 0.54,    6, 0.000, 0.000, 0.340,  8
train,    698, 23.402974,   14, 0.55,    5, 0.000, 0.000, 0.340,  8
train,    699, 15.529724,   13, 0.57,    3, 0.000, 0.000, 0.340,  8
val,      699, 13.969977, 0.4262,  14.4246,   7.5194, 0.4490,  20.5320
train,    700, -1.302250,   16, 0.48,    5, 0.000, 0.000, 0.340,  8
train,    701, 21.591327,   12, 0.54,    5, 0.000, 0.000, 0.340,  8
train,    702, 28.690403,   13, 0.51,    5, 0.000, 0.000, 0.340,  8
train,    703, 22.039814,   13, 0.62,    6, 0.000, 0.000, 0.340,  8
train,    704, 8.593957,   14, 0.52,    4, 0.000, 0.000, 0.340,  8
train,    705, 10.069331,   14, 0.57,    4, 0.000, 0.000, 0.340,  8
train,    706, 26.276453,   14, 0.60,    4, 0.000, 0.000, 0.340,  8
train,    707, -2.575498,   13, 0.59,    7, 0.000, 0.000, 0.340,  8
train,    708, 19.791950,   14, 0.44,    5, 0.000, 0.000, 0.340,  8
train,    709, 6.118715,   14, 0.58,    5, 0.000, 0.000, 0.340,  8
val,      709, 15.655469, 0.4239,  14.3870,   7.5755, 0.5418,  20.6982
train,    710, 18.218195,   14, 0.49,    7, 0.000, 0.000, 0.340,  8
train,    711, 3.013286,   12, 0.54,    5, 0.000, 0.000, 0.340,  8
train,    712, 9.489506,   16, 0.51,    4, 0.000, 0.000, 0.340,  8
train,    713, -4.380656,   11, 0.62,    4, 0.000, 0.000, 0.340,  8
train,    714, 12.244346,   13, 0.48,    5, 0.000, 0.000, 0.340,  8
train,    715, 7.706550,   14, 0.57,    5, 0.000, 0.000, 0.340,  8
train,    716, 4.977545,   14, 0.51,    6, 0.000, 0.000, 0.340,  8
train,    717, -1.718533,   15, 0.48,    5, 0.000, 0.000, 0.340,  8
train,    718, -13.229502,   12, 0.55,    7, 0.000, 0.000, 0.340,  8
train,    719, -5.191786,   15, 0.55,    7, 0.000, 0.000, 0.340,  8
val,      719, 14.674534, 0.4162,  14.9066,   7.6366, 0.5198,  20.4722
train,    720, 4.940420,   15, 0.60,    6, 0.000, 0.000, 0.340,  8
update,   720,   20,  518, 7.040672, 0.000000
train,    721, -2.876318,   14, 0.56,    7, 0.000, 0.000, 0.340,  8
train,    722, -10.830718,   16, 0.50,    5, 0.000, 0.000, 0.340,  8
train,    723, -9.264370,   15, 0.49,    6, 0.000, 0.000, 0.340,  8
train,    724, 1.279073,   13, 0.44,    7, 0.000, 0.000, 0.340,  8
train,    725, 0.078448,   13, 0.67,    7, 0.000, 0.000, 0.340,  8
train,    726, 3.448699,   15, 0.61,    7, 0.000, 0.000, 0.340,  8
train,    727, 1.164569,   13, 0.47,    6, 0.000, 0.000, 0.340,  8
train,    728, -4.568377,   14, 0.56,    6, 0.000, 0.000, 0.340,  8
train,    729, 6.080152,   15, 0.58,    8, 0.000, 0.000, 0.340,  8
val,      729, 12.322965, 0.4079,  14.7307,   7.4629, 0.6020,  20.4675
train,    730, -6.088253,   14, 0.53,    6, 0.000, 0.000, 0.340,  8
train,    731, 1.490581,   13, 0.55,    7, 0.000, 0.000, 0.340,  8
train,    732, 16.631384,   14, 0.53,    7, 0.000, 0.000, 0.340,  8
train,    733, -5.491991,   15, 0.57,    7, 0.000, 0.000, 0.340,  8
train,    734, 16.385618,   15, 0.55,    6, 0.000, 0.000, 0.340,  8
train,    735, 13.850146,   15, 0.58,    7, 0.000, 0.000, 0.340,  8
train,    736, 17.941595,   14, 0.53,    8, 0.000, 0.000, 0.340,  8
train,    737, 18.041884,   14, 0.60,    6, 0.000, 0.000, 0.340,  8
train,    738, 15.418595,   15, 0.47,    7, 0.000, 0.000, 0.340,  8
train,    739, 22.674467,   14, 0.53,    7, 0.000, 0.000, 0.340,  8
val,      739, 13.383949, 0.4548,  15.3055,   7.7200, 0.5767,  20.4414
train,    740, 28.627306,   14, 0.51,    6, 0.000, 0.000, 0.340,  8
train,    741, 42.340393,   13, 0.58,    8, 0.000, 0.000, 0.340,  8
train,    742, 11.023817,   14, 0.44,    6, 0.000, 0.000, 0.340,  8
train,    743, 16.430275,   14, 0.61,    7, 0.000, 0.000, 0.340,  8
train,    744, 18.264190,   17, 0.53,    8, 0.000, 0.000, 0.340,  8
train,    745, 13.230998,   16, 0.50,    7, 0.000, 0.000, 0.340,  8
train,    746, 11.632606,   15, 0.55,    8, 0.000, 0.000, 0.340,  8
train,    747, 27.131138,   13, 0.47,    7, 0.000, 0.000, 0.340,  8
train,    748, 7.796674,   15, 0.52,    7, 0.000, 0.000, 0.340,  8
train,    749, 7.162742,   14, 0.56,    8, 0.000, 0.000, 0.340,  8
val,      749, 10.727963, 0.4696,  14.3214,   7.6537, 0.5095,  20.4816
train,    750, 11.338655,   13, 0.55,    7, 0.000, 0.000, 0.340,  8
train,    751, -2.191410,   14, 0.57,    8, 0.000, 0.000, 0.340,  8
train,    752, 23.757135,   14, 0.53,    8, 0.000, 0.000, 0.340,  8
train,    753, 12.791369,   14, 0.60,    9, 0.000, 0.000, 0.340,  8
train,    754, -0.124847,   14, 0.50,    7, 0.000, 0.000, 0.340,  8
train,    755, 13.569464,   14, 0.55,    7, 0.000, 0.000, 0.340,  8
train,    756, 12.956243,   15, 0.53,   10, 0.000, 0.000, 0.340,  8
update,   756,   21,  523, 6.535254, 0.000000
train,    757, 16.902152,   14, 0.51,    8, 0.000, 0.000, 0.340,  8
train,    758, 18.190362,   13, 0.54,    9, 0.000, 0.000, 0.340,  8
train,    759, 11.005977,   15, 0.52,    8, 0.000, 0.000, 0.340,  8
val,      759, 12.259536, 0.3945,  14.6050,   7.5288, 0.6089,  20.5129
train,    760, -5.548805,   14, 0.57,    8, 0.000, 0.000, 0.340,  8
train,    761, -2.160724,   14, 0.52,    8, 0.000, 0.000, 0.340,  8
train,    762, 0.916630,   13, 0.54,    9, 0.000, 0.000, 0.340,  8
train,    763, -16.388627,   14, 0.58,    7, 0.000, 0.000, 0.340,  8
train,    764, -8.248672,   14, 0.48,    6, 0.000, 0.000, 0.340,  8
train,    765, -4.962692,   14, 0.52,    8, 0.000, 0.000, 0.340,  8
train,    766, 8.063390,   13, 0.53,    8, 0.000, 0.000, 0.340,  8
train,    767, -6.673989,   13, 0.46,    7, 0.000, 0.000, 0.340,  8
train,    768, -12.184305,   14, 0.59,    8, 0.000, 0.000, 0.340,  8
train,    769, -6.832750,   15, 0.49,    7, 0.000, 0.000, 0.340,  8
val,      769, 14.630214, 0.4071,  14.4081,   7.2184, 0.5532,  20.4631
train,    770, -15.726651,   15, 0.49,    9, 0.000, 0.000, 0.340,  8
train,    771, -9.886336,   15, 0.54,    7, 0.000, 0.000, 0.340,  8
train,    772, -3.816046,   14, 0.52,    8, 0.000, 0.000, 0.340,  8
train,    773, 4.007293,   15, 0.45,    7, 0.000, 0.000, 0.340,  8
train,    774, -15.960359,   13, 0.51,    5, 0.000, 0.000, 0.340,  8
train,    775, 3.454525,   16, 0.55,    7, 0.000, 0.000, 0.340,  8
train,    776, -12.923740,   14, 0.52,    9, 0.000, 0.000, 0.340,  8
train,    777, -13.941127,   14, 0.62,    6, 0.000, 0.000, 0.340,  8
train,    778, 7.450234,   13, 0.55,    7, 0.000, 0.000, 0.340,  8
train,    779, -0.761014,   15, 0.51,    6, 0.000, 0.000, 0.340,  8
val,      779, 15.574941, 0.3337,  14.8890,   7.3550, 0.5786,  20.5724
train,    780, -3.124814,   13, 0.52,    6, 0.000, 0.000, 0.340,  8
train,    781, 3.444530,   15, 0.54,    7, 0.000, 0.000, 0.340,  8
train,    782, -8.711851,   14, 0.46,    7, 0.000, 0.000, 0.340,  8
train,    783, -8.855252,   13, 0.64,    4, 0.000, 0.000, 0.340,  8
train,    784, 11.189603,   13, 0.54,    6, 0.000, 0.000, 0.340,  8
train,    785, 8.925262,   15, 0.54,    6, 0.000, 0.000, 0.340,  8
train,    786, 10.364459,   15, 0.51,    7, 0.000, 0.000, 0.340,  8
train,    787, 18.574748,   14, 0.52,    8, 0.000, 0.000, 0.340,  8
train,    788, 0.038930,   15, 0.51,    5, 0.000, 0.000, 0.340,  8
train,    789, 27.469979,   14, 0.48,    7, 0.000, 0.000, 0.340,  8
val,      789, 18.397606, 0.4258,  14.4437,   7.3272, 0.5604,  20.4612
train,    790, 11.217161,   14, 0.51,    7, 0.000, 0.000, 0.340,  8
train,    791, 8.148813,   15, 0.52,    4, 0.000, 0.000, 0.340,  8
train,    792, 24.536327,   14, 0.59,    5, 0.000, 0.000, 0.340,  8
update,   792,   22,  510, 7.640290, 0.000000
train,    793, 5.702993,   14, 0.53,    5, 0.000, 0.000, 0.340,  8
train,    794, 11.132252,   14, 0.54,    6, 0.000, 0.000, 0.340,  8
train,    795, 18.188229,   13, 0.44,    6, 0.000, 0.000, 0.340,  8
train,    796, 20.356053,   14, 0.48,    7, 0.000, 0.000, 0.340,  8
train,    797, 20.523077,   14, 0.45,    7, 0.000, 0.000, 0.340,  8
train,    798, 11.910067,   15, 0.58,    6, 0.000, 0.000, 0.340,  8
train,    799, 33.591300,   15, 0.46,    6, 0.000, 0.000, 0.340,  8
val,      799, 20.619653, 0.4427,  14.6931,   7.3743, 0.5272,  20.5276
train,    800, 23.672842,   14, 0.48,    6, 0.000, 0.000, 0.340,  8
train,    801, 4.753093,   14, 0.53,    6, 0.000, 0.000, 0.340,  8
train,    802, 17.571052,   14, 0.48,    6, 0.000, 0.000, 0.340,  8
train,    803, 15.545989,   15, 0.49,    4, 0.000, 0.000, 0.340,  8
train,    804, 3.604619,   13, 0.57,    6, 0.000, 0.000, 0.340,  8
train,    805, 16.303172,   16, 0.53,    6, 0.000, 0.000, 0.340,  8
train,    806, 25.114618,   14, 0.50,    4, 0.000, 0.000, 0.340,  8
train,    807, -3.556975,   15, 0.57,    5, 0.000, 0.000, 0.340,  8
train,    808, 13.432378,   14, 0.49,    6, 0.000, 0.000, 0.340,  8
train,    809, -3.932531,   14, 0.57,    4, 0.000, 0.000, 0.340,  8
val,      809, 23.852622, 0.3714,  14.2162,   7.4553, 0.6288,  20.4979
train,    810, 13.267129,   15, 0.49,    4, 0.000, 0.000, 0.340,  8
train,    811, 6.416536,   15, 0.51,    4, 0.000, 0.000, 0.340,  8
train,    812, 11.126370,   15, 0.53,    5, 0.000, 0.000, 0.340,  8
train,    813, -8.260027,   13, 0.56,    3, 0.000, 0.000, 0.340,  8
train,    814, -0.068582,   15, 0.56,    6, 0.000, 0.000, 0.340,  8
train,    815, -10.627323,   15, 0.47,    5, 0.000, 0.000, 0.340,  8
train,    816, 19.222380,   15, 0.50,    4, 0.000, 0.000, 0.340,  8
train,    817, 9.678160,   14, 0.54,    5, 0.000, 0.000, 0.340,  8
train,    818, -0.157908,   14, 0.54,    4, 0.000, 0.000, 0.340,  8
train,    819, 3.331721,   13, 0.49,    5, 0.000, 0.000, 0.340,  8
val,      819, 19.186748, 0.3814,  14.4700,   7.2836, 0.5474,  20.4836
train,    820, 5.755219,   14, 0.46,    4, 0.000, 0.000, 0.340,  8
train,    821, -3.002002,   12, 0.46,    5, 0.000, 0.000, 0.340,  8
train,    822, 21.540334,   13, 0.48,    3, 0.000, 0.000, 0.340,  8
train,    823, -13.303934,   13, 0.48,    4, 0.000, 0.000, 0.340,  8
train,    824, 3.325679,   14, 0.54,    4, 0.000, 0.000, 0.340,  8
train,    825, 1.011117,   15, 0.51,    3, 0.000, 0.000, 0.340,  8
train,    826, 12.430961,   13, 0.49,    5, 0.000, 0.000, 0.340,  8
train,    827, -5.332158,   14, 0.48,    5, 0.000, 0.000, 0.340,  8
train,    828, 8.619644,   15, 0.47,    3, 0.000, 0.000, 0.340,  8
update,   828,   23,  515, 12.899776, 0.000000
train,    829, 18.567870,   15, 0.52,    4, 0.000, 0.000, 0.340,  8
val,      829, 16.035763, 0.3526,  15.0511,   7.5090, 0.5347,  20.5220
train,    830, 12.120757,   14, 0.53,    4, 0.000, 0.000, 0.340,  8
train,    831, 17.550103,   14, 0.54,    4, 0.000, 0.000, 0.340,  8
train,    832, 11.138499,   13, 0.52,    3, 0.000, 0.000, 0.340,  8
train,    833, 6.146744,   13, 0.45,    5, 0.000, 0.000, 0.340,  8
train,    834, 27.526475,   15, 0.48,    3, 0.000, 0.000, 0.340,  8
train,    835, 21.279547,   14, 0.58,    4, 0.000, 0.000, 0.340,  8
train,    836, 18.455674,   13, 0.55,    4, 0.000, 0.000, 0.340,  8
train,    837, 24.076493,   14, 0.48,    5, 0.000, 0.000, 0.340,  8
train,    838, 22.969690,   15, 0.53,    3, 0.000, 0.000, 0.340,  8
train,    839, 13.879915,   12, 0.61,    3, 0.000, 0.000, 0.340,  8
val,      839, 16.187560, 0.3884,  14.9601,   7.5282, 0.5922,  20.5859
train,    840, 15.009690,   16, 0.43,    4, 0.000, 0.000, 0.340,  8
train,    841, 25.173762,   16, 0.40,    4, 0.000, 0.000, 0.340,  8
train,    842, 23.710868,   13, 0.48,    3, 0.000, 0.000, 0.340,  8
train,    843, 19.586174,   16, 0.50,    4, 0.000, 0.000, 0.340,  8
train,    844, 21.278819,   16, 0.55,    5, 0.000, 0.000, 0.340,  8
train,    845, 30.377326,   15, 0.51,    3, 0.000, 0.000, 0.340,  8
train,    846, 26.400877,   15, 0.53,    3, 0.000, 0.000, 0.340,  8
train,    847, 25.326026,   17, 0.56,    4, 0.000, 0.000, 0.340,  8
train,    848, 14.390936,   14, 0.50,    5, 0.000, 0.000, 0.340,  8
train,    849, 23.478286,   15, 0.46,    5, 0.000, 0.000, 0.340,  8
val,      849, 15.715899, 0.3862,  14.9758,   7.6969, 0.6122,  20.5428
train,    850, 20.191614,   14, 0.53,    6, 0.000, 0.000, 0.340,  8
train,    851, 31.474459,   15, 0.46,    4, 0.000, 0.000, 0.340,  8
train,    852, 6.279166,   14, 0.44,    4, 0.000, 0.000, 0.340,  8
train,    853, 16.431534,   15, 0.49,    5, 0.000, 0.000, 0.340,  8
train,    854, 19.590296,   14, 0.51,    6, 0.000, 0.000, 0.340,  8
train,    855, 15.344721,   15, 0.52,    7, 0.000, 0.000, 0.340,  8
train,    856, 9.434894,   14, 0.44,    6, 0.000, 0.000, 0.340,  8
train,    857, 14.423780,   15, 0.49,    5, 0.000, 0.000, 0.340,  8
train,    858, 17.512114,   15, 0.49,    5, 0.000, 0.000, 0.340,  8
train,    859, 4.117024,   14, 0.49,    6, 0.000, 0.000, 0.340,  8
val,      859, 17.182812, 0.3633,  14.7103,   7.2172, 0.5525,  20.5496
train,    860, 12.755790,   14, 0.57,    7, 0.000, 0.000, 0.340,  8
train,    861, 0.425989,   14, 0.43,    5, 0.000, 0.000, 0.340,  8
train,    862, 2.714630,   14, 0.50,    5, 0.000, 0.000, 0.340,  8
train,    863, -15.373517,   13, 0.53,    7, 0.000, 0.000, 0.340,  8
train,    864, 8.437527,   13, 0.51,    6, 0.000, 0.000, 0.340,  8
update,   864,   24,  515, 11.925641, 0.000000
train,    865, -3.385133,   14, 0.53,    5, 0.000, 0.000, 0.340,  8
train,    866, 3.922724,   14, 0.47,    5, 0.000, 0.000, 0.340,  8
train,    867, -8.025892,   15, 0.48,    5, 0.000, 0.000, 0.340,  8
train,    868, -11.707753,   15, 0.62,    6, 0.000, 0.000, 0.340,  8
train,    869, 11.554595,   15, 0.53,    7, 0.000, 0.000, 0.340,  8
val,      869, 18.453861, 0.3943,  14.1828,   7.5408, 0.5783,  20.6358
train,    870, 1.113818,   13, 0.46,    7, 0.000, 0.000, 0.340,  8
train,    871, 1.129428,   13, 0.50,    7, 0.000, 0.000, 0.340,  8
train,    872, -12.863365,   15, 0.51,    7, 0.000, 0.000, 0.340,  8
train,    873, 5.722937,   15, 0.54,    7, 0.000, 0.000, 0.340,  8
train,    874, -0.162539,   16, 0.53,    7, 0.000, 0.000, 0.340,  8
train,    875, -4.863693,   15, 0.49,    7, 0.000, 0.000, 0.340,  8
train,    876, -2.261717,   16, 0.49,    8, 0.000, 0.000, 0.340,  8
train,    877, 0.169860,   14, 0.52,    7, 0.000, 0.000, 0.340,  8
train,    878, 2.711707,   16, 0.49,    6, 0.000, 0.000, 0.340,  8
train,    879, 19.665159,   14, 0.45,    7, 0.000, 0.000, 0.340,  8
val,      879, 20.070215, 0.3968,  14.6127,   7.4750, 0.6094,  20.6190
train,    880, 21.448559,   15, 0.54,    7, 0.000, 0.000, 0.340,  8
train,    881, 3.014299,   15, 0.41,    6, 0.000, 0.000, 0.340,  8
train,    882, 1.262982,   15, 0.53,    7, 0.000, 0.000, 0.340,  8
train,    883, 15.556991,   14, 0.44,    7, 0.000, 0.000, 0.340,  8
train,    884, 24.310463,   14, 0.42,    6, 0.000, 0.000, 0.340,  8
train,    885, 18.453376,   15, 0.51,    7, 0.000, 0.000, 0.340,  8
train,    886, 23.668086,   15, 0.52,    8, 0.000, 0.000, 0.340,  8
train,    887, 15.674719,   15, 0.43,    8, 0.000, 0.000, 0.340,  8
train,    888, 10.900103,   14, 0.50,    8, 0.000, 0.000, 0.340,  8
train,    889, 9.790227,   14, 0.47,    9, 0.000, 0.000, 0.340,  8
val,      889, 19.569676, 0.4024,  15.1855,   7.5318, 0.5743,  20.5631
train,    890, 23.279110,   15, 0.50,    7, 0.000, 0.000, 0.340,  8
train,    891, 16.614049,   16, 0.51,    6, 0.000, 0.000, 0.340,  8
train,    892, 23.636640,   14, 0.46,    6, 0.000, 0.000, 0.340,  8
train,    893, 16.625335,   15, 0.50,    9, 0.000, 0.000, 0.340,  8
train,    894, 14.330851,   15, 0.38,    9, 0.000, 0.000, 0.340,  8
train,    895, 15.542829,   16, 0.53,    8, 0.000, 0.000, 0.340,  8
train,    896, 3.632345,   14, 0.49,    9, 0.000, 0.000, 0.340,  8
train,    897, 28.162612,   15, 0.50,    8, 0.000, 0.000, 0.340,  8
train,    898, 23.715305,   14, 0.48,    8, 0.000, 0.000, 0.340,  8
train,    899, 17.366885,   14, 0.49,    9, 0.000, 0.000, 0.340,  8
val,      899, 25.504079, 0.3881,  14.6358,   7.3664, 0.5668,  20.5556
train,    900, 18.570158,   15, 0.53,    9, 0.000, 0.000, 0.340,  8
update,   900,   25,  516, 19.193695, 0.000000
train,    901, 12.430418,   15, 0.51,    6, 0.000, 0.000, 0.340,  8
train,    902, 10.126921,   16, 0.51,    8, 0.000, 0.000, 0.340,  8
train,    903, 2.463227,   14, 0.44,    8, 0.000, 0.000, 0.340,  8
train,    904, 5.030426,   14, 0.47,    7, 0.000, 0.000, 0.340,  8
train,    905, 18.268911,   16, 0.56,    8, 0.000, 0.000, 0.340,  8
train,    906, -2.814997,   15, 0.51,    8, 0.000, 0.000, 0.340,  8
train,    907, 8.389229,   14, 0.51,    7, 0.000, 0.000, 0.340,  8
train,    908, 4.866944,   15, 0.46,    7, 0.000, 0.000, 0.340,  8
train,    909, 3.837361,   13, 0.50,    7, 0.000, 0.000, 0.340,  8
val,      909, 17.157431, 0.3559,  14.8729,   7.3880, 0.6218,  20.5310
train,    910, 8.670610,   16, 0.47,    9, 0.000, 0.000, 0.340,  8
train,    911, 1.335354,   14, 0.57,    9, 0.000, 0.000, 0.340,  8
train,    912, -15.756556,   15, 0.49,    7, 0.000, 0.000, 0.340,  8
train,    913, -13.129123,   16, 0.49,   10, 0.000, 0.000, 0.340,  8
train,    914, -8.184414,   13, 0.56,    8, 0.000, 0.000, 0.340,  8
train,    915, 6.119619,   14, 0.47,    8, 0.000, 0.000, 0.340,  8
train,    916, 2.020557,   14, 0.49,   10, 0.000, 0.000, 0.340,  8
train,    917, 13.249403,   15, 0.50,    6, 0.000, 0.000, 0.340,  8
train,    918, -11.882827,   15, 0.55,    7, 0.000, 0.000, 0.340,  8
train,    919, -9.208774,   14, 0.47,    8, 0.000, 0.000, 0.340,  8
val,      919, 15.865267, 0.3563,  15.1239,   7.3934, 0.6030,  20.5363
train,    920, -21.883239,   15, 0.40,    7, 0.000, 0.000, 0.340,  8
train,    921, 2.909996,   12, 0.50,    6, 0.000, 0.000, 0.340,  8
train,    922, 2.532211,   14, 0.58,    7, 0.000, 0.000, 0.340,  8
train,    923, 14.888845,   16, 0.45,    8, 0.000, 0.000, 0.340,  8
train,    924, 12.336541,   15, 0.45,    7, 0.000, 0.000, 0.340,  8
train,    925, -4.390905,   13, 0.47,    7, 0.000, 0.000, 0.340,  8
train,    926, 2.618178,   13, 0.50,    7, 0.000, 0.000, 0.340,  8
train,    927, 19.004116,   14, 0.50,    7, 0.000, 0.000, 0.340,  8
train,    928, 6.076134,   15, 0.55,    6, 0.000, 0.000, 0.340,  8
train,    929, 24.146731,   13, 0.41,    7, 0.000, 0.000, 0.340,  8
val,      929, 16.061912, 0.3916,  15.1455,   7.6245, 0.5731,  20.5590
train,    930, 19.878830,   15, 0.51,    7, 0.000, 0.000, 0.340,  8
train,    931, 12.860955,   15, 0.48,    8, 0.000, 0.000, 0.340,  8
train,    932, 15.906451,   16, 0.47,    5, 0.000, 0.000, 0.340,  8
train,    933, 9.586414,   14, 0.40,    5, 0.000, 0.000, 0.340,  8
train,    934, 9.649799,   14, 0.43,    6, 0.000, 0.000, 0.340,  8
train,    935, 25.052389,   13, 0.47,    7, 0.000, 0.000, 0.340,  8
train,    936, 19.444900,   15, 0.42,    6, 0.000, 0.000, 0.340,  8
update,   936,   26,  512, 7.052684, 0.000000
train,    937, 38.982760,   14, 0.44,    6, 0.000, 0.000, 0.340,  8
train,    938, 26.271195,   15, 0.56,    5, 0.000, 0.000, 0.340,  8
train,    939, 29.979469,   16, 0.48,    5, 0.000, 0.000, 0.340,  8
val,      939, 13.748662, 0.3571,  14.3716,   7.3263, 0.5871,  20.5564
train,    940, 21.551946,   16, 0.48,    6, 0.000, 0.000, 0.340,  8
train,    941, 31.777025,   15, 0.48,    6, 0.000, 0.000, 0.340,  8
train,    942, 23.171166,   14, 0.41,    5, 0.000, 0.000, 0.340,  8
train,    943, 20.894800,   16, 0.48,    5, 0.000, 0.000, 0.340,  8
train,    944, 25.270346,   15, 0.43,    6, 0.000, 0.000, 0.340,  8
train,    945, 36.165839,   16, 0.46,    5, 0.000, 0.000, 0.340,  8
train,    946, 35.072584,   16, 0.50,    6, 0.000, 0.000, 0.340,  8
train,    947, 31.061912,   14, 0.48,    7, 0.000, 0.000, 0.340,  8
train,    948, 21.585508,   14, 0.53,    4, 0.000, 0.000, 0.340,  8
train,    949, 30.289337,   14, 0.46,    6, 0.000, 0.000, 0.340,  8
val,      949, 14.580473, 0.4153,  15.5036,   7.5957, 0.5957,  20.5609
train,    950, 39.092537,   15, 0.47,    4, 0.000, 0.000, 0.340,  8
train,    951, 16.878857,   14, 0.46,    4, 0.000, 0.000, 0.340,  8
train,    952, 30.133686,   16, 0.45,    3, 0.000, 0.000, 0.340,  8
train,    953, 23.046801,   14, 0.44,    4, 0.000, 0.000, 0.340,  8
train,    954, 20.712361,   14, 0.51,    6, 0.000, 0.000, 0.340,  8
train,    955, 12.508954,   15, 0.46,    4, 0.000, 0.000, 0.340,  8
train,    956, 11.937779,   16, 0.51,    3, 0.000, 0.000, 0.340,  8
train,    957, 23.079842,   14, 0.43,    6, 0.000, 0.000, 0.340,  8
train,    958, 9.835287,   14, 0.50,    6, 0.000, 0.000, 0.340,  8
train,    959, 11.815879,   14, 0.49,    5, 0.000, 0.000, 0.340,  8
val,      959, 15.238117, 0.4657,  14.5195,   7.5765, 0.6310,  20.5571
train,    960, 3.154085,   13, 0.48,    5, 0.000, 0.000, 0.340,  8
train,    961, 8.791768,   15, 0.46,    5, 0.000, 0.000, 0.340,  8
train,    962, -4.224360,   15, 0.54,    5, 0.000, 0.000, 0.340,  8
train,    963, 14.393485,   14, 0.45,    4, 0.000, 0.000, 0.340,  8
train,    964, 19.272612,   14, 0.41,    5, 0.000, 0.000, 0.340,  8
train,    965, 6.623788,   15, 0.48,    3, 0.000, 0.000, 0.340,  8
train,    966, 19.026055,   16, 0.40,    4, 0.000, 0.000, 0.340,  8
train,    967, 6.957440,   13, 0.48,    5, 0.000, 0.000, 0.340,  8
train,    968, 14.665684,   14, 0.49,    4, 0.000, 0.000, 0.340,  8
train,    969, 6.563420,   15, 0.56,    5, 0.000, 0.000, 0.340,  8
val,      969, 14.730204, 0.3015,  14.4375,   7.2986, 0.6208,  20.4955
train,    970, 13.512692,   15, 0.48,    5, 0.000, 0.000, 0.340,  8
train,    971, 4.241916,   15, 0.43,    5, 0.000, 0.000, 0.340,  8
train,    972, 16.134348,   14, 0.53,    5, 0.000, 0.000, 0.340,  8
update,   972,   27,  517, 16.424638, 0.000000
train,    973, 3.706180,   15, 0.47,    4, 0.000, 0.000, 0.340,  8
train,    974, 23.767648,   16, 0.49,    3, 0.000, 0.000, 0.340,  8
train,    975, 5.677735,   14, 0.50,    4, 0.000, 0.000, 0.340,  8
train,    976, 23.408638,   14, 0.51,    5, 0.000, 0.000, 0.340,  8
train,    977, 0.493717,   14, 0.47,    4, 0.000, 0.000, 0.340,  8
train,    978, 17.976340,   14, 0.51,    6, 0.000, 0.000, 0.340,  8
train,    979, 12.758872,   14, 0.45,    4, 0.000, 0.000, 0.340,  8
val,      979, 22.290506, 0.3966,  14.9262,   7.3382, 0.6149,  20.5325
train,    980, 13.224310,   16, 0.47,    5, 0.000, 0.000, 0.340,  8
train,    981, 27.356202,   14, 0.41,    4, 0.000, 0.000, 0.340,  8
train,    982, 23.041767,   13, 0.44,    6, 0.000, 0.000, 0.340,  8
train,    983, 27.595360,   15, 0.48,    4, 0.000, 0.000, 0.340,  8
train,    984, 25.655626,   15, 0.50,    3, 0.000, 0.000, 0.340,  8
train,    985, 16.584119,   15, 0.44,    5, 0.000, 0.000, 0.340,  8
train,    986, 11.579366,   16, 0.38,    4, 0.000, 0.000, 0.340,  8
train,    987, 28.711159,   16, 0.44,    4, 0.000, 0.000, 0.340,  8
train,    988, 16.421035,   15, 0.49,    5, 0.000, 0.000, 0.340,  8
train,    989, 28.790547,   16, 0.46,    5, 0.000, 0.000, 0.340,  8
val,      989, 20.757921, 0.3457,  14.7458,   7.3465, 0.6015,  20.6230
train,    990, 31.483524,   15, 0.39,    6, 0.000, 0.000, 0.340,  8
train,    991, 37.564858,   15, 0.51,    5, 0.000, 0.000, 0.340,  8
train,    992, 23.894292,   14, 0.49,    5, 0.000, 0.000, 0.340,  8
train,    993, 21.079604,   15, 0.42,    4, 0.000, 0.000, 0.340,  8
train,    994, 14.909209,   15, 0.50,    6, 0.000, 0.000, 0.340,  8
train,    995, 32.716898,   15, 0.50,    7, 0.000, 0.000, 0.340,  8
train,    996, 22.159983,   14, 0.48,    4, 0.000, 0.000, 0.340,  8
train,    997, 19.017856,   16, 0.54,    4, 0.000, 0.000, 0.340,  8
train,    998, 16.871194,   13, 0.51,    5, 0.000, 0.000, 0.340,  8
train,    999, 17.710416,   15, 0.52,    5, 0.000, 0.000, 0.340,  8
val,      999, 19.364916, 0.3630,  15.1946,   7.2736, 0.6182,  20.6277
train,    1000, 20.591403,   14, 0.45,    5, 0.000, 0.000, 0.340,  8
train,    1001, 18.243272,   16, 0.40,    6, 0.000, 0.000, 0.340,  8
train,    1002, 6.510872,   16, 0.55,    7, 0.000, 0.000, 0.340,  8
train,    1003, 20.374890,   15, 0.52,    8, 0.000, 0.000, 0.340,  8
train,    1004, 21.416496,   15, 0.49,    6, 0.000, 0.000, 0.340,  8
train,    1005, 8.757210,   14, 0.50,    6, 0.000, 0.000, 0.340,  8
train,    1006, 3.769568,   16, 0.45,    5, 0.000, 0.000, 0.340,  8
train,    1007, 7.540291,   16, 0.48,    7, 0.000, 0.000, 0.340,  8
train,    1008, 8.830787,   16, 0.53,    4, 0.000, 0.000, 0.340,  8
update,   1008,   28,  516, 19.969044, 0.000000
train,    1009, -0.859648,   14, 0.42,    6, 0.000, 0.000, 0.340,  8
val,      1009, 19.752692, 0.3382,  15.1994,   7.5099, 0.5984,  20.5586
train,    1010, -2.735183,   15, 0.46,    7, 0.000, 0.000, 0.340,  8
train,    1011, -6.163825,   17, 0.49,    6, 0.000, 0.000, 0.340,  8
train,    1012, -5.064776,   15, 0.44,    6, 0.000, 0.000, 0.340,  8
train,    1013, 3.405467,   14, 0.42,    6, 0.000, 0.000, 0.340,  8
train,    1014, -6.257481,   14, 0.51,    6, 0.000, 0.000, 0.340,  8
train,    1015, 5.921961,   14, 0.44,    6, 0.000, 0.000, 0.340,  8
train,    1016, -11.623171,   15, 0.43,    7, 0.000, 0.000, 0.340,  8
train,    1017, -12.939733,   15, 0.52,    6, 0.000, 0.000, 0.340,  8
train,    1018, -0.252782,   16, 0.43,    7, 0.000, 0.000, 0.340,  8
train,    1019, -0.971499,   13, 0.53,    6, 0.000, 0.000, 0.340,  8
val,      1019, 23.279851, 0.3130,  14.5980,   7.2772, 0.5934,  20.5643
train,    1020, -3.265304,   16, 0.39,    6, 0.000, 0.000, 0.340,  8
train,    1021, 4.179354,   16, 0.44,    7, 0.000, 0.000, 0.340,  8
train,    1022, 7.470277,   15, 0.41,    8, 0.000, 0.000, 0.340,  8
train,    1023, -1.389453,   14, 0.49,    7, 0.000, 0.000, 0.340,  8
train,    1024, 7.905623,   16, 0.43,    6, 0.000, 0.000, 0.340,  8
train,    1025, 19.482927,   14, 0.50,    8, 0.000, 0.000, 0.340,  8
train,    1026, 7.481832,   14, 0.54,    7, 0.000, 0.000, 0.340,  8
train,    1027, 7.502622,   16, 0.49,    8, 0.000, 0.000, 0.340,  8
train,    1028, 20.173360,   16, 0.56,    6, 0.000, 0.000, 0.340,  8
train,    1029, 16.868788,   15, 0.43,    7, 0.000, 0.000, 0.340,  8
val,      1029, 17.130515, 0.3915,  15.4679,   7.5044, 0.6086,  20.4933
train,    1030, 27.753571,   14, 0.47,    7, 0.000, 0.000, 0.340,  8
train,    1031, 20.151317,   15, 0.45,    8, 0.000, 0.000, 0.340,  8
train,    1032, 23.076756,   17, 0.47,    8, 0.000, 0.000, 0.340,  8
train,    1033, 3.558648,   15, 0.47,    7, 0.000, 0.000, 0.340,  8
train,    1034, 17.631313,   16, 0.50,    8, 0.000, 0.000, 0.340,  8
train,    1035, 19.928934,   15, 0.50,    6, 0.000, 0.000, 0.340,  8
train,    1036, 14.967849,   14, 0.36,    7, 0.000, 0.000, 0.340,  8
train,    1037, 24.721639,   15, 0.47,    8, 0.000, 0.000, 0.340,  8
train,    1038, 33.589902,   14, 0.47,    9, 0.000, 0.000, 0.340,  8
train,    1039, 16.897710,   16, 0.41,    8, 0.000, 0.000, 0.340,  8
val,      1039, 16.420441, 0.3444,  15.0902,   7.2257, 0.6335,  20.5259
train,    1040, 27.583175,   15, 0.46,    9, 0.000, 0.000, 0.340,  8
train,    1041, 29.516907,   15, 0.54,    8, 0.000, 0.000, 0.340,  8
train,    1042, 34.399630,   14, 0.43,    7, 0.000, 0.000, 0.340,  8
train,    1043, 18.415936,   16, 0.48,    9, 0.000, 0.000, 0.340,  8
train,    1044, 30.219182,   15, 0.52,    8, 0.000, 0.000, 0.340,  8
update,   1044,   29,  516, 19.860491, 0.000000
train,    1045, 20.496779,   15, 0.56,    9, 0.000, 0.000, 0.340,  8
train,    1046, 27.632246,   14, 0.48,    8, 0.000, 0.000, 0.340,  8
train,    1047, 31.502614,   15, 0.45,    7, 0.000, 0.000, 0.340,  8
train,    1048, 21.140557,   14, 0.50,    8, 0.000, 0.000, 0.340,  8
train,    1049, 31.010744,   15, 0.47,    8, 0.000, 0.000, 0.340,  8
val,      1049, 21.472453, 0.2989,  14.5873,   7.2872, 0.6024,  20.5135
train,    1050, 25.005678,   14, 0.50,    5, 0.000, 0.000, 0.340,  8
train,    1051, 22.155918,   16, 0.53,    9, 0.000, 0.000, 0.340,  8
train,    1052, 19.131879,   16, 0.42,    8, 0.000, 0.000, 0.340,  8
train,    1053, 12.289408,   16, 0.46,    7, 0.000, 0.000, 0.340,  8
train,    1054, 17.515726,   15, 0.53,    7, 0.000, 0.000, 0.340,  8
train,    1055, 10.462216,   13, 0.43,    8, 0.000, 0.000, 0.340,  8
train,    1056, 8.128910,   16, 0.44,    6, 0.000, 0.000, 0.340,  8
train,    1057, 10.076310,   15, 0.49,    6, 0.000, 0.000, 0.340,  8
train,    1058, 11.614316,   15, 0.48,    9, 0.000, 0.000, 0.340,  8
train,    1059, 15.586721,   15, 0.41,    7, 0.000, 0.000, 0.340,  8
val,      1059, 19.596540, 0.2906,  14.8202,   7.2090, 0.5973,  20.5702
train,    1060, 12.264261,   15, 0.51,    7, 0.000, 0.000, 0.340,  8
train,    1061, 13.191022,   15, 0.47,    7, 0.000, 0.000, 0.340,  8
train,    1062, 19.289346,   13, 0.47,    6, 0.000, 0.000, 0.340,  8
train,    1063, 17.388374,   16, 0.43,    8, 0.000, 0.000, 0.340,  8
train,    1064, 7.029923,   15, 0.48,    8, 0.000, 0.000, 0.340,  8
train,    1065, 7.644088,   15, 0.47,    6, 0.000, 0.000, 0.340,  8
train,    1066, 7.011518,   15, 0.39,    7, 0.000, 0.000, 0.340,  8
train,    1067, 17.371025,   17, 0.45,    7, 0.000, 0.000, 0.340,  8
train,    1068, 12.963101,   16, 0.43,    7, 0.000, 0.000, 0.340,  8
train,    1069, 3.316304,   14, 0.41,    7, 0.000, 0.000, 0.340,  8
val,      1069, 20.971605, 0.2771,  14.7751,   7.0962, 0.5819,  20.5698
train,    1070, 9.221871,   14, 0.54,    8, 0.000, 0.000, 0.340,  8
train,    1071, 21.751720,   17, 0.48,    8, 0.000, 0.000, 0.340,  8
train,    1072, 13.188730,   15, 0.41,    7, 0.000, 0.000, 0.340,  8
train,    1073, 9.504949,   16, 0.48,    7, 0.000, 0.000, 0.340,  8
train,    1074, 12.007605,   15, 0.47,    8, 0.000, 0.000, 0.340,  8
train,    1075, 18.857224,   15, 0.48,    6, 0.000, 0.000, 0.340,  8
train,    1076, 25.015614,   15, 0.40,    6, 0.000, 0.000, 0.340,  8
train,    1077, 6.377604,   14, 0.35,    5, 0.000, 0.000, 0.340,  8
train,    1078, 16.082237,   15, 0.49,    5, 0.000, 0.000, 0.340,  8
train,    1079, 20.351602,   13, 0.47,    8, 0.000, 0.000, 0.340,  8
val,      1079, 22.287751, 0.3669,  15.1711,   7.3945, 0.6423,  20.5206
train,    1080, 21.056058,   16, 0.58,    6, 0.000, 0.000, 0.340,  8
update,   1080,   30,  516, 18.006177, 0.000000
train,    1081, 26.348310,   15, 0.41,    6, 0.000, 0.000, 0.340,  8
train,    1082, 26.458662,   15, 0.46,    8, 0.000, 0.000, 0.340,  8
train,    1083, 20.545520,   17, 0.42,    5, 0.000, 0.000, 0.340,  8
train,    1084, 39.616082,   16, 0.48,    6, 0.000, 0.000, 0.340,  8
train,    1085, 27.734592,   13, 0.38,    7, 0.000, 0.000, 0.340,  8
train,    1086, 20.945694,   16, 0.47,    7, 0.000, 0.000, 0.340,  8
train,    1087, 28.858264,   15, 0.42,    4, 0.000, 0.000, 0.340,  8
train,    1088, 34.940556,   15, 0.45,    6, 0.000, 0.000, 0.340,  8
train,    1089, 31.263399,   15, 0.47,    5, 0.000, 0.000, 0.340,  8
val,      1089, 27.450579, 0.3127,  14.8175,   7.6221, 0.6447,  20.5883
train,    1090, 19.534471,   13, 0.50,    6, 0.000, 0.000, 0.340,  8
train,    1091, 34.483165,   14, 0.48,    5, 0.000, 0.000, 0.340,  8
train,    1092, 38.623018,   16, 0.40,    5, 0.000, 0.000, 0.340,  8
train,    1093, 26.156434,   14, 0.50,    6, 0.000, 0.000, 0.340,  8
train,    1094, 17.772106,   17, 0.44,    4, 0.000, 0.000, 0.340,  8
train,    1095, 25.454212,   15, 0.45,    6, 0.000, 0.000, 0.340,  8
train,    1096, 11.711727,   15, 0.48,    3, 0.000, 0.000, 0.340,  8
train,    1097, 27.124740,   15, 0.47,    4, 0.000, 0.000, 0.340,  8
train,    1098, 32.024934,   16, 0.44,    5, 0.000, 0.000, 0.340,  8
train,    1099, 21.579807,   16, 0.45,    3, 0.000, 0.000, 0.340,  8
val,      1099, 30.273443, 0.3558,  14.7002,   7.0924, 0.6407,  20.5731
train,    1100, 15.917226,   13, 0.50,    5, 0.000, 0.000, 0.340,  8
train,    1101, 16.034125,   16, 0.43,    4, 0.000, 0.000, 0.340,  8
train,    1102, 16.578588,   13, 0.45,    3, 0.000, 0.000, 0.340,  8
train,    1103, 14.994540,   15, 0.40,    4, 0.000, 0.000, 0.340,  8
train,    1104, 26.052786,   14, 0.47,    5, 0.000, 0.000, 0.340,  8
train,    1105, 7.579863,   16, 0.41,    6, 0.000, 0.000, 0.340,  8
train,    1106, 15.296642,   14, 0.46,    5, 0.000, 0.000, 0.340,  8
train,    1107, -11.190144,   15, 0.51,    3, 0.000, 0.000, 0.340,  8
train,    1108, 10.910109,   14, 0.35,    4, 0.000, 0.000, 0.340,  8
train,    1109, -6.635454,   14, 0.42,    4, 0.000, 0.000, 0.340,  8
val,      1109, 21.699973, 0.3843,  14.8019,   7.2352, 0.6869,  20.5325
train,    1110, 9.574269,   16, 0.48,    5, 0.000, 0.000, 0.340,  8
train,    1111, 10.219282,   16, 0.37,    6, 0.000, 0.000, 0.340,  8
train,    1112, -7.660363,   14, 0.52,    3, 0.000, 0.000, 0.340,  8
train,    1113, 14.924513,   15, 0.49,    4, 0.000, 0.000, 0.340,  8
train,    1114, 7.097200,   16, 0.47,    3, 0.000, 0.000, 0.340,  8
train,    1115, 2.956769,   15, 0.42,    4, 0.000, 0.000, 0.340,  8
train,    1116, 9.768897,   15, 0.48,    4, 0.000, 0.000, 0.340,  8
update,   1116,   31,  506, 18.425877, 0.000000
train,    1117, 12.280196,   15, 0.45,    4, 0.000, 0.000, 0.340,  8
train,    1118, -4.411280,   15, 0.39,    4, 0.000, 0.000, 0.340,  8
train,    1119, 13.986997,   14, 0.45,    4, 0.000, 0.000, 0.340,  8
val,      1119, 21.419456, 0.3026,  15.2673,   7.2930, 0.6088,  20.4828
train,    1120, -4.534733,   14, 0.51,    4, 0.000, 0.000, 0.340,  8
train,    1121, 4.675832,   14, 0.42,    4, 0.000, 0.000, 0.340,  8
train,    1122, 9.508888,   15, 0.43,    3, 0.000, 0.000, 0.340,  8
train,    1123, 0.394590,   13, 0.41,    4, 0.000, 0.000, 0.340,  8
train,    1124, 9.847736,   15, 0.37,    4, 0.000, 0.000, 0.340,  8
train,    1125, 13.605577,   14, 0.45,    4, 0.000, 0.000, 0.340,  8
train,    1126, 4.961598,   15, 0.47,    4, 0.000, 0.000, 0.340,  8
train,    1127, 24.938848,   15, 0.48,    4, 0.000, 0.000, 0.340,  8
train,    1128, 9.869028,   16, 0.43,    6, 0.000, 0.000, 0.340,  8
train,    1129, 20.376706,   15, 0.40,    3, 0.000, 0.000, 0.340,  8
val,      1129, 15.891651, 0.2809,  15.1269,   7.2601, 0.6592,  20.5143
train,    1130, 21.243974,   15, 0.57,    5, 0.000, 0.000, 0.340,  8
train,    1131, 23.201066,   15, 0.45,    5, 0.000, 0.000, 0.340,  8
train,    1132, 23.403189,   15, 0.42,    4, 0.000, 0.000, 0.340,  8
train,    1133, 17.487180,   16, 0.41,    5, 0.000, 0.000, 0.340,  8
train,    1134, 34.488826,   14, 0.47,    5, 0.000, 0.000, 0.340,  8
train,    1135, 21.240446,   16, 0.48,    6, 0.000, 0.000, 0.340,  8
train,    1136, 15.346042,   15, 0.45,    5, 0.000, 0.000, 0.340,  8
train,    1137, 21.891348,   15, 0.40,    5, 0.000, 0.000, 0.340,  8
train,    1138, 30.600122,   16, 0.38,    4, 0.000, 0.000, 0.340,  8
train,    1139, 14.537306,   17, 0.37,    4, 0.000, 0.000, 0.340,  8
val,      1139, 16.389225, 0.3670,  14.9610,   7.3224, 0.6105,  20.4767
train,    1140, 20.451772,   15, 0.41,    6, 0.000, 0.000, 0.340,  8
train,    1141, 16.361705,   15, 0.45,    5, 0.000, 0.000, 0.340,  8
train,    1142, 29.619294,   15, 0.50,    6, 0.000, 0.000, 0.340,  8
train,    1143, 28.501199,   16, 0.39,    5, 0.000, 0.000, 0.340,  8
train,    1144, 32.507631,   15, 0.43,    7, 0.000, 0.000, 0.340,  8
train,    1145, 28.549608,   17, 0.36,    6, 0.000, 0.000, 0.340,  8
train,    1146, 20.412046,   16, 0.43,    4, 0.000, 0.000, 0.340,  8
train,    1147, 15.430477,   16, 0.45,    4, 0.000, 0.000, 0.340,  8
train,    1148, 12.502601,   15, 0.42,    6, 0.000, 0.000, 0.340,  8
train,    1149, 10.849744,   15, 0.41,    4, 0.000, 0.000, 0.340,  8
val,      1149, 16.474448, 0.3439,  15.1351,   7.2626, 0.7201,  20.5596
train,    1150, 20.965490,   15, 0.51,    6, 0.000, 0.000, 0.340,  8
train,    1151, 12.070475,   15, 0.48,    6, 0.000, 0.000, 0.340,  8
train,    1152, 21.395193,   16, 0.49,    7, 0.000, 0.000, 0.340,  8
update,   1152,   32,  517, 12.289798, 0.000000
train,    1153, 15.808621,   15, 0.46,    6, 0.000, 0.000, 0.340,  8
train,    1154, 13.858695,   16, 0.42,    6, 0.000, 0.000, 0.340,  8
train,    1155, 18.798387,   15, 0.47,    5, 0.000, 0.000, 0.340,  8
train,    1156, 17.340065,   15, 0.48,    5, 0.000, 0.000, 0.340,  8
train,    1157, 12.593940,   14, 0.49,    6, 0.000, 0.000, 0.340,  8
train,    1158, 8.953300,   16, 0.38,    7, 0.000, 0.000, 0.340,  8
train,    1159, 0.610182,   15, 0.44,    6, 0.000, 0.000, 0.340,  8
val,      1159, 13.747041, 0.4048,  14.8727,   7.2604, 0.6822,  20.5217
train,    1160, 10.457781,   15, 0.45,    6, 0.000, 0.000, 0.340,  8
train,    1161, 8.173476,   16, 0.47,    7, 0.000, 0.000, 0.340,  8
train,    1162, 27.001855,   14, 0.39,    7, 0.000, 0.000, 0.340,  8
train,    1163, 17.218656,   14, 0.42,    7, 0.000, 0.000, 0.340,  8
train,    1164, 6.712177,   16, 0.33,    8, 0.000, 0.000, 0.340,  8
train,    1165, 7.789863,   17, 0.45,    7, 0.000, 0.000, 0.340,  8
train,    1166, 20.168360,   15, 0.40,    8, 0.000, 0.000, 0.340,  8
train,    1167, 4.944388,   14, 0.40,    7, 0.000, 0.000, 0.340,  8
train,    1168, 13.140918,   15, 0.44,    6, 0.000, 0.000, 0.340,  8
train,    1169, 12.431045,   14, 0.43,    6, 0.000, 0.000, 0.340,  8
val,      1169, 19.834255, 0.3527,  15.4229,   7.4150, 0.6589,  20.5760
train,    1170, 13.472178,   14, 0.49,    8, 0.000, 0.000, 0.340,  8
train,    1171, 12.075579,   15, 0.45,    7, 0.000, 0.000, 0.340,  8
train,    1172, 23.279461,   16, 0.50,    7, 0.000, 0.000, 0.340,  8
train,    1173, 12.075162,   15, 0.48,    9, 0.000, 0.000, 0.340,  8
train,    1174, 22.419631,   16, 0.36,    8, 0.000, 0.000, 0.340,  8
train,    1175, 22.893881,   16, 0.49,    7, 0.000, 0.000, 0.340,  8
train,    1176, 22.013213,   17, 0.42,    9, 0.000, 0.000, 0.340,  8
train,    1177, 22.603616,   15, 0.41,    7, 0.000, 0.000, 0.340,  8
train,    1178, 21.821470,   14, 0.49,    9, 0.000, 0.000, 0.340,  8
train,    1179, 30.616807,   15, 0.40,    7, 0.000, 0.000, 0.340,  8
val,      1179, 25.006673, 0.3421,  15.3010,   7.3880, 0.6169,  20.4907
train,    1180, 27.697198,   15, 0.44,    7, 0.000, 0.000, 0.340,  8
train,    1181, 34.807002,   15, 0.41,    8, 0.000, 0.000, 0.340,  8
train,    1182, 41.408597,   15, 0.40,    7, 0.000, 0.000, 0.340,  8
train,    1183, 26.854864,   16, 0.49,    7, 0.000, 0.000, 0.340,  8
train,    1184, 34.184811,   17, 0.47,    8, 0.000, 0.000, 0.340,  8
train,    1185, 31.523038,   16, 0.46,    8, 0.000, 0.000, 0.340,  8
train,    1186, 34.463843,   15, 0.46,    9, 0.000, 0.000, 0.340,  8
train,    1187, 43.874142,   15, 0.50,    8, 0.000, 0.000, 0.340,  8
train,    1188, 23.000945,   15, 0.50,    7, 0.000, 0.000, 0.340,  8
update,   1188,   33,  517, 17.846831, 0.000000
train,    1189, 28.840646,   16, 0.39,    7, 0.000, 0.000, 0.340,  8
val,      1189, 26.803926, 0.3300,  14.9642,   7.1175, 0.5968,  20.4826
train,    1190, 30.420490,   15, 0.50,    9, 0.000, 0.000, 0.340,  8
train,    1191, 42.732080,   15, 0.44,    8, 0.000, 0.000, 0.340,  8
train,    1192, 41.135122,   15, 0.46,    7, 0.000, 0.000, 0.340,  8
train,    1193, 35.259846,   15, 0.43,    7, 0.000, 0.000, 0.340,  8
train,    1194, 28.583634,   15, 0.44,    8, 0.000, 0.000, 0.340,  8
train,    1195, 27.701253,   16, 0.40,    8, 0.000, 0.000, 0.340,  8
train,    1196, 26.240825,   15, 0.45,    7, 0.000, 0.000, 0.340,  8
train,    1197, 25.422039,   14, 0.33,    8, 0.000, 0.000, 0.340,  8
train,    1198, 16.950806,   16, 0.44,   10, 0.000, 0.000, 0.340,  8
train,    1199, 18.466659,   15, 0.40,    7, 0.000, 0.000, 0.340,  8
val,      1199, 28.438976, 0.3115,  14.9244,   7.3000, 0.6037,  20.5985
train,    1200, 17.131364,   16, 0.41,    6, 0.000, 0.000, 0.340,  8
train,    1201, 18.654862,   15, 0.32,    8, 0.000, 0.000, 0.340,  8
train,    1202, 13.553934,   15, 0.41,    8, 0.000, 0.000, 0.340,  8
train,    1203, 12.536133,   15, 0.42,    7, 0.000, 0.000, 0.340,  8
train,    1204, 5.525188,   15, 0.44,    8, 0.000, 0.000, 0.340,  8
train,    1205, 8.224368,   15, 0.44,    7, 0.000, 0.000, 0.340,  8
train,    1206, 18.445354,   15, 0.40,    8, 0.000, 0.000, 0.340,  8
train,    1207, 7.085134,   15, 0.38,    7, 0.000, 0.000, 0.340,  8
train,    1208, 9.266148,   15, 0.45,    8, 0.000, 0.000, 0.340,  8
train,    1209, 5.196943,   15, 0.35,    6, 0.000, 0.000, 0.340,  8
val,      1209, 22.643273, 0.3406,  15.2920,   7.2993, 0.6256,  20.6015
train,    1210, 5.920616,   16, 0.41,    8, 0.000, 0.000, 0.340,  8
train,    1211, 4.183153,   15, 0.45,    7, 0.000, 0.000, 0.340,  8
train,    1212, 6.841058,   16, 0.38,    7, 0.000, 0.000, 0.340,  8
train,    1213, 13.030594,   15, 0.43,    6, 0.000, 0.000, 0.340,  8
train,    1214, 7.656768,   16, 0.45,    7, 0.000, 0.000, 0.340,  8
train,    1215, 2.763430,   15, 0.40,    7, 0.000, 0.000, 0.340,  8
train,    1216, 10.688994,   15, 0.46,    7, 0.000, 0.000, 0.340,  8
train,    1217, 8.537384,   15, 0.44,    7, 0.000, 0.000, 0.340,  8
train,    1218, 11.177983,   17, 0.45,    8, 0.000, 0.000, 0.340,  8
train,    1219, 10.631773,   16, 0.51,    7, 0.000, 0.000, 0.340,  8
val,      1219, 19.128732, 0.3523,  15.1863,   7.2110, 0.6141,  20.5760
train,    1220, 5.438551,   16, 0.47,    9, 0.000, 0.000, 0.340,  8
train,    1221, 15.235702,   15, 0.47,    7, 0.000, 0.000, 0.340,  8
train,    1222, 14.571266,   15, 0.40,    7, 0.000, 0.000, 0.340,  8
train,    1223, 8.465123,   14, 0.44,    7, 0.000, 0.000, 0.340,  8
train,    1224, 10.432619,   16, 0.45,    7, 0.000, 0.000, 0.340,  8
update,   1224,   34,  517, 17.778167, 0.000000
train,    1225, 31.378286,   16, 0.44,    4, 0.000, 0.000, 0.340,  8
train,    1226, 15.412151,   15, 0.41,    8, 0.000, 0.000, 0.340,  8
train,    1227, 14.679917,   14, 0.39,    4, 0.000, 0.000, 0.340,  8
train,    1228, 11.080032,   15, 0.43,    6, 0.000, 0.000, 0.340,  8
train,    1229, 40.682906,   16, 0.34,    6, 0.000, 0.000, 0.340,  8
val,      1229, 17.853730, 0.3323,  15.4760,   6.8379, 0.6655,  20.5522
train,    1230, 21.894855,   13, 0.43,    8, 0.000, 0.000, 0.340,  8
train,    1231, 24.707382,   16, 0.37,    6, 0.000, 0.000, 0.340,  8
train,    1232, 27.080395,   16, 0.44,    4, 0.000, 0.000, 0.340,  8
train,    1233, 30.530369,   15, 0.42,    4, 0.000, 0.000, 0.340,  8
train,    1234, 7.895598,   17, 0.41,    6, 0.000, 0.000, 0.340,  8
train,    1235, 24.775101,   15, 0.45,    5, 0.000, 0.000, 0.340,  8
train,    1236, 24.302474,   15, 0.47,    7, 0.000, 0.000, 0.340,  8
train,    1237, 27.567741,   15, 0.41,    6, 0.000, 0.000, 0.340,  8
train,    1238, 26.958305,   16, 0.37,    5, 0.000, 0.000, 0.340,  8
train,    1239, 31.746567,   16, 0.47,    5, 0.000, 0.000, 0.340,  8
val,      1239, 17.804292, 0.2907,  14.6835,   7.0567, 0.6224,  20.5660
train,    1240, 27.247245,   16, 0.30,    4, 0.000, 0.000, 0.340,  8
train,    1241, 20.722796,   15, 0.38,    4, 0.000, 0.000, 0.340,  8
train,    1242, 22.953718,   15, 0.49,    5, 0.000, 0.000, 0.340,  8
train,    1243, 35.105974,   16, 0.42,    5, 0.000, 0.000, 0.340,  8
train,    1244, 16.960496,   16, 0.41,    4, 0.000, 0.000, 0.340,  8
train,    1245, 20.520033,   15, 0.42,    3, 0.000, 0.000, 0.340,  8
train,    1246, 26.238729,   15, 0.42,    5, 0.000, 0.000, 0.340,  8
train,    1247, 36.594817,   16, 0.33,    5, 0.000, 0.000, 0.340,  8
train,    1248, 21.339991,   13, 0.47,    5, 0.000, 0.000, 0.340,  8
train,    1249, 14.165369,   15, 0.43,    5, 0.000, 0.000, 0.340,  8
val,      1249, 20.959341, 0.3215,  14.9181,   7.2041, 0.6618,  20.5874
train,    1250, 8.464593,   15, 0.42,    5, 0.000, 0.000, 0.340,  8
train,    1251, 14.506789,   16, 0.44,    4, 0.000, 0.000, 0.340,  8
train,    1252, 15.570538,   15, 0.46,    4, 0.000, 0.000, 0.340,  8
train,    1253, 5.056295,   14, 0.42,    5, 0.000, 0.000, 0.340,  8
train,    1254, 16.753971,   14, 0.46,    6, 0.000, 0.000, 0.340,  8
train,    1255, 3.217487,   16, 0.47,    3, 0.000, 0.000, 0.340,  8
train,    1256, 2.432760,   16, 0.43,    6, 0.000, 0.000, 0.340,  8
train,    1257, 5.884795,   15, 0.44,    2, 0.000, 0.000, 0.340,  8
train,    1258, 3.162823,   15, 0.42,    3, 0.000, 0.000, 0.340,  8
train,    1259, 22.967400,   15, 0.35,    3, 0.000, 0.000, 0.340,  8
val,      1259, 23.047377, 0.3367,  15.6413,   7.1450, 0.6485,  20.5730
train,    1260, 13.274294,   14, 0.43,    4, 0.000, 0.000, 0.340,  8
update,   1260,   35,  530, 20.787015, 0.000000
train,    1261, 4.126489,   14, 0.44,    4, 0.000, 0.000, 0.340,  8
train,    1262, 13.322976,   14, 0.40,    5, 0.000, 0.000, 0.340,  8
train,    1263, 17.913076,   14, 0.37,    4, 0.000, 0.000, 0.340,  8
train,    1264, -1.320056,   14, 0.42,    4, 0.000, 0.000, 0.340,  8
train,    1265, 20.415677,   17, 0.39,    4, 0.000, 0.000, 0.340,  8
train,    1266, 11.652983,   16, 0.38,    5, 0.000, 0.000, 0.340,  8
train,    1267, 10.460250,   16, 0.40,    5, 0.000, 0.000, 0.340,  8
train,    1268, 5.344925,   17, 0.42,    5, 0.000, 0.000, 0.340,  8
train,    1269, 17.492811,   16, 0.41,    4, 0.000, 0.000, 0.340,  8
val,      1269, 27.105147, 0.3177,  15.1091,   7.3135, 0.6499,  20.6482
train,    1270, 4.599962,   15, 0.48,    5, 0.000, 0.000, 0.340,  8
train,    1271, 20.235531,   16, 0.39,    6, 0.000, 0.000, 0.340,  8
train,    1272, 25.755867,   15, 0.40,    2, 0.000, 0.000, 0.340,  8
train,    1273, 21.432762,   14, 0.40,    3, 0.000, 0.000, 0.340,  8
train,    1274, 9.301573,   14, 0.42,    3, 0.000, 0.000, 0.340,  8
train,    1275, 11.548180,   16, 0.43,    5, 0.000, 0.000, 0.340,  8
train,    1276, 21.410528,   15, 0.48,    5, 0.000, 0.000, 0.340,  8
train,    1277, 27.367127,   17, 0.33,    5, 0.000, 0.000, 0.340,  8
train,    1278, 21.257931,   17, 0.38,    4, 0.000, 0.000, 0.340,  8
train,    1279, 28.907380,   16, 0.38,    4, 0.000, 0.000, 0.340,  8
val,      1279, 24.402533, 0.3937,  15.1746,   7.5084, 0.6203,  20.5917
train,    1280, 25.543852,   17, 0.48,    3, 0.000, 0.000, 0.340,  8
train,    1281, 27.409394,   15, 0.44,    6, 0.000, 0.000, 0.340,  8
train,    1282, 38.203614,   16, 0.42,    4, 0.000, 0.000, 0.340,  8
train,    1283, 29.043099,   16, 0.43,    5, 0.000, 0.000, 0.340,  8
train,    1284, 38.621881,   16, 0.36,    6, 0.000, 0.000, 0.340,  8
train,    1285, 46.000000,   15, 0.38,    5, 0.000, 0.000, 0.340,  8
train,    1286, 26.847116,   15, 0.41,    6, 0.000, 0.000, 0.340,  8
train,    1287, 23.366417,   17, 0.43,    5, 0.000, 0.000, 0.340,  8
train,    1288, 20.350242,   16, 0.39,    6, 0.000, 0.000, 0.340,  8
train,    1289, 22.986818,   14, 0.38,    4, 0.000, 0.000, 0.340,  8
val,      1289, 27.608520, 0.3707,  14.8836,   6.9196, 0.6541,  20.5005
train,    1290, 45.611681,   15, 0.42,    4, 0.000, 0.000, 0.340,  8
train,    1291, 30.097646,   15, 0.45,    6, 0.000, 0.000, 0.340,  8
train,    1292, 26.078040,   16, 0.40,    5, 0.000, 0.000, 0.340,  8
train,    1293, 23.594239,   15, 0.45,    5, 0.000, 0.000, 0.340,  8
train,    1294, 36.073734,   16, 0.41,    5, 0.000, 0.000, 0.340,  8
train,    1295, 29.142899,   15, 0.49,    5, 0.000, 0.000, 0.340,  8
train,    1296, 44.133957,   17, 0.47,    7, 0.000, 0.000, 0.340,  8
update,   1296,   36,  516, 16.384085, 0.000000
train,    1297, 15.917807,   14, 0.42,    6, 0.000, 0.000, 0.340,  8
train,    1298, 9.396203,   13, 0.38,    7, 0.000, 0.000, 0.340,  8
train,    1299, 19.583199,   16, 0.49,    6, 0.000, 0.000, 0.340,  8
val,      1299, 28.107591, 0.3107,  15.2664,   7.1743, 0.6207,  20.6777
train,    1300, 22.119618,   15, 0.51,    8, 0.000, 0.000, 0.340,  8
train,    1301, 23.536304,   17, 0.38,    6, 0.000, 0.000, 0.340,  8
train,    1302, 15.926278,   15, 0.41,    6, 0.000, 0.000, 0.340,  8
train,    1303, 28.384119,   16, 0.44,    6, 0.000, 0.000, 0.340,  8
train,    1304, 13.319291,   14, 0.43,    7, 0.000, 0.000, 0.340,  8
train,    1305, 16.182744,   16, 0.39,    7, 0.000, 0.000, 0.340,  8
train,    1306, 9.752126,   17, 0.49,    6, 0.000, 0.000, 0.340,  8
train,    1307, 8.952448,   17, 0.44,    8, 0.000, 0.000, 0.340,  8
train,    1308, 12.809108,   14, 0.43,    7, 0.000, 0.000, 0.340,  8
train,    1309, 12.243525,   15, 0.39,    6, 0.000, 0.000, 0.340,  8
val,      1309, 23.365593, 0.3030,  14.4644,   7.2537, 0.6295,  20.5167
train,    1310, 9.429654,   14, 0.44,    7, 0.000, 0.000, 0.340,  8
train,    1311, 3.532680,   16, 0.43,    5, 0.000, 0.000, 0.340,  8
train,    1312, 17.375628,   15, 0.46,    7, 0.000, 0.000, 0.340,  8
train,    1313, 8.077217,   16, 0.38,    5, 0.000, 0.000, 0.340,  8
train,    1314, 20.862258,   17, 0.38,    7, 0.000, 0.000, 0.340,  8
train,    1315, 11.986714,   16, 0.46,    7, 0.000, 0.000, 0.340,  8
train,    1316, 12.005217,   16, 0.38,    8, 0.000, 0.000, 0.340,  8
train,    1317, 7.110194,   16, 0.44,    7, 0.000, 0.000, 0.340,  8
train,    1318, 20.013100,   17, 0.42,    8, 0.000, 0.000, 0.340,  8
train,    1319, 6.580852,   15, 0.43,    7, 0.000, 0.000, 0.340,  8
val,      1319, 22.555472, 0.3226,  14.8036,   7.2928, 0.6578,  20.5704
train,    1320, 21.445405,   17, 0.47,    7, 0.000, 0.000, 0.340,  8
train,    1321, 17.550231,   14, 0.38,   10, 0.000, 0.000, 0.340,  8
train,    1322, 12.434770,   14, 0.46,    7, 0.000, 0.000, 0.340,  8
train,    1323, 11.150322,   14, 0.53,    7, 0.000, 0.000, 0.340,  8
train,    1324, 16.980202,   16, 0.42,    7, 0.000, 0.000, 0.340,  8
train,    1325, 17.827640,   15, 0.38,    9, 0.000, 0.000, 0.340,  8
train,    1326, 32.937420,   16, 0.39,    8, 0.000, 0.000, 0.340,  8
train,    1327, 24.666096,   16, 0.38,    8, 0.000, 0.000, 0.340,  8
train,    1328, 38.263721,   16, 0.41,    9, 0.000, 0.000, 0.340,  8
train,    1329, 34.417836,   15, 0.45,    7, 0.000, 0.000, 0.340,  8
val,      1329, 20.869389, 0.3186,  15.1677,   7.0937, 0.6294,  20.6372
train,    1330, 24.955736,   16, 0.41,    9, 0.000, 0.000, 0.340,  8
train,    1331, 23.146557,   16, 0.38,    7, 0.000, 0.000, 0.340,  8
train,    1332, 37.959147,   16, 0.44,    9, 0.000, 0.000, 0.340,  8
update,   1332,   37,  511, 16.714238, 0.000000
train,    1333, 30.849461,   15, 0.31,    7, 0.000, 0.000, 0.340,  8
train,    1334, 28.890924,   15, 0.40,    9, 0.000, 0.000, 0.340,  8
train,    1335, 29.207900,   16, 0.39,    9, 0.000, 0.000, 0.340,  8
train,    1336, 29.795975,   15, 0.39,    8, 0.000, 0.000, 0.340,  8
train,    1337, 30.798240,   17, 0.41,    7, 0.000, 0.000, 0.340,  8
train,    1338, 24.574011,   14, 0.46,    8, 0.000, 0.000, 0.340,  8
train,    1339, 23.422376,   17, 0.33,    7, 0.000, 0.000, 0.340,  8
val,      1339, 23.400721, 0.3620,  14.8982,   7.1378, 0.6372,  20.6043
train,    1340, 33.107503,   17, 0.46,    7, 0.000, 0.000, 0.340,  8
train,    1341, 16.769764,   14, 0.42,    8, 0.000, 0.000, 0.340,  8
train,    1342, 23.277777,   16, 0.37,    7, 0.000, 0.000, 0.340,  8
train,    1343, 15.104729,   15, 0.37,    5, 0.000, 0.000, 0.340,  8
train,    1344, 30.480678,   16, 0.44,    7, 0.000, 0.000, 0.340,  8
train,    1345, 24.947784,   15, 0.50,    7, 0.000, 0.000, 0.340,  8
train,    1346, 8.209056,   16, 0.47,    8, 0.000, 0.000, 0.340,  8
train,    1347, 19.665035,   15, 0.38,    7, 0.000, 0.000, 0.340,  8
train,    1348, 13.007112,   15, 0.40,    7, 0.000, 0.000, 0.340,  8
train,    1349, 22.535960,   17, 0.42,    8, 0.000, 0.000, 0.340,  8
val,      1349, 21.535642, 0.3730,  15.4288,   7.3384, 0.6219,  20.5419
train,    1350, 28.437506,   16, 0.49,    6, 0.000, 0.000, 0.340,  8
train,    1351, 12.599746,   15, 0.39,    8, 0.000, 0.000, 0.340,  8
train,    1352, 16.557919,   16, 0.41,    6, 0.000, 0.000, 0.340,  8
train,    1353, 15.795247,   15, 0.50,    7, 0.000, 0.000, 0.340,  8
train,    1354, 15.545705,   15, 0.47,    7, 0.000, 0.000, 0.340,  8
train,    1355, 4.946570,   16, 0.38,    8, 0.000, 0.000, 0.340,  8
train,    1356, 16.134921,   15, 0.38,    7, 0.000, 0.000, 0.340,  8
train,    1357, 3.471726,   16, 0.37,    7, 0.000, 0.000, 0.340,  8
train,    1358, 14.671041,   16, 0.37,    7, 0.000, 0.000, 0.340,  8
train,    1359, 19.171569,   16, 0.38,    8, 0.000, 0.000, 0.340,  8
val,      1359, 22.491271, 0.2949,  15.3759,   7.2474, 0.6665,  20.5555
train,    1360, 14.346004,   13, 0.43,    7, 0.000, 0.000, 0.340,  8
train,    1361, 17.344878,   15, 0.41,    7, 0.000, 0.000, 0.340,  8
train,    1362, 4.250785,   15, 0.40,    6, 0.000, 0.000, 0.340,  8
train,    1363, 9.404914,   16, 0.44,    6, 0.000, 0.000, 0.340,  8
train,    1364, 2.946953,   16, 0.46,    4, 0.000, 0.000, 0.340,  8
train,    1365, 14.198657,   15, 0.39,    6, 0.000, 0.000, 0.340,  8
train,    1366, 12.580302,   14, 0.42,    6, 0.000, 0.000, 0.340,  8
train,    1367, 10.551199,   16, 0.44,    7, 0.000, 0.000, 0.340,  8
train,    1368, 18.506292,   16, 0.47,    6, 0.000, 0.000, 0.340,  8
update,   1368,   38,  518, 20.254699, 0.000000
train,    1369, 12.248317,   16, 0.47,    6, 0.000, 0.000, 0.340,  8
val,      1369, 24.348493, 0.3026,  14.9295,   7.2793, 0.6826,  20.5915
train,    1370, 16.274956,   15, 0.41,    6, 0.000, 0.000, 0.340,  8
train,    1371, 19.408780,   16, 0.42,    4, 0.000, 0.000, 0.340,  8
train,    1372, 24.287728,   15, 0.40,    5, 0.000, 0.000, 0.340,  8
train,    1373, 14.871252,   16, 0.43,    6, 0.000, 0.000, 0.340,  8
train,    1374, 25.252173,   17, 0.40,    5, 0.000, 0.000, 0.340,  8
train,    1375, 29.801406,   14, 0.35,    5, 0.000, 0.000, 0.340,  8
train,    1376, 19.930533,   16, 0.46,    7, 0.000, 0.000, 0.340,  8
train,    1377, 33.888884,   16, 0.41,    6, 0.000, 0.000, 0.340,  8
train,    1378, 39.343190,   15, 0.42,    5, 0.000, 0.000, 0.340,  8
train,    1379, 36.746370,   16, 0.42,    5, 0.000, 0.000, 0.340,  8
val,      1379, 28.406624, 0.2679,  15.0848,   7.2257, 0.6909,  20.6297
train,    1380, 25.986088,   16, 0.43,    6, 0.000, 0.000, 0.340,  8
train,    1381, 30.157139,   15, 0.36,    5, 0.000, 0.000, 0.340,  8
train,    1382, 31.091315,   16, 0.39,    4, 0.000, 0.000, 0.340,  8
train,    1383, 15.213898,   16, 0.35,    4, 0.000, 0.000, 0.340,  8
train,    1384, 25.133458,   16, 0.40,    3, 0.000, 0.000, 0.340,  8
train,    1385, 21.489847,   14, 0.30,    4, 0.000, 0.000, 0.340,  8
train,    1386, 34.386217,   14, 0.39,    5, 0.000, 0.000, 0.340,  8
train,    1387, 26.666290,   14, 0.40,    4, 0.000, 0.000, 0.340,  8
train,    1388, 32.522096,   16, 0.40,    5, 0.000, 0.000, 0.340,  8
train,    1389, 25.983925,   16, 0.43,    4, 0.000, 0.000, 0.340,  8
val,      1389, 29.791582, 0.3056,  15.2783,   7.4818, 0.6806,  20.6510
train,    1390, 30.792031,   16, 0.40,    3, 0.000, 0.000, 0.340,  8
train,    1391, 19.524157,   15, 0.45,    4, 0.000, 0.000, 0.340,  8
train,    1392, 33.853075,   15, 0.40,    3, 0.000, 0.000, 0.340,  8
train,    1393, 30.704240,   14, 0.44,    4, 0.000, 0.000, 0.340,  8
train,    1394, 39.714998,   16, 0.46,    5, 0.000, 0.000, 0.340,  8
train,    1395, 13.770395,   14, 0.35,    4, 0.000, 0.000, 0.340,  8
train,    1396, 27.507947,   16, 0.41,    5, 0.000, 0.000, 0.340,  8
train,    1397, 21.306622,   16, 0.32,    6, 0.000, 0.000, 0.340,  8
train,    1398, 17.893702,   16, 0.42,    5, 0.000, 0.000, 0.340,  8
train,    1399, 26.708521,   15, 0.43,    5, 0.000, 0.000, 0.340,  8
val,      1399, 25.741615, 0.2958,  15.4238,   7.1653, 0.6680,  20.5003
train,    1400, 14.035350,   14, 0.34,    5, 0.000, 0.000, 0.340,  8
train,    1401, 19.063387,   14, 0.37,    6, 0.000, 0.000, 0.340,  8
train,    1402, 19.013603,   14, 0.39,    4, 0.000, 0.000, 0.340,  8
train,    1403, 28.569371,   14, 0.39,    3, 0.000, 0.000, 0.340,  8
train,    1404, 18.841134,   16, 0.46,    3, 0.000, 0.000, 0.340,  8
update,   1404,   39,  532, 16.700359, 0.000000
train,    1405, 29.705929,   16, 0.47,    4, 0.000, 0.000, 0.340,  8
train,    1406, 7.150098,   15, 0.41,    4, 0.000, 0.000, 0.340,  8
train,    1407, 7.105483,   17, 0.36,    4, 0.000, 0.000, 0.340,  8
train,    1408, 19.527954,   15, 0.39,    2, 0.000, 0.000, 0.340,  8
train,    1409, 13.139524,   15, 0.46,    5, 0.000, 0.000, 0.340,  8
val,      1409, 22.672915, 0.2860,  15.1813,   7.1650, 0.6185,  20.5027
train,    1410, 24.030775,   17, 0.47,    4, 0.000, 0.000, 0.340,  8
train,    1411, 12.113263,   15, 0.37,    5, 0.000, 0.000, 0.340,  8
train,    1412, 32.693476,   17, 0.39,    3, 0.000, 0.000, 0.340,  8
train,    1413, 31.583633,   17, 0.36,    4, 0.000, 0.000, 0.340,  8
train,    1414, 27.629531,   16, 0.28,    5, 0.000, 0.000, 0.340,  8
train,    1415, 12.580974,   17, 0.44,    4, 0.000, 0.000, 0.340,  8
train,    1416, 17.825855,   15, 0.36,    5, 0.000, 0.000, 0.340,  8
train,    1417, 19.159526,   15, 0.35,    4, 0.000, 0.000, 0.340,  8
train,    1418, 16.058075,   16, 0.36,    5, 0.000, 0.000, 0.340,  8
train,    1419, 33.658659,   15, 0.33,    5, 0.000, 0.000, 0.340,  8
val,      1419, 18.862274, 0.3269,  15.4703,   7.2077, 0.6390,  20.5294
train,    1420, 29.289742,   15, 0.44,    3, 0.000, 0.000, 0.340,  8
train,    1421, 26.366728,   17, 0.37,    3, 0.000, 0.000, 0.340,  8
train,    1422, 26.879245,   15, 0.42,    5, 0.000, 0.000, 0.340,  8
train,    1423, 33.522698,   16, 0.43,    4, 0.000, 0.000, 0.340,  8
train,    1424, 30.334459,   15, 0.36,    4, 0.000, 0.000, 0.340,  8
train,    1425, 27.764033,   16, 0.34,    3, 0.000, 0.000, 0.340,  8
train,    1426, 30.437041,   16, 0.49,    6, 0.000, 0.000, 0.340,  8
train,    1427, 24.215455,   17, 0.43,    4, 0.000, 0.000, 0.340,  8
train,    1428, 35.206881,   16, 0.47,    5, 0.000, 0.000, 0.340,  8
train,    1429, 32.277239,   15, 0.39,    5, 0.000, 0.000, 0.340,  8
val,      1429, 14.644513, 0.3367,  15.1692,   7.1808, 0.6535,  20.6336
train,    1430, 25.445747,   16, 0.37,    3, 0.000, 0.000, 0.340,  8
train,    1431, 36.007423,   15, 0.35,    4, 0.000, 0.000, 0.340,  8
train,    1432, 29.018688,   15, 0.36,    7, 0.000, 0.000, 0.340,  8
train,    1433, 37.857665,   15, 0.37,    5, 0.000, 0.000, 0.340,  8
train,    1434, 38.364189,   16, 0.40,    7, 0.000, 0.000, 0.340,  8
train,    1435, 42.808873,   15, 0.42,    6, 0.000, 0.000, 0.340,  8
train,    1436, 29.694271,   15, 0.39,    4, 0.000, 0.000, 0.340,  8
train,    1437, 32.257040,   19, 0.42,    6, 0.000, 0.000, 0.340,  8
train,    1438, 33.320379,   17, 0.43,    5, 0.000, 0.000, 0.340,  8
train,    1439, 36.054045,   17, 0.41,    5, 0.000, 0.000, 0.340,  8
val,      1439, 21.574939, 0.3124,  15.3050,   7.1428, 0.6434,  20.6061
train,    1440, 24.400229,   15, 0.33,    6, 0.000, 0.000, 0.340,  8
update,   1440,   40,  514, 25.540231, 0.000000
train,    1441, 20.996419,   15, 0.35,    7, 0.000, 0.000, 0.340,  8
train,    1442, 21.009332,   15, 0.43,    7, 0.000, 0.000, 0.340,  8
train,    1443, 20.864631,   15, 0.34,    6, 0.000, 0.000, 0.340,  8
train,    1444, 25.103609,   15, 0.33,    6, 0.000, 0.000, 0.340,  8
train,    1445, 17.574345,   15, 0.39,    7, 0.000, 0.000, 0.340,  8
train,    1446, 28.478465,   16, 0.35,    6, 0.000, 0.000, 0.340,  8
train,    1447, 28.487504,   16, 0.46,    5, 0.000, 0.000, 0.340,  8
train,    1448, 31.443506,   16, 0.41,    5, 0.000, 0.000, 0.340,  8
train,    1449, 10.436195,   19, 0.33,    7, 0.000, 0.000, 0.340,  8
val,      1449, 19.074904, 0.3026,  15.4518,   7.1936, 0.6796,  20.5867
train,    1450, 24.578926,   17, 0.41,    9, 0.000, 0.000, 0.340,  8
train,    1451, 10.727300,   13, 0.40,    6, 0.000, 0.000, 0.340,  8
train,    1452, 13.225114,   16, 0.45,    6, 0.000, 0.000, 0.340,  8
train,    1453, 6.745525,   15, 0.46,    5, 0.000, 0.000, 0.340,  8
train,    1454, 18.111989,   17, 0.42,    9, 0.000, 0.000, 0.340,  8
train,    1455, 11.574542,   15, 0.41,    7, 0.000, 0.000, 0.340,  8
train,    1456, 24.587160,   16, 0.40,    5, 0.000, 0.000, 0.340,  8
train,    1457, 12.022099,   16, 0.35,    7, 0.000, 0.000, 0.340,  8
train,    1458, 10.517645,   16, 0.40,    5, 0.000, 0.000, 0.340,  8
train,    1459, 4.469270,   15, 0.37,    7, 0.000, 0.000, 0.340,  8
val,      1459, 22.062187, 0.2665,  15.4725,   7.3744, 0.7224,  20.6147
train,    1460, 21.397248,   15, 0.42,    7, 0.000, 0.000, 0.340,  8
train,    1461, 3.838578,   15, 0.39,    8, 0.000, 0.000, 0.340,  8
train,    1462, 15.278578,   17, 0.43,    6, 0.000, 0.000, 0.340,  8
train,    1463, 15.700635,   16, 0.40,    8, 0.000, 0.000, 0.340,  8
train,    1464, 13.420191,   16, 0.39,    8, 0.000, 0.000, 0.340,  8
train,    1465, 10.217839,   16, 0.32,    8, 0.000, 0.000, 0.340,  8
train,    1466, 29.560886,   18, 0.37,    9, 0.000, 0.000, 0.340,  8
train,    1467, 20.571245,   16, 0.38,    8, 0.000, 0.000, 0.340,  8
train,    1468, 9.732038,   17, 0.44,    8, 0.000, 0.000, 0.340,  8
train,    1469, 20.354621,   16, 0.40,    8, 0.000, 0.000, 0.340,  8
val,      1469, 25.640252, 0.3196,  15.4547,   7.2518, 0.6548,  20.6287
train,    1470, 19.718085,   16, 0.29,    7, 0.000, 0.000, 0.340,  8
train,    1471, 14.462557,   15, 0.37,    7, 0.000, 0.000, 0.340,  8
train,    1472, 27.801915,   14, 0.41,    7, 0.000, 0.000, 0.340,  8
train,    1473, 23.128594,   15, 0.42,    8, 0.000, 0.000, 0.340,  8
train,    1474, 25.350076,   16, 0.36,    8, 0.000, 0.000, 0.340,  8
train,    1475, 17.648420,   15, 0.35,    7, 0.000, 0.000, 0.340,  8
train,    1476, 21.125375,   16, 0.42,    8, 0.000, 0.000, 0.340,  8
update,   1476,   41,  508, 20.809110, 0.000000
train,    1477, 26.126070,   16, 0.34,    7, 0.000, 0.000, 0.340,  8
train,    1478, 35.016828,   16, 0.38,    9, 0.000, 0.000, 0.340,  8
train,    1479, 37.979655,   16, 0.51,    9, 0.000, 0.000, 0.340,  8
val,      1479, 26.538936, 0.3109,  15.1377,   7.0596, 0.6297,  20.5157
train,    1480, 19.767831,   15, 0.42,    7, 0.000, 0.000, 0.340,  8
train,    1481, 33.444400,   15, 0.40,    9, 0.000, 0.000, 0.340,  8
train,    1482, 24.812457,   16, 0.39,    7, 0.000, 0.000, 0.340,  8
train,    1483, 17.317167,   16, 0.39,    7, 0.000, 0.000, 0.340,  8
train,    1484, 32.522360,   15, 0.34,    7, 0.000, 0.000, 0.340,  8
train,    1485, 36.567360,   17, 0.37,    7, 0.000, 0.000, 0.340,  8
train,    1486, 21.765048,   16, 0.34,    8, 0.000, 0.000, 0.340,  8
train,    1487, 16.784947,   16, 0.40,    7, 0.000, 0.000, 0.340,  8
train,    1488, 29.795188,   17, 0.36,    7, 0.000, 0.000, 0.340,  8
train,    1489, 31.523074,   16, 0.42,    8, 0.000, 0.000, 0.340,  8
val,      1489, 26.952659, 0.3191,  15.7156,   7.3509, 0.6520,  20.6418
train,    1490, 14.000948,   17, 0.33,    7, 0.000, 0.000, 0.340,  8
train,    1491, 11.093643,   16, 0.47,    7, 0.000, 0.000, 0.340,  8
train,    1492, 27.515344,   16, 0.37,    7, 0.000, 0.000, 0.340,  8
train,    1493, 25.031879,   15, 0.45,    6, 0.000, 0.000, 0.340,  8
train,    1494, 27.513380,   16, 0.47,    9, 0.000, 0.000, 0.340,  8
train,    1495, 16.724038,   16, 0.41,    8, 0.000, 0.000, 0.340,  8
train,    1496, 16.219796,   17, 0.37,    7, 0.000, 0.000, 0.340,  8
train,    1497, 16.253259,   17, 0.40,    8, 0.000, 0.000, 0.340,  8
train,    1498, 21.471124,   16, 0.37,    7, 0.000, 0.000, 0.340,  8
train,    1499, 22.922430,   17, 0.40,    7, 0.000, 0.000, 0.340,  8
val,      1499, 24.725228, 0.2553,  14.9768,   7.3680, 0.6589,  20.5358
train,    1500, 22.091005,   15, 0.36,    6, 0.000, 0.000, 0.340,  8
train,    1501, 13.242592,   15, 0.37,    8, 0.000, 0.000, 0.340,  8
train,    1502, 18.168694,   15, 0.43,    6, 0.000, 0.000, 0.340,  8
train,    1503, 4.655494,   17, 0.44,    6, 0.000, 0.000, 0.340,  8
train,    1504, 21.904289,   15, 0.38,    7, 0.000, 0.000, 0.340,  8
train,    1505, 16.185649,   15, 0.43,    6, 0.000, 0.000, 0.340,  8
train,    1506, 2.806667,   16, 0.44,    6, 0.000, 0.000, 0.340,  8
train,    1507, 9.815590,   16, 0.41,    7, 0.000, 0.000, 0.340,  8
train,    1508, 17.464189,   16, 0.40,    6, 0.000, 0.000, 0.340,  8
train,    1509, 16.819873,   16, 0.45,    8, 0.000, 0.000, 0.340,  8
val,      1509, 25.226135, 0.2989,  15.8292,   7.2006, 0.7062,  20.4762
train,    1510, 8.903792,   16, 0.38,    8, 0.000, 0.000, 0.340,  8
train,    1511, 15.972871,   16, 0.40,    7, 0.000, 0.000, 0.340,  8
train,    1512, 17.767056,   15, 0.36,    7, 0.000, 0.000, 0.340,  8
update,   1512,   42,  508, 23.290924, 0.000000
train,    1513, 18.205551,   16, 0.39,    5, 0.000, 0.000, 0.340,  8
train,    1514, 18.523517,   16, 0.35,    6, 0.000, 0.000, 0.340,  8
train,    1515, 21.422465,   16, 0.40,    7, 0.000, 0.000, 0.340,  8
train,    1516, 20.448732,   16, 0.37,    6, 0.000, 0.000, 0.340,  8
train,    1517, 19.216151,   15, 0.37,    5, 0.000, 0.000, 0.340,  8
train,    1518, 36.062990,   16, 0.46,    5, 0.000, 0.000, 0.340,  8
train,    1519, 23.626066,   16, 0.36,    4, 0.000, 0.000, 0.340,  8
val,      1519, 22.535369, 0.2920,  15.2385,   7.1428, 0.6668,  20.6207
train,    1520, 17.428510,   16, 0.42,    6, 0.000, 0.000, 0.340,  8
train,    1521, 34.494878,   15, 0.42,    7, 0.000, 0.000, 0.340,  8
train,    1522, 36.701848,   15, 0.33,    5, 0.000, 0.000, 0.340,  8
train,    1523, 46.000000,   16, 0.39,    4, 0.000, 0.000, 0.340,  8
train,    1524, 33.208903,   16, 0.35,    4, 0.000, 0.000, 0.340,  8
train,    1525, 37.159899,   16, 0.44,    4, 0.000, 0.000, 0.340,  8
train,    1526, 35.921435,   17, 0.34,    5, 0.000, 0.000, 0.340,  8
train,    1527, 30.489535,   16, 0.40,    5, 0.000, 0.000, 0.340,  8
train,    1528, 38.025182,   16, 0.35,    4, 0.000, 0.000, 0.340,  8
train,    1529, 35.639640,   15, 0.39,    5, 0.000, 0.000, 0.340,  8
val,      1529, 22.149340, 0.3563,  15.5455,   7.1485, 0.6718,  20.5471
train,    1530, 37.745531,   14, 0.42,    6, 0.000, 0.000, 0.340,  8
train,    1531, 43.045194,   15, 0.40,    5, 0.000, 0.000, 0.340,  8
train,    1532, 35.382504,   16, 0.45,    4, 0.000, 0.000, 0.340,  8
train,    1533, 38.605270,   16, 0.48,    4, 0.000, 0.000, 0.340,  8
train,    1534, 41.753199,   16, 0.38,    5, 0.000, 0.000, 0.340,  8
train,    1535, 36.755685,   16, 0.43,    6, 0.000, 0.000, 0.340,  8
train,    1536, 36.253684,   17, 0.38,    5, 0.000, 0.000, 0.340,  8
train,    1537, 44.416017,   17, 0.41,    6, 0.000, 0.000, 0.340,  8
train,    1538, 32.829157,   16, 0.39,    5, 0.000, 0.000, 0.340,  8
train,    1539, 33.257266,   14, 0.41,    5, 0.000, 0.000, 0.340,  8
val,      1539, 25.842611, 0.3150,  15.4803,   7.2312, 0.6387,  20.5321
train,    1540, 27.761666,   17, 0.36,    5, 0.000, 0.000, 0.340,  8
train,    1541, 35.741385,   16, 0.42,    4, 0.000, 0.000, 0.340,  8
train,    1542, 28.335625,   15, 0.40,    6, 0.000, 0.000, 0.340,  8
train,    1543, 39.298190,   16, 0.37,    5, 0.000, 0.000, 0.340,  8
train,    1544, 38.636987,   16, 0.41,    4, 0.000, 0.000, 0.340,  8
train,    1545, 24.581320,   15, 0.35,    5, 0.000, 0.000, 0.340,  8
train,    1546, 28.980108,   16, 0.46,    3, 0.000, 0.000, 0.340,  8
train,    1547, 24.384536,   17, 0.41,    4, 0.000, 0.000, 0.340,  8
train,    1548, 27.519167,   16, 0.42,    5, 0.000, 0.000, 0.340,  8
update,   1548,   43,  509, 24.560887, 0.000000
train,    1549, 21.694000,   16, 0.47,    4, 0.000, 0.000, 0.340,  8
val,      1549, 27.032552, 0.2765,  15.4075,   6.9606, 0.6775,  20.5539
train,    1550, 13.376413,   16, 0.34,    4, 0.000, 0.000, 0.340,  8
train,    1551, 13.217590,   15, 0.33,    5, 0.000, 0.000, 0.340,  8
train,    1552, 5.956088,   15, 0.36,    4, 0.000, 0.000, 0.340,  8
train,    1553, 21.796419,   18, 0.40,    5, 0.000, 0.000, 0.340,  8
train,    1554, 19.784385,   16, 0.43,    4, 0.000, 0.000, 0.340,  8
train,    1555, 19.962379,   15, 0.44,    4, 0.000, 0.000, 0.340,  8
train,    1556, 4.457251,   15, 0.37,    5, 0.000, 0.000, 0.340,  8
train,    1557, 21.242498,   15, 0.40,    4, 0.000, 0.000, 0.340,  8
train,    1558, 18.199433,   14, 0.39,    4, 0.000, 0.000, 0.340,  8
train,    1559, 14.020355,   16, 0.36,    5, 0.000, 0.000, 0.340,  8
val,      1559, 28.914894, 0.3037,  15.5562,   7.2939, 0.6625,  20.5910
train,    1560, 12.422553,   17, 0.34,    4, 0.000, 0.000, 0.340,  8
train,    1561, 13.724955,   15, 0.31,    3, 0.000, 0.000, 0.340,  8
train,    1562, 16.204904,   15, 0.42,    6, 0.000, 0.000, 0.340,  8
train,    1563, 18.423097,   16, 0.38,    4, 0.000, 0.000, 0.340,  8
train,    1564, 14.340558,   16, 0.37,    4, 0.000, 0.000, 0.340,  8
train,    1565, 6.838569,   16, 0.40,    4, 0.000, 0.000, 0.340,  8
train,    1566, 10.530325,   15, 0.42,    6, 0.000, 0.000, 0.340,  8
train,    1567, 24.680359,   14, 0.41,    4, 0.000, 0.000, 0.340,  8
train,    1568, 17.415153,   16, 0.40,    4, 0.000, 0.000, 0.340,  8
train,    1569, 24.255706,   17, 0.42,    6, 0.000, 0.000, 0.340,  8
val,      1569, 27.533962, 0.2784,  15.1978,   7.3062, 0.7002,  20.5606
train,    1570, 26.998649,   15, 0.42,    5, 0.000, 0.000, 0.340,  8
train,    1571, 22.561745,   17, 0.33,    4, 0.000, 0.000, 0.340,  8
train,    1572, 33.959294,   16, 0.40,    7, 0.000, 0.000, 0.340,  8
train,    1573, 20.428066,   17, 0.38,    4, 0.000, 0.000, 0.340,  8
train,    1574, 18.292728,   15, 0.39,    5, 0.000, 0.000, 0.340,  8
train,    1575, 34.094624,   17, 0.39,    5, 0.000, 0.000, 0.340,  8
train,    1576, 22.870673,   16, 0.37,    5, 0.000, 0.000, 0.340,  8
train,    1577, 35.665462,   15, 0.40,    4, 0.000, 0.000, 0.340,  8
train,    1578, 31.971209,   17, 0.45,    5, 0.000, 0.000, 0.340,  8
train,    1579, 33.172138,   17, 0.41,    6, 0.000, 0.000, 0.340,  8
val,      1579, 29.134814, 0.3473,  15.2297,   7.1753, 0.6432,  20.6139
train,    1580, 30.094907,   16, 0.33,    8, 0.000, 0.000, 0.340,  8
train,    1581, 30.688245,   15, 0.41,    4, 0.000, 0.000, 0.340,  8
train,    1582, 24.438299,   16, 0.40,    7, 0.000, 0.000, 0.340,  8
train,    1583, 28.654705,   16, 0.36,    7, 0.000, 0.000, 0.340,  8
train,    1584, 25.215644,   15, 0.36,    5, 0.000, 0.000, 0.340,  8
update,   1584,   44,  523, 21.319786, 0.000000
train,    1585, 21.775357,   15, 0.44,    5, 0.000, 0.000, 0.340,  8
train,    1586, 10.364662,   16, 0.39,    6, 0.000, 0.000, 0.340,  8
train,    1587, 30.099820,   15, 0.35,    7, 0.000, 0.000, 0.340,  8
train,    1588, 17.477220,   16, 0.42,    5, 0.000, 0.000, 0.340,  8
train,    1589, 27.622818,   16, 0.33,    8, 0.000, 0.000, 0.340,  8
val,      1589, 31.103697, 0.3184,  15.4617,   7.0259, 0.6739,  20.6888
train,    1590, 33.061178,   16, 0.45,    7, 0.000, 0.000, 0.340,  8
train,    1591, 28.136238,   17, 0.37,    7, 0.000, 0.000, 0.340,  8
train,    1592, 15.092825,   14, 0.39,    7, 0.000, 0.000, 0.340,  8
train,    1593, 15.551178,   15, 0.36,    5, 0.000, 0.000, 0.340,  8
train,    1594, 15.098106,   16, 0.43,    6, 0.000, 0.000, 0.340,  8
train,    1595, 12.454513,   16, 0.41,    7, 0.000, 0.000, 0.340,  8
train,    1596, 15.245250,   18, 0.37,    7, 0.000, 0.000, 0.340,  8
train,    1597, 26.039994,   16, 0.37,    7, 0.000, 0.000, 0.340,  8
train,    1598, 19.060675,   15, 0.42,    7, 0.000, 0.000, 0.340,  8
train,    1599, 7.072751,   16, 0.39,    7, 0.000, 0.000, 0.340,  8
val,      1599, 26.677829, 0.3523,  15.6410,   7.2190, 0.7145,  20.5819
train,    1600, 18.147807,   16, 0.43,   10, 0.000, 0.000, 0.340,  8
train,    1601, -0.661006,   17, 0.46,    8, 0.000, 0.000, 0.340,  8
train,    1602, 17.314394,   15, 0.33,    6, 0.000, 0.000, 0.340,  8
train,    1603, 4.563737,   16, 0.44,    8, 0.000, 0.000, 0.340,  8
train,    1604, 5.258159,   16, 0.37,    7, 0.000, 0.000, 0.340,  8
train,    1605, 10.768715,   15, 0.41,    7, 0.000, 0.000, 0.340,  8
train,    1606, 8.873516,   16, 0.49,    6, 0.000, 0.000, 0.340,  8
train,    1607, 14.453803,   16, 0.33,    8, 0.000, 0.000, 0.340,  8
train,    1608, 17.636970,   16, 0.42,    7, 0.000, 0.000, 0.340,  8
train,    1609, 7.479561,   15, 0.43,    8, 0.000, 0.000, 0.340,  8
val,      1609, 27.005808, 0.3177,  15.8463,   7.0639, 0.6842,  20.6053
train,    1610, 15.896652,   15, 0.39,    9, 0.000, 0.000, 0.340,  8
train,    1611, 9.040228,   16, 0.35,    9, 0.000, 0.000, 0.340,  8
train,    1612, 17.634111,   15, 0.40,    7, 0.000, 0.000, 0.340,  8
train,    1613, 15.179364,   16, 0.37,    8, 0.000, 0.000, 0.340,  8
train,    1614, 14.247770,   17, 0.37,    7, 0.000, 0.000, 0.340,  8
train,    1615, 25.942667,   16, 0.40,    6, 0.000, 0.000, 0.340,  8
train,    1616, 19.253253,   17, 0.36,    7, 0.000, 0.000, 0.340,  8
train,    1617, 28.475314,   16, 0.42,    8, 0.000, 0.000, 0.340,  8
train,    1618, 22.534544,   16, 0.40,    8, 0.000, 0.000, 0.340,  8
train,    1619, 18.672395,   17, 0.35,    7, 0.000, 0.000, 0.340,  8
val,      1619, 20.053619, 0.2835,  15.2517,   7.3773, 0.6695,  20.5767
train,    1620, 45.564525,   16, 0.42,    9, 0.000, 0.000, 0.340,  8
update,   1620,   45,  516, 26.270716, 0.000000
train,    1621, 32.376592,   15, 0.33,    7, 0.000, 0.000, 0.340,  8
train,    1622, 24.009490,   15, 0.42,    9, 0.000, 0.000, 0.340,  8
train,    1623, 29.657960,   16, 0.35,    7, 0.000, 0.000, 0.340,  8
train,    1624, 42.581069,   16, 0.34,    8, 0.000, 0.000, 0.340,  8
train,    1625, 27.407134,   15, 0.39,    6, 0.000, 0.000, 0.340,  8
train,    1626, 26.340406,   15, 0.36,    9, 0.000, 0.000, 0.340,  8
train,    1627, 46.000000,   16, 0.30,    6, 0.000, 0.000, 0.340,  8
train,    1628, 38.046026,   17, 0.33,    8, 0.000, 0.000, 0.340,  8
train,    1629, 33.355009,   17, 0.37,    8, 0.000, 0.000, 0.340,  8
val,      1629, 18.850358, 0.2870,  15.4476,   7.1553, 0.6563,  20.5474
train,    1630, 29.397027,   15, 0.43,    6, 0.000, 0.000, 0.340,  8
train,    1631, 37.162014,   15, 0.32,    7, 0.000, 0.000, 0.340,  8
train,    1632, 30.140902,   16, 0.45,    7, 0.000, 0.000, 0.340,  8
train,    1633, 38.025150,   16, 0.38,    7, 0.000, 0.000, 0.340,  8
train,    1634, 38.245044,   16, 0.41,    9, 0.000, 0.000, 0.340,  8
train,    1635, 36.562962,   16, 0.35,    9, 0.000, 0.000, 0.340,  8
train,    1636, 27.643519,   17, 0.41,    7, 0.000, 0.000, 0.340,  8
train,    1637, 32.204397,   14, 0.43,    8, 0.000, 0.000, 0.340,  8
train,    1638, 31.238071,   15, 0.34,    6, 0.000, 0.000, 0.340,  8
train,    1639, 24.669896,   17, 0.50,    8, 0.000, 0.000, 0.340,  8
val,      1639, 23.409314, 0.2661,  15.2397,   7.4160, 0.7264,  20.6595
train,    1640, 24.914656,   17, 0.47,    7, 0.000, 0.000, 0.340,  8
train,    1641, 29.906881,   17, 0.37,    6, 0.000, 0.000, 0.340,  8
train,    1642, 30.385722,   15, 0.41,    7, 0.000, 0.000, 0.340,  8
train,    1643, 18.266005,   15, 0.30,    8, 0.000, 0.000, 0.340,  8
train,    1644, 22.637100,   16, 0.37,    7, 0.000, 0.000, 0.340,  8
train,    1645, 22.631023,   15, 0.34,    7, 0.000, 0.000, 0.340,  8
train,    1646, 23.714410,   16, 0.40,    7, 0.000, 0.000, 0.340,  8
train,    1647, 35.331677,   15, 0.34,    7, 0.000, 0.000, 0.340,  8
train,    1648, 22.266694,   16, 0.40,    7, 0.000, 0.000, 0.340,  8
train,    1649, 13.573269,   16, 0.32,    8, 0.000, 0.000, 0.340,  8
val,      1649, 23.999331, 0.2942,  15.4010,   7.1806, 0.6992,  20.6528
train,    1650, 29.933167,   15, 0.39,    8, 0.000, 0.000, 0.340,  8
train,    1651, 7.202825,   16, 0.43,    7, 0.000, 0.000, 0.340,  8
train,    1652, 19.965753,   16, 0.40,    6, 0.000, 0.000, 0.340,  8
train,    1653, 12.265350,   17, 0.42,    7, 0.000, 0.000, 0.340,  8
train,    1654, 31.618989,   17, 0.30,    6, 0.000, 0.000, 0.340,  8
train,    1655, 32.387852,   15, 0.38,    8, 0.000, 0.000, 0.340,  8
train,    1656, 14.783101,   17, 0.35,    6, 0.000, 0.000, 0.340,  8
update,   1656,   46,  528, 25.323211, 0.000000
train,    1657, 28.765149,   17, 0.37,    5, 0.000, 0.000, 0.340,  8
train,    1658, 24.396182,   16, 0.40,    6, 0.000, 0.000, 0.340,  8
train,    1659, 12.398514,   15, 0.39,    5, 0.000, 0.000, 0.340,  8
val,      1659, 25.722733, 0.2783,  15.5890,   7.2915, 0.6891,  20.6553
train,    1660, 13.606148,   15, 0.43,    6, 0.000, 0.000, 0.340,  8
train,    1661, 29.191990,   17, 0.36,    7, 0.000, 0.000, 0.340,  8
train,    1662, 24.381409,   15, 0.31,    5, 0.000, 0.000, 0.340,  8
train,    1663, 18.484744,   15, 0.37,    5, 0.000, 0.000, 0.340,  8
train,    1664, 15.275911,   16, 0.38,    6, 0.000, 0.000, 0.340,  8
train,    1665, 27.726754,   15, 0.37,    6, 0.000, 0.000, 0.340,  8
train,    1666, 31.184842,   15, 0.35,    6, 0.000, 0.000, 0.340,  8
train,    1667, 29.959305,   17, 0.39,    6, 0.000, 0.000, 0.340,  8
train,    1668, 27.990195,   16, 0.40,    6, 0.000, 0.000, 0.340,  8
train,    1669, 31.729473,   16, 0.39,    6, 0.000, 0.000, 0.340,  8
val,      1669, 26.440697, 0.2537,  15.2677,   7.3200, 0.7387,  20.5786
train,    1670, 30.463127,   16, 0.42,    6, 0.000, 0.000, 0.340,  8
train,    1671, 34.541670,   17, 0.44,    5, 0.000, 0.000, 0.340,  8
train,    1672, 33.943624,   16, 0.38,    5, 0.000, 0.000, 0.340,  8
train,    1673, 37.111515,   17, 0.38,    7, 0.000, 0.000, 0.340,  8
train,    1674, 42.499226,   16, 0.29,    4, 0.000, 0.000, 0.340,  8
train,    1675, 31.250814,   18, 0.40,    6, 0.000, 0.000, 0.340,  8
train,    1676, 40.831920,   17, 0.40,    5, 0.000, 0.000, 0.340,  8
train,    1677, 39.149582,   15, 0.40,    5, 0.000, 0.000, 0.340,  8
train,    1678, 36.504194,   17, 0.37,    4, 0.000, 0.000, 0.340,  8
train,    1679, 21.574757,   15, 0.34,    4, 0.000, 0.000, 0.340,  8
val,      1679, 29.326834, 0.2815,  15.5509,   6.9512, 0.6567,  20.5752
train,    1680, 32.544144,   16, 0.40,    6, 0.000, 0.000, 0.340,  8
train,    1681, 34.402754,   16, 0.39,    4, 0.000, 0.000, 0.340,  8
train,    1682, 42.703063,   17, 0.35,    4, 0.000, 0.000, 0.340,  8
train,    1683, 27.000785,   16, 0.40,    6, 0.000, 0.000, 0.340,  8
train,    1684, 26.058146,   15, 0.34,    4, 0.000, 0.000, 0.340,  8
train,    1685, 34.680626,   15, 0.40,    5, 0.000, 0.000, 0.340,  8
train,    1686, 27.430713,   16, 0.35,    4, 0.000, 0.000, 0.340,  8
train,    1687, 26.125887,   16, 0.38,    4, 0.000, 0.000, 0.340,  8
train,    1688, 29.473797,   17, 0.34,    4, 0.000, 0.000, 0.340,  8
train,    1689, 24.534545,   17, 0.36,    4, 0.000, 0.000, 0.340,  8
val,      1689, 27.221517, 0.2775,  15.1357,   7.2880, 0.6751,  20.6294
train,    1690, 20.597598,   17, 0.40,    4, 0.000, 0.000, 0.340,  8
train,    1691, 23.497872,   16, 0.28,    6, 0.000, 0.000, 0.340,  8
train,    1692, 22.530963,   15, 0.38,    4, 0.000, 0.000, 0.340,  8
update,   1692,   47,  520, 27.443592, 0.000000
train,    1693, 21.435554,   16, 0.31,    5, 0.000, 0.000, 0.340,  8
train,    1694, 26.972687,   16, 0.37,    4, 0.000, 0.000, 0.340,  8
train,    1695, 15.200771,   16, 0.35,    5, 0.000, 0.000, 0.340,  8
train,    1696, 9.953510,   15, 0.40,    4, 0.000, 0.000, 0.340,  8
train,    1697, 25.420624,   16, 0.34,    3, 0.000, 0.000, 0.340,  8
train,    1698, 23.591434,   15, 0.41,    5, 0.000, 0.000, 0.340,  8
train,    1699, 12.597582,   16, 0.36,    4, 0.000, 0.000, 0.340,  8
val,      1699, 27.323642, 0.3359,  14.9895,   7.3197, 0.7087,  20.6354
train,    1700, 16.386533,   18, 0.38,    5, 0.000, 0.000, 0.340,  8
train,    1701, 13.918393,   15, 0.28,    6, 0.000, 0.000, 0.340,  8
train,    1702, 10.044439,   15, 0.33,    6, 0.000, 0.000, 0.340,  8
train,    1703, 14.734231,   16, 0.36,    5, 0.000, 0.000, 0.340,  8
train,    1704, 6.302665,   15, 0.40,    4, 0.000, 0.000, 0.340,  8
train,    1705, 9.727812,   16, 0.31,    4, 0.000, 0.000, 0.340,  8
train,    1706, 23.213710,   16, 0.33,    5, 0.000, 0.000, 0.340,  8
train,    1707, 24.603701,   17, 0.31,    3, 0.000, 0.000, 0.340,  8
train,    1708, 14.364414,   17, 0.40,    4, 0.000, 0.000, 0.340,  8
train,    1709, 19.463608,   17, 0.35,    5, 0.000, 0.000, 0.340,  8
val,      1709, 21.610404, 0.2889,  15.4750,   7.1440, 0.6916,  20.6568
train,    1710, 23.883552,   16, 0.38,    5, 0.000, 0.000, 0.340,  8
train,    1711, 30.440869,   16, 0.37,    5, 0.000, 0.000, 0.340,  8
train,    1712, 15.920828,   16, 0.39,    5, 0.000, 0.000, 0.340,  8
train,    1713, 17.439593,   14, 0.43,    5, 0.000, 0.000, 0.340,  8
train,    1714, 16.720791,   16, 0.42,    6, 0.000, 0.000, 0.340,  8
train,    1715, 5.745424,   17, 0.38,    4, 0.000, 0.000, 0.340,  8
train,    1716, 29.277662,   15, 0.40,    5, 0.000, 0.000, 0.340,  8
train,    1717, 33.635238,   15, 0.33,    4, 0.000, 0.000, 0.340,  8
train,    1718, 33.396849,   18, 0.35,    5, 0.000, 0.000, 0.340,  8
train,    1719, 33.067463,   16, 0.33,    3, 0.000, 0.000, 0.340,  8
val,      1719, 21.845474, 0.2853,  15.7368,   6.9452, 0.7308,  20.6335
train,    1720, 19.747500,   18, 0.41,    5, 0.000, 0.000, 0.340,  8
train,    1721, 23.372814,   17, 0.34,    6, 0.000, 0.000, 0.340,  8
train,    1722, 30.964473,   17, 0.37,    5, 0.000, 0.000, 0.340,  8
train,    1723, 31.648284,   17, 0.40,    6, 0.000, 0.000, 0.340,  8
train,    1724, 35.257429,   14, 0.31,    6, 0.000, 0.000, 0.340,  8
train,    1725, 34.442224,   17, 0.47,    7, 0.000, 0.000, 0.340,  8
train,    1726, 22.876544,   15, 0.40,    5, 0.000, 0.000, 0.340,  8
train,    1727, 29.382238,   16, 0.34,    6, 0.000, 0.000, 0.340,  8
train,    1728, 30.087042,   17, 0.41,    4, 0.000, 0.000, 0.340,  8
update,   1728,   48,  527, 21.653777, 0.000000
train,    1729, 32.284757,   17, 0.38,    6, 0.000, 0.000, 0.340,  8
val,      1729, 22.707883, 0.3039,  14.8319,   7.2069, 0.6566,  20.6021
train,    1730, 31.013196,   16, 0.40,    5, 0.000, 0.000, 0.340,  8
train,    1731, 22.629040,   16, 0.35,    6, 0.000, 0.000, 0.340,  8
train,    1732, 30.410831,   17, 0.38,    6, 0.000, 0.000, 0.340,  8
train,    1733, 25.161937,   17, 0.34,    7, 0.000, 0.000, 0.340,  8
train,    1734, 30.435953,   16, 0.34,    6, 0.000, 0.000, 0.340,  8
train,    1735, 20.239450,   17, 0.42,    6, 0.000, 0.000, 0.340,  8
train,    1736, 36.436012,   15, 0.37,    6, 0.000, 0.000, 0.340,  8
train,    1737, 28.375671,   16, 0.35,    6, 0.000, 0.000, 0.340,  8
train,    1738, 32.518323,   15, 0.36,    5, 0.000, 0.000, 0.340,  8
train,    1739, 30.553379,   16, 0.39,    6, 0.000, 0.000, 0.340,  8
val,      1739, 22.542389, 0.3060,  15.3493,   7.1776, 0.6685,  20.6704
train,    1740, 14.669118,   15, 0.41,    7, 0.000, 0.000, 0.340,  8
train,    1741, 14.127769,   15, 0.43,    6, 0.000, 0.000, 0.340,  8
train,    1742, 32.864733,   17, 0.43,    6, 0.000, 0.000, 0.340,  8
train,    1743, 20.921085,   15, 0.33,    7, 0.000, 0.000, 0.340,  8
train,    1744, 27.573711,   16, 0.34,    7, 0.000, 0.000, 0.340,  8
train,    1745, 24.114785,   17, 0.43,    7, 0.000, 0.000, 0.340,  8
train,    1746, 26.074977,   16, 0.42,    5, 0.000, 0.000, 0.340,  8
train,    1747, 18.880864,   16, 0.35,    7, 0.000, 0.000, 0.340,  8
train,    1748, 19.492741,   16, 0.40,    7, 0.000, 0.000, 0.340,  8
train,    1749, 24.178770,   15, 0.35,    7, 0.000, 0.000, 0.340,  8
val,      1749, 24.482540, 0.2659,  15.7360,   7.0143, 0.6883,  20.6224
train,    1750, 16.755714,   15, 0.43,    9, 0.000, 0.000, 0.340,  8
train,    1751, 20.289139,   17, 0.34,    9, 0.000, 0.000, 0.340,  8
train,    1752, 9.293997,   16, 0.37,    8, 0.000, 0.000, 0.340,  8
train,    1753, 17.946788,   16, 0.45,    9, 0.000, 0.000, 0.340,  8
train,    1754, 29.111939,   16, 0.38,    7, 0.000, 0.000, 0.340,  8
train,    1755, 21.243948,   16, 0.38,    9, 0.000, 0.000, 0.340,  8
train,    1756, 25.832790,   17, 0.41,    8, 0.000, 0.000, 0.340,  8
train,    1757, 22.858930,   16, 0.36,    8, 0.000, 0.000, 0.340,  8
train,    1758, 28.911844,   16, 0.42,    7, 0.000, 0.000, 0.340,  8
train,    1759, 17.197930,   16, 0.40,    7, 0.000, 0.000, 0.340,  8
val,      1759, 29.524299, 0.2372,  15.7821,   7.1255, 0.6761,  20.6449
train,    1760, 32.971513,   14, 0.37,    7, 0.000, 0.000, 0.340,  8
train,    1761, 34.708031,   16, 0.31,    8, 0.000, 0.000, 0.340,  8
train,    1762, 25.002134,   16, 0.33,    8, 0.000, 0.000, 0.340,  8
train,    1763, 37.263458,   15, 0.36,    7, 0.000, 0.000, 0.340,  8
train,    1764, 26.733093,   16, 0.43,    9, 0.000, 0.000, 0.340,  8
update,   1764,   49,  517, 28.045393, 0.000000
train,    1765, 30.837359,   16, 0.35,    7, 0.000, 0.000, 0.340,  8
train,    1766, 33.525780,   16, 0.37,    8, 0.000, 0.000, 0.340,  8
train,    1767, 29.093784,   15, 0.38,    8, 0.000, 0.000, 0.340,  8
train,    1768, 40.151970,   16, 0.37,    8, 0.000, 0.000, 0.340,  8
train,    1769, 30.560787,   15, 0.37,    8, 0.000, 0.000, 0.340,  8
val,      1769, 27.744747, 0.2595,  15.7381,   7.3554, 0.7291,  20.5663
train,    1770, 40.357215,   16, 0.33,    7, 0.000, 0.000, 0.340,  8
train,    1771, 38.216906,   16, 0.33,    8, 0.000, 0.000, 0.340,  8
train,    1772, 41.488321,   16, 0.38,    8, 0.000, 0.000, 0.340,  8
train,    1773, 19.146308,   16, 0.36,   10, 0.000, 0.000, 0.340,  8
train,    1774, 40.667675,   15, 0.41,    7, 0.000, 0.000, 0.340,  8
train,    1775, 38.064472,   16, 0.32,    8, 0.000, 0.000, 0.340,  8
train,    1776, 38.102716,   16, 0.45,    6, 0.000, 0.000, 0.340,  8
train,    1777, 30.057771,   15, 0.34,    9, 0.000, 0.000, 0.340,  8
train,    1778, 30.313983,   15, 0.33,    7, 0.000, 0.000, 0.340,  8
train,    1779, 42.685696,   17, 0.38,    8, 0.000, 0.000, 0.340,  8
val,      1779, 31.123094, 0.2994,  15.6752,   7.0484, 0.6951,  20.5580
train,    1780, 41.271473,   16, 0.39,    7, 0.000, 0.000, 0.340,  8
train,    1781, 19.213110,   15, 0.35,    9, 0.000, 0.000, 0.340,  8
train,    1782, 29.532388,   16, 0.35,    8, 0.000, 0.000, 0.340,  8
train,    1783, 36.557500,   17, 0.39,    7, 0.000, 0.000, 0.340,  8
train,    1784, 39.391182,   15, 0.39,    6, 0.000, 0.000, 0.340,  8
train,    1785, 16.718094,   16, 0.36,    7, 0.000, 0.000, 0.340,  8
train,    1786, 26.650093,   17, 0.35,    7, 0.000, 0.000, 0.340,  8
train,    1787, 17.219180,   17, 0.41,    7, 0.000, 0.000, 0.340,  8
train,    1788, 27.337754,   15, 0.33,    6, 0.000, 0.000, 0.340,  8
train,    1789, 16.911660,   16, 0.37,    8, 0.000, 0.000, 0.340,  8
val,      1789, 33.079875, 0.3437,  15.4868,   7.1740, 0.7539,  20.6662
train,    1790, 23.343327,   16, 0.33,    7, 0.000, 0.000, 0.340,  8
train,    1791, 24.777417,   16, 0.35,    6, 0.000, 0.000, 0.340,  8
train,    1792, 12.409264,   16, 0.35,    8, 0.000, 0.000, 0.340,  8
train,    1793, 22.836262,   16, 0.34,    8, 0.000, 0.000, 0.340,  8
train,    1794, 22.241070,   18, 0.40,    9, 0.000, 0.000, 0.340,  8
train,    1795, 15.832490,   15, 0.40,    5, 0.000, 0.000, 0.340,  8
train,    1796, 24.803751,   16, 0.36,    7, 0.000, 0.000, 0.340,  8
train,    1797, 7.916751,   16, 0.34,    7, 0.000, 0.000, 0.340,  8
train,    1798, 7.388473,   16, 0.28,    5, 0.000, 0.000, 0.340,  8
train,    1799, 15.754130,   16, 0.36,    6, 0.000, 0.000, 0.340,  8
val,      1799, 24.696222, 0.3578,  15.1850,   7.0574, 0.7204,  20.6550
train,    1800, 13.400672,   17, 0.45,    8, 0.000, 0.000, 0.340,  8
update,   1800,   50,  528, 27.876275, 0.000000
train,    1801, 17.708585,   17, 0.35,    6, 0.000, 0.000, 0.340,  8
train,    1802, 5.902519,   16, 0.36,    6, 0.000, 0.000, 0.340,  8
train,    1803, 12.916644,   15, 0.34,    5, 0.000, 0.000, 0.340,  8
train,    1804, 18.482818,   16, 0.34,    6, 0.000, 0.000, 0.340,  8
train,    1805, 18.143855,   16, 0.37,    5, 0.000, 0.000, 0.340,  8
train,    1806, 13.332167,   15, 0.39,    5, 0.000, 0.000, 0.340,  8
train,    1807, 17.880956,   16, 0.29,    5, 0.000, 0.000, 0.340,  8
train,    1808, 20.733340,   15, 0.48,    5, 0.000, 0.000, 0.340,  8
train,    1809, 9.040113,   15, 0.34,    6, 0.000, 0.000, 0.340,  8
val,      1809, 24.579108, 0.2904,  15.4113,   7.1890, 0.6793,  20.6405
train,    1810, 27.036952,   15, 0.40,    6, 0.000, 0.000, 0.340,  8
train,    1811, 29.255697,   16, 0.39,    5, 0.000, 0.000, 0.340,  8
train,    1812, 16.303350,   17, 0.38,    4, 0.000, 0.000, 0.340,  8
train,    1813, 21.622723,   15, 0.39,    7, 0.000, 0.000, 0.340,  8
train,    1814, 18.235591,   16, 0.40,    7, 0.000, 0.000, 0.340,  8
train,    1815, 26.425178,   16, 0.44,    5, 0.000, 0.000, 0.340,  8
train,    1816, 31.987588,   16, 0.38,    5, 0.000, 0.000, 0.340,  8
train,    1817, 27.982483,   16, 0.38,    3, 0.000, 0.000, 0.340,  8
train,    1818, 25.444895,   15, 0.37,    3, 0.000, 0.000, 0.340,  8
train,    1819, 33.313341,   16, 0.32,    6, 0.000, 0.000, 0.340,  8
val,      1819, 25.282880, 0.3210,  15.5676,   6.9955, 0.7285,  20.6898
train,    1820, 33.750138,   17, 0.36,    5, 0.000, 0.000, 0.340,  8
train,    1821, 24.733928,   16, 0.33,    4, 0.000, 0.000, 0.340,  8
train,    1822, 29.066896,   16, 0.37,    5, 0.000, 0.000, 0.340,  8
train,    1823, 46.000000,   18, 0.40,    5, 0.000, 0.000, 0.340,  8
train,    1824, 32.256385,   16, 0.35,    4, 0.000, 0.000, 0.340,  8
train,    1825, 36.929650,   16, 0.41,    4, 0.000, 0.000, 0.340,  8
train,    1826, 46.000000,   16, 0.34,    4, 0.000, 0.000, 0.340,  8
train,    1827, 35.617677,   16, 0.35,    4, 0.000, 0.000, 0.340,  8
train,    1828, 23.845595,   15, 0.48,    5, 0.000, 0.000, 0.340,  8
train,    1829, 40.439816,   16, 0.40,    5, 0.000, 0.000, 0.340,  8
val,      1829, 23.779738, 0.2875,  15.5238,   7.1602, 0.7185,  20.5998
train,    1830, 23.011319,   17, 0.37,    5, 0.000, 0.000, 0.340,  8
train,    1831, 29.949759,   17, 0.42,    4, 0.000, 0.000, 0.340,  8
train,    1832, 23.715227,   14, 0.33,    4, 0.000, 0.000, 0.340,  8
train,    1833, 31.822675,   16, 0.35,    3, 0.000, 0.000, 0.340,  8
train,    1834, 28.990549,   15, 0.38,    4, 0.000, 0.000, 0.340,  8
train,    1835, 26.128513,   17, 0.34,    4, 0.000, 0.000, 0.340,  8
train,    1836, 20.697984,   16, 0.34,    3, 0.000, 0.000, 0.340,  8
update,   1836,   51,  512, 27.248911, 0.000000
train,    1837, 26.346459,   16, 0.37,    6, 0.000, 0.000, 0.340,  8
train,    1838, 16.081549,   16, 0.30,    5, 0.000, 0.000, 0.340,  8
train,    1839, 21.127228,   16, 0.31,    4, 0.000, 0.000, 0.340,  8
val,      1839, 24.565507, 0.2986,  15.2816,   7.2261, 0.7227,  20.6924
train,    1840, 27.992005,   16, 0.36,    5, 0.000, 0.000, 0.340,  8
train,    1841, 22.374773,   14, 0.37,    4, 0.000, 0.000, 0.340,  8
train,    1842, 16.701953,   16, 0.32,    5, 0.000, 0.000, 0.340,  8
train,    1843, 21.446074,   16, 0.36,    4, 0.000, 0.000, 0.340,  8
train,    1844, 11.963302,   17, 0.30,    4, 0.000, 0.000, 0.340,  8
train,    1845, 13.142897,   15, 0.37,    5, 0.000, 0.000, 0.340,  8
train,    1846, 11.399863,   17, 0.39,    4, 0.000, 0.000, 0.340,  8
train,    1847, 16.171224,   17, 0.33,    6, 0.000, 0.000, 0.340,  8
train,    1848, 21.651461,   16, 0.38,    5, 0.000, 0.000, 0.340,  8
train,    1849, 7.488168,   15, 0.39,    5, 0.000, 0.000, 0.340,  8
val,      1849, 27.672961, 0.3153,  15.3598,   7.2697, 0.6904,  20.5801
train,    1850, 10.279511,   16, 0.39,    5, 0.000, 0.000, 0.340,  8
train,    1851, 16.003873,   17, 0.33,    3, 0.000, 0.000, 0.340,  8
train,    1852, 12.156335,   16, 0.41,    5, 0.000, 0.000, 0.340,  8
train,    1853, 24.741967,   17, 0.47,    4, 0.000, 0.000, 0.340,  8
train,    1854, 21.565173,   17, 0.43,    4, 0.000, 0.000, 0.340,  8
train,    1855, 29.811197,   16, 0.37,    6, 0.000, 0.000, 0.340,  8
train,    1856, 15.140157,   17, 0.31,    6, 0.000, 0.000, 0.340,  8
train,    1857, 16.752159,   17, 0.33,    3, 0.000, 0.000, 0.340,  8
train,    1858, 25.573799,   16, 0.36,    6, 0.000, 0.000, 0.340,  8
train,    1859, 20.580685,   16, 0.34,    4, 0.000, 0.000, 0.340,  8
val,      1859, 30.257446, 0.3089,  15.6941,   7.2626, 0.6884,  20.6248
train,    1860, 28.681498,   17, 0.38,    5, 0.000, 0.000, 0.340,  8
train,    1861, 22.062683,   16, 0.34,    4, 0.000, 0.000, 0.340,  8
train,    1862, 23.693572,   17, 0.29,    5, 0.000, 0.000, 0.340,  8
train,    1863, 27.001640,   16, 0.30,    6, 0.000, 0.000, 0.340,  8
train,    1864, 37.321762,   16, 0.35,    4, 0.000, 0.000, 0.340,  8
train,    1865, 24.771496,   15, 0.36,    6, 0.000, 0.000, 0.340,  8
train,    1866, 33.114192,   17, 0.45,    5, 0.000, 0.000, 0.340,  8
train,    1867, 34.196780,   16, 0.42,    4, 0.000, 0.000, 0.340,  8
train,    1868, 37.479710,   18, 0.32,    6, 0.000, 0.000, 0.340,  8
train,    1869, 38.175669,   16, 0.29,    6, 0.000, 0.000, 0.340,  8
val,      1869, 28.584241, 0.3089,  15.4896,   7.1291, 0.7063,  20.6282
train,    1870, 38.269777,   16, 0.30,    5, 0.000, 0.000, 0.340,  8
train,    1871, 39.025646,   16, 0.34,    7, 0.000, 0.000, 0.340,  8
train,    1872, 35.491124,   17, 0.34,    4, 0.000, 0.000, 0.340,  8
update,   1872,   52,  517, 25.722769, 0.000000
train,    1873, 31.984114,   17, 0.37,    6, 0.000, 0.000, 0.340,  8
train,    1874, 31.774774,   16, 0.35,    5, 0.000, 0.000, 0.340,  8
train,    1875, 25.229470,   17, 0.35,    7, 0.000, 0.000, 0.340,  8
train,    1876, 26.004043,   16, 0.37,    6, 0.000, 0.000, 0.340,  8
train,    1877, 32.234365,   15, 0.32,    6, 0.000, 0.000, 0.340,  8
train,    1878, 25.159669,   15, 0.43,    8, 0.000, 0.000, 0.340,  8
train,    1879, 25.598829,   16, 0.41,    5, 0.000, 0.000, 0.340,  8
val,      1879, 26.053976, 0.3261,  15.5008,   7.3738, 0.6886,  20.5789
train,    1880, 35.630285,   16, 0.38,    6, 0.000, 0.000, 0.340,  8
train,    1881, 34.208526,   16, 0.30,    7, 0.000, 0.000, 0.340,  8
train,    1882, 30.521278,   17, 0.29,    7, 0.000, 0.000, 0.340,  8
train,    1883, 46.000000,   15, 0.33,    8, 0.000, 0.000, 0.340,  8
train,    1884, 39.095696,   16, 0.35,    7, 0.000, 0.000, 0.340,  8
train,    1885, 26.669098,   17, 0.33,    6, 0.000, 0.000, 0.340,  8
train,    1886, 31.399007,   16, 0.34,    6, 0.000, 0.000, 0.340,  8
train,    1887, 23.791730,   15, 0.39,    6, 0.000, 0.000, 0.340,  8
train,    1888, 33.518660,   15, 0.36,    7, 0.000, 0.000, 0.340,  8
train,    1889, 20.343508,   18, 0.39,    6, 0.000, 0.000, 0.340,  8
val,      1889, 30.825030, 0.3102,  15.6013,   6.9177, 0.6758,  20.5662
train,    1890, 23.562548,   15, 0.33,    7, 0.000, 0.000, 0.340,  8
train,    1891, 26.873171,   16, 0.33,    8, 0.000, 0.000, 0.340,  8
train,    1892, 23.697545,   17, 0.37,    7, 0.000, 0.000, 0.340,  8
train,    1893, 19.847198,   17, 0.42,    7, 0.000, 0.000, 0.340,  8
train,    1894, 14.805475,   16, 0.34,    6, 0.000, 0.000, 0.340,  8
train,    1895, 19.595924,   16, 0.41,    7, 0.000, 0.000, 0.340,  8
train,    1896, 15.622265,   17, 0.37,    8, 0.000, 0.000, 0.340,  8
train,    1897, 24.128308,   15, 0.34,    6, 0.000, 0.000, 0.340,  8
train,    1898, 25.929965,   17, 0.45,    6, 0.000, 0.000, 0.340,  8
train,    1899, 32.575769,   16, 0.32,    6, 0.000, 0.000, 0.340,  8
val,      1899, 28.257296, 0.2206,  15.3827,   7.2875, 0.7107,  20.6195
train,    1900, 21.911797,   16, 0.30,    8, 0.000, 0.000, 0.340,  8
train,    1901, 20.132838,   16, 0.42,    8, 0.000, 0.000, 0.340,  8
train,    1902, 21.307603,   18, 0.37,    6, 0.000, 0.000, 0.340,  8
train,    1903, 21.769624,   16, 0.34,    7, 0.000, 0.000, 0.340,  8
train,    1904, 18.944445,   15, 0.35,    7, 0.000, 0.000, 0.340,  8
train,    1905, 28.852021,   15, 0.37,    8, 0.000, 0.000, 0.340,  8
train,    1906, 30.977707,   16, 0.37,    7, 0.000, 0.000, 0.340,  8
train,    1907, 35.567432,   15, 0.41,    8, 0.000, 0.000, 0.340,  8
train,    1908, 33.199088,   15, 0.43,    8, 0.000, 0.000, 0.340,  8
update,   1908,   53,  521, 26.304218, 0.000000
train,    1909, 39.310989,   17, 0.36,    7, 0.000, 0.000, 0.340,  8
val,      1909, 25.176490, 0.2412,  15.1044,   6.9744, 0.6460,  20.5893
train,    1910, 21.148115,   16, 0.34,    7, 0.000, 0.000, 0.340,  8
train,    1911, 27.049054,   16, 0.41,    7, 0.000, 0.000, 0.340,  8
train,    1912, 26.955682,   16, 0.34,    8, 0.000, 0.000, 0.340,  8
train,    1913, 29.538081,   15, 0.39,    6, 0.000, 0.000, 0.340,  8
train,    1914, 40.984565,   15, 0.37,    8, 0.000, 0.000, 0.340,  8
train,    1915, 33.539982,   16, 0.35,    7, 0.000, 0.000, 0.340,  8
train,    1916, 39.224334,   16, 0.36,    9, 0.000, 0.000, 0.340,  8
train,    1917, 29.600344,   17, 0.37,    8, 0.000, 0.000, 0.340,  8
train,    1918, 27.209659,   17, 0.30,    8, 0.000, 0.000, 0.340,  8
train,    1919, 29.532391,   17, 0.33,    8, 0.000, 0.000, 0.340,  8
val,      1919, 25.142271, 0.3044,  15.1369,   7.2228, 0.6965,  20.5300
train,    1920, 25.815622,   16, 0.31,    8, 0.000, 0.000, 0.340,  8
train,    1921, 33.014648,   17, 0.40,    7, 0.000, 0.000, 0.340,  8
train,    1922, 32.566902,   17, 0.32,    7, 0.000, 0.000, 0.340,  8
train,    1923, 37.388620,   17, 0.35,    6, 0.000, 0.000, 0.340,  8
train,    1924, 29.805797,   16, 0.31,    7, 0.000, 0.000, 0.340,  8
train,    1925, 32.291613,   17, 0.38,    8, 0.000, 0.000, 0.340,  8
train,    1926, 37.879043,   17, 0.40,    7, 0.000, 0.000, 0.340,  8
train,    1927, 31.154615,   16, 0.37,    7, 0.000, 0.000, 0.340,  8
train,    1928, 29.677241,   17, 0.35,    8, 0.000, 0.000, 0.340,  8
train,    1929, 19.681986,   18, 0.31,    8, 0.000, 0.000, 0.340,  8
val,      1929, 23.177859, 0.2391,  15.6219,   7.0694, 0.7406,  20.6121
train,    1930, 22.938906,   16, 0.26,    7, 0.000, 0.000, 0.340,  8
train,    1931, 25.324005,   16, 0.39,    7, 0.000, 0.000, 0.340,  8
train,    1932, 17.759195,   15, 0.33,    5, 0.000, 0.000, 0.340,  8
train,    1933, 14.000631,   17, 0.37,    8, 0.000, 0.000, 0.340,  8
train,    1934, 21.512966,   17, 0.38,    8, 0.000, 0.000, 0.340,  8
train,    1935, 20.716173,   17, 0.42,    7, 0.000, 0.000, 0.340,  8
train,    1936, 19.903395,   16, 0.43,    6, 0.000, 0.000, 0.340,  8
train,    1937, 15.699362,   15, 0.37,    8, 0.000, 0.000, 0.340,  8
train,    1938, 10.878861,   15, 0.38,    6, 0.000, 0.000, 0.340,  8
train,    1939, 20.158030,   16, 0.34,    6, 0.000, 0.000, 0.340,  8
val,      1939, 24.731604, 0.2213,  15.5659,   6.9391, 0.6847,  20.5573
train,    1940, 9.247815,   16, 0.36,    8, 0.000, 0.000, 0.340,  8
train,    1941, 20.060979,   16, 0.34,    6, 0.000, 0.000, 0.340,  8
train,    1942, 14.159173,   16, 0.42,    6, 0.000, 0.000, 0.340,  8
train,    1943, 31.795501,   16, 0.30,    7, 0.000, 0.000, 0.340,  8
train,    1944, 20.972286,   16, 0.41,    5, 0.000, 0.000, 0.340,  8
update,   1944,   54,  534, 24.954061, 0.000000
train,    1945, 23.296308,   17, 0.30,    6, 0.000, 0.000, 0.340,  8
train,    1946, 3.956399,   17, 0.35,    4, 0.000, 0.000, 0.340,  8
train,    1947, 15.957612,   16, 0.37,    6, 0.000, 0.000, 0.340,  8
train,    1948, 16.104928,   16, 0.42,    5, 0.000, 0.000, 0.340,  8
train,    1949, 16.040755,   18, 0.29,    7, 0.000, 0.000, 0.340,  8
val,      1949, 26.224413, 0.2895,  15.5530,   7.0737, 0.7285,  20.6524
train,    1950, 3.982390,   16, 0.36,    7, 0.000, 0.000, 0.340,  8
train,    1951, 21.851609,   17, 0.34,    5, 0.000, 0.000, 0.340,  8
train,    1952, 24.810701,   16, 0.33,    5, 0.000, 0.000, 0.340,  8
train,    1953, 20.476845,   17, 0.44,    8, 0.000, 0.000, 0.340,  8
train,    1954, 9.992421,   16, 0.42,    5, 0.000, 0.000, 0.340,  8
train,    1955, 24.970096,   16, 0.35,    6, 0.000, 0.000, 0.340,  8
train,    1956, 26.918922,   16, 0.41,    7, 0.000, 0.000, 0.340,  8
train,    1957, 27.018781,   17, 0.28,    5, 0.000, 0.000, 0.340,  8
train,    1958, 22.979833,   16, 0.38,    5, 0.000, 0.000, 0.340,  8
train,    1959, 26.568890,   17, 0.34,    4, 0.000, 0.000, 0.340,  8
val,      1959, 29.434102, 0.2244,  15.3560,   7.0921, 0.6895,  20.6225
train,    1960, 28.515263,   17, 0.37,    5, 0.000, 0.000, 0.340,  8
train,    1961, 23.637122,   17, 0.39,    4, 0.000, 0.000, 0.340,  8
train,    1962, 27.777293,   16, 0.40,    5, 0.000, 0.000, 0.340,  8
train,    1963, 31.790619,   16, 0.40,    4, 0.000, 0.000, 0.340,  8
train,    1964, 23.584760,   17, 0.35,    6, 0.000, 0.000, 0.340,  8
train,    1965, 29.561103,   17, 0.31,    4, 0.000, 0.000, 0.340,  8
train,    1966, 15.583316,   17, 0.29,    5, 0.000, 0.000, 0.340,  8
train,    1967, 34.450514,   16, 0.38,    5, 0.000, 0.000, 0.340,  8
train,    1968, 32.729268,   15, 0.34,    4, 0.000, 0.000, 0.340,  8
train,    1969, 36.491910,   15, 0.38,    6, 0.000, 0.000, 0.340,  8
val,      1969, 27.124076, 0.2972,  15.4476,   6.9002, 0.7010,  20.5957
train,    1970, 33.630150,   18, 0.36,    4, 0.000, 0.000, 0.340,  8
train,    1971, 35.793483,   15, 0.39,    7, 0.000, 0.000, 0.340,  8
train,    1972, 28.203348,   16, 0.36,    5, 0.000, 0.000, 0.340,  8
train,    1973, 33.280808,   17, 0.34,    3, 0.000, 0.000, 0.340,  8
train,    1974, 36.087459,   16, 0.36,    5, 0.000, 0.000, 0.340,  8
train,    1975, 30.129379,   17, 0.36,    3, 0.000, 0.000, 0.340,  8
train,    1976, 31.846011,   17, 0.37,    4, 0.000, 0.000, 0.340,  8
train,    1977, 35.048075,   16, 0.31,    4, 0.000, 0.000, 0.340,  8
train,    1978, 24.538059,   17, 0.38,    3, 0.000, 0.000, 0.340,  8
train,    1979, 38.881436,   16, 0.37,    4, 0.000, 0.000, 0.340,  8
val,      1979, 25.597559, 0.2680,  15.7078,   7.3521, 0.6801,  20.5419
train,    1980, 33.775014,   16, 0.42,    5, 0.000, 0.000, 0.340,  8
update,   1980,   55,  513, 26.675867, 0.000000
train,    1981, 24.496642,   16, 0.30,    3, 0.000, 0.000, 0.340,  8
train,    1982, 28.835229,   16, 0.40,    4, 0.000, 0.000, 0.340,  8
train,    1983, 40.530863,   15, 0.35,    4, 0.000, 0.000, 0.340,  8
train,    1984, 21.721510,   15, 0.32,    4, 0.000, 0.000, 0.340,  8
train,    1985, 39.813664,   17, 0.36,    4, 0.000, 0.000, 0.340,  8
train,    1986, 22.776878,   16, 0.30,    5, 0.000, 0.000, 0.340,  8
train,    1987, 33.254415,   17, 0.35,    4, 0.000, 0.000, 0.340,  8
train,    1988, 22.184149,   15, 0.37,    4, 0.000, 0.000, 0.340,  8
train,    1989, 31.842447,   16, 0.41,    5, 0.000, 0.000, 0.340,  8
val,      1989, 29.628448, 0.2383,  15.8115,   6.8967, 0.6855,  20.5391
train,    1990, 28.536465,   15, 0.30,    6, 0.000, 0.000, 0.340,  8
train,    1991, 28.111800,   14, 0.41,    4, 0.000, 0.000, 0.340,  8
train,    1992, 19.455240,   17, 0.34,    4, 0.000, 0.000, 0.340,  8
train,    1993, 29.963967,   15, 0.34,    5, 0.000, 0.000, 0.340,  8
train,    1994, 29.176462,   17, 0.33,    3, 0.000, 0.000, 0.340,  8
train,    1995, 22.293622,   17, 0.35,    5, 0.000, 0.000, 0.340,  8
train,    1996, 29.456948,   16, 0.37,    5, 0.000, 0.000, 0.340,  8
train,    1997, 27.042414,   16, 0.37,    4, 0.000, 0.000, 0.340,  8
train,    1998, 25.223565,   17, 0.37,    4, 0.000, 0.000, 0.340,  8
train,    1999, 17.248199,   16, 0.38,    3, 0.000, 0.000, 0.340,  8
val,      1999, 24.308001, 0.2802,  15.4568,   7.0513, 0.6950,  20.6335
train,    2000, 24.837212,   16, 0.37,    5, 0.000, 0.000, 0.340,  8
train,    2001, 25.105960,   16, 0.44,    5, 0.000, 0.000, 0.340,  8
train,    2002, 14.586291,   17, 0.41,    4, 0.000, 0.000, 0.340,  8
train,    2003, 18.389819,   16, 0.35,    4, 0.000, 0.000, 0.340,  8
train,    2004, 30.529135,   17, 0.35,    5, 0.000, 0.000, 0.340,  8
train,    2005, 30.625349,   16, 0.29,    3, 0.000, 0.000, 0.340,  8
train,    2006, 28.131136,   17, 0.35,    7, 0.000, 0.000, 0.340,  8
train,    2007, 31.760295,   16, 0.27,    5, 0.000, 0.000, 0.340,  8
train,    2008, 29.856497,   16, 0.40,    6, 0.000, 0.000, 0.340,  8
train,    2009, 34.659202,   16, 0.38,    4, 0.000, 0.000, 0.340,  8
val,      2009, 24.797545, 0.2761,  15.8553,   7.0312, 0.6637,  20.6579
train,    2010, 39.450632,   15, 0.43,    7, 0.000, 0.000, 0.340,  8
train,    2011, 39.819206,   18, 0.38,    4, 0.000, 0.000, 0.340,  8
train,    2012, 31.646861,   17, 0.37,    6, 0.000, 0.000, 0.340,  8
train,    2013, 31.633082,   16, 0.34,    5, 0.000, 0.000, 0.340,  8
train,    2014, 36.501052,   16, 0.42,    4, 0.000, 0.000, 0.340,  8
train,    2015, 41.086502,   16, 0.40,    6, 0.000, 0.000, 0.340,  8
train,    2016, 31.917529,   16, 0.38,    5, 0.000, 0.000, 0.340,  8
update,   2016,   56,  513, 30.793315, 0.000000
train,    2017, 38.850623,   16, 0.29,    6, 0.000, 0.000, 0.340,  8
train,    2018, 41.035863,   17, 0.37,    5, 0.000, 0.000, 0.340,  8
train,    2019, 35.041172,   15, 0.35,    6, 0.000, 0.000, 0.340,  8
val,      2019, 25.060313, 0.2722,  15.4513,   7.0695, 0.6936,  20.5988
train,    2020, 32.176507,   15, 0.34,    7, 0.000, 0.000, 0.340,  8
train,    2021, 40.939630,   17, 0.42,    7, 0.000, 0.000, 0.340,  8
train,    2022, 33.023673,   17, 0.35,    6, 0.000, 0.000, 0.340,  8
train,    2023, 23.345213,   16, 0.33,    4, 0.000, 0.000, 0.340,  8
train,    2024, 24.755891,   17, 0.31,    8, 0.000, 0.000, 0.340,  8
train,    2025, 38.456647,   17, 0.37,    6, 0.000, 0.000, 0.340,  8
train,    2026, 31.714753,   16, 0.36,    6, 0.000, 0.000, 0.340,  8
train,    2027, 31.918028,   16, 0.39,    7, 0.000, 0.000, 0.340,  8
train,    2028, 34.711941,   17, 0.40,    6, 0.000, 0.000, 0.340,  8
train,    2029, 25.873498,   15, 0.36,    6, 0.000, 0.000, 0.340,  8
val,      2029, 28.177672, 0.2978,  15.5227,   7.3035, 0.7250,  20.7042
train,    2030, 27.896930,   16, 0.36,    8, 0.000, 0.000, 0.340,  8
train,    2031, 30.601179,   16, 0.28,    8, 0.000, 0.000, 0.340,  8
train,    2032, 28.287592,   15, 0.36,    8, 0.000, 0.000, 0.340,  8
train,    2033, 29.504044,   17, 0.38,    7, 0.000, 0.000, 0.340,  8
train,    2034, 17.989885,   17, 0.41,    7, 0.000, 0.000, 0.340,  8
train,    2035, 34.699871,   15, 0.30,    6, 0.000, 0.000, 0.340,  8
train,    2036, 19.700328,   16, 0.42,    7, 0.000, 0.000, 0.340,  8
train,    2037, 17.992619,   16, 0.36,    8, 0.000, 0.000, 0.340,  8
train,    2038, 18.334410,   16, 0.37,    6, 0.000, 0.000, 0.340,  8
train,    2039, 22.215129,   16, 0.32,    8, 0.000, 0.000, 0.340,  8
val,      2039, 25.346266, 0.3047,  15.5044,   7.3696, 0.7324,  20.6090
train,    2040, 11.908880,   17, 0.41,    9, 0.000, 0.000, 0.340,  8
train,    2041, 14.760761,   16, 0.38,    8, 0.000, 0.000, 0.340,  8
train,    2042, 20.089289,   16, 0.36,    7, 0.000, 0.000, 0.340,  8
train,    2043, 18.669212,   16, 0.31,    7, 0.000, 0.000, 0.340,  8
train,    2044, 17.213127,   16, 0.32,    8, 0.000, 0.000, 0.340,  8
train,    2045, 14.994625,   16, 0.36,    8, 0.000, 0.000, 0.340,  8
train,    2046, 14.512677,   16, 0.38,    5, 0.000, 0.000, 0.340,  8
train,    2047, 12.624006,   17, 0.33,    8, 0.000, 0.000, 0.340,  8
train,    2048, 15.531741,   15, 0.32,    7, 0.000, 0.000, 0.340,  8
train,    2049, 18.259029,   18, 0.37,    9, 0.000, 0.000, 0.340,  8
val,      2049, 28.765919, 0.2476,  15.5497,   6.9906, 0.7164,  20.6316
train,    2050, 31.596306,   16, 0.36,    8, 0.000, 0.000, 0.340,  8
train,    2051, 24.322425,   17, 0.42,    7, 0.000, 0.000, 0.340,  8
train,    2052, 17.202858,   16, 0.29,    7, 0.000, 0.000, 0.340,  8
update,   2052,   57,  509, 28.640417, 0.000000
train,    2053, 15.375066,   16, 0.33,    8, 0.000, 0.000, 0.340,  8
train,    2054, 20.344347,   16, 0.40,    8, 0.000, 0.000, 0.340,  8
train,    2055, 18.247470,   16, 0.39,    8, 0.000, 0.000, 0.340,  8
train,    2056, 21.917114,   16, 0.35,    7, 0.000, 0.000, 0.340,  8
train,    2057, 23.463747,   16, 0.38,    9, 0.000, 0.000, 0.340,  8
train,    2058, 20.809931,   16, 0.38,    8, 0.000, 0.000, 0.340,  8
train,    2059, 28.673624,   17, 0.41,    8, 0.000, 0.000, 0.340,  8
val,      2059, 30.310973, 0.2902,  15.7094,   7.3496, 0.7149,  20.6430
train,    2060, 19.588541,   17, 0.41,    7, 0.000, 0.000, 0.340,  8
train,    2061, 29.766561,   16, 0.40,    7, 0.000, 0.000, 0.340,  8
train,    2062, 26.988594,   16, 0.35,    6, 0.000, 0.000, 0.340,  8
train,    2063, 31.403335,   19, 0.36,    8, 0.000, 0.000, 0.340,  8
train,    2064, 34.517990,   17, 0.36,    8, 0.000, 0.000, 0.340,  8
train,    2065, 33.109058,   16, 0.33,    8, 0.000, 0.000, 0.340,  8
train,    2066, 32.039864,   16, 0.34,    8, 0.000, 0.000, 0.340,  8
train,    2067, 28.024470,   15, 0.40,    9, 0.000, 0.000, 0.340,  8
train,    2068, 31.480920,   16, 0.38,    8, 0.000, 0.000, 0.340,  8
train,    2069, 27.514416,   16, 0.36,    7, 0.000, 0.000, 0.340,  8
val,      2069, 28.635816, 0.2145,  15.6327,   7.1266, 0.7275,  20.6601
train,    2070, 31.243481,   18, 0.37,    8, 0.000, 0.000, 0.340,  8
train,    2071, 28.049509,   16, 0.37,    6, 0.000, 0.000, 0.340,  8
train,    2072, 35.786358,   16, 0.34,    8, 0.000, 0.000, 0.340,  8
train,    2073, 37.971025,   15, 0.31,    7, 0.000, 0.000, 0.340,  8
train,    2074, 38.980533,   18, 0.32,    8, 0.000, 0.000, 0.340,  8
train,    2075, 41.170949,   14, 0.38,    7, 0.000, 0.000, 0.340,  8
train,    2076, 34.519991,   18, 0.40,    7, 0.000, 0.000, 0.340,  8
train,    2077, 24.226464,   18, 0.32,    8, 0.000, 0.000, 0.340,  8
train,    2078, 27.160719,   18, 0.32,    7, 0.000, 0.000, 0.340,  8
train,    2079, 32.958189,   16, 0.39,    7, 0.000, 0.000, 0.340,  8
val,      2079, 30.927478, 0.3365,  15.8923,   6.9476, 0.6767,  20.5960
train,    2080, 25.637683,   16, 0.34,    6, 0.000, 0.000, 0.340,  8
train,    2081, 25.792584,   16, 0.33,    7, 0.000, 0.000, 0.340,  8
train,    2082, 23.383037,   17, 0.38,    8, 0.000, 0.000, 0.340,  8
train,    2083, 30.738763,   16, 0.34,    5, 0.000, 0.000, 0.340,  8
train,    2084, 24.346534,   16, 0.28,    7, 0.000, 0.000, 0.340,  8
train,    2085, 27.848692,   16, 0.28,    9, 0.000, 0.000, 0.340,  8
train,    2086, 23.651589,   17, 0.34,    6, 0.000, 0.000, 0.340,  8
train,    2087, 25.498361,   17, 0.39,    6, 0.000, 0.000, 0.340,  8
train,    2088, 22.616712,   17, 0.37,    4, 0.000, 0.000, 0.340,  8
update,   2088,   58,  520, 24.926938, 0.000000
train,    2089, 20.871245,   16, 0.44,    6, 0.000, 0.000, 0.340,  8
val,      2089, 28.287392, 0.3098,  15.2533,   7.0964, 0.6572,  20.5975
train,    2090, 16.756789,   15, 0.38,    7, 0.000, 0.000, 0.340,  8
train,    2091, 18.561801,   16, 0.39,    7, 0.000, 0.000, 0.340,  8
train,    2092, 25.645178,   17, 0.44,    4, 0.000, 0.000, 0.340,  8
train,    2093, 22.552311,   17, 0.43,    7, 0.000, 0.000, 0.340,  8
train,    2094, 13.094430,   16, 0.33,    5, 0.000, 0.000, 0.340,  8
train,    2095, 21.188494,   15, 0.32,    7, 0.000, 0.000, 0.340,  8
train,    2096, 20.879844,   16, 0.36,    5, 0.000, 0.000, 0.340,  8
train,    2097, 19.279185,   17, 0.36,    6, 0.000, 0.000, 0.340,  8
train,    2098, 26.840166,   15, 0.33,    6, 0.000, 0.000, 0.340,  8
train,    2099, 23.847303,   16, 0.36,    6, 0.000, 0.000, 0.340,  8
val,      2099, 22.065800, 0.2684,  15.6173,   7.2320, 0.7293,  20.6226
train,    2100, 23.140241,   15, 0.36,    5, 0.000, 0.000, 0.340,  8
train,    2101, 30.159816,   15, 0.35,    5, 0.000, 0.000, 0.340,  8
train,    2102, 19.817751,   18, 0.39,    6, 0.000, 0.000, 0.340,  8
train,    2103, 24.850981,   17, 0.34,    6, 0.000, 0.000, 0.340,  8
train,    2104, 30.575332,   17, 0.35,    6, 0.000, 0.000, 0.340,  8
train,    2105, 35.366142,   16, 0.35,    5, 0.000, 0.000, 0.340,  8
train,    2106, 28.205088,   16, 0.34,    4, 0.000, 0.000, 0.340,  8
train,    2107, 36.121543,   16, 0.33,    5, 0.000, 0.000, 0.340,  8
train,    2108, 26.802435,   16, 0.37,    5, 0.000, 0.000, 0.340,  8
train,    2109, 40.064508,   15, 0.32,    4, 0.000, 0.000, 0.340,  8
val,      2109, 24.980801, 0.2689,  15.5932,   7.1731, 0.7413,  20.6604
train,    2110, 35.669784,   17, 0.30,    2, 0.000, 0.000, 0.340,  8
train,    2111, 35.560009,   16, 0.31,    5, 0.000, 0.000, 0.340,  8
train,    2112, 28.249275,   16, 0.33,    5, 0.000, 0.000, 0.340,  8
train,    2113, 32.305280,   17, 0.38,    7, 0.000, 0.000, 0.340,  8
train,    2114, 33.955439,   17, 0.30,    3, 0.000, 0.000, 0.340,  8
train,    2115, 39.692100,   15, 0.40,    4, 0.000, 0.000, 0.340,  8
train,    2116, 39.564388,   17, 0.39,    6, 0.000, 0.000, 0.340,  8
train,    2117, 42.746586,   16, 0.34,    4, 0.000, 0.000, 0.340,  8
train,    2118, 39.301029,   16, 0.30,    5, 0.000, 0.000, 0.340,  8
train,    2119, 33.978568,   16, 0.39,    5, 0.000, 0.000, 0.340,  8
val,      2119, 23.701589, 0.2516,  15.7035,   7.0120, 0.7142,  20.6518
train,    2120, 43.319126,   17, 0.38,    5, 0.000, 0.000, 0.340,  8
train,    2121, 39.723449,   17, 0.31,    3, 0.000, 0.000, 0.340,  8
train,    2122, 41.942610,   17, 0.33,    3, 0.000, 0.000, 0.340,  8
train,    2123, 45.117242,   16, 0.32,    5, 0.000, 0.000, 0.340,  8
train,    2124, 37.607928,   16, 0.40,    5, 0.000, 0.000, 0.340,  8
update,   2124,   59,  524, 25.194051, 0.000000
train,    2125, 31.127129,   16, 0.27,    4, 0.000, 0.000, 0.340,  8
train,    2126, 30.267843,   17, 0.29,    5, 0.000, 0.000, 0.340,  8
train,    2127, 38.587679,   18, 0.32,    3, 0.000, 0.000, 0.340,  8
train,    2128, 41.440544,   16, 0.27,    4, 0.000, 0.000, 0.340,  8
train,    2129, 31.077587,   16, 0.36,    4, 0.000, 0.000, 0.340,  8
val,      2129, 23.710543, 0.2522,  15.7354,   7.1665, 0.6830,  20.6164
train,    2130, 31.085252,   17, 0.34,    4, 0.000, 0.000, 0.340,  8
train,    2131, 27.746935,   15, 0.33,    5, 0.000, 0.000, 0.340,  8
train,    2132, 33.043056,   17, 0.31,    5, 0.000, 0.000, 0.340,  8
train,    2133, 21.597418,   16, 0.39,    3, 0.000, 0.000, 0.340,  8
train,    2134, 28.689318,   16, 0.39,    4, 0.000, 0.000, 0.340,  8
train,    2135, 37.583234,   16, 0.35,    4, 0.000, 0.000, 0.340,  8
train,    2136, 35.980012,   17, 0.34,    5, 0.000, 0.000, 0.340,  8
train,    2137, 19.211741,   15, 0.40,    4, 0.000, 0.000, 0.340,  8
train,    2138, 14.671451,   16, 0.35,    5, 0.000, 0.000, 0.340,  8
train,    2139, 26.404300,   16, 0.39,    5, 0.000, 0.000, 0.340,  8
val,      2139, 24.803077, 0.2908,  15.7442,   7.2781, 0.7187,  20.6266
train,    2140, 22.020507,   16, 0.32,    4, 0.000, 0.000, 0.340,  8
train,    2141, 29.259764,   15, 0.38,    3, 0.000, 0.000, 0.340,  8
train,    2142, 23.286640,   18, 0.29,    4, 0.000, 0.000, 0.340,  8
train,    2143, 12.736479,   16, 0.44,    6, 0.000, 0.000, 0.340,  8
train,    2144, 31.021787,   16, 0.37,    4, 0.000, 0.000, 0.340,  8
train,    2145, 20.439930,   15, 0.30,    5, 0.000, 0.000, 0.340,  8
train,    2146, 22.265181,   17, 0.35,    6, 0.000, 0.000, 0.340,  8
train,    2147, 21.145731,   17, 0.32,    3, 0.000, 0.000, 0.340,  8
train,    2148, 23.551746,   17, 0.38,    5, 0.000, 0.000, 0.340,  8
train,    2149, 24.147765,   16, 0.33,    5, 0.000, 0.000, 0.340,  8
val,      2149, 27.830074, 0.2609,  15.5195,   7.0870, 0.7097,  20.6248
train,    2150, 20.022759,   16, 0.34,    4, 0.000, 0.000, 0.340,  8
train,    2151, 23.225175,   16, 0.39,    5, 0.000, 0.000, 0.340,  8
train,    2152, 12.792274,   16, 0.33,    6, 0.000, 0.000, 0.340,  8
train,    2153, 17.804996,   15, 0.34,    6, 0.000, 0.000, 0.340,  8
train,    2154, 22.499816,   17, 0.39,    7, 0.000, 0.000, 0.340,  8
train,    2155, 21.843935,   15, 0.35,    7, 0.000, 0.000, 0.340,  8
train,    2156, 23.382171,   16, 0.33,    5, 0.000, 0.000, 0.340,  8
train,    2157, 34.652829,   17, 0.38,    4, 0.000, 0.000, 0.340,  8
train,    2158, 21.586190,   16, 0.31,    5, 0.000, 0.000, 0.340,  8
train,    2159, 25.932367,   16, 0.31,    4, 0.000, 0.000, 0.340,  8
val,      2159, 31.247695, 0.2907,  15.6854,   7.1892, 0.7443,  20.7056
train,    2160, 31.870315,   16, 0.32,    5, 0.000, 0.000, 0.340,  8
update,   2160,   60,  510, 27.951097, 0.000000
train,    2161, 31.124093,   16, 0.36,    6, 0.000, 0.000, 0.340,  8
train,    2162, 28.704253,   16, 0.36,    8, 0.000, 0.000, 0.340,  8
train,    2163, 29.933743,   17, 0.37,    6, 0.000, 0.000, 0.340,  8
train,    2164, 24.902477,   16, 0.38,    6, 0.000, 0.000, 0.340,  8
train,    2165, 33.079776,   16, 0.40,    6, 0.000, 0.000, 0.340,  8
train,    2166, 26.909367,   17, 0.33,    7, 0.000, 0.000, 0.340,  8
train,    2167, 25.065899,   17, 0.29,    5, 0.000, 0.000, 0.340,  8
train,    2168, 39.110944,   17, 0.30,    7, 0.000, 0.000, 0.340,  8
train,    2169, 27.380327,   16, 0.38,    6, 0.000, 0.000, 0.340,  8
val,      2169, 28.359161, 0.2677,  15.5266,   7.1011, 0.7058,  20.5592
train,    2170, 26.396697,   17, 0.29,    7, 0.000, 0.000, 0.340,  8
train,    2171, 29.456499,   17, 0.34,    7, 0.000, 0.000, 0.340,  8
train,    2172, 35.184318,   15, 0.35,    5, 0.000, 0.000, 0.340,  8
train,    2173, 34.720901,   17, 0.33,    6, 0.000, 0.000, 0.340,  8
train,    2174, 33.993241,   16, 0.37,    9, 0.000, 0.000, 0.340,  8
train,    2175, 32.247466,   18, 0.33,    7, 0.000, 0.000, 0.340,  8
train,    2176, 28.270326,   18, 0.31,    8, 0.000, 0.000, 0.340,  8
train,    2177, 27.553625,   15, 0.40,    7, 0.000, 0.000, 0.340,  8
train,    2178, 32.946985,   17, 0.29,    7, 0.000, 0.000, 0.340,  8
train,    2179, 21.632395,   16, 0.33,    9, 0.000, 0.000, 0.340,  8
val,      2179, 28.657148, 0.2726,  15.6553,   7.1680, 0.6932,  20.6491
train,    2180, 23.011906,   16, 0.30,    8, 0.000, 0.000, 0.340,  8
train,    2181, 22.122919,   17, 0.35,    6, 0.000, 0.000, 0.340,  8
train,    2182, 15.984175,   15, 0.30,    7, 0.000, 0.000, 0.340,  8
train,    2183, 28.441794,   16, 0.31,    7, 0.000, 0.000, 0.340,  8
train,    2184, 23.026664,   15, 0.27,    6, 0.000, 0.000, 0.340,  8
train,    2185, 18.123129,   16, 0.39,    9, 0.000, 0.000, 0.340,  8
train,    2186, 25.189575,   15, 0.32,    6, 0.000, 0.000, 0.340,  8
train,    2187, 25.853847,   15, 0.37,    7, 0.000, 0.000, 0.340,  8
train,    2188, 18.929290,   16, 0.35,    8, 0.000, 0.000, 0.340,  8
train,    2189, 14.247897,   17, 0.30,    8, 0.000, 0.000, 0.340,  8
val,      2189, 24.860629, 0.2531,  15.8625,   7.1413, 0.6852,  20.6623
train,    2190, 17.835931,   18, 0.32,    9, 0.000, 0.000, 0.340,  8
train,    2191, 1.809729,   17, 0.37,    7, 0.000, 0.000, 0.340,  8
train,    2192, 20.379104,   17, 0.30,    9, 0.000, 0.000, 0.340,  8
train,    2193, 13.480853,   16, 0.34,    8, 0.000, 0.000, 0.340,  8
train,    2194, 21.552395,   16, 0.40,    8, 0.000, 0.000, 0.340,  8
train,    2195, 25.436607,   16, 0.37,    7, 0.000, 0.000, 0.340,  8
train,    2196, 14.750719,   17, 0.33,    7, 0.000, 0.000, 0.340,  8
update,   2196,   61,  523, 26.570279, 0.000000
train,    2197, 21.581301,   17, 0.28,    8, 0.000, 0.000, 0.340,  8
train,    2198, 30.384534,   16, 0.36,    7, 0.000, 0.000, 0.340,  8
train,    2199, 20.261861,   16, 0.38,    7, 0.000, 0.000, 0.340,  8
val,      2199, 23.037733, 0.2874,  15.5491,   7.0795, 0.7832,  20.5923
train,    2200, 26.272468,   16, 0.36,    7, 0.000, 0.000, 0.340,  8
train,    2201, 26.101381,   17, 0.42,    6, 0.000, 0.000, 0.340,  8
train,    2202, 27.870950,   16, 0.28,    7, 0.000, 0.000, 0.340,  8
train,    2203, 29.458902,   15, 0.41,    9, 0.000, 0.000, 0.340,  8
train,    2204, 16.828509,   17, 0.37,    7, 0.000, 0.000, 0.340,  8
train,    2205, 22.051249,   16, 0.32,    8, 0.000, 0.000, 0.340,  8
train,    2206, 22.822834,   17, 0.40,    9, 0.000, 0.000, 0.340,  8
train,    2207, 26.309273,   16, 0.32,    6, 0.000, 0.000, 0.340,  8
train,    2208, 31.545764,   16, 0.31,    7, 0.000, 0.000, 0.340,  8
train,    2209, 43.208344,   17, 0.32,    8, 0.000, 0.000, 0.340,  8
val,      2209, 20.709048, 0.2779,  15.5576,   7.2033, 0.6809,  20.6665
train,    2210, 27.463940,   17, 0.40,    8, 0.000, 0.000, 0.340,  8
train,    2211, 39.140233,   15, 0.32,    7, 0.000, 0.000, 0.340,  8
train,    2212, 45.251747,   16, 0.35,    8, 0.000, 0.000, 0.340,  8
train,    2213, 40.048601,   16, 0.36,    7, 0.000, 0.000, 0.340,  8
train,    2214, 33.074523,   16, 0.32,    7, 0.000, 0.000, 0.340,  8
train,    2215, 32.607377,   16, 0.37,    8, 0.000, 0.000, 0.340,  8
train,    2216, 25.547809,   17, 0.33,    7, 0.000, 0.000, 0.340,  8
train,    2217, 39.047240,   16, 0.37,    6, 0.000, 0.000, 0.340,  8
train,    2218, 43.866249,   16, 0.41,    9, 0.000, 0.000, 0.340,  8
train,    2219, 27.581292,   16, 0.32,    6, 0.000, 0.000, 0.340,  8
val,      2219, 24.182219, 0.2040,  15.8654,   7.1032, 0.7148,  20.5490
train,    2220, 32.701922,   15, 0.34,    7, 0.000, 0.000, 0.340,  8
train,    2221, 39.697958,   16, 0.33,    7, 0.000, 0.000, 0.340,  8
train,    2222, 27.416629,   16, 0.39,    5, 0.000, 0.000, 0.340,  8
train,    2223, 35.402897,   15, 0.35,    7, 0.000, 0.000, 0.340,  8
train,    2224, 39.456625,   17, 0.34,    8, 0.000, 0.000, 0.340,  8
train,    2225, 33.251119,   16, 0.34,    8, 0.000, 0.000, 0.340,  8
train,    2226, 30.801472,   16, 0.30,    8, 0.000, 0.000, 0.340,  8
train,    2227, 26.970021,   16, 0.36,    6, 0.000, 0.000, 0.340,  8
train,    2228, 28.300231,   15, 0.29,    7, 0.000, 0.000, 0.340,  8
train,    2229, 33.750501,   15, 0.32,    7, 0.000, 0.000, 0.340,  8
val,      2229, 24.708155, 0.2643,  15.2147,   7.0943, 0.7316,  20.6118
train,    2230, 28.078395,   17, 0.36,    7, 0.000, 0.000, 0.340,  8
train,    2231, 28.470066,   15, 0.32,    7, 0.000, 0.000, 0.340,  8
train,    2232, 26.662743,   17, 0.42,    6, 0.000, 0.000, 0.340,  8
update,   2232,   62,  529, 29.030570, 0.000000
train,    2233, 15.494818,   16, 0.36,    7, 0.000, 0.000, 0.340,  8
train,    2234, 25.994881,   17, 0.38,    7, 0.000, 0.000, 0.340,  8
train,    2235, 22.048269,   15, 0.34,    7, 0.000, 0.000, 0.340,  8
train,    2236, 21.573434,   15, 0.36,    7, 0.000, 0.000, 0.340,  8
train,    2237, 25.289127,   16, 0.27,    6, 0.000, 0.000, 0.340,  8
train,    2238, 28.774385,   15, 0.37,    4, 0.000, 0.000, 0.340,  8
train,    2239, 27.951038,   17, 0.34,    7, 0.000, 0.000, 0.340,  8
val,      2239, 28.338696, 0.2746,  15.5331,   7.2527, 0.7433,  20.5470
train,    2240, 18.483033,   15, 0.35,    5, 0.000, 0.000, 0.340,  8
train,    2241, 24.283334,   16, 0.32,    5, 0.000, 0.000, 0.340,  8
train,    2242, 26.482483,   15, 0.32,    6, 0.000, 0.000, 0.340,  8
train,    2243, 24.318227,   16, 0.40,    6, 0.000, 0.000, 0.340,  8
train,    2244, 18.328061,   17, 0.32,    5, 0.000, 0.000, 0.340,  8
train,    2245, 21.788574,   16, 0.38,    6, 0.000, 0.000, 0.340,  8
train,    2246, 26.752070,   17, 0.40,    6, 0.000, 0.000, 0.340,  8
train,    2247, 22.082483,   16, 0.31,    6, 0.000, 0.000, 0.340,  8
train,    2248, 25.416675,   16, 0.39,    5, 0.000, 0.000, 0.340,  8
train,    2249, 24.536607,   18, 0.38,    6, 0.000, 0.000, 0.340,  8
val,      2249, 28.856515, 0.2742,  15.5030,   6.9680, 0.7211,  20.6442
train,    2250, 26.024475,   17, 0.31,    5, 0.000, 0.000, 0.340,  8
train,    2251, 25.505043,   16, 0.35,    5, 0.000, 0.000, 0.340,  8
train,    2252, 23.147218,   16, 0.35,    6, 0.000, 0.000, 0.340,  8
train,    2253, 29.392537,   16, 0.38,    4, 0.000, 0.000, 0.340,  8
train,    2254, 36.382065,   16, 0.32,    5, 0.000, 0.000, 0.340,  8
train,    2255, 28.183660,   16, 0.29,    5, 0.000, 0.000, 0.340,  8
train,    2256, 28.592080,   17, 0.37,    5, 0.000, 0.000, 0.340,  8
train,    2257, 30.219951,   16, 0.34,    5, 0.000, 0.000, 0.340,  8
train,    2258, 38.423351,   17, 0.32,    4, 0.000, 0.000, 0.340,  8
train,    2259, 32.414989,   16, 0.37,    5, 0.000, 0.000, 0.340,  8
val,      2259, 29.736475, 0.2798,  15.7585,   7.1699, 0.7461,  20.6277
train,    2260, 35.313066,   16, 0.33,    5, 0.000, 0.000, 0.340,  8
train,    2261, 39.286149,   16, 0.29,    3, 0.000, 0.000, 0.340,  8
train,    2262, 29.796673,   17, 0.38,    4, 0.000, 0.000, 0.340,  8
train,    2263, 30.195458,   17, 0.35,    3, 0.000, 0.000, 0.340,  8
train,    2264, 30.703848,   16, 0.38,    5, 0.000, 0.000, 0.340,  8
train,    2265, 42.912069,   15, 0.32,    6, 0.000, 0.000, 0.340,  8
train,    2266, 29.863848,   15, 0.38,    4, 0.000, 0.000, 0.340,  8
train,    2267, 30.990656,   17, 0.41,    4, 0.000, 0.000, 0.340,  8
train,    2268, 37.737260,   16, 0.38,    5, 0.000, 0.000, 0.340,  8
update,   2268,   63,  520, 26.656414, 0.000000
train,    2269, 35.832543,   17, 0.29,    3, 0.000, 0.000, 0.340,  8
val,      2269, 30.372571, 0.2642,  15.4122,   7.0658, 0.7205,  20.6493
train,    2270, 30.666605,   18, 0.22,    3, 0.000, 0.000, 0.340,  8
train,    2271, 30.394377,   18, 0.34,    4, 0.000, 0.000, 0.340,  8
train,    2272, 27.705232,   17, 0.27,    4, 0.000, 0.000, 0.340,  8
train,    2273, 31.376063,   16, 0.31,    5, 0.000, 0.000, 0.340,  8
train,    2274, 24.048034,   17, 0.40,    5, 0.000, 0.000, 0.340,  8
train,    2275, 34.556553,   16, 0.32,    4, 0.000, 0.000, 0.340,  8
train,    2276, 30.608837,   17, 0.37,    4, 0.000, 0.000, 0.340,  8
train,    2277, 27.857064,   16, 0.37,    4, 0.000, 0.000, 0.340,  8
train,    2278, 30.031857,   17, 0.34,    4, 0.000, 0.000, 0.340,  8
train,    2279, 20.548322,   17, 0.39,    5, 0.000, 0.000, 0.340,  8
val,      2279, 29.562283, 0.2348,  15.7339,   7.2112, 0.7509,  20.5449
train,    2280, 21.119458,   17, 0.34,    5, 0.000, 0.000, 0.340,  8
train,    2281, 27.798582,   16, 0.29,    4, 0.000, 0.000, 0.340,  8
train,    2282, 20.922646,   16, 0.33,    3, 0.000, 0.000, 0.340,  8
train,    2283, 19.738172,   16, 0.30,    4, 0.000, 0.000, 0.340,  8
train,    2284, 18.054322,   16, 0.34,    4, 0.000, 0.000, 0.340,  8
train,    2285, 20.990461,   16, 0.32,    5, 0.000, 0.000, 0.340,  8
train,    2286, 19.474456,   16, 0.35,    6, 0.000, 0.000, 0.340,  8
train,    2287, 19.383179,   15, 0.33,    5, 0.000, 0.000, 0.340,  8
train,    2288, 22.929094,   17, 0.34,    6, 0.000, 0.000, 0.340,  8
train,    2289, 17.962895,   15, 0.34,    4, 0.000, 0.000, 0.340,  8
val,      2289, 27.582262, 0.2369,  15.5406,   7.0326, 0.7324,  20.6773
train,    2290, 15.366184,   17, 0.31,    5, 0.000, 0.000, 0.340,  8
train,    2291, 10.750504,   16, 0.34,    5, 0.000, 0.000, 0.340,  8
train,    2292, 9.456496,   16, 0.36,    4, 0.000, 0.000, 0.340,  8
train,    2293, 24.723101,   16, 0.29,    5, 0.000, 0.000, 0.340,  8
train,    2294, 18.229473,   17, 0.32,    6, 0.000, 0.000, 0.340,  8
train,    2295, 24.177300,   16, 0.32,    4, 0.000, 0.000, 0.340,  8
train,    2296, 23.837375,   16, 0.33,    5, 0.000, 0.000, 0.340,  8
train,    2297, 21.638587,   17, 0.39,    5, 0.000, 0.000, 0.340,  8
train,    2298, 21.763660,   16, 0.34,    4, 0.000, 0.000, 0.340,  8
train,    2299, 26.805662,   17, 0.42,    7, 0.000, 0.000, 0.340,  8
val,      2299, 25.904644, 0.2716,  15.7544,   7.0164, 0.7410,  20.6340
train,    2300, 18.392990,   17, 0.33,    6, 0.000, 0.000, 0.340,  8
train,    2301, 29.730427,   17, 0.36,    6, 0.000, 0.000, 0.340,  8
train,    2302, 23.963382,   17, 0.39,    5, 0.000, 0.000, 0.340,  8
train,    2303, 21.989256,   17, 0.40,    6, 0.000, 0.000, 0.340,  8
train,    2304, 17.292671,   15, 0.38,    5, 0.000, 0.000, 0.340,  8
update,   2304,   64,  509, 24.682523, 0.000000
train,    2305, 27.037513,   15, 0.40,    5, 0.000, 0.000, 0.340,  8
train,    2306, 30.266819,   17, 0.37,    5, 0.000, 0.000, 0.340,  8
train,    2307, 31.353367,   16, 0.32,    5, 0.000, 0.000, 0.340,  8
train,    2308, 26.443446,   15, 0.36,    5, 0.000, 0.000, 0.340,  8
train,    2309, 29.207196,   17, 0.27,    6, 0.000, 0.000, 0.340,  8
val,      2309, 27.190759, 0.2476,  15.7688,   7.0948, 0.7017,  20.5777
train,    2310, 30.901069,   17, 0.36,    7, 0.000, 0.000, 0.340,  8
train,    2311, 30.227408,   17, 0.36,    6, 0.000, 0.000, 0.340,  8
train,    2312, 33.493753,   16, 0.32,    6, 0.000, 0.000, 0.340,  8
train,    2313, 37.726919,   15, 0.40,    6, 0.000, 0.000, 0.340,  8
train,    2314, 26.637768,   16, 0.41,    7, 0.000, 0.000, 0.340,  8
train,    2315, 27.468231,   17, 0.36,    4, 0.000, 0.000, 0.340,  8
train,    2316, 38.693676,   16, 0.26,    7, 0.000, 0.000, 0.340,  8
train,    2317, 41.110719,   17, 0.32,    5, 0.000, 0.000, 0.340,  8
train,    2318, 40.485163,   16, 0.39,    7, 0.000, 0.000, 0.340,  8
train,    2319, 33.173131,   16, 0.34,    8, 0.000, 0.000, 0.340,  8
val,      2319, 24.962817, 0.2907,  15.4135,   7.0989, 0.7235,  20.6097
train,    2320, 30.574715,   16, 0.40,    7, 0.000, 0.000, 0.340,  8
train,    2321, 33.443626,   17, 0.29,    7, 0.000, 0.000, 0.340,  8
train,    2322, 32.064647,   16, 0.36,    8, 0.000, 0.000, 0.340,  8
train,    2323, 28.857227,   17, 0.31,    7, 0.000, 0.000, 0.340,  8
train,    2324, 30.425293,   17, 0.34,    7, 0.000, 0.000, 0.340,  8
train,    2325, 34.081111,   17, 0.33,    5, 0.000, 0.000, 0.340,  8
train,    2326, 27.414372,   16, 0.35,    8, 0.000, 0.000, 0.340,  8
train,    2327, 21.498776,   17, 0.37,    7, 0.000, 0.000, 0.340,  8
train,    2328, 26.918049,   17, 0.33,    7, 0.000, 0.000, 0.340,  8
train,    2329, 25.878995,   16, 0.34,    9, 0.000, 0.000, 0.340,  8
val,      2329, 26.165759, 0.2800,  15.6765,   7.0165, 0.6802,  20.6919
train,    2330, 19.861191,   17, 0.31,    5, 0.000, 0.000, 0.340,  8
train,    2331, 26.982091,   16, 0.35,    7, 0.000, 0.000, 0.340,  8
train,    2332, 30.236240,   17, 0.32,    8, 0.000, 0.000, 0.340,  8
train,    2333, 19.184875,   17, 0.29,    7, 0.000, 0.000, 0.340,  8
train,    2334, 23.695883,   18, 0.38,    7, 0.000, 0.000, 0.340,  8
train,    2335, 28.611202,   16, 0.40,    7, 0.000, 0.000, 0.340,  8
train,    2336, 24.279683,   17, 0.43,    9, 0.000, 0.000, 0.340,  8
train,    2337, 23.549298,   17, 0.30,    9, 0.000, 0.000, 0.340,  8
train,    2338, 26.570879,   16, 0.34,    7, 0.000, 0.000, 0.340,  8
train,    2339, 27.642511,   16, 0.34,    9, 0.000, 0.000, 0.340,  8
val,      2339, 27.922893, 0.2365,  15.6043,   7.1625, 0.7162,  20.6685
train,    2340, 24.119997,   17, 0.33,    6, 0.000, 0.000, 0.340,  8
update,   2340,   65,  506, 24.996044, 0.000000
train,    2341, 27.089401,   17, 0.38,    7, 0.000, 0.000, 0.340,  8
train,    2342, 24.528508,   17, 0.35,    9, 0.000, 0.000, 0.340,  8
train,    2343, 35.563921,   16, 0.35,    6, 0.000, 0.000, 0.340,  8
train,    2344, 23.415763,   15, 0.33,    8, 0.000, 0.000, 0.340,  8
train,    2345, 28.717160,   16, 0.32,    9, 0.000, 0.000, 0.340,  8
train,    2346, 31.192564,   16, 0.32,    8, 0.000, 0.000, 0.340,  8
train,    2347, 26.477683,   15, 0.39,    8, 0.000, 0.000, 0.340,  8
train,    2348, 27.638143,   17, 0.34,    7, 0.000, 0.000, 0.340,  8
train,    2349, 27.823289,   17, 0.35,    7, 0.000, 0.000, 0.340,  8
val,      2349, 28.309563, 0.2426,  15.7667,   7.2197, 0.7590,  20.6286
train,    2350, 21.462067,   17, 0.38,    7, 0.000, 0.000, 0.340,  8
train,    2351, 30.279074,   16, 0.34,    5, 0.000, 0.000, 0.340,  8
train,    2352, 29.692463,   18, 0.30,    8, 0.000, 0.000, 0.340,  8
train,    2353, 29.761207,   16, 0.33,   10, 0.000, 0.000, 0.340,  8
train,    2354, 32.145450,   16, 0.31,    8, 0.000, 0.000, 0.340,  8
train,    2355, 28.774364,   16, 0.34,    8, 0.000, 0.000, 0.340,  8
train,    2356, 34.551821,   17, 0.30,    8, 0.000, 0.000, 0.340,  8
train,    2357, 34.975758,   16, 0.36,    8, 0.000, 0.000, 0.340,  8
train,    2358, 36.672617,   17, 0.43,    9, 0.000, 0.000, 0.340,  8
train,    2359, 28.110984,   16, 0.30,    7, 0.000, 0.000, 0.340,  8
val,      2359, 32.181497, 0.2881,  15.6439,   7.3359, 0.7279,  20.6472
train,    2360, 36.139469,   17, 0.40,    7, 0.000, 0.000, 0.340,  8
train,    2361, 39.963582,   16, 0.32,    7, 0.000, 0.000, 0.340,  8
train,    2362, 44.108529,   17, 0.35,    8, 0.000, 0.000, 0.340,  8
train,    2363, 29.230650,   17, 0.33,    6, 0.000, 0.000, 0.340,  8
train,    2364, 43.440637,   16, 0.37,    7, 0.000, 0.000, 0.340,  8
train,    2365, 36.188558,   16, 0.35,    7, 0.000, 0.000, 0.340,  8
train,    2366, 29.600871,   17, 0.30,    8, 0.000, 0.000, 0.340,  8
train,    2367, 40.418443,   17, 0.33,    6, 0.000, 0.000, 0.340,  8
train,    2368, 34.470237,   17, 0.37,    6, 0.000, 0.000, 0.340,  8
train,    2369, 39.674001,   17, 0.30,    7, 0.000, 0.000, 0.340,  8
val,      2369, 30.354623, 0.2471,  15.9633,   7.0206, 0.7394,  20.6508
train,    2370, 23.641966,   15, 0.33,    7, 0.000, 0.000, 0.340,  8
train,    2371, 34.620947,   17, 0.33,    8, 0.000, 0.000, 0.340,  8
train,    2372, 40.265676,   16, 0.30,    6, 0.000, 0.000, 0.340,  8
train,    2373, 30.788918,   17, 0.32,    7, 0.000, 0.000, 0.340,  8
train,    2374, 29.908091,   16, 0.34,    8, 0.000, 0.000, 0.340,  8
train,    2375, 20.892731,   16, 0.29,    5, 0.000, 0.000, 0.340,  8
train,    2376, 26.625632,   15, 0.33,    7, 0.000, 0.000, 0.340,  8
update,   2376,   66,  522, 31.064583, 0.000000
train,    2377, 25.900468,   17, 0.34,    6, 0.000, 0.000, 0.340,  8
train,    2378, 24.002413,   17, 0.30,    7, 0.000, 0.000, 0.340,  8
train,    2379, 30.897954,   16, 0.40,    8, 0.000, 0.000, 0.340,  8
val,      2379, 30.545646, 0.2666,  15.6764,   7.3849, 0.7533,  20.6211
train,    2380, 26.547416,   17, 0.35,    6, 0.000, 0.000, 0.340,  8
train,    2381, 28.619114,   16, 0.27,    6, 0.000, 0.000, 0.340,  8
train,    2382, 22.005277,   16, 0.30,    5, 0.000, 0.000, 0.340,  8
train,    2383, 23.408267,   16, 0.34,    6, 0.000, 0.000, 0.340,  8
train,    2384, 28.339957,   16, 0.39,    5, 0.000, 0.000, 0.340,  8
train,    2385, 17.200311,   18, 0.32,    5, 0.000, 0.000, 0.340,  8
train,    2386, 22.220359,   17, 0.37,    6, 0.000, 0.000, 0.340,  8
train,    2387, 19.183127,   16, 0.34,    7, 0.000, 0.000, 0.340,  8
train,    2388, 18.148417,   15, 0.37,    6, 0.000, 0.000, 0.340,  8
train,    2389, 17.237218,   16, 0.31,    6, 0.000, 0.000, 0.340,  8
val,      2389, 27.915894, 0.2184,  15.9082,   7.0950, 0.7107,  20.6617
train,    2390, 22.415201,   17, 0.39,    7, 0.000, 0.000, 0.340,  8
train,    2391, 18.684343,   16, 0.32,    6, 0.000, 0.000, 0.340,  8
train,    2392, 25.771903,   16, 0.37,    6, 0.000, 0.000, 0.340,  8
train,    2393, 18.237405,   16, 0.34,    6, 0.000, 0.000, 0.340,  8
train,    2394, 18.997528,   16, 0.37,    6, 0.000, 0.000, 0.340,  8
train,    2395, 18.126942,   17, 0.39,    4, 0.000, 0.000, 0.340,  8
train,    2396, 26.382282,   16, 0.34,    6, 0.000, 0.000, 0.340,  8
train,    2397, 21.667874,   16, 0.34,    5, 0.000, 0.000, 0.340,  8
train,    2398, 19.654542,   17, 0.37,    5, 0.000, 0.000, 0.340,  8
train,    2399, 25.461066,   17, 0.44,    3, 0.000, 0.000, 0.340,  8
val,      2399, 25.415047, 0.2316,  15.4870,   7.1046, 0.7297,  20.5555
train,    2400, 25.819682,   16, 0.27,    5, 0.000, 0.000, 0.340,  8
train,    2401, 25.009623,   16, 0.32,    5, 0.000, 0.000, 0.340,  8
train,    2402, 28.753252,   16, 0.30,    6, 0.000, 0.000, 0.340,  8
train,    2403, 27.283301,   16, 0.33,    3, 0.000, 0.000, 0.340,  8
train,    2404, 33.152588,   17, 0.33,    4, 0.000, 0.000, 0.340,  8
train,    2405, 32.494475,   18, 0.29,    3, 0.000, 0.000, 0.340,  8
train,    2406, 36.697565,   17, 0.38,    5, 0.000, 0.000, 0.340,  8
train,    2407, 32.558169,   15, 0.32,    4, 0.000, 0.000, 0.340,  8
train,    2408, 29.948945,   16, 0.38,    4, 0.000, 0.000, 0.340,  8
train,    2409, 33.657323,   16, 0.33,    4, 0.000, 0.000, 0.340,  8
val,      2409, 25.494424, 0.2292,  15.5296,   6.9241, 0.7100,  20.6073
train,    2410, 30.666498,   15, 0.30,    3, 0.000, 0.000, 0.340,  8
train,    2411, 25.839291,   16, 0.29,    3, 0.000, 0.000, 0.340,  8
train,    2412, 34.429909,   17, 0.31,    6, 0.000, 0.000, 0.340,  8
update,   2412,   67,  537, 31.835774, 0.000000
train,    2413, 30.195993,   16, 0.34,    4, 0.000, 0.000, 0.340,  8
train,    2414, 29.846587,   17, 0.43,    4, 0.000, 0.000, 0.340,  8
train,    2415, 24.236834,   17, 0.35,    5, 0.000, 0.000, 0.340,  8
train,    2416, 31.212536,   16, 0.32,    3, 0.000, 0.000, 0.340,  8
train,    2417, 32.485591,   16, 0.34,    4, 0.000, 0.000, 0.340,  8
train,    2418, 25.069360,   17, 0.36,    6, 0.000, 0.000, 0.340,  8
train,    2419, 28.479108,   16, 0.34,    5, 0.000, 0.000, 0.340,  8
val,      2419, 23.076439, 0.2064,  15.8077,   6.9750, 0.7193,  20.6647
train,    2420, 27.663753,   16, 0.35,    4, 0.000, 0.000, 0.340,  8
train,    2421, 28.594499,   16, 0.31,    3, 0.000, 0.000, 0.340,  8
train,    2422, 28.901073,   15, 0.39,    5, 0.000, 0.000, 0.340,  8
train,    2423, 18.233703,   16, 0.34,    3, 0.000, 0.000, 0.340,  8
train,    2424, 27.033980,   15, 0.39,    4, 0.000, 0.000, 0.340,  8
train,    2425, 22.461126,   14, 0.37,    5, 0.000, 0.000, 0.340,  8
train,    2426, 24.002402,   16, 0.31,    5, 0.000, 0.000, 0.340,  8
train,    2427, 26.774383,   17, 0.32,    4, 0.000, 0.000, 0.340,  8
train,    2428, 30.237231,   15, 0.32,    4, 0.000, 0.000, 0.340,  8
train,    2429, 30.594936,   17, 0.30,    4, 0.000, 0.000, 0.340,  8
val,      2429, 28.610001, 0.2551,  15.6944,   7.0532, 0.7038,  20.6666
train,    2430, 21.078169,   17, 0.39,    4, 0.000, 0.000, 0.340,  8
train,    2431, 18.763445,   18, 0.36,    5, 0.000, 0.000, 0.340,  8
train,    2432, 21.585763,   16, 0.29,    4, 0.000, 0.000, 0.340,  8
train,    2433, 26.465692,   16, 0.33,    4, 0.000, 0.000, 0.340,  8
train,    2434, 16.913013,   17, 0.36,    5, 0.000, 0.000, 0.340,  8
train,    2435, 18.656564,   17, 0.30,    3, 0.000, 0.000, 0.340,  8
train,    2436, 18.138125,   16, 0.28,    5, 0.000, 0.000, 0.340,  8
train,    2437, 19.858155,   16, 0.26,    6, 0.000, 0.000, 0.340,  8
train,    2438, 21.595043,   17, 0.29,    5, 0.000, 0.000, 0.340,  8
train,    2439, 24.643623,   17, 0.34,    5, 0.000, 0.000, 0.340,  8
val,      2439, 27.124332, 0.2647,  15.5687,   7.0005, 0.7321,  20.7163
train,    2440, 20.719630,   17, 0.40,    4, 0.000, 0.000, 0.340,  8
train,    2441, 20.138848,   17, 0.28,    4, 0.000, 0.000, 0.340,  8
train,    2442, 25.719302,   16, 0.33,    4, 0.000, 0.000, 0.340,  8
train,    2443, 30.027990,   17, 0.28,    6, 0.000, 0.000, 0.340,  8
train,    2444, 28.851705,   17, 0.31,    6, 0.000, 0.000, 0.340,  8
train,    2445, 24.600099,   18, 0.34,    6, 0.000, 0.000, 0.340,  8
train,    2446, 20.780005,   16, 0.29,    6, 0.000, 0.000, 0.340,  8
train,    2447, 29.532034,   17, 0.35,    6, 0.000, 0.000, 0.340,  8
train,    2448, 33.971549,   15, 0.30,    5, 0.000, 0.000, 0.340,  8
update,   2448,   68,  516, 29.952760, 0.000000
train,    2449, 30.452645,   17, 0.36,    5, 0.000, 0.000, 0.340,  8
val,      2449, 28.856024, 0.2714,  15.7637,   6.9423, 0.7130,  20.7200
train,    2450, 26.413186,   17, 0.31,    5, 0.000, 0.000, 0.340,  8
train,    2451, 27.685887,   17, 0.28,    5, 0.000, 0.000, 0.340,  8
train,    2452, 40.392173,   17, 0.34,    5, 0.000, 0.000, 0.340,  8
train,    2453, 38.356408,   15, 0.33,    6, 0.000, 0.000, 0.340,  8
train,    2454, 31.402068,   18, 0.28,    6, 0.000, 0.000, 0.340,  8
train,    2455, 31.788870,   16, 0.34,    7, 0.000, 0.000, 0.340,  8
train,    2456, 36.087025,   16, 0.38,    8, 0.000, 0.000, 0.340,  8
train,    2457, 43.111389,   16, 0.29,    7, 0.000, 0.000, 0.340,  8
train,    2458, 32.858306,   17, 0.37,    5, 0.000, 0.000, 0.340,  8
train,    2459, 35.162377,   16, 0.32,    7, 0.000, 0.000, 0.340,  8
val,      2459, 29.997560, 0.2261,  15.9466,   7.0317, 0.7328,  20.6599
train,    2460, 31.205335,   17, 0.33,    7, 0.000, 0.000, 0.340,  8
train,    2461, 36.465530,   15, 0.31,    5, 0.000, 0.000, 0.340,  8
train,    2462, 41.125404,   15, 0.34,    7, 0.000, 0.000, 0.340,  8
train,    2463, 36.225366,   16, 0.39,    7, 0.000, 0.000, 0.340,  8
train,    2464, 38.974894,   15, 0.32,    7, 0.000, 0.000, 0.340,  8
train,    2465, 30.268119,   16, 0.30,    6, 0.000, 0.000, 0.340,  8
train,    2466, 33.184978,   16, 0.35,    8, 0.000, 0.000, 0.340,  8
train,    2467, 29.578374,   16, 0.38,    6, 0.000, 0.000, 0.340,  8
train,    2468, 38.349286,   17, 0.34,    6, 0.000, 0.000, 0.340,  8
train,    2469, 30.468450,   17, 0.30,    5, 0.000, 0.000, 0.340,  8
val,      2469, 28.786615, 0.2393,  15.6308,   7.2160, 0.7023,  20.6227
train,    2470, 39.332079,   16, 0.30,    6, 0.000, 0.000, 0.340,  8
train,    2471, 29.812585,   17, 0.31,    7, 0.000, 0.000, 0.340,  8
train,    2472, 19.091791,   16, 0.35,    8, 0.000, 0.000, 0.340,  8
train,    2473, 23.416692,   16, 0.40,    6, 0.000, 0.000, 0.340,  8
train,    2474, 29.242613,   17, 0.35,    6, 0.000, 0.000, 0.340,  8
train,    2475, 21.177271,   17, 0.37,    8, 0.000, 0.000, 0.340,  8
train,    2476, 30.013156,   17, 0.36,    8, 0.000, 0.000, 0.340,  8
train,    2477, 29.521401,   18, 0.34,    8, 0.000, 0.000, 0.340,  8
train,    2478, 21.350432,   17, 0.27,    8, 0.000, 0.000, 0.340,  8
train,    2479, 23.310241,   17, 0.28,    7, 0.000, 0.000, 0.340,  8
val,      2479, 25.493905, 0.2405,  15.5659,   7.0582, 0.7081,  20.7214
train,    2480, 24.732240,   16, 0.33,    7, 0.000, 0.000, 0.340,  8
train,    2481, 27.951403,   17, 0.37,    8, 0.000, 0.000, 0.340,  8
train,    2482, 21.417380,   17, 0.35,    8, 0.000, 0.000, 0.340,  8
train,    2483, 26.600156,   17, 0.38,    6, 0.000, 0.000, 0.340,  8
train,    2484, 28.276864,   16, 0.34,    9, 0.000, 0.000, 0.340,  8
update,   2484,   69,  502, 27.700307, 0.000000
train,    2485, 18.205217,   17, 0.30,    5, 0.000, 0.000, 0.340,  8
train,    2486, 26.863286,   17, 0.36,    7, 0.000, 0.000, 0.340,  8
train,    2487, 29.180847,   16, 0.38,    7, 0.000, 0.000, 0.340,  8
train,    2488, 22.093132,   16, 0.34,    7, 0.000, 0.000, 0.340,  8
train,    2489, 22.553276,   15, 0.29,    8, 0.000, 0.000, 0.340,  8
val,      2489, 26.713176, 0.3108,  15.8376,   7.1127, 0.7174,  20.7219
train,    2490, 21.217201,   16, 0.33,    8, 0.000, 0.000, 0.340,  8
train,    2491, 25.552492,   16, 0.30,    8, 0.000, 0.000, 0.340,  8
train,    2492, 27.708682,   18, 0.37,    8, 0.000, 0.000, 0.340,  8
train,    2493, 29.611329,   17, 0.35,    8, 0.000, 0.000, 0.340,  8
train,    2494, 25.099130,   16, 0.29,    8, 0.000, 0.000, 0.340,  8
train,    2495, 18.290083,   15, 0.39,    8, 0.000, 0.000, 0.340,  8
train,    2496, 22.100454,   18, 0.33,    6, 0.000, 0.000, 0.340,  8
train,    2497, 28.516493,   16, 0.31,    8, 0.000, 0.000, 0.340,  8
train,    2498, 30.040967,   17, 0.34,    8, 0.000, 0.000, 0.340,  8
train,    2499, 30.024570,   15, 0.40,    8, 0.000, 0.000, 0.340,  8
val,      2499, 25.062771, 0.2940,  15.3939,   6.9252, 0.7353,  20.5718
train,    2500, 27.800593,   17, 0.35,    7, 0.000, 0.000, 0.340,  8
train,    2501, 20.651968,   16, 0.31,    7, 0.000, 0.000, 0.340,  8
train,    2502, 25.893298,   15, 0.29,    8, 0.000, 0.000, 0.340,  8
train,    2503, 33.125297,   17, 0.33,    9, 0.000, 0.000, 0.340,  8
train,    2504, 34.510967,   17, 0.37,    9, 0.000, 0.000, 0.340,  8
train,    2505, 25.906491,   16, 0.29,    6, 0.000, 0.000, 0.340,  8
train,    2506, 34.102950,   16, 0.28,    8, 0.000, 0.000, 0.340,  8
train,    2507, 40.315878,   16, 0.35,    6, 0.000, 0.000, 0.340,  8
train,    2508, 34.417470,   16, 0.34,    7, 0.000, 0.000, 0.340,  8
train,    2509, 31.641489,   18, 0.36,    8, 0.000, 0.000, 0.340,  8
val,      2509, 24.745646, 0.2567,  15.6992,   7.2780, 0.7359,  20.6346
train,    2510, 25.716929,   16, 0.32,    7, 0.000, 0.000, 0.340,  8
train,    2511, 34.596834,   16, 0.35,    8, 0.000, 0.000, 0.340,  8
train,    2512, 37.553843,   17, 0.34,    7, 0.000, 0.000, 0.340,  8
train,    2513, 29.623576,   15, 0.36,    8, 0.000, 0.000, 0.340,  8
train,    2514, 35.463410,   16, 0.32,    6, 0.000, 0.000, 0.340,  8
train,    2515, 35.104049,   17, 0.32,    7, 0.000, 0.000, 0.340,  8
train,    2516, 32.675526,   16, 0.33,    7, 0.000, 0.000, 0.340,  8
train,    2517, 31.669316,   17, 0.36,    7, 0.000, 0.000, 0.340,  8
train,    2518, 29.499707,   16, 0.30,    7, 0.000, 0.000, 0.340,  8
train,    2519, 28.423033,   16, 0.31,    6, 0.000, 0.000, 0.340,  8
val,      2519, 27.035664, 0.2410,  15.7674,   7.0647, 0.7330,  20.7225
train,    2520, 24.261949,   16, 0.32,    6, 0.000, 0.000, 0.340,  8
update,   2520,   70,  519, 27.977564, 0.000000
train,    2521, 27.540022,   17, 0.27,    8, 0.000, 0.000, 0.340,  8
train,    2522, 26.289787,   16, 0.37,    6, 0.000, 0.000, 0.340,  8
train,    2523, 28.178057,   15, 0.35,    7, 0.000, 0.000, 0.340,  8
train,    2524, 21.860302,   17, 0.34,    6, 0.000, 0.000, 0.340,  8
train,    2525, 26.843365,   17, 0.35,    5, 0.000, 0.000, 0.340,  8
train,    2526, 22.340701,   17, 0.37,    6, 0.000, 0.000, 0.340,  8
train,    2527, 28.195526,   17, 0.32,    6, 0.000, 0.000, 0.340,  8
train,    2528, 22.017616,   16, 0.43,    7, 0.000, 0.000, 0.340,  8
train,    2529, 24.552743,   17, 0.31,    5, 0.000, 0.000, 0.340,  8
val,      2529, 28.351014, 0.2571,  15.5381,   7.1324, 0.7201,  20.6154
train,    2530, 21.665838,   18, 0.38,    5, 0.000, 0.000, 0.340,  8
train,    2531, 15.576884,   16, 0.32,    7, 0.000, 0.000, 0.340,  8
train,    2532, 13.976126,   16, 0.31,    6, 0.000, 0.000, 0.340,  8
train,    2533, 19.717852,   16, 0.38,    5, 0.000, 0.000, 0.340,  8
train,    2534, 19.333625,   15, 0.35,    6, 0.000, 0.000, 0.340,  8
train,    2535, 20.140760,   16, 0.31,    4, 0.000, 0.000, 0.340,  8
train,    2536, 32.032196,   16, 0.37,    8, 0.000, 0.000, 0.340,  8
train,    2537, 26.083530,   16, 0.38,    5, 0.000, 0.000, 0.340,  8
train,    2538, 22.483025,   16, 0.36,    6, 0.000, 0.000, 0.340,  8
train,    2539, 17.491032,   17, 0.33,    6, 0.000, 0.000, 0.340,  8
val,      2539, 29.739125, 0.2107,  15.4270,   6.9713, 0.7250,  20.6095
train,    2540, 19.418255,   16, 0.37,    4, 0.000, 0.000, 0.340,  8
train,    2541, 22.787109,   17, 0.24,    6, 0.000, 0.000, 0.340,  8
train,    2542, 23.807644,   17, 0.34,    6, 0.000, 0.000, 0.340,  8
train,    2543, 25.939428,   16, 0.36,    6, 0.000, 0.000, 0.340,  8
train,    2544, 23.737589,   16, 0.31,    5, 0.000, 0.000, 0.340,  8
train,    2545, 25.341374,   17, 0.34,    3, 0.000, 0.000, 0.340,  8
train,    2546, 28.600729,   17, 0.27,    5, 0.000, 0.000, 0.340,  8
train,    2547, 23.922067,   16, 0.29,    5, 0.000, 0.000, 0.340,  8
train,    2548, 29.626608,   17, 0.31,    4, 0.000, 0.000, 0.340,  8
train,    2549, 34.079746,   16, 0.32,    5, 0.000, 0.000, 0.340,  8
val,      2549, 30.903272, 0.2234,  15.7609,   7.0041, 0.7245,  20.6438
train,    2550, 28.689635,   16, 0.35,    3, 0.000, 0.000, 0.340,  8
train,    2551, 26.934464,   17, 0.30,    5, 0.000, 0.000, 0.340,  8
train,    2552, 27.943817,   17, 0.32,    5, 0.000, 0.000, 0.340,  8
train,    2553, 30.589352,   17, 0.39,    6, 0.000, 0.000, 0.340,  8
train,    2554, 35.981319,   16, 0.36,    5, 0.000, 0.000, 0.340,  8
train,    2555, 35.672912,   17, 0.32,    5, 0.000, 0.000, 0.340,  8
train,    2556, 31.840959,   17, 0.31,    6, 0.000, 0.000, 0.340,  8
update,   2556,   71,  522, 32.564486, 0.000000
train,    2557, 41.785621,   17, 0.31,    4, 0.000, 0.000, 0.340,  8
train,    2558, 36.560956,   16, 0.28,    4, 0.000, 0.000, 0.340,  8
train,    2559, 34.021434,   16, 0.31,    5, 0.000, 0.000, 0.340,  8
val,      2559, 31.583346, 0.2509,  15.6719,   7.0896, 0.7205,  20.6694
train,    2560, 38.306195,   16, 0.38,    4, 0.000, 0.000, 0.340,  8
train,    2561, 31.106133,   17, 0.39,    4, 0.000, 0.000, 0.340,  8
train,    2562, 33.639134,   17, 0.35,    4, 0.000, 0.000, 0.340,  8
train,    2563, 29.985052,   16, 0.36,    4, 0.000, 0.000, 0.340,  8
train,    2564, 38.905089,   17, 0.37,    4, 0.000, 0.000, 0.340,  8
train,    2565, 35.847695,   16, 0.28,    6, 0.000, 0.000, 0.340,  8
train,    2566, 37.675141,   16, 0.39,    4, 0.000, 0.000, 0.340,  8
train,    2567, 34.710821,   16, 0.33,    4, 0.000, 0.000, 0.340,  8
train,    2568, 32.804491,   17, 0.28,    6, 0.000, 0.000, 0.340,  8
train,    2569, 28.710746,   18, 0.35,    5, 0.000, 0.000, 0.340,  8
val,      2569, 31.436811, 0.2730,  15.7293,   7.0721, 0.7490,  20.7050
train,    2570, 40.293365,   17, 0.33,    3, 0.000, 0.000, 0.340,  8
train,    2571, 31.887253,   15, 0.27,    4, 0.000, 0.000, 0.340,  8
train,    2572, 31.877340,   16, 0.33,    4, 0.000, 0.000, 0.340,  8
train,    2573, 37.076217,   15, 0.31,    5, 0.000, 0.000, 0.340,  8
train,    2574, 25.573703,   15, 0.30,    3, 0.000, 0.000, 0.340,  8
train,    2575, 26.204859,   16, 0.42,    5, 0.000, 0.000, 0.340,  8
train,    2576, 26.085907,   16, 0.36,    3, 0.000, 0.000, 0.340,  8
train,    2577, 30.976294,   17, 0.34,    5, 0.000, 0.000, 0.340,  8
train,    2578, 29.038333,   15, 0.35,    6, 0.000, 0.000, 0.340,  8
train,    2579, 23.626357,   16, 0.34,    5, 0.000, 0.000, 0.340,  8
val,      2579, 27.834489, 0.2780,  15.7189,   7.1283, 0.7252,  20.7124
train,    2580, 29.885408,   17, 0.34,    5, 0.000, 0.000, 0.340,  8
train,    2581, 26.519943,   17, 0.30,    4, 0.000, 0.000, 0.340,  8
train,    2582, 23.144680,   18, 0.40,    4, 0.000, 0.000, 0.340,  8
train,    2583, 23.562132,   17, 0.33,    6, 0.000, 0.000, 0.340,  8
train,    2584, 30.296400,   16, 0.37,    6, 0.000, 0.000, 0.340,  8
train,    2585, 33.895529,   17, 0.37,    5, 0.000, 0.000, 0.340,  8
train,    2586, 23.234007,   17, 0.35,    5, 0.000, 0.000, 0.340,  8
train,    2587, 31.769777,   16, 0.31,    6, 0.000, 0.000, 0.340,  8
train,    2588, 23.979537,   17, 0.38,    5, 0.000, 0.000, 0.340,  8
train,    2589, 27.579075,   17, 0.33,    5, 0.000, 0.000, 0.340,  8
val,      2589, 26.827657, 0.2540,  15.5765,   7.0668, 0.7638,  20.7305
train,    2590, 27.988869,   17, 0.32,    5, 0.000, 0.000, 0.340,  8
train,    2591, 25.723606,   16, 0.33,    5, 0.000, 0.000, 0.340,  8
train,    2592, 27.556279,   17, 0.39,    7, 0.000, 0.000, 0.340,  8
update,   2592,   72,  513, 29.419980, 0.000000
train,    2593, 31.533497,   17, 0.37,    5, 0.000, 0.000, 0.340,  8
train,    2594, 28.589100,   16, 0.31,    5, 0.000, 0.000, 0.340,  8
train,    2595, 28.941445,   17, 0.30,    6, 0.000, 0.000, 0.340,  8
train,    2596, 30.634577,   16, 0.28,    5, 0.000, 0.000, 0.340,  8
train,    2597, 33.454308,   17, 0.38,    6, 0.000, 0.000, 0.340,  8
train,    2598, 32.909043,   16, 0.30,    7, 0.000, 0.000, 0.340,  8
train,    2599, 29.184860,   17, 0.38,    6, 0.000, 0.000, 0.340,  8
val,      2599, 27.392662, 0.2423,  15.7903,   7.0651, 0.7045,  20.6536
train,    2600, 36.325006,   16, 0.32,    7, 0.000, 0.000, 0.340,  8
train,    2601, 29.905105,   16, 0.32,    6, 0.000, 0.000, 0.340,  8
train,    2602, 32.050806,   16, 0.42,    6, 0.000, 0.000, 0.340,  8
train,    2603, 37.159136,   17, 0.32,    5, 0.000, 0.000, 0.340,  8
train,    2604, 37.932910,   17, 0.36,    7, 0.000, 0.000, 0.340,  8
train,    2605, 34.599035,   16, 0.32,    6, 0.000, 0.000, 0.340,  8
train,    2606, 36.555084,   16, 0.33,    9, 0.000, 0.000, 0.340,  8
train,    2607, 32.309931,   17, 0.31,    7, 0.000, 0.000, 0.340,  8
train,    2608, 35.532907,   17, 0.36,    8, 0.000, 0.000, 0.340,  8
train,    2609, 32.500918,   16, 0.42,    5, 0.000, 0.000, 0.340,  8
val,      2609, 27.469784, 0.2541,  15.3130,   7.1578, 0.6999,  20.6494
train,    2610, 37.984928,   16, 0.34,    7, 0.000, 0.000, 0.340,  8
train,    2611, 31.055620,   17, 0.38,    8, 0.000, 0.000, 0.340,  8
train,    2612, 30.403722,   16, 0.36,    6, 0.000, 0.000, 0.340,  8
train,    2613, 33.521128,   16, 0.36,    7, 0.000, 0.000, 0.340,  8
train,    2614, 33.364133,   17, 0.32,    7, 0.000, 0.000, 0.340,  8
train,    2615, 30.087437,   16, 0.33,    6, 0.000, 0.000, 0.340,  8
train,    2616, 23.314803,   16, 0.27,    7, 0.000, 0.000, 0.340,  8
train,    2617, 28.443395,   17, 0.28,    7, 0.000, 0.000, 0.340,  8
train,    2618, 29.979382,   16, 0.38,    9, 0.000, 0.000, 0.340,  8
train,    2619, 28.725291,   16, 0.37,    8, 0.000, 0.000, 0.340,  8
val,      2619, 27.741396, 0.2978,  15.3040,   6.9204, 0.7583,  20.5500
train,    2620, 28.704137,   17, 0.31,    8, 0.000, 0.000, 0.340,  8
train,    2621, 27.944039,   16, 0.33,    6, 0.000, 0.000, 0.340,  8
train,    2622, 21.679453,   16, 0.35,    7, 0.000, 0.000, 0.340,  8
train,    2623, 22.197489,   17, 0.34,    6, 0.000, 0.000, 0.340,  8
train,    2624, 24.146009,   16, 0.33,    7, 0.000, 0.000, 0.340,  8
train,    2625, 19.057999,   16, 0.30,    7, 0.000, 0.000, 0.340,  8
train,    2626, 21.217528,   17, 0.28,    7, 0.000, 0.000, 0.340,  8
train,    2627, 25.526109,   16, 0.25,    7, 0.000, 0.000, 0.340,  8
train,    2628, 20.376224,   16, 0.29,    9, 0.000, 0.000, 0.340,  8
update,   2628,   73,  513, 30.625157, 0.000000
train,    2629, 20.099051,   15, 0.37,    8, 0.000, 0.000, 0.340,  8
val,      2629, 26.940168, 0.2779,  15.6236,   6.9866, 0.7120,  20.5671
train,    2630, 27.666530,   16, 0.33,    6, 0.000, 0.000, 0.340,  8
train,    2631, 20.519302,   17, 0.38,    8, 0.000, 0.000, 0.340,  8
train,    2632, 18.811382,   16, 0.38,    7, 0.000, 0.000, 0.340,  8
train,    2633, 23.214904,   17, 0.35,    6, 0.000, 0.000, 0.340,  8
train,    2634, 17.033305,   17, 0.28,    8, 0.000, 0.000, 0.340,  8
train,    2635, 17.641878,   16, 0.30,    7, 0.000, 0.000, 0.340,  8
train,    2636, 20.311147,   16, 0.30,    6, 0.000, 0.000, 0.340,  8
train,    2637, 21.544710,   17, 0.34,    8, 0.000, 0.000, 0.340,  8
train,    2638, 20.318683,   17, 0.34,    8, 0.000, 0.000, 0.340,  8
train,    2639, 21.777851,   16, 0.37,    8, 0.000, 0.000, 0.340,  8
val,      2639, 30.547432, 0.2748,  15.6762,   6.9987, 0.7040,  20.6723
train,    2640, 21.899556,   17, 0.38,    7, 0.000, 0.000, 0.340,  8
train,    2641, 24.897418,   15, 0.33,    8, 0.000, 0.000, 0.340,  8
train,    2642, 22.782094,   17, 0.31,    9, 0.000, 0.000, 0.340,  8
train,    2643, 30.455061,   16, 0.36,    8, 0.000, 0.000, 0.340,  8
train,    2644, 25.088735,   15, 0.35,    6, 0.000, 0.000, 0.340,  8
train,    2645, 20.615285,   16, 0.37,    7, 0.000, 0.000, 0.340,  8
train,    2646, 30.918108,   15, 0.31,    5, 0.000, 0.000, 0.340,  8
train,    2647, 30.508226,   15, 0.31,    7, 0.000, 0.000, 0.340,  8
train,    2648, 31.366487,   16, 0.34,    8, 0.000, 0.000, 0.340,  8
train,    2649, 26.658875,   17, 0.29,    8, 0.000, 0.000, 0.340,  8
val,      2649, 31.687936, 0.2469,  15.7872,   7.1488, 0.7478,  20.5666
train,    2650, 30.122145,   17, 0.32,    7, 0.000, 0.000, 0.340,  8
train,    2651, 34.901604,   18, 0.26,    8, 0.000, 0.000, 0.340,  8
train,    2652, 31.667539,   17, 0.32,    7, 0.000, 0.000, 0.340,  8
train,    2653, 33.515708,   16, 0.34,    8, 0.000, 0.000, 0.340,  8
train,    2654, 35.467195,   17, 0.42,    7, 0.000, 0.000, 0.340,  8
train,    2655, 32.026145,   17, 0.40,    7, 0.000, 0.000, 0.340,  8
train,    2656, 34.060986,   16, 0.33,    6, 0.000, 0.000, 0.340,  8
train,    2657, 31.138335,   18, 0.32,    7, 0.000, 0.000, 0.340,  8
train,    2658, 32.879031,   17, 0.35,    7, 0.000, 0.000, 0.340,  8
train,    2659, 34.241080,   16, 0.34,    6, 0.000, 0.000, 0.340,  8
val,      2659, 28.561862, 0.2654,  15.9507,   7.0738, 0.7133,  20.6594
train,    2660, 35.502352,   16, 0.38,    7, 0.000, 0.000, 0.340,  8
train,    2661, 38.023773,   16, 0.34,    8, 0.000, 0.000, 0.340,  8
train,    2662, 32.943805,   17, 0.36,    7, 0.000, 0.000, 0.340,  8
train,    2663, 38.034950,   17, 0.36,    8, 0.000, 0.000, 0.340,  8
train,    2664, 28.470210,   16, 0.29,    6, 0.000, 0.000, 0.340,  8
update,   2664,   74,  524, 30.381931, 0.000000
train,    2665, 32.891310,   16, 0.28,    6, 0.000, 0.000, 0.340,  8
train,    2666, 30.336401,   18, 0.39,    8, 0.000, 0.000, 0.340,  8
train,    2667, 25.847682,   18, 0.34,    6, 0.000, 0.000, 0.340,  8
train,    2668, 32.089687,   17, 0.36,    7, 0.000, 0.000, 0.340,  8
train,    2669, 27.938060,   16, 0.40,    7, 0.000, 0.000, 0.340,  8
val,      2669, 29.303510, 0.2654,  15.6948,   6.9578, 0.7221,  20.6790
train,    2670, 33.140191,   17, 0.40,    4, 0.000, 0.000, 0.340,  8
train,    2671, 22.855489,   15, 0.37,    7, 0.000, 0.000, 0.340,  8
train,    2672, 31.716478,   16, 0.34,    4, 0.000, 0.000, 0.340,  8
train,    2673, 25.244686,   16, 0.29,    6, 0.000, 0.000, 0.340,  8
train,    2674, 32.067877,   16, 0.31,    5, 0.000, 0.000, 0.340,  8
train,    2675, 28.164331,   16, 0.30,    5, 0.000, 0.000, 0.340,  8
train,    2676, 22.803971,   16, 0.25,    6, 0.000, 0.000, 0.340,  8
train,    2677, 33.595530,   16, 0.34,    5, 0.000, 0.000, 0.340,  8
train,    2678, 25.607901,   16, 0.34,    4, 0.000, 0.000, 0.340,  8
train,    2679, 25.792973,   17, 0.29,    6, 0.000, 0.000, 0.340,  8
val,      2679, 27.110374, 0.2265,  15.7887,   7.0263, 0.7479,  20.6411
train,    2680, 22.640353,   18, 0.35,    6, 0.000, 0.000, 0.340,  8
train,    2681, 25.244884,   15, 0.36,    6, 0.000, 0.000, 0.340,  8
train,    2682, 24.650809,   16, 0.31,    4, 0.000, 0.000, 0.340,  8
train,    2683, 29.346922,   17, 0.36,    6, 0.000, 0.000, 0.340,  8
train,    2684, 25.083421,   16, 0.34,    5, 0.000, 0.000, 0.340,  8
train,    2685, 28.077274,   17, 0.30,    5, 0.000, 0.000, 0.340,  8
train,    2686, 24.186341,   17, 0.33,    7, 0.000, 0.000, 0.340,  8
train,    2687, 25.606394,   18, 0.29,    5, 0.000, 0.000, 0.340,  8
train,    2688, 26.946146,   17, 0.35,    4, 0.000, 0.000, 0.340,  8
train,    2689, 28.087210,   17, 0.34,    4, 0.000, 0.000, 0.340,  8
val,      2689, 25.558613, 0.2513,  15.7318,   7.0672, 0.7383,  20.6475
train,    2690, 28.538914,   16, 0.37,    6, 0.000, 0.000, 0.340,  8
train,    2691, 27.206074,   16, 0.30,    4, 0.000, 0.000, 0.340,  8
train,    2692, 32.243234,   17, 0.29,    5, 0.000, 0.000, 0.340,  8
train,    2693, 22.050205,   16, 0.35,    5, 0.000, 0.000, 0.340,  8
train,    2694, 26.177897,   17, 0.36,    5, 0.000, 0.000, 0.340,  8
train,    2695, 34.208327,   16, 0.30,    3, 0.000, 0.000, 0.340,  8
train,    2696, 33.143998,   18, 0.38,    5, 0.000, 0.000, 0.340,  8
train,    2697, 36.484546,   16, 0.37,    5, 0.000, 0.000, 0.340,  8
train,    2698, 39.871010,   16, 0.32,    4, 0.000, 0.000, 0.340,  8
train,    2699, 31.294856,   18, 0.29,    4, 0.000, 0.000, 0.340,  8
val,      2699, 25.385614, 0.2640,  15.6026,   7.0700, 0.7771,  20.7067
train,    2700, 35.082077,   17, 0.30,    3, 0.000, 0.000, 0.340,  8
update,   2700,   75,  530, 26.523247, 0.000000
train,    2701, 34.931430,   16, 0.29,    4, 0.000, 0.000, 0.340,  8
train,    2702, 33.006941,   16, 0.36,    5, 0.000, 0.000, 0.340,  8
train,    2703, 36.790638,   17, 0.30,    3, 0.000, 0.000, 0.340,  8
train,    2704, 40.808922,   16, 0.33,    6, 0.000, 0.000, 0.340,  8
train,    2705, 39.748823,   16, 0.34,    5, 0.000, 0.000, 0.340,  8
train,    2706, 35.452159,   17, 0.37,    6, 0.000, 0.000, 0.340,  8
train,    2707, 24.979981,   16, 0.36,    4, 0.000, 0.000, 0.340,  8
train,    2708, 40.697230,   16, 0.34,    5, 0.000, 0.000, 0.340,  8
train,    2709, 32.357575,   18, 0.35,    4, 0.000, 0.000, 0.340,  8
val,      2709, 25.959010, 0.2587,  15.7474,   7.2056, 0.7494,  20.6032
train,    2710, 41.362796,   17, 0.31,    4, 0.000, 0.000, 0.340,  8
train,    2711, 35.742096,   15, 0.37,    6, 0.000, 0.000, 0.340,  8
train,    2712, 34.556607,   16, 0.28,    4, 0.000, 0.000, 0.340,  8
train,    2713, 29.947085,   16, 0.38,    4, 0.000, 0.000, 0.340,  8
train,    2714, 29.743389,   16, 0.29,    2, 0.000, 0.000, 0.340,  8
train,    2715, 28.307065,   16, 0.32,    5, 0.000, 0.000, 0.340,  8
train,    2716, 30.099154,   16, 0.30,    4, 0.000, 0.000, 0.340,  8
train,    2717, 32.448475,   17, 0.34,    6, 0.000, 0.000, 0.340,  8
train,    2718, 32.328572,   17, 0.31,    5, 0.000, 0.000, 0.340,  8
train,    2719, 24.956569,   16, 0.32,    4, 0.000, 0.000, 0.340,  8
val,      2719, 27.392950, 0.2394,  15.9203,   7.0847, 0.7372,  20.6959
train,    2720, 28.542709,   16, 0.35,    5, 0.000, 0.000, 0.340,  8
train,    2721, 20.329617,   16, 0.32,    3, 0.000, 0.000, 0.340,  8
train,    2722, 24.580531,   17, 0.36,    5, 0.000, 0.000, 0.340,  8
train,    2723, 30.331587,   16, 0.31,    7, 0.000, 0.000, 0.340,  8
train,    2724, 31.589409,   16, 0.32,    6, 0.000, 0.000, 0.340,  8
train,    2725, 26.931327,   17, 0.36,    5, 0.000, 0.000, 0.340,  8
train,    2726, 27.786080,   16, 0.39,    6, 0.000, 0.000, 0.340,  8
train,    2727, 26.344592,   16, 0.31,    6, 0.000, 0.000, 0.340,  8
train,    2728, 25.092025,   16, 0.33,    4, 0.000, 0.000, 0.340,  8
train,    2729, 23.947593,   18, 0.30,    4, 0.000, 0.000, 0.340,  8
val,      2729, 27.148315, 0.3052,  15.9235,   7.1209, 0.7408,  20.6556
train,    2730, 26.609327,   17, 0.34,    5, 0.000, 0.000, 0.340,  8
train,    2731, 28.777372,   16, 0.39,    4, 0.000, 0.000, 0.340,  8
train,    2732, 24.578045,   17, 0.30,    3, 0.000, 0.000, 0.340,  8
train,    2733, 25.169415,   18, 0.36,    5, 0.000, 0.000, 0.340,  8
train,    2734, 24.588837,   15, 0.37,    5, 0.000, 0.000, 0.340,  8
train,    2735, 24.970314,   16, 0.35,    6, 0.000, 0.000, 0.340,  8
train,    2736, 22.025221,   17, 0.29,    7, 0.000, 0.000, 0.340,  8
update,   2736,   76,  510, 26.748398, 0.000000
train,    2737, 21.255329,   17, 0.35,    7, 0.000, 0.000, 0.340,  8
train,    2738, 26.741255,   16, 0.36,    6, 0.000, 0.000, 0.340,  8
train,    2739, 29.536132,   16, 0.36,    6, 0.000, 0.000, 0.340,  8
val,      2739, 31.003870, 0.2605,  15.8195,   6.8403, 0.7005,  20.5962
train,    2740, 27.295048,   16, 0.31,    6, 0.000, 0.000, 0.340,  8
train,    2741, 21.953458,   17, 0.33,    6, 0.000, 0.000, 0.340,  8
train,    2742, 20.002636,   17, 0.34,    7, 0.000, 0.000, 0.340,  8
train,    2743, 29.797351,   17, 0.28,    6, 0.000, 0.000, 0.340,  8
train,    2744, 23.700674,   17, 0.37,    6, 0.000, 0.000, 0.340,  8
train,    2745, 28.264006,   17, 0.26,    6, 0.000, 0.000, 0.340,  8
train,    2746, 30.786222,   16, 0.28,    6, 0.000, 0.000, 0.340,  8
train,    2747, 32.523360,   17, 0.34,    6, 0.000, 0.000, 0.340,  8
train,    2748, 36.464200,   15, 0.36,    6, 0.000, 0.000, 0.340,  8
train,    2749, 33.998040,   17, 0.34,    6, 0.000, 0.000, 0.340,  8
val,      2749, 29.703907, 0.2845,  15.8093,   7.0697, 0.7503,  20.6558
train,    2750, 33.792215,   16, 0.32,    8, 0.000, 0.000, 0.340,  8
train,    2751, 34.468854,   16, 0.38,    8, 0.000, 0.000, 0.340,  8
train,    2752, 30.573447,   17, 0.32,    7, 0.000, 0.000, 0.340,  8
train,    2753, 31.372833,   17, 0.34,    7, 0.000, 0.000, 0.340,  8
train,    2754, 27.509092,   18, 0.36,    8, 0.000, 0.000, 0.340,  8
train,    2755, 35.737874,   17, 0.34,    6, 0.000, 0.000, 0.340,  8
train,    2756, 33.247156,   17, 0.34,    8, 0.000, 0.000, 0.340,  8
train,    2757, 33.319519,   17, 0.31,    5, 0.000, 0.000, 0.340,  8
train,    2758, 33.954702,   16, 0.34,    5, 0.000, 0.000, 0.340,  8
train,    2759, 26.547609,   16, 0.32,    7, 0.000, 0.000, 0.340,  8
val,      2759, 31.423047, 0.2368,  15.8483,   7.1445, 0.6899,  20.6705
train,    2760, 28.841273,   16, 0.35,    7, 0.000, 0.000, 0.340,  8
train,    2761, 29.308257,   16, 0.32,    7, 0.000, 0.000, 0.340,  8
train,    2762, 33.235591,   16, 0.31,    7, 0.000, 0.000, 0.340,  8
train,    2763, 27.132406,   17, 0.32,    6, 0.000, 0.000, 0.340,  8
train,    2764, 28.974282,   16, 0.32,    7, 0.000, 0.000, 0.340,  8
train,    2765, 28.202969,   17, 0.33,    8, 0.000, 0.000, 0.340,  8
train,    2766, 31.854326,   16, 0.36,    6, 0.000, 0.000, 0.340,  8
train,    2767, 30.050762,   15, 0.39,    7, 0.000, 0.000, 0.340,  8
train,    2768, 25.177582,   16, 0.27,    6, 0.000, 0.000, 0.340,  8
train,    2769, 24.329304,   16, 0.36,    7, 0.000, 0.000, 0.340,  8
val,      2769, 29.098615, 0.1936,  15.5890,   7.1271, 0.7158,  20.6478
train,    2770, 25.626578,   17, 0.28,    7, 0.000, 0.000, 0.340,  8
train,    2771, 20.504197,   17, 0.28,    8, 0.000, 0.000, 0.340,  8
train,    2772, 26.002978,   17, 0.28,    8, 0.000, 0.000, 0.340,  8
update,   2772,   77,  517, 29.671595, 0.000000
train,    2773, 22.409041,   16, 0.31,    9, 0.000, 0.000, 0.340,  8
train,    2774, 20.951558,   17, 0.34,    7, 0.000, 0.000, 0.340,  8
train,    2775, 25.568199,   17, 0.38,    8, 0.000, 0.000, 0.340,  8
train,    2776, 25.002961,   15, 0.31,    7, 0.000, 0.000, 0.340,  8
train,    2777, 22.223129,   17, 0.34,    8, 0.000, 0.000, 0.340,  8
train,    2778, 26.746261,   15, 0.39,    8, 0.000, 0.000, 0.340,  8
train,    2779, 26.417720,   17, 0.28,    9, 0.000, 0.000, 0.340,  8
val,      2779, 26.598861, 0.2242,  15.9031,   7.0811, 0.7381,  20.6919
train,    2780, 24.188331,   15, 0.31,    8, 0.000, 0.000, 0.340,  8
train,    2781, 23.882644,   17, 0.34,    9, 0.000, 0.000, 0.340,  8
train,    2782, 29.183777,   17, 0.37,    8, 0.000, 0.000, 0.340,  8
train,    2783, 26.865432,   16, 0.33,    8, 0.000, 0.000, 0.340,  8
train,    2784, 28.036826,   16, 0.36,    7, 0.000, 0.000, 0.340,  8
train,    2785, 22.974247,   16, 0.29,    7, 0.000, 0.000, 0.340,  8
train,    2786, 21.802323,   15, 0.28,    9, 0.000, 0.000, 0.340,  8
train,    2787, 28.091112,   16, 0.30,    7, 0.000, 0.000, 0.340,  8
train,    2788, 27.935718,   15, 0.29,    7, 0.000, 0.000, 0.340,  8
train,    2789, 21.588088,   17, 0.31,    8, 0.000, 0.000, 0.340,  8
val,      2789, 24.256533, 0.2566,  15.6253,   7.1092, 0.7359,  20.6618
train,    2790, 23.424166,   17, 0.26,    7, 0.000, 0.000, 0.340,  8
train,    2791, 31.605119,   16, 0.32,    8, 0.000, 0.000, 0.340,  8
train,    2792, 32.719368,   16, 0.29,    8, 0.000, 0.000, 0.340,  8
train,    2793, 26.476621,   16, 0.32,    7, 0.000, 0.000, 0.340,  8
train,    2794, 27.830908,   16, 0.37,    7, 0.000, 0.000, 0.340,  8
train,    2795, 25.275247,   17, 0.35,    9, 0.000, 0.000, 0.340,  8
train,    2796, 31.905130,   15, 0.38,    6, 0.000, 0.000, 0.340,  8
train,    2797, 37.028437,   17, 0.32,    8, 0.000, 0.000, 0.340,  8
train,    2798, 29.343835,   16, 0.31,    8, 0.000, 0.000, 0.340,  8
train,    2799, 34.884800,   17, 0.33,    5, 0.000, 0.000, 0.340,  8
val,      2799, 27.053742, 0.2380,  15.4328,   7.3008, 0.7342,  20.6464
train,    2800, 30.478447,   17, 0.27,    7, 0.000, 0.000, 0.340,  8
train,    2801, 35.478058,   17, 0.27,    7, 0.000, 0.000, 0.340,  8
train,    2802, 35.016714,   16, 0.27,    7, 0.000, 0.000, 0.340,  8
train,    2803, 33.067021,   17, 0.32,    7, 0.000, 0.000, 0.340,  8
train,    2804, 32.566777,   15, 0.31,    5, 0.000, 0.000, 0.340,  8
train,    2805, 41.021229,   18, 0.39,    7, 0.000, 0.000, 0.340,  8
train,    2806, 32.361419,   18, 0.34,    8, 0.000, 0.000, 0.340,  8
train,    2807, 37.486904,   18, 0.29,    7, 0.000, 0.000, 0.340,  8
train,    2808, 34.134276,   16, 0.31,    5, 0.000, 0.000, 0.340,  8
update,   2808,   78,  510, 28.411924, 0.000000
train,    2809, 36.445793,   16, 0.32,    5, 0.000, 0.000, 0.340,  8
val,      2809, 28.818052, 0.2804,  15.6209,   6.9204, 0.7473,  20.6605
train,    2810, 34.976996,   16, 0.34,    7, 0.000, 0.000, 0.340,  8
train,    2811, 35.276263,   16, 0.36,    6, 0.000, 0.000, 0.340,  8
train,    2812, 28.668099,   17, 0.34,    6, 0.000, 0.000, 0.340,  8
train,    2813, 30.060060,   17, 0.33,    7, 0.000, 0.000, 0.340,  8
train,    2814, 34.846320,   17, 0.38,    7, 0.000, 0.000, 0.340,  8
train,    2815, 34.049491,   16, 0.29,    7, 0.000, 0.000, 0.340,  8
train,    2816, 30.136054,   16, 0.30,    6, 0.000, 0.000, 0.340,  8
train,    2817, 29.907483,   17, 0.33,    5, 0.000, 0.000, 0.340,  8
train,    2818, 24.656478,   16, 0.39,    7, 0.000, 0.000, 0.340,  8
train,    2819, 31.956112,   17, 0.39,    5, 0.000, 0.000, 0.340,  8
val,      2819, 29.110796, 0.2429,  15.7978,   7.2059, 0.7240,  20.6213
train,    2820, 29.656668,   17, 0.32,    5, 0.000, 0.000, 0.340,  8
train,    2821, 29.488446,   16, 0.36,    6, 0.000, 0.000, 0.340,  8
train,    2822, 25.323473,   17, 0.41,    4, 0.000, 0.000, 0.340,  8
train,    2823, 30.016273,   17, 0.29,    6, 0.000, 0.000, 0.340,  8
train,    2824, 27.868705,   17, 0.39,    5, 0.000, 0.000, 0.340,  8
train,    2825, 30.299099,   16, 0.31,    4, 0.000, 0.000, 0.340,  8
train,    2826, 24.804876,   16, 0.35,    7, 0.000, 0.000, 0.340,  8
train,    2827, 25.405728,   16, 0.33,    4, 0.000, 0.000, 0.340,  8
train,    2828, 27.405237,   17, 0.34,    5, 0.000, 0.000, 0.340,  8
train,    2829, 25.794137,   17, 0.39,    5, 0.000, 0.000, 0.340,  8
val,      2829, 31.381997, 0.2245,  16.2473,   7.0969, 0.7400,  20.6489
train,    2830, 25.888602,   18, 0.29,    5, 0.000, 0.000, 0.340,  8
train,    2831, 28.305407,   16, 0.31,    4, 0.000, 0.000, 0.340,  8
train,    2832, 22.794396,   16, 0.35,    5, 0.000, 0.000, 0.340,  8
train,    2833, 28.225593,   17, 0.36,    2, 0.000, 0.000, 0.340,  8
train,    2834, 22.368630,   16, 0.37,    6, 0.000, 0.000, 0.340,  8
train,    2835, 25.156488,   17, 0.30,    5, 0.000, 0.000, 0.340,  8
train,    2836, 24.697075,   15, 0.34,    6, 0.000, 0.000, 0.340,  8
train,    2837, 26.991749,   16, 0.34,    5, 0.000, 0.000, 0.340,  8
train,    2838, 33.937561,   16, 0.36,    5, 0.000, 0.000, 0.340,  8
train,    2839, 26.912338,   17, 0.35,    4, 0.000, 0.000, 0.340,  8
val,      2839, 30.770964, 0.2257,  15.9450,   7.1754, 0.7191,  20.6515
train,    2840, 23.576658,   16, 0.31,    4, 0.000, 0.000, 0.340,  8
train,    2841, 26.300024,   16, 0.34,    3, 0.000, 0.000, 0.340,  8
train,    2842, 28.323647,   16, 0.33,    3, 0.000, 0.000, 0.340,  8
train,    2843, 28.809254,   16, 0.35,    5, 0.000, 0.000, 0.340,  8
train,    2844, 32.172460,   16, 0.30,    4, 0.000, 0.000, 0.340,  8
update,   2844,   79,  524, 30.935321, 0.000000
train,    2845, 24.546381,   16, 0.31,    5, 0.000, 0.000, 0.340,  8
train,    2846, 31.573162,   17, 0.34,    5, 0.000, 0.000, 0.340,  8
train,    2847, 33.264434,   15, 0.37,    5, 0.000, 0.000, 0.340,  8
train,    2848, 30.283194,   16, 0.33,    5, 0.000, 0.000, 0.340,  8
train,    2849, 32.432013,   16, 0.37,    4, 0.000, 0.000, 0.340,  8
val,      2849, 31.205951, 0.2860,  15.5743,   7.0072, 0.6891,  20.7053
train,    2850, 31.378989,   16, 0.35,    5, 0.000, 0.000, 0.340,  8
train,    2851, 31.562025,   18, 0.36,    5, 0.000, 0.000, 0.340,  8
train,    2852, 29.984487,   16, 0.33,    3, 0.000, 0.000, 0.340,  8
train,    2853, 32.278492,   16, 0.27,    5, 0.000, 0.000, 0.340,  8
train,    2854, 27.990880,   16, 0.36,    5, 0.000, 0.000, 0.340,  8
train,    2855, 37.982552,   17, 0.37,    3, 0.000, 0.000, 0.340,  8
train,    2856, 32.329548,   17, 0.31,    4, 0.000, 0.000, 0.340,  8
train,    2857, 29.957332,   17, 0.29,    5, 0.000, 0.000, 0.340,  8
train,    2858, 30.974921,   16, 0.37,    5, 0.000, 0.000, 0.340,  8
train,    2859, 29.767194,   18, 0.36,    5, 0.000, 0.000, 0.340,  8
val,      2859, 29.274731, 0.2533,  15.7323,   7.0804, 0.7457,  20.6195
train,    2860, 28.773724,   15, 0.30,    5, 0.000, 0.000, 0.340,  8
train,    2861, 30.037208,   16, 0.33,    5, 0.000, 0.000, 0.340,  8
train,    2862, 26.071478,   16, 0.31,    5, 0.000, 0.000, 0.340,  8
train,    2863, 29.227704,   15, 0.34,    5, 0.000, 0.000, 0.340,  8
train,    2864, 32.471084,   17, 0.35,    3, 0.000, 0.000, 0.340,  8
train,    2865, 29.898807,   17, 0.34,    6, 0.000, 0.000, 0.340,  8
train,    2866, 31.052139,   16, 0.31,    5, 0.000, 0.000, 0.340,  8
train,    2867, 22.068411,   18, 0.33,    6, 0.000, 0.000, 0.340,  8
train,    2868, 23.583946,   17, 0.36,    6, 0.000, 0.000, 0.340,  8
train,    2869, 25.293787,   17, 0.35,    4, 0.000, 0.000, 0.340,  8
val,      2869, 29.023766, 0.2334,  15.8628,   7.1422, 0.7036,  20.6837
train,    2870, 25.015708,   17, 0.29,    6, 0.000, 0.000, 0.340,  8
train,    2871, 25.891016,   17, 0.34,    4, 0.000, 0.000, 0.340,  8
train,    2872, 24.352029,   16, 0.28,    6, 0.000, 0.000, 0.340,  8
train,    2873, 22.611304,   16, 0.35,    5, 0.000, 0.000, 0.340,  8
train,    2874, 31.074450,   16, 0.35,    5, 0.000, 0.000, 0.340,  8
train,    2875, 24.720505,   17, 0.30,    4, 0.000, 0.000, 0.340,  8
train,    2876, 22.125363,   17, 0.36,    6, 0.000, 0.000, 0.340,  8
train,    2877, 25.877534,   16, 0.32,    5, 0.000, 0.000, 0.340,  8
train,    2878, 22.489806,   17, 0.30,    6, 0.000, 0.000, 0.340,  8
train,    2879, 23.287579,   17, 0.31,    6, 0.000, 0.000, 0.340,  8
val,      2879, 26.466924, 0.2633,  15.4782,   7.1115, 0.7450,  20.6519
train,    2880, 28.133512,   16, 0.30,    5, 0.000, 0.000, 0.340,  8
update,   2880,   80,  532, 28.887522, 0.000000
train,    2881, 27.620527,   16, 0.34,    5, 0.000, 0.000, 0.340,  8
train,    2882, 25.278529,   17, 0.26,    6, 0.000, 0.000, 0.340,  8
train,    2883, 25.425310,   16, 0.29,    6, 0.000, 0.000, 0.340,  8
train,    2884, 23.924865,   16, 0.32,    6, 0.000, 0.000, 0.340,  8
train,    2885, 25.019491,   17, 0.28,    5, 0.000, 0.000, 0.340,  8
train,    2886, 26.876515,   16, 0.32,    4, 0.000, 0.000, 0.340,  8
train,    2887, 23.294148,   15, 0.39,    7, 0.000, 0.000, 0.340,  8
train,    2888, 30.020533,   15, 0.36,    7, 0.000, 0.000, 0.340,  8
train,    2889, 29.097188,   16, 0.30,    6, 0.000, 0.000, 0.340,  8
val,      2889, 26.666827, 0.2668,  15.6207,   6.8766, 0.7105,  20.6553
train,    2890, 27.021466,   17, 0.30,    6, 0.000, 0.000, 0.340,  8
train,    2891, 30.903224,   17, 0.28,    6, 0.000, 0.000, 0.340,  8
train,    2892, 26.252867,   18, 0.36,    7, 0.000, 0.000, 0.340,  8
train,    2893, 28.891222,   16, 0.35,    6, 0.000, 0.000, 0.340,  8
train,    2894, 30.563208,   17, 0.33,    7, 0.000, 0.000, 0.340,  8
train,    2895, 32.426353,   16, 0.34,    8, 0.000, 0.000, 0.340,  8
train,    2896, 36.029584,   16, 0.31,    6, 0.000, 0.000, 0.340,  8
train,    2897, 30.078516,   17, 0.31,    6, 0.000, 0.000, 0.340,  8
train,    2898, 39.457298,   16, 0.29,    7, 0.000, 0.000, 0.340,  8
train,    2899, 31.408692,   16, 0.32,    7, 0.000, 0.000, 0.340,  8
val,      2899, 25.251161, 0.2547,  15.5111,   7.0229, 0.7393,  20.5942
train,    2900, 28.353119,   16, 0.33,    7, 0.000, 0.000, 0.340,  8
train,    2901, 35.078554,   16, 0.34,    7, 0.000, 0.000, 0.340,  8
train,    2902, 36.805028,   16, 0.34,    7, 0.000, 0.000, 0.340,  8
train,    2903, 28.659204,   16, 0.29,    7, 0.000, 0.000, 0.340,  8
train,    2904, 31.660545,   16, 0.37,    7, 0.000, 0.000, 0.340,  8
train,    2905, 30.457451,   16, 0.29,    8, 0.000, 0.000, 0.340,  8
train,    2906, 36.988716,   16, 0.29,    8, 0.000, 0.000, 0.340,  8
train,    2907, 31.178905,   17, 0.29,    7, 0.000, 0.000, 0.340,  8
train,    2908, 34.825087,   16, 0.31,    7, 0.000, 0.000, 0.340,  8
train,    2909, 33.805998,   17, 0.38,    7, 0.000, 0.000, 0.340,  8
val,      2909, 25.943630, 0.2641,  16.0739,   6.9802, 0.7269,  20.6186
train,    2910, 30.741282,   16, 0.38,    7, 0.000, 0.000, 0.340,  8
train,    2911, 29.213029,   16, 0.33,    5, 0.000, 0.000, 0.340,  8
train,    2912, 36.756520,   16, 0.33,    8, 0.000, 0.000, 0.340,  8
train,    2913, 34.527231,   17, 0.33,    7, 0.000, 0.000, 0.340,  8
train,    2914, 33.832845,   17, 0.31,    8, 0.000, 0.000, 0.340,  8
train,    2915, 30.894154,   16, 0.30,    8, 0.000, 0.000, 0.340,  8
train,    2916, 33.974674,   16, 0.34,    8, 0.000, 0.000, 0.340,  8
update,   2916,   81,  511, 29.102585, 0.000000
train,    2917, 29.755051,   17, 0.35,    7, 0.000, 0.000, 0.340,  8
train,    2918, 35.188833,   16, 0.33,    6, 0.000, 0.000, 0.340,  8
train,    2919, 31.696378,   17, 0.30,    8, 0.000, 0.000, 0.340,  8
val,      2919, 27.518580, 0.2498,  15.9576,   7.0236, 0.7541,  20.5666
train,    2920, 28.255560,   17, 0.34,    8, 0.000, 0.000, 0.340,  8
train,    2921, 35.857022,   16, 0.30,    8, 0.000, 0.000, 0.340,  8
train,    2922, 26.514569,   16, 0.29,   11, 0.000, 0.000, 0.340,  8
train,    2923, 28.140321,   16, 0.30,    7, 0.000, 0.000, 0.340,  8
train,    2924, 19.698365,   17, 0.30,    7, 0.000, 0.000, 0.340,  8
train,    2925, 24.886987,   17, 0.37,    6, 0.000, 0.000, 0.340,  8
train,    2926, 22.762800,   16, 0.34,    8, 0.000, 0.000, 0.340,  8
train,    2927, 26.844920,   16, 0.33,    8, 0.000, 0.000, 0.340,  8
train,    2928, 30.994040,   16, 0.35,    8, 0.000, 0.000, 0.340,  8
train,    2929, 23.138218,   17, 0.32,    8, 0.000, 0.000, 0.340,  8
val,      2929, 27.726496, 0.2270,  15.7320,   6.9175, 0.7246,  20.7101
train,    2930, 27.187496,   16, 0.36,    8, 0.000, 0.000, 0.340,  8
train,    2931, 27.765087,   16, 0.34,    7, 0.000, 0.000, 0.340,  8
train,    2932, 24.172352,   16, 0.34,    7, 0.000, 0.000, 0.340,  8
train,    2933, 28.693702,   16, 0.31,    8, 0.000, 0.000, 0.340,  8
train,    2934, 31.181509,   16, 0.34,    6, 0.000, 0.000, 0.340,  8
train,    2935, 31.808125,   16, 0.31,    7, 0.000, 0.000, 0.340,  8
train,    2936, 32.035580,   17, 0.32,    9, 0.000, 0.000, 0.340,  8
train,    2937, 28.797159,   17, 0.32,    7, 0.000, 0.000, 0.340,  8
train,    2938, 29.141250,   16, 0.26,    9, 0.000, 0.000, 0.340,  8
train,    2939, 30.989797,   17, 0.30,    6, 0.000, 0.000, 0.340,  8
val,      2939, 29.209610, 0.2353,  15.7565,   7.1295, 0.7344,  20.5994
train,    2940, 26.430098,   17, 0.28,    8, 0.000, 0.000, 0.340,  8
train,    2941, 37.546348,   16, 0.38,    6, 0.000, 0.000, 0.340,  8
train,    2942, 35.181842,   16, 0.34,    8, 0.000, 0.000, 0.340,  8
train,    2943, 30.137420,   17, 0.36,    7, 0.000, 0.000, 0.340,  8
train,    2944, 35.791161,   17, 0.33,    7, 0.000, 0.000, 0.340,  8
train,    2945, 36.729566,   18, 0.36,    9, 0.000, 0.000, 0.340,  8
train,    2946, 27.137967,   16, 0.29,    6, 0.000, 0.000, 0.340,  8
train,    2947, 31.404738,   17, 0.30,    8, 0.000, 0.000, 0.340,  8
train,    2948, 36.391573,   17, 0.36,    7, 0.000, 0.000, 0.340,  8
train,    2949, 32.355448,   16, 0.34,    7, 0.000, 0.000, 0.340,  8
val,      2949, 28.302623, 0.2529,  15.6841,   7.1506, 0.7330,  20.6834
train,    2950, 34.373179,   17, 0.25,    6, 0.000, 0.000, 0.340,  8
train,    2951, 35.085494,   17, 0.34,    5, 0.000, 0.000, 0.340,  8
train,    2952, 32.650217,   17, 0.32,    7, 0.000, 0.000, 0.340,  8
update,   2952,   82,  529, 27.738920, 0.000000
train,    2953, 35.074791,   17, 0.36,    6, 0.000, 0.000, 0.340,  8
train,    2954, 30.976422,   17, 0.33,    6, 0.000, 0.000, 0.340,  8
train,    2955, 30.543202,   16, 0.37,    6, 0.000, 0.000, 0.340,  8
train,    2956, 31.117723,   15, 0.31,    8, 0.000, 0.000, 0.340,  8
train,    2957, 29.800573,   17, 0.36,    6, 0.000, 0.000, 0.340,  8
train,    2958, 28.772310,   17, 0.36,    7, 0.000, 0.000, 0.340,  8
train,    2959, 35.414753,   18, 0.36,    6, 0.000, 0.000, 0.340,  8
val,      2959, 25.703539, 0.1918,  15.9405,   6.8898, 0.7523,  20.7394
train,    2960, 36.427348,   17, 0.40,    6, 0.000, 0.000, 0.340,  8
train,    2961, 32.388507,   17, 0.31,    6, 0.000, 0.000, 0.340,  8
train,    2962, 31.738337,   17, 0.29,    5, 0.000, 0.000, 0.340,  8
train,    2963, 33.197089,   16, 0.30,    5, 0.000, 0.000, 0.340,  8
train,    2964, 29.513589,   16, 0.27,    5, 0.000, 0.000, 0.340,  8
train,    2965, 27.441012,   16, 0.30,    7, 0.000, 0.000, 0.340,  8
train,    2966, 27.644198,   16, 0.31,    6, 0.000, 0.000, 0.340,  8
train,    2967, 29.577470,   17, 0.35,    5, 0.000, 0.000, 0.340,  8
train,    2968, 29.703872,   16, 0.33,    5, 0.000, 0.000, 0.340,  8
train,    2969, 22.515817,   16, 0.40,    5, 0.000, 0.000, 0.340,  8
val,      2969, 26.939360, 0.2480,  15.6289,   6.9653, 0.7254,  20.7122
train,    2970, 27.163913,   16, 0.31,    4, 0.000, 0.000, 0.340,  8
train,    2971, 26.033612,   17, 0.38,    6, 0.000, 0.000, 0.340,  8
train,    2972, 24.432011,   17, 0.34,    4, 0.000, 0.000, 0.340,  8
train,    2973, 27.937774,   16, 0.30,    6, 0.000, 0.000, 0.340,  8
train,    2974, 22.798146,   18, 0.34,    6, 0.000, 0.000, 0.340,  8
train,    2975, 25.593327,   17, 0.37,    5, 0.000, 0.000, 0.340,  8
train,    2976, 23.882895,   16, 0.30,    4, 0.000, 0.000, 0.340,  8
train,    2977, 26.754662,   16, 0.30,    5, 0.000, 0.000, 0.340,  8
train,    2978, 27.062836,   16, 0.40,    5, 0.000, 0.000, 0.340,  8
train,    2979, 22.156520,   16, 0.32,    5, 0.000, 0.000, 0.340,  8
val,      2979, 26.925555, 0.2523,  15.9276,   7.0959, 0.7262,  20.6905
train,    2980, 25.212694,   16, 0.34,    5, 0.000, 0.000, 0.340,  8
train,    2981, 27.228322,   16, 0.33,    3, 0.000, 0.000, 0.340,  8
train,    2982, 20.528128,   17, 0.33,    4, 0.000, 0.000, 0.340,  8
train,    2983, 21.072237,   17, 0.31,    5, 0.000, 0.000, 0.340,  8
train,    2984, 26.002839,   16, 0.35,    4, 0.000, 0.000, 0.340,  8
train,    2985, 27.019965,   16, 0.27,    6, 0.000, 0.000, 0.340,  8
train,    2986, 24.293972,   16, 0.38,    5, 0.000, 0.000, 0.340,  8
train,    2987, 31.752417,   17, 0.31,    5, 0.000, 0.000, 0.340,  8
train,    2988, 23.602091,   16, 0.35,    4, 0.000, 0.000, 0.340,  8
update,   2988,   83,  500, 27.991673, 0.000000
train,    2989, 28.271268,   16, 0.31,    5, 0.000, 0.000, 0.340,  8
val,      2989, 25.575226, 0.2197,  15.8050,   7.0301, 0.7178,  20.6442
train,    2990, 25.705947,   17, 0.33,    5, 0.000, 0.000, 0.340,  8
train,    2991, 28.416810,   17, 0.35,    3, 0.000, 0.000, 0.340,  8
train,    2992, 28.831926,   17, 0.27,    6, 0.000, 0.000, 0.340,  8
train,    2993, 24.970442,   16, 0.36,    4, 0.000, 0.000, 0.340,  8
train,    2994, 33.840742,   16, 0.31,    4, 0.000, 0.000, 0.340,  8
train,    2995, 28.358813,   17, 0.38,    3, 0.000, 0.000, 0.340,  8
train,    2996, 31.185973,   17, 0.27,    4, 0.000, 0.000, 0.340,  8
train,    2997, 33.594347,   16, 0.36,    4, 0.000, 0.000, 0.340,  8
train,    2998, 29.047491,   16, 0.32,    5, 0.000, 0.000, 0.340,  8
train,    2999, 31.464362,   17, 0.37,    4, 0.000, 0.000, 0.340,  8
val,      2999, 24.937065, 0.2449,  15.7861,   6.8388, 0.7037,  20.7199
train,    3000, 27.640938,   16, 0.34,    4, 0.000, 0.000, 0.340,  8