init,     2026-04-09 13:35:59.691334
arguments,Namespace(PPO_epochs=4, adv_norm=1, alg='ppo', cuda=0, curriculum_clean_ratio=1.0, curriculum_entropy_decay=0.85, curriculum_mode='adaptive', curriculum_noise_step=0.0, curriculum_patience=1, entropy=0.8, entropy_min=0.05, eps_clip=0.15, gae_lambda=0.97, gamma=0.995, grad_clip=0.5, gymip_train_xml='inverted_pendulum_ChangeThk_0.050000.xml', hid_group_num=8, hid_group_size=8, hidden_num=64, ignore_checkpoint=True, lane_profile='auto', lr=0.0005, max_noise=0.0, mini_batch_size=128, model='rwtaspk', monitor_time=False, optimizer='rmsprop', rep=11, response_window=40, reward_scale=1.0, road_scenario='merge', rollout_steps=512, rwta_del_connection='none', seed=1, snn_num_steps=15, task='gymip', thread=3, traffic_level='standard', train_num=3000, warm_start_kind='baseline', warm_start_prefix='')
seed,     1
model_dir,/root/autodl-tmp/SVPG2023/LANE/training_runs/ours/merge/models
log_dir,  /root/autodl-tmp/SVPG2023/LANE/training_runs/ours/merge/logs
profile,  lane auto-stabilize: lr->0.0005, gamma->0.995, PPO_epochs->4, eps_clip->0.15, rollout_steps->512, mini_batch_size->128, gae_lambda->0.97, grad_clip->0.5, curriculum_clean_ratio->0.8, max_noise->0.08, curriculum_noise_step->0.02, entropy_min->0.05, curriculum_clean_ratio->1.0, max_noise->0.0, curriculum_noise_step->0.0, curriculum_patience->1, curriculum_entropy_decay->0.85, train_num->3000
warm_start,/root/autodl-tmp/SVPG2023/LANE/training_runs/baseline/merge/models/ppo_gymip_rwtaspk_h8-8-40_none_rmsprop_0.001000_0.10_0.97000_5_0.2000_roadmerge_tfstandard_rep11_best
warm_critic,/root/autodl-tmp/SVPG2023/LANE/training_runs/baseline/merge/models/ppo_gymip_rwtaspk_h8-8-40_none_rmsprop_0.001000_0.10_0.97000_5_0.2000_roadmerge_tfstandard_rep11critic_best
train,    1, 25.966743,   16, 0.00,    6, 0.000, 0.000, 0.800,  8
train,    2, 15.579491,   16, 0.00,    8, 0.000, 0.000, 0.800,  8
train,    3, -63.546919,   11, 1.00,    7, 0.000, 0.000, 0.800,  8
train,    4, 23.236299,   15, 0.00,    6, 0.000, 0.000, 0.800,  8
train,    5, -63.185070,   11, 1.00,    6, 0.000, 0.000, 0.800,  8
train,    6, 25.119075,   16, 0.00,    5, 0.000, 0.000, 0.800,  8
train,    7, -62.220018,   11, 1.00,    7, 0.000, 0.000, 0.800,  8
train,    8, 22.027504,   16, 0.00,    6, 0.000, 0.000, 0.800,  8
train,    9, 26.656201,   15, 0.00,    7, 0.000, 0.000, 0.800,  8
val_save, 9, -0.034386, 0.4000,  14.5000,   7.4000, 0.6000,  20.6149
val,      9, -0.034386, 0.4000,  14.5000,   7.4000, 0.6000,  20.6149
curriculum,noise_cap 0.0000 -> 0.0000, entropy 0.8000 -> 0.6800
train,    10, -54.308594,   17, 1.00,    4, 0.000, 0.000, 0.680,  8
train,    11, -68.771764,   13, 1.00,    5, 0.000, 0.000, 0.680,  8
train,    12, -62.673228,   11, 1.00,    5, 0.000, 0.000, 0.680,  8
train,    13, -38.372095,   12, 1.00,    8, 0.000, 0.000, 0.680,  8
train,    14, -62.910484,   11, 1.00,    6, 0.000, 0.000, 0.680,  8
train,    15, -56.514319,   10, 1.00,    8, 0.000, 0.000, 0.680,  8
train,    16, 43.971140,   16, 0.00,    6, 0.000, 0.000, 0.680,  8
train,    17, -61.752468,   12, 1.00,    6, 0.000, 0.000, 0.680,  8
train,    18, -59.443592,   11, 1.00,    6, 0.000, 0.000, 0.680,  8
train,    19, -60.595563,   10, 1.00,    7, 0.000, 0.000, 0.680,  8
val,      19, -20.329028, 0.6000,  14.0000,   7.8000, 0.4000,  20.5821
train,    20, -61.997312,   11, 1.00,    8, 0.000, 0.000, 0.680,  8
train,    21, -61.303177,   11, 1.00,    6, 0.000, 0.000, 0.680,  8
train,    22, -57.740714,   10, 1.00,    5, 0.000, 0.000, 0.680,  8
train,    23, 23.948360,   15, 0.00,    5, 0.000, 0.000, 0.680,  8
train,    24, -59.998029,   10, 1.00,    6, 0.000, 0.000, 0.680,  8
train,    25, 26.196192,   16, 0.00,    5, 0.000, 0.000, 0.680,  8
train,    26, -56.244203,   16, 1.00,    6, 0.000, 0.000, 0.680,  8
train,    27, 21.876813,   16, 0.00,    6, 0.000, 0.000, 0.680,  8
train,    28, 27.217548,   15, 0.00,    7, 0.000, 0.000, 0.680,  8
train,    29, 41.162355,   17, 0.00,    8, 0.000, 0.000, 0.680,  8
val,      29, -19.669525, 0.6000,  14.6000,   8.0000, 0.4000,  20.4387
train,    30, -62.929641,   11, 1.00,    8, 0.000, 0.000, 0.680,  8
train,    31, 24.122046,   15, 0.00,    5, 0.000, 0.000, 0.680,  8
train,    32, -62.576918,   14, 1.00,    5, 0.000, 0.000, 0.680,  8
train,    33, -65.769587,   12, 1.00,    8, 0.000, 0.000, 0.680,  8
train,    34, 22.477794,   17, 0.00,    7, 0.000, 0.000, 0.680,  8
train,    35, -40.896823,   16, 1.00,    6, 0.000, 0.000, 0.680,  8
train,    36, -64.406220,   13, 1.00,    6, 0.000, 0.000, 0.680,  8
train,    37, 41.693233,   17, 0.00,    6, 0.000, 0.000, 0.680,  8
train,    38, 40.548030,   16, 0.00,    7, 0.000, 0.000, 0.680,  8
update,   38,    1,  518, -11.308262, -0.000000
train,    39, 15.282576,   17, 0.00,    6, 0.000, 0.000, 0.680,  8
val,      39, -21.099312, 0.6000,  14.2000,   5.2000, 0.4000,  20.5149
train,    40, -55.526035,   16, 1.00,    4, 0.000, 0.000, 0.680,  8
train,    41, 41.255857,   17, 0.00,    8, 0.000, 0.000, 0.680,  8
train,    42, 21.863468,   16, 0.00,    6, 0.000, 0.000, 0.680,  8
train,    43, 22.212951,   17, 0.00,    9, 0.000, 0.000, 0.680,  8
train,    44, -36.465980,   13, 1.00,    8, 0.000, 0.000, 0.680,  8
train,    45, -55.357092,   16, 1.00,    5, 0.000, 0.000, 0.680,  8
train,    46, 18.662205,   17, 0.00,    7, 0.000, 0.000, 0.680,  8
train,    47, -73.390240,   13, 1.00,    6, 0.000, 0.000, 0.680,  8
train,    48, 42.357443,   17, 0.00,    4, 0.000, 0.000, 0.680,  8
train,    49, -65.689414,   17, 1.00,    4, 0.000, 0.000, 0.680,  8
val,      49, -58.182030, 0.9000,  12.6000,   4.7000, 0.1000,  20.6400
train,    50, -55.565164,   14, 1.00,    6, 0.000, 0.000, 0.680,  8
train,    51, -75.712396,   13, 1.00,    3, 0.000, 0.000, 0.680,  8
train,    52, 22.759899,   17, 0.00,    6, 0.000, 0.000, 0.680,  8
train,    53, 41.668904,   17, 0.00,    6, 0.000, 0.000, 0.680,  8
train,    54, 26.276370,   16, 0.00,    5, 0.000, 0.000, 0.680,  8
train,    55, 23.357443,   17, 0.00,    4, 0.000, 0.000, 0.680,  8
train,    56, -65.745514,   12, 1.00,    8, 0.000, 0.000, 0.680,  8
train,    57, 28.301228,   16, 0.00,    7, 0.000, 0.000, 0.680,  8
train,    58, -72.826897,   13, 1.00,    4, 0.000, 0.000, 0.680,  8
train,    59, -62.037106,   11, 1.00,    6, 0.000, 0.000, 0.680,  8
val,      59, -43.041334, 0.8000,  14.0000,   6.0000, 0.2000,  20.6627
train,    60, 15.504513,   17, 0.00,    5, 0.000, 0.000, 0.680,  8
train,    61, -39.281651,   15, 1.00,    8, 0.000, 0.000, 0.680,  8
train,    62, -54.404041,   17, 1.00,    3, 0.000, 0.000, 0.680,  8
train,    63, 32.198122,   16, 0.00,    8, 0.000, 0.000, 0.680,  8
train,    64, 42.257443,   17, 0.00,    4, 0.000, 0.000, 0.680,  8
train,    65, 24.740479,   17, 0.00,   10, 0.000, 0.000, 0.680,  8
train,    66, -45.026550,   11, 1.00,    8, 0.000, 0.000, 0.680,  8
train,    67, 41.322524,   17, 0.00,    8, 0.000, 0.000, 0.680,  8
train,    68, -59.459589,   17, 1.00,    7, 0.000, 0.000, 0.680,  8
train,    69, -61.941708,   14, 1.00,    2, 0.000, 0.000, 0.680,  8
val,      69, -21.376943, 0.6000,  14.3000,   6.1000, 0.4000,  20.4207
train,    70, -65.007010,   12, 1.00,    5, 0.000, 0.000, 0.680,  8
train,    71, 16.918227,   16, 0.00,    4, 0.000, 0.000, 0.680,  8
train,    72, -72.964815,   13, 1.00,    5, 0.000, 0.000, 0.680,  8
update,   72,    2,  521, -5.698120, -0.000000
train,    73, 42.108671,   17, 0.00,    5, 0.000, 0.000, 0.680,  8
train,    74, -59.367153,   16, 1.00,    5, 0.000, 0.000, 0.680,  8
train,    75, 32.420063,   16, 0.00,    7, 0.000, 0.000, 0.680,  8
train,    76, -62.611763,   11, 1.00,    7, 0.000, 0.000, 0.680,  8
train,    77, -95.507566,   14, 1.00,    5, 0.000, 0.000, 0.680,  8
train,    78, -62.918637,   11, 1.00,    8, 0.000, 0.000, 0.680,  8
train,    79, -38.393306,   16, 1.00,    8, 0.000, 0.000, 0.680,  8
val,      79, -37.593919, 0.7000,  14.3000,   4.2000, 0.3000,  20.7592
train,    80, -64.284517,   12, 1.00,    5, 0.000, 0.000, 0.680,  8
train,    81, 15.786619,   17, 0.00,    4, 0.000, 0.000, 0.680,  8
train,    82, -74.296777,   13, 1.00,    3, 0.000, 0.000, 0.680,  8
train,    83, 23.324110,   17, 0.00,    4, 0.000, 0.000, 0.680,  8
train,    84, -67.180052,   12, 1.00,    5, 0.000, 0.000, 0.680,  8
train,    85, -55.837404,   16, 1.00,    5, 0.000, 0.000, 0.680,  8
train,    86, 22.641829,   17, 0.00,    7, 0.000, 0.000, 0.680,  8
train,    87, -60.595428,   13, 1.00,    6, 0.000, 0.000, 0.680,  8
train,    88, 34.819952,   17, 0.00,    4, 0.000, 0.000, 0.680,  8
train,    89, -59.897908,   12, 1.00,    4, 0.000, 0.000, 0.680,  8
val,      89, -40.276382, 0.7000,  13.8000,   4.1000, 0.3000,  20.5688
train,    90, -66.553880,   12, 1.00,    5, 0.000, 0.000, 0.680,  8
train,    91, 22.411127,   17, 0.00,    7, 0.000, 0.000, 0.680,  8
train,    92, 15.635215,   17, 0.00,    5, 0.000, 0.000, 0.680,  8
train,    93, -63.183754,   17, 1.00,    5, 0.000, 0.000, 0.680,  8
train,    94, -60.523436,   10, 1.00,    6, 0.000, 0.000, 0.680,  8
train,    95, 41.975338,   17, 0.00,    5, 0.000, 0.000, 0.680,  8
train,    96, 25.490896,   16, 0.00,    7, 0.000, 0.000, 0.680,  8
train,    97, -72.998775,   13, 1.00,    5, 0.000, 0.000, 0.680,  8
train,    98, 7.317672,   17, 0.00,    5, 0.000, 0.000, 0.680,  8
train,    99, -62.049746,   12, 1.00,    7, 0.000, 0.000, 0.680,  8
val,      99, -46.572653, 0.8000,  13.2000,   4.0000, 0.2000,  20.5811
train,    100, 41.990601,   17, 0.00,    6, 0.000, 0.000, 0.680,  8
train,    101, -70.037761,   13, 1.00,    5, 0.000, 0.000, 0.680,  8
train,    102, 38.332583,   17, 0.00,    5, 0.000, 0.000, 0.680,  8
train,    103, -65.407636,   12, 1.00,    7, 0.000, 0.000, 0.680,  8
train,    104, -62.222872,   11, 1.00,    7, 0.000, 0.000, 0.680,  8
train,    105, -60.440173,   16, 1.00,    6, 0.000, 0.000, 0.680,  8
train,    106, 22.444461,   17, 0.00,    7, 0.000, 0.000, 0.680,  8
train,    107, 28.841729,   17, 0.00,    6, 0.000, 0.000, 0.680,  8
update,   107,    3,  515, -11.828165, 0.000000
train,    108, -55.093106,   14, 1.00,    5, 0.000, 0.000, 0.680,  8
train,    109, -62.042667,   11, 1.00,    6, 0.000, 0.000, 0.680,  8
val,      109, -32.576164, 0.7000,  14.3000,   4.6000, 0.3000,  20.4804
train,    110, -56.938672,   12, 1.00,    4, 0.000, 0.000, 0.680,  8
train,    111, 41.322524,   17, 0.00,    8, 0.000, 0.000, 0.680,  8
train,    112, -62.611483,   11, 1.00,    4, 0.000, 0.000, 0.680,  8
train,    113, -49.212055,   14, 1.00,    8, 0.000, 0.000, 0.680,  8
train,    114, 25.688904,   17, 0.00,    9, 0.000, 0.000, 0.680,  8
train,    115, 41.659899,   17, 0.00,    6, 0.000, 0.000, 0.680,  8
train,    116, -66.526494,   14, 1.00,    3, 0.000, 0.000, 0.680,  8
train,    117, -69.355781,   13, 1.00,    7, 0.000, 0.000, 0.680,  8
train,    118, -72.388609,   13, 1.00,    3, 0.000, 0.000, 0.680,  8
train,    119, -60.180860,   10, 1.00,    7, 0.000, 0.000, 0.680,  8
val,      119, -43.772199, 0.8000,  13.0000,   5.5000, 0.2000,  20.6679
train,    120, -59.708575,   16, 1.00,    4, 0.000, 0.000, 0.680,  8
train,    121, -61.865639,   11, 1.00,    6, 0.000, 0.000, 0.680,  8
train,    122, 28.589121,   16, 0.00,    6, 0.000, 0.000, 0.680,  8
train,    123, 35.752602,   16, 0.00,    9, 0.000, 0.000, 0.680,  8
train,    124, 41.162355,   17, 0.00,    8, 0.000, 0.000, 0.680,  8
train,    125, 28.264877,   16, 0.00,    7, 0.000, 0.000, 0.680,  8
train,    126, 23.168840,   17, 0.00,    5, 0.000, 0.000, 0.680,  8
train,    127, 33.276092,   17, 0.00,    9, 0.000, 0.000, 0.680,  8
train,    128, 28.459389,   17, 0.00,    7, 0.000, 0.000, 0.680,  8
train,    129, -73.064531,   13, 1.00,    5, 0.000, 0.000, 0.680,  8
val,      129, -36.083945, 0.7000,  14.1000,   5.5000, 0.3000,  20.5033
train,    130, -58.450468,   11, 1.00,    5, 0.000, 0.000, 0.680,  8
train,    131, -78.754199,   13, 1.00,    4, 0.000, 0.000, 0.680,  8
train,    132, -64.951717,   12, 1.00,    5, 0.000, 0.000, 0.680,  8
train,    133, 19.692709,   17, 0.00,    4, 0.000, 0.000, 0.680,  8
train,    134, -55.104383,   11, 1.00,    8, 0.000, 0.000, 0.680,  8
train,    135, 14.858584,   17, 0.00,    6, 0.000, 0.000, 0.680,  8
train,    136, -59.833272,   16, 1.00,    5, 0.000, 0.000, 0.680,  8
train,    137, -58.439721,   11, 1.00,    5, 0.000, 0.000, 0.680,  8
train,    138, 26.357167,   17, 0.00,    7, 0.000, 0.000, 0.680,  8
train,    139, 33.276092,   17, 0.00,    9, 0.000, 0.000, 0.680,  8
val,      139, -40.198135, 0.8000,  14.1000,   5.7000, 0.2000,  20.4834
train,    140, -57.318462,   13, 1.00,    5, 0.000, 0.000, 0.680,  8
train,    141, 22.070642,   16, 0.00,    5, 0.000, 0.000, 0.680,  8
train,    142, -62.010345,   11, 1.00,    5, 0.000, 0.000, 0.680,  8
train,    143, 23.527019,   15, 0.00,    5, 0.000, 0.000, 0.680,  8
update,   143,    4,  516, -10.195101, 0.000000
train,    144, -40.201834,   14, 1.00,    6, 0.000, 0.000, 0.680,  8
train,    145, 33.591531,   17, 0.00,    8, 0.000, 0.000, 0.680,  8
train,    146, -80.008397,   13, 1.00,    3, 0.000, 0.000, 0.680,  8
train,    147, -78.065761,   12, 1.00,    4, 0.000, 0.000, 0.680,  8
train,    148, -58.406408,   15, 1.00,    8, 0.000, 0.000, 0.680,  8
train,    149, 25.736474,   16, 0.00,    6, 0.000, 0.000, 0.680,  8
val,      149, -48.399233, 0.8000,  13.5000,   3.8000, 0.2000,  20.6398
train,    150, -54.590598,   17, 1.00,    7, 0.000, 0.000, 0.680,  8
train,    151, 14.987858,   17, 0.00,    5, 0.000, 0.000, 0.680,  8
train,    152, 24.584761,   16, 0.00,    7, 0.000, 0.000, 0.680,  8
train,    153, -61.632235,   13, 1.00,    7, 0.000, 0.000, 0.680,  8
train,    154, 23.108671,   17, 0.00,    5, 0.000, 0.000, 0.680,  8
train,    155, -63.313396,   13, 1.00,    5, 0.000, 0.000, 0.680,  8
train,    156, 27.715200,   16, 0.00,    6, 0.000, 0.000, 0.680,  8
train,    157, -72.889753,   13, 1.00,    5, 0.000, 0.000, 0.680,  8
train,    158, 22.693233,   17, 0.00,    6, 0.000, 0.000, 0.680,  8
train,    159, -58.648700,   11, 1.00,    5, 0.000, 0.000, 0.680,  8
val,      159, -24.953298, 0.6000,  14.2000,   4.8000, 0.4000,  20.5029
train,    160, -69.166558,   13, 1.00,    7, 0.000, 0.000, 0.680,  8
train,    161, -60.682646,   13, 1.00,    7, 0.000, 0.000, 0.680,  8
train,    162, 23.357443,   17, 0.00,    4, 0.000, 0.000, 0.680,  8
train,    163, -64.873693,   14, 1.00,    8, 0.000, 0.000, 0.680,  8
train,    164, 14.667522,   16, 0.00,    6, 0.000, 0.000, 0.680,  8
train,    165, -62.289292,   11, 1.00,    6, 0.000, 0.000, 0.680,  8
train,    166, -60.854166,   11, 1.00,    5, 0.000, 0.000, 0.680,  8
train,    167, 42.290777,   17, 0.00,    4, 0.000, 0.000, 0.680,  8
train,    168, -60.979692,   10, 1.00,    8, 0.000, 0.000, 0.680,  8
train,    169, 44.084991,   16, 0.00,    5, 0.000, 0.000, 0.680,  8
val,      169, -41.913645, 0.7000,  14.0000,   4.2000, 0.3000,  20.6956
train,    170, -62.676279,   17, 1.00,    3, 0.000, 0.000, 0.680,  8
train,    171, -61.553000,   11, 1.00,    4, 0.000, 0.000, 0.680,  8
train,    172, -66.346187,   12, 1.00,    6, 0.000, 0.000, 0.680,  8
train,    173, -68.707185,   13, 1.00,    5, 0.000, 0.000, 0.680,  8
train,    174, -58.943915,   14, 1.00,    6, 0.000, 0.000, 0.680,  8
train,    175, -72.809930,   13, 1.00,    4, 0.000, 0.000, 0.680,  8
train,    176, 29.152730,   16, 0.00,    5, 0.000, 0.000, 0.680,  8
train,    177, -56.403825,   16, 1.00,    6, 0.000, 0.000, 0.680,  8
train,    178, -61.440465,   12, 1.00,    5, 0.000, 0.000, 0.680,  8
train,    179, -76.343367,   13, 1.00,    5, 0.000, 0.000, 0.680,  8
update,   179,    5,  512, -20.663727, 0.000000
val,      179, -3.861220, 0.4000,  15.3000,   5.4000, 0.6000,  20.5851
train,    180, 41.841498,   17, 0.00,    6, 0.000, 0.000, 0.680,  8
train,    181, -59.394768,   14, 1.00,    6, 0.000, 0.000, 0.680,  8
train,    182, -56.156682,   16, 1.00,    5, 0.000, 0.000, 0.680,  8
train,    183, 26.191140,   17, 0.00,    5, 0.000, 0.000, 0.680,  8
train,    184, -47.627243,   14, 1.00,    8, 0.000, 0.000, 0.680,  8
train,    185, 16.785553,   17, 0.00,    6, 0.000, 0.000, 0.680,  8
train,    186, 41.990601,   17, 0.00,    6, 0.000, 0.000, 0.680,  8
train,    187, 41.095689,   17, 0.00,    8, 0.000, 0.000, 0.680,  8
train,    188, -54.824595,   16, 1.00,    3, 0.000, 0.000, 0.680,  8
train,    189, -39.633550,   17, 1.00,    4, 0.000, 0.000, 0.680,  8
val,      189, -10.842919, 0.4000,  14.7000,   5.3000, 0.6000,  20.5200
train,    190, -61.955125,   11, 1.00,    5, 0.000, 0.000, 0.680,  8
train,    191, -62.292236,   11, 1.00,    6, 0.000, 0.000, 0.680,  8
train,    192, 41.007085,   17, 0.00,    9, 0.000, 0.000, 0.680,  8
train,    193, 41.007085,   17, 0.00,    9, 0.000, 0.000, 0.680,  8
train,    194, -58.660714,   13, 1.00,    4, 0.000, 0.000, 0.680,  8
train,    195, -60.858422,   12, 1.00,    7, 0.000, 0.000, 0.680,  8
train,    196, -58.906358,   13, 1.00,    4, 0.000, 0.000, 0.680,  8
train,    197, 27.179014,   17, 0.00,    5, 0.000, 0.000, 0.680,  8
train,    198, -46.974048,   17, 1.00,    3, 0.000, 0.000, 0.680,  8
train,    199, 17.565202,   17, 0.00,    3, 0.000, 0.000, 0.680,  8
val,      199, -25.962530, 0.6000,  14.9000,   4.3000, 0.4000,  20.6110
train,    200, -57.732621,   13, 1.00,    6, 0.000, 0.000, 0.680,  8
train,    201, 7.655052,   17, 0.00,    3, 0.000, 0.000, 0.680,  8
train,    202, 41.162355,   17, 0.00,    8, 0.000, 0.000, 0.680,  8
train,    203, 15.968724,   17, 0.00,    3, 0.000, 0.000, 0.680,  8
train,    204, -59.672556,   11, 1.00,    5, 0.000, 0.000, 0.680,  8
train,    205, -60.620970,   12, 1.00,    4, 0.000, 0.000, 0.680,  8
train,    206, -1.905552,   17, 0.00,    5, 0.000, 0.000, 0.680,  8
train,    207, 41.162355,   17, 0.00,    8, 0.000, 0.000, 0.680,  8
train,    208, 12.643066,   17, 0.00,    8, 0.000, 0.000, 0.680,  8
train,    209, 34.633296,   17, 0.00,    4, 0.000, 0.000, 0.680,  8
val,      209, -17.201778, 0.5000,  14.7000,   4.1000, 0.5000,  20.6142
train,    210, 25.245160,   16, 0.00,    5, 0.000, 0.000, 0.680,  8
train,    211, -59.694096,   10, 1.00,    5, 0.000, 0.000, 0.680,  8
train,    212, -60.705229,   10, 1.00,    5, 0.000, 0.000, 0.680,  8
train,    213, -61.659485,   11, 1.00,    4, 0.000, 0.000, 0.680,  8
train,    214, 25.123581,   16, 0.00,    5, 0.000, 0.000, 0.680,  8
update,   214,    6,  525, -4.605281, -0.000000
train,    215, 41.677794,   17, 0.00,    7, 0.000, 0.000, 0.680,  8
train,    216, -79.685462,   13, 1.00,    3, 0.000, 0.000, 0.680,  8
train,    217, 25.974802,   17, 0.00,    9, 0.000, 0.000, 0.680,  8
train,    218, -60.926304,   11, 1.00,    5, 0.000, 0.000, 0.680,  8
train,    219, -75.359914,   14, 1.00,    5, 0.000, 0.000, 0.680,  8
val,      219, -3.302540, 0.4000,  15.5000,   5.8000, 0.6000,  20.2081
train,    220, -68.445796,   13, 1.00,    4, 0.000, 0.000, 0.680,  8
train,    221, -63.175367,   14, 1.00,    5, 0.000, 0.000, 0.680,  8
train,    222, 25.084991,   16, 0.00,    5, 0.000, 0.000, 0.680,  8
train,    223, -66.034976,   12, 1.00,    5, 0.000, 0.000, 0.680,  8
train,    224, 42.806607,   15, 0.00,    6, 0.000, 0.000, 0.680,  8
train,    225, 14.576264,   16, 0.00,    6, 0.000, 0.000, 0.680,  8
train,    226, 40.712065,   16, 0.00,    7, 0.000, 0.000, 0.680,  8
train,    227, -61.077183,   13, 1.00,    5, 0.000, 0.000, 0.680,  8
train,    228, -72.206937,   13, 1.00,    3, 0.000, 0.000, 0.680,  8
train,    229, 42.075338,   17, 0.00,    5, 0.000, 0.000, 0.680,  8
val,      229, -27.215570, 0.6000,  14.5000,   4.9000, 0.4000,  20.4172
train,    230, -57.878850,   12, 1.00,    7, 0.000, 0.000, 0.680,  8
train,    231, 16.003272,   17, 0.00,    9, 0.000, 0.000, 0.680,  8
train,    232, 23.366589,   17, 0.00,    4, 0.000, 0.000, 0.680,  8
train,    233, 21.913584,   17, 0.00,    9, 0.000, 0.000, 0.680,  8
train,    234, 15.116625,   16, 0.00,    6, 0.000, 0.000, 0.680,  8
train,    235, -68.402701,   13, 1.00,    4, 0.000, 0.000, 0.680,  8
train,    236, 22.675163,   17, 0.00,    7, 0.000, 0.000, 0.680,  8
train,    237, -68.752348,   13, 1.00,    7, 0.000, 0.000, 0.680,  8
train,    238, -43.216956,   12, 1.00,    8, 0.000, 0.000, 0.680,  8
train,    239, -64.728086,   16, 1.00,    4, 0.000, 0.000, 0.680,  8
val,      239, -54.744069, 0.9000,  14.0000,   4.2000, 0.1000,  20.6761
train,    240, -66.737008,   14, 1.00,    5, 0.000, 0.000, 0.680,  8
train,    241, 22.073732,   16, 0.00,    5, 0.000, 0.000, 0.680,  8
train,    242, -78.395375,   13, 1.00,    3, 0.000, 0.000, 0.680,  8
train,    243, 40.758293,   16, 0.00,    6, 0.000, 0.000, 0.680,  8
train,    244, 23.954987,   17, 0.00,    2, 0.000, 0.000, 0.680,  8
train,    245, -65.787750,   15, 1.00,    7, 0.000, 0.000, 0.680,  8
train,    246, -59.717578,   10, 1.00,    6, 0.000, 0.000, 0.680,  8
train,    247, -55.947532,   16, 1.00,    5, 0.000, 0.000, 0.680,  8
train,    248, -56.062664,   16, 1.00,    5, 0.000, 0.000, 0.680,  8
train,    249, -2.463219,   17, 0.00,    7, 0.000, 0.000, 0.680,  8
update,   249,    7,  517, -11.890523, 0.000000
val,      249, -22.527184, 0.6000,  14.1000,   6.2000, 0.4000,  20.4978
train,    250, -71.992821,   13, 1.00,    2, 0.000, 0.000, 0.680,  8
train,    251, -65.671138,   16, 1.00,    7, 0.000, 0.000, 0.680,  8
train,    252, -68.644602,   13, 1.00,    5, 0.000, 0.000, 0.680,  8
train,    253, -62.537912,   11, 1.00,    5, 0.000, 0.000, 0.680,  8
train,    254, -61.639814,   11, 1.00,    4, 0.000, 0.000, 0.680,  8
train,    255, 29.159435,   16, 0.00,    4, 0.000, 0.000, 0.680,  8
train,    256, 14.718079,   16, 0.00,    6, 0.000, 0.000, 0.680,  8
train,    257, -59.446533,   17, 1.00,    7, 0.000, 0.000, 0.680,  8
train,    258, 22.637963,   17, 0.00,    7, 0.000, 0.000, 0.680,  8
train,    259, -72.372090,   13, 1.00,    3, 0.000, 0.000, 0.680,  8
val,      259, -43.148162, 0.8000,  13.7000,   4.6000, 0.2000,  20.6095
train,    260, 37.863132,   17, 0.00,    7, 0.000, 0.000, 0.680,  8
train,    261, -65.263214,   15, 1.00,    5, 0.000, 0.000, 0.680,  8
train,    262, 25.964641,   16, 0.00,    5, 0.000, 0.000, 0.680,  8
train,    263, 42.042005,   17, 0.00,    5, 0.000, 0.000, 0.680,  8
train,    264, 33.681117,   17, 0.00,    8, 0.000, 0.000, 0.680,  8
train,    265, 28.818864,   16, 0.00,    6, 0.000, 0.000, 0.680,  8
train,    266, 42.063054,   17, 0.00,    5, 0.000, 0.000, 0.680,  8
train,    267, 41.637963,   17, 0.00,    7, 0.000, 0.000, 0.680,  8
train,    268, -56.345559,   14, 1.00,    8, 0.000, 0.000, 0.680,  8
train,    269, -65.601435,   12, 1.00,    7, 0.000, 0.000, 0.680,  8
val,      269, -39.799547, 0.8000,  14.1000,   4.7000, 0.2000,  20.3957
train,    270, 41.444461,   17, 0.00,    7, 0.000, 0.000, 0.680,  8
train,    271, -79.859032,   14, 1.00,    4, 0.000, 0.000, 0.680,  8
train,    272, 42.172706,   17, 0.00,    5, 0.000, 0.000, 0.680,  8
train,    273, 22.641460,   17, 0.00,    6, 0.000, 0.000, 0.680,  8
train,    274, -61.036306,   12, 1.00,    4, 0.000, 0.000, 0.680,  8
train,    275, -66.807366,   12, 1.00,    6, 0.000, 0.000, 0.680,  8
train,    276, -62.414895,   11, 1.00,    7, 0.000, 0.000, 0.680,  8
train,    277, -59.461063,   12, 1.00,    8, 0.000, 0.000, 0.680,  8
train,    278, 9.221548,   17, 0.00,    7, 0.000, 0.000, 0.680,  8
train,    279, 24.967164,   16, 0.00,    6, 0.000, 0.000, 0.680,  8
val,      279, 0.299447, 0.4000,  15.4000,   6.5000, 0.6000,  20.3546
train,    280, -59.825378,   10, 1.00,    5, 0.000, 0.000, 0.680,  8
train,    281, -65.085003,   12, 1.00,    5, 0.000, 0.000, 0.680,  8
train,    282, 23.324110,   17, 0.00,    4, 0.000, 0.000, 0.680,  8
train,    283, -58.065203,   14, 1.00,    1, 0.000, 0.000, 0.680,  8
train,    284, 17.199117,   16, 0.00,    6, 0.000, 0.000, 0.680,  8
update,   284,    8,  515, -7.230545, 0.000000
train,    285, -64.133145,   12, 1.00,    3, 0.000, 0.000, 0.680,  8
train,    286, -60.231413,   11, 1.00,    3, 0.000, 0.000, 0.680,  8
train,    287, 41.526059,   17, 0.00,    7, 0.000, 0.000, 0.680,  8
train,    288, 37.627657,   17, 0.00,    8, 0.000, 0.000, 0.680,  8
train,    289, 35.883290,   16, 0.00,    7, 0.000, 0.000, 0.680,  8
val,      289, -35.418232, 0.7000,  14.2000,   5.3000, 0.3000,  20.3831
train,    290, 15.719952,   17, 0.00,    4, 0.000, 0.000, 0.680,  8
train,    291, 42.233115,   17, 0.00,    4, 0.000, 0.000, 0.680,  8
train,    292, 14.456396,   16, 0.00,    7, 0.000, 0.000, 0.680,  8
train,    293, 23.544967,   17, 0.00,    4, 0.000, 0.000, 0.680,  8
train,    294, 34.222408,   17, 0.00,    6, 0.000, 0.000, 0.680,  8
train,    295, -39.627176,   14, 1.00,    4, 0.000, 0.000, 0.680,  8
train,    296, -41.720500,   15, 1.00,    7, 0.000, 0.000, 0.680,  8
train,    297, 26.274855,   16, 0.00,    5, 0.000, 0.000, 0.680,  8
train,    298, 35.346274,   16, 0.00,    6, 0.000, 0.000, 0.680,  8
train,    299, 22.793233,   17, 0.00,    6, 0.000, 0.000, 0.680,  8
val,      299, -35.004764, 0.7000,  13.8000,   5.1000, 0.3000,  20.7000
train,    300, -58.700909,   15, 1.00,    6, 0.000, 0.000, 0.680,  8
train,    301, -68.642221,   13, 1.00,    5, 0.000, 0.000, 0.680,  8
train,    302, 15.274637,   17, 0.00,    4, 0.000, 0.000, 0.680,  8
train,    303, 22.726566,   17, 0.00,    6, 0.000, 0.000, 0.680,  8
train,    304, -64.972596,   12, 1.00,    5, 0.000, 0.000, 0.680,  8
train,    305, 43.454114,   16, 0.00,    7, 0.000, 0.000, 0.680,  8
train,    306, -60.365786,   11, 1.00,    3, 0.000, 0.000, 0.680,  8
train,    307, 23.327745,   17, 0.00,    5, 0.000, 0.000, 0.680,  8
train,    308, -53.482280,   16, 1.00,    3, 0.000, 0.000, 0.680,  8
train,    309, -62.996741,   11, 1.00,    6, 0.000, 0.000, 0.680,  8
val,      309, -31.588895, 0.7000,  14.1000,   3.8000, 0.3000,  20.3570
train,    310, -66.353216,   12, 1.00,    5, 0.000, 0.000, 0.680,  8
train,    311, 7.739590,   16, 0.00,    4, 0.000, 0.000, 0.680,  8
train,    312, 21.396626,   16, 0.00,    8, 0.000, 0.000, 0.680,  8
train,    313, 12.848241,   17, 0.00,    8, 0.000, 0.000, 0.680,  8
train,    314, -64.957172,   12, 1.00,    5, 0.000, 0.000, 0.680,  8
train,    315, -83.842233,   14, 1.00,    5, 0.000, 0.000, 0.680,  8
train,    316, -61.165811,   11, 1.00,    6, 0.000, 0.000, 0.680,  8
train,    317, -53.557396,   17, 1.00,    4, 0.000, 0.000, 0.680,  8
train,    318, 21.863468,   16, 0.00,    6, 0.000, 0.000, 0.680,  8
train,    319, -72.988794,   14, 1.00,    8, 0.000, 0.000, 0.680,  8
update,   319,    9,  525, -4.529833, 0.000000
val,      319, -40.972265, 0.7000,  13.9000,   4.6000, 0.3000,  20.7642
train,    320, 30.488859,   17, 0.00,    4, 0.000, 0.000, 0.680,  8
train,    321, 5.811015,   16, 0.00,    3, 0.000, 0.000, 0.680,  8
train,    322, -55.469420,   16, 1.00,    4, 0.000, 0.000, 0.680,  8
train,    323, -68.499015,   13, 1.00,    5, 0.000, 0.000, 0.680,  8
train,    324, 34.000471,   17, 0.00,    7, 0.000, 0.000, 0.680,  8
train,    325, -76.077982,   13, 1.00,    4, 0.000, 0.000, 0.680,  8
train,    326, -60.966436,   13, 1.00,    4, 0.000, 0.000, 0.680,  8
train,    327, 15.200669,   17, 0.00,    5, 0.000, 0.000, 0.680,  8
train,    328, 14.604874,   17, 0.00,    8, 0.000, 0.000, 0.680,  8
train,    329, 25.136990,   16, 0.00,    6, 0.000, 0.000, 0.680,  8
val,      329, -12.517329, 0.5000,  14.9000,   5.9000, 0.5000,  20.3792
train,    330, 40.691647,   17, 0.00,   10, 0.000, 0.000, 0.680,  8
train,    331, -62.490016,   15, 1.00,    8, 0.000, 0.000, 0.680,  8
train,    332, 41.326391,   17, 0.00,    8, 0.000, 0.000, 0.680,  8
train,    333, 22.129022,   17, 0.00,    8, 0.000, 0.000, 0.680,  8
train,    334, 25.916598,   16, 0.00,    5, 0.000, 0.000, 0.680,  8
train,    335, -63.439206,   16, 1.00,    4, 0.000, 0.000, 0.680,  8
train,    336, 21.359426,   16, 0.00,    8, 0.000, 0.000, 0.680,  8
train,    337, -73.151153,   13, 1.00,    6, 0.000, 0.000, 0.680,  8
train,    338, -55.902475,   16, 1.00,    6, 0.000, 0.000, 0.680,  8
train,    339, 22.178907,   16, 0.00,    5, 0.000, 0.000, 0.680,  8
val,      339, -26.832382, 0.6000,  14.4000,   4.8000, 0.4000,  20.5077
train,    340, -72.158162,   13, 1.00,    2, 0.000, 0.000, 0.680,  8
train,    341, 41.726566,   17, 0.00,    6, 0.000, 0.000, 0.680,  8
train,    342, 25.652627,   16, 0.00,    4, 0.000, 0.000, 0.680,  8
train,    343, 34.719952,   17, 0.00,    4, 0.000, 0.000, 0.680,  8
train,    344, 16.205163,   16, 0.00,    6, 0.000, 0.000, 0.680,  8
train,    345, -63.346251,   14, 1.00,    5, 0.000, 0.000, 0.680,  8
train,    346, 41.886735,   17, 0.00,    6, 0.000, 0.000, 0.680,  8
train,    347, -41.599018,   16, 1.00,    6, 0.000, 0.000, 0.680,  8
train,    348, -88.956569,   12, 1.00,    6, 0.000, 0.000, 0.680,  8
train,    349, 26.759618,   17, 0.00,    6, 0.000, 0.000, 0.680,  8
val,      349, -6.925788, 0.4000,  15.8000,   4.5000, 0.6000,  20.4481
train,    350, -66.111358,   12, 1.00,    5, 0.000, 0.000, 0.680,  8
train,    351, -58.150808,   15, 1.00,    6, 0.000, 0.000, 0.680,  8
train,    352, -65.084700,   11, 1.00,    5, 0.000, 0.000, 0.680,  8
train,    353, 25.686795,   17, 0.00,    7, 0.000, 0.000, 0.680,  8
update,   353,   10,  524, -3.176417, 0.000000
train,    354, 41.185283,   17, 0.00,    8, 0.000, 0.000, 0.680,  8
train,    355, -72.167174,   13, 1.00,    2, 0.000, 0.000, 0.680,  8
train,    356, 21.855922,   17, 0.00,    9, 0.000, 0.000, 0.680,  8
train,    357, -56.874609,   11, 1.00,    8, 0.000, 0.000, 0.680,  8
train,    358, -61.567582,   12, 1.00,    6, 0.000, 0.000, 0.680,  8
train,    359, 26.316229,   17, 0.00,    7, 0.000, 0.000, 0.680,  8
val,      359, -43.883743, 0.8000,  13.3000,   5.5000, 0.2000,  20.4491
train,    360, -68.777128,   13, 1.00,    6, 0.000, 0.000, 0.680,  8
train,    361, 22.178907,   16, 0.00,    5, 0.000, 0.000, 0.680,  8
train,    362, -60.001123,   10, 1.00,    5, 0.000, 0.000, 0.680,  8
train,    363, 28.538395,   16, 0.00,    7, 0.000, 0.000, 0.680,  8
train,    364, 41.411127,   17, 0.00,    7, 0.000, 0.000, 0.680,  8
train,    365, 40.863468,   16, 0.00,    6, 0.000, 0.000, 0.680,  8
train,    366, 40.822588,   17, 0.00,    9, 0.000, 0.000, 0.680,  8
train,    367, -67.989363,   13, 1.00,    4, 0.000, 0.000, 0.680,  8
train,    368, -55.865296,   16, 1.00,    6, 0.000, 0.000, 0.680,  8
train,    369, -73.056289,   13, 1.00,    5, 0.000, 0.000, 0.680,  8
val,      369, -42.104392, 0.8000,  14.5000,   5.7000, 0.2000,  20.4261
train,    370, 22.886735,   17, 0.00,    6, 0.000, 0.000, 0.680,  8
train,    371, -1.832342,   17, 0.00,    5, 0.000, 0.000, 0.680,  8
train,    372, 21.823219,   16, 0.00,    5, 0.000, 0.000, 0.680,  8
train,    373, 25.005589,   16, 0.00,    6, 0.000, 0.000, 0.680,  8
train,    374, -59.990458,   14, 1.00,    7, 0.000, 0.000, 0.680,  8
train,    375, -61.986195,   12, 1.00,    7, 0.000, 0.000, 0.680,  8
train,    376, 23.672882,   17, 0.00,    3, 0.000, 0.000, 0.680,  8
train,    377, 6.807967,   15, 0.00,    6, 0.000, 0.000, 0.680,  8
train,    378, 29.229239,   17, 0.00,    4, 0.000, 0.000, 0.680,  8
train,    379, 22.820068,   17, 0.00,    6, 0.000, 0.000, 0.680,  8
val,      379, -42.290786, 0.8000,  13.5000,   5.3000, 0.2000,  20.5255
train,    380, 24.462245,   17, 0.00,   11, 0.000, 0.000, 0.680,  8
train,    381, 21.764587,   16, 0.00,    5, 0.000, 0.000, 0.680,  8
train,    382, 41.878907,   17, 0.00,    6, 0.000, 0.000, 0.680,  8
train,    383, -60.845963,   12, 1.00,    7, 0.000, 0.000, 0.680,  8
train,    384, -64.294272,   12, 1.00,    3, 0.000, 0.000, 0.680,  8
train,    385, -58.805231,   14, 1.00,    6, 0.000, 0.000, 0.680,  8
train,    386, -62.817929,   17, 1.00,    5, 0.000, 0.000, 0.680,  8
train,    387, 22.845574,   17, 0.00,    6, 0.000, 0.000, 0.680,  8
update,   387,   11,  514, -0.861163, 0.000000
train,    388, -59.087520,   17, 1.00,    7, 0.000, 0.000, 0.680,  8
train,    389, -58.370879,    9, 1.00,    5, 0.000, 0.000, 0.680,  8
val,      389, -33.931103, 0.7000,  13.1000,   5.6000, 0.3000,  20.5987
train,    390, 41.759899,   17, 0.00,    6, 0.000, 0.000, 0.680,  8
train,    391, 40.846917,   17, 0.00,    9, 0.000, 0.000, 0.680,  8
train,    392, 41.411127,   17, 0.00,    7, 0.000, 0.000, 0.680,  8
train,    393, -65.175589,   12, 1.00,    6, 0.000, 0.000, 0.680,  8
train,    394, -60.471209,   10, 1.00,    8, 0.000, 0.000, 0.680,  8
train,    395, 38.299372,   17, 0.00,    6, 0.000, 0.000, 0.680,  8
train,    396, 35.451774,   16, 0.00,    6, 0.000, 0.000, 0.680,  8
train,    397, 43.454114,   16, 0.00,    7, 0.000, 0.000, 0.680,  8
train,    398, 38.428570,   17, 0.00,    5, 0.000, 0.000, 0.680,  8
train,    399, -72.693433,   13, 1.00,    5, 0.000, 0.000, 0.680,  8
val,      399, -19.390359, 0.6000,  15.3000,   6.1000, 0.4000,  20.4258
train,    400, -63.247612,   11, 1.00,    6, 0.000, 0.000, 0.680,  8
train,    401, 40.863468,   16, 0.00,    6, 0.000, 0.000, 0.680,  8
train,    402, -72.596971,   12, 1.00,    5, 0.000, 0.000, 0.680,  8
train,    403, -68.487315,   13, 1.00,    5, 0.000, 0.000, 0.680,  8
train,    404, 33.906969,   17, 0.00,    7, 0.000, 0.000, 0.680,  8
train,    405, -61.418791,   12, 1.00,    5, 0.000, 0.000, 0.680,  8
train,    406, -62.657503,   11, 1.00,    4, 0.000, 0.000, 0.680,  8
train,    407, 21.637616,   16, 0.00,    7, 0.000, 0.000, 0.680,  8
train,    408, -43.605836,   12, 1.00,    6, 0.000, 0.000, 0.680,  8
train,    409, 22.438675,   17, 0.00,    7, 0.000, 0.000, 0.680,  8
val,      409, -20.756964, 0.6000,  14.8000,   6.9000, 0.4000,  20.4784
train,    410, 41.956936,   17, 0.00,    5, 0.000, 0.000, 0.680,  8
train,    411, 33.925853,   17, 0.00,    7, 0.000, 0.000, 0.680,  8
train,    412, 25.465441,   16, 0.00,    4, 0.000, 0.000, 0.680,  8
train,    413, -71.870073,   14, 1.00,    3, 0.000, 0.000, 0.680,  8
train,    414, 35.755037,   16, 0.00,    5, 0.000, 0.000, 0.680,  8
train,    415, 41.886735,   17, 0.00,    6, 0.000, 0.000, 0.680,  8
train,    416, -65.595506,   12, 1.00,    7, 0.000, 0.000, 0.680,  8
train,    417, -69.123130,   13, 1.00,    5, 0.000, 0.000, 0.680,  8
train,    418, -59.104724,   13, 1.00,    5, 0.000, 0.000, 0.680,  8
train,    419, -59.992075,   11, 1.00,    6, 0.000, 0.000, 0.680,  8
val,      419, -31.268568, 0.7000,  14.5000,   6.4000, 0.3000,  20.5458
train,    420, -58.889754,   12, 1.00,    6, 0.000, 0.000, 0.680,  8
train,    421, -61.974923,   11, 1.00,    3, 0.000, 0.000, 0.680,  8
train,    422, 40.674865,   16, 0.00,    7, 0.000, 0.000, 0.680,  8
train,    423, -65.263547,   12, 1.00,    6, 0.000, 0.000, 0.680,  8
update,   423,   12,  512, -4.960778, -0.000000
train,    424, 41.486799,   17, 0.00,    7, 0.000, 0.000, 0.680,  8
train,    425, -73.156853,   13, 1.00,    5, 0.000, 0.000, 0.680,  8
train,    426, 26.106426,   17, 0.00,    8, 0.000, 0.000, 0.680,  8
train,    427, -57.250271,   14, 1.00,    6, 0.000, 0.000, 0.680,  8
train,    428, 34.222408,   17, 0.00,    6, 0.000, 0.000, 0.680,  8
train,    429, 25.710481,   16, 0.00,    6, 0.000, 0.000, 0.680,  8
val,      429, -15.275472, 0.5000,  14.7000,   7.4000, 0.5000,  20.4472
train,    430, 41.444461,   17, 0.00,    7, 0.000, 0.000, 0.680,  8
train,    431, -69.476268,   17, 1.00,    8, 0.000, 0.000, 0.680,  8
train,    432, 41.571296,   17, 0.00,    7, 0.000, 0.000, 0.680,  8
train,    433, 34.222408,   17, 0.00,    6, 0.000, 0.000, 0.680,  8
train,    434, 42.042005,   17, 0.00,    5, 0.000, 0.000, 0.680,  8
train,    435, 23.854987,   17, 0.00,    2, 0.000, 0.000, 0.680,  8
train,    436, -53.297121,   16, 1.00,    8, 0.000, 0.000, 0.680,  8
train,    437, -48.863146,   16, 1.00,    6, 0.000, 0.000, 0.680,  8
train,    438, -43.029214,   14, 1.00,    6, 0.000, 0.000, 0.680,  8
train,    439, 41.214697,   17, 0.00,    8, 0.000, 0.000, 0.680,  8
val,      439, -40.721004, 0.8000,  13.6000,   6.2000, 0.2000,  20.4194
train,    440, 33.129783,   17, 0.00,    8, 0.000, 0.000, 0.680,  8
train,    441, 18.350212,   17, 0.00,    9, 0.000, 0.000, 0.680,  8
train,    442, 41.071360,   17, 0.00,    8, 0.000, 0.000, 0.680,  8
train,    443, -66.298600,   16, 1.00,    7, 0.000, 0.000, 0.680,  8
train,    444, 7.721718,   17, 0.00,    3, 0.000, 0.000, 0.680,  8
train,    445, 34.504513,   17, 0.00,    5, 0.000, 0.000, 0.680,  8
train,    446, 41.975338,   17, 0.00,    5, 0.000, 0.000, 0.680,  8
train,    447, -60.650084,   12, 1.00,    4, 0.000, 0.000, 0.680,  8
train,    448, 33.906969,   17, 0.00,    7, 0.000, 0.000, 0.680,  8
train,    449, -62.323943,   12, 1.00,    6, 0.000, 0.000, 0.680,  8
val,      449, -22.430887, 0.6000,  15.3000,   5.9000, 0.4000,  20.3980
train,    450, 42.539548,   17, 0.00,    3, 0.000, 0.000, 0.680,  8
train,    451, -76.335124,   13, 1.00,    5, 0.000, 0.000, 0.680,  8
train,    452, 26.058278,   16, 0.00,    5, 0.000, 0.000, 0.680,  8
train,    453, 41.659899,   17, 0.00,    6, 0.000, 0.000, 0.680,  8
train,    454, 27.259647,   15, 0.00,    7, 0.000, 0.000, 0.680,  8
train,    455, -1.865676,   17, 0.00,    5, 0.000, 0.000, 0.680,  8
update,   455,   13,  513, 8.585275, -0.000000
train,    456, 16.304752,   16, 0.00,    6, 0.000, 0.000, 0.680,  8
train,    457, 20.452667,   16, 0.00,    9, 0.000, 0.000, 0.680,  8
train,    458, 16.852219,   17, 0.00,    6, 0.000, 0.000, 0.680,  8
train,    459, -74.591081,   13, 1.00,    4, 0.000, 0.000, 0.680,  8
val,      459, -3.491631, 0.4000,  15.6000,   5.0000, 0.6000,  20.3223
train,    460, 24.940834,   14, 0.00,    7, 0.000, 0.000, 0.680,  8
train,    461, 22.793233,   17, 0.00,    6, 0.000, 0.000, 0.680,  8
train,    462, -59.964805,   10, 1.00,    7, 0.000, 0.000, 0.680,  8
train,    463, -56.161839,   16, 1.00,    6, 0.000, 0.000, 0.680,  8
train,    464, 15.664682,   17, 0.00,    5, 0.000, 0.000, 0.680,  8
train,    465, 25.061088,   16, 0.00,    6, 0.000, 0.000, 0.680,  8
train,    466, -64.257250,   13, 1.00,    5, 0.000, 0.000, 0.680,  8
train,    467, 17.100991,   17, 0.00,    5, 0.000, 0.000, 0.680,  8
train,    468, 26.185220,   17, 0.00,    8, 0.000, 0.000, 0.680,  8
train,    469, -59.020266,   14, 1.00,    5, 0.000, 0.000, 0.680,  8
val,      469, -45.869413, 0.8000,  14.1000,   4.3000, 0.2000,  20.7793
train,    470, -76.344777,   13, 1.00,    5, 0.000, 0.000, 0.680,  8
train,    471, 41.759899,   17, 0.00,    6, 0.000, 0.000, 0.680,  8
train,    472, 22.641829,   17, 0.00,    7, 0.000, 0.000, 0.680,  8
train,    473, -64.425129,   12, 1.00,    5, 0.000, 0.000, 0.680,  8
train,    474, -61.489991,   11, 1.00,    7, 0.000, 0.000, 0.680,  8
train,    475, 25.893120,   16, 0.00,    6, 0.000, 0.000, 0.680,  8
train,    476, -60.950604,   14, 1.00,    6, 0.000, 0.000, 0.680,  8
train,    477, -79.515824,   14, 1.00,    3, 0.000, 0.000, 0.680,  8
train,    478, -63.626045,   12, 1.00,    4, 0.000, 0.000, 0.680,  8
train,    479, -60.026326,   15, 1.00,    4, 0.000, 0.000, 0.680,  8
val,      479, -40.448871, 0.8000,  14.1000,   4.8000, 0.2000,  20.2895
train,    480, -66.327137,   15, 1.00,    5, 0.000, 0.000, 0.680,  8
train,    481, 23.108671,   17, 0.00,    5, 0.000, 0.000, 0.680,  8
train,    482, 41.890601,   17, 0.00,    6, 0.000, 0.000, 0.680,  8
train,    483, -66.050149,   12, 1.00,    5, 0.000, 0.000, 0.680,  8
train,    484, 25.894843,   16, 0.00,    6, 0.000, 0.000, 0.680,  8
train,    485, 14.968906,   15, 0.00,    6, 0.000, 0.000, 0.680,  8
train,    486, 23.706215,   17, 0.00,    3, 0.000, 0.000, 0.680,  8
train,    487, -76.033398,   13, 1.00,    4, 0.000, 0.000, 0.680,  8
train,    488, 33.543748,   17, 0.00,    8, 0.000, 0.000, 0.680,  8
train,    489, -56.473164,   16, 1.00,    7, 0.000, 0.000, 0.680,  8
val,      489, -31.974843, 0.6000,  14.6000,   4.8000, 0.4000,  20.6232
train,    490, -59.983368,   11, 1.00,    6, 0.000, 0.000, 0.680,  8
update,   490,   14,  520, -7.350557, 0.000000
train,    491, 22.178907,   16, 0.00,    5, 0.000, 0.000, 0.680,  8
train,    492, 22.793233,   17, 0.00,    6, 0.000, 0.000, 0.680,  8
train,    493, -69.280082,   13, 1.00,    7, 0.000, 0.000, 0.680,  8
train,    494, 22.990601,   17, 0.00,    6, 0.000, 0.000, 0.680,  8
train,    495, 41.420132,   17, 0.00,    7, 0.000, 0.000, 0.680,  8
train,    496, 44.168527,   16, 0.00,    6, 0.000, 0.000, 0.680,  8
train,    497, 25.593297,   17, 0.00,    7, 0.000, 0.000, 0.680,  8
train,    498, 34.155741,   17, 0.00,    6, 0.000, 0.000, 0.680,  8
train,    499, 41.886735,   17, 0.00,    6, 0.000, 0.000, 0.680,  8
val_save, 499, 7.984836, 0.3000,  15.8000,   6.3000, 0.7000,  20.3784
val,      499, 7.984836, 0.3000,  15.8000,   6.3000, 0.7000,  20.3784
curriculum,noise_cap 0.0000 -> 0.0000, entropy 0.6800 -> 0.5780
train,    500, -40.933184,   14, 1.00,    8, 0.000, 0.000, 0.578,  8
train,    501, -42.177904,   15, 1.00,    6, 0.000, 0.000, 0.578,  8
train,    502, 22.494346,   16, 0.00,    4, 0.000, 0.000, 0.578,  8
train,    503, 41.162355,   17, 0.00,    8, 0.000, 0.000, 0.578,  8
train,    504, 42.491787,   15, 0.00,    7, 0.000, 0.000, 0.578,  8
train,    505, -80.001301,   13, 1.00,    4, 0.000, 0.000, 0.578,  8
train,    506, -65.020077,   12, 1.00,    6, 0.000, 0.000, 0.578,  8
train,    507, -58.209400,   12, 1.00,    5, 0.000, 0.000, 0.578,  8
train,    508, -54.912899,   16, 1.00,    3, 0.000, 0.000, 0.578,  8
train,    509, 23.869881,   17, 0.00,    2, 0.000, 0.000, 0.578,  8
val,      509, -5.928342, 0.4000,  15.0000,   4.9000, 0.6000,  20.5064
train,    510, 41.255857,   17, 0.00,    8, 0.000, 0.000, 0.578,  8
train,    511, 28.814666,   16, 0.00,    6, 0.000, 0.000, 0.578,  8
train,    512, 41.007085,   17, 0.00,    9, 0.000, 0.000, 0.578,  8
train,    513, 40.359426,   16, 0.00,    8, 0.000, 0.000, 0.578,  8
train,    514, -72.717655,   13, 1.00,    4, 0.000, 0.000, 0.578,  8
train,    515, -68.495000,   13, 1.00,    5, 0.000, 0.000, 0.578,  8
train,    516, 21.548030,   16, 0.00,    7, 0.000, 0.000, 0.578,  8
train,    517, 41.359724,   17, 0.00,    8, 0.000, 0.000, 0.578,  8
train,    518, 41.816160,   17, 0.00,    6, 0.000, 0.000, 0.578,  8
train,    519, -72.001260,   13, 1.00,    2, 0.000, 0.000, 0.578,  8
val,      519, -50.307586, 0.8000,  13.8000,   4.9000, 0.2000,  20.6250
train,    520, -67.486584,   14, 1.00,    7, 0.000, 0.000, 0.578,  8
train,    521, -72.686567,   13, 1.00,    4, 0.000, 0.000, 0.578,  8
train,    522, 23.051009,   17, 0.00,    5, 0.000, 0.000, 0.578,  8
train,    523, 23.521478,   17, 0.00,    4, 0.000, 0.000, 0.578,  8
train,    524, -69.945626,   13, 1.00,    5, 0.000, 0.000, 0.578,  8
update,   524,   15,  523, 4.378578, 0.000000
train,    525, -76.823005,   14, 1.00,    6, 0.000, 0.000, 0.578,  8
train,    526, 9.458298,   16, 0.00,    4, 0.000, 0.000, 0.578,  8
train,    527, 26.535540,   16, 0.00,    4, 0.000, 0.000, 0.578,  8
train,    528, 16.979054,   16, 0.00,    4, 0.000, 0.000, 0.578,  8
train,    529, -64.977121,   12, 1.00,    5, 0.000, 0.000, 0.578,  8
val,      529, -44.765737, 0.8000,  13.7000,   3.8000, 0.2000,  20.4789
train,    530, 10.989377,   16, 0.00,    6, 0.000, 0.000, 0.578,  8
train,    531, -63.591483,   11, 1.00,    7, 0.000, 0.000, 0.578,  8
train,    532, 34.081815,   17, 0.00,    5, 0.000, 0.000, 0.578,  8
train,    533, -68.656511,   13, 1.00,    5, 0.000, 0.000, 0.578,  8
train,    534, 30.070142,   16, 0.00,    6, 0.000, 0.000, 0.578,  8
train,    535, -54.483715,   17, 1.00,    3, 0.000, 0.000, 0.578,  8
train,    536, 15.122408,   17, 0.00,    6, 0.000, 0.000, 0.578,  8
train,    537, 42.161012,   17, 0.00,    5, 0.000, 0.000, 0.578,  8
train,    538, 34.872423,   17, 0.00,    2, 0.000, 0.000, 0.578,  8
train,    539, -69.784445,   16, 1.00,    5, 0.000, 0.000, 0.578,  8
val,      539, -19.861162, 0.5000,  15.1000,   4.1000, 0.5000,  20.5438
train,    540, 22.644299,   17, 0.00,    7, 0.000, 0.000, 0.578,  8
train,    541, -61.543971,   11, 1.00,    5, 0.000, 0.000, 0.578,  8
train,    542, 21.159321,   16, 0.00,    7, 0.000, 0.000, 0.578,  8
train,    543, -62.045255,   11, 1.00,    6, 0.000, 0.000, 0.578,  8
train,    544, 28.843472,   17, 0.00,    5, 0.000, 0.000, 0.578,  8
train,    545, 41.359724,   17, 0.00,    8, 0.000, 0.000, 0.578,  8
train,    546, 20.201926,   16, 0.00,    7, 0.000, 0.000, 0.578,  8
train,    547, -81.316268,   13, 1.00,    3, 0.000, 0.000, 0.578,  8
train,    548, -60.620500,   11, 1.00,    4, 0.000, 0.000, 0.578,  8
train,    549, -65.225698,   14, 1.00,    7, 0.000, 0.000, 0.578,  8
val,      549, -40.793589, 0.8000,  14.8000,   3.8000, 0.2000,  20.3990
train,    550, -60.934475,   11, 1.00,    5, 0.000, 0.000, 0.578,  8
train,    551, -62.433974,   11, 1.00,    5, 0.000, 0.000, 0.578,  8
train,    552, 26.207450,   15, 0.00,    8, 0.000, 0.000, 0.578,  8
train,    553, 22.082622,   17, 0.00,    9, 0.000, 0.000, 0.578,  8
train,    554, 16.070107,   16, 0.00,    7, 0.000, 0.000, 0.578,  8
train,    555, 21.953055,   16, 0.00,    6, 0.000, 0.000, 0.578,  8
train,    556, 24.961658,   17, 0.00,    5, 0.000, 0.000, 0.578,  8
train,    557, 41.759899,   17, 0.00,    6, 0.000, 0.000, 0.578,  8
train,    558, 34.069085,   17, 0.00,    6, 0.000, 0.000, 0.578,  8
train,    559, 16.503447,   17, 0.00,    7, 0.000, 0.000, 0.578,  8
update,   559,   16,  528, 1.564032, 0.000000
val,      559, -14.939176, 0.5000,  15.1000,   5.3000, 0.5000,  20.3615
train,    560, -57.495335,   14, 1.00,    4, 0.000, 0.000, 0.578,  8
train,    561, -74.782789,   13, 1.00,    4, 0.000, 0.000, 0.578,  8
train,    562, 23.075338,   17, 0.00,    5, 0.000, 0.000, 0.578,  8
train,    563, -63.562000,   11, 1.00,    7, 0.000, 0.000, 0.578,  8
train,    564, -60.855590,   11, 1.00,    5, 0.000, 0.000, 0.578,  8
train,    565, 34.122408,   17, 0.00,    6, 0.000, 0.000, 0.578,  8
train,    566, -56.171917,   16, 1.00,    7, 0.000, 0.000, 0.578,  8
train,    567, -73.277747,   13, 1.00,    6, 0.000, 0.000, 0.578,  8
train,    568, 27.909235,   15, 0.00,    5, 0.000, 0.000, 0.578,  8
train,    569, -56.743589,   15, 1.00,    7, 0.000, 0.000, 0.578,  8
val,      569, -5.051566, 0.4000,  15.3000,   4.8000, 0.6000,  20.4775
train,    570, -64.880166,   15, 1.00,    4, 0.000, 0.000, 0.578,  8
train,    571, 7.224175,   17, 0.00,    5, 0.000, 0.000, 0.578,  8
train,    572, 22.878907,   17, 0.00,    6, 0.000, 0.000, 0.578,  8
train,    573, 22.776451,   16, 0.00,    3, 0.000, 0.000, 0.578,  8
train,    574, -79.113799,   14, 1.00,    2, 0.000, 0.000, 0.578,  8
train,    575, -44.667779,   10, 1.00,    6, 0.000, 0.000, 0.578,  8
train,    576, -62.916511,   11, 1.00,    8, 0.000, 0.000, 0.578,  8
train,    577, -64.990617,   12, 1.00,    5, 0.000, 0.000, 0.578,  8
train,    578, 41.759899,   17, 0.00,    6, 0.000, 0.000, 0.578,  8
train,    579, 41.768904,   17, 0.00,    6, 0.000, 0.000, 0.578,  8
val,      579, -38.104628, 0.7000,  14.2000,   5.2000, 0.3000,  20.7625
train,    580, -66.845836,   12, 1.00,    6, 0.000, 0.000, 0.578,  8
train,    581, -59.530616,   10, 1.00,    6, 0.000, 0.000, 0.578,  8
train,    582, 11.022167,   15, 0.00,    5, 0.000, 0.000, 0.578,  8
train,    583, -64.846078,   12, 1.00,    6, 0.000, 0.000, 0.578,  8
train,    584, -66.193783,   14, 1.00,    3, 0.000, 0.000, 0.578,  8
train,    585, 41.129022,   17, 0.00,    8, 0.000, 0.000, 0.578,  8
train,    586, -62.303968,   17, 1.00,    6, 0.000, 0.000, 0.578,  8
train,    587, -72.517981,   14, 1.00,    5, 0.000, 0.000, 0.578,  8
train,    588, -64.117113,   14, 1.00,    8, 0.000, 0.000, 0.578,  8
train,    589, -58.410520,   13, 1.00,    3, 0.000, 0.000, 0.578,  8
val,      589, -47.452714, 0.8000,  13.2000,   3.8000, 0.2000,  20.6678
train,    590, 16.852219,   17, 0.00,    6, 0.000, 0.000, 0.578,  8
train,    591, -58.918613,   13, 1.00,    4, 0.000, 0.000, 0.578,  8
train,    592, -68.807692,   13, 1.00,    4, 0.000, 0.000, 0.578,  8
train,    593, -68.307725,   13, 1.00,    5, 0.000, 0.000, 0.578,  8
train,    594, 6.908736,   17, 0.00,    6, 0.000, 0.000, 0.578,  8
train,    595, -70.835540,   15, 1.00,    6, 0.000, 0.000, 0.578,  8
update,   595,   17,  514, -19.553087, -0.000000
train,    596, 25.395215,   16, 0.00,    5, 0.000, 0.000, 0.578,  8
train,    597, -74.790043,   13, 1.00,    4, 0.000, 0.000, 0.578,  8
train,    598, 34.155741,   17, 0.00,    6, 0.000, 0.000, 0.578,  8
train,    599, 11.568040,   16, 0.00,    4, 0.000, 0.000, 0.578,  8
val,      599, -22.188229, 0.5000,  14.7000,   4.0000, 0.5000,  20.5892
train,    600, 41.289191,   17, 0.00,    8, 0.000, 0.000, 0.578,  8
train,    601, -54.340930,   17, 1.00,    3, 0.000, 0.000, 0.578,  8
train,    602, -59.350630,   13, 1.00,    5, 0.000, 0.000, 0.578,  8
train,    603, 42.272706,   17, 0.00,    5, 0.000, 0.000, 0.578,  8
train,    604, 24.636729,   16, 0.00,    7, 0.000, 0.000, 0.578,  8
train,    605, -54.708351,   13, 1.00,    6, 0.000, 0.000, 0.578,  8
train,    606, 26.390862,   16, 0.00,    4, 0.000, 0.000, 0.578,  8
train,    607, -64.110212,   13, 1.00,    6, 0.000, 0.000, 0.578,  8
train,    608, -61.709562,   11, 1.00,    6, 0.000, 0.000, 0.578,  8
train,    609, -76.889671,   14, 1.00,    6, 0.000, 0.000, 0.578,  8
val,      609, -44.639267, 0.8000,  13.3000,   3.4000, 0.2000,  20.8273
train,    610, -61.670910,   11, 1.00,    4, 0.000, 0.000, 0.578,  8
train,    611, 23.324110,   17, 0.00,    4, 0.000, 0.000, 0.578,  8
train,    612, -61.858663,   11, 1.00,    5, 0.000, 0.000, 0.578,  8
train,    613, 42.390777,   17, 0.00,    4, 0.000, 0.000, 0.578,  8
train,    614, -64.849765,   16, 1.00,    4, 0.000, 0.000, 0.578,  8
train,    615, -60.963782,   13, 1.00,    4, 0.000, 0.000, 0.578,  8
train,    616, 22.720027,   17, 0.00,    7, 0.000, 0.000, 0.578,  8
train,    617, -62.304081,   11, 1.00,    6, 0.000, 0.000, 0.578,  8
train,    618, -76.305723,   13, 1.00,    5, 0.000, 0.000, 0.578,  8
train,    619, 43.655701,   16, 0.00,    7, 0.000, 0.000, 0.578,  8
val,      619, -13.462439, 0.5000,  14.3000,   4.1000, 0.5000,  20.5310
train,    620, 29.175870,   16, 0.00,    5, 0.000, 0.000, 0.578,  8
train,    621, -72.639994,   13, 1.00,    4, 0.000, 0.000, 0.578,  8
train,    622, 16.818886,   17, 0.00,    6, 0.000, 0.000, 0.578,  8
train,    623, 15.349243,   17, 0.00,    6, 0.000, 0.000, 0.578,  8
train,    624, -61.971646,   11, 1.00,    5, 0.000, 0.000, 0.578,  8
train,    625, 34.036411,   17, 0.00,    5, 0.000, 0.000, 0.578,  8
train,    626, -72.143441,   13, 1.00,    2, 0.000, 0.000, 0.578,  8
train,    627, -55.864752,   16, 1.00,    5, 0.000, 0.000, 0.578,  8
train,    628, -75.698225,   13, 1.00,    3, 0.000, 0.000, 0.578,  8
train,    629, -61.868090,   11, 1.00,    5, 0.000, 0.000, 0.578,  8
val,      629, -13.735016, 0.5000,  15.3000,   4.7000, 0.5000,  20.4679
train,    630, 7.533111,   17, 0.00,    4, 0.000, 0.000, 0.578,  8
update,   630,   18,  512, -10.871902, 0.000000
train,    631, 27.429874,   17, 0.00,    4, 0.000, 0.000, 0.578,  8
train,    632, 41.793233,   17, 0.00,    6, 0.000, 0.000, 0.578,  8
train,    633, 21.863468,   16, 0.00,    6, 0.000, 0.000, 0.578,  8
train,    634, 24.888468,   14, 0.00,    8, 0.000, 0.000, 0.578,  8
train,    635, 27.098367,   17, 0.00,    5, 0.000, 0.000, 0.578,  8
train,    636, 18.395074,   15, 0.00,    6, 0.000, 0.000, 0.578,  8
train,    637, 15.938229,   16, 0.00,    7, 0.000, 0.000, 0.578,  8
train,    638, -72.867975,   13, 1.00,    5, 0.000, 0.000, 0.578,  8
train,    639, 23.913672,   15, 0.00,    4, 0.000, 0.000, 0.578,  8
val,      639, -63.628532, 1.0000,  13.4000,   3.2000, 0.0000,  20.5854
train,    640, 14.030319,   17, 0.00,    8, 0.000, 0.000, 0.578,  8
train,    641, -61.421905,   16, 1.00,    9, 0.000, 0.000, 0.578,  8
train,    642, -41.126942,   16, 1.00,    6, 0.000, 0.000, 0.578,  8
train,    643, 41.044285,   17, 0.00,    9, 0.000, 0.000, 0.578,  8
train,    644, -77.105110,   14, 1.00,    7, 0.000, 0.000, 0.578,  8
train,    645, -62.175543,   11, 1.00,    7, 0.000, 0.000, 0.578,  8
train,    646, 23.424110,   17, 0.00,    4, 0.000, 0.000, 0.578,  8
train,    647, -61.279519,   13, 1.00,    5, 0.000, 0.000, 0.578,  8
train,    648, -56.466654,   16, 1.00,    5, 0.000, 0.000, 0.578,  8
train,    649, 42.424110,   17, 0.00,    4, 0.000, 0.000, 0.578,  8
val,      649, -49.520845, 0.8000,  13.4000,   4.0000, 0.2000,  20.6077
train,    650, -95.225461,   14, 1.00,    4, 0.000, 0.000, 0.578,  8
train,    651, 16.771254,   16, 0.00,    5, 0.000, 0.000, 0.578,  8
train,    652, -62.279863,   12, 1.00,    5, 0.000, 0.000, 0.578,  8
train,    653, 15.050489,   17, 0.00,    5, 0.000, 0.000, 0.578,  8
train,    654, -61.723005,   11, 1.00,    5, 0.000, 0.000, 0.578,  8
train,    655, -75.760905,   13, 1.00,    3, 0.000, 0.000, 0.578,  8
train,    656, -62.286276,   11, 1.00,    6, 0.000, 0.000, 0.578,  8
train,    657, -61.567422,   12, 1.00,    6, 0.000, 0.000, 0.578,  8
train,    658, -63.054494,   14, 1.00,    6, 0.000, 0.000, 0.578,  8
train,    659, -43.890467,   14, 1.00,    6, 0.000, 0.000, 0.578,  8
val,      659, -36.900589, 0.7000,  14.5000,   4.3000, 0.3000,  20.5361
train,    660, -58.890722,   10, 1.00,    4, 0.000, 0.000, 0.578,  8
train,    661, -62.611311,   11, 1.00,    6, 0.000, 0.000, 0.578,  8
train,    662, 34.353110,   17, 0.00,    6, 0.000, 0.000, 0.578,  8
train,    663, -61.733675,   11, 1.00,    5, 0.000, 0.000, 0.578,  8
train,    664, -69.396056,   13, 1.00,    7, 0.000, 0.000, 0.578,  8
train,    665, -60.738365,   12, 1.00,    4, 0.000, 0.000, 0.578,  8
train,    666, -60.718236,   12, 1.00,    7, 0.000, 0.000, 0.578,  8
update,   666,   19,  514, -13.445938, -0.000000
train,    667, -61.482589,   11, 1.00,    7, 0.000, 0.000, 0.578,  8
train,    668, 38.175902,   17, 0.00,    6, 0.000, 0.000, 0.578,  8
train,    669, -36.897535,   16, 1.00,    5, 0.000, 0.000, 0.578,  8
val,      669, -39.704641, 0.7000,  14.5000,   3.2000, 0.3000,  20.3762
train,    670, 26.824005,   17, 0.00,    6, 0.000, 0.000, 0.578,  8
train,    671, -65.275465,   12, 1.00,    6, 0.000, 0.000, 0.578,  8
train,    672, 41.942005,   17, 0.00,    5, 0.000, 0.000, 0.578,  8
train,    673, -55.378437,   16, 1.00,    3, 0.000, 0.000, 0.578,  8
train,    674, 37.889128,   17, 0.00,    7, 0.000, 0.000, 0.578,  8
train,    675, -55.219512,   17, 1.00,    6, 0.000, 0.000, 0.578,  8
train,    676, 23.539548,   17, 0.00,    3, 0.000, 0.000, 0.578,  8
train,    677, 22.953401,   17, 0.00,    6, 0.000, 0.000, 0.578,  8
train,    678, 42.235507,   17, 0.00,    5, 0.000, 0.000, 0.578,  8
train,    679, 41.735571,   17, 0.00,    6, 0.000, 0.000, 0.578,  8
val,      679, -27.501172, 0.6000,  14.6000,   2.9000, 0.4000,  20.6165
train,    680, 21.482103,   16, 0.00,    6, 0.000, 0.000, 0.578,  8
train,    681, 10.477340,   17, 0.00,    2, 0.000, 0.000, 0.578,  8
train,    682, -59.301023,   12, 1.00,    2, 0.000, 0.000, 0.578,  8
train,    683, -72.841704,   13, 1.00,    5, 0.000, 0.000, 0.578,  8
train,    684, 43.971140,   16, 0.00,    6, 0.000, 0.000, 0.578,  8
train,    685, 15.570159,   16, 0.00,    5, 0.000, 0.000, 0.578,  8
train,    686, 26.709968,   17, 0.00,    6, 0.000, 0.000, 0.578,  8
train,    687, 41.984343,   17, 0.00,    5, 0.000, 0.000, 0.578,  8
train,    688, -51.460569,   16, 1.00,    5, 0.000, 0.000, 0.578,  8
train,    689, 8.843240,   17, 0.00,    9, 0.000, 0.000, 0.578,  8
val,      689, -35.939973, 0.7000,  14.0000,   3.2000, 0.3000,  20.6105
train,    690, -1.865676,   17, 0.00,    5, 0.000, 0.000, 0.578,  8
train,    691, -59.705207,   15, 1.00,    3, 0.000, 0.000, 0.578,  8
train,    692, -58.388795,   17, 1.00,    5, 0.000, 0.000, 0.578,  8
train,    693, 6.399243,   17, 0.00,    4, 0.000, 0.000, 0.578,  8
train,    694, 22.637963,   17, 0.00,    7, 0.000, 0.000, 0.578,  8
train,    695, -57.159958,   16, 1.00,    7, 0.000, 0.000, 0.578,  8
train,    696, 7.472947,   17, 0.00,    4, 0.000, 0.000, 0.578,  8
train,    697, 41.411127,   17, 0.00,    7, 0.000, 0.000, 0.578,  8
train,    698, -73.643502,   11, 1.00,    7, 0.000, 0.000, 0.578,  8
train,    699, -72.500957,   13, 1.00,    3, 0.000, 0.000, 0.578,  8
update,   699,   20,  522, 0.622295, 0.000000
val,      699, -36.890958, 0.7000,  14.6000,   3.0000, 0.3000,  20.5087
train,    700, 23.108671,   17, 0.00,    5, 0.000, 0.000, 0.578,  8
train,    701, 34.390064,   17, 0.00,    5, 0.000, 0.000, 0.578,  8
train,    702, 34.071005,   17, 0.00,    7, 0.000, 0.000, 0.578,  8
train,    703, -61.902226,   11, 1.00,    6, 0.000, 0.000, 0.578,  8
train,    704, -73.030344,   13, 1.00,    5, 0.000, 0.000, 0.578,  8
train,    705, 26.934290,   17, 0.00,    5, 0.000, 0.000, 0.578,  8
train,    706, -2.436430,   17, 0.00,    7, 0.000, 0.000, 0.578,  8
train,    707, 40.863468,   16, 0.00,    6, 0.000, 0.000, 0.578,  8
train,    708, 23.424110,   17, 0.00,    4, 0.000, 0.000, 0.578,  8
train,    709, 38.348964,   17, 0.00,    5, 0.000, 0.000, 0.578,  8
val,      709, -40.415265, 0.7000,  14.3000,   2.7000, 0.3000,  20.4750
train,    710, 27.188021,   17, 0.00,    4, 0.000, 0.000, 0.578,  8
train,    711, -68.721223,   13, 1.00,    5, 0.000, 0.000, 0.578,  8
train,    712, 33.503260,   17, 0.00,    7, 0.000, 0.000, 0.578,  8
train,    713, 23.324110,   17, 0.00,    4, 0.000, 0.000, 0.578,  8
train,    714, 34.471180,   17, 0.00,    5, 0.000, 0.000, 0.578,  8
train,    715, -76.197745,   15, 1.00,    3, 0.000, 0.000, 0.578,  8
train,    716, -61.663348,   12, 1.00,    6, 0.000, 0.000, 0.578,  8
train,    717, -65.234068,   16, 1.00,    6, 0.000, 0.000, 0.578,  8
train,    718, 41.637963,   17, 0.00,    7, 0.000, 0.000, 0.578,  8
train,    719, 25.513708,   16, 0.00,    4, 0.000, 0.000, 0.578,  8
val,      719, -18.446716, 0.5000,  14.9000,   3.2000, 0.5000,  20.5261
train,    720, -57.212777,   15, 1.00,    5, 0.000, 0.000, 0.578,  8
train,    721, 23.440558,   17, 0.00,    5, 0.000, 0.000, 0.578,  8
train,    722, 16.536781,   17, 0.00,    7, 0.000, 0.000, 0.578,  8
train,    723, 23.424110,   17, 0.00,    4, 0.000, 0.000, 0.578,  8
train,    724, 41.477794,   17, 0.00,    7, 0.000, 0.000, 0.578,  8
train,    725, -58.380302,   13, 1.00,    2, 0.000, 0.000, 0.578,  8
train,    726, 27.082097,   17, 0.00,    5, 0.000, 0.000, 0.578,  8
train,    727, 19.459835,   17, 0.00,    5, 0.000, 0.000, 0.578,  8
train,    728, 34.351223,   17, 0.00,    4, 0.000, 0.000, 0.578,  8
train,    729, 16.912342,   17, 0.00,    6, 0.000, 0.000, 0.578,  8
val,      729, -44.660418, 0.8000,  14.0000,   2.9000, 0.2000,  20.6217
train,    730, -74.604382,   13, 1.00,    5, 0.000, 0.000, 0.578,  8
train,    731, -79.213073,   14, 1.00,    2, 0.000, 0.000, 0.578,  8
train,    732, 41.504629,   17, 0.00,    7, 0.000, 0.000, 0.578,  8
update,   732,   21,  524, 6.752463, 0.000000
train,    733, -61.955649,   11, 1.00,    4, 0.000, 0.000, 0.578,  8
train,    734, -65.625098,   16, 1.00,    7, 0.000, 0.000, 0.578,  8
train,    735, -79.847029,   13, 1.00,    5, 0.000, 0.000, 0.578,  8
train,    736, 41.726566,   17, 0.00,    6, 0.000, 0.000, 0.578,  8
train,    737, 25.834091,   16, 0.00,    5, 0.000, 0.000, 0.578,  8
train,    738, 23.324110,   17, 0.00,    4, 0.000, 0.000, 0.578,  8
train,    739, 42.306040,   17, 0.00,    5, 0.000, 0.000, 0.578,  8
val,      739, -18.106920, 0.5000,  15.2000,   3.2000, 0.5000,  20.2611
train,    740, 41.957268,   17, 0.00,    6, 0.000, 0.000, 0.578,  8
train,    741, 22.857268,   17, 0.00,    6, 0.000, 0.000, 0.578,  8
train,    742, 22.953401,   17, 0.00,    6, 0.000, 0.000, 0.578,  8
train,    743, -72.642601,   13, 1.00,    5, 0.000, 0.000, 0.578,  8
train,    744, -55.864035,   16, 1.00,    5, 0.000, 0.000, 0.578,  8
train,    745, -61.429352,   11, 1.00,    5, 0.000, 0.000, 0.578,  8
train,    746, 22.342942,   16, 0.00,    5, 0.000, 0.000, 0.578,  8
train,    747, -61.265555,   11, 1.00,    4, 0.000, 0.000, 0.578,  8
train,    748, 23.954987,   17, 0.00,    2, 0.000, 0.000, 0.578,  8
train,    749, -65.931306,   12, 1.00,    8, 0.000, 0.000, 0.578,  8
val,      749, -32.331765, 0.6000,  14.4000,   3.0000, 0.4000,  20.5619
train,    750, 19.392413,   17, 0.00,    5, 0.000, 0.000, 0.578,  8
train,    751, -56.541845,   16, 1.00,    6, 0.000, 0.000, 0.578,  8
train,    752, 33.488882,   17, 0.00,    7, 0.000, 0.000, 0.578,  8
train,    753, 9.870578,   17, 0.00,    5, 0.000, 0.000, 0.578,  8
train,    754, -58.711436,   17, 1.00,    5, 0.000, 0.000, 0.578,  8
train,    755, -72.488729,   13, 1.00,    4, 0.000, 0.000, 0.578,  8
train,    756, 16.221342,   17, 0.00,    8, 0.000, 0.000, 0.578,  8
train,    757, 28.896108,   16, 0.00,    5, 0.000, 0.000, 0.578,  8
train,    758, -69.986092,   13, 1.00,    5, 0.000, 0.000, 0.578,  8
train,    759, 25.839020,   16, 0.00,    5, 0.000, 0.000, 0.578,  8
val,      759, -18.832643, 0.5000,  14.7000,   3.3000, 0.5000,  20.6720
train,    760, -59.528823,   10, 1.00,    6, 0.000, 0.000, 0.578,  8
train,    761, -61.118752,   11, 1.00,    5, 0.000, 0.000, 0.578,  8
train,    762, -61.593466,   11, 1.00,    5, 0.000, 0.000, 0.578,  8
train,    763, -69.660422,   16, 1.00,    6, 0.000, 0.000, 0.578,  8
train,    764, 41.990601,   17, 0.00,    6, 0.000, 0.000, 0.578,  8
train,    765, 25.807769,   15, 0.00,    6, 0.000, 0.000, 0.578,  8
train,    766, -60.238146,   15, 1.00,    3, 0.000, 0.000, 0.578,  8
train,    767, -72.706300,   13, 1.00,    4, 0.000, 0.000, 0.578,  8
update,   767,   22,  521, -7.597024, 0.000000
train,    768, -67.993920,   13, 1.00,    4, 0.000, 0.000, 0.578,  8
train,    769, -69.070880,   16, 1.00,    4, 0.000, 0.000, 0.578,  8
val,      769, -10.481916, 0.4000,  15.2000,   3.4000, 0.6000,  20.4775
train,    770, -68.443480,   13, 1.00,    4, 0.000, 0.000, 0.578,  8
train,    771, 40.806970,   16, 0.00,    6, 0.000, 0.000, 0.578,  8
train,    772, 42.108671,   17, 0.00,    5, 0.000, 0.000, 0.578,  8
train,    773, 25.050068,   17, 0.00,    5, 0.000, 0.000, 0.578,  8
train,    774, -59.748399,   16, 1.00,    4, 0.000, 0.000, 0.578,  8
train,    775, -68.136661,   13, 1.00,    3, 0.000, 0.000, 0.578,  8
train,    776, -64.822490,   12, 1.00,    3, 0.000, 0.000, 0.578,  8
train,    777, -61.662231,   12, 1.00,    6, 0.000, 0.000, 0.578,  8
train,    778, -57.299719,   13, 1.00,    5, 0.000, 0.000, 0.578,  8
train,    779, -64.371027,   12, 1.00,    3, 0.000, 0.000, 0.578,  8
val,      779, -4.119014, 0.4000,  15.6000,   5.2000, 0.6000,  20.3578
train,    780, 41.990601,   17, 0.00,    6, 0.000, 0.000, 0.578,  8
train,    781, 23.588145,   17, 0.00,    4, 0.000, 0.000, 0.578,  8
train,    782, 23.606215,   17, 0.00,    3, 0.000, 0.000, 0.578,  8
train,    783, 42.539548,   17, 0.00,    3, 0.000, 0.000, 0.578,  8
train,    784, 23.606215,   17, 0.00,    3, 0.000, 0.000, 0.578,  8
train,    785, -68.359779,   13, 1.00,    4, 0.000, 0.000, 0.578,  8
train,    786, 41.486799,   17, 0.00,    7, 0.000, 0.000, 0.578,  8
train,    787, -67.595556,   14, 1.00,    7, 0.000, 0.000, 0.578,  8
train,    788, -80.321648,   13, 1.00,    5, 0.000, 0.000, 0.578,  8
train,    789, -72.634852,   12, 1.00,    5, 0.000, 0.000, 0.578,  8
val,      789, -24.329139, 0.6000,  14.5000,   3.3000, 0.4000,  20.4712
train,    790, -55.604581,   16, 1.00,    4, 0.000, 0.000, 0.578,  8
train,    791, -76.100901,   13, 1.00,    4, 0.000, 0.000, 0.578,  8
train,    792, -80.031905,   14, 1.00,    5, 0.000, 0.000, 0.578,  8
train,    793, -68.644530,   13, 1.00,    5, 0.000, 0.000, 0.578,  8
train,    794, 22.957268,   17, 0.00,    6, 0.000, 0.000, 0.578,  8
train,    795, -49.591479,   16, 1.00,    4, 0.000, 0.000, 0.578,  8
train,    796, -63.002427,   17, 1.00,    5, 0.000, 0.000, 0.578,  8
train,    797, -72.294851,   14, 1.00,    7, 0.000, 0.000, 0.578,  8
train,    798, 42.206040,   17, 0.00,    5, 0.000, 0.000, 0.578,  8
train,    799, 13.495606,   17, 0.00,    5, 0.000, 0.000, 0.578,  8
val,      799, -36.982099, 0.7000,  14.0000,   3.0000, 0.3000,  20.5866
train,    800, 33.306114,   17, 0.00,    8, 0.000, 0.000, 0.578,  8
train,    801, -67.969960,   13, 1.00,    5, 0.000, 0.000, 0.578,  8
train,    802, 26.188210,   17, 0.00,    5, 0.000, 0.000, 0.578,  8
update,   802,   23,  525, -14.566884, -0.000000
train,    803, -84.404480,   14, 1.00,    7, 0.000, 0.000, 0.578,  8
train,    804, 23.484278,   17, 0.00,    4, 0.000, 0.000, 0.578,  8
train,    805, 38.463842,   17, 0.00,    5, 0.000, 0.000, 0.578,  8
train,    806, 24.520508,   16, 0.00,    7, 0.000, 0.000, 0.578,  8
train,    807, -75.434361,   13, 1.00,    2, 0.000, 0.000, 0.578,  8
train,    808, -57.832923,   17, 1.00,    3, 0.000, 0.000, 0.578,  8
train,    809, -64.216020,   12, 1.00,    4, 0.000, 0.000, 0.578,  8
val,      809, -9.010994, 0.4000,  15.0000,   3.4000, 0.6000,  20.6374
train,    810, 15.004695,   17, 0.00,    6, 0.000, 0.000, 0.578,  8
train,    811, -52.870806,   14, 1.00,    5, 0.000, 0.000, 0.578,  8
train,    812, 42.311462,   17, 0.00,    4, 0.000, 0.000, 0.578,  8
train,    813, -73.272075,   13, 1.00,    6, 0.000, 0.000, 0.578,  8
train,    814, 29.685870,   17, 0.00,    7, 0.000, 0.000, 0.578,  8
train,    815, 41.890601,   17, 0.00,    6, 0.000, 0.000, 0.578,  8
train,    816, 16.434966,   16, 0.00,    6, 0.000, 0.000, 0.578,  8
train,    817, -76.311204,   13, 1.00,    5, 0.000, 0.000, 0.578,  8
train,    818, 22.178907,   16, 0.00,    5, 0.000, 0.000, 0.578,  8
train,    819, 16.135391,   17, 0.00,    3, 0.000, 0.000, 0.578,  8
val,      819, -26.607070, 0.6000,  14.6000,   4.1000, 0.4000,  20.4478
train,    820, 22.477794,   17, 0.00,    7, 0.000, 0.000, 0.578,  8
train,    821, 37.973760,   17, 0.00,    7, 0.000, 0.000, 0.578,  8
train,    822, 42.572882,   17, 0.00,    3, 0.000, 0.000, 0.578,  8
train,    823, 21.972116,   16, 0.00,    4, 0.000, 0.000, 0.578,  8
train,    824, 41.793233,   17, 0.00,    6, 0.000, 0.000, 0.578,  8
train,    825, 15.551190,   17, 0.00,    5, 0.000, 0.000, 0.578,  8
train,    826, -68.751444,   16, 1.00,    4, 0.000, 0.000, 0.578,  8
train,    827, 41.322524,   17, 0.00,    8, 0.000, 0.000, 0.578,  8
train,    828, 16.393621,   15, 0.00,    8, 0.000, 0.000, 0.578,  8
train,    829, -69.012460,   13, 1.00,    6, 0.000, 0.000, 0.578,  8
val,      829, -23.871610, 0.5000,  14.8000,   3.1000, 0.5000,  20.6881
train,    830, -60.539982,   11, 1.00,    4, 0.000, 0.000, 0.578,  8
train,    831, -72.299435,   13, 1.00,    2, 0.000, 0.000, 0.578,  8
train,    832, -58.701326,   10, 1.00,    8, 0.000, 0.000, 0.578,  8
train,    833, -73.864498,   13, 1.00,    4, 0.000, 0.000, 0.578,  8
train,    834, 22.759899,   17, 0.00,    6, 0.000, 0.000, 0.578,  8
train,    835, 22.953401,   17, 0.00,    6, 0.000, 0.000, 0.578,  8
train,    836, 41.953401,   17, 0.00,    6, 0.000, 0.000, 0.578,  8
update,   836,   24,  523, -0.185445, 0.000000
train,    837, -61.149908,   12, 1.00,    6, 0.000, 0.000, 0.578,  8
train,    838, 29.483571,   17, 0.00,    7, 0.000, 0.000, 0.578,  8
train,    839, -60.141413,   16, 1.00,    5, 0.000, 0.000, 0.578,  8
val,      839, -26.809342, 0.6000,  14.3000,   3.7000, 0.4000,  20.3228
train,    840, -58.647618,   12, 1.00,    7, 0.000, 0.000, 0.578,  8
train,    841, 41.841498,   17, 0.00,    6, 0.000, 0.000, 0.578,  8
train,    842, -68.499334,   13, 1.00,    5, 0.000, 0.000, 0.578,  8
train,    843, 18.535023,   17, 0.00,    6, 0.000, 0.000, 0.578,  8
train,    844, -69.962312,   13, 1.00,    6, 0.000, 0.000, 0.578,  8
train,    845, -55.328416,   17, 1.00,    8, 0.000, 0.000, 0.578,  8
train,    846, -62.613939,   11, 1.00,    7, 0.000, 0.000, 0.578,  8
train,    847, -78.541785,   13, 1.00,    7, 0.000, 0.000, 0.578,  8
train,    848, -60.999927,   11, 1.00,    5, 0.000, 0.000, 0.578,  8
train,    849, -61.847428,   11, 1.00,    6, 0.000, 0.000, 0.578,  8
val,      849, -49.744228, 0.8000,  13.1000,   2.7000, 0.2000,  20.6951
train,    850, -41.205564,   14, 1.00,    6, 0.000, 0.000, 0.578,  8
train,    851, -72.205296,   13, 1.00,    3, 0.000, 0.000, 0.578,  8
train,    852, -67.500331,   13, 1.00,    8, 0.000, 0.000, 0.578,  8
train,    853, 34.069085,   17, 0.00,    6, 0.000, 0.000, 0.578,  8
train,    854, -62.045872,   11, 1.00,    6, 0.000, 0.000, 0.578,  8
train,    855, 22.857268,   17, 0.00,    6, 0.000, 0.000, 0.578,  8
train,    856, 23.606215,   17, 0.00,    3, 0.000, 0.000, 0.578,  8
train,    857, -63.029114,   14, 1.00,    4, 0.000, 0.000, 0.578,  8
train,    858, -60.064202,   14, 1.00,    2, 0.000, 0.000, 0.578,  8
train,    859, 42.106040,   17, 0.00,    5, 0.000, 0.000, 0.578,  8
val_save, 859, -0.520483, 0.3000,  15.7000,   5.6000, 0.7000,  20.4932
val,      859, -0.520483, 0.3000,  15.7000,   5.6000, 0.7000,  20.4932
train,    860, -72.256993,   13, 1.00,    2, 0.000, 0.000, 0.578,  8
train,    861, 41.178907,   16, 0.00,    5, 0.000, 0.000, 0.578,  8
train,    862, -68.138568,   13, 1.00,    3, 0.000, 0.000, 0.578,  8
train,    863, 23.266772,   15, 0.00,    6, 0.000, 0.000, 0.578,  8
train,    864, 18.289076,   15, 0.00,    6, 0.000, 0.000, 0.578,  8
train,    865, 14.440127,   17, 0.00,    9, 0.000, 0.000, 0.578,  8
train,    866, 41.793233,   17, 0.00,    6, 0.000, 0.000, 0.578,  8
train,    867, 22.268493,   16, 0.00,    5, 0.000, 0.000, 0.578,  8
train,    868, -75.731702,   13, 1.00,    3, 0.000, 0.000, 0.578,  8
train,    869, 16.536781,   17, 0.00,    7, 0.000, 0.000, 0.578,  8
val,      869, -7.621397, 0.4000,  15.5000,   3.9000, 0.6000,  20.4962
train,    870, 43.853069,   16, 0.00,    7, 0.000, 0.000, 0.578,  8
train,    871, 41.386799,   17, 0.00,    7, 0.000, 0.000, 0.578,  8
update,   871,   25,  512, -9.599187, 0.000000
train,    872, 17.221996,   16, 0.00,    3, 0.000, 0.000, 0.578,  8
train,    873, 28.877555,   17, 0.00,    9, 0.000, 0.000, 0.578,  8
train,    874, 29.133566,   16, 0.00,    5, 0.000, 0.000, 0.578,  8
train,    875, -65.191004,   15, 1.00,    5, 0.000, 0.000, 0.578,  8
train,    876, -71.811026,   13, 1.00,    1, 0.000, 0.000, 0.578,  8
train,    877, 41.289191,   17, 0.00,    8, 0.000, 0.000, 0.578,  8
train,    878, 23.550945,   17, 0.00,    4, 0.000, 0.000, 0.578,  8
train,    879, -72.459502,   13, 1.00,    4, 0.000, 0.000, 0.578,  8
val,      879, -71.116013, 1.0000,  12.7000,   2.9000, 0.0000,  20.6921
train,    880, -61.379064,   11, 1.00,    6, 0.000, 0.000, 0.578,  8
train,    881, 28.268562,   16, 0.00,    8, 0.000, 0.000, 0.578,  8
train,    882, -79.449158,   14, 1.00,    3, 0.000, 0.000, 0.578,  8
train,    883, -66.113530,   11, 1.00,    4, 0.000, 0.000, 0.578,  8
train,    884, -59.212834,   13, 1.00,    5, 0.000, 0.000, 0.578,  8
train,    885, -65.178993,   12, 1.00,    6, 0.000, 0.000, 0.578,  8
train,    886, 41.494346,   16, 0.00,    4, 0.000, 0.000, 0.578,  8
train,    887, -60.409040,   13, 1.00,    6, 0.000, 0.000, 0.578,  8
train,    888, -59.387642,   14, 1.00,    6, 0.000, 0.000, 0.578,  8
train,    889, 17.297723,   16, 0.00,    4, 0.000, 0.000, 0.578,  8
val,      889, -48.264439, 0.8000,  13.6000,   3.1000, 0.2000,  20.5690
train,    890, 41.444461,   17, 0.00,    7, 0.000, 0.000, 0.578,  8
train,    891, 23.008671,   17, 0.00,    5, 0.000, 0.000, 0.578,  8
train,    892, -59.848320,   12, 1.00,    4, 0.000, 0.000, 0.578,  8
train,    893, 23.172706,   17, 0.00,    5, 0.000, 0.000, 0.578,  8
train,    894, 23.202173,   17, 0.00,    5, 0.000, 0.000, 0.578,  8
train,    895, 23.235507,   17, 0.00,    5, 0.000, 0.000, 0.578,  8
train,    896, 22.477794,   17, 0.00,    7, 0.000, 0.000, 0.578,  8
train,    897, 40.637616,   16, 0.00,    7, 0.000, 0.000, 0.578,  8
train,    898, -65.020865,   12, 1.00,    6, 0.000, 0.000, 0.578,  8
train,    899, 23.198266,   17, 0.00,    5, 0.000, 0.000, 0.578,  8
val,      899, -41.886106, 0.7000,  14.4000,   3.4000, 0.3000,  20.7494
train,    900, -83.132259,   15, 1.00,    6, 0.000, 0.000, 0.578,  8
train,    901, -59.723421,   16, 1.00,    6, 0.000, 0.000, 0.578,  8
train,    902, -75.482038,   13, 1.00,    2, 0.000, 0.000, 0.578,  8
train,    903, 37.946905,   17, 0.00,    7, 0.000, 0.000, 0.578,  8
train,    904, 34.935391,   17, 0.00,    3, 0.000, 0.000, 0.578,  8
train,    905, 22.864304,   17, 0.00,    7, 0.000, 0.000, 0.578,  8
update,   905,   26,  514, -3.131886, -0.000000
train,    906, -78.944620,   13, 1.00,    5, 0.000, 0.000, 0.578,  8
train,    907, -56.611198,   16, 1.00,    5, 0.000, 0.000, 0.578,  8
train,    908, 9.618495,   17, 0.00,    5, 0.000, 0.000, 0.578,  8
train,    909, -61.816533,   17, 1.00,    2, 0.000, 0.000, 0.578,  8
val,      909, -41.134124, 0.7000,  14.8000,   2.9000, 0.3000,  20.6661
train,    910, 23.739548,   17, 0.00,    3, 0.000, 0.000, 0.578,  8
train,    911, 40.915686,   16, 0.00,    6, 0.000, 0.000, 0.578,  8
train,    912, 33.873636,   17, 0.00,    7, 0.000, 0.000, 0.578,  8
train,    913, -69.872064,   13, 1.00,    4, 0.000, 0.000, 0.578,  8
train,    914, 41.942005,   17, 0.00,    5, 0.000, 0.000, 0.578,  8
train,    915, 42.539548,   17, 0.00,    3, 0.000, 0.000, 0.578,  8
train,    916, -61.388676,   11, 1.00,    3, 0.000, 0.000, 0.578,  8
train,    917, -78.267055,   16, 1.00,    6, 0.000, 0.000, 0.578,  8
train,    918, 16.102057,   17, 0.00,    3, 0.000, 0.000, 0.578,  8
train,    919, 15.456352,   17, 0.00,    4, 0.000, 0.000, 0.578,  8
val,      919, -19.874405, 0.5000,  14.9000,   2.9000, 0.5000,  20.5736
train,    920, 17.765202,   17, 0.00,    3, 0.000, 0.000, 0.578,  8
train,    921, -75.479145,   14, 1.00,    1, 0.000, 0.000, 0.578,  8
train,    922, 42.008671,   17, 0.00,    5, 0.000, 0.000, 0.578,  8
train,    923, -62.310125,   12, 1.00,    5, 0.000, 0.000, 0.578,  8
train,    924, -61.280803,   13, 1.00,    5, 0.000, 0.000, 0.578,  8
train,    925, 41.857268,   17, 0.00,    6, 0.000, 0.000, 0.578,  8
train,    926, 38.757109,   17, 0.00,    4, 0.000, 0.000, 0.578,  8
train,    927, -55.799956,   16, 1.00,    6, 0.000, 0.000, 0.578,  8
train,    928, -53.525046,   17, 1.00,    4, 0.000, 0.000, 0.578,  8
train,    929, 16.231204,   16, 0.00,    6, 0.000, 0.000, 0.578,  8
val,      929, -24.692571, 0.6000,  14.9000,   3.6000, 0.4000,  20.3775
train,    930, -72.473381,   13, 1.00,    4, 0.000, 0.000, 0.578,  8
train,    931, -54.560467,   17, 1.00,    3, 0.000, 0.000, 0.578,  8
train,    932, -64.556317,   14, 1.00,    5, 0.000, 0.000, 0.578,  8
train,    933, 23.390777,   17, 0.00,    4, 0.000, 0.000, 0.578,  8
train,    934, -55.220423,   14, 1.00,    6, 0.000, 0.000, 0.578,  8
train,    935, -45.036701,   11, 1.00,    6, 0.000, 0.000, 0.578,  8
train,    936, 22.641829,   17, 0.00,    7, 0.000, 0.000, 0.578,  8
train,    937, 22.604629,   17, 0.00,    7, 0.000, 0.000, 0.578,  8
train,    938, -59.258314,   14, 1.00,    6, 0.000, 0.000, 0.578,  8
train,    939, 41.461012,   16, 0.00,    4, 0.000, 0.000, 0.578,  8
update,   939,   27,  527, -6.272123, -0.000000
val,      939, -18.279672, 0.5000,  14.9000,   3.7000, 0.5000,  20.5138
train,    940, 41.890601,   17, 0.00,    6, 0.000, 0.000, 0.578,  8
train,    941, 15.222408,   17, 0.00,    6, 0.000, 0.000, 0.578,  8
train,    942, -59.886038,   13, 1.00,    4, 0.000, 0.000, 0.578,  8
train,    943, 42.421478,   17, 0.00,    4, 0.000, 0.000, 0.578,  8
train,    944, -79.941424,   14, 1.00,    5, 0.000, 0.000, 0.578,  8
train,    945, -60.131407,   16, 1.00,    5, 0.000, 0.000, 0.578,  8
train,    946, -76.315103,   13, 1.00,    5, 0.000, 0.000, 0.578,  8
train,    947, 25.968900,   17, 0.00,    6, 0.000, 0.000, 0.578,  8
train,    948, -72.500446,   13, 1.00,    3, 0.000, 0.000, 0.578,  8
train,    949, -90.916047,   14, 1.00,    3, 0.000, 0.000, 0.578,  8
val,      949, -46.393513, 0.8000,  13.4000,   2.8000, 0.2000,  20.4777
train,    950, -85.305073,   12, 1.00,    4, 0.000, 0.000, 0.578,  8
train,    951, 16.102057,   17, 0.00,    3, 0.000, 0.000, 0.578,  8
train,    952, -61.042373,   12, 1.00,    8, 0.000, 0.000, 0.578,  8
train,    953, -61.113164,   14, 1.00,    5, 0.000, 0.000, 0.578,  8
train,    954, 24.703003,   17, 0.00,    6, 0.000, 0.000, 0.578,  8
train,    955, 41.793233,   17, 0.00,    6, 0.000, 0.000, 0.578,  8
train,    956, -47.058007,   17, 1.00,    6, 0.000, 0.000, 0.578,  8
train,    957, 22.793233,   17, 0.00,    6, 0.000, 0.000, 0.578,  8
train,    958, -60.325437,   16, 1.00,    7, 0.000, 0.000, 0.578,  8
train,    959, -68.024504,   13, 1.00,    4, 0.000, 0.000, 0.578,  8
val,      959, -22.082613, 0.5000,  15.2000,   4.6000, 0.5000,  20.3516
train,    960, 22.129022,   17, 0.00,    8, 0.000, 0.000, 0.578,  8
train,    961, -48.825515,   14, 1.00,    7, 0.000, 0.000, 0.578,  8
train,    962, 23.806215,   17, 0.00,    3, 0.000, 0.000, 0.578,  8
train,    963, -80.001223,   13, 1.00,    4, 0.000, 0.000, 0.578,  8
train,    964, -70.654636,   12, 1.00,    4, 0.000, 0.000, 0.578,  8
train,    965, 29.316692,   16, 0.00,    5, 0.000, 0.000, 0.578,  8
train,    966, -60.937655,   11, 1.00,    3, 0.000, 0.000, 0.578,  8
train,    967, -69.349097,   13, 1.00,    7, 0.000, 0.000, 0.578,  8
train,    968, -50.792682,   15, 1.00,    7, 0.000, 0.000, 0.578,  8
train,    969, -63.552530,   12, 1.00,    3, 0.000, 0.000, 0.578,  8
val,      969, -25.242453, 0.6000,  14.8000,   3.7000, 0.4000,  20.4638
train,    970, 25.282360,   16, 0.00,    5, 0.000, 0.000, 0.578,  8
train,    971, -54.187639,   17, 1.00,    6, 0.000, 0.000, 0.578,  8
train,    972, 19.865708,   17, 0.00,    4, 0.000, 0.000, 0.578,  8
train,    973, -66.897918,   11, 1.00,    6, 0.000, 0.000, 0.578,  8
train,    974, 20.317183,   16, 0.00,    6, 0.000, 0.000, 0.578,  8
update,   974,   28,  520, -16.309332, -0.000000
train,    975, -86.966029,   14, 1.00,    3, 0.000, 0.000, 0.578,  8
train,    976, 23.108671,   17, 0.00,    5, 0.000, 0.000, 0.578,  8
train,    977, -68.556932,   13, 1.00,    4, 0.000, 0.000, 0.578,  8
train,    978, 37.298766,   17, 0.00,    9, 0.000, 0.000, 0.578,  8
train,    979, -72.325582,   13, 1.00,    3, 0.000, 0.000, 0.578,  8
val_save, 979, 2.140725, 0.3000,  15.6000,   4.3000, 0.7000,  20.5770
val,      979, 2.140725, 0.3000,  15.6000,   4.3000, 0.7000,  20.5770
train,    980, -55.655602,   17, 1.00,    7, 0.000, 0.000, 0.578,  8
train,    981, -68.439806,   13, 1.00,    4, 0.000, 0.000, 0.578,  8
train,    982, 38.533899,   17, 0.00,    5, 0.000, 0.000, 0.578,  8
train,    983, 18.412007,   15, 0.00,    6, 0.000, 0.000, 0.578,  8
train,    984, -58.599719,    9, 1.00,    6, 0.000, 0.000, 0.578,  8
train,    985, -64.887614,   12, 1.00,    6, 0.000, 0.000, 0.578,  8
train,    986, 41.322524,   17, 0.00,    8, 0.000, 0.000, 0.578,  8
train,    987, 10.355060,   17, 0.00,    3, 0.000, 0.000, 0.578,  8
train,    988, 22.923934,   17, 0.00,    6, 0.000, 0.000, 0.578,  8
train,    989, 15.124328,   17, 0.00,    5, 0.000, 0.000, 0.578,  8
val,      989, -22.559998, 0.5000,  15.0000,   2.5000, 0.5000,  20.6329
train,    990, -83.386980,   17, 1.00,    4, 0.000, 0.000, 0.578,  8
train,    991, 42.308535,   15, 0.00,    7, 0.000, 0.000, 0.578,  8
train,    992, -62.763652,   11, 1.00,    5, 0.000, 0.000, 0.578,  8
train,    993, 13.506830,   17, 0.00,    6, 0.000, 0.000, 0.578,  8
train,    994, 23.056936,   17, 0.00,    5, 0.000, 0.000, 0.578,  8
train,    995, 41.768904,   17, 0.00,    6, 0.000, 0.000, 0.578,  8
train,    996, -2.297781,   17, 0.00,    6, 0.000, 0.000, 0.578,  8
train,    997, 42.689283,   17, 0.00,    5, 0.000, 0.000, 0.578,  8
train,    998, -95.258794,   14, 1.00,    4, 0.000, 0.000, 0.578,  8
train,    999, -91.574351,   14, 1.00,    5, 0.000, 0.000, 0.578,  8
val,      999, -5.593008, 0.4000,  14.8000,   4.1000, 0.6000,  20.4778
train,    1000, -1.843629,   17, 0.00,    5, 0.000, 0.000, 0.578,  8
train,    1001, 17.100991,   17, 0.00,    5, 0.000, 0.000, 0.578,  8
train,    1002, -61.723326,   11, 1.00,    5, 0.000, 0.000, 0.578,  8
train,    1003, -76.037153,   13, 1.00,    4, 0.000, 0.000, 0.578,  8
train,    1004, -68.312638,   13, 1.00,    4, 0.000, 0.000, 0.578,  8
train,    1005, -56.056550,   16, 1.00,    7, 0.000, 0.000, 0.578,  8
train,    1006, 7.423975,   17, 0.00,    4, 0.000, 0.000, 0.578,  8
train,    1007, -61.983834,   11, 1.00,    5, 0.000, 0.000, 0.578,  8
train,    1008, 21.953055,   16, 0.00,    6, 0.000, 0.000, 0.578,  8
update,   1008,   29,  512, -9.379492, -0.000000
train,    1009, 14.937687,   16, 0.00,    5, 0.000, 0.000, 0.578,  8
val,      1009, 1.648873, 0.3000,  16.3000,   5.0000, 0.7000,  20.1013
train,    1010, 14.518389,   17, 0.00,    7, 0.000, 0.000, 0.578,  8
train,    1011, 16.572616,   16, 0.00,    5, 0.000, 0.000, 0.578,  8
train,    1012, -71.977722,   15, 1.00,    2, 0.000, 0.000, 0.578,  8
train,    1013, -57.276682,   17, 1.00,    3, 0.000, 0.000, 0.578,  8
train,    1014, -1.938886,   17, 0.00,    5, 0.000, 0.000, 0.578,  8
train,    1015, -75.494816,   13, 1.00,    2, 0.000, 0.000, 0.578,  8
train,    1016, 41.886735,   17, 0.00,    6, 0.000, 0.000, 0.578,  8
train,    1017, -42.964446,   15, 1.00,    7, 0.000, 0.000, 0.578,  8
train,    1018, -57.216248,   15, 1.00,    4, 0.000, 0.000, 0.578,  8
train,    1019, 23.736917,   17, 0.00,    3, 0.000, 0.000, 0.578,  8
val,      1019, -31.354056, 0.6000,  14.8000,   4.1000, 0.4000,  20.4203
train,    1020, 33.144438,   16, 0.00,    5, 0.000, 0.000, 0.578,  8
train,    1021, 7.317672,   17, 0.00,    5, 0.000, 0.000, 0.578,  8
train,    1022, -61.555183,   11, 1.00,    4, 0.000, 0.000, 0.578,  8
train,    1023, 40.863468,   16, 0.00,    6, 0.000, 0.000, 0.578,  8
train,    1024, 28.467346,   16, 0.00,    7, 0.000, 0.000, 0.578,  8
train,    1025, 22.411127,   17, 0.00,    7, 0.000, 0.000, 0.578,  8
train,    1026, -56.680128,   15, 1.00,    4, 0.000, 0.000, 0.578,  8
train,    1027, -39.051033,   15, 1.00,    7, 0.000, 0.000, 0.578,  8
train,    1028, -37.698892,   16, 1.00,    6, 0.000, 0.000, 0.578,  8
train,    1029, -69.547763,   16, 1.00,    7, 0.000, 0.000, 0.578,  8
val,      1029, -16.128866, 0.5000,  15.0000,   5.0000, 0.5000,  20.4288
train,    1030, -55.946940,   16, 1.00,    5, 0.000, 0.000, 0.578,  8
train,    1031, 15.786619,   17, 0.00,    4, 0.000, 0.000, 0.578,  8
train,    1032, 22.990601,   17, 0.00,    6, 0.000, 0.000, 0.578,  8
train,    1033, 41.044285,   17, 0.00,    9, 0.000, 0.000, 0.578,  8
train,    1034, -64.267543,   14, 1.00,    4, 0.000, 0.000, 0.578,  8
train,    1035, -56.274116,   15, 1.00,    8, 0.000, 0.000, 0.578,  8
train,    1036, 42.290777,   17, 0.00,    4, 0.000, 0.000, 0.578,  8
train,    1037, 16.680123,   16, 0.00,    5, 0.000, 0.000, 0.578,  8
train,    1038, -68.340896,   13, 1.00,    4, 0.000, 0.000, 0.578,  8
train,    1039, 42.539548,   17, 0.00,    3, 0.000, 0.000, 0.578,  8
val,      1039, -40.139151, 0.7000,  14.1000,   3.0000, 0.3000,  20.7607
train,    1040, -90.427911,   13, 1.00,    5, 0.000, 0.000, 0.578,  8
train,    1041, 25.831573,   17, 0.00,    6, 0.000, 0.000, 0.578,  8
update,   1041,   30,  519, -4.964755, -0.000000
train,    1042, 42.906079,   15, 0.00,    5, 0.000, 0.000, 0.578,  8
train,    1043, -86.819648,   14, 1.00,    2, 0.000, 0.000, 0.578,  8
train,    1044, -59.451759,   16, 1.00,    5, 0.000, 0.000, 0.578,  8
train,    1045, -62.188176,   11, 1.00,    6, 0.000, 0.000, 0.578,  8
train,    1046, -63.890822,   13, 1.00,    4, 0.000, 0.000, 0.578,  8
train,    1047, -61.351198,   12, 1.00,    5, 0.000, 0.000, 0.578,  8
train,    1048, -94.910022,   14, 1.00,    3, 0.000, 0.000, 0.578,  8
train,    1049, 16.261261,   16, 0.00,    6, 0.000, 0.000, 0.578,  8
val,      1049, -29.894532, 0.6000,  14.7000,   3.4000, 0.4000,  20.5866
train,    1050, -59.511698,   10, 1.00,    4, 0.000, 0.000, 0.578,  8
train,    1051, 41.953401,   17, 0.00,    6, 0.000, 0.000, 0.578,  8
train,    1052, 43.655701,   16, 0.00,    7, 0.000, 0.000, 0.578,  8
train,    1053, 43.655720,   16, 0.00,    7, 0.000, 0.000, 0.578,  8
train,    1054, -61.547166,   11, 1.00,    4, 0.000, 0.000, 0.578,  8
train,    1055, -61.867481,   11, 1.00,    5, 0.000, 0.000, 0.578,  8
train,    1056, 38.531972,   17, 0.00,    5, 0.000, 0.000, 0.578,  8
train,    1057, -72.072607,   13, 1.00,    2, 0.000, 0.000, 0.578,  8
train,    1058, 20.564314,   16, 0.00,    6, 0.000, 0.000, 0.578,  8
train,    1059, -72.055775,   14, 1.00,    3, 0.000, 0.000, 0.578,  8
val,      1059, -27.631317, 0.6000,  14.8000,   4.0000, 0.4000,  20.6809
train,    1060, -79.789132,   13, 1.00,    3, 0.000, 0.000, 0.578,  8
train,    1061, 23.108671,   17, 0.00,    5, 0.000, 0.000, 0.578,  8
train,    1062, -61.249884,   11, 1.00,    5, 0.000, 0.000, 0.578,  8
train,    1063, 15.505835,   17, 0.00,    3, 0.000, 0.000, 0.578,  8
train,    1064, -62.745429,   11, 1.00,    8, 0.000, 0.000, 0.578,  8
train,    1065, 16.912342,   17, 0.00,    6, 0.000, 0.000, 0.578,  8
train,    1066, 20.133939,   15, 0.00,    4, 0.000, 0.000, 0.578,  8
train,    1067, -72.497962,   13, 1.00,    4, 0.000, 0.000, 0.578,  8
train,    1068, 7.108536,   17, 0.00,    5, 0.000, 0.000, 0.578,  8
train,    1069, -55.169345,   16, 1.00,    3, 0.000, 0.000, 0.578,  8
val,      1069, -23.328094, 0.5000,  14.4000,   4.0000, 0.5000,  20.7823
train,    1070, 26.480422,   17, 0.00,    7, 0.000, 0.000, 0.578,  8
train,    1071, 41.816160,   17, 0.00,    6, 0.000, 0.000, 0.578,  8
train,    1072, -68.459464,   13, 1.00,    4, 0.000, 0.000, 0.578,  8
train,    1073, -60.383646,   11, 1.00,    7, 0.000, 0.000, 0.578,  8
train,    1074, 41.477794,   17, 0.00,    7, 0.000, 0.000, 0.578,  8
train,    1075, -63.170647,   14, 1.00,    6, 0.000, 0.000, 0.578,  8
train,    1076, -59.438965,   11, 1.00,    4, 0.000, 0.000, 0.578,  8
train,    1077, 16.068724,   17, 0.00,    3, 0.000, 0.000, 0.578,  8
update,   1077,   31,  516, -12.655074, -0.000000
train,    1078, 21.372560,   16, 0.00,    7, 0.000, 0.000, 0.578,  8
train,    1079, -61.571234,   12, 1.00,    6, 0.000, 0.000, 0.578,  8
val,      1079, -34.148260, 0.7000,  14.7000,   4.2000, 0.3000,  20.2588
train,    1080, 15.504500,   17, 0.00,   10, 0.000, 0.000, 0.578,  8
train,    1081, -57.672943,   12, 1.00,    5, 0.000, 0.000, 0.578,  8
train,    1082, 40.728847,   17, 0.00,   10, 0.000, 0.000, 0.578,  8
train,    1083, 23.324110,   17, 0.00,    4, 0.000, 0.000, 0.578,  8
train,    1084, -61.803556,   11, 1.00,    8, 0.000, 0.000, 0.578,  8
train,    1085, 23.161012,   17, 0.00,    5, 0.000, 0.000, 0.578,  8
train,    1086, 25.884042,   17, 0.00,    9, 0.000, 0.000, 0.578,  8
train,    1087, -57.564640,   15, 1.00,    6, 0.000, 0.000, 0.578,  8
train,    1088, -60.280378,   10, 1.00,    6, 0.000, 0.000, 0.578,  8
train,    1089, 23.117676,   17, 0.00,    5, 0.000, 0.000, 0.578,  8
val,      1089, -16.397840, 0.5000,  14.7000,   4.8000, 0.5000,  20.6128
train,    1090, -59.640514,   12, 1.00,    3, 0.000, 0.000, 0.578,  8
train,    1091, -39.165879,   15, 1.00,    8, 0.000, 0.000, 0.578,  8
train,    1092, -68.966809,   13, 1.00,    6, 0.000, 0.000, 0.578,  8
train,    1093, -62.683785,   11, 1.00,    8, 0.000, 0.000, 0.578,  8
train,    1094, -41.066629,   16, 1.00,    8, 0.000, 0.000, 0.578,  8
train,    1095, -64.405082,   12, 1.00,    4, 0.000, 0.000, 0.578,  8
train,    1096, 27.035068,   17, 0.00,    5, 0.000, 0.000, 0.578,  8
train,    1097, 41.162355,   17, 0.00,    8, 0.000, 0.000, 0.578,  8
train,    1098, 23.666384,   17, 0.00,    3, 0.000, 0.000, 0.578,  8
train,    1099, 24.686142,   16, 0.00,    7, 0.000, 0.000, 0.578,  8
val,      1099, -45.406851, 0.8000,  14.2000,   3.6000, 0.2000,  20.7305
train,    1100, 42.224110,   17, 0.00,    4, 0.000, 0.000, 0.578,  8
train,    1101, -44.531421,   10, 1.00,    6, 0.000, 0.000, 0.578,  8
train,    1102, -55.207423,   17, 1.00,    5, 0.000, 0.000, 0.578,  8
train,    1103, -68.247636,   17, 1.00,    5, 0.000, 0.000, 0.578,  8
train,    1104, 16.555507,   16, 0.00,    5, 0.000, 0.000, 0.578,  8
train,    1105, -59.350472,   11, 1.00,    5, 0.000, 0.000, 0.578,  8
train,    1106, 34.071005,   17, 0.00,    7, 0.000, 0.000, 0.578,  8
train,    1107, 42.424110,   17, 0.00,    4, 0.000, 0.000, 0.578,  8
train,    1108, -64.532381,   12, 1.00,    5, 0.000, 0.000, 0.578,  8
train,    1109, -60.523767,   12, 1.00,    3, 0.000, 0.000, 0.578,  8
val,      1109, -39.645851, 0.7000,  14.4000,   4.5000, 0.3000,  20.6086
train,    1110, 42.357443,   17, 0.00,    4, 0.000, 0.000, 0.578,  8
train,    1111, 41.990601,   17, 0.00,    6, 0.000, 0.000, 0.578,  8
train,    1112, -75.979387,   13, 1.00,    4, 0.000, 0.000, 0.578,  8
update,   1112,   32,  517, -5.605291, -0.000000
train,    1113, 40.863468,   16, 0.00,    6, 0.000, 0.000, 0.578,  8
train,    1114, 28.736972,   16, 0.00,    7, 0.000, 0.000, 0.578,  8
train,    1115, -79.151487,   14, 1.00,    1, 0.000, 0.000, 0.578,  8
train,    1116, 27.213849,   17, 0.00,    4, 0.000, 0.000, 0.578,  8
train,    1117, -72.379284,   13, 1.00,    3, 0.000, 0.000, 0.578,  8
train,    1118, -65.080552,   12, 1.00,    6, 0.000, 0.000, 0.578,  8
train,    1119, 22.984343,   17, 0.00,    5, 0.000, 0.000, 0.578,  8
val,      1119, -5.768071, 0.4000,  15.3000,   4.7000, 0.6000,  20.5190
train,    1120, -62.035785,   11, 1.00,    6, 0.000, 0.000, 0.578,  8
train,    1121, -72.027177,   13, 1.00,    4, 0.000, 0.000, 0.578,  8
train,    1122, -72.451537,   13, 1.00,    3, 0.000, 0.000, 0.578,  8
train,    1123, 16.912342,   17, 0.00,    6, 0.000, 0.000, 0.578,  8
train,    1124, 41.203938,   17, 0.00,    8, 0.000, 0.000, 0.578,  8
train,    1125, 15.664682,   17, 0.00,    5, 0.000, 0.000, 0.578,  8
train,    1126, 40.899258,   17, 0.00,    9, 0.000, 0.000, 0.578,  8
train,    1127, -1.849415,   17, 0.00,    5, 0.000, 0.000, 0.578,  8
train,    1128, -65.291515,   16, 1.00,    7, 0.000, 0.000, 0.578,  8
train,    1129, 26.391599,   16, 0.00,    4, 0.000, 0.000, 0.578,  8
val,      1129, -9.854386, 0.5000,  15.7000,   5.2000, 0.5000,  20.3921
train,    1130, -60.570916,   16, 1.00,    7, 0.000, 0.000, 0.578,  8
train,    1131, 23.639548,   17, 0.00,    3, 0.000, 0.000, 0.578,  8
train,    1132, 19.197623,   17, 0.00,    6, 0.000, 0.000, 0.578,  8
train,    1133, 28.521762,   16, 0.00,    7, 0.000, 0.000, 0.578,  8
train,    1134, -52.088252,   14, 1.00,    9, 0.000, 0.000, 0.578,  8
train,    1135, 41.693233,   17, 0.00,    6, 0.000, 0.000, 0.578,  8
train,    1136, -72.262453,   13, 1.00,    2, 0.000, 0.000, 0.578,  8
train,    1137, 15.535215,   17, 0.00,    5, 0.000, 0.000, 0.578,  8
train,    1138, 22.658381,   16, 0.00,    4, 0.000, 0.000, 0.578,  8
train,    1139, -68.163281,   13, 1.00,    2, 0.000, 0.000, 0.578,  8
val,      1139, -45.777876, 0.8000,  14.1000,   4.2000, 0.2000,  20.4883
train,    1140, 10.237680,   17, 0.00,    4, 0.000, 0.000, 0.578,  8
train,    1141, -70.250921,   16, 1.00,    6, 0.000, 0.000, 0.578,  8
train,    1142, 22.759899,   17, 0.00,    6, 0.000, 0.000, 0.578,  8
train,    1143, -78.656811,   13, 1.00,    4, 0.000, 0.000, 0.578,  8
train,    1144, 25.181702,   16, 0.00,    5, 0.000, 0.000, 0.578,  8
train,    1145, -58.359471,   15, 1.00,    7, 0.000, 0.000, 0.578,  8
train,    1146, 15.451190,   17, 0.00,    5, 0.000, 0.000, 0.578,  8
update,   1146,   33,  526, -3.648087, 0.000000
train,    1147, 18.091775,   16, 0.00,    5, 0.000, 0.000, 0.578,  8
train,    1148, -53.497862,   13, 1.00,    8, 0.000, 0.000, 0.578,  8
train,    1149, -90.904057,   14, 1.00,    3, 0.000, 0.000, 0.578,  8
val,      1149, -33.622498, 0.7000,  14.1000,   5.3000, 0.3000,  20.6052
train,    1150, -61.032663,   12, 1.00,    7, 0.000, 0.000, 0.578,  8
train,    1151, 25.133195,   17, 0.00,    5, 0.000, 0.000, 0.578,  8
train,    1152, -62.450911,   11, 1.00,    7, 0.000, 0.000, 0.578,  8
train,    1153, -42.333531,   17, 1.00,    4, 0.000, 0.000, 0.578,  8
train,    1154, -59.079452,   14, 1.00,    5, 0.000, 0.000, 0.578,  8
train,    1155, 41.444461,   17, 0.00,    7, 0.000, 0.000, 0.578,  8
train,    1156, 22.526059,   17, 0.00,    7, 0.000, 0.000, 0.578,  8
train,    1157, -56.578220,   16, 1.00,    7, 0.000, 0.000, 0.578,  8
train,    1158, -61.750906,   11, 1.00,    6, 0.000, 0.000, 0.578,  8
train,    1159, 11.114476,   17, 0.00,    5, 0.000, 0.000, 0.578,  8
val,      1159, -46.810556, 0.8000,  14.2000,   4.6000, 0.2000,  20.4890
train,    1160, 34.386443,   17, 0.00,    6, 0.000, 0.000, 0.578,  8
train,    1161, 24.454114,   16, 0.00,    7, 0.000, 0.000, 0.578,  8
train,    1162, 33.366379,   16, 0.00,    4, 0.000, 0.000, 0.578,  8
train,    1163, 40.846917,   17, 0.00,    9, 0.000, 0.000, 0.578,  8
train,    1164, 23.117676,   17, 0.00,    5, 0.000, 0.000, 0.578,  8
train,    1165, 40.876813,   16, 0.00,    6, 0.000, 0.000, 0.578,  8
train,    1166, 40.284808,   16, 0.00,    8, 0.000, 0.000, 0.578,  8
train,    1167, 40.932591,   17, 0.00,    9, 0.000, 0.000, 0.578,  8
train,    1168, 41.675163,   17, 0.00,    7, 0.000, 0.000, 0.578,  8
train,    1169, 27.687469,   15, 0.00,    6, 0.000, 0.000, 0.578,  8
val,      1169, -17.570596, 0.5000,  15.3000,   4.0000, 0.5000,  20.4311
train,    1170, 42.239373,   17, 0.00,    5, 0.000, 0.000, 0.578,  8
train,    1171, 26.224175,   17, 0.00,    5, 0.000, 0.000, 0.578,  8
train,    1172, -69.123130,   13, 1.00,    5, 0.000, 0.000, 0.578,  8
train,    1173, 23.268840,   17, 0.00,    5, 0.000, 0.000, 0.578,  8
train,    1174, 23.260058,   17, 0.00,    5, 0.000, 0.000, 0.578,  8
train,    1175, -68.744714,   13, 1.00,    5, 0.000, 0.000, 0.578,  8
train,    1176, 27.280024,   17, 0.00,    4, 0.000, 0.000, 0.578,  8
train,    1177, 15.537847,   17, 0.00,    5, 0.000, 0.000, 0.578,  8
train,    1178, -79.852258,   14, 1.00,    4, 0.000, 0.000, 0.578,  8
train,    1179, -62.663746,   11, 1.00,    4, 0.000, 0.000, 0.578,  8
val,      1179, 1.967706, 0.3000,  15.8000,   4.9000, 0.7000,  20.5044
train,    1180, -61.223442,   11, 1.00,    4, 0.000, 0.000, 0.578,  8
update,   1180,   34,  520, 3.365238, -0.000000
train,    1181, 41.675163,   17, 0.00,    7, 0.000, 0.000, 0.578,  8
train,    1182, 5.962900,   17, 0.00,    5, 0.000, 0.000, 0.578,  8
train,    1183, -83.183058,   14, 1.00,    3, 0.000, 0.000, 0.578,  8
train,    1184, -76.069719,   13, 1.00,    4, 0.000, 0.000, 0.578,  8
train,    1185, -63.067711,   12, 1.00,    8, 0.000, 0.000, 0.578,  8
train,    1186, 25.577659,   17, 0.00,    7, 0.000, 0.000, 0.578,  8
train,    1187, -58.875837,   13, 1.00,    3, 0.000, 0.000, 0.578,  8
train,    1188, 25.967144,   16, 0.00,    6, 0.000, 0.000, 0.578,  8
train,    1189, 18.668226,   15, 0.00,    7, 0.000, 0.000, 0.578,  8
val,      1189, -54.739468, 0.9000,  12.8000,   5.2000, 0.1000,  20.7477
train,    1190, -2.181114,   17, 0.00,    6, 0.000, 0.000, 0.578,  8
train,    1191, 40.561374,   16, 0.00,    7, 0.000, 0.000, 0.578,  8
train,    1192, 23.357443,   17, 0.00,    4, 0.000, 0.000, 0.578,  8
train,    1193, 17.131693,   17, 0.00,    5, 0.000, 0.000, 0.578,  8
train,    1194, 27.020829,   17, 0.00,    5, 0.000, 0.000, 0.578,  8
train,    1195, 23.239373,   17, 0.00,    5, 0.000, 0.000, 0.578,  8
train,    1196, -71.269022,   14, 1.00,    6, 0.000, 0.000, 0.578,  8
train,    1197, 40.863468,   16, 0.00,    6, 0.000, 0.000, 0.578,  8
train,    1198, 22.793233,   17, 0.00,    6, 0.000, 0.000, 0.578,  8
train,    1199, 23.075338,   17, 0.00,    5, 0.000, 0.000, 0.578,  8
val,      1199, -7.220569, 0.4000,  14.6000,   6.8000, 0.6000,  20.5071
train,    1200, 26.060441,   17, 0.00,    8, 0.000, 0.000, 0.578,  8
train,    1201, -61.602126,   14, 1.00,    7, 0.000, 0.000, 0.578,  8
train,    1202, 20.528607,   16, 0.00,    6, 0.000, 0.000, 0.578,  8
train,    1203, 41.793233,   17, 0.00,    6, 0.000, 0.000, 0.578,  8
train,    1204, -68.945201,   13, 1.00,    6, 0.000, 0.000, 0.578,  8
train,    1205, -58.590554,   14, 1.00,    4, 0.000, 0.000, 0.578,  8
train,    1206, 25.550168,   16, 0.00,    7, 0.000, 0.000, 0.578,  8
train,    1207, -96.138443,   14, 1.00,    7, 0.000, 0.000, 0.578,  8
train,    1208, 40.431363,   16, 0.00,    7, 0.000, 0.000, 0.578,  8
train,    1209, 25.823928,   17, 0.00,    9, 0.000, 0.000, 0.578,  8
val,      1209, -45.338316, 0.8000,  13.1000,   4.4000, 0.2000,  20.7040
train,    1210, 25.775325,   17, 0.00,    9, 0.000, 0.000, 0.578,  8
train,    1211, 24.810535,   16, 0.00,    6, 0.000, 0.000, 0.578,  8
train,    1212, -71.575173,   17, 1.00,    4, 0.000, 0.000, 0.578,  8
train,    1213, 27.545091,   15, 0.00,    6, 0.000, 0.000, 0.578,  8
update,   1213,   35,  518, 3.808342, 0.000000
train,    1214, 21.752595,   17, 0.00,   10, 0.000, 0.000, 0.578,  8
train,    1215, -59.786133,   11, 1.00,    6, 0.000, 0.000, 0.578,  8
train,    1216, -73.286779,   11, 1.00,    7, 0.000, 0.000, 0.578,  8
train,    1217, -47.889858,   11, 1.00,    6, 0.000, 0.000, 0.578,  8
train,    1218, -54.190553,   17, 1.00,    6, 0.000, 0.000, 0.578,  8
train,    1219, -40.932890,   14, 1.00,    6, 0.000, 0.000, 0.578,  8
val,      1219, -52.005739, 0.9000,  12.8000,   4.7000, 0.1000,  20.7107
train,    1220, -60.541092,   12, 1.00,    6, 0.000, 0.000, 0.578,  8
train,    1221, 28.735598,   16, 0.00,    6, 0.000, 0.000, 0.578,  8
train,    1222, 42.061012,   17, 0.00,    5, 0.000, 0.000, 0.578,  8
train,    1223, -67.608804,   14, 1.00,    4, 0.000, 0.000, 0.578,  8
train,    1224, 23.324110,   17, 0.00,    4, 0.000, 0.000, 0.578,  8
train,    1225, 26.298664,   16, 0.00,    5, 0.000, 0.000, 0.578,  8
train,    1226, 42.102173,   17, 0.00,    5, 0.000, 0.000, 0.578,  8
train,    1227, -61.404059,   11, 1.00,    5, 0.000, 0.000, 0.578,  8
train,    1228, 29.772796,   16, 0.00,    3, 0.000, 0.000, 0.578,  8
train,    1229, 24.762348,   16, 0.00,    6, 0.000, 0.000, 0.578,  8
val,      1229, -14.295967, 0.5000,  14.7000,   5.4000, 0.5000,  20.5953
train,    1230, 40.245936,   16, 0.00,    8, 0.000, 0.000, 0.578,  8
train,    1231, 23.389464,   15, 0.00,    5, 0.000, 0.000, 0.578,  8
train,    1232, 37.987732,   17, 0.00,    7, 0.000, 0.000, 0.578,  8
train,    1233, 25.658230,   16, 0.00,    7, 0.000, 0.000, 0.578,  8
train,    1234, 16.102057,   17, 0.00,    3, 0.000, 0.000, 0.578,  8
train,    1235, 40.322177,   16, 0.00,    8, 0.000, 0.000, 0.578,  8
train,    1236, 22.920068,   17, 0.00,    6, 0.000, 0.000, 0.578,  8
train,    1237, 15.437847,   17, 0.00,    5, 0.000, 0.000, 0.578,  8
train,    1238, 26.994689,   17, 0.00,    5, 0.000, 0.000, 0.578,  8
train,    1239, -61.200179,   12, 1.00,    7, 0.000, 0.000, 0.578,  8
val,      1239, -34.050800, 0.7000,  14.2000,   5.2000, 0.3000,  20.6635
train,    1240, -69.123572,   13, 1.00,    7, 0.000, 0.000, 0.578,  8
train,    1241, 16.955401,   16, 0.00,    5, 0.000, 0.000, 0.578,  8
train,    1242, -54.286295,   17, 1.00,    4, 0.000, 0.000, 0.578,  8
train,    1243, 22.210620,   17, 0.00,    8, 0.000, 0.000, 0.578,  8
train,    1244, 22.530135,   17, 0.00,    7, 0.000, 0.000, 0.578,  8
train,    1245, -59.050027,   17, 1.00,    6, 0.000, 0.000, 0.578,  8
train,    1246, -60.794285,   11, 1.00,    4, 0.000, 0.000, 0.578,  8
train,    1247, 19.335869,   17, 0.00,    5, 0.000, 0.000, 0.578,  8
update,   1247,   36,  518, 3.199207, 0.000000
train,    1248, -55.988603,   16, 1.00,    7, 0.000, 0.000, 0.578,  8
train,    1249, 24.620639,   16, 0.00,    7, 0.000, 0.000, 0.578,  8
val,      1249, -21.257005, 0.5000,  14.8000,   4.9000, 0.5000,  20.7151
train,    1250, 41.637963,   17, 0.00,    7, 0.000, 0.000, 0.578,  8
train,    1251, 30.280368,   16, 0.00,    6, 0.000, 0.000, 0.578,  8
train,    1252, 41.162355,   17, 0.00,    8, 0.000, 0.000, 0.578,  8
train,    1253, 14.115311,   17, 0.00,    3, 0.000, 0.000, 0.578,  8
train,    1254, 43.741375,   16, 0.00,    7, 0.000, 0.000, 0.578,  8
train,    1255, 9.867025,   17, 0.00,    5, 0.000, 0.000, 0.578,  8
train,    1256, 23.554442,   17, 0.00,    3, 0.000, 0.000, 0.578,  8
train,    1257, -61.692834,   11, 1.00,    7, 0.000, 0.000, 0.578,  8
train,    1258, -58.709503,   14, 1.00,    5, 0.000, 0.000, 0.578,  8
train,    1259, -62.285703,   11, 1.00,    6, 0.000, 0.000, 0.578,  8
val,      1259, 8.422244, 0.3000,  16.2000,   6.2000, 0.7000,  20.1966
train,    1260, 40.617153,   17, 0.00,   10, 0.000, 0.000, 0.578,  8
train,    1261, -57.494157,   10, 1.00,    8, 0.000, 0.000, 0.578,  8
train,    1262, 41.768904,   17, 0.00,    6, 0.000, 0.000, 0.578,  8
train,    1263, 41.359354,   17, 0.00,    7, 0.000, 0.000, 0.578,  8
train,    1264, 18.998852,   17, 0.00,    4, 0.000, 0.000, 0.578,  8
train,    1265, -61.073326,   13, 1.00,    5, 0.000, 0.000, 0.578,  8
train,    1266, -47.882141,   11, 1.00,    6, 0.000, 0.000, 0.578,  8
train,    1267, -72.033546,   14, 1.00,    5, 0.000, 0.000, 0.578,  8
train,    1268, 41.477794,   17, 0.00,    7, 0.000, 0.000, 0.578,  8
train,    1269, -62.490139,   11, 1.00,    8, 0.000, 0.000, 0.578,  8
val,      1269, -8.680655, 0.4000,  14.7000,   5.8000, 0.6000,  20.7388
train,    1270, 41.268493,   16, 0.00,    5, 0.000, 0.000, 0.578,  8
train,    1271, 21.107347,   16, 0.00,    4, 0.000, 0.000, 0.578,  8
train,    1272, -58.264555,    9, 1.00,    5, 0.000, 0.000, 0.578,  8
train,    1273, 14.366379,   16, 0.00,    4, 0.000, 0.000, 0.578,  8
train,    1274, -87.841025,   13, 1.00,    4, 0.000, 0.000, 0.578,  8
train,    1275, -70.623274,   15, 1.00,    7, 0.000, 0.000, 0.578,  8
train,    1276, 23.398245,   15, 0.00,    7, 0.000, 0.000, 0.578,  8
train,    1277, 26.044704,   16, 0.00,    5, 0.000, 0.000, 0.578,  8
train,    1278, -68.807692,   13, 1.00,    4, 0.000, 0.000, 0.578,  8
train,    1279, 41.693233,   17, 0.00,    6, 0.000, 0.000, 0.578,  8
val,      1279, -32.428041, 0.6000,  14.8000,   4.3000, 0.4000,  20.6375
train,    1280, 24.962420,   17, 0.00,    9, 0.000, 0.000, 0.578,  8
train,    1281, -72.663268,   13, 1.00,    4, 0.000, 0.000, 0.578,  8
train,    1282, 41.693233,   17, 0.00,    6, 0.000, 0.000, 0.578,  8
update,   1282,   37,  522, 2.619718, 0.000000
train,    1283, -73.023996,   13, 1.00,    5, 0.000, 0.000, 0.578,  8
train,    1284, 21.257126,   16, 0.00,    4, 0.000, 0.000, 0.578,  8
train,    1285, -87.571372,   14, 1.00,    5, 0.000, 0.000, 0.578,  8
train,    1286, 23.357443,   17, 0.00,    4, 0.000, 0.000, 0.578,  8
train,    1287, -58.869060,   11, 1.00,    5, 0.000, 0.000, 0.578,  8
train,    1288, -55.455511,   16, 1.00,    4, 0.000, 0.000, 0.578,  8
train,    1289, 26.145733,   17, 0.00,    8, 0.000, 0.000, 0.578,  8
val,      1289, -24.148083, 0.6000,  14.8000,   5.1000, 0.4000,  20.6676
train,    1290, -72.543709,   13, 1.00,    4, 0.000, 0.000, 0.578,  8
train,    1291, 41.975338,   17, 0.00,    5, 0.000, 0.000, 0.578,  8
train,    1292, 41.359724,   17, 0.00,    8, 0.000, 0.000, 0.578,  8
train,    1293, 15.819649,   17, 0.00,    2, 0.000, 0.000, 0.578,  8
train,    1294, 15.235752,   17, 0.00,    6, 0.000, 0.000, 0.578,  8
train,    1295, -61.414152,   11, 1.00,    4, 0.000, 0.000, 0.578,  8
train,    1296, -69.089387,   13, 1.00,    6, 0.000, 0.000, 0.578,  8
train,    1297, -69.236770,   13, 1.00,    3, 0.000, 0.000, 0.578,  8
train,    1298, 40.648620,   17, 0.00,   10, 0.000, 0.000, 0.578,  8
train,    1299, 41.951009,   17, 0.00,    5, 0.000, 0.000, 0.578,  8
val,      1299, -38.901004, 0.7000,  13.9000,   4.4000, 0.3000,  20.7856
train,    1300, -59.181441,   10, 1.00,    5, 0.000, 0.000, 0.578,  8
train,    1301, 42.008671,   17, 0.00,    5, 0.000, 0.000, 0.578,  8
train,    1302, -62.637700,   11, 1.00,    4, 0.000, 0.000, 0.578,  8
train,    1303, 9.764707,   16, 0.00,    3, 0.000, 0.000, 0.578,  8
train,    1304, 23.672882,   17, 0.00,    3, 0.000, 0.000, 0.578,  8
train,    1305, 8.980050,   17, 0.00,    7, 0.000, 0.000, 0.578,  8
train,    1306, -59.338639,   14, 1.00,    6, 0.000, 0.000, 0.578,  8
train,    1307, 41.984343,   17, 0.00,    5, 0.000, 0.000, 0.578,  8
train,    1308, -65.752217,   17, 1.00,    5, 0.000, 0.000, 0.578,  8
train,    1309, -76.290088,   13, 1.00,    5, 0.000, 0.000, 0.578,  8
val,      1309, -32.946338, 0.7000,  13.7000,   5.0000, 0.3000,  20.5919
train,    1310, -61.162264,   11, 1.00,    6, 0.000, 0.000, 0.578,  8
train,    1311, 43.815870,   16, 0.00,    7, 0.000, 0.000, 0.578,  8
train,    1312, 22.793233,   17, 0.00,    6, 0.000, 0.000, 0.578,  8
train,    1313, 23.390777,   17, 0.00,    4, 0.000, 0.000, 0.578,  8
train,    1314, -68.892806,   14, 1.00,    6, 0.000, 0.000, 0.578,  8
train,    1315, 28.465375,   16, 0.00,    4, 0.000, 0.000, 0.578,  8
train,    1316, -69.320293,   13, 1.00,    7, 0.000, 0.000, 0.578,  8
train,    1317, -61.881469,   11, 1.00,    7, 0.000, 0.000, 0.578,  8
update,   1317,   38,  520, -4.453860, 0.000000
train,    1318, 33.369594,   17, 0.00,    9, 0.000, 0.000, 0.578,  8
train,    1319, -57.096106,   13, 1.00,    4, 0.000, 0.000, 0.578,  8
val,      1319, 8.959566, 0.3000,  15.6000,   5.4000, 0.7000,  20.4116
curriculum,noise_cap 0.0000 -> 0.0000, entropy 0.5780 -> 0.4913
train,    1320, -61.641032,   11, 1.00,    4, 0.000, 0.000, 0.491,  8
train,    1321, 23.117676,   17, 0.00,    5, 0.000, 0.000, 0.491,  8
train,    1322, 25.488959,   16, 0.00,    7, 0.000, 0.000, 0.491,  8
train,    1323, -51.430998,   12, 1.00,    8, 0.000, 0.000, 0.491,  8
train,    1324, -68.243194,   13, 1.00,    4, 0.000, 0.000, 0.491,  8
train,    1325, 22.744804,   15, 0.00,    7, 0.000, 0.000, 0.491,  8
train,    1326, -56.632010,   16, 1.00,    7, 0.000, 0.000, 0.491,  8
train,    1327, -39.396446,   13, 1.00,    8, 0.000, 0.000, 0.491,  8
train,    1328, -60.007158,   10, 1.00,    6, 0.000, 0.000, 0.491,  8
train,    1329, 41.162355,   17, 0.00,    8, 0.000, 0.000, 0.491,  8
val,      1329, -35.804918, 0.7000,  14.1000,   5.3000, 0.3000,  20.5257
train,    1330, -68.592298,   13, 1.00,    6, 0.000, 0.000, 0.491,  8
train,    1331, -42.959125,   17, 1.00,    3, 0.000, 0.000, 0.491,  8
train,    1332, 15.874963,   16, 0.00,    7, 0.000, 0.000, 0.491,  8
train,    1333, -60.820139,   12, 1.00,    5, 0.000, 0.000, 0.491,  8
train,    1334, -64.897234,   16, 1.00,    5, 0.000, 0.000, 0.491,  8
train,    1335, 42.135507,   17, 0.00,    5, 0.000, 0.000, 0.491,  8
train,    1336, -66.215024,   17, 1.00,    6, 0.000, 0.000, 0.491,  8
train,    1337, -59.858034,   10, 1.00,    6, 0.000, 0.000, 0.491,  8
train,    1338, -57.440959,   14, 1.00,    7, 0.000, 0.000, 0.491,  8
train,    1339, -45.469474,   16, 1.00,    6, 0.000, 0.000, 0.491,  8
val,      1339, -35.176296, 0.7000,  14.2000,   5.1000, 0.3000,  20.6261
train,    1340, 41.543233,   17, 0.00,    6, 0.000, 0.000, 0.491,  8
train,    1341, -83.357296,   14, 1.00,    3, 0.000, 0.000, 0.491,  8
train,    1342, -60.800770,   11, 1.00,    3, 0.000, 0.000, 0.491,  8
train,    1343, -79.408381,   14, 1.00,    4, 0.000, 0.000, 0.491,  8
train,    1344, 23.484278,   17, 0.00,    4, 0.000, 0.000, 0.491,  8
train,    1345, 22.793233,   17, 0.00,    6, 0.000, 0.000, 0.491,  8
train,    1346, 27.700321,   16, 0.00,    7, 0.000, 0.000, 0.491,  8
train,    1347, 23.257443,   17, 0.00,    4, 0.000, 0.000, 0.491,  8
train,    1348, -61.580452,   11, 1.00,    5, 0.000, 0.000, 0.491,  8
train,    1349, 22.567389,   17, 0.00,    7, 0.000, 0.000, 0.491,  8
val,      1349, -39.201542, 0.7000,  14.5000,   5.2000, 0.3000,  20.5979
train,    1350, -95.540899,   14, 1.00,    5, 0.000, 0.000, 0.491,  8
train,    1351, 41.486799,   17, 0.00,    7, 0.000, 0.000, 0.491,  8
train,    1352, -55.178162,   15, 1.00,    9, 0.000, 0.000, 0.491,  8
update,   1352,   39,  515, -12.400445, 0.000000
train,    1353, 18.979734,   17, 0.00,    7, 0.000, 0.000, 0.491,  8
train,    1354, -71.074182,   14, 1.00,    6, 0.000, 0.000, 0.491,  8
train,    1355, 19.023820,   17, 0.00,    7, 0.000, 0.000, 0.491,  8
train,    1356, -62.177767,   11, 1.00,    6, 0.000, 0.000, 0.491,  8
train,    1357, 25.371356,   17, 0.00,    8, 0.000, 0.000, 0.491,  8
train,    1358, -68.381718,   16, 1.00,    3, 0.000, 0.000, 0.491,  8
train,    1359, -76.993657,   14, 1.00,    7, 0.000, 0.000, 0.491,  8
val,      1359, -25.594468, 0.6000,  14.7000,   5.3000, 0.4000,  20.3624
train,    1360, 18.953037,   17, 0.00,    7, 0.000, 0.000, 0.491,  8
train,    1361, -60.196226,   10, 1.00,    6, 0.000, 0.000, 0.491,  8
train,    1362, 25.814894,   16, 0.00,    3, 0.000, 0.000, 0.491,  8
train,    1363, -62.692640,   11, 1.00,    5, 0.000, 0.000, 0.491,  8
train,    1364, 41.453466,   17, 0.00,    7, 0.000, 0.000, 0.491,  8
train,    1365, 41.268493,   16, 0.00,    5, 0.000, 0.000, 0.491,  8
train,    1366, -57.988353,   12, 1.00,    6, 0.000, 0.000, 0.491,  8
train,    1367, 16.135391,   17, 0.00,    3, 0.000, 0.000, 0.491,  8
train,    1368, -70.597108,   13, 1.00,    9, 0.000, 0.000, 0.491,  8
train,    1369, 33.848426,   17, 0.00,    6, 0.000, 0.000, 0.491,  8
val,      1369, -37.797577, 0.7000,  13.9000,   4.6000, 0.3000,  20.6149
train,    1370, -61.719831,   11, 1.00,    6, 0.000, 0.000, 0.491,  8
train,    1371, -61.179084,   12, 1.00,    5, 0.000, 0.000, 0.491,  8
train,    1372, -77.154649,   13, 1.00,    2, 0.000, 0.000, 0.491,  8
train,    1373, 33.369594,   17, 0.00,    9, 0.000, 0.000, 0.491,  8
train,    1374, -68.766310,   13, 1.00,    5, 0.000, 0.000, 0.491,  8
train,    1375, -55.718390,   14, 1.00,    6, 0.000, 0.000, 0.491,  8
train,    1376, 14.996556,   17, 0.00,    7, 0.000, 0.000, 0.491,  8
train,    1377, 41.178907,   16, 0.00,    5, 0.000, 0.000, 0.491,  8
train,    1378, 14.053166,   16, 0.00,    8, 0.000, 0.000, 0.491,  8
train,    1379, -61.671392,   12, 1.00,    6, 0.000, 0.000, 0.491,  8
val,      1379, -56.823297, 0.9000,  13.0000,   3.6000, 0.1000,  20.6904
train,    1380, -60.745791,   11, 1.00,    4, 0.000, 0.000, 0.491,  8
train,    1381, -43.867635,   14, 1.00,    6, 0.000, 0.000, 0.491,  8
train,    1382, 18.337141,   16, 0.00,    4, 0.000, 0.000, 0.491,  8
train,    1383, 23.924822,   16, 0.00,    6, 0.000, 0.000, 0.491,  8
train,    1384, -56.652435,   16, 1.00,    7, 0.000, 0.000, 0.491,  8
train,    1385, -74.993971,   13, 1.00,    4, 0.000, 0.000, 0.491,  8
train,    1386, -72.291907,   13, 1.00,    3, 0.000, 0.000, 0.491,  8
train,    1387, 15.686619,   17, 0.00,    4, 0.000, 0.000, 0.491,  8
train,    1388, -79.026235,   13, 1.00,    5, 0.000, 0.000, 0.491,  8
update,   1388,   40,  522, -12.022069, -0.000000
train,    1389, -42.998581,   15, 1.00,    8, 0.000, 0.000, 0.491,  8
val,      1389, -36.312081, 0.7000,  13.9000,   5.3000, 0.3000,  20.5678
train,    1390, 41.046917,   17, 0.00,    9, 0.000, 0.000, 0.491,  8
train,    1391, -76.474233,   14, 1.00,    5, 0.000, 0.000, 0.491,  8
train,    1392, -62.498362,   11, 1.00,    7, 0.000, 0.000, 0.491,  8
train,    1393, 34.682851,   17, 0.00,    3, 0.000, 0.000, 0.491,  8
train,    1394, 22.178907,   16, 0.00,    5, 0.000, 0.000, 0.491,  8
train,    1395, 27.378736,   17, 0.00,    4, 0.000, 0.000, 0.491,  8
train,    1396, -69.285484,   13, 1.00,    7, 0.000, 0.000, 0.491,  8
train,    1397, -61.619290,   11, 1.00,    7, 0.000, 0.000, 0.491,  8
train,    1398, -74.534126,   13, 1.00,    5, 0.000, 0.000, 0.491,  8
train,    1399, -57.678925,   14, 1.00,    5, 0.000, 0.000, 0.491,  8
val,      1399, -53.993334, 0.9000,  12.8000,   4.7000, 0.1000,  20.8080
train,    1400, 41.178907,   16, 0.00,    5, 0.000, 0.000, 0.491,  8
train,    1401, 42.257443,   17, 0.00,    4, 0.000, 0.000, 0.491,  8
train,    1402, 14.821650,   16, 0.00,    8, 0.000, 0.000, 0.491,  8
train,    1403, 22.668904,   17, 0.00,    6, 0.000, 0.000, 0.491,  8
train,    1404, 38.180860,   15, 0.00,    7, 0.000, 0.000, 0.491,  8
train,    1405, 40.691647,   17, 0.00,   10, 0.000, 0.000, 0.491,  8
train,    1406, 40.846917,   17, 0.00,    9, 0.000, 0.000, 0.491,  8
train,    1407, 22.712955,   17, 0.00,    7, 0.000, 0.000, 0.491,  8
train,    1408, 25.935367,   17, 0.00,    9, 0.000, 0.000, 0.491,  8
train,    1409, 10.251102,   17, 0.00,    8, 0.000, 0.000, 0.491,  8
val,      1409, -57.913182, 0.9000,  13.2000,   4.7000, 0.1000,  20.6037
train,    1410, 22.305742,   16, 0.00,    5, 0.000, 0.000, 0.491,  8
train,    1411, -61.720142,   11, 1.00,    5, 0.000, 0.000, 0.491,  8
train,    1412, 41.820068,   17, 0.00,    6, 0.000, 0.000, 0.491,  8
train,    1413, -69.972948,   13, 1.00,    5, 0.000, 0.000, 0.491,  8
train,    1414, -39.823225,   15, 1.00,    8, 0.000, 0.000, 0.491,  8
train,    1415, 23.108671,   17, 0.00,    5, 0.000, 0.000, 0.491,  8
train,    1416, 41.204084,   17, 0.00,    8, 0.000, 0.000, 0.491,  8
train,    1417, 40.855922,   17, 0.00,    9, 0.000, 0.000, 0.491,  8
train,    1418, -55.798589,   16, 1.00,    6, 0.000, 0.000, 0.491,  8
train,    1419, -55.402520,   14, 1.00,    6, 0.000, 0.000, 0.491,  8
val,      1419, -13.984098, 0.5000,  14.0000,   5.4000, 0.5000,  20.4769
train,    1420, 15.786619,   17, 0.00,    4, 0.000, 0.000, 0.491,  8
train,    1421, 23.257443,   17, 0.00,    4, 0.000, 0.000, 0.491,  8
train,    1422, -59.842207,   10, 1.00,    5, 0.000, 0.000, 0.491,  8
update,   1422,   41,  521, 3.579370, -0.000000
train,    1423, -65.508105,   15, 1.00,    5, 0.000, 0.000, 0.491,  8
train,    1424, -61.734856,   14, 1.00,    4, 0.000, 0.000, 0.491,  8
train,    1425, 23.572882,   17, 0.00,    3, 0.000, 0.000, 0.491,  8
train,    1426, 14.869521,   17, 0.00,    6, 0.000, 0.000, 0.491,  8
train,    1427, 18.855951,   17, 0.00,    7, 0.000, 0.000, 0.491,  8
train,    1428, -56.452788,   16, 1.00,    6, 0.000, 0.000, 0.491,  8
train,    1429, 41.659899,   17, 0.00,    6, 0.000, 0.000, 0.491,  8
val,      1429, -21.707052, 0.6000,  15.4000,   4.7000, 0.4000,  20.2711
train,    1430, 23.487775,   17, 0.00,    3, 0.000, 0.000, 0.491,  8
train,    1431, 22.359724,   17, 0.00,    8, 0.000, 0.000, 0.491,  8
train,    1432, -45.687290,   16, 1.00,    9, 0.000, 0.000, 0.491,  8
train,    1433, -64.021716,   15, 1.00,    4, 0.000, 0.000, 0.491,  8
train,    1434, -63.289778,   14, 1.00,    5, 0.000, 0.000, 0.491,  8
train,    1435, 15.853285,   17, 0.00,    4, 0.000, 0.000, 0.491,  8
train,    1436, 22.322524,   17, 0.00,    8, 0.000, 0.000, 0.491,  8
train,    1437, 41.178907,   16, 0.00,    5, 0.000, 0.000, 0.491,  8
train,    1438, 41.637963,   17, 0.00,    7, 0.000, 0.000, 0.491,  8
train,    1439, -55.526503,   16, 1.00,    4, 0.000, 0.000, 0.491,  8
val,      1439, -44.976462, 0.8000,  13.8000,   4.1000, 0.2000,  20.6235
train,    1440, -72.427784,   13, 1.00,    3, 0.000, 0.000, 0.491,  8
train,    1441, 23.290777,   17, 0.00,    4, 0.000, 0.000, 0.491,  8
train,    1442, 22.793233,   17, 0.00,    6, 0.000, 0.000, 0.491,  8
train,    1443, 22.453466,   17, 0.00,    7, 0.000, 0.000, 0.491,  8
train,    1444, 11.460096,   16, 0.00,    5, 0.000, 0.000, 0.491,  8
train,    1445, -59.506958,   16, 1.00,    3, 0.000, 0.000, 0.491,  8
train,    1446, 42.176349,   15, 0.00,    8, 0.000, 0.000, 0.491,  8
train,    1447, -60.207899,   15, 1.00,    5, 0.000, 0.000, 0.491,  8
train,    1448, -57.573245,   15, 1.00,    5, 0.000, 0.000, 0.491,  8
train,    1449, 6.341828,   17, 0.00,    4, 0.000, 0.000, 0.491,  8
val,      1449, -6.515042, 0.4000,  15.1000,   5.6000, 0.6000,  20.4591
train,    1450, 40.915686,   16, 0.00,    6, 0.000, 0.000, 0.491,  8
train,    1451, 41.768904,   17, 0.00,    6, 0.000, 0.000, 0.491,  8
train,    1452, -61.959877,   11, 1.00,    5, 0.000, 0.000, 0.491,  8
train,    1453, -62.697296,   11, 1.00,    5, 0.000, 0.000, 0.491,  8
train,    1454, 7.224175,   17, 0.00,    5, 0.000, 0.000, 0.491,  8
train,    1455, 41.293057,   17, 0.00,    8, 0.000, 0.000, 0.491,  8
update,   1455,   42,  522, 1.909503, -0.000000
train,    1456, 15.274625,   17, 0.00,    6, 0.000, 0.000, 0.491,  8
train,    1457, 24.613343,   16, 0.00,    7, 0.000, 0.000, 0.491,  8
train,    1458, -59.772169,   10, 1.00,    6, 0.000, 0.000, 0.491,  8
train,    1459, 26.624236,   15, 0.00,    7, 0.000, 0.000, 0.491,  8
val_save, 1459, 3.002187, 0.3000,  15.6000,   5.5000, 0.7000,  20.7502
val,      1459, 3.002187, 0.3000,  15.6000,   5.5000, 0.7000,  20.7502
train,    1460, -68.076071,   13, 1.00,    4, 0.000, 0.000, 0.491,  8
train,    1461, 22.135283,   17, 0.00,    8, 0.000, 0.000, 0.491,  8
train,    1462, 22.937931,   15, 0.00,    6, 0.000, 0.000, 0.491,  8
train,    1463, -55.642484,   17, 1.00,    7, 0.000, 0.000, 0.491,  8
train,    1464, 42.639548,   17, 0.00,    3, 0.000, 0.000, 0.491,  8
train,    1465, 25.054719,   16, 0.00,    6, 0.000, 0.000, 0.491,  8
train,    1466, 22.563469,   17, 0.00,    7, 0.000, 0.000, 0.491,  8
train,    1467, -66.858908,   14, 1.00,    6, 0.000, 0.000, 0.491,  8
train,    1468, -73.000727,   13, 1.00,    5, 0.000, 0.000, 0.491,  8
train,    1469, -63.722733,   11, 1.00,    5, 0.000, 0.000, 0.491,  8
val,      1469, -45.149436, 0.8000,  14.1000,   4.1000, 0.2000,  20.2770
train,    1470, -76.289614,   13, 1.00,    5, 0.000, 0.000, 0.491,  8
train,    1471, 40.561374,   16, 0.00,    7, 0.000, 0.000, 0.491,  8
train,    1472, 42.290777,   17, 0.00,    4, 0.000, 0.000, 0.491,  8
train,    1473, -64.359451,   12, 1.00,    3, 0.000, 0.000, 0.491,  8
train,    1474, -55.961390,   16, 1.00,    5, 0.000, 0.000, 0.491,  8
train,    1475, -60.942373,   12, 1.00,    4, 0.000, 0.000, 0.491,  8
train,    1476, -39.648178,   14, 1.00,    7, 0.000, 0.000, 0.491,  8
train,    1477, 27.581096,   15, 0.00,    6, 0.000, 0.000, 0.491,  8
train,    1478, -57.009489,   13, 1.00,    4, 0.000, 0.000, 0.491,  8
train,    1479, 17.471810,   17, 0.00,    4, 0.000, 0.000, 0.491,  8
val,      1479, -18.325229, 0.5000,  14.8000,   4.7000, 0.5000,  20.5144
train,    1480, -60.857676,   11, 1.00,    5, 0.000, 0.000, 0.491,  8
train,    1481, -56.031711,   16, 1.00,    7, 0.000, 0.000, 0.491,  8
train,    1482, 22.975338,   17, 0.00,    5, 0.000, 0.000, 0.491,  8
train,    1483, -55.973839,   14, 1.00,    6, 0.000, 0.000, 0.491,  8
train,    1484, -61.272382,   15, 1.00,    4, 0.000, 0.000, 0.491,  8
train,    1485, -76.010111,   13, 1.00,    4, 0.000, 0.000, 0.491,  8
train,    1486, -53.454456,   17, 1.00,    4, 0.000, 0.000, 0.491,  8
train,    1487, 41.759899,   17, 0.00,    6, 0.000, 0.000, 0.491,  8
train,    1488, -67.208584,   14, 1.00,    4, 0.000, 0.000, 0.491,  8
train,    1489, 41.571296,   17, 0.00,    7, 0.000, 0.000, 0.491,  8
val,      1489, -30.688971, 0.7000,  13.7000,   4.3000, 0.3000,  20.5334
train,    1490, 22.477794,   17, 0.00,    7, 0.000, 0.000, 0.491,  8
update,   1490,   43,  521, -8.753303, 0.000000
train,    1491, -44.632413,   11, 1.00,    5, 0.000, 0.000, 0.491,  8
train,    1492, 34.598015,   17, 0.00,    5, 0.000, 0.000, 0.491,  8
train,    1493, -72.539959,   13, 1.00,    3, 0.000, 0.000, 0.491,  8
train,    1494, 41.162355,   17, 0.00,    8, 0.000, 0.000, 0.491,  8
train,    1495, 28.282287,   17, 0.00,    7, 0.000, 0.000, 0.491,  8
train,    1496, 24.203581,   17, 0.00,    2, 0.000, 0.000, 0.491,  8
train,    1497, -63.553175,   11, 1.00,    7, 0.000, 0.000, 0.491,  8
train,    1498, -63.670233,   15, 1.00,    2, 0.000, 0.000, 0.491,  8
train,    1499, 23.139373,   17, 0.00,    5, 0.000, 0.000, 0.491,  8
val,      1499, -17.879803, 0.5000,  15.0000,   5.0000, 0.5000,  20.5034
train,    1500, 18.859212,   17, 0.00,    7, 0.000, 0.000, 0.491,  8
train,    1501, -60.157769,   15, 1.00,    5, 0.000, 0.000, 0.491,  8
train,    1502, -57.417382,   13, 1.00,    5, 0.000, 0.000, 0.491,  8
train,    1503, -65.213836,   14, 1.00,    7, 0.000, 0.000, 0.491,  8
train,    1504, 22.674793,   17, 0.00,    6, 0.000, 0.000, 0.491,  8
train,    1505, 29.211567,   16, 0.00,    5, 0.000, 0.000, 0.491,  8
train,    1506, -56.257995,   16, 1.00,    6, 0.000, 0.000, 0.491,  8
train,    1507, -60.641155,   10, 1.00,    8, 0.000, 0.000, 0.491,  8
train,    1508, 42.172706,   17, 0.00,    5, 0.000, 0.000, 0.491,  8
train,    1509, 26.571131,   16, 0.00,    3, 0.000, 0.000, 0.491,  8
val,      1509, -23.529830, 0.6000,  14.2000,   5.1000, 0.4000,  20.5659
train,    1510, 23.366448,   17, 0.00,    4, 0.000, 0.000, 0.491,  8
train,    1511, -63.404077,   11, 1.00,    6, 0.000, 0.000, 0.491,  8
train,    1512, -55.755787,   16, 1.00,    5, 0.000, 0.000, 0.491,  8
train,    1513, 34.668548,   17, 0.00,    5, 0.000, 0.000, 0.491,  8
train,    1514, 33.718366,   17, 0.00,    8, 0.000, 0.000, 0.491,  8
train,    1515, -42.547888,   15, 1.00,    8, 0.000, 0.000, 0.491,  8
train,    1516, 41.322524,   17, 0.00,    8, 0.000, 0.000, 0.491,  8
train,    1517, 34.033804,   17, 0.00,    7, 0.000, 0.000, 0.491,  8
train,    1518, -59.720821,   11, 1.00,    5, 0.000, 0.000, 0.491,  8
train,    1519, -76.058813,   14, 1.00,    4, 0.000, 0.000, 0.491,  8
val,      1519, -39.597330, 0.7000,  14.3000,   5.3000, 0.3000,  20.6068
train,    1520, -70.259212,   13, 1.00,    7, 0.000, 0.000, 0.491,  8
train,    1521, 31.707015,   16, 0.00,    6, 0.000, 0.000, 0.491,  8
train,    1522, 42.075338,   17, 0.00,    5, 0.000, 0.000, 0.491,  8
train,    1523, -64.185704,   14, 1.00,    3, 0.000, 0.000, 0.491,  8
train,    1524, -61.565256,   11, 1.00,    7, 0.000, 0.000, 0.491,  8
train,    1525, -59.407233,   10, 1.00,    5, 0.000, 0.000, 0.491,  8
update,   1525,   44,  519, -5.746275, 0.000000
train,    1526, -70.234843,   13, 1.00,    6, 0.000, 0.000, 0.491,  8
train,    1527, 25.847196,   17, 0.00,    9, 0.000, 0.000, 0.491,  8
train,    1528, 21.359426,   16, 0.00,    8, 0.000, 0.000, 0.491,  8
train,    1529, 22.453466,   17, 0.00,    7, 0.000, 0.000, 0.491,  8
val,      1529, -23.049006, 0.6000,  14.5000,   6.0000, 0.4000,  20.3636
train,    1530, -62.284157,   14, 1.00,    6, 0.000, 0.000, 0.491,  8
train,    1531, -61.875476,   11, 1.00,    5, 0.000, 0.000, 0.491,  8
train,    1532, 25.224362,   16, 0.00,    8, 0.000, 0.000, 0.491,  8
train,    1533, 15.523397,   17, 0.00,    5, 0.000, 0.000, 0.491,  8
train,    1534, -2.120991,   17, 0.00,    6, 0.000, 0.000, 0.491,  8
train,    1535, -66.686642,   14, 1.00,    5, 0.000, 0.000, 0.491,  8
train,    1536, 41.735571,   17, 0.00,    6, 0.000, 0.000, 0.491,  8
train,    1537, 23.672882,   17, 0.00,    3, 0.000, 0.000, 0.491,  8
train,    1538, -39.203079,   15, 1.00,    8, 0.000, 0.000, 0.491,  8
train,    1539, -66.577336,   11, 1.00,    5, 0.000, 0.000, 0.491,  8
val,      1539, -2.375100, 0.4000,  14.8000,   6.6000, 0.6000,  20.3880
train,    1540, 42.276451,   17, 0.00,    4, 0.000, 0.000, 0.491,  8
train,    1541, -63.148289,   13, 1.00,    5, 0.000, 0.000, 0.491,  8
train,    1542, -57.363440,   10, 1.00,    8, 0.000, 0.000, 0.491,  8
train,    1543, 34.286443,   17, 0.00,    6, 0.000, 0.000, 0.491,  8
train,    1544, -72.080218,   13, 1.00,    3, 0.000, 0.000, 0.491,  8
train,    1545, 23.877915,   17, 0.00,    2, 0.000, 0.000, 0.491,  8
train,    1546, -58.854939,   14, 1.00,    6, 0.000, 0.000, 0.491,  8
train,    1547, -65.749214,   11, 1.00,    6, 0.000, 0.000, 0.491,  8
train,    1548, -60.273010,   12, 1.00,    5, 0.000, 0.000, 0.491,  8
train,    1549, -75.501075,   13, 1.00,    6, 0.000, 0.000, 0.491,  8
val,      1549, -35.553530, 0.7000,  14.3000,   6.3000, 0.3000,  20.4519
train,    1550, -39.150597,   15, 1.00,    6, 0.000, 0.000, 0.491,  8
train,    1551, 23.454812,   17, 0.00,    4, 0.000, 0.000, 0.491,  8
train,    1552, -57.695127,   15, 1.00,    7, 0.000, 0.000, 0.491,  8
train,    1553, 42.366448,   17, 0.00,    4, 0.000, 0.000, 0.491,  8
train,    1554, 23.739548,   17, 0.00,    3, 0.000, 0.000, 0.491,  8
train,    1555, -65.363039,   16, 1.00,    6, 0.000, 0.000, 0.491,  8
train,    1556, -55.740516,   14, 1.00,    7, 0.000, 0.000, 0.491,  8
train,    1557, 41.957268,   17, 0.00,    6, 0.000, 0.000, 0.491,  8
train,    1558, 21.190332,   16, 0.00,    7, 0.000, 0.000, 0.491,  8
train,    1559, 41.745574,   17, 0.00,    6, 0.000, 0.000, 0.491,  8
val,      1559, -63.898203, 1.0000,  13.1000,   5.2000, 0.0000,  20.5550
train,    1560, 16.721733,   16, 0.00,    6, 0.000, 0.000, 0.491,  8
update,   1560,   45,  526, -4.849937, -0.000000
train,    1561, -66.190491,   12, 1.00,    5, 0.000, 0.000, 0.491,  8
train,    1562, 28.567743,   16, 0.00,    6, 0.000, 0.000, 0.491,  8
train,    1563, 40.728847,   17, 0.00,   10, 0.000, 0.000, 0.491,  8
train,    1564, 32.753197,   16, 0.00,    6, 0.000, 0.000, 0.491,  8
train,    1565, 15.366442,   15, 0.00,    7, 0.000, 0.000, 0.491,  8
train,    1566, -55.652879,   13, 1.00,    6, 0.000, 0.000, 0.491,  8
train,    1567, -56.190094,   16, 1.00,    5, 0.000, 0.000, 0.491,  8
train,    1568, 23.235507,   17, 0.00,    5, 0.000, 0.000, 0.491,  8
train,    1569, -40.669879,   16, 1.00,    3, 0.000, 0.000, 0.491,  8
val,      1569, -36.159977, 0.7000,  14.3000,   5.2000, 0.3000,  20.5303
train,    1570, -59.745420,   16, 1.00,    5, 0.000, 0.000, 0.491,  8
train,    1571, 42.321881,   15, 0.00,    7, 0.000, 0.000, 0.491,  8
train,    1572, -57.816323,   12, 1.00,    5, 0.000, 0.000, 0.491,  8
train,    1573, 22.171360,   17, 0.00,    8, 0.000, 0.000, 0.491,  8
train,    1574, -76.045438,   13, 1.00,    4, 0.000, 0.000, 0.491,  8
train,    1575, -69.897416,   13, 1.00,    5, 0.000, 0.000, 0.491,  8
train,    1576, 41.637963,   17, 0.00,    7, 0.000, 0.000, 0.491,  8
train,    1577, 28.350198,   16, 0.00,    7, 0.000, 0.000, 0.491,  8
train,    1578, 42.539548,   17, 0.00,    3, 0.000, 0.000, 0.491,  8
train,    1579, -72.258440,   13, 1.00,    2, 0.000, 0.000, 0.491,  8
val,      1579, -26.139887, 0.6000,  14.1000,   5.3000, 0.4000,  20.6907
train,    1580, 21.822588,   17, 0.00,    9, 0.000, 0.000, 0.491,  8
train,    1581, 25.491236,   16, 0.00,    7, 0.000, 0.000, 0.491,  8
train,    1582, 42.108671,   17, 0.00,    5, 0.000, 0.000, 0.491,  8
train,    1583, 26.221741,   16, 0.00,    5, 0.000, 0.000, 0.491,  8
train,    1584, -72.839542,   13, 1.00,    5, 0.000, 0.000, 0.491,  8
train,    1585, -60.800531,   11, 1.00,    4, 0.000, 0.000, 0.491,  8
train,    1586, -95.225461,   14, 1.00,    4, 0.000, 0.000, 0.491,  8
train,    1587, -68.561328,   16, 1.00,    5, 0.000, 0.000, 0.491,  8
train,    1588, 26.865004,   17, 0.00,    6, 0.000, 0.000, 0.491,  8
train,    1589, -68.506072,   13, 1.00,    6, 0.000, 0.000, 0.491,  8
val,      1589, -33.681627, 0.7000,  14.0000,   6.1000, 0.3000,  20.4323
train,    1590, 6.375227,   17, 0.00,    8, 0.000, 0.000, 0.491,  8
train,    1591, 19.347927,   17, 0.00,    3, 0.000, 0.000, 0.491,  8
train,    1592, -67.050172,   15, 1.00,    8, 0.000, 0.000, 0.491,  8
train,    1593, -90.737115,   14, 1.00,    2, 0.000, 0.000, 0.491,  8
train,    1594, 23.924822,   16, 0.00,    6, 0.000, 0.000, 0.491,  8
update,   1594,   46,  516, -5.989348, 0.000000
train,    1595, 26.372947,   17, 0.00,    4, 0.000, 0.000, 0.491,  8
train,    1596, 18.355944,   17, 0.00,    9, 0.000, 0.000, 0.491,  8
train,    1597, 23.108671,   17, 0.00,    5, 0.000, 0.000, 0.491,  8
train,    1598, 26.281110,   16, 0.00,    5, 0.000, 0.000, 0.491,  8
train,    1599, -59.052054,   17, 1.00,    9, 0.000, 0.000, 0.491,  8
val,      1599, -30.756032, 0.7000,  14.7000,   5.9000, 0.3000,  20.3866
train,    1600, 14.332345,   17, 0.00,    9, 0.000, 0.000, 0.491,  8
train,    1601, 13.163365,   17, 0.00,    6, 0.000, 0.000, 0.491,  8
train,    1602, -65.671740,   12, 1.00,    5, 0.000, 0.000, 0.491,  8
train,    1603, 21.977280,   16, 0.00,    4, 0.000, 0.000, 0.491,  8
train,    1604, -58.592985,   15, 1.00,    8, 0.000, 0.000, 0.491,  8
train,    1605, 38.289302,   17, 0.00,    6, 0.000, 0.000, 0.491,  8
train,    1606, 40.043987,   16, 0.00,    9, 0.000, 0.000, 0.491,  8
train,    1607, -56.426231,   15, 1.00,    6, 0.000, 0.000, 0.491,  8
train,    1608, -67.996077,   13, 1.00,    3, 0.000, 0.000, 0.491,  8
train,    1609, -82.479478,   13, 1.00,    3, 0.000, 0.000, 0.491,  8
val,      1609, -18.691454, 0.6000,  14.7000,   5.6000, 0.4000,  20.5393
train,    1610, 27.254900,   17, 0.00,    4, 0.000, 0.000, 0.491,  8
train,    1611, 25.610558,   17, 0.00,   10, 0.000, 0.000, 0.491,  8
train,    1612, -76.440008,   13, 1.00,    5, 0.000, 0.000, 0.491,  8
train,    1613, 16.715821,   16, 0.00,    6, 0.000, 0.000, 0.491,  8
train,    1614, 22.604629,   17, 0.00,    7, 0.000, 0.000, 0.491,  8
train,    1615, -59.554078,   14, 1.00,    8, 0.000, 0.000, 0.491,  8
train,    1616, -57.938398,   14, 1.00,    5, 0.000, 0.000, 0.491,  8
train,    1617, -44.351936,   14, 1.00,    4, 0.000, 0.000, 0.491,  8
train,    1618, -53.548238,   12, 1.00,    8, 0.000, 0.000, 0.491,  8
train,    1619, -72.242500,   13, 1.00,    3, 0.000, 0.000, 0.491,  8
val,      1619, -20.271079, 0.6000,  15.4000,   6.1000, 0.4000,  20.5097
train,    1620, -68.484608,   13, 1.00,    5, 0.000, 0.000, 0.491,  8
train,    1621, -41.089670,   15, 1.00,    5, 0.000, 0.000, 0.491,  8
train,    1622, 27.110231,   17, 0.00,    4, 0.000, 0.000, 0.491,  8
train,    1623, -73.253083,   12, 1.00,    5, 0.000, 0.000, 0.491,  8
train,    1624, -65.927643,   12, 1.00,    8, 0.000, 0.000, 0.491,  8
train,    1625, 23.135507,   17, 0.00,    5, 0.000, 0.000, 0.491,  8
train,    1626, -71.450131,   13, 1.00,    4, 0.000, 0.000, 0.491,  8
train,    1627, 14.718366,   17, 0.00,    8, 0.000, 0.000, 0.491,  8
train,    1628, -44.461603,   14, 1.00,    7, 0.000, 0.000, 0.491,  8
update,   1628,   47,  512, -10.481121, 0.000000
train,    1629, 21.674865,   16, 0.00,    7, 0.000, 0.000, 0.491,  8
val,      1629, -34.407624, 0.7000,  13.6000,   5.6000, 0.3000,  20.7579
train,    1630, -51.367602,   12, 1.00,    7, 0.000, 0.000, 0.491,  8
train,    1631, 23.051009,   17, 0.00,    5, 0.000, 0.000, 0.491,  8
train,    1632, -43.022003,   15, 1.00,    7, 0.000, 0.000, 0.491,  8
train,    1633, 20.048422,   17, 0.00,    3, 0.000, 0.000, 0.491,  8
train,    1634, -61.614242,   15, 1.00,    6, 0.000, 0.000, 0.491,  8
train,    1635, 42.068840,   17, 0.00,    5, 0.000, 0.000, 0.491,  8
train,    1636, 16.662143,   16, 0.00,    5, 0.000, 0.000, 0.491,  8
train,    1637, -68.690901,   13, 1.00,    5, 0.000, 0.000, 0.491,  8
train,    1638, 16.812342,   17, 0.00,    6, 0.000, 0.000, 0.491,  8
train,    1639, 11.097507,   16, 0.00,    7, 0.000, 0.000, 0.491,  8
val,      1639, -31.472345, 0.7000,  14.2000,   5.7000, 0.3000,  20.4927
train,    1640, -61.640903,   11, 1.00,    4, 0.000, 0.000, 0.491,  8
train,    1641, -61.673010,   11, 1.00,    4, 0.000, 0.000, 0.491,  8
train,    1642, 41.793233,   17, 0.00,    6, 0.000, 0.000, 0.491,  8
train,    1643, 16.710535,   16, 0.00,    8, 0.000, 0.000, 0.491,  8
train,    1644, 36.788123,   16, 0.00,    6, 0.000, 0.000, 0.491,  8
train,    1645, -61.547084,   11, 1.00,    4, 0.000, 0.000, 0.491,  8
train,    1646, 26.397904,   17, 0.00,    7, 0.000, 0.000, 0.491,  8
train,    1647, 41.210620,   17, 0.00,    8, 0.000, 0.000, 0.491,  8
train,    1648, -60.617405,   11, 1.00,    3, 0.000, 0.000, 0.491,  8
train,    1649, 27.260469,   16, 0.00,    8, 0.000, 0.000, 0.491,  8
val,      1649, -7.429446, 0.4000,  15.3000,   7.1000, 0.6000,  20.4587
train,    1650, -56.252429,   16, 1.00,    6, 0.000, 0.000, 0.491,  8
train,    1651, -91.887716,   14, 1.00,    6, 0.000, 0.000, 0.491,  8
train,    1652, 22.637963,   17, 0.00,    7, 0.000, 0.000, 0.491,  8
train,    1653, 23.357443,   17, 0.00,    4, 0.000, 0.000, 0.491,  8
train,    1654, -62.727898,   15, 1.00,    8, 0.000, 0.000, 0.491,  8
train,    1655, -56.412328,   16, 1.00,    7, 0.000, 0.000, 0.491,  8
train,    1656, 7.449802,   17, 0.00,    4, 0.000, 0.000, 0.491,  8
train,    1657, -73.425375,   13, 1.00,    6, 0.000, 0.000, 0.491,  8
train,    1658, 41.046917,   17, 0.00,    9, 0.000, 0.000, 0.491,  8
train,    1659, -72.283017,   13, 1.00,    4, 0.000, 0.000, 0.491,  8
val,      1659, -21.650365, 0.6000,  14.6000,   6.4000, 0.4000,  20.6247
train,    1660, 21.124237,   16, 0.00,    7, 0.000, 0.000, 0.491,  8
train,    1661, -76.646777,   13, 1.00,    6, 0.000, 0.000, 0.491,  8
train,    1662, 43.655720,   16, 0.00,    7, 0.000, 0.000, 0.491,  8
update,   1662,   48,  514, -3.712127, 0.000000
train,    1663, -44.846871,   10, 1.00,    7, 0.000, 0.000, 0.491,  8
train,    1664, 14.873636,   17, 0.00,    7, 0.000, 0.000, 0.491,  8
train,    1665, 23.366448,   17, 0.00,    4, 0.000, 0.000, 0.491,  8
train,    1666, -69.127997,   13, 1.00,    7, 0.000, 0.000, 0.491,  8
train,    1667, -75.322681,   13, 1.00,    5, 0.000, 0.000, 0.491,  8
train,    1668, 22.104694,   17, 0.00,    8, 0.000, 0.000, 0.491,  8
train,    1669, 23.042005,   17, 0.00,    5, 0.000, 0.000, 0.491,  8
val,      1669, -23.013756, 0.6000,  14.5000,   4.6000, 0.4000,  20.4739
train,    1670, 41.326391,   17, 0.00,    8, 0.000, 0.000, 0.491,  8
train,    1671, 15.786619,   17, 0.00,    4, 0.000, 0.000, 0.491,  8
train,    1672, 28.450210,   16, 0.00,    7, 0.000, 0.000, 0.491,  8
train,    1673, -59.956992,   10, 1.00,    7, 0.000, 0.000, 0.491,  8
train,    1674, -62.733952,   11, 1.00,    5, 0.000, 0.000, 0.491,  8
train,    1675, -78.243144,   13, 1.00,    2, 0.000, 0.000, 0.491,  8
train,    1676, 34.202172,   17, 0.00,    6, 0.000, 0.000, 0.491,  8
train,    1677, 34.435503,   17, 0.00,    4, 0.000, 0.000, 0.491,  8
train,    1678, 26.152016,   17, 0.00,    8, 0.000, 0.000, 0.491,  8
train,    1679, -61.981893,   11, 1.00,    5, 0.000, 0.000, 0.491,  8
val,      1679, -46.562534, 0.8000,  14.3000,   5.3000, 0.2000,  20.7178
train,    1680, -64.836040,   13, 1.00,    4, 0.000, 0.000, 0.491,  8
train,    1681, -37.374215,   16, 1.00,    6, 0.000, 0.000, 0.491,  8
train,    1682, -42.765682,   17, 1.00,    6, 0.000, 0.000, 0.491,  8
train,    1683, -61.391539,   11, 1.00,    5, 0.000, 0.000, 0.491,  8
train,    1684, 26.501449,   17, 0.00,    7, 0.000, 0.000, 0.491,  8
train,    1685, -61.132993,   12, 1.00,    6, 0.000, 0.000, 0.491,  8
train,    1686, 14.355769,   17, 0.00,    7, 0.000, 0.000, 0.491,  8
train,    1687, -54.231807,   15, 1.00,    6, 0.000, 0.000, 0.491,  8
train,    1688, 25.744025,   16, 0.00,    6, 0.000, 0.000, 0.491,  8
train,    1689, -1.368132,   17, 0.00,    3, 0.000, 0.000, 0.491,  8
