init,     2026-04-09 13:50:48.674260
arguments,Namespace(PPO_epochs=4, adv_norm=1, alg='ppo', cuda=0, curriculum_clean_ratio=1.0, curriculum_entropy_decay=0.85, curriculum_mode='adaptive', curriculum_noise_step=0.0, curriculum_patience=1, entropy=0.1, entropy_min=0.05, eps_clip=0.15, gae_lambda=0.97, gamma=0.995, grad_clip=0.5, gymip_train_xml='inverted_pendulum_ChangeThk_0.050000.xml', hid_group_num=8, hid_group_size=8, hidden_num=64, ignore_checkpoint=True, lane_profile='auto', lr=0.0005, max_noise=0.0, mini_batch_size=128, model='rwtaspk', monitor_time=False, optimizer='rmsprop', rep=11, response_window=40, reward_scale=1.0, road_scenario='merge', rollout_steps=512, rwta_del_connection='none', seed=35, snn_num_steps=15, task='gymip', thread=1, traffic_level='standard', train_num=3000, warm_start_kind='baseline', warm_start_prefix='')
seed,     35
model_dir,/root/autodl-tmp/SVPG2023/LANE/training_runs/ours/merge/models
log_dir,  /root/autodl-tmp/SVPG2023/LANE/training_runs/ours/merge/logs
profile,  lane auto-stabilize: lr->0.0005, gamma->0.995, PPO_epochs->4, eps_clip->0.15, rollout_steps->512, mini_batch_size->128, gae_lambda->0.97, grad_clip->0.5, curriculum_clean_ratio->0.8, max_noise->0.08, curriculum_noise_step->0.02, entropy_min->0.05, curriculum_clean_ratio->1.0, max_noise->0.0, curriculum_noise_step->0.0, curriculum_patience->1, curriculum_entropy_decay->0.85, train_num->3000
warm_start,/root/autodl-tmp/SVPG2023/LANE/training_runs/baseline/merge/models/ppo_gymip_rwtaspk_h8-8-40_none_rmsprop_0.001000_0.10_0.97000_5_0.2000_roadmerge_tfstandard_rep11_best
warm_critic,/root/autodl-tmp/SVPG2023/LANE/training_runs/baseline/merge/models/ppo_gymip_rwtaspk_h8-8-40_none_rmsprop_0.001000_0.10_0.97000_5_0.2000_roadmerge_tfstandard_rep11critic_best
train,    1, -34.427544,   10, 0.87,    6, 0.000, 0.000, 0.100,  8
train,    2, -64.034055,   11, 0.91,    6, 0.000, 0.000, 0.100,  8
train,    3, -55.177201,   11, 0.89,    6, 0.000, 0.000, 0.100,  8
train,    4, -51.617339,   10, 0.84,    6, 0.000, 0.000, 0.100,  8
train,    5, -57.276367,   13, 0.88,    5, 0.000, 0.000, 0.100,  8
train,    6, -53.299489,   10, 0.95,    7, 0.000, 0.000, 0.100,  8
train,    7, -47.594331,   11, 0.86,    6, 0.000, 0.000, 0.100,  8
train,    8, -26.994427,    9, 0.91,    6, 0.000, 0.000, 0.100,  8
train,    9, -44.729330,   10, 0.87,    7, 0.000, 0.000, 0.100,  8
val_save, 9, -20.598511, 0.6549,  14.7035,   8.6752, 0.2938,  20.3218
val,      9, -20.598511, 0.6549,  14.7035,   8.6752, 0.2938,  20.3218
curriculum,noise_cap 0.0000 -> 0.0000, entropy 0.1000 -> 0.0850
train,    10, -25.556580,   11, 0.86,    8, 0.000, 0.000, 0.100,  8
train,    11, -29.839338,   11, 0.89,    6, 0.000, 0.000, 0.100,  8
train,    12, -37.353947,   10, 0.86,    8, 0.000, 0.000, 0.100,  8
train,    13, -12.686909,    9, 0.94,    8, 0.000, 0.000, 0.100,  8
train,    14, -34.910951,    9, 0.89,    7, 0.000, 0.000, 0.100,  8
train,    15, -38.030926,   11, 0.78,    8, 0.000, 0.000, 0.100,  8
train,    16, -41.981251,   11, 0.92,    6, 0.000, 0.000, 0.100,  8
train,    17, -22.642800,   11, 0.91,    8, 0.000, 0.000, 0.100,  8
train,    18, -59.070799,    9, 0.90,    8, 0.000, 0.000, 0.100,  8
train,    19, -35.231939,   11, 0.97,    8, 0.000, 0.000, 0.100,  8
val,      19, -12.713050, 0.5945,  13.0539,   7.4613, 0.3276,  20.4423
train,    20, -31.870413,   10, 0.89,    6, 0.000, 0.000, 0.100,  8
train,    21, -49.195727,   12, 0.89,    7, 0.000, 0.000, 0.100,  8
train,    22, -43.013407,   10, 0.92,    7, 0.000, 0.000, 0.100,  8
train,    23, -31.333738,   11, 0.90,    7, 0.000, 0.000, 0.100,  8
train,    24, -24.095713,   11, 0.97,    8, 0.000, 0.000, 0.100,  8
train,    25, -37.998750,   12, 0.91,    8, 0.000, 0.000, 0.100,  8
train,    26, -48.394457,   12, 0.87,    9, 0.000, 0.000, 0.100,  8
train,    27, -67.518861,   11, 0.92,    9, 0.000, 0.000, 0.100,  8
train,    28, -59.015822,   13, 0.96,    8, 0.000, 0.000, 0.100,  8
train,    29, -53.436362,   11, 0.91,    8, 0.000, 0.000, 0.100,  8
val,      29, -5.794514, 0.6690,  12.8015,   7.9231, 0.3670,  20.3760
train,    30, -51.903974,   12, 0.88,    7, 0.000, 0.000, 0.100,  8
train,    31, -64.632889,   11, 0.91,    6, 0.000, 0.000, 0.100,  8
train,    32, -44.490529,   11, 0.92,    6, 0.000, 0.000, 0.100,  8
train,    33, -51.927205,   12, 0.87,    9, 0.000, 0.000, 0.100,  8
train,    34, -65.484810,    9, 0.85,    8, 0.000, 0.000, 0.100,  8
train,    35, -46.898517,   13, 0.94,    6, 0.000, 0.000, 0.100,  8
train,    36, -57.991282,   11, 0.88,    8, 0.000, 0.000, 0.100,  8
update,   36,    1,  528, -20.000000, 0.000000
train,    37, -54.368249,   11, 0.92,    9, 0.000, 0.000, 0.100,  8
train,    38, -65.594331,   11, 0.94,    9, 0.000, 0.000, 0.100,  8
train,    39, -59.840920,   10, 0.85,    8, 0.000, 0.000, 0.100,  8
val,      39, -11.582433, 0.6270,  12.9939,   7.2804, 0.3230,  20.4397
train,    40, -57.652402,   12, 0.94,    7, 0.000, 0.000, 0.100,  8
train,    41, -50.057538,   12, 0.88,    8, 0.000, 0.000, 0.100,  8
train,    42, -68.252906,   11, 0.83,    7, 0.000, 0.000, 0.100,  8
train,    43, -82.570389,   12, 0.89,    5, 0.000, 0.000, 0.100,  8
train,    44, -65.484776,   12, 0.86,    8, 0.000, 0.000, 0.100,  8
train,    45, -59.681196,   11, 0.85,    8, 0.000, 0.000, 0.100,  8
train,    46, -38.601926,   10, 0.82,    6, 0.000, 0.000, 0.100,  8
train,    47, -27.442809,   11, 0.89,    8, 0.000, 0.000, 0.100,  8
train,    48, -41.005153,   10, 0.90,    6, 0.000, 0.000, 0.100,  8
train,    49, -34.017372,   10, 0.84,    6, 0.000, 0.000, 0.100,  8
val,      49, -14.414439, 0.6190,  13.0125,   7.6306, 0.3920,  20.4146
train,    50, -15.749279,   10, 0.82,    8, 0.000, 0.000, 0.100,  8
train,    51, -26.198074,   11, 0.87,    6, 0.000, 0.000, 0.100,  8
train,    52, -29.935769,   10, 0.81,    6, 0.000, 0.000, 0.100,  8
train,    53, -31.391204,   11, 0.85,    7, 0.000, 0.000, 0.100,  8
train,    54, -22.902089,   12, 0.91,    8, 0.000, 0.000, 0.100,  8
train,    55, -27.663540,    9, 0.85,    8, 0.000, 0.000, 0.100,  8
train,    56, -23.273501,   11, 0.90,    7, 0.000, 0.000, 0.100,  8
train,    57, -48.598351,   12, 0.85,    7, 0.000, 0.000, 0.100,  8
train,    58, -18.083411,    8, 0.89,    9, 0.000, 0.000, 0.100,  8
train,    59, -24.454201,   12, 0.80,    7, 0.000, 0.000, 0.100,  8
val,      59, -20.777993, 0.6125,  12.8640,   7.7655, 0.3799,  20.5155
train,    60, -29.030223,   11, 0.85,    5, 0.000, 0.000, 0.100,  8
train,    61, -40.702615,   10, 0.84,    6, 0.000, 0.000, 0.100,  8
train,    62, -19.000446,   10, 0.79,    7, 0.000, 0.000, 0.100,  8
train,    63, -35.293230,   11, 0.78,    5, 0.000, 0.000, 0.100,  8
train,    64, -40.426344,   13, 0.93,    7, 0.000, 0.000, 0.100,  8
train,    65, -48.379935,   11, 0.87,    6, 0.000, 0.000, 0.100,  8
train,    66, -23.660947,   13, 0.82,    6, 0.000, 0.000, 0.100,  8
train,    67, -49.803255,   11, 0.85,    6, 0.000, 0.000, 0.100,  8
train,    68, -34.757380,   11, 0.85,    7, 0.000, 0.000, 0.100,  8
train,    69, -20.708640,   10, 0.81,    7, 0.000, 0.000, 0.100,  8
val,      69, -13.815777, 0.5579,  13.0831,   7.6271, 0.4223,  20.3911
train,    70, -52.757076,   11, 0.86,    6, 0.000, 0.000, 0.100,  8
train,    71, -66.149422,   11, 0.91,    6, 0.000, 0.000, 0.100,  8
train,    72, -58.619947,   12, 0.82,    6, 0.000, 0.000, 0.100,  8
update,   72,    2,  517, -20.000000, 0.000000
train,    73, -31.233987,   12, 0.84,    7, 0.000, 0.000, 0.100,  8
train,    74, -63.145102,   14, 0.82,    6, 0.000, 0.000, 0.100,  8
train,    75, -65.932926,   12, 0.84,    6, 0.000, 0.000, 0.100,  8
train,    76, -56.023319,   10, 0.83,    6, 0.000, 0.000, 0.100,  8
train,    77, -61.120111,   11, 0.86,    6, 0.000, 0.000, 0.100,  8
train,    78, -70.608664,   11, 0.76,    6, 0.000, 0.000, 0.100,  8
train,    79, -59.945680,   11, 0.80,    5, 0.000, 0.000, 0.100,  8
val,      79, -11.518957, 0.6088,  13.5241,   7.7325, 0.4040,  20.4658
train,    80, -68.082584,   11, 0.85,    4, 0.000, 0.000, 0.100,  8
train,    81, -83.845683,   11, 0.86,    3, 0.000, 0.000, 0.100,  8
train,    82, -75.229447,   11, 0.90,    6, 0.000, 0.000, 0.100,  8
train,    83, -76.584909,   11, 0.88,    5, 0.000, 0.000, 0.100,  8
train,    84, -80.456560,   13, 0.94,    5, 0.000, 0.000, 0.100,  8
train,    85, -49.679650,   11, 0.81,    3, 0.000, 0.000, 0.100,  8
train,    86, -66.149939,   12, 0.84,    5, 0.000, 0.000, 0.100,  8
train,    87, -68.118667,   11, 0.80,    5, 0.000, 0.000, 0.100,  8
train,    88, -60.467516,   11, 0.88,    5, 0.000, 0.000, 0.100,  8
train,    89, -59.080187,   10, 0.86,    4, 0.000, 0.000, 0.100,  8
val,      89, -5.882022, 0.5602,  13.2218,   7.6224, 0.3693,  20.4669
train,    90, -54.081590,   12, 0.87,    4, 0.000, 0.000, 0.100,  8
train,    91, -54.122712,   12, 0.88,    4, 0.000, 0.000, 0.100,  8
train,    92, -51.708286,   11, 0.85,    5, 0.000, 0.000, 0.100,  8
train,    93, -42.002402,   12, 0.85,    5, 0.000, 0.000, 0.100,  8
train,    94, -52.133000,   11, 0.72,    5, 0.000, 0.000, 0.100,  8
train,    95, -31.617905,   13, 0.86,    4, 0.000, 0.000, 0.100,  8
train,    96, -53.899374,   13, 0.81,    4, 0.000, 0.000, 0.100,  8
train,    97, -42.212283,   13, 0.83,    4, 0.000, 0.000, 0.100,  8
train,    98, -34.376059,   11, 0.86,    4, 0.000, 0.000, 0.100,  8
train,    99, -38.357436,   12, 0.83,    5, 0.000, 0.000, 0.100,  8
val,      99, -4.147982, 0.5199,  13.8109,   7.9865, 0.4254,  20.4239
train,    100, -51.448467,   12, 0.85,    3, 0.000, 0.000, 0.100,  8
train,    101, -40.032603,   11, 0.87,    4, 0.000, 0.000, 0.100,  8
train,    102, -26.057690,   12, 0.83,    6, 0.000, 0.000, 0.100,  8
train,    103, -28.299681,   12, 0.87,    4, 0.000, 0.000, 0.100,  8
train,    104, -28.024950,    9, 0.90,    5, 0.000, 0.000, 0.100,  8
train,    105, -21.361354,   10, 0.90,    4, 0.000, 0.000, 0.100,  8
train,    106, -50.830014,    9, 0.88,    5, 0.000, 0.000, 0.100,  8
train,    107, -43.585249,   11, 0.82,    5, 0.000, 0.000, 0.100,  8
train,    108, -37.296337,   11, 0.83,    3, 0.000, 0.000, 0.100,  8
update,   108,    3,  517, -20.000000, 0.000000
train,    109, -24.201460,   13, 0.81,    4, 0.000, 0.000, 0.100,  8
val,      109, -5.160271, 0.6049,  13.0738,   8.2807, 0.4068,  20.4647
train,    110, -8.764342,   13, 0.77,    5, 0.000, 0.000, 0.100,  8
train,    111, -12.581335,   11, 0.86,    3, 0.000, 0.000, 0.100,  8
train,    112, -25.597931,   12, 0.79,    6, 0.000, 0.000, 0.100,  8
train,    113, -38.454812,   10, 0.85,    4, 0.000, 0.000, 0.100,  8
train,    114, -15.259516,   10, 0.83,    4, 0.000, 0.000, 0.100,  8
train,    115, -31.120993,   10, 0.81,    5, 0.000, 0.000, 0.100,  8
train,    116, -30.354458,   10, 0.83,    3, 0.000, 0.000, 0.100,  8
train,    117, -34.308820,   11, 0.84,    3, 0.000, 0.000, 0.100,  8
train,    118, -19.420721,   10, 0.92,    4, 0.000, 0.000, 0.100,  8
train,    119, -24.538708,   10, 0.87,    4, 0.000, 0.000, 0.100,  8
val,      119, 2.560911, 0.5224,  13.2272,   7.8222, 0.4064,  20.5462
train,    120, -45.502425,   11, 0.82,    4, 0.000, 0.000, 0.100,  8
train,    121, -30.036165,   11, 0.84,    3, 0.000, 0.000, 0.100,  8
train,    122, -35.301129,   13, 0.82,    7, 0.000, 0.000, 0.100,  8
train,    123, -56.468572,   13, 0.79,    5, 0.000, 0.000, 0.100,  8
train,    124, -39.707117,   10, 0.82,    6, 0.000, 0.000, 0.100,  8
train,    125, -35.373983,   11, 0.79,    6, 0.000, 0.000, 0.100,  8
train,    126, -56.458276,   12, 0.86,    6, 0.000, 0.000, 0.100,  8
train,    127, -66.692083,   10, 0.79,    4, 0.000, 0.000, 0.100,  8
train,    128, -46.010865,   13, 0.87,    5, 0.000, 0.000, 0.100,  8
train,    129, -55.127509,   10, 0.71,    4, 0.000, 0.000, 0.100,  8
val,      129, 5.952888, 0.5674,  12.9462,   8.3075, 0.4048,  20.5371
train,    130, -38.335959,   11, 0.90,    6, 0.000, 0.000, 0.100,  8
train,    131, -48.659635,   12, 0.87,    3, 0.000, 0.000, 0.100,  8
train,    132, -31.210723,   13, 0.81,    6, 0.000, 0.000, 0.100,  8
train,    133, -67.587967,   12, 0.77,    5, 0.000, 0.000, 0.100,  8
train,    134, -43.932579,   11, 0.81,    5, 0.000, 0.000, 0.100,  8
train,    135, -44.794725,   14, 0.78,    7, 0.000, 0.000, 0.100,  8
train,    136, -46.304774,   11, 0.74,    5, 0.000, 0.000, 0.100,  8
train,    137, -30.080394,   14, 0.81,    7, 0.000, 0.000, 0.100,  8
train,    138, -36.580279,   14, 0.86,    6, 0.000, 0.000, 0.100,  8
train,    139, -33.714838,   12, 0.86,    5, 0.000, 0.000, 0.100,  8
val,      139, -1.655507, 0.5709,  13.7309,   8.1331, 0.4829,  20.5721
train,    140, -22.550826,   13, 0.85,    6, 0.000, 0.000, 0.100,  8
train,    141, -31.461018,   13, 0.77,    4, 0.000, 0.000, 0.100,  8
train,    142, -32.073485,   15, 0.81,    7, 0.000, 0.000, 0.100,  8
train,    143, -26.594260,   12, 0.70,    6, 0.000, 0.000, 0.100,  8
train,    144, -27.953339,    9, 0.77,    8, 0.000, 0.000, 0.100,  8
update,   144,    4,  518, -20.000000, 0.000000
train,    145, -16.433338,   13, 0.84,    7, 0.000, 0.000, 0.100,  8
train,    146, -18.428049,   12, 0.86,    6, 0.000, 0.000, 0.100,  8
train,    147, -1.253170,   12, 0.78,    7, 0.000, 0.000, 0.100,  8
train,    148, -2.198434,   11, 0.79,    6, 0.000, 0.000, 0.100,  8
train,    149, -4.361795,   13, 0.82,    7, 0.000, 0.000, 0.100,  8
val,      149, -12.156450, 0.4687,  13.2422,   7.7291, 0.4340,  20.5625
train,    150, -11.373994,   11, 0.81,    6, 0.000, 0.000, 0.100,  8
train,    151, -0.526063,   12, 0.76,    6, 0.000, 0.000, 0.100,  8
train,    152, -19.319902,   13, 0.81,    7, 0.000, 0.000, 0.100,  8
train,    153, -25.689037,   13, 0.79,    8, 0.000, 0.000, 0.100,  8
train,    154, 7.224337,   10, 0.80,    5, 0.000, 0.000, 0.100,  8
train,    155, -22.826950,   13, 0.71,    8, 0.000, 0.000, 0.100,  8
train,    156, -15.399209,   12, 0.79,    7, 0.000, 0.000, 0.100,  8
train,    157, 8.969134,   10, 0.80,    8, 0.000, 0.000, 0.100,  8
train,    158, -13.984262,   10, 0.75,    6, 0.000, 0.000, 0.100,  8
train,    159, -17.361565,   11, 0.77,    7, 0.000, 0.000, 0.100,  8
val,      159, -7.989894, 0.5124,  13.4371,   7.1940, 0.4378,  20.5999
train,    160, -33.037766,   13, 0.69,    8, 0.000, 0.000, 0.100,  8
train,    161, -8.722737,   13, 0.82,    7, 0.000, 0.000, 0.100,  8
train,    162, -30.163579,   12, 0.74,    6, 0.000, 0.000, 0.100,  8
train,    163, -20.709666,   10, 0.73,    6, 0.000, 0.000, 0.100,  8
train,    164, -37.914659,   10, 0.76,    7, 0.000, 0.000, 0.100,  8
train,    165, -38.526038,   13, 0.81,    8, 0.000, 0.000, 0.100,  8
train,    166, -52.271659,   13, 0.79,    8, 0.000, 0.000, 0.100,  8
train,    167, -43.448702,   11, 0.82,    8, 0.000, 0.000, 0.100,  8
train,    168, -42.638086,   12, 0.83,    8, 0.000, 0.000, 0.100,  8
train,    169, -47.692999,   13, 0.78,    8, 0.000, 0.000, 0.100,  8
val,      169, -11.177584, 0.5406,  13.1021,   7.7408, 0.4456,  20.5584
train,    170, -38.880944,   12, 0.80,    8, 0.000, 0.000, 0.100,  8
train,    171, -22.523969,   12, 0.80,    6, 0.000, 0.000, 0.100,  8
train,    172, -56.259137,   12, 0.85,    8, 0.000, 0.000, 0.100,  8
train,    173, -33.083521,   12, 0.78,    6, 0.000, 0.000, 0.100,  8
train,    174, -60.928352,   11, 0.78,    9, 0.000, 0.000, 0.100,  8
train,    175, -41.375223,   13, 0.80,    6, 0.000, 0.000, 0.100,  8
train,    176, -49.463904,   12, 0.77,    7, 0.000, 0.000, 0.100,  8
train,    177, -58.981200,   11, 0.78,    8, 0.000, 0.000, 0.100,  8
train,    178, -58.261384,   10, 0.72,    6, 0.000, 0.000, 0.100,  8
train,    179, -32.531876,   10, 0.78,    9, 0.000, 0.000, 0.100,  8
val,      179, -9.048577, 0.5611,  14.2088,   7.9309, 0.4472,  20.4884
train,    180, -42.054721,   12, 0.85,    9, 0.000, 0.000, 0.100,  8
update,   180,    5,  518, -20.000000, 0.000000
train,    181, -41.397457,   11, 0.76,    7, 0.000, 0.000, 0.100,  8
train,    182, -49.745101,   13, 0.79,    8, 0.000, 0.000, 0.100,  8
train,    183, -39.055625,   12, 0.72,    8, 0.000, 0.000, 0.100,  8
train,    184, -36.507444,   12, 0.81,    8, 0.000, 0.000, 0.100,  8
train,    185, -55.665933,   12, 0.80,    7, 0.000, 0.000, 0.100,  8
train,    186, -40.336659,   10, 0.83,    8, 0.000, 0.000, 0.100,  8
train,    187, -29.852445,   13, 0.84,    7, 0.000, 0.000, 0.100,  8
train,    188, -39.620706,   14, 0.76,    8, 0.000, 0.000, 0.100,  8
train,    189, -34.246681,   15, 0.72,    7, 0.000, 0.000, 0.100,  8
val,      189, -5.728065, 0.4937,  13.5955,   8.1087, 0.4538,  20.5707
train,    190, -28.866404,   11, 0.77,    6, 0.000, 0.000, 0.100,  8
train,    191, -28.843180,   11, 0.82,    9, 0.000, 0.000, 0.100,  8
train,    192, -20.401650,   12, 0.79,    7, 0.000, 0.000, 0.100,  8
train,    193, -33.519256,   12, 0.76,    6, 0.000, 0.000, 0.100,  8
train,    194, -13.092323,   13, 0.78,    8, 0.000, 0.000, 0.100,  8
train,    195, -28.450717,   13, 0.68,    8, 0.000, 0.000, 0.100,  8
train,    196, -17.855370,   11, 0.73,    8, 0.000, 0.000, 0.100,  8
train,    197, -39.035191,   12, 0.76,    9, 0.000, 0.000, 0.100,  8
train,    198, -17.285371,   13, 0.72,    6, 0.000, 0.000, 0.100,  8
train,    199, -14.921725,   12, 0.74,    6, 0.000, 0.000, 0.100,  8
val,      199, -2.835934, 0.5386,  13.3860,   7.8979, 0.5299,  20.5043
train,    200, -11.736756,   12, 0.76,    8, 0.000, 0.000, 0.100,  8
train,    201, -21.896124,   11, 0.73,    8, 0.000, 0.000, 0.100,  8
train,    202, 1.612129,   10, 0.70,    7, 0.000, 0.000, 0.100,  8
train,    203, -20.661562,   13, 0.70,    7, 0.000, 0.000, 0.100,  8
train,    204, -19.761719,   12, 0.75,    8, 0.000, 0.000, 0.100,  8
train,    205, -23.679605,   14, 0.75,    6, 0.000, 0.000, 0.100,  8
train,    206, -34.099108,   12, 0.69,    6, 0.000, 0.000, 0.100,  8
train,    207, -10.251221,   13, 0.84,    8, 0.000, 0.000, 0.100,  8
train,    208, -35.625599,   12, 0.65,    7, 0.000, 0.000, 0.100,  8
train,    209, -14.914367,   13, 0.67,    8, 0.000, 0.000, 0.100,  8
val,      209, 3.120779, 0.5197,  13.7988,   7.9603, 0.5257,  20.4750
train,    210, -23.325996,   12, 0.72,    6, 0.000, 0.000, 0.100,  8
train,    211, -16.685362,   11, 0.86,    5, 0.000, 0.000, 0.100,  8
train,    212, -35.249545,   13, 0.72,    6, 0.000, 0.000, 0.100,  8
train,    213, -66.482981,   11, 0.73,    6, 0.000, 0.000, 0.100,  8
train,    214, -27.667470,   10, 0.79,    6, 0.000, 0.000, 0.100,  8
train,    215, -43.079042,   12, 0.77,    5, 0.000, 0.000, 0.100,  8
train,    216, -35.470554,   11, 0.77,    5, 0.000, 0.000, 0.100,  8
update,   216,    6,  505, -20.000000, 0.000000
train,    217, -36.391014,   12, 0.69,    6, 0.000, 0.000, 0.100,  8
train,    218, -32.759435,   12, 0.83,    6, 0.000, 0.000, 0.100,  8
train,    219, -42.787733,   14, 0.75,    5, 0.000, 0.000, 0.100,  8
val,      219, 2.320356, 0.4921,  13.8066,   7.4437, 0.5017,  20.4492
train,    220, -51.031457,   11, 0.80,    5, 0.000, 0.000, 0.100,  8
train,    221, -41.948994,   12, 0.78,    7, 0.000, 0.000, 0.100,  8
train,    222, -53.027230,   12, 0.69,    5, 0.000, 0.000, 0.100,  8
train,    223, -30.742382,   12, 0.79,    5, 0.000, 0.000, 0.100,  8
train,    224, -39.913946,   13, 0.80,    5, 0.000, 0.000, 0.100,  8
train,    225, -34.013550,   14, 0.85,    6, 0.000, 0.000, 0.100,  8
train,    226, -54.744557,   13, 0.73,    5, 0.000, 0.000, 0.100,  8
train,    227, -48.416599,   13, 0.80,    4, 0.000, 0.000, 0.100,  8
train,    228, -30.803125,   11, 0.72,    4, 0.000, 0.000, 0.100,  8
train,    229, -41.407497,   13, 0.80,    6, 0.000, 0.000, 0.100,  8
val,      229, -1.289379, 0.5175,  13.6580,   7.7240, 0.4571,  20.4909
train,    230, -54.109815,   12, 0.71,    4, 0.000, 0.000, 0.100,  8
train,    231, -47.433610,   12, 0.68,    6, 0.000, 0.000, 0.100,  8
train,    232, -32.112558,   14, 0.74,    5, 0.000, 0.000, 0.100,  8
train,    233, -27.580882,   12, 0.84,    5, 0.000, 0.000, 0.100,  8
train,    234, -24.628508,   14, 0.71,    4, 0.000, 0.000, 0.100,  8
train,    235, -36.058072,   14, 0.72,    6, 0.000, 0.000, 0.100,  8
train,    236, -33.275224,   11, 0.80,    3, 0.000, 0.000, 0.100,  8
train,    237, -16.784447,   13, 0.74,    5, 0.000, 0.000, 0.100,  8
train,    238, -26.462894,   13, 0.79,    4, 0.000, 0.000, 0.100,  8
train,    239, 5.209937,   13, 0.74,    6, 0.000, 0.000, 0.100,  8
val,      239, -3.367278, 0.4744,  14.1521,   7.8540, 0.4611,  20.5147
train,    240, -16.520582,   12, 0.64,    4, 0.000, 0.000, 0.100,  8
train,    241, -8.644718,   11, 0.77,    5, 0.000, 0.000, 0.100,  8
train,    242, -22.318746,   13, 0.67,    5, 0.000, 0.000, 0.100,  8
train,    243, 1.453189,   11, 0.76,    5, 0.000, 0.000, 0.100,  8
train,    244, -3.744550,   14, 0.74,    4, 0.000, 0.000, 0.100,  8
train,    245, 7.906114,   10, 0.78,    6, 0.000, 0.000, 0.100,  8
train,    246, -10.449570,   11, 0.74,    5, 0.000, 0.000, 0.100,  8
train,    247, -3.676969,   10, 0.77,    4, 0.000, 0.000, 0.100,  8
train,    248, -14.553245,   14, 0.78,    5, 0.000, 0.000, 0.100,  8
train,    249, 10.271244,   14, 0.75,    5, 0.000, 0.000, 0.100,  8
val,      249, -9.056592, 0.4834,  13.4487,   7.4950, 0.4702,  20.4876
train,    250, -12.112322,   12, 0.71,    4, 0.000, 0.000, 0.100,  8
train,    251, 1.898839,   11, 0.71,    3, 0.000, 0.000, 0.100,  8
train,    252, 1.438567,   13, 0.71,    4, 0.000, 0.000, 0.100,  8
update,   252,    7,  519, -15.558541, 0.000000
train,    253, -18.414197,   14, 0.80,    5, 0.000, 0.000, 0.100,  8
train,    254, -8.534739,   12, 0.68,    4, 0.000, 0.000, 0.100,  8
train,    255, 0.729875,   11, 0.72,    3, 0.000, 0.000, 0.100,  8
train,    256, -21.916522,   11, 0.73,    5, 0.000, 0.000, 0.100,  8
train,    257, -24.783525,   14, 0.71,    5, 0.000, 0.000, 0.100,  8
train,    258, -32.196865,   13, 0.66,    4, 0.000, 0.000, 0.100,  8
train,    259, -9.227197,   13, 0.79,    4, 0.000, 0.000, 0.100,  8
val,      259, -8.087310, 0.4764,  13.5949,   7.4944, 0.4585,  20.3887
train,    260, -18.693206,   13, 0.66,    3, 0.000, 0.000, 0.100,  8
train,    261, -47.551984,   15, 0.72,    5, 0.000, 0.000, 0.100,  8
train,    262, -19.672181,   11, 0.69,    5, 0.000, 0.000, 0.100,  8
train,    263, -23.367007,   12, 0.68,    4, 0.000, 0.000, 0.100,  8
train,    264, -24.589126,   11, 0.74,    5, 0.000, 0.000, 0.100,  8
train,    265, -37.849796,   12, 0.71,    5, 0.000, 0.000, 0.100,  8
train,    266, -24.228871,   12, 0.71,    4, 0.000, 0.000, 0.100,  8
train,    267, -27.821002,   14, 0.69,    5, 0.000, 0.000, 0.100,  8
train,    268, -29.320472,   13, 0.68,    5, 0.000, 0.000, 0.100,  8
train,    269, -34.403092,   12, 0.72,    4, 0.000, 0.000, 0.100,  8
val,      269, -4.769698, 0.4263,  13.6581,   7.6758, 0.5301,  20.5631
train,    270, -27.358477,   13, 0.70,    4, 0.000, 0.000, 0.100,  8
train,    271, -30.107582,   12, 0.68,    4, 0.000, 0.000, 0.100,  8
train,    272, -26.602409,   13, 0.69,    6, 0.000, 0.000, 0.100,  8
train,    273, -40.353958,   13, 0.67,    5, 0.000, 0.000, 0.100,  8
train,    274, -45.953261,   13, 0.65,    3, 0.000, 0.000, 0.100,  8
train,    275, -19.973438,   12, 0.71,    7, 0.000, 0.000, 0.100,  8
train,    276, -20.334143,   13, 0.70,    5, 0.000, 0.000, 0.100,  8
train,    277, -36.895027,   12, 0.67,    5, 0.000, 0.000, 0.100,  8
train,    278, -31.126573,   12, 0.76,    6, 0.000, 0.000, 0.100,  8
train,    279, -15.734618,   13, 0.69,    7, 0.000, 0.000, 0.100,  8
val,      279, 0.624227, 0.4545,  14.3302,   7.9103, 0.4986,  20.5436
train,    280, 3.443238,   13, 0.69,    6, 0.000, 0.000, 0.100,  8
train,    281, -16.431891,   12, 0.77,    4, 0.000, 0.000, 0.100,  8
train,    282, -16.574855,   12, 0.70,    5, 0.000, 0.000, 0.100,  8
train,    283, -14.729258,   14, 0.69,    4, 0.000, 0.000, 0.100,  8
train,    284, -23.049645,   12, 0.72,    5, 0.000, 0.000, 0.100,  8
train,    285, -22.376496,   15, 0.69,    7, 0.000, 0.000, 0.100,  8
train,    286, -13.884156,   14, 0.66,    5, 0.000, 0.000, 0.100,  8
train,    287, -9.602942,   12, 0.60,    6, 0.000, 0.000, 0.100,  8
train,    288, -6.207994,   11, 0.72,    6, 0.000, 0.000, 0.100,  8
update,   288,    8,  511, -14.558294, 0.000000
train,    289, -2.143781,   11, 0.65,    7, 0.000, 0.000, 0.100,  8
val,      289, 7.704749, 0.4592,  14.0211,   7.5888, 0.4304,  20.6603
train,    290, -20.270937,   14, 0.72,    5, 0.000, 0.000, 0.100,  8
train,    291, -20.639396,   12, 0.66,    6, 0.000, 0.000, 0.100,  8
train,    292, -1.799464,   13, 0.72,    6, 0.000, 0.000, 0.100,  8
train,    293, -12.132412,   13, 0.72,    7, 0.000, 0.000, 0.100,  8
train,    294, -2.131149,   13, 0.66,    7, 0.000, 0.000, 0.100,  8
train,    295, -8.714490,   11, 0.67,    5, 0.000, 0.000, 0.100,  8
train,    296, 7.120599,   13, 0.63,    7, 0.000, 0.000, 0.100,  8
train,    297, 5.709651,   12, 0.65,    6, 0.000, 0.000, 0.100,  8
train,    298, -18.292070,   13, 0.71,    7, 0.000, 0.000, 0.100,  8
train,    299, -16.194942,   12, 0.69,    6, 0.000, 0.000, 0.100,  8
val,      299, 5.725749, 0.4214,  13.7004,   7.3769, 0.5189,  20.6001
train,    300, -11.846877,   12, 0.74,    6, 0.000, 0.000, 0.100,  8
train,    301, -10.648495,   12, 0.73,    7, 0.000, 0.000, 0.100,  8
train,    302, 1.066511,   13, 0.64,    6, 0.000, 0.000, 0.100,  8
train,    303, -18.816288,   13, 0.69,    7, 0.000, 0.000, 0.100,  8
train,    304, -11.653593,   13, 0.71,   10, 0.000, 0.000, 0.100,  8
train,    305, -21.282720,   11, 0.67,    6, 0.000, 0.000, 0.100,  8
train,    306, -27.693808,   14, 0.72,    8, 0.000, 0.000, 0.100,  8
train,    307, -15.366162,   13, 0.67,    9, 0.000, 0.000, 0.100,  8
train,    308, -11.934991,   13, 0.72,    6, 0.000, 0.000, 0.100,  8
train,    309, -26.971239,   10, 0.66,    7, 0.000, 0.000, 0.100,  8
val,      309, 11.469351, 0.4452,  14.1845,   7.4171, 0.4540,  20.5292
train,    310, -48.391150,   13, 0.69,    8, 0.000, 0.000, 0.100,  8
train,    311, -24.525390,   13, 0.70,    8, 0.000, 0.000, 0.100,  8
train,    312, -37.376421,   13, 0.61,    6, 0.000, 0.000, 0.100,  8
train,    313, -29.796503,   12, 0.70,    7, 0.000, 0.000, 0.100,  8
train,    314, -42.844189,   12, 0.65,    7, 0.000, 0.000, 0.100,  8
train,    315, -37.783216,   13, 0.73,    9, 0.000, 0.000, 0.100,  8
train,    316, -35.806566,   12, 0.69,    7, 0.000, 0.000, 0.100,  8
train,    317, -23.087079,   12, 0.66,    7, 0.000, 0.000, 0.100,  8
train,    318, -44.626925,   14, 0.71,    8, 0.000, 0.000, 0.100,  8
train,    319, -47.623807,   13, 0.60,    9, 0.000, 0.000, 0.100,  8
val,      319, 12.394307, 0.4296,  13.9796,   7.7273, 0.4777,  20.6735
train,    320, -38.209702,   13, 0.61,    8, 0.000, 0.000, 0.100,  8
train,    321, -46.821943,   12, 0.68,    8, 0.000, 0.000, 0.100,  8
train,    322, -33.175167,   13, 0.66,    8, 0.000, 0.000, 0.100,  8
train,    323, -40.884828,   13, 0.72,    7, 0.000, 0.000, 0.100,  8
train,    324, -53.238249,   13, 0.66,    9, 0.000, 0.000, 0.100,  8
update,   324,    9,  517, -17.808551, 0.000000
train,    325, -30.039611,   13, 0.63,    9, 0.000, 0.000, 0.100,  8
train,    326, -21.964221,   12, 0.69,    8, 0.000, 0.000, 0.100,  8
train,    327, -34.760841,   12, 0.68,    8, 0.000, 0.000, 0.100,  8
train,    328, -17.865053,   13, 0.77,    8, 0.000, 0.000, 0.100,  8
train,    329, -21.404097,   12, 0.64,    7, 0.000, 0.000, 0.100,  8
val,      329, 8.043748, 0.4680,  13.8097,   7.6644, 0.4999,  20.6506
train,    330, -14.998850,   13, 0.65,   10, 0.000, 0.000, 0.100,  8
train,    331, 7.644109,   13, 0.67,    7, 0.000, 0.000, 0.100,  8
train,    332, -0.560955,   11, 0.61,    7, 0.000, 0.000, 0.100,  8
train,    333, -16.110741,   14, 0.64,   10, 0.000, 0.000, 0.100,  8
train,    334, 1.311798,   14, 0.69,    8, 0.000, 0.000, 0.100,  8
train,    335, -10.289999,   13, 0.73,    8, 0.000, 0.000, 0.100,  8
train,    336, -17.130837,   13, 0.69,    8, 0.000, 0.000, 0.100,  8
train,    337, -4.734043,   14, 0.69,    7, 0.000, 0.000, 0.100,  8
train,    338, 6.725042,   12, 0.67,    7, 0.000, 0.000, 0.100,  8
train,    339, 5.934512,   13, 0.76,    6, 0.000, 0.000, 0.100,  8
val,      339, 3.676301, 0.4800,  13.7996,   7.3286, 0.5216,  20.6174
train,    340, -0.269777,   14, 0.73,    8, 0.000, 0.000, 0.100,  8
train,    341, -5.504671,   13, 0.73,    7, 0.000, 0.000, 0.100,  8
train,    342, -8.379307,   12, 0.67,    7, 0.000, 0.000, 0.100,  8
train,    343, 8.037149,   12, 0.68,    7, 0.000, 0.000, 0.100,  8
train,    344, 14.418381,   15, 0.69,    7, 0.000, 0.000, 0.100,  8
train,    345, 2.559325,   12, 0.74,    7, 0.000, 0.000, 0.100,  8
train,    346, -9.955526,   14, 0.61,    6, 0.000, 0.000, 0.100,  8
train,    347, -4.649654,   13, 0.66,    6, 0.000, 0.000, 0.100,  8
train,    348, 11.769422,   14, 0.67,    6, 0.000, 0.000, 0.100,  8
train,    349, -0.268267,   13, 0.64,    7, 0.000, 0.000, 0.100,  8
val,      349, -0.338250, 0.4909,  14.2413,   7.6711, 0.5315,  20.5699
train,    350, 12.937760,   15, 0.69,    7, 0.000, 0.000, 0.100,  8
train,    351, -16.532481,   13, 0.73,    7, 0.000, 0.000, 0.100,  8
train,    352, -11.357454,   14, 0.65,    6, 0.000, 0.000, 0.100,  8
train,    353, -11.777620,   14, 0.66,    6, 0.000, 0.000, 0.100,  8
train,    354, -17.218003,   13, 0.61,    7, 0.000, 0.000, 0.100,  8
train,    355, -35.199460,   12, 0.60,    5, 0.000, 0.000, 0.100,  8
train,    356, -1.229181,   12, 0.59,    5, 0.000, 0.000, 0.100,  8
train,    357, 0.865152,   12, 0.67,    7, 0.000, 0.000, 0.100,  8
train,    358, 4.612573,   13, 0.70,    6, 0.000, 0.000, 0.100,  8
train,    359, -9.151470,   13, 0.74,    5, 0.000, 0.000, 0.100,  8
val,      359, -4.036156, 0.4475,  13.8525,   7.6217, 0.5314,  20.5545
train,    360, -35.143094,   12, 0.60,    7, 0.000, 0.000, 0.100,  8
update,   360,   10,  513, -7.364270, 0.000000
train,    361, -16.340478,   12, 0.68,    5, 0.000, 0.000, 0.100,  8
train,    362, -29.221662,   14, 0.66,    5, 0.000, 0.000, 0.100,  8
train,    363, -29.153859,   12, 0.67,    5, 0.000, 0.000, 0.100,  8
train,    364, -13.130115,   13, 0.65,    4, 0.000, 0.000, 0.100,  8
train,    365, -26.443164,   13, 0.67,    5, 0.000, 0.000, 0.100,  8
train,    366, -21.527461,   14, 0.63,    6, 0.000, 0.000, 0.100,  8
train,    367, -33.545317,   13, 0.63,    6, 0.000, 0.000, 0.100,  8
train,    368, -39.891529,   13, 0.66,    7, 0.000, 0.000, 0.100,  8
train,    369, -3.524677,   15, 0.54,    5, 0.000, 0.000, 0.100,  8
val,      369, 1.788208, 0.4381,  14.3555,   7.5598, 0.5018,  20.6518
train,    370, -24.435743,   13, 0.71,    5, 0.000, 0.000, 0.100,  8
train,    371, -9.764728,   11, 0.60,    6, 0.000, 0.000, 0.100,  8
train,    372, -17.590935,   13, 0.66,    7, 0.000, 0.000, 0.100,  8
train,    373, -17.024004,   12, 0.65,    6, 0.000, 0.000, 0.100,  8
train,    374, -9.884201,   12, 0.65,    6, 0.000, 0.000, 0.100,  8
train,    375, -15.227378,   12, 0.61,    6, 0.000, 0.000, 0.100,  8
train,    376, -1.246886,   14, 0.64,    6, 0.000, 0.000, 0.100,  8
train,    377, -6.067166,   11, 0.57,    4, 0.000, 0.000, 0.100,  8
train,    378, -4.234752,   14, 0.68,    5, 0.000, 0.000, 0.100,  8
train,    379, -9.104979,   13, 0.62,    5, 0.000, 0.000, 0.100,  8
val,      379, 0.250719, 0.4783,  14.0046,   7.4745, 0.5325,  20.5801
train,    380, -4.458079,   14, 0.64,    5, 0.000, 0.000, 0.100,  8
train,    381, 20.304331,   12, 0.66,    6, 0.000, 0.000, 0.100,  8
train,    382, -0.754959,   12, 0.73,    4, 0.000, 0.000, 0.100,  8
train,    383, 8.319998,   13, 0.59,    3, 0.000, 0.000, 0.100,  8
train,    384, 11.369455,   15, 0.67,    4, 0.000, 0.000, 0.100,  8
train,    385, 16.836046,   12, 0.66,    3, 0.000, 0.000, 0.100,  8
train,    386, 18.409934,   13, 0.67,    4, 0.000, 0.000, 0.100,  8
train,    387, 10.675507,   12, 0.59,    4, 0.000, 0.000, 0.100,  8
train,    388, 20.199914,   13, 0.65,    6, 0.000, 0.000, 0.100,  8
train,    389, 14.892263,   12, 0.68,    6, 0.000, 0.000, 0.100,  8
val,      389, 11.189089, 0.4198,  14.6456,   7.7403, 0.5160,  20.5105
train,    390, 21.286541,   15, 0.66,    3, 0.000, 0.000, 0.100,  8
train,    391, 23.145824,   15, 0.61,    3, 0.000, 0.000, 0.100,  8
train,    392, 1.274171,   15, 0.64,    4, 0.000, 0.000, 0.100,  8
train,    393, -14.227153,   14, 0.65,    5, 0.000, 0.000, 0.100,  8
train,    394, -8.724746,   14, 0.66,    4, 0.000, 0.000, 0.100,  8
train,    395, -16.603308,   12, 0.77,    4, 0.000, 0.000, 0.100,  8
train,    396, -2.813925,   15, 0.65,    5, 0.000, 0.000, 0.100,  8
update,   396,   11,  538, -12.653209, 0.000000
train,    397, -1.025459,   14, 0.67,    5, 0.000, 0.000, 0.100,  8
train,    398, -9.074630,   14, 0.63,    5, 0.000, 0.000, 0.100,  8
train,    399, -4.455034,   14, 0.68,    4, 0.000, 0.000, 0.100,  8
val,      399, 6.594053, 0.4584,  14.5794,   7.5352, 0.5063,  20.5932
train,    400, -15.351082,   14, 0.59,    4, 0.000, 0.000, 0.100,  8
train,    401, -25.062258,   13, 0.63,    3, 0.000, 0.000, 0.100,  8
train,    402, -24.762521,   14, 0.60,    4, 0.000, 0.000, 0.100,  8
train,    403, -2.276327,   13, 0.57,    5, 0.000, 0.000, 0.100,  8
train,    404, -24.119885,   12, 0.60,    6, 0.000, 0.000, 0.100,  8
train,    405, -13.178398,   15, 0.60,    3, 0.000, 0.000, 0.100,  8
train,    406, -34.483926,   13, 0.59,    5, 0.000, 0.000, 0.100,  8
train,    407, -37.775717,   12, 0.70,    4, 0.000, 0.000, 0.100,  8
train,    408, -24.917782,   15, 0.64,    4, 0.000, 0.000, 0.100,  8
train,    409, -26.226649,   12, 0.56,    4, 0.000, 0.000, 0.100,  8
val,      409, 3.794210, 0.5059,  14.4109,   7.2481, 0.5544,  20.5685
train,    410, -20.471472,   14, 0.69,    6, 0.000, 0.000, 0.100,  8
train,    411, -18.653790,   13, 0.60,    5, 0.000, 0.000, 0.100,  8
train,    412, -37.942377,   14, 0.68,    4, 0.000, 0.000, 0.100,  8
train,    413, -10.565719,   13, 0.66,    4, 0.000, 0.000, 0.100,  8
train,    414, -33.007736,   11, 0.60,    6, 0.000, 0.000, 0.100,  8
train,    415, -31.343116,   12, 0.64,    6, 0.000, 0.000, 0.100,  8
train,    416, -34.475726,   13, 0.54,    4, 0.000, 0.000, 0.100,  8
train,    417, -21.921382,   12, 0.67,    5, 0.000, 0.000, 0.100,  8
train,    418, -26.730378,   12, 0.64,    5, 0.000, 0.000, 0.100,  8
train,    419, -23.949334,   13, 0.67,    6, 0.000, 0.000, 0.100,  8
val,      419, 7.369595, 0.4358,  14.4866,   7.8636, 0.5309,  20.5577
train,    420, -28.732207,   14, 0.65,    5, 0.000, 0.000, 0.100,  8
train,    421, -26.299022,   13, 0.61,    4, 0.000, 0.000, 0.100,  8
train,    422, 2.423313,   14, 0.62,    4, 0.000, 0.000, 0.100,  8
train,    423, -3.257055,   13, 0.63,    4, 0.000, 0.000, 0.100,  8
train,    424, -23.365524,   14, 0.51,    5, 0.000, 0.000, 0.100,  8
train,    425, -9.157727,   13, 0.65,    6, 0.000, 0.000, 0.100,  8
train,    426, 12.111703,   14, 0.64,    6, 0.000, 0.000, 0.100,  8
train,    427, -2.703379,   14, 0.68,    6, 0.000, 0.000, 0.100,  8
train,    428, 1.668210,   14, 0.64,    7, 0.000, 0.000, 0.100,  8
train,    429, -10.306106,   14, 0.69,    6, 0.000, 0.000, 0.100,  8
val,      429, 7.867101, 0.4291,  14.3767,   7.3753, 0.5499,  20.5881
train,    430, 15.568589,   14, 0.58,    6, 0.000, 0.000, 0.100,  8
train,    431, 0.868253,   13, 0.62,    7, 0.000, 0.000, 0.100,  8
train,    432, 9.672898,   14, 0.62,    8, 0.000, 0.000, 0.100,  8
update,   432,   12,  521, 0.117366, 0.000000
train,    433, -6.414261,   12, 0.59,    5, 0.000, 0.000, 0.100,  8
train,    434, -1.217209,   13, 0.64,    6, 0.000, 0.000, 0.100,  8
train,    435, 21.187035,   13, 0.67,    6, 0.000, 0.000, 0.100,  8
train,    436, -6.030082,   11, 0.61,    5, 0.000, 0.000, 0.100,  8
train,    437, -1.712530,   13, 0.56,    6, 0.000, 0.000, 0.100,  8
train,    438, 12.878533,   12, 0.58,    7, 0.000, 0.000, 0.100,  8
train,    439, -22.182818,   15, 0.64,    7, 0.000, 0.000, 0.100,  8
val,      439, -2.295650, 0.3463,  14.6142,   7.3613, 0.5265,  20.5646
train,    440, 10.512057,   14, 0.59,    6, 0.000, 0.000, 0.100,  8
train,    441, 6.520004,   13, 0.64,    7, 0.000, 0.000, 0.100,  8
train,    442, 16.810720,   14, 0.62,    7, 0.000, 0.000, 0.100,  8
train,    443, 0.837133,   14, 0.62,    7, 0.000, 0.000, 0.100,  8
train,    444, -1.389746,   11, 0.65,    8, 0.000, 0.000, 0.100,  8
train,    445, -8.371114,   14, 0.74,    6, 0.000, 0.000, 0.100,  8
train,    446, -2.889505,   12, 0.56,    8, 0.000, 0.000, 0.100,  8
train,    447, 4.386823,   13, 0.60,    7, 0.000, 0.000, 0.100,  8
train,    448, -16.812373,   13, 0.61,    7, 0.000, 0.000, 0.100,  8
train,    449, 1.122302,   15, 0.62,    7, 0.000, 0.000, 0.100,  8
val,      449, 0.313833, 0.4378,  13.9297,   7.1728, 0.5721,  20.6589
train,    450, -15.327926,   14, 0.61,    8, 0.000, 0.000, 0.100,  8
train,    451, -16.556273,   13, 0.59,    9, 0.000, 0.000, 0.100,  8
train,    452, -5.836315,   14, 0.58,    7, 0.000, 0.000, 0.100,  8
train,    453, -18.441657,   14, 0.62,    8, 0.000, 0.000, 0.100,  8
train,    454, -6.897001,   14, 0.64,    7, 0.000, 0.000, 0.100,  8
train,    455, -16.976597,   13, 0.62,    6, 0.000, 0.000, 0.100,  8
train,    456, -31.117183,   12, 0.52,    9, 0.000, 0.000, 0.100,  8
train,    457, -16.879687,   13, 0.62,    7, 0.000, 0.000, 0.100,  8
train,    458, -23.810149,   13, 0.63,    8, 0.000, 0.000, 0.100,  8
train,    459, -25.850750,   14, 0.63,    9, 0.000, 0.000, 0.100,  8
val,      459, 3.956291, 0.4165,  13.9195,   7.6936, 0.5472,  20.6666
train,    460, -21.300185,   15, 0.65,    7, 0.000, 0.000, 0.100,  8
train,    461, -17.634725,   13, 0.61,    7, 0.000, 0.000, 0.100,  8
train,    462, -18.835162,   14, 0.64,    8, 0.000, 0.000, 0.100,  8
train,    463, -16.969046,   13, 0.57,    8, 0.000, 0.000, 0.100,  8
train,    464, -25.988569,   14, 0.58,    8, 0.000, 0.000, 0.100,  8
train,    465, -5.776365,   13, 0.54,    8, 0.000, 0.000, 0.100,  8
train,    466, -17.070130,   11, 0.65,    7, 0.000, 0.000, 0.100,  8
train,    467, -8.396711,   13, 0.60,    9, 0.000, 0.000, 0.100,  8
train,    468, -9.993293,   14, 0.66,    8, 0.000, 0.000, 0.100,  8
update,   468,   13,  501, 1.621091, 0.000000
train,    469, -7.298747,   13, 0.59,    9, 0.000, 0.000, 0.100,  8
val,      469, 5.981696, 0.4479,  14.8607,   6.9247, 0.5816,  20.6624
train,    470, -2.366524,   14, 0.53,    9, 0.000, 0.000, 0.100,  8
train,    471, -4.430765,   13, 0.58,    7, 0.000, 0.000, 0.100,  8
train,    472, 0.237833,   14, 0.66,    5, 0.000, 0.000, 0.100,  8
train,    473, 17.976200,   13, 0.61,    8, 0.000, 0.000, 0.100,  8
train,    474, 3.585358,   13, 0.58,    8, 0.000, 0.000, 0.100,  8
train,    475, 2.605464,   14, 0.56,    8, 0.000, 0.000, 0.100,  8
train,    476, 15.042761,   14, 0.55,    8, 0.000, 0.000, 0.100,  8
train,    477, 26.773894,   14, 0.64,    8, 0.000, 0.000, 0.100,  8
train,    478, 23.439593,   14, 0.59,    8, 0.000, 0.000, 0.100,  8
train,    479, 13.804447,   13, 0.58,    8, 0.000, 0.000, 0.100,  8
val,      479, 12.858039, 0.4204,  14.5018,   7.6154, 0.6511,  20.6320
train,    480, 14.639241,   15, 0.62,    6, 0.000, 0.000, 0.100,  8
train,    481, 11.468074,   13, 0.54,    8, 0.000, 0.000, 0.100,  8
train,    482, 27.953788,   12, 0.59,    9, 0.000, 0.000, 0.100,  8
train,    483, -2.218611,   12, 0.67,    7, 0.000, 0.000, 0.100,  8
train,    484, 20.469368,   14, 0.63,    7, 0.000, 0.000, 0.100,  8
train,    485, 18.219232,   15, 0.60,    8, 0.000, 0.000, 0.100,  8
train,    486, 18.029978,   14, 0.53,    8, 0.000, 0.000, 0.100,  8
train,    487, 27.038704,   14, 0.51,    6, 0.000, 0.000, 0.100,  8
train,    488, 27.427770,   12, 0.69,    7, 0.000, 0.000, 0.100,  8
train,    489, 19.126464,   14, 0.64,    7, 0.000, 0.000, 0.100,  8
val,      489, 13.433025, 0.3720,  14.6897,   7.3894, 0.5384,  20.6493
train,    490, 22.510956,   13, 0.66,    8, 0.000, 0.000, 0.100,  8
train,    491, 13.465451,   15, 0.56,    6, 0.000, 0.000, 0.100,  8
train,    492, 7.136143,   12, 0.56,    7, 0.000, 0.000, 0.100,  8
train,    493, 5.396099,   13, 0.55,    6, 0.000, 0.000, 0.100,  8
train,    494, -6.353444,   13, 0.60,    7, 0.000, 0.000, 0.100,  8
train,    495, 21.059489,   14, 0.60,    7, 0.000, 0.000, 0.100,  8
train,    496, 13.953994,   13, 0.57,    8, 0.000, 0.000, 0.100,  8
train,    497, -0.666868,   14, 0.59,    6, 0.000, 0.000, 0.100,  8
train,    498, -10.478978,   14, 0.55,    6, 0.000, 0.000, 0.100,  8
train,    499, -24.203793,   13, 0.52,    6, 0.000, 0.000, 0.100,  8
val,      499, 17.963500, 0.3506,  14.1841,   7.9055, 0.5939,  20.5921
train,    500, 5.992496,   13, 0.59,    7, 0.000, 0.000, 0.100,  8
train,    501, -17.108765,   14, 0.59,    9, 0.000, 0.000, 0.100,  8
train,    502, -3.786242,   12, 0.63,    7, 0.000, 0.000, 0.100,  8
train,    503, -1.589653,   11, 0.55,    5, 0.000, 0.000, 0.100,  8
train,    504, -25.429424,   13, 0.57,    4, 0.000, 0.000, 0.100,  8
update,   504,   14,  519, -4.719659, 0.000000
train,    505, -32.221150,   13, 0.55,    5, 0.000, 0.000, 0.100,  8
train,    506, -10.103760,   12, 0.61,    5, 0.000, 0.000, 0.100,  8
train,    507, -31.361455,   13, 0.58,    5, 0.000, 0.000, 0.100,  8
train,    508, -27.930821,   13, 0.59,    7, 0.000, 0.000, 0.100,  8
train,    509, -27.636079,   13, 0.63,    5, 0.000, 0.000, 0.100,  8
val,      509, 13.401031, 0.3739,  14.4240,   7.4442, 0.6490,  20.5803
train,    510, -5.487935,   13, 0.54,    5, 0.000, 0.000, 0.100,  8
train,    511, -18.936035,   13, 0.53,    4, 0.000, 0.000, 0.100,  8
train,    512, -13.393106,   12, 0.57,    5, 0.000, 0.000, 0.100,  8
train,    513, -19.097494,   16, 0.55,    5, 0.000, 0.000, 0.100,  8
train,    514, -1.568726,   15, 0.53,    5, 0.000, 0.000, 0.100,  8
train,    515, -10.142689,   13, 0.53,    6, 0.000, 0.000, 0.100,  8
train,    516, -12.544941,   16, 0.58,    5, 0.000, 0.000, 0.100,  8
train,    517, 6.432686,   13, 0.57,    4, 0.000, 0.000, 0.100,  8
train,    518, -19.082959,   13, 0.55,    5, 0.000, 0.000, 0.100,  8
train,    519, 4.532249,   16, 0.53,    5, 0.000, 0.000, 0.100,  8
val,      519, 14.504343, 0.3997,  14.5437,   7.6494, 0.6088,  20.6757
train,    520, -7.860700,   14, 0.60,    4, 0.000, 0.000, 0.100,  8
train,    521, 8.859832,   13, 0.58,    5, 0.000, 0.000, 0.100,  8
train,    522, -9.212323,   12, 0.60,    5, 0.000, 0.000, 0.100,  8
train,    523, -0.651934,   13, 0.62,    6, 0.000, 0.000, 0.100,  8
train,    524, 11.262647,   15, 0.65,    6, 0.000, 0.000, 0.100,  8
train,    525, -2.317623,   14, 0.51,    5, 0.000, 0.000, 0.100,  8
train,    526, 3.245298,   14, 0.55,    4, 0.000, 0.000, 0.100,  8
train,    527, 6.703494,   14, 0.49,    4, 0.000, 0.000, 0.100,  8
train,    528, 24.097076,   15, 0.60,    3, 0.000, 0.000, 0.100,  8
train,    529, 18.125699,   13, 0.61,    6, 0.000, 0.000, 0.100,  8
val,      529, 12.530420, 0.3830,  14.7896,   7.5201, 0.5736,  20.6402
train,    530, 10.120695,   14, 0.54,    4, 0.000, 0.000, 0.100,  8
train,    531, 25.497885,   15, 0.60,    6, 0.000, 0.000, 0.100,  8
train,    532, -4.340977,   14, 0.56,    4, 0.000, 0.000, 0.100,  8
train,    533, 9.997418,   14, 0.54,    4, 0.000, 0.000, 0.100,  8
train,    534, 17.998962,   15, 0.50,    5, 0.000, 0.000, 0.100,  8
train,    535, 7.662468,   14, 0.61,    3, 0.000, 0.000, 0.100,  8
train,    536, 8.719246,   13, 0.60,    5, 0.000, 0.000, 0.100,  8
train,    537, 4.886900,   15, 0.55,    3, 0.000, 0.000, 0.100,  8
train,    538, 13.504467,   13, 0.60,    6, 0.000, 0.000, 0.100,  8
train,    539, 3.588670,   14, 0.55,    4, 0.000, 0.000, 0.100,  8
val,      539, 15.976749, 0.3586,  14.4755,   7.4530, 0.5737,  20.5745
train,    540, -30.851122,   13, 0.55,    5, 0.000, 0.000, 0.100,  8
update,   540,   15,  505, -3.174263, 0.000000
train,    541, -13.994425,   15, 0.64,    4, 0.000, 0.000, 0.100,  8
train,    542, -22.908999,   14, 0.56,    3, 0.000, 0.000, 0.100,  8
train,    543, -11.332267,   15, 0.55,    4, 0.000, 0.000, 0.100,  8
train,    544, -25.329982,   14, 0.56,    6, 0.000, 0.000, 0.100,  8
train,    545, -7.007668,   14, 0.60,    4, 0.000, 0.000, 0.100,  8
train,    546, -25.705645,   17, 0.57,    4, 0.000, 0.000, 0.100,  8
train,    547, -10.116051,   15, 0.57,    4, 0.000, 0.000, 0.100,  8
train,    548, -10.452648,   13, 0.53,    5, 0.000, 0.000, 0.100,  8
train,    549, -12.934140,   14, 0.56,    4, 0.000, 0.000, 0.100,  8
val,      549, 8.239853, 0.3628,  14.6868,   7.5924, 0.5913,  20.7159
train,    550, -31.593008,   14, 0.64,    3, 0.000, 0.000, 0.100,  8
train,    551, -28.563970,   16, 0.55,    5, 0.000, 0.000, 0.100,  8
train,    552, -28.072641,   13, 0.60,    4, 0.000, 0.000, 0.100,  8
train,    553, 2.548000,   15, 0.58,    6, 0.000, 0.000, 0.100,  8
train,    554, -5.737391,   15, 0.58,    6, 0.000, 0.000, 0.100,  8
train,    555, -24.069833,   13, 0.57,    5, 0.000, 0.000, 0.100,  8
train,    556, -6.527324,   14, 0.60,    4, 0.000, 0.000, 0.100,  8
train,    557, -23.180585,   14, 0.60,    5, 0.000, 0.000, 0.100,  8
train,    558, -15.299653,   13, 0.50,    4, 0.000, 0.000, 0.100,  8
train,    559, -8.339338,   13, 0.59,    4, 0.000, 0.000, 0.100,  8
val,      559, 14.832677, 0.3778,  14.3258,   7.4181, 0.5397,  20.5992
train,    560, -8.087683,   12, 0.54,    4, 0.000, 0.000, 0.100,  8
train,    561, -8.522652,   15, 0.60,    5, 0.000, 0.000, 0.100,  8
train,    562, 4.508475,   15, 0.62,    5, 0.000, 0.000, 0.100,  8
train,    563, 5.958987,   12, 0.60,    5, 0.000, 0.000, 0.100,  8
train,    564, 5.167980,   14, 0.45,    4, 0.000, 0.000, 0.100,  8
train,    565, 2.119262,   15, 0.55,    5, 0.000, 0.000, 0.100,  8
train,    566, 8.288537,   15, 0.60,    5, 0.000, 0.000, 0.100,  8
train,    567, 33.131708,   15, 0.51,    4, 0.000, 0.000, 0.100,  8
train,    568, 0.214005,   15, 0.58,    5, 0.000, 0.000, 0.100,  8
train,    569, -4.580979,   12, 0.52,    5, 0.000, 0.000, 0.100,  8
val,      569, 9.242288, 0.3702,  14.6404,   7.4047, 0.6065,  20.5867
train,    570, 6.325731,   14, 0.57,    5, 0.000, 0.000, 0.100,  8
train,    571, 5.523377,   14, 0.55,    5, 0.000, 0.000, 0.100,  8
train,    572, 17.396163,   15, 0.51,    6, 0.000, 0.000, 0.100,  8
train,    573, 8.416452,   13, 0.57,    5, 0.000, 0.000, 0.100,  8
train,    574, 20.227468,   15, 0.54,    6, 0.000, 0.000, 0.100,  8
train,    575, 47.000000,   14, 0.54,    8, 0.000, 0.000, 0.100,  8
train,    576, 24.379946,   15, 0.63,    5, 0.000, 0.000, 0.100,  8
update,   576,   16,  526, 6.182959, 0.000000
train,    577, 25.663050,   13, 0.48,    7, 0.000, 0.000, 0.100,  8
train,    578, 15.599449,   14, 0.52,    6, 0.000, 0.000, 0.100,  8
train,    579, 10.060733,   13, 0.55,    5, 0.000, 0.000, 0.100,  8
val,      579, 21.063622, 0.3384,  15.3307,   7.5121, 0.5758,  20.5601
train,    580, 38.810861,   13, 0.50,    6, 0.000, 0.000, 0.100,  8
train,    581, 12.119330,   13, 0.49,    6, 0.000, 0.000, 0.100,  8
train,    582, 23.664634,   14, 0.45,    7, 0.000, 0.000, 0.100,  8
train,    583, 23.325028,   15, 0.63,    7, 0.000, 0.000, 0.100,  8
train,    584, 18.485417,   16, 0.56,    6, 0.000, 0.000, 0.100,  8
train,    585, 33.003614,   15, 0.56,    7, 0.000, 0.000, 0.100,  8
train,    586, 17.044512,   13, 0.62,    6, 0.000, 0.000, 0.100,  8
train,    587, 34.461859,   15, 0.58,    8, 0.000, 0.000, 0.100,  8
train,    588, 14.447230,   13, 0.60,    8, 0.000, 0.000, 0.100,  8
train,    589, -2.944047,   14, 0.54,    6, 0.000, 0.000, 0.100,  8
val,      589, 20.385351, 0.3421,  14.9608,   7.4661, 0.6546,  20.6109
train,    590, 15.139105,   14, 0.56,    8, 0.000, 0.000, 0.100,  8
train,    591, -7.993796,   14, 0.48,    5, 0.000, 0.000, 0.100,  8
train,    592, 14.295899,   15, 0.52,    8, 0.000, 0.000, 0.100,  8
train,    593, -5.446901,   13, 0.53,    8, 0.000, 0.000, 0.100,  8
train,    594, 12.477515,   15, 0.50,    8, 0.000, 0.000, 0.100,  8
train,    595, -6.341016,   14, 0.55,    7, 0.000, 0.000, 0.100,  8
train,    596, 4.584298,   15, 0.56,    8, 0.000, 0.000, 0.100,  8
train,    597, 3.511910,   15, 0.60,    7, 0.000, 0.000, 0.100,  8
train,    598, -6.131564,   15, 0.49,    8, 0.000, 0.000, 0.100,  8
train,    599, 8.824926,   14, 0.57,    7, 0.000, 0.000, 0.100,  8
val,      599, 15.209005, 0.3941,  14.8958,   7.8484, 0.5243,  20.6736
train,    600, -1.501775,   13, 0.53,    8, 0.000, 0.000, 0.100,  8
train,    601, 9.995305,   14, 0.56,    8, 0.000, 0.000, 0.100,  8
train,    602, 5.150271,   15, 0.50,    7, 0.000, 0.000, 0.100,  8
train,    603, 5.654795,   15, 0.55,    7, 0.000, 0.000, 0.100,  8
train,    604, 2.724782,   15, 0.57,    7, 0.000, 0.000, 0.100,  8
train,    605, -19.042626,   14, 0.58,    8, 0.000, 0.000, 0.100,  8
train,    606, 3.193230,   13, 0.60,    7, 0.000, 0.000, 0.100,  8
train,    607, 1.755770,   16, 0.57,    7, 0.000, 0.000, 0.100,  8
train,    608, 0.403003,   15, 0.53,    7, 0.000, 0.000, 0.100,  8
train,    609, 13.059968,   12, 0.52,    9, 0.000, 0.000, 0.100,  8
val,      609, 15.504532, 0.3738,  14.8313,   7.7356, 0.6221,  20.6753
train,    610, 9.966383,   15, 0.48,    7, 0.000, 0.000, 0.100,  8
train,    611, 23.180054,   13, 0.50,    8, 0.000, 0.000, 0.100,  8
train,    612, 26.391877,   14, 0.44,    9, 0.000, 0.000, 0.100,  8
update,   612,   17,  543, 2.825146, 0.000000
train,    613, 1.908574,   14, 0.63,    8, 0.000, 0.000, 0.100,  8
train,    614, 1.485431,   14, 0.53,    6, 0.000, 0.000, 0.100,  8
train,    615, 21.079959,   14, 0.56,    8, 0.000, 0.000, 0.100,  8
train,    616, 3.111916,   14, 0.57,    6, 0.000, 0.000, 0.100,  8
train,    617, 5.666093,   15, 0.55,    8, 0.000, 0.000, 0.100,  8
train,    618, 1.451125,   14, 0.56,    9, 0.000, 0.000, 0.100,  8
train,    619, 19.461210,   13, 0.57,    8, 0.000, 0.000, 0.100,  8
val,      619, 15.202211, 0.3734,  14.8392,   7.0552, 0.5562,  20.6145
train,    620, 26.548476,   12, 0.50,    7, 0.000, 0.000, 0.100,  8
train,    621, 26.580588,   13, 0.48,    9, 0.000, 0.000, 0.100,  8
train,    622, 18.174477,   13, 0.64,    8, 0.000, 0.000, 0.100,  8
train,    623, 20.269458,   13, 0.54,    8, 0.000, 0.000, 0.100,  8
train,    624, 26.638134,   12, 0.53,    9, 0.000, 0.000, 0.100,  8
train,    625, 17.574816,   13, 0.49,    9, 0.000, 0.000, 0.100,  8
train,    626, 11.570467,   14, 0.56,    9, 0.000, 0.000, 0.100,  8
train,    627, 14.120860,   16, 0.52,    8, 0.000, 0.000, 0.100,  8
train,    628, 12.906049,   14, 0.53,    7, 0.000, 0.000, 0.100,  8
train,    629, 12.887518,   15, 0.49,    6, 0.000, 0.000, 0.100,  8
val,      629, 15.552943, 0.3778,  14.7698,   7.0922, 0.5672,  20.6540
train,    630, 7.387471,   15, 0.53,    8, 0.000, 0.000, 0.100,  8
train,    631, 7.199425,   16, 0.57,    7, 0.000, 0.000, 0.100,  8
train,    632, 9.729228,   14, 0.50,    9, 0.000, 0.000, 0.100,  8
train,    633, -0.913287,   14, 0.61,    7, 0.000, 0.000, 0.100,  8
train,    634, 5.000429,   15, 0.56,    7, 0.000, 0.000, 0.100,  8
train,    635, 17.530349,   12, 0.51,    7, 0.000, 0.000, 0.100,  8
train,    636, 0.472710,   14, 0.56,    8, 0.000, 0.000, 0.100,  8
train,    637, -1.287303,   13, 0.49,    8, 0.000, 0.000, 0.100,  8
train,    638, -0.757564,   16, 0.55,    4, 0.000, 0.000, 0.100,  8
train,    639, -10.012414,   13, 0.50,    5, 0.000, 0.000, 0.100,  8
val,      639, 5.834413, 0.3378,  15.0551,   7.4747, 0.5785,  20.6968
train,    640, -1.755063,   13, 0.49,    8, 0.000, 0.000, 0.100,  8
train,    641, -9.664711,   16, 0.52,    7, 0.000, 0.000, 0.100,  8
train,    642, 6.227672,   14, 0.56,    6, 0.000, 0.000, 0.100,  8
train,    643, -17.136443,   17, 0.53,    8, 0.000, 0.000, 0.100,  8
train,    644, -12.281642,   12, 0.50,    6, 0.000, 0.000, 0.100,  8
train,    645, -23.425815,   13, 0.52,    7, 0.000, 0.000, 0.100,  8
train,    646, -23.283311,   14, 0.55,    7, 0.000, 0.000, 0.100,  8
train,    647, -20.492081,   13, 0.53,    6, 0.000, 0.000, 0.100,  8
train,    648, -30.632147,   14, 0.51,    7, 0.000, 0.000, 0.100,  8
update,   648,   18,  525, -1.373840, 0.000000
train,    649, -15.878729,   15, 0.52,    5, 0.000, 0.000, 0.100,  8
val,      649, 7.132109, 0.3456,  14.8540,   7.3191, 0.6015,  20.5902
train,    650, -1.644709,   14, 0.53,    5, 0.000, 0.000, 0.100,  8
train,    651, -21.842460,   15, 0.52,    6, 0.000, 0.000, 0.100,  8
train,    652, -21.190543,   11, 0.51,    7, 0.000, 0.000, 0.100,  8
train,    653, -0.022160,   15, 0.50,    6, 0.000, 0.000, 0.100,  8
train,    654, -6.339049,   14, 0.59,    7, 0.000, 0.000, 0.100,  8
train,    655, -10.577634,   12, 0.51,    7, 0.000, 0.000, 0.100,  8
train,    656, -33.004971,   15, 0.56,    5, 0.000, 0.000, 0.100,  8
train,    657, -18.217558,   13, 0.53,    4, 0.000, 0.000, 0.100,  8
train,    658, -9.076187,   15, 0.52,    5, 0.000, 0.000, 0.100,  8
train,    659, -5.658406,   14, 0.57,    7, 0.000, 0.000, 0.100,  8
val,      659, 11.471003, 0.3571,  14.4652,   7.4566, 0.5805,  20.6231
train,    660, -0.437458,   14, 0.50,    4, 0.000, 0.000, 0.100,  8
train,    661, 9.215380,   16, 0.51,    6, 0.000, 0.000, 0.100,  8
train,    662, 20.608502,   15, 0.54,    4, 0.000, 0.000, 0.100,  8
train,    663, 6.779011,   15, 0.50,    5, 0.000, 0.000, 0.100,  8
train,    664, 10.421416,   15, 0.51,    5, 0.000, 0.000, 0.100,  8
train,    665, 5.400897,   13, 0.48,    6, 0.000, 0.000, 0.100,  8
train,    666, 38.746821,   16, 0.56,    5, 0.000, 0.000, 0.100,  8
train,    667, 13.530424,   14, 0.57,    5, 0.000, 0.000, 0.100,  8
train,    668, 12.430805,   15, 0.56,    5, 0.000, 0.000, 0.100,  8
train,    669, 26.928954,   15, 0.58,    5, 0.000, 0.000, 0.100,  8
val,      669, 16.170924, 0.4283,  14.6161,   7.2129, 0.6918,  20.7141
train,    670, 22.395282,   13, 0.52,    4, 0.000, 0.000, 0.100,  8
train,    671, 37.526519,   14, 0.55,    6, 0.000, 0.000, 0.100,  8
train,    672, 28.964578,   13, 0.47,    4, 0.000, 0.000, 0.100,  8
train,    673, 26.384263,   14, 0.47,    4, 0.000, 0.000, 0.100,  8
train,    674, 11.444827,   14, 0.58,    5, 0.000, 0.000, 0.100,  8
train,    675, 39.327652,   14, 0.52,    4, 0.000, 0.000, 0.100,  8
train,    676, 14.128015,   15, 0.51,    6, 0.000, 0.000, 0.100,  8
train,    677, 7.894746,   16, 0.55,    4, 0.000, 0.000, 0.100,  8
train,    678, 10.971737,   17, 0.50,    4, 0.000, 0.000, 0.100,  8
train,    679, 19.114612,   14, 0.52,    5, 0.000, 0.000, 0.100,  8
val,      679, 16.537734, 0.3421,  14.8861,   7.8842, 0.5929,  20.6665
train,    680, 20.123541,   15, 0.55,    3, 0.000, 0.000, 0.100,  8
train,    681, 10.282013,   13, 0.51,    3, 0.000, 0.000, 0.100,  8
train,    682, 13.829600,   13, 0.53,    4, 0.000, 0.000, 0.100,  8
train,    683, 15.058278,   14, 0.53,    5, 0.000, 0.000, 0.100,  8
train,    684, -0.241378,   14, 0.51,    4, 0.000, 0.000, 0.100,  8
update,   684,   19,  507, 11.841031, 0.000000
train,    685, 1.041835,   15, 0.57,    5, 0.000, 0.000, 0.100,  8
train,    686, 9.205722,   15, 0.50,    4, 0.000, 0.000, 0.100,  8
train,    687, -15.314352,   14, 0.57,    4, 0.000, 0.000, 0.100,  8
train,    688, -11.131167,   14, 0.52,    3, 0.000, 0.000, 0.100,  8
train,    689, -12.990785,   15, 0.51,    4, 0.000, 0.000, 0.100,  8
val,      689, 22.000082, 0.3398,  14.8079,   7.1445, 0.6122,  20.5522
train,    690, -17.677132,   13, 0.53,    4, 0.000, 0.000, 0.100,  8
train,    691, -14.462454,   15, 0.47,    3, 0.000, 0.000, 0.100,  8
train,    692, 8.043129,   14, 0.52,    3, 0.000, 0.000, 0.100,  8
train,    693, -12.648073,   13, 0.49,    4, 0.000, 0.000, 0.100,  8
train,    694, -19.717519,   14, 0.57,    5, 0.000, 0.000, 0.100,  8
train,    695, 0.843492,   14, 0.50,    5, 0.000, 0.000, 0.100,  8
train,    696, 12.277480,   16, 0.53,    4, 0.000, 0.000, 0.100,  8
train,    697, -3.103000,   12, 0.49,    5, 0.000, 0.000, 0.100,  8
train,    698, -4.084631,   14, 0.44,    5, 0.000, 0.000, 0.100,  8
train,    699, 3.036207,   14, 0.55,    4, 0.000, 0.000, 0.100,  8
val,      699, 17.254278, 0.3205,  14.5121,   7.3522, 0.5921,  20.6316
train,    700, 7.237417,   16, 0.47,    4, 0.000, 0.000, 0.100,  8
train,    701, 15.334075,   14, 0.51,    6, 0.000, 0.000, 0.100,  8
train,    702, 8.794073,   14, 0.56,    5, 0.000, 0.000, 0.100,  8
train,    703, 1.915614,   13, 0.52,    4, 0.000, 0.000, 0.100,  8
train,    704, 7.084678,   13, 0.50,    5, 0.000, 0.000, 0.100,  8
train,    705, 18.048696,   15, 0.48,    6, 0.000, 0.000, 0.100,  8
train,    706, 37.888348,   14, 0.51,    4, 0.000, 0.000, 0.100,  8
train,    707, 2.665160,   14, 0.45,    5, 0.000, 0.000, 0.100,  8
train,    708, 3.296124,   14, 0.48,    4, 0.000, 0.000, 0.100,  8
train,    709, 11.842855,   16, 0.51,    5, 0.000, 0.000, 0.100,  8
val,      709, 19.421293, 0.3132,  15.2943,   7.4269, 0.5741,  20.7766
train,    710, 18.702460,   16, 0.55,    6, 0.000, 0.000, 0.100,  8
train,    711, 13.806153,   13, 0.55,    5, 0.000, 0.000, 0.100,  8
train,    712, 9.512135,   13, 0.55,    6, 0.000, 0.000, 0.100,  8
train,    713, 32.730223,   13, 0.45,    4, 0.000, 0.000, 0.100,  8
train,    714, 30.036719,   16, 0.49,    5, 0.000, 0.000, 0.100,  8
train,    715, 27.056062,   16, 0.49,    5, 0.000, 0.000, 0.100,  8
train,    716, 17.795823,   16, 0.50,    5, 0.000, 0.000, 0.100,  8
train,    717, 35.934023,   14, 0.48,    5, 0.000, 0.000, 0.100,  8
train,    718, 21.040766,   14, 0.52,    8, 0.000, 0.000, 0.100,  8
train,    719, 26.651636,   15, 0.47,    6, 0.000, 0.000, 0.100,  8
val,      719, 14.072791, 0.3373,  14.7110,   7.3985, 0.6673,  20.6255
train,    720, 24.216212,   16, 0.49,    7, 0.000, 0.000, 0.100,  8
update,   720,   20,  508, 4.844808, 0.000000
train,    721, 22.402856,   14, 0.53,    7, 0.000, 0.000, 0.100,  8
train,    722, 44.503209,   15, 0.55,    5, 0.000, 0.000, 0.100,  8
train,    723, 28.936343,   14, 0.51,    7, 0.000, 0.000, 0.100,  8
train,    724, 34.835168,   15, 0.54,    5, 0.000, 0.000, 0.100,  8
train,    725, 28.118118,   16, 0.55,    6, 0.000, 0.000, 0.100,  8
train,    726, 29.816180,   15, 0.47,    5, 0.000, 0.000, 0.100,  8
train,    727, 26.910397,   15, 0.56,    5, 0.000, 0.000, 0.100,  8
train,    728, 10.624849,   16, 0.50,    7, 0.000, 0.000, 0.100,  8
train,    729, 18.303727,   15, 0.51,    9, 0.000, 0.000, 0.100,  8
val,      729, 14.350321, 0.3217,  14.8817,   7.4455, 0.6183,  20.5905
train,    730, 9.449868,   14, 0.47,    7, 0.000, 0.000, 0.100,  8
train,    731, 26.853248,   13, 0.56,    7, 0.000, 0.000, 0.100,  8
train,    732, 4.436803,   13, 0.53,    8, 0.000, 0.000, 0.100,  8
train,    733, -1.019460,   17, 0.55,    8, 0.000, 0.000, 0.100,  8
train,    734, -8.146702,   13, 0.48,    5, 0.000, 0.000, 0.100,  8
train,    735, 4.034388,   15, 0.46,    9, 0.000, 0.000, 0.100,  8
train,    736, -2.627575,   16, 0.50,    7, 0.000, 0.000, 0.100,  8
train,    737, -3.844048,   15, 0.44,    7, 0.000, 0.000, 0.100,  8
train,    738, 1.561547,   13, 0.46,    8, 0.000, 0.000, 0.100,  8
train,    739, -11.901870,   14, 0.49,    7, 0.000, 0.000, 0.100,  8
val,      739, 12.198858, 0.3081,  15.2642,   7.2690, 0.5933,  20.6491
train,    740, -28.346127,   16, 0.48,    7, 0.000, 0.000, 0.100,  8
train,    741, 6.470674,   14, 0.45,    7, 0.000, 0.000, 0.100,  8
train,    742, -0.365847,   13, 0.47,    8, 0.000, 0.000, 0.100,  8
train,    743, -12.128953,   15, 0.48,    8, 0.000, 0.000, 0.100,  8
train,    744, -14.096075,   14, 0.52,    6, 0.000, 0.000, 0.100,  8
train,    745, -0.523506,   14, 0.52,    6, 0.000, 0.000, 0.100,  8
train,    746, -13.212643,   14, 0.47,    7, 0.000, 0.000, 0.100,  8
train,    747, -15.873783,   14, 0.50,    8, 0.000, 0.000, 0.100,  8
train,    748, -7.518974,   16, 0.49,    7, 0.000, 0.000, 0.100,  8
train,    749, -0.059966,   16, 0.51,    8, 0.000, 0.000, 0.100,  8
val,      749, 16.713715, 0.3130,  15.2234,   6.8927, 0.6284,  20.7668
train,    750, -2.525198,   14, 0.55,    8, 0.000, 0.000, 0.100,  8
train,    751, 0.505759,   14, 0.49,    8, 0.000, 0.000, 0.100,  8
train,    752, 5.468287,   15, 0.52,    8, 0.000, 0.000, 0.100,  8
train,    753, 7.339271,   13, 0.46,    8, 0.000, 0.000, 0.100,  8
train,    754, 2.919617,   15, 0.54,    7, 0.000, 0.000, 0.100,  8
train,    755, 16.839551,   14, 0.50,    7, 0.000, 0.000, 0.100,  8
train,    756, 14.526121,   15, 0.54,    6, 0.000, 0.000, 0.100,  8
update,   756,   21,  526, 19.524266, 0.000000
train,    757, 21.243305,   13, 0.40,    8, 0.000, 0.000, 0.100,  8
train,    758, 25.439395,   16, 0.43,    7, 0.000, 0.000, 0.100,  8
train,    759, 13.285871,   15, 0.49,    7, 0.000, 0.000, 0.100,  8
val,      759, 15.156902, 0.3295,  14.8121,   7.5706, 0.6535,  20.6873
train,    760, 24.202497,   14, 0.45,    9, 0.000, 0.000, 0.100,  8
train,    761, 10.164301,   15, 0.46,    8, 0.000, 0.000, 0.100,  8
train,    762, 16.097255,   15, 0.45,    8, 0.000, 0.000, 0.100,  8
train,    763, 30.738896,   12, 0.52,    8, 0.000, 0.000, 0.100,  8
train,    764, 31.079873,   14, 0.50,    7, 0.000, 0.000, 0.100,  8
train,    765, 22.258635,   15, 0.51,    6, 0.000, 0.000, 0.100,  8
train,    766, 21.971727,   15, 0.45,    7, 0.000, 0.000, 0.100,  8
train,    767, 20.788642,   14, 0.54,    7, 0.000, 0.000, 0.100,  8
train,    768, 17.520861,   14, 0.45,    7, 0.000, 0.000, 0.100,  8
train,    769, 23.178804,   16, 0.47,    7, 0.000, 0.000, 0.100,  8
val,      769, 25.222574, 0.2686,  15.0102,   7.3685, 0.6625,  20.6707
train,    770, 17.816469,   14, 0.44,    9, 0.000, 0.000, 0.100,  8
train,    771, 19.241212,   16, 0.52,    7, 0.000, 0.000, 0.100,  8
train,    772, 14.538910,   14, 0.49,    7, 0.000, 0.000, 0.100,  8
train,    773, 24.256986,   16, 0.57,    8, 0.000, 0.000, 0.100,  8
train,    774, 36.308001,   16, 0.47,    6, 0.000, 0.000, 0.100,  8
train,    775, 0.181676,   15, 0.51,    8, 0.000, 0.000, 0.100,  8
train,    776, 7.963042,   15, 0.46,    7, 0.000, 0.000, 0.100,  8
train,    777, -0.343648,   13, 0.50,    7, 0.000, 0.000, 0.100,  8
train,    778, 16.355506,   16, 0.49,    7, 0.000, 0.000, 0.100,  8
train,    779, 19.870406,   16, 0.48,    8, 0.000, 0.000, 0.100,  8
val,      779, 23.879966, 0.3429,  15.0396,   6.9831, 0.6267,  20.7022
train,    780, 16.833692,   16, 0.46,    6, 0.000, 0.000, 0.100,  8
train,    781, 0.195618,   16, 0.45,    9, 0.000, 0.000, 0.100,  8
train,    782, -8.656564,   13, 0.52,    8, 0.000, 0.000, 0.100,  8
train,    783, -24.010397,   16, 0.53,    8, 0.000, 0.000, 0.100,  8
train,    784, 10.174615,   15, 0.52,    7, 0.000, 0.000, 0.100,  8
train,    785, -2.741271,   15, 0.44,    8, 0.000, 0.000, 0.100,  8
train,    786, -1.346835,   14, 0.47,    6, 0.000, 0.000, 0.100,  8
train,    787, -4.266440,   16, 0.45,    7, 0.000, 0.000, 0.100,  8
train,    788, 6.959504,   15, 0.44,    7, 0.000, 0.000, 0.100,  8
train,    789, 4.631180,   14, 0.52,    7, 0.000, 0.000, 0.100,  8
val,      789, 26.985367, 0.3082,  14.5822,   7.2728, 0.6361,  20.6283
train,    790, 3.647758,   15, 0.48,    5, 0.000, 0.000, 0.100,  8
train,    791, 4.394147,   14, 0.54,    6, 0.000, 0.000, 0.100,  8
train,    792, -5.983903,   15, 0.49,    5, 0.000, 0.000, 0.100,  8
update,   792,   22,  512, 15.959970, 0.000000
train,    793, 0.281141,   14, 0.50,    6, 0.000, 0.000, 0.100,  8
train,    794, -2.399063,   15, 0.49,    6, 0.000, 0.000, 0.100,  8
train,    795, -1.196106,   15, 0.51,    6, 0.000, 0.000, 0.100,  8
train,    796, 14.705839,   15, 0.48,    6, 0.000, 0.000, 0.100,  8
train,    797, 15.527174,   14, 0.47,    6, 0.000, 0.000, 0.100,  8
train,    798, 14.546213,   17, 0.52,    5, 0.000, 0.000, 0.100,  8
train,    799, 19.227730,   14, 0.42,    6, 0.000, 0.000, 0.100,  8
val,      799, 21.765084, 0.2987,  15.2413,   7.5591, 0.6154,  20.6346
train,    800, 0.248440,   16, 0.48,    6, 0.000, 0.000, 0.100,  8
train,    801, 24.639630,   14, 0.45,    5, 0.000, 0.000, 0.100,  8
train,    802, 22.477187,   15, 0.48,    5, 0.000, 0.000, 0.100,  8
train,    803, 21.370447,   16, 0.49,    6, 0.000, 0.000, 0.100,  8
train,    804, 16.934029,   14, 0.51,    5, 0.000, 0.000, 0.100,  8
train,    805, 35.303574,   15, 0.43,    4, 0.000, 0.000, 0.100,  8
train,    806, 30.991516,   14, 0.44,    5, 0.000, 0.000, 0.100,  8
train,    807, 17.467604,   15, 0.43,    6, 0.000, 0.000, 0.100,  8
train,    808, 25.241515,   14, 0.49,    5, 0.000, 0.000, 0.100,  8
train,    809, 40.232001,   16, 0.41,    5, 0.000, 0.000, 0.100,  8
val,      809, 20.540261, 0.3078,  15.2066,   7.7058, 0.6611,  20.6602
train,    810, 35.733641,   16, 0.56,    5, 0.000, 0.000, 0.100,  8
train,    811, 21.512408,   13, 0.44,    5, 0.000, 0.000, 0.100,  8
train,    812, 27.826921,   15, 0.45,    6, 0.000, 0.000, 0.100,  8
train,    813, 11.588549,   14, 0.45,    3, 0.000, 0.000, 0.100,  8
train,    814, 45.814851,   16, 0.46,    5, 0.000, 0.000, 0.100,  8
train,    815, 34.100426,   14, 0.49,    6, 0.000, 0.000, 0.100,  8
train,    816, 34.164957,   15, 0.48,    6, 0.000, 0.000, 0.100,  8
train,    817, 29.715295,   16, 0.55,    4, 0.000, 0.000, 0.100,  8
train,    818, 32.366781,   15, 0.51,    4, 0.000, 0.000, 0.100,  8
train,    819, 19.940663,   16, 0.50,    5, 0.000, 0.000, 0.100,  8
val,      819, 15.143875, 0.2909,  15.1073,   7.4898, 0.6482,  20.5881
train,    820, 30.021818,   15, 0.46,    5, 0.000, 0.000, 0.100,  8
train,    821, 10.849634,   15, 0.42,    6, 0.000, 0.000, 0.100,  8
train,    822, 24.495055,   13, 0.48,    3, 0.000, 0.000, 0.100,  8
train,    823, 11.593467,   16, 0.53,    5, 0.000, 0.000, 0.100,  8
train,    824, 27.265558,   17, 0.44,    5, 0.000, 0.000, 0.100,  8
train,    825, 21.910918,   15, 0.53,    4, 0.000, 0.000, 0.100,  8
train,    826, 23.361006,   13, 0.46,    4, 0.000, 0.000, 0.100,  8
train,    827, 17.214166,   15, 0.45,    5, 0.000, 0.000, 0.100,  8
train,    828, 8.747497,   15, 0.47,    5, 0.000, 0.000, 0.100,  8
update,   828,   23,  517, 12.024240, 0.000000
train,    829, 10.994676,   13, 0.44,    5, 0.000, 0.000, 0.100,  8
val,      829, 14.413613, 0.2598,  15.3178,   7.3808, 0.6799,  20.6524
train,    830, 15.161022,   14, 0.50,    4, 0.000, 0.000, 0.100,  8
train,    831, 2.105139,   14, 0.54,    3, 0.000, 0.000, 0.100,  8
train,    832, -5.111425,   14, 0.47,    4, 0.000, 0.000, 0.100,  8
train,    833, 11.645537,   15, 0.48,    3, 0.000, 0.000, 0.100,  8
train,    834, 11.323456,   15, 0.44,    5, 0.000, 0.000, 0.100,  8
train,    835, 9.270445,   15, 0.44,    3, 0.000, 0.000, 0.100,  8
train,    836, -13.430695,   15, 0.46,    4, 0.000, 0.000, 0.100,  8
train,    837, -0.309505,   15, 0.50,    7, 0.000, 0.000, 0.100,  8
train,    838, -6.011578,   14, 0.46,    4, 0.000, 0.000, 0.100,  8
train,    839, 6.207216,   14, 0.46,    6, 0.000, 0.000, 0.100,  8
val,      839, 18.199002, 0.2987,  15.4825,   7.1341, 0.6885,  20.6487
train,    840, 20.282555,   15, 0.44,    5, 0.000, 0.000, 0.100,  8
train,    841, 14.249011,   15, 0.50,    4, 0.000, 0.000, 0.100,  8
train,    842, 6.354902,   17, 0.53,    4, 0.000, 0.000, 0.100,  8
train,    843, 2.557811,   15, 0.55,    4, 0.000, 0.000, 0.100,  8
train,    844, 9.955500,   15, 0.44,    6, 0.000, 0.000, 0.100,  8
train,    845, 9.610921,   15, 0.44,    7, 0.000, 0.000, 0.100,  8
train,    846, 2.000957,   14, 0.45,    5, 0.000, 0.000, 0.100,  8
train,    847, 6.055539,   16, 0.49,    5, 0.000, 0.000, 0.100,  8
train,    848, 13.979151,   16, 0.50,    6, 0.000, 0.000, 0.100,  8
train,    849, 16.961989,   15, 0.58,    5, 0.000, 0.000, 0.100,  8
val,      849, 17.447665, 0.2972,  15.7496,   7.3496, 0.6278,  20.7413
train,    850, 11.871743,   16, 0.45,    5, 0.000, 0.000, 0.100,  8
train,    851, 19.537808,   16, 0.44,    6, 0.000, 0.000, 0.100,  8
train,    852, 16.127215,   13, 0.48,    4, 0.000, 0.000, 0.100,  8
train,    853, 21.476575,   15, 0.54,    4, 0.000, 0.000, 0.100,  8
train,    854, 17.395686,   14, 0.48,    4, 0.000, 0.000, 0.100,  8
train,    855, 31.409519,   15, 0.44,    5, 0.000, 0.000, 0.100,  8
train,    856, 6.730214,   13, 0.49,    5, 0.000, 0.000, 0.100,  8
train,    857, 15.582150,   13, 0.49,    6, 0.000, 0.000, 0.100,  8
train,    858, 26.787107,   15, 0.52,    6, 0.000, 0.000, 0.100,  8
train,    859, 18.780245,   14, 0.47,    5, 0.000, 0.000, 0.100,  8
val,      859, 24.095425, 0.3383,  15.1885,   7.5120, 0.6367,  20.5983
train,    860, 27.011484,   15, 0.43,    5, 0.000, 0.000, 0.100,  8
train,    861, 31.503608,   15, 0.46,    4, 0.000, 0.000, 0.100,  8
train,    862, 18.187641,   14, 0.40,    6, 0.000, 0.000, 0.100,  8
train,    863, 20.824403,   17, 0.46,    5, 0.000, 0.000, 0.100,  8
train,    864, 24.030271,   15, 0.44,    8, 0.000, 0.000, 0.100,  8
update,   864,   24,  537, 17.256657, 0.000000
train,    865, 17.889780,   15, 0.47,    6, 0.000, 0.000, 0.100,  8
train,    866, 19.513002,   12, 0.37,    7, 0.000, 0.000, 0.100,  8
train,    867, 29.107694,   15, 0.51,    6, 0.000, 0.000, 0.100,  8
train,    868, 25.402221,   14, 0.40,    6, 0.000, 0.000, 0.100,  8
train,    869, 14.590649,   16, 0.48,    7, 0.000, 0.000, 0.100,  8
val,      869, 22.780399, 0.3624,  15.3638,   7.6157, 0.6230,  20.7618
train,    870, 19.334107,   16, 0.47,    6, 0.000, 0.000, 0.100,  8
train,    871, 5.530898,   15, 0.46,    6, 0.000, 0.000, 0.100,  8
train,    872, 18.070158,   16, 0.44,    7, 0.000, 0.000, 0.100,  8
train,    873, 21.815049,   16, 0.38,    6, 0.000, 0.000, 0.100,  8
train,    874, -10.549581,   14, 0.46,    8, 0.000, 0.000, 0.100,  8
train,    875, 9.666090,   15, 0.47,    8, 0.000, 0.000, 0.100,  8
train,    876, -2.363834,   15, 0.41,    7, 0.000, 0.000, 0.100,  8
train,    877, 2.564829,   14, 0.39,    5, 0.000, 0.000, 0.100,  8
train,    878, 5.473557,   16, 0.52,    6, 0.000, 0.000, 0.100,  8
train,    879, 0.010165,   17, 0.38,    7, 0.000, 0.000, 0.100,  8
val,      879, 21.486060, 0.3254,  15.1990,   7.3390, 0.6567,  20.5991
train,    880, -6.581036,   16, 0.47,    7, 0.000, 0.000, 0.100,  8
train,    881, -13.070981,   13, 0.44,    8, 0.000, 0.000, 0.100,  8
train,    882, -12.830415,   15, 0.49,    6, 0.000, 0.000, 0.100,  8
train,    883, -6.417068,   13, 0.41,    8, 0.000, 0.000, 0.100,  8
train,    884, 5.155589,   15, 0.49,    7, 0.000, 0.000, 0.100,  8
train,    885, -4.440322,   17, 0.53,    8, 0.000, 0.000, 0.100,  8
train,    886, 0.570204,   14, 0.49,    6, 0.000, 0.000, 0.100,  8
train,    887, -4.911005,   14, 0.43,    9, 0.000, 0.000, 0.100,  8
train,    888, 10.890663,   15, 0.49,    8, 0.000, 0.000, 0.100,  8
train,    889, -0.115978,   16, 0.44,    8, 0.000, 0.000, 0.100,  8
val,      889, 19.285441, 0.3206,  14.5307,   7.1939, 0.6170,  20.5989
train,    890, -3.099837,   15, 0.42,    6, 0.000, 0.000, 0.100,  8
train,    891, -1.953959,   14, 0.47,    7, 0.000, 0.000, 0.100,  8
train,    892, 14.817824,   15, 0.52,    8, 0.000, 0.000, 0.100,  8
train,    893, 5.570717,   14, 0.49,    7, 0.000, 0.000, 0.100,  8
train,    894, 24.703171,   15, 0.44,    7, 0.000, 0.000, 0.100,  8
train,    895, 19.719979,   13, 0.50,    7, 0.000, 0.000, 0.100,  8
train,    896, 14.370333,   14, 0.45,    7, 0.000, 0.000, 0.100,  8
train,    897, -7.255987,   15, 0.38,    9, 0.000, 0.000, 0.100,  8
train,    898, 16.155678,   15, 0.44,    9, 0.000, 0.000, 0.100,  8
train,    899, 24.820804,   16, 0.41,    6, 0.000, 0.000, 0.100,  8
val,      899, 15.909754, 0.2821,  15.2408,   7.0952, 0.6347,  20.5673
train,    900, 23.324018,   13, 0.47,    6, 0.000, 0.000, 0.100,  8
update,   900,   25,  521, 21.683648, 0.000000
train,    901, 24.896532,   14, 0.46,    8, 0.000, 0.000, 0.100,  8
train,    902, 19.163858,   14, 0.46,    8, 0.000, 0.000, 0.100,  8
train,    903, 25.102230,   16, 0.40,    9, 0.000, 0.000, 0.100,  8
train,    904, 24.030274,   15, 0.46,   10, 0.000, 0.000, 0.100,  8
train,    905, 19.298071,   16, 0.46,    8, 0.000, 0.000, 0.100,  8
train,    906, 33.684077,   16, 0.50,    7, 0.000, 0.000, 0.100,  8
train,    907, 23.217703,   13, 0.47,    8, 0.000, 0.000, 0.100,  8
train,    908, 47.000000,   16, 0.38,    8, 0.000, 0.000, 0.100,  8
train,    909, 44.918941,   16, 0.47,    9, 0.000, 0.000, 0.100,  8
val,      909, 15.209686, 0.2890,  14.4636,   7.5501, 0.6235,  20.7313
train,    910, 27.296090,   15, 0.46,    8, 0.000, 0.000, 0.100,  8
train,    911, 37.393039,   16, 0.43,    6, 0.000, 0.000, 0.100,  8
train,    912, 33.088925,   15, 0.46,    8, 0.000, 0.000, 0.100,  8
train,    913, 32.817129,   15, 0.46,    8, 0.000, 0.000, 0.100,  8
train,    914, 27.006806,   15, 0.48,    8, 0.000, 0.000, 0.100,  8
train,    915, 16.038711,   16, 0.46,    9, 0.000, 0.000, 0.100,  8
train,    916, 35.448248,   14, 0.46,    6, 0.000, 0.000, 0.100,  8
train,    917, 23.960898,   13, 0.48,    7, 0.000, 0.000, 0.100,  8
train,    918, 26.491184,   16, 0.43,    8, 0.000, 0.000, 0.100,  8
train,    919, 15.267717,   16, 0.38,    7, 0.000, 0.000, 0.100,  8
val,      919, 17.884880, 0.3188,  14.8305,   7.5094, 0.6514,  20.7140
train,    920, 14.039458,   14, 0.46,    8, 0.000, 0.000, 0.100,  8
train,    921, 18.252258,   16, 0.47,    8, 0.000, 0.000, 0.100,  8
train,    922, 8.643920,   15, 0.45,    6, 0.000, 0.000, 0.100,  8
train,    923, 17.870444,   16, 0.43,    7, 0.000, 0.000, 0.100,  8
train,    924, 10.984706,   14, 0.39,    7, 0.000, 0.000, 0.100,  8
train,    925, 5.542126,   15, 0.50,    6, 0.000, 0.000, 0.100,  8
train,    926, 14.722308,   16, 0.44,    8, 0.000, 0.000, 0.100,  8
train,    927, 14.583273,   16, 0.52,    8, 0.000, 0.000, 0.100,  8
train,    928, 4.899867,   15, 0.41,    6, 0.000, 0.000, 0.100,  8
train,    929, 17.445326,   13, 0.43,    7, 0.000, 0.000, 0.100,  8
val,      929, 18.312230, 0.2860,  15.6334,   7.1938, 0.6411,  20.6193
train,    930, 8.096201,   15, 0.45,    7, 0.000, 0.000, 0.100,  8
train,    931, 17.874565,   15, 0.33,    5, 0.000, 0.000, 0.100,  8
train,    932, 5.470983,   15, 0.37,    8, 0.000, 0.000, 0.100,  8
train,    933, 16.748675,   13, 0.46,    4, 0.000, 0.000, 0.100,  8
train,    934, 17.238884,   16, 0.44,    6, 0.000, 0.000, 0.100,  8
train,    935, 13.589254,   15, 0.35,    6, 0.000, 0.000, 0.100,  8
train,    936, 15.943510,   16, 0.34,    6, 0.000, 0.000, 0.100,  8
update,   936,   26,  514, 18.026639, 0.000000
train,    937, 17.574745,   17, 0.44,    6, 0.000, 0.000, 0.100,  8
train,    938, 21.949292,   14, 0.44,    7, 0.000, 0.000, 0.100,  8
train,    939, 5.133954,   15, 0.46,    7, 0.000, 0.000, 0.100,  8
val,      939, 19.758557, 0.2989,  15.3368,   6.9963, 0.6926,  20.6971
train,    940, -0.224628,   16, 0.48,    7, 0.000, 0.000, 0.100,  8
train,    941, 5.794031,   14, 0.42,    6, 0.000, 0.000, 0.100,  8
train,    942, 28.029221,   16, 0.46,    5, 0.000, 0.000, 0.100,  8
train,    943, 24.356493,   14, 0.43,    5, 0.000, 0.000, 0.100,  8
train,    944, 30.878844,   15, 0.45,    5, 0.000, 0.000, 0.100,  8
train,    945, 11.976720,   15, 0.46,    6, 0.000, 0.000, 0.100,  8
train,    946, 17.736128,   15, 0.45,    6, 0.000, 0.000, 0.100,  8
train,    947, 43.208415,   16, 0.39,    5, 0.000, 0.000, 0.100,  8
train,    948, 22.139378,   14, 0.44,    6, 0.000, 0.000, 0.100,  8
train,    949, 44.370145,   14, 0.44,    5, 0.000, 0.000, 0.100,  8
val,      949, 23.856012, 0.2748,  15.5634,   7.4502, 0.6786,  20.6898
train,    950, 24.474884,   13, 0.41,    6, 0.000, 0.000, 0.100,  8
train,    951, 38.889913,   17, 0.44,    3, 0.000, 0.000, 0.100,  8
train,    952, 31.855085,   16, 0.41,    5, 0.000, 0.000, 0.100,  8
train,    953, 28.918087,   16, 0.37,    4, 0.000, 0.000, 0.100,  8
train,    954, 29.178894,   15, 0.52,    6, 0.000, 0.000, 0.100,  8
train,    955, 43.273913,   16, 0.41,    3, 0.000, 0.000, 0.100,  8
train,    956, 42.852269,   15, 0.38,    7, 0.000, 0.000, 0.100,  8
train,    957, 42.393494,   16, 0.44,    5, 0.000, 0.000, 0.100,  8
train,    958, 33.644242,   14, 0.43,    7, 0.000, 0.000, 0.100,  8
train,    959, 15.506854,   15, 0.51,    4, 0.000, 0.000, 0.100,  8
val,      959, 23.556541, 0.2524,  15.7075,   7.4442, 0.6731,  20.7549
train,    960, 27.484343,   16, 0.44,    4, 0.000, 0.000, 0.100,  8
train,    961, 14.776524,   15, 0.47,    6, 0.000, 0.000, 0.100,  8
train,    962, 19.895015,   14, 0.44,    5, 0.000, 0.000, 0.100,  8
train,    963, 20.546939,   13, 0.49,    5, 0.000, 0.000, 0.100,  8
train,    964, 20.075493,   15, 0.41,    3, 0.000, 0.000, 0.100,  8
train,    965, 11.114318,   17, 0.41,    5, 0.000, 0.000, 0.100,  8
train,    966, 4.860217,   17, 0.50,    5, 0.000, 0.000, 0.100,  8
train,    967, 21.571227,   16, 0.41,    6, 0.000, 0.000, 0.100,  8
train,    968, 21.302948,   15, 0.41,    5, 0.000, 0.000, 0.100,  8
train,    969, 5.912953,   16, 0.38,    4, 0.000, 0.000, 0.100,  8
val,      969, 25.267646, 0.2475,  15.7428,   7.6412, 0.6510,  20.6756
train,    970, -3.710605,   17, 0.42,    4, 0.000, 0.000, 0.100,  8
train,    971, 9.060700,   16, 0.44,    4, 0.000, 0.000, 0.100,  8
train,    972, 16.543797,   14, 0.47,    6, 0.000, 0.000, 0.100,  8
update,   972,   27,  531, 17.208096, 0.000000
train,    973, -0.889489,   15, 0.51,    4, 0.000, 0.000, 0.100,  8
train,    974, -1.087476,   16, 0.45,    6, 0.000, 0.000, 0.100,  8
train,    975, 4.822218,   16, 0.43,    3, 0.000, 0.000, 0.100,  8
train,    976, -12.733619,   15, 0.39,    3, 0.000, 0.000, 0.100,  8
train,    977, -9.042954,   15, 0.42,    4, 0.000, 0.000, 0.100,  8
train,    978, 3.816774,   15, 0.39,    3, 0.000, 0.000, 0.100,  8
train,    979, -15.673299,   16, 0.46,    5, 0.000, 0.000, 0.100,  8
val,      979, 27.091280, 0.3305,  15.1553,   7.0241, 0.6488,  20.7195
train,    980, 5.682821,   16, 0.45,    5, 0.000, 0.000, 0.100,  8
train,    981, 3.229533,   16, 0.45,    5, 0.000, 0.000, 0.100,  8
train,    982, 6.082824,   14, 0.46,    6, 0.000, 0.000, 0.100,  8
train,    983, -2.990936,   15, 0.43,    5, 0.000, 0.000, 0.100,  8
train,    984, 4.191360,   13, 0.44,    4, 0.000, 0.000, 0.100,  8
train,    985, -0.166482,   15, 0.42,    4, 0.000, 0.000, 0.100,  8
train,    986, 11.083456,   16, 0.41,    4, 0.000, 0.000, 0.100,  8
train,    987, 20.063345,   14, 0.39,    5, 0.000, 0.000, 0.100,  8
train,    988, 7.224071,   15, 0.41,    5, 0.000, 0.000, 0.100,  8
train,    989, 25.318875,   15, 0.45,    3, 0.000, 0.000, 0.100,  8
val,      989, 26.538992, 0.3239,  15.4900,   7.2162, 0.6681,  20.6558
train,    990, 9.386110,   15, 0.42,    3, 0.000, 0.000, 0.100,  8
train,    991, 19.602392,   18, 0.43,    4, 0.000, 0.000, 0.100,  8
train,    992, 19.055171,   14, 0.42,    4, 0.000, 0.000, 0.100,  8
train,    993, 15.524704,   16, 0.43,    5, 0.000, 0.000, 0.100,  8
train,    994, 17.515073,   14, 0.50,    5, 0.000, 0.000, 0.100,  8
train,    995, 28.367718,   15, 0.44,    4, 0.000, 0.000, 0.100,  8
train,    996, 31.210556,   15, 0.43,    5, 0.000, 0.000, 0.100,  8
train,    997, 22.971948,   16, 0.39,    4, 0.000, 0.000, 0.100,  8
train,    998, 27.625364,   15, 0.43,    5, 0.000, 0.000, 0.100,  8
train,    999, 20.268491,   16, 0.46,    6, 0.000, 0.000, 0.100,  8
val,      999, 16.314283, 0.3210,  15.6792,   6.9817, 0.6776,  20.7961
train,    1000, 26.678574,   16, 0.42,    6, 0.000, 0.000, 0.100,  8
train,    1001, 28.104228,   15, 0.46,    6, 0.000, 0.000, 0.100,  8
train,    1002, 32.271752,   15, 0.43,    6, 0.000, 0.000, 0.100,  8
train,    1003, 19.333050,   15, 0.38,    4, 0.000, 0.000, 0.100,  8
train,    1004, 22.139479,   15, 0.45,    7, 0.000, 0.000, 0.100,  8
train,    1005, 20.218104,   14, 0.42,    5, 0.000, 0.000, 0.100,  8
train,    1006, 24.449918,   15, 0.46,    4, 0.000, 0.000, 0.100,  8
train,    1007, 21.014231,   14, 0.41,    4, 0.000, 0.000, 0.100,  8
train,    1008, 19.154681,   15, 0.46,    6, 0.000, 0.000, 0.100,  8
update,   1008,   28,  521, 15.920073, 0.000000
train,    1009, 17.221624,   16, 0.39,    7, 0.000, 0.000, 0.100,  8
val,      1009, 22.681895, 0.2811,  15.5021,   7.1305, 0.6679,  20.6681
train,    1010, 20.236664,   16, 0.40,    6, 0.000, 0.000, 0.100,  8
train,    1011, 14.121379,   15, 0.44,    6, 0.000, 0.000, 0.100,  8
train,    1012, 7.167136,   15, 0.43,    7, 0.000, 0.000, 0.100,  8
train,    1013, 26.635119,   16, 0.39,    7, 0.000, 0.000, 0.100,  8
train,    1014, 31.770419,   15, 0.40,    6, 0.000, 0.000, 0.100,  8
train,    1015, 25.197481,   16, 0.37,    6, 0.000, 0.000, 0.100,  8
train,    1016, 24.432955,   15, 0.39,    7, 0.000, 0.000, 0.100,  8
train,    1017, 10.132409,   16, 0.44,    6, 0.000, 0.000, 0.100,  8
train,    1018, 18.293445,   15, 0.43,    8, 0.000, 0.000, 0.100,  8
train,    1019, 9.378680,   15, 0.44,    5, 0.000, 0.000, 0.100,  8
val,      1019, 21.471134, 0.2830,  15.5309,   7.1835, 0.6972,  20.7570
train,    1020, 3.392543,   17, 0.37,    7, 0.000, 0.000, 0.100,  8
train,    1021, 8.691093,   16, 0.41,    8, 0.000, 0.000, 0.100,  8
train,    1022, 22.381007,   16, 0.48,    7, 0.000, 0.000, 0.100,  8
train,    1023, 11.222314,   15, 0.39,   10, 0.000, 0.000, 0.100,  8
train,    1024, 13.289822,   16, 0.32,    5, 0.000, 0.000, 0.100,  8
train,    1025, 9.971586,   15, 0.36,    7, 0.000, 0.000, 0.100,  8
train,    1026, 12.653185,   17, 0.42,    7, 0.000, 0.000, 0.100,  8
train,    1027, 15.993793,   15, 0.40,    6, 0.000, 0.000, 0.100,  8
train,    1028, 6.874153,   16, 0.50,    6, 0.000, 0.000, 0.100,  8
train,    1029, 10.655658,   16, 0.40,    8, 0.000, 0.000, 0.100,  8
val,      1029, 19.672302, 0.3266,  15.6779,   7.1311, 0.7274,  20.7295
train,    1030, 29.505565,   17, 0.46,    8, 0.000, 0.000, 0.100,  8
train,    1031, 18.378617,   14, 0.38,    7, 0.000, 0.000, 0.100,  8
train,    1032, 23.790772,   16, 0.47,    9, 0.000, 0.000, 0.100,  8
train,    1033, 17.029199,   17, 0.45,    6, 0.000, 0.000, 0.100,  8
train,    1034, 17.392805,   15, 0.39,    8, 0.000, 0.000, 0.100,  8
train,    1035, 7.027801,   15, 0.48,    8, 0.000, 0.000, 0.100,  8
train,    1036, 23.865996,   15, 0.39,    8, 0.000, 0.000, 0.100,  8
train,    1037, 19.184602,   15, 0.37,    9, 0.000, 0.000, 0.100,  8
train,    1038, 28.343760,   15, 0.36,    6, 0.000, 0.000, 0.100,  8
train,    1039, 27.928153,   15, 0.38,    8, 0.000, 0.000, 0.100,  8
val,      1039, 26.574846, 0.2640,  15.4833,   7.1344, 0.6963,  20.6663
train,    1040, 42.449939,   16, 0.44,    8, 0.000, 0.000, 0.100,  8
train,    1041, 21.736126,   16, 0.42,    8, 0.000, 0.000, 0.100,  8
train,    1042, 29.111335,   15, 0.43,    8, 0.000, 0.000, 0.100,  8
train,    1043, 27.964426,   14, 0.46,    8, 0.000, 0.000, 0.100,  8
train,    1044, 34.621440,   16, 0.45,    7, 0.000, 0.000, 0.100,  8
update,   1044,   29,  527, 12.212204, 0.000000
train,    1045, 30.334369,   15, 0.49,    6, 0.000, 0.000, 0.100,  8
train,    1046, 24.175709,   15, 0.42,    6, 0.000, 0.000, 0.100,  8
train,    1047, 26.222439,   14, 0.33,    7, 0.000, 0.000, 0.100,  8
train,    1048, 36.906791,   16, 0.41,    8, 0.000, 0.000, 0.100,  8
train,    1049, 47.000000,   15, 0.41,    8, 0.000, 0.000, 0.100,  8
val,      1049, 28.019760, 0.2788,  15.9007,   7.1404, 0.6959,  20.7970
train,    1050, 35.947255,   15, 0.43,    7, 0.000, 0.000, 0.100,  8
train,    1051, 47.000000,   16, 0.51,    7, 0.000, 0.000, 0.100,  8
train,    1052, 27.325178,   15, 0.43,    8, 0.000, 0.000, 0.100,  8
train,    1053, 38.071810,   13, 0.40,    8, 0.000, 0.000, 0.100,  8
train,    1054, 30.062368,   16, 0.38,    9, 0.000, 0.000, 0.100,  8
train,    1055, 26.505035,   17, 0.40,    8, 0.000, 0.000, 0.100,  8
train,    1056, 35.062890,   15, 0.38,    7, 0.000, 0.000, 0.100,  8
train,    1057, 27.954769,   15, 0.38,    9, 0.000, 0.000, 0.100,  8
train,    1058, 41.224387,   14, 0.46,    8, 0.000, 0.000, 0.100,  8
train,    1059, 31.699085,   16, 0.38,    8, 0.000, 0.000, 0.100,  8
val,      1059, 28.097539, 0.2572,  15.3258,   7.5215, 0.6788,  20.6541
train,    1060, 23.311887,   15, 0.40,    8, 0.000, 0.000, 0.100,  8
train,    1061, 7.922431,   16, 0.41,    7, 0.000, 0.000, 0.100,  8
train,    1062, 20.113854,   15, 0.41,    8, 0.000, 0.000, 0.100,  8
train,    1063, 33.158876,   16, 0.43,    8, 0.000, 0.000, 0.100,  8
train,    1064, 17.917109,   15, 0.36,    7, 0.000, 0.000, 0.100,  8
train,    1065, 13.296359,   14, 0.50,    7, 0.000, 0.000, 0.100,  8
train,    1066, 9.044675,   14, 0.35,    6, 0.000, 0.000, 0.100,  8
train,    1067, 22.784794,   15, 0.48,    8, 0.000, 0.000, 0.100,  8
train,    1068, 15.821929,   17, 0.46,    8, 0.000, 0.000, 0.100,  8
train,    1069, 6.313162,   16, 0.40,    7, 0.000, 0.000, 0.100,  8
val,      1069, 27.605017, 0.2921,  15.4191,   7.1004, 0.6541,  20.7068
train,    1070, 6.300833,   14, 0.39,    8, 0.000, 0.000, 0.100,  8
train,    1071, 20.356225,   15, 0.36,    7, 0.000, 0.000, 0.100,  8
train,    1072, 10.509378,   16, 0.40,    8, 0.000, 0.000, 0.100,  8
train,    1073, 11.068829,   16, 0.41,    8, 0.000, 0.000, 0.100,  8
train,    1074, -1.559206,   16, 0.43,    7, 0.000, 0.000, 0.100,  8
train,    1075, 21.920235,   15, 0.39,    7, 0.000, 0.000, 0.100,  8
train,    1076, 15.563287,   15, 0.45,    6, 0.000, 0.000, 0.100,  8
train,    1077, 7.527205,   15, 0.37,    7, 0.000, 0.000, 0.100,  8
train,    1078, -1.371945,   16, 0.49,    6, 0.000, 0.000, 0.100,  8
train,    1079, 9.615859,   17, 0.41,    6, 0.000, 0.000, 0.100,  8
val,      1079, 24.237225, 0.2568,  15.3972,   7.3994, 0.6601,  20.7150
train,    1080, 11.584748,   16, 0.38,    7, 0.000, 0.000, 0.100,  8
update,   1080,   30,  510, 16.010392, 0.000000
train,    1081, 16.231824,   14, 0.33,    5, 0.000, 0.000, 0.100,  8
train,    1082, 27.721651,   14, 0.43,    7, 0.000, 0.000, 0.100,  8
train,    1083, 14.026857,   15, 0.46,    5, 0.000, 0.000, 0.100,  8
train,    1084, 21.399840,   16, 0.39,    6, 0.000, 0.000, 0.100,  8
train,    1085, 23.365289,   16, 0.38,    6, 0.000, 0.000, 0.100,  8
train,    1086, 15.758746,   15, 0.38,    5, 0.000, 0.000, 0.100,  8
train,    1087, 22.172766,   14, 0.35,    6, 0.000, 0.000, 0.100,  8
train,    1088, 19.832567,   16, 0.43,    5, 0.000, 0.000, 0.100,  8
train,    1089, 22.785609,   14, 0.40,    6, 0.000, 0.000, 0.100,  8
val,      1089, 20.748204, 0.2451,  15.8121,   7.4511, 0.7048,  20.8371
train,    1090, 28.115720,   17, 0.41,    7, 0.000, 0.000, 0.100,  8
train,    1091, 25.973840,   17, 0.43,    5, 0.000, 0.000, 0.100,  8
train,    1092, 33.261553,   15, 0.39,    5, 0.000, 0.000, 0.100,  8
train,    1093, 26.382613,   15, 0.42,    6, 0.000, 0.000, 0.100,  8
train,    1094, 37.794786,   14, 0.36,    5, 0.000, 0.000, 0.100,  8
train,    1095, 18.003878,   15, 0.37,    5, 0.000, 0.000, 0.100,  8
train,    1096, 28.764712,   16, 0.38,    6, 0.000, 0.000, 0.100,  8
train,    1097, 39.126015,   14, 0.42,    5, 0.000, 0.000, 0.100,  8
train,    1098, 8.566946,   14, 0.42,    4, 0.000, 0.000, 0.100,  8
train,    1099, 29.653183,   15, 0.38,    4, 0.000, 0.000, 0.100,  8
val,      1099, 22.124383, 0.2742,  15.6000,   6.9124, 0.6483,  20.7583
train,    1100, 11.948247,   15, 0.33,    3, 0.000, 0.000, 0.100,  8
train,    1101, 20.090931,   15, 0.41,    6, 0.000, 0.000, 0.100,  8
train,    1102, 25.761282,   15, 0.43,    5, 0.000, 0.000, 0.100,  8
train,    1103, 19.167795,   16, 0.40,    4, 0.000, 0.000, 0.100,  8
train,    1104, 26.963888,   15, 0.38,    3, 0.000, 0.000, 0.100,  8
train,    1105, 27.451745,   15, 0.43,    4, 0.000, 0.000, 0.100,  8
train,    1106, 8.233223,   16, 0.41,    5, 0.000, 0.000, 0.100,  8
train,    1107, 16.605215,   15, 0.45,    5, 0.000, 0.000, 0.100,  8
train,    1108, 9.634705,   14, 0.38,    6, 0.000, 0.000, 0.100,  8
train,    1109, 0.367677,   16, 0.40,    4, 0.000, 0.000, 0.100,  8
val,      1109, 17.108262, 0.2996,  15.7133,   7.4926, 0.7318,  20.7321
train,    1110, 20.576117,   17, 0.38,    4, 0.000, 0.000, 0.100,  8
train,    1111, 13.892797,   15, 0.40,    5, 0.000, 0.000, 0.100,  8
train,    1112, 19.299162,   15, 0.40,    6, 0.000, 0.000, 0.100,  8
train,    1113, 14.497008,   14, 0.41,    5, 0.000, 0.000, 0.100,  8
train,    1114, 8.737282,   18, 0.43,    4, 0.000, 0.000, 0.100,  8
train,    1115, 11.549713,   16, 0.37,    6, 0.000, 0.000, 0.100,  8
train,    1116, 22.463446,   15, 0.41,    4, 0.000, 0.000, 0.100,  8
update,   1116,   31,  522, 22.708856, 0.000000
train,    1117, 8.253146,   15, 0.40,    4, 0.000, 0.000, 0.100,  8
train,    1118, 9.891628,   15, 0.45,    5, 0.000, 0.000, 0.100,  8
train,    1119, 13.802144,   14, 0.41,    4, 0.000, 0.000, 0.100,  8
val,      1119, 20.752254, 0.2585,  15.8452,   7.1799, 0.6808,  20.6420
train,    1120, 28.245735,   15, 0.39,    4, 0.000, 0.000, 0.100,  8
train,    1121, 7.605644,   16, 0.45,    5, 0.000, 0.000, 0.100,  8
train,    1122, 16.158355,   16, 0.44,    5, 0.000, 0.000, 0.100,  8
train,    1123, 10.513276,   17, 0.45,    5, 0.000, 0.000, 0.100,  8
train,    1124, 13.314092,   16, 0.43,    5, 0.000, 0.000, 0.100,  8
train,    1125, 7.485581,   16, 0.46,    6, 0.000, 0.000, 0.100,  8
train,    1126, 7.457946,   16, 0.39,    3, 0.000, 0.000, 0.100,  8
train,    1127, 25.556198,   17, 0.40,    4, 0.000, 0.000, 0.100,  8
train,    1128, 19.388739,   15, 0.42,    6, 0.000, 0.000, 0.100,  8
train,    1129, 20.328724,   15, 0.45,    4, 0.000, 0.000, 0.100,  8
val,      1129, 26.681091, 0.2358,  15.9221,   7.2285, 0.6447,  20.6414
train,    1130, 34.201473,   14, 0.39,    5, 0.000, 0.000, 0.100,  8
train,    1131, 10.937581,   14, 0.38,    4, 0.000, 0.000, 0.100,  8
train,    1132, 17.574505,   15, 0.40,    4, 0.000, 0.000, 0.100,  8
train,    1133, 22.492779,   16, 0.38,    3, 0.000, 0.000, 0.100,  8
train,    1134, 32.043991,   16, 0.41,    5, 0.000, 0.000, 0.100,  8
train,    1135, 26.157348,   16, 0.42,    4, 0.000, 0.000, 0.100,  8
train,    1136, 26.533717,   17, 0.37,    6, 0.000, 0.000, 0.100,  8
train,    1137, 26.915367,   17, 0.41,    4, 0.000, 0.000, 0.100,  8
train,    1138, 17.749425,   16, 0.43,    5, 0.000, 0.000, 0.100,  8
train,    1139, 41.215413,   15, 0.39,    5, 0.000, 0.000, 0.100,  8
val,      1139, 25.656840, 0.2557,  15.5333,   7.0019, 0.6967,  20.7478
train,    1140, 40.838081,   17, 0.38,    5, 0.000, 0.000, 0.100,  8
train,    1141, 43.022271,   16, 0.44,    5, 0.000, 0.000, 0.100,  8
train,    1142, 27.417579,   17, 0.44,    4, 0.000, 0.000, 0.100,  8
train,    1143, 32.425318,   15, 0.40,    4, 0.000, 0.000, 0.100,  8
train,    1144, 37.689947,   15, 0.37,    5, 0.000, 0.000, 0.100,  8
train,    1145, 38.549465,   14, 0.36,    6, 0.000, 0.000, 0.100,  8
train,    1146, 41.657886,   16, 0.37,    5, 0.000, 0.000, 0.100,  8
train,    1147, 47.000000,   16, 0.42,    6, 0.000, 0.000, 0.100,  8
train,    1148, 21.151087,   15, 0.39,    4, 0.000, 0.000, 0.100,  8
train,    1149, 33.434488,   15, 0.42,    5, 0.000, 0.000, 0.100,  8
val,      1149, 24.647171, 0.2446,  15.8270,   7.1254, 0.7089,  20.7932
train,    1150, 43.204018,   14, 0.37,    7, 0.000, 0.000, 0.100,  8
train,    1151, 30.875973,   16, 0.42,    6, 0.000, 0.000, 0.100,  8
train,    1152, 28.414659,   15, 0.38,    6, 0.000, 0.000, 0.100,  8
update,   1152,   32,  513, 21.646415, 0.000000
train,    1153, 27.977744,   16, 0.42,    5, 0.000, 0.000, 0.100,  8
train,    1154, 35.265327,   14, 0.38,    5, 0.000, 0.000, 0.100,  8
train,    1155, 29.466992,   17, 0.38,    6, 0.000, 0.000, 0.100,  8
train,    1156, 7.242554,   16, 0.36,    5, 0.000, 0.000, 0.100,  8
train,    1157, 28.215042,   15, 0.40,    7, 0.000, 0.000, 0.100,  8
train,    1158, 31.424750,   14, 0.41,    7, 0.000, 0.000, 0.100,  8
train,    1159, 21.747192,   15, 0.40,    6, 0.000, 0.000, 0.100,  8
val,      1159, 30.813280, 0.2584,  15.8479,   7.4176, 0.6800,  20.6718
train,    1160, 30.143693,   15, 0.35,    6, 0.000, 0.000, 0.100,  8
train,    1161, 13.971743,   14, 0.34,    5, 0.000, 0.000, 0.100,  8
train,    1162, 8.757687,   17, 0.46,    6, 0.000, 0.000, 0.100,  8
train,    1163, 6.051945,   16, 0.42,    7, 0.000, 0.000, 0.100,  8
train,    1164, 18.832564,   14, 0.42,    7, 0.000, 0.000, 0.100,  8
train,    1165, 6.616643,   17, 0.36,    8, 0.000, 0.000, 0.100,  8
train,    1166, 14.400944,   15, 0.36,    7, 0.000, 0.000, 0.100,  8
train,    1167, 12.378149,   16, 0.39,    7, 0.000, 0.000, 0.100,  8
train,    1168, 11.304529,   15, 0.43,    6, 0.000, 0.000, 0.100,  8
train,    1169, 28.665988,   15, 0.40,    7, 0.000, 0.000, 0.100,  8
val,      1169, 26.235289, 0.2505,  15.7733,   7.2595, 0.6888,  20.6104
train,    1170, 20.194368,   17, 0.39,    7, 0.000, 0.000, 0.100,  8
train,    1171, 8.456651,   16, 0.41,    8, 0.000, 0.000, 0.100,  8
train,    1172, 17.198966,   16, 0.39,    9, 0.000, 0.000, 0.100,  8
train,    1173, 15.543921,   16, 0.31,    6, 0.000, 0.000, 0.100,  8
train,    1174, 5.809685,   15, 0.35,    8, 0.000, 0.000, 0.100,  8
train,    1175, 30.224794,   15, 0.41,    7, 0.000, 0.000, 0.100,  8
train,    1176, 27.828194,   16, 0.42,    8, 0.000, 0.000, 0.100,  8
train,    1177, 22.602545,   13, 0.44,    7, 0.000, 0.000, 0.100,  8
train,    1178, 29.502492,   14, 0.38,    8, 0.000, 0.000, 0.100,  8
train,    1179, 27.897906,   15, 0.38,    8, 0.000, 0.000, 0.100,  8
val,      1179, 24.200417, 0.2624,  15.4869,   7.1096, 0.7024,  20.8149
train,    1180, 40.538630,   15, 0.38,    8, 0.000, 0.000, 0.100,  8
train,    1181, 26.305282,   15, 0.38,    6, 0.000, 0.000, 0.100,  8
train,    1182, 40.991427,   17, 0.38,    7, 0.000, 0.000, 0.100,  8
train,    1183, 30.020980,   15, 0.37,    7, 0.000, 0.000, 0.100,  8
train,    1184, 35.438678,   15, 0.36,    9, 0.000, 0.000, 0.100,  8
train,    1185, 30.504961,   15, 0.37,    9, 0.000, 0.000, 0.100,  8
train,    1186, 41.145435,   17, 0.34,    8, 0.000, 0.000, 0.100,  8
train,    1187, 47.000000,   15, 0.40,    7, 0.000, 0.000, 0.100,  8
train,    1188, 44.092476,   14, 0.43,    8, 0.000, 0.000, 0.100,  8
update,   1188,   33,  522, 25.603700, 0.000000
train,    1189, 31.128858,   15, 0.38,    8, 0.000, 0.000, 0.100,  8
val,      1189, 24.482955, 0.2568,  15.6594,   7.1949, 0.6674,  20.7590
train,    1190, 29.988753,   14, 0.42,    9, 0.000, 0.000, 0.100,  8
train,    1191, 38.416091,   15, 0.40,    7, 0.000, 0.000, 0.100,  8
train,    1192, 28.927614,   18, 0.40,    8, 0.000, 0.000, 0.100,  8
train,    1193, 16.067249,   17, 0.41,    7, 0.000, 0.000, 0.100,  8
train,    1194, 30.036192,   15, 0.36,    8, 0.000, 0.000, 0.100,  8
train,    1195, 22.729551,   16, 0.39,    8, 0.000, 0.000, 0.100,  8
train,    1196, 36.321919,   16, 0.36,    9, 0.000, 0.000, 0.100,  8
train,    1197, 24.685128,   16, 0.41,    9, 0.000, 0.000, 0.100,  8
train,    1198, 38.104771,   18, 0.48,    8, 0.000, 0.000, 0.100,  8
train,    1199, 17.822255,   15, 0.41,    7, 0.000, 0.000, 0.100,  8
val,      1199, 13.965209, 0.2477,  15.6085,   7.2200, 0.7021,  20.7164
train,    1200, 28.808719,   15, 0.33,    6, 0.000, 0.000, 0.100,  8
train,    1201, 16.814136,   16, 0.35,    8, 0.000, 0.000, 0.100,  8
train,    1202, 27.482503,   16, 0.40,    8, 0.000, 0.000, 0.100,  8
train,    1203, 30.987784,   16, 0.37,    8, 0.000, 0.000, 0.100,  8
train,    1204, 0.394330,   16, 0.40,    7, 0.000, 0.000, 0.100,  8
train,    1205, 9.638451,   17, 0.37,    8, 0.000, 0.000, 0.100,  8
train,    1206, 21.110742,   16, 0.30,    7, 0.000, 0.000, 0.100,  8
train,    1207, 12.237480,   16, 0.39,    8, 0.000, 0.000, 0.100,  8
train,    1208, 19.717432,   15, 0.40,    8, 0.000, 0.000, 0.100,  8
train,    1209, 22.409556,   18, 0.35,    6, 0.000, 0.000, 0.100,  8
val,      1209, 18.454035, 0.2503,  15.3262,   7.1051, 0.7234,  20.6308
train,    1210, 1.887231,   15, 0.35,    6, 0.000, 0.000, 0.100,  8
train,    1211, -3.365314,   15, 0.45,    9, 0.000, 0.000, 0.100,  8
train,    1212, 2.755925,   16, 0.44,    7, 0.000, 0.000, 0.100,  8
train,    1213, 15.073087,   16, 0.41,    7, 0.000, 0.000, 0.100,  8
train,    1214, 14.070212,   16, 0.35,    8, 0.000, 0.000, 0.100,  8
train,    1215, 5.468677,   16, 0.37,    7, 0.000, 0.000, 0.100,  8
train,    1216, 4.180214,   15, 0.37,    7, 0.000, 0.000, 0.100,  8
train,    1217, 17.132053,   16, 0.38,    8, 0.000, 0.000, 0.100,  8
train,    1218, -2.391941,   15, 0.46,    7, 0.000, 0.000, 0.100,  8
train,    1219, -1.242329,   15, 0.42,    5, 0.000, 0.000, 0.100,  8
val,      1219, 23.306292, 0.3236,  15.6936,   7.2658, 0.6915,  20.7413
train,    1220, 17.387022,   17, 0.28,    8, 0.000, 0.000, 0.100,  8
train,    1221, 24.244327,   15, 0.38,    7, 0.000, 0.000, 0.100,  8
train,    1222, 8.151005,   17, 0.40,    8, 0.000, 0.000, 0.100,  8
train,    1223, 18.227961,   14, 0.38,    7, 0.000, 0.000, 0.100,  8
train,    1224, 16.617611,   15, 0.35,    8, 0.000, 0.000, 0.100,  8
update,   1224,   34,  515, 26.447048, 0.000000
train,    1225, 5.740306,   14, 0.40,    6, 0.000, 0.000, 0.100,  8
train,    1226, 15.838155,   16, 0.37,    6, 0.000, 0.000, 0.100,  8
train,    1227, 12.806245,   16, 0.46,    7, 0.000, 0.000, 0.100,  8
train,    1228, 26.713466,   15, 0.37,    6, 0.000, 0.000, 0.100,  8
train,    1229, 14.326273,   15, 0.34,    7, 0.000, 0.000, 0.100,  8
val,      1229, 26.114658, 0.2725,  15.7859,   7.0101, 0.6975,  20.6689
train,    1230, 24.678991,   15, 0.43,    8, 0.000, 0.000, 0.100,  8
train,    1231, 22.795617,   15, 0.40,    6, 0.000, 0.000, 0.100,  8
train,    1232, 22.793947,   15, 0.41,    6, 0.000, 0.000, 0.100,  8
train,    1233, 34.280273,   16, 0.38,    5, 0.000, 0.000, 0.100,  8
train,    1234, 44.088118,   16, 0.37,    6, 0.000, 0.000, 0.100,  8
train,    1235, 23.605216,   15, 0.38,    6, 0.000, 0.000, 0.100,  8
train,    1236, 36.282139,   15, 0.42,    5, 0.000, 0.000, 0.100,  8
train,    1237, 41.674879,   15, 0.39,    6, 0.000, 0.000, 0.100,  8
train,    1238, 31.095914,   16, 0.34,    5, 0.000, 0.000, 0.100,  8
train,    1239, 32.770247,   15, 0.32,    5, 0.000, 0.000, 0.100,  8
val,      1239, 29.216412, 0.2799,  15.7760,   6.9136, 0.7282,  20.8094
train,    1240, 28.984586,   17, 0.38,    7, 0.000, 0.000, 0.100,  8
train,    1241, 33.804952,   16, 0.38,    5, 0.000, 0.000, 0.100,  8
train,    1242, 38.967286,   16, 0.37,    5, 0.000, 0.000, 0.100,  8
train,    1243, 18.864843,   15, 0.40,    4, 0.000, 0.000, 0.100,  8
train,    1244, 32.464670,   16, 0.40,    4, 0.000, 0.000, 0.100,  8
train,    1245, 34.190005,   14, 0.36,    4, 0.000, 0.000, 0.100,  8
train,    1246, 13.061312,   16, 0.37,    4, 0.000, 0.000, 0.100,  8
train,    1247, 24.245893,   16, 0.39,    5, 0.000, 0.000, 0.100,  8
train,    1248, 27.466087,   15, 0.41,    6, 0.000, 0.000, 0.100,  8
train,    1249, 13.810286,   16, 0.34,    6, 0.000, 0.000, 0.100,  8
val,      1249, 32.184788, 0.2646,  15.7174,   7.2935, 0.6959,  20.6544
train,    1250, 25.791704,   15, 0.39,    6, 0.000, 0.000, 0.100,  8
train,    1251, 17.272206,   16, 0.36,    4, 0.000, 0.000, 0.100,  8
train,    1252, 14.075279,   15, 0.35,    6, 0.000, 0.000, 0.100,  8
train,    1253, 21.729260,   16, 0.33,    5, 0.000, 0.000, 0.100,  8
train,    1254, 23.537492,   15, 0.39,    6, 0.000, 0.000, 0.100,  8
train,    1255, 14.587992,   16, 0.46,    4, 0.000, 0.000, 0.100,  8
train,    1256, 15.510531,   16, 0.41,    4, 0.000, 0.000, 0.100,  8
train,    1257, 21.566512,   15, 0.38,    4, 0.000, 0.000, 0.100,  8
train,    1258, 7.640515,   16, 0.38,    7, 0.000, 0.000, 0.100,  8
train,    1259, 5.895847,   16, 0.45,    4, 0.000, 0.000, 0.100,  8
val,      1259, 27.508122, 0.1903,  15.3620,   7.1032, 0.7071,  20.7304
train,    1260, 23.635966,   18, 0.39,    3, 0.000, 0.000, 0.100,  8
update,   1260,   35,  530, 21.768849, 0.000000
train,    1261, 10.977147,   16, 0.33,    3, 0.000, 0.000, 0.100,  8
train,    1262, 12.241330,   16, 0.33,    4, 0.000, 0.000, 0.100,  8
train,    1263, 7.626378,   17, 0.36,    4, 0.000, 0.000, 0.100,  8
train,    1264, 19.035964,   15, 0.45,    4, 0.000, 0.000, 0.100,  8
train,    1265, 15.262893,   16, 0.41,    6, 0.000, 0.000, 0.100,  8
train,    1266, 20.994681,   16, 0.40,    3, 0.000, 0.000, 0.100,  8
train,    1267, 11.848202,   16, 0.37,    4, 0.000, 0.000, 0.100,  8
train,    1268, 21.288268,   15, 0.47,    5, 0.000, 0.000, 0.100,  8
train,    1269, 16.776498,   16, 0.36,    4, 0.000, 0.000, 0.100,  8
val,      1269, 31.934007, 0.3027,  15.6912,   7.2386, 0.7141,  20.7758
train,    1270, 27.477019,   15, 0.38,    4, 0.000, 0.000, 0.100,  8
train,    1271, 20.504073,   16, 0.39,    3, 0.000, 0.000, 0.100,  8
train,    1272, 24.924312,   16, 0.36,    3, 0.000, 0.000, 0.100,  8
train,    1273, 18.375791,   15, 0.34,    3, 0.000, 0.000, 0.100,  8
train,    1274, 35.442166,   15, 0.37,    6, 0.000, 0.000, 0.100,  8
train,    1275, 41.446219,   16, 0.33,    4, 0.000, 0.000, 0.100,  8
train,    1276, 40.507862,   16, 0.38,    5, 0.000, 0.000, 0.100,  8
train,    1277, 24.432005,   15, 0.35,    5, 0.000, 0.000, 0.100,  8
train,    1278, 33.246886,   17, 0.40,    5, 0.000, 0.000, 0.100,  8
train,    1279, 40.513707,   16, 0.38,    5, 0.000, 0.000, 0.100,  8
val,      1279, 27.413335, 0.2783,  15.3977,   6.9824, 0.7387,  20.7876
train,    1280, 38.423347,   16, 0.38,    4, 0.000, 0.000, 0.100,  8
train,    1281, 43.113598,   16, 0.40,    5, 0.000, 0.000, 0.100,  8
train,    1282, 46.625606,   16, 0.35,    5, 0.000, 0.000, 0.100,  8
train,    1283, 36.647775,   15, 0.39,    5, 0.000, 0.000, 0.100,  8
train,    1284, 42.918410,   16, 0.40,    3, 0.000, 0.000, 0.100,  8
train,    1285, 47.000000,   15, 0.32,    4, 0.000, 0.000, 0.100,  8
train,    1286, 41.192098,   15, 0.35,    6, 0.000, 0.000, 0.100,  8
train,    1287, 46.689009,   16, 0.46,    5, 0.000, 0.000, 0.100,  8
train,    1288, 45.018403,   18, 0.37,    5, 0.000, 0.000, 0.100,  8
train,    1289, 36.382373,   16, 0.40,    5, 0.000, 0.000, 0.100,  8
val,      1289, 21.812704, 0.2802,  15.7108,   7.0367, 0.6855,  20.9058
train,    1290, 47.000000,   16, 0.39,    6, 0.000, 0.000, 0.100,  8
train,    1291, 31.970603,   15, 0.46,    6, 0.000, 0.000, 0.100,  8
train,    1292, 38.521548,   16, 0.35,    5, 0.000, 0.000, 0.100,  8
train,    1293, 34.222648,   16, 0.41,    5, 0.000, 0.000, 0.100,  8
train,    1294, 28.590285,   17, 0.43,    4, 0.000, 0.000, 0.100,  8
train,    1295, 26.349364,   16, 0.37,    5, 0.000, 0.000, 0.100,  8
train,    1296, 28.332571,   16, 0.38,    7, 0.000, 0.000, 0.100,  8
update,   1296,   36,  502, 28.050614, 0.000000
train,    1297, 14.805905,   15, 0.37,    6, 0.000, 0.000, 0.100,  8
train,    1298, 24.180409,   16, 0.42,    4, 0.000, 0.000, 0.100,  8
train,    1299, 20.946417,   16, 0.38,    6, 0.000, 0.000, 0.100,  8
val,      1299, 20.962351, 0.2437,  15.8213,   6.9792, 0.6801,  20.7011
train,    1300, 13.717397,   16, 0.34,    6, 0.000, 0.000, 0.100,  8
train,    1301, 10.391373,   17, 0.38,    8, 0.000, 0.000, 0.100,  8
train,    1302, 16.884339,   14, 0.40,    7, 0.000, 0.000, 0.100,  8
train,    1303, 0.389545,   15, 0.34,    7, 0.000, 0.000, 0.100,  8
train,    1304, 11.063350,   17, 0.37,    5, 0.000, 0.000, 0.100,  8
train,    1305, 6.053266,   16, 0.35,    5, 0.000, 0.000, 0.100,  8
train,    1306, 18.729013,   17, 0.45,    6, 0.000, 0.000, 0.100,  8
train,    1307, 11.618045,   16, 0.37,    7, 0.000, 0.000, 0.100,  8
train,    1308, 13.486762,   16, 0.43,    8, 0.000, 0.000, 0.100,  8
train,    1309, 14.429717,   15, 0.37,    8, 0.000, 0.000, 0.100,  8
val,      1309, 22.547315, 0.2167,  15.5118,   7.1784, 0.7062,  20.8881
train,    1310, 16.490872,   15, 0.37,    6, 0.000, 0.000, 0.100,  8
train,    1311, 13.207132,   16, 0.40,    6, 0.000, 0.000, 0.100,  8
train,    1312, 19.947342,   15, 0.36,    7, 0.000, 0.000, 0.100,  8
train,    1313, 7.221144,   15, 0.38,    8, 0.000, 0.000, 0.100,  8
train,    1314, 8.038588,   18, 0.41,    7, 0.000, 0.000, 0.100,  8
train,    1315, 13.517051,   16, 0.41,    9, 0.000, 0.000, 0.100,  8
train,    1316, 5.083969,   16, 0.34,    7, 0.000, 0.000, 0.100,  8
train,    1317, 16.629319,   14, 0.34,    7, 0.000, 0.000, 0.100,  8
train,    1318, 17.765737,   17, 0.34,    7, 0.000, 0.000, 0.100,  8
train,    1319, 21.413307,   16, 0.38,    6, 0.000, 0.000, 0.100,  8
val,      1319, 28.427050, 0.2128,  15.9990,   7.1184, 0.6892,  20.7564
train,    1320, 22.880373,   16, 0.38,    7, 0.000, 0.000, 0.100,  8
train,    1321, 21.210705,   16, 0.31,    5, 0.000, 0.000, 0.100,  8
train,    1322, 27.563035,   15, 0.39,    8, 0.000, 0.000, 0.100,  8
train,    1323, 30.460666,   15, 0.39,    7, 0.000, 0.000, 0.100,  8
train,    1324, 20.345470,   16, 0.34,    9, 0.000, 0.000, 0.100,  8
train,    1325, 29.216706,   16, 0.38,    8, 0.000, 0.000, 0.100,  8
train,    1326, 31.071997,   16, 0.42,    6, 0.000, 0.000, 0.100,  8
train,    1327, 15.439801,   16, 0.47,    7, 0.000, 0.000, 0.100,  8
train,    1328, 41.547758,   15, 0.33,    9, 0.000, 0.000, 0.100,  8
train,    1329, 29.819551,   16, 0.38,    7, 0.000, 0.000, 0.100,  8
val,      1329, 32.660025, 0.2541,  15.7225,   7.1199, 0.7497,  20.8638
train,    1330, 18.586842,   16, 0.31,    8, 0.000, 0.000, 0.100,  8
train,    1331, 22.810199,   16, 0.34,    8, 0.000, 0.000, 0.100,  8
train,    1332, 27.311526,   16, 0.33,    7, 0.000, 0.000, 0.100,  8
update,   1332,   37,  509, 23.040092, 0.000000
train,    1333, 37.877343,   17, 0.37,   10, 0.000, 0.000, 0.100,  8
train,    1334, 36.344258,   16, 0.38,    8, 0.000, 0.000, 0.100,  8
train,    1335, 31.029523,   16, 0.41,    8, 0.000, 0.000, 0.100,  8
train,    1336, 12.423560,   16, 0.37,    8, 0.000, 0.000, 0.100,  8
train,    1337, 34.704581,   16, 0.40,    6, 0.000, 0.000, 0.100,  8
train,    1338, 38.807928,   15, 0.37,   10, 0.000, 0.000, 0.100,  8
train,    1339, 22.775539,   15, 0.37,    8, 0.000, 0.000, 0.100,  8
val,      1339, 29.122019, 0.2205,  15.7310,   7.3141, 0.6980,  20.7049
train,    1340, 27.033084,   15, 0.37,    8, 0.000, 0.000, 0.100,  8
train,    1341, 28.623149,   17, 0.38,    8, 0.000, 0.000, 0.100,  8
train,    1342, 19.498156,   15, 0.38,    8, 0.000, 0.000, 0.100,  8
train,    1343, 17.820559,   15, 0.41,   10, 0.000, 0.000, 0.100,  8
train,    1344, 19.005463,   16, 0.35,    7, 0.000, 0.000, 0.100,  8
train,    1345, 17.544161,   17, 0.35,    8, 0.000, 0.000, 0.100,  8
train,    1346, 14.828533,   16, 0.33,    8, 0.000, 0.000, 0.100,  8
train,    1347, 25.639672,   14, 0.40,    8, 0.000, 0.000, 0.100,  8
train,    1348, 10.656142,   15, 0.34,    8, 0.000, 0.000, 0.100,  8
train,    1349, 17.182587,   15, 0.39,    6, 0.000, 0.000, 0.100,  8
val,      1349, 27.427705, 0.2764,  16.0527,   7.1374, 0.7553,  20.7708
train,    1350, 6.237164,   17, 0.33,    9, 0.000, 0.000, 0.100,  8
train,    1351, 16.093691,   16, 0.39,    7, 0.000, 0.000, 0.100,  8
train,    1352, 8.648179,   16, 0.37,    7, 0.000, 0.000, 0.100,  8
train,    1353, 19.020769,   16, 0.40,    7, 0.000, 0.000, 0.100,  8
train,    1354, 9.383789,   16, 0.41,    7, 0.000, 0.000, 0.100,  8
train,    1355, 10.047969,   16, 0.37,    6, 0.000, 0.000, 0.100,  8
train,    1356, 4.586174,   15, 0.39,    7, 0.000, 0.000, 0.100,  8
train,    1357, 15.437628,   17, 0.40,    8, 0.000, 0.000, 0.100,  8
train,    1358, 21.363812,   15, 0.31,    8, 0.000, 0.000, 0.100,  8
train,    1359, 11.408931,   16, 0.37,    5, 0.000, 0.000, 0.100,  8
val,      1359, 27.030069, 0.2363,  16.3411,   7.1932, 0.7518,  20.7138
train,    1360, 15.421457,   17, 0.41,    8, 0.000, 0.000, 0.100,  8
train,    1361, 16.364378,   17, 0.39,    7, 0.000, 0.000, 0.100,  8
train,    1362, 24.307088,   15, 0.38,    7, 0.000, 0.000, 0.100,  8
train,    1363, 17.683219,   15, 0.39,    5, 0.000, 0.000, 0.100,  8
train,    1364, 23.076265,   15, 0.39,    6, 0.000, 0.000, 0.100,  8
train,    1365, 7.314559,   17, 0.35,    7, 0.000, 0.000, 0.100,  8
train,    1366, 29.881844,   17, 0.42,    6, 0.000, 0.000, 0.100,  8
train,    1367, 32.402962,   16, 0.38,    6, 0.000, 0.000, 0.100,  8
train,    1368, 33.185988,   15, 0.39,    8, 0.000, 0.000, 0.100,  8
update,   1368,   38,  528, 20.902569, 0.000000
train,    1369, 43.764649,   13, 0.35,    7, 0.000, 0.000, 0.100,  8
val,      1369, 25.889636, 0.2302,  15.5866,   6.9627, 0.6978,  20.7952
train,    1370, 33.313921,   16, 0.42,    6, 0.000, 0.000, 0.100,  8
train,    1371, 40.261318,   17, 0.39,    6, 0.000, 0.000, 0.100,  8
train,    1372, 40.339654,   16, 0.38,    5, 0.000, 0.000, 0.100,  8
train,    1373, 27.573363,   15, 0.40,    6, 0.000, 0.000, 0.100,  8
train,    1374, 47.000000,   16, 0.37,    6, 0.000, 0.000, 0.100,  8
train,    1375, 31.116390,   15, 0.31,    6, 0.000, 0.000, 0.100,  8
train,    1376, 47.000000,   15, 0.35,    6, 0.000, 0.000, 0.100,  8
train,    1377, 47.000000,   16, 0.33,    4, 0.000, 0.000, 0.100,  8
train,    1378, 39.782131,   17, 0.36,    4, 0.000, 0.000, 0.100,  8
train,    1379, 39.524851,   17, 0.38,    7, 0.000, 0.000, 0.100,  8
val,      1379, 26.044869, 0.2505,  15.9361,   7.3284, 0.6800,  20.7383
train,    1380, 40.589026,   16, 0.38,    6, 0.000, 0.000, 0.100,  8
train,    1381, 44.628245,   15, 0.38,    6, 0.000, 0.000, 0.100,  8
train,    1382, 46.749586,   15, 0.37,    5, 0.000, 0.000, 0.100,  8
train,    1383, 46.159070,   17, 0.41,    6, 0.000, 0.000, 0.100,  8
train,    1384, 31.970700,   15, 0.35,    4, 0.000, 0.000, 0.100,  8
train,    1385, 27.068337,   16, 0.37,    5, 0.000, 0.000, 0.100,  8
train,    1386, 40.462676,   16, 0.44,    7, 0.000, 0.000, 0.100,  8
train,    1387, 34.132087,   17, 0.28,    7, 0.000, 0.000, 0.100,  8
train,    1388, 37.714755,   15, 0.34,    4, 0.000, 0.000, 0.100,  8
train,    1389, 32.147237,   15, 0.29,    5, 0.000, 0.000, 0.100,  8
val,      1389, 20.098901, 0.2628,  16.0362,   6.9054, 0.7304,  20.7947
train,    1390, 35.127416,   14, 0.32,    4, 0.000, 0.000, 0.100,  8
train,    1391, 34.324874,   17, 0.32,    5, 0.000, 0.000, 0.100,  8
train,    1392, 30.380350,   17, 0.44,    5, 0.000, 0.000, 0.100,  8
train,    1393, 29.996227,   16, 0.35,    5, 0.000, 0.000, 0.100,  8
train,    1394, 26.402875,   15, 0.39,    5, 0.000, 0.000, 0.100,  8
train,    1395, 26.732735,   15, 0.34,    7, 0.000, 0.000, 0.100,  8
train,    1396, 42.813400,   14, 0.41,    5, 0.000, 0.000, 0.100,  8
train,    1397, 14.904369,   17, 0.37,    4, 0.000, 0.000, 0.100,  8
train,    1398, 22.157040,   16, 0.42,    5, 0.000, 0.000, 0.100,  8
train,    1399, 20.820496,   18, 0.33,    6, 0.000, 0.000, 0.100,  8
val,      1399, 21.719952, 0.2496,  16.1302,   7.1792, 0.7327,  20.7021
train,    1400, 11.454317,   16, 0.37,    5, 0.000, 0.000, 0.100,  8
train,    1401, 21.667353,   16, 0.33,    4, 0.000, 0.000, 0.100,  8
train,    1402, 28.709629,   15, 0.37,    4, 0.000, 0.000, 0.100,  8
train,    1403, 12.714180,   16, 0.34,    5, 0.000, 0.000, 0.100,  8
train,    1404, 16.601919,   15, 0.41,    3, 0.000, 0.000, 0.100,  8
update,   1404,   39,  513, 22.814316, 0.000000
train,    1405, 14.390004,   16, 0.38,    3, 0.000, 0.000, 0.100,  8
train,    1406, 9.090042,   15, 0.39,    5, 0.000, 0.000, 0.100,  8
train,    1407, 23.915602,   16, 0.35,    3, 0.000, 0.000, 0.100,  8
train,    1408, 15.005773,   17, 0.37,    5, 0.000, 0.000, 0.100,  8
train,    1409, 19.593345,   14, 0.42,    6, 0.000, 0.000, 0.100,  8
val,      1409, 23.338129, 0.2084,  15.9430,   7.1138, 0.7208,  20.7377
train,    1410, 24.873104,   17, 0.33,    5, 0.000, 0.000, 0.100,  8
train,    1411, 12.839279,   16, 0.40,    4, 0.000, 0.000, 0.100,  8
train,    1412, 25.340115,   15, 0.36,    4, 0.000, 0.000, 0.100,  8
train,    1413, 22.884133,   16, 0.36,    4, 0.000, 0.000, 0.100,  8
train,    1414, 22.107490,   16, 0.35,    4, 0.000, 0.000, 0.100,  8
train,    1415, 20.759787,   16, 0.33,    4, 0.000, 0.000, 0.100,  8
train,    1416, 37.639880,   14, 0.36,    4, 0.000, 0.000, 0.100,  8
train,    1417, 25.063849,   17, 0.36,    5, 0.000, 0.000, 0.100,  8
train,    1418, 17.285696,   17, 0.34,    3, 0.000, 0.000, 0.100,  8
train,    1419, 31.830625,   17, 0.42,    4, 0.000, 0.000, 0.100,  8
val,      1419, 24.853954, 0.2422,  16.0903,   6.6568, 0.7309,  20.7805
train,    1420, 43.696631,   15, 0.34,    4, 0.000, 0.000, 0.100,  8
train,    1421, 29.301764,   18, 0.30,    5, 0.000, 0.000, 0.100,  8
train,    1422, 29.926097,   16, 0.33,    3, 0.000, 0.000, 0.100,  8
train,    1423, 37.676437,   17, 0.35,    5, 0.000, 0.000, 0.100,  8
train,    1424, 40.618194,   15, 0.37,    5, 0.000, 0.000, 0.100,  8
train,    1425, 41.372677,   16, 0.38,    5, 0.000, 0.000, 0.100,  8
train,    1426, 39.286282,   15, 0.39,    5, 0.000, 0.000, 0.100,  8
train,    1427, 36.983982,   17, 0.32,    5, 0.000, 0.000, 0.100,  8
train,    1428, 36.627125,   16, 0.37,    4, 0.000, 0.000, 0.100,  8
train,    1429, 26.256283,   18, 0.33,    4, 0.000, 0.000, 0.100,  8
val,      1429, 23.612141, 0.1971,  15.9762,   7.1499, 0.7082,  20.7865
train,    1430, 35.876979,   17, 0.35,    5, 0.000, 0.000, 0.100,  8
train,    1431, 43.897192,   15, 0.40,    5, 0.000, 0.000, 0.100,  8
train,    1432, 34.209833,   15, 0.33,    6, 0.000, 0.000, 0.100,  8
train,    1433, 40.446289,   16, 0.34,    4, 0.000, 0.000, 0.100,  8
train,    1434, 25.839839,   16, 0.37,    6, 0.000, 0.000, 0.100,  8
train,    1435, 23.822419,   16, 0.32,    5, 0.000, 0.000, 0.100,  8
train,    1436, 20.149874,   14, 0.31,    6, 0.000, 0.000, 0.100,  8
train,    1437, 32.713764,   17, 0.34,    5, 0.000, 0.000, 0.100,  8
train,    1438, 4.081042,   16, 0.39,    4, 0.000, 0.000, 0.100,  8
train,    1439, 30.077590,   15, 0.28,    5, 0.000, 0.000, 0.100,  8
val,      1439, 27.896969, 0.2203,  15.7651,   7.1191, 0.7587,  20.8519
train,    1440, 13.416534,   14, 0.34,    5, 0.000, 0.000, 0.100,  8
update,   1440,   40,  516, 27.452016, 0.000000
train,    1441, 15.574854,   15, 0.38,    6, 0.000, 0.000, 0.100,  8
train,    1442, 21.202375,   17, 0.37,    5, 0.000, 0.000, 0.100,  8
train,    1443, 22.490803,   15, 0.42,    6, 0.000, 0.000, 0.100,  8
train,    1444, 16.179775,   17, 0.30,    7, 0.000, 0.000, 0.100,  8
train,    1445, -3.654595,   16, 0.40,    5, 0.000, 0.000, 0.100,  8
train,    1446, 18.347665,   16, 0.41,    7, 0.000, 0.000, 0.100,  8
train,    1447, 7.818196,   15, 0.33,    7, 0.000, 0.000, 0.100,  8
train,    1448, 13.121663,   14, 0.36,    4, 0.000, 0.000, 0.100,  8
train,    1449, 14.399569,   14, 0.37,    7, 0.000, 0.000, 0.100,  8
val,      1449, 30.032593, 0.2383,  15.7629,   7.3744, 0.6924,  20.6998
train,    1450, 13.809315,   16, 0.42,    6, 0.000, 0.000, 0.100,  8
train,    1451, 7.740391,   17, 0.38,    6, 0.000, 0.000, 0.100,  8
train,    1452, 8.132044,   16, 0.36,    7, 0.000, 0.000, 0.100,  8
train,    1453, 14.461083,   13, 0.34,    7, 0.000, 0.000, 0.100,  8
train,    1454, 12.161203,   17, 0.30,    5, 0.000, 0.000, 0.100,  8
train,    1455, 17.684103,   17, 0.34,    7, 0.000, 0.000, 0.100,  8
train,    1456, 24.391070,   16, 0.40,    7, 0.000, 0.000, 0.100,  8
train,    1457, 23.259292,   15, 0.32,    8, 0.000, 0.000, 0.100,  8
train,    1458, 10.653279,   14, 0.36,    7, 0.000, 0.000, 0.100,  8
train,    1459, 23.752617,   15, 0.34,    7, 0.000, 0.000, 0.100,  8
val,      1459, 26.678854, 0.2331,  15.3861,   6.8925, 0.7133,  20.7199
train,    1460, 17.493769,   17, 0.41,    8, 0.000, 0.000, 0.100,  8
train,    1461, 21.843947,   15, 0.30,   10, 0.000, 0.000, 0.100,  8
train,    1462, 31.609177,   15, 0.41,    8, 0.000, 0.000, 0.100,  8
train,    1463, 25.665330,   17, 0.39,    8, 0.000, 0.000, 0.100,  8
train,    1464, 31.737911,   16, 0.35,    8, 0.000, 0.000, 0.100,  8
train,    1465, 29.687231,   16, 0.38,    8, 0.000, 0.000, 0.100,  8
train,    1466, 30.565655,   17, 0.44,    7, 0.000, 0.000, 0.100,  8
train,    1467, 32.080577,   17, 0.34,    6, 0.000, 0.000, 0.100,  8
train,    1468, 44.526758,   18, 0.33,    8, 0.000, 0.000, 0.100,  8
train,    1469, 33.607607,   15, 0.29,    6, 0.000, 0.000, 0.100,  8
val,      1469, 23.245857, 0.2108,  16.0290,   7.0250, 0.7233,  20.7248
train,    1470, 47.000000,   16, 0.36,    7, 0.000, 0.000, 0.100,  8
train,    1471, 47.000000,   15, 0.41,    8, 0.000, 0.000, 0.100,  8
train,    1472, 27.500006,   16, 0.31,    8, 0.000, 0.000, 0.100,  8
train,    1473, 36.632084,   16, 0.33,    8, 0.000, 0.000, 0.100,  8
train,    1474, 29.684635,   16, 0.40,    8, 0.000, 0.000, 0.100,  8
train,    1475, 34.441994,   15, 0.35,    6, 0.000, 0.000, 0.100,  8
train,    1476, 41.375119,   17, 0.32,    7, 0.000, 0.000, 0.100,  8
update,   1476,   41,  507, 28.013718, 0.000000
train,    1477, 32.081155,   17, 0.37,    8, 0.000, 0.000, 0.100,  8
train,    1478, 38.172519,   17, 0.36,    7, 0.000, 0.000, 0.100,  8
train,    1479, 37.251930,   16, 0.37,    8, 0.000, 0.000, 0.100,  8
val,      1479, 20.517785, 0.2688,  16.1452,   7.0569, 0.7065,  20.7791
train,    1480, 39.948895,   16, 0.31,    7, 0.000, 0.000, 0.100,  8
train,    1481, 31.942612,   15, 0.35,    9, 0.000, 0.000, 0.100,  8
train,    1482, 40.978241,   16, 0.34,    9, 0.000, 0.000, 0.100,  8
train,    1483, 30.828109,   15, 0.37,    8, 0.000, 0.000, 0.100,  8
train,    1484, 32.664909,   17, 0.39,    7, 0.000, 0.000, 0.100,  8
train,    1485, 33.833653,   16, 0.36,    8, 0.000, 0.000, 0.100,  8
train,    1486, 42.413560,   16, 0.32,    9, 0.000, 0.000, 0.100,  8
train,    1487, 13.029261,   17, 0.40,    9, 0.000, 0.000, 0.100,  8
train,    1488, 11.193578,   17, 0.32,    8, 0.000, 0.000, 0.100,  8
train,    1489, 34.342738,   16, 0.29,    6, 0.000, 0.000, 0.100,  8
val,      1489, 23.537677, 0.2141,  16.2150,   7.3004, 0.7143,  20.7821
train,    1490, 18.802184,   16, 0.37,    7, 0.000, 0.000, 0.100,  8
train,    1491, 20.275048,   15, 0.35,    7, 0.000, 0.000, 0.100,  8
train,    1492, 22.605623,   17, 0.23,    7, 0.000, 0.000, 0.100,  8
train,    1493, 23.704473,   17, 0.31,   10, 0.000, 0.000, 0.100,  8
train,    1494, 19.242402,   17, 0.32,    7, 0.000, 0.000, 0.100,  8
train,    1495, 17.886625,   16, 0.40,    7, 0.000, 0.000, 0.100,  8
train,    1496, 26.417883,   16, 0.36,    9, 0.000, 0.000, 0.100,  8
train,    1497, 29.640774,   17, 0.39,    7, 0.000, 0.000, 0.100,  8
train,    1498, 26.178305,   16, 0.37,    7, 0.000, 0.000, 0.100,  8
train,    1499, 26.716317,   17, 0.32,    9, 0.000, 0.000, 0.100,  8
val,      1499, 20.764898, 0.2895,  16.0105,   7.0796, 0.7152,  20.8517
train,    1500, 9.408778,   16, 0.36,    8, 0.000, 0.000, 0.100,  8
train,    1501, 22.426941,   16, 0.27,    7, 0.000, 0.000, 0.100,  8
train,    1502, 18.045785,   17, 0.32,    7, 0.000, 0.000, 0.100,  8
train,    1503, 24.120835,   17, 0.33,    7, 0.000, 0.000, 0.100,  8
train,    1504, 23.420105,   15, 0.32,    7, 0.000, 0.000, 0.100,  8
train,    1505, 18.162468,   16, 0.37,    7, 0.000, 0.000, 0.100,  8
train,    1506, 23.027106,   16, 0.37,    7, 0.000, 0.000, 0.100,  8
train,    1507, 30.415036,   16, 0.36,    8, 0.000, 0.000, 0.100,  8
train,    1508, 25.069694,   16, 0.37,    7, 0.000, 0.000, 0.100,  8
train,    1509, 41.991953,   15, 0.34,    9, 0.000, 0.000, 0.100,  8
val,      1509, 29.376742, 0.2123,  16.1338,   7.2176, 0.7162,  20.7210
train,    1510, 31.079010,   16, 0.33,    6, 0.000, 0.000, 0.100,  8
train,    1511, 40.297604,   15, 0.28,    9, 0.000, 0.000, 0.100,  8
train,    1512, 36.997398,   16, 0.34,    6, 0.000, 0.000, 0.100,  8
update,   1512,   42,  517, 25.908559, 0.000000
train,    1513, 41.566663,   15, 0.31,    6, 0.000, 0.000, 0.100,  8
train,    1514, 34.320943,   16, 0.31,    7, 0.000, 0.000, 0.100,  8
train,    1515, 32.327963,   16, 0.37,    5, 0.000, 0.000, 0.100,  8
train,    1516, 47.000000,   17, 0.36,    6, 0.000, 0.000, 0.100,  8
train,    1517, 47.000000,   18, 0.38,    5, 0.000, 0.000, 0.100,  8
train,    1518, 37.197248,   17, 0.36,    5, 0.000, 0.000, 0.100,  8
train,    1519, 47.000000,   14, 0.39,    5, 0.000, 0.000, 0.100,  8
val,      1519, 26.029113, 0.1752,  15.7104,   7.3112, 0.7402,  20.7024
train,    1520, 47.000000,   18, 0.30,    5, 0.000, 0.000, 0.100,  8
train,    1521, 39.524945,   16, 0.31,    6, 0.000, 0.000, 0.100,  8
train,    1522, 32.550366,   15, 0.34,    5, 0.000, 0.000, 0.100,  8
train,    1523, 43.719617,   17, 0.30,    5, 0.000, 0.000, 0.100,  8
train,    1524, 34.770654,   16, 0.37,    4, 0.000, 0.000, 0.100,  8
train,    1525, 27.683517,   15, 0.35,    5, 0.000, 0.000, 0.100,  8
train,    1526, 30.930988,   16, 0.37,    4, 0.000, 0.000, 0.100,  8
train,    1527, 37.272022,   17, 0.34,    6, 0.000, 0.000, 0.100,  8
train,    1528, 36.598524,   17, 0.36,    7, 0.000, 0.000, 0.100,  8
train,    1529, 39.545110,   16, 0.34,    6, 0.000, 0.000, 0.100,  8
val,      1529, 38.279864, 0.2419,  15.9355,   7.1991, 0.7262,  20.6607
train,    1530, 37.072479,   16, 0.32,    5, 0.000, 0.000, 0.100,  8
train,    1531, 30.317569,   14, 0.31,    4, 0.000, 0.000, 0.100,  8
train,    1532, 25.298716,   16, 0.35,    4, 0.000, 0.000, 0.100,  8
train,    1533, 25.960719,   15, 0.35,    7, 0.000, 0.000, 0.100,  8
train,    1534, 23.592709,   15, 0.37,    5, 0.000, 0.000, 0.100,  8
train,    1535, 18.725013,   17, 0.36,    5, 0.000, 0.000, 0.100,  8
train,    1536, 16.909029,   16, 0.32,    5, 0.000, 0.000, 0.100,  8
train,    1537, 22.313266,   16, 0.35,    5, 0.000, 0.000, 0.100,  8
train,    1538, 24.773299,   17, 0.31,    7, 0.000, 0.000, 0.100,  8
train,    1539, 6.286300,   14, 0.34,    5, 0.000, 0.000, 0.100,  8
val,      1539, 30.605749, 0.2223,  15.9124,   6.9662, 0.7374,  20.7930
train,    1540, 12.806966,   16, 0.37,    5, 0.000, 0.000, 0.100,  8
train,    1541, 23.252446,   17, 0.31,    5, 0.000, 0.000, 0.100,  8
train,    1542, 8.071668,   15, 0.32,    5, 0.000, 0.000, 0.100,  8
train,    1543, 8.683419,   16, 0.34,    4, 0.000, 0.000, 0.100,  8
train,    1544, 8.411777,   15, 0.34,    4, 0.000, 0.000, 0.100,  8
train,    1545, 10.180934,   16, 0.40,    6, 0.000, 0.000, 0.100,  8
train,    1546, 22.986137,   16, 0.38,    4, 0.000, 0.000, 0.100,  8
train,    1547, 7.338613,   18, 0.31,    5, 0.000, 0.000, 0.100,  8
train,    1548, 15.674973,   14, 0.30,    4, 0.000, 0.000, 0.100,  8
update,   1548,   43,  516, 28.209479, 0.000000
train,    1549, 33.723312,   16, 0.33,    4, 0.000, 0.000, 0.100,  8
val,      1549, 30.941224, 0.1937,  15.8261,   6.8909, 0.7307,  20.9194
train,    1550, 10.615439,   14, 0.31,    5, 0.000, 0.000, 0.100,  8
train,    1551, 23.646104,   17, 0.37,    4, 0.000, 0.000, 0.100,  8
train,    1552, 16.779973,   16, 0.37,    5, 0.000, 0.000, 0.100,  8
train,    1553, 25.303532,   18, 0.36,    4, 0.000, 0.000, 0.100,  8
train,    1554, 35.961501,   16, 0.31,    3, 0.000, 0.000, 0.100,  8
train,    1555, 21.971833,   16, 0.41,    4, 0.000, 0.000, 0.100,  8
train,    1556, 34.295782,   18, 0.30,    5, 0.000, 0.000, 0.100,  8
train,    1557, 22.655587,   15, 0.36,    5, 0.000, 0.000, 0.100,  8
train,    1558, 30.564593,   17, 0.42,    3, 0.000, 0.000, 0.100,  8
train,    1559, 28.394870,   15, 0.31,    4, 0.000, 0.000, 0.100,  8
val,      1559, 29.213297, 0.2440,  15.4873,   7.0528, 0.6960,  20.7329
train,    1560, 32.374472,   17, 0.34,    5, 0.000, 0.000, 0.100,  8
train,    1561, 35.208274,   15, 0.41,    5, 0.000, 0.000, 0.100,  8
train,    1562, 12.960679,   15, 0.41,    5, 0.000, 0.000, 0.100,  8
train,    1563, 41.280512,   15, 0.29,    3, 0.000, 0.000, 0.100,  8
train,    1564, 26.345691,   17, 0.35,    4, 0.000, 0.000, 0.100,  8
train,    1565, 28.350732,   18, 0.37,    4, 0.000, 0.000, 0.100,  8
train,    1566, 40.004777,   15, 0.37,    5, 0.000, 0.000, 0.100,  8
train,    1567, 42.277347,   16, 0.35,    5, 0.000, 0.000, 0.100,  8
train,    1568, 42.528520,   15, 0.31,    5, 0.000, 0.000, 0.100,  8
train,    1569, 35.443436,   14, 0.34,    6, 0.000, 0.000, 0.100,  8
val,      1569, 25.294689, 0.1903,  15.6456,   7.0299, 0.7737,  20.7800
train,    1570, 23.175232,   15, 0.35,    3, 0.000, 0.000, 0.100,  8
train,    1571, 39.352189,   16, 0.33,    5, 0.000, 0.000, 0.100,  8
train,    1572, 26.279746,   14, 0.33,    5, 0.000, 0.000, 0.100,  8
train,    1573, 27.054698,   14, 0.30,    3, 0.000, 0.000, 0.100,  8
train,    1574, 23.439703,   16, 0.37,    5, 0.000, 0.000, 0.100,  8
train,    1575, 27.382864,   15, 0.36,    6, 0.000, 0.000, 0.100,  8
train,    1576, 18.056962,   17, 0.32,    4, 0.000, 0.000, 0.100,  8
train,    1577, 22.859635,   16, 0.34,    6, 0.000, 0.000, 0.100,  8
train,    1578, 32.381595,   16, 0.37,    5, 0.000, 0.000, 0.100,  8
train,    1579, 26.020425,   17, 0.37,    5, 0.000, 0.000, 0.100,  8
val,      1579, 22.938606, 0.2422,  15.9479,   7.1196, 0.7180,  20.7864
train,    1580, 25.843394,   15, 0.33,    4, 0.000, 0.000, 0.100,  8
train,    1581, 31.999784,   16, 0.37,    5, 0.000, 0.000, 0.100,  8
train,    1582, 14.027011,   17, 0.33,    6, 0.000, 0.000, 0.100,  8
train,    1583, 17.977333,   16, 0.34,    6, 0.000, 0.000, 0.100,  8
train,    1584, 22.213047,   16, 0.34,    6, 0.000, 0.000, 0.100,  8
update,   1584,   44,  520, 32.101641, 0.000000
train,    1585, 18.089173,   16, 0.37,    7, 0.000, 0.000, 0.100,  8
train,    1586, 19.972175,   16, 0.31,    8, 0.000, 0.000, 0.100,  8
train,    1587, 17.177529,   16, 0.33,    8, 0.000, 0.000, 0.100,  8
train,    1588, 11.854894,   16, 0.35,    6, 0.000, 0.000, 0.100,  8
train,    1589, 14.762623,   17, 0.33,    5, 0.000, 0.000, 0.100,  8
val,      1589, 26.321419, 0.1957,  16.2331,   6.8367, 0.7255,  20.7135
train,    1590, 23.386570,   16, 0.38,    7, 0.000, 0.000, 0.100,  8
train,    1591, 20.062033,   17, 0.38,    7, 0.000, 0.000, 0.100,  8
train,    1592, 24.148116,   17, 0.27,    6, 0.000, 0.000, 0.100,  8
train,    1593, 24.435610,   16, 0.38,    8, 0.000, 0.000, 0.100,  8
train,    1594, 26.642780,   16, 0.33,    7, 0.000, 0.000, 0.100,  8
train,    1595, 18.065254,   16, 0.35,    6, 0.000, 0.000, 0.100,  8
train,    1596, 28.771350,   16, 0.28,    5, 0.000, 0.000, 0.100,  8
train,    1597, 22.748571,   17, 0.31,    6, 0.000, 0.000, 0.100,  8
train,    1598, 20.777890,   17, 0.33,    6, 0.000, 0.000, 0.100,  8
train,    1599, 19.705004,   16, 0.30,    7, 0.000, 0.000, 0.100,  8
val,      1599, 23.809246, 0.2089,  15.9646,   7.0882, 0.7460,  20.8006
train,    1600, 31.352732,   16, 0.35,    7, 0.000, 0.000, 0.100,  8
train,    1601, 30.868631,   15, 0.33,    6, 0.000, 0.000, 0.100,  8
train,    1602, 29.615121,   17, 0.37,    8, 0.000, 0.000, 0.100,  8
train,    1603, 22.878052,   17, 0.39,    7, 0.000, 0.000, 0.100,  8
train,    1604, 41.605748,   17, 0.36,    7, 0.000, 0.000, 0.100,  8
train,    1605, 32.460309,   16, 0.38,    8, 0.000, 0.000, 0.100,  8
train,    1606, 41.600017,   18, 0.35,    8, 0.000, 0.000, 0.100,  8
train,    1607, 32.564595,   17, 0.35,    7, 0.000, 0.000, 0.100,  8
train,    1608, 47.000000,   16, 0.32,    7, 0.000, 0.000, 0.100,  8
train,    1609, 37.351628,   16, 0.32,    7, 0.000, 0.000, 0.100,  8
val,      1609, 29.780469, 0.2411,  16.2671,   7.1449, 0.7292,  20.7560
train,    1610, 41.988277,   16, 0.35,    7, 0.000, 0.000, 0.100,  8
train,    1611, 31.646794,   15, 0.40,    7, 0.000, 0.000, 0.100,  8
train,    1612, 40.480239,   15, 0.32,    7, 0.000, 0.000, 0.100,  8
train,    1613, 44.751736,   16, 0.36,    7, 0.000, 0.000, 0.100,  8
train,    1614, 40.638269,   17, 0.35,    8, 0.000, 0.000, 0.100,  8
train,    1615, 40.293270,   16, 0.36,    9, 0.000, 0.000, 0.100,  8
train,    1616, 43.072551,   15, 0.33,    8, 0.000, 0.000, 0.100,  8
train,    1617, 42.656730,   16, 0.34,    8, 0.000, 0.000, 0.100,  8
train,    1618, 32.240995,   16, 0.31,    9, 0.000, 0.000, 0.100,  8
train,    1619, 32.913991,   16, 0.33,    8, 0.000, 0.000, 0.100,  8
val,      1619, 33.446092, 0.2139,  15.7637,   6.9983, 0.7440,  20.8173
train,    1620, 40.194953,   17, 0.33,    9, 0.000, 0.000, 0.100,  8
update,   1620,   45,  527, 29.133639, 0.000000
train,    1621, 25.337080,   15, 0.39,    7, 0.000, 0.000, 0.100,  8
train,    1622, 32.442189,   15, 0.31,    8, 0.000, 0.000, 0.100,  8
train,    1623, 35.890683,   16, 0.34,    8, 0.000, 0.000, 0.100,  8
train,    1624, 29.663804,   15, 0.38,    9, 0.000, 0.000, 0.100,  8
train,    1625, 29.343430,   16, 0.32,    6, 0.000, 0.000, 0.100,  8
train,    1626, 28.264734,   18, 0.33,    7, 0.000, 0.000, 0.100,  8
train,    1627, 27.851176,   15, 0.28,    8, 0.000, 0.000, 0.100,  8
train,    1628, 25.332969,   17, 0.34,    9, 0.000, 0.000, 0.100,  8
train,    1629, 32.195375,   16, 0.37,    8, 0.000, 0.000, 0.100,  8
val,      1629, 31.439523, 0.1940,  16.2879,   6.9037, 0.7504,  20.7472
train,    1630, 30.996782,   16, 0.33,    7, 0.000, 0.000, 0.100,  8
train,    1631, 37.340301,   17, 0.33,    7, 0.000, 0.000, 0.100,  8
train,    1632, 18.388713,   17, 0.32,    6, 0.000, 0.000, 0.100,  8
train,    1633, 24.411339,   15, 0.30,   11, 0.000, 0.000, 0.100,  8
train,    1634, 9.360746,   16, 0.31,    7, 0.000, 0.000, 0.100,  8
train,    1635, 18.954492,   17, 0.30,    8, 0.000, 0.000, 0.100,  8
train,    1636, 27.212082,   17, 0.29,    7, 0.000, 0.000, 0.100,  8
train,    1637, 19.587730,   17, 0.37,    8, 0.000, 0.000, 0.100,  8
train,    1638, 19.234464,   15, 0.38,   10, 0.000, 0.000, 0.100,  8
train,    1639, 9.635095,   16, 0.28,    7, 0.000, 0.000, 0.100,  8
val,      1639, 32.869862, 0.2132,  16.0568,   7.1835, 0.7522,  20.8468
train,    1640, 23.153976,   16, 0.32,    7, 0.000, 0.000, 0.100,  8
train,    1641, 16.948727,   15, 0.36,    8, 0.000, 0.000, 0.100,  8
train,    1642, 11.812436,   18, 0.34,    7, 0.000, 0.000, 0.100,  8
train,    1643, 18.423041,   16, 0.31,    7, 0.000, 0.000, 0.100,  8
train,    1644, 13.527980,   16, 0.34,    7, 0.000, 0.000, 0.100,  8
train,    1645, 23.082175,   16, 0.39,    7, 0.000, 0.000, 0.100,  8
train,    1646, 20.837974,   17, 0.35,    8, 0.000, 0.000, 0.100,  8
train,    1647, 18.753690,   16, 0.36,    7, 0.000, 0.000, 0.100,  8
train,    1648, 22.708278,   15, 0.34,    6, 0.000, 0.000, 0.100,  8
train,    1649, 24.327186,   17, 0.37,    6, 0.000, 0.000, 0.100,  8
val,      1649, 26.886859, 0.2291,  16.1454,   6.8625, 0.7630,  20.8295
train,    1650, 21.150434,   15, 0.37,    6, 0.000, 0.000, 0.100,  8
train,    1651, 18.490390,   16, 0.34,    5, 0.000, 0.000, 0.100,  8
train,    1652, 20.312996,   17, 0.36,    7, 0.000, 0.000, 0.100,  8
train,    1653, 30.922274,   18, 0.32,    7, 0.000, 0.000, 0.100,  8
train,    1654, 29.868285,   16, 0.37,    8, 0.000, 0.000, 0.100,  8
train,    1655, 36.047344,   16, 0.30,    8, 0.000, 0.000, 0.100,  8
train,    1656, 30.524306,   15, 0.38,    8, 0.000, 0.000, 0.100,  8
update,   1656,   46,  519, 25.809515, 0.000000
train,    1657, 43.002912,   18, 0.32,    6, 0.000, 0.000, 0.100,  8
train,    1658, 40.945268,   15, 0.34,    7, 0.000, 0.000, 0.100,  8
train,    1659, 26.930091,   15, 0.36,    5, 0.000, 0.000, 0.100,  8
val,      1659, 24.403116, 0.2110,  16.2846,   7.0235, 0.7391,  20.8166
train,    1660, 41.279173,   16, 0.36,    7, 0.000, 0.000, 0.100,  8
train,    1661, 42.282393,   16, 0.35,    5, 0.000, 0.000, 0.100,  8
train,    1662, 38.155490,   15, 0.36,    8, 0.000, 0.000, 0.100,  8
train,    1663, 32.923290,   16, 0.33,    6, 0.000, 0.000, 0.100,  8
train,    1664, 23.726178,   17, 0.35,    6, 0.000, 0.000, 0.100,  8
train,    1665, 28.991372,   16, 0.33,    5, 0.000, 0.000, 0.100,  8
train,    1666, 25.164991,   15, 0.32,    6, 0.000, 0.000, 0.100,  8
train,    1667, 27.552070,   16, 0.40,    7, 0.000, 0.000, 0.100,  8
train,    1668, 39.342982,   17, 0.34,    4, 0.000, 0.000, 0.100,  8
train,    1669, 26.889856,   15, 0.40,    5, 0.000, 0.000, 0.100,  8
val,      1669, 22.836480, 0.2075,  16.1803,   7.0124, 0.7726,  20.7902
train,    1670, 32.069557,   15, 0.32,    4, 0.000, 0.000, 0.100,  8
train,    1671, 28.732328,   15, 0.37,    4, 0.000, 0.000, 0.100,  8
train,    1672, 37.155380,   16, 0.33,    4, 0.000, 0.000, 0.100,  8
train,    1673, 25.040990,   17, 0.34,    4, 0.000, 0.000, 0.100,  8
train,    1674, 33.317941,   17, 0.33,    5, 0.000, 0.000, 0.100,  8
train,    1675, 15.740018,   16, 0.41,    4, 0.000, 0.000, 0.100,  8
train,    1676, 18.244622,   17, 0.27,    6, 0.000, 0.000, 0.100,  8
train,    1677, 19.547210,   16, 0.37,    4, 0.000, 0.000, 0.100,  8
train,    1678, 14.050488,   16, 0.34,    4, 0.000, 0.000, 0.100,  8
train,    1679, 22.089486,   17, 0.35,    5, 0.000, 0.000, 0.100,  8
val,      1679, 22.370606, 0.2416,  15.8644,   7.0893, 0.7190,  20.7692
train,    1680, 17.466202,   14, 0.38,    5, 0.000, 0.000, 0.100,  8
train,    1681, 17.917677,   16, 0.32,    4, 0.000, 0.000, 0.100,  8
train,    1682, 13.097208,   15, 0.36,    4, 0.000, 0.000, 0.100,  8
train,    1683, 13.015970,   16, 0.31,    4, 0.000, 0.000, 0.100,  8
train,    1684, 8.945525,   17, 0.36,    4, 0.000, 0.000, 0.100,  8
train,    1685, 32.090937,   17, 0.28,    5, 0.000, 0.000, 0.100,  8
train,    1686, 16.343721,   16, 0.32,    5, 0.000, 0.000, 0.100,  8
train,    1687, 13.083366,   17, 0.35,    5, 0.000, 0.000, 0.100,  8
train,    1688, 9.281623,   15, 0.31,    5, 0.000, 0.000, 0.100,  8
train,    1689, 13.921999,   16, 0.31,    3, 0.000, 0.000, 0.100,  8
val,      1689, 21.266961, 0.2286,  16.3120,   6.9393, 0.7478,  20.8651
train,    1690, 10.434881,   16, 0.40,    4, 0.000, 0.000, 0.100,  8
train,    1691, 12.310695,   16, 0.32,    5, 0.000, 0.000, 0.100,  8
train,    1692, 27.156559,   16, 0.34,    5, 0.000, 0.000, 0.100,  8
update,   1692,   47,  519, 30.533788, 0.000000
train,    1693, 28.849661,   16, 0.37,    4, 0.000, 0.000, 0.100,  8
train,    1694, 18.417698,   16, 0.38,    4, 0.000, 0.000, 0.100,  8
train,    1695, 23.192858,   18, 0.33,    4, 0.000, 0.000, 0.100,  8
train,    1696, 29.630527,   15, 0.33,    4, 0.000, 0.000, 0.100,  8
train,    1697, 29.205578,   16, 0.36,    3, 0.000, 0.000, 0.100,  8
train,    1698, 35.058683,   16, 0.35,    4, 0.000, 0.000, 0.100,  8
train,    1699, 30.575294,   17, 0.31,    3, 0.000, 0.000, 0.100,  8
val,      1699, 25.279363, 0.2177,  15.7350,   7.2011, 0.7538,  20.8298
train,    1700, 33.658643,   16, 0.36,    4, 0.000, 0.000, 0.100,  8
train,    1701, 35.815884,   17, 0.34,    5, 0.000, 0.000, 0.100,  8
train,    1702, 43.481079,   15, 0.27,    4, 0.000, 0.000, 0.100,  8
train,    1703, 32.860397,   16, 0.33,    3, 0.000, 0.000, 0.100,  8
train,    1704, 45.651572,   16, 0.35,    4, 0.000, 0.000, 0.100,  8
train,    1705, 47.000000,   16, 0.32,    4, 0.000, 0.000, 0.100,  8
train,    1706, 46.864656,   16, 0.37,    5, 0.000, 0.000, 0.100,  8
train,    1707, 41.353432,   18, 0.34,    3, 0.000, 0.000, 0.100,  8
train,    1708, 32.021168,   15, 0.32,    6, 0.000, 0.000, 0.100,  8
train,    1709, 40.530222,   16, 0.34,    3, 0.000, 0.000, 0.100,  8
val,      1709, 28.416818, 0.2304,  16.1072,   7.0695, 0.7148,  20.7410
train,    1710, 38.846071,   16, 0.38,    5, 0.000, 0.000, 0.100,  8
train,    1711, 39.720777,   16, 0.39,    4, 0.000, 0.000, 0.100,  8
train,    1712, 37.598284,   16, 0.32,    5, 0.000, 0.000, 0.100,  8
train,    1713, 34.803417,   16, 0.28,    4, 0.000, 0.000, 0.100,  8
train,    1714, 46.194966,   16, 0.33,    6, 0.000, 0.000, 0.100,  8
train,    1715, 40.164687,   16, 0.33,    4, 0.000, 0.000, 0.100,  8
train,    1716, 39.556195,   16, 0.35,    4, 0.000, 0.000, 0.100,  8
train,    1717, 19.236173,   17, 0.32,    5, 0.000, 0.000, 0.100,  8
train,    1718, 45.135446,   16, 0.30,    5, 0.000, 0.000, 0.100,  8
train,    1719, 28.335864,   17, 0.33,    3, 0.000, 0.000, 0.100,  8
val,      1719, 31.956512, 0.2502,  15.7625,   7.0673, 0.7280,  20.8883
train,    1720, 30.941467,   17, 0.32,    5, 0.000, 0.000, 0.100,  8
train,    1721, 33.488818,   15, 0.34,    5, 0.000, 0.000, 0.100,  8
train,    1722, 23.276543,   15, 0.34,    3, 0.000, 0.000, 0.100,  8
train,    1723, 35.243545,   17, 0.36,    5, 0.000, 0.000, 0.100,  8
train,    1724, 22.414647,   16, 0.34,    4, 0.000, 0.000, 0.100,  8
train,    1725, 23.389066,   16, 0.32,    4, 0.000, 0.000, 0.100,  8
train,    1726, 26.157978,   16, 0.31,    7, 0.000, 0.000, 0.100,  8
train,    1727, 33.735531,   17, 0.31,    7, 0.000, 0.000, 0.100,  8
train,    1728, 24.604980,   16, 0.26,    4, 0.000, 0.000, 0.100,  8
update,   1728,   48,  531, 22.036157, 0.000000
train,    1729, 27.419785,   17, 0.35,    5, 0.000, 0.000, 0.100,  8
val,      1729, 32.574605, 0.2058,  16.1773,   6.8247, 0.7508,  20.7629
train,    1730, 28.396396,   16, 0.28,    5, 0.000, 0.000, 0.100,  8
train,    1731, 21.262983,   16, 0.33,    4, 0.000, 0.000, 0.100,  8
train,    1732, 19.142006,   16, 0.32,    4, 0.000, 0.000, 0.100,  8
train,    1733, 16.803957,   17, 0.37,    4, 0.000, 0.000, 0.100,  8
train,    1734, 12.938772,   16, 0.36,    6, 0.000, 0.000, 0.100,  8
train,    1735, 21.564657,   16, 0.34,    7, 0.000, 0.000, 0.100,  8
train,    1736, 22.247611,   15, 0.32,    7, 0.000, 0.000, 0.100,  8
train,    1737, 34.512249,   17, 0.37,    5, 0.000, 0.000, 0.100,  8
train,    1738, 18.129109,   15, 0.31,    5, 0.000, 0.000, 0.100,  8
train,    1739, 22.406682,   16, 0.34,    7, 0.000, 0.000, 0.100,  8
val,      1739, 32.740713, 0.1894,  16.4887,   6.6622, 0.7472,  20.8430
train,    1740, 27.918626,   16, 0.39,    8, 0.000, 0.000, 0.100,  8
train,    1741, 29.915205,   17, 0.34,    6, 0.000, 0.000, 0.100,  8
train,    1742, 28.740713,   16, 0.38,    5, 0.000, 0.000, 0.100,  8
train,    1743, 32.301380,   15, 0.32,    7, 0.000, 0.000, 0.100,  8
train,    1744, 21.885411,   16, 0.32,    7, 0.000, 0.000, 0.100,  8
train,    1745, 37.478809,   16, 0.36,    8, 0.000, 0.000, 0.100,  8
train,    1746, 31.962113,   17, 0.29,    8, 0.000, 0.000, 0.100,  8
train,    1747, 28.770842,   17, 0.37,    8, 0.000, 0.000, 0.100,  8
train,    1748, 31.353100,   18, 0.34,    8, 0.000, 0.000, 0.100,  8
train,    1749, 23.801770,   16, 0.28,    7, 0.000, 0.000, 0.100,  8
val,      1749, 28.023071, 0.2331,  16.2830,   6.7056, 0.7672,  20.8212
train,    1750, 25.205485,   16, 0.34,    7, 0.000, 0.000, 0.100,  8
train,    1751, 32.748458,   17, 0.30,    7, 0.000, 0.000, 0.100,  8
train,    1752, 40.826089,   16, 0.30,    8, 0.000, 0.000, 0.100,  8
train,    1753, 35.302972,   15, 0.32,    8, 0.000, 0.000, 0.100,  8
train,    1754, 39.855335,   16, 0.33,    7, 0.000, 0.000, 0.100,  8
train,    1755, 37.781363,   16, 0.33,    6, 0.000, 0.000, 0.100,  8
train,    1756, 41.001768,   16, 0.33,    7, 0.000, 0.000, 0.100,  8
train,    1757, 26.160459,   17, 0.35,    7, 0.000, 0.000, 0.100,  8
train,    1758, 44.261068,   17, 0.31,    7, 0.000, 0.000, 0.100,  8
train,    1759, 42.295810,   17, 0.31,    7, 0.000, 0.000, 0.100,  8
val,      1759, 27.811516, 0.1997,  16.4305,   6.9464, 0.7499,  20.7578
train,    1760, 41.175472,   16, 0.41,    7, 0.000, 0.000, 0.100,  8
train,    1761, 34.407803,   17, 0.27,    8, 0.000, 0.000, 0.100,  8
train,    1762, 30.271389,   16, 0.31,    8, 0.000, 0.000, 0.100,  8
train,    1763, 26.943967,   16, 0.32,    6, 0.000, 0.000, 0.100,  8
train,    1764, 31.488684,   18, 0.36,    7, 0.000, 0.000, 0.100,  8
update,   1764,   49,  518, 30.961921, 0.000000
train,    1765, 24.714125,   17, 0.35,    8, 0.000, 0.000, 0.100,  8
train,    1766, 30.464407,   16, 0.32,    8, 0.000, 0.000, 0.100,  8
train,    1767, 25.982587,   16, 0.31,    7, 0.000, 0.000, 0.100,  8
train,    1768, 22.378659,   16, 0.38,    7, 0.000, 0.000, 0.100,  8
train,    1769, 24.229307,   18, 0.27,    7, 0.000, 0.000, 0.100,  8
val,      1769, 24.134771, 0.2147,  16.0586,   7.0081, 0.7272,  20.7652
train,    1770, 17.258737,   17, 0.36,    8, 0.000, 0.000, 0.100,  8
train,    1771, 12.577115,   17, 0.32,    7, 0.000, 0.000, 0.100,  8
train,    1772, 21.281671,   16, 0.32,    8, 0.000, 0.000, 0.100,  8
train,    1773, 11.867666,   16, 0.36,    7, 0.000, 0.000, 0.100,  8
train,    1774, -2.811874,   15, 0.32,    6, 0.000, 0.000, 0.100,  8
train,    1775, 12.363207,   16, 0.30,    7, 0.000, 0.000, 0.100,  8
train,    1776, 17.770294,   16, 0.32,    7, 0.000, 0.000, 0.100,  8
train,    1777, 8.748271,   15, 0.30,    9, 0.000, 0.000, 0.100,  8
train,    1778, 16.368191,   16, 0.35,    6, 0.000, 0.000, 0.100,  8
train,    1779, 4.742744,   15, 0.33,    7, 0.000, 0.000, 0.100,  8
val,      1779, 25.569413, 0.1880,  16.3139,   6.9451, 0.7156,  20.8468
train,    1780, 11.159226,   16, 0.36,    8, 0.000, 0.000, 0.100,  8
train,    1781, 12.688118,   17, 0.30,    6, 0.000, 0.000, 0.100,  8
train,    1782, 14.153931,   16, 0.34,    7, 0.000, 0.000, 0.100,  8
train,    1783, 17.282387,   15, 0.30,    9, 0.000, 0.000, 0.100,  8
train,    1784, 7.045975,   17, 0.33,    8, 0.000, 0.000, 0.100,  8
train,    1785, 14.009190,   16, 0.32,    7, 0.000, 0.000, 0.100,  8
train,    1786, 20.500549,   15, 0.33,    8, 0.000, 0.000, 0.100,  8
train,    1787, 22.655558,   16, 0.33,    7, 0.000, 0.000, 0.100,  8
train,    1788, 21.021934,   16, 0.34,    9, 0.000, 0.000, 0.100,  8
train,    1789, 25.849711,   17, 0.34,    7, 0.000, 0.000, 0.100,  8
val,      1789, 29.949235, 0.2407,  16.0235,   6.9676, 0.7442,  20.7967
train,    1790, 23.969192,   17, 0.30,    8, 0.000, 0.000, 0.100,  8
train,    1791, 24.904358,   16, 0.35,    8, 0.000, 0.000, 0.100,  8
train,    1792, 28.543418,   17, 0.31,    8, 0.000, 0.000, 0.100,  8
train,    1793, 17.938146,   17, 0.35,    9, 0.000, 0.000, 0.100,  8
train,    1794, 30.416982,   16, 0.35,    7, 0.000, 0.000, 0.100,  8
train,    1795, 33.661068,   16, 0.26,    8, 0.000, 0.000, 0.100,  8
train,    1796, 22.383927,   16, 0.28,    7, 0.000, 0.000, 0.100,  8
train,    1797, 38.843608,   17, 0.33,    6, 0.000, 0.000, 0.100,  8
train,    1798, 45.915457,   17, 0.31,    5, 0.000, 0.000, 0.100,  8
train,    1799, 31.122623,   18, 0.32,    7, 0.000, 0.000, 0.100,  8
val,      1799, 30.652757, 0.1791,  16.3935,   7.0302, 0.7331,  20.8627
train,    1800, 26.630856,   17, 0.30,    7, 0.000, 0.000, 0.100,  8
update,   1800,   50,  524, 27.623036, 0.000000
train,    1801, 43.256827,   16, 0.25,    7, 0.000, 0.000, 0.100,  8
train,    1802, 22.656782,   17, 0.29,    6, 0.000, 0.000, 0.100,  8
train,    1803, 32.342554,   15, 0.35,    6, 0.000, 0.000, 0.100,  8
train,    1804, 38.688846,   17, 0.30,    6, 0.000, 0.000, 0.100,  8
train,    1805, 43.898285,   17, 0.35,    8, 0.000, 0.000, 0.100,  8
train,    1806, 31.197189,   16, 0.34,    6, 0.000, 0.000, 0.100,  8
train,    1807, 32.794175,   17, 0.30,    6, 0.000, 0.000, 0.100,  8
train,    1808, 25.030812,   18, 0.36,    6, 0.000, 0.000, 0.100,  8
train,    1809, 45.199740,   16, 0.35,    6, 0.000, 0.000, 0.100,  8
val,      1809, 33.036439, 0.1558,  16.3301,   7.1111, 0.7631,  20.8171
train,    1810, 30.191488,   16, 0.32,    4, 0.000, 0.000, 0.100,  8
train,    1811, 25.757437,   16, 0.32,    7, 0.000, 0.000, 0.100,  8
train,    1812, 33.084088,   17, 0.37,    6, 0.000, 0.000, 0.100,  8
train,    1813, 27.782817,   17, 0.35,    6, 0.000, 0.000, 0.100,  8
train,    1814, 29.341996,   15, 0.29,    7, 0.000, 0.000, 0.100,  8
train,    1815, 33.502604,   16, 0.30,    6, 0.000, 0.000, 0.100,  8
train,    1816, 31.571021,   16, 0.33,    6, 0.000, 0.000, 0.100,  8
train,    1817, 32.223369,   15, 0.38,    6, 0.000, 0.000, 0.100,  8
train,    1818, 32.775138,   16, 0.37,    6, 0.000, 0.000, 0.100,  8
train,    1819, 28.274175,   17, 0.38,    6, 0.000, 0.000, 0.100,  8
val,      1819, 31.362828, 0.2064,  16.3806,   7.0790, 0.7565,  20.8386
train,    1820, 25.462861,   16, 0.28,    5, 0.000, 0.000, 0.100,  8
train,    1821, 20.580328,   17, 0.27,    7, 0.000, 0.000, 0.100,  8
train,    1822, 23.433340,   18, 0.30,    6, 0.000, 0.000, 0.100,  8
train,    1823, 29.425015,   16, 0.34,    4, 0.000, 0.000, 0.100,  8
train,    1824, 24.997932,   16, 0.32,    4, 0.000, 0.000, 0.100,  8
train,    1825, 32.016529,   16, 0.29,    5, 0.000, 0.000, 0.100,  8
train,    1826, 23.699891,   17, 0.28,    4, 0.000, 0.000, 0.100,  8
train,    1827, 28.545332,   16, 0.37,    3, 0.000, 0.000, 0.100,  8
train,    1828, 21.632765,   16, 0.35,    3, 0.000, 0.000, 0.100,  8
train,    1829, 25.578605,   16, 0.33,    4, 0.000, 0.000, 0.100,  8
val,      1829, 28.033442, 0.1678,  16.2407,   6.9945, 0.7476,  20.7662
train,    1830, 25.216001,   17, 0.34,    3, 0.000, 0.000, 0.100,  8
train,    1831, 18.027073,   16, 0.29,    3, 0.000, 0.000, 0.100,  8
train,    1832, 27.661040,   17, 0.31,    3, 0.000, 0.000, 0.100,  8
train,    1833, 16.775842,   17, 0.37,    5, 0.000, 0.000, 0.100,  8
train,    1834, 21.929354,   15, 0.34,    5, 0.000, 0.000, 0.100,  8
train,    1835, 35.729331,   18, 0.27,    5, 0.000, 0.000, 0.100,  8
train,    1836, 37.781039,   16, 0.32,    4, 0.000, 0.000, 0.100,  8
update,   1836,   51,  510, 25.733464, 0.000000
train,    1837, 29.819962,   16, 0.33,    4, 0.000, 0.000, 0.100,  8
train,    1838, 37.779917,   17, 0.32,    4, 0.000, 0.000, 0.100,  8
train,    1839, 30.371893,   18, 0.35,    3, 0.000, 0.000, 0.100,  8
val,      1839, 26.842569, 0.2184,  16.4208,   6.9762, 0.7476,  20.8623
train,    1840, 33.377088,   17, 0.25,    3, 0.000, 0.000, 0.100,  8
train,    1841, 31.466258,   16, 0.29,    5, 0.000, 0.000, 0.100,  8
train,    1842, 40.555339,   16, 0.36,    5, 0.000, 0.000, 0.100,  8
train,    1843, 38.937500,   15, 0.36,    5, 0.000, 0.000, 0.100,  8
train,    1844, 34.908146,   16, 0.41,    3, 0.000, 0.000, 0.100,  8
train,    1845, 34.540477,   18, 0.34,    4, 0.000, 0.000, 0.100,  8
train,    1846, 43.930557,   16, 0.31,    5, 0.000, 0.000, 0.100,  8
train,    1847, 41.424208,   18, 0.34,    4, 0.000, 0.000, 0.100,  8
train,    1848, 43.126973,   15, 0.34,    5, 0.000, 0.000, 0.100,  8
train,    1849, 43.572378,   17, 0.28,    4, 0.000, 0.000, 0.100,  8
val,      1849, 27.991270, 0.2102,  15.7915,   6.9104, 0.7599,  20.7526
train,    1850, 30.509255,   16, 0.31,    4, 0.000, 0.000, 0.100,  8
train,    1851, 41.578935,   17, 0.29,    5, 0.000, 0.000, 0.100,  8
train,    1852, 40.065191,   16, 0.37,    5, 0.000, 0.000, 0.100,  8
train,    1853, 36.916274,   17, 0.34,    5, 0.000, 0.000, 0.100,  8
train,    1854, 41.729336,   16, 0.37,    7, 0.000, 0.000, 0.100,  8
train,    1855, 34.255690,   16, 0.31,    3, 0.000, 0.000, 0.100,  8
train,    1856, 42.480869,   16, 0.30,    5, 0.000, 0.000, 0.100,  8
train,    1857, 35.168772,   16, 0.36,    6, 0.000, 0.000, 0.100,  8
train,    1858, 34.267783,   15, 0.32,    5, 0.000, 0.000, 0.100,  8
train,    1859, 36.391182,   16, 0.27,    6, 0.000, 0.000, 0.100,  8
val,      1859, 23.141053, 0.2323,  16.1154,   7.1423, 0.7592,  20.8491
train,    1860, 37.563871,   16, 0.31,    3, 0.000, 0.000, 0.100,  8
train,    1861, 19.600134,   14, 0.31,    5, 0.000, 0.000, 0.100,  8
train,    1862, 44.333893,   17, 0.38,    3, 0.000, 0.000, 0.100,  8
train,    1863, 25.488110,   17, 0.31,    5, 0.000, 0.000, 0.100,  8
train,    1864, 22.066394,   17, 0.30,    6, 0.000, 0.000, 0.100,  8
train,    1865, 11.656294,   16, 0.35,    5, 0.000, 0.000, 0.100,  8
train,    1866, 18.014833,   17, 0.29,    5, 0.000, 0.000, 0.100,  8
train,    1867, 22.906048,   16, 0.31,    5, 0.000, 0.000, 0.100,  8
train,    1868, 28.706841,   16, 0.36,    4, 0.000, 0.000, 0.100,  8
train,    1869, 15.145106,   17, 0.30,    6, 0.000, 0.000, 0.100,  8
val,      1869, 26.446862, 0.2147,  15.8051,   7.1289, 0.7447,  20.8183
train,    1870, 17.730867,   16, 0.33,    5, 0.000, 0.000, 0.100,  8
train,    1871, 22.275322,   14, 0.28,    4, 0.000, 0.000, 0.100,  8
train,    1872, 9.634212,   16, 0.30,    5, 0.000, 0.000, 0.100,  8
update,   1872,   52,  536, 28.956340, 0.000000
train,    1873, 26.199468,   16, 0.35,    5, 0.000, 0.000, 0.100,  8
train,    1874, 23.808680,   15, 0.32,    6, 0.000, 0.000, 0.100,  8
train,    1875, 18.010083,   16, 0.35,    5, 0.000, 0.000, 0.100,  8
train,    1876, 17.292102,   17, 0.31,    7, 0.000, 0.000, 0.100,  8
train,    1877, 16.183418,   16, 0.35,    5, 0.000, 0.000, 0.100,  8
train,    1878, 28.211930,   15, 0.32,    6, 0.000, 0.000, 0.100,  8
train,    1879, 14.633436,   16, 0.37,    6, 0.000, 0.000, 0.100,  8
val,      1879, 23.355012, 0.2171,  16.2362,   7.0530, 0.7729,  20.8174
train,    1880, 19.826684,   17, 0.34,    6, 0.000, 0.000, 0.100,  8
train,    1881, 16.592009,   17, 0.31,    6, 0.000, 0.000, 0.100,  8
train,    1882, 25.113053,   16, 0.35,    6, 0.000, 0.000, 0.100,  8
train,    1883, 14.097050,   17, 0.36,    6, 0.000, 0.000, 0.100,  8
train,    1884, 30.651179,   16, 0.30,    6, 0.000, 0.000, 0.100,  8
train,    1885, 21.826492,   17, 0.35,    7, 0.000, 0.000, 0.100,  8
train,    1886, 27.886039,   17, 0.38,    6, 0.000, 0.000, 0.100,  8
train,    1887, 35.738083,   15, 0.31,    6, 0.000, 0.000, 0.100,  8
train,    1888, 34.067294,   15, 0.33,    7, 0.000, 0.000, 0.100,  8
train,    1889, 25.842552,   17, 0.29,    6, 0.000, 0.000, 0.100,  8
val,      1889, 27.452956, 0.2716,  16.3128,   6.9092, 0.7578,  20.7838
train,    1890, 22.229632,   17, 0.30,    8, 0.000, 0.000, 0.100,  8
train,    1891, 27.204711,   16, 0.33,    7, 0.000, 0.000, 0.100,  8
train,    1892, 22.491297,   16, 0.36,    6, 0.000, 0.000, 0.100,  8
train,    1893, 34.549362,   17, 0.29,    9, 0.000, 0.000, 0.100,  8
train,    1894, 25.538963,   15, 0.29,    8, 0.000, 0.000, 0.100,  8
train,    1895, 35.646550,   16, 0.34,    8, 0.000, 0.000, 0.100,  8
train,    1896, 39.562171,   17, 0.27,    7, 0.000, 0.000, 0.100,  8
train,    1897, 36.194843,   16, 0.35,    8, 0.000, 0.000, 0.100,  8
train,    1898, 22.554996,   15, 0.27,    7, 0.000, 0.000, 0.100,  8
train,    1899, 34.418818,   17, 0.36,    6, 0.000, 0.000, 0.100,  8
val,      1899, 30.552913, 0.2142,  16.3357,   7.0275, 0.7856,  20.7568
train,    1900, 36.839426,   15, 0.30,    8, 0.000, 0.000, 0.100,  8
train,    1901, 36.267960,   15, 0.32,    8, 0.000, 0.000, 0.100,  8
train,    1902, 36.192375,   17, 0.36,    9, 0.000, 0.000, 0.100,  8
train,    1903, 30.408835,   16, 0.31,    5, 0.000, 0.000, 0.100,  8
train,    1904, 30.678143,   16, 0.31,    8, 0.000, 0.000, 0.100,  8
train,    1905, 35.448646,   16, 0.29,    7, 0.000, 0.000, 0.100,  8
train,    1906, 25.885560,   15, 0.33,   10, 0.000, 0.000, 0.100,  8
train,    1907, 28.948785,   16, 0.34,    8, 0.000, 0.000, 0.100,  8
train,    1908, 41.300401,   17, 0.30,    9, 0.000, 0.000, 0.100,  8
update,   1908,   53,  514, 33.259295, 0.000000
train,    1909, 21.876313,   17, 0.31,    8, 0.000, 0.000, 0.100,  8
val,      1909, 32.418000, 0.1970,  16.3480,   6.5330, 0.7854,  20.8498
train,    1910, 33.304116,   17, 0.34,    6, 0.000, 0.000, 0.100,  8
train,    1911, 27.452929,   17, 0.33,    7, 0.000, 0.000, 0.100,  8
train,    1912, 27.757792,   16, 0.31,    6, 0.000, 0.000, 0.100,  8
train,    1913, 18.002492,   16, 0.28,    9, 0.000, 0.000, 0.100,  8
train,    1914, 20.708911,   17, 0.32,    9, 0.000, 0.000, 0.100,  8
train,    1915, 15.332336,   17, 0.24,    7, 0.000, 0.000, 0.100,  8
train,    1916, 10.769739,   17, 0.29,    7, 0.000, 0.000, 0.100,  8
train,    1917, 22.000401,   17, 0.30,    7, 0.000, 0.000, 0.100,  8
train,    1918, 14.241044,   17, 0.30,    7, 0.000, 0.000, 0.100,  8
train,    1919, 14.338439,   17, 0.29,    8, 0.000, 0.000, 0.100,  8
val,      1919, 32.163603, 0.1881,  16.2866,   6.6929, 0.7481,  20.7574
train,    1920, 20.081211,   17, 0.38,    8, 0.000, 0.000, 0.100,  8
train,    1921, 15.160487,   18, 0.34,    6, 0.000, 0.000, 0.100,  8
train,    1922, 21.318971,   17, 0.34,    8, 0.000, 0.000, 0.100,  8
train,    1923, 15.592620,   15, 0.33,    7, 0.000, 0.000, 0.100,  8
train,    1924, 14.502634,   16, 0.33,    7, 0.000, 0.000, 0.100,  8
train,    1925, 21.029392,   17, 0.34,    7, 0.000, 0.000, 0.100,  8
train,    1926, 28.589599,   16, 0.35,    8, 0.000, 0.000, 0.100,  8
train,    1927, 21.096518,   17, 0.36,    9, 0.000, 0.000, 0.100,  8
train,    1928, 18.688326,   18, 0.31,    7, 0.000, 0.000, 0.100,  8
train,    1929, 26.525131,   17, 0.31,    7, 0.000, 0.000, 0.100,  8
val,      1929, 31.121495, 0.1959,  16.2529,   7.2228, 0.7135,  20.7354
train,    1930, 30.111583,   18, 0.36,    7, 0.000, 0.000, 0.100,  8
train,    1931, 26.222825,   15, 0.33,    9, 0.000, 0.000, 0.100,  8
train,    1932, 26.499536,   16, 0.30,    9, 0.000, 0.000, 0.100,  8
train,    1933, 31.836666,   16, 0.25,    8, 0.000, 0.000, 0.100,  8
train,    1934, 33.967471,   15, 0.30,    7, 0.000, 0.000, 0.100,  8
train,    1935, 31.535835,   17, 0.36,    5, 0.000, 0.000, 0.100,  8
train,    1936, 35.088027,   17, 0.31,    7, 0.000, 0.000, 0.100,  8
train,    1937, 34.702402,   16, 0.32,    7, 0.000, 0.000, 0.100,  8
train,    1938, 34.312138,   15, 0.32,    7, 0.000, 0.000, 0.100,  8
train,    1939, 43.521004,   16, 0.36,    7, 0.000, 0.000, 0.100,  8
val,      1939, 26.071370, 0.1697,  16.2072,   6.9245, 0.7025,  20.7819
train,    1940, 35.755064,   17, 0.30,    7, 0.000, 0.000, 0.100,  8
train,    1941, 40.002145,   15, 0.34,    7, 0.000, 0.000, 0.100,  8
train,    1942, 42.495863,   17, 0.36,    8, 0.000, 0.000, 0.100,  8
train,    1943, 47.000000,   16, 0.28,    5, 0.000, 0.000, 0.100,  8
train,    1944, 40.289375,   17, 0.31,    7, 0.000, 0.000, 0.100,  8
update,   1944,   54,  522, 23.908459, 0.000000
train,    1945, 43.548056,   16, 0.30,    6, 0.000, 0.000, 0.100,  8
train,    1946, 47.000000,   15, 0.26,    6, 0.000, 0.000, 0.100,  8
train,    1947, 37.943480,   15, 0.29,    6, 0.000, 0.000, 0.100,  8
train,    1948, 46.440837,   17, 0.33,    7, 0.000, 0.000, 0.100,  8
train,    1949, 30.925219,   15, 0.32,    7, 0.000, 0.000, 0.100,  8
val,      1949, 24.154174, 0.2732,  16.4770,   6.8451, 0.7503,  20.8826
train,    1950, 39.873065,   17, 0.31,    6, 0.000, 0.000, 0.100,  8
train,    1951, 39.991196,   17, 0.30,    6, 0.000, 0.000, 0.100,  8
train,    1952, 36.143328,   17, 0.29,    6, 0.000, 0.000, 0.100,  8
train,    1953, 42.354897,   17, 0.37,    5, 0.000, 0.000, 0.100,  8
train,    1954, 41.638857,   16, 0.31,    5, 0.000, 0.000, 0.100,  8
train,    1955, 32.283798,   17, 0.30,    7, 0.000, 0.000, 0.100,  8
train,    1956, 25.007066,   17, 0.32,    6, 0.000, 0.000, 0.100,  8
train,    1957, 17.118661,   16, 0.36,    5, 0.000, 0.000, 0.100,  8
train,    1958, 27.835347,   17, 0.34,    5, 0.000, 0.000, 0.100,  8
train,    1959, 29.563236,   16, 0.30,    6, 0.000, 0.000, 0.100,  8
val,      1959, 25.072397, 0.2504,  15.9832,   7.0663, 0.7594,  20.9278
train,    1960, 33.414850,   16, 0.29,    4, 0.000, 0.000, 0.100,  8
train,    1961, 30.406387,   16, 0.29,    3, 0.000, 0.000, 0.100,  8
train,    1962, 33.516934,   16, 0.31,    5, 0.000, 0.000, 0.100,  8
train,    1963, 24.500881,   17, 0.30,    4, 0.000, 0.000, 0.100,  8
train,    1964, 20.967293,   15, 0.32,    3, 0.000, 0.000, 0.100,  8
train,    1965, 21.674872,   18, 0.37,    5, 0.000, 0.000, 0.100,  8
train,    1966, 28.684270,   17, 0.32,    5, 0.000, 0.000, 0.100,  8
train,    1967, 23.918800,   16, 0.41,    7, 0.000, 0.000, 0.100,  8
train,    1968, 19.842739,   17, 0.30,    4, 0.000, 0.000, 0.100,  8
train,    1969, 7.815997,   17, 0.31,    4, 0.000, 0.000, 0.100,  8
val,      1969, 26.835410, 0.2129,  16.4488,   6.9373, 0.7480,  20.7757
train,    1970, 23.370331,   17, 0.31,    7, 0.000, 0.000, 0.100,  8
train,    1971, 17.167576,   16, 0.29,    4, 0.000, 0.000, 0.100,  8
train,    1972, 22.859273,   17, 0.32,    3, 0.000, 0.000, 0.100,  8
train,    1973, 23.332867,   17, 0.26,    5, 0.000, 0.000, 0.100,  8
train,    1974, 26.633259,   15, 0.33,    4, 0.000, 0.000, 0.100,  8
train,    1975, 23.574012,   17, 0.35,    4, 0.000, 0.000, 0.100,  8
train,    1976, 29.745798,   18, 0.36,    4, 0.000, 0.000, 0.100,  8
train,    1977, 32.632519,   16, 0.27,    5, 0.000, 0.000, 0.100,  8
train,    1978, 38.977854,   15, 0.28,    4, 0.000, 0.000, 0.100,  8
train,    1979, 24.417006,   18, 0.28,    4, 0.000, 0.000, 0.100,  8
val,      1979, 29.015804, 0.2276,  16.5741,   7.0669, 0.7577,  20.7709
train,    1980, 25.763553,   16, 0.28,    3, 0.000, 0.000, 0.100,  8
update,   1980,   55,  509, 29.446523, 0.000000
train,    1981, 35.745290,   16, 0.34,    6, 0.000, 0.000, 0.100,  8
train,    1982, 30.891248,   16, 0.31,    3, 0.000, 0.000, 0.100,  8
train,    1983, 35.546499,   16, 0.26,    4, 0.000, 0.000, 0.100,  8
train,    1984, 23.625449,   17, 0.30,    4, 0.000, 0.000, 0.100,  8
train,    1985, 34.434605,   16, 0.28,    3, 0.000, 0.000, 0.100,  8
train,    1986, 36.599287,   17, 0.32,    3, 0.000, 0.000, 0.100,  8
train,    1987, 41.535931,   16, 0.29,    5, 0.000, 0.000, 0.100,  8
train,    1988, 34.598558,   16, 0.34,    5, 0.000, 0.000, 0.100,  8
train,    1989, 35.795571,   17, 0.32,    5, 0.000, 0.000, 0.100,  8
val,      1989, 31.133753, 0.2267,  16.4082,   6.9448, 0.7605,  20.7992
train,    1990, 36.957310,   16, 0.32,    4, 0.000, 0.000, 0.100,  8
train,    1991, 32.891449,   18, 0.31,    6, 0.000, 0.000, 0.100,  8
train,    1992, 32.193799,   16, 0.33,    3, 0.000, 0.000, 0.100,  8
train,    1993, 29.309626,   17, 0.29,    3, 0.000, 0.000, 0.100,  8
train,    1994, 35.980678,   16, 0.30,    3, 0.000, 0.000, 0.100,  8
train,    1995, 31.154260,   16, 0.31,    7, 0.000, 0.000, 0.100,  8
train,    1996, 39.877301,   18, 0.32,    3, 0.000, 0.000, 0.100,  8
train,    1997, 28.782709,   16, 0.29,    3, 0.000, 0.000, 0.100,  8
train,    1998, 27.312377,   17, 0.32,    6, 0.000, 0.000, 0.100,  8
train,    1999, 31.487639,   16, 0.35,    5, 0.000, 0.000, 0.100,  8
val,      1999, 33.025833, 0.1982,  16.1841,   7.0159, 0.7485,  20.7834
train,    2000, 29.197751,   16, 0.28,    4, 0.000, 0.000, 0.100,  8
train,    2001, 24.941893,   17, 0.29,    5, 0.000, 0.000, 0.100,  8
train,    2002, 27.753425,   16, 0.35,    5, 0.000, 0.000, 0.100,  8
train,    2003, 17.234622,   16, 0.30,    4, 0.000, 0.000, 0.100,  8
train,    2004, 27.500741,   17, 0.32,    3, 0.000, 0.000, 0.100,  8
train,    2005, 18.523772,   16, 0.33,    5, 0.000, 0.000, 0.100,  8
train,    2006, 19.855253,   14, 0.28,    3, 0.000, 0.000, 0.100,  8
train,    2007, 20.514315,   17, 0.25,    4, 0.000, 0.000, 0.100,  8
train,    2008, 13.230793,   17, 0.33,    4, 0.000, 0.000, 0.100,  8
train,    2009, 23.447643,   15, 0.39,    6, 0.000, 0.000, 0.100,  8
val,      2009, 34.473642, 0.2133,  16.2954,   6.9522, 0.7805,  20.7850
train,    2010, 28.315105,   16, 0.35,    5, 0.000, 0.000, 0.100,  8
train,    2011, 29.454414,   16, 0.30,    5, 0.000, 0.000, 0.100,  8
train,    2012, 24.984298,   15, 0.26,    6, 0.000, 0.000, 0.100,  8
train,    2013, 25.775022,   16, 0.30,    6, 0.000, 0.000, 0.100,  8
train,    2014, 16.662032,   16, 0.30,    4, 0.000, 0.000, 0.100,  8
train,    2015, 20.772773,   17, 0.28,    5, 0.000, 0.000, 0.100,  8
train,    2016, 22.666436,   15, 0.31,    5, 0.000, 0.000, 0.100,  8
update,   2016,   56,  526, 31.624567, 0.000000
train,    2017, 4.058934,   15, 0.24,    7, 0.000, 0.000, 0.100,  8
train,    2018, 21.841916,   16, 0.30,    6, 0.000, 0.000, 0.100,  8
train,    2019, 24.221059,   16, 0.36,    6, 0.000, 0.000, 0.100,  8
val,      2019, 31.713377, 0.2286,  16.0877,   6.9010, 0.7469,  20.8009
train,    2020, 18.382361,   17, 0.33,    6, 0.000, 0.000, 0.100,  8
train,    2021, 27.171691,   17, 0.28,    5, 0.000, 0.000, 0.100,  8
train,    2022, 23.448984,   16, 0.32,    5, 0.000, 0.000, 0.100,  8
train,    2023, 10.782964,   16, 0.26,    6, 0.000, 0.000, 0.100,  8
train,    2024, 28.763602,   16, 0.31,    5, 0.000, 0.000, 0.100,  8
train,    2025, 26.895145,   17, 0.31,    6, 0.000, 0.000, 0.100,  8
train,    2026, 26.626618,   17, 0.29,    7, 0.000, 0.000, 0.100,  8
train,    2027, 29.637376,   17, 0.34,    6, 0.000, 0.000, 0.100,  8
train,    2028, 33.956706,   14, 0.31,    5, 0.000, 0.000, 0.100,  8
train,    2029, 31.336148,   17, 0.25,    7, 0.000, 0.000, 0.100,  8
val,      2029, 25.901425, 0.1734,  16.5199,   7.2675, 0.7450,  20.8092
train,    2030, 36.638906,   15, 0.33,    7, 0.000, 0.000, 0.100,  8
train,    2031, 36.800971,   17, 0.27,    8, 0.000, 0.000, 0.100,  8
train,    2032, 29.153514,   17, 0.32,    7, 0.000, 0.000, 0.100,  8
train,    2033, 33.466046,   17, 0.28,    8, 0.000, 0.000, 0.100,  8
train,    2034, 27.635077,   16, 0.26,    7, 0.000, 0.000, 0.100,  8
train,    2035, 41.330076,   17, 0.37,    7, 0.000, 0.000, 0.100,  8
train,    2036, 34.796192,   17, 0.31,    9, 0.000, 0.000, 0.100,  8
train,    2037, 33.402053,   17, 0.35,    7, 0.000, 0.000, 0.100,  8
train,    2038, 45.647519,   16, 0.31,    6, 0.000, 0.000, 0.100,  8
train,    2039, 40.504920,   17, 0.32,    9, 0.000, 0.000, 0.100,  8
val,      2039, 25.589093, 0.2372,  16.3640,   6.7875, 0.7543,  20.8697
train,    2040, 35.073754,   17, 0.28,    7, 0.000, 0.000, 0.100,  8
train,    2041, 43.499568,   16, 0.32,    7, 0.000, 0.000, 0.100,  8
train,    2042, 45.403062,   16, 0.33,    6, 0.000, 0.000, 0.100,  8
train,    2043, 38.419812,   17, 0.33,    8, 0.000, 0.000, 0.100,  8
train,    2044, 41.296317,   17, 0.34,    8, 0.000, 0.000, 0.100,  8
train,    2045, 31.926671,   17, 0.28,    8, 0.000, 0.000, 0.100,  8
train,    2046, 34.290032,   16, 0.28,    9, 0.000, 0.000, 0.100,  8
train,    2047, 41.013539,   17, 0.30,    8, 0.000, 0.000, 0.100,  8
train,    2048, 40.576401,   17, 0.31,    7, 0.000, 0.000, 0.100,  8
train,    2049, 41.072908,   17, 0.33,    9, 0.000, 0.000, 0.100,  8
val,      2049, 25.918316, 0.1849,  16.4014,   6.8476, 0.7376,  20.7851
train,    2050, 29.117519,   16, 0.24,    7, 0.000, 0.000, 0.100,  8
train,    2051, 26.435570,   16, 0.30,    8, 0.000, 0.000, 0.100,  8
train,    2052, 28.088663,   18, 0.30,    9, 0.000, 0.000, 0.100,  8
update,   2052,   57,  516, 27.977768, 0.000000
train,    2053, 30.954076,   18, 0.30,    6, 0.000, 0.000, 0.100,  8
train,    2054, 29.663025,   16, 0.33,    8, 0.000, 0.000, 0.100,  8
train,    2055, 31.274615,   15, 0.32,    8, 0.000, 0.000, 0.100,  8
train,    2056, 22.321719,   17, 0.34,    6, 0.000, 0.000, 0.100,  8
train,    2057, 30.300182,   15, 0.31,    8, 0.000, 0.000, 0.100,  8
train,    2058, 18.109221,   17, 0.33,    7, 0.000, 0.000, 0.100,  8
train,    2059, 21.889960,   16, 0.31,    9, 0.000, 0.000, 0.100,  8
val,      2059, 27.945463, 0.2015,  16.0682,   6.9203, 0.7820,  20.8023
train,    2060, 24.583460,   16, 0.30,    7, 0.000, 0.000, 0.100,  8
train,    2061, 18.618312,   14, 0.30,    8, 0.000, 0.000, 0.100,  8
train,    2062, 31.300793,   16, 0.33,    8, 0.000, 0.000, 0.100,  8
train,    2063, 24.451058,   15, 0.29,    7, 0.000, 0.000, 0.100,  8
train,    2064, 17.786203,   17, 0.29,    9, 0.000, 0.000, 0.100,  8
train,    2065, 24.299657,   17, 0.30,    6, 0.000, 0.000, 0.100,  8
train,    2066, 27.459011,   17, 0.28,    7, 0.000, 0.000, 0.100,  8
train,    2067, 28.901907,   15, 0.24,    7, 0.000, 0.000, 0.100,  8
train,    2068, 19.796689,   15, 0.32,    7, 0.000, 0.000, 0.100,  8
train,    2069, 29.537622,   17, 0.33,    7, 0.000, 0.000, 0.100,  8
val,      2069, 31.120601, 0.1807,  16.4801,   6.6268, 0.7597,  20.8117
train,    2070, 26.995858,   15, 0.36,    8, 0.000, 0.000, 0.100,  8
train,    2071, 22.429845,   17, 0.31,    8, 0.000, 0.000, 0.100,  8
train,    2072, 39.536643,   17, 0.29,    6, 0.000, 0.000, 0.100,  8
train,    2073, 33.656573,   17, 0.30,    8, 0.000, 0.000, 0.100,  8
train,    2074, 28.141870,   18, 0.34,    9, 0.000, 0.000, 0.100,  8
train,    2075, 28.710537,   17, 0.31,    8, 0.000, 0.000, 0.100,  8
train,    2076, 38.140806,   16, 0.28,    7, 0.000, 0.000, 0.100,  8
train,    2077, 42.629297,   17, 0.36,    8, 0.000, 0.000, 0.100,  8
train,    2078, 40.277130,   16, 0.31,    7, 0.000, 0.000, 0.100,  8
train,    2079, 40.350301,   15, 0.33,    8, 0.000, 0.000, 0.100,  8
val,      2079, 28.419059, 0.2005,  16.4738,   7.0542, 0.7477,  20.7793
train,    2080, 36.904776,   16, 0.32,    6, 0.000, 0.000, 0.100,  8
train,    2081, 47.000000,   15, 0.28,    8, 0.000, 0.000, 0.100,  8
train,    2082, 40.449784,   16, 0.31,    4, 0.000, 0.000, 0.100,  8
train,    2083, 32.797433,   17, 0.34,    8, 0.000, 0.000, 0.100,  8
train,    2084, 39.254404,   16, 0.31,    6, 0.000, 0.000, 0.100,  8
train,    2085, 44.103908,   15, 0.33,    6, 0.000, 0.000, 0.100,  8
train,    2086, 43.063787,   17, 0.27,    7, 0.000, 0.000, 0.100,  8
train,    2087, 47.000000,   16, 0.32,    8, 0.000, 0.000, 0.100,  8
train,    2088, 38.668078,   16, 0.26,    7, 0.000, 0.000, 0.100,  8
update,   2088,   58,  528, 29.190582, 0.000000
train,    2089, 37.918580,   16, 0.31,    6, 0.000, 0.000, 0.100,  8
val,      2089, 32.496775, 0.1718,  16.0381,   7.0374, 0.7669,  20.8497
train,    2090, 38.850690,   16, 0.32,    6, 0.000, 0.000, 0.100,  8
train,    2091, 34.075805,   16, 0.32,    6, 0.000, 0.000, 0.100,  8
train,    2092, 39.034385,   19, 0.30,    7, 0.000, 0.000, 0.100,  8
train,    2093, 45.630574,   16, 0.31,    5, 0.000, 0.000, 0.100,  8
train,    2094, 31.534940,   17, 0.34,    6, 0.000, 0.000, 0.100,  8
train,    2095, 23.398971,   17, 0.33,    6, 0.000, 0.000, 0.100,  8
train,    2096, 29.590164,   16, 0.32,    8, 0.000, 0.000, 0.100,  8
train,    2097, 27.478761,   16, 0.35,    6, 0.000, 0.000, 0.100,  8
train,    2098, 21.546581,   18, 0.33,    5, 0.000, 0.000, 0.100,  8
train,    2099, 28.985415,   18, 0.34,    6, 0.000, 0.000, 0.100,  8
val,      2099, 29.245667, 0.2159,  16.3339,   6.7718, 0.7716,  20.6897
train,    2100, 19.056099,   16, 0.33,    5, 0.000, 0.000, 0.100,  8
train,    2101, 24.822552,   17, 0.30,    6, 0.000, 0.000, 0.100,  8
train,    2102, 19.341431,   17, 0.31,    6, 0.000, 0.000, 0.100,  8
train,    2103, 20.759670,   16, 0.30,    5, 0.000, 0.000, 0.100,  8
train,    2104, 28.927609,   15, 0.26,    7, 0.000, 0.000, 0.100,  8
train,    2105, 22.063612,   17, 0.33,    5, 0.000, 0.000, 0.100,  8
train,    2106, 16.363460,   17, 0.29,    5, 0.000, 0.000, 0.100,  8
train,    2107, 18.790434,   16, 0.33,    5, 0.000, 0.000, 0.100,  8
train,    2108, 16.924986,   17, 0.28,    5, 0.000, 0.000, 0.100,  8
train,    2109, 16.090867,   17, 0.32,    6, 0.000, 0.000, 0.100,  8
val,      2109, 29.141396, 0.2035,  16.3225,   6.9213, 0.7937,  20.7715
train,    2110, 23.355750,   16, 0.35,    5, 0.000, 0.000, 0.100,  8
train,    2111, 21.364288,   18, 0.32,    6, 0.000, 0.000, 0.100,  8
train,    2112, 12.601556,   16, 0.32,    3, 0.000, 0.000, 0.100,  8
train,    2113, 9.735678,   17, 0.30,    5, 0.000, 0.000, 0.100,  8
train,    2114, 17.810804,   18, 0.29,    3, 0.000, 0.000, 0.100,  8
train,    2115, 26.788128,   16, 0.32,    4, 0.000, 0.000, 0.100,  8
train,    2116, 17.260736,   15, 0.33,    3, 0.000, 0.000, 0.100,  8
train,    2117, 27.067084,   17, 0.27,    4, 0.000, 0.000, 0.100,  8
train,    2118, 26.668560,   16, 0.28,    4, 0.000, 0.000, 0.100,  8
train,    2119, 25.704545,   16, 0.27,    5, 0.000, 0.000, 0.100,  8
val,      2119, 29.597498, 0.2344,  16.3126,   7.1101, 0.7549,  20.7439
train,    2120, 30.344519,   16, 0.30,    6, 0.000, 0.000, 0.100,  8
train,    2121, 23.456309,   16, 0.32,    4, 0.000, 0.000, 0.100,  8
train,    2122, 25.649467,   17, 0.35,    6, 0.000, 0.000, 0.100,  8
train,    2123, 31.931204,   16, 0.34,    3, 0.000, 0.000, 0.100,  8
train,    2124, 35.973675,   16, 0.34,    4, 0.000, 0.000, 0.100,  8
update,   2124,   59,  519, 32.717772, 0.000000
train,    2125, 31.323871,   17, 0.25,    5, 0.000, 0.000, 0.100,  8
train,    2126, 36.836429,   16, 0.31,    4, 0.000, 0.000, 0.100,  8
train,    2127, 27.720583,   16, 0.34,    4, 0.000, 0.000, 0.100,  8
train,    2128, 38.502855,   17, 0.30,    4, 0.000, 0.000, 0.100,  8
train,    2129, 34.121402,   17, 0.31,    4, 0.000, 0.000, 0.100,  8
val,      2129, 25.528565, 0.2082,  16.2836,   6.8804, 0.7788,  20.8309
train,    2130, 33.428921,   18, 0.30,    5, 0.000, 0.000, 0.100,  8
train,    2131, 31.430931,   16, 0.29,    4, 0.000, 0.000, 0.100,  8
train,    2132, 27.047348,   17, 0.29,    5, 0.000, 0.000, 0.100,  8
train,    2133, 31.675038,   17, 0.30,    4, 0.000, 0.000, 0.100,  8
train,    2134, 31.923878,   16, 0.29,    5, 0.000, 0.000, 0.100,  8
train,    2135, 39.100495,   17, 0.35,    3, 0.000, 0.000, 0.100,  8
train,    2136, 35.941184,   17, 0.28,    5, 0.000, 0.000, 0.100,  8
train,    2137, 35.008623,   17, 0.34,    5, 0.000, 0.000, 0.100,  8
train,    2138, 36.666913,   16, 0.33,    5, 0.000, 0.000, 0.100,  8
train,    2139, 33.516334,   17, 0.31,    4, 0.000, 0.000, 0.100,  8
val,      2139, 20.652634, 0.2149,  16.3505,   6.8287, 0.7920,  20.8488
train,    2140, 37.519130,   17, 0.30,    3, 0.000, 0.000, 0.100,  8
train,    2141, 30.047705,   17, 0.32,    5, 0.000, 0.000, 0.100,  8
train,    2142, 34.994255,   17, 0.31,    5, 0.000, 0.000, 0.100,  8
train,    2143, 27.875485,   15, 0.27,    4, 0.000, 0.000, 0.100,  8
train,    2144, 26.669822,   16, 0.27,    5, 0.000, 0.000, 0.100,  8
train,    2145, 31.595028,   16, 0.37,    6, 0.000, 0.000, 0.100,  8
train,    2146, 17.716133,   16, 0.30,    3, 0.000, 0.000, 0.100,  8
train,    2147, 21.593757,   16, 0.28,    6, 0.000, 0.000, 0.100,  8
train,    2148, 15.958307,   17, 0.30,    5, 0.000, 0.000, 0.100,  8
train,    2149, 16.125440,   17, 0.31,    5, 0.000, 0.000, 0.100,  8
val,      2149, 24.608590, 0.2005,  16.3918,   7.0040, 0.7670,  20.8026
train,    2150, 32.133474,   17, 0.33,    4, 0.000, 0.000, 0.100,  8
train,    2151, 19.981540,   17, 0.35,    4, 0.000, 0.000, 0.100,  8
train,    2152, 5.632939,   16, 0.30,    4, 0.000, 0.000, 0.100,  8
train,    2153, 19.623699,   17, 0.32,    6, 0.000, 0.000, 0.100,  8
train,    2154, 25.084182,   18, 0.32,    5, 0.000, 0.000, 0.100,  8
train,    2155, 27.439673,   16, 0.29,    4, 0.000, 0.000, 0.100,  8
train,    2156, 20.609493,   16, 0.31,    6, 0.000, 0.000, 0.100,  8
train,    2157, 19.054687,   18, 0.30,    5, 0.000, 0.000, 0.100,  8
train,    2158, 24.755671,   17, 0.30,    4, 0.000, 0.000, 0.100,  8
train,    2159, 23.711226,   16, 0.28,    5, 0.000, 0.000, 0.100,  8
val,      2159, 29.008584, 0.1810,  16.4446,   6.8780, 0.7854,  20.7891
train,    2160, 26.576380,   17, 0.31,    6, 0.000, 0.000, 0.100,  8
update,   2160,   60,  517, 30.384334, 0.000000
train,    2161, 36.485417,   17, 0.31,    5, 0.000, 0.000, 0.100,  8
train,    2162, 14.900893,   17, 0.29,    7, 0.000, 0.000, 0.100,  8
train,    2163, 23.371079,   16, 0.29,    5, 0.000, 0.000, 0.100,  8
train,    2164, 30.566617,   16, 0.27,    6, 0.000, 0.000, 0.100,  8
train,    2165, 35.212187,   16, 0.29,    6, 0.000, 0.000, 0.100,  8
train,    2166, 18.431153,   16, 0.27,    5, 0.000, 0.000, 0.100,  8
train,    2167, 30.878057,   15, 0.35,    6, 0.000, 0.000, 0.100,  8
train,    2168, 35.966368,   17, 0.30,    6, 0.000, 0.000, 0.100,  8
train,    2169, 29.488729,   18, 0.32,    7, 0.000, 0.000, 0.100,  8
val,      2169, 25.782428, 0.2247,  16.4425,   7.0429, 0.7846,  20.9226
train,    2170, 33.408494,   15, 0.30,    6, 0.000, 0.000, 0.100,  8
train,    2171, 41.564817,   16, 0.27,    4, 0.000, 0.000, 0.100,  8
train,    2172, 37.363871,   17, 0.25,    4, 0.000, 0.000, 0.100,  8
train,    2173, 37.737582,   16, 0.31,    6, 0.000, 0.000, 0.100,  8
train,    2174, 41.680751,   16, 0.29,    7, 0.000, 0.000, 0.100,  8
train,    2175, 34.138798,   16, 0.36,    6, 0.000, 0.000, 0.100,  8
train,    2176, 41.438477,   16, 0.37,    8, 0.000, 0.000, 0.100,  8
train,    2177, 43.803164,   17, 0.33,    5, 0.000, 0.000, 0.100,  8
train,    2178, 47.000000,   16, 0.31,    7, 0.000, 0.000, 0.100,  8
train,    2179, 44.455618,   16, 0.35,    7, 0.000, 0.000, 0.100,  8
val,      2179, 29.502470, 0.2028,  16.4197,   6.9540, 0.7415,  20.7800
train,    2180, 40.198563,   17, 0.30,    7, 0.000, 0.000, 0.100,  8
train,    2181, 40.766354,   15, 0.33,    7, 0.000, 0.000, 0.100,  8
train,    2182, 41.734721,   15, 0.33,    9, 0.000, 0.000, 0.100,  8
train,    2183, 44.849949,   16, 0.31,    7, 0.000, 0.000, 0.100,  8
train,    2184, 35.439878,   16, 0.31,    9, 0.000, 0.000, 0.100,  8
train,    2185, 40.327018,   18, 0.31,    5, 0.000, 0.000, 0.100,  8
train,    2186, 36.430750,   16, 0.26,    6, 0.000, 0.000, 0.100,  8
train,    2187, 35.364653,   15, 0.31,    7, 0.000, 0.000, 0.100,  8
train,    2188, 37.248860,   16, 0.32,    8, 0.000, 0.000, 0.100,  8
train,    2189, 29.654385,   17, 0.32,    7, 0.000, 0.000, 0.100,  8
val,      2189, 33.137238, 0.2256,  16.9193,   7.0959, 0.7607,  20.9042
train,    2190, 41.066162,   15, 0.35,    7, 0.000, 0.000, 0.100,  8
train,    2191, 35.935295,   17, 0.31,    7, 0.000, 0.000, 0.100,  8
train,    2192, 29.378155,   17, 0.30,    8, 0.000, 0.000, 0.100,  8
train,    2193, 35.204768,   16, 0.27,    8, 0.000, 0.000, 0.100,  8
train,    2194, 34.965873,   18, 0.28,    8, 0.000, 0.000, 0.100,  8
train,    2195, 27.167157,   17, 0.30,    8, 0.000, 0.000, 0.100,  8
train,    2196, 21.261859,   16, 0.31,    9, 0.000, 0.000, 0.100,  8
update,   2196,   61,  518, 29.932863, 0.000000
train,    2197, 17.296108,   17, 0.34,    9, 0.000, 0.000, 0.100,  8
train,    2198, 25.865830,   18, 0.30,    8, 0.000, 0.000, 0.100,  8
train,    2199, 29.519487,   17, 0.33,   10, 0.000, 0.000, 0.100,  8
val,      2199, 32.925834, 0.1974,  16.1678,   6.9280, 0.7664,  20.7739
train,    2200, 25.751605,   18, 0.27,    7, 0.000, 0.000, 0.100,  8
train,    2201, 28.425738,   16, 0.27,    8, 0.000, 0.000, 0.100,  8
train,    2202, 22.177060,   17, 0.26,    7, 0.000, 0.000, 0.100,  8
train,    2203, 21.641248,   17, 0.35,    8, 0.000, 0.000, 0.100,  8
train,    2204, 18.125529,   18, 0.33,    8, 0.000, 0.000, 0.100,  8
train,    2205, 24.544066,   17, 0.35,    7, 0.000, 0.000, 0.100,  8
train,    2206, 15.992954,   17, 0.31,    7, 0.000, 0.000, 0.100,  8
train,    2207, 25.256635,   17, 0.34,    7, 0.000, 0.000, 0.100,  8
train,    2208, 22.755294,   17, 0.36,    8, 0.000, 0.000, 0.100,  8
train,    2209, 27.554642,   17, 0.25,    8, 0.000, 0.000, 0.100,  8
val,      2209, 26.567190, 0.1822,  16.2138,   7.0328, 0.7551,  20.8730
train,    2210, 31.169050,   17, 0.29,    8, 0.000, 0.000, 0.100,  8
train,    2211, 28.585444,   17, 0.29,    7, 0.000, 0.000, 0.100,  8
train,    2212, 29.252718,   17, 0.32,    8, 0.000, 0.000, 0.100,  8
train,    2213, 29.409450,   18, 0.27,    7, 0.000, 0.000, 0.100,  8
train,    2214, 16.214268,   17, 0.28,    8, 0.000, 0.000, 0.100,  8
train,    2215, 37.361610,   16, 0.32,    8, 0.000, 0.000, 0.100,  8
train,    2216, 40.593865,   17, 0.35,    8, 0.000, 0.000, 0.100,  8
train,    2217, 32.443205,   16, 0.29,    7, 0.000, 0.000, 0.100,  8
train,    2218, 28.786838,   17, 0.31,    8, 0.000, 0.000, 0.100,  8
train,    2219, 32.081581,   17, 0.31,    5, 0.000, 0.000, 0.100,  8
val,      2219, 31.673723, 0.1891,  16.3538,   6.9679, 0.7000,  20.7886
train,    2220, 34.725048,   16, 0.35,    8, 0.000, 0.000, 0.100,  8
train,    2221, 33.701220,   17, 0.35,    7, 0.000, 0.000, 0.100,  8
train,    2222, 28.257125,   16, 0.31,    7, 0.000, 0.000, 0.100,  8
train,    2223, 35.664458,   15, 0.36,    8, 0.000, 0.000, 0.100,  8
train,    2224, 29.596424,   17, 0.34,    6, 0.000, 0.000, 0.100,  8
train,    2225, 44.977936,   17, 0.26,    8, 0.000, 0.000, 0.100,  8
train,    2226, 30.302257,   16, 0.32,    5, 0.000, 0.000, 0.100,  8
train,    2227, 38.969222,   16, 0.31,    7, 0.000, 0.000, 0.100,  8
train,    2228, 38.404558,   17, 0.34,    8, 0.000, 0.000, 0.100,  8
train,    2229, 38.174911,   18, 0.35,    6, 0.000, 0.000, 0.100,  8
val,      2229, 29.677801, 0.2151,  16.7445,   7.0530, 0.7209,  20.7397
train,    2230, 35.698343,   17, 0.34,    7, 0.000, 0.000, 0.100,  8
train,    2231, 29.106447,   16, 0.27,    6, 0.000, 0.000, 0.100,  8
train,    2232, 29.023535,   16, 0.35,    7, 0.000, 0.000, 0.100,  8
update,   2232,   62,  527, 28.474455, 0.000000
train,    2233, 37.310533,   16, 0.29,    6, 0.000, 0.000, 0.100,  8
train,    2234, 30.097018,   16, 0.32,    6, 0.000, 0.000, 0.100,  8
train,    2235, 24.660701,   16, 0.33,    6, 0.000, 0.000, 0.100,  8
train,    2236, 27.775479,   17, 0.29,    6, 0.000, 0.000, 0.100,  8
train,    2237, 25.828333,   17, 0.30,    5, 0.000, 0.000, 0.100,  8
train,    2238, 29.336468,   16, 0.32,    6, 0.000, 0.000, 0.100,  8
train,    2239, 30.182194,   16, 0.34,    6, 0.000, 0.000, 0.100,  8
val,      2239, 26.397845, 0.2082,  16.5061,   6.6537, 0.7165,  20.9148
train,    2240, 27.423422,   16, 0.32,    5, 0.000, 0.000, 0.100,  8
train,    2241, 27.908004,   16, 0.32,    7, 0.000, 0.000, 0.100,  8
train,    2242, 22.065215,   17, 0.29,    7, 0.000, 0.000, 0.100,  8
train,    2243, 24.068246,   16, 0.29,    5, 0.000, 0.000, 0.100,  8
train,    2244, 19.020031,   17, 0.34,    6, 0.000, 0.000, 0.100,  8
train,    2245, 21.410108,   17, 0.33,    7, 0.000, 0.000, 0.100,  8
train,    2246, 20.777980,   16, 0.31,    5, 0.000, 0.000, 0.100,  8
train,    2247, 25.178165,   16, 0.27,    6, 0.000, 0.000, 0.100,  8
train,    2248, 21.687375,   16, 0.28,    4, 0.000, 0.000, 0.100,  8
train,    2249, 21.702195,   18, 0.29,    6, 0.000, 0.000, 0.100,  8
val,      2249, 28.751737, 0.1989,  16.1481,   6.9502, 0.7646,  20.8567
train,    2250, 23.462289,   17, 0.35,    5, 0.000, 0.000, 0.100,  8
train,    2251, 12.632328,   17, 0.30,    5, 0.000, 0.000, 0.100,  8
train,    2252, 20.220081,   16, 0.31,    6, 0.000, 0.000, 0.100,  8
train,    2253, 24.289197,   15, 0.30,    6, 0.000, 0.000, 0.100,  8
train,    2254, 15.309742,   17, 0.30,    4, 0.000, 0.000, 0.100,  8
train,    2255, 27.209903,   16, 0.25,    4, 0.000, 0.000, 0.100,  8
train,    2256, 28.406961,   16, 0.30,    5, 0.000, 0.000, 0.100,  8
train,    2257, 33.064113,   17, 0.28,    5, 0.000, 0.000, 0.100,  8
train,    2258, 26.107218,   16, 0.32,    3, 0.000, 0.000, 0.100,  8
train,    2259, 34.863494,   16, 0.31,    6, 0.000, 0.000, 0.100,  8
val,      2259, 29.253901, 0.2147,  16.2760,   7.0060, 0.7642,  20.9155
train,    2260, 27.351696,   16, 0.30,    4, 0.000, 0.000, 0.100,  8
train,    2261, 30.258201,   15, 0.32,    3, 0.000, 0.000, 0.100,  8
train,    2262, 32.616280,   17, 0.28,    5, 0.000, 0.000, 0.100,  8
train,    2263, 33.938397,   17, 0.30,    5, 0.000, 0.000, 0.100,  8
train,    2264, 34.419475,   17, 0.35,    5, 0.000, 0.000, 0.100,  8
train,    2265, 41.578477,   15, 0.32,    4, 0.000, 0.000, 0.100,  8
train,    2266, 37.465357,   17, 0.33,    3, 0.000, 0.000, 0.100,  8
train,    2267, 32.740848,   17, 0.32,    5, 0.000, 0.000, 0.100,  8
train,    2268, 39.406371,   16, 0.26,    5, 0.000, 0.000, 0.100,  8
update,   2268,   63,  520, 27.848030, 0.000000
train,    2269, 36.651367,   16, 0.31,    3, 0.000, 0.000, 0.100,  8
val,      2269, 32.167876, 0.2200,  16.8468,   6.8893, 0.7634,  20.8154
train,    2270, 38.281516,   17, 0.28,    4, 0.000, 0.000, 0.100,  8
train,    2271, 42.548020,   16, 0.28,    6, 0.000, 0.000, 0.100,  8
train,    2272, 44.084694,   17, 0.31,    5, 0.000, 0.000, 0.100,  8
train,    2273, 43.788116,   18, 0.30,    5, 0.000, 0.000, 0.100,  8
train,    2274, 38.109280,   16, 0.27,    5, 0.000, 0.000, 0.100,  8
train,    2275, 42.866998,   16, 0.26,    4, 0.000, 0.000, 0.100,  8
train,    2276, 33.367373,   17, 0.29,    3, 0.000, 0.000, 0.100,  8
train,    2277, 30.649963,   17, 0.29,    5, 0.000, 0.000, 0.100,  8
train,    2278, 38.215341,   17, 0.29,    3, 0.000, 0.000, 0.100,  8
train,    2279, 36.989033,   18, 0.29,    4, 0.000, 0.000, 0.100,  8
val,      2279, 33.090131, 0.1946,  16.1210,   6.8335, 0.7656,  20.9045
train,    2280, 45.370683,   17, 0.33,    5, 0.000, 0.000, 0.100,  8
train,    2281, 34.634011,   17, 0.29,    5, 0.000, 0.000, 0.100,  8
train,    2282, 33.969037,   18, 0.32,    5, 0.000, 0.000, 0.100,  8
train,    2283, 31.319018,   16, 0.33,    4, 0.000, 0.000, 0.100,  8
train,    2284, 31.012962,   17, 0.33,    4, 0.000, 0.000, 0.100,  8
train,    2285, 39.897704,   17, 0.32,    5, 0.000, 0.000, 0.100,  8
train,    2286, 31.131852,   16, 0.29,    5, 0.000, 0.000, 0.100,  8
train,    2287, 33.336266,   17, 0.28,    6, 0.000, 0.000, 0.100,  8
train,    2288, 36.117632,   17, 0.31,    4, 0.000, 0.000, 0.100,  8
train,    2289, 39.003024,   15, 0.28,    5, 0.000, 0.000, 0.100,  8
val,      2289, 35.459157, 0.2393,  16.4056,   7.2021, 0.7600,  20.8354
train,    2290, 18.752974,   17, 0.32,    6, 0.000, 0.000, 0.100,  8
train,    2291, 20.466041,   17, 0.32,    6, 0.000, 0.000, 0.100,  8
train,    2292, 29.913813,   15, 0.29,    4, 0.000, 0.000, 0.100,  8
train,    2293, 25.828410,   16, 0.30,    4, 0.000, 0.000, 0.100,  8
train,    2294, 35.410628,   16, 0.33,    6, 0.000, 0.000, 0.100,  8
train,    2295, 23.998766,   15, 0.29,    4, 0.000, 0.000, 0.100,  8
train,    2296, 27.033020,   17, 0.29,    4, 0.000, 0.000, 0.100,  8
train,    2297, 31.019755,   18, 0.28,    5, 0.000, 0.000, 0.100,  8
train,    2298, 23.150462,   16, 0.31,    5, 0.000, 0.000, 0.100,  8
train,    2299, 28.305184,   16, 0.32,    4, 0.000, 0.000, 0.100,  8
val,      2299, 29.574186, 0.1852,  16.1150,   6.7054, 0.7660,  20.7444
train,    2300, 33.048615,   16, 0.30,    5, 0.000, 0.000, 0.100,  8
train,    2301, 24.786859,   16, 0.27,    6, 0.000, 0.000, 0.100,  8
train,    2302, 26.117795,   17, 0.30,    6, 0.000, 0.000, 0.100,  8
train,    2303, 34.438665,   15, 0.33,    4, 0.000, 0.000, 0.100,  8
train,    2304, 35.567827,   16, 0.31,    6, 0.000, 0.000, 0.100,  8
update,   2304,   64,  512, 25.546800, 0.000000
train,    2305, 34.169000,   17, 0.34,    6, 0.000, 0.000, 0.100,  8
train,    2306, 35.771393,   16, 0.32,    5, 0.000, 0.000, 0.100,  8
train,    2307, 36.089031,   16, 0.33,    6, 0.000, 0.000, 0.100,  8
train,    2308, 36.524601,   16, 0.31,    5, 0.000, 0.000, 0.100,  8
train,    2309, 35.702920,   17, 0.32,    7, 0.000, 0.000, 0.100,  8
val,      2309, 30.134296, 0.1913,  16.3742,   6.7915, 0.7475,  20.8634
train,    2310, 30.492013,   16, 0.31,    5, 0.000, 0.000, 0.100,  8
train,    2311, 35.459764,   16, 0.30,    7, 0.000, 0.000, 0.100,  8
train,    2312, 31.693430,   17, 0.28,    6, 0.000, 0.000, 0.100,  8
train,    2313, 34.968588,   16, 0.31,    6, 0.000, 0.000, 0.100,  8
train,    2314, 39.329884,   16, 0.31,    6, 0.000, 0.000, 0.100,  8
train,    2315, 34.355477,   17, 0.32,    6, 0.000, 0.000, 0.100,  8
train,    2316, 41.702633,   17, 0.28,    7, 0.000, 0.000, 0.100,  8
train,    2317, 33.674093,   17, 0.32,    9, 0.000, 0.000, 0.100,  8
train,    2318, 34.896630,   15, 0.23,    7, 0.000, 0.000, 0.100,  8
train,    2319, 42.237870,   17, 0.32,    7, 0.000, 0.000, 0.100,  8
val,      2319, 27.577154, 0.2155,  16.5877,   6.9693, 0.7512,  20.7561
train,    2320, 38.887794,   16, 0.28,    6, 0.000, 0.000, 0.100,  8
train,    2321, 43.554333,   17, 0.28,    8, 0.000, 0.000, 0.100,  8
train,    2322, 35.723048,   17, 0.26,    8, 0.000, 0.000, 0.100,  8
train,    2323, 37.204563,   16, 0.33,    6, 0.000, 0.000, 0.100,  8
train,    2324, 32.966716,   16, 0.31,    8, 0.000, 0.000, 0.100,  8
train,    2325, 35.174105,   16, 0.30,    7, 0.000, 0.000, 0.100,  8
train,    2326, 41.715606,   17, 0.32,    8, 0.000, 0.000, 0.100,  8
train,    2327, 40.851100,   17, 0.26,    7, 0.000, 0.000, 0.100,  8
train,    2328, 38.580105,   17, 0.25,    7, 0.000, 0.000, 0.100,  8
train,    2329, 27.178264,   16, 0.30,    7, 0.000, 0.000, 0.100,  8
val,      2329, 23.527385, 0.1691,  16.5518,   6.9582, 0.7765,  20.8002
train,    2330, 27.715677,   17, 0.26,    7, 0.000, 0.000, 0.100,  8
train,    2331, 30.495000,   16, 0.31,    8, 0.000, 0.000, 0.100,  8
train,    2332, 27.500346,   17, 0.29,    8, 0.000, 0.000, 0.100,  8
train,    2333, 26.007617,   17, 0.32,    7, 0.000, 0.000, 0.100,  8
train,    2334, 30.695881,   17, 0.28,    8, 0.000, 0.000, 0.100,  8
train,    2335, 27.766062,   18, 0.27,    6, 0.000, 0.000, 0.100,  8
train,    2336, 21.991452,   17, 0.27,    8, 0.000, 0.000, 0.100,  8
train,    2337, 27.486685,   16, 0.33,    8, 0.000, 0.000, 0.100,  8
train,    2338, 26.294028,   17, 0.34,    7, 0.000, 0.000, 0.100,  8
train,    2339, 14.783169,   17, 0.29,    9, 0.000, 0.000, 0.100,  8
val,      2339, 25.602770, 0.2051,  16.7066,   7.0465, 0.7294,  20.7402
train,    2340, 29.939107,   16, 0.32,    8, 0.000, 0.000, 0.100,  8
update,   2340,   65,  518, 30.357418, 0.000000
train,    2341, 18.596943,   17, 0.30,    8, 0.000, 0.000, 0.100,  8
train,    2342, 24.031999,   17, 0.32,    9, 0.000, 0.000, 0.100,  8
train,    2343, 17.107789,   18, 0.34,    7, 0.000, 0.000, 0.100,  8
train,    2344, 21.713254,   18, 0.31,    7, 0.000, 0.000, 0.100,  8
train,    2345, 16.238637,   15, 0.28,    7, 0.000, 0.000, 0.100,  8
train,    2346, 17.598398,   17, 0.29,    8, 0.000, 0.000, 0.100,  8
train,    2347, 25.965763,   17, 0.28,    9, 0.000, 0.000, 0.100,  8
train,    2348, 14.436133,   17, 0.28,    8, 0.000, 0.000, 0.100,  8
train,    2349, 17.033731,   17, 0.32,    7, 0.000, 0.000, 0.100,  8
val,      2349, 30.312982, 0.1996,  16.2293,   6.8144, 0.7475,  20.8527
train,    2350, 13.467997,   16, 0.31,    7, 0.000, 0.000, 0.100,  8
train,    2351, 22.129911,   16, 0.31,    7, 0.000, 0.000, 0.100,  8
train,    2352, 23.366111,   17, 0.31,   10, 0.000, 0.000, 0.100,  8
train,    2353, 26.403348,   17, 0.29,    7, 0.000, 0.000, 0.100,  8
train,    2354, 20.256371,   18, 0.29,   10, 0.000, 0.000, 0.100,  8
train,    2355, 32.023107,   17, 0.28,    8, 0.000, 0.000, 0.100,  8
train,    2356, 29.245699,   16, 0.35,    6, 0.000, 0.000, 0.100,  8
train,    2357, 27.851414,   15, 0.33,    6, 0.000, 0.000, 0.100,  8
train,    2358, 33.910487,   16, 0.29,    6, 0.000, 0.000, 0.100,  8
train,    2359, 32.598244,   16, 0.30,    7, 0.000, 0.000, 0.100,  8
val,      2359, 26.415014, 0.2161,  16.2005,   6.7559, 0.7473,  20.8245
train,    2360, 29.034836,   18, 0.28,    8, 0.000, 0.000, 0.100,  8
train,    2361, 31.266959,   18, 0.27,    7, 0.000, 0.000, 0.100,  8
train,    2362, 34.078636,   16, 0.32,    7, 0.000, 0.000, 0.100,  8
train,    2363, 30.751601,   15, 0.30,    7, 0.000, 0.000, 0.100,  8
train,    2364, 40.034314,   16, 0.30,    9, 0.000, 0.000, 0.100,  8
train,    2365, 34.795463,   17, 0.31,    7, 0.000, 0.000, 0.100,  8
train,    2366, 28.604557,   17, 0.31,    7, 0.000, 0.000, 0.100,  8
train,    2367, 40.423263,   16, 0.30,    8, 0.000, 0.000, 0.100,  8
train,    2368, 30.417270,   16, 0.35,    8, 0.000, 0.000, 0.100,  8
train,    2369, 41.569145,   17, 0.29,    7, 0.000, 0.000, 0.100,  8
val,      2369, 32.666137, 0.2104,  16.4378,   6.8466, 0.7895,  20.8903
train,    2370, 34.004598,   16, 0.31,    7, 0.000, 0.000, 0.100,  8
train,    2371, 40.766254,   16, 0.31,    6, 0.000, 0.000, 0.100,  8
train,    2372, 39.213608,   17, 0.29,    8, 0.000, 0.000, 0.100,  8
train,    2373, 38.280982,   16, 0.32,    6, 0.000, 0.000, 0.100,  8
train,    2374, 32.002195,   16, 0.32,    7, 0.000, 0.000, 0.100,  8
train,    2375, 30.411436,   15, 0.26,    6, 0.000, 0.000, 0.100,  8
train,    2376, 36.714925,   17, 0.32,    8, 0.000, 0.000, 0.100,  8
update,   2376,   66,  542, 26.509643, 0.000000
train,    2377, 33.395675,   15, 0.28,    6, 0.000, 0.000, 0.100,  8
train,    2378, 31.304939,   16, 0.31,    8, 0.000, 0.000, 0.100,  8
train,    2379, 30.447843,   16, 0.31,    5, 0.000, 0.000, 0.100,  8
val,      2379, 33.024365, 0.1965,  16.3486,   7.0036, 0.7587,  20.8334
train,    2380, 35.761442,   16, 0.30,    7, 0.000, 0.000, 0.100,  8
train,    2381, 30.782356,   17, 0.33,    7, 0.000, 0.000, 0.100,  8
train,    2382, 28.891521,   15, 0.31,    6, 0.000, 0.000, 0.100,  8
train,    2383, 24.333957,   17, 0.29,    5, 0.000, 0.000, 0.100,  8
train,    2384, 25.850506,   16, 0.26,    7, 0.000, 0.000, 0.100,  8
train,    2385, 23.323908,   17, 0.30,    7, 0.000, 0.000, 0.100,  8
train,    2386, 32.872010,   17, 0.34,    4, 0.000, 0.000, 0.100,  8
train,    2387, 25.022395,   17, 0.22,    7, 0.000, 0.000, 0.100,  8
train,    2388, 33.286286,   16, 0.33,    5, 0.000, 0.000, 0.100,  8
train,    2389, 32.880759,   16, 0.28,    6, 0.000, 0.000, 0.100,  8
val,      2389, 28.493959, 0.2015,  16.4404,   6.8456, 0.7604,  20.7772
train,    2390, 27.903263,   16, 0.32,    5, 0.000, 0.000, 0.100,  8
train,    2391, 27.625865,   16, 0.32,    6, 0.000, 0.000, 0.100,  8
train,    2392, 26.645602,   17, 0.28,    6, 0.000, 0.000, 0.100,  8
train,    2393, 12.302038,   16, 0.26,    5, 0.000, 0.000, 0.100,  8
train,    2394, 27.989220,   17, 0.31,    6, 0.000, 0.000, 0.100,  8
train,    2395, 28.745316,   16, 0.30,    6, 0.000, 0.000, 0.100,  8
train,    2396, 24.732610,   16, 0.31,    4, 0.000, 0.000, 0.100,  8
train,    2397, 24.615332,   17, 0.27,    6, 0.000, 0.000, 0.100,  8
train,    2398, 25.164577,   16, 0.32,    5, 0.000, 0.000, 0.100,  8
train,    2399, 28.381521,   18, 0.32,    5, 0.000, 0.000, 0.100,  8
val,      2399, 31.093749, 0.2179,  17.0096,   7.1668, 0.7871,  20.8201
train,    2400, 30.590655,   16, 0.29,    4, 0.000, 0.000, 0.100,  8
train,    2401, 29.811654,   16, 0.28,    6, 0.000, 0.000, 0.100,  8
train,    2402, 33.745383,   17, 0.31,    4, 0.000, 0.000, 0.100,  8
train,    2403, 29.252121,   16, 0.34,    4, 0.000, 0.000, 0.100,  8
train,    2404, 27.647168,   17, 0.33,    6, 0.000, 0.000, 0.100,  8
train,    2405, 37.091743,   16, 0.32,    4, 0.000, 0.000, 0.100,  8
train,    2406, 34.150379,   16, 0.26,    4, 0.000, 0.000, 0.100,  8
train,    2407, 38.702201,   16, 0.27,    3, 0.000, 0.000, 0.100,  8
train,    2408, 34.585062,   18, 0.29,    5, 0.000, 0.000, 0.100,  8
train,    2409, 37.239869,   18, 0.33,    5, 0.000, 0.000, 0.100,  8
val,      2409, 28.542197, 0.1748,  16.7534,   7.0558, 0.7822,  20.8636
train,    2410, 35.139038,   16, 0.24,    3, 0.000, 0.000, 0.100,  8
train,    2411, 38.607136,   16, 0.24,    5, 0.000, 0.000, 0.100,  8
train,    2412, 37.147197,   17, 0.30,    4, 0.000, 0.000, 0.100,  8
update,   2412,   67,  518, 30.840987, 0.000000
train,    2413, 40.310206,   16, 0.34,    6, 0.000, 0.000, 0.100,  8
train,    2414, 47.000000,   18, 0.30,    5, 0.000, 0.000, 0.100,  8
train,    2415, 31.861642,   17, 0.28,    6, 0.000, 0.000, 0.100,  8
train,    2416, 47.000000,   16, 0.28,    3, 0.000, 0.000, 0.100,  8
train,    2417, 36.655398,   17, 0.26,    5, 0.000, 0.000, 0.100,  8
train,    2418, 36.790081,   17, 0.25,    3, 0.000, 0.000, 0.100,  8
train,    2419, 40.976419,   16, 0.29,    4, 0.000, 0.000, 0.100,  8
val,      2419, 26.365798, 0.1877,  16.5462,   6.7647, 0.7491,  20.8225
train,    2420, 33.728814,   16, 0.32,    4, 0.000, 0.000, 0.100,  8
train,    2421, 41.396915,   16, 0.26,    4, 0.000, 0.000, 0.100,  8
train,    2422, 36.994769,   17, 0.29,    5, 0.000, 0.000, 0.100,  8
train,    2423, 36.974168,   18, 0.29,    4, 0.000, 0.000, 0.100,  8
train,    2424, 37.935328,   17, 0.30,    4, 0.000, 0.000, 0.100,  8
train,    2425, 40.252376,   18, 0.27,    6, 0.000, 0.000, 0.100,  8
train,    2426, 36.452022,   16, 0.33,    4, 0.000, 0.000, 0.100,  8
train,    2427, 28.977514,   18, 0.29,    6, 0.000, 0.000, 0.100,  8
train,    2428, 28.172414,   17, 0.29,    5, 0.000, 0.000, 0.100,  8
train,    2429, 37.226738,   15, 0.33,    5, 0.000, 0.000, 0.100,  8
val,      2429, 24.122964, 0.1877,  16.7423,   6.8673, 0.7739,  20.8956
train,    2430, 25.002547,   17, 0.29,    6, 0.000, 0.000, 0.100,  8
train,    2431, 28.853999,   17, 0.30,    3, 0.000, 0.000, 0.100,  8
train,    2432, 24.923179,   18, 0.31,    4, 0.000, 0.000, 0.100,  8
train,    2433, 29.929653,   16, 0.32,    7, 0.000, 0.000, 0.100,  8
train,    2434, 26.841144,   17, 0.28,    4, 0.000, 0.000, 0.100,  8
train,    2435, 16.427989,   17, 0.33,    4, 0.000, 0.000, 0.100,  8
train,    2436, 25.630042,   16, 0.30,    5, 0.000, 0.000, 0.100,  8
train,    2437, 20.743907,   17, 0.26,    5, 0.000, 0.000, 0.100,  8
train,    2438, 30.169973,   16, 0.35,    5, 0.000, 0.000, 0.100,  8
train,    2439, 25.716582,   16, 0.28,    5, 0.000, 0.000, 0.100,  8
val,      2439, 27.320038, 0.1743,  16.4770,   7.0021, 0.7661,  20.7137
train,    2440, 11.594496,   16, 0.26,    4, 0.000, 0.000, 0.100,  8
train,    2441, 24.131786,   17, 0.29,    6, 0.000, 0.000, 0.100,  8
train,    2442, 20.351581,   17, 0.33,    5, 0.000, 0.000, 0.100,  8
train,    2443, 16.416675,   16, 0.30,    5, 0.000, 0.000, 0.100,  8
train,    2444, 26.001093,   16, 0.30,    6, 0.000, 0.000, 0.100,  8
train,    2445, 30.946561,   17, 0.28,    4, 0.000, 0.000, 0.100,  8
train,    2446, 23.476018,   16, 0.23,    4, 0.000, 0.000, 0.100,  8
train,    2447, 26.491923,   16, 0.28,    4, 0.000, 0.000, 0.100,  8
train,    2448, 30.505680,   17, 0.28,    7, 0.000, 0.000, 0.100,  8
update,   2448,   68,  497, 28.831771, 0.000000
train,    2449, 26.975707,   17, 0.32,    4, 0.000, 0.000, 0.100,  8
val,      2449, 27.514741, 0.2340,  16.0347,   6.8460, 0.7466,  20.7352
train,    2450, 28.617440,   15, 0.33,    6, 0.000, 0.000, 0.100,  8
train,    2451, 26.823643,   16, 0.31,    6, 0.000, 0.000, 0.100,  8
train,    2452, 31.425647,   17, 0.29,    6, 0.000, 0.000, 0.100,  8
train,    2453, 34.803656,   16, 0.29,    5, 0.000, 0.000, 0.100,  8
train,    2454, 31.881823,   16, 0.29,    6, 0.000, 0.000, 0.100,  8
train,    2455, 27.556246,   17, 0.33,    6, 0.000, 0.000, 0.100,  8
train,    2456, 27.034126,   17, 0.32,    5, 0.000, 0.000, 0.100,  8
train,    2457, 34.625492,   17, 0.34,    6, 0.000, 0.000, 0.100,  8
train,    2458, 23.171587,   17, 0.30,    6, 0.000, 0.000, 0.100,  8
train,    2459, 31.887628,   18, 0.29,    5, 0.000, 0.000, 0.100,  8
val,      2459, 31.027148, 0.2032,  16.4885,   6.7455, 0.7560,  20.8460
train,    2460, 34.483128,   15, 0.29,    6, 0.000, 0.000, 0.100,  8
train,    2461, 28.449002,   18, 0.30,    8, 0.000, 0.000, 0.100,  8
train,    2462, 37.819875,   16, 0.32,    6, 0.000, 0.000, 0.100,  8
train,    2463, 37.557610,   16, 0.29,    6, 0.000, 0.000, 0.100,  8
train,    2464, 37.030607,   16, 0.24,    7, 0.000, 0.000, 0.100,  8
train,    2465, 35.151279,   17, 0.32,    7, 0.000, 0.000, 0.100,  8
train,    2466, 35.711322,   16, 0.28,    6, 0.000, 0.000, 0.100,  8
train,    2467, 30.048760,   17, 0.29,    6, 0.000, 0.000, 0.100,  8
train,    2468, 33.033974,   17, 0.27,    8, 0.000, 0.000, 0.100,  8
train,    2469, 37.920161,   18, 0.29,    8, 0.000, 0.000, 0.100,  8
val,      2469, 31.576932, 0.2029,  16.3638,   6.8413, 0.7528,  20.7958
train,    2470, 32.504597,   17, 0.30,    7, 0.000, 0.000, 0.100,  8
train,    2471, 26.002083,   16, 0.30,    7, 0.000, 0.000, 0.100,  8
train,    2472, 35.233182,   18, 0.34,    8, 0.000, 0.000, 0.100,  8
train,    2473, 27.596852,   18, 0.33,    7, 0.000, 0.000, 0.100,  8
train,    2474, 32.100371,   17, 0.32,    9, 0.000, 0.000, 0.100,  8
train,    2475, 24.769582,   17, 0.26,    7, 0.000, 0.000, 0.100,  8
train,    2476, 31.065832,   17, 0.31,    6, 0.000, 0.000, 0.100,  8
train,    2477, 17.855739,   16, 0.33,    7, 0.000, 0.000, 0.100,  8
train,    2478, 20.334000,   16, 0.26,    7, 0.000, 0.000, 0.100,  8
train,    2479, 25.388830,   17, 0.30,    9, 0.000, 0.000, 0.100,  8
val,      2479, 31.722773, 0.1742,  16.6120,   6.8969, 0.7626,  20.8439
train,    2480, 24.359782,   18, 0.32,    9, 0.000, 0.000, 0.100,  8
train,    2481, 15.895922,   16, 0.33,    8, 0.000, 0.000, 0.100,  8
train,    2482, 27.800298,   16, 0.28,    8, 0.000, 0.000, 0.100,  8
train,    2483, 30.913471,   18, 0.27,    8, 0.000, 0.000, 0.100,  8
train,    2484, 22.193098,   17, 0.31,    7, 0.000, 0.000, 0.100,  8
update,   2484,   69,  516, 29.511122, 0.000000
train,    2485, 20.559623,   19, 0.30,    8, 0.000, 0.000, 0.100,  8
train,    2486, 21.425906,   17, 0.30,    8, 0.000, 0.000, 0.100,  8
train,    2487, 23.519642,   17, 0.31,    8, 0.000, 0.000, 0.100,  8
train,    2488, 20.692158,   17, 0.28,    7, 0.000, 0.000, 0.100,  8
train,    2489, 24.920481,   17, 0.31,    8, 0.000, 0.000, 0.100,  8
val,      2489, 29.878819, 0.1891,  16.6051,   6.9876, 0.7321,  20.8316
train,    2490, 28.617455,   16, 0.31,    7, 0.000, 0.000, 0.100,  8
train,    2491, 29.495293,   17, 0.28,    8, 0.000, 0.000, 0.100,  8
train,    2492, 27.077042,   17, 0.29,    7, 0.000, 0.000, 0.100,  8
train,    2493, 23.847927,   17, 0.30,    7, 0.000, 0.000, 0.100,  8
train,    2494, 26.599639,   16, 0.32,    7, 0.000, 0.000, 0.100,  8
train,    2495, 29.075343,   16, 0.32,    8, 0.000, 0.000, 0.100,  8
train,    2496, 24.740366,   16, 0.26,    7, 0.000, 0.000, 0.100,  8
train,    2497, 28.711230,   17, 0.29,    7, 0.000, 0.000, 0.100,  8
train,    2498, 30.815383,   17, 0.30,    8, 0.000, 0.000, 0.100,  8
train,    2499, 34.234279,   16, 0.30,    8, 0.000, 0.000, 0.100,  8
val,      2499, 29.857823, 0.1677,  16.2436,   6.8403, 0.7953,  20.8927
train,    2500, 31.364274,   16, 0.31,    8, 0.000, 0.000, 0.100,  8
train,    2501, 35.060414,   16, 0.32,    7, 0.000, 0.000, 0.100,  8
train,    2502, 42.611275,   17, 0.35,    8, 0.000, 0.000, 0.100,  8
train,    2503, 37.152082,   17, 0.32,    8, 0.000, 0.000, 0.100,  8
train,    2504, 38.021793,   17, 0.32,    9, 0.000, 0.000, 0.100,  8
train,    2505, 40.873990,   16, 0.29,    7, 0.000, 0.000, 0.100,  8
train,    2506, 41.336694,   18, 0.29,    6, 0.000, 0.000, 0.100,  8
train,    2507, 41.009251,   16, 0.25,    7, 0.000, 0.000, 0.100,  8
train,    2508, 35.372514,   17, 0.29,    7, 0.000, 0.000, 0.100,  8
train,    2509, 35.397490,   17, 0.31,    7, 0.000, 0.000, 0.100,  8
val,      2509, 27.027954, 0.1837,  16.3973,   6.9618, 0.7696,  20.8254
train,    2510, 44.189105,   15, 0.28,    7, 0.000, 0.000, 0.100,  8
train,    2511, 40.903660,   16, 0.28,    8, 0.000, 0.000, 0.100,  8
train,    2512, 36.276299,   17, 0.33,    6, 0.000, 0.000, 0.100,  8
train,    2513, 40.894421,   17, 0.29,    7, 0.000, 0.000, 0.100,  8
train,    2514, 36.973191,   17, 0.29,    6, 0.000, 0.000, 0.100,  8
train,    2515, 37.589620,   17, 0.29,    7, 0.000, 0.000, 0.100,  8
train,    2516, 42.377983,   16, 0.30,    8, 0.000, 0.000, 0.100,  8
train,    2517, 34.730249,   17, 0.25,    8, 0.000, 0.000, 0.100,  8
train,    2518, 42.238855,   17, 0.30,    6, 0.000, 0.000, 0.100,  8
train,    2519, 35.066548,   16, 0.26,    7, 0.000, 0.000, 0.100,  8
val,      2519, 30.773191, 0.1864,  16.5338,   6.9597, 0.7791,  20.8371
train,    2520, 34.143009,   18, 0.32,    7, 0.000, 0.000, 0.100,  8
update,   2520,   70,  514, 39.293983, 0.000000
train,    2521, 23.781251,   16, 0.26,    7, 0.000, 0.000, 0.100,  8
train,    2522, 31.572357,   16, 0.26,    5, 0.000, 0.000, 0.100,  8
train,    2523, 35.604521,   16, 0.30,    5, 0.000, 0.000, 0.100,  8
train,    2524, 30.603680,   16, 0.31,    7, 0.000, 0.000, 0.100,  8
train,    2525, 25.365414,   17, 0.30,    5, 0.000, 0.000, 0.100,  8
train,    2526, 31.292790,   16, 0.30,    6, 0.000, 0.000, 0.100,  8
train,    2527, 34.520370,   17, 0.30,    5, 0.000, 0.000, 0.100,  8
train,    2528, 28.536998,   16, 0.30,    7, 0.000, 0.000, 0.100,  8
train,    2529, 29.550197,   17, 0.27,    6, 0.000, 0.000, 0.100,  8
val,      2529, 27.259032, 0.1775,  16.6767,   6.6227, 0.7751,  20.8524
train,    2530, 19.265751,   17, 0.30,    7, 0.000, 0.000, 0.100,  8
train,    2531, 23.355808,   16, 0.30,    6, 0.000, 0.000, 0.100,  8
train,    2532, 23.800483,   18, 0.28,    5, 0.000, 0.000, 0.100,  8
train,    2533, 31.367967,   16, 0.31,    4, 0.000, 0.000, 0.100,  8
train,    2534, 25.907141,   14, 0.27,    7, 0.000, 0.000, 0.100,  8
train,    2535, 27.190975,   18, 0.27,    6, 0.000, 0.000, 0.100,  8
train,    2536, 27.046395,   18, 0.29,    5, 0.000, 0.000, 0.100,  8
train,    2537, 27.541493,   16, 0.32,    6, 0.000, 0.000, 0.100,  8
train,    2538, 22.870742,   17, 0.32,    8, 0.000, 0.000, 0.100,  8
train,    2539, 32.661104,   17, 0.31,    6, 0.000, 0.000, 0.100,  8
val,      2539, 30.325678, 0.1644,  16.6398,   6.9161, 0.7311,  20.9301
train,    2540, 27.891886,   17, 0.31,    6, 0.000, 0.000, 0.100,  8
train,    2541, 25.210381,   16, 0.32,    3, 0.000, 0.000, 0.100,  8
train,    2542, 24.878596,   16, 0.32,    7, 0.000, 0.000, 0.100,  8
train,    2543, 36.556506,   17, 0.30,    5, 0.000, 0.000, 0.100,  8
train,    2544, 31.880774,   15, 0.25,    5, 0.000, 0.000, 0.100,  8
train,    2545, 37.258727,   17, 0.26,    6, 0.000, 0.000, 0.100,  8
train,    2546, 26.809390,   16, 0.28,    5, 0.000, 0.000, 0.100,  8
train,    2547, 31.256613,   16, 0.29,    5, 0.000, 0.000, 0.100,  8
train,    2548, 33.784965,   17, 0.29,    5, 0.000, 0.000, 0.100,  8
train,    2549, 33.532033,   15, 0.29,    4, 0.000, 0.000, 0.100,  8
val,      2549, 30.333774, 0.2014,  16.7682,   6.8379, 0.8025,  20.8702
train,    2550, 40.875184,   17, 0.33,    4, 0.000, 0.000, 0.100,  8
train,    2551, 41.234147,   16, 0.29,    5, 0.000, 0.000, 0.100,  8
train,    2552, 35.729647,   17, 0.31,    5, 0.000, 0.000, 0.100,  8
train,    2553, 42.150905,   18, 0.29,    5, 0.000, 0.000, 0.100,  8
train,    2554, 37.738229,   16, 0.32,    4, 0.000, 0.000, 0.100,  8
train,    2555, 38.173265,   17, 0.27,    4, 0.000, 0.000, 0.100,  8
train,    2556, 33.447739,   16, 0.29,    4, 0.000, 0.000, 0.100,  8
update,   2556,   71,  535, 27.099843, 0.000000
train,    2557, 34.121164,   17, 0.31,    4, 0.000, 0.000, 0.100,  8
train,    2558, 37.400368,   17, 0.28,    4, 0.000, 0.000, 0.100,  8
train,    2559, 31.935803,   18, 0.32,    5, 0.000, 0.000, 0.100,  8
val,      2559, 33.338392, 0.1844,  16.2884,   6.7137, 0.7556,  20.8156
train,    2560, 32.461165,   17, 0.30,    5, 0.000, 0.000, 0.100,  8
train,    2561, 35.144417,   17, 0.30,    5, 0.000, 0.000, 0.100,  8
train,    2562, 37.446993,   17, 0.30,    3, 0.000, 0.000, 0.100,  8
train,    2563, 38.580101,   18, 0.33,    5, 0.000, 0.000, 0.100,  8
train,    2564, 26.634816,   17, 0.30,    4, 0.000, 0.000, 0.100,  8
train,    2565, 30.373119,   18, 0.28,    6, 0.000, 0.000, 0.100,  8
train,    2566, 30.956752,   16, 0.32,    4, 0.000, 0.000, 0.100,  8
train,    2567, 29.037217,   18, 0.30,    5, 0.000, 0.000, 0.100,  8
train,    2568, 27.389321,   16, 0.32,    5, 0.000, 0.000, 0.100,  8
train,    2569, 29.159721,   17, 0.30,    5, 0.000, 0.000, 0.100,  8
val,      2569, 32.006725, 0.1861,  16.5178,   6.6436, 0.8110,  20.7814
train,    2570, 25.035276,   16, 0.32,    4, 0.000, 0.000, 0.100,  8
train,    2571, 23.192451,   16, 0.28,    5, 0.000, 0.000, 0.100,  8
train,    2572, 33.831387,   17, 0.30,    4, 0.000, 0.000, 0.100,  8
train,    2573, 21.861506,   16, 0.27,    6, 0.000, 0.000, 0.100,  8
train,    2574, 22.405665,   17, 0.29,    4, 0.000, 0.000, 0.100,  8
train,    2575, 22.010556,   16, 0.29,    3, 0.000, 0.000, 0.100,  8
train,    2576, 30.784357,   18, 0.28,    4, 0.000, 0.000, 0.100,  8
train,    2577, 25.694326,   16, 0.28,    3, 0.000, 0.000, 0.100,  8
train,    2578, 18.911371,   16, 0.28,    4, 0.000, 0.000, 0.100,  8
train,    2579, 28.510348,   16, 0.26,    5, 0.000, 0.000, 0.100,  8
val,      2579, 32.540241, 0.1677,  16.5151,   7.0254, 0.7497,  20.8564
train,    2580, 24.976607,   18, 0.27,    5, 0.000, 0.000, 0.100,  8
train,    2581, 23.547167,   16, 0.30,    5, 0.000, 0.000, 0.100,  8
train,    2582, 27.170886,   16, 0.26,    6, 0.000, 0.000, 0.100,  8
train,    2583, 15.259518,   17, 0.29,    6, 0.000, 0.000, 0.100,  8
train,    2584, 27.162262,   16, 0.31,    4, 0.000, 0.000, 0.100,  8
train,    2585, 24.715625,   17, 0.24,    6, 0.000, 0.000, 0.100,  8
train,    2586, 25.473846,   18, 0.27,    3, 0.000, 0.000, 0.100,  8
train,    2587, 24.127418,   16, 0.28,    6, 0.000, 0.000, 0.100,  8
train,    2588, 30.220053,   17, 0.28,    5, 0.000, 0.000, 0.100,  8
train,    2589, 32.704142,   15, 0.23,    5, 0.000, 0.000, 0.100,  8
val,      2589, 30.293885, 0.1702,  16.4800,   6.8647, 0.7560,  20.8067
train,    2590, 36.733209,   17, 0.31,    6, 0.000, 0.000, 0.100,  8
train,    2591, 28.239704,   17, 0.33,    6, 0.000, 0.000, 0.100,  8
train,    2592, 37.152898,   17, 0.29,    5, 0.000, 0.000, 0.100,  8
update,   2592,   72,  520, 37.906244, 0.000000
train,    2593, 37.299009,   17, 0.26,    4, 0.000, 0.000, 0.100,  8
train,    2594, 36.725611,   16, 0.31,    6, 0.000, 0.000, 0.100,  8
train,    2595, 33.665025,   17, 0.24,    7, 0.000, 0.000, 0.100,  8
train,    2596, 24.610092,   17, 0.29,    6, 0.000, 0.000, 0.100,  8
train,    2597, 31.384631,   17, 0.32,    5, 0.000, 0.000, 0.100,  8
train,    2598, 35.089190,   16, 0.32,    5, 0.000, 0.000, 0.100,  8
train,    2599, 33.552172,   16, 0.30,    5, 0.000, 0.000, 0.100,  8
val,      2599, 30.729655, 0.1980,  16.9799,   6.9431, 0.7527,  20.7967
train,    2600, 32.681773,   17, 0.26,    5, 0.000, 0.000, 0.100,  8
train,    2601, 41.324417,   16, 0.31,    7, 0.000, 0.000, 0.100,  8
train,    2602, 33.128344,   16, 0.28,    5, 0.000, 0.000, 0.100,  8
train,    2603, 39.317067,   17, 0.35,    6, 0.000, 0.000, 0.100,  8
train,    2604, 36.021070,   15, 0.31,    7, 0.000, 0.000, 0.100,  8
train,    2605, 36.540809,   16, 0.28,    6, 0.000, 0.000, 0.100,  8
train,    2606, 40.849921,   17, 0.29,    7, 0.000, 0.000, 0.100,  8
train,    2607, 34.714964,   17, 0.28,    7, 0.000, 0.000, 0.100,  8
train,    2608, 33.898602,   17, 0.26,    7, 0.000, 0.000, 0.100,  8
train,    2609, 30.653721,   16, 0.28,    6, 0.000, 0.000, 0.100,  8
val,      2609, 26.311699, 0.1865,  16.4118,   6.7130, 0.7470,  20.7969
train,    2610, 29.420409,   16, 0.27,    6, 0.000, 0.000, 0.100,  8
train,    2611, 36.153501,   17, 0.27,    7, 0.000, 0.000, 0.100,  8
train,    2612, 35.190526,   17, 0.25,    9, 0.000, 0.000, 0.100,  8
train,    2613, 30.532677,   16, 0.31,    8, 0.000, 0.000, 0.100,  8
train,    2614, 38.931561,   17, 0.28,    8, 0.000, 0.000, 0.100,  8
train,    2615, 38.886655,   16, 0.29,    8, 0.000, 0.000, 0.100,  8
train,    2616, 35.490722,   16, 0.27,    7, 0.000, 0.000, 0.100,  8
train,    2617, 29.610339,   17, 0.28,    7, 0.000, 0.000, 0.100,  8
train,    2618, 29.347319,   16, 0.28,    6, 0.000, 0.000, 0.100,  8
train,    2619, 33.139283,   18, 0.29,    6, 0.000, 0.000, 0.100,  8
val,      2619, 27.276690, 0.2053,  16.7366,   6.8852, 0.7719,  20.8318
train,    2620, 27.588697,   16, 0.31,    9, 0.000, 0.000, 0.100,  8
train,    2621, 21.238848,   17, 0.29,    8, 0.000, 0.000, 0.100,  8
train,    2622, 26.379361,   17, 0.31,    7, 0.000, 0.000, 0.100,  8
train,    2623, 24.328229,   17, 0.27,    6, 0.000, 0.000, 0.100,  8
train,    2624, 33.829746,   16, 0.32,    7, 0.000, 0.000, 0.100,  8
train,    2625, 24.378613,   18, 0.30,    6, 0.000, 0.000, 0.100,  8
train,    2626, 22.896514,   17, 0.27,    9, 0.000, 0.000, 0.100,  8
train,    2627, 32.756575,   16, 0.28,    8, 0.000, 0.000, 0.100,  8
train,    2628, 27.747148,   17, 0.27,    8, 0.000, 0.000, 0.100,  8
update,   2628,   73,  517, 30.404782, 0.000000
train,    2629, 25.156837,   17, 0.35,    6, 0.000, 0.000, 0.100,  8
val,      2629, 29.440338, 0.1856,  16.6346,   6.9264, 0.7618,  20.8496
train,    2630, 30.601477,   17, 0.28,    8, 0.000, 0.000, 0.100,  8
train,    2631, 25.945591,   17, 0.31,   10, 0.000, 0.000, 0.100,  8
train,    2632, 21.501977,   16, 0.31,    7, 0.000, 0.000, 0.100,  8
train,    2633, 28.337687,   16, 0.28,    8, 0.000, 0.000, 0.100,  8
train,    2634, 38.976415,   17, 0.28,    7, 0.000, 0.000, 0.100,  8
train,    2635, 38.328865,   17, 0.31,    8, 0.000, 0.000, 0.100,  8
train,    2636, 28.535043,   16, 0.27,    7, 0.000, 0.000, 0.100,  8
train,    2637, 33.328163,   16, 0.34,    8, 0.000, 0.000, 0.100,  8
train,    2638, 33.373432,   17, 0.29,    8, 0.000, 0.000, 0.100,  8
train,    2639, 38.885005,   16, 0.28,    7, 0.000, 0.000, 0.100,  8
val,      2639, 29.062705, 0.1906,  16.8526,   6.9495, 0.8026,  20.8666
train,    2640, 38.542159,   16, 0.25,    9, 0.000, 0.000, 0.100,  8
train,    2641, 29.601214,   17, 0.33,    8, 0.000, 0.000, 0.100,  8
train,    2642, 40.917059,   17, 0.25,    8, 0.000, 0.000, 0.100,  8
train,    2643, 35.123902,   16, 0.34,    8, 0.000, 0.000, 0.100,  8
train,    2644, 35.630538,   16, 0.30,    8, 0.000, 0.000, 0.100,  8
train,    2645, 32.279657,   17, 0.34,    8, 0.000, 0.000, 0.100,  8
train,    2646, 37.218941,   16, 0.32,    8, 0.000, 0.000, 0.100,  8
train,    2647, 39.830815,   17, 0.28,    6, 0.000, 0.000, 0.100,  8
train,    2648, 33.201577,   16, 0.29,    8, 0.000, 0.000, 0.100,  8
train,    2649, 36.220106,   16, 0.32,    8, 0.000, 0.000, 0.100,  8
val,      2649, 30.458898, 0.1769,  16.5566,   6.8121, 0.7930,  20.8516
train,    2650, 39.167421,   16, 0.27,    7, 0.000, 0.000, 0.100,  8
train,    2651, 39.060858,   17, 0.28,    7, 0.000, 0.000, 0.100,  8
train,    2652, 42.000055,   16, 0.30,    6, 0.000, 0.000, 0.100,  8
train,    2653, 44.998063,   16, 0.31,    8, 0.000, 0.000, 0.100,  8
train,    2654, 37.548803,   16, 0.36,    7, 0.000, 0.000, 0.100,  8
train,    2655, 42.691377,   15, 0.32,    6, 0.000, 0.000, 0.100,  8
train,    2656, 33.367325,   17, 0.28,    9, 0.000, 0.000, 0.100,  8
train,    2657, 35.389573,   18, 0.32,    7, 0.000, 0.000, 0.100,  8
train,    2658, 40.597746,   16, 0.32,    6, 0.000, 0.000, 0.100,  8
train,    2659, 30.332964,   18, 0.31,    6, 0.000, 0.000, 0.100,  8
val,      2659, 30.031326, 0.1824,  16.6474,   6.6209, 0.7953,  20.8378
train,    2660, 37.086988,   17, 0.32,    7, 0.000, 0.000, 0.100,  8
train,    2661, 24.871061,   18, 0.29,    7, 0.000, 0.000, 0.100,  8
train,    2662, 33.038510,   17, 0.32,    6, 0.000, 0.000, 0.100,  8
train,    2663, 31.138637,   16, 0.28,    8, 0.000, 0.000, 0.100,  8
train,    2664, 25.202001,   17, 0.28,    7, 0.000, 0.000, 0.100,  8
update,   2664,   74,  517, 32.484752, 0.000000
train,    2665, 26.861778,   15, 0.27,    6, 0.000, 0.000, 0.100,  8
train,    2666, 25.294803,   17, 0.30,    7, 0.000, 0.000, 0.100,  8
train,    2667, 28.375940,   17, 0.28,    7, 0.000, 0.000, 0.100,  8
train,    2668, 28.444549,   17, 0.32,    7, 0.000, 0.000, 0.100,  8
train,    2669, 23.977914,   17, 0.32,    6, 0.000, 0.000, 0.100,  8
val,      2669, 31.750418, 0.1851,  16.2195,   6.8454, 0.7577,  20.8783
train,    2670, 18.511478,   17, 0.30,    6, 0.000, 0.000, 0.100,  8
train,    2671, 25.668462,   17, 0.28,    6, 0.000, 0.000, 0.100,  8
train,    2672, 24.568504,   17, 0.32,    6, 0.000, 0.000, 0.100,  8
train,    2673, 21.888641,   17, 0.30,    6, 0.000, 0.000, 0.100,  8
train,    2674, 18.833428,   16, 0.29,    5, 0.000, 0.000, 0.100,  8
train,    2675, 30.282342,   17, 0.29,    4, 0.000, 0.000, 0.100,  8
train,    2676, 22.351210,   16, 0.28,    6, 0.000, 0.000, 0.100,  8
train,    2677, 25.356740,   16, 0.30,    5, 0.000, 0.000, 0.100,  8
train,    2678, 24.478216,   17, 0.27,    5, 0.000, 0.000, 0.100,  8
train,    2679, 18.048764,   16, 0.30,    6, 0.000, 0.000, 0.100,  8
val,      2679, 28.119432, 0.2044,  16.5725,   6.8861, 0.7812,  20.8397
train,    2680, 22.393062,   16, 0.32,    6, 0.000, 0.000, 0.100,  8
train,    2681, 30.150895,   17, 0.27,    4, 0.000, 0.000, 0.100,  8
train,    2682, 17.290447,   17, 0.32,    6, 0.000, 0.000, 0.100,  8
train,    2683, 27.250932,   17, 0.29,    5, 0.000, 0.000, 0.100,  8
train,    2684, 25.867295,   17, 0.31,    6, 0.000, 0.000, 0.100,  8
train,    2685, 28.586639,   17, 0.29,    4, 0.000, 0.000, 0.100,  8
train,    2686, 30.848848,   17, 0.28,    4, 0.000, 0.000, 0.100,  8
train,    2687, 31.528807,   17, 0.31,    6, 0.000, 0.000, 0.100,  8
train,    2688, 28.918581,   16, 0.30,    3, 0.000, 0.000, 0.100,  8
train,    2689, 33.176775,   17, 0.29,    4, 0.000, 0.000, 0.100,  8
val,      2689, 27.443452, 0.1738,  16.4780,   7.0089, 0.7626,  20.8652
train,    2690, 31.786415,   16, 0.29,    4, 0.000, 0.000, 0.100,  8
train,    2691, 31.721426,   16, 0.32,    5, 0.000, 0.000, 0.100,  8
train,    2692, 36.458627,   16, 0.30,    6, 0.000, 0.000, 0.100,  8
train,    2693, 31.912155,   15, 0.28,    5, 0.000, 0.000, 0.100,  8
train,    2694, 37.049878,   17, 0.31,    4, 0.000, 0.000, 0.100,  8
train,    2695, 34.124009,   16, 0.27,    5, 0.000, 0.000, 0.100,  8
train,    2696, 34.866551,   17, 0.32,    4, 0.000, 0.000, 0.100,  8
train,    2697, 33.679069,   17, 0.28,    4, 0.000, 0.000, 0.100,  8
train,    2698, 40.055592,   17, 0.30,    5, 0.000, 0.000, 0.100,  8
train,    2699, 36.247585,   17, 0.27,    4, 0.000, 0.000, 0.100,  8
val,      2699, 29.131425, 0.1941,  16.6572,   6.5985, 0.8046,  20.8690
train,    2700, 40.469002,   18, 0.33,    5, 0.000, 0.000, 0.100,  8
update,   2700,   75,  522, 34.296944, 0.000000
train,    2701, 36.875439,   17, 0.31,    5, 0.000, 0.000, 0.100,  8
train,    2702, 31.052937,   18, 0.30,    5, 0.000, 0.000, 0.100,  8
train,    2703, 34.460071,   16, 0.26,    5, 0.000, 0.000, 0.100,  8
train,    2704, 36.493993,   17, 0.25,    3, 0.000, 0.000, 0.100,  8
train,    2705, 29.385531,   16, 0.27,    5, 0.000, 0.000, 0.100,  8
train,    2706, 31.287742,   17, 0.29,    5, 0.000, 0.000, 0.100,  8
train,    2707, 31.247995,   17, 0.34,    4, 0.000, 0.000, 0.100,  8
train,    2708, 29.765438,   19, 0.30,    5, 0.000, 0.000, 0.100,  8
train,    2709, 30.203890,   17, 0.28,    6, 0.000, 0.000, 0.100,  8
val,      2709, 25.833183, 0.1940,  16.6375,   6.8496, 0.7789,  20.8433
train,    2710, 23.468811,   17, 0.30,    6, 0.000, 0.000, 0.100,  8
train,    2711, 32.947363,   17, 0.26,    3, 0.000, 0.000, 0.100,  8
train,    2712, 30.235790,   16, 0.29,    3, 0.000, 0.000, 0.100,  8
train,    2713, 32.928997,   17, 0.31,    3, 0.000, 0.000, 0.100,  8
train,    2714, 21.814559,   16, 0.30,    4, 0.000, 0.000, 0.100,  8
train,    2715, 19.879653,   16, 0.25,    3, 0.000, 0.000, 0.100,  8
train,    2716, 23.565983,   16, 0.31,    4, 0.000, 0.000, 0.100,  8
train,    2717, 33.273278,   17, 0.30,    5, 0.000, 0.000, 0.100,  8
train,    2718, 25.757980,   16, 0.29,    4, 0.000, 0.000, 0.100,  8
train,    2719, 31.484118,   18, 0.30,    3, 0.000, 0.000, 0.100,  8
val,      2719, 28.409990, 0.1712,  16.3623,   6.7598, 0.7835,  20.8504
train,    2720, 28.794929,   17, 0.31,    5, 0.000, 0.000, 0.100,  8
train,    2721, 28.991210,   17, 0.29,    4, 0.000, 0.000, 0.100,  8
train,    2722, 24.794572,   17, 0.31,    3, 0.000, 0.000, 0.100,  8
train,    2723, 27.991363,   16, 0.27,    7, 0.000, 0.000, 0.100,  8
train,    2724, 22.022171,   17, 0.28,    5, 0.000, 0.000, 0.100,  8
train,    2725, 24.110448,   16, 0.33,    5, 0.000, 0.000, 0.100,  8
train,    2726, 32.168570,   16, 0.30,    3, 0.000, 0.000, 0.100,  8
train,    2727, 26.102706,   17, 0.29,    4, 0.000, 0.000, 0.100,  8
train,    2728, 30.637468,   16, 0.29,    3, 0.000, 0.000, 0.100,  8
train,    2729, 31.954417,   17, 0.29,    4, 0.000, 0.000, 0.100,  8
val,      2729, 30.408886, 0.2095,  16.7117,   6.9740, 0.7772,  20.8163
train,    2730, 36.349641,   17, 0.29,    5, 0.000, 0.000, 0.100,  8
train,    2731, 29.440370,   17, 0.29,    5, 0.000, 0.000, 0.100,  8
train,    2732, 28.292316,   17, 0.22,    6, 0.000, 0.000, 0.100,  8
train,    2733, 32.259777,   18, 0.29,    5, 0.000, 0.000, 0.100,  8
train,    2734, 34.387334,   17, 0.31,    6, 0.000, 0.000, 0.100,  8
train,    2735, 35.231172,   17, 0.32,    6, 0.000, 0.000, 0.100,  8
train,    2736, 33.986992,   16, 0.27,    5, 0.000, 0.000, 0.100,  8
update,   2736,   76,  507, 30.287256, 0.000000
train,    2737, 39.479770,   17, 0.31,    5, 0.000, 0.000, 0.100,  8
train,    2738, 35.510668,   17, 0.29,    7, 0.000, 0.000, 0.100,  8
train,    2739, 35.633320,   16, 0.33,    6, 0.000, 0.000, 0.100,  8
val,      2739, 31.175506, 0.1848,  16.6527,   6.9295, 0.7499,  20.8624
train,    2740, 39.456599,   18, 0.30,    5, 0.000, 0.000, 0.100,  8
train,    2741, 44.770681,   17, 0.33,    5, 0.000, 0.000, 0.100,  8
train,    2742, 38.598924,   17, 0.28,    4, 0.000, 0.000, 0.100,  8
train,    2743, 33.021024,   16, 0.29,    7, 0.000, 0.000, 0.100,  8
train,    2744, 42.626600,   15, 0.28,    5, 0.000, 0.000, 0.100,  8
train,    2745, 40.937555,   16, 0.34,    6, 0.000, 0.000, 0.100,  8
train,    2746, 44.972797,   16, 0.31,    6, 0.000, 0.000, 0.100,  8
train,    2747, 39.931817,   16, 0.30,    6, 0.000, 0.000, 0.100,  8
train,    2748, 35.992286,   17, 0.30,    5, 0.000, 0.000, 0.100,  8
train,    2749, 36.624133,   17, 0.30,    9, 0.000, 0.000, 0.100,  8
val,      2749, 32.053299, 0.2029,  16.6791,   6.8205, 0.7579,  20.8494
train,    2750, 40.502269,   15, 0.29,    5, 0.000, 0.000, 0.100,  8
train,    2751, 31.398489,   16, 0.28,    7, 0.000, 0.000, 0.100,  8
train,    2752, 40.823611,   17, 0.30,    6, 0.000, 0.000, 0.100,  8
train,    2753, 35.464061,   16, 0.28,    7, 0.000, 0.000, 0.100,  8
train,    2754, 36.972876,   15, 0.28,    6, 0.000, 0.000, 0.100,  8
train,    2755, 34.996529,   17, 0.34,    6, 0.000, 0.000, 0.100,  8
train,    2756, 34.529762,   18, 0.31,    8, 0.000, 0.000, 0.100,  8
train,    2757, 32.498808,   16, 0.32,    8, 0.000, 0.000, 0.100,  8
train,    2758, 32.140968,   17, 0.29,    7, 0.000, 0.000, 0.100,  8
train,    2759, 31.170239,   17, 0.28,    7, 0.000, 0.000, 0.100,  8
val,      2759, 34.300084, 0.1716,  16.7117,   6.9102, 0.7654,  20.8923
train,    2760, 32.444603,   18, 0.30,    7, 0.000, 0.000, 0.100,  8
train,    2761, 29.215044,   16, 0.32,    7, 0.000, 0.000, 0.100,  8
train,    2762, 20.780581,   17, 0.27,    7, 0.000, 0.000, 0.100,  8
train,    2763, 27.561523,   17, 0.32,    6, 0.000, 0.000, 0.100,  8
train,    2764, 22.897674,   16, 0.30,    8, 0.000, 0.000, 0.100,  8
train,    2765, 29.724087,   15, 0.30,    8, 0.000, 0.000, 0.100,  8
train,    2766, 31.445435,   18, 0.28,    7, 0.000, 0.000, 0.100,  8
train,    2767, 28.498622,   17, 0.28,    9, 0.000, 0.000, 0.100,  8
train,    2768, 23.471483,   17, 0.27,    9, 0.000, 0.000, 0.100,  8
train,    2769, 26.769486,   18, 0.28,    8, 0.000, 0.000, 0.100,  8
val,      2769, 30.682429, 0.1730,  16.8266,   6.9585, 0.7827,  20.8358
train,    2770, 29.579621,   17, 0.21,    9, 0.000, 0.000, 0.100,  8
train,    2771, 18.903870,   16, 0.30,    8, 0.000, 0.000, 0.100,  8
train,    2772, 26.847232,   17, 0.31,    7, 0.000, 0.000, 0.100,  8
update,   2772,   77,  502, 31.738322, 0.000000
train,    2773, 26.908189,   17, 0.30,    6, 0.000, 0.000, 0.100,  8
train,    2774, 23.188247,   15, 0.26,    6, 0.000, 0.000, 0.100,  8
train,    2775, 22.620228,   17, 0.29,    6, 0.000, 0.000, 0.100,  8
train,    2776, 29.874279,   16, 0.27,    8, 0.000, 0.000, 0.100,  8
train,    2777, 34.858443,   16, 0.30,    6, 0.000, 0.000, 0.100,  8
train,    2778, 28.797166,   17, 0.26,    8, 0.000, 0.000, 0.100,  8
train,    2779, 30.121907,   16, 0.30,    9, 0.000, 0.000, 0.100,  8
val,      2779, 31.171128, 0.2032,  16.7002,   6.8796, 0.7622,  20.8318
train,    2780, 28.388374,   17, 0.31,    7, 0.000, 0.000, 0.100,  8
train,    2781, 33.287005,   16, 0.31,    7, 0.000, 0.000, 0.100,  8
train,    2782, 30.981052,   16, 0.33,    6, 0.000, 0.000, 0.100,  8
train,    2783, 30.127032,   17, 0.29,    8, 0.000, 0.000, 0.100,  8
train,    2784, 28.249141,   17, 0.27,    7, 0.000, 0.000, 0.100,  8
train,    2785, 26.455323,   18, 0.28,    6, 0.000, 0.000, 0.100,  8
train,    2786, 40.231897,   16, 0.28,    8, 0.000, 0.000, 0.100,  8
train,    2787, 31.167040,   17, 0.29,    8, 0.000, 0.000, 0.100,  8
train,    2788, 32.172506,   16, 0.29,    9, 0.000, 0.000, 0.100,  8
train,    2789, 38.186982,   17, 0.33,    9, 0.000, 0.000, 0.100,  8
val,      2789, 29.966283, 0.1825,  16.7253,   6.7806, 0.7694,  20.8989
train,    2790, 32.621637,   16, 0.28,    8, 0.000, 0.000, 0.100,  8
train,    2791, 36.991235,   17, 0.29,   11, 0.000, 0.000, 0.100,  8
train,    2792, 33.728636,   18, 0.31,    7, 0.000, 0.000, 0.100,  8
train,    2793, 39.462111,   16, 0.31,    7, 0.000, 0.000, 0.100,  8
train,    2794, 32.088259,   17, 0.33,    7, 0.000, 0.000, 0.100,  8
train,    2795, 32.364784,   17, 0.29,    7, 0.000, 0.000, 0.100,  8
train,    2796, 34.974602,   16, 0.29,    7, 0.000, 0.000, 0.100,  8
train,    2797, 37.573084,   18, 0.28,    8, 0.000, 0.000, 0.100,  8
train,    2798, 29.711798,   16, 0.31,    7, 0.000, 0.000, 0.100,  8
train,    2799, 32.689336,   17, 0.29,    7, 0.000, 0.000, 0.100,  8
val,      2799, 29.176229, 0.2001,  16.9459,   6.7005, 0.7826,  20.8732
train,    2800, 29.529640,   17, 0.28,    7, 0.000, 0.000, 0.100,  8
train,    2801, 32.812406,   17, 0.25,    7, 0.000, 0.000, 0.100,  8
train,    2802, 25.359902,   17, 0.25,    7, 0.000, 0.000, 0.100,  8
train,    2803, 26.309379,   16, 0.24,    7, 0.000, 0.000, 0.100,  8
train,    2804, 29.779230,   16, 0.29,    5, 0.000, 0.000, 0.100,  8
train,    2805, 25.240888,   16, 0.29,    7, 0.000, 0.000, 0.100,  8
train,    2806, 22.517456,   17, 0.29,    7, 0.000, 0.000, 0.100,  8
train,    2807, 28.018632,   17, 0.28,    6, 0.000, 0.000, 0.100,  8
train,    2808, 25.588086,   18, 0.29,    6, 0.000, 0.000, 0.100,  8
update,   2808,   78,  523, 33.676842, 0.000000
train,    2809, 17.529578,   17, 0.27,    6, 0.000, 0.000, 0.100,  8
val,      2809, 27.964126, 0.1973,  16.7703,   6.8158, 0.7803,  20.8313
train,    2810, 30.151604,   16, 0.26,    7, 0.000, 0.000, 0.100,  8
train,    2811, 22.857490,   16, 0.29,    7, 0.000, 0.000, 0.100,  8
train,    2812, 20.301758,   16, 0.29,    6, 0.000, 0.000, 0.100,  8
train,    2813, 23.965020,   17, 0.27,    6, 0.000, 0.000, 0.100,  8
train,    2814, 23.315864,   16, 0.30,    5, 0.000, 0.000, 0.100,  8
train,    2815, 30.593555,   17, 0.26,    8, 0.000, 0.000, 0.100,  8
train,    2816, 25.795711,   17, 0.28,    6, 0.000, 0.000, 0.100,  8
train,    2817, 20.470479,   16, 0.30,    5, 0.000, 0.000, 0.100,  8
train,    2818, 33.906007,   17, 0.26,    5, 0.000, 0.000, 0.100,  8
train,    2819, 22.597239,   18, 0.31,    6, 0.000, 0.000, 0.100,  8
val,      2819, 27.661495, 0.1934,  16.4334,   6.6687, 0.7531,  20.8353
train,    2820, 29.109151,   17, 0.30,    5, 0.000, 0.000, 0.100,  8
train,    2821, 28.049582,   16, 0.29,    5, 0.000, 0.000, 0.100,  8
train,    2822, 26.382938,   17, 0.28,    7, 0.000, 0.000, 0.100,  8
train,    2823, 27.011807,   17, 0.27,    5, 0.000, 0.000, 0.100,  8
train,    2824, 25.668900,   17, 0.33,    5, 0.000, 0.000, 0.100,  8
train,    2825, 34.297681,   17, 0.29,    7, 0.000, 0.000, 0.100,  8
train,    2826, 31.383346,   17, 0.32,    5, 0.000, 0.000, 0.100,  8
train,    2827, 32.480588,   18, 0.33,    5, 0.000, 0.000, 0.100,  8
train,    2828, 30.991895,   17, 0.25,    5, 0.000, 0.000, 0.100,  8
train,    2829, 28.423965,   17, 0.29,    5, 0.000, 0.000, 0.100,  8
val,      2829, 28.210539, 0.1880,  16.6774,   6.7700, 0.7791,  20.7519
train,    2830, 35.318970,   17, 0.30,    4, 0.000, 0.000, 0.100,  8
train,    2831, 35.222834,   17, 0.25,    4, 0.000, 0.000, 0.100,  8
train,    2832, 27.711262,   17, 0.29,    6, 0.000, 0.000, 0.100,  8
train,    2833, 29.128789,   16, 0.29,    5, 0.000, 0.000, 0.100,  8
train,    2834, 34.219257,   18, 0.30,    6, 0.000, 0.000, 0.100,  8
train,    2835, 36.299794,   18, 0.28,    5, 0.000, 0.000, 0.100,  8
train,    2836, 40.584645,   18, 0.28,    5, 0.000, 0.000, 0.100,  8
train,    2837, 45.022518,   17, 0.29,    4, 0.000, 0.000, 0.100,  8
train,    2838, 33.884152,   16, 0.31,    4, 0.000, 0.000, 0.100,  8
train,    2839, 40.470819,   16, 0.27,    4, 0.000, 0.000, 0.100,  8
val,      2839, 30.305940, 0.1767,  16.5492,   6.9709, 0.7698,  20.8387
train,    2840, 37.734837,   17, 0.29,    4, 0.000, 0.000, 0.100,  8
train,    2841, 36.622482,   17, 0.32,    6, 0.000, 0.000, 0.100,  8
train,    2842, 36.707130,   17, 0.28,    5, 0.000, 0.000, 0.100,  8
train,    2843, 33.812296,   16, 0.29,    5, 0.000, 0.000, 0.100,  8
train,    2844, 36.642625,   17, 0.28,    4, 0.000, 0.000, 0.100,  8
update,   2844,   79,  512, 31.424365, 0.000000
train,    2845, 35.342920,   16, 0.31,    4, 0.000, 0.000, 0.100,  8
train,    2846, 33.463964,   16, 0.34,    5, 0.000, 0.000, 0.100,  8
train,    2847, 35.926690,   17, 0.26,    4, 0.000, 0.000, 0.100,  8
train,    2848, 40.236885,   15, 0.32,    3, 0.000, 0.000, 0.100,  8
train,    2849, 34.345252,   17, 0.26,    5, 0.000, 0.000, 0.100,  8
val,      2849, 32.296652, 0.1820,  16.5932,   6.7997, 0.7347,  20.8378
train,    2850, 32.758031,   16, 0.26,    5, 0.000, 0.000, 0.100,  8
train,    2851, 26.664215,   16, 0.29,    5, 0.000, 0.000, 0.100,  8
train,    2852, 35.937550,   17, 0.29,    3, 0.000, 0.000, 0.100,  8
train,    2853, 35.672513,   17, 0.27,    3, 0.000, 0.000, 0.100,  8
train,    2854, 26.118761,   17, 0.30,    4, 0.000, 0.000, 0.100,  8
train,    2855, 29.971940,   17, 0.27,    3, 0.000, 0.000, 0.100,  8
train,    2856, 29.067113,   17, 0.30,    5, 0.000, 0.000, 0.100,  8
train,    2857, 34.387072,   17, 0.29,    5, 0.000, 0.000, 0.100,  8
train,    2858, 30.594171,   16, 0.27,    5, 0.000, 0.000, 0.100,  8
train,    2859, 33.708401,   18, 0.26,    3, 0.000, 0.000, 0.100,  8
val,      2859, 32.495411, 0.1967,  16.5804,   6.8350, 0.7694,  20.8135
train,    2860, 34.431590,   16, 0.31,    4, 0.000, 0.000, 0.100,  8
train,    2861, 30.337465,   16, 0.26,    4, 0.000, 0.000, 0.100,  8
train,    2862, 24.928895,   16, 0.28,    6, 0.000, 0.000, 0.100,  8
train,    2863, 23.522863,   16, 0.30,    5, 0.000, 0.000, 0.100,  8
train,    2864, 30.188539,   17, 0.27,    4, 0.000, 0.000, 0.100,  8
train,    2865, 28.150269,   16, 0.27,    4, 0.000, 0.000, 0.100,  8
train,    2866, 25.617326,   16, 0.33,    6, 0.000, 0.000, 0.100,  8
train,    2867, 25.058337,   17, 0.26,    4, 0.000, 0.000, 0.100,  8
train,    2868, 21.763206,   17, 0.28,    5, 0.000, 0.000, 0.100,  8
train,    2869, 30.486196,   17, 0.31,    3, 0.000, 0.000, 0.100,  8
val,      2869, 30.453457, 0.1779,  16.4182,   6.9463, 0.7738,  20.8144
train,    2870, 27.383278,   17, 0.30,    6, 0.000, 0.000, 0.100,  8
train,    2871, 30.387409,   17, 0.29,    5, 0.000, 0.000, 0.100,  8
train,    2872, 35.074977,   16, 0.27,    4, 0.000, 0.000, 0.100,  8
train,    2873, 33.118424,   18, 0.28,    5, 0.000, 0.000, 0.100,  8
train,    2874, 27.765582,   17, 0.29,    4, 0.000, 0.000, 0.100,  8
train,    2875, 24.191169,   16, 0.28,    7, 0.000, 0.000, 0.100,  8
train,    2876, 34.360634,   17, 0.31,    4, 0.000, 0.000, 0.100,  8
train,    2877, 30.774342,   17, 0.29,    4, 0.000, 0.000, 0.100,  8
train,    2878, 39.674607,   17, 0.28,    7, 0.000, 0.000, 0.100,  8
train,    2879, 34.397614,   17, 0.25,    6, 0.000, 0.000, 0.100,  8
val,      2879, 27.352171, 0.1554,  16.6474,   6.9333, 0.7717,  20.8769
train,    2880, 34.915187,   17, 0.27,    6, 0.000, 0.000, 0.100,  8
update,   2880,   80,  522, 30.402635, 0.000000
train,    2881, 31.631178,   16, 0.28,    6, 0.000, 0.000, 0.100,  8
train,    2882, 38.691694,   16, 0.31,    7, 0.000, 0.000, 0.100,  8
train,    2883, 33.010952,   16, 0.30,    5, 0.000, 0.000, 0.100,  8
train,    2884, 33.150823,   18, 0.27,    6, 0.000, 0.000, 0.100,  8
train,    2885, 32.233975,   18, 0.26,    6, 0.000, 0.000, 0.100,  8
train,    2886, 39.934641,   17, 0.25,    6, 0.000, 0.000, 0.100,  8
train,    2887, 35.315832,   17, 0.30,    6, 0.000, 0.000, 0.100,  8
train,    2888, 33.003053,   17, 0.33,    6, 0.000, 0.000, 0.100,  8
train,    2889, 38.041380,   17, 0.28,    6, 0.000, 0.000, 0.100,  8
val,      2889, 23.739374, 0.2079,  16.5899,   6.9114, 0.7568,  20.9040
train,    2890, 34.012077,   17, 0.27,    6, 0.000, 0.000, 0.100,  8
train,    2891, 35.089749,   17, 0.28,    5, 0.000, 0.000, 0.100,  8
train,    2892, 33.374237,   16, 0.27,    6, 0.000, 0.000, 0.100,  8
train,    2893, 29.807059,   16, 0.27,    7, 0.000, 0.000, 0.100,  8
train,    2894, 36.270726,   16, 0.28,    8, 0.000, 0.000, 0.100,  8
train,    2895, 25.917975,   17, 0.27,    6, 0.000, 0.000, 0.100,  8
train,    2896, 26.097596,   16, 0.30,    6, 0.000, 0.000, 0.100,  8
train,    2897, 29.208351,   16, 0.27,    6, 0.000, 0.000, 0.100,  8
train,    2898, 31.872403,   16, 0.28,    5, 0.000, 0.000, 0.100,  8
train,    2899, 40.102493,   17, 0.27,    6, 0.000, 0.000, 0.100,  8
val,      2899, 25.469103, 0.1553,  16.4756,   6.8217, 0.7662,  20.7068
train,    2900, 23.019020,   17, 0.31,    6, 0.000, 0.000, 0.100,  8
train,    2901, 26.591970,   17, 0.27,    7, 0.000, 0.000, 0.100,  8
train,    2902, 24.108806,   17, 0.28,    7, 0.000, 0.000, 0.100,  8
train,    2903, 21.603821,   17, 0.31,    6, 0.000, 0.000, 0.100,  8
train,    2904, 33.654159,   17, 0.29,    7, 0.000, 0.000, 0.100,  8
train,    2905, 24.111514,   17, 0.28,    6, 0.000, 0.000, 0.100,  8
train,    2906, 21.776577,   17, 0.30,    6, 0.000, 0.000, 0.100,  8
train,    2907, 17.913841,   17, 0.28,    8, 0.000, 0.000, 0.100,  8
train,    2908, 29.039575,   17, 0.32,    7, 0.000, 0.000, 0.100,  8
train,    2909, 29.078470,   18, 0.32,    7, 0.000, 0.000, 0.100,  8
val,      2909, 27.479174, 0.1898,  16.5412,   6.7747, 0.7884,  20.7921
train,    2910, 25.597719,   17, 0.27,    5, 0.000, 0.000, 0.100,  8
train,    2911, 24.819011,   18, 0.32,    7, 0.000, 0.000, 0.100,  8
train,    2912, 21.019378,   17, 0.26,    7, 0.000, 0.000, 0.100,  8
train,    2913, 25.562802,   17, 0.27,    7, 0.000, 0.000, 0.100,  8
train,    2914, 25.529600,   17, 0.28,    8, 0.000, 0.000, 0.100,  8
train,    2915, 26.009554,   17, 0.28,    8, 0.000, 0.000, 0.100,  8
train,    2916, 23.773078,   17, 0.29,    8, 0.000, 0.000, 0.100,  8
update,   2916,   81,  528, 28.029249, 0.000000
train,    2917, 23.529693,   17, 0.28,    8, 0.000, 0.000, 0.100,  8
train,    2918, 26.851768,   17, 0.28,    8, 0.000, 0.000, 0.100,  8
train,    2919, 26.030055,   17, 0.28,    8, 0.000, 0.000, 0.100,  8
val,      2919, 27.931906, 0.1915,  16.5970,   6.7943, 0.7636,  20.8541
train,    2920, 24.532482,   18, 0.29,    9, 0.000, 0.000, 0.100,  8
train,    2921, 32.463491,   16, 0.27,    8, 0.000, 0.000, 0.100,  8
train,    2922, 33.464908,   17, 0.27,    7, 0.000, 0.000, 0.100,  8
train,    2923, 28.399682,   16, 0.33,    7, 0.000, 0.000, 0.100,  8
train,    2924, 30.668839,   16, 0.33,   10, 0.000, 0.000, 0.100,  8
train,    2925, 25.869105,   17, 0.26,    6, 0.000, 0.000, 0.100,  8
train,    2926, 31.111105,   16, 0.27,    8, 0.000, 0.000, 0.100,  8
train,    2927, 31.278996,   17, 0.28,    8, 0.000, 0.000, 0.100,  8
train,    2928, 39.691683,   16, 0.31,    9, 0.000, 0.000, 0.100,  8
train,    2929, 34.587996,   16, 0.27,    7, 0.000, 0.000, 0.100,  8
val,      2929, 29.789661, 0.1733,  16.4945,   7.0009, 0.8002,  20.9294
train,    2930, 33.352152,   16, 0.28,    7, 0.000, 0.000, 0.100,  8
train,    2931, 38.144921,   16, 0.31,    6, 0.000, 0.000, 0.100,  8
train,    2932, 38.539878,   18, 0.29,    8, 0.000, 0.000, 0.100,  8
train,    2933, 33.548261,   17, 0.29,    9, 0.000, 0.000, 0.100,  8
train,    2934, 34.296463,   17, 0.26,    8, 0.000, 0.000, 0.100,  8
train,    2935, 35.811686,   16, 0.26,    6, 0.000, 0.000, 0.100,  8
train,    2936, 37.324518,   17, 0.31,    8, 0.000, 0.000, 0.100,  8
train,    2937, 37.474916,   18, 0.30,    7, 0.000, 0.000, 0.100,  8
train,    2938, 28.329973,   16, 0.30,    8, 0.000, 0.000, 0.100,  8
train,    2939, 33.845560,   16, 0.27,    7, 0.000, 0.000, 0.100,  8
val,      2939, 33.412577, 0.2015,  16.7175,   6.7734, 0.7788,  20.8368
train,    2940, 32.717966,   17, 0.26,    7, 0.000, 0.000, 0.100,  8
train,    2941, 34.093181,   17, 0.31,    9, 0.000, 0.000, 0.100,  8
train,    2942, 29.504842,   16, 0.26,    6, 0.000, 0.000, 0.100,  8
train,    2943, 28.486600,   17, 0.28,    7, 0.000, 0.000, 0.100,  8
train,    2944, 33.229465,   17, 0.26,    8, 0.000, 0.000, 0.100,  8
train,    2945, 36.987573,   16, 0.29,    7, 0.000, 0.000, 0.100,  8
train,    2946, 27.123041,   17, 0.28,    7, 0.000, 0.000, 0.100,  8
train,    2947, 33.068926,   16, 0.25,    8, 0.000, 0.000, 0.100,  8
train,    2948, 33.254744,   17, 0.29,    5, 0.000, 0.000, 0.100,  8
train,    2949, 28.316473,   17, 0.27,    7, 0.000, 0.000, 0.100,  8
val,      2949, 31.899048, 0.1743,  16.6366,   6.7447, 0.7722,  20.8713
train,    2950, 25.499651,   17, 0.26,    7, 0.000, 0.000, 0.100,  8
train,    2951, 31.787280,   16, 0.31,    7, 0.000, 0.000, 0.100,  8
train,    2952, 30.460806,   18, 0.25,    6, 0.000, 0.000, 0.100,  8
update,   2952,   82,  518, 31.782568, 0.000000
train,    2953, 29.685335,   15, 0.28,    8, 0.000, 0.000, 0.100,  8
train,    2954, 38.150192,   18, 0.33,    6, 0.000, 0.000, 0.100,  8
train,    2955, 31.607766,   16, 0.30,    7, 0.000, 0.000, 0.100,  8
train,    2956, 26.097067,   17, 0.27,    6, 0.000, 0.000, 0.100,  8
train,    2957, 26.070562,   16, 0.30,    7, 0.000, 0.000, 0.100,  8
train,    2958, 23.271832,   16, 0.28,    7, 0.000, 0.000, 0.100,  8
train,    2959, 24.996916,   16, 0.24,    7, 0.000, 0.000, 0.100,  8
val,      2959, 31.675104, 0.1718,  16.6047,   7.1249, 0.7587,  20.9017
train,    2960, 21.955266,   16, 0.29,    7, 0.000, 0.000, 0.100,  8
train,    2961, 28.088380,   17, 0.25,    7, 0.000, 0.000, 0.100,  8
train,    2962, 29.051192,   16, 0.28,    6, 0.000, 0.000, 0.100,  8
train,    2963, 29.171552,   18, 0.31,    6, 0.000, 0.000, 0.100,  8
train,    2964, 34.651152,   17, 0.32,    4, 0.000, 0.000, 0.100,  8
train,    2965, 34.677277,   18, 0.27,    7, 0.000, 0.000, 0.100,  8
train,    2966, 32.894180,   16, 0.28,    5, 0.000, 0.000, 0.100,  8
train,    2967, 28.236457,   17, 0.26,    5, 0.000, 0.000, 0.100,  8
train,    2968, 32.896736,   18, 0.33,    7, 0.000, 0.000, 0.100,  8
train,    2969, 28.473504,   16, 0.25,    6, 0.000, 0.000, 0.100,  8
val,      2969, 28.829650, 0.1903,  16.6283,   6.7982, 0.7536,  20.8028
train,    2970, 33.746661,   17, 0.27,    6, 0.000, 0.000, 0.100,  8
train,    2971, 34.780394,   17, 0.28,    4, 0.000, 0.000, 0.100,  8
train,    2972, 35.199123,   16, 0.28,    6, 0.000, 0.000, 0.100,  8
train,    2973, 33.649564,   16, 0.29,    3, 0.000, 0.000, 0.100,  8
train,    2974, 34.501266,   17, 0.27,    5, 0.000, 0.000, 0.100,  8
train,    2975, 34.759176,   17, 0.29,    5, 0.000, 0.000, 0.100,  8
train,    2976, 34.481716,   16, 0.30,    6, 0.000, 0.000, 0.100,  8
train,    2977, 37.921045,   17, 0.30,    5, 0.000, 0.000, 0.100,  8
train,    2978, 35.638297,   17, 0.28,    4, 0.000, 0.000, 0.100,  8
train,    2979, 39.033798,   17, 0.30,    5, 0.000, 0.000, 0.100,  8
val,      2979, 31.169517, 0.1706,  16.4948,   6.8315, 0.7557,  20.8986
train,    2980, 34.122752,   17, 0.30,    4, 0.000, 0.000, 0.100,  8
train,    2981, 41.560950,   16, 0.27,    3, 0.000, 0.000, 0.100,  8
train,    2982, 38.896917,   16, 0.29,    5, 0.000, 0.000, 0.100,  8
train,    2983, 36.119522,   18, 0.31,    5, 0.000, 0.000, 0.100,  8
train,    2984, 43.040824,   17, 0.30,    3, 0.000, 0.000, 0.100,  8
train,    2985, 34.052947,   16, 0.28,    4, 0.000, 0.000, 0.100,  8
train,    2986, 36.950544,   17, 0.32,    5, 0.000, 0.000, 0.100,  8
train,    2987, 41.400615,   17, 0.27,    4, 0.000, 0.000, 0.100,  8
train,    2988, 40.914945,   17, 0.32,    5, 0.000, 0.000, 0.100,  8
update,   2988,   83,  528, 34.112694, 0.000000
train,    2989, 35.866604,   17, 0.27,    6, 0.000, 0.000, 0.100,  8
val,      2989, 28.790889, 0.2024,  16.7412,   6.6671, 0.7814,  20.8575
train,    2990, 29.958100,   16, 0.26,    4, 0.000, 0.000, 0.100,  8
train,    2991, 38.799350,   16, 0.30,    5, 0.000, 0.000, 0.100,  8
train,    2992, 35.110385,   17, 0.29,    5, 0.000, 0.000, 0.100,  8
train,    2993, 28.831059,   18, 0.30,    4, 0.000, 0.000, 0.100,  8
train,    2994, 27.524495,   17, 0.27,    5, 0.000, 0.000, 0.100,  8
train,    2995, 29.132148,   16, 0.31,    3, 0.000, 0.000, 0.100,  8
train,    2996, 32.218277,   16, 0.30,    4, 0.000, 0.000, 0.100,  8
train,    2997, 30.851757,   16, 0.30,    5, 0.000, 0.000, 0.100,  8
train,    2998, 25.291901,   17, 0.33,    6, 0.000, 0.000, 0.100,  8
train,    2999, 36.372930,   16, 0.30,    3, 0.000, 0.000, 0.100,  8
val,      2999, 28.403529, 0.1708,  16.5684,   6.8400, 0.7741,  20.9073
train,    3000, 29.634741,   16, 0.29,    5, 0.000, 0.000, 0.100,  8