init,     2026-04-09 13:50:48.674260
arguments,Namespace(PPO_epochs=4, adv_norm=1, alg='ppo', cuda=0, curriculum_clean_ratio=1.0, curriculum_entropy_decay=0.85, curriculum_mode='adaptive', curriculum_noise_step=0.0, curriculum_patience=1, entropy=0.1, entropy_min=0.05, eps_clip=0.15, gae_lambda=0.97, gamma=0.995, grad_clip=0.5, gymip_train_xml='inverted_pendulum_ChangeThk_0.050000.xml', hid_group_num=8, hid_group_size=8, hidden_num=64, ignore_checkpoint=True, lane_profile='auto', lr=0.0005, max_noise=0.0, mini_batch_size=128, model='rwtaspk', monitor_time=False, optimizer='rmsprop', rep=11, response_window=40, reward_scale=1.0, road_scenario='merge', rollout_steps=512, rwta_del_connection='none', seed=35, snn_num_steps=15, task='gymip', thread=1, traffic_level='standard', train_num=3000, warm_start_kind='baseline', warm_start_prefix='')
seed,     35
model_dir,/root/autodl-tmp/SVPG2023/LANE/training_runs/ours/merge/models
log_dir,  /root/autodl-tmp/SVPG2023/LANE/training_runs/ours/merge/logs
profile,  lane auto-stabilize: lr->0.0005, gamma->0.995, PPO_epochs->4, eps_clip->0.15, rollout_steps->512, mini_batch_size->128, gae_lambda->0.97, grad_clip->0.5, curriculum_clean_ratio->0.8, max_noise->0.08, curriculum_noise_step->0.02, entropy_min->0.05, curriculum_clean_ratio->1.0, max_noise->0.0, curriculum_noise_step->0.0, curriculum_patience->1, curriculum_entropy_decay->0.85, train_num->3000
warm_start,/root/autodl-tmp/SVPG2023/LANE/training_runs/baseline/merge/models/ppo_gymip_rwtaspk_h8-8-40_none_rmsprop_0.001000_0.10_0.97000_5_0.2000_roadmerge_tfstandard_rep11_best
warm_critic,/root/autodl-tmp/SVPG2023/LANE/training_runs/baseline/merge/models/ppo_gymip_rwtaspk_h8-8-40_none_rmsprop_0.001000_0.10_0.97000_5_0.2000_roadmerge_tfstandard_rep11critic_best
train,    1, -57.507211,   10, 1.00,    8, 0.000, 0.000, 0.100,  8
train,    2, -60.163750,   10, 1.00,    7, 0.000, 0.000, 0.100,  8
train,    3, -59.528049,   10, 1.00,    5, 0.000, 0.000, 0.100,  8
train,    4, -60.119274,   13, 1.00,    6, 0.000, 0.000, 0.100,  8
train,    5, 41.444461,   17, 0.00,    7, 0.000, 0.000, 0.100,  8
train,    6, 29.124015,   16, 0.00,    5, 0.000, 0.000, 0.100,  8
train,    7, 41.571296,   17, 0.00,    7, 0.000, 0.000, 0.100,  8
train,    8, 24.454114,   16, 0.00,    7, 0.000, 0.000, 0.100,  8
train,    9, -56.166626,   16, 1.00,    6, 0.000, 0.000, 0.100,  8
val_save, 9, -20.963418, 0.6000,  14.5000,   7.9000, 0.4000,  20.5308
val,      9, -20.963418, 0.6000,  14.5000,   7.9000, 0.4000,  20.5308
curriculum,noise_cap 0.0000 -> 0.0000, entropy 0.1000 -> 0.0850
train,    10, 44.409506,   16, 0.00,    5, 0.000, 0.000, 0.085,  8
train,    11, 42.806487,   15, 0.00,    6, 0.000, 0.000, 0.085,  8
train,    12, 42.623974,   15, 0.00,    6, 0.000, 0.000, 0.085,  8
train,    13, -54.211279,   15, 1.00,    7, 0.000, 0.000, 0.085,  8
train,    14, -62.530461,   11, 1.00,    8, 0.000, 0.000, 0.085,  8
train,    15, -60.304648,   11, 1.00,    7, 0.000, 0.000, 0.085,  8
train,    16, -80.368027,   14, 1.00,    6, 0.000, 0.000, 0.085,  8
train,    17, 27.592203,   15, 0.00,    6, 0.000, 0.000, 0.085,  8
train,    18, -56.854497,   16, 1.00,    7, 0.000, 0.000, 0.085,  8
train,    19, -60.466945,   12, 1.00,    6, 0.000, 0.000, 0.085,  8
val,      19, -51.460791, 0.9000,  13.2000,   7.4000, 0.1000,  20.7706
train,    20, -64.978437,   12, 1.00,    5, 0.000, 0.000, 0.085,  8
train,    21, 18.617207,   17, 0.00,    8, 0.000, 0.000, 0.085,  8
train,    22, -63.667544,   10, 1.00,    6, 0.000, 0.000, 0.085,  8
train,    23, 22.178907,   16, 0.00,    5, 0.000, 0.000, 0.085,  8
train,    24, -60.616064,   10, 1.00,    7, 0.000, 0.000, 0.085,  8
train,    25, 37.104617,   17, 0.00,    9, 0.000, 0.000, 0.085,  8
train,    26, 32.420063,   16, 0.00,    7, 0.000, 0.000, 0.085,  8
train,    27, -57.526465,   12, 1.00,    5, 0.000, 0.000, 0.085,  8
train,    28, 41.444461,   17, 0.00,    7, 0.000, 0.000, 0.085,  8
train,    29, 27.304211,   15, 0.00,    7, 0.000, 0.000, 0.085,  8
val,      29, -42.039455, 0.8000,  13.1000,   7.0000, 0.2000,  20.5089
train,    30, -60.405044,   15, 1.00,    6, 0.000, 0.000, 0.085,  8
train,    31, -63.254982,   11, 1.00,    6, 0.000, 0.000, 0.085,  8
train,    32, -62.209944,   11, 1.00,    7, 0.000, 0.000, 0.085,  8
train,    33, -48.544174,   14, 1.00,    9, 0.000, 0.000, 0.085,  8
train,    34, 42.175610,   15, 0.00,    8, 0.000, 0.000, 0.085,  8
train,    35, 25.492330,   15, 0.00,    7, 0.000, 0.000, 0.085,  8
train,    36, 32.378962,   17, 0.00,   11, 0.000, 0.000, 0.085,  8
train,    37, 41.044285,   17, 0.00,    9, 0.000, 0.000, 0.085,  8
update,   37,    1,  522, -4.510033, 0.000000
train,    38, -55.673973,   14, 1.00,    7, 0.000, 0.000, 0.085,  8
train,    39, -42.188958,   10, 1.00,    9, 0.000, 0.000, 0.085,  8
val_save, 39, -8.127484, 0.5000,  14.7000,   8.2000, 0.5000,  20.6318
val,      39, -8.127484, 0.5000,  14.7000,   8.2000, 0.5000,  20.6318
curriculum,noise_cap 0.0000 -> 0.0000, entropy 0.0850 -> 0.0723
train,    40, 22.907746,   15, 0.00,    7, 0.000, 0.000, 0.072,  8
train,    41, -56.265454,   16, 1.00,    6, 0.000, 0.000, 0.072,  8
train,    42, 28.454012,   16, 0.00,    7, 0.000, 0.000, 0.072,  8
train,    43, -52.645801,   14, 1.00,    7, 0.000, 0.000, 0.072,  8
train,    44, 41.530135,   17, 0.00,    7, 0.000, 0.000, 0.072,  8
train,    45, 29.096857,   16, 0.00,    5, 0.000, 0.000, 0.072,  8
train,    46, -62.295227,   11, 1.00,    6, 0.000, 0.000, 0.072,  8
train,    47, -70.346379,   16, 1.00,    7, 0.000, 0.000, 0.072,  8
train,    48, -61.713330,   11, 1.00,    6, 0.000, 0.000, 0.072,  8
train,    49, -61.856424,   11, 1.00,    6, 0.000, 0.000, 0.072,  8
val,      49, -12.369546, 0.5000,  15.0000,   8.8000, 0.5000,  20.6069
train,    50, -58.876799,   17, 1.00,    6, 0.000, 0.000, 0.072,  8
train,    51, -59.457075,   17, 1.00,    7, 0.000, 0.000, 0.072,  8
train,    52, -60.644931,   10, 1.00,    7, 0.000, 0.000, 0.072,  8
train,    53, 23.324110,   17, 0.00,    4, 0.000, 0.000, 0.072,  8
train,    54, -59.706557,   11, 1.00,    6, 0.000, 0.000, 0.072,  8
train,    55, 17.801335,   17, 0.00,    8, 0.000, 0.000, 0.072,  8
train,    56, 28.611477,   16, 0.00,    7, 0.000, 0.000, 0.072,  8
train,    57, -65.956875,   11, 1.00,    3, 0.000, 0.000, 0.072,  8
train,    58, -60.683787,   13, 1.00,    6, 0.000, 0.000, 0.072,  8
train,    59, 22.477794,   17, 0.00,    7, 0.000, 0.000, 0.072,  8
val,      59, -23.693625, 0.6000,  14.0000,   7.3000, 0.4000,  20.5844
train,    60, 41.178907,   16, 0.00,    5, 0.000, 0.000, 0.072,  8
train,    61, -63.304138,   11, 1.00,    6, 0.000, 0.000, 0.072,  8
train,    62, 22.933000,   15, 0.00,    7, 0.000, 0.000, 0.072,  8
train,    63, -59.384805,   11, 1.00,    8, 0.000, 0.000, 0.072,  8
train,    64, 16.899139,   16, 0.00,    7, 0.000, 0.000, 0.072,  8
train,    65, -63.786283,   16, 1.00,    6, 0.000, 0.000, 0.072,  8
train,    66, -56.110500,    8, 1.00,    8, 0.000, 0.000, 0.072,  8
train,    67, 38.367989,   17, 0.00,    5, 0.000, 0.000, 0.072,  8
train,    68, -57.500831,   12, 1.00,    4, 0.000, 0.000, 0.072,  8
train,    69, -63.357324,   13, 1.00,    6, 0.000, 0.000, 0.072,  8
val,      69, -38.738412, 0.8000,  14.5000,   7.8000, 0.2000,  20.6112
train,    70, 22.693233,   17, 0.00,    6, 0.000, 0.000, 0.072,  8
train,    71, 26.999022,   15, 0.00,    5, 0.000, 0.000, 0.072,  8
train,    72, 41.251950,   17, 0.00,    8, 0.000, 0.000, 0.072,  8
train,    73, 25.620128,   17, 0.00,    7, 0.000, 0.000, 0.072,  8
update,   73,    2,  514, -8.658899, 0.000000
train,    74, 41.171360,   17, 0.00,    8, 0.000, 0.000, 0.072,  8
train,    75, 41.162355,   17, 0.00,    8, 0.000, 0.000, 0.072,  8
train,    76, 21.846917,   17, 0.00,    9, 0.000, 0.000, 0.072,  8
train,    77, -62.427063,   14, 1.00,    7, 0.000, 0.000, 0.072,  8
train,    78, 40.846917,   17, 0.00,    9, 0.000, 0.000, 0.072,  8
train,    79, 40.712065,   16, 0.00,    7, 0.000, 0.000, 0.072,  8
val,      79, -20.856370, 0.6000,  14.2000,   6.9000, 0.4000,  20.3420
train,    80, 15.077141,   16, 0.00,    5, 0.000, 0.000, 0.072,  8
train,    81, 25.996438,   16, 0.00,    5, 0.000, 0.000, 0.072,  8
train,    82, -55.319226,   16, 1.00,    3, 0.000, 0.000, 0.072,  8
train,    83, -61.856990,   11, 1.00,    6, 0.000, 0.000, 0.072,  8
train,    84, 40.863468,   16, 0.00,    6, 0.000, 0.000, 0.072,  8
train,    85, -62.867390,   11, 1.00,    6, 0.000, 0.000, 0.072,  8
train,    86, 41.853401,   17, 0.00,    6, 0.000, 0.000, 0.072,  8
train,    87, -59.529751,   10, 1.00,    5, 0.000, 0.000, 0.072,  8
train,    88, 20.840427,   16, 0.00,    5, 0.000, 0.000, 0.072,  8
train,    89, -72.938359,   13, 1.00,    5, 0.000, 0.000, 0.072,  8
val,      89, -30.579428, 0.7000,  13.6000,   7.7000, 0.3000,  20.5663
train,    90, 22.923934,   17, 0.00,    6, 0.000, 0.000, 0.072,  8
train,    91, -61.580865,   11, 1.00,    5, 0.000, 0.000, 0.072,  8
train,    92, -60.664777,   10, 1.00,    7, 0.000, 0.000, 0.072,  8
train,    93, -61.277684,   10, 1.00,    8, 0.000, 0.000, 0.072,  8
train,    94, 25.272700,   13, 0.00,    8, 0.000, 0.000, 0.072,  8
train,    95, 28.138845,   16, 0.00,    8, 0.000, 0.000, 0.072,  8
train,    96, 22.523849,   15, 0.00,    6, 0.000, 0.000, 0.072,  8
train,    97, 40.712065,   16, 0.00,    7, 0.000, 0.000, 0.072,  8
train,    98, 21.674294,   16, 0.00,    5, 0.000, 0.000, 0.072,  8
train,    99, 43.655701,   16, 0.00,    7, 0.000, 0.000, 0.072,  8
val,      99, -23.002665, 0.6000,  14.5000,   7.4000, 0.4000,  20.4550
train,    100, -61.752308,   12, 1.00,    7, 0.000, 0.000, 0.072,  8
train,    101, 23.739548,   17, 0.00,    3, 0.000, 0.000, 0.072,  8
train,    102, 41.641829,   17, 0.00,    7, 0.000, 0.000, 0.072,  8
train,    103, -62.810808,   12, 1.00,    8, 0.000, 0.000, 0.072,  8
train,    104, 30.378773,   16, 0.00,    7, 0.000, 0.000, 0.072,  8
train,    105, 41.759899,   17, 0.00,    6, 0.000, 0.000, 0.072,  8
train,    106, 41.171360,   17, 0.00,    8, 0.000, 0.000, 0.072,  8
train,    107, 40.359426,   16, 0.00,    8, 0.000, 0.000, 0.072,  8
train,    108, 29.058034,   14, 0.00,    7, 0.000, 0.000, 0.072,  8
update,   108,    3,  518, 9.586657, 0.000000
train,    109, -54.189334,   17, 1.00,    6, 0.000, 0.000, 0.072,  8
val,      109, -21.196301, 0.6000,  14.9000,   7.2000, 0.4000,  20.3654
train,    110, 27.280507,   17, 0.00,    4, 0.000, 0.000, 0.072,  8
train,    111, -57.025508,   16, 1.00,    9, 0.000, 0.000, 0.072,  8
train,    112, -60.730373,   10, 1.00,    7, 0.000, 0.000, 0.072,  8
train,    113, -91.411896,   14, 1.00,    4, 0.000, 0.000, 0.072,  8
train,    114, 40.548030,   16, 0.00,    7, 0.000, 0.000, 0.072,  8
train,    115, 42.491048,   15, 0.00,    7, 0.000, 0.000, 0.072,  8
train,    116, -1.301465,   17, 0.00,    3, 0.000, 0.000, 0.072,  8
train,    117, -72.514443,   13, 1.00,    3, 0.000, 0.000, 0.072,  8
train,    118, 42.623974,   15, 0.00,    6, 0.000, 0.000, 0.072,  8
train,    119, 44.286578,   16, 0.00,    5, 0.000, 0.000, 0.072,  8
val,      119, -11.291029, 0.5000,  14.6000,   7.1000, 0.5000,  20.4547
train,    120, 26.783336,   15, 0.00,    9, 0.000, 0.000, 0.072,  8
train,    121, -59.535046,   10, 1.00,    6, 0.000, 0.000, 0.072,  8
train,    122, -61.648963,   11, 1.00,    4, 0.000, 0.000, 0.072,  8
train,    123, 41.693233,   17, 0.00,    6, 0.000, 0.000, 0.072,  8
train,    124, -64.612437,   12, 1.00,    6, 0.000, 0.000, 0.072,  8
train,    125, 29.078570,   14, 0.00,    8, 0.000, 0.000, 0.072,  8
train,    126, 40.232591,   16, 0.00,    8, 0.000, 0.000, 0.072,  8
train,    127, -55.912498,   16, 1.00,    4, 0.000, 0.000, 0.072,  8
train,    128, -59.797842,   16, 1.00,    6, 0.000, 0.000, 0.072,  8
train,    129, -58.981362,   11, 1.00,    4, 0.000, 0.000, 0.072,  8
val,      129, -13.296338, 0.5000,  14.4000,   6.7000, 0.5000,  20.4266
train,    130, 26.744927,   17, 0.00,    6, 0.000, 0.000, 0.072,  8
train,    131, 14.511549,   16, 0.00,    8, 0.000, 0.000, 0.072,  8
train,    132, -60.818001,   12, 1.00,    3, 0.000, 0.000, 0.072,  8
train,    133, 40.969845,   17, 0.00,    9, 0.000, 0.000, 0.072,  8
train,    134, -40.291686,   16, 1.00,    5, 0.000, 0.000, 0.072,  8
train,    135, 34.719952,   17, 0.00,    4, 0.000, 0.000, 0.072,  8
train,    136, 40.712065,   16, 0.00,    7, 0.000, 0.000, 0.072,  8
train,    137, -63.245470,   11, 1.00,    9, 0.000, 0.000, 0.072,  8
train,    138, -59.568169,   11, 1.00,    5, 0.000, 0.000, 0.072,  8
train,    139, -69.039410,   13, 1.00,    8, 0.000, 0.000, 0.072,  8
val,      139, -20.497293, 0.6000,  15.2000,   7.2000, 0.4000,  20.3906
train,    140, -59.670764,   11, 1.00,    8, 0.000, 0.000, 0.072,  8
train,    141, -62.937200,   11, 1.00,    5, 0.000, 0.000, 0.072,  8
train,    142, -61.906100,   11, 1.00,    6, 0.000, 0.000, 0.072,  8
train,    143, 41.162355,   17, 0.00,    8, 0.000, 0.000, 0.072,  8
train,    144, -62.219264,   11, 1.00,    7, 0.000, 0.000, 0.072,  8
train,    145, -62.195400,   11, 1.00,    8, 0.000, 0.000, 0.072,  8
update,   145,    4,  522, -8.136310, -0.000000
train,    146, -63.798230,   17, 1.00,    9, 0.000, 0.000, 0.072,  8
train,    147, 22.759899,   17, 0.00,    6, 0.000, 0.000, 0.072,  8
train,    148, 41.726566,   17, 0.00,    6, 0.000, 0.000, 0.072,  8
train,    149, -59.917149,   10, 1.00,    5, 0.000, 0.000, 0.072,  8
val,      149, -26.823885, 0.6000,  13.9000,   6.8000, 0.4000,  20.6091
train,    150, -62.894204,   14, 1.00,    8, 0.000, 0.000, 0.072,  8
train,    151, 18.331405,   16, 0.00,    4, 0.000, 0.000, 0.072,  8
train,    152, -56.786830,   16, 1.00,    8, 0.000, 0.000, 0.072,  8
train,    153, 45.193966,   14, 0.00,    8, 0.000, 0.000, 0.072,  8
train,    154, 41.820068,   17, 0.00,    6, 0.000, 0.000, 0.072,  8
train,    155, 9.924372,   17, 0.00,    9, 0.000, 0.000, 0.072,  8
train,    156, -53.982267,   15, 1.00,    6, 0.000, 0.000, 0.072,  8
train,    157, -59.079563,   14, 1.00,    5, 0.000, 0.000, 0.072,  8
train,    158, -41.405218,   15, 1.00,    6, 0.000, 0.000, 0.072,  8
train,    159, 33.039263,   16, 0.00,    5, 0.000, 0.000, 0.072,  8
val,      159, -12.013136, 0.5000,  14.8000,   7.0000, 0.5000,  20.5294
train,    160, 16.026886,   16, 0.00,    7, 0.000, 0.000, 0.072,  8
train,    161, -55.103895,   11, 1.00,    8, 0.000, 0.000, 0.072,  8
train,    162, -66.279071,   17, 1.00,    5, 0.000, 0.000, 0.072,  8
train,    163, 24.683909,   16, 0.00,    7, 0.000, 0.000, 0.072,  8
train,    164, 28.892420,   16, 0.00,    6, 0.000, 0.000, 0.072,  8
train,    165, -61.730795,   11, 1.00,    5, 0.000, 0.000, 0.072,  8
train,    166, 40.006739,   16, 0.00,    9, 0.000, 0.000, 0.072,  8
train,    167, 41.477794,   17, 0.00,    7, 0.000, 0.000, 0.072,  8
train,    168, 9.255187,   17, 0.00,    7, 0.000, 0.000, 0.072,  8
train,    169, -60.747180,   12, 1.00,    4, 0.000, 0.000, 0.072,  8
val_save, 169, -13.238031, 0.5000,  15.2000,   6.8000, 0.5000,  20.6401
val,      169, -13.238031, 0.5000,  15.2000,   6.8000, 0.5000,  20.6401
train,    170, -68.243284,   13, 1.00,    5, 0.000, 0.000, 0.072,  8
train,    171, 25.277859,   17, 0.00,    8, 0.000, 0.000, 0.072,  8
train,    172, -58.478220,   14, 1.00,    5, 0.000, 0.000, 0.072,  8
train,    173, -72.531041,   13, 1.00,    4, 0.000, 0.000, 0.072,  8
train,    174, 42.075338,   17, 0.00,    5, 0.000, 0.000, 0.072,  8
train,    175, 30.510838,   15, 0.00,    7, 0.000, 0.000, 0.072,  8
train,    176, 33.591531,   17, 0.00,    8, 0.000, 0.000, 0.072,  8
train,    177, -57.744769,    9, 1.00,    8, 0.000, 0.000, 0.072,  8
train,    178, 22.623710,   15, 0.00,    7, 0.000, 0.000, 0.072,  8
train,    179, 24.691814,   16, 0.00,    7, 0.000, 0.000, 0.072,  8
val,      179, -8.664334, 0.5000,  15.0000,   7.2000, 0.5000,  20.4568
train,    180, 16.270082,   16, 0.00,    6, 0.000, 0.000, 0.072,  8
update,   180,    5,  526, -0.524203, 0.000000
train,    181, 30.343288,   15, 0.00,    7, 0.000, 0.000, 0.072,  8
train,    182, 22.726566,   17, 0.00,    6, 0.000, 0.000, 0.072,  8
train,    183, 41.643233,   17, 0.00,    6, 0.000, 0.000, 0.072,  8
train,    184, -39.389705,   15, 1.00,    8, 0.000, 0.000, 0.072,  8
train,    185, 44.400430,   16, 0.00,    4, 0.000, 0.000, 0.072,  8
train,    186, -95.010022,   14, 1.00,    3, 0.000, 0.000, 0.072,  8
train,    187, -61.862236,   11, 1.00,    6, 0.000, 0.000, 0.072,  8
train,    188, 15.352740,   17, 0.00,    5, 0.000, 0.000, 0.072,  8
train,    189, -55.847864,   16, 1.00,    5, 0.000, 0.000, 0.072,  8
val,      189, -22.275196, 0.6000,  14.4000,   7.5000, 0.4000,  20.5737
train,    190, 41.993220,   15, 0.00,    8, 0.000, 0.000, 0.072,  8
train,    191, -56.581431,   16, 1.00,    7, 0.000, 0.000, 0.072,  8
train,    192, 45.915022,   15, 0.00,    6, 0.000, 0.000, 0.072,  8
train,    193, -60.411650,   10, 1.00,    6, 0.000, 0.000, 0.072,  8
train,    194, -67.005565,   12, 1.00,    8, 0.000, 0.000, 0.072,  8
train,    195, 42.075338,   17, 0.00,    5, 0.000, 0.000, 0.072,  8
train,    196, 40.863468,   16, 0.00,    6, 0.000, 0.000, 0.072,  8
train,    197, 41.768904,   17, 0.00,    6, 0.000, 0.000, 0.072,  8
train,    198, -64.985470,   12, 1.00,    5, 0.000, 0.000, 0.072,  8
train,    199, -60.718735,   11, 1.00,    4, 0.000, 0.000, 0.072,  8
val,      199, -21.011582, 0.6000,  14.4000,   6.5000, 0.4000,  20.5460
train,    200, -57.031847,   16, 1.00,    6, 0.000, 0.000, 0.072,  8
train,    201, 22.007085,   17, 0.00,    9, 0.000, 0.000, 0.072,  8
train,    202, 5.777888,   17, 0.00,    6, 0.000, 0.000, 0.072,  8
train,    203, -44.765282,   11, 1.00,    8, 0.000, 0.000, 0.072,  8
train,    204, -59.211778,   10, 1.00,    4, 0.000, 0.000, 0.072,  8
train,    205, 24.103729,   16, 0.00,    9, 0.000, 0.000, 0.072,  8
train,    206, 33.079759,   17, 0.00,    8, 0.000, 0.000, 0.072,  8
train,    207, -76.523188,   14, 1.00,    8, 0.000, 0.000, 0.072,  8
train,    208, 41.793233,   17, 0.00,    6, 0.000, 0.000, 0.072,  8
train,    209, -55.923170,   16, 1.00,    6, 0.000, 0.000, 0.072,  8
val,      209, -23.663940, 0.6000,  14.4000,   7.3000, 0.4000,  20.5881
train,    210, -58.729548,   13, 1.00,    4, 0.000, 0.000, 0.072,  8
train,    211, -60.361209,   11, 1.00,    7, 0.000, 0.000, 0.072,  8
train,    212, -60.545795,   10, 1.00,    6, 0.000, 0.000, 0.072,  8
train,    213, -61.751746,   11, 1.00,    6, 0.000, 0.000, 0.072,  8
train,    214, 26.573036,   15, 0.00,    7, 0.000, 0.000, 0.072,  8
train,    215, -61.904612,   11, 1.00,    6, 0.000, 0.000, 0.072,  8
train,    216, -60.220651,   12, 1.00,    5, 0.000, 0.000, 0.072,  8
update,   216,    6,  513, -7.981953, -0.000000
train,    217, 21.359426,   16, 0.00,    8, 0.000, 0.000, 0.072,  8
train,    218, 39.829495,   14, 0.00,    9, 0.000, 0.000, 0.072,  8
train,    219, 40.846917,   17, 0.00,    9, 0.000, 0.000, 0.072,  8
val,      219, -28.428202, 0.7000,  14.0000,   7.8000, 0.3000,  21.3124
train,    220, 41.110620,   17, 0.00,    8, 0.000, 0.000, 0.072,  8
train,    221, -59.276648,   11, 1.00,    6, 0.000, 0.000, 0.072,  8
train,    222, -58.045675,   10, 1.00,    8, 0.000, 0.000, 0.072,  8
train,    223, 27.571306,   15, 0.00,    6, 0.000, 0.000, 0.072,  8
train,    224, 40.846917,   17, 0.00,    9, 0.000, 0.000, 0.072,  8
train,    225, 35.899162,   16, 0.00,    7, 0.000, 0.000, 0.072,  8
train,    226, 28.875170,   16, 0.00,    6, 0.000, 0.000, 0.072,  8
train,    227, -39.254578,   15, 1.00,    7, 0.000, 0.000, 0.072,  8
train,    228, -62.903835,   11, 1.00,    8, 0.000, 0.000, 0.072,  8
train,    229, 33.087489,   17, 0.00,   10, 0.000, 0.000, 0.072,  8
val,      229, -12.846455, 0.5000,  15.1000,   7.5000, 0.5000,  20.3982
train,    230, -62.492207,   11, 1.00,    7, 0.000, 0.000, 0.072,  8
train,    231, 30.225611,   15, 0.00,    8, 0.000, 0.000, 0.072,  8
train,    232, -61.115339,   10, 1.00,    8, 0.000, 0.000, 0.072,  8
train,    233, 40.863468,   16, 0.00,    6, 0.000, 0.000, 0.072,  8
train,    234, -62.504033,   11, 1.00,    7, 0.000, 0.000, 0.072,  8
train,    235, 41.420132,   17, 0.00,    7, 0.000, 0.000, 0.072,  8
train,    236, 21.579743,   17, 0.00,   10, 0.000, 0.000, 0.072,  8
train,    237, 27.299180,   15, 0.00,    7, 0.000, 0.000, 0.072,  8
train,    238, 22.173215,   17, 0.00,    9, 0.000, 0.000, 0.072,  8
train,    239, -65.481939,   15, 1.00,    6, 0.000, 0.000, 0.072,  8
val,      239, -19.641668, 0.6000,  14.4000,   8.2000, 0.4000,  21.0863
train,    240, 27.782643,   15, 0.00,    6, 0.000, 0.000, 0.072,  8
train,    241, 14.408179,   16, 0.00,    7, 0.000, 0.000, 0.072,  8
train,    242, 42.623974,   15, 0.00,    6, 0.000, 0.000, 0.072,  8
train,    243, 41.095689,   17, 0.00,    8, 0.000, 0.000, 0.072,  8
train,    244, 22.673830,   15, 0.00,    8, 0.000, 0.000, 0.072,  8
train,    245, 19.048030,   15, 0.00,    8, 0.000, 0.000, 0.072,  8
train,    246, -50.482050,   12, 1.00,    8, 0.000, 0.000, 0.072,  8
train,    247, -56.720470,   14, 1.00,    7, 0.000, 0.000, 0.072,  8
train,    248, -57.552535,    9, 1.00,    8, 0.000, 0.000, 0.072,  8
train,    249, -54.870887,   11, 1.00,    7, 0.000, 0.000, 0.072,  8
val,      249, -10.490656, 0.5000,  14.5000,   8.8000, 0.5000,  20.4206
train,    250, 17.214577,   16, 0.00,    6, 0.000, 0.000, 0.072,  8
train,    251, -56.466446,   16, 1.00,    7, 0.000, 0.000, 0.072,  8
train,    252, 29.853371,   14, 0.00,    7, 0.000, 0.000, 0.072,  8
update,   252,    7,  521, 6.384697, 0.000000
train,    253, -61.275085,   15, 1.00,    4, 0.000, 0.000, 0.072,  8
train,    254, 24.640892,   16, 0.00,   10, 0.000, 0.000, 0.072,  8
train,    255, -55.863505,   14, 1.00,    8, 0.000, 0.000, 0.072,  8
train,    256, -47.341334,   17, 1.00,    7, 0.000, 0.000, 0.072,  8
train,    257, 24.754661,   16, 0.00,    7, 0.000, 0.000, 0.072,  8
train,    258, 15.215059,   16, 0.00,    6, 0.000, 0.000, 0.072,  8
train,    259, -62.292233,   11, 1.00,    6, 0.000, 0.000, 0.072,  8
val,      259, -30.395487, 0.7000,  13.0000,   7.8000, 0.3000,  20.9534
train,    260, 40.846917,   17, 0.00,    9, 0.000, 0.000, 0.072,  8
train,    261, -60.651728,   12, 1.00,    7, 0.000, 0.000, 0.072,  8
train,    262, 29.019471,   16, 0.00,    6, 0.000, 0.000, 0.072,  8
train,    263, 37.579377,   17, 0.00,    8, 0.000, 0.000, 0.072,  8
train,    264, 41.477794,   17, 0.00,    7, 0.000, 0.000, 0.072,  8
train,    265, -65.405028,   12, 1.00,    6, 0.000, 0.000, 0.072,  8
train,    266, -67.410992,   14, 1.00,    4, 0.000, 0.000, 0.072,  8
train,    267, -56.492552,   16, 1.00,    7, 0.000, 0.000, 0.072,  8
train,    268, -61.347747,   12, 1.00,    5, 0.000, 0.000, 0.072,  8
train,    269, 40.973752,   17, 0.00,    9, 0.000, 0.000, 0.072,  8
val,      269, -33.690508, 0.7000,  13.2000,   8.2000, 0.3000,  20.6949
train,    270, 40.846917,   17, 0.00,    9, 0.000, 0.000, 0.072,  8
train,    271, 41.537963,   17, 0.00,    7, 0.000, 0.000, 0.072,  8
train,    272, -61.018747,   11, 1.00,    3, 0.000, 0.000, 0.072,  8
train,    273, 28.251232,   16, 0.00,    8, 0.000, 0.000, 0.072,  8
train,    274, 41.778907,   17, 0.00,    6, 0.000, 0.000, 0.072,  8
train,    275, 40.301714,   17, 0.00,   11, 0.000, 0.000, 0.072,  8
train,    276, 22.293057,   17, 0.00,    8, 0.000, 0.000, 0.072,  8
train,    277, -44.667661,   10, 1.00,    6, 0.000, 0.000, 0.072,  8
train,    278, -56.199548,    8, 1.00,    8, 0.000, 0.000, 0.072,  8
train,    279, 37.647482,   15, 0.00,    9, 0.000, 0.000, 0.072,  8
val,      279, -20.273041, 0.6000,  14.1000,   8.4000, 0.4000,  20.6193
train,    280, 24.721062,   16, 0.00,    9, 0.000, 0.000, 0.072,  8
train,    281, 40.789255,   17, 0.00,    9, 0.000, 0.000, 0.072,  8
train,    282, 28.260881,   16, 0.00,    8, 0.000, 0.000, 0.072,  8
train,    283, -40.223562,   15, 1.00,    9, 0.000, 0.000, 0.072,  8
train,    284, 41.993096,   15, 0.00,    8, 0.000, 0.000, 0.072,  8
train,    285, 15.905903,   17, 0.00,    9, 0.000, 0.000, 0.072,  8
train,    286, 40.322177,   16, 0.00,    8, 0.000, 0.000, 0.072,  8
update,   286,    8,  512, 6.699004, 0.000000
train,    287, -60.686661,   10, 1.00,    8, 0.000, 0.000, 0.072,  8
train,    288, -67.480790,   12, 1.00,    8, 0.000, 0.000, 0.072,  8
train,    289, 42.491048,   15, 0.00,    7, 0.000, 0.000, 0.072,  8
val_save, 289, -11.421902, 0.5000,  14.1000,   8.0000, 0.5000,  20.7577
val,      289, -11.421902, 0.5000,  14.1000,   8.0000, 0.5000,  20.7577
train,    290, -60.903593,   12, 1.00,    7, 0.000, 0.000, 0.072,  8
train,    291, 41.162355,   17, 0.00,    8, 0.000, 0.000, 0.072,  8
train,    292, -59.862470,   11, 1.00,    5, 0.000, 0.000, 0.072,  8
train,    293, -61.252263,   12, 1.00,    5, 0.000, 0.000, 0.072,  8
train,    294, -56.786591,   16, 1.00,    8, 0.000, 0.000, 0.072,  8
train,    295, 26.952466,   15, 0.00,    8, 0.000, 0.000, 0.072,  8
train,    296, -59.921454,   10, 1.00,    6, 0.000, 0.000, 0.072,  8
train,    297, 38.098872,   17, 0.00,    6, 0.000, 0.000, 0.072,  8
train,    298, 41.095689,   17, 0.00,    8, 0.000, 0.000, 0.072,  8
train,    299, -42.461939,   10, 1.00,    9, 0.000, 0.000, 0.072,  8
val,      299, -28.544516, 0.7000,  13.3000,   8.2000, 0.3000,  21.1102
train,    300, -72.791791,   13, 1.00,    5, 0.000, 0.000, 0.072,  8
train,    301, -63.550894,   11, 1.00,    7, 0.000, 0.000, 0.072,  8
train,    302, 25.497858,   16, 0.00,    7, 0.000, 0.000, 0.072,  8
train,    303, -54.619553,   15, 1.00,    8, 0.000, 0.000, 0.072,  8
train,    304, -58.158372,   12, 1.00,    7, 0.000, 0.000, 0.072,  8
train,    305, 32.545130,   17, 0.00,   10, 0.000, 0.000, 0.072,  8
train,    306, -58.476657,    9, 1.00,    8, 0.000, 0.000, 0.072,  8
train,    307, -76.008766,   13, 1.00,    4, 0.000, 0.000, 0.072,  8
train,    308, -59.393629,   12, 1.00,    7, 0.000, 0.000, 0.072,  8
train,    309, -36.465414,   13, 1.00,    8, 0.000, 0.000, 0.072,  8
val,      309, -20.561856, 0.6000,  13.5000,   7.6000, 0.4000,  20.5190
train,    310, -56.379445,   14, 1.00,    9, 0.000, 0.000, 0.072,  8
train,    311, -60.190490,   14, 1.00,    7, 0.000, 0.000, 0.072,  8
train,    312, 22.890601,   17, 0.00,    6, 0.000, 0.000, 0.072,  8
train,    313, -64.936881,   12, 1.00,    5, 0.000, 0.000, 0.072,  8
train,    314, -63.284576,   13, 1.00,    6, 0.000, 0.000, 0.072,  8
train,    315, 41.095689,   17, 0.00,    8, 0.000, 0.000, 0.072,  8
train,    316, 21.671316,   16, 0.00,    6, 0.000, 0.000, 0.072,  8
train,    317, 40.846917,   17, 0.00,    9, 0.000, 0.000, 0.072,  8
train,    318, 22.477794,   17, 0.00,    7, 0.000, 0.000, 0.072,  8
train,    319, 29.495069,   14, 0.00,    6, 0.000, 0.000, 0.072,  8
val,      319, -28.054978, 0.7000,  14.2000,   8.1000, 0.3000,  20.6817
train,    320, -56.433095,   15, 1.00,    6, 0.000, 0.000, 0.072,  8
train,    321, -62.082793,   14, 1.00,    8, 0.000, 0.000, 0.072,  8
train,    322, 40.413408,   17, 0.00,   11, 0.000, 0.000, 0.072,  8
train,    323, 41.659899,   17, 0.00,    6, 0.000, 0.000, 0.072,  8
update,   323,    9,  519, -9.613035, 0.000000
train,    324, 26.988693,   15, 0.00,    8, 0.000, 0.000, 0.072,  8
train,    325, -69.095727,   13, 1.00,    6, 0.000, 0.000, 0.072,  8
train,    326, 24.655701,   16, 0.00,    7, 0.000, 0.000, 0.072,  8
train,    327, -59.322296,   10, 1.00,    5, 0.000, 0.000, 0.072,  8
train,    328, -59.351227,   14, 1.00,    7, 0.000, 0.000, 0.072,  8
train,    329, 41.477794,   17, 0.00,    7, 0.000, 0.000, 0.072,  8
val,      329, -10.031722, 0.5000,  14.6000,   8.0000, 0.5000,  20.5201
train,    330, -59.502648,   14, 1.00,    8, 0.000, 0.000, 0.072,  8
train,    331, 29.188537,   16, 0.00,    5, 0.000, 0.000, 0.072,  8
train,    332, 24.921226,   16, 0.00,    6, 0.000, 0.000, 0.072,  8
train,    333, -58.120340,   15, 1.00,    7, 0.000, 0.000, 0.072,  8
train,    334, -51.572213,   13, 1.00,    8, 0.000, 0.000, 0.072,  8
train,    335, -62.057196,   11, 1.00,    8, 0.000, 0.000, 0.072,  8
train,    336, 40.846917,   17, 0.00,    9, 0.000, 0.000, 0.072,  8
train,    337, -60.833552,   12, 1.00,    7, 0.000, 0.000, 0.072,  8
train,    338, 40.813584,   17, 0.00,    9, 0.000, 0.000, 0.072,  8
train,    339, -60.050142,   11, 1.00,    6, 0.000, 0.000, 0.072,  8
val,      339, -20.613255, 0.6000,  14.0000,   8.5000, 0.4000,  20.4119
train,    340, -60.151282,   16, 1.00,    8, 0.000, 0.000, 0.072,  8
train,    341, -59.981423,   11, 1.00,    6, 0.000, 0.000, 0.072,  8
train,    342, -61.666581,   11, 1.00,    4, 0.000, 0.000, 0.072,  8
train,    343, -59.216505,   10, 1.00,    4, 0.000, 0.000, 0.072,  8
train,    344, 40.617153,   17, 0.00,   10, 0.000, 0.000, 0.072,  8
train,    345, -65.234004,   12, 1.00,    6, 0.000, 0.000, 0.072,  8
train,    346, 41.477794,   17, 0.00,    7, 0.000, 0.000, 0.072,  8
train,    347, -58.716448,   12, 1.00,    7, 0.000, 0.000, 0.072,  8
train,    348, -84.495509,   13, 1.00,    6, 0.000, 0.000, 0.072,  8
train,    349, -56.483228,   16, 1.00,    7, 0.000, 0.000, 0.072,  8
val,      349, -11.359073, 0.5000,  14.5000,   7.9000, 0.5000,  20.5988
train,    350, -55.399136,    9, 1.00,    7, 0.000, 0.000, 0.072,  8
train,    351, -39.181414,   17, 1.00,    4, 0.000, 0.000, 0.072,  8
train,    352, 40.548030,   16, 0.00,    7, 0.000, 0.000, 0.072,  8
train,    353, -60.636544,   10, 1.00,    7, 0.000, 0.000, 0.072,  8
train,    354, 29.503217,   16, 0.00,    4, 0.000, 0.000, 0.072,  8
train,    355, 21.863468,   16, 0.00,    6, 0.000, 0.000, 0.072,  8
train,    356, 32.104625,   16, 0.00,    8, 0.000, 0.000, 0.072,  8
train,    357, -74.642003,   13, 1.00,    6, 0.000, 0.000, 0.072,  8
train,    358, 23.007645,   15, 0.00,    7, 0.000, 0.000, 0.072,  8
train,    359, 39.930497,   16, 0.00,    9, 0.000, 0.000, 0.072,  8
val,      359, -40.474975, 0.8000,  13.4000,   7.8000, 0.2000,  20.5195
train,    360, -61.862779,   11, 1.00,    5, 0.000, 0.000, 0.072,  8
update,   360,   10,  517, -10.480779, -0.000000
train,    361, 41.322524,   17, 0.00,    8, 0.000, 0.000, 0.072,  8
train,    362, 40.855922,   17, 0.00,    9, 0.000, 0.000, 0.072,  8
train,    363, -56.512802,   10, 1.00,    8, 0.000, 0.000, 0.072,  8
train,    364, -40.353399,   17, 1.00,    9, 0.000, 0.000, 0.072,  8
train,    365, -57.671649,   10, 1.00,    7, 0.000, 0.000, 0.072,  8
train,    366, -68.799606,   13, 1.00,    6, 0.000, 0.000, 0.072,  8
train,    367, -57.653260,   16, 1.00,    8, 0.000, 0.000, 0.072,  8
train,    368, 41.693233,   17, 0.00,    6, 0.000, 0.000, 0.072,  8
train,    369, 22.453466,   17, 0.00,    7, 0.000, 0.000, 0.072,  8
val,      369, -42.267566, 0.8000,  12.2000,   8.1000, 0.2000,  20.6949
train,    370, 21.863468,   16, 0.00,    6, 0.000, 0.000, 0.072,  8
train,    371, -61.876742,   12, 1.00,    7, 0.000, 0.000, 0.072,  8
train,    372, -60.695605,   10, 1.00,    8, 0.000, 0.000, 0.072,  8
train,    373, -59.951611,   10, 1.00,    5, 0.000, 0.000, 0.072,  8
train,    374, -58.806377,   12, 1.00,    6, 0.000, 0.000, 0.072,  8
train,    375, -62.633279,   12, 1.00,    8, 0.000, 0.000, 0.072,  8
train,    376, 41.444461,   17, 0.00,    7, 0.000, 0.000, 0.072,  8
train,    377, -62.238129,   15, 1.00,    9, 0.000, 0.000, 0.072,  8
train,    378, 29.104444,   16, 0.00,    5, 0.000, 0.000, 0.072,  8
train,    379, -64.104459,   13, 1.00,    8, 0.000, 0.000, 0.072,  8
val,      379, -20.503081, 0.6000,  14.7000,   7.6000, 0.4000,  20.7621
train,    380, -57.393064,   12, 1.00,    5, 0.000, 0.000, 0.072,  8
train,    381, 40.548030,   16, 0.00,    7, 0.000, 0.000, 0.072,  8
train,    382, -58.276974,   12, 1.00,    6, 0.000, 0.000, 0.072,  8
train,    383, -63.745163,   11, 1.00,    7, 0.000, 0.000, 0.072,  8
train,    384, 23.290777,   17, 0.00,    4, 0.000, 0.000, 0.072,  8
train,    385, 42.008671,   17, 0.00,    5, 0.000, 0.000, 0.072,  8
train,    386, 42.491169,   15, 0.00,    7, 0.000, 0.000, 0.072,  8
train,    387, -72.623440,   13, 1.00,    4, 0.000, 0.000, 0.072,  8
train,    388, -57.213718,   12, 1.00,    4, 0.000, 0.000, 0.072,  8
train,    389, -63.744954,   14, 1.00,    8, 0.000, 0.000, 0.072,  8
val,      389, -59.247378, 1.0000,  12.4000,   8.1000, 0.0000,  20.7798
train,    390, -57.990030,   13, 1.00,    7, 0.000, 0.000, 0.072,  8
train,    391, -56.264479,   16, 1.00,    6, 0.000, 0.000, 0.072,  8
train,    392, 25.084018,   14, 0.00,    7, 0.000, 0.000, 0.072,  8
train,    393, -62.171936,   11, 1.00,    7, 0.000, 0.000, 0.072,  8
train,    394, -62.041573,   11, 1.00,    6, 0.000, 0.000, 0.072,  8
train,    395, 21.846917,   17, 0.00,    9, 0.000, 0.000, 0.072,  8
train,    396, 40.846917,   17, 0.00,    9, 0.000, 0.000, 0.072,  8
train,    397, -44.667750,   10, 1.00,    6, 0.000, 0.000, 0.072,  8
update,   397,   11,  515, -12.226665, -0.000000
train,    398, -38.745944,   16, 1.00,    9, 0.000, 0.000, 0.072,  8
train,    399, -61.257321,   12, 1.00,    5, 0.000, 0.000, 0.072,  8
val,      399, -30.844645, 0.7000,  13.5000,   7.6000, 0.3000,  20.5610
train,    400, 24.661094,   14, 0.00,    8, 0.000, 0.000, 0.072,  8
train,    401, 22.637963,   17, 0.00,    7, 0.000, 0.000, 0.072,  8
train,    402, -61.132477,   12, 1.00,    6, 0.000, 0.000, 0.072,  8
train,    403, -64.953454,   12, 1.00,    5, 0.000, 0.000, 0.072,  8
train,    404, -73.143223,   13, 1.00,    6, 0.000, 0.000, 0.072,  8
train,    405, -61.153747,   12, 1.00,    5, 0.000, 0.000, 0.072,  8
train,    406, 40.617153,   17, 0.00,   10, 0.000, 0.000, 0.072,  8
train,    407, 40.245936,   16, 0.00,    8, 0.000, 0.000, 0.072,  8
train,    408, 25.741251,   17, 0.00,    9, 0.000, 0.000, 0.072,  8
train,    409, 41.786735,   17, 0.00,    6, 0.000, 0.000, 0.072,  8
val,      409, -19.218049, 0.6000,  14.5000,   7.1000, 0.4000,  20.5920
train,    410, 41.477794,   17, 0.00,    7, 0.000, 0.000, 0.072,  8
train,    411, 40.863468,   16, 0.00,    6, 0.000, 0.000, 0.072,  8
train,    412, 25.431249,   16, 0.00,    7, 0.000, 0.000, 0.072,  8
train,    413, -40.833272,   16, 1.00,    5, 0.000, 0.000, 0.072,  8
train,    414, 40.507150,   17, 0.00,   10, 0.000, 0.000, 0.072,  8
train,    415, 40.846917,   17, 0.00,    9, 0.000, 0.000, 0.072,  8
train,    416, 42.205670,   17, 0.00,    4, 0.000, 0.000, 0.072,  8
train,    417, 43.147752,   16, 0.00,    9, 0.000, 0.000, 0.072,  8
train,    418, 41.162355,   17, 0.00,    8, 0.000, 0.000, 0.072,  8
train,    419, -55.494349,   15, 1.00,    3, 0.000, 0.000, 0.072,  8
val,      419, -38.746455, 0.8000,  13.5000,   7.3000, 0.2000,  20.4566
train,    420, 43.853069,   16, 0.00,    7, 0.000, 0.000, 0.072,  8
train,    421, 21.024377,   16, 0.00,    7, 0.000, 0.000, 0.072,  8
train,    422, -68.824751,   12, 1.00,    4, 0.000, 0.000, 0.072,  8
train,    423, 15.153895,   16, 0.00,    6, 0.000, 0.000, 0.072,  8
train,    424, -60.140439,   16, 1.00,    5, 0.000, 0.000, 0.072,  8
train,    425, 38.713771,   17, 0.00,    4, 0.000, 0.000, 0.072,  8
train,    426, 25.220665,   16, 0.00,    5, 0.000, 0.000, 0.072,  8
train,    427, 43.121925,   15, 0.00,    5, 0.000, 0.000, 0.072,  8
train,    428, -68.771780,   13, 1.00,    5, 0.000, 0.000, 0.072,  8
train,    429, -44.132190,   14, 1.00,    7, 0.000, 0.000, 0.072,  8
val,      429, -22.436007, 0.6000,  13.4000,   7.4000, 0.4000,  20.6318
train,    430, -64.005731,   11, 1.00,    8, 0.000, 0.000, 0.072,  8
train,    431, 43.651482,   16, 0.00,    7, 0.000, 0.000, 0.072,  8
update,   431,   12,  517, 4.920975, -0.000000
train,    432, -37.560822,   16, 1.00,    6, 0.000, 0.000, 0.072,  8
train,    433, 15.546537,   17, 0.00,    3, 0.000, 0.000, 0.072,  8
train,    434, 22.444461,   17, 0.00,    7, 0.000, 0.000, 0.072,  8
train,    435, -62.238129,   15, 1.00,    9, 0.000, 0.000, 0.072,  8
train,    436, 15.033804,   17, 0.00,    7, 0.000, 0.000, 0.072,  8
train,    437, -58.412439,   14, 1.00,    3, 0.000, 0.000, 0.072,  8
train,    438, -55.574673,   14, 1.00,    7, 0.000, 0.000, 0.072,  8
train,    439, -64.753962,   12, 1.00,    5, 0.000, 0.000, 0.072,  8
val,      439, -30.438607, 0.7000,  14.4000,   7.5000, 0.3000,  20.3848
train,    440, -60.904942,   12, 1.00,    7, 0.000, 0.000, 0.072,  8
train,    441, 28.589801,   16, 0.00,    7, 0.000, 0.000, 0.072,  8
train,    442, -55.893250,   14, 1.00,    7, 0.000, 0.000, 0.072,  8
train,    443, 43.500431,   16, 0.00,    8, 0.000, 0.000, 0.072,  8
train,    444, 43.298844,   16, 0.00,    8, 0.000, 0.000, 0.072,  8
train,    445, 22.496802,   17, 0.00,    7, 0.000, 0.000, 0.072,  8
train,    446, 28.060638,   16, 0.00,    9, 0.000, 0.000, 0.072,  8
train,    447, 40.225044,   17, 0.00,   11, 0.000, 0.000, 0.072,  8
train,    448, -60.552698,   10, 1.00,    6, 0.000, 0.000, 0.072,  8
train,    449, 22.444461,   17, 0.00,    7, 0.000, 0.000, 0.072,  8
val_save, 449, 0.223708, 0.4000,  15.8000,   7.8000, 0.6000,  20.2598
val,      449, 0.223708, 0.4000,  15.8000,   7.8000, 0.6000,  20.2598
curriculum,noise_cap 0.0000 -> 0.0000, entropy 0.0723 -> 0.0614
train,    450, -60.588477,   16, 1.00,    6, 0.000, 0.000, 0.061,  8
train,    451, 37.498096,   17, 0.00,    8, 0.000, 0.000, 0.061,  8
train,    452, 21.681860,   16, 0.00,    6, 0.000, 0.000, 0.061,  8
train,    453, 16.503447,   17, 0.00,    7, 0.000, 0.000, 0.061,  8
train,    454, -77.705780,   13, 1.00,    4, 0.000, 0.000, 0.061,  8
train,    455, -55.898251,   14, 1.00,    8, 0.000, 0.000, 0.061,  8
train,    456, -63.043293,   13, 1.00,    5, 0.000, 0.000, 0.061,  8
train,    457, -60.990852,   10, 1.00,    7, 0.000, 0.000, 0.061,  8
train,    458, 42.175730,   15, 0.00,    8, 0.000, 0.000, 0.061,  8
train,    459, -60.864643,   12, 1.00,    6, 0.000, 0.000, 0.061,  8
val,      459, -14.862231, 0.5000,  14.4000,   7.6000, 0.5000,  20.5051
train,    460, -78.803169,   13, 1.00,    7, 0.000, 0.000, 0.061,  8
train,    461, 29.222303,   17, 0.00,    8, 0.000, 0.000, 0.061,  8
train,    462, -67.524896,   12, 1.00,    8, 0.000, 0.000, 0.061,  8
train,    463, 24.801491,   14, 0.00,    8, 0.000, 0.000, 0.061,  8
train,    464, 24.888640,   16, 0.00,    9, 0.000, 0.000, 0.061,  8
train,    465, 26.082048,   17, 0.00,    8, 0.000, 0.000, 0.061,  8
train,    466, 25.371356,   17, 0.00,    8, 0.000, 0.000, 0.061,  8
update,   466,   13,  522, -2.553488, -0.000000
train,    467, 16.687319,   16, 0.00,    5, 0.000, 0.000, 0.061,  8
train,    468, -45.162596,   10, 1.00,    8, 0.000, 0.000, 0.061,  8
train,    469, 26.368193,   17, 0.00,    7, 0.000, 0.000, 0.061,  8
val,      469, -31.687753, 0.7000,  13.8000,   7.1000, 0.3000,  20.4431
train,    470, 21.561374,   16, 0.00,    7, 0.000, 0.000, 0.061,  8
train,    471, -60.408491,   13, 1.00,    6, 0.000, 0.000, 0.061,  8
train,    472, 25.084991,   16, 0.00,    5, 0.000, 0.000, 0.061,  8
train,    473, -61.566517,   11, 1.00,    6, 0.000, 0.000, 0.061,  8
train,    474, -60.901347,   12, 1.00,    5, 0.000, 0.000, 0.061,  8
train,    475, -63.459531,   14, 1.00,    7, 0.000, 0.000, 0.061,  8
train,    476, -60.243993,   10, 1.00,    7, 0.000, 0.000, 0.061,  8
train,    477, -62.178529,   11, 1.00,    6, 0.000, 0.000, 0.061,  8
train,    478, -76.323747,   13, 1.00,    5, 0.000, 0.000, 0.061,  8
train,    479, -69.332872,   13, 1.00,    7, 0.000, 0.000, 0.061,  8
val,      479, -40.332504, 0.8000,  13.2000,   7.1000, 0.2000,  20.6413
train,    480, -60.163454,   10, 1.00,    7, 0.000, 0.000, 0.061,  8
train,    481, -68.657792,   13, 1.00,    5, 0.000, 0.000, 0.061,  8
train,    482, 33.402927,   17, 0.00,    9, 0.000, 0.000, 0.061,  8
train,    483, -43.275414,   15, 1.00,    7, 0.000, 0.000, 0.061,  8
train,    484, -58.393179,   14, 1.00,    6, 0.000, 0.000, 0.061,  8
train,    485, -60.331306,   12, 1.00,    6, 0.000, 0.000, 0.061,  8
train,    486, 28.780649,   16, 0.00,    6, 0.000, 0.000, 0.061,  8
train,    487, -60.337199,   10, 1.00,    6, 0.000, 0.000, 0.061,  8
train,    488, -44.667754,   10, 1.00,    6, 0.000, 0.000, 0.061,  8
train,    489, 30.609248,   15, 0.00,    6, 0.000, 0.000, 0.061,  8
val,      489, -10.271788, 0.5000,  15.0000,   7.3000, 0.5000,  20.3290
train,    490, 41.162355,   17, 0.00,    8, 0.000, 0.000, 0.061,  8
train,    491, 6.593297,   17, 0.00,    7, 0.000, 0.000, 0.061,  8
train,    492, 40.846917,   17, 0.00,    9, 0.000, 0.000, 0.061,  8
train,    493, -41.720823,   15, 1.00,    7, 0.000, 0.000, 0.061,  8
train,    494, -68.588702,   13, 1.00,    7, 0.000, 0.000, 0.061,  8
train,    495, -62.264733,   11, 1.00,    9, 0.000, 0.000, 0.061,  8
train,    496, -61.802135,   11, 1.00,    8, 0.000, 0.000, 0.061,  8
train,    497, -64.759416,   12, 1.00,    4, 0.000, 0.000, 0.061,  8
train,    498, 41.726566,   17, 0.00,    6, 0.000, 0.000, 0.061,  8
train,    499, 22.359354,   17, 0.00,    7, 0.000, 0.000, 0.061,  8
val,      499, -24.251200, 0.6000,  13.6000,   7.3000, 0.4000,  20.6979
train,    500, 38.084144,   17, 0.00,    6, 0.000, 0.000, 0.061,  8
train,    501, 42.008671,   17, 0.00,    5, 0.000, 0.000, 0.061,  8
train,    502, 41.444461,   17, 0.00,    7, 0.000, 0.000, 0.061,  8
train,    503, 21.846917,   17, 0.00,    9, 0.000, 0.000, 0.061,  8
update,   503,   14,  519, -8.368346, -0.000000
train,    504, 22.637963,   17, 0.00,    7, 0.000, 0.000, 0.061,  8
train,    505, -39.842455,   15, 1.00,    9, 0.000, 0.000, 0.061,  8
train,    506, 22.726566,   17, 0.00,    6, 0.000, 0.000, 0.061,  8
train,    507, 22.043916,   17, 0.00,    8, 0.000, 0.000, 0.061,  8
train,    508, 28.374742,   16, 0.00,    8, 0.000, 0.000, 0.061,  8
train,    509, 15.189282,   17, 0.00,    5, 0.000, 0.000, 0.061,  8
val,      509, -17.858536, 0.6000,  15.1000,   6.9000, 0.4000,  20.3778
train,    510, 40.758293,   16, 0.00,    6, 0.000, 0.000, 0.061,  8
train,    511, 5.512999,   17, 0.00,    7, 0.000, 0.000, 0.061,  8
train,    512, 41.886735,   17, 0.00,    6, 0.000, 0.000, 0.061,  8
train,    513, -61.562812,   11, 1.00,    7, 0.000, 0.000, 0.061,  8
train,    514, -61.050163,   11, 1.00,    5, 0.000, 0.000, 0.061,  8
train,    515, 41.162355,   17, 0.00,    8, 0.000, 0.000, 0.061,  8
train,    516, -56.454891,   15, 1.00,    8, 0.000, 0.000, 0.061,  8
train,    517, -63.452945,   11, 1.00,    7, 0.000, 0.000, 0.061,  8
train,    518, -74.278871,   13, 1.00,    4, 0.000, 0.000, 0.061,  8
train,    519, -39.466660,   17, 1.00,    7, 0.000, 0.000, 0.061,  8
val,      519, -23.260614, 0.6000,  14.4000,   7.5000, 0.4000,  20.3546
train,    520, -55.846428,   16, 1.00,    5, 0.000, 0.000, 0.061,  8
train,    521, -67.007559,   14, 1.00,    6, 0.000, 0.000, 0.061,  8
train,    522, 22.853401,   17, 0.00,    6, 0.000, 0.000, 0.061,  8
train,    523, 29.038541,   16, 0.00,    5, 0.000, 0.000, 0.061,  8
train,    524, 41.708164,   17, 0.00,    6, 0.000, 0.000, 0.061,  8
train,    525, -59.209934,   10, 1.00,    5, 0.000, 0.000, 0.061,  8
train,    526, 27.553589,   15, 0.00,    6, 0.000, 0.000, 0.061,  8
train,    527, 23.424110,   17, 0.00,    4, 0.000, 0.000, 0.061,  8
train,    528, 40.846917,   17, 0.00,    9, 0.000, 0.000, 0.061,  8
train,    529, 21.350939,   16, 0.00,    6, 0.000, 0.000, 0.061,  8
val,      529, -30.167018, 0.7000,  13.8000,   7.3000, 0.3000,  20.6488
train,    530, 15.476118,   16, 0.00,    5, 0.000, 0.000, 0.061,  8
train,    531, -55.569273,   14, 1.00,    6, 0.000, 0.000, 0.061,  8
train,    532, 23.139003,   17, 0.00,    4, 0.000, 0.000, 0.061,  8
train,    533, 9.965330,   17, 0.00,    5, 0.000, 0.000, 0.061,  8
train,    534, -78.977986,   13, 1.00,    5, 0.000, 0.000, 0.061,  8
train,    535, -76.364227,   13, 1.00,    5, 0.000, 0.000, 0.061,  8
train,    536, 24.454114,   16, 0.00,    7, 0.000, 0.000, 0.061,  8
train,    537, -73.542084,   13, 1.00,    7, 0.000, 0.000, 0.061,  8
update,   537,   15,  518, -0.192714, 0.000000
train,    538, -55.889351,   16, 1.00,    6, 0.000, 0.000, 0.061,  8
train,    539, 43.073088,   16, 0.00,    9, 0.000, 0.000, 0.061,  8
val,      539, -18.904426, 0.6000,  15.0000,   6.9000, 0.4000,  20.4063
train,    540, -61.870057,   11, 1.00,    8, 0.000, 0.000, 0.061,  8
train,    541, 40.932591,   17, 0.00,    9, 0.000, 0.000, 0.061,  8
train,    542, 41.162355,   17, 0.00,    8, 0.000, 0.000, 0.061,  8
train,    543, -36.465270,   13, 1.00,    8, 0.000, 0.000, 0.061,  8
train,    544, 41.890601,   17, 0.00,    6, 0.000, 0.000, 0.061,  8
train,    545, -59.287158,   16, 1.00,    3, 0.000, 0.000, 0.061,  8
train,    546, 16.596134,   16, 0.00,    5, 0.000, 0.000, 0.061,  8
train,    547, -60.059978,   13, 1.00,    7, 0.000, 0.000, 0.061,  8
train,    548, -40.258129,   14, 1.00,    6, 0.000, 0.000, 0.061,  8
train,    549, 19.589405,   15, 0.00,    6, 0.000, 0.000, 0.061,  8
val,      549, -30.968190, 0.7000,  14.1000,   5.9000, 0.3000,  20.4817
train,    550, -59.582681,   13, 1.00,    7, 0.000, 0.000, 0.061,  8
train,    551, 27.585685,   17, 0.00,   10, 0.000, 0.000, 0.061,  8
train,    552, 24.496804,   16, 0.00,    7, 0.000, 0.000, 0.061,  8
train,    553, 40.728847,   17, 0.00,   10, 0.000, 0.000, 0.061,  8
train,    554, 40.548030,   16, 0.00,    7, 0.000, 0.000, 0.061,  8
train,    555, -47.277233,   15, 1.00,    7, 0.000, 0.000, 0.061,  8
train,    556, 41.477794,   17, 0.00,    7, 0.000, 0.000, 0.061,  8
train,    557, 25.286597,   16, 0.00,    5, 0.000, 0.000, 0.061,  8
train,    558, -59.309244,   14, 1.00,    7, 0.000, 0.000, 0.061,  8
train,    559, 22.991415,   15, 0.00,    6, 0.000, 0.000, 0.061,  8
val_save, 559, -3.655238, 0.4000,  15.0000,   7.7000, 0.6000,  20.4769
val,      559, -3.655238, 0.4000,  15.0000,   7.7000, 0.6000,  20.4769
train,    560, -58.297452,   15, 1.00,    6, 0.000, 0.000, 0.061,  8
train,    561, -51.678111,   13, 1.00,    8, 0.000, 0.000, 0.061,  8
train,    562, 24.395720,   16, 0.00,    8, 0.000, 0.000, 0.061,  8
train,    563, 41.411127,   17, 0.00,    7, 0.000, 0.000, 0.061,  8
train,    564, 28.909458,   16, 0.00,    5, 0.000, 0.000, 0.061,  8
train,    565, -60.541808,   13, 1.00,    7, 0.000, 0.000, 0.061,  8
train,    566, -61.048627,   11, 1.00,    5, 0.000, 0.000, 0.061,  8
train,    567, -61.431518,   11, 1.00,    6, 0.000, 0.000, 0.061,  8
train,    568, 41.726566,   17, 0.00,    6, 0.000, 0.000, 0.061,  8
train,    569, 41.975338,   17, 0.00,    5, 0.000, 0.000, 0.061,  8
val,      569, -29.444338, 0.7000,  14.5000,   7.5000, 0.3000,  20.3342
train,    570, 33.591531,   17, 0.00,    8, 0.000, 0.000, 0.061,  8
train,    571, 39.577529,   16, 0.00,    8, 0.000, 0.000, 0.061,  8
update,   571,   16,  516, 3.338542, 0.000000
train,    572, -61.731381,   11, 1.00,    5, 0.000, 0.000, 0.061,  8
train,    573, 41.477794,   17, 0.00,    7, 0.000, 0.000, 0.061,  8
train,    574, 25.087608,   16, 0.00,    8, 0.000, 0.000, 0.061,  8
train,    575, 19.524400,   14, 0.00,    9, 0.000, 0.000, 0.061,  8
train,    576, 22.007085,   17, 0.00,    9, 0.000, 0.000, 0.061,  8
train,    577, 43.971140,   16, 0.00,    6, 0.000, 0.000, 0.061,  8
train,    578, 15.425574,   16, 0.00,    5, 0.000, 0.000, 0.061,  8
train,    579, -65.818214,   13, 1.00,    6, 0.000, 0.000, 0.061,  8
val,      579, -42.369658, 0.8000,  14.5000,   7.3000, 0.2000,  20.3244
train,    580, 40.548030,   16, 0.00,    7, 0.000, 0.000, 0.061,  8
train,    581, -62.708893,   11, 1.00,    5, 0.000, 0.000, 0.061,  8
train,    582, -60.734766,   12, 1.00,    4, 0.000, 0.000, 0.061,  8
train,    583, -39.379446,   17, 1.00,    7, 0.000, 0.000, 0.061,  8
train,    584, -72.732040,   13, 1.00,    4, 0.000, 0.000, 0.061,  8
train,    585, -61.242529,   11, 1.00,    6, 0.000, 0.000, 0.061,  8
train,    586, 22.326391,   17, 0.00,    8, 0.000, 0.000, 0.061,  8
train,    587, -45.422837,   16, 1.00,    6, 0.000, 0.000, 0.061,  8
train,    588, -58.375705,    9, 1.00,    6, 0.000, 0.000, 0.061,  8
train,    589, 41.459392,   17, 0.00,    7, 0.000, 0.000, 0.061,  8
val,      589, -13.378820, 0.5000,  15.3000,   7.4000, 0.5000,  20.7333
train,    590, 40.548030,   16, 0.00,    7, 0.000, 0.000, 0.061,  8
train,    591, -60.261458,   11, 1.00,    7, 0.000, 0.000, 0.061,  8
train,    592, 44.286597,   16, 0.00,    5, 0.000, 0.000, 0.061,  8
train,    593, 22.793233,   17, 0.00,    6, 0.000, 0.000, 0.061,  8
train,    594, 41.726566,   17, 0.00,    6, 0.000, 0.000, 0.061,  8
train,    595, -63.586365,   11, 1.00,    7, 0.000, 0.000, 0.061,  8
train,    596, 6.515108,   15, 0.00,    7, 0.000, 0.000, 0.061,  8
train,    597, -61.249075,   12, 1.00,    6, 0.000, 0.000, 0.061,  8
train,    598, -62.179008,   11, 1.00,    7, 0.000, 0.000, 0.061,  8
train,    599, -61.245263,   11, 1.00,    5, 0.000, 0.000, 0.061,  8
val,      599, -21.712255, 0.6000,  14.2000,   6.9000, 0.4000,  20.4725
train,    600, 22.675163,   17, 0.00,    7, 0.000, 0.000, 0.061,  8
train,    601, -91.970277,   14, 1.00,    3, 0.000, 0.000, 0.061,  8
train,    602, 40.973752,   17, 0.00,    9, 0.000, 0.000, 0.061,  8
train,    603, -59.932049,   10, 1.00,    4, 0.000, 0.000, 0.061,  8
train,    604, -62.820470,   11, 1.00,    8, 0.000, 0.000, 0.061,  8
train,    605, 21.915686,   16, 0.00,    6, 0.000, 0.000, 0.061,  8
train,    606, 41.104694,   17, 0.00,    8, 0.000, 0.000, 0.061,  8
train,    607, -62.618572,   11, 1.00,    7, 0.000, 0.000, 0.061,  8
train,    608, 40.863468,   16, 0.00,    6, 0.000, 0.000, 0.061,  8
update,   608,   17,  525, -2.485787, -0.000000
train,    609, 41.975338,   17, 0.00,    5, 0.000, 0.000, 0.061,  8
val,      609, -35.093976, 0.7000,  14.0000,   6.8000, 0.3000,  20.7543
train,    610, -67.680232,   14, 1.00,    6, 0.000, 0.000, 0.061,  8
train,    611, -54.977506,   17, 1.00,    7, 0.000, 0.000, 0.061,  8
train,    612, -79.199836,   13, 1.00,    6, 0.000, 0.000, 0.061,  8
train,    613, -61.951047,   12, 1.00,    7, 0.000, 0.000, 0.061,  8
train,    614, 28.812983,   16, 0.00,    6, 0.000, 0.000, 0.061,  8
train,    615, 41.693233,   17, 0.00,    6, 0.000, 0.000, 0.061,  8
train,    616, -61.865983,   11, 1.00,    5, 0.000, 0.000, 0.061,  8
train,    617, 23.268840,   17, 0.00,    5, 0.000, 0.000, 0.061,  8
train,    618, -65.181878,   12, 1.00,    6, 0.000, 0.000, 0.061,  8
train,    619, -65.042168,   12, 1.00,    6, 0.000, 0.000, 0.061,  8
val,      619, -23.864393, 0.6000,  14.4000,   6.9000, 0.4000,  20.5429
train,    620, 41.486799,   17, 0.00,    7, 0.000, 0.000, 0.061,  8
train,    621, 34.249243,   17, 0.00,    6, 0.000, 0.000, 0.061,  8
train,    622, -58.708411,   14, 1.00,    7, 0.000, 0.000, 0.061,  8
train,    623, -62.188192,   11, 1.00,    6, 0.000, 0.000, 0.061,  8
train,    624, 22.444461,   17, 0.00,    7, 0.000, 0.000, 0.061,  8
train,    625, 15.363106,   15, 0.00,    7, 0.000, 0.000, 0.061,  8
train,    626, 40.969845,   17, 0.00,    9, 0.000, 0.000, 0.061,  8
train,    627, -62.067759,   11, 1.00,    6, 0.000, 0.000, 0.061,  8
train,    628, -65.619748,   12, 1.00,    7, 0.000, 0.000, 0.061,  8
train,    629, 27.034044,   17, 0.00,    5, 0.000, 0.000, 0.061,  8
val,      629, -31.789822, 0.7000,  13.6000,   7.0000, 0.3000,  20.5599
train,    630, 41.129022,   17, 0.00,    8, 0.000, 0.000, 0.061,  8
train,    631, -60.157845,   15, 1.00,    5, 0.000, 0.000, 0.061,  8
train,    632, -64.991295,   12, 1.00,    5, 0.000, 0.000, 0.061,  8
train,    633, 23.075338,   17, 0.00,    5, 0.000, 0.000, 0.061,  8
train,    634, 43.454114,   16, 0.00,    7, 0.000, 0.000, 0.061,  8
train,    635, -2.150412,   17, 0.00,    6, 0.000, 0.000, 0.061,  8
train,    636, -61.255203,   12, 1.00,    5, 0.000, 0.000, 0.061,  8
train,    637, 41.285283,   17, 0.00,    8, 0.000, 0.000, 0.061,  8
train,    638, 29.011862,   14, 0.00,    7, 0.000, 0.000, 0.061,  8
train,    639, -74.299735,   13, 1.00,    4, 0.000, 0.000, 0.061,  8
val,      639, -20.163677, 0.6000,  14.4000,   6.9000, 0.4000,  20.4219
train,    640, -55.729026,   14, 1.00,    7, 0.000, 0.000, 0.061,  8
train,    641, 33.906969,   17, 0.00,    7, 0.000, 0.000, 0.061,  8
train,    642, 41.726566,   17, 0.00,    6, 0.000, 0.000, 0.061,  8
train,    643, 38.507854,   17, 0.00,    5, 0.000, 0.000, 0.061,  8
update,   643,   18,  521, -1.475578, 0.000000
train,    644, -59.232332,   10, 1.00,    3, 0.000, 0.000, 0.061,  8
train,    645, 32.735502,   16, 0.00,    6, 0.000, 0.000, 0.061,  8
train,    646, 42.308658,   15, 0.00,    7, 0.000, 0.000, 0.061,  8
train,    647, 29.830508,   17, 0.00,    6, 0.000, 0.000, 0.061,  8
train,    648, 40.359426,   16, 0.00,    8, 0.000, 0.000, 0.061,  8
train,    649, -57.679898,   14, 1.00,    5, 0.000, 0.000, 0.061,  8
val,      649, -11.669260, 0.5000,  14.3000,   6.8000, 0.5000,  20.4417
train,    650, 13.625923,   17, 0.00,    6, 0.000, 0.000, 0.061,  8
train,    651, -48.515305,   11, 1.00,    8, 0.000, 0.000, 0.061,  8
train,    652, -54.577037,   14, 1.00,    4, 0.000, 0.000, 0.061,  8
train,    653, -61.400539,   11, 1.00,    5, 0.000, 0.000, 0.061,  8
train,    654, -61.576193,   12, 1.00,    6, 0.000, 0.000, 0.061,  8
train,    655, -63.975450,   13, 1.00,    8, 0.000, 0.000, 0.061,  8
train,    656, -58.814442,   14, 1.00,    5, 0.000, 0.000, 0.061,  8
train,    657, 43.454114,   16, 0.00,    7, 0.000, 0.000, 0.061,  8
train,    658, 42.176349,   15, 0.00,    8, 0.000, 0.000, 0.061,  8
train,    659, -40.256993,   16, 1.00,    7, 0.000, 0.000, 0.061,  8
val,      659, -44.692578, 0.8000,  13.0000,   6.3000, 0.2000,  20.7168
train,    660, 41.534055,   17, 0.00,    7, 0.000, 0.000, 0.061,  8
train,    661, -43.927653,   11, 1.00,    8, 0.000, 0.000, 0.061,  8
train,    662, -47.870663,   15, 1.00,    9, 0.000, 0.000, 0.061,  8
train,    663, 41.693233,   17, 0.00,    6, 0.000, 0.000, 0.061,  8
train,    664, 21.674865,   16, 0.00,    7, 0.000, 0.000, 0.061,  8
train,    665, -61.196272,   12, 1.00,    7, 0.000, 0.000, 0.061,  8
train,    666, -59.678542,   10, 1.00,    5, 0.000, 0.000, 0.061,  8
train,    667, 40.855922,   17, 0.00,    9, 0.000, 0.000, 0.061,  8
train,    668, -41.597283,   15, 1.00,    6, 0.000, 0.000, 0.061,  8
train,    669, 41.759899,   17, 0.00,    6, 0.000, 0.000, 0.061,  8
val,      669, -3.679323, 0.4000,  15.2000,   7.1000, 0.6000,  20.4554
train,    670, 41.477794,   17, 0.00,    7, 0.000, 0.000, 0.061,  8
train,    671, -59.086487,   10, 1.00,    4, 0.000, 0.000, 0.061,  8
train,    672, 41.492726,   17, 0.00,    7, 0.000, 0.000, 0.061,  8
train,    673, -61.243098,   10, 1.00,    6, 0.000, 0.000, 0.061,  8
train,    674, -84.244758,   14, 1.00,    7, 0.000, 0.000, 0.061,  8
train,    675, -40.979177,   14, 1.00,    8, 0.000, 0.000, 0.061,  8
train,    676, 37.575387,   17, 0.00,    8, 0.000, 0.000, 0.061,  8
train,    677, -69.269841,   13, 1.00,    7, 0.000, 0.000, 0.061,  8
train,    678, 25.091201,   16, 0.00,    5, 0.000, 0.000, 0.061,  8
train,    679, -66.887527,   11, 1.00,    6, 0.000, 0.000, 0.061,  8
update,   679,   19,  513, -5.492186, 0.000000
val,      679, -40.070440, 0.8000,  13.4000,   7.4000, 0.2000,  20.6803
train,    680, 25.050332,   16, 0.00,    6, 0.000, 0.000, 0.061,  8
train,    681, 14.638364,   16, 0.00,    6, 0.000, 0.000, 0.061,  8
train,    682, 25.176159,   16, 0.00,    5, 0.000, 0.000, 0.061,  8
train,    683, 40.548030,   16, 0.00,    7, 0.000, 0.000, 0.061,  8
train,    684, -63.336373,   14, 1.00,    7, 0.000, 0.000, 0.061,  8
train,    685, -59.139122,   14, 1.00,    6, 0.000, 0.000, 0.061,  8
train,    686, -39.989995,   13, 1.00,    8, 0.000, 0.000, 0.061,  8
train,    687, -57.300233,   14, 1.00,    9, 0.000, 0.000, 0.061,  8
train,    688, 39.624301,   16, 0.00,    7, 0.000, 0.000, 0.061,  8
train,    689, -60.977776,   13, 1.00,    5, 0.000, 0.000, 0.061,  8
val,      689, -37.672943, 0.8000,  14.5000,   7.0000, 0.2000,  20.5233
train,    690, -63.450729,   14, 1.00,    7, 0.000, 0.000, 0.061,  8
train,    691, -58.917742,   14, 1.00,    6, 0.000, 0.000, 0.061,  8
train,    692, 32.735502,   16, 0.00,    6, 0.000, 0.000, 0.061,  8
train,    693, 20.712969,   16, 0.00,    7, 0.000, 0.000, 0.061,  8
train,    694, 20.126376,   16, 0.00,    6, 0.000, 0.000, 0.061,  8
train,    695, -62.555227,   11, 1.00,    4, 0.000, 0.000, 0.061,  8
train,    696, 25.072977,   16, 0.00,    6, 0.000, 0.000, 0.061,  8
train,    697, -45.142256,   11, 1.00,    8, 0.000, 0.000, 0.061,  8
train,    698, 32.960654,   17, 0.00,   10, 0.000, 0.000, 0.061,  8
train,    699, -78.304491,   13, 1.00,    5, 0.000, 0.000, 0.061,  8
val,      699, -1.358167, 0.4000,  15.8000,   7.7000, 0.6000,  20.2095
train,    700, 40.531478,   17, 0.00,   10, 0.000, 0.000, 0.061,  8
train,    701, -61.864914,   11, 1.00,    5, 0.000, 0.000, 0.061,  8
train,    702, -65.276428,   12, 1.00,    6, 0.000, 0.000, 0.061,  8
train,    703, 40.990303,   16, 0.00,    6, 0.000, 0.000, 0.061,  8
train,    704, -58.474258,   15, 1.00,    9, 0.000, 0.000, 0.061,  8
train,    705, -68.908203,   13, 1.00,    5, 0.000, 0.000, 0.061,  8
train,    706, 43.769553,   16, 0.00,    6, 0.000, 0.000, 0.061,  8
train,    707, 18.027804,   15, 0.00,    7, 0.000, 0.000, 0.061,  8
train,    708, -55.528849,   16, 1.00,    4, 0.000, 0.000, 0.061,  8
train,    709, 41.095689,   17, 0.00,    8, 0.000, 0.000, 0.061,  8
val,      709, -29.031887, 0.7000,  13.4000,   6.8000, 0.3000,  20.5033
train,    710, 41.007085,   17, 0.00,    9, 0.000, 0.000, 0.061,  8
train,    711, -79.782406,   14, 1.00,    4, 0.000, 0.000, 0.061,  8
train,    712, 41.659899,   17, 0.00,    6, 0.000, 0.000, 0.061,  8
train,    713, -60.201007,   13, 1.00,    5, 0.000, 0.000, 0.061,  8
train,    714, -55.158142,   11, 1.00,    8, 0.000, 0.000, 0.061,  8
update,   714,   20,  512, -6.284791, 0.000000
train,    715, 26.622847,   17, 0.00,    6, 0.000, 0.000, 0.061,  8
train,    716, -68.599451,   13, 1.00,    7, 0.000, 0.000, 0.061,  8
train,    717, 41.044285,   17, 0.00,    9, 0.000, 0.000, 0.061,  8
train,    718, -61.065285,   16, 1.00,    8, 0.000, 0.000, 0.061,  8
train,    719, 25.574059,   17, 0.00,   10, 0.000, 0.000, 0.061,  8
val,      719, -1.288523, 0.4000,  15.0000,   7.1000, 0.6000,  20.3251
train,    720, 22.162355,   17, 0.00,    8, 0.000, 0.000, 0.061,  8
train,    721, 18.338408,   16, 0.00,    4, 0.000, 0.000, 0.061,  8
train,    722, -59.694556,   10, 1.00,    5, 0.000, 0.000, 0.061,  8
train,    723, 40.973752,   17, 0.00,    9, 0.000, 0.000, 0.061,  8
train,    724, 28.530990,   16, 0.00,    7, 0.000, 0.000, 0.061,  8
train,    725, 29.290533,   14, 0.00,    7, 0.000, 0.000, 0.061,  8
train,    726, -57.997514,   17, 1.00,    5, 0.000, 0.000, 0.061,  8
train,    727, -69.301129,   12, 1.00,    3, 0.000, 0.000, 0.061,  8
train,    728, 22.951009,   17, 0.00,    5, 0.000, 0.000, 0.061,  8
train,    729, 37.462111,   17, 0.00,    8, 0.000, 0.000, 0.061,  8
val,      729, -19.249098, 0.6000,  14.2000,   7.2000, 0.4000,  20.5277
train,    730, -47.884371,   11, 1.00,    6, 0.000, 0.000, 0.061,  8
train,    731, 21.264515,   16, 0.00,    7, 0.000, 0.000, 0.061,  8
train,    732, -67.148228,   12, 1.00,    7, 0.000, 0.000, 0.061,  8
train,    733, -60.282938,   10, 1.00,    6, 0.000, 0.000, 0.061,  8
train,    734, 25.730210,   16, 0.00,    6, 0.000, 0.000, 0.061,  8
train,    735, 22.494346,   16, 0.00,    4, 0.000, 0.000, 0.061,  8
train,    736, 23.491169,   15, 0.00,    7, 0.000, 0.000, 0.061,  8
train,    737, 25.764377,   16, 0.00,    3, 0.000, 0.000, 0.061,  8
train,    738, -83.638007,   13, 1.00,    5, 0.000, 0.000, 0.061,  8
train,    739, -61.932852,   13, 1.00,    8, 0.000, 0.000, 0.061,  8
val,      739, -1.206705, 0.4000,  15.3000,   6.8000, 0.6000,  20.2237
train,    740, -64.564000,   12, 1.00,    4, 0.000, 0.000, 0.061,  8
train,    741, 28.888777,   16, 0.00,    6, 0.000, 0.000, 0.061,  8
train,    742, -58.599769,   14, 1.00,    5, 0.000, 0.000, 0.061,  8
train,    743, -62.587455,   11, 1.00,    7, 0.000, 0.000, 0.061,  8
train,    744, 41.027504,   16, 0.00,    6, 0.000, 0.000, 0.061,  8
train,    745, -77.420549,   14, 1.00,    8, 0.000, 0.000, 0.061,  8
train,    746, -59.778317,   13, 1.00,    5, 0.000, 0.000, 0.061,  8
train,    747, 22.477794,   17, 0.00,    7, 0.000, 0.000, 0.061,  8
train,    748, -56.246472,   16, 1.00,    6, 0.000, 0.000, 0.061,  8
train,    749, 22.913159,   15, 0.00,    7, 0.000, 0.000, 0.061,  8
update,   749,   21,  515, -3.754839, -0.000000
val,      749, -41.018919, 0.8000,  13.3000,   7.5000, 0.2000,  20.4394
train,    750, -57.689369,   15, 1.00,    7, 0.000, 0.000, 0.061,  8
train,    751, -60.833920,   13, 1.00,    7, 0.000, 0.000, 0.061,  8
train,    752, -66.062584,   12, 1.00,    5, 0.000, 0.000, 0.061,  8
train,    753, -61.433221,   11, 1.00,    5, 0.000, 0.000, 0.061,  8
train,    754, 42.318324,   17, 0.00,    4, 0.000, 0.000, 0.061,  8
train,    755, 38.301359,   17, 0.00,    6, 0.000, 0.000, 0.061,  8
train,    756, -63.593995,   17, 1.00,    6, 0.000, 0.000, 0.061,  8
train,    757, 23.042005,   17, 0.00,    5, 0.000, 0.000, 0.061,  8
train,    758, 41.975338,   17, 0.00,    5, 0.000, 0.000, 0.061,  8
train,    759, 25.081142,   14, 0.00,    7, 0.000, 0.000, 0.061,  8
val,      759, -10.958011, 0.5000,  14.5000,   7.5000, 0.5000,  20.5808
train,    760, -59.847467,   12, 1.00,    4, 0.000, 0.000, 0.061,  8
train,    761, 6.277859,   17, 0.00,    8, 0.000, 0.000, 0.061,  8
train,    762, 30.471248,   15, 0.00,    7, 0.000, 0.000, 0.061,  8
train,    763, 28.030638,   16, 0.00,    5, 0.000, 0.000, 0.061,  8
train,    764, -58.255903,   14, 1.00,    6, 0.000, 0.000, 0.061,  8
train,    765, 41.890601,   17, 0.00,    6, 0.000, 0.000, 0.061,  8
train,    766, 25.317190,   17, 0.00,   11, 0.000, 0.000, 0.061,  8
train,    767, -64.729664,   14, 1.00,    5, 0.000, 0.000, 0.061,  8
train,    768, -62.286230,   11, 1.00,    6, 0.000, 0.000, 0.061,  8
train,    769, -76.347466,   13, 1.00,    5, 0.000, 0.000, 0.061,  8
val,      769, -33.231690, 0.7000,  14.5000,   7.3000, 0.3000,  20.6424
train,    770, 25.383820,   16, 0.00,    5, 0.000, 0.000, 0.061,  8
train,    771, 41.477794,   17, 0.00,    7, 0.000, 0.000, 0.061,  8
train,    772, -76.666717,   13, 1.00,    6, 0.000, 0.000, 0.061,  8
train,    773, 43.655701,   16, 0.00,    7, 0.000, 0.000, 0.061,  8
train,    774, 22.675163,   17, 0.00,    7, 0.000, 0.000, 0.061,  8
train,    775, 41.526059,   17, 0.00,    7, 0.000, 0.000, 0.061,  8
train,    776, 43.655720,   16, 0.00,    7, 0.000, 0.000, 0.061,  8
train,    777, 41.693233,   17, 0.00,    6, 0.000, 0.000, 0.061,  8
train,    778, 22.113686,   17, 0.00,    9, 0.000, 0.000, 0.061,  8
train,    779, 26.294693,   17, 0.00,    7, 0.000, 0.000, 0.061,  8
val,      779, -40.935382, 0.8000,  14.1000,   7.5000, 0.2000,  20.5039
train,    780, -68.687663,   13, 1.00,    5, 0.000, 0.000, 0.061,  8
train,    781, 24.454114,   16, 0.00,    7, 0.000, 0.000, 0.061,  8
train,    782, 20.561518,   16, 0.00,    5, 0.000, 0.000, 0.061,  8
train,    783, 28.287542,   17, 0.00,    7, 0.000, 0.000, 0.061,  8
update,   783,   22,  521, 4.319675, 0.000000
train,    784, 27.062994,   17, 0.00,    5, 0.000, 0.000, 0.061,  8
train,    785, 14.873636,   17, 0.00,    7, 0.000, 0.000, 0.061,  8
train,    786, 41.659899,   17, 0.00,    6, 0.000, 0.000, 0.061,  8
train,    787, 39.970288,   16, 0.00,    6, 0.000, 0.000, 0.061,  8
train,    788, -59.300013,   14, 1.00,    8, 0.000, 0.000, 0.061,  8
train,    789, -58.158046,   12, 1.00,    7, 0.000, 0.000, 0.061,  8
val,      789, -21.728990, 0.6000,  14.6000,   7.9000, 0.4000,  20.5141
train,    790, 4.549260,   16, 0.00,    7, 0.000, 0.000, 0.061,  8
train,    791, -60.448467,   16, 1.00,    6, 0.000, 0.000, 0.061,  8
train,    792, 22.255857,   17, 0.00,    8, 0.000, 0.000, 0.061,  8
train,    793, -56.208983,   16, 1.00,    4, 0.000, 0.000, 0.061,  8
train,    794, -68.731892,   13, 1.00,    5, 0.000, 0.000, 0.061,  8
train,    795, -65.363545,   12, 1.00,    5, 0.000, 0.000, 0.061,  8
train,    796, -76.046859,   13, 1.00,    4, 0.000, 0.000, 0.061,  8
train,    797, -69.596419,   13, 1.00,    8, 0.000, 0.000, 0.061,  8
train,    798, 23.102173,   17, 0.00,    5, 0.000, 0.000, 0.061,  8
train,    799, -37.253097,   16, 1.00,    7, 0.000, 0.000, 0.061,  8
val,      799, -9.734860, 0.5000,  14.7000,   7.4000, 0.5000,  20.3556
train,    800, 25.929506,   17, 0.00,    8, 0.000, 0.000, 0.061,  8
train,    801, 40.691647,   17, 0.00,   10, 0.000, 0.000, 0.061,  8
train,    802, -64.954607,   12, 1.00,    5, 0.000, 0.000, 0.061,  8
train,    803, 23.108671,   17, 0.00,    5, 0.000, 0.000, 0.061,  8
train,    804, -65.313219,   16, 1.00,    6, 0.000, 0.000, 0.061,  8
train,    805, -44.667948,   10, 1.00,    6, 0.000, 0.000, 0.061,  8
train,    806, 23.290777,   17, 0.00,    4, 0.000, 0.000, 0.061,  8
train,    807, -54.627048,   17, 1.00,    5, 0.000, 0.000, 0.061,  8
train,    808, -60.068397,   11, 1.00,    7, 0.000, 0.000, 0.061,  8
train,    809, -55.530073,   16, 1.00,    4, 0.000, 0.000, 0.061,  8
val,      809, -22.132756, 0.6000,  14.1000,   8.1000, 0.4000,  20.5664
train,    810, 26.269308,   17, 0.00,    8, 0.000, 0.000, 0.061,  8
train,    811, -61.798923,   11, 1.00,    8, 0.000, 0.000, 0.061,  8
train,    812, 24.894364,   16, 0.00,    9, 0.000, 0.000, 0.061,  8
train,    813, -55.654011,   17, 1.00,    8, 0.000, 0.000, 0.061,  8
train,    814, -60.449465,   10, 1.00,    7, 0.000, 0.000, 0.061,  8
train,    815, -60.850924,   11, 1.00,    5, 0.000, 0.000, 0.061,  8
train,    816, 25.958142,   16, 0.00,    5, 0.000, 0.000, 0.061,  8
train,    817, 40.540483,   17, 0.00,   10, 0.000, 0.000, 0.061,  8
train,    818, 40.232591,   16, 0.00,    8, 0.000, 0.000, 0.061,  8
update,   818,   23,  523, -7.296758, -0.000000
train,    819, 41.975338,   17, 0.00,    5, 0.000, 0.000, 0.061,  8
val,      819, -42.234450, 0.8000,  13.5000,   6.9000, 0.2000,  20.7270
train,    820, 25.602017,   16, 0.00,    4, 0.000, 0.000, 0.061,  8
train,    821, 41.637963,   17, 0.00,    7, 0.000, 0.000, 0.061,  8
train,    822, 41.255857,   17, 0.00,    8, 0.000, 0.000, 0.061,  8
train,    823, 33.685032,   17, 0.00,    8, 0.000, 0.000, 0.061,  8
train,    824, 41.444461,   17, 0.00,    7, 0.000, 0.000, 0.061,  8
train,    825, 12.847105,   16, 0.00,    5, 0.000, 0.000, 0.061,  8
train,    826, -54.824770,   17, 1.00,    8, 0.000, 0.000, 0.061,  8
train,    827, 41.359724,   17, 0.00,    8, 0.000, 0.000, 0.061,  8
train,    828, 26.622642,   17, 0.00,    6, 0.000, 0.000, 0.061,  8
train,    829, -63.563776,   11, 1.00,    7, 0.000, 0.000, 0.061,  8
val,      829, -23.825851, 0.6000,  14.8000,   7.3000, 0.4000,  20.4744
train,    830, 34.601882,   17, 0.00,    5, 0.000, 0.000, 0.061,  8
train,    831, 40.548030,   16, 0.00,    7, 0.000, 0.000, 0.061,  8
train,    832, 38.196887,   17, 0.00,    6, 0.000, 0.000, 0.061,  8
train,    833, 25.842069,   17, 0.00,    6, 0.000, 0.000, 0.061,  8
train,    834, 40.359426,   16, 0.00,    8, 0.000, 0.000, 0.061,  8
train,    835, 20.012446,   14, 0.00,    8, 0.000, 0.000, 0.061,  8
train,    836, -70.572013,   13, 1.00,    7, 0.000, 0.000, 0.061,  8
train,    837, 41.637963,   17, 0.00,    7, 0.000, 0.000, 0.061,  8
train,    838, -59.211283,   11, 1.00,    7, 0.000, 0.000, 0.061,  8
train,    839, 16.237042,   16, 0.00,    7, 0.000, 0.000, 0.061,  8
val,      839, -3.334524, 0.4000,  15.4000,   6.9000, 0.6000,  20.3218
train,    840, -61.983408,   11, 1.00,    5, 0.000, 0.000, 0.061,  8
train,    841, -61.251823,   12, 1.00,    6, 0.000, 0.000, 0.061,  8
train,    842, -66.968511,   12, 1.00,    8, 0.000, 0.000, 0.061,  8
train,    843, 43.298844,   16, 0.00,    8, 0.000, 0.000, 0.061,  8
train,    844, -61.011454,   13, 1.00,    7, 0.000, 0.000, 0.061,  8
train,    845, -53.899748,   17, 1.00,    5, 0.000, 0.000, 0.061,  8
train,    846, -60.888772,   11, 1.00,    9, 0.000, 0.000, 0.061,  8
train,    847, -39.051080,   15, 1.00,    7, 0.000, 0.000, 0.061,  8
train,    848, 27.299226,   15, 0.00,    7, 0.000, 0.000, 0.061,  8
train,    849, -77.938100,   13, 1.00,    5, 0.000, 0.000, 0.061,  8
val,      849, -31.911997, 0.7000,  13.6000,   7.9000, 0.3000,  20.5457
train,    850, -60.094922,   13, 1.00,    5, 0.000, 0.000, 0.061,  8
train,    851, 26.640889,   15, 0.00,    7, 0.000, 0.000, 0.061,  8
train,    852, -41.960027,   13, 1.00,    7, 0.000, 0.000, 0.061,  8
train,    853, -58.931281,   17, 1.00,    5, 0.000, 0.000, 0.061,  8
update,   853,   24,  526, 2.104993, -0.000000
train,    854, -69.114354,   13, 1.00,    7, 0.000, 0.000, 0.061,  8
train,    855, -64.135399,   13, 1.00,    7, 0.000, 0.000, 0.061,  8
train,    856, 23.075338,   17, 0.00,    5, 0.000, 0.000, 0.061,  8
train,    857, -55.638430,   16, 1.00,    4, 0.000, 0.000, 0.061,  8
train,    858, -65.280686,   12, 1.00,    6, 0.000, 0.000, 0.061,  8
train,    859, -59.544125,   16, 1.00,    5, 0.000, 0.000, 0.061,  8
val_save, 859, -1.046927, 0.4000,  14.6000,   7.0000, 0.6000,  20.5236
val,      859, -1.046927, 0.4000,  14.6000,   7.0000, 0.6000,  20.5236
curriculum,noise_cap 0.0000 -> 0.0000, entropy 0.0614 -> 0.0522
train,    860, -44.983227,   10, 1.00,    7, 0.000, 0.000, 0.052,  8
train,    861, -58.849216,   14, 1.00,    5, 0.000, 0.000, 0.052,  8
train,    862, 25.915859,   17, 0.00,    9, 0.000, 0.000, 0.052,  8
train,    863, 42.623974,   15, 0.00,    6, 0.000, 0.000, 0.052,  8
train,    864, 10.692714,   17, 0.00,    7, 0.000, 0.000, 0.052,  8
train,    865, 15.905903,   17, 0.00,    9, 0.000, 0.000, 0.052,  8
train,    866, -61.577759,   11, 1.00,    6, 0.000, 0.000, 0.052,  8
train,    867, -38.501323,   12, 1.00,    8, 0.000, 0.000, 0.052,  8
train,    868, 16.254427,   16, 0.00,    6, 0.000, 0.000, 0.052,  8
train,    869, -63.233210,   11, 1.00,    6, 0.000, 0.000, 0.052,  8
val,      869, -27.782114, 0.7000,  14.3000,   7.9000, 0.3000,  20.7026
train,    870, -61.335882,   10, 1.00,    7, 0.000, 0.000, 0.052,  8
train,    871, -56.711004,   16, 1.00,    8, 0.000, 0.000, 0.052,  8
train,    872, -63.266669,   11, 1.00,    6, 0.000, 0.000, 0.052,  8
train,    873, -55.275238,   14, 1.00,    6, 0.000, 0.000, 0.052,  8
train,    874, 7.506280,   17, 0.00,    4, 0.000, 0.000, 0.052,  8
train,    875, -75.075884,   11, 1.00,    5, 0.000, 0.000, 0.052,  8
train,    876, 20.525110,   16, 0.00,    6, 0.000, 0.000, 0.052,  8
train,    877, -48.244614,   11, 1.00,    8, 0.000, 0.000, 0.052,  8
train,    878, -62.921344,   11, 1.00,    5, 0.000, 0.000, 0.052,  8
train,    879, -62.614285,   11, 1.00,    7, 0.000, 0.000, 0.052,  8
val_save, 879, 7.428051, 0.3000,  15.4000,   7.5000, 0.7000,  20.4686
val,      879, 7.428051, 0.3000,  15.4000,   7.5000, 0.7000,  20.4686
curriculum,noise_cap 0.0000 -> 0.0000, entropy 0.0522 -> 0.0500
train,    880, -62.107533,   11, 1.00,    9, 0.000, 0.000, 0.050,  8
train,    881, 23.008671,   17, 0.00,    5, 0.000, 0.000, 0.050,  8
train,    882, 41.377794,   17, 0.00,    7, 0.000, 0.000, 0.050,  8
train,    883, 23.135507,   17, 0.00,    5, 0.000, 0.000, 0.050,  8
train,    884, 41.444461,   17, 0.00,    7, 0.000, 0.000, 0.050,  8
train,    885, -56.226020,    8, 1.00,    8, 0.000, 0.000, 0.050,  8
train,    886, -56.130920,   15, 1.00,    5, 0.000, 0.000, 0.050,  8
train,    887, -63.639420,   11, 1.00,    8, 0.000, 0.000, 0.050,  8
train,    888, 29.191541,   14, 0.00,    7, 0.000, 0.000, 0.050,  8
train,    889, 28.030667,   16, 0.00,    5, 0.000, 0.000, 0.050,  8
val,      889, 10.817764, 0.3000,  16.0000,   7.9000, 0.7000,  20.1332
curriculum,noise_cap 0.0000 -> 0.0000, entropy 0.0500 -> 0.0500
train,    890, 41.759899,   17, 0.00,    6, 0.000, 0.000, 0.050,  8
update,   890,   25,  515, -11.488456, -0.000000
train,    891, -58.754939,   15, 1.00,    9, 0.000, 0.000, 0.050,  8
train,    892, 28.208105,   16, 0.00,    8, 0.000, 0.000, 0.050,  8
train,    893, -62.209542,   10, 1.00,    7, 0.000, 0.000, 0.050,  8
train,    894, 15.520504,   17, 0.00,    5, 0.000, 0.000, 0.050,  8
train,    895, -68.699659,   13, 1.00,    5, 0.000, 0.000, 0.050,  8
train,    896, 27.007879,   17, 0.00,    5, 0.000, 0.000, 0.050,  8
train,    897, -38.302206,   17, 1.00,    4, 0.000, 0.000, 0.050,  8
train,    898, -64.882724,   15, 1.00,    4, 0.000, 0.000, 0.050,  8
train,    899, 23.079973,   15, 0.00,    6, 0.000, 0.000, 0.050,  8
val,      899, -11.526943, 0.5000,  15.3000,   6.8000, 0.5000,  20.2806
train,    900, -63.457468,   13, 1.00,    4, 0.000, 0.000, 0.050,  8
train,    901, 22.587847,   16, 0.00,    4, 0.000, 0.000, 0.050,  8
train,    902, 41.477794,   17, 0.00,    7, 0.000, 0.000, 0.050,  8
train,    903, 40.316040,   17, 0.00,   11, 0.000, 0.000, 0.050,  8
train,    904, 14.906969,   17, 0.00,    7, 0.000, 0.000, 0.050,  8
train,    905, 15.833296,   17, 0.00,    4, 0.000, 0.000, 0.050,  8
train,    906, -55.413627,   14, 1.00,    6, 0.000, 0.000, 0.050,  8
train,    907, 41.171360,   17, 0.00,    8, 0.000, 0.000, 0.050,  8
train,    908, -66.165393,   14, 1.00,    3, 0.000, 0.000, 0.050,  8
train,    909, -63.045466,   11, 1.00,    9, 0.000, 0.000, 0.050,  8
val,      909, -37.266590, 0.7000,  13.7000,   7.1000, 0.3000,  20.5339
train,    910, 40.540483,   17, 0.00,   10, 0.000, 0.000, 0.050,  8
train,    911, 22.178907,   16, 0.00,    5, 0.000, 0.000, 0.050,  8
train,    912, 29.001461,   16, 0.00,    6, 0.000, 0.000, 0.050,  8
train,    913, -65.047901,   12, 1.00,    4, 0.000, 0.000, 0.050,  8
train,    914, -61.876929,   11, 1.00,    7, 0.000, 0.000, 0.050,  8
train,    915, -61.348965,   12, 1.00,    5, 0.000, 0.000, 0.050,  8
train,    916, 16.154675,   17, 0.00,    8, 0.000, 0.000, 0.050,  8
train,    917, -73.079650,   13, 1.00,    5, 0.000, 0.000, 0.050,  8
train,    918, 42.175730,   15, 0.00,    8, 0.000, 0.000, 0.050,  8
train,    919, -60.863954,   11, 1.00,    5, 0.000, 0.000, 0.050,  8
val,      919, 0.271756, 0.4000,  15.1000,   7.1000, 0.6000,  20.2331
train,    920, -62.288191,   11, 1.00,    6, 0.000, 0.000, 0.050,  8
train,    921, -58.468688,    9, 1.00,    6, 0.000, 0.000, 0.050,  8
train,    922, 40.846917,   17, 0.00,    9, 0.000, 0.000, 0.050,  8
train,    923, -62.275102,   11, 1.00,    5, 0.000, 0.000, 0.050,  8
train,    924, 16.232872,   16, 0.00,    6, 0.000, 0.000, 0.050,  8
train,    925, 41.990601,   17, 0.00,    6, 0.000, 0.000, 0.050,  8
train,    926, -70.495300,   12, 1.00,    4, 0.000, 0.000, 0.050,  8
update,   926,   26,  521, -4.954271, 0.000000
train,    927, 41.759899,   17, 0.00,    6, 0.000, 0.000, 0.050,  8
train,    928, -54.629636,   14, 1.00,    4, 0.000, 0.000, 0.050,  8
train,    929, 34.071005,   17, 0.00,    7, 0.000, 0.000, 0.050,  8
val,      929, -32.147080, 0.7000,  13.6000,   6.9000, 0.3000,  20.5659
train,    930, -68.960385,   16, 1.00,    4, 0.000, 0.000, 0.050,  8
train,    931, 34.189075,   17, 0.00,    6, 0.000, 0.000, 0.050,  8
train,    932, 42.572882,   17, 0.00,    3, 0.000, 0.000, 0.050,  8
train,    933, -60.208279,   12, 1.00,    5, 0.000, 0.000, 0.050,  8
train,    934, 22.162355,   17, 0.00,    8, 0.000, 0.000, 0.050,  8
train,    935, 37.468496,   17, 0.00,    8, 0.000, 0.000, 0.050,  8
train,    936, 41.477794,   17, 0.00,    7, 0.000, 0.000, 0.050,  8
train,    937, -41.017285,   16, 1.00,    7, 0.000, 0.000, 0.050,  8
train,    938, 41.162355,   17, 0.00,    8, 0.000, 0.000, 0.050,  8
train,    939, -64.130468,   16, 1.00,    6, 0.000, 0.000, 0.050,  8
val,      939, -37.651972, 0.7000,  14.1000,   6.2000, 0.3000,  20.6165
train,    940, 29.702967,   17, 0.00,    7, 0.000, 0.000, 0.050,  8
train,    941, -58.279375,   14, 1.00,    4, 0.000, 0.000, 0.050,  8
train,    942, -61.051475,   11, 1.00,    5, 0.000, 0.000, 0.050,  8
train,    943, 28.054070,   17, 0.00,    8, 0.000, 0.000, 0.050,  8
train,    944, -60.202394,   10, 1.00,    6, 0.000, 0.000, 0.050,  8
train,    945, 20.100802,   16, 0.00,    7, 0.000, 0.000, 0.050,  8
train,    946, -57.769215,   15, 1.00,    8, 0.000, 0.000, 0.050,  8
train,    947, 27.293152,   15, 0.00,    7, 0.000, 0.000, 0.050,  8
train,    948, 41.162355,   17, 0.00,    8, 0.000, 0.000, 0.050,  8
train,    949, -46.272706,   14, 1.00,    8, 0.000, 0.000, 0.050,  8
val,      949, -20.550021, 0.6000,  14.9000,   6.7000, 0.4000,  20.3585
train,    950, 23.328664,   15, 0.00,    6, 0.000, 0.000, 0.050,  8
train,    951, 37.634303,   17, 0.00,    8, 0.000, 0.000, 0.050,  8
train,    952, 15.874860,   17, 0.00,    2, 0.000, 0.000, 0.050,  8
train,    953, -78.615739,   13, 1.00,    4, 0.000, 0.000, 0.050,  8
train,    954, -77.326205,   15, 1.00,    7, 0.000, 0.000, 0.050,  8
train,    955, 29.217502,   16, 0.00,    5, 0.000, 0.000, 0.050,  8
train,    956, -62.947634,   11, 1.00,    6, 0.000, 0.000, 0.050,  8
train,    957, 22.477794,   17, 0.00,    7, 0.000, 0.000, 0.050,  8
train,    958, -60.993727,   12, 1.00,    5, 0.000, 0.000, 0.050,  8
train,    959, 24.855983,   16, 0.00,    6, 0.000, 0.000, 0.050,  8
val,      959, -9.926476, 0.5000,  15.1000,   6.5000, 0.5000,  20.4210
train,    960, 41.780585,   17, 0.00,    6, 0.000, 0.000, 0.050,  8
update,   960,   27,  522, 2.191007, -0.000000
train,    961, -56.682889,   16, 1.00,    9, 0.000, 0.000, 0.050,  8
train,    962, 19.460294,   17, 0.00,    5, 0.000, 0.000, 0.050,  8
train,    963, 22.793233,   17, 0.00,    6, 0.000, 0.000, 0.050,  8
train,    964, 25.643117,   17, 0.00,   10, 0.000, 0.000, 0.050,  8
train,    965, -74.818086,   13, 1.00,    5, 0.000, 0.000, 0.050,  8
train,    966, -67.598143,   14, 1.00,    4, 0.000, 0.000, 0.050,  8
train,    967, 24.941288,   16, 0.00,    6, 0.000, 0.000, 0.050,  8
train,    968, -61.974133,   11, 1.00,    5, 0.000, 0.000, 0.050,  8
train,    969, -66.172922,   12, 1.00,    5, 0.000, 0.000, 0.050,  8
val,      969, 6.057793, 0.3000,  15.3000,   6.6000, 0.7000,  20.4663
train,    970, -59.499336,   10, 1.00,    5, 0.000, 0.000, 0.050,  8
train,    971, -60.138667,   10, 1.00,    7, 0.000, 0.000, 0.050,  8
train,    972, -59.120197,   14, 1.00,    7, 0.000, 0.000, 0.050,  8
train,    973, -42.667939,   13, 1.00,    8, 0.000, 0.000, 0.050,  8
train,    974, -53.609224,   12, 1.00,    8, 0.000, 0.000, 0.050,  8
train,    975, 28.803122,   16, 0.00,    6, 0.000, 0.000, 0.050,  8
train,    976, -70.854649,   15, 1.00,    6, 0.000, 0.000, 0.050,  8
train,    977, 21.855922,   17, 0.00,    9, 0.000, 0.000, 0.050,  8
train,    978, -55.762873,   16, 1.00,    5, 0.000, 0.000, 0.050,  8
train,    979, -43.768375,   14, 1.00,    6, 0.000, 0.000, 0.050,  8
val,      979, -12.780230, 0.5000,  14.6000,   7.6000, 0.5000,  20.3696
train,    980, -58.157314,   17, 1.00,    4, 0.000, 0.000, 0.050,  8
train,    981, -79.755396,   13, 1.00,    3, 0.000, 0.000, 0.050,  8
train,    982, -54.725327,   17, 1.00,    6, 0.000, 0.000, 0.050,  8
train,    983, 25.373770,   16, 0.00,    7, 0.000, 0.000, 0.050,  8
train,    984, -76.158794,   14, 1.00,    4, 0.000, 0.000, 0.050,  8
train,    985, 41.444461,   17, 0.00,    7, 0.000, 0.000, 0.050,  8
train,    986, 23.075338,   17, 0.00,    5, 0.000, 0.000, 0.050,  8
train,    987, -60.745828,   11, 1.00,    4, 0.000, 0.000, 0.050,  8
train,    988, -56.168190,   16, 1.00,    6, 0.000, 0.000, 0.050,  8
train,    989, 25.574954,   16, 0.00,    7, 0.000, 0.000, 0.050,  8
val,      989, -39.279650, 0.8000,  13.5000,   6.6000, 0.2000,  20.5456
train,    990, 6.723999,   17, 0.00,    7, 0.000, 0.000, 0.050,  8
train,    991, -80.462663,   14, 1.00,    6, 0.000, 0.000, 0.050,  8
train,    992, 42.051009,   17, 0.00,    5, 0.000, 0.000, 0.050,  8
train,    993, -62.814927,   11, 1.00,    8, 0.000, 0.000, 0.050,  8
train,    994, 22.477794,   17, 0.00,    7, 0.000, 0.000, 0.050,  8
train,    995, 42.084343,   17, 0.00,    5, 0.000, 0.000, 0.050,  8
update,   995,   28,  517, -13.876804, 0.000000
train,    996, -73.815784,   13, 1.00,    3, 0.000, 0.000, 0.050,  8
train,    997, 41.841498,   17, 0.00,    6, 0.000, 0.000, 0.050,  8
train,    998, 17.101070,   16, 0.00,    3, 0.000, 0.000, 0.050,  8
train,    999, 26.387576,   17, 0.00,    7, 0.000, 0.000, 0.050,  8
val,      999, -1.763814, 0.4000,  15.3000,   6.9000, 0.6000,  20.2810
train,    1000, 21.548030,   16, 0.00,    7, 0.000, 0.000, 0.050,  8
train,    1001, -83.649525,   14, 1.00,    5, 0.000, 0.000, 0.050,  8
train,    1002, -68.256505,   14, 1.00,    6, 0.000, 0.000, 0.050,  8
train,    1003, 10.371029,   17, 0.00,    3, 0.000, 0.000, 0.050,  8
train,    1004, 23.139373,   17, 0.00,    5, 0.000, 0.000, 0.050,  8
train,    1005, 16.818886,   17, 0.00,    6, 0.000, 0.000, 0.050,  8
train,    1006, -59.539550,   13, 1.00,    6, 0.000, 0.000, 0.050,  8
train,    1007, -64.618530,   12, 1.00,    4, 0.000, 0.000, 0.050,  8
train,    1008, 22.768904,   17, 0.00,    6, 0.000, 0.000, 0.050,  8
train,    1009, 40.674865,   16, 0.00,    7, 0.000, 0.000, 0.050,  8
val,      1009, -10.505852, 0.5000,  15.0000,   6.3000, 0.5000,  20.4793
train,    1010, -65.619536,   12, 1.00,    7, 0.000, 0.000, 0.050,  8
train,    1011, 40.232591,   16, 0.00,    8, 0.000, 0.000, 0.050,  8
train,    1012, -52.619374,   16, 1.00,    7, 0.000, 0.000, 0.050,  8
train,    1013, 33.050941,   16, 0.00,    5, 0.000, 0.000, 0.050,  8
train,    1014, 30.521360,   15, 0.00,    6, 0.000, 0.000, 0.050,  8
train,    1015, 41.793233,   17, 0.00,    6, 0.000, 0.000, 0.050,  8
train,    1016, 24.992303,   14, 0.00,    8, 0.000, 0.000, 0.050,  8
train,    1017, -45.319102,   11, 1.00,    7, 0.000, 0.000, 0.050,  8
train,    1018, 10.952463,   16, 0.00,    7, 0.000, 0.000, 0.050,  8
train,    1019, -61.861478,   11, 1.00,    5, 0.000, 0.000, 0.050,  8
val,      1019, -20.532227, 0.6000,  14.0000,   7.0000, 0.4000,  20.4858
train,    1020, 41.289191,   17, 0.00,    8, 0.000, 0.000, 0.050,  8
train,    1021, 23.008671,   17, 0.00,    5, 0.000, 0.000, 0.050,  8
train,    1022, -61.980771,   17, 1.00,    5, 0.000, 0.000, 0.050,  8
train,    1023, -44.983270,   10, 1.00,    7, 0.000, 0.000, 0.050,  8
train,    1024, 22.178907,   16, 0.00,    5, 0.000, 0.000, 0.050,  8
train,    1025, 42.398245,   15, 0.00,    7, 0.000, 0.000, 0.050,  8
train,    1026, -55.574672,   14, 1.00,    7, 0.000, 0.000, 0.050,  8
train,    1027, -61.888958,   11, 1.00,    7, 0.000, 0.000, 0.050,  8
train,    1028, -61.668784,   12, 1.00,    6, 0.000, 0.000, 0.050,  8
train,    1029, 23.806607,   15, 0.00,    6, 0.000, 0.000, 0.050,  8
val,      1029, -30.531796, 0.7000,  14.1000,   6.5000, 0.3000,  20.5095
train,    1030, -55.978582,    8, 1.00,    8, 0.000, 0.000, 0.050,  8
update,   1030,   29,  512, -0.889672, 0.000000
train,    1031, -62.789389,   11, 1.00,    9, 0.000, 0.000, 0.050,  8
train,    1032, 41.248030,   17, 0.00,    8, 0.000, 0.000, 0.050,  8
train,    1033, -57.761412,   14, 1.00,    4, 0.000, 0.000, 0.050,  8
train,    1034, -68.295557,   13, 1.00,    5, 0.000, 0.000, 0.050,  8
train,    1035, -63.411119,   11, 1.00,    6, 0.000, 0.000, 0.050,  8
train,    1036, -53.679276,   17, 1.00,    4, 0.000, 0.000, 0.050,  8
train,    1037, 23.194823,   15, 0.00,    7, 0.000, 0.000, 0.050,  8
train,    1038, 23.390777,   17, 0.00,    4, 0.000, 0.000, 0.050,  8
train,    1039, 25.647939,   16, 0.00,    7, 0.000, 0.000, 0.050,  8
val,      1039, -2.514444, 0.4000,  15.3000,   6.3000, 0.6000,  20.3139
train,    1040, -65.106971,   12, 1.00,    6, 0.000, 0.000, 0.050,  8
train,    1041, -55.230315,   11, 1.00,    8, 0.000, 0.000, 0.050,  8
train,    1042, 26.297619,   17, 0.00,    7, 0.000, 0.000, 0.050,  8
train,    1043, 16.221342,   17, 0.00,    8, 0.000, 0.000, 0.050,  8
train,    1044, 28.707813,   16, 0.00,    7, 0.000, 0.000, 0.050,  8
train,    1045, 16.317954,   16, 0.00,    6, 0.000, 0.000, 0.050,  8
train,    1046, 41.793233,   17, 0.00,    6, 0.000, 0.000, 0.050,  8
train,    1047, 27.373777,   15, 0.00,    7, 0.000, 0.000, 0.050,  8
train,    1048, -59.768618,   12, 1.00,    4, 0.000, 0.000, 0.050,  8
train,    1049, 42.108671,   17, 0.00,    5, 0.000, 0.000, 0.050,  8
val,      1049, -48.473223, 0.9000,  14.2000,   6.4000, 0.1000,  20.6425
train,    1050, -60.599589,   12, 1.00,    6, 0.000, 0.000, 0.050,  8
train,    1051, -55.834356,   16, 1.00,    5, 0.000, 0.000, 0.050,  8
train,    1052, 25.105302,   14, 0.00,    7, 0.000, 0.000, 0.050,  8
train,    1053, 41.659899,   17, 0.00,    6, 0.000, 0.000, 0.050,  8
train,    1054, 22.444461,   17, 0.00,    7, 0.000, 0.000, 0.050,  8
train,    1055, -64.366810,   15, 1.00,    3, 0.000, 0.000, 0.050,  8
train,    1056, -62.605306,   11, 1.00,    7, 0.000, 0.000, 0.050,  8
train,    1057, -56.797187,   16, 1.00,    8, 0.000, 0.000, 0.050,  8
train,    1058, 41.604629,   17, 0.00,    7, 0.000, 0.000, 0.050,  8
train,    1059, 21.855922,   17, 0.00,    9, 0.000, 0.000, 0.050,  8
val,      1059, -14.398842, 0.5000,  14.6000,   6.7000, 0.5000,  20.7537
train,    1060, -59.252152,   10, 1.00,    5, 0.000, 0.000, 0.050,  8
train,    1061, 25.512484,   16, 0.00,    6, 0.000, 0.000, 0.050,  8
train,    1062, 42.572882,   17, 0.00,    3, 0.000, 0.000, 0.050,  8
train,    1063, 23.135507,   17, 0.00,    5, 0.000, 0.000, 0.050,  8
train,    1064, 41.444461,   17, 0.00,    7, 0.000, 0.000, 0.050,  8
train,    1065, -55.523700,   16, 1.00,    4, 0.000, 0.000, 0.050,  8
update,   1065,   30,  526, -0.043975, -0.000000
train,    1066, 15.230749,   17, 0.00,    4, 0.000, 0.000, 0.050,  8
train,    1067, -62.338019,   11, 1.00,    4, 0.000, 0.000, 0.050,  8
train,    1068, -54.089405,   17, 1.00,    6, 0.000, 0.000, 0.050,  8
train,    1069, -62.991940,   17, 1.00,    6, 0.000, 0.000, 0.050,  8
val,      1069, -33.654494, 0.7000,  13.9000,   6.9000, 0.3000,  20.4385
train,    1070, -40.710315,   14, 1.00,    7, 0.000, 0.000, 0.050,  8
train,    1071, -76.635922,   13, 1.00,    6, 0.000, 0.000, 0.050,  8
train,    1072, 33.959187,   17, 0.00,    7, 0.000, 0.000, 0.050,  8
train,    1073, 23.330354,   15, 0.00,    6, 0.000, 0.000, 0.050,  8
train,    1074, -56.189274,    8, 1.00,    8, 0.000, 0.000, 0.050,  8
train,    1075, 18.552248,   17, 0.00,    6, 0.000, 0.000, 0.050,  8
train,    1076, 27.344634,   17, 0.00,    4, 0.000, 0.000, 0.050,  8
train,    1077, -76.345009,   13, 1.00,    5, 0.000, 0.000, 0.050,  8
train,    1078, -67.260593,   14, 1.00,    5, 0.000, 0.000, 0.050,  8
train,    1079, -55.895800,   14, 1.00,    7, 0.000, 0.000, 0.050,  8
val,      1079, -0.841881, 0.4000,  15.4000,   7.1000, 0.6000,  20.3733
train,    1080, 41.726566,   17, 0.00,    6, 0.000, 0.000, 0.050,  8
train,    1081, 22.989830,   15, 0.00,    6, 0.000, 0.000, 0.050,  8
train,    1082, 41.759899,   17, 0.00,    6, 0.000, 0.000, 0.050,  8
train,    1083, 41.693233,   17, 0.00,    6, 0.000, 0.000, 0.050,  8
train,    1084, -60.445361,   11, 1.00,    7, 0.000, 0.000, 0.050,  8
train,    1085, -57.747255,   14, 1.00,    5, 0.000, 0.000, 0.050,  8
train,    1086, 25.408561,   17, 0.00,    8, 0.000, 0.000, 0.050,  8
train,    1087, -72.011607,   17, 1.00,    6, 0.000, 0.000, 0.050,  8
train,    1088, 25.990980,   17, 0.00,    8, 0.000, 0.000, 0.050,  8
train,    1089, 15.222408,   17, 0.00,    6, 0.000, 0.000, 0.050,  8
val,      1089, -60.759209, 1.0000,  12.4000,   5.9000, 0.0000,  20.6512
train,    1090, -59.321466,   11, 1.00,    6, 0.000, 0.000, 0.050,  8
train,    1091, -59.237436,   14, 1.00,    7, 0.000, 0.000, 0.050,  8
train,    1092, -63.667874,   10, 1.00,    6, 0.000, 0.000, 0.050,  8
train,    1093, 7.124175,   17, 0.00,    5, 0.000, 0.000, 0.050,  8
train,    1094, 41.444461,   17, 0.00,    7, 0.000, 0.000, 0.050,  8
train,    1095, 27.854613,   17, 0.00,    9, 0.000, 0.000, 0.050,  8
train,    1096, -58.894764,   11, 1.00,    6, 0.000, 0.000, 0.050,  8
train,    1097, -57.210002,   12, 1.00,    4, 0.000, 0.000, 0.050,  8
train,    1098, 41.162355,   17, 0.00,    8, 0.000, 0.000, 0.050,  8
train,    1099, -56.222495,    8, 1.00,    8, 0.000, 0.000, 0.050,  8
val,      1099, -34.856581, 0.7000,  14.0000,   6.1000, 0.3000,  20.5969
train,    1100, 26.472276,   17, 0.00,    7, 0.000, 0.000, 0.050,  8
update,   1100,   31,  514, -6.024795, -0.000000
train,    1101, -72.351514,   13, 1.00,    3, 0.000, 0.000, 0.050,  8
train,    1102, -61.297395,   11, 1.00,    6, 0.000, 0.000, 0.050,  8
train,    1103, -60.852550,   16, 1.00,    8, 0.000, 0.000, 0.050,  8
train,    1104, 9.699231,   17, 0.00,    6, 0.000, 0.000, 0.050,  8
train,    1105, 25.721616,   17, 0.00,    9, 0.000, 0.000, 0.050,  8
train,    1106, -66.027524,   12, 1.00,    5, 0.000, 0.000, 0.050,  8
train,    1107, 42.108671,   17, 0.00,    5, 0.000, 0.000, 0.050,  8
train,    1108, 15.853285,   17, 0.00,    4, 0.000, 0.000, 0.050,  8
train,    1109, -59.719631,   17, 1.00,    8, 0.000, 0.000, 0.050,  8
val,      1109, -52.657261, 0.9000,  13.3000,   5.3000, 0.1000,  20.7093
train,    1110, -62.043631,   11, 1.00,    6, 0.000, 0.000, 0.050,  8
train,    1111, -55.398468,   14, 1.00,    6, 0.000, 0.000, 0.050,  8
train,    1112, 34.537847,   17, 0.00,    5, 0.000, 0.000, 0.050,  8
train,    1113, -63.558554,   12, 1.00,    4, 0.000, 0.000, 0.050,  8
train,    1114, -58.565554,    9, 1.00,    6, 0.000, 0.000, 0.050,  8
train,    1115, 23.075338,   17, 0.00,    5, 0.000, 0.000, 0.050,  8
train,    1116, 40.540483,   17, 0.00,   10, 0.000, 0.000, 0.050,  8
train,    1117, -72.898121,   13, 1.00,    5, 0.000, 0.000, 0.050,  8
train,    1118, -60.674305,   11, 1.00,    4, 0.000, 0.000, 0.050,  8
train,    1119, 16.535850,   16, 0.00,    5, 0.000, 0.000, 0.050,  8
val,      1119, -43.302777, 0.8000,  13.6000,   4.8000, 0.2000,  20.6495
train,    1120, 34.538490,   17, 0.00,    3, 0.000, 0.000, 0.050,  8
train,    1121, -60.841502,   12, 1.00,    4, 0.000, 0.000, 0.050,  8
train,    1122, -55.621116,   16, 1.00,    4, 0.000, 0.000, 0.050,  8
train,    1123, -72.751171,   13, 1.00,    4, 0.000, 0.000, 0.050,  8
train,    1124, -65.179964,   12, 1.00,    6, 0.000, 0.000, 0.050,  8
train,    1125, -59.994608,   13, 1.00,    8, 0.000, 0.000, 0.050,  8
train,    1126, -60.328536,   10, 1.00,    7, 0.000, 0.000, 0.050,  8
train,    1127, -65.103511,   12, 1.00,    5, 0.000, 0.000, 0.050,  8
train,    1128, -60.507596,   13, 1.00,    6, 0.000, 0.000, 0.050,  8
train,    1129, -55.598837,   17, 1.00,    7, 0.000, 0.000, 0.050,  8
val,      1129, -26.106552, 0.6000,  14.7000,   6.5000, 0.4000,  20.3919
train,    1130, 23.939412,   15, 0.00,    5, 0.000, 0.000, 0.050,  8
train,    1131, -72.018678,   13, 1.00,    2, 0.000, 0.000, 0.050,  8
train,    1132, 34.633296,   17, 0.00,    4, 0.000, 0.000, 0.050,  8
train,    1133, 42.139373,   17, 0.00,    5, 0.000, 0.000, 0.050,  8
train,    1134, -70.398709,   12, 1.00,    4, 0.000, 0.000, 0.050,  8
train,    1135, -61.040581,   12, 1.00,    4, 0.000, 0.000, 0.050,  8
train,    1136, -54.538264,   17, 1.00,    5, 0.000, 0.000, 0.050,  8
update,   1136,   32,  512, -19.484623, -0.000000
train,    1137, 40.846917,   17, 0.00,    9, 0.000, 0.000, 0.050,  8
train,    1138, -82.104367,   12, 1.00,    4, 0.000, 0.000, 0.050,  8
train,    1139, -61.672077,   11, 1.00,    5, 0.000, 0.000, 0.050,  8
val,      1139, -10.872052, 0.5000,  14.6000,   6.8000, 0.5000,  20.4032
train,    1140, 27.098517,   17, 0.00,    5, 0.000, 0.000, 0.050,  8
train,    1141, 40.973752,   17, 0.00,    9, 0.000, 0.000, 0.050,  8
train,    1142, -60.825346,   12, 1.00,    5, 0.000, 0.000, 0.050,  8
train,    1143, -61.665837,   11, 1.00,    4, 0.000, 0.000, 0.050,  8
train,    1144, 22.845574,   17, 0.00,    6, 0.000, 0.000, 0.050,  8
train,    1145, -63.408847,   14, 1.00,    7, 0.000, 0.000, 0.050,  8
train,    1146, -61.115371,   11, 1.00,    5, 0.000, 0.000, 0.050,  8
train,    1147, 24.454114,   16, 0.00,    7, 0.000, 0.000, 0.050,  8
train,    1148, 41.923934,   17, 0.00,    6, 0.000, 0.000, 0.050,  8
train,    1149, 41.444461,   17, 0.00,    7, 0.000, 0.000, 0.050,  8
val,      1149, -57.581081, 0.9000,  13.7000,   5.4000, 0.1000,  20.8033
train,    1150, -76.642899,   13, 1.00,    6, 0.000, 0.000, 0.050,  8
train,    1151, 42.623974,   15, 0.00,    6, 0.000, 0.000, 0.050,  8
train,    1152, -59.862356,   13, 1.00,    7, 0.000, 0.000, 0.050,  8
train,    1153, 28.460101,   17, 0.00,    7, 0.000, 0.000, 0.050,  8
train,    1154, -44.496822,   17, 1.00,    8, 0.000, 0.000, 0.050,  8
train,    1155, 7.190841,   17, 0.00,    5, 0.000, 0.000, 0.050,  8
train,    1156, -69.726511,   16, 1.00,    9, 0.000, 0.000, 0.050,  8
train,    1157, 21.990303,   16, 0.00,    6, 0.000, 0.000, 0.050,  8
train,    1158, -61.861733,   11, 1.00,    6, 0.000, 0.000, 0.050,  8
train,    1159, -68.629874,   13, 1.00,    5, 0.000, 0.000, 0.050,  8
val,      1159, -41.045565, 0.8000,  13.9000,   5.6000, 0.2000,  20.4256
train,    1160, 34.783987,   17, 0.00,    4, 0.000, 0.000, 0.050,  8
train,    1161, 22.322524,   17, 0.00,    8, 0.000, 0.000, 0.050,  8
train,    1162, 29.862878,   17, 0.00,    6, 0.000, 0.000, 0.050,  8
train,    1163, -59.517833,   16, 1.00,    4, 0.000, 0.000, 0.050,  8
train,    1164, -68.579886,   13, 1.00,    6, 0.000, 0.000, 0.050,  8
train,    1165, 25.665589,   16, 0.00,    7, 0.000, 0.000, 0.050,  8
train,    1166, -59.507647,   10, 1.00,    6, 0.000, 0.000, 0.050,  8
train,    1167, -96.138443,   14, 1.00,    7, 0.000, 0.000, 0.050,  8
train,    1168, -61.227114,   11, 1.00,    4, 0.000, 0.000, 0.050,  8
train,    1169, -70.549273,   13, 1.00,    7, 0.000, 0.000, 0.050,  8
val,      1169, -12.384060, 0.5000,  14.7000,   6.4000, 0.5000,  20.3377
train,    1170, -63.269862,   11, 1.00,    6, 0.000, 0.000, 0.050,  8
train,    1171, -59.960214,   10, 1.00,    5, 0.000, 0.000, 0.050,  8
train,    1172, -58.458663,   11, 1.00,    6, 0.000, 0.000, 0.050,  8
update,   1172,   33,  513, -13.283673, 0.000000
train,    1173, 41.289191,   17, 0.00,    8, 0.000, 0.000, 0.050,  8
train,    1174, -63.528101,   13, 1.00,    6, 0.000, 0.000, 0.050,  8
train,    1175, 23.672882,   17, 0.00,    3, 0.000, 0.000, 0.050,  8
train,    1176, 21.137234,   16, 0.00,    8, 0.000, 0.000, 0.050,  8
train,    1177, -61.127488,   12, 1.00,    4, 0.000, 0.000, 0.050,  8
train,    1178, 34.498015,   17, 0.00,    5, 0.000, 0.000, 0.050,  8
train,    1179, 22.916160,   17, 0.00,    6, 0.000, 0.000, 0.050,  8
val,      1179, -19.907812, 0.5000,  14.1000,   4.7000, 0.5000,  20.9107
train,    1180, 17.597757,   17, 0.00,    9, 0.000, 0.000, 0.050,  8
train,    1181, 6.593297,   17, 0.00,    7, 0.000, 0.000, 0.050,  8
train,    1182, 26.687572,   17, 0.00,    6, 0.000, 0.000, 0.050,  8
train,    1183, 40.728847,   17, 0.00,   10, 0.000, 0.000, 0.050,  8
train,    1184, -60.502316,   10, 1.00,    7, 0.000, 0.000, 0.050,  8
train,    1185, 41.170751,   17, 0.00,    8, 0.000, 0.000, 0.050,  8
train,    1186, -64.592432,   11, 1.00,    7, 0.000, 0.000, 0.050,  8
train,    1187, 23.888320,   17, 0.00,    2, 0.000, 0.000, 0.050,  8
train,    1188, 40.855922,   17, 0.00,    9, 0.000, 0.000, 0.050,  8
train,    1189, 41.444461,   17, 0.00,    7, 0.000, 0.000, 0.050,  8
val,      1189, -45.961080, 0.8000,  13.8000,   5.2000, 0.2000,  20.5276
train,    1190, -71.826099,   17, 1.00,    5, 0.000, 0.000, 0.050,  8
train,    1191, 41.411127,   17, 0.00,    7, 0.000, 0.000, 0.050,  8
train,    1192, 28.977522,   14, 0.00,    8, 0.000, 0.000, 0.050,  8
train,    1193, -89.256903,   13, 1.00,    4, 0.000, 0.000, 0.050,  8
train,    1194, -54.837046,   17, 1.00,    5, 0.000, 0.000, 0.050,  8
train,    1195, 22.853401,   17, 0.00,    6, 0.000, 0.000, 0.050,  8
train,    1196, -47.725833,   17, 1.00,    6, 0.000, 0.000, 0.050,  8
train,    1197, 40.548030,   16, 0.00,    7, 0.000, 0.000, 0.050,  8
train,    1198, -79.019229,   13, 1.00,    5, 0.000, 0.000, 0.050,  8
train,    1199, 21.758293,   16, 0.00,    6, 0.000, 0.000, 0.050,  8
val,      1199, -0.135036, 0.4000,  15.4000,   7.2000, 0.6000,  20.3230
train,    1200, 34.033780,   17, 0.00,    5, 0.000, 0.000, 0.050,  8
train,    1201, -60.224124,   10, 1.00,    5, 0.000, 0.000, 0.050,  8
train,    1202, 22.178907,   16, 0.00,    5, 0.000, 0.000, 0.050,  8
train,    1203, -75.437898,   13, 1.00,    2, 0.000, 0.000, 0.050,  8
train,    1204, 13.243358,   17, 0.00,    7, 0.000, 0.000, 0.050,  8
train,    1205, -55.438239,   16, 1.00,    4, 0.000, 0.000, 0.050,  8
update,   1205,   34,  512, 2.858651, 0.000000
train,    1206, 26.993300,   17, 0.00,    5, 0.000, 0.000, 0.050,  8
train,    1207, 43.651482,   16, 0.00,    7, 0.000, 0.000, 0.050,  8
train,    1208, 16.862614,   16, 0.00,    4, 0.000, 0.000, 0.050,  8
train,    1209, 23.042005,   17, 0.00,    5, 0.000, 0.000, 0.050,  8
val,      1209, -13.717969, 0.5000,  15.0000,   5.6000, 0.5000,  20.3874
train,    1210, -57.424855,   14, 1.00,    7, 0.000, 0.000, 0.050,  8
train,    1211, -55.771477,   16, 1.00,    6, 0.000, 0.000, 0.050,  8
train,    1212, 41.477794,   17, 0.00,    7, 0.000, 0.000, 0.050,  8
train,    1213, 42.075338,   17, 0.00,    5, 0.000, 0.000, 0.050,  8
train,    1214, 16.221342,   17, 0.00,    8, 0.000, 0.000, 0.050,  8
train,    1215, 14.289436,   17, 0.00,    9, 0.000, 0.000, 0.050,  8
train,    1216, 33.148309,   16, 0.00,    5, 0.000, 0.000, 0.050,  8
train,    1217, -61.370310,   11, 1.00,    6, 0.000, 0.000, 0.050,  8
train,    1218, -62.271716,   11, 1.00,    6, 0.000, 0.000, 0.050,  8
train,    1219, -65.888568,   17, 1.00,    4, 0.000, 0.000, 0.050,  8
val,      1219, -13.893943, 0.5000,  15.0000,   4.9000, 0.5000,  20.5362
train,    1220, 33.558198,   17, 0.00,    8, 0.000, 0.000, 0.050,  8
train,    1221, 21.561374,   16, 0.00,    7, 0.000, 0.000, 0.050,  8
train,    1222, -61.720499,   11, 1.00,    6, 0.000, 0.000, 0.050,  8
train,    1223, 32.974757,   17, 0.00,    9, 0.000, 0.000, 0.050,  8
train,    1224, 22.793233,   17, 0.00,    6, 0.000, 0.000, 0.050,  8
train,    1225, 20.381612,   16, 0.00,    5, 0.000, 0.000, 0.050,  8
train,    1226, 34.437847,   17, 0.00,    5, 0.000, 0.000, 0.050,  8
train,    1227, -51.564886,   13, 1.00,    8, 0.000, 0.000, 0.050,  8
train,    1228, -61.669064,   11, 1.00,    4, 0.000, 0.000, 0.050,  8
train,    1229, 41.162355,   17, 0.00,    8, 0.000, 0.000, 0.050,  8
val,      1229, 4.439984, 0.3000,  15.7000,   6.0000, 0.7000,  20.4392
train,    1230, -62.522858,   14, 1.00,    4, 0.000, 0.000, 0.050,  8
train,    1231, 15.103968,   17, 0.00,    6, 0.000, 0.000, 0.050,  8
train,    1232, -73.068322,   13, 1.00,    5, 0.000, 0.000, 0.050,  8
train,    1233, 42.324110,   17, 0.00,    4, 0.000, 0.000, 0.050,  8
train,    1234, -61.356441,   11, 1.00,    3, 0.000, 0.000, 0.050,  8
train,    1235, -58.800022,   11, 1.00,    5, 0.000, 0.000, 0.050,  8
train,    1236, 41.759899,   17, 0.00,    6, 0.000, 0.000, 0.050,  8
train,    1237, -59.814045,   10, 1.00,    5, 0.000, 0.000, 0.050,  8
train,    1238, 22.322353,   17, 0.00,    8, 0.000, 0.000, 0.050,  8
train,    1239, 18.336775,   16, 0.00,    4, 0.000, 0.000, 0.050,  8
update,   1239,   35,  514, 3.805817, -0.000000
val,      1239, -4.451574, 0.4000,  14.9000,   6.4000, 0.6000,  20.6102
train,    1240, 43.769553,   16, 0.00,    6, 0.000, 0.000, 0.050,  8
train,    1241, 7.157508,   17, 0.00,    5, 0.000, 0.000, 0.050,  8
train,    1242, -58.981132,   10, 1.00,    5, 0.000, 0.000, 0.050,  8
train,    1243, -62.365046,   11, 1.00,    7, 0.000, 0.000, 0.050,  8
train,    1244, 28.830204,   16, 0.00,    6, 0.000, 0.000, 0.050,  8
train,    1245, 41.322524,   17, 0.00,    8, 0.000, 0.000, 0.050,  8
train,    1246, 21.600247,   16, 0.00,    7, 0.000, 0.000, 0.050,  8
train,    1247, -64.934599,   12, 1.00,    5, 0.000, 0.000, 0.050,  8
train,    1248, -61.104231,   15, 1.00,    8, 0.000, 0.000, 0.050,  8
train,    1249, -51.576291,   13, 1.00,    8, 0.000, 0.000, 0.050,  8
val,      1249, -41.053274, 0.8000,  13.7000,   5.8000, 0.2000,  20.7659
train,    1250, -77.420549,   14, 1.00,    8, 0.000, 0.000, 0.050,  8
train,    1251, 22.162355,   17, 0.00,    8, 0.000, 0.000, 0.050,  8
train,    1252, -74.354282,   13, 1.00,    5, 0.000, 0.000, 0.050,  8
train,    1253, 15.381562,   16, 0.00,    5, 0.000, 0.000, 0.050,  8
train,    1254, 25.578668,   17, 0.00,   10, 0.000, 0.000, 0.050,  8
train,    1255, 28.462525,   16, 0.00,    7, 0.000, 0.000, 0.050,  8
train,    1256, -56.115235,   15, 1.00,    5, 0.000, 0.000, 0.050,  8
train,    1257, -58.588822,    9, 1.00,    6, 0.000, 0.000, 0.050,  8
train,    1258, 21.990303,   16, 0.00,    6, 0.000, 0.000, 0.050,  8
train,    1259, -56.285861,   17, 1.00,    9, 0.000, 0.000, 0.050,  8
val,      1259, -30.953487, 0.7000,  14.4000,   6.7000, 0.3000,  20.4929
train,    1260, 41.659899,   17, 0.00,    6, 0.000, 0.000, 0.050,  8
train,    1261, 22.663239,   17, 0.00,    7, 0.000, 0.000, 0.050,  8
train,    1262, 40.990303,   16, 0.00,    6, 0.000, 0.000, 0.050,  8
train,    1263, -72.913532,   13, 1.00,    5, 0.000, 0.000, 0.050,  8
train,    1264, 34.404513,   17, 0.00,    5, 0.000, 0.000, 0.050,  8
train,    1265, 14.671180,   16, 0.00,    7, 0.000, 0.000, 0.050,  8
train,    1266, -54.230837,   15, 1.00,    8, 0.000, 0.000, 0.050,  8
train,    1267, 21.407561,   16, 0.00,    5, 0.000, 0.000, 0.050,  8
train,    1268, -58.068357,    9, 1.00,    7, 0.000, 0.000, 0.050,  8
train,    1269, 7.439613,   17, 0.00,    4, 0.000, 0.000, 0.050,  8
val,      1269, 5.209319, 0.3000,  15.8000,   7.2000, 0.7000,  20.2702
train,    1270, 41.411127,   17, 0.00,    7, 0.000, 0.000, 0.050,  8
train,    1271, -55.528518,   16, 1.00,    4, 0.000, 0.000, 0.050,  8
train,    1272, 25.205692,   16, 0.00,    5, 0.000, 0.000, 0.050,  8
train,    1273, -55.621859,   14, 1.00,    7, 0.000, 0.000, 0.050,  8
train,    1274, 22.162355,   17, 0.00,    8, 0.000, 0.000, 0.050,  8
update,   1274,   36,  526, -0.855279, 0.000000
train,    1275, -72.455991,   14, 1.00,    6, 0.000, 0.000, 0.050,  8
train,    1276, -59.653525,   10, 1.00,    6, 0.000, 0.000, 0.050,  8
train,    1277, 23.108671,   17, 0.00,    5, 0.000, 0.000, 0.050,  8
train,    1278, 23.306040,   17, 0.00,    5, 0.000, 0.000, 0.050,  8
train,    1279, 41.494346,   16, 0.00,    4, 0.000, 0.000, 0.050,  8
val,      1279, -24.915913, 0.6000,  13.7000,   6.1000, 0.4000,  20.5244
train,    1280, -61.748830,   11, 1.00,    6, 0.000, 0.000, 0.050,  8
train,    1281, -76.346784,   13, 1.00,    5, 0.000, 0.000, 0.050,  8
train,    1282, -61.334477,   11, 1.00,    3, 0.000, 0.000, 0.050,  8
train,    1283, 42.139373,   17, 0.00,    5, 0.000, 0.000, 0.050,  8
train,    1284, 34.571449,   16, 0.00,    9, 0.000, 0.000, 0.050,  8
train,    1285, 28.331684,   16, 0.00,    7, 0.000, 0.000, 0.050,  8
train,    1286, 22.305742,   16, 0.00,    5, 0.000, 0.000, 0.050,  8
train,    1287, -60.381283,   13, 1.00,    5, 0.000, 0.000, 0.050,  8
train,    1288, 28.533166,   16, 0.00,    7, 0.000, 0.000, 0.050,  8
train,    1289, 29.359641,   17, 0.00,    8, 0.000, 0.000, 0.050,  8
val,      1289, -32.295882, 0.7000,  14.4000,   6.9000, 0.3000,  20.5681
train,    1290, -61.720280,   11, 1.00,    5, 0.000, 0.000, 0.050,  8
train,    1291, 41.486799,   17, 0.00,    7, 0.000, 0.000, 0.050,  8
train,    1292, 42.257443,   17, 0.00,    4, 0.000, 0.000, 0.050,  8
train,    1293, 22.668625,   15, 0.00,    7, 0.000, 0.000, 0.050,  8
train,    1294, -57.575001,   12, 1.00,    6, 0.000, 0.000, 0.050,  8
train,    1295, -64.909985,   16, 1.00,    5, 0.000, 0.000, 0.050,  8
train,    1296, -65.734352,   12, 1.00,    7, 0.000, 0.000, 0.050,  8
train,    1297, -59.814048,   16, 1.00,    4, 0.000, 0.000, 0.050,  8
train,    1298, 22.477794,   17, 0.00,    7, 0.000, 0.000, 0.050,  8
train,    1299, 41.162355,   17, 0.00,    8, 0.000, 0.000, 0.050,  8
val,      1299, -30.291692, 0.7000,  14.0000,   6.6000, 0.3000,  20.6273
train,    1300, 18.631622,   17, 0.00,    8, 0.000, 0.000, 0.050,  8
train,    1301, 40.548030,   16, 0.00,    7, 0.000, 0.000, 0.050,  8
train,    1302, 21.846917,   17, 0.00,    9, 0.000, 0.000, 0.050,  8
train,    1303, 29.392741,   15, 0.00,    7, 0.000, 0.000, 0.050,  8
train,    1304, -72.654618,   13, 1.00,    4, 0.000, 0.000, 0.050,  8
train,    1305, 41.608496,   17, 0.00,    7, 0.000, 0.000, 0.050,  8
train,    1306, -64.391279,   14, 1.00,    8, 0.000, 0.000, 0.050,  8
train,    1307, 37.631347,   17, 0.00,    8, 0.000, 0.000, 0.050,  8
train,    1308, -63.450480,   11, 1.00,    7, 0.000, 0.000, 0.050,  8
train,    1309, -62.589381,   11, 1.00,    7, 0.000, 0.000, 0.050,  8
update,   1309,   37,  518, 0.108389, -0.000000
val,      1309, -19.166816, 0.6000,  14.8000,   6.9000, 0.4000,  20.4516
train,    1310, 41.359354,   17, 0.00,    7, 0.000, 0.000, 0.050,  8
train,    1311, -2.463219,   17, 0.00,    7, 0.000, 0.000, 0.050,  8
train,    1312, 23.136626,   17, 0.00,    6, 0.000, 0.000, 0.050,  8
train,    1313, -59.104302,   16, 1.00,    4, 0.000, 0.000, 0.050,  8
train,    1314, 41.759899,   17, 0.00,    6, 0.000, 0.000, 0.050,  8
train,    1315, 22.477794,   17, 0.00,    7, 0.000, 0.000, 0.050,  8
train,    1316, -64.699590,   12, 1.00,    5, 0.000, 0.000, 0.050,  8
train,    1317, 42.324110,   17, 0.00,    4, 0.000, 0.000, 0.050,  8
train,    1318, -60.268780,   12, 1.00,    3, 0.000, 0.000, 0.050,  8
train,    1319, 15.406818,   16, 0.00,    5, 0.000, 0.000, 0.050,  8
val,      1319, -22.214106, 0.6000,  14.2000,   6.8000, 0.4000,  20.5693
train,    1320, -68.150420,   13, 1.00,    3, 0.000, 0.000, 0.050,  8
train,    1321, -60.694269,   15, 1.00,    4, 0.000, 0.000, 0.050,  8
train,    1322, -68.606349,   14, 1.00,    6, 0.000, 0.000, 0.050,  8
train,    1323, -61.752248,   11, 1.00,    6, 0.000, 0.000, 0.050,  8
train,    1324, -61.426298,   11, 1.00,    6, 0.000, 0.000, 0.050,  8
train,    1325, -62.294912,   11, 1.00,    6, 0.000, 0.000, 0.050,  8
train,    1326, 15.377297,   16, 0.00,    5, 0.000, 0.000, 0.050,  8
train,    1327, -61.860254,   11, 1.00,    6, 0.000, 0.000, 0.050,  8
train,    1328, -71.858759,   14, 1.00,    3, 0.000, 0.000, 0.050,  8
train,    1329, -72.375196,   13, 1.00,    4, 0.000, 0.000, 0.050,  8
val,      1329, -15.977020, 0.5000,  15.3000,   6.5000, 0.5000,  20.4614
train,    1330, 16.517961,   16, 0.00,    5, 0.000, 0.000, 0.050,  8
train,    1331, -56.060932,   16, 1.00,    6, 0.000, 0.000, 0.050,  8
train,    1332, 17.845454,   16, 0.00,    4, 0.000, 0.000, 0.050,  8
train,    1333, 10.357168,   15, 0.00,    8, 0.000, 0.000, 0.050,  8
train,    1334, 25.277859,   17, 0.00,    8, 0.000, 0.000, 0.050,  8
train,    1335, 22.923565,   17, 0.00,    5, 0.000, 0.000, 0.050,  8
train,    1336, -39.753875,   17, 1.00,    8, 0.000, 0.000, 0.050,  8
train,    1337, -67.440061,   14, 1.00,    6, 0.000, 0.000, 0.050,  8
train,    1338, 28.695290,   16, 0.00,    7, 0.000, 0.000, 0.050,  8
train,    1339, 23.572882,   17, 0.00,    3, 0.000, 0.000, 0.050,  8
val,      1339, -3.702226, 0.4000,  14.6000,   6.2000, 0.6000,  20.5474
train,    1340, 19.528030,   17, 0.00,    5, 0.000, 0.000, 0.050,  8
train,    1341, -79.995214,   13, 1.00,    5, 0.000, 0.000, 0.050,  8
train,    1342, 41.171360,   17, 0.00,    8, 0.000, 0.000, 0.050,  8
train,    1343, -60.942703,   12, 1.00,    6, 0.000, 0.000, 0.050,  8
train,    1344, 16.710887,   16, 0.00,    5, 0.000, 0.000, 0.050,  8
update,   1344,   38,  523, -6.847828, -0.000000
train,    1345, 41.659899,   17, 0.00,    6, 0.000, 0.000, 0.050,  8
train,    1346, 42.108671,   17, 0.00,    5, 0.000, 0.000, 0.050,  8
train,    1347, -68.736611,   13, 1.00,    5, 0.000, 0.000, 0.050,  8
train,    1348, 41.857268,   17, 0.00,    6, 0.000, 0.000, 0.050,  8
train,    1349, 34.102418,   17, 0.00,    6, 0.000, 0.000, 0.050,  8
val_save, 1349, 14.922662, 0.2000,  16.2000,   6.3000, 0.8000,  20.4978
val,      1349, 14.922662, 0.2000,  16.2000,   6.3000, 0.8000,  20.4978
curriculum,noise_cap 0.0000 -> 0.0000, entropy 0.0500 -> 0.0500
train,    1350, -58.652254,    9, 1.00,    8, 0.000, 0.000, 0.050,  8
train,    1351, -59.755451,   13, 1.00,    5, 0.000, 0.000, 0.050,  8
train,    1352, -61.503864,   13, 1.00,    8, 0.000, 0.000, 0.050,  8
train,    1353, -57.370114,   14, 1.00,    7, 0.000, 0.000, 0.050,  8
train,    1354, 23.606215,   17, 0.00,    3, 0.000, 0.000, 0.050,  8
train,    1355, 25.282360,   16, 0.00,    5, 0.000, 0.000, 0.050,  8
train,    1356, -61.579454,   12, 1.00,    6, 0.000, 0.000, 0.050,  8
train,    1357, -60.492588,   10, 1.00,    8, 0.000, 0.000, 0.050,  8
train,    1358, -61.133319,   12, 1.00,    6, 0.000, 0.000, 0.050,  8
train,    1359, 22.494346,   16, 0.00,    4, 0.000, 0.000, 0.050,  8
val,      1359, -20.461811, 0.6000,  14.0000,   6.6000, 0.4000,  20.3610
train,    1360, -68.874185,   13, 1.00,    7, 0.000, 0.000, 0.050,  8
train,    1361, 41.322524,   17, 0.00,    8, 0.000, 0.000, 0.050,  8
train,    1362, 34.537847,   17, 0.00,    5, 0.000, 0.000, 0.050,  8
train,    1363, -59.421454,   14, 1.00,    6, 0.000, 0.000, 0.050,  8
train,    1364, 41.526059,   17, 0.00,    7, 0.000, 0.000, 0.050,  8
train,    1365, 22.793233,   17, 0.00,    6, 0.000, 0.000, 0.050,  8
train,    1366, -58.340110,   12, 1.00,    8, 0.000, 0.000, 0.050,  8
train,    1367, 42.175610,   15, 0.00,    8, 0.000, 0.000, 0.050,  8
train,    1368, -59.202004,   14, 1.00,    6, 0.000, 0.000, 0.050,  8
train,    1369, -51.892737,   13, 1.00,    9, 0.000, 0.000, 0.050,  8
val,      1369, -9.291910, 0.5000,  15.3000,   6.8000, 0.5000,  20.3109
train,    1370, -55.385417,   16, 1.00,    5, 0.000, 0.000, 0.050,  8
train,    1371, -65.986537,   11, 1.00,    3, 0.000, 0.000, 0.050,  8
train,    1372, 25.691768,   16, 0.00,    6, 0.000, 0.000, 0.050,  8
train,    1373, -59.138959,   14, 1.00,    6, 0.000, 0.000, 0.050,  8
train,    1374, -70.169436,   13, 1.00,    5, 0.000, 0.000, 0.050,  8
train,    1375, 20.988751,   16, 0.00,    6, 0.000, 0.000, 0.050,  8
train,    1376, 16.785553,   17, 0.00,    6, 0.000, 0.000, 0.050,  8
train,    1377, -63.239624,   11, 1.00,    6, 0.000, 0.000, 0.050,  8
train,    1378, -56.166399,   16, 1.00,    6, 0.000, 0.000, 0.050,  8
train,    1379, -55.808025,   15, 1.00,    4, 0.000, 0.000, 0.050,  8
val,      1379, -38.865867, 0.8000,  13.1000,   6.5000, 0.2000,  20.5834
train,    1380, -55.933493,   16, 1.00,    5, 0.000, 0.000, 0.050,  8
update,   1380,   39,  523, -10.088480, -0.000000
train,    1381, 23.424110,   17, 0.00,    4, 0.000, 0.000, 0.050,  8
train,    1382, 15.584799,   16, 0.00,    8, 0.000, 0.000, 0.050,  8
train,    1383, -69.063508,   13, 1.00,    6, 0.000, 0.000, 0.050,  8
train,    1384, -59.086502,   11, 1.00,    5, 0.000, 0.000, 0.050,  8
train,    1385, -62.618313,   11, 1.00,    7, 0.000, 0.000, 0.050,  8
train,    1386, 24.841325,   14, 0.00,    7, 0.000, 0.000, 0.050,  8
train,    1387, -58.713972,   14, 1.00,    5, 0.000, 0.000, 0.050,  8
train,    1388, -59.039805,   15, 1.00,    8, 0.000, 0.000, 0.050,  8
train,    1389, 22.759899,   17, 0.00,    6, 0.000, 0.000, 0.050,  8
val,      1389, -23.542665, 0.6000,  15.0000,   6.7000, 0.4000,  20.3719
train,    1390, 22.726566,   17, 0.00,    6, 0.000, 0.000, 0.050,  8
train,    1391, 31.184253,   13, 0.00,    9, 0.000, 0.000, 0.050,  8
train,    1392, 41.754113,   17, 0.00,    6, 0.000, 0.000, 0.050,  8
train,    1393, 41.162355,   17, 0.00,    8, 0.000, 0.000, 0.050,  8
train,    1394, 34.363106,   15, 0.00,    7, 0.000, 0.000, 0.050,  8
train,    1395, -60.710283,   12, 1.00,    7, 0.000, 0.000, 0.050,  8
train,    1396, -60.798719,   11, 1.00,    4, 0.000, 0.000, 0.050,  8
train,    1397, 43.778557,   16, 0.00,    6, 0.000, 0.000, 0.050,  8
train,    1398, -60.355799,   10, 1.00,    5, 0.000, 0.000, 0.050,  8
train,    1399, 21.371752,   16, 0.00,    7, 0.000, 0.000, 0.050,  8
val,      1399, -30.436389, 0.7000,  14.9000,   6.5000, 0.3000,  20.4392
train,    1400, -60.383896,   16, 1.00,    6, 0.000, 0.000, 0.050,  8
train,    1401, -55.253336,   14, 1.00,    5, 0.000, 0.000, 0.050,  8
train,    1402, 19.133926,   17, 0.00,    6, 0.000, 0.000, 0.050,  8
train,    1403, -55.868533,   16, 1.00,    6, 0.000, 0.000, 0.050,  8
train,    1404, 20.680354,   16, 0.00,    8, 0.000, 0.000, 0.050,  8
train,    1405, 41.496802,   17, 0.00,    7, 0.000, 0.000, 0.050,  8
train,    1406, 32.476234,   16, 0.00,    7, 0.000, 0.000, 0.050,  8
train,    1407, 17.489478,   17, 0.00,    9, 0.000, 0.000, 0.050,  8
train,    1408, -56.149336,   14, 1.00,    4, 0.000, 0.000, 0.050,  8
train,    1409, -74.535798,   13, 1.00,    6, 0.000, 0.000, 0.050,  8
val,      1409, -44.155510, 0.8000,  13.4000,   5.8000, 0.2000,  20.5590
train,    1410, -68.322616,   13, 1.00,    4, 0.000, 0.000, 0.050,  8
train,    1411, 22.389171,   16, 0.00,    4, 0.000, 0.000, 0.050,  8
train,    1412, 30.362598,   15, 0.00,    7, 0.000, 0.000, 0.050,  8
train,    1413, -61.743291,   11, 1.00,    5, 0.000, 0.000, 0.050,  8
train,    1414, 16.306331,   16, 0.00,    6, 0.000, 0.000, 0.050,  8
train,    1415, 15.386443,   17, 0.00,    6, 0.000, 0.000, 0.050,  8
update,   1415,   40,  516, -2.442973, 0.000000
train,    1416, -39.465526,   15, 1.00,    8, 0.000, 0.000, 0.050,  8
train,    1417, -72.655558,   13, 1.00,    4, 0.000, 0.000, 0.050,  8
train,    1418, 15.000471,   17, 0.00,    7, 0.000, 0.000, 0.050,  8
train,    1419, 19.729833,   16, 0.00,    7, 0.000, 0.000, 0.050,  8
val,      1419, -16.601865, 0.5000,  14.7000,   6.7000, 0.5000,  20.4674
train,    1420, 25.984043,   16, 0.00,    6, 0.000, 0.000, 0.050,  8
train,    1421, 41.411127,   17, 0.00,    7, 0.000, 0.000, 0.050,  8
train,    1422, -57.364331,   15, 1.00,    6, 0.000, 0.000, 0.050,  8
train,    1423, -64.427392,   16, 1.00,    3, 0.000, 0.000, 0.050,  8
train,    1424, -62.746182,   11, 1.00,    4, 0.000, 0.000, 0.050,  8
train,    1425, 40.396626,   16, 0.00,    8, 0.000, 0.000, 0.050,  8
train,    1426, -61.592416,   11, 1.00,    5, 0.000, 0.000, 0.050,  8
train,    1427, -62.499944,   17, 1.00,    7, 0.000, 0.000, 0.050,  8
train,    1428, -59.906112,   10, 1.00,    7, 0.000, 0.000, 0.050,  8
train,    1429, 23.187696,   15, 0.00,    6, 0.000, 0.000, 0.050,  8
val,      1429, -3.226247, 0.4000,  15.5000,   6.6000, 0.6000,  20.2931
train,    1430, 32.420063,   16, 0.00,    7, 0.000, 0.000, 0.050,  8
train,    1431, -68.429898,   13, 1.00,    4, 0.000, 0.000, 0.050,  8
train,    1432, 22.604629,   17, 0.00,    7, 0.000, 0.000, 0.050,  8
train,    1433, -64.979917,   12, 1.00,    5, 0.000, 0.000, 0.050,  8
train,    1434, -71.373701,   12, 1.00,    6, 0.000, 0.000, 0.050,  8
train,    1435, -61.435219,   12, 1.00,    5, 0.000, 0.000, 0.050,  8
train,    1436, 26.090841,   17, 0.00,    5, 0.000, 0.000, 0.050,  8
train,    1437, 22.177287,   17, 0.00,    8, 0.000, 0.000, 0.050,  8
train,    1438, 22.975338,   17, 0.00,    5, 0.000, 0.000, 0.050,  8
train,    1439, 40.232591,   16, 0.00,    8, 0.000, 0.000, 0.050,  8
val,      1439, -22.971578, 0.6000,  14.3000,   6.6000, 0.4000,  20.5902
train,    1440, -60.976374,   15, 1.00,    5, 0.000, 0.000, 0.050,  8
train,    1441, -67.056501,   17, 1.00,    5, 0.000, 0.000, 0.050,  8
train,    1442, 16.774266,   17, 0.00,    6, 0.000, 0.000, 0.050,  8
train,    1443, -59.461138,   11, 1.00,    4, 0.000, 0.000, 0.050,  8
train,    1444, -65.579538,   15, 1.00,    7, 0.000, 0.000, 0.050,  8
train,    1445, 40.531478,   17, 0.00,   10, 0.000, 0.000, 0.050,  8
train,    1446, -46.313153,   15, 1.00,    8, 0.000, 0.000, 0.050,  8
train,    1447, 29.645849,   16, 0.00,    4, 0.000, 0.000, 0.050,  8
train,    1448, -60.548969,   16, 1.00,    7, 0.000, 0.000, 0.050,  8
train,    1449, -53.976033,   17, 1.00,    5, 0.000, 0.000, 0.050,  8
val,      1449, -14.251513, 0.5000,  14.3000,   6.2000, 0.5000,  20.4562
train,    1450, -60.740062,   10, 1.00,    7, 0.000, 0.000, 0.050,  8
update,   1450,   41,  520, -10.751883, -0.000000
train,    1451, -57.168649,   16, 1.00,    7, 0.000, 0.000, 0.050,  8
train,    1452, 25.277859,   17, 0.00,    8, 0.000, 0.000, 0.050,  8
train,    1453, -63.243715,   11, 1.00,    6, 0.000, 0.000, 0.050,  8
train,    1454, 17.167658,   17, 0.00,    5, 0.000, 0.000, 0.050,  8
train,    1455, -73.589012,   13, 1.00,    7, 0.000, 0.000, 0.050,  8
train,    1456, 40.973752,   17, 0.00,    9, 0.000, 0.000, 0.050,  8
train,    1457, -58.127923,   17, 1.00,    7, 0.000, 0.000, 0.050,  8
train,    1458, -55.026044,   15, 1.00,    7, 0.000, 0.000, 0.050,  8
train,    1459, -61.252784,   11, 1.00,    5, 0.000, 0.000, 0.050,  8
val,      1459, -35.623572, 0.7000,  12.6000,   5.1000, 0.3000,  20.6159
train,    1460, -73.094319,   13, 1.00,    6, 0.000, 0.000, 0.050,  8
train,    1461, 22.326021,   17, 0.00,    7, 0.000, 0.000, 0.050,  8
train,    1462, 30.285295,   15, 0.00,    7, 0.000, 0.000, 0.050,  8
train,    1463, -69.594489,   13, 1.00,    8, 0.000, 0.000, 0.050,  8
train,    1464, 15.650588,   17, 0.00,   10, 0.000, 0.000, 0.050,  8
train,    1465, -57.936916,   14, 1.00,    5, 0.000, 0.000, 0.050,  8
train,    1466, -51.994977,   16, 1.00,    6, 0.000, 0.000, 0.050,  8
train,    1467, 42.008671,   17, 0.00,    5, 0.000, 0.000, 0.050,  8
train,    1468, -63.139862,   14, 1.00,    8, 0.000, 0.000, 0.050,  8
train,    1469, -61.429438,   11, 1.00,    5, 0.000, 0.000, 0.050,  8
val,      1469, -9.478648, 0.5000,  14.6000,   5.5000, 0.5000,  20.5388
train,    1470, -61.249588,   11, 1.00,    6, 0.000, 0.000, 0.050,  8
train,    1471, -40.258149,   14, 1.00,    6, 0.000, 0.000, 0.050,  8
train,    1472, -72.213554,   15, 1.00,    9, 0.000, 0.000, 0.050,  8
train,    1473, -69.123130,   13, 1.00,    5, 0.000, 0.000, 0.050,  8
train,    1474, 41.668904,   17, 0.00,    6, 0.000, 0.000, 0.050,  8
train,    1475, -61.922062,   17, 1.00,    5, 0.000, 0.000, 0.050,  8
train,    1476, 41.477794,   17, 0.00,    7, 0.000, 0.000, 0.050,  8
train,    1477, 41.793233,   17, 0.00,    6, 0.000, 0.000, 0.050,  8
train,    1478, -58.714865,   14, 1.00,    5, 0.000, 0.000, 0.050,  8
train,    1479, -79.918209,   12, 1.00,    5, 0.000, 0.000, 0.050,  8
val,      1479, -19.632794, 0.6000,  15.3000,   6.5000, 0.4000,  20.4359
train,    1480, 35.899162,   16, 0.00,    7, 0.000, 0.000, 0.050,  8
train,    1481, 14.640826,   17, 0.00,    7, 0.000, 0.000, 0.050,  8
train,    1482, -59.075395,   14, 1.00,    6, 0.000, 0.000, 0.050,  8
train,    1483, 24.254851,   15, 0.00,    4, 0.000, 0.000, 0.050,  8
train,    1484, -44.846954,   10, 1.00,    7, 0.000, 0.000, 0.050,  8
train,    1485, -43.279949,   15, 1.00,    8, 0.000, 0.000, 0.050,  8
update,   1485,   42,  515, -15.146147, 0.000000
train,    1486, -61.353509,   15, 1.00,    5, 0.000, 0.000, 0.050,  8
train,    1487, -77.138443,   14, 1.00,    7, 0.000, 0.000, 0.050,  8
train,    1488, 14.050941,   16, 0.00,    5, 0.000, 0.000, 0.050,  8
train,    1489, 10.141221,   17, 0.00,    4, 0.000, 0.000, 0.050,  8
val,      1489, -16.613533, 0.5000,  14.1000,   5.8000, 0.5000,  20.6849
train,    1490, -87.874358,   13, 1.00,    4, 0.000, 0.000, 0.050,  8
train,    1491, 16.993864,   16, 0.00,    4, 0.000, 0.000, 0.050,  8
train,    1492, -73.680556,   11, 1.00,    7, 0.000, 0.000, 0.050,  8
train,    1493, -68.243481,   13, 1.00,    2, 0.000, 0.000, 0.050,  8
train,    1494, -63.052919,   14, 1.00,    6, 0.000, 0.000, 0.050,  8
train,    1495, -60.803333,   11, 1.00,    4, 0.000, 0.000, 0.050,  8
train,    1496, -61.252874,   12, 1.00,    6, 0.000, 0.000, 0.050,  8
train,    1497, 18.338905,   15, 0.00,    6, 0.000, 0.000, 0.050,  8
train,    1498, -55.550374,    9, 1.00,    7, 0.000, 0.000, 0.050,  8
train,    1499, -58.708120,   14, 1.00,    7, 0.000, 0.000, 0.050,  8
val,      1499, -21.627786, 0.6000,  14.2000,   6.2000, 0.4000,  20.3617
train,    1500, 23.008671,   17, 0.00,    5, 0.000, 0.000, 0.050,  8
train,    1501, 25.487683,   16, 0.00,    4, 0.000, 0.000, 0.050,  8
train,    1502, 18.866956,   17, 0.00,    7, 0.000, 0.000, 0.050,  8
train,    1503, -39.389705,   15, 1.00,    8, 0.000, 0.000, 0.050,  8
train,    1504, 28.783592,   16, 0.00,    6, 0.000, 0.000, 0.050,  8
train,    1505, 22.178907,   16, 0.00,    5, 0.000, 0.000, 0.050,  8
train,    1506, 23.424110,   17, 0.00,    4, 0.000, 0.000, 0.050,  8
train,    1507, -72.380803,   13, 1.00,    3, 0.000, 0.000, 0.050,  8
train,    1508, -59.244077,   13, 1.00,    5, 0.000, 0.000, 0.050,  8
train,    1509, -64.712557,   12, 1.00,    5, 0.000, 0.000, 0.050,  8
val,      1509, -22.590666, 0.6000,  14.3000,   6.6000, 0.4000,  20.5047
train,    1510, -72.870303,   13, 1.00,    5, 0.000, 0.000, 0.050,  8
train,    1511, 23.836917,   17, 0.00,    3, 0.000, 0.000, 0.050,  8
train,    1512, 41.575163,   17, 0.00,    7, 0.000, 0.000, 0.050,  8
train,    1513, 41.857268,   17, 0.00,    6, 0.000, 0.000, 0.050,  8
train,    1514, 41.477794,   17, 0.00,    7, 0.000, 0.000, 0.050,  8
train,    1515, 40.846917,   17, 0.00,    9, 0.000, 0.000, 0.050,  8
train,    1516, 22.920068,   17, 0.00,    6, 0.000, 0.000, 0.050,  8
train,    1517, 16.315478,   16, 0.00,    6, 0.000, 0.000, 0.050,  8
train,    1518, 41.841498,   17, 0.00,    6, 0.000, 0.000, 0.050,  8
train,    1519, -61.869725,   14, 1.00,    3, 0.000, 0.000, 0.050,  8
val,      1519, -27.440315, 0.6000,  14.3000,   6.0000, 0.4000,  20.5887
train,    1520, 29.079533,   16, 0.00,    6, 0.000, 0.000, 0.050,  8
update,   1520,   43,  520, -5.672573, -0.000000
train,    1521, -71.919046,   13, 1.00,    2, 0.000, 0.000, 0.050,  8
train,    1522, -65.257624,   12, 1.00,    6, 0.000, 0.000, 0.050,  8
train,    1523, 33.886980,   17, 0.00,    7, 0.000, 0.000, 0.050,  8
train,    1524, 22.411127,   17, 0.00,    7, 0.000, 0.000, 0.050,  8
train,    1525, -72.729504,   13, 1.00,    4, 0.000, 0.000, 0.050,  8
train,    1526, 14.532973,   17, 0.00,    7, 0.000, 0.000, 0.050,  8
train,    1527, 19.802592,   17, 0.00,    4, 0.000, 0.000, 0.050,  8
train,    1528, 33.169100,   17, 0.00,    8, 0.000, 0.000, 0.050,  8
train,    1529, -63.348751,   11, 1.00,    8, 0.000, 0.000, 0.050,  8
val,      1529, -14.215203, 0.5000,  14.6000,   5.1000, 0.5000,  20.5555
train,    1530, 9.506218,   17, 0.00,    7, 0.000, 0.000, 0.050,  8
train,    1531, -69.432877,   13, 1.00,    8, 0.000, 0.000, 0.050,  8
train,    1532, -60.988223,   12, 1.00,    5, 0.000, 0.000, 0.050,  8
train,    1533, 40.846917,   17, 0.00,    9, 0.000, 0.000, 0.050,  8
train,    1534, 40.232591,   16, 0.00,    8, 0.000, 0.000, 0.050,  8
train,    1535, -62.487054,   11, 1.00,    7, 0.000, 0.000, 0.050,  8
train,    1536, -60.415894,   12, 1.00,    5, 0.000, 0.000, 0.050,  8
train,    1537, 33.402927,   17, 0.00,    9, 0.000, 0.000, 0.050,  8
train,    1538, 33.954117,   17, 0.00,    5, 0.000, 0.000, 0.050,  8
train,    1539, 41.192252,   16, 0.00,    5, 0.000, 0.000, 0.050,  8
val,      1539, -41.214410, 0.8000,  13.0000,   5.7000, 0.2000,  20.5151
train,    1540, -59.694019,   10, 1.00,    5, 0.000, 0.000, 0.050,  8
train,    1541, -63.531830,   10, 1.00,    6, 0.000, 0.000, 0.050,  8
train,    1542, -56.408626,   14, 1.00,    6, 0.000, 0.000, 0.050,  8
train,    1543, 22.675163,   17, 0.00,    7, 0.000, 0.000, 0.050,  8
train,    1544, 41.675163,   17, 0.00,    7, 0.000, 0.000, 0.050,  8
train,    1545, -58.211390,   17, 1.00,    6, 0.000, 0.000, 0.050,  8
train,    1546, 36.719843,   17, 0.00,   11, 0.000, 0.000, 0.050,  8
train,    1547, -56.115416,   15, 1.00,    5, 0.000, 0.000, 0.050,  8
train,    1548, -58.639981,   14, 1.00,    5, 0.000, 0.000, 0.050,  8
train,    1549, -66.041253,   12, 1.00,    5, 0.000, 0.000, 0.050,  8
val,      1549, -20.374244, 0.6000,  14.3000,   5.2000, 0.4000,  20.3256
train,    1550, -90.122696,   13, 1.00,    4, 0.000, 0.000, 0.050,  8
train,    1551, 41.537963,   17, 0.00,    7, 0.000, 0.000, 0.050,  8
train,    1552, -73.732385,   13, 1.00,    7, 0.000, 0.000, 0.050,  8
train,    1553, -62.975045,   11, 1.00,    5, 0.000, 0.000, 0.050,  8
train,    1554, 29.567551,   16, 0.00,    4, 0.000, 0.000, 0.050,  8
train,    1555, 19.992701,   17, 0.00,    3, 0.000, 0.000, 0.050,  8
update,   1555,   44,  512, -7.496401, -0.000000
train,    1556, -59.355709,   14, 1.00,    6, 0.000, 0.000, 0.050,  8
train,    1557, 43.971140,   16, 0.00,    6, 0.000, 0.000, 0.050,  8
train,    1558, 42.806487,   15, 0.00,    6, 0.000, 0.000, 0.050,  8
train,    1559, -66.691519,   14, 1.00,    5, 0.000, 0.000, 0.050,  8
val,      1559, -42.729428, 0.8000,  14.4000,   6.5000, 0.2000,  20.3340
train,    1560, 32.122320,   16, 0.00,    8, 0.000, 0.000, 0.050,  8
train,    1561, 40.531478,   17, 0.00,   10, 0.000, 0.000, 0.050,  8
train,    1562, 41.793233,   17, 0.00,    6, 0.000, 0.000, 0.050,  8
train,    1563, -63.511379,   11, 1.00,    6, 0.000, 0.000, 0.050,  8
train,    1564, 29.256575,   16, 0.00,    5, 0.000, 0.000, 0.050,  8
train,    1565, -55.759902,   16, 1.00,    5, 0.000, 0.000, 0.050,  8
train,    1566, -67.829457,   17, 1.00,    5, 0.000, 0.000, 0.050,  8
train,    1567, -47.277061,   11, 1.00,    5, 0.000, 0.000, 0.050,  8
train,    1568, 42.175730,   15, 0.00,    8, 0.000, 0.000, 0.050,  8
train,    1569, 23.706215,   17, 0.00,    3, 0.000, 0.000, 0.050,  8
val,      1569, -25.250730, 0.6000,  14.7000,   5.9000, 0.4000,  20.6172
train,    1570, -56.156534,   16, 1.00,    6, 0.000, 0.000, 0.050,  8
train,    1571, 22.571296,   17, 0.00,    7, 0.000, 0.000, 0.050,  8
train,    1572, 22.027504,   16, 0.00,    6, 0.000, 0.000, 0.050,  8
train,    1573, -72.210725,   13, 1.00,    3, 0.000, 0.000, 0.050,  8
train,    1574, 22.492726,   17, 0.00,    7, 0.000, 0.000, 0.050,  8
train,    1575, 21.721667,   16, 0.00,    6, 0.000, 0.000, 0.050,  8
train,    1576, -66.256120,   15, 1.00,    7, 0.000, 0.000, 0.050,  8
train,    1577, 40.969845,   17, 0.00,    9, 0.000, 0.000, 0.050,  8
train,    1578, 24.143533,   17, 0.00,    8, 0.000, 0.000, 0.050,  8
train,    1579, 21.158457,   16, 0.00,    6, 0.000, 0.000, 0.050,  8
val,      1579, -15.378407, 0.5000,  14.7000,   6.4000, 0.5000,  20.6193
train,    1580, -58.612478,    9, 1.00,    6, 0.000, 0.000, 0.050,  8
train,    1581, 41.608496,   17, 0.00,    7, 0.000, 0.000, 0.050,  8
train,    1582, 41.567389,   17, 0.00,    7, 0.000, 0.000, 0.050,  8
train,    1583, 22.293057,   17, 0.00,    8, 0.000, 0.000, 0.050,  8
train,    1584, -75.787619,   13, 1.00,    3, 0.000, 0.000, 0.050,  8
train,    1585, -68.749927,   13, 1.00,    5, 0.000, 0.000, 0.050,  8
train,    1586, -62.187727,   11, 1.00,    6, 0.000, 0.000, 0.050,  8
train,    1587, -60.737544,   11, 1.00,    4, 0.000, 0.000, 0.050,  8
train,    1588, 15.362333,   16, 0.00,    5, 0.000, 0.000, 0.050,  8
train,    1589, 30.609000,   15, 0.00,    6, 0.000, 0.000, 0.050,  8
val,      1589, -15.681041, 0.5000,  14.5000,   6.0000, 0.5000,  20.4935
train,    1590, -61.685263,   12, 1.00,    7, 0.000, 0.000, 0.050,  8
update,   1590,   45,  523, -1.248667, 0.000000
train,    1591, -61.864188,   11, 1.00,    5, 0.000, 0.000, 0.050,  8
train,    1592, -76.010022,   14, 1.00,    3, 0.000, 0.000, 0.050,  8
train,    1593, 33.826151,   17, 0.00,    6, 0.000, 0.000, 0.050,  8
train,    1594, 41.477794,   17, 0.00,    7, 0.000, 0.000, 0.050,  8
train,    1595, 27.028760,   15, 0.00,    5, 0.000, 0.000, 0.050,  8
train,    1596, -76.957166,   14, 1.00,    7, 0.000, 0.000, 0.050,  8
train,    1597, 41.886735,   17, 0.00,    6, 0.000, 0.000, 0.050,  8
train,    1598, 17.214600,   16, 0.00,    6, 0.000, 0.000, 0.050,  8
train,    1599, 42.008671,   17, 0.00,    5, 0.000, 0.000, 0.050,  8
val,      1599, -32.092399, 0.7000,  13.2000,   5.7000, 0.3000,  20.5016
train,    1600, 37.794932,   17, 0.00,    7, 0.000, 0.000, 0.050,  8
train,    1601, -58.011412,   10, 1.00,    8, 0.000, 0.000, 0.050,  8
train,    1602, -63.179202,   11, 1.00,    7, 0.000, 0.000, 0.050,  8
train,    1603, -76.619376,   13, 1.00,    6, 0.000, 0.000, 0.050,  8
train,    1604, 41.007085,   17, 0.00,    9, 0.000, 0.000, 0.050,  8
train,    1605, 28.421339,   16, 0.00,    8, 0.000, 0.000, 0.050,  8
train,    1606, 22.444461,   17, 0.00,    7, 0.000, 0.000, 0.050,  8
train,    1607, 33.591531,   17, 0.00,    8, 0.000, 0.000, 0.050,  8
train,    1608, -58.156874,   12, 1.00,    7, 0.000, 0.000, 0.050,  8
train,    1609, -80.229739,   14, 1.00,    5, 0.000, 0.000, 0.050,  8
val,      1609, -24.087414, 0.6000,  14.7000,   6.5000, 0.4000,  20.4345
train,    1610, 25.593297,   17, 0.00,    7, 0.000, 0.000, 0.050,  8
train,    1611, 22.228407,   16, 0.00,    7, 0.000, 0.000, 0.050,  8
train,    1612, -57.853809,   10, 1.00,    7, 0.000, 0.000, 0.050,  8
train,    1613, -56.770969,   15, 1.00,    4, 0.000, 0.000, 0.050,  8
train,    1614, -57.647179,   17, 1.00,    4, 0.000, 0.000, 0.050,  8
train,    1615, -45.805391,   15, 1.00,    4, 0.000, 0.000, 0.050,  8
train,    1616, 20.775826,   16, 0.00,    5, 0.000, 0.000, 0.050,  8
train,    1617, -64.993281,   12, 1.00,    5, 0.000, 0.000, 0.050,  8
train,    1618, -39.264670,   15, 1.00,    7, 0.000, 0.000, 0.050,  8
train,    1619, -56.085579,   17, 1.00,   10, 0.000, 0.000, 0.050,  8
val,      1619, -30.974756, 0.7000,  14.0000,   5.3000, 0.3000,  20.4858
train,    1620, -68.987896,   13, 1.00,    6, 0.000, 0.000, 0.050,  8
train,    1621, -56.107222,   15, 1.00,    8, 0.000, 0.000, 0.050,  8
train,    1622, 28.530811,   16, 0.00,    7, 0.000, 0.000, 0.050,  8
train,    1623, -72.732901,   12, 1.00,    6, 0.000, 0.000, 0.050,  8
train,    1624, 41.735571,   17, 0.00,    6, 0.000, 0.000, 0.050,  8
train,    1625, 41.444461,   17, 0.00,    7, 0.000, 0.000, 0.050,  8
update,   1625,   46,  522, -6.156152, -0.000000
train,    1626, 41.251950,   17, 0.00,    8, 0.000, 0.000, 0.050,  8
train,    1627, -91.829824,   14, 1.00,    6, 0.000, 0.000, 0.050,  8
train,    1628, 42.623974,   15, 0.00,    6, 0.000, 0.000, 0.050,  8
train,    1629, -57.748742,   17, 1.00,    4, 0.000, 0.000, 0.050,  8
val,      1629, 6.017566, 0.3000,  15.9000,   6.9000, 0.7000,  20.2246
train,    1630, -59.259966,   11, 1.00,    5, 0.000, 0.000, 0.050,  8
train,    1631, 26.277707,   17, 0.00,    8, 0.000, 0.000, 0.050,  8
train,    1632, -60.083569,   11, 1.00,    6, 0.000, 0.000, 0.050,  8
train,    1633, 34.471180,   17, 0.00,    5, 0.000, 0.000, 0.050,  8
train,    1634, -59.535368,   10, 1.00,    5, 0.000, 0.000, 0.050,  8
train,    1635, -62.566554,   11, 1.00,    5, 0.000, 0.000, 0.050,  8
train,    1636, -69.055473,   13, 1.00,    6, 0.000, 0.000, 0.050,  8
train,    1637, 23.108671,   17, 0.00,    5, 0.000, 0.000, 0.050,  8
train,    1638, 42.308535,   15, 0.00,    7, 0.000, 0.000, 0.050,  8
train,    1639, 23.042005,   17, 0.00,    5, 0.000, 0.000, 0.050,  8
val,      1639, -32.730201, 0.7000,  14.0000,   5.1000, 0.3000,  20.6711
train,    1640, -76.335583,   13, 1.00,    5, 0.000, 0.000, 0.050,  8
train,    1641, 22.007085,   17, 0.00,    9, 0.000, 0.000, 0.050,  8
train,    1642, 15.537847,   17, 0.00,    5, 0.000, 0.000, 0.050,  8
train,    1643, -39.165140,   15, 1.00,    8, 0.000, 0.000, 0.050,  8
train,    1644, 21.876813,   16, 0.00,    6, 0.000, 0.000, 0.050,  8
train,    1645, 41.759899,   17, 0.00,    6, 0.000, 0.000, 0.050,  8
train,    1646, -69.955420,   13, 1.00,    5, 0.000, 0.000, 0.050,  8
train,    1647, -60.557637,   10, 1.00,    6, 0.000, 0.000, 0.050,  8
train,    1648, -40.031650,   14, 1.00,    8, 0.000, 0.000, 0.050,  8
train,    1649, 33.558198,   17, 0.00,    8, 0.000, 0.000, 0.050,  8
val,      1649, -20.829944, 0.6000,  14.1000,   7.1000, 0.4000,  20.5047
train,    1650, 41.178907,   16, 0.00,    5, 0.000, 0.000, 0.050,  8
train,    1651, -60.808351,   11, 1.00,    4, 0.000, 0.000, 0.050,  8
train,    1652, -73.104807,   13, 1.00,    5, 0.000, 0.000, 0.050,  8
train,    1653, 22.853401,   17, 0.00,    6, 0.000, 0.000, 0.050,  8
train,    1654, -58.132715,   12, 1.00,    6, 0.000, 0.000, 0.050,  8
train,    1655, -59.919160,   13, 1.00,    5, 0.000, 0.000, 0.050,  8
train,    1656, -64.731170,   16, 1.00,    6, 0.000, 0.000, 0.050,  8
train,    1657, -60.545222,   10, 1.00,    6, 0.000, 0.000, 0.050,  8
train,    1658, -2.147781,   17, 0.00,    6, 0.000, 0.000, 0.050,  8
train,    1659, -60.083935,   12, 1.00,    5, 0.000, 0.000, 0.050,  8
val,      1659, -28.365967, 0.6000,  14.8000,   4.8000, 0.4000,  20.6736
train,    1660, -40.892927,   16, 1.00,    6, 0.000, 0.000, 0.050,  8
train,    1661, -56.616019,   16, 1.00,    9, 0.000, 0.000, 0.050,  8
update,   1661,   47,  520, -10.785403, -0.000000
train,    1662, 22.073732,   16, 0.00,    5, 0.000, 0.000, 0.050,  8
train,    1663, -68.353234,   13, 1.00,    4, 0.000, 0.000, 0.050,  8
train,    1664, 16.949588,   17, 0.00,    6, 0.000, 0.000, 0.050,  8
train,    1665, -58.608359,    9, 1.00,    6, 0.000, 0.000, 0.050,  8
train,    1666, -73.146662,   13, 1.00,    5, 0.000, 0.000, 0.050,  8
train,    1667, -40.119170,   16, 1.00,    7, 0.000, 0.000, 0.050,  8
train,    1668, 41.289191,   17, 0.00,    8, 0.000, 0.000, 0.050,  8
train,    1669, 17.853071,   15, 0.00,    8, 0.000, 0.000, 0.050,  8
val,      1669, -31.606268, 0.7000,  14.3000,   5.5000, 0.3000,  20.7347
train,    1670, 33.591531,   17, 0.00,    8, 0.000, 0.000, 0.050,  8
train,    1671, -58.618815,   11, 1.00,    6, 0.000, 0.000, 0.050,  8
train,    1672, -75.590660,   14, 1.00,    3, 0.000, 0.000, 0.050,  8
train,    1673, -61.276401,   11, 1.00,    3, 0.000, 0.000, 0.050,  8
train,    1674, 24.121925,   15, 0.00,    5, 0.000, 0.000, 0.050,  8
train,    1675, -74.494190,   13, 1.00,    4, 0.000, 0.000, 0.050,  8
train,    1676, -42.478275,   13, 1.00,    6, 0.000, 0.000, 0.050,  8
train,    1677, 17.166585,   16, 0.00,    3, 0.000, 0.000, 0.050,  8
train,    1678, -72.312809,   13, 1.00,    3, 0.000, 0.000, 0.050,  8
train,    1679, -61.550110,   11, 1.00,    5, 0.000, 0.000, 0.050,  8
val,      1679, -22.380524, 0.6000,  14.4000,   5.4000, 0.4000,  20.6299
train,    1680, -1.899009,   17, 0.00,    5, 0.000, 0.000, 0.050,  8
train,    1681, 22.693233,   17, 0.00,    6, 0.000, 0.000, 0.050,  8
train,    1682, 23.266330,   15, 0.00,    6, 0.000, 0.000, 0.050,  8
train,    1683, 41.326391,   17, 0.00,    8, 0.000, 0.000, 0.050,  8
train,    1684, 22.675163,   17, 0.00,    7, 0.000, 0.000, 0.050,  8
train,    1685, 24.811160,   17, 0.00,    6, 0.000, 0.000, 0.050,  8
train,    1686, -68.373455,   14, 1.00,    7, 0.000, 0.000, 0.050,  8
train,    1687, -59.680793,   13, 1.00,    4, 0.000, 0.000, 0.050,  8
train,    1688, -73.204485,   13, 1.00,    6, 0.000, 0.000, 0.050,  8
train,    1689, -62.609609,   11, 1.00,    6, 0.000, 0.000, 0.050,  8
val,      1689, -35.499973, 0.7000,  13.2000,   5.7000, 0.3000,  20.7617
train,    1690, -54.821602,   17, 1.00,    6, 0.000, 0.000, 0.050,  8
train,    1691, -72.359575,   13, 1.00,    3, 0.000, 0.000, 0.050,  8
train,    1692, -68.636642,   13, 1.00,    5, 0.000, 0.000, 0.050,  8
train,    1693, -40.539035,   14, 1.00,    6, 0.000, 0.000, 0.050,  8
train,    1694, -39.028756,   13, 1.00,    7, 0.000, 0.000, 0.050,  8
train,    1695, 22.890601,   17, 0.00,    6, 0.000, 0.000, 0.050,  8
train,    1696, -62.093366,   11, 1.00,    6, 0.000, 0.000, 0.050,  8
train,    1697, 29.056441,   14, 0.00,    8, 0.000, 0.000, 0.050,  8
update,   1697,   48,  513, -14.417871, 0.000000
train,    1698, 42.623974,   15, 0.00,    6, 0.000, 0.000, 0.050,  8
train,    1699, -76.952842,   13, 1.00,    7, 0.000, 0.000, 0.050,  8
val,      1699, -23.134365, 0.6000,  14.3000,   6.3000, 0.4000,  20.5595
train,    1700, -73.514955,   14, 1.00,    8, 0.000, 0.000, 0.050,  8
train,    1701, 6.875403,   17, 0.00,    6, 0.000, 0.000, 0.050,  8
train,    1702, 23.606215,   17, 0.00,    3, 0.000, 0.000, 0.050,  8
train,    1703, 38.103722,   17, 0.00,    6, 0.000, 0.000, 0.050,  8
train,    1704, -59.030455,   10, 1.00,    4, 0.000, 0.000, 0.050,  8
train,    1705, 28.868823,   16, 0.00,    6, 0.000, 0.000, 0.050,  8
train,    1706, -61.624566,   12, 1.00,    7, 0.000, 0.000, 0.050,  8
train,    1707, 37.925343,   17, 0.00,    7, 0.000, 0.000, 0.050,  8
train,    1708, -66.446648,   14, 1.00,    4, 0.000, 0.000, 0.050,  8
train,    1709, 41.222524,   17, 0.00,    8, 0.000, 0.000, 0.050,  8
val,      1709, -2.682801, 0.4000,  14.7000,   6.9000, 0.6000,  20.4010
train,    1710, -57.749976,   14, 1.00,    5, 0.000, 0.000, 0.050,  8
train,    1711, -58.892700,   10, 1.00,    4, 0.000, 0.000, 0.050,  8
train,    1712, 25.660414,   16, 0.00,    7, 0.000, 0.000, 0.050,  8
train,    1713, -65.298625,   11, 1.00,    5, 0.000, 0.000, 0.050,  8
train,    1714, -60.329480,   10, 1.00,    6, 0.000, 0.000, 0.050,  8
train,    1715, -76.474233,   14, 1.00,    5, 0.000, 0.000, 0.050,  8
train,    1716, -55.835726,   16, 1.00,    5, 0.000, 0.000, 0.050,  8
train,    1717, 25.564757,   17, 0.00,   10, 0.000, 0.000, 0.050,  8
train,    1718, -57.861092,   13, 1.00,    7, 0.000, 0.000, 0.050,  8
train,    1719, -61.628497,   11, 1.00,    7, 0.000, 0.000, 0.050,  8
val,      1719, -1.710675, 0.4000,  15.7000,   5.9000, 0.6000,  20.2678
train,    1720, -63.262838,   11, 1.00,    6, 0.000, 0.000, 0.050,  8
train,    1721, -79.679548,   13, 1.00,    3, 0.000, 0.000, 0.050,  8
train,    1722, 34.001750,   17, 0.00,    5, 0.000, 0.000, 0.050,  8
train,    1723, 25.698331,   17, 0.00,    9, 0.000, 0.000, 0.050,  8
train,    1724, -69.333830,   13, 1.00,    7, 0.000, 0.000, 0.050,  8
train,    1725, 24.708903,   17, 0.00,    6, 0.000, 0.000, 0.050,  8
train,    1726, -58.975044,   14, 1.00,    7, 0.000, 0.000, 0.050,  8
train,    1727, 23.008671,   17, 0.00,    5, 0.000, 0.000, 0.050,  8
train,    1728, 23.075338,   17, 0.00,    5, 0.000, 0.000, 0.050,  8
train,    1729, -62.050423,   11, 1.00,    6, 0.000, 0.000, 0.050,  8
val,      1729, -10.092993, 0.5000,  14.8000,   5.6000, 0.5000,  20.2640
train,    1730, 9.891691,   17, 0.00,    9, 0.000, 0.000, 0.050,  8
train,    1731, 22.693233,   17, 0.00,    6, 0.000, 0.000, 0.050,  8
train,    1732, -71.531529,   14, 1.00,    5, 0.000, 0.000, 0.050,  8
train,    1733, -60.510726,   13, 1.00,    6, 0.000, 0.000, 0.050,  8
update,   1733,   49,  519, -11.910851, -0.000000
train,    1734, -72.732798,   13, 1.00,    4, 0.000, 0.000, 0.050,  8
train,    1735, -67.655466,   14, 1.00,    4, 0.000, 0.000, 0.050,  8
train,    1736, -61.247346,   11, 1.00,    6, 0.000, 0.000, 0.050,  8
train,    1737, 28.586144,   16, 0.00,    7, 0.000, 0.000, 0.050,  8
train,    1738, 41.007085,   17, 0.00,    9, 0.000, 0.000, 0.050,  8
train,    1739, 23.424110,   17, 0.00,    4, 0.000, 0.000, 0.050,  8
val,      1739, -30.136289, 0.7000,  13.8000,   5.8000, 0.3000,  20.4234
train,    1740, -61.639154,   11, 1.00,    4, 0.000, 0.000, 0.050,  8
train,    1741, 24.913448,   17, 0.00,    9, 0.000, 0.000, 0.050,  8
train,    1742, 41.359724,   17, 0.00,    8, 0.000, 0.000, 0.050,  8
train,    1743, 40.846917,   17, 0.00,    9, 0.000, 0.000, 0.050,  8
train,    1744, -61.537953,   11, 1.00,    5, 0.000, 0.000, 0.050,  8
train,    1745, 32.854019,   17, 0.00,    9, 0.000, 0.000, 0.050,  8
train,    1746, 41.604629,   17, 0.00,    7, 0.000, 0.000, 0.050,  8
train,    1747, -57.784132,   12, 1.00,    6, 0.000, 0.000, 0.050,  8
train,    1748, 21.863468,   16, 0.00,    6, 0.000, 0.000, 0.050,  8
train,    1749, 42.094346,   17, 0.00,    5, 0.000, 0.000, 0.050,  8
val,      1749, -34.617881, 0.7000,  13.8000,   5.3000, 0.3000,  20.5822
train,    1750, -65.304320,   12, 1.00,    6, 0.000, 0.000, 0.050,  8
train,    1751, 41.411127,   17, 0.00,    7, 0.000, 0.000, 0.050,  8
train,    1752, 41.812241,   17, 0.00,    6, 0.000, 0.000, 0.050,  8
train,    1753, -61.265520,   15, 1.00,    5, 0.000, 0.000, 0.050,  8
train,    1754, 5.180138,   16, 0.00,    5, 0.000, 0.000, 0.050,  8
train,    1755, -42.359689,   10, 1.00,    8, 0.000, 0.000, 0.050,  8
train,    1756, 40.712065,   16, 0.00,    7, 0.000, 0.000, 0.050,  8
train,    1757, -65.075986,   12, 1.00,    5, 0.000, 0.000, 0.050,  8
train,    1758, -62.301299,   11, 1.00,    6, 0.000, 0.000, 0.050,  8
train,    1759, 23.988320,   17, 0.00,    2, 0.000, 0.000, 0.050,  8
val,      1759, -38.254710, 0.8000,  13.6000,   5.7000, 0.2000,  20.4169
train,    1760, -76.043755,   13, 1.00,    4, 0.000, 0.000, 0.050,  8
train,    1761, -69.352733,   13, 1.00,    8, 0.000, 0.000, 0.050,  8
train,    1762, -44.337927,   14, 1.00,    7, 0.000, 0.000, 0.050,  8
train,    1763, -62.577518,   11, 1.00,    8, 0.000, 0.000, 0.050,  8
train,    1764, 28.508360,   16, 0.00,    7, 0.000, 0.000, 0.050,  8
train,    1765, -78.743584,   13, 1.00,    4, 0.000, 0.000, 0.050,  8
train,    1766, 5.729043,   15, 0.00,    6, 0.000, 0.000, 0.050,  8
train,    1767, 41.793233,   17, 0.00,    6, 0.000, 0.000, 0.050,  8
train,    1768, 26.327090,   17, 0.00,    7, 0.000, 0.000, 0.050,  8
update,   1768,   50,  512, -2.235360, -0.000000
train,    1769, -77.623289,   13, 1.00,    4, 0.000, 0.000, 0.050,  8
val,      1769, -12.745015, 0.5000,  15.2000,   5.6000, 0.5000,  20.3821
train,    1770, -80.499017,   14, 1.00,    5, 0.000, 0.000, 0.050,  8
train,    1771, -61.384532,   15, 1.00,    7, 0.000, 0.000, 0.050,  8
train,    1772, 41.604629,   17, 0.00,    7, 0.000, 0.000, 0.050,  8
train,    1773, 15.155741,   17, 0.00,    6, 0.000, 0.000, 0.050,  8
train,    1774, 32.735502,   16, 0.00,    6, 0.000, 0.000, 0.050,  8
train,    1775, 42.075338,   17, 0.00,    5, 0.000, 0.000, 0.050,  8
train,    1776, -58.677821,   14, 1.00,    6, 0.000, 0.000, 0.050,  8
train,    1777, -61.578787,   12, 1.00,    6, 0.000, 0.000, 0.050,  8
train,    1778, 42.175338,   17, 0.00,    5, 0.000, 0.000, 0.050,  8
train,    1779, 27.311506,   17, 0.00,    4, 0.000, 0.000, 0.050,  8
val,      1779, -30.837903, 0.7000,  14.9000,   6.6000, 0.3000,  20.3770
train,    1780, 25.821583,   17, 0.00,    9, 0.000, 0.000, 0.050,  8
train,    1781, -75.808063,   13, 1.00,    3, 0.000, 0.000, 0.050,  8
train,    1782, 16.749139,   16, 0.00,    7, 0.000, 0.000, 0.050,  8
train,    1783, 29.462599,   16, 0.00,    4, 0.000, 0.000, 0.050,  8
train,    1784, -54.406499,   17, 1.00,    7, 0.000, 0.000, 0.050,  8
train,    1785, 26.384481,   16, 0.00,    4, 0.000, 0.000, 0.050,  8
train,    1786, 42.042005,   17, 0.00,    5, 0.000, 0.000, 0.050,  8
train,    1787, 22.637963,   17, 0.00,    7, 0.000, 0.000, 0.050,  8
train,    1788, 43.971140,   16, 0.00,    6, 0.000, 0.000, 0.050,  8
train,    1789, -74.558042,   13, 1.00,    5, 0.000, 0.000, 0.050,  8
val,      1789, -38.394013, 0.7000,  13.1000,   5.0000, 0.3000,  20.5889
train,    1790, -45.131444,   14, 1.00,    7, 0.000, 0.000, 0.050,  8
train,    1791, -60.943935,   12, 1.00,    4, 0.000, 0.000, 0.050,  8
train,    1792, -59.986169,   11, 1.00,    8, 0.000, 0.000, 0.050,  8
train,    1793, 21.846917,   17, 0.00,    9, 0.000, 0.000, 0.050,  8
train,    1794, 22.389171,   16, 0.00,    4, 0.000, 0.000, 0.050,  8
train,    1795, -57.675651,   14, 1.00,    5, 0.000, 0.000, 0.050,  8
train,    1796, -64.280718,   13, 1.00,    7, 0.000, 0.000, 0.050,  8
train,    1797, 29.013841,   16, 0.00,    6, 0.000, 0.000, 0.050,  8
train,    1798, -60.406853,   14, 1.00,    8, 0.000, 0.000, 0.050,  8
train,    1799, 25.084991,   16, 0.00,    5, 0.000, 0.000, 0.050,  8
val,      1799, -6.328746, 0.4000,  14.8000,   5.6000, 0.6000,  20.5260
train,    1800, 42.108671,   17, 0.00,    5, 0.000, 0.000, 0.050,  8
train,    1801, 15.189075,   17, 0.00,    6, 0.000, 0.000, 0.050,  8
train,    1802, 23.233822,   16, 0.00,    8, 0.000, 0.000, 0.050,  8
update,   1802,   51,  520, -0.355302, 0.000000
train,    1803, 25.145078,   16, 0.00,    8, 0.000, 0.000, 0.050,  8
train,    1804, 42.424110,   17, 0.00,    4, 0.000, 0.000, 0.050,  8
train,    1805, 25.882433,   17, 0.00,    9, 0.000, 0.000, 0.050,  8
train,    1806, -81.514662,   13, 1.00,    4, 0.000, 0.000, 0.050,  8
train,    1807, -74.978335,   12, 1.00,    6, 0.000, 0.000, 0.050,  8
train,    1808, -62.350141,   11, 1.00,    6, 0.000, 0.000, 0.050,  8
train,    1809, 34.089075,   17, 0.00,    6, 0.000, 0.000, 0.050,  8
val,      1809, -31.653635, 0.7000,  13.9000,   4.8000, 0.3000,  20.5964
train,    1810, -44.847226,   10, 1.00,    7, 0.000, 0.000, 0.050,  8
train,    1811, 41.477794,   17, 0.00,    7, 0.000, 0.000, 0.050,  8
train,    1812, -56.081005,   17, 1.00,   10, 0.000, 0.000, 0.050,  8
train,    1813, 21.990303,   16, 0.00,    6, 0.000, 0.000, 0.050,  8
train,    1814, 29.526360,   17, 0.00,    7, 0.000, 0.000, 0.050,  8
train,    1815, 33.873636,   17, 0.00,    7, 0.000, 0.000, 0.050,  8
train,    1816, 34.686619,   17, 0.00,    4, 0.000, 0.000, 0.050,  8
train,    1817, 34.404513,   17, 0.00,    5, 0.000, 0.000, 0.050,  8
train,    1818, -59.690796,   13, 1.00,    4, 0.000, 0.000, 0.050,  8
train,    1819, -58.567627,   12, 1.00,    5, 0.000, 0.000, 0.050,  8
val,      1819, -29.029408, 0.6000,  14.2000,   4.5000, 0.4000,  20.8172
train,    1820, 41.793233,   17, 0.00,    6, 0.000, 0.000, 0.050,  8
train,    1821, 15.981932,   16, 0.00,    7, 0.000, 0.000, 0.050,  8
train,    1822, -68.040793,   13, 1.00,    3, 0.000, 0.000, 0.050,  8
train,    1823, 17.424993,   16, 0.00,    5, 0.000, 0.000, 0.050,  8
train,    1824, 14.814321,   16, 0.00,    6, 0.000, 0.000, 0.050,  8
train,    1825, -58.692327,   15, 1.00,    7, 0.000, 0.000, 0.050,  8
train,    1826, 41.793233,   17, 0.00,    6, 0.000, 0.000, 0.050,  8
train,    1827, 21.486856,   16, 0.00,    5, 0.000, 0.000, 0.050,  8
train,    1828, 29.527685,   17, 0.00,    7, 0.000, 0.000, 0.050,  8
train,    1829, 19.383349,   17, 0.00,    5, 0.000, 0.000, 0.050,  8
val,      1829, -10.705867, 0.5000,  14.8000,   6.2000, 0.5000,  20.3284
train,    1830, 27.774007,   15, 0.00,    5, 0.000, 0.000, 0.050,  8
train,    1831, 41.759899,   17, 0.00,    6, 0.000, 0.000, 0.050,  8
train,    1832, -59.842128,   10, 1.00,    6, 0.000, 0.000, 0.050,  8
train,    1833, 42.539548,   17, 0.00,    3, 0.000, 0.000, 0.050,  8
train,    1834, -59.711167,   14, 1.00,    8, 0.000, 0.000, 0.050,  8
train,    1835, 38.524757,   17, 0.00,    5, 0.000, 0.000, 0.050,  8
train,    1836, 33.812553,   17, 0.00,    6, 0.000, 0.000, 0.050,  8
update,   1836,   52,  523, 7.447930, -0.000000
train,    1837, -67.254883,   14, 1.00,    3, 0.000, 0.000, 0.050,  8
train,    1838, -57.588760,   15, 1.00,    7, 0.000, 0.000, 0.050,  8
train,    1839, -55.624547,   16, 1.00,    4, 0.000, 0.000, 0.050,  8
val,      1839, -44.367625, 0.8000,  13.3000,   5.8000, 0.2000,  20.7692
train,    1840, 22.007085,   17, 0.00,    9, 0.000, 0.000, 0.050,  8
train,    1841, 22.389171,   16, 0.00,    4, 0.000, 0.000, 0.050,  8
train,    1842, -73.144680,   13, 1.00,    6, 0.000, 0.000, 0.050,  8
train,    1843, -57.820336,   14, 1.00,    5, 0.000, 0.000, 0.050,  8
train,    1844, 41.377794,   17, 0.00,    7, 0.000, 0.000, 0.050,  8
train,    1845, -73.617805,   12, 1.00,    6, 0.000, 0.000, 0.050,  8
train,    1846, 22.027504,   16, 0.00,    6, 0.000, 0.000, 0.050,  8
train,    1847, 25.472544,   16, 0.00,    7, 0.000, 0.000, 0.050,  8
train,    1848, -68.736054,   13, 1.00,    5, 0.000, 0.000, 0.050,  8
train,    1849, -79.366277,   13, 1.00,    6, 0.000, 0.000, 0.050,  8
val,      1849, -20.126985, 0.6000,  15.0000,   6.1000, 0.4000,  20.4373
train,    1850, 33.204918,   17, 0.00,    8, 0.000, 0.000, 0.050,  8
train,    1851, -63.046681,   11, 1.00,    7, 0.000, 0.000, 0.050,  8
train,    1852, 41.953401,   17, 0.00,    6, 0.000, 0.000, 0.050,  8
train,    1853, -64.212387,   12, 1.00,    4, 0.000, 0.000, 0.050,  8
train,    1854, 43.655701,   16, 0.00,    7, 0.000, 0.000, 0.050,  8
train,    1855, -61.986436,   11, 1.00,    5, 0.000, 0.000, 0.050,  8
train,    1856, 30.162888,   17, 0.00,    5, 0.000, 0.000, 0.050,  8
train,    1857, 22.563469,   17, 0.00,    7, 0.000, 0.000, 0.050,  8
train,    1858, -65.796158,   17, 1.00,    4, 0.000, 0.000, 0.050,  8
train,    1859, 21.001373,   16, 0.00,    8, 0.000, 0.000, 0.050,  8
val,      1859, -39.747657, 0.8000,  14.0000,   5.5000, 0.2000,  20.7561
train,    1860, 42.075338,   17, 0.00,    5, 0.000, 0.000, 0.050,  8
train,    1861, -44.075241,   10, 1.00,    5, 0.000, 0.000, 0.050,  8
train,    1862, 42.008671,   17, 0.00,    5, 0.000, 0.000, 0.050,  8
train,    1863, -74.866314,   13, 1.00,    3, 0.000, 0.000, 0.050,  8
train,    1864, -72.690586,   13, 1.00,    4, 0.000, 0.000, 0.050,  8
train,    1865, 25.950009,   16, 0.00,    6, 0.000, 0.000, 0.050,  8
train,    1866, 21.876813,   16, 0.00,    6, 0.000, 0.000, 0.050,  8
train,    1867, 23.539548,   17, 0.00,    3, 0.000, 0.000, 0.050,  8
train,    1868, -64.864497,   12, 1.00,    5, 0.000, 0.000, 0.050,  8
train,    1869, 41.095689,   17, 0.00,    8, 0.000, 0.000, 0.050,  8
val,      1869, -26.008064, 0.6000,  14.7000,   6.0000, 0.4000,  20.5759
train,    1870, -56.607304,   16, 1.00,    5, 0.000, 0.000, 0.050,  8
train,    1871, -67.108535,   12, 1.00,    7, 0.000, 0.000, 0.050,  8
update,   1871,   53,  519, -6.938704, 0.000000
train,    1872, -61.154098,   12, 1.00,    5, 0.000, 0.000, 0.050,  8
train,    1873, 26.274560,   16, 0.00,    5, 0.000, 0.000, 0.050,  8
train,    1874, 40.548030,   16, 0.00,    7, 0.000, 0.000, 0.050,  8
train,    1875, 14.821138,   17, 0.00,    6, 0.000, 0.000, 0.050,  8
train,    1876, 27.287942,   15, 0.00,    7, 0.000, 0.000, 0.050,  8
train,    1877, 8.529585,   16, 0.00,    7, 0.000, 0.000, 0.050,  8
train,    1878, -58.892450,    9, 1.00,    7, 0.000, 0.000, 0.050,  8
train,    1879, -59.984923,   10, 1.00,    6, 0.000, 0.000, 0.050,  8
val,      1879, 1.833061, 0.4000,  15.9000,   6.3000, 0.6000,  20.3392
train,    1880, 40.846917,   17, 0.00,    9, 0.000, 0.000, 0.050,  8
train,    1881, 22.604629,   17, 0.00,    7, 0.000, 0.000, 0.050,  8
train,    1882, -70.195343,   13, 1.00,    6, 0.000, 0.000, 0.050,  8
train,    1883, 24.793943,   14, 0.00,    8, 0.000, 0.000, 0.050,  8
train,    1884, 27.028760,   15, 0.00,    5, 0.000, 0.000, 0.050,  8
train,    1885, 27.250293,   15, 0.00,    7, 0.000, 0.000, 0.050,  8
train,    1886, 27.863354,   17, 0.00,    7, 0.000, 0.000, 0.050,  8
train,    1887, -66.206955,   12, 1.00,    6, 0.000, 0.000, 0.050,  8
train,    1888, 41.693233,   17, 0.00,    6, 0.000, 0.000, 0.050,  8
train,    1889, -83.520025,   12, 1.00,    4, 0.000, 0.000, 0.050,  8
val,      1889, -27.075280, 0.6000,  14.5000,   5.5000, 0.4000,  20.6312
train,    1890, -76.346824,   13, 1.00,    5, 0.000, 0.000, 0.050,  8
train,    1891, -54.882969,   15, 1.00,    8, 0.000, 0.000, 0.050,  8
train,    1892, -79.687612,   13, 1.00,    3, 0.000, 0.000, 0.050,  8
train,    1893, -63.260174,   11, 1.00,    6, 0.000, 0.000, 0.050,  8
train,    1894, 40.081188,   16, 0.00,    9, 0.000, 0.000, 0.050,  8
train,    1895, 13.735502,   16, 0.00,    6, 0.000, 0.000, 0.050,  8
train,    1896, -55.186294,   17, 1.00,    8, 0.000, 0.000, 0.050,  8
train,    1897, 25.641140,   16, 0.00,    7, 0.000, 0.000, 0.050,  8
train,    1898, 20.997490,   17, 0.00,    5, 0.000, 0.000, 0.050,  8
train,    1899, -59.332952,   13, 1.00,    5, 0.000, 0.000, 0.050,  8
val,      1899, -22.429072, 0.6000,  14.3000,   5.7000, 0.4000,  20.5275
train,    1900, -75.820772,   15, 1.00,    8, 0.000, 0.000, 0.050,  8
train,    1901, 22.494346,   16, 0.00,    4, 0.000, 0.000, 0.050,  8
train,    1902, 42.168840,   17, 0.00,    5, 0.000, 0.000, 0.050,  8
train,    1903, -68.953727,   13, 1.00,    6, 0.000, 0.000, 0.050,  8
train,    1904, 27.243452,   17, 0.00,    4, 0.000, 0.000, 0.050,  8
train,    1905, -62.082646,   17, 1.00,    5, 0.000, 0.000, 0.050,  8
train,    1906, 28.300667,   17, 0.00,    7, 0.000, 0.000, 0.050,  8
update,   1906,   54,  519, -2.492048, 0.000000
train,    1907, -61.556763,   11, 1.00,    4, 0.000, 0.000, 0.050,  8
train,    1908, 42.108671,   17, 0.00,    5, 0.000, 0.000, 0.050,  8
train,    1909, 41.504629,   17, 0.00,    7, 0.000, 0.000, 0.050,  8
val,      1909, -29.988743, 0.7000,  14.5000,   6.2000, 0.3000,  20.5222
train,    1910, -57.663348,   12, 1.00,    5, 0.000, 0.000, 0.050,  8
train,    1911, -64.114181,   15, 1.00,    8, 0.000, 0.000, 0.050,  8
train,    1912, -40.202092,   14, 1.00,    6, 0.000, 0.000, 0.050,  8
train,    1913, 41.886735,   17, 0.00,    6, 0.000, 0.000, 0.050,  8
train,    1914, -61.444981,   11, 1.00,    4, 0.000, 0.000, 0.050,  8
train,    1915, -62.759439,   10, 1.00,    4, 0.000, 0.000, 0.050,  8
train,    1916, -43.860007,   11, 1.00,    8, 0.000, 0.000, 0.050,  8
train,    1917, -60.596467,   13, 1.00,    6, 0.000, 0.000, 0.050,  8
train,    1918, -61.736056,   11, 1.00,    5, 0.000, 0.000, 0.050,  8
train,    1919, -52.189471,   16, 1.00,    7, 0.000, 0.000, 0.050,  8
val,      1919, -34.543018, 0.7000,  13.8000,   5.9000, 0.3000,  20.6369
train,    1920, -68.894378,   16, 1.00,    6, 0.000, 0.000, 0.050,  8
train,    1921, 22.793233,   17, 0.00,    6, 0.000, 0.000, 0.050,  8
train,    1922, -61.420642,   11, 1.00,    4, 0.000, 0.000, 0.050,  8
train,    1923, 27.027864,   15, 0.00,    8, 0.000, 0.000, 0.050,  8
train,    1924, -60.510887,   13, 1.00,    7, 0.000, 0.000, 0.050,  8
train,    1925, -65.773156,   12, 1.00,    8, 0.000, 0.000, 0.050,  8
train,    1926, 40.548030,   16, 0.00,    7, 0.000, 0.000, 0.050,  8
train,    1927, 37.131679,   16, 0.00,    5, 0.000, 0.000, 0.050,  8
train,    1928, -55.097335,   14, 1.00,    5, 0.000, 0.000, 0.050,  8
train,    1929, 28.308599,   17, 0.00,    7, 0.000, 0.000, 0.050,  8
val,      1929, -21.714032, 0.6000,  14.7000,   6.2000, 0.4000,  20.5909
train,    1930, 40.686675,   14, 0.00,    6, 0.000, 0.000, 0.050,  8
train,    1931, -54.438840,   17, 1.00,    7, 0.000, 0.000, 0.050,  8
train,    1932, 22.322524,   17, 0.00,    8, 0.000, 0.000, 0.050,  8
train,    1933, 41.802237,   17, 0.00,    6, 0.000, 0.000, 0.050,  8
train,    1934, 41.210620,   17, 0.00,    8, 0.000, 0.000, 0.050,  8
train,    1935, 28.475246,   16, 0.00,    7, 0.000, 0.000, 0.050,  8
train,    1936, -63.345006,   11, 1.00,    7, 0.000, 0.000, 0.050,  8
train,    1937, 30.046726,   16, 0.00,    6, 0.000, 0.000, 0.050,  8
train,    1938, 23.672882,   17, 0.00,    3, 0.000, 0.000, 0.050,  8
train,    1939, 28.441018,   17, 0.00,    7, 0.000, 0.000, 0.050,  8
val,      1939, 2.391920, 0.3000,  15.7000,   6.3000, 0.7000,  20.6308
train,    1940, -58.133949,   12, 1.00,    6, 0.000, 0.000, 0.050,  8
train,    1941, 43.454114,   16, 0.00,    7, 0.000, 0.000, 0.050,  8
train,    1942, 32.513561,   16, 0.00,    7, 0.000, 0.000, 0.050,  8
update,   1942,   55,  525, -2.321604, -0.000000
train,    1943, -61.135465,   12, 1.00,    6, 0.000, 0.000, 0.050,  8
train,    1944, 29.084799,   16, 0.00,    6, 0.000, 0.000, 0.050,  8
train,    1945, -59.872283,   11, 1.00,    6, 0.000, 0.000, 0.050,  8
train,    1946, -61.397849,   11, 1.00,    5, 0.000, 0.000, 0.050,  8
train,    1947, 29.026612,   16, 0.00,    6, 0.000, 0.000, 0.050,  8
train,    1948, 32.343702,   17, 0.00,   11, 0.000, 0.000, 0.050,  8
train,    1949, -57.684330,   13, 1.00,    6, 0.000, 0.000, 0.050,  8
val,      1949, -31.720943, 0.7000,  14.1000,   6.7000, 0.3000,  20.5709
train,    1950, 17.656851,   16, 0.00,    5, 0.000, 0.000, 0.050,  8
train,    1951, 22.154775,   16, 0.00,    4, 0.000, 0.000, 0.050,  8
train,    1952, 16.277664,   17, 0.00,    2, 0.000, 0.000, 0.050,  8
train,    1953, 33.276092,   17, 0.00,    9, 0.000, 0.000, 0.050,  8
train,    1954, -62.380793,   12, 1.00,    8, 0.000, 0.000, 0.050,  8
train,    1955, 26.628009,   17, 0.00,    7, 0.000, 0.000, 0.050,  8
train,    1956, 27.085308,   17, 0.00,    6, 0.000, 0.000, 0.050,  8
train,    1957, -58.499087,   11, 1.00,    5, 0.000, 0.000, 0.050,  8
train,    1958, -65.372038,   16, 1.00,    6, 0.000, 0.000, 0.050,  8
train,    1959, -68.900963,   13, 1.00,    7, 0.000, 0.000, 0.050,  8
val,      1959, -12.197213, 0.5000,  15.1000,   6.4000, 0.5000,  20.3803
train,    1960, -63.867139,   13, 1.00,    5, 0.000, 0.000, 0.050,  8
train,    1961, 41.444461,   17, 0.00,    7, 0.000, 0.000, 0.050,  8
train,    1962, 22.993257,   15, 0.00,    6, 0.000, 0.000, 0.050,  8
train,    1963, 41.444461,   17, 0.00,    7, 0.000, 0.000, 0.050,  8
train,    1964, -76.070225,   13, 1.00,    7, 0.000, 0.000, 0.050,  8
train,    1965, 22.975338,   17, 0.00,    5, 0.000, 0.000, 0.050,  8
train,    1966, -60.223573,   16, 1.00,    7, 0.000, 0.000, 0.050,  8
train,    1967, -63.605282,   11, 1.00,    7, 0.000, 0.000, 0.050,  8
train,    1968, -62.325696,   12, 1.00,    6, 0.000, 0.000, 0.050,  8
train,    1969, 41.668904,   17, 0.00,    6, 0.000, 0.000, 0.050,  8
val,      1969, -30.842927, 0.7000,  15.0000,   7.0000, 0.3000,  20.6144
train,    1970, 26.266633,   17, 0.00,    4, 0.000, 0.000, 0.050,  8
train,    1971, 41.178907,   16, 0.00,    5, 0.000, 0.000, 0.050,  8
train,    1972, -60.765901,   16, 1.00,    7, 0.000, 0.000, 0.050,  8
train,    1973, 30.808087,   15, 0.00,    6, 0.000, 0.000, 0.050,  8
train,    1974, -54.164735,   17, 1.00,    5, 0.000, 0.000, 0.050,  8
train,    1975, 41.477794,   17, 0.00,    7, 0.000, 0.000, 0.050,  8
train,    1976, -62.990953,   11, 1.00,    6, 0.000, 0.000, 0.050,  8
train,    1977, 22.953401,   17, 0.00,    6, 0.000, 0.000, 0.050,  8
update,   1977,   56,  522, -1.660424, 0.000000
train,    1978, 40.548030,   16, 0.00,    7, 0.000, 0.000, 0.050,  8
train,    1979, 26.276062,   16, 0.00,    5, 0.000, 0.000, 0.050,  8
val,      1979, -14.474772, 0.5000,  14.8000,   6.3000, 0.5000,  20.5199
train,    1980, -63.215583,   10, 1.00,    5, 0.000, 0.000, 0.050,  8
train,    1981, 6.055918,   17, 0.00,    9, 0.000, 0.000, 0.050,  8
train,    1982, 41.420132,   17, 0.00,    7, 0.000, 0.000, 0.050,  8
train,    1983, -47.256143,   15, 1.00,    7, 0.000, 0.000, 0.050,  8
train,    1984, 41.951009,   17, 0.00,    5, 0.000, 0.000, 0.050,  8
train,    1985, 16.291270,   16, 0.00,    6, 0.000, 0.000, 0.050,  8
train,    1986, 21.359426,   16, 0.00,    8, 0.000, 0.000, 0.050,  8
train,    1987, 22.162355,   17, 0.00,    8, 0.000, 0.000, 0.050,  8
train,    1988, -95.325461,   14, 1.00,    4, 0.000, 0.000, 0.050,  8
train,    1989, 24.967330,   16, 0.00,    6, 0.000, 0.000, 0.050,  8
val,      1989, -11.302497, 0.5000,  14.2000,   5.9000, 0.5000,  20.3994
train,    1990, -73.063029,   13, 1.00,    6, 0.000, 0.000, 0.050,  8
train,    1991, 23.488145,   17, 0.00,    4, 0.000, 0.000, 0.050,  8
train,    1992, 33.148791,   17, 0.00,    8, 0.000, 0.000, 0.050,  8
train,    1993, -56.563701,   16, 1.00,    7, 0.000, 0.000, 0.050,  8
train,    1994, -68.516621,   14, 1.00,    5, 0.000, 0.000, 0.050,  8
train,    1995, 15.060803,   17, 0.00,    5, 0.000, 0.000, 0.050,  8
train,    1996, 33.882576,   17, 0.00,    6, 0.000, 0.000, 0.050,  8
train,    1997, 22.658381,   16, 0.00,    4, 0.000, 0.000, 0.050,  8
train,    1998, -61.961757,   11, 1.00,    5, 0.000, 0.000, 0.050,  8
train,    1999, 15.471180,   17, 0.00,    5, 0.000, 0.000, 0.050,  8
val,      1999, -35.301112, 0.7000,  14.1000,   6.2000, 0.3000,  20.6743
train,    2000, 41.007085,   17, 0.00,    9, 0.000, 0.000, 0.050,  8
train,    2001, 21.863468,   16, 0.00,    6, 0.000, 0.000, 0.050,  8
train,    2002, -70.239372,   12, 1.00,    7, 0.000, 0.000, 0.050,  8
train,    2003, 34.144969,   17, 0.00,    5, 0.000, 0.000, 0.050,  8
train,    2004, -64.522434,   13, 1.00,    6, 0.000, 0.000, 0.050,  8
train,    2005, 15.629532,   17, 0.00,    3, 0.000, 0.000, 0.050,  8
train,    2006, -58.455206,   11, 1.00,    6, 0.000, 0.000, 0.050,  8
train,    2007, 43.929721,   16, 0.00,    6, 0.000, 0.000, 0.050,  8
train,    2008, 29.633195,   15, 0.00,    9, 0.000, 0.000, 0.050,  8
train,    2009, 41.693233,   17, 0.00,    6, 0.000, 0.000, 0.050,  8
val,      2009, -31.137098, 0.7000,  14.5000,   6.1000, 0.3000,  20.4469
train,    2010, -58.254305,   14, 1.00,    6, 0.000, 0.000, 0.050,  8
train,    2011, 41.162355,   17, 0.00,    8, 0.000, 0.000, 0.050,  8
update,   2011,   57,  524, 6.930481, -0.000000
train,    2012, -62.272373,   11, 1.00,    6, 0.000, 0.000, 0.050,  8
train,    2013, -73.044430,   13, 1.00,    5, 0.000, 0.000, 0.050,  8
train,    2014, 9.451010,   17, 0.00,    7, 0.000, 0.000, 0.050,  8
train,    2015, 26.284339,   17, 0.00,    5, 0.000, 0.000, 0.050,  8
train,    2016, 17.100991,   17, 0.00,    5, 0.000, 0.000, 0.050,  8
train,    2017, -70.966749,   13, 1.00,    5, 0.000, 0.000, 0.050,  8
train,    2018, -69.084433,   13, 1.00,    6, 0.000, 0.000, 0.050,  8
train,    2019, -58.438573,   17, 1.00,    4, 0.000, 0.000, 0.050,  8
val,      2019, -40.939435, 0.8000,  14.3000,   5.3000, 0.2000,  20.3963
train,    2020, -61.974819,   11, 1.00,    5, 0.000, 0.000, 0.050,  8
train,    2021, -61.178724,   11, 1.00,    6, 0.000, 0.000, 0.050,  8
train,    2022, -61.687848,   11, 1.00,    4, 0.000, 0.000, 0.050,  8
train,    2023, -61.591151,   11, 1.00,    5, 0.000, 0.000, 0.050,  8
train,    2024, -73.011008,   13, 1.00,    5, 0.000, 0.000, 0.050,  8
train,    2025, 29.155174,   14, 0.00,    9, 0.000, 0.000, 0.050,  8
train,    2026, 41.693233,   17, 0.00,    6, 0.000, 0.000, 0.050,  8
train,    2027, -65.667539,   12, 1.00,    6, 0.000, 0.000, 0.050,  8
train,    2028, -39.466246,   15, 1.00,    7, 0.000, 0.000, 0.050,  8
train,    2029, -55.835472,   16, 1.00,    5, 0.000, 0.000, 0.050,  8
val,      2029, -21.361309, 0.6000,  14.0000,   5.8000, 0.4000,  20.4954
train,    2030, -74.459100,   13, 1.00,    3, 0.000, 0.000, 0.050,  8
train,    2031, 14.531748,   17, 0.00,    7, 0.000, 0.000, 0.050,  8
train,    2032, -62.069614,   12, 1.00,    7, 0.000, 0.000, 0.050,  8
train,    2033, 40.758293,   16, 0.00,    6, 0.000, 0.000, 0.050,  8
train,    2034, -76.091527,   13, 1.00,    4, 0.000, 0.000, 0.050,  8
train,    2035, 18.994174,   15, 0.00,    7, 0.000, 0.000, 0.050,  8
train,    2036, 41.322524,   17, 0.00,    8, 0.000, 0.000, 0.050,  8
train,    2037, -67.147747,   14, 1.00,    4, 0.000, 0.000, 0.050,  8
train,    2038, 23.864699,   16, 0.00,    6, 0.000, 0.000, 0.050,  8
train,    2039, 40.855922,   17, 0.00,    9, 0.000, 0.000, 0.050,  8
val,      2039, -40.194849, 0.8000,  13.9000,   6.0000, 0.2000,  20.7600
train,    2040, 14.707925,   16, 0.00,    7, 0.000, 0.000, 0.050,  8
train,    2041, 22.365755,   17, 0.00,    8, 0.000, 0.000, 0.050,  8
train,    2042, -64.824746,   14, 1.00,    5, 0.000, 0.000, 0.050,  8
train,    2043, 26.229165,   16, 0.00,    4, 0.000, 0.000, 0.050,  8
train,    2044, 28.733575,   17, 0.00,   10, 0.000, 0.000, 0.050,  8
train,    2045, 33.369594,   17, 0.00,    9, 0.000, 0.000, 0.050,  8
train,    2046, 42.507715,   15, 0.00,    7, 0.000, 0.000, 0.050,  8
train,    2047, -57.827914,   15, 1.00,    7, 0.000, 0.000, 0.050,  8
update,   2047,   58,  526, -8.848899, 0.000000
train,    2048, -76.335271,   13, 1.00,    4, 0.000, 0.000, 0.050,  8
train,    2049, -69.586351,   16, 1.00,    4, 0.000, 0.000, 0.050,  8
val,      2049, -8.270534, 0.4000,  15.6000,   6.1000, 0.6000,  20.6619
train,    2050, 33.366379,   16, 0.00,    4, 0.000, 0.000, 0.050,  8
train,    2051, 22.774831,   17, 0.00,    6, 0.000, 0.000, 0.050,  8
train,    2052, -61.734856,   12, 1.00,    6, 0.000, 0.000, 0.050,  8
train,    2053, 22.604629,   17, 0.00,    7, 0.000, 0.000, 0.050,  8
train,    2054, -62.027498,   11, 1.00,    7, 0.000, 0.000, 0.050,  8
train,    2055, 25.976039,   16, 0.00,    6, 0.000, 0.000, 0.050,  8
train,    2056, 41.726566,   17, 0.00,    6, 0.000, 0.000, 0.050,  8
train,    2057, -65.010755,   16, 1.00,    5, 0.000, 0.000, 0.050,  8
train,    2058, 23.806487,   15, 0.00,    6, 0.000, 0.000, 0.050,  8
train,    2059, -61.432347,   11, 1.00,    6, 0.000, 0.000, 0.050,  8
val,      2059, -20.304286, 0.6000,  14.1000,   6.3000, 0.4000,  20.4289
train,    2060, -61.553743,   11, 1.00,    4, 0.000, 0.000, 0.050,  8
train,    2061, -76.574233,   14, 1.00,    5, 0.000, 0.000, 0.050,  8
train,    2062, -62.993773,   14, 1.00,    7, 0.000, 0.000, 0.050,  8
train,    2063, -60.106789,   10, 1.00,    5, 0.000, 0.000, 0.050,  8
train,    2064, 44.084991,   16, 0.00,    5, 0.000, 0.000, 0.050,  8
train,    2065, -73.424668,   13, 1.00,    6, 0.000, 0.000, 0.050,  8
train,    2066, -60.687237,   13, 1.00,    4, 0.000, 0.000, 0.050,  8
train,    2067, -61.055462,   12, 1.00,    5, 0.000, 0.000, 0.050,  8
train,    2068, 41.444461,   17, 0.00,    7, 0.000, 0.000, 0.050,  8
train,    2069, -62.813326,   11, 1.00,    8, 0.000, 0.000, 0.050,  8
val,      2069, -26.349611, 0.6000,  13.8000,   6.0000, 0.4000,  20.7967
train,    2070, 38.731647,   17, 0.00,    4, 0.000, 0.000, 0.050,  8
train,    2071, -73.808035,   15, 1.00,    5, 0.000, 0.000, 0.050,  8
train,    2072, 23.120933,   17, 0.00,    5, 0.000, 0.000, 0.050,  8
train,    2073, 42.806607,   15, 0.00,    6, 0.000, 0.000, 0.050,  8
train,    2074, 42.117676,   17, 0.00,    5, 0.000, 0.000, 0.050,  8
train,    2075, 26.928555,   15, 0.00,    8, 0.000, 0.000, 0.050,  8
train,    2076, 25.375227,   17, 0.00,    8, 0.000, 0.000, 0.050,  8
train,    2077, 41.923934,   17, 0.00,    6, 0.000, 0.000, 0.050,  8
train,    2078, -88.337358,   14, 1.00,    5, 0.000, 0.000, 0.050,  8
train,    2079, -61.028395,   13, 1.00,    7, 0.000, 0.000, 0.050,  8
val,      2079, -19.734225, 0.6000,  15.2000,   5.6000, 0.4000,  20.4584
train,    2080, 42.384278,   17, 0.00,    4, 0.000, 0.000, 0.050,  8
train,    2081, -44.352477,   10, 1.00,    5, 0.000, 0.000, 0.050,  8
train,    2082, 41.726566,   17, 0.00,    6, 0.000, 0.000, 0.050,  8
train,    2083, -72.869539,   13, 1.00,    5, 0.000, 0.000, 0.050,  8
update,   2083,   59,  522, -6.864077, -0.000000
train,    2084, -65.264349,   12, 1.00,    6, 0.000, 0.000, 0.050,  8
train,    2085, -65.181372,   12, 1.00,    6, 0.000, 0.000, 0.050,  8
train,    2086, -56.152004,   16, 1.00,    6, 0.000, 0.000, 0.050,  8
train,    2087, 26.050271,   17, 0.00,    8, 0.000, 0.000, 0.050,  8
train,    2088, -73.569957,   14, 1.00,    5, 0.000, 0.000, 0.050,  8
train,    2089, 23.108671,   17, 0.00,    5, 0.000, 0.000, 0.050,  8
val,      2089, -46.243537, 0.8000,  14.1000,   6.1000, 0.2000,  20.8326
train,    2090, 40.895182,   17, 0.00,    9, 0.000, 0.000, 0.050,  8
train,    2091, -68.683945,   13, 1.00,    5, 0.000, 0.000, 0.050,  8
train,    2092, -59.004096,   16, 1.00,    5, 0.000, 0.000, 0.050,  8
train,    2093, 29.356544,   16, 0.00,    5, 0.000, 0.000, 0.050,  8
train,    2094, -61.539505,   11, 1.00,    4, 0.000, 0.000, 0.050,  8
train,    2095, 24.962420,   17, 0.00,    9, 0.000, 0.000, 0.050,  8
train,    2096, 27.704537,   17, 0.00,    3, 0.000, 0.000, 0.050,  8
train,    2097, -57.882439,    9, 1.00,    6, 0.000, 0.000, 0.050,  8
train,    2098, -59.266233,   11, 1.00,    4, 0.000, 0.000, 0.050,  8
train,    2099, 38.189745,   17, 0.00,    6, 0.000, 0.000, 0.050,  8
val,      2099, -17.175479, 0.5000,  15.3000,   5.3000, 0.5000,  20.8008
train,    2100, -60.939543,   11, 1.00,    4, 0.000, 0.000, 0.050,  8
train,    2101, -61.429387,   17, 1.00,    5, 0.000, 0.000, 0.050,  8
train,    2102, -61.129606,   12, 1.00,    4, 0.000, 0.000, 0.050,  8
train,    2103, 41.453466,   17, 0.00,    7, 0.000, 0.000, 0.050,  8
train,    2104, -55.796224,   16, 1.00,    6, 0.000, 0.000, 0.050,  8
train,    2105, -79.562255,   14, 1.00,    4, 0.000, 0.000, 0.050,  8
train,    2106, -56.414185,   16, 1.00,    7, 0.000, 0.000, 0.050,  8
train,    2107, 25.960546,   16, 0.00,    6, 0.000, 0.000, 0.050,  8
train,    2108, -59.954000,   10, 1.00,    7, 0.000, 0.000, 0.050,  8
train,    2109, 23.268840,   17, 0.00,    5, 0.000, 0.000, 0.050,  8
val,      2109, -31.537396, 0.6000,  14.5000,   5.6000, 0.4000,  20.6319
train,    2110, -60.162744,   10, 1.00,    5, 0.000, 0.000, 0.050,  8
train,    2111, 40.846917,   17, 0.00,    9, 0.000, 0.000, 0.050,  8
train,    2112, -47.311792,   11, 1.00,    8, 0.000, 0.000, 0.050,  8
train,    2113, 41.759899,   17, 0.00,    6, 0.000, 0.000, 0.050,  8
train,    2114, 42.008671,   17, 0.00,    5, 0.000, 0.000, 0.050,  8
train,    2115, -58.070913,   13, 1.00,    7, 0.000, 0.000, 0.050,  8
train,    2116, -64.949150,   12, 1.00,    5, 0.000, 0.000, 0.050,  8
train,    2117, 40.322177,   16, 0.00,    8, 0.000, 0.000, 0.050,  8
train,    2118, -71.913512,   13, 1.00,    2, 0.000, 0.000, 0.050,  8
train,    2119, -68.755815,   13, 1.00,    5, 0.000, 0.000, 0.050,  8
update,   2119,   60,  517, -11.755645, 0.000000
val,      2119, -11.298975, 0.5000,  15.2000,   6.3000, 0.5000,  20.3377
train,    2120, -72.761560,   15, 1.00,    5, 0.000, 0.000, 0.050,  8
train,    2121, -58.147170,   13, 1.00,    8, 0.000, 0.000, 0.050,  8
train,    2122, 23.108671,   17, 0.00,    5, 0.000, 0.000, 0.050,  8
train,    2123, -55.846120,   16, 1.00,    5, 0.000, 0.000, 0.050,  8
train,    2124, -62.024795,   11, 1.00,    5, 0.000, 0.000, 0.050,  8
train,    2125, -59.930080,   10, 1.00,    6, 0.000, 0.000, 0.050,  8
train,    2126, 33.920313,   17, 0.00,    7, 0.000, 0.000, 0.050,  8
train,    2127, 21.360210,   16, 0.00,    5, 0.000, 0.000, 0.050,  8
train,    2128, -70.444634,   13, 1.00,    6, 0.000, 0.000, 0.050,  8
train,    2129, -55.921084,   16, 1.00,    5, 0.000, 0.000, 0.050,  8
val,      2129, -41.328016, 0.8000,  13.0000,   6.0000, 0.2000,  20.4616
train,    2130, -62.470679,   11, 1.00,    8, 0.000, 0.000, 0.050,  8
train,    2131, -60.538568,   11, 1.00,    4, 0.000, 0.000, 0.050,  8
train,    2132, 40.863468,   16, 0.00,    6, 0.000, 0.000, 0.050,  8
train,    2133, 23.357443,   17, 0.00,    4, 0.000, 0.000, 0.050,  8
train,    2134, 41.886735,   17, 0.00,    6, 0.000, 0.000, 0.050,  8
train,    2135, -65.790152,   15, 1.00,    7, 0.000, 0.000, 0.050,  8
train,    2136, 33.558198,   17, 0.00,    8, 0.000, 0.000, 0.050,  8
train,    2137, 41.010952,   17, 0.00,    9, 0.000, 0.000, 0.050,  8
train,    2138, -61.515486,   15, 1.00,    3, 0.000, 0.000, 0.050,  8
train,    2139, 22.210620,   17, 0.00,    8, 0.000, 0.000, 0.050,  8
val,      2139, -60.335887, 1.0000,  13.1000,   5.9000, 0.0000,  20.7127
train,    2140, 24.943746,   16, 0.00,    6, 0.000, 0.000, 0.050,  8
train,    2141, -44.701435,   11, 1.00,    7, 0.000, 0.000, 0.050,  8
train,    2142, 22.723674,   17, 0.00,    7, 0.000, 0.000, 0.050,  8
train,    2143, -70.577716,   13, 1.00,    6, 0.000, 0.000, 0.050,  8
train,    2144, 41.793233,   17, 0.00,    6, 0.000, 0.000, 0.050,  8
train,    2145, -72.365332,   13, 1.00,    3, 0.000, 0.000, 0.050,  8
train,    2146, 17.349763,   17, 0.00,    4, 0.000, 0.000, 0.050,  8
train,    2147, 14.840303,   17, 0.00,    7, 0.000, 0.000, 0.050,  8
train,    2148, -60.208507,   11, 1.00,    7, 0.000, 0.000, 0.050,  8
train,    2149, 42.042005,   17, 0.00,    5, 0.000, 0.000, 0.050,  8
val,      2149, -32.991692, 0.7000,  14.3000,   6.4000, 0.3000,  20.7040
train,    2150, 37.549023,   17, 0.00,    8, 0.000, 0.000, 0.050,  8
train,    2151, 42.268840,   17, 0.00,    5, 0.000, 0.000, 0.050,  8
train,    2152, -62.708808,   11, 1.00,    5, 0.000, 0.000, 0.050,  8
train,    2153, 19.657207,   17, 0.00,    5, 0.000, 0.000, 0.050,  8
train,    2154, 41.641829,   17, 0.00,    7, 0.000, 0.000, 0.050,  8
update,   2154,   61,  525, -1.927240, 0.000000
train,    2155, 27.680738,   17, 0.00,    9, 0.000, 0.000, 0.050,  8
train,    2156, 41.326391,   17, 0.00,    8, 0.000, 0.000, 0.050,  8
train,    2157, 41.886735,   17, 0.00,    6, 0.000, 0.000, 0.050,  8
train,    2158, 41.461012,   16, 0.00,    4, 0.000, 0.000, 0.050,  8
train,    2159, 22.816160,   17, 0.00,    6, 0.000, 0.000, 0.050,  8
val,      2159, -2.369862, 0.4000,  15.4000,   6.7000, 0.6000,  20.5522
train,    2160, 41.637963,   17, 0.00,    7, 0.000, 0.000, 0.050,  8
train,    2161, -64.187808,   12, 1.00,    6, 0.000, 0.000, 0.050,  8
train,    2162, 22.563469,   17, 0.00,    7, 0.000, 0.000, 0.050,  8
train,    2163, -60.892515,   14, 1.00,    8, 0.000, 0.000, 0.050,  8
train,    2164, 27.586816,   15, 0.00,    6, 0.000, 0.000, 0.050,  8
train,    2165, -62.501314,   11, 1.00,    7, 0.000, 0.000, 0.050,  8
train,    2166, -60.342617,   12, 1.00,    6, 0.000, 0.000, 0.050,  8
train,    2167, -55.094186,   17, 1.00,    9, 0.000, 0.000, 0.050,  8
train,    2168, -65.285205,   12, 1.00,    6, 0.000, 0.000, 0.050,  8
train,    2169, -58.580109,   15, 1.00,    8, 0.000, 0.000, 0.050,  8
val,      2169, -16.400606, 0.5000,  14.5000,   5.6000, 0.5000,  20.6848
train,    2170, -55.208486,   16, 1.00,    4, 0.000, 0.000, 0.050,  8
train,    2171, -40.051451,   16, 1.00,    7, 0.000, 0.000, 0.050,  8
train,    2172, 37.879889,   17, 0.00,    7, 0.000, 0.000, 0.050,  8
train,    2173, -60.209214,   10, 1.00,    6, 0.000, 0.000, 0.050,  8
train,    2174, -72.872380,   13, 1.00,    5, 0.000, 0.000, 0.050,  8
train,    2175, 41.251950,   17, 0.00,    8, 0.000, 0.000, 0.050,  8
train,    2176, 22.162355,   17, 0.00,    8, 0.000, 0.000, 0.050,  8
train,    2177, -54.025926,   17, 1.00,    4, 0.000, 0.000, 0.050,  8
train,    2178, 16.315395,   16, 0.00,    6, 0.000, 0.000, 0.050,  8
train,    2179, 40.990303,   16, 0.00,    6, 0.000, 0.000, 0.050,  8
val,      2179, -36.679722, 0.8000,  13.6000,   6.6000, 0.2000,  20.5575
train,    2180, -59.878090,   11, 1.00,    6, 0.000, 0.000, 0.050,  8
train,    2181, -59.999238,   10, 1.00,    6, 0.000, 0.000, 0.050,  8
train,    2182, 30.515678,   17, 0.00,    4, 0.000, 0.000, 0.050,  8
train,    2183, 42.459030,   17, 0.00,    4, 0.000, 0.000, 0.050,  8
train,    2184, 23.055627,   16, 0.00,    3, 0.000, 0.000, 0.050,  8
train,    2185, 39.636287,   16, 0.00,    7, 0.000, 0.000, 0.050,  8
train,    2186, -59.954910,   10, 1.00,    7, 0.000, 0.000, 0.050,  8
train,    2187, -59.143671,   14, 1.00,    6, 0.000, 0.000, 0.050,  8
train,    2188, 33.050941,   16, 0.00,    5, 0.000, 0.000, 0.050,  8
train,    2189, 22.477794,   17, 0.00,    7, 0.000, 0.000, 0.050,  8
update,   2189,   62,  525, -0.325849, -0.000000
val,      2189, 5.967199, 0.3000,  16.0000,   7.0000, 0.7000,  20.3374
train,    2190, 42.027679,   17, 0.00,    5, 0.000, 0.000, 0.050,  8
train,    2191, -55.354355,   16, 1.00,    5, 0.000, 0.000, 0.050,  8
train,    2192, -61.233996,   11, 1.00,    3, 0.000, 0.000, 0.050,  8
train,    2193, -62.271182,   11, 1.00,    6, 0.000, 0.000, 0.050,  8
train,    2194, -68.986925,   13, 1.00,    6, 0.000, 0.000, 0.050,  8
train,    2195, 22.587847,   16, 0.00,    4, 0.000, 0.000, 0.050,  8
train,    2196, 26.624236,   15, 0.00,    7, 0.000, 0.000, 0.050,  8
train,    2197, 38.155938,   17, 0.00,    6, 0.000, 0.000, 0.050,  8
train,    2198, 42.061012,   17, 0.00,    5, 0.000, 0.000, 0.050,  8
train,    2199, 42.008671,   17, 0.00,    5, 0.000, 0.000, 0.050,  8
val,      2199, -13.448452, 0.5000,  14.0000,   5.7000, 0.5000,  20.6794
train,    2200, -60.204855,   10, 1.00,    6, 0.000, 0.000, 0.050,  8
train,    2201, 16.560018,   16, 0.00,    5, 0.000, 0.000, 0.050,  8
train,    2202, -61.846572,   11, 1.00,    6, 0.000, 0.000, 0.050,  8
train,    2203, -58.421035,   14, 1.00,    6, 0.000, 0.000, 0.050,  8
train,    2204, -39.496171,   15, 1.00,    8, 0.000, 0.000, 0.050,  8
train,    2205, -62.847656,   11, 1.00,    5, 0.000, 0.000, 0.050,  8
train,    2206, 16.634149,   17, 0.00,    7, 0.000, 0.000, 0.050,  8
train,    2207, -45.619304,   12, 1.00,    7, 0.000, 0.000, 0.050,  8
train,    2208, 23.357443,   17, 0.00,    4, 0.000, 0.000, 0.050,  8
train,    2209, 22.726566,   17, 0.00,    6, 0.000, 0.000, 0.050,  8
val,      2209, -22.319166, 0.6000,  14.5000,   6.0000, 0.4000,  20.6026
train,    2210, 15.819952,   17, 0.00,    4, 0.000, 0.000, 0.050,  8
train,    2211, -61.561753,   11, 1.00,    6, 0.000, 0.000, 0.050,  8
train,    2212, 43.186940,   16, 0.00,    8, 0.000, 0.000, 0.050,  8
train,    2213, -68.314058,   13, 1.00,    5, 0.000, 0.000, 0.050,  8
train,    2214, -39.173242,   17, 1.00,    5, 0.000, 0.000, 0.050,  8
train,    2215, 33.402927,   17, 0.00,    9, 0.000, 0.000, 0.050,  8
train,    2216, -66.245352,   11, 1.00,    4, 0.000, 0.000, 0.050,  8
train,    2217, 41.500722,   17, 0.00,    7, 0.000, 0.000, 0.050,  8
train,    2218, 25.655953,   17, 0.00,    9, 0.000, 0.000, 0.050,  8
train,    2219, -76.037840,   13, 1.00,    4, 0.000, 0.000, 0.050,  8
val,      2219, -42.532172, 0.8000,  14.0000,   5.5000, 0.2000,  20.4965
train,    2220, -72.869418,   12, 1.00,    6, 0.000, 0.000, 0.050,  8
train,    2221, -61.899837,   11, 1.00,    6, 0.000, 0.000, 0.050,  8
train,    2222, -59.222090,   17, 1.00,    6, 0.000, 0.000, 0.050,  8
train,    2223, 26.234055,   16, 0.00,    7, 0.000, 0.000, 0.050,  8
train,    2224, -59.927923,   10, 1.00,    6, 0.000, 0.000, 0.050,  8
train,    2225, 42.135507,   17, 0.00,    5, 0.000, 0.000, 0.050,  8
update,   2225,   63,  522, -5.224642, -0.000000
train,    2226, -57.623201,   15, 1.00,    6, 0.000, 0.000, 0.050,  8
train,    2227, 29.184046,   16, 0.00,    5, 0.000, 0.000, 0.050,  8
train,    2228, -61.976963,   11, 1.00,    5, 0.000, 0.000, 0.050,  8
train,    2229, -76.185752,   13, 1.00,    5, 0.000, 0.000, 0.050,  8
val,      2229, -20.344037, 0.6000,  15.1000,   5.9000, 0.4000,  20.4224
train,    2230, -55.124095,   15, 1.00,    6, 0.000, 0.000, 0.050,  8
train,    2231, -62.443950,   14, 1.00,    6, 0.000, 0.000, 0.050,  8
train,    2232, -57.366485,   13, 1.00,    5, 0.000, 0.000, 0.050,  8
train,    2233, -73.569204,   17, 1.00,    4, 0.000, 0.000, 0.050,  8
train,    2234, -41.014406,   16, 1.00,    7, 0.000, 0.000, 0.050,  8
train,    2235, 41.477794,   17, 0.00,    7, 0.000, 0.000, 0.050,  8
train,    2236, 25.911396,   16, 0.00,    5, 0.000, 0.000, 0.050,  8
train,    2237, 22.793233,   17, 0.00,    6, 0.000, 0.000, 0.050,  8
train,    2238, -58.023748,   17, 1.00,    1, 0.000, 0.000, 0.050,  8
train,    2239, -61.715157,   11, 1.00,    6, 0.000, 0.000, 0.050,  8
val,      2239, -20.654169, 0.6000,  15.5000,   6.5000, 0.4000,  20.4484
train,    2240, 42.042005,   17, 0.00,    5, 0.000, 0.000, 0.050,  8
train,    2241, 22.604629,   17, 0.00,    7, 0.000, 0.000, 0.050,  8
train,    2242, -94.073909,   13, 1.00,    4, 0.000, 0.000, 0.050,  8
train,    2243, 17.793658,   16, 0.00,    6, 0.000, 0.000, 0.050,  8
train,    2244, 27.551260,   15, 0.00,    6, 0.000, 0.000, 0.050,  8
train,    2245, -58.540067,   14, 1.00,    6, 0.000, 0.000, 0.050,  8
train,    2246, -62.070069,   12, 1.00,    7, 0.000, 0.000, 0.050,  8
train,    2247, -54.974649,   17, 1.00,    8, 0.000, 0.000, 0.050,  8
train,    2248, -59.641455,   10, 1.00,    6, 0.000, 0.000, 0.050,  8
train,    2249, -61.654255,   11, 1.00,    4, 0.000, 0.000, 0.050,  8
val,      2249, -12.375761, 0.5000,  14.8000,   6.1000, 0.5000,  20.5337
train,    2250, -75.828711,   13, 1.00,    3, 0.000, 0.000, 0.050,  8
train,    2251, 42.308671,   17, 0.00,    5, 0.000, 0.000, 0.050,  8
train,    2252, -59.808206,   10, 1.00,    5, 0.000, 0.000, 0.050,  8
train,    2253, 22.178907,   16, 0.00,    5, 0.000, 0.000, 0.050,  8
train,    2254, -57.648094,   10, 1.00,    7, 0.000, 0.000, 0.050,  8
train,    2255, -61.499870,   11, 1.00,    7, 0.000, 0.000, 0.050,  8
train,    2256, -62.628734,   11, 1.00,    4, 0.000, 0.000, 0.050,  8
train,    2257, 10.628572,   17, 0.00,    7, 0.000, 0.000, 0.050,  8
train,    2258, 21.969845,   17, 0.00,    9, 0.000, 0.000, 0.050,  8
train,    2259, 34.504513,   17, 0.00,    5, 0.000, 0.000, 0.050,  8
val,      2259, -7.563079, 0.4000,  15.2000,   5.8000, 0.6000,  20.6294
train,    2260, -75.381717,   13, 1.00,    5, 0.000, 0.000, 0.050,  8
train,    2261, 41.743118,   16, 0.00,    3, 0.000, 0.000, 0.050,  8
update,   2261,   64,  518, -14.672633, -0.000000
train,    2262, 15.189075,   17, 0.00,    6, 0.000, 0.000, 0.050,  8
train,    2263, -62.046489,   11, 1.00,    6, 0.000, 0.000, 0.050,  8
train,    2264, 43.789034,   16, 0.00,    7, 0.000, 0.000, 0.050,  8
train,    2265, -60.418151,   12, 1.00,    3, 0.000, 0.000, 0.050,  8
train,    2266, -61.264219,   11, 1.00,    4, 0.000, 0.000, 0.050,  8
train,    2267, 17.000991,   17, 0.00,    5, 0.000, 0.000, 0.050,  8
train,    2268, 41.477794,   17, 0.00,    7, 0.000, 0.000, 0.050,  8
train,    2269, -68.636873,   13, 1.00,    5, 0.000, 0.000, 0.050,  8
val,      2269, -31.493638, 0.7000,  14.1000,   6.3000, 0.3000,  20.4357
train,    2270, 19.820150,   15, 0.00,    5, 0.000, 0.000, 0.050,  8
train,    2271, 34.968724,   17, 0.00,    3, 0.000, 0.000, 0.050,  8
train,    2272, -68.183564,   13, 1.00,    4, 0.000, 0.000, 0.050,  8
train,    2273, 15.537847,   17, 0.00,    5, 0.000, 0.000, 0.050,  8
train,    2274, -57.056844,   10, 1.00,    7, 0.000, 0.000, 0.050,  8
train,    2275, -55.670409,   16, 1.00,    5, 0.000, 0.000, 0.050,  8
train,    2276, 15.211994,   17, 0.00,    6, 0.000, 0.000, 0.050,  8
train,    2277, 41.759899,   17, 0.00,    6, 0.000, 0.000, 0.050,  8
train,    2278, 25.084651,   16, 0.00,    6, 0.000, 0.000, 0.050,  8
train,    2279, 33.755566,   17, 0.00,    8, 0.000, 0.000, 0.050,  8
val,      2279, -25.137144, 0.6000,  14.3000,   6.1000, 0.4000,  20.7096
train,    2280, 21.990303,   16, 0.00,    6, 0.000, 0.000, 0.050,  8
train,    2281, 23.424110,   17, 0.00,    4, 0.000, 0.000, 0.050,  8
train,    2282, 21.548030,   16, 0.00,    7, 0.000, 0.000, 0.050,  8
train,    2283, -72.018178,   14, 1.00,    3, 0.000, 0.000, 0.050,  8
train,    2284, -56.996771,   13, 1.00,    4, 0.000, 0.000, 0.050,  8
train,    2285, -61.242258,   11, 1.00,    3, 0.000, 0.000, 0.050,  8
train,    2286, -61.969193,   11, 1.00,    5, 0.000, 0.000, 0.050,  8
train,    2287, -41.548799,   16, 1.00,    7, 0.000, 0.000, 0.050,  8
train,    2288, 23.424110,   17, 0.00,    4, 0.000, 0.000, 0.050,  8
train,    2289, 41.675163,   17, 0.00,    7, 0.000, 0.000, 0.050,  8
val,      2289, -36.716737, 0.7000,  13.9000,   5.5000, 0.3000,  20.5756
train,    2290, 25.286578,   16, 0.00,    5, 0.000, 0.000, 0.050,  8
train,    2291, 41.248030,   17, 0.00,    8, 0.000, 0.000, 0.050,  8
train,    2292, -76.066012,   13, 1.00,    4, 0.000, 0.000, 0.050,  8
train,    2293, 16.320055,   16, 0.00,    7, 0.000, 0.000, 0.050,  8
train,    2294, -60.376709,   13, 1.00,    6, 0.000, 0.000, 0.050,  8
train,    2295, 43.769553,   16, 0.00,    6, 0.000, 0.000, 0.050,  8
train,    2296, -68.948653,   13, 1.00,    6, 0.000, 0.000, 0.050,  8
update,   2296,   65,  521, -1.533582, -0.000000
train,    2297, -40.003688,   17, 1.00,    7, 0.000, 0.000, 0.050,  8
train,    2298, 32.735502,   16, 0.00,    6, 0.000, 0.000, 0.050,  8
train,    2299, 22.383039,   15, 0.00,    8, 0.000, 0.000, 0.050,  8
val,      2299, -15.908087, 0.5000,  14.9000,   5.1000, 0.5000,  20.6154
train,    2300, -60.079077,   11, 1.00,    6, 0.000, 0.000, 0.050,  8
train,    2301, -57.807560,   17, 1.00,    5, 0.000, 0.000, 0.050,  8
train,    2302, -71.975536,   13, 1.00,    1, 0.000, 0.000, 0.050,  8
train,    2303, 40.548030,   16, 0.00,    7, 0.000, 0.000, 0.050,  8
train,    2304, 41.685793,   15, 0.00,    8, 0.000, 0.000, 0.050,  8
train,    2305, -55.833445,   16, 1.00,    5, 0.000, 0.000, 0.050,  8
train,    2306, -62.570544,   14, 1.00,    7, 0.000, 0.000, 0.050,  8
train,    2307, -62.080714,   14, 1.00,    7, 0.000, 0.000, 0.050,  8
train,    2308, -73.447915,   13, 1.00,    7, 0.000, 0.000, 0.050,  8
train,    2309, 15.097413,   17, 0.00,    5, 0.000, 0.000, 0.050,  8
val,      2309, -34.467815, 0.7000,  14.0000,   5.2000, 0.3000,  20.4789
train,    2310, 41.920068,   17, 0.00,    6, 0.000, 0.000, 0.050,  8
train,    2311, -61.225982,   11, 1.00,    4, 0.000, 0.000, 0.050,  8
train,    2312, 22.849494,   17, 0.00,    6, 0.000, 0.000, 0.050,  8
train,    2313, 11.122646,   17, 0.00,    5, 0.000, 0.000, 0.050,  8
train,    2314, 41.162355,   17, 0.00,    8, 0.000, 0.000, 0.050,  8
train,    2315, 28.680815,   16, 0.00,    7, 0.000, 0.000, 0.050,  8
train,    2316, -82.715801,   12, 1.00,    6, 0.000, 0.000, 0.050,  8
train,    2317, -61.873064,   13, 1.00,    8, 0.000, 0.000, 0.050,  8
train,    2318, -58.827130,   14, 1.00,    6, 0.000, 0.000, 0.050,  8
train,    2319, -81.666598,   12, 1.00,    6, 0.000, 0.000, 0.050,  8
val,      2319, -11.299600, 0.5000,  15.2000,   5.1000, 0.5000,  20.4476
train,    2320, 24.861504,   14, 0.00,    8, 0.000, 0.000, 0.050,  8
train,    2321, -65.412209,   14, 1.00,    7, 0.000, 0.000, 0.050,  8
train,    2322, 41.504629,   17, 0.00,    7, 0.000, 0.000, 0.050,  8
train,    2323, 24.769553,   16, 0.00,    6, 0.000, 0.000, 0.050,  8
train,    2324, 41.953401,   17, 0.00,    6, 0.000, 0.000, 0.050,  8
train,    2325, -59.708995,   12, 1.00,    4, 0.000, 0.000, 0.050,  8
train,    2326, -58.094477,   17, 1.00,    7, 0.000, 0.000, 0.050,  8
train,    2327, -62.188076,   11, 1.00,    6, 0.000, 0.000, 0.050,  8
train,    2328, 5.180138,   16, 0.00,    5, 0.000, 0.000, 0.050,  8
train,    2329, -76.407263,   13, 1.00,    5, 0.000, 0.000, 0.050,  8
val,      2329, -52.026922, 0.9000,  12.6000,   4.8000, 0.1000,  20.4993
train,    2330, -61.308417,   10, 1.00,    8, 0.000, 0.000, 0.050,  8
train,    2331, 13.828999,   16, 0.00,    6, 0.000, 0.000, 0.050,  8
update,   2331,   66,  513, -11.128871, -0.000000
train,    2332, -75.875041,   13, 1.00,    7, 0.000, 0.000, 0.050,  8
train,    2333, -61.263854,   11, 1.00,    5, 0.000, 0.000, 0.050,  8
train,    2334, 41.793233,   17, 0.00,    6, 0.000, 0.000, 0.050,  8
train,    2335, 34.686619,   17, 0.00,    4, 0.000, 0.000, 0.050,  8
train,    2336, 22.793233,   17, 0.00,    6, 0.000, 0.000, 0.050,  8
train,    2337, 26.997553,   17, 0.00,    5, 0.000, 0.000, 0.050,  8
train,    2338, -58.193416,   12, 1.00,    8, 0.000, 0.000, 0.050,  8
train,    2339, -68.525586,   13, 1.00,    3, 0.000, 0.000, 0.050,  8
val,      2339, -13.902081, 0.5000,  14.8000,   6.8000, 0.5000,  20.5597
train,    2340, 15.311322,   15, 0.00,    4, 0.000, 0.000, 0.050,  8
train,    2341, -62.283373,   11, 1.00,    6, 0.000, 0.000, 0.050,  8
train,    2342, -58.303627,   11, 1.00,    5, 0.000, 0.000, 0.050,  8
train,    2343, -68.362661,   13, 1.00,    4, 0.000, 0.000, 0.050,  8
train,    2344, -61.565972,   12, 1.00,    7, 0.000, 0.000, 0.050,  8
train,    2345, 15.893905,   16, 0.00,    7, 0.000, 0.000, 0.050,  8
train,    2346, -65.642599,   12, 1.00,    8, 0.000, 0.000, 0.050,  8
train,    2347, -67.400729,   12, 1.00,    6, 0.000, 0.000, 0.050,  8
train,    2348, -78.875352,   13, 1.00,    5, 0.000, 0.000, 0.050,  8
train,    2349, -72.365984,   13, 1.00,    3, 0.000, 0.000, 0.050,  8
val,      2349, -7.913192, 0.4000,  15.2000,   5.8000, 0.6000,  20.5309
train,    2350, -54.944987,   16, 1.00,    3, 0.000, 0.000, 0.050,  8
train,    2351, 38.029437,   17, 0.00,    6, 0.000, 0.000, 0.050,  8
train,    2352, -63.239551,   14, 1.00,    7, 0.000, 0.000, 0.050,  8
train,    2353, 40.548030,   16, 0.00,    7, 0.000, 0.000, 0.050,  8
train,    2354, -79.207684,   14, 1.00,    2, 0.000, 0.000, 0.050,  8
train,    2355, -65.568672,   14, 1.00,    8, 0.000, 0.000, 0.050,  8
train,    2356, 42.290777,   17, 0.00,    4, 0.000, 0.000, 0.050,  8
train,    2357, 43.547616,   16, 0.00,    7, 0.000, 0.000, 0.050,  8
train,    2358, 22.494346,   16, 0.00,    4, 0.000, 0.000, 0.050,  8
train,    2359, -65.301316,   12, 1.00,    6, 0.000, 0.000, 0.050,  8
val,      2359, -21.271357, 0.6000,  13.8000,   4.9000, 0.4000,  20.6056
train,    2360, -64.672465,   12, 1.00,    5, 0.000, 0.000, 0.050,  8
train,    2361, 26.779514,   17, 0.00,    6, 0.000, 0.000, 0.050,  8
train,    2362, -64.394801,   14, 1.00,    4, 0.000, 0.000, 0.050,  8
train,    2363, 22.042975,   16, 0.00,    4, 0.000, 0.000, 0.050,  8
train,    2364, -62.576938,   11, 1.00,    8, 0.000, 0.000, 0.050,  8
train,    2365, -62.827217,   10, 1.00,    4, 0.000, 0.000, 0.050,  8
train,    2366, -54.768268,   17, 1.00,    6, 0.000, 0.000, 0.050,  8
train,    2367, 40.895182,   17, 0.00,    9, 0.000, 0.000, 0.050,  8
train,    2368, 42.108671,   17, 0.00,    5, 0.000, 0.000, 0.050,  8
update,   2368,   67,  528, -14.519799, -0.000000
train,    2369, 41.793233,   17, 0.00,    6, 0.000, 0.000, 0.050,  8
val,      2369, -39.941435, 0.7000,  14.3000,   5.4000, 0.3000,  20.6382
train,    2370, -64.432483,   16, 1.00,    6, 0.000, 0.000, 0.050,  8
train,    2371, -56.370840,   16, 1.00,    8, 0.000, 0.000, 0.050,  8
train,    2372, -72.420931,   13, 1.00,    3, 0.000, 0.000, 0.050,  8
train,    2373, -46.312902,   16, 1.00,    9, 0.000, 0.000, 0.050,  8
train,    2374, 22.477794,   17, 0.00,    7, 0.000, 0.000, 0.050,  8
train,    2375, -55.753999,   16, 1.00,    5, 0.000, 0.000, 0.050,  8
train,    2376, -75.696988,   13, 1.00,    3, 0.000, 0.000, 0.050,  8
train,    2377, -61.166585,   11, 1.00,    6, 0.000, 0.000, 0.050,  8
train,    2378, 42.657715,   15, 0.00,    7, 0.000, 0.000, 0.050,  8
train,    2379, -62.075358,   12, 1.00,    7, 0.000, 0.000, 0.050,  8
val,      2379, 0.427140, 0.4000,  15.5000,   6.3000, 0.6000,  20.3419
train,    2380, -75.748278,   13, 1.00,    3, 0.000, 0.000, 0.050,  8
train,    2381, -61.414862,   11, 1.00,    3, 0.000, 0.000, 0.050,  8
train,    2382, 23.042005,   17, 0.00,    5, 0.000, 0.000, 0.050,  8
train,    2383, -63.855543,   17, 1.00,    8, 0.000, 0.000, 0.050,  8
train,    2384, -59.488471,   17, 1.00,    7, 0.000, 0.000, 0.050,  8
train,    2385, 22.766273,   17, 0.00,    7, 0.000, 0.000, 0.050,  8
train,    2386, 33.776706,   17, 0.00,    6, 0.000, 0.000, 0.050,  8
train,    2387, -60.146556,   10, 1.00,    6, 0.000, 0.000, 0.050,  8
train,    2388, -63.292822,   14, 1.00,    6, 0.000, 0.000, 0.050,  8
train,    2389, -61.065426,   14, 1.00,    5, 0.000, 0.000, 0.050,  8
val,      2389, -8.019808, 0.4000,  15.3000,   5.4000, 0.6000,  20.4173
train,    2390, -55.212749,   14, 1.00,    4, 0.000, 0.000, 0.050,  8
train,    2391, 41.793233,   17, 0.00,    6, 0.000, 0.000, 0.050,  8
train,    2392, -62.812523,   11, 1.00,    8, 0.000, 0.000, 0.050,  8
train,    2393, 22.076240,   16, 0.00,    5, 0.000, 0.000, 0.050,  8
train,    2394, 21.876813,   16, 0.00,    6, 0.000, 0.000, 0.050,  8
train,    2395, 28.068807,   16, 0.00,    8, 0.000, 0.000, 0.050,  8
train,    2396, -76.760171,   14, 1.00,    5, 0.000, 0.000, 0.050,  8
train,    2397, -61.734976,   11, 1.00,    5, 0.000, 0.000, 0.050,  8
train,    2398, -63.718073,   16, 1.00,    4, 0.000, 0.000, 0.050,  8
train,    2399, 40.846917,   17, 0.00,    9, 0.000, 0.000, 0.050,  8
val,      2399, -36.490421, 0.7000,  13.8000,   5.6000, 0.3000,  20.7088
train,    2400, 10.885821,   15, 0.00,    5, 0.000, 0.000, 0.050,  8
train,    2401, 42.257443,   17, 0.00,    4, 0.000, 0.000, 0.050,  8
train,    2402, -66.879020,   11, 1.00,    6, 0.000, 0.000, 0.050,  8
train,    2403, 22.322524,   17, 0.00,    8, 0.000, 0.000, 0.050,  8
update,   2403,   68,  517, -15.033458, 0.000000
train,    2404, -65.323788,   12, 1.00,    4, 0.000, 0.000, 0.050,  8
train,    2405, 40.548030,   16, 0.00,    7, 0.000, 0.000, 0.050,  8
train,    2406, 42.324110,   17, 0.00,    4, 0.000, 0.000, 0.050,  8
train,    2407, -40.700473,   16, 1.00,    6, 0.000, 0.000, 0.050,  8
train,    2408, -62.289118,   11, 1.00,    6, 0.000, 0.000, 0.050,  8
train,    2409, -71.873011,   13, 1.00,    1, 0.000, 0.000, 0.050,  8
val,      2409, -32.982816, 0.7000,  14.3000,   5.2000, 0.3000,  20.5974
train,    2410, 29.193365,   16, 0.00,    5, 0.000, 0.000, 0.050,  8
train,    2411, -48.662526,   16, 1.00,    5, 0.000, 0.000, 0.050,  8
train,    2412, 25.593297,   17, 0.00,    7, 0.000, 0.000, 0.050,  8
train,    2413, -83.652816,   14, 1.00,    4, 0.000, 0.000, 0.050,  8
train,    2414, -60.923666,   11, 1.00,    5, 0.000, 0.000, 0.050,  8
train,    2415, -61.985309,   12, 1.00,    7, 0.000, 0.000, 0.050,  8
train,    2416, -74.102977,   13, 1.00,    4, 0.000, 0.000, 0.050,  8
train,    2417, -59.334589,   13, 1.00,    4, 0.000, 0.000, 0.050,  8
train,    2418, -68.296689,   17, 1.00,    5, 0.000, 0.000, 0.050,  8
train,    2419, 40.990303,   16, 0.00,    6, 0.000, 0.000, 0.050,  8
val,      2419, -42.273936, 0.8000,  13.8000,   5.1000, 0.2000,  20.5693
train,    2420, 21.099763,   16, 0.00,    7, 0.000, 0.000, 0.050,  8
train,    2421, 41.693233,   17, 0.00,    6, 0.000, 0.000, 0.050,  8
train,    2422, 40.863468,   16, 0.00,    6, 0.000, 0.000, 0.050,  8
train,    2423, 41.793233,   17, 0.00,    6, 0.000, 0.000, 0.050,  8
train,    2424, 27.569619,   16, 0.00,    7, 0.000, 0.000, 0.050,  8
train,    2425, 25.472191,   16, 0.00,    7, 0.000, 0.000, 0.050,  8
train,    2426, 7.852420,   17, 0.00,    3, 0.000, 0.000, 0.050,  8
train,    2427, 42.135507,   17, 0.00,    5, 0.000, 0.000, 0.050,  8
train,    2428, -61.989044,   11, 1.00,    5, 0.000, 0.000, 0.050,  8
train,    2429, 41.095689,   17, 0.00,    8, 0.000, 0.000, 0.050,  8
val_save, 2429, 24.194262, 0.1000,  16.4000,   6.2000, 0.9000,  20.3432
val,      2429, 24.194262, 0.1000,  16.4000,   6.2000, 0.9000,  20.3432
curriculum,noise_cap 0.0000 -> 0.0000, entropy 0.0500 -> 0.0500
train,    2430, 14.906969,   17, 0.00,    7, 0.000, 0.000, 0.050,  8
train,    2431, -54.906525,   17, 1.00,    8, 0.000, 0.000, 0.050,  8
train,    2432, 23.306040,   17, 0.00,    5, 0.000, 0.000, 0.050,  8
train,    2433, 29.370560,   14, 0.00,    7, 0.000, 0.000, 0.050,  8
train,    2434, -73.540316,   14, 1.00,    8, 0.000, 0.000, 0.050,  8
train,    2435, -72.961167,   13, 1.00,    5, 0.000, 0.000, 0.050,  8
train,    2436, -44.531672,   10, 1.00,    6, 0.000, 0.000, 0.050,  8
train,    2437, 40.255171,   16, 0.00,    5, 0.000, 0.000, 0.050,  8
train,    2438, 8.205331,   17, 0.00,    4, 0.000, 0.000, 0.050,  8
update,   2438,   69,  525, -4.452897, 0.000000
train,    2439, -62.287792,   11, 1.00,    6, 0.000, 0.000, 0.050,  8
val,      2439, -32.210281, 0.7000,  14.3000,   5.3000, 0.3000,  20.5849
train,    2440, 33.840303,   17, 0.00,    7, 0.000, 0.000, 0.050,  8
train,    2441, 18.304033,   17, 0.00,    7, 0.000, 0.000, 0.050,  8
train,    2442, -64.941710,   12, 1.00,    5, 0.000, 0.000, 0.050,  8
train,    2443, -61.085160,   16, 1.00,    8, 0.000, 0.000, 0.050,  8
train,    2444, 41.467389,   17, 0.00,    7, 0.000, 0.000, 0.050,  8
train,    2445, -65.251001,   12, 1.00,    6, 0.000, 0.000, 0.050,  8
train,    2446, 36.198729,   16, 0.00,    6, 0.000, 0.000, 0.050,  8
train,    2447, -62.488837,   11, 1.00,    8, 0.000, 0.000, 0.050,  8
train,    2448, 37.755742,   17, 0.00,    8, 0.000, 0.000, 0.050,  8
train,    2449, 41.849494,   17, 0.00,    6, 0.000, 0.000, 0.050,  8
val,      2449, -11.825001, 0.5000,  15.4000,   5.7000, 0.5000,  20.3348
train,    2450, -55.295318,   16, 1.00,    5, 0.000, 0.000, 0.050,  8
train,    2451, 30.302740,   15, 0.00,    7, 0.000, 0.000, 0.050,  8
train,    2452, -58.966970,   11, 1.00,    6, 0.000, 0.000, 0.050,  8
train,    2453, -68.465696,   13, 1.00,    6, 0.000, 0.000, 0.050,  8
train,    2454, 11.565776,   16, 0.00,    4, 0.000, 0.000, 0.050,  8
train,    2455, 15.819952,   17, 0.00,    4, 0.000, 0.000, 0.050,  8
train,    2456, -69.233822,   13, 1.00,    4, 0.000, 0.000, 0.050,  8
train,    2457, 43.985179,   16, 0.00,    6, 0.000, 0.000, 0.050,  8
train,    2458, -74.636826,   13, 1.00,    5, 0.000, 0.000, 0.050,  8
train,    2459, 26.793611,   15, 0.00,    7, 0.000, 0.000, 0.050,  8
val,      2459, -28.501913, 0.6000,  13.9000,   5.2000, 0.4000,  20.7214
train,    2460, 28.967352,   16, 0.00,    6, 0.000, 0.000, 0.050,  8
train,    2461, 29.119487,   14, 0.00,    8, 0.000, 0.000, 0.050,  8
train,    2462, 15.122408,   17, 0.00,    6, 0.000, 0.000, 0.050,  8
train,    2463, 44.084991,   16, 0.00,    5, 0.000, 0.000, 0.050,  8
train,    2464, 42.075338,   17, 0.00,    5, 0.000, 0.000, 0.050,  8
train,    2465, -48.283024,   17, 1.00,   10, 0.000, 0.000, 0.050,  8
train,    2466, -55.327381,   14, 1.00,    7, 0.000, 0.000, 0.050,  8
train,    2467, -59.654688,   11, 1.00,    5, 0.000, 0.000, 0.050,  8
train,    2468, 22.322524,   17, 0.00,    8, 0.000, 0.000, 0.050,  8
train,    2469, 22.209724,   17, 0.00,    8, 0.000, 0.000, 0.050,  8
val,      2469, -34.966320, 0.7000,  13.8000,   4.9000, 0.3000,  20.4570
train,    2470, -73.037596,   13, 1.00,    5, 0.000, 0.000, 0.050,  8
train,    2471, 41.259354,   17, 0.00,    7, 0.000, 0.000, 0.050,  8
train,    2472, 13.235327,   16, 0.00,    8, 0.000, 0.000, 0.050,  8
train,    2473, 34.189075,   17, 0.00,    6, 0.000, 0.000, 0.050,  8
update,   2473,   70,  527, 1.082045, -0.000000
train,    2474, 33.853781,   17, 0.00,    6, 0.000, 0.000, 0.050,  8
train,    2475, 11.718797,   16, 0.00,    3, 0.000, 0.000, 0.050,  8
train,    2476, -61.089758,   11, 1.00,    4, 0.000, 0.000, 0.050,  8
train,    2477, -61.575095,   11, 1.00,    5, 0.000, 0.000, 0.050,  8
train,    2478, 25.990409,   16, 0.00,    5, 0.000, 0.000, 0.050,  8
train,    2479, 16.250999,   16, 0.00,    6, 0.000, 0.000, 0.050,  8
val,      2479, -12.751369, 0.5000,  14.8000,   5.7000, 0.5000,  20.3969
train,    2480, -61.215702,   11, 1.00,    4, 0.000, 0.000, 0.050,  8
train,    2481, 22.693233,   17, 0.00,    6, 0.000, 0.000, 0.050,  8
train,    2482, 43.936219,   16, 0.00,    6, 0.000, 0.000, 0.050,  8
train,    2483, 23.821654,   17, 0.00,    2, 0.000, 0.000, 0.050,  8
train,    2484, 25.593297,   17, 0.00,    7, 0.000, 0.000, 0.050,  8
train,    2485, -62.820730,   11, 1.00,    8, 0.000, 0.000, 0.050,  8
train,    2486, 23.424110,   17, 0.00,    4, 0.000, 0.000, 0.050,  8
train,    2487, -61.645852,   11, 1.00,    4, 0.000, 0.000, 0.050,  8
train,    2488, 25.327104,   14, 0.00,    6, 0.000, 0.000, 0.050,  8
train,    2489, 10.322268,   17, 0.00,    4, 0.000, 0.000, 0.050,  8
val,      2489, -33.475508, 0.7000,  13.5000,   5.8000, 0.3000,  20.4968
train,    2490, 23.513704,   17, 0.00,    4, 0.000, 0.000, 0.050,  8
train,    2491, 41.668904,   17, 0.00,    6, 0.000, 0.000, 0.050,  8
train,    2492, -62.289856,   11, 1.00,    6, 0.000, 0.000, 0.050,  8
train,    2493, 33.886980,   17, 0.00,    7, 0.000, 0.000, 0.050,  8
train,    2494, -55.440908,   16, 1.00,    4, 0.000, 0.000, 0.050,  8
train,    2495, -59.014279,   14, 1.00,    5, 0.000, 0.000, 0.050,  8
train,    2496, 17.845454,   16, 0.00,    4, 0.000, 0.000, 0.050,  8
train,    2497, -62.591244,   11, 1.00,    7, 0.000, 0.000, 0.050,  8
train,    2498, -54.875770,   17, 1.00,    7, 0.000, 0.000, 0.050,  8
train,    2499, -2.681290,   17, 0.00,    8, 0.000, 0.000, 0.050,  8
val,      2499, -22.405298, 0.6000,  15.0000,   5.3000, 0.4000,  20.4620
train,    2500, -62.581189,   11, 1.00,    5, 0.000, 0.000, 0.050,  8
train,    2501, 37.566766,   17, 0.00,    8, 0.000, 0.000, 0.050,  8
train,    2502, -59.489668,   13, 1.00,    6, 0.000, 0.000, 0.050,  8
train,    2503, 42.042005,   17, 0.00,    5, 0.000, 0.000, 0.050,  8
train,    2504, -66.643397,   12, 1.00,    7, 0.000, 0.000, 0.050,  8
train,    2505, -57.512846,   11, 1.00,    8, 0.000, 0.000, 0.050,  8
train,    2506, 42.806607,   15, 0.00,    6, 0.000, 0.000, 0.050,  8
train,    2507, -62.041411,   14, 1.00,    5, 0.000, 0.000, 0.050,  8
train,    2508, 4.864699,   16, 0.00,    6, 0.000, 0.000, 0.050,  8
update,   2508,   71,  514, -1.450133, -0.000000
train,    2509, 41.857268,   17, 0.00,    6, 0.000, 0.000, 0.050,  8
val,      2509, -25.207307, 0.6000,  14.0000,   5.1000, 0.4000,  20.5711
train,    2510, -44.717862,   11, 1.00,    5, 0.000, 0.000, 0.050,  8
train,    2511, 41.178907,   16, 0.00,    5, 0.000, 0.000, 0.050,  8
train,    2512, 43.741375,   16, 0.00,    7, 0.000, 0.000, 0.050,  8
train,    2513, 37.906275,   17, 0.00,    7, 0.000, 0.000, 0.050,  8
train,    2514, 26.109483,   17, 0.00,    8, 0.000, 0.000, 0.050,  8
train,    2515, -57.549060,   16, 1.00,    7, 0.000, 0.000, 0.050,  8
train,    2516, 34.983987,   17, 0.00,    4, 0.000, 0.000, 0.050,  8
train,    2517, 16.942150,   16, 0.00,    7, 0.000, 0.000, 0.050,  8
train,    2518, 28.532741,   16, 0.00,    7, 0.000, 0.000, 0.050,  8
train,    2519, 15.946787,   17, 0.00,    4, 0.000, 0.000, 0.050,  8
val,      2519, -10.789632, 0.5000,  14.8000,   5.4000, 0.5000,  20.3452
train,    2520, -53.583015,   17, 1.00,    4, 0.000, 0.000, 0.050,  8
train,    2521, 41.162355,   17, 0.00,    8, 0.000, 0.000, 0.050,  8
train,    2522, -56.592738,   16, 1.00,    6, 0.000, 0.000, 0.050,  8
train,    2523, 23.108671,   17, 0.00,    5, 0.000, 0.000, 0.050,  8
train,    2524, 15.819952,   17, 0.00,    4, 0.000, 0.000, 0.050,  8
train,    2525, -73.351589,   13, 1.00,    6, 0.000, 0.000, 0.050,  8
train,    2526, 23.424110,   17, 0.00,    4, 0.000, 0.000, 0.050,  8
train,    2527, -65.182076,   12, 1.00,    6, 0.000, 0.000, 0.050,  8
train,    2528, -63.939871,   12, 1.00,    3, 0.000, 0.000, 0.050,  8
train,    2529, 41.990601,   17, 0.00,    6, 0.000, 0.000, 0.050,  8
val,      2529, -34.801082, 0.7000,  14.9000,   5.5000, 0.3000,  20.6091
train,    2530, 41.178907,   16, 0.00,    5, 0.000, 0.000, 0.050,  8
train,    2531, 25.581335,   16, 0.00,    7, 0.000, 0.000, 0.050,  8
train,    2532, -72.393573,   13, 1.00,    3, 0.000, 0.000, 0.050,  8
train,    2533, -1.899009,   17, 0.00,    5, 0.000, 0.000, 0.050,  8
train,    2534, -67.678804,   13, 1.00,    5, 0.000, 0.000, 0.050,  8
train,    2535, 37.531364,   17, 0.00,    8, 0.000, 0.000, 0.050,  8
train,    2536, 20.497974,   16, 0.00,    6, 0.000, 0.000, 0.050,  8
train,    2537, 42.108671,   17, 0.00,    5, 0.000, 0.000, 0.050,  8
train,    2538, -48.547707,   16, 1.00,    5, 0.000, 0.000, 0.050,  8
train,    2539, -58.338414,    9, 1.00,    7, 0.000, 0.000, 0.050,  8
val,      2539, -46.097146, 0.8000,  12.9000,   5.4000, 0.2000,  20.8274
train,    2540, 22.294461,   17, 0.00,    7, 0.000, 0.000, 0.050,  8
train,    2541, -47.608770,   11, 1.00,    6, 0.000, 0.000, 0.050,  8
train,    2542, 6.593297,   17, 0.00,    7, 0.000, 0.000, 0.050,  8
update,   2542,   72,  526, 5.682342, -0.000000
train,    2543, 20.150447,   16, 0.00,    6, 0.000, 0.000, 0.050,  8
train,    2544, 16.725937,   16, 0.00,    5, 0.000, 0.000, 0.050,  8
train,    2545, -60.018075,   11, 1.00,    7, 0.000, 0.000, 0.050,  8
train,    2546, -61.239922,   11, 1.00,    6, 0.000, 0.000, 0.050,  8
train,    2547, -62.810615,   11, 1.00,    8, 0.000, 0.000, 0.050,  8
train,    2548, -61.672982,   11, 1.00,    4, 0.000, 0.000, 0.050,  8
train,    2549, -63.004147,   11, 1.00,    6, 0.000, 0.000, 0.050,  8
val,      2549, -51.745741, 0.9000,  12.9000,   5.1000, 0.1000,  20.8126
train,    2550, 43.971140,   16, 0.00,    6, 0.000, 0.000, 0.050,  8
train,    2551, 38.143679,   17, 0.00,    6, 0.000, 0.000, 0.050,  8
train,    2552, 41.923934,   17, 0.00,    6, 0.000, 0.000, 0.050,  8
train,    2553, 40.846917,   17, 0.00,    9, 0.000, 0.000, 0.050,  8
train,    2554, 9.205191,   16, 0.00,    5, 0.000, 0.000, 0.050,  8
train,    2555, 22.845901,   17, 0.00,    7, 0.000, 0.000, 0.050,  8
train,    2556, 41.293057,   17, 0.00,    8, 0.000, 0.000, 0.050,  8
train,    2557, -47.376240,   17, 1.00,    6, 0.000, 0.000, 0.050,  8
train,    2558, -65.274045,   16, 1.00,    8, 0.000, 0.000, 0.050,  8
train,    2559, -60.770357,   12, 1.00,    4, 0.000, 0.000, 0.050,  8
val,      2559, -28.582639, 0.6000,  14.2000,   5.1000, 0.4000,  20.6935
train,    2560, -56.720470,   14, 1.00,    7, 0.000, 0.000, 0.050,  8
train,    2561, 26.044475,   17, 0.00,    8, 0.000, 0.000, 0.050,  8
train,    2562, 41.477794,   17, 0.00,    7, 0.000, 0.000, 0.050,  8
train,    2563, -55.109083,   16, 1.00,    4, 0.000, 0.000, 0.050,  8
train,    2564, -70.330377,   14, 1.00,    4, 0.000, 0.000, 0.050,  8
train,    2565, -57.507447,   11, 1.00,    8, 0.000, 0.000, 0.050,  8
train,    2566, -72.068284,   13, 1.00,    2, 0.000, 0.000, 0.050,  8
train,    2567, 29.187174,   16, 0.00,    5, 0.000, 0.000, 0.050,  8
train,    2568, 15.945711,   16, 0.00,    7, 0.000, 0.000, 0.050,  8
train,    2569, 23.206040,   17, 0.00,    5, 0.000, 0.000, 0.050,  8
val,      2569, -32.955371, 0.7000,  14.0000,   5.1000, 0.3000,  20.5846
train,    2570, -58.595839,   14, 1.00,    5, 0.000, 0.000, 0.050,  8
train,    2571, 18.086654,   16, 0.00,    5, 0.000, 0.000, 0.050,  8
train,    2572, -63.207770,   10, 1.00,    4, 0.000, 0.000, 0.050,  8
train,    2573, -61.897050,   12, 1.00,    7, 0.000, 0.000, 0.050,  8
train,    2574, 21.990303,   16, 0.00,    6, 0.000, 0.000, 0.050,  8
train,    2575, -68.151851,   13, 1.00,    4, 0.000, 0.000, 0.050,  8
train,    2576, 41.726566,   17, 0.00,    6, 0.000, 0.000, 0.050,  8
train,    2577, -75.427928,   13, 1.00,    5, 0.000, 0.000, 0.050,  8
train,    2578, 41.675163,   17, 0.00,    7, 0.000, 0.000, 0.050,  8
update,   2578,   73,  528, -4.626522, 0.000000
train,    2579, -55.973558,   16, 1.00,    6, 0.000, 0.000, 0.050,  8
val,      2579, -25.303950, 0.6000,  14.5000,   5.6000, 0.4000,  20.4680
train,    2580, -76.081963,   13, 1.00,    5, 0.000, 0.000, 0.050,  8
train,    2581, 25.147874,   14, 0.00,    7, 0.000, 0.000, 0.050,  8
train,    2582, 23.390777,   17, 0.00,    4, 0.000, 0.000, 0.050,  8
train,    2583, 25.962451,   16, 0.00,    6, 0.000, 0.000, 0.050,  8
train,    2584, 41.918148,   17, 0.00,    6, 0.000, 0.000, 0.050,  8
train,    2585, -70.814145,   12, 1.00,    5, 0.000, 0.000, 0.050,  8
train,    2586, -77.287215,   14, 1.00,    8, 0.000, 0.000, 0.050,  8
train,    2587, -56.021577,   16, 1.00,    5, 0.000, 0.000, 0.050,  8
train,    2588, -67.536605,   17, 1.00,    3, 0.000, 0.000, 0.050,  8
train,    2589, -66.923615,   11, 1.00,    7, 0.000, 0.000, 0.050,  8
val,      2589, -12.954360, 0.5000,  15.3000,   5.9000, 0.5000,  20.3003
train,    2590, -62.290696,   11, 1.00,    3, 0.000, 0.000, 0.050,  8
train,    2591, -39.584831,   16, 1.00,    5, 0.000, 0.000, 0.050,  8
train,    2592, 28.932833,   17, 0.00,    9, 0.000, 0.000, 0.050,  8
train,    2593, -56.210675,   14, 1.00,    8, 0.000, 0.000, 0.050,  8
train,    2594, 22.702237,   17, 0.00,    6, 0.000, 0.000, 0.050,  8
train,    2595, -56.243312,   16, 1.00,    6, 0.000, 0.000, 0.050,  8
train,    2596, 41.571296,   17, 0.00,    7, 0.000, 0.000, 0.050,  8
train,    2597, -54.511935,   17, 1.00,    3, 0.000, 0.000, 0.050,  8
train,    2598, -59.685226,   10, 1.00,    5, 0.000, 0.000, 0.050,  8
train,    2599, 22.793233,   17, 0.00,    6, 0.000, 0.000, 0.050,  8
val,      2599, -21.332238, 0.6000,  14.7000,   6.4000, 0.4000,  20.5287
train,    2600, 41.702237,   17, 0.00,    6, 0.000, 0.000, 0.050,  8
train,    2601, -81.661465,   16, 1.00,    4, 0.000, 0.000, 0.050,  8
train,    2602, -64.987881,   12, 1.00,    5, 0.000, 0.000, 0.050,  8
train,    2603, 42.343118,   17, 0.00,    4, 0.000, 0.000, 0.050,  8
train,    2604, -60.616911,   16, 1.00,    6, 0.000, 0.000, 0.050,  8
train,    2605, 17.013601,   16, 0.00,    5, 0.000, 0.000, 0.050,  8
train,    2606, -75.749894,   13, 1.00,    3, 0.000, 0.000, 0.050,  8
train,    2607, -61.709617,   12, 1.00,    6, 0.000, 0.000, 0.050,  8
train,    2608, 40.813584,   17, 0.00,    9, 0.000, 0.000, 0.050,  8
train,    2609, -76.335388,   14, 1.00,    5, 0.000, 0.000, 0.050,  8
val,      2609, -33.697061, 0.7000,  13.4000,   5.8000, 0.3000,  20.6281
train,    2610, -69.004691,   13, 1.00,    6, 0.000, 0.000, 0.050,  8
train,    2611, -59.865124,   11, 1.00,    7, 0.000, 0.000, 0.050,  8
train,    2612, 21.405173,   16, 0.00,    6, 0.000, 0.000, 0.050,  8
train,    2613, -41.148710,   16, 1.00,    6, 0.000, 0.000, 0.050,  8
update,   2613,   74,  521, -15.410460, 0.000000
train,    2614, 39.614505,   16, 0.00,    8, 0.000, 0.000, 0.050,  8
train,    2615, 28.574935,   16, 0.00,    7, 0.000, 0.000, 0.050,  8
train,    2616, 19.220005,   17, 0.00,    6, 0.000, 0.000, 0.050,  8
train,    2617, -61.473909,   12, 1.00,    7, 0.000, 0.000, 0.050,  8
train,    2618, -41.294371,   14, 1.00,    9, 0.000, 0.000, 0.050,  8
train,    2619, -58.589290,   14, 1.00,    5, 0.000, 0.000, 0.050,  8
val,      2619, 7.972928, 0.3000,  15.2000,   6.8000, 0.7000,  20.3828
train,    2620, 29.225455,   16, 0.00,    4, 0.000, 0.000, 0.050,  8
train,    2621, 23.357443,   17, 0.00,    4, 0.000, 0.000, 0.050,  8
train,    2622, 26.475061,   17, 0.00,    7, 0.000, 0.000, 0.050,  8
train,    2623, -60.551677,   10, 1.00,    6, 0.000, 0.000, 0.050,  8
train,    2624, 41.129022,   17, 0.00,    8, 0.000, 0.000, 0.050,  8
train,    2625, -59.732665,   10, 1.00,    6, 0.000, 0.000, 0.050,  8
train,    2626, -60.217049,   16, 1.00,    8, 0.000, 0.000, 0.050,  8
train,    2627, -63.846971,   10, 1.00,    7, 0.000, 0.000, 0.050,  8
train,    2628, -51.399435,   15, 1.00,    9, 0.000, 0.000, 0.050,  8
train,    2629, 27.529325,   17, 0.00,    3, 0.000, 0.000, 0.050,  8
val,      2629, -32.428605, 0.7000,  14.1000,   4.9000, 0.3000,  20.5015
train,    2630, 34.437847,   17, 0.00,    5, 0.000, 0.000, 0.050,  8
train,    2631, 22.816160,   17, 0.00,    6, 0.000, 0.000, 0.050,  8
train,    2632, 33.538208,   17, 0.00,    8, 0.000, 0.000, 0.050,  8
train,    2633, -65.846683,   14, 1.00,    7, 0.000, 0.000, 0.050,  8
train,    2634, 31.382734,   13, 0.00,    9, 0.000, 0.000, 0.050,  8
train,    2635, -61.647879,   11, 1.00,    4, 0.000, 0.000, 0.050,  8
train,    2636, -38.371990,   12, 1.00,    8, 0.000, 0.000, 0.050,  8
train,    2637, 23.025223,   16, 0.00,    2, 0.000, 0.000, 0.050,  8
train,    2638, 15.222408,   17, 0.00,    6, 0.000, 0.000, 0.050,  8
train,    2639, -64.817765,   13, 1.00,    4, 0.000, 0.000, 0.050,  8
val,      2639, -32.990599, 0.7000,  13.9000,   5.6000, 0.3000,  20.4900
train,    2640, 30.396471,   17, 0.00,    4, 0.000, 0.000, 0.050,  8
train,    2641, -88.595787,   12, 1.00,    5, 0.000, 0.000, 0.050,  8
train,    2642, -64.127796,   11, 1.00,    6, 0.000, 0.000, 0.050,  8
train,    2643, 14.402927,   17, 0.00,    9, 0.000, 0.000, 0.050,  8
train,    2644, -62.853991,   11, 1.00,    5, 0.000, 0.000, 0.050,  8
train,    2645, 41.210620,   17, 0.00,    8, 0.000, 0.000, 0.050,  8
train,    2646, 29.242652,   17, 0.00,    8, 0.000, 0.000, 0.050,  8
train,    2647, -75.659404,   13, 1.00,    3, 0.000, 0.000, 0.050,  8
train,    2648, -59.258169,   11, 1.00,    4, 0.000, 0.000, 0.050,  8
train,    2649, -62.298223,   11, 1.00,    6, 0.000, 0.000, 0.050,  8
update,   2649,   75,  518, -5.056331, 0.000000
val,      2649, -25.739099, 0.6000,  14.2000,   6.0000, 0.4000,  20.5351
train,    2650, -61.470459,   12, 1.00,    6, 0.000, 0.000, 0.050,  8
train,    2651, -73.030018,   13, 1.00,    5, 0.000, 0.000, 0.050,  8
train,    2652, -58.448515,   12, 1.00,    6, 0.000, 0.000, 0.050,  8
train,    2653, -55.418020,   16, 1.00,    5, 0.000, 0.000, 0.050,  8
train,    2654, -60.791626,   11, 1.00,    4, 0.000, 0.000, 0.050,  8
train,    2655, -69.106105,   14, 1.00,    9, 0.000, 0.000, 0.050,  8
train,    2656, 25.304138,   17, 0.00,    7, 0.000, 0.000, 0.050,  8
train,    2657, -76.291678,   13, 1.00,    5, 0.000, 0.000, 0.050,  8
train,    2658, 38.560793,   17, 0.00,    5, 0.000, 0.000, 0.050,  8
train,    2659, 43.769553,   16, 0.00,    6, 0.000, 0.000, 0.050,  8
val,      2659, -14.502888, 0.5000,  15.3000,   6.8000, 0.5000,  20.3948
train,    2660, 40.396626,   16, 0.00,    8, 0.000, 0.000, 0.050,  8
train,    2661, 21.863468,   16, 0.00,    6, 0.000, 0.000, 0.050,  8
train,    2662, -61.173612,   11, 1.00,    6, 0.000, 0.000, 0.050,  8
train,    2663, 45.193966,   14, 0.00,    8, 0.000, 0.000, 0.050,  8
train,    2664, 22.608496,   17, 0.00,    7, 0.000, 0.000, 0.050,  8
train,    2665, -55.835711,   16, 1.00,    5, 0.000, 0.000, 0.050,  8
train,    2666, -72.988953,   14, 1.00,    5, 0.000, 0.000, 0.050,  8
train,    2667, -68.697139,   13, 1.00,    5, 0.000, 0.000, 0.050,  8
train,    2668, 40.548030,   16, 0.00,    7, 0.000, 0.000, 0.050,  8
train,    2669, 19.339084,   17, 0.00,    6, 0.000, 0.000, 0.050,  8
val,      2669, -23.633956, 0.6000,  13.9000,   5.1000, 0.4000,  20.5504
train,    2670, -36.978166,   16, 1.00,    7, 0.000, 0.000, 0.050,  8
train,    2671, -2.441173,   17, 0.00,    7, 0.000, 0.000, 0.050,  8
train,    2672, -72.791238,   13, 1.00,    4, 0.000, 0.000, 0.050,  8
train,    2673, -68.316682,   13, 1.00,    5, 0.000, 0.000, 0.050,  8
train,    2674, 27.082863,   17, 0.00,    5, 0.000, 0.000, 0.050,  8
train,    2675, -64.708396,   12, 1.00,    5, 0.000, 0.000, 0.050,  8
train,    2676, 22.693233,   17, 0.00,    6, 0.000, 0.000, 0.050,  8
train,    2677, -58.606439,   14, 1.00,    5, 0.000, 0.000, 0.050,  8
train,    2678, -62.612409,   11, 1.00,    7, 0.000, 0.000, 0.050,  8
train,    2679, -61.664005,   11, 1.00,    4, 0.000, 0.000, 0.050,  8
val,      2679, -44.037948, 0.8000,  13.7000,   4.8000, 0.2000,  20.6327
train,    2680, 15.733296,   17, 0.00,    4, 0.000, 0.000, 0.050,  8
train,    2681, 32.618835,   16, 0.00,    6, 0.000, 0.000, 0.050,  8
train,    2682, -59.177445,   17, 1.00,    7, 0.000, 0.000, 0.050,  8
train,    2683, 23.127679,   17, 0.00,    5, 0.000, 0.000, 0.050,  8
train,    2684, -78.914333,   13, 1.00,    5, 0.000, 0.000, 0.050,  8
update,   2684,   76,  512, -12.732614, -0.000000
train,    2685, -69.438569,   13, 1.00,    6, 0.000, 0.000, 0.050,  8
train,    2686, -75.843356,   14, 1.00,    3, 0.000, 0.000, 0.050,  8
train,    2687, -72.937089,   13, 1.00,    5, 0.000, 0.000, 0.050,  8
train,    2688, -69.123130,   13, 1.00,    5, 0.000, 0.000, 0.050,  8
train,    2689, 22.290214,   17, 0.00,    8, 0.000, 0.000, 0.050,  8
val,      2689, -4.388596, 0.4000,  14.9000,   6.9000, 0.6000,  20.4143
train,    2690, -40.710170,   14, 1.00,    7, 0.000, 0.000, 0.050,  8
train,    2691, -69.123130,   13, 1.00,    5, 0.000, 0.000, 0.050,  8
train,    2692, 22.486799,   17, 0.00,    7, 0.000, 0.000, 0.050,  8
train,    2693, 42.176349,   15, 0.00,    8, 0.000, 0.000, 0.050,  8
train,    2694, -61.753964,   11, 1.00,    6, 0.000, 0.000, 0.050,  8
train,    2695, -69.664691,   16, 1.00,    8, 0.000, 0.000, 0.050,  8
train,    2696, 22.693233,   17, 0.00,    6, 0.000, 0.000, 0.050,  8
train,    2697, 23.108671,   17, 0.00,    5, 0.000, 0.000, 0.050,  8
train,    2698, -1.768307,   17, 0.00,    5, 0.000, 0.000, 0.050,  8
train,    2699, -72.775907,   13, 1.00,    4, 0.000, 0.000, 0.050,  8
val,      2699, -40.162911, 0.8000,  14.1000,   5.7000, 0.2000,  20.4774
train,    2700, -58.564894,   12, 1.00,    5, 0.000, 0.000, 0.050,  8
train,    2701, 40.600247,   16, 0.00,    7, 0.000, 0.000, 0.050,  8
train,    2702, -57.956058,   12, 1.00,    5, 0.000, 0.000, 0.050,  8
train,    2703, -61.979412,   12, 1.00,    7, 0.000, 0.000, 0.050,  8
train,    2704, 19.103849,   16, 0.00,    4, 0.000, 0.000, 0.050,  8
train,    2705, 25.277859,   17, 0.00,    8, 0.000, 0.000, 0.050,  8
train,    2706, -61.081349,   11, 1.00,    4, 0.000, 0.000, 0.050,  8
train,    2707, -76.175508,   13, 1.00,    3, 0.000, 0.000, 0.050,  8
train,    2708, 42.491169,   15, 0.00,    7, 0.000, 0.000, 0.050,  8
train,    2709, 23.083241,   17, 0.00,    6, 0.000, 0.000, 0.050,  8
val,      2709, -23.498090, 0.6000,  15.1000,   6.0000, 0.4000,  20.4014
train,    2710, 40.561374,   16, 0.00,    7, 0.000, 0.000, 0.050,  8
train,    2711, 25.452235,   16, 0.00,    7, 0.000, 0.000, 0.050,  8
train,    2712, 38.957900,   17, 0.00,    3, 0.000, 0.000, 0.050,  8
train,    2713, -50.624580,   16, 1.00,    7, 0.000, 0.000, 0.050,  8
train,    2714, -57.132443,   14, 1.00,    6, 0.000, 0.000, 0.050,  8
train,    2715, 25.335568,   16, 0.00,    5, 0.000, 0.000, 0.050,  8
train,    2716, -46.547801,   15, 1.00,    5, 0.000, 0.000, 0.050,  8
train,    2717, 20.364380,   16, 0.00,    5, 0.000, 0.000, 0.050,  8
train,    2718, 21.876813,   16, 0.00,    6, 0.000, 0.000, 0.050,  8
train,    2719, -56.355604,    8, 1.00,    7, 0.000, 0.000, 0.050,  8
val,      2719, -36.030009, 0.7000,  13.7000,   5.0000, 0.3000,  20.7711
train,    2720, -62.161512,   11, 1.00,    7, 0.000, 0.000, 0.050,  8
update,   2720,   77,  522, -10.245555, -0.000000
train,    2721, 21.981287,   16, 0.00,    4, 0.000, 0.000, 0.050,  8
train,    2722, 40.863468,   16, 0.00,    6, 0.000, 0.000, 0.050,  8
train,    2723, 42.306040,   17, 0.00,    5, 0.000, 0.000, 0.050,  8
train,    2724, 37.225462,   17, 0.00,    9, 0.000, 0.000, 0.050,  8
train,    2725, 22.502971,   16, 0.00,    3, 0.000, 0.000, 0.050,  8
train,    2726, -41.332723,   16, 1.00,    8, 0.000, 0.000, 0.050,  8
train,    2727, -59.815977,   16, 1.00,    4, 0.000, 0.000, 0.050,  8
train,    2728, 41.162355,   17, 0.00,    8, 0.000, 0.000, 0.050,  8
train,    2729, 26.256455,   16, 0.00,    5, 0.000, 0.000, 0.050,  8
val,      2729, -45.930260, 0.8000,  13.7000,   5.1000, 0.2000,  20.6930
train,    2730, 28.865513,   16, 0.00,    6, 0.000, 0.000, 0.050,  8
train,    2731, 42.042005,   17, 0.00,    5, 0.000, 0.000, 0.050,  8
train,    2732, 41.886735,   17, 0.00,    6, 0.000, 0.000, 0.050,  8
train,    2733, 42.108671,   17, 0.00,    5, 0.000, 0.000, 0.050,  8
train,    2734, -62.759832,   10, 1.00,    4, 0.000, 0.000, 0.050,  8
train,    2735, -62.490114,   11, 1.00,    7, 0.000, 0.000, 0.050,  8
train,    2736, -42.516125,   13, 1.00,    7, 0.000, 0.000, 0.050,  8
train,    2737, -57.937781,   14, 1.00,    5, 0.000, 0.000, 0.050,  8
train,    2738, 29.049163,   14, 0.00,    8, 0.000, 0.000, 0.050,  8
train,    2739, 41.386799,   17, 0.00,    7, 0.000, 0.000, 0.050,  8
val,      2739, -23.101268, 0.6000,  14.0000,   5.8000, 0.4000,  20.5179
train,    2740, -60.378420,   13, 1.00,    5, 0.000, 0.000, 0.050,  8
train,    2741, -57.850653,   10, 1.00,    7, 0.000, 0.000, 0.050,  8
train,    2742, -68.928745,   13, 1.00,    7, 0.000, 0.000, 0.050,  8
train,    2743, 14.755566,   17, 0.00,    8, 0.000, 0.000, 0.050,  8
train,    2744, 25.579000,   16, 0.00,    7, 0.000, 0.000, 0.050,  8
train,    2745, -61.541410,   11, 1.00,    5, 0.000, 0.000, 0.050,  8
train,    2746, 15.649808,   16, 0.00,    5, 0.000, 0.000, 0.050,  8
train,    2747, 40.548030,   16, 0.00,    7, 0.000, 0.000, 0.050,  8
train,    2748, 43.456358,   15, 0.00,    6, 0.000, 0.000, 0.050,  8
train,    2749, 40.969845,   17, 0.00,    9, 0.000, 0.000, 0.050,  8
val,      2749, -22.901874, 0.6000,  14.6000,   6.1000, 0.4000,  20.5502
train,    2750, 21.857085,   17, 0.00,    9, 0.000, 0.000, 0.050,  8
train,    2751, -59.938624,   16, 1.00,    5, 0.000, 0.000, 0.050,  8
train,    2752, 23.539208,   15, 0.00,    5, 0.000, 0.000, 0.050,  8
train,    2753, 41.010952,   17, 0.00,    9, 0.000, 0.000, 0.050,  8
train,    2754, 26.885795,   17, 0.00,    6, 0.000, 0.000, 0.050,  8
update,   2754,   78,  519, 8.708155, -0.000000
train,    2755, -60.599728,   10, 1.00,    7, 0.000, 0.000, 0.050,  8
train,    2756, -75.507432,   13, 1.00,    2, 0.000, 0.000, 0.050,  8
train,    2757, 42.062690,   17, 0.00,    5, 0.000, 0.000, 0.050,  8
train,    2758, 19.749953,   16, 0.00,    8, 0.000, 0.000, 0.050,  8
train,    2759, -73.096860,   13, 1.00,    5, 0.000, 0.000, 0.050,  8
val,      2759, -24.764270, 0.6000,  14.0000,   5.7000, 0.4000,  20.5188
train,    2760, -72.461936,   13, 1.00,    3, 0.000, 0.000, 0.050,  8
train,    2761, 43.121925,   15, 0.00,    5, 0.000, 0.000, 0.050,  8
train,    2762, -59.036194,   11, 1.00,    7, 0.000, 0.000, 0.050,  8
train,    2763, 37.366733,   17, 0.00,    9, 0.000, 0.000, 0.050,  8
train,    2764, -38.999750,   17, 1.00,    6, 0.000, 0.000, 0.050,  8
train,    2765, -68.599845,   13, 1.00,    6, 0.000, 0.000, 0.050,  8
train,    2766, -59.377222,   17, 1.00,    7, 0.000, 0.000, 0.050,  8
train,    2767, -68.506965,   13, 1.00,    5, 0.000, 0.000, 0.050,  8
train,    2768, -60.371941,   13, 1.00,    5, 0.000, 0.000, 0.050,  8
train,    2769, 34.451190,   17, 0.00,    5, 0.000, 0.000, 0.050,  8
val,      2769, -33.914254, 0.7000,  14.7000,   5.7000, 0.3000,  20.5572
train,    2770, 23.803584,   17, 0.00,    3, 0.000, 0.000, 0.050,  8
train,    2771, 20.831095,   16, 0.00,    8, 0.000, 0.000, 0.050,  8
train,    2772, -59.695465,   10, 1.00,    5, 0.000, 0.000, 0.050,  8
train,    2773, 41.162355,   17, 0.00,    8, 0.000, 0.000, 0.050,  8
train,    2774, 40.548030,   16, 0.00,    7, 0.000, 0.000, 0.050,  8
train,    2775, -60.157407,   10, 1.00,    7, 0.000, 0.000, 0.050,  8
train,    2776, 16.536781,   17, 0.00,    7, 0.000, 0.000, 0.050,  8
train,    2777, -64.964138,   12, 1.00,    5, 0.000, 0.000, 0.050,  8
train,    2778, -68.089790,   13, 1.00,    5, 0.000, 0.000, 0.050,  8
train,    2779, -59.889985,   10, 1.00,    5, 0.000, 0.000, 0.050,  8
val,      2779, -36.882003, 0.7000,  14.3000,   6.5000, 0.3000,  20.6483
train,    2780, -74.538292,   13, 1.00,    5, 0.000, 0.000, 0.050,  8
train,    2781, -61.260074,   11, 1.00,    4, 0.000, 0.000, 0.050,  8
train,    2782, 42.075338,   17, 0.00,    5, 0.000, 0.000, 0.050,  8
train,    2783, 22.886735,   17, 0.00,    6, 0.000, 0.000, 0.050,  8
train,    2784, -2.778658,   17, 0.00,    8, 0.000, 0.000, 0.050,  8
train,    2785, -61.474215,   12, 1.00,    6, 0.000, 0.000, 0.050,  8
train,    2786, 23.324110,   17, 0.00,    4, 0.000, 0.000, 0.050,  8
train,    2787, 33.087489,   17, 0.00,   10, 0.000, 0.000, 0.050,  8
train,    2788, 19.707410,   17, 0.00,    4, 0.000, 0.000, 0.050,  8
train,    2789, -77.201321,   14, 1.00,    7, 0.000, 0.000, 0.050,  8
val,      2789, -51.226276, 0.9000,  13.7000,   5.4000, 0.1000,  20.4572
train,    2790, 22.494346,   16, 0.00,    4, 0.000, 0.000, 0.050,  8
update,   2790,   79,  521, -8.280384, -0.000000
train,    2791, -50.000375,   12, 1.00,    6, 0.000, 0.000, 0.050,  8
train,    2792, -68.252190,   14, 1.00,    6, 0.000, 0.000, 0.050,  8
train,    2793, -59.390480,   16, 1.00,    6, 0.000, 0.000, 0.050,  8
train,    2794, -65.327474,   12, 1.00,    7, 0.000, 0.000, 0.050,  8
train,    2795, -57.942484,   17, 1.00,    5, 0.000, 0.000, 0.050,  8
train,    2796, -65.268296,   12, 1.00,    6, 0.000, 0.000, 0.050,  8
train,    2797, -60.097370,   12, 1.00,    6, 0.000, 0.000, 0.050,  8
train,    2798, -41.187042,   14, 1.00,    9, 0.000, 0.000, 0.050,  8
train,    2799, -72.826520,   13, 1.00,    5, 0.000, 0.000, 0.050,  8
val,      2799, -5.243405, 0.4000,  15.7000,   5.2000, 0.6000,  20.4190
train,    2800, -38.534515,   17, 1.00,    7, 0.000, 0.000, 0.050,  8
train,    2801, 41.984343,   17, 0.00,    5, 0.000, 0.000, 0.050,  8
train,    2802, -61.736560,   11, 1.00,    5, 0.000, 0.000, 0.050,  8
train,    2803, -55.921267,   16, 1.00,    5, 0.000, 0.000, 0.050,  8
train,    2804, 25.780996,   16, 0.00,    6, 0.000, 0.000, 0.050,  8
train,    2805, -68.408354,   13, 1.00,    5, 0.000, 0.000, 0.050,  8
train,    2806, -59.680212,   10, 1.00,    5, 0.000, 0.000, 0.050,  8
train,    2807, -77.552205,   13, 1.00,    4, 0.000, 0.000, 0.050,  8
train,    2808, -60.802467,   15, 1.00,    5, 0.000, 0.000, 0.050,  8
train,    2809, 25.093261,   16, 0.00,    8, 0.000, 0.000, 0.050,  8
val,      2809, -36.391518, 0.7000,  14.3000,   4.8000, 0.3000,  20.5558
train,    2810, 27.867545,   15, 0.00,    5, 0.000, 0.000, 0.050,  8
train,    2811, 34.534845,   17, 0.00,    4, 0.000, 0.000, 0.050,  8
train,    2812, 33.873636,   17, 0.00,    7, 0.000, 0.000, 0.050,  8
train,    2813, -83.650929,   14, 1.00,    5, 0.000, 0.000, 0.050,  8
train,    2814, -64.193454,   14, 1.00,    3, 0.000, 0.000, 0.050,  8
train,    2815, 14.830408,   17, 0.00,    6, 0.000, 0.000, 0.050,  8
train,    2816, 15.681723,   15, 0.00,    6, 0.000, 0.000, 0.050,  8
train,    2817, 33.755566,   17, 0.00,    8, 0.000, 0.000, 0.050,  8
train,    2818, 25.505874,   16, 0.00,    4, 0.000, 0.000, 0.050,  8
train,    2819, -73.086558,   13, 1.00,    6, 0.000, 0.000, 0.050,  8
val,      2819, -23.655223, 0.6000,  14.4000,   5.8000, 0.4000,  20.5208
train,    2820, 28.886994,   16, 0.00,    6, 0.000, 0.000, 0.050,  8
train,    2821, -60.936017,   11, 1.00,    4, 0.000, 0.000, 0.050,  8
train,    2822, 15.819952,   17, 0.00,    4, 0.000, 0.000, 0.050,  8
train,    2823, 41.693233,   17, 0.00,    6, 0.000, 0.000, 0.050,  8
train,    2824, -61.854805,   11, 1.00,    6, 0.000, 0.000, 0.050,  8
train,    2825, -57.592876,   14, 1.00,    3, 0.000, 0.000, 0.050,  8
train,    2826, -59.477327,   11, 1.00,    7, 0.000, 0.000, 0.050,  8
update,   2826,   80,  518, -16.824911, -0.000000
train,    2827, -54.727375,   17, 1.00,    7, 0.000, 0.000, 0.050,  8
train,    2828, 14.988724,   16, 0.00,    5, 0.000, 0.000, 0.050,  8
train,    2829, 23.257443,   17, 0.00,    4, 0.000, 0.000, 0.050,  8
val,      2829, -23.219164, 0.6000,  14.4000,   5.4000, 0.4000,  20.5044
train,    2830, 40.822588,   17, 0.00,    9, 0.000, 0.000, 0.050,  8
train,    2831, -53.588599,   17, 1.00,    4, 0.000, 0.000, 0.050,  8
train,    2832, 41.453466,   17, 0.00,    7, 0.000, 0.000, 0.050,  8
train,    2833, -65.962189,   12, 1.00,    5, 0.000, 0.000, 0.050,  8
train,    2834, 28.719129,   17, 0.00,    5, 0.000, 0.000, 0.050,  8
train,    2835, -61.975045,   11, 1.00,    5, 0.000, 0.000, 0.050,  8
train,    2836, 24.815889,   16, 0.00,    7, 0.000, 0.000, 0.050,  8
train,    2837, 18.728785,   17, 0.00,    5, 0.000, 0.000, 0.050,  8
train,    2838, 23.108671,   17, 0.00,    5, 0.000, 0.000, 0.050,  8
train,    2839, 22.178907,   16, 0.00,    5, 0.000, 0.000, 0.050,  8
val,      2839, -43.486664, 0.8000,  13.1000,   5.1000, 0.2000,  20.6824
train,    2840, 23.300456,   17, 0.00,    5, 0.000, 0.000, 0.050,  8
train,    2841, 42.706215,   17, 0.00,    3, 0.000, 0.000, 0.050,  8
train,    2842, 41.444461,   17, 0.00,    7, 0.000, 0.000, 0.050,  8
train,    2843, -61.824644,   11, 1.00,    5, 0.000, 0.000, 0.050,  8
train,    2844, -68.068513,   13, 1.00,    3, 0.000, 0.000, 0.050,  8
train,    2845, 21.265776,   16, 0.00,    6, 0.000, 0.000, 0.050,  8
train,    2846, 22.289191,   17, 0.00,    8, 0.000, 0.000, 0.050,  8
train,    2847, -63.876705,   14, 1.00,    1, 0.000, 0.000, 0.050,  8
train,    2848, -87.912932,   14, 1.00,    6, 0.000, 0.000, 0.050,  8
train,    2849, -41.047257,   17, 1.00,    9, 0.000, 0.000, 0.050,  8
val,      2849, -8.169893, 0.4000,  14.9000,   6.4000, 0.6000,  20.4364
train,    2850, 16.221342,   17, 0.00,    8, 0.000, 0.000, 0.050,  8
train,    2851, -61.300472,   15, 1.00,    6, 0.000, 0.000, 0.050,  8
train,    2852, 41.162355,   17, 0.00,    8, 0.000, 0.000, 0.050,  8
train,    2853, 34.182576,   17, 0.00,    6, 0.000, 0.000, 0.050,  8
train,    2854, -41.017285,   16, 1.00,    7, 0.000, 0.000, 0.050,  8
train,    2855, -56.718886,   17, 1.00,   11, 0.000, 0.000, 0.050,  8
train,    2856, 28.658019,   17, 0.00,   10, 0.000, 0.000, 0.050,  8
train,    2857, -66.700920,   12, 1.00,    6, 0.000, 0.000, 0.050,  8
train,    2858, -59.181075,   10, 1.00,    5, 0.000, 0.000, 0.050,  8
train,    2859, -62.522082,   12, 1.00,    6, 0.000, 0.000, 0.050,  8
val,      2859, -25.795546, 0.6000,  13.9000,   5.6000, 0.4000,  20.5365
train,    2860, 22.285283,   17, 0.00,    8, 0.000, 0.000, 0.050,  8
update,   2860,   81,  527, -1.454128, 0.000000
train,    2861, 34.195310,   17, 0.00,    6, 0.000, 0.000, 0.050,  8
train,    2862, 37.854000,   17, 0.00,    7, 0.000, 0.000, 0.050,  8
train,    2863, 40.548030,   16, 0.00,    7, 0.000, 0.000, 0.050,  8
train,    2864, -80.808885,   14, 1.00,    8, 0.000, 0.000, 0.050,  8
train,    2865, 41.793233,   17, 0.00,    6, 0.000, 0.000, 0.050,  8
train,    2866, 41.138027,   17, 0.00,    8, 0.000, 0.000, 0.050,  8
train,    2867, 41.745574,   17, 0.00,    6, 0.000, 0.000, 0.050,  8
train,    2868, 24.924846,   16, 0.00,    6, 0.000, 0.000, 0.050,  8
train,    2869, -72.584264,   13, 1.00,    4, 0.000, 0.000, 0.050,  8
val,      2869, -9.196160, 0.4000,  15.5000,   6.2000, 0.6000,  20.5360
train,    2870, -54.355731,   16, 1.00,    7, 0.000, 0.000, 0.050,  8
train,    2871, -71.068325,   12, 1.00,    5, 0.000, 0.000, 0.050,  8
train,    2872, 41.162355,   17, 0.00,    8, 0.000, 0.000, 0.050,  8
train,    2873, 12.999690,   16, 0.00,    5, 0.000, 0.000, 0.050,  8
train,    2874, -61.976641,   11, 1.00,    5, 0.000, 0.000, 0.050,  8
train,    2875, 25.345217,   16, 0.00,    7, 0.000, 0.000, 0.050,  8
train,    2876, 29.206727,   14, 0.00,    8, 0.000, 0.000, 0.050,  8
train,    2877, -69.273905,   13, 1.00,    7, 0.000, 0.000, 0.050,  8
train,    2878, -76.126607,   13, 1.00,    4, 0.000, 0.000, 0.050,  8
train,    2879, -53.968992,   17, 1.00,    5, 0.000, 0.000, 0.050,  8
val,      2879, -25.756092, 0.6000,  14.1000,   5.0000, 0.4000,  20.5842
train,    2880, 22.637963,   17, 0.00,    7, 0.000, 0.000, 0.050,  8
train,    2881, 41.759899,   17, 0.00,    6, 0.000, 0.000, 0.050,  8
train,    2882, 34.371180,   17, 0.00,    5, 0.000, 0.000, 0.050,  8
train,    2883, 41.759899,   17, 0.00,    6, 0.000, 0.000, 0.050,  8
train,    2884, -83.344990,   14, 1.00,    4, 0.000, 0.000, 0.050,  8
train,    2885, -87.841025,   13, 1.00,    4, 0.000, 0.000, 0.050,  8
train,    2886, 22.990601,   17, 0.00,    6, 0.000, 0.000, 0.050,  8
train,    2887, -59.290947,   13, 1.00,    6, 0.000, 0.000, 0.050,  8
train,    2888, -45.472510,   16, 1.00,   10, 0.000, 0.000, 0.050,  8
train,    2889, -55.448189,   16, 1.00,    4, 0.000, 0.000, 0.050,  8
val,      2889, -15.048540, 0.5000,  15.1000,   5.8000, 0.5000,  20.4278
train,    2890, -61.559892,   11, 1.00,    6, 0.000, 0.000, 0.050,  8
train,    2891, -67.960865,   13, 1.00,    4, 0.000, 0.000, 0.050,  8
train,    2892, -60.157895,   15, 1.00,    5, 0.000, 0.000, 0.050,  8
train,    2893, 41.162355,   17, 0.00,    8, 0.000, 0.000, 0.050,  8
train,    2894, 38.312263,   17, 0.00,    6, 0.000, 0.000, 0.050,  8
update,   2894,   82,  519, -3.884858, -0.000000
train,    2895, -95.292127,   14, 1.00,    4, 0.000, 0.000, 0.050,  8
train,    2896, -62.302924,   11, 1.00,    6, 0.000, 0.000, 0.050,  8
train,    2897, 25.952618,   17, 0.00,    9, 0.000, 0.000, 0.050,  8
train,    2898, 42.108671,   17, 0.00,    5, 0.000, 0.000, 0.050,  8
train,    2899, -68.772292,   15, 1.00,    4, 0.000, 0.000, 0.050,  8
val,      2899, -21.534426, 0.6000,  14.7000,   6.1000, 0.4000,  20.4541
train,    2900, 33.599413,   17, 0.00,    7, 0.000, 0.000, 0.050,  8
train,    2901, -59.659180,   11, 1.00,    5, 0.000, 0.000, 0.050,  8
train,    2902, 41.541829,   17, 0.00,    7, 0.000, 0.000, 0.050,  8
train,    2903, 41.251950,   17, 0.00,    8, 0.000, 0.000, 0.050,  8
train,    2904, -80.042022,   14, 1.00,    5, 0.000, 0.000, 0.050,  8
train,    2905, 15.419407,   17, 0.00,    5, 0.000, 0.000, 0.050,  8
train,    2906, 22.859899,   17, 0.00,    6, 0.000, 0.000, 0.050,  8
train,    2907, 19.798534,   17, 0.00,    4, 0.000, 0.000, 0.050,  8
train,    2908, 23.161012,   17, 0.00,    5, 0.000, 0.000, 0.050,  8
train,    2909, -40.343168,   17, 1.00,    8, 0.000, 0.000, 0.050,  8
val,      2909, -38.843643, 0.7000,  13.6000,   5.5000, 0.3000,  20.8136
train,    2910, 27.043029,   17, 0.00,    5, 0.000, 0.000, 0.050,  8
train,    2911, 15.298085,   17, 0.00,    4, 0.000, 0.000, 0.050,  8
train,    2912, -66.695452,   15, 1.00,    9, 0.000, 0.000, 0.050,  8
train,    2913, 28.881478,   16, 0.00,    6, 0.000, 0.000, 0.050,  8
train,    2914, 41.359724,   17, 0.00,    8, 0.000, 0.000, 0.050,  8
train,    2915, 24.240261,   16, 0.00,    5, 0.000, 0.000, 0.050,  8
train,    2916, -62.377446,   11, 1.00,    8, 0.000, 0.000, 0.050,  8
train,    2917, 23.736917,   17, 0.00,    3, 0.000, 0.000, 0.050,  8
train,    2918, 6.593297,   17, 0.00,    7, 0.000, 0.000, 0.050,  8
train,    2919, 41.329022,   17, 0.00,    8, 0.000, 0.000, 0.050,  8
val,      2919, -19.155313, 0.5000,  14.7000,   6.1000, 0.5000,  20.5207
train,    2920, 18.564577,   17, 0.00,    6, 0.000, 0.000, 0.050,  8
train,    2921, 41.444461,   17, 0.00,    7, 0.000, 0.000, 0.050,  8
train,    2922, -79.161314,   13, 1.00,    6, 0.000, 0.000, 0.050,  8
train,    2923, -74.137294,   13, 1.00,    5, 0.000, 0.000, 0.050,  8
train,    2924, -59.451719,   11, 1.00,    5, 0.000, 0.000, 0.050,  8
train,    2925, -60.443212,   10, 1.00,    7, 0.000, 0.000, 0.050,  8
train,    2926, -51.285172,   13, 1.00,    5, 0.000, 0.000, 0.050,  8
train,    2927, 15.235752,   17, 0.00,    6, 0.000, 0.000, 0.050,  8
train,    2928, 42.324110,   17, 0.00,    4, 0.000, 0.000, 0.050,  8
update,   2928,   83,  523, 1.588088, -0.000000
train,    2929, -68.953680,   13, 1.00,    6, 0.000, 0.000, 0.050,  8
val,      2929, -22.770566, 0.6000,  14.9000,   5.8000, 0.4000,  20.4309
train,    2930, 7.429117,   17, 0.00,    4, 0.000, 0.000, 0.050,  8
train,    2931, 41.285283,   17, 0.00,    8, 0.000, 0.000, 0.050,  8
train,    2932, -61.281623,   13, 1.00,    5, 0.000, 0.000, 0.050,  8
train,    2933, -62.270954,   14, 1.00,    3, 0.000, 0.000, 0.050,  8
train,    2934, 24.232274,   16, 0.00,    8, 0.000, 0.000, 0.050,  8
train,    2935, -61.052071,   12, 1.00,    5, 0.000, 0.000, 0.050,  8
train,    2936, 41.886735,   17, 0.00,    6, 0.000, 0.000, 0.050,  8
train,    2937, -59.143455,   14, 1.00,    6, 0.000, 0.000, 0.050,  8
train,    2938, 15.719952,   17, 0.00,    4, 0.000, 0.000, 0.050,  8
train,    2939, -64.959378,   12, 1.00,    5, 0.000, 0.000, 0.050,  8
val,      2939, -32.943871, 0.7000,  14.2000,   6.0000, 0.3000,  20.4542
train,    2940, -54.814819,   17, 1.00,    6, 0.000, 0.000, 0.050,  8
train,    2941, 26.643456,   17, 0.00,    6, 0.000, 0.000, 0.050,  8
train,    2942, -60.933302,   11, 1.00,    4, 0.000, 0.000, 0.050,  8
train,    2943, 26.367329,   17, 0.00,    7, 0.000, 0.000, 0.050,  8
train,    2944, -61.417017,   11, 1.00,    4, 0.000, 0.000, 0.050,  8
train,    2945, 20.476827,   17, 0.00,    7, 0.000, 0.000, 0.050,  8
train,    2946, -59.981072,   13, 1.00,    4, 0.000, 0.000, 0.050,  8
train,    2947, -60.067820,   13, 1.00,    4, 0.000, 0.000, 0.050,  8
train,    2948, -62.037618,   11, 1.00,    6, 0.000, 0.000, 0.050,  8
train,    2949, 42.990024,   17, 0.00,    2, 0.000, 0.000, 0.050,  8
val,      2949, -12.645943, 0.5000,  15.1000,   5.9000, 0.5000,  20.4200
train,    2950, -62.187632,   11, 1.00,    6, 0.000, 0.000, 0.050,  8
train,    2951, 40.081188,   16, 0.00,    9, 0.000, 0.000, 0.050,  8
train,    2952, 32.735502,   16, 0.00,    6, 0.000, 0.000, 0.050,  8
train,    2953, 41.563469,   17, 0.00,    7, 0.000, 0.000, 0.050,  8
train,    2954, -84.352229,   14, 1.00,    7, 0.000, 0.000, 0.050,  8
train,    2955, -66.745971,   11, 1.00,    6, 0.000, 0.000, 0.050,  8
train,    2956, -59.567743,   12, 1.00,    3, 0.000, 0.000, 0.050,  8
train,    2957, 22.841498,   17, 0.00,    6, 0.000, 0.000, 0.050,  8
train,    2958, 41.816160,   17, 0.00,    6, 0.000, 0.000, 0.050,  8
train,    2959, 29.328441,   17, 0.00,    8, 0.000, 0.000, 0.050,  8
val,      2959, -19.428751, 0.6000,  15.2000,   6.3000, 0.4000,  20.3130
train,    2960, -59.828723,   10, 1.00,    5, 0.000, 0.000, 0.050,  8
train,    2961, 21.378794,   16, 0.00,    7, 0.000, 0.000, 0.050,  8
train,    2962, 26.653856,   17, 0.00,    6, 0.000, 0.000, 0.050,  8
train,    2963, 29.547327,   17, 0.00,    7, 0.000, 0.000, 0.050,  8
update,   2963,   84,  514, -3.386742, 0.000000
train,    2964, 44.168527,   16, 0.00,    6, 0.000, 0.000, 0.050,  8
train,    2965, 15.358987,   17, 0.00,    4, 0.000, 0.000, 0.050,  8
train,    2966, 22.959899,   17, 0.00,    6, 0.000, 0.000, 0.050,  8
train,    2967, -47.206739,   14, 1.00,    8, 0.000, 0.000, 0.050,  8
train,    2968, -65.248812,   16, 1.00,    6, 0.000, 0.000, 0.050,  8
train,    2969, -61.246204,   11, 1.00,    6, 0.000, 0.000, 0.050,  8
val,      2969, -48.725740, 0.8000,  13.7000,   4.8000, 0.2000,  20.6101
train,    2970, 41.641829,   17, 0.00,    7, 0.000, 0.000, 0.050,  8
train,    2971, 26.312091,   15, 0.00,    5, 0.000, 0.000, 0.050,  8
train,    2972, -64.774660,   12, 1.00,    4, 0.000, 0.000, 0.050,  8
train,    2973, -40.289015,   15, 1.00,    7, 0.000, 0.000, 0.050,  8
train,    2974, -76.021039,   13, 1.00,    4, 0.000, 0.000, 0.050,  8
train,    2975, -55.843254,   16, 1.00,    5, 0.000, 0.000, 0.050,  8
train,    2976, 29.175623,   16, 0.00,    5, 0.000, 0.000, 0.050,  8
train,    2977, 42.075338,   17, 0.00,    5, 0.000, 0.000, 0.050,  8
train,    2978, 19.225377,   17, 0.00,    4, 0.000, 0.000, 0.050,  8
train,    2979, 22.571296,   17, 0.00,    7, 0.000, 0.000, 0.050,  8
val,      2979, -34.787080, 0.7000,  13.9000,   4.4000, 0.3000,  20.5824
train,    2980, 42.806487,   15, 0.00,    6, 0.000, 0.000, 0.050,  8
train,    2981, -79.404437,   13, 1.00,    2, 0.000, 0.000, 0.050,  8
train,    2982, 23.357443,   17, 0.00,    4, 0.000, 0.000, 0.050,  8
train,    2983, 41.359724,   17, 0.00,    8, 0.000, 0.000, 0.050,  8
train,    2984, -73.713306,   15, 1.00,    8, 0.000, 0.000, 0.050,  8
train,    2985, -66.610838,   12, 1.00,    7, 0.000, 0.000, 0.050,  8
train,    2986, -77.715392,   13, 1.00,    3, 0.000, 0.000, 0.050,  8
train,    2987, -72.508828,   13, 1.00,    4, 0.000, 0.000, 0.050,  8
train,    2988, 41.786735,   17, 0.00,    6, 0.000, 0.000, 0.050,  8
train,    2989, 16.012900,   16, 0.00,    7, 0.000, 0.000, 0.050,  8
val,      2989, -26.803972, 0.6000,  14.4000,   4.8000, 0.4000,  20.6986
train,    2990, 28.867120,   16, 0.00,    6, 0.000, 0.000, 0.050,  8
train,    2991, 15.189075,   17, 0.00,    6, 0.000, 0.000, 0.050,  8
train,    2992, -79.737108,   14, 1.00,    4, 0.000, 0.000, 0.050,  8
train,    2993, 34.282576,   17, 0.00,    6, 0.000, 0.000, 0.050,  8
train,    2994, -68.659962,   13, 1.00,    5, 0.000, 0.000, 0.050,  8
train,    2995, 23.806487,   15, 0.00,    6, 0.000, 0.000, 0.050,  8
train,    2996, -55.528408,   16, 1.00,    4, 0.000, 0.000, 0.050,  8
train,    2997, 16.973822,   16, 0.00,    5, 0.000, 0.000, 0.050,  8
update,   2997,   85,  518, -3.675185, 0.000000
train,    2998, -80.025374,   14, 1.00,    5, 0.000, 0.000, 0.050,  8
train,    2999, -75.659043,   14, 1.00,    5, 0.000, 0.000, 0.050,  8
val,      2999, -46.466552, 0.8000,  14.1000,   4.5000, 0.2000,  20.7487
update,   3000,   86,   28, -59.419514, 0.000000
checkpoint_cleanup,promoted=0, kept=4, removed=12
finish,   2026-04-09 18:18:52.687532
