init,     2026-03-30 15:43:02.965371
arguments,Namespace(PPO_epochs=4, adv_norm=1, alg='ppo', cuda=0, curriculum_clean_ratio=0.8, curriculum_entropy_decay=0.9, curriculum_mode='adaptive', curriculum_noise_step=0.02, curriculum_patience=2, entropy=0.1, entropy_min=0.1, eps_clip=0.15, gae_lambda=0.97, gamma=0.995, grad_clip=0.5, gymip_train_xml='inverted_pendulum_ChangeThk_0.050000.xml', hid_group_num=8, hid_group_size=8, hidden_num=64, ignore_checkpoint=True, lane_profile='auto', lr=0.0005, max_noise=0.08, mini_batch_size=128, model='rwtaspk', monitor_time=False, optimizer='rmsprop', rep=11, response_window=40, reward_scale=1.0, road_scenario='roundabout', rollout_steps=512, rwta_del_connection='none', seed=13, snn_num_steps=15, task='gymip', thread=2, traffic_level='standard', train_num=4000)
seed,     13
model_dir,/root/autodl-tmp/SVPG2023/LANE/log_model/roundabout
profile,  lane auto-stabilize: lr->0.0005, gamma->0.995, PPO_epochs->4, eps_clip->0.15, rollout_steps->512, mini_batch_size->128, gae_lambda->0.97, grad_clip->0.5, curriculum_clean_ratio->0.8, max_noise->0.08, curriculum_noise_step->0.02
train,    1, -29.342977,   16, 1.00,    5, 0.000, 0.000, 0.100, 10
train,    2, 18.175000,    9, 0.00,    3, 0.000, 0.000, 0.100, 10
train,    3, -10.521154,    2, 1.00,    0, 0.000, 0.000, 0.100, 10
train,    4, -10.457692,    2, 1.00,    1, 0.000, 0.000, 0.100, 10
train,    5, -62.067119,   52, 1.00,   19, 0.000, 0.000, 0.100, 10
train,    6, -9.853220,    4, 1.00,    2, 0.000, 0.000, 0.100, 10
train,    7, -7.969955,    8, 1.00,    4, 0.000, 0.000, 0.100, 10
train,    8, -7.932692,    7, 1.00,    3, 0.000, 0.000, 0.100, 10
train,    9, -19.501170,    9, 1.00,    4, 0.000, 0.000, 0.100, 10
train,    10, -8.333825,    6, 1.00,    3, 0.000, 0.000, 0.100, 10
train,    11, -16.874958,    9, 1.00,    5, 0.000, 0.000, 0.100, 10
train,    12, -185.082135,   90, 0.00,   39, 0.000, 0.000, 0.100, 10
train,    13, -7.491120,    9, 1.00,    2, 0.000, 0.000, 0.100, 10
train,    14, -6.386538,    6, 1.00,    1, 0.000, 0.000, 0.100, 10
train,    15, -32.924431,   19, 1.00,    6, 0.000, 0.000, 0.100, 10
train,    16, -10.092439,   21, 0.00,    9, 0.000, 0.000, 0.100, 10
train,    17, -152.202720,   90, 0.00,   36, 0.000, 0.000, 0.100, 10
train,    18, -14.231738,    3, 1.00,    0, 0.000, 0.000, 0.100, 10
train,    19, -16.644189,    8, 1.00,    3, 0.000, 0.000, 0.100, 10
train,    20, -8.144231,    5, 1.00,    1, 0.000, 0.000, 0.100, 10
train,    21, 18.555128,   10, 0.00,    3, 0.000, 0.000, 0.100, 10
train,    22, -62.321993,   49, 1.00,   18, 0.000, 0.000, 0.100, 10
train,    23, -11.960578,    3, 1.00,    2, 0.000, 0.000, 0.100, 10
train,    24, -10.786538,    2, 1.00,    1, 0.000, 0.000, 0.100, 10
val_save, 24, -2.527965, 0.6000,  10.0000,  10.0000, 0.4000,   7.5163
val,      24, -2.527965, 0.6000,  10.0000,  10.0000, 0.4000,   7.5163
train,    25, -8.144231,    5, 1.00,    1, 0.000, 0.000, 0.100, 10
train,    26, -8.784785,    5, 1.00,    1, 0.000, 0.000, 0.100, 10
train,    27, 19.634615,    9, 0.00,    1, 0.000, 0.000, 0.100, 10
train,    28, -46.278440,   17, 1.00,    3, 0.000, 0.000, 0.100, 10
train,    29, -203.704048,   85, 1.00,   36, 0.000, 0.000, 0.100, 10
update,   29,    1,  560, -27.767904, 0.000000
train,    30, 13.790777,   12, 0.00,    2, 0.000, 0.000, 0.100, 10
train,    31, 17.337179,    8, 0.00,    3, 0.000, 0.000, 0.100, 10
train,    32, -10.192308,    2, 1.00,    0, 0.000, 0.000, 0.100, 10
train,    33, -67.088845,   90, 0.00,   40, 0.000, 0.000, 0.100, 10
train,    34, -9.514103,    4, 1.00,    2, 0.000, 0.000, 0.100, 10
train,    35, -2.032692,   12, 1.00,    3, 0.000, 0.000, 0.100, 10
train,    36, -83.443433,   66, 1.00,   21, 0.000, 0.000, 0.100, 10
train,    37, -15.973124,    8, 1.00,    1, 0.000, 0.000, 0.100, 10
train,    38, -10.457692,    2, 1.00,    1, 0.000, 0.000, 0.100, 10
train,    39, 8.575683,   14, 0.00,    8, 0.000, 0.000, 0.100, 10
train,    40, -0.454882,   20, 0.00,    4, 0.000, 0.000, 0.100, 10
train,    41, -10.192308,    2, 1.00,    0, 0.000, 0.000, 0.100, 10
train,    42, 10.009248,   14, 0.00,    6, 0.000, 0.000, 0.100, 10
train,    43, 11.498366,   15, 0.00,    2, 0.000, 0.000, 0.100, 10
train,    44, -10.521154,    2, 1.00,    0, 0.000, 0.000, 0.100, 10
train,    45, -5.735897,    9, 1.00,    4, 0.000, 0.000, 0.100, 10
train,    46, -10.521154,    2, 1.00,    0, 0.000, 0.000, 0.100, 10
train,    47, -5.587569,    8, 1.00,    2, 0.000, 0.000, 0.100, 10
train,    48, 19.167867,   13, 0.00,    4, 0.000, 0.000, 0.100, 10
train,    49, -10.192308,    2, 1.00,    0, 0.000, 0.000, 0.100, 10
val,      49, 10.418462, 0.6000,  26.4000,   0.0000, 0.2000,  11.4804
train,    50, -6.517059,   10, 1.00,    3, 0.000, 0.000, 0.100, 10
train,    51, -153.338725,   90, 0.00,   37, 0.000, 0.000, 0.100, 10
train,    52, -36.855890,   15, 1.00,    5, 0.000, 0.000, 0.100, 10
train,    53, -6.961538,    8, 1.00,    3, 0.000, 0.000, 0.100, 10
train,    54, -10.508962,    4, 1.00,    2, 0.000, 0.000, 0.100, 10
train,    55, -54.057769,   17, 1.00,    8, 0.000, 0.000, 0.100, 10
train,    56, -10.457692,    2, 1.00,    1, 0.000, 0.000, 0.100, 10
train,    57, -10.786538,    2, 1.00,    1, 0.000, 0.000, 0.100, 10
train,    58, -60.411753,   90, 0.00,   32, 0.000, 0.000, 0.100, 10
update,   58,    2,  543, -15.549015, 0.000000
train,    59, -6.985256,    6, 1.00,    2, 0.000, 0.000, 0.100, 10
train,    60, -9.885910,    5, 1.00,    1, 0.000, 0.000, 0.100, 10
train,    61, -19.779302,    8, 1.00,    0, 0.000, 0.000, 0.100, 10
train,    62, -6.007692,    7, 1.00,    0, 0.000, 0.000, 0.100, 10
train,    63, 0.142717,   22, 0.00,   12, 0.000, 0.000, 0.100, 10
train,    64, 9.586093,   16, 0.00,    7, 0.000, 0.000, 0.100, 10
train,    65, -10.457692,    2, 1.00,    1, 0.000, 0.000, 0.100, 10
train,    66, -162.261337,   76, 1.00,   30, 0.000, 0.000, 0.100, 10
train,    67, -10.177564,    8, 1.00,    7, 0.000, 0.000, 0.100, 10
train,    68, -9.861432,    4, 1.00,    3, 0.000, 0.000, 0.100, 10
train,    69, -10.457692,    2, 1.00,    1, 0.000, 0.000, 0.100, 10
train,    70, -9.129381,    4, 1.00,    2, 0.000, 0.000, 0.100, 10
train,    71, -9.601923,    5, 1.00,    2, 0.000, 0.000, 0.100, 10
train,    72, -10.457692,    2, 1.00,    1, 0.000, 0.000, 0.100, 10
train,    73, -5.967308,    8, 1.00,    2, 0.000, 0.000, 0.100, 10
train,    74, -8.672516,    7, 1.00,    2, 0.000, 0.000, 0.100, 10
val_save, 74, 13.881538, 0.2000,   7.6000,   0.0000, 0.8000,  15.3905
val,      74, 13.881538, 0.2000,   7.6000,   0.0000, 0.8000,  15.3905
train,    75, -7.120575,    7, 1.00,    2, 0.000, 0.000, 0.100, 10
train,    76, -93.202234,   45, 0.00,   22, 0.000, 0.000, 0.100, 10
train,    77, -10.192308,    2, 1.00,    0, 0.000, 0.000, 0.100, 10
train,    78, -10.457692,    2, 1.00,    1, 0.000, 0.000, 0.100, 10
train,    79, -125.184977,   59, 1.00,   21, 0.000, 0.000, 0.100, 10
train,    80, -10.457692,    2, 1.00,    1, 0.000, 0.000, 0.100, 10
train,    81, -8.047464,    7, 1.00,    1, 0.000, 0.000, 0.100, 10
train,    82, 18.280769,   10, 0.00,    4, 0.000, 0.000, 0.100, 10
train,    83, -37.988860,   17, 1.00,    6, 0.000, 0.000, 0.100, 10
train,    84, -10.192308,    2, 1.00,    0, 0.000, 0.000, 0.100, 10
train,    85, 18.041667,    9, 0.00,    3, 0.000, 0.000, 0.100, 10
train,    86, -20.752224,    8, 1.00,    3, 0.000, 0.000, 0.100, 10
train,    87, -10.457692,    2, 1.00,    1, 0.000, 0.000, 0.100, 10
train,    88, -70.016622,   73, 1.00,   26, 0.000, 0.000, 0.100, 10
train,    89, -186.726776,   90, 0.00,   35, 0.000, 0.000, 0.100, 10
update,   89,    3,  517, -26.497652, 0.000000
train,    90, 17.521795,    9, 0.00,    4, 0.000, 0.000, 0.100, 10
train,    91, -7.613247,    9, 1.00,    4, 0.000, 0.000, 0.100, 10
train,    92, -11.645601,    8, 1.00,    3, 0.000, 0.000, 0.100, 10
train,    93, -11.850684,   10, 1.00,    3, 0.000, 0.000, 0.100, 10
train,    94, 19.282692,   10, 0.00,    2, 0.000, 0.000, 0.100, 10
train,    95, -10.192308,    2, 1.00,    0, 0.000, 0.000, 0.100, 10
train,    96, 17.103205,   10, 0.00,    5, 0.000, 0.000, 0.100, 10
train,    97, 19.149359,   10, 0.00,    2, 0.000, 0.000, 0.100, 10
train,    98, -20.940275,    9, 1.00,    2, 0.000, 0.000, 0.100, 10
train,    99, 17.779487,    9, 0.00,    3, 0.000, 0.000, 0.100, 10
val,      99, -4.173846, 0.8000,   3.4000,   0.0000, 0.2000,  12.7364
train,    100, -16.718937,    9, 1.00,    2, 0.000, 0.000, 0.100, 10
train,    101, -31.041244,    9, 1.00,    3, 0.000, 0.000, 0.100, 10
train,    102, -29.439855,   90, 0.00,   25, 0.000, 0.000, 0.100, 10
train,    103, -6.157579,    7, 1.00,    2, 0.000, 0.000, 0.100, 10
train,    104, -10.786538,    2, 1.00,    1, 0.000, 0.000, 0.100, 10
train,    105, -75.716566,   26, 1.00,   13, 0.000, 0.000, 0.100, 10
train,    106, -11.050000,    2, 1.00,    0, 0.000, 0.000, 0.100, 10
train,    107, -15.691571,    8, 1.00,    0, 0.000, 0.000, 0.100, 10
train,    108, -96.507985,   90, 0.00,   31, 0.000, 0.000, 0.100, 10
train,    109, -15.184982,    5, 1.00,    2, 0.000, 0.000, 0.100, 10
train,    110, -13.103248,    3, 1.00,    2, 0.000, 0.000, 0.100, 10
train,    111, -10.217949,    6, 1.00,    5, 0.000, 0.000, 0.100, 10
train,    112, -10.646060,    4, 1.00,    0, 0.000, 0.000, 0.100, 10
train,    113, -20.302147,    8, 1.00,    2, 0.000, 0.000, 0.100, 10
train,    114, -9.798951,    9, 1.00,    5, 0.000, 0.000, 0.100, 10
train,    115, -7.620513,    7, 1.00,    3, 0.000, 0.000, 0.100, 10
train,    116, -43.942790,   59, 1.00,   19, 0.000, 0.000, 0.100, 10
train,    117, -101.640278,   90, 0.00,   22, 0.000, 0.000, 0.100, 10
update,   117,    4,  520, -16.672741, -0.000000
train,    118, -10.192308,    2, 1.00,    0, 0.000, 0.000, 0.100, 10
train,    119, 17.192949,    9, 0.00,    4, 0.000, 0.000, 0.100, 10
train,    120, -11.050000,    2, 1.00,    0, 0.000, 0.000, 0.100, 10
train,    121, 19.573077,   12, 0.00,    3, 0.000, 0.000, 0.100, 10
train,    122, 15.689744,    8, 0.00,    5, 0.000, 0.000, 0.100, 10
train,    123, -10.457692,    2, 1.00,    1, 0.000, 0.000, 0.100, 10
train,    124, -6.526923,    9, 1.00,    4, 0.000, 0.000, 0.100, 10
val,      124, 3.164615, 0.6000,   6.0000,   0.0000, 0.4000,  14.5763
train,    125, -10.457692,    2, 1.00,    1, 0.000, 0.000, 0.100, 10
train,    126, 19.161538,   10, 0.00,    2, 0.000, 0.000, 0.100, 10
train,    127, 18.375000,    9, 0.00,    3, 0.000, 0.000, 0.100, 10
train,    128, -7.741076,   90, 0.00,   38, 0.000, 0.000, 0.100, 10
train,    129, -12.030271,    9, 1.00,    3, 0.000, 0.000, 0.100, 10
train,    130, -11.050000,    2, 1.00,    0, 0.000, 0.000, 0.100, 10
train,    131, -7.958395,    6, 1.00,    2, 0.000, 0.000, 0.100, 10
train,    132, 18.260897,   11, 0.00,    4, 0.000, 0.000, 0.100, 10
train,    133, -5.672436,   10, 1.00,    5, 0.000, 0.000, 0.100, 10
train,    134, -11.463826,    3, 1.00,    2, 0.000, 0.000, 0.100, 10
train,    135, 20.253846,   11, 0.00,    2, 0.000, 0.000, 0.100, 10
train,    136, -7.905128,    6, 1.00,    2, 0.000, 0.000, 0.100, 10
train,    137, -7.807051,    7, 1.00,    4, 0.000, 0.000, 0.100, 10
train,    138, -8.231800,    7, 1.00,    4, 0.000, 0.000, 0.100, 10
train,    139, -15.002457,    9, 1.00,    4, 0.000, 0.000, 0.100, 10
train,    140, -25.807150,   90, 0.00,   32, 0.000, 0.000, 0.100, 10
train,    141, 17.675000,   14, 0.00,    7, 0.000, 0.000, 0.100, 10
train,    142, -6.966898,    7, 1.00,    1, 0.000, 0.000, 0.100, 10
train,    143, -1.221458,   13, 1.00,    5, 0.000, 0.000, 0.100, 10
train,    144, -7.373077,    6, 1.00,    1, 0.000, 0.000, 0.100, 10
train,    145, 18.655680,   12, 0.00,    4, 0.000, 0.000, 0.100, 10
train,    146, -24.428521,   90, 0.00,   39, 0.000, 0.000, 0.100, 10
train,    147, -60.390027,   51, 1.00,   19, 0.000, 0.000, 0.100, 10
update,   147,    5,  519, -7.454570, 0.000000
train,    148, -55.141376,   18, 1.00,    5, 0.000, 0.000, 0.100, 10
train,    149, -12.451354,    8, 1.00,    2, 0.000, 0.000, 0.100, 10
val,      149, -9.312308, 1.0000,   2.8000,   0.0000, 0.0000,  13.3115
train,    150, -8.257692,    4, 1.00,    1, 0.000, 0.000, 0.100, 10
train,    151, -10.192308,    2, 1.00,    0, 0.000, 0.000, 0.100, 10
train,    152, -27.484035,   11, 1.00,    3, 0.000, 0.000, 0.100, 10
train,    153, -24.225105,    7, 1.00,    5, 0.000, 0.000, 0.100, 10
train,    154, 17.600000,   11, 0.00,    5, 0.000, 0.000, 0.100, 10
train,    155, 17.671154,   12, 0.00,    5, 0.000, 0.000, 0.100, 10
train,    156, -63.536879,   42, 1.00,    7, 0.000, 0.000, 0.100, 10
train,    157, -33.577494,   40, 1.00,   16, 0.000, 0.000, 0.100, 10
train,    158, -10.521154,    2, 1.00,    0, 0.000, 0.000, 0.100, 10
train,    159, 11.434377,   11, 0.00,    4, 0.000, 0.000, 0.100, 10
train,    160, -10.355298,    3, 1.00,    0, 0.000, 0.000, 0.100, 10
train,    161, -65.819139,   90, 0.00,   25, 0.000, 0.000, 0.100, 10
train,    162, -10.786538,    2, 1.00,    1, 0.000, 0.000, 0.100, 10
train,    163, -10.192308,    2, 1.00,    0, 0.000, 0.000, 0.100, 10
train,    164, -13.442675,    7, 1.00,    2, 0.000, 0.000, 0.100, 10
train,    165, -10.521154,    2, 1.00,    0, 0.000, 0.000, 0.100, 10
train,    166, -11.773853,   12, 1.00,    1, 0.000, 0.000, 0.100, 10
train,    167, -10.192308,    2, 1.00,    0, 0.000, 0.000, 0.100, 10
train,    168, -10.457692,    2, 1.00,    1, 0.000, 0.000, 0.100, 10
train,    169, -89.472580,   52, 1.00,   23, 0.000, 0.000, 0.100, 10
train,    170, -47.898911,   45, 1.00,   16, 0.000, 0.000, 0.100, 10
train,    171, -10.192308,    2, 1.00,    0, 0.000, 0.000, 0.100, 10
train,    172, -24.871323,   16, 1.00,    4, 0.000, 0.000, 0.100, 10
train,    173, -16.987925,    8, 1.00,    2, 0.000, 0.000, 0.100, 10
train,    174, -126.369206,   57, 1.00,   20, 0.000, 0.000, 0.100, 10
val,      174, 7.144615, 0.6000,  21.8000,   0.0000, 0.2000,  14.4600
train,    175, -10.786538,    2, 1.00,    1, 0.000, 0.000, 0.100, 10
train,    176, -10.457692,    2, 1.00,    1, 0.000, 0.000, 0.100, 10
train,    177, -10.521154,    2, 1.00,    0, 0.000, 0.000, 0.100, 10
train,    178, -10.521154,    2, 1.00,    0, 0.000, 0.000, 0.100, 10
train,    179, -75.987644,   48, 1.00,   19, 0.000, 0.000, 0.100, 10
update,   179,    6,  526, -22.315199, -0.000000
train,    180, -10.192308,    2, 1.00,    0, 0.000, 0.000, 0.100, 10
train,    181, -26.960487,   15, 1.00,    7, 0.000, 0.000, 0.100, 10
train,    182, -10.786538,    2, 1.00,    1, 0.000, 0.000, 0.100, 10
train,    183, -39.771689,   90, 0.00,   35, 0.000, 0.000, 0.100, 10
train,    184, -15.848158,    9, 1.00,    4, 0.000, 0.000, 0.100, 10
train,    185, -8.025062,    6, 1.00,    2, 0.000, 0.000, 0.100, 10
train,    186, -10.521154,    2, 1.00,    0, 0.000, 0.000, 0.100, 10
train,    187, -9.580769,    4, 1.00,    2, 0.000, 0.000, 0.100, 10
train,    188, -10.192308,    2, 1.00,    0, 0.000, 0.000, 0.100, 10
train,    189, -9.357692,    3, 1.00,    1, 0.000, 0.000, 0.100, 10
train,    190, -10.786538,    2, 1.00,    1, 0.000, 0.000, 0.100, 10
train,    191, -0.542394,   90, 0.00,   35, 0.000, 0.000, 0.100, 10
train,    192, 18.175000,    9, 0.00,    3, 0.000, 0.000, 0.100, 10
train,    193, -10.192308,    2, 1.00,    0, 0.000, 0.000, 0.100, 10
train,    194, -51.279418,   18, 1.00,    9, 0.000, 0.000, 0.100, 10
train,    195, -3.241195,   11, 1.00,    2, 0.000, 0.000, 0.100, 10
train,    196, 20.013462,   10, 0.00,    0, 0.000, 0.000, 0.100, 10
train,    197, -13.015062,    8, 1.00,    3, 0.000, 0.000, 0.100, 10
train,    198, -10.521154,    2, 1.00,    0, 0.000, 0.000, 0.100, 10
train,    199, -50.033720,   43, 1.00,   18, 0.000, 0.000, 0.100, 10
val,      199, 3.604615, 0.6000,   6.4000,   0.0000, 0.4000,  15.3183
train,    200, -57.304051,   19, 1.00,    8, 0.000, 0.000, 0.100, 10
train,    201, -21.774173,    8, 1.00,    4, 0.000, 0.000, 0.100, 10
train,    202, -10.535187,    3, 1.00,    2, 0.000, 0.000, 0.100, 10
train,    203, 0.566624,   35, 1.00,   16, 0.000, 0.000, 0.100, 10
train,    204, -10.786538,    2, 1.00,    1, 0.000, 0.000, 0.100, 10
train,    205, -10.521154,    2, 1.00,    0, 0.000, 0.000, 0.100, 10
train,    206, -61.348731,   49, 1.00,   13, 0.000, 0.000, 0.100, 10
train,    207, -58.505020,   25, 1.00,   10, 0.000, 0.000, 0.100, 10
train,    208, -10.640784,    4, 1.00,    2, 0.000, 0.000, 0.100, 10
train,    209, -37.257295,   90, 0.00,   32, 0.000, 0.000, 0.100, 10
update,   209,    7,  567, -15.838060, 0.000000
train,    210, -66.880320,   63, 1.00,   21, 0.000, 0.000, 0.100, 10
train,    211, -48.730801,   47, 1.00,   18, 0.000, 0.000, 0.100, 10
train,    212, -13.459885,    8, 1.00,    4, 0.000, 0.000, 0.100, 10
train,    213, -9.916492,    5, 1.00,    2, 0.000, 0.000, 0.100, 10
train,    214, -25.946351,    8, 1.00,    1, 0.000, 0.000, 0.100, 10
train,    215, -7.544872,    7, 1.00,    4, 0.000, 0.000, 0.100, 10
train,    216, -10.192308,    2, 1.00,    0, 0.000, 0.000, 0.100, 10
train,    217, -12.027245,    3, 1.00,    2, 0.000, 0.000, 0.100, 10
train,    218, -10.786538,    2, 1.00,    1, 0.000, 0.000, 0.100, 10
train,    219, 16.738462,    8, 0.00,    4, 0.000, 0.000, 0.100, 10
train,    220, -21.136193,    8, 1.00,    3, 0.000, 0.000, 0.100, 10
train,    221, -6.063842,    8, 1.00,    1, 0.000, 0.000, 0.100, 10
train,    222, -10.192308,    2, 1.00,    0, 0.000, 0.000, 0.100, 10
train,    223, -4.240385,   10, 1.00,    4, 0.000, 0.000, 0.100, 10
train,    224, -10.192308,    2, 1.00,    0, 0.000, 0.000, 0.100, 10
val,      224, 7.863077, 0.4000,   6.2000,   0.0000, 0.6000,  14.4693
train,    225, -8.650000,    4, 1.00,    0, 0.000, 0.000, 0.100, 10
train,    226, -8.917511,    7, 1.00,    3, 0.000, 0.000, 0.100, 10
train,    227, -10.679417,    4, 1.00,    3, 0.000, 0.000, 0.100, 10
train,    228, -10.457692,    2, 1.00,    1, 0.000, 0.000, 0.100, 10
train,    229, -68.138364,   45, 1.00,   12, 0.000, 0.000, 0.100, 10
train,    230, -10.786538,    2, 1.00,    1, 0.000, 0.000, 0.100, 10
train,    231, 18.719231,    9, 0.00,    2, 0.000, 0.000, 0.100, 10
train,    232, 7.490481,   14, 0.00,    3, 0.000, 0.000, 0.100, 10
train,    233, 17.432051,   10, 0.00,    5, 0.000, 0.000, 0.100, 10
train,    234, 19.373077,   12, 0.00,    3, 0.000, 0.000, 0.100, 10
train,    235, -28.463172,   38, 1.00,   14, 0.000, 0.000, 0.100, 10
train,    236, -9.918583,    4, 1.00,    1, 0.000, 0.000, 0.100, 10
train,    237, -7.846154,    6, 1.00,    3, 0.000, 0.000, 0.100, 10
train,    238, -11.131957,    4, 1.00,    2, 0.000, 0.000, 0.100, 10
train,    239, -21.953559,    9, 1.00,    4, 0.000, 0.000, 0.100, 10
train,    240, -9.611661,    4, 1.00,    2, 0.000, 0.000, 0.100, 10
train,    241, -7.426344,    6, 1.00,    1, 0.000, 0.000, 0.100, 10
train,    242, -11.050000,    2, 1.00,    0, 0.000, 0.000, 0.100, 10
train,    243, -10.457692,    2, 1.00,    1, 0.000, 0.000, 0.100, 10
train,    244, -11.259615,    3, 1.00,    2, 0.000, 0.000, 0.100, 10
train,    245, -10.119952,    7, 1.00,    4, 0.000, 0.000, 0.100, 10
train,    246, -17.489702,    8, 1.00,    3, 0.000, 0.000, 0.100, 10
train,    247, -7.871681,    7, 1.00,    4, 0.000, 0.000, 0.100, 10
train,    248, -10.192308,    2, 1.00,    0, 0.000, 0.000, 0.100, 10
train,    249, -121.565452,   40, 1.00,   19, 0.000, 0.000, 0.100, 10
val_save, 249, 14.761538, 0.2000,   8.4000,   0.0000, 0.8000,  15.6429
val,      249, 14.761538, 0.2000,   8.4000,   0.0000, 0.8000,  15.6429
train,    250, -10.457692,    2, 1.00,    1, 0.000, 0.000, 0.100, 10
train,    251, 16.170227,   12, 0.00,    1, 0.000, 0.000, 0.100, 10
train,    252, -1.211620,   17, 1.00,    7, 0.000, 0.000, 0.100, 10
train,    253, 6.341062,   15, 0.00,    6, 0.000, 0.000, 0.100, 10
train,    254, -37.527953,   16, 1.00,    5, 0.000, 0.000, 0.100, 10
train,    255, -5.885256,    7, 1.00,    2, 0.000, 0.000, 0.100, 10
train,    256, -8.601404,    6, 1.00,    3, 0.000, 0.000, 0.100, 10
train,    257, -10.192308,    2, 1.00,    0, 0.000, 0.000, 0.100, 10
train,    258, -7.600010,    9, 1.00,    5, 0.000, 0.000, 0.100, 10
update,   258,    8,  520, -15.712803, 0.000000
train,    259, -42.417552,   49, 1.00,   21, 0.000, 0.000, 0.100, 10
train,    260, -9.258831,    9, 1.00,    0, 0.000, 0.000, 0.100, 10
train,    261, -7.210513,    9, 1.00,    5, 0.000, 0.000, 0.100, 10
train,    262, -17.583013,   31, 1.00,    8, 0.000, 0.000, 0.100, 10
train,    263, -10.429417,    4, 1.00,    3, 0.000, 0.000, 0.100, 10
train,    264, -10.457692,    2, 1.00,    1, 0.000, 0.000, 0.100, 10
train,    265, -8.977726,    6, 1.00,    3, 0.000, 0.000, 0.100, 10
train,    266, -88.255257,   90, 0.00,   46, 0.000, 0.000, 0.100, 10
train,    267, -97.297400,   90, 0.00,   36, 0.000, 0.000, 0.100, 10
train,    268, -10.457692,    2, 1.00,    1, 0.000, 0.000, 0.100, 10
train,    269, -32.539909,   40, 1.00,   15, 0.000, 0.000, 0.100, 10
train,    270, 14.387964,   14, 0.00,    6, 0.000, 0.000, 0.100, 10
train,    271, -10.727377,   23, 0.00,    6, 0.000, 0.000, 0.100, 10
train,    272, -42.167528,   39, 1.00,   16, 0.000, 0.000, 0.100, 10
train,    273, -15.519366,    8, 1.00,    2, 0.000, 0.000, 0.100, 10
train,    274, -49.012073,   39, 1.00,   19, 0.000, 0.000, 0.100, 10
val,      274, 4.264615, 0.6000,   7.0000,   0.0000, 0.4000,  15.0398
train,    275, -41.581166,   23, 1.00,   11, 0.000, 0.000, 0.100, 10
train,    276, 17.326282,    9, 0.00,    4, 0.000, 0.000, 0.100, 10
train,    277, -115.130672,   48, 0.00,   25, 0.000, 0.000, 0.100, 10
update,   277,    9,  535, -21.430202, 0.000000
train,    278, -6.103406,    9, 1.00,    4, 0.000, 0.000, 0.100, 10
train,    279, -9.185256,    4, 1.00,    2, 0.000, 0.000, 0.100, 10
train,    280, -7.082692,    7, 1.00,    4, 0.000, 0.000, 0.100, 10
train,    281, 18.108333,    9, 0.00,    3, 0.000, 0.000, 0.100, 10
train,    282, -7.427584,    6, 1.00,    2, 0.000, 0.000, 0.100, 10
train,    283, -6.820083,    7, 1.00,    3, 0.000, 0.000, 0.100, 10
train,    284, 19.388462,   11, 0.00,    3, 0.000, 0.000, 0.100, 10
train,    285, 17.385256,   10, 0.00,    4, 0.000, 0.000, 0.100, 10
train,    286, -7.971795,    6, 1.00,    2, 0.000, 0.000, 0.100, 10
train,    287, 18.280769,   10, 0.00,    4, 0.000, 0.000, 0.100, 10
train,    288, -117.438052,   38, 1.00,   18, 0.000, 0.000, 0.100, 10
train,    289, -26.965189,   12, 1.00,    3, 0.000, 0.000, 0.100, 10
train,    290, -10.429417,    4, 1.00,    3, 0.000, 0.000, 0.100, 10
train,    291, -10.457692,    2, 1.00,    1, 0.000, 0.000, 0.100, 10
train,    292, -35.406699,   46, 1.00,   17, 0.000, 0.000, 0.100, 10
train,    293, 2.047259,   15, 0.00,    4, 0.000, 0.000, 0.100, 10
train,    294, -47.663007,   22, 1.00,    6, 0.000, 0.000, 0.100, 10
train,    295, -77.166369,   48, 1.00,   17, 0.000, 0.000, 0.100, 10
train,    296, -5.947436,    7, 1.00,    2, 0.000, 0.000, 0.100, 10
train,    297, -47.797328,   17, 1.00,    6, 0.000, 0.000, 0.100, 10
train,    298, -10.457692,    2, 1.00,    1, 0.000, 0.000, 0.100, 10
train,    299, -21.262001,    8, 1.00,    3, 0.000, 0.000, 0.100, 10
val,      299, 2.724615, 0.6000,   5.6000,   0.0000, 0.4000,  14.0733
train,    300, -12.821960,    8, 1.00,    2, 0.000, 0.000, 0.100, 10
train,    301, -4.738497,   18, 0.00,    6, 0.000, 0.000, 0.100, 10
train,    302, -4.673519,   11, 1.00,    5, 0.000, 0.000, 0.100, 10
train,    303, -4.836627,   11, 1.00,    4, 0.000, 0.000, 0.100, 10
train,    304, -6.877830,    6, 1.00,    1, 0.000, 0.000, 0.100, 10
train,    305, -8.288462,    6, 1.00,    2, 0.000, 0.000, 0.100, 10
train,    306, 5.584712,   16, 0.00,    7, 0.000, 0.000, 0.100, 10
train,    307, -13.284916,    3, 1.00,    3, 0.000, 0.000, 0.100, 10
train,    308, 3.710025,   15, 0.00,    4, 0.000, 0.000, 0.100, 10
train,    309, -12.942629,    3, 1.00,    3, 0.000, 0.000, 0.100, 10
train,    310, -3.965185,   10, 1.00,    2, 0.000, 0.000, 0.100, 10
train,    311, -10.192308,    2, 1.00,    0, 0.000, 0.000, 0.100, 10
train,    312, 17.103205,   10, 0.00,    5, 0.000, 0.000, 0.100, 10
train,    313, -6.386538,    6, 1.00,    1, 0.000, 0.000, 0.100, 10
train,    314, -6.928169,    6, 1.00,    1, 0.000, 0.000, 0.100, 10
train,    315, -7.152564,    8, 1.00,    4, 0.000, 0.000, 0.100, 10
train,    316, -50.264315,   15, 1.00,    6, 0.000, 0.000, 0.100, 10
train,    317, -63.150277,   47, 1.00,   19, 0.000, 0.000, 0.100, 10
train,    318, 16.797436,    9, 0.00,    4, 0.000, 0.000, 0.100, 10
train,    319, -21.915917,    8, 1.00,    2, 0.000, 0.000, 0.100, 10
update,   319,   10,  518, -14.454872, 0.000000
train,    320, -22.510931,    7, 1.00,    3, 0.000, 0.000, 0.100, 10
train,    321, -1.222328,   16, 0.00,    5, 0.000, 0.000, 0.100, 10
train,    322, -10.457692,    2, 1.00,    1, 0.000, 0.000, 0.100, 10
train,    323, -25.279041,   90, 0.00,   38, 0.000, 0.000, 0.100, 10
train,    324, -8.350170,    6, 1.00,    2, 0.000, 0.000, 0.100, 10
val,      324, -2.413846, 0.8000,   5.0000,   0.0000, 0.2000,  13.9589
train,    325, -6.913647,    6, 1.00,    1, 0.000, 0.000, 0.100, 10
train,    326, -11.826310,    8, 1.00,    2, 0.000, 0.000, 0.100, 10
train,    327, 16.579487,   13, 0.00,    8, 0.000, 0.000, 0.100, 10
train,    328, -5.792308,    6, 1.00,    0, 0.000, 0.000, 0.100, 10
train,    329, -6.973077,    6, 1.00,    2, 0.000, 0.000, 0.100, 10
train,    330, 3.016232,   17, 0.00,    5, 0.000, 0.000, 0.100, 10
train,    331, -9.395946,    9, 1.00,    1, 0.000, 0.000, 0.100, 10
train,    332, -9.319409,    8, 1.00,    4, 0.000, 0.000, 0.100, 10
train,    333, -8.447029,    6, 1.00,    2, 0.000, 0.000, 0.100, 10
train,    334, 18.930769,   11, 0.00,    3, 0.000, 0.000, 0.100, 10
train,    335, -10.786538,    2, 1.00,    1, 0.000, 0.000, 0.100, 10
train,    336, -8.919997,    5, 1.00,    1, 0.000, 0.000, 0.100, 10
train,    337, -53.818448,   18, 1.00,    9, 0.000, 0.000, 0.100, 10
train,    338, -8.765382,    7, 1.00,    2, 0.000, 0.000, 0.100, 10
train,    339, -4.914103,    8, 1.00,    2, 0.000, 0.000, 0.100, 10
train,    340, -8.480083,    5, 1.00,    1, 0.000, 0.000, 0.100, 10
train,    341, -8.925641,    8, 1.00,    5, 0.000, 0.000, 0.100, 10
train,    342, -6.014103,    7, 1.00,    2, 0.000, 0.000, 0.100, 10
train,    343, 18.144231,   11, 0.00,    4, 0.000, 0.000, 0.100, 10
train,    344, -10.429487,    4, 1.00,    3, 0.000, 0.000, 0.100, 10
train,    345, -7.296795,    9, 1.00,    5, 0.000, 0.000, 0.100, 10
train,    346, -6.701514,    7, 1.00,    0, 0.000, 0.000, 0.100, 10
train,    347, -8.738769,    7, 1.00,    0, 0.000, 0.000, 0.100, 10
train,    348, -9.686538,    3, 1.00,    1, 0.000, 0.000, 0.100, 10
train,    349, -4.263462,   12, 1.00,    5, 0.000, 0.000, 0.100, 10
val,      349, -2.413846, 0.8000,   5.0000,   0.0000, 0.2000,  13.8449
train,    350, -25.604580,   51, 1.00,   20, 0.000, 0.000, 0.100, 10
train,    351, 15.530769,   13, 0.00,    9, 0.000, 0.000, 0.100, 10
train,    352, -1.105447,   16, 0.00,    6, 0.000, 0.000, 0.100, 10
train,    353, -10.521154,    2, 1.00,    0, 0.000, 0.000, 0.100, 10
train,    354, -10.521154,    2, 1.00,    0, 0.000, 0.000, 0.100, 10
train,    355, -2.085344,   15, 0.00,    6, 0.000, 0.000, 0.100, 10
train,    356, -10.192308,    2, 1.00,    0, 0.000, 0.000, 0.100, 10
train,    357, -6.057692,    6, 1.00,    1, 0.000, 0.000, 0.100, 10
train,    358, -10.274562,    7, 1.00,    3, 0.000, 0.000, 0.100, 10
train,    359, -57.990270,   90, 0.00,   34, 0.000, 0.000, 0.100, 10
update,   359,   11,  528, -9.741311, -0.000000
train,    360, 17.247436,    9, 0.00,    4, 0.000, 0.000, 0.100, 10
train,    361, 18.041667,    9, 0.00,    3, 0.000, 0.000, 0.100, 10
train,    362, 17.858333,    9, 0.00,    3, 0.000, 0.000, 0.100, 10
train,    363, -27.598378,   47, 1.00,   22, 0.000, 0.000, 0.100, 10
train,    364, -9.830769,    4, 1.00,    2, 0.000, 0.000, 0.100, 10
train,    365, -10.786538,    2, 1.00,    1, 0.000, 0.000, 0.100, 10
train,    366, -45.976814,   49, 1.00,   19, 0.000, 0.000, 0.100, 10
train,    367, -10.521154,    2, 1.00,    0, 0.000, 0.000, 0.100, 10
train,    368, -6.573718,    8, 1.00,    4, 0.000, 0.000, 0.100, 10
train,    369, 20.076923,   10, 0.00,    1, 0.000, 0.000, 0.100, 10
train,    370, -10.192308,    2, 1.00,    0, 0.000, 0.000, 0.100, 10
train,    371, -126.042385,   90, 0.00,   42, 0.000, 0.000, 0.100, 10
train,    372, 17.928846,   11, 0.00,    5, 0.000, 0.000, 0.100, 10
train,    373, -8.288462,    6, 1.00,    2, 0.000, 0.000, 0.100, 10
train,    374, -17.769277,    8, 1.00,    4, 0.000, 0.000, 0.100, 10
val,      374, 1.844615, 0.6000,   4.8000,   0.0000, 0.4000,  13.5929
train,    375, -3.992949,   10, 1.00,    2, 0.000, 0.000, 0.100, 10
train,    376, -73.513928,   90, 0.00,   27, 0.000, 0.000, 0.100, 10
train,    377, -10.192308,    2, 1.00,    0, 0.000, 0.000, 0.100, 10
train,    378, -16.577522,    8, 1.00,    3, 0.000, 0.000, 0.100, 10
train,    379, -8.342220,    7, 1.00,    5, 0.000, 0.000, 0.100, 10
train,    380, -17.759249,   90, 0.00,   37, 0.000, 0.000, 0.100, 10
train,    381, 18.773718,    9, 0.00,    2, 0.000, 0.000, 0.100, 10
train,    382, -47.331071,   33, 0.00,   16, 0.000, 0.000, 0.100, 10
update,   382,   12,  515, -15.078086, 0.000000
train,    383, 17.712821,    9, 0.00,    3, 0.000, 0.000, 0.100, 10
train,    384, -2.695972,   32, 1.00,   10, 0.000, 0.000, 0.100, 10
train,    385, -10.192308,    2, 1.00,    0, 0.000, 0.000, 0.100, 10
train,    386, 6.996997,   15, 0.00,    6, 0.000, 0.000, 0.100, 10
train,    387, -6.746154,    8, 1.00,    2, 0.000, 0.000, 0.100, 10
train,    388, -10.192308,    2, 1.00,    0, 0.000, 0.000, 0.100, 10
train,    389, -28.628680,   38, 1.00,   18, 0.000, 0.000, 0.100, 10
train,    390, -9.577539,    4, 1.00,    1, 0.000, 0.000, 0.100, 10
train,    391, 5.377661,   14, 0.00,    6, 0.000, 0.000, 0.100, 10
train,    392, -10.192308,    2, 1.00,    0, 0.000, 0.000, 0.100, 10
train,    393, -10.160803,    5, 1.00,    2, 0.000, 0.000, 0.100, 10
train,    394, -6.995399,    6, 1.00,    2, 0.000, 0.000, 0.100, 10
train,    395, -53.022848,   17, 1.00,    6, 0.000, 0.000, 0.100, 10
train,    396, 18.973718,    9, 0.00,    2, 0.000, 0.000, 0.100, 10
train,    397, -7.543918,    6, 1.00,    2, 0.000, 0.000, 0.100, 10
train,    398, -17.092340,    8, 1.00,    3, 0.000, 0.000, 0.100, 10
train,    399, -39.854623,   23, 1.00,    6, 0.000, 0.000, 0.100, 10
val,      399, 3.447689, 1.0000,  24.4000,   0.0000, 0.0000,   8.6132
train,    400, 15.928846,    9, 0.00,    6, 0.000, 0.000, 0.100, 10
train,    401, -36.703310,   90, 0.00,   29, 0.000, 0.000, 0.100, 10
train,    402, -38.448164,   19, 1.00,    3, 0.000, 0.000, 0.100, 10
train,    403, -160.135030,   90, 0.00,   38, 0.000, 0.000, 0.100, 10
train,    404, -16.212333,   14, 1.00,    4, 0.000, 0.000, 0.100, 10
train,    405, -8.321154,    4, 1.00,    0, 0.000, 0.000, 0.100, 10
train,    406, 19.102564,    9, 0.00,    2, 0.000, 0.000, 0.100, 10
train,    407, -8.542308,    8, 1.00,    5, 0.000, 0.000, 0.100, 10
train,    408, -6.214103,    7, 1.00,    2, 0.000, 0.000, 0.100, 10
train,    409, 14.056170,   12, 0.00,    1, 0.000, 0.000, 0.100, 10
train,    410, -7.278205,    8, 1.00,    3, 0.000, 0.000, 0.100, 10
train,    411, -7.296795,    9, 1.00,    5, 0.000, 0.000, 0.100, 10
train,    412, -6.736898,    8, 1.00,    2, 0.000, 0.000, 0.100, 10
train,    413, -9.491025,    4, 1.00,    0, 0.000, 0.000, 0.100, 10
train,    414, -10.192308,    2, 1.00,    0, 0.000, 0.000, 0.100, 10
train,    415, -48.399675,   20, 1.00,    7, 0.000, 0.000, 0.100, 10
update,   415,   13,  513, -17.606890, 0.000000
train,    416, -12.398733,    8, 1.00,    2, 0.000, 0.000, 0.100, 10
train,    417, -5.818679,   11, 1.00,    5, 0.000, 0.000, 0.100, 10
train,    418, -8.822941,    5, 1.00,    2, 0.000, 0.000, 0.100, 10
train,    419, -48.712041,   17, 1.00,    6, 0.000, 0.000, 0.100, 10
train,    420, -8.503846,    6, 1.00,    3, 0.000, 0.000, 0.100, 10
train,    421, -114.797234,   90, 0.00,   38, 0.000, 0.000, 0.100, 10
train,    422, -85.357409,   71, 1.00,   34, 0.000, 0.000, 0.100, 10
train,    423, -10.888032,    9, 1.00,    1, 0.000, 0.000, 0.100, 10
train,    424, -16.169743,   23, 0.00,    7, 0.000, 0.000, 0.100, 10
val,      424, 2.396316, 0.6000,  25.4000,   4.8000, 0.2000,   7.7657
train,    425, -132.345925,   36, 1.00,   23, 0.000, 0.000, 0.100, 10
train,    426, 18.311538,    9, 0.00,    2, 0.000, 0.000, 0.100, 10
train,    427, -102.541145,   90, 0.00,   34, 0.000, 0.000, 0.100, 10
train,    428, -23.651932,   16, 1.00,    8, 0.000, 0.000, 0.100, 10
train,    429, -13.922865,    9, 1.00,    3, 0.000, 0.000, 0.100, 10
train,    430, -8.856410,    4, 1.00,    2, 0.000, 0.000, 0.100, 10
train,    431, -12.584464,   11, 1.00,    6, 0.000, 0.000, 0.100, 10
train,    432, -10.192308,    2, 1.00,    0, 0.000, 0.000, 0.100, 10
train,    433, -21.779132,    8, 1.00,    4, 0.000, 0.000, 0.100, 10
train,    434, -8.442860,    9, 1.00,    4, 0.000, 0.000, 0.100, 10
train,    435, -86.447969,   25, 1.00,   11, 0.000, 0.000, 0.100, 10
train,    436, 19.897436,   12, 0.00,    3, 0.000, 0.000, 0.100, 10
train,    437, -23.319429,    9, 1.00,    5, 0.000, 0.000, 0.100, 10
train,    438, -86.393520,   54, 1.00,   25, 0.000, 0.000, 0.100, 10
update,   438,   14,  534, -26.380877, -0.000000
train,    439, -9.447436,    4, 1.00,    2, 0.000, 0.000, 0.100, 10
train,    440, -35.915729,   45, 1.00,   17, 0.000, 0.000, 0.100, 10
train,    441, -21.706502,    9, 1.00,    3, 0.000, 0.000, 0.100, 10
train,    442, -10.179487,    4, 1.00,    3, 0.000, 0.000, 0.100, 10
train,    443, -30.794515,   43, 1.00,   15, 0.000, 0.000, 0.100, 10
train,    444, -6.721729,   10, 1.00,    4, 0.000, 0.000, 0.100, 10
train,    445, -9.262821,    5, 1.00,    3, 0.000, 0.000, 0.100, 10
train,    446, -16.329404,    8, 1.00,    2, 0.000, 0.000, 0.100, 10
train,    447, -2.119166,   16, 0.00,    4, 0.000, 0.000, 0.100, 10
train,    448, -46.313897,   42, 1.00,   17, 0.000, 0.000, 0.100, 10
train,    449, -23.962070,    8, 1.00,    5, 0.000, 0.000, 0.100, 10
val_save, 449, 22.338462, 0.0000,  16.0000,   0.0000, 1.0000,   8.0000
val,      449, 22.338462, 0.0000,  16.0000,   0.0000, 1.0000,   8.0000
train,    450, -8.650000,    4, 1.00,    0, 0.000, 0.000, 0.100, 10
train,    451, -66.069107,   57, 1.00,   18, 0.000, 0.000, 0.100, 10
train,    452, -13.602980,   10, 1.00,    2, 0.000, 0.000, 0.100, 10
train,    453, -10.544016,    4, 1.00,    2, 0.000, 0.000, 0.100, 10
train,    454, -86.317314,   57, 1.00,   31, 0.000, 0.000, 0.100, 10
train,    455, -8.659176,    9, 1.00,    5, 0.000, 0.000, 0.100, 10
train,    456, -21.383877,    9, 1.00,    4, 0.000, 0.000, 0.100, 10
train,    457, -66.517779,   26, 1.00,   10, 0.000, 0.000, 0.100, 10
train,    458, -6.057692,    6, 1.00,    1, 0.000, 0.000, 0.100, 10
train,    459, -54.582996,   47, 1.00,   22, 0.000, 0.000, 0.100, 10
train,    460, -10.521154,    2, 1.00,    0, 0.000, 0.000, 0.100, 10
train,    461, -7.321795,    6, 1.00,    3, 0.000, 0.000, 0.100, 10
train,    462, -10.192308,    2, 1.00,    0, 0.000, 0.000, 0.100, 10
train,    463, 2.360507,   17, 0.00,    6, 0.000, 0.000, 0.100, 10
train,    464, -12.277245,    3, 1.00,    2, 0.000, 0.000, 0.100, 10
train,    465, -9.206300,    8, 1.00,    4, 0.000, 0.000, 0.100, 10
train,    466, -54.829762,   15, 1.00,    6, 0.000, 0.000, 0.100, 10
train,    467, -18.090129,    8, 1.00,    1, 0.000, 0.000, 0.100, 10
train,    468, -21.581108,   16, 1.00,    6, 0.000, 0.000, 0.100, 10
train,    469, 16.910897,    9, 0.00,    5, 0.000, 0.000, 0.100, 10
train,    470, -12.721921,    8, 1.00,    2, 0.000, 0.000, 0.100, 10
update,   470,   15,  517, -19.999846, -0.000000
train,    471, 11.908616,   16, 0.00,    5, 0.000, 0.000, 0.100, 10
train,    472, -8.643887,    8, 1.00,    6, 0.000, 0.000, 0.100, 10
train,    473, -5.630847,   16, 0.00,    6, 0.000, 0.000, 0.100, 10
train,    474, 17.387357,   12, 0.00,    6, 0.000, 0.000, 0.100, 10
val,      474, 12.031419, 0.6000,  23.4000,   0.0000, 0.4000,   7.9511
train,    475, 17.392949,    9, 0.00,    4, 0.000, 0.000, 0.100, 10
train,    476, -7.055022,    6, 1.00,    1, 0.000, 0.000, 0.100, 10
train,    477, -12.397398,    9, 1.00,    2, 0.000, 0.000, 0.100, 10
train,    478, -86.315817,   90, 0.00,   40, 0.000, 0.000, 0.100, 10
train,    479, -46.543674,   56, 1.00,   21, 0.000, 0.000, 0.100, 10
train,    480, -8.060256,    8, 1.00,    4, 0.000, 0.000, 0.100, 10
train,    481, -18.469889,    6, 1.00,    2, 0.000, 0.000, 0.100, 10
train,    482, -62.005926,   20, 1.00,    9, 0.000, 0.000, 0.100, 10
train,    483, -32.053773,   27, 0.00,    8, 0.000, 0.000, 0.100, 10
train,    484, 17.612179,   11, 0.00,    5, 0.000, 0.000, 0.100, 10
train,    485, -11.140360,   37, 1.00,   14, 0.000, 0.000, 0.100, 10
train,    486, -76.524697,   47, 1.00,   24, 0.000, 0.000, 0.100, 10
train,    487, -81.936734,   69, 1.00,   28, 0.000, 0.000, 0.100, 10
train,    488, -64.765773,   90, 0.00,   31, 0.000, 0.000, 0.100, 10
update,   488,   16,  537, -19.176235, -0.000000
train,    489, -21.380233,    7, 1.00,    1, 0.000, 0.000, 0.100, 10
train,    490, -64.482584,   35, 0.00,    7, 0.000, 0.000, 0.100, 10
train,    491, -14.813236,    8, 1.00,    1, 0.000, 0.000, 0.100, 10
train,    492, -9.936469,    3, 1.00,    1, 0.000, 0.000, 0.100, 10
train,    493, -53.963159,   17, 1.00,    6, 0.000, 0.000, 0.100, 10
train,    494, -108.430120,   51, 1.00,   21, 0.000, 0.000, 0.100, 10
train,    495, -17.686871,    8, 1.00,    4, 0.000, 0.000, 0.100, 10
train,    496, -4.871355,    9, 1.00,    3, 0.000, 0.000, 0.100, 10
train,    497, -9.270912,    5, 1.00,    1, 0.000, 0.000, 0.100, 10
train,    498, -11.095813,    5, 1.00,    3, 0.000, 0.000, 0.100, 10
train,    499, -10.192308,    2, 1.00,    0, 0.000, 0.000, 0.100, 10
val,      499, 15.671859, 0.2000,  13.0000,   0.0000, 0.8000,   8.2698
train,    500, -54.170132,   41, 1.00,   13, 0.000, 0.000, 0.100, 10
train,    501, -10.192308,    2, 1.00,    0, 0.000, 0.000, 0.100, 10
train,    502, 17.874359,   11, 0.00,    5, 0.000, 0.000, 0.100, 10
train,    503, -18.003538,    8, 1.00,    4, 0.000, 0.000, 0.100, 10
train,    504, 15.678846,    9, 0.00,    6, 0.000, 0.000, 0.100, 10
train,    505, -10.798441,    3, 1.00,    1, 0.000, 0.000, 0.100, 10
train,    506, -129.207998,   90, 0.00,   34, 0.000, 0.000, 0.100, 10
train,    507, -115.449446,   62, 1.00,   19, 0.000, 0.000, 0.100, 10
train,    508, -7.105769,    9, 1.00,    4, 0.000, 0.000, 0.100, 10
train,    509, 16.793590,   11, 0.00,    7, 0.000, 0.000, 0.100, 10
train,    510, -9.262179,    8, 1.00,    6, 0.000, 0.000, 0.100, 10
train,    511, 17.432051,   10, 0.00,    5, 0.000, 0.000, 0.100, 10
train,    512, 19.583743,   13, 0.00,    3, 0.000, 0.000, 0.100, 10
train,    513, -10.192308,    2, 1.00,    0, 0.000, 0.000, 0.100, 10
train,    514, -9.047657,    5, 1.00,    0, 0.000, 0.000, 0.100, 10
train,    515, -3.940554,   13, 1.00,    6, 0.000, 0.000, 0.100, 10
train,    516, -10.786538,    2, 1.00,    1, 0.000, 0.000, 0.100, 10
train,    517, -14.480086,    9, 1.00,    1, 0.000, 0.000, 0.100, 10
train,    518, -10.217949,    6, 1.00,    5, 0.000, 0.000, 0.100, 10
train,    519, -14.760760,   13, 1.00,    6, 0.000, 0.000, 0.100, 10
train,    520, -9.289569,    7, 1.00,    3, 0.000, 0.000, 0.100, 10
train,    521, -10.457692,    2, 1.00,    1, 0.000, 0.000, 0.100, 10
train,    522, -132.893138,   90, 0.00,   40, 0.000, 0.000, 0.100, 10
update,   522,   17,  576, -27.145962, 0.000000
train,    523, -9.185256,    4, 1.00,    2, 0.000, 0.000, 0.100, 10
train,    524, -5.036981,   24, 1.00,   11, 0.000, 0.000, 0.100, 10
val,      524, 16.496198, 0.4000,  28.0000,   0.0000, 0.4000,  11.1683
train,    525, 17.353205,   10, 0.00,    5, 0.000, 0.000, 0.100, 10
train,    526, -7.868046,    7, 1.00,    3, 0.000, 0.000, 0.100, 10
train,    527, 16.626282,   14, 0.00,    8, 0.000, 0.000, 0.100, 10
train,    528, -6.358524,    8, 1.00,    2, 0.000, 0.000, 0.100, 10
train,    529, 16.660897,    9, 0.00,    5, 0.000, 0.000, 0.100, 10
train,    530, 6.941732,   12, 0.00,    5, 0.000, 0.000, 0.100, 10
train,    531, -48.161130,   90, 0.00,   34, 0.000, 0.000, 0.100, 10
train,    532, -57.761218,   43, 1.00,   17, 0.000, 0.000, 0.100, 10
train,    533, -109.699009,   90, 0.00,   33, 0.000, 0.000, 0.100, 10
train,    534, -59.025342,   20, 1.00,    5, 0.000, 0.000, 0.100, 10
train,    535, 17.020513,    8, 0.00,    3, 0.000, 0.000, 0.100, 10
train,    536, 18.892308,   13, 0.00,    5, 0.000, 0.000, 0.100, 10
train,    537, -11.259235,    3, 1.00,    1, 0.000, 0.000, 0.100, 10
train,    538, -53.956948,   52, 1.00,   16, 0.000, 0.000, 0.100, 10
train,    539, 5.111220,   16, 0.00,    8, 0.000, 0.000, 0.100, 10
train,    540, -77.173693,   25, 1.00,    9, 0.000, 0.000, 0.100, 10
train,    541, -8.135897,    7, 1.00,    4, 0.000, 0.000, 0.100, 10
train,    542, -9.118590,    4, 1.00,    2, 0.000, 0.000, 0.100, 10
train,    543, -12.084744,    9, 1.00,    4, 0.000, 0.000, 0.100, 10
train,    544, -17.223474,   13, 1.00,    3, 0.000, 0.000, 0.100, 10
train,    545, -4.307051,   10, 1.00,    4, 0.000, 0.000, 0.100, 10
train,    546, -7.760529,    7, 1.00,    3, 0.000, 0.000, 0.100, 10
train,    547, -10.521154,    2, 1.00,    0, 0.000, 0.000, 0.100, 10
train,    548, -14.600606,   10, 1.00,    4, 0.000, 0.000, 0.100, 10
train,    549, -119.240657,   90, 0.00,   41, 0.000, 0.000, 0.100, 10
update,   549,   18,  600, -24.119438, 0.000000
val,      549, -2.597916, 0.8000,   6.4000,   0.0000, 0.2000,  10.0620
train,    550, 1.780181,   16, 0.00,    7, 0.000, 0.000, 0.100, 10
train,    551, 17.908974,   12, 0.00,    5, 0.000, 0.000, 0.100, 10
train,    552, -10.694278,    8, 1.00,    2, 0.000, 0.000, 0.100, 10
train,    553, -10.433871,    3, 1.00,    1, 0.000, 0.000, 0.100, 10
train,    554, -107.386860,   90, 0.00,   30, 0.000, 0.000, 0.100, 10
train,    555, -10.192308,    2, 1.00,    0, 0.000, 0.000, 0.100, 10
train,    556, -108.742179,   59, 1.00,   21, 0.000, 0.000, 0.100, 10
train,    557, -10.023077,    3, 1.00,    2, 0.000, 0.000, 0.100, 10
train,    558, -7.684785,    6, 1.00,    1, 0.000, 0.000, 0.100, 10
train,    559, -6.723077,    6, 1.00,    2, 0.000, 0.000, 0.100, 10
train,    560, -39.994168,   16, 1.00,    7, 0.000, 0.000, 0.100, 10
train,    561, -11.050000,    2, 1.00,    0, 0.000, 0.000, 0.100, 10
train,    562, -62.293531,   54, 1.00,   23, 0.000, 0.000, 0.100, 10
train,    563, -111.229446,   90, 0.00,   39, 0.000, 0.000, 0.100, 10
train,    564, -5.700641,    8, 1.00,    3, 0.000, 0.000, 0.100, 10
train,    565, -85.001792,   59, 1.00,   25, 0.000, 0.000, 0.100, 10
train,    566, 5.776773,   18, 0.00,    4, 0.000, 0.000, 0.100, 10
train,    567, -8.669269,    4, 1.00,    1, 0.000, 0.000, 0.100, 10
train,    568, 17.498718,   10, 0.00,    5, 0.000, 0.000, 0.100, 10
train,    569, -22.754728,    8, 1.00,    3, 0.000, 0.000, 0.100, 10
train,    570, -56.999507,   79, 1.00,   31, 0.000, 0.000, 0.100, 10
update,   570,   19,  553, -28.909084, 0.000000
train,    571, -23.405123,   43, 1.00,   19, 0.000, 0.000, 0.100, 10
train,    572, -5.818590,    7, 1.00,    2, 0.000, 0.000, 0.100, 10
train,    573, -10.457692,    2, 1.00,    1, 0.000, 0.000, 0.100, 10
train,    574, -68.731575,   90, 0.00,   31, 0.000, 0.000, 0.100, 10
val,      574, -9.312308, 1.0000,   2.8000,   0.0000, 0.0000,  12.9516
train,    575, -7.764293,    6, 1.00,    1, 0.000, 0.000, 0.100, 10
train,    576, 6.610139,   15, 0.00,    5, 0.000, 0.000, 0.100, 10
train,    577, -10.786538,    2, 1.00,    1, 0.000, 0.000, 0.100, 10
train,    578, -76.319485,   37, 0.00,   19, 0.000, 0.000, 0.100, 10
train,    579, -10.363762,    5, 1.00,    2, 0.000, 0.000, 0.100, 10
train,    580, 18.637179,    9, 0.00,    3, 0.000, 0.000, 0.100, 10
train,    581, -10.786538,    2, 1.00,    1, 0.000, 0.000, 0.100, 10
train,    582, -63.907399,   64, 1.00,   26, 0.000, 0.000, 0.100, 10
train,    583, 17.498718,   10, 0.00,    5, 0.000, 0.000, 0.100, 10
train,    584, -10.521154,    2, 1.00,    0, 0.000, 0.000, 0.100, 10
train,    585, -13.160397,   21, 0.00,   13, 0.000, 0.000, 0.100, 10
train,    586, -129.753465,   86, 1.00,   33, 0.000, 0.000, 0.100, 10
train,    587, 18.147436,   10, 0.00,    4, 0.000, 0.000, 0.100, 10
train,    588, -28.658914,   13, 1.00,    8, 0.000, 0.000, 0.100, 10
train,    589, -10.338924,    3, 1.00,    1, 0.000, 0.000, 0.100, 10
train,    590, -6.573718,    8, 1.00,    4, 0.000, 0.000, 0.100, 10
train,    591, -10.521154,    2, 1.00,    0, 0.000, 0.000, 0.100, 10
train,    592, -17.910073,    8, 1.00,    4, 0.000, 0.000, 0.100, 10
train,    593, -10.521154,    2, 1.00,    0, 0.000, 0.000, 0.100, 10
train,    594, -6.500817,    8, 1.00,    3, 0.000, 0.000, 0.100, 10
train,    595, -9.936469,    3, 1.00,    1, 0.000, 0.000, 0.100, 10
train,    596, -21.006609,    9, 1.00,    2, 0.000, 0.000, 0.100, 10
train,    597, -8.038462,    6, 1.00,    2, 0.000, 0.000, 0.100, 10
train,    598, 19.035897,    9, 0.00,    2, 0.000, 0.000, 0.100, 10
train,    599, -6.386538,    6, 1.00,    1, 0.000, 0.000, 0.100, 10
val,      599, -3.073846, 0.8000,   4.4000,   0.0000, 0.2000,  13.9156
train,    600, -6.143880,    7, 1.00,    2, 0.000, 0.000, 0.100, 10
train,    601, -91.163537,   58, 1.00,   20, 0.000, 0.000, 0.100, 10
update,   601,   20,  553, -22.725843, 0.000000
train,    602, -24.295014,    9, 1.00,    3, 0.000, 0.000, 0.100, 10
train,    603, -18.080072,    8, 1.00,    5, 0.000, 0.000, 0.100, 10
train,    604, -10.192308,    2, 1.00,    0, 0.000, 0.000, 0.100, 10
train,    605, 19.634615,    9, 0.00,    1, 0.000, 0.000, 0.100, 10
train,    606, -19.501271,   23, 0.00,   11, 0.000, 0.000, 0.100, 10
train,    607, -10.192308,    2, 1.00,    0, 0.000, 0.000, 0.100, 10
train,    608, -10.192308,    2, 1.00,    0, 0.000, 0.000, 0.100, 10
train,    609, -5.078205,    9, 1.00,    4, 0.000, 0.000, 0.100, 10
train,    610, -10.125937,    4, 1.00,    2, 0.000, 0.000, 0.100, 10
train,    611, -10.457692,    2, 1.00,    1, 0.000, 0.000, 0.100, 10
train,    612, -7.373077,    6, 1.00,    1, 0.000, 0.000, 0.100, 10
train,    613, -20.718493,    9, 1.00,    3, 0.000, 0.000, 0.100, 10
train,    614, -58.435899,   46, 1.00,   16, 0.000, 0.000, 0.100, 10
train,    615, -56.773639,   90, 0.00,   40, 0.000, 0.000, 0.100, 10
train,    616, -6.700297,    6, 1.00,    1, 0.000, 0.000, 0.100, 10
train,    617, -44.999391,   17, 1.00,    6, 0.000, 0.000, 0.100, 10
train,    618, -10.786538,    2, 1.00,    1, 0.000, 0.000, 0.100, 10
train,    619, -10.521154,    2, 1.00,    0, 0.000, 0.000, 0.100, 10
train,    620, -55.050035,   17, 1.00,    8, 0.000, 0.000, 0.100, 10
train,    621, 18.840385,    9, 0.00,    2, 0.000, 0.000, 0.100, 10
train,    622, -28.412025,   54, 1.00,   25, 0.000, 0.000, 0.100, 10
train,    623, -26.619554,   52, 1.00,   22, 0.000, 0.000, 0.100, 10
train,    624, -7.373077,    6, 1.00,    1, 0.000, 0.000, 0.100, 10
val,      624, 7.797308, 0.4000,   6.2000,   0.0000, 0.6000,  14.2065
train,    625, -8.356042,    7, 1.00,    3, 0.000, 0.000, 0.100, 10
train,    626, -52.491143,   18, 1.00,    7, 0.000, 0.000, 0.100, 10
train,    627, -60.102466,   35, 1.00,   11, 0.000, 0.000, 0.100, 10
train,    628, 17.787821,   12, 0.00,    5, 0.000, 0.000, 0.100, 10
train,    629, -11.653062,    7, 1.00,    2, 0.000, 0.000, 0.100, 10
train,    630, -118.333711,   90, 0.00,   35, 0.000, 0.000, 0.100, 10
update,   630,   21,  555, -22.710577, 0.000000
train,    631, 16.594231,    9, 0.00,    5, 0.000, 0.000, 0.100, 10
train,    632, -29.668065,   12, 1.00,    6, 0.000, 0.000, 0.100, 10
train,    633, -10.258567,   10, 1.00,    5, 0.000, 0.000, 0.100, 10
train,    634, 17.876113,   12, 0.00,    5, 0.000, 0.000, 0.100, 10
train,    635, -8.600852,    7, 1.00,    5, 0.000, 0.000, 0.100, 10
train,    636, -15.925065,    9, 1.00,    5, 0.000, 0.000, 0.100, 10
train,    637, -9.061773,    8, 1.00,    3, 0.000, 0.000, 0.100, 10
train,    638, -10.702776,    8, 1.00,    5, 0.000, 0.000, 0.100, 10
train,    639, -10.786538,    2, 1.00,    1, 0.000, 0.000, 0.100, 10
train,    640, -6.057692,    6, 1.00,    1, 0.000, 0.000, 0.100, 10
train,    641, -25.946351,    8, 1.00,    1, 0.000, 0.000, 0.100, 10
train,    642, -10.457692,    2, 1.00,    1, 0.000, 0.000, 0.100, 10
train,    643, -8.586538,    4, 1.00,    1, 0.000, 0.000, 0.100, 10
train,    644, -13.690568,   34, 1.00,    9, 0.000, 0.000, 0.100, 10
train,    645, -10.155480,    6, 1.00,    4, 0.000, 0.000, 0.100, 10
train,    646, -8.693256,    4, 1.00,    0, 0.000, 0.000, 0.100, 10
train,    647, -5.646535,    7, 1.00,    0, 0.000, 0.000, 0.100, 10
train,    648, -14.628486,   23, 1.00,    6, 0.000, 0.000, 0.100, 10
train,    649, -96.737200,   65, 1.00,   24, 0.000, 0.000, 0.100, 10
val,      649, -8.460336, 1.0000,   3.6000,   0.0000, 0.0000,  13.3871
train,    650, -6.977847,    7, 1.00,    2, 0.000, 0.000, 0.100, 10
train,    651, -10.192308,    2, 1.00,    0, 0.000, 0.000, 0.100, 10
train,    652, -131.413330,   69, 1.00,   31, 0.000, 0.000, 0.100, 10
train,    653, -10.786538,    2, 1.00,    1, 0.000, 0.000, 0.100, 10
train,    654, -71.228033,   18, 1.00,    7, 0.000, 0.000, 0.100, 10
train,    655, -72.522159,   20, 1.00,    9, 0.000, 0.000, 0.100, 10
train,    656, 0.703160,   18, 0.00,    9, 0.000, 0.000, 0.100, 10
train,    657, -51.818079,   21, 1.00,   10, 0.000, 0.000, 0.100, 10
train,    658, 0.373718,   17, 1.00,    8, 0.000, 0.000, 0.100, 10
train,    659, -10.100641,    4, 1.00,    3, 0.000, 0.000, 0.100, 10
train,    660, -10.186618,    7, 1.00,    4, 0.000, 0.000, 0.100, 10
train,    661, -6.323718,    9, 1.00,    3, 0.000, 0.000, 0.100, 10
train,    662, -8.919997,    5, 1.00,    1, 0.000, 0.000, 0.100, 10
train,    663, -67.867684,   78, 1.00,   32, 0.000, 0.000, 0.100, 10
update,   663,   22,  513, -25.567503, 0.000000
train,    664, -8.887179,    6, 1.00,    3, 0.000, 0.000, 0.100, 10
train,    665, -8.495878,    8, 1.00,    3, 0.000, 0.000, 0.100, 10
train,    666, 17.983974,   15, 0.00,    7, 0.000, 0.000, 0.100, 10
train,    667, -38.518144,   90, 0.00,   32, 0.000, 0.000, 0.100, 10
train,    668, 17.248718,   10, 0.00,    5, 0.000, 0.000, 0.100, 10
train,    669, -18.323895,    9, 1.00,    7, 0.000, 0.000, 0.100, 10
train,    670, -56.191785,   63, 1.00,   25, 0.000, 0.000, 0.100, 10
train,    671, -10.457692,    2, 1.00,    1, 0.000, 0.000, 0.100, 10
train,    672, -10.192308,    2, 1.00,    0, 0.000, 0.000, 0.100, 10
train,    673, -7.958395,    6, 1.00,    2, 0.000, 0.000, 0.100, 10
train,    674, -10.192308,    2, 1.00,    0, 0.000, 0.000, 0.100, 10
val,      674, 2.214359, 0.6000,   6.2000,   2.4000, 0.4000,  14.1540
train,    675, -32.824688,   90, 0.00,   31, 0.000, 0.000, 0.100, 10
train,    676, -11.587758,   10, 1.00,    5, 0.000, 0.000, 0.100, 10
train,    677, -6.785256,    6, 1.00,    2, 0.000, 0.000, 0.100, 10
train,    678, -11.050000,    2, 1.00,    0, 0.000, 0.000, 0.100, 10
train,    679, -21.668244,    8, 1.00,    4, 0.000, 0.000, 0.100, 10
train,    680, -16.329404,    8, 1.00,    2, 0.000, 0.000, 0.100, 10
train,    681, 16.112179,    9, 0.00,    6, 0.000, 0.000, 0.100, 10
train,    682, -28.212523,   41, 1.00,   22, 0.000, 0.000, 0.100, 10
train,    683, -53.994930,   90, 0.00,   40, 0.000, 0.000, 0.100, 10
train,    684, -10.076361,    4, 1.00,    2, 0.000, 0.000, 0.100, 10
train,    685, 2.064708,   16, 0.00,    6, 0.000, 0.000, 0.100, 10
train,    686, -60.192248,   18, 1.00,   10, 0.000, 0.000, 0.100, 10
update,   686,   23,  515, -18.009777, 0.000000
train,    687, -33.016110,   14, 1.00,    6, 0.000, 0.000, 0.100, 10
train,    688, -5.811829,    7, 1.00,    1, 0.000, 0.000, 0.100, 10
train,    689, -83.813994,   37, 0.00,   17, 0.000, 0.000, 0.100, 10
train,    690, -16.466936,    9, 1.00,    6, 0.000, 0.000, 0.100, 10
train,    691, -10.192308,    2, 1.00,    0, 0.000, 0.000, 0.100, 10
train,    692, 18.085256,   10, 0.00,    4, 0.000, 0.000, 0.100, 10
train,    693, -21.307784,    9, 1.00,    2, 0.000, 0.000, 0.100, 10
train,    694, 18.410897,   11, 0.00,    4, 0.000, 0.000, 0.100, 10
train,    695, -6.982897,    7, 1.00,    2, 0.000, 0.000, 0.100, 10
train,    696, -22.136892,    9, 1.00,    4, 0.000, 0.000, 0.100, 10
train,    697, 19.920513,   11, 0.00,    2, 0.000, 0.000, 0.100, 10
train,    698, -73.984348,   53, 1.00,   20, 0.000, 0.000, 0.100, 10
train,    699, -10.053846,    5, 1.00,    3, 0.000, 0.000, 0.100, 10
val,      699, -10.192308, 1.0000,   2.0000,   0.0000, 0.0000,  12.4305
train,    700, -24.686889,   12, 1.00,    5, 0.000, 0.000, 0.100, 10
train,    701, -12.510816,   11, 1.00,    7, 0.000, 0.000, 0.100, 10
train,    702, -11.440685,    3, 1.00,    1, 0.000, 0.000, 0.100, 10
train,    703, -0.412748,   37, 1.00,   14, 0.000, 0.000, 0.100, 10
train,    704, -10.999432,    5, 1.00,    3, 0.000, 0.000, 0.100, 10
train,    705, -10.562080,    4, 1.00,    0, 0.000, 0.000, 0.100, 10
train,    706, -9.552564,    6, 1.00,    4, 0.000, 0.000, 0.100, 10
train,    707, -10.457692,    2, 1.00,    1, 0.000, 0.000, 0.100, 10
train,    708, -10.521154,    2, 1.00,    0, 0.000, 0.000, 0.100, 10
train,    709, -6.800641,    7, 1.00,    3, 0.000, 0.000, 0.100, 10
train,    710, -9.967949,    6, 1.00,    5, 0.000, 0.000, 0.100, 10
train,    711, -10.457692,    2, 1.00,    1, 0.000, 0.000, 0.100, 10
train,    712, -6.785256,    6, 1.00,    2, 0.000, 0.000, 0.100, 10
train,    713, -8.859615,   10, 1.00,    7, 0.000, 0.000, 0.100, 10
train,    714, -38.817491,   41, 1.00,   19, 0.000, 0.000, 0.100, 10
train,    715, -12.716016,   65, 1.00,   24, 0.000, 0.000, 0.100, 10
train,    716, -6.201923,    7, 1.00,    2, 0.000, 0.000, 0.100, 10
train,    717, -10.192308,    2, 1.00,    0, 0.000, 0.000, 0.100, 10
train,    718, -8.703846,    6, 1.00,    3, 0.000, 0.000, 0.100, 10
train,    719, -10.192308,    2, 1.00,    0, 0.000, 0.000, 0.100, 10
train,    720, -217.854785,   90, 0.00,   48, 0.000, 0.000, 0.100, 10
train,    721, -8.002127,    7, 1.00,    2, 0.000, 0.000, 0.100, 10
update,   721,   24,  517, -25.121181, 0.000000
train,    722, -10.521154,    2, 1.00,    0, 0.000, 0.000, 0.100, 10
train,    723, 19.900000,    9, 0.00,    0, 0.000, 0.000, 0.100, 10
train,    724, 1.137144,   16, 0.00,    7, 0.000, 0.000, 0.100, 10
val,      724, -2.965385, 0.8000,   4.6000,   0.0000, 0.2000,  13.9950
train,    725, -7.759676,   10, 1.00,    6, 0.000, 0.000, 0.100, 10
train,    726, -5.792308,    6, 1.00,    0, 0.000, 0.000, 0.100, 10
train,    727, 20.013462,   10, 0.00,    0, 0.000, 0.000, 0.100, 10
train,    728, -71.481026,   90, 0.00,   42, 0.000, 0.000, 0.100, 10
train,    729, -12.772869,    9, 1.00,    6, 0.000, 0.000, 0.100, 10
train,    730, -23.755763,   10, 1.00,    4, 0.000, 0.000, 0.100, 10
train,    731, 19.106410,   12, 0.00,    3, 0.000, 0.000, 0.100, 10
train,    732, -61.204876,   46, 1.00,   22, 0.000, 0.000, 0.100, 10
train,    733, -6.057692,    6, 1.00,    1, 0.000, 0.000, 0.100, 10
train,    734, -10.192308,    2, 1.00,    0, 0.000, 0.000, 0.100, 10
train,    735, 19.305769,    9, 0.00,    1, 0.000, 0.000, 0.100, 10
train,    736, -11.178264,    9, 1.00,    4, 0.000, 0.000, 0.100, 10
train,    737, -6.577935,    7, 1.00,    1, 0.000, 0.000, 0.100, 10
train,    738, -8.472436,    7, 1.00,    5, 0.000, 0.000, 0.100, 10
train,    739, 18.953846,   10, 0.00,    2, 0.000, 0.000, 0.100, 10
train,    740, -5.981753,   17, 0.00,    7, 0.000, 0.000, 0.100, 10
train,    741, -6.275037,    7, 1.00,    1, 0.000, 0.000, 0.100, 10
train,    742, -15.067083,   10, 1.00,    4, 0.000, 0.000, 0.100, 10
train,    743, -11.440685,    3, 1.00,    1, 0.000, 0.000, 0.100, 10
train,    744, -8.586538,    4, 1.00,    1, 0.000, 0.000, 0.100, 10
train,    745, -16.553484,    8, 1.00,    1, 0.000, 0.000, 0.100, 10
train,    746, -10.457692,    2, 1.00,    1, 0.000, 0.000, 0.100, 10
train,    747, 11.035668,   17, 0.00,    6, 0.000, 0.000, 0.100, 10
train,    748, -8.732818,    6, 1.00,    2, 0.000, 0.000, 0.100, 10
train,    749, -6.371405,    9, 1.00,    3, 0.000, 0.000, 0.100, 10
val,      749, -3.293846, 0.8000,   4.2000,   0.0000, 0.2000,  13.1676
train,    750, -42.320709,   39, 1.00,   18, 0.000, 0.000, 0.100, 10
train,    751, 16.942949,    9, 0.00,    4, 0.000, 0.000, 0.100, 10
train,    752, -6.437179,    8, 1.00,    3, 0.000, 0.000, 0.100, 10
train,    753, 17.326282,    9, 0.00,    4, 0.000, 0.000, 0.100, 10
train,    754, -8.843780,    7, 1.00,    4, 0.000, 0.000, 0.100, 10
train,    755, -10.261022,    9, 1.00,    7, 0.000, 0.000, 0.100, 10
train,    756, -6.336544,    9, 1.00,    3, 0.000, 0.000, 0.100, 10
train,    757, -10.277045,    4, 1.00,    3, 0.000, 0.000, 0.100, 10
train,    758, 19.900000,    9, 0.00,    0, 0.000, 0.000, 0.100, 10
train,    759, -4.138462,    9, 1.00,    3, 0.000, 0.000, 0.100, 10
train,    760, -1.191645,   15, 0.00,    4, 0.000, 0.000, 0.100, 10
train,    761, -84.949628,   90, 0.00,   24, 0.000, 0.000, 0.100, 10
update,   761,   25,  570, -15.088460, 0.000000
train,    762, 4.205835,   16, 0.00,    4, 0.000, 0.000, 0.100, 10
train,    763, -10.786538,    2, 1.00,    1, 0.000, 0.000, 0.100, 10
train,    764, 16.969872,   10, 0.00,    5, 0.000, 0.000, 0.100, 10
train,    765, 14.525144,   11, 0.00,    4, 0.000, 0.000, 0.100, 10
train,    766, -22.340167,    9, 1.00,    4, 0.000, 0.000, 0.100, 10
train,    767, -11.050000,    2, 1.00,    0, 0.000, 0.000, 0.100, 10
train,    768, 5.154298,   16, 0.00,    6, 0.000, 0.000, 0.100, 10
train,    769, 17.076282,    9, 0.00,    4, 0.000, 0.000, 0.100, 10
train,    770, -7.905128,    6, 1.00,    2, 0.000, 0.000, 0.100, 10
train,    771, -10.786538,    2, 1.00,    1, 0.000, 0.000, 0.100, 10
train,    772, -68.243857,   46, 1.00,   20, 0.000, 0.000, 0.100, 10
train,    773, -10.457692,    2, 1.00,    1, 0.000, 0.000, 0.100, 10
train,    774, -29.433411,   14, 1.00,    4, 0.000, 0.000, 0.100, 10
val,      774, -3.293846, 0.8000,   4.2000,   0.0000, 0.2000,  13.3287
train,    775, -7.227251,    6, 1.00,    2, 0.000, 0.000, 0.100, 10
train,    776, -9.580769,    4, 1.00,    2, 0.000, 0.000, 0.100, 10
train,    777, 16.594231,    9, 0.00,    5, 0.000, 0.000, 0.100, 10
train,    778, 3.879184,   16, 0.00,    4, 0.000, 0.000, 0.100, 10
train,    779, -79.387774,   90, 0.00,   27, 0.000, 0.000, 0.100, 10
train,    780, -52.835933,   17, 1.00,    6, 0.000, 0.000, 0.100, 10
train,    781, -10.521154,    2, 1.00,    0, 0.000, 0.000, 0.100, 10
train,    782, -60.162811,   36, 1.00,   17, 0.000, 0.000, 0.100, 10
train,    783, -10.076361,    4, 1.00,    2, 0.000, 0.000, 0.100, 10
train,    784, -10.457692,    2, 1.00,    1, 0.000, 0.000, 0.100, 10
train,    785, -1.939231,   18, 0.00,    7, 0.000, 0.000, 0.100, 10
train,    786, -6.434626,    8, 1.00,    1, 0.000, 0.000, 0.100, 10
train,    787, -9.130128,    7, 1.00,    5, 0.000, 0.000, 0.100, 10
train,    788, -5.242949,    8, 1.00,    2, 0.000, 0.000, 0.100, 10
train,    789, 19.721795,   11, 0.00,    3, 0.000, 0.000, 0.100, 10
train,    790, -6.550641,    7, 1.00,    3, 0.000, 0.000, 0.100, 10
train,    791, -43.683826,   39, 1.00,   11, 0.000, 0.000, 0.100, 10
train,    792, -15.852699,    8, 1.00,    2, 0.000, 0.000, 0.100, 10
train,    793, -9.202451,    7, 1.00,    6, 0.000, 0.000, 0.100, 10
train,    794, -8.586538,    4, 1.00,    1, 0.000, 0.000, 0.100, 10
train,    795, 17.835256,   10, 0.00,    4, 0.000, 0.000, 0.100, 10
train,    796, -8.915385,    4, 1.00,    1, 0.000, 0.000, 0.100, 10
train,    797, -19.467859,    8, 1.00,    0, 0.000, 0.000, 0.100, 10
train,    798, 19.321795,   11, 0.00,    3, 0.000, 0.000, 0.100, 10
train,    799, 3.815795,   16, 0.00,    5, 0.000, 0.000, 0.100, 10
val,      799, 1.844615, 0.6000,   4.8000,   0.0000, 0.4000,  13.5497
train,    800, 17.475000,    9, 0.00,    3, 0.000, 0.000, 0.100, 10
train,    801, -10.080496,    6, 1.00,    3, 0.000, 0.000, 0.100, 10
update,   801,   26,  512, -14.462987, 0.000000
train,    802, 10.476284,   16, 0.00,    7, 0.000, 0.000, 0.100, 10
train,    803, -10.192308,    2, 1.00,    0, 0.000, 0.000, 0.100, 10
train,    804, -10.521154,    2, 1.00,    0, 0.000, 0.000, 0.100, 10
train,    805, 18.570513,    9, 0.00,    3, 0.000, 0.000, 0.100, 10
train,    806, -7.391667,    7, 1.00,    3, 0.000, 0.000, 0.100, 10
train,    807, -65.650606,   39, 1.00,   14, 0.000, 0.000, 0.100, 10
train,    808, -9.045267,   20, 0.00,    4, 0.000, 0.000, 0.100, 10
train,    809, -10.521154,    2, 1.00,    0, 0.000, 0.000, 0.100, 10
train,    810, 0.146554,   44, 1.00,   17, 0.000, 0.000, 0.100, 10
train,    811, 18.187179,    9, 0.00,    3, 0.000, 0.000, 0.100, 10
train,    812, 10.844276,   12, 0.00,    3, 0.000, 0.000, 0.100, 10
train,    813, -16.337043,    8, 1.00,    3, 0.000, 0.000, 0.100, 10
train,    814, -10.786538,    2, 1.00,    1, 0.000, 0.000, 0.100, 10
train,    815, -40.431038,   17, 1.00,   12, 0.000, 0.000, 0.100, 10
train,    816, -54.228242,   90, 0.00,   41, 0.000, 0.000, 0.100, 10
train,    817, -12.586076,    6, 1.00,    2, 0.000, 0.000, 0.100, 10
train,    818, -27.863971,    8, 1.00,    4, 0.000, 0.000, 0.100, 10
train,    819, -10.521154,    2, 1.00,    0, 0.000, 0.000, 0.100, 10
train,    820, -10.786538,    2, 1.00,    1, 0.000, 0.000, 0.100, 10
train,    821, -17.106784,    9, 1.00,    3, 0.000, 0.000, 0.100, 10
train,    822, -10.521154,    2, 1.00,    0, 0.000, 0.000, 0.100, 10
train,    823, -7.133974,    7, 1.00,    2, 0.000, 0.000, 0.100, 10
train,    824, -71.167504,   90, 0.00,   39, 0.000, 0.000, 0.100, 10
val,      824, 1.844615, 0.6000,   4.8000,   0.0000, 0.4000,  13.6377
train,    825, -52.175228,   49, 1.00,   18, 0.000, 0.000, 0.100, 10
train,    826, -10.786538,    2, 1.00,    1, 0.000, 0.000, 0.100, 10
train,    827, -10.192308,    2, 1.00,    0, 0.000, 0.000, 0.100, 10
train,    828, -9.251923,    4, 1.00,    2, 0.000, 0.000, 0.100, 10
train,    829, 18.041667,    9, 0.00,    3, 0.000, 0.000, 0.100, 10
train,    830, -10.521154,    2, 1.00,    0, 0.000, 0.000, 0.100, 10
train,    831, 11.627258,   15, 0.00,    7, 0.000, 0.000, 0.100, 10
train,    832, -123.545315,   90, 0.00,   41, 0.000, 0.000, 0.100, 10
update,   832,   27,  578, -21.142164, -0.000000
train,    833, -5.004688,    9, 1.00,    3, 0.000, 0.000, 0.100, 10
train,    834, -10.457692,    2, 1.00,    1, 0.000, 0.000, 0.100, 10
train,    835, -8.828205,    6, 1.00,    4, 0.000, 0.000, 0.100, 10
train,    836, -5.741712,    9, 1.00,    4, 0.000, 0.000, 0.100, 10
train,    837, -45.273153,   25, 0.00,   14, 0.000, 0.000, 0.100, 10
train,    838, -8.926212,    5, 1.00,    2, 0.000, 0.000, 0.100, 10
train,    839, -15.799432,   11, 1.00,    6, 0.000, 0.000, 0.100, 10
train,    840, 16.191026,    9, 0.00,    6, 0.000, 0.000, 0.100, 10
train,    841, -6.886750,    7, 1.00,    3, 0.000, 0.000, 0.100, 10
train,    842, -10.192308,    2, 1.00,    0, 0.000, 0.000, 0.100, 10
train,    843, -8.123718,    7, 1.00,    4, 0.000, 0.000, 0.100, 10
train,    844, -63.056992,   90, 0.00,   36, 0.000, 0.000, 0.100, 10
train,    845, 19.604487,   14, 0.00,    4, 0.000, 0.000, 0.100, 10
train,    846, -59.983475,   23, 1.00,    6, 0.000, 0.000, 0.100, 10
train,    847, -8.038462,    6, 1.00,    2, 0.000, 0.000, 0.100, 10
train,    848, 17.192949,    9, 0.00,    4, 0.000, 0.000, 0.100, 10
train,    849, -6.700297,    6, 1.00,    1, 0.000, 0.000, 0.100, 10
val,      849, -8.432308, 1.0000,   3.6000,   0.0000, 0.0000,  13.0825
train,    850, 15.196795,    9, 0.00,    7, 0.000, 0.000, 0.100, 10
train,    851, -10.457692,    2, 1.00,    1, 0.000, 0.000, 0.100, 10
train,    852, -8.915385,    4, 1.00,    1, 0.000, 0.000, 0.100, 10
train,    853, 16.594231,    9, 0.00,    5, 0.000, 0.000, 0.100, 10
train,    854, -9.709777,    6, 1.00,    4, 0.000, 0.000, 0.100, 10
train,    855, -6.283333,   10, 1.00,    6, 0.000, 0.000, 0.100, 10
train,    856, -10.786538,    2, 1.00,    1, 0.000, 0.000, 0.100, 10
train,    857, -10.192308,    2, 1.00,    0, 0.000, 0.000, 0.100, 10
train,    858, -31.264386,   15, 1.00,    6, 0.000, 0.000, 0.100, 10
train,    859, -7.505128,    6, 1.00,    3, 0.000, 0.000, 0.100, 10
train,    860, -7.771795,    6, 1.00,    2, 0.000, 0.000, 0.100, 10
train,    861, -7.878846,    5, 1.00,    0, 0.000, 0.000, 0.100, 10
train,    862, -11.468727,    5, 1.00,    1, 0.000, 0.000, 0.100, 10
train,    863, 2.794275,   16, 0.00,    5, 0.000, 0.000, 0.100, 10
train,    864, -10.192308,    2, 1.00,    0, 0.000, 0.000, 0.100, 10
train,    865, -121.423180,   90, 0.00,   33, 0.000, 0.000, 0.100, 10
train,    866, -7.688764,    7, 1.00,    4, 0.000, 0.000, 0.100, 10
train,    867, -35.789969,   90, 0.00,   35, 0.000, 0.000, 0.100, 10
update,   867,   28,  526, -18.124109, 0.000000
train,    868, 15.073773,   10, 0.00,    4, 0.000, 0.000, 0.100, 10
train,    869, -21.127955,   33, 1.00,   18, 0.000, 0.000, 0.100, 10
train,    870, -9.189418,    9, 1.00,    0, 0.000, 0.000, 0.100, 10
train,    871, 18.527564,   11, 0.00,    4, 0.000, 0.000, 0.100, 10
train,    872, -10.192308,    2, 1.00,    0, 0.000, 0.000, 0.100, 10
train,    873, -10.457692,    2, 1.00,    1, 0.000, 0.000, 0.100, 10
train,    874, -17.307215,   10, 1.00,    6, 0.000, 0.000, 0.100, 10
val,      874, 7.863077, 0.4000,   6.2000,   0.0000, 0.6000,  14.2577
train,    875, -9.703513,    6, 1.00,    5, 0.000, 0.000, 0.100, 10
train,    876, -10.745880,    6, 1.00,    4, 0.000, 0.000, 0.100, 10
train,    877, -10.521154,    2, 1.00,    0, 0.000, 0.000, 0.100, 10
train,    878, -9.514103,    4, 1.00,    2, 0.000, 0.000, 0.100, 10
train,    879, -18.913523,   13, 1.00,    5, 0.000, 0.000, 0.100, 10
train,    880, 18.327564,   11, 0.00,    4, 0.000, 0.000, 0.100, 10
train,    881, 17.651923,   10, 0.00,    4, 0.000, 0.000, 0.100, 10
train,    882, -9.132831,   18, 0.00,    6, 0.000, 0.000, 0.100, 10
train,    883, -8.773840,    5, 1.00,    2, 0.000, 0.000, 0.100, 10
train,    884, -6.553475,   10, 1.00,    5, 0.000, 0.000, 0.100, 10
train,    885, -32.586067,   90, 0.00,   34, 0.000, 0.000, 0.100, 10
train,    886, -8.637179,    6, 1.00,    3, 0.000, 0.000, 0.100, 10
train,    887, -149.102610,   90, 0.00,   34, 0.000, 0.000, 0.100, 10
train,    888, -11.822848,    6, 1.00,    4, 0.000, 0.000, 0.100, 10
train,    889, -7.878846,    5, 1.00,    0, 0.000, 0.000, 0.100, 10
train,    890, -6.821024,    6, 1.00,    1, 0.000, 0.000, 0.100, 10
train,    891, -11.536067,    3, 1.00,    2, 0.000, 0.000, 0.100, 10
train,    892, -10.457692,    2, 1.00,    1, 0.000, 0.000, 0.100, 10
train,    893, -6.225000,    8, 1.00,    3, 0.000, 0.000, 0.100, 10
train,    894, -55.325537,   51, 1.00,   19, 0.000, 0.000, 0.100, 10
train,    895, -7.129487,    7, 1.00,    3, 0.000, 0.000, 0.100, 10
train,    896, -97.282515,   90, 0.00,   37, 0.000, 0.000, 0.100, 10
update,   896,   29,  526, -22.173357, -0.000000
train,    897, -10.192308,    2, 1.00,    0, 0.000, 0.000, 0.100, 10
train,    898, 7.716099,   15, 0.00,    4, 0.000, 0.000, 0.100, 10
train,    899, 17.036538,   10, 0.00,    5, 0.000, 0.000, 0.100, 10
val,      899, 13.881538, 0.2000,   7.6000,   0.0000, 0.8000,  15.0035
train,    900, -24.370103,   10, 1.00,    4, 0.000, 0.000, 0.100, 10
train,    901, -10.457692,    2, 1.00,    1, 0.000, 0.000, 0.100, 10
train,    902, -9.830769,    4, 1.00,    2, 0.000, 0.000, 0.100, 10
train,    903, -10.192308,    2, 1.00,    0, 0.000, 0.000, 0.100, 10
train,    904, -41.885080,   41, 1.00,   21, 0.000, 0.000, 0.100, 10
train,    905, -9.585556,    5, 1.00,    2, 0.000, 0.000, 0.100, 10
train,    906, -101.588826,   63, 1.00,   26, 0.000, 0.000, 0.100, 10
train,    907, 19.365385,   12, 0.00,    4, 0.000, 0.000, 0.100, 10
train,    908, -9.129381,    4, 1.00,    2, 0.000, 0.000, 0.100, 10
train,    909, -75.459862,   90, 0.00,   34, 0.000, 0.000, 0.100, 10
train,    910, -114.074334,   65, 1.00,   30, 0.000, 0.000, 0.100, 10
train,    911, -20.310071,    8, 1.00,    2, 0.000, 0.000, 0.100, 10
train,    912, -6.542949,    7, 1.00,    2, 0.000, 0.000, 0.100, 10
train,    913, -8.479979,    4, 1.00,    0, 0.000, 0.000, 0.100, 10
train,    914, -24.747480,   12, 1.00,    6, 0.000, 0.000, 0.100, 10
train,    915, -10.734000,   12, 1.00,    4, 0.000, 0.000, 0.100, 10
train,    916, -81.391074,   90, 0.00,   36, 0.000, 0.000, 0.100, 10
train,    917, -7.888462,    6, 1.00,    3, 0.000, 0.000, 0.100, 10
train,    918, -7.505128,    6, 1.00,    3, 0.000, 0.000, 0.100, 10
train,    919, -9.235897,    6, 1.00,    4, 0.000, 0.000, 0.100, 10
train,    920, 1.128945,   17, 0.00,    3, 0.000, 0.000, 0.100, 10
train,    921, -23.934610,   36, 1.00,   17, 0.000, 0.000, 0.100, 10
update,   921,   30,  529, -25.850660, 0.000000
train,    922, -55.798154,   46, 1.00,   15, 0.000, 0.000, 0.100, 10
train,    923, -14.358506,    9, 1.00,    0, 0.000, 0.000, 0.100, 10
train,    924, -6.654317,    9, 1.00,    5, 0.000, 0.000, 0.100, 10
val,      924, 7.863077, 0.4000,   6.2000,   0.0000, 0.6000,  14.0640
train,    925, -10.457692,    2, 1.00,    1, 0.000, 0.000, 0.100, 10
train,    926, -47.438778,   90, 0.00,   29, 0.000, 0.000, 0.100, 10
train,    927, -16.961973,    8, 1.00,    2, 0.000, 0.000, 0.100, 10
train,    928, -6.770163,    8, 1.00,    4, 0.000, 0.000, 0.100, 10
train,    929, -50.869424,   45, 1.00,   17, 0.000, 0.000, 0.100, 10
train,    930, -5.442949,    8, 1.00,    2, 0.000, 0.000, 0.100, 10
train,    931, -7.304847,    7, 1.00,    1, 0.000, 0.000, 0.100, 10
train,    932, -55.299265,   18, 1.00,    5, 0.000, 0.000, 0.100, 10
train,    933, -67.510799,   44, 1.00,   18, 0.000, 0.000, 0.100, 10
train,    934, 7.867022,   17, 0.00,    5, 0.000, 0.000, 0.100, 10
train,    935, -8.586538,    4, 1.00,    1, 0.000, 0.000, 0.100, 10
train,    936, -8.487179,    6, 1.00,    4, 0.000, 0.000, 0.100, 10
train,    937, -14.419193,    7, 1.00,    3, 0.000, 0.000, 0.100, 10
train,    938, -7.796770,    9, 1.00,    4, 0.000, 0.000, 0.100, 10
train,    939, 6.930866,   15, 0.00,    5, 0.000, 0.000, 0.100, 10
train,    940, 17.270513,    8, 0.00,    3, 0.000, 0.000, 0.100, 10
train,    941, -47.268350,   90, 0.00,   30, 0.000, 0.000, 0.100, 10
train,    942, -73.058612,   24, 1.00,   10, 0.000, 0.000, 0.100, 10
train,    943, 18.378205,    9, 0.00,    2, 0.000, 0.000, 0.100, 10
train,    944, -9.059615,    5, 1.00,    2, 0.000, 0.000, 0.100, 10
train,    945, -10.457692,    2, 1.00,    1, 0.000, 0.000, 0.100, 10
train,    946, -7.062821,    7, 1.00,    3, 0.000, 0.000, 0.100, 10
train,    947, -14.382013,    5, 1.00,    0, 0.000, 0.000, 0.100, 10
train,    948, -19.614734,   41, 1.00,   12, 0.000, 0.000, 0.100, 10
update,   948,   31,  543, -18.732307, 0.000000
train,    949, -9.713350,    4, 1.00,    0, 0.000, 0.000, 0.100, 10
val,      949, -3.293846, 0.8000,   4.2000,   0.0000, 0.2000,  13.4638
train,    950, -103.556748,   38, 1.00,   16, 0.000, 0.000, 0.100, 10
train,    951, -6.476282,    7, 1.00,    2, 0.000, 0.000, 0.100, 10
train,    952, -76.711930,   90, 0.00,   39, 0.000, 0.000, 0.100, 10
train,    953, -20.014144,   24, 1.00,    7, 0.000, 0.000, 0.100, 10
train,    954, -6.863218,    6, 1.00,    2, 0.000, 0.000, 0.100, 10
train,    955, -10.457692,    2, 1.00,    1, 0.000, 0.000, 0.100, 10
train,    956, 20.076923,   10, 0.00,    1, 0.000, 0.000, 0.100, 10
train,    957, -10.521154,    2, 1.00,    0, 0.000, 0.000, 0.100, 10
train,    958, -7.653205,   10, 1.00,    6, 0.000, 0.000, 0.100, 10
train,    959, -7.180769,    6, 1.00,    2, 0.000, 0.000, 0.100, 10
train,    960, 17.353205,   10, 0.00,    5, 0.000, 0.000, 0.100, 10
train,    961, -10.786538,    2, 1.00,    1, 0.000, 0.000, 0.100, 10
train,    962, -8.533947,    5, 1.00,    0, 0.000, 0.000, 0.100, 10
train,    963, -24.276057,    8, 1.00,    2, 0.000, 0.000, 0.100, 10
train,    964, -120.387578,   48, 0.00,   18, 0.000, 0.000, 0.100, 10
train,    965, -5.579487,    8, 1.00,    3, 0.000, 0.000, 0.100, 10
train,    966, 16.171795,    8, 0.00,    4, 0.000, 0.000, 0.100, 10
train,    967, -9.972902,    9, 1.00,    5, 0.000, 0.000, 0.100, 10
train,    968, -7.783380,    6, 1.00,    1, 0.000, 0.000, 0.100, 10
train,    969, -23.559720,    7, 1.00,    4, 0.000, 0.000, 0.100, 10
train,    970, -3.468362,   21, 0.00,    2, 0.000, 0.000, 0.100, 10
train,    971, -21.246279,    8, 1.00,    3, 0.000, 0.000, 0.100, 10
train,    972, -10.457692,    2, 1.00,    1, 0.000, 0.000, 0.100, 10
train,    973, -8.365956,    7, 1.00,    3, 0.000, 0.000, 0.100, 10
train,    974, -10.192308,    2, 1.00,    0, 0.000, 0.000, 0.100, 10
val,      974, -1.533846, 0.8000,   5.8000,   0.0000, 0.2000,  14.4900
train,    975, 19.169231,    9, 0.00,    2, 0.000, 0.000, 0.100, 10
train,    976, -108.015787,   90, 0.00,   43, 0.000, 0.000, 0.100, 10
train,    977, -17.594250,    8, 1.00,    3, 0.000, 0.000, 0.100, 10
train,    978, -10.786538,    2, 1.00,    1, 0.000, 0.000, 0.100, 10
train,    979, -50.227784,   16, 1.00,    7, 0.000, 0.000, 0.100, 10
train,    980, -10.192308,    2, 1.00,    0, 0.000, 0.000, 0.100, 10
train,    981, -8.085256,    5, 1.00,    2, 0.000, 0.000, 0.100, 10
train,    982, -72.303425,   36, 0.00,   12, 0.000, 0.000, 0.100, 10
update,   982,   32,  518, -25.836653, 0.000000
train,    983, -66.317575,   38, 0.00,   11, 0.000, 0.000, 0.100, 10
train,    984, -23.949696,   13, 1.00,    5, 0.000, 0.000, 0.100, 10
train,    985, -32.503116,   16, 1.00,    8, 0.000, 0.000, 0.100, 10
train,    986, 16.876282,    9, 0.00,    4, 0.000, 0.000, 0.100, 10
train,    987, -9.919872,    8, 1.00,    6, 0.000, 0.000, 0.100, 10
train,    988, -10.457692,    2, 1.00,    1, 0.000, 0.000, 0.100, 10
train,    989, -7.767308,    6, 1.00,    3, 0.000, 0.000, 0.100, 10
train,    990, -18.059320,   13, 1.00,    4, 0.000, 0.000, 0.100, 10
train,    991, -77.087251,   62, 1.00,   22, 0.000, 0.000, 0.100, 10
train,    992, -7.898253,    8, 1.00,    5, 0.000, 0.000, 0.100, 10
train,    993, -11.361860,    3, 1.00,    1, 0.000, 0.000, 0.100, 10
train,    994, -10.786538,    2, 1.00,    1, 0.000, 0.000, 0.100, 10
train,    995, -7.400557,    8, 1.00,    3, 0.000, 0.000, 0.100, 10
train,    996, -9.514103,    4, 1.00,    2, 0.000, 0.000, 0.100, 10
train,    997, -8.214868,    9, 1.00,    5, 0.000, 0.000, 0.100, 10
train,    998, 17.001923,   10, 0.00,    4, 0.000, 0.000, 0.100, 10
train,    999, -74.839142,   90, 0.00,   29, 0.000, 0.000, 0.100, 10
val,      999, 3.384615, 0.6000,   6.2000,   0.0000, 0.4000,  14.2441
train,    1000, -7.755190,    6, 1.00,    1, 0.000, 0.000, 0.100, 10
train,    1001, -10.786538,    2, 1.00,    1, 0.000, 0.000, 0.100, 10
train,    1002, -13.546073,   10, 1.00,    3, 0.000, 0.000, 0.100, 10
train,    1003, -44.495112,   45, 1.00,   16, 0.000, 0.000, 0.100, 10
train,    1004, -8.450809,    4, 1.00,    0, 0.000, 0.000, 0.100, 10
train,    1005, 18.707051,    9, 0.00,    2, 0.000, 0.000, 0.100, 10
train,    1006, -10.457692,    2, 1.00,    1, 0.000, 0.000, 0.100, 10
train,    1007, -9.544994,    4, 1.00,    2, 0.000, 0.000, 0.100, 10
train,    1008, -92.041628,   71, 1.00,   23, 0.000, 0.000, 0.100, 10
train,    1009, -8.945513,    8, 1.00,    6, 0.000, 0.000, 0.100, 10
train,    1010, -10.737677,    7, 1.00,    1, 0.000, 0.000, 0.100, 10
train,    1011, -40.425467,   14, 1.00,    4, 0.000, 0.000, 0.100, 10
train,    1012, -89.424428,   90, 0.00,   29, 0.000, 0.000, 0.100, 10
update,   1012,   33,  573, -25.018375, 0.000000
train,    1013, -18.685360,    8, 1.00,    4, 0.000, 0.000, 0.100, 10
train,    1014, -44.095963,   36, 1.00,   10, 0.000, 0.000, 0.100, 10
train,    1015, -7.207051,    8, 1.00,    4, 0.000, 0.000, 0.100, 10
train,    1016, -6.973077,    6, 1.00,    2, 0.000, 0.000, 0.100, 10
train,    1017, -8.703846,    6, 1.00,    3, 0.000, 0.000, 0.100, 10
train,    1018, -6.057692,    6, 1.00,    1, 0.000, 0.000, 0.100, 10
train,    1019, -6.796551,    6, 1.00,    2, 0.000, 0.000, 0.100, 10
train,    1020, -10.384192,   20, 0.00,    9, 0.000, 0.000, 0.100, 10
train,    1021, -0.628606,   15, 0.00,    9, 0.000, 0.000, 0.100, 10
train,    1022, -24.969806,   32, 1.00,   20, 0.000, 0.000, 0.100, 10
train,    1023, 16.371154,   10, 0.00,    6, 0.000, 0.000, 0.100, 10
train,    1024, -10.457692,    2, 1.00,    1, 0.000, 0.000, 0.100, 10
val,      1024, -2.413846, 0.8000,   5.0000,   0.0000, 0.2000,  13.5572
train,    1025, -10.119952,    7, 1.00,    4, 0.000, 0.000, 0.100, 10
train,    1026, -9.869231,    6, 1.00,    4, 0.000, 0.000, 0.100, 10
train,    1027, -12.055205,   19, 0.00,    5, 0.000, 0.000, 0.100, 10
train,    1028, -10.192308,    2, 1.00,    0, 0.000, 0.000, 0.100, 10
train,    1029, 19.455128,   11, 0.00,    3, 0.000, 0.000, 0.100, 10
train,    1030, -10.192308,    2, 1.00,    0, 0.000, 0.000, 0.100, 10
train,    1031, 17.803846,    9, 0.00,    3, 0.000, 0.000, 0.100, 10
train,    1032, -16.904161,    9, 1.00,    2, 0.000, 0.000, 0.100, 10
train,    1033, -156.268199,   90, 0.00,   38, 0.000, 0.000, 0.100, 10
train,    1034, -8.915385,    4, 1.00,    1, 0.000, 0.000, 0.100, 10
train,    1035, -99.674332,   62, 1.00,   34, 0.000, 0.000, 0.100, 10
train,    1036, -10.521154,    2, 1.00,    0, 0.000, 0.000, 0.100, 10
train,    1037, -18.506457,    9, 1.00,    4, 0.000, 0.000, 0.100, 10
train,    1038, -7.943590,    8, 1.00,    4, 0.000, 0.000, 0.100, 10
train,    1039, -7.815385,    5, 1.00,    1, 0.000, 0.000, 0.100, 10
train,    1040, 18.214103,   10, 0.00,    4, 0.000, 0.000, 0.100, 10
train,    1041, -28.108225,   15, 1.00,    3, 0.000, 0.000, 0.100, 10
train,    1042, 16.304487,   10, 0.00,    6, 0.000, 0.000, 0.100, 10
train,    1043, 1.291132,   15, 0.00,    6, 0.000, 0.000, 0.100, 10
train,    1044, -15.848212,    8, 1.00,    2, 0.000, 0.000, 0.100, 10
train,    1045, -6.040385,    9, 1.00,    4, 0.000, 0.000, 0.100, 10
train,    1046, -19.559291,   90, 0.00,   40, 0.000, 0.000, 0.100, 10
update,   1046,   34,  557, -19.983688, 0.000000
train,    1047, -7.426344,    6, 1.00,    1, 0.000, 0.000, 0.100, 10
train,    1048, -8.650000,    4, 1.00,    0, 0.000, 0.000, 0.100, 10
train,    1049, -3.820034,    9, 1.00,    1, 0.000, 0.000, 0.100, 10
val,      1049, 2.724615, 0.6000,   5.6000,   0.0000, 0.4000,  14.0991
train,    1050, -18.770467,    8, 1.00,    3, 0.000, 0.000, 0.100, 10
train,    1051, -8.745210,   29, 1.00,   11, 0.000, 0.000, 0.100, 10
train,    1052, -36.170811,   16, 1.00,    8, 0.000, 0.000, 0.100, 10
train,    1053, -10.824598,   13, 1.00,    3, 0.000, 0.000, 0.100, 10
train,    1054, -8.116026,    7, 1.00,    3, 0.000, 0.000, 0.100, 10
train,    1055, -41.163723,   90, 0.00,   34, 0.000, 0.000, 0.100, 10
train,    1056, -6.702953,    8, 1.00,    3, 0.000, 0.000, 0.100, 10
train,    1057, -8.689940,    4, 1.00,    0, 0.000, 0.000, 0.100, 10
train,    1058, -8.472436,    7, 1.00,    5, 0.000, 0.000, 0.100, 10
train,    1059, -66.667214,   17, 1.00,    7, 0.000, 0.000, 0.100, 10
train,    1060, -8.354400,    9, 1.00,    5, 0.000, 0.000, 0.100, 10
train,    1061, -18.052727,    8, 1.00,    3, 0.000, 0.000, 0.100, 10
train,    1062, -8.182692,    7, 1.00,    3, 0.000, 0.000, 0.100, 10
train,    1063, -101.567735,   90, 0.00,   38, 0.000, 0.000, 0.100, 10
train,    1064, -28.146722,   40, 1.00,   15, 0.000, 0.000, 0.100, 10
train,    1065, 14.157051,   10, 0.00,    8, 0.000, 0.000, 0.100, 10
train,    1066, -6.173123,   11, 1.00,    7, 0.000, 0.000, 0.100, 10
train,    1067, -10.192308,    2, 1.00,    0, 0.000, 0.000, 0.100, 10
train,    1068, -23.878525,    8, 1.00,    2, 0.000, 0.000, 0.100, 10
train,    1069, 17.642949,    9, 0.00,    4, 0.000, 0.000, 0.100, 10
train,    1070, -6.561538,    8, 1.00,    4, 0.000, 0.000, 0.100, 10
train,    1071, 17.576282,    9, 0.00,    4, 0.000, 0.000, 0.100, 10
train,    1072, -11.050000,    2, 1.00,    0, 0.000, 0.000, 0.100, 10
train,    1073, -10.073539,    3, 1.00,    0, 0.000, 0.000, 0.100, 10
train,    1074, 3.453008,   15, 0.00,    5, 0.000, 0.000, 0.100, 10
val,      1074, 5.364615, 0.6000,   8.0000,   0.0000, 0.4000,  15.4250
train,    1075, 15.445627,   12, 0.00,    3, 0.000, 0.000, 0.100, 10
train,    1076, -10.521154,    2, 1.00,    0, 0.000, 0.000, 0.100, 10
train,    1077, 17.122904,   12, 0.00,    3, 0.000, 0.000, 0.100, 10
train,    1078, -7.426344,    6, 1.00,    1, 0.000, 0.000, 0.100, 10
train,    1079, -54.096871,   16, 1.00,    7, 0.000, 0.000, 0.100, 10
train,    1080, -58.212152,   17, 1.00,    5, 0.000, 0.000, 0.100, 10
update,   1080,   35,  514, -19.606394, 0.000000
train,    1081, -10.521154,    2, 1.00,    0, 0.000, 0.000, 0.100, 10
train,    1082, -33.940514,   45, 1.00,   11, 0.000, 0.000, 0.100, 10
train,    1083, -19.147232,    8, 1.00,    2, 0.000, 0.000, 0.100, 10
train,    1084, -5.947436,    7, 1.00,    2, 0.000, 0.000, 0.100, 10
train,    1085, -11.687612,    9, 1.00,    2, 0.000, 0.000, 0.100, 10
train,    1086, -18.996061,   33, 1.00,   15, 0.000, 0.000, 0.100, 10
train,    1087, -9.773587,    5, 1.00,    2, 0.000, 0.000, 0.100, 10
train,    1088, -30.619417,    9, 1.00,    5, 0.000, 0.000, 0.100, 10
train,    1089, -10.457692,    2, 1.00,    1, 0.000, 0.000, 0.100, 10
train,    1090, -69.266122,   72, 1.00,   33, 0.000, 0.000, 0.100, 10
train,    1091, -16.227334,   10, 1.00,    4, 0.000, 0.000, 0.100, 10
train,    1092, -29.018122,   36, 1.00,   19, 0.000, 0.000, 0.100, 10
train,    1093, -10.521154,    2, 1.00,    0, 0.000, 0.000, 0.100, 10
train,    1094, 17.392308,   11, 0.00,    6, 0.000, 0.000, 0.100, 10
train,    1095, -28.450673,   47, 1.00,   18, 0.000, 0.000, 0.100, 10
train,    1096, -17.253978,   32, 1.00,    9, 0.000, 0.000, 0.100, 10
train,    1097, 17.350000,   11, 0.00,    5, 0.000, 0.000, 0.100, 10
train,    1098, -10.505449,    9, 1.00,    1, 0.000, 0.000, 0.100, 10
train,    1099, -0.600133,   16, 0.00,    4, 0.000, 0.000, 0.100, 10
val,      1099, 8.743077, 0.4000,   7.0000,   0.0000, 0.6000,  14.8296
train,    1100, -27.398385,   48, 1.00,   17, 0.000, 0.000, 0.100, 10
train,    1101, 18.182911,   14, 0.00,    5, 0.000, 0.000, 0.100, 10
train,    1102, -85.081433,   90, 0.00,   35, 0.000, 0.000, 0.100, 10
update,   1102,   36,  518, -19.219965, -0.000000
train,    1103, -10.457692,    2, 1.00,    1, 0.000, 0.000, 0.100, 10
train,    1104, -10.447456,   38, 1.00,   16, 0.000, 0.000, 0.100, 10
train,    1105, -59.869727,   71, 1.00,   31, 0.000, 0.000, 0.100, 10
train,    1106, -11.050000,    2, 1.00,    0, 0.000, 0.000, 0.100, 10
train,    1107, 9.847517,   13, 0.00,   10, 0.000, 0.000, 0.100, 10
train,    1108, -10.521154,    2, 1.00,    0, 0.000, 0.000, 0.100, 10
train,    1109, -10.521154,    2, 1.00,    0, 0.000, 0.000, 0.100, 10
train,    1110, -8.304416,    6, 1.00,    2, 0.000, 0.000, 0.100, 10
train,    1111, -10.274562,    7, 1.00,    3, 0.000, 0.000, 0.100, 10
train,    1112, -8.676282,    5, 1.00,    2, 0.000, 0.000, 0.100, 10
train,    1113, -10.786538,    2, 1.00,    1, 0.000, 0.000, 0.100, 10
train,    1114, -7.419400,    6, 1.00,    0, 0.000, 0.000, 0.100, 10
train,    1115, -28.284298,   35, 1.00,   16, 0.000, 0.000, 0.100, 10
train,    1116, -11.463826,    3, 1.00,    2, 0.000, 0.000, 0.100, 10
train,    1117, -18.908403,   13, 1.00,    5, 0.000, 0.000, 0.100, 10
train,    1118, 17.869231,    8, 0.00,    2, 0.000, 0.000, 0.100, 10
train,    1119, -9.630128,    7, 1.00,    5, 0.000, 0.000, 0.100, 10
train,    1120, 19.634615,    9, 0.00,    1, 0.000, 0.000, 0.100, 10
train,    1121, -9.514103,    4, 1.00,    2, 0.000, 0.000, 0.100, 10
train,    1122, -34.839030,   90, 0.00,   40, 0.000, 0.000, 0.100, 10
train,    1123, -16.047980,   15, 1.00,    6, 0.000, 0.000, 0.100, 10
train,    1124, -21.116489,    8, 1.00,    3, 0.000, 0.000, 0.100, 10
val,      1124, 10.283077, 0.4000,   8.4000,   0.0000, 0.6000,  15.4853
train,    1125, 16.696795,   11, 0.00,    6, 0.000, 0.000, 0.100, 10
train,    1126, -11.050000,    2, 1.00,    0, 0.000, 0.000, 0.100, 10
train,    1127, -6.647568,   19, 0.00,    6, 0.000, 0.000, 0.100, 10
train,    1128, -10.521154,    2, 1.00,    0, 0.000, 0.000, 0.100, 10
train,    1129, -10.786538,    2, 1.00,    1, 0.000, 0.000, 0.100, 10
train,    1130, 15.725641,   10, 0.00,    6, 0.000, 0.000, 0.100, 10
train,    1131, -9.737179,    5, 1.00,    3, 0.000, 0.000, 0.100, 10
train,    1132, -8.257692,    4, 1.00,    1, 0.000, 0.000, 0.100, 10
train,    1133, -36.578846,   37, 1.00,   19, 0.000, 0.000, 0.100, 10
train,    1134, -14.663220,    5, 1.00,    1, 0.000, 0.000, 0.100, 10
train,    1135, -8.586538,    4, 1.00,    1, 0.000, 0.000, 0.100, 10
train,    1136, -12.293323,    8, 1.00,    3, 0.000, 0.000, 0.100, 10
train,    1137, -10.192308,    2, 1.00,    0, 0.000, 0.000, 0.100, 10
train,    1138, -11.259550,    9, 1.00,    3, 0.000, 0.000, 0.100, 10
train,    1139, -80.869820,   65, 1.00,   25, 0.000, 0.000, 0.100, 10
update,   1139,   37,  533, -16.961906, 0.000000
train,    1140, -10.275123,   18, 0.00,    8, 0.000, 0.000, 0.100, 10
train,    1141, -14.421735,   34, 1.00,    9, 0.000, 0.000, 0.100, 10
train,    1142, -7.373077,    6, 1.00,    1, 0.000, 0.000, 0.100, 10
train,    1143, -13.004453,   10, 1.00,    1, 0.000, 0.000, 0.100, 10
train,    1144, -6.656410,    6, 1.00,    2, 0.000, 0.000, 0.100, 10
train,    1145, 19.259615,   11, 0.00,    3, 0.000, 0.000, 0.100, 10
train,    1146, -14.349487,    8, 1.00,    3, 0.000, 0.000, 0.100, 10
train,    1147, -16.634750,    8, 1.00,    3, 0.000, 0.000, 0.100, 10
train,    1148, -75.354551,   20, 1.00,    7, 0.000, 0.000, 0.100, 10
train,    1149, -17.933936,    8, 1.00,    4, 0.000, 0.000, 0.100, 10
val,      1149, 3.493077, 0.6000,   6.4000,   0.0000, 0.4000,  14.5674
train,    1150, 16.789744,    9, 0.00,    5, 0.000, 0.000, 0.100, 10
train,    1151, -19.176257,   10, 1.00,    2, 0.000, 0.000, 0.100, 10
train,    1152, 17.173077,    9, 0.00,    5, 0.000, 0.000, 0.100, 10
train,    1153, -10.521154,    2, 1.00,    0, 0.000, 0.000, 0.100, 10
train,    1154, -10.786538,    2, 1.00,    1, 0.000, 0.000, 0.100, 10
train,    1155, -127.344906,   90, 0.00,   29, 0.000, 0.000, 0.100, 10
train,    1156, -7.407441,    7, 1.00,    3, 0.000, 0.000, 0.100, 10
train,    1157, -5.818590,    7, 1.00,    2, 0.000, 0.000, 0.100, 10
train,    1158, -23.440145,   17, 1.00,    8, 0.000, 0.000, 0.100, 10
train,    1159, -9.456300,    8, 1.00,    4, 0.000, 0.000, 0.100, 10
train,    1160, -10.786538,    2, 1.00,    1, 0.000, 0.000, 0.100, 10
train,    1161, -8.038462,    6, 1.00,    2, 0.000, 0.000, 0.100, 10
train,    1162, -9.572857,    6, 1.00,    3, 0.000, 0.000, 0.100, 10
train,    1163, 17.455128,    9, 0.00,    4, 0.000, 0.000, 0.100, 10
train,    1164, -9.835015,    5, 1.00,    1, 0.000, 0.000, 0.100, 10
train,    1165, -7.760256,    8, 1.00,    4, 0.000, 0.000, 0.100, 10
train,    1166, 19.146154,   10, 0.00,    3, 0.000, 0.000, 0.100, 10
train,    1167, -10.457692,    2, 1.00,    1, 0.000, 0.000, 0.100, 10
train,    1168, -10.457692,    2, 1.00,    1, 0.000, 0.000, 0.100, 10
train,    1169, -10.436618,    7, 1.00,    4, 0.000, 0.000, 0.100, 10
train,    1170, -58.743919,   26, 1.00,   10, 0.000, 0.000, 0.100, 10
train,    1171, -9.591604,   10, 1.00,    2, 0.000, 0.000, 0.100, 10
train,    1172, -24.053446,    8, 1.00,    4, 0.000, 0.000, 0.100, 10
train,    1173, -35.163651,   13, 1.00,    8, 0.000, 0.000, 0.100, 10
train,    1174, -10.786538,    2, 1.00,    1, 0.000, 0.000, 0.100, 10
val,      1174, 13.881538, 0.2000,   7.6000,   0.0000, 0.8000,  15.0035
train,    1175, -27.766318,   13, 1.00,    5, 0.000, 0.000, 0.100, 10
train,    1176, -25.211758,   23, 0.00,    9, 0.000, 0.000, 0.100, 10
train,    1177, -37.327552,   68, 1.00,   29, 0.000, 0.000, 0.100, 10
train,    1178, -53.851030,   15, 1.00,    5, 0.000, 0.000, 0.100, 10
update,   1178,   38,  525, -19.702478, 0.000000
train,    1179, -65.773452,   44, 1.00,   20, 0.000, 0.000, 0.100, 10
train,    1180, -11.486049,    5, 1.00,    3, 0.000, 0.000, 0.100, 10
train,    1181, -8.067695,    7, 1.00,    4, 0.000, 0.000, 0.100, 10
train,    1182, -10.457692,    2, 1.00,    1, 0.000, 0.000, 0.100, 10
train,    1183, 1.516537,   15, 0.00,    4, 0.000, 0.000, 0.100, 10
train,    1184, -19.026104,   11, 1.00,    5, 0.000, 0.000, 0.100, 10
train,    1185, -8.215277,   21, 0.00,   11, 0.000, 0.000, 0.100, 10
train,    1186, -7.958395,    6, 1.00,    2, 0.000, 0.000, 0.100, 10
train,    1187, -58.792175,   56, 1.00,   21, 0.000, 0.000, 0.100, 10
train,    1188, -123.527425,   90, 0.00,   43, 0.000, 0.000, 0.100, 10
train,    1189, -10.521154,    2, 1.00,    0, 0.000, 0.000, 0.100, 10
train,    1190, -7.298950,    7, 1.00,    2, 0.000, 0.000, 0.100, 10
train,    1191, -7.209200,    9, 1.00,    2, 0.000, 0.000, 0.100, 10
train,    1192, -3.053846,   11, 1.00,    3, 0.000, 0.000, 0.100, 10
train,    1193, -14.852689,    8, 1.00,    3, 0.000, 0.000, 0.100, 10
train,    1194, 18.280769,   10, 0.00,    4, 0.000, 0.000, 0.100, 10
train,    1195, -10.457692,    2, 1.00,    1, 0.000, 0.000, 0.100, 10
train,    1196, -22.549507,   39, 1.00,   16, 0.000, 0.000, 0.100, 10
train,    1197, -22.580702,    9, 1.00,    4, 0.000, 0.000, 0.100, 10
train,    1198, 17.846154,    9, 0.00,    3, 0.000, 0.000, 0.100, 10
train,    1199, -2.875087,   16, 0.00,    7, 0.000, 0.000, 0.100, 10
val,      1199, -2.441874, 0.8000,   5.0000,   0.0000, 0.2000,  13.8052
train,    1200, -10.192308,    2, 1.00,    0, 0.000, 0.000, 0.100, 10
train,    1201, -10.521154,    2, 1.00,    0, 0.000, 0.000, 0.100, 10
train,    1202, -6.529685,    9, 1.00,    5, 0.000, 0.000, 0.100, 10
train,    1203, -21.598651,    9, 1.00,    3, 0.000, 0.000, 0.100, 10
train,    1204, -10.457692,    2, 1.00,    1, 0.000, 0.000, 0.100, 10
train,    1205, -9.869231,    6, 1.00,    4, 0.000, 0.000, 0.100, 10
train,    1206, 14.355128,   11, 0.00,    9, 0.000, 0.000, 0.100, 10
train,    1207, 13.921650,   11, 0.00,    4, 0.000, 0.000, 0.100, 10
train,    1208, -21.567528,   15, 1.00,    7, 0.000, 0.000, 0.100, 10
train,    1209, -44.689124,   18, 1.00,    8, 0.000, 0.000, 0.100, 10
train,    1210, -23.771912,   13, 1.00,    6, 0.000, 0.000, 0.100, 10
train,    1211, -5.672436,   10, 1.00,    5, 0.000, 0.000, 0.100, 10
train,    1212, -6.699359,    8, 1.00,    3, 0.000, 0.000, 0.100, 10
train,    1213, -10.100641,    4, 1.00,    3, 0.000, 0.000, 0.100, 10
train,    1214, -8.650000,    4, 1.00,    0, 0.000, 0.000, 0.100, 10
train,    1215, -29.325102,   90, 0.00,   41, 0.000, 0.000, 0.100, 10
update,   1215,   39,  593, -19.337288, 0.000000
train,    1216, -6.523077,    6, 1.00,    2, 0.000, 0.000, 0.100, 10
train,    1217, -10.192308,    2, 1.00,    0, 0.000, 0.000, 0.100, 10
train,    1218, -7.905128,    6, 1.00,    2, 0.000, 0.000, 0.100, 10
train,    1219, -1.332692,   22, 1.00,   12, 0.000, 0.000, 0.100, 10
train,    1220, -10.457692,    2, 1.00,    1, 0.000, 0.000, 0.100, 10
train,    1221, -55.504764,   26, 1.00,   15, 0.000, 0.000, 0.100, 10
train,    1222, -10.521154,    2, 1.00,    0, 0.000, 0.000, 0.100, 10
train,    1223, 18.761307,   11, 0.00,    3, 0.000, 0.000, 0.100, 10
train,    1224, -30.811211,   30, 1.00,   14, 0.000, 0.000, 0.100, 10
val,      1224, 5.086154, 0.8000,  24.0000,   0.0000, 0.0000,  15.3473
train,    1225, -8.097668,    7, 1.00,    3, 0.000, 0.000, 0.100, 10
train,    1226, 17.905128,    9, 0.00,    4, 0.000, 0.000, 0.100, 10
train,    1227, -10.521154,    2, 1.00,    0, 0.000, 0.000, 0.100, 10
train,    1228, -10.145341,    5, 1.00,    3, 0.000, 0.000, 0.100, 10
train,    1229, -10.192308,    2, 1.00,    0, 0.000, 0.000, 0.100, 10
train,    1230, -10.526835,    5, 1.00,    3, 0.000, 0.000, 0.100, 10
train,    1231, -9.524289,    8, 1.00,    6, 0.000, 0.000, 0.100, 10
train,    1232, -10.192308,    2, 1.00,    0, 0.000, 0.000, 0.100, 10
train,    1233, -17.103893,    8, 1.00,    3, 0.000, 0.000, 0.100, 10
train,    1234, -15.023448,    9, 1.00,    2, 0.000, 0.000, 0.100, 10
train,    1235, -57.895805,   44, 1.00,   17, 0.000, 0.000, 0.100, 10
train,    1236, -16.644189,    8, 1.00,    3, 0.000, 0.000, 0.100, 10
train,    1237, -6.823718,    8, 1.00,    4, 0.000, 0.000, 0.100, 10
train,    1238, -72.136976,   48, 1.00,   22, 0.000, 0.000, 0.100, 10
train,    1239, -93.699545,   90, 0.00,   40, 0.000, 0.000, 0.100, 10
train,    1240, 19.305769,    9, 0.00,    1, 0.000, 0.000, 0.100, 10
train,    1241, 16.473077,    9, 0.00,    5, 0.000, 0.000, 0.100, 10
train,    1242, -16.090449,    9, 1.00,    6, 0.000, 0.000, 0.100, 10
train,    1243, -36.023948,   90, 0.00,   44, 0.000, 0.000, 0.100, 10
train,    1244, -51.631390,   16, 1.00,    8, 0.000, 0.000, 0.100, 10
train,    1245, 18.606410,   11, 0.00,    4, 0.000, 0.000, 0.100, 10
train,    1246, -10.457692,    2, 1.00,    1, 0.000, 0.000, 0.100, 10
train,    1247, -11.142926,    3, 1.00,    0, 0.000, 0.000, 0.100, 10
train,    1248, 16.985897,   12, 0.00,    7, 0.000, 0.000, 0.100, 10
update,   1248,   40,  523, -20.181931, 0.000000
train,    1249, -8.745364,    4, 1.00,    1, 0.000, 0.000, 0.100, 10
val,      1249, 8.743077, 0.4000,   7.0000,   0.0000, 0.6000,  14.8044
train,    1250, -10.457928,    5, 1.00,    3, 0.000, 0.000, 0.100, 10
train,    1251, 15.973077,    9, 0.00,    5, 0.000, 0.000, 0.100, 10
train,    1252, -9.118590,    4, 1.00,    2, 0.000, 0.000, 0.100, 10
train,    1253, 17.205128,    9, 0.00,    4, 0.000, 0.000, 0.100, 10
train,    1254, 18.437179,    9, 0.00,    3, 0.000, 0.000, 0.100, 10
train,    1255, -10.469231,    5, 1.00,    4, 0.000, 0.000, 0.100, 10
train,    1256, -18.549262,   12, 1.00,    5, 0.000, 0.000, 0.100, 10
train,    1257, -61.700179,   90, 0.00,   33, 0.000, 0.000, 0.100, 10
train,    1258, 16.358974,   10, 0.00,    6, 0.000, 0.000, 0.100, 10
train,    1259, -18.154822,    7, 1.00,    2, 0.000, 0.000, 0.100, 10
train,    1260, -10.521154,    2, 1.00,    0, 0.000, 0.000, 0.100, 10
train,    1261, -14.783468,   10, 1.00,    4, 0.000, 0.000, 0.100, 10
train,    1262, -15.783184,    7, 1.00,    2, 0.000, 0.000, 0.100, 10
train,    1263, -15.568821,   13, 1.00,    7, 0.000, 0.000, 0.100, 10
train,    1264, 20.076923,   10, 0.00,    1, 0.000, 0.000, 0.100, 10
train,    1265, -59.231024,   20, 1.00,    6, 0.000, 0.000, 0.100, 10
train,    1266, 1.138345,   16, 0.00,    7, 0.000, 0.000, 0.100, 10
train,    1267, 18.707051,    9, 0.00,    2, 0.000, 0.000, 0.100, 10
train,    1268, -9.670310,    4, 1.00,    1, 0.000, 0.000, 0.100, 10
train,    1269, -7.571795,    6, 1.00,    3, 0.000, 0.000, 0.100, 10
train,    1270, -10.521154,    2, 1.00,    0, 0.000, 0.000, 0.100, 10
train,    1271, -17.309573,    8, 1.00,    4, 0.000, 0.000, 0.100, 10
train,    1272, -10.457692,    2, 1.00,    1, 0.000, 0.000, 0.100, 10
train,    1273, -8.566026,    6, 1.00,    4, 0.000, 0.000, 0.100, 10
train,    1274, -11.050000,    2, 1.00,    0, 0.000, 0.000, 0.100, 10
val,      1274, -3.293846, 0.8000,   4.2000,   0.0000, 0.2000,  13.3469
train,    1275, 18.864103,   11, 0.00,    3, 0.000, 0.000, 0.100, 10
train,    1276, -5.653846,    8, 1.00,    4, 0.000, 0.000, 0.100, 10
train,    1277, -8.095179,    5, 1.00,    2, 0.000, 0.000, 0.100, 10
train,    1278, -10.192308,    2, 1.00,    0, 0.000, 0.000, 0.100, 10
train,    1279, 14.306410,   13, 0.00,    9, 0.000, 0.000, 0.100, 10
train,    1280, -12.845024,    3, 1.00,    3, 0.000, 0.000, 0.100, 10
train,    1281, -84.554954,   90, 0.00,   37, 0.000, 0.000, 0.100, 10
train,    1282, -8.553846,    6, 1.00,    4, 0.000, 0.000, 0.100, 10
train,    1283, -10.213237,    3, 1.00,    1, 0.000, 0.000, 0.100, 10
train,    1284, -10.714896,    6, 1.00,    3, 0.000, 0.000, 0.100, 10
train,    1285, -9.039569,    7, 1.00,    3, 0.000, 0.000, 0.100, 10
train,    1286, -44.254476,   90, 0.00,   31, 0.000, 0.000, 0.100, 10
update,   1286,   41,  525, -16.181000, -0.000000
train,    1287, 18.976923,    9, 0.00,    1, 0.000, 0.000, 0.100, 10
train,    1288, 4.400666,   16, 0.00,    9, 0.000, 0.000, 0.100, 10
train,    1289, -6.605307,    6, 1.00,    0, 0.000, 0.000, 0.100, 10
train,    1290, -10.192308,    2, 1.00,    0, 0.000, 0.000, 0.100, 10
train,    1291, 17.979487,    9, 0.00,    3, 0.000, 0.000, 0.100, 10
train,    1292, -45.135760,   41, 1.00,   18, 0.000, 0.000, 0.100, 10
train,    1293, -10.521154,    2, 1.00,    0, 0.000, 0.000, 0.100, 10
train,    1294, 14.114103,   12, 0.00,    9, 0.000, 0.000, 0.100, 10
train,    1295, -66.449662,   20, 1.00,    9, 0.000, 0.000, 0.100, 10
train,    1296, -48.573618,   17, 1.00,    6, 0.000, 0.000, 0.100, 10
train,    1297, -5.615385,    7, 1.00,    1, 0.000, 0.000, 0.100, 10
train,    1298, -25.375533,   32, 1.00,   16, 0.000, 0.000, 0.100, 10
train,    1299, -7.898115,    5, 1.00,    1, 0.000, 0.000, 0.100, 10
val,      1299, -2.441874, 0.8000,   5.0000,   0.0000, 0.2000,  13.6085
train,    1300, 19.305769,    9, 0.00,    1, 0.000, 0.000, 0.100, 10
train,    1301, -8.321154,    4, 1.00,    0, 0.000, 0.000, 0.100, 10
train,    1302, -8.079698,    8, 1.00,    5, 0.000, 0.000, 0.100, 10
train,    1303, -8.617308,    6, 1.00,    2, 0.000, 0.000, 0.100, 10
train,    1304, -18.608291,    8, 1.00,    5, 0.000, 0.000, 0.100, 10
train,    1305, -10.457692,    2, 1.00,    1, 0.000, 0.000, 0.100, 10
train,    1306, -7.051923,    6, 1.00,    2, 0.000, 0.000, 0.100, 10
train,    1307, -10.786538,    2, 1.00,    1, 0.000, 0.000, 0.100, 10
train,    1308, -10.192308,    2, 1.00,    0, 0.000, 0.000, 0.100, 10
train,    1309, -10.521154,    2, 1.00,    0, 0.000, 0.000, 0.100, 10
train,    1310, 17.392949,    9, 0.00,    4, 0.000, 0.000, 0.100, 10
train,    1311, 9.469569,   15, 0.00,    7, 0.000, 0.000, 0.100, 10
train,    1312, -3.974525,   15, 1.00,    6, 0.000, 0.000, 0.100, 10
train,    1313, -18.913099,    9, 1.00,    7, 0.000, 0.000, 0.100, 10
train,    1314, -10.521154,    2, 1.00,    0, 0.000, 0.000, 0.100, 10
train,    1315, 1.070477,   16, 0.00,    7, 0.000, 0.000, 0.100, 10
train,    1316, -10.192308,    2, 1.00,    0, 0.000, 0.000, 0.100, 10
train,    1317, -10.786538,    2, 1.00,    1, 0.000, 0.000, 0.100, 10
train,    1318, -10.521154,    2, 1.00,    0, 0.000, 0.000, 0.100, 10
train,    1319, -5.287503,   67, 1.00,   23, 0.000, 0.000, 0.100, 10
train,    1320, -10.012867,   10, 1.00,    3, 0.000, 0.000, 0.100, 10
train,    1321, -6.057692,    6, 1.00,    1, 0.000, 0.000, 0.100, 10
train,    1322, -10.786538,    2, 1.00,    1, 0.000, 0.000, 0.100, 10
train,    1323, -95.959080,   57, 1.00,   25, 0.000, 0.000, 0.100, 10
train,    1324, -78.248133,   90, 0.00,   33, 0.000, 0.000, 0.100, 10
update,   1324,   42,  531, -17.863464, 0.000000
val,      1324, -4.173846, 0.8000,   3.4000,   0.0000, 0.2000,  13.4031
train,    1325, 1.180220,   18, 0.00,    7, 0.000, 0.000, 0.100, 10
train,    1326, -10.627486,   27, 1.00,    6, 0.000, 0.000, 0.100, 10
train,    1327, -21.350444,    8, 1.00,    4, 0.000, 0.000, 0.100, 10
train,    1328, -10.192308,    2, 1.00,    0, 0.000, 0.000, 0.100, 10
train,    1329, -64.325459,   22, 1.00,    7, 0.000, 0.000, 0.100, 10
train,    1330, -7.031643,    8, 1.00,    3, 0.000, 0.000, 0.100, 10
train,    1331, 9.026837,   13, 0.00,    5, 0.000, 0.000, 0.100, 10
train,    1332, -8.245674,    6, 1.00,    2, 0.000, 0.000, 0.100, 10
train,    1333, -8.150858,    9, 1.00,    3, 0.000, 0.000, 0.100, 10
train,    1334, -7.255128,    6, 1.00,    3, 0.000, 0.000, 0.100, 10
train,    1335, 17.635256,   10, 0.00,    4, 0.000, 0.000, 0.100, 10
train,    1336, -21.615503,   14, 1.00,    4, 0.000, 0.000, 0.100, 10
train,    1337, -10.192308,    2, 1.00,    0, 0.000, 0.000, 0.100, 10
train,    1338, -9.882860,   12, 1.00,    4, 0.000, 0.000, 0.100, 10
train,    1339, 15.389103,   10, 0.00,    7, 0.000, 0.000, 0.100, 10
train,    1340, -6.014103,    7, 1.00,    2, 0.000, 0.000, 0.100, 10
train,    1341, -11.834949,    8, 1.00,    1, 0.000, 0.000, 0.100, 10
train,    1342, -17.782946,    9, 1.00,    4, 0.000, 0.000, 0.100, 10
train,    1343, -12.942629,    3, 1.00,    3, 0.000, 0.000, 0.100, 10
train,    1344, 19.678205,   10, 0.00,    2, 0.000, 0.000, 0.100, 10
train,    1345, 19.259615,   11, 0.00,    3, 0.000, 0.000, 0.100, 10
train,    1346, -6.350641,    7, 1.00,    3, 0.000, 0.000, 0.100, 10
train,    1347, -33.414798,   43, 1.00,   15, 0.000, 0.000, 0.100, 10
train,    1348, -10.457692,    2, 1.00,    1, 0.000, 0.000, 0.100, 10
train,    1349, -10.457692,    2, 1.00,    1, 0.000, 0.000, 0.100, 10
val,      1349, 1.844615, 0.6000,   4.8000,   0.0000, 0.4000,  13.9174
train,    1350, -9.751567,    5, 1.00,    2, 0.000, 0.000, 0.100, 10
train,    1351, -10.192308,    2, 1.00,    0, 0.000, 0.000, 0.100, 10
train,    1352, -10.521154,    2, 1.00,    0, 0.000, 0.000, 0.100, 10
train,    1353, -11.050000,    2, 1.00,    0, 0.000, 0.000, 0.100, 10
train,    1354, 16.910897,    9, 0.00,    5, 0.000, 0.000, 0.100, 10
train,    1355, -123.189400,   90, 0.00,   40, 0.000, 0.000, 0.100, 10
train,    1356, -10.521154,    2, 1.00,    0, 0.000, 0.000, 0.100, 10
train,    1357, -8.143590,    7, 1.00,    5, 0.000, 0.000, 0.100, 10
train,    1358, -8.047464,    7, 1.00,    1, 0.000, 0.000, 0.100, 10
train,    1359, 18.707051,    9, 0.00,    2, 0.000, 0.000, 0.100, 10
train,    1360, -4.808333,    9, 1.00,    3, 0.000, 0.000, 0.100, 10
train,    1361, -33.681632,   16, 1.00,    6, 0.000, 0.000, 0.100, 10
train,    1362, -10.192308,    2, 1.00,    0, 0.000, 0.000, 0.100, 10
train,    1363, 16.997436,    9, 0.00,    4, 0.000, 0.000, 0.100, 10
train,    1364, -8.742949,    5, 1.00,    2, 0.000, 0.000, 0.100, 10
train,    1365, -11.682803,   21, 0.00,    9, 0.000, 0.000, 0.100, 10
train,    1366, -16.560289,    8, 1.00,    2, 0.000, 0.000, 0.100, 10
train,    1367, -11.361860,    3, 1.00,    1, 0.000, 0.000, 0.100, 10
train,    1368, -87.367148,   62, 1.00,   30, 0.000, 0.000, 0.100, 10
update,   1368,   43,  539, -17.953659, -0.000000
train,    1369, 16.124359,    9, 0.00,    6, 0.000, 0.000, 0.100, 10
train,    1370, 18.707051,    9, 0.00,    2, 0.000, 0.000, 0.100, 10
train,    1371, -10.521154,    2, 1.00,    0, 0.000, 0.000, 0.100, 10
train,    1372, -8.213462,    8, 1.00,    5, 0.000, 0.000, 0.100, 10
train,    1373, -10.521154,    2, 1.00,    0, 0.000, 0.000, 0.100, 10
train,    1374, -12.192988,    8, 1.00,    3, 0.000, 0.000, 0.100, 10
val,      1374, 2.064615, 0.6000,   5.0000,   0.0000, 0.4000,  14.2821
train,    1375, -9.740793,    7, 1.00,    4, 0.000, 0.000, 0.100, 10
train,    1376, -23.803570,    8, 1.00,    4, 0.000, 0.000, 0.100, 10
train,    1377, -10.786538,    2, 1.00,    1, 0.000, 0.000, 0.100, 10
train,    1378, -20.396617,    8, 1.00,    2, 0.000, 0.000, 0.100, 10
train,    1379, -57.717324,   37, 1.00,   11, 0.000, 0.000, 0.100, 10
train,    1380, -7.413604,    8, 1.00,    2, 0.000, 0.000, 0.100, 10
train,    1381, -10.192308,    2, 1.00,    0, 0.000, 0.000, 0.100, 10
train,    1382, -12.942629,    3, 1.00,    3, 0.000, 0.000, 0.100, 10
train,    1383, -23.829718,   12, 1.00,    6, 0.000, 0.000, 0.100, 10
train,    1384, 14.473439,   12, 0.00,    4, 0.000, 0.000, 0.100, 10
train,    1385, -8.892471,    8, 1.00,    5, 0.000, 0.000, 0.100, 10
train,    1386, -27.467986,   41, 1.00,   19, 0.000, 0.000, 0.100, 10
train,    1387, -7.905128,    6, 1.00,    2, 0.000, 0.000, 0.100, 10
train,    1388, 15.691026,    9, 0.00,    6, 0.000, 0.000, 0.100, 10
train,    1389, -107.357463,   90, 0.00,   36, 0.000, 0.000, 0.100, 10
train,    1390, -56.317961,   19, 1.00,    7, 0.000, 0.000, 0.100, 10
train,    1391, -64.297506,   20, 1.00,   12, 0.000, 0.000, 0.100, 10
train,    1392, -9.514103,    4, 1.00,    2, 0.000, 0.000, 0.100, 10
train,    1393, -29.124446,   11, 1.00,    5, 0.000, 0.000, 0.100, 10
train,    1394, -37.060972,   54, 1.00,   17, 0.000, 0.000, 0.100, 10
train,    1395, -6.344468,    9, 1.00,    0, 0.000, 0.000, 0.100, 10
train,    1396, 18.124359,   11, 0.00,    5, 0.000, 0.000, 0.100, 10
train,    1397, -10.457692,    2, 1.00,    1, 0.000, 0.000, 0.100, 10
train,    1398, -10.457692,    2, 1.00,    1, 0.000, 0.000, 0.100, 10
train,    1399, -54.809949,   51, 1.00,   16, 0.000, 0.000, 0.100, 10
val,      1399, 3.769137, 0.6000,   6.6000,   0.0000, 0.4000,  14.6526
train,    1400, -10.192308,    2, 1.00,    0, 0.000, 0.000, 0.100, 10
train,    1401, 17.350008,   12, 0.00,    5, 0.000, 0.000, 0.100, 10
train,    1402, 4.731926,   13, 0.00,    6, 0.000, 0.000, 0.100, 10
train,    1403, -73.132989,   90, 0.00,   31, 0.000, 0.000, 0.100, 10
update,   1403,   44,  591, -22.728653, -0.000000
train,    1404, -9.757421,    9, 1.00,    1, 0.000, 0.000, 0.100, 10
train,    1405, -11.750688,    8, 1.00,    3, 0.000, 0.000, 0.100, 10
train,    1406, 2.224609,   16, 0.00,   11, 0.000, 0.000, 0.100, 10
train,    1407, -9.501923,    4, 1.00,    2, 0.000, 0.000, 0.100, 10
train,    1408, -10.457692,    2, 1.00,    1, 0.000, 0.000, 0.100, 10
train,    1409, 15.691026,    9, 0.00,    6, 0.000, 0.000, 0.100, 10
train,    1410, -36.279708,   25, 0.00,   10, 0.000, 0.000, 0.100, 10
train,    1411, -10.192308,    2, 1.00,    0, 0.000, 0.000, 0.100, 10
train,    1412, -13.095024,    3, 1.00,    3, 0.000, 0.000, 0.100, 10
train,    1413, -47.984207,   59, 1.00,   19, 0.000, 0.000, 0.100, 10
train,    1414, -6.057692,    6, 1.00,    1, 0.000, 0.000, 0.100, 10
train,    1415, -9.966523,    8, 1.00,    1, 0.000, 0.000, 0.100, 10
train,    1416, 16.473077,    9, 0.00,    5, 0.000, 0.000, 0.100, 10
train,    1417, -10.786538,    2, 1.00,    1, 0.000, 0.000, 0.100, 10
train,    1418, -7.322217,    8, 1.00,    3, 0.000, 0.000, 0.100, 10
train,    1419, -10.521154,    2, 1.00,    0, 0.000, 0.000, 0.100, 10
train,    1420, -10.323648,    5, 1.00,    4, 0.000, 0.000, 0.100, 10
train,    1421, -11.050000,    2, 1.00,    0, 0.000, 0.000, 0.100, 10
train,    1422, -10.192308,    2, 1.00,    0, 0.000, 0.000, 0.100, 10
train,    1423, -11.025072,    3, 1.00,    1, 0.000, 0.000, 0.100, 10
train,    1424, -2.788462,   11, 1.00,    2, 0.000, 0.000, 0.100, 10
val,      1424, -2.525385, 0.8000,   5.0000,   0.0000, 0.2000,  14.0043
train,    1425, 18.120513,    9, 0.00,    3, 0.000, 0.000, 0.100, 10
train,    1426, -10.521154,    2, 1.00,    0, 0.000, 0.000, 0.100, 10
train,    1427, -10.786538,    2, 1.00,    1, 0.000, 0.000, 0.100, 10
train,    1428, 6.190458,   15, 0.00,    6, 0.000, 0.000, 0.100, 10
train,    1429, -18.615181,    8, 1.00,    1, 0.000, 0.000, 0.100, 10
train,    1430, 12.777700,   16, 0.00,    9, 0.000, 0.000, 0.100, 10
train,    1431, -8.243830,    7, 1.00,    3, 0.000, 0.000, 0.100, 10
train,    1432, -10.192308,    2, 1.00,    0, 0.000, 0.000, 0.100, 10
train,    1433, -6.057692,    6, 1.00,    1, 0.000, 0.000, 0.100, 10
train,    1434, -21.047081,    8, 1.00,    3, 0.000, 0.000, 0.100, 10
train,    1435, -2.770817,   24, 1.00,   15, 0.000, 0.000, 0.100, 10
train,    1436, -10.397162,    6, 1.00,    3, 0.000, 0.000, 0.100, 10
train,    1437, -10.786538,    2, 1.00,    1, 0.000, 0.000, 0.100, 10
train,    1438, -10.602458,    7, 1.00,    2, 0.000, 0.000, 0.100, 10
train,    1439, 14.028238,   13, 0.00,    6, 0.000, 0.000, 0.100, 10
train,    1440, -72.280020,   22, 1.00,    7, 0.000, 0.000, 0.100, 10
train,    1441, -10.192308,    2, 1.00,    0, 0.000, 0.000, 0.100, 10
train,    1442, -16.142907,    9, 1.00,    4, 0.000, 0.000, 0.100, 10
train,    1443, -42.975362,   44, 1.00,   20, 0.000, 0.000, 0.100, 10
train,    1444, -10.355298,    3, 1.00,    0, 0.000, 0.000, 0.100, 10
train,    1445, -30.170532,   37, 1.00,   10, 0.000, 0.000, 0.100, 10
train,    1446, 16.667949,   11, 0.00,    6, 0.000, 0.000, 0.100, 10
train,    1447, -10.457692,    2, 1.00,    1, 0.000, 0.000, 0.100, 10
train,    1448, -133.327464,   90, 0.00,   38, 0.000, 0.000, 0.100, 10
update,   1448,   45,  542, -18.359364, 0.000000
train,    1449, 18.527564,   11, 0.00,    4, 0.000, 0.000, 0.100, 10
val,      1449, 2.724615, 0.6000,   5.6000,   0.0000, 0.4000,  14.2759
train,    1450, 8.096493,   16, 0.00,    4, 0.000, 0.000, 0.100, 10
train,    1451, -102.089489,   61, 1.00,   22, 0.000, 0.000, 0.100, 10
train,    1452, -11.496234,    8, 1.00,    6, 0.000, 0.000, 0.100, 10
train,    1453, -10.457692,    2, 1.00,    1, 0.000, 0.000, 0.100, 10
train,    1454, 19.591667,   11, 0.00,    2, 0.000, 0.000, 0.100, 10
train,    1455, 17.838462,    9, 0.00,    4, 0.000, 0.000, 0.100, 10
train,    1456, -10.560396,    4, 1.00,    2, 0.000, 0.000, 0.100, 10
train,    1457, -10.786538,    2, 1.00,    1, 0.000, 0.000, 0.100, 10
train,    1458, -34.333430,   39, 1.00,   20, 0.000, 0.000, 0.100, 10
train,    1459, -10.786538,    2, 1.00,    1, 0.000, 0.000, 0.100, 10
train,    1460, -5.114103,    8, 1.00,    2, 0.000, 0.000, 0.100, 10
train,    1461, -8.924165,    7, 1.00,    4, 0.000, 0.000, 0.100, 10
train,    1462, -29.523542,   14, 1.00,    7, 0.000, 0.000, 0.100, 10
train,    1463, 15.987821,   10, 0.00,    6, 0.000, 0.000, 0.100, 10
train,    1464, -9.412379,    5, 1.00,    2, 0.000, 0.000, 0.100, 10
train,    1465, -10.786538,    2, 1.00,    1, 0.000, 0.000, 0.100, 10
train,    1466, -11.463826,    3, 1.00,    2, 0.000, 0.000, 0.100, 10
train,    1467, -5.350000,    7, 1.00,    0, 0.000, 0.000, 0.100, 10
train,    1468, -16.378879,    8, 1.00,    2, 0.000, 0.000, 0.100, 10
train,    1469, -10.192308,    2, 1.00,    0, 0.000, 0.000, 0.100, 10
train,    1470, -6.031613,    7, 1.00,    2, 0.000, 0.000, 0.100, 10
train,    1471, 15.362179,    9, 0.00,    6, 0.000, 0.000, 0.100, 10
train,    1472, 15.612179,    9, 0.00,    6, 0.000, 0.000, 0.100, 10
train,    1473, -10.786538,    2, 1.00,    1, 0.000, 0.000, 0.100, 10
train,    1474, -9.686538,    3, 1.00,    1, 0.000, 0.000, 0.100, 10
val,      1474, 7.863077, 0.4000,   6.2000,   0.0000, 0.6000,  14.1271
train,    1475, -6.334615,   10, 1.00,    4, 0.000, 0.000, 0.100, 10
train,    1476, -10.457692,    2, 1.00,    1, 0.000, 0.000, 0.100, 10
train,    1477, -23.521314,    8, 1.00,    5, 0.000, 0.000, 0.100, 10
train,    1478, -53.923191,   90, 0.00,   36, 0.000, 0.000, 0.100, 10
train,    1479, -10.618508,    8, 1.00,    2, 0.000, 0.000, 0.100, 10
train,    1480, -9.368484,    3, 1.00,    1, 0.000, 0.000, 0.100, 10
train,    1481, -23.242610,    9, 1.00,    4, 0.000, 0.000, 0.100, 10
train,    1482, -10.192308,    2, 1.00,    0, 0.000, 0.000, 0.100, 10
train,    1483, -18.009528,   41, 1.00,   13, 0.000, 0.000, 0.100, 10
train,    1484, -6.961538,    8, 1.00,    3, 0.000, 0.000, 0.100, 10
train,    1485, -2.032692,   12, 1.00,    3, 0.000, 0.000, 0.100, 10
train,    1486, -7.599271,    6, 1.00,    3, 0.000, 0.000, 0.100, 10
train,    1487, -6.995399,    6, 1.00,    2, 0.000, 0.000, 0.100, 10
train,    1488, -7.905128,    6, 1.00,    2, 0.000, 0.000, 0.100, 10
train,    1489, -6.997668,    8, 1.00,    3, 0.000, 0.000, 0.100, 10
train,    1490, -11.128893,    7, 1.00,    1, 0.000, 0.000, 0.100, 10
train,    1491, -49.928492,   15, 1.00,    4, 0.000, 0.000, 0.100, 10
train,    1492, -10.786538,    2, 1.00,    1, 0.000, 0.000, 0.100, 10
train,    1493, -17.615544,    8, 1.00,    3, 0.000, 0.000, 0.100, 10
update,   1493,   46,  512, -14.122423, 0.000000
train,    1494, -10.726191,    7, 1.00,    5, 0.000, 0.000, 0.100, 10
train,    1495, -79.144314,   64, 1.00,   27, 0.000, 0.000, 0.100, 10
train,    1496, -10.786538,    2, 1.00,    1, 0.000, 0.000, 0.100, 10
train,    1497, -10.192308,    2, 1.00,    0, 0.000, 0.000, 0.100, 10
train,    1498, 18.056970,   13, 0.00,    5, 0.000, 0.000, 0.100, 10
train,    1499, -11.418704,    8, 1.00,    1, 0.000, 0.000, 0.100, 10
val,      1499, 8.743077, 0.4000,   7.0000,   0.0000, 0.6000,  14.9221
train,    1500, -8.038462,    6, 1.00,    2, 0.000, 0.000, 0.100, 10
train,    1501, -9.569447,    9, 1.00,    1, 0.000, 0.000, 0.100, 10
train,    1502, -10.521154,    2, 1.00,    0, 0.000, 0.000, 0.100, 10
train,    1503, 19.102564,    9, 0.00,    2, 0.000, 0.000, 0.100, 10
train,    1504, -24.053436,   10, 1.00,    4, 0.000, 0.000, 0.100, 10
train,    1505, -14.880544,   10, 1.00,    3, 0.000, 0.000, 0.100, 10
train,    1506, 3.105733,   17, 0.00,    5, 0.000, 0.000, 0.100, 10
train,    1507, -12.429639,    3, 1.00,    2, 0.000, 0.000, 0.100, 10
train,    1508, -14.239614,   16, 1.00,    6, 0.000, 0.000, 0.100, 10
train,    1509, -15.792204,    8, 1.00,    2, 0.000, 0.000, 0.100, 10
train,    1510, -8.907051,    6, 1.00,    4, 0.000, 0.000, 0.100, 10
train,    1511, -13.271454,    3, 1.00,    3, 0.000, 0.000, 0.100, 10
train,    1512, -24.852722,   23, 0.00,   10, 0.000, 0.000, 0.100, 10
train,    1513, 17.705128,    9, 0.00,    4, 0.000, 0.000, 0.100, 10
train,    1514, -20.996279,    8, 1.00,    3, 0.000, 0.000, 0.100, 10
train,    1515, 16.653646,   12, 0.00,    4, 0.000, 0.000, 0.100, 10
train,    1516, -73.143588,   90, 0.00,   36, 0.000, 0.000, 0.100, 10
train,    1517, -10.620682,    3, 1.00,    1, 0.000, 0.000, 0.100, 10
train,    1518, -12.965160,   11, 1.00,    2, 0.000, 0.000, 0.100, 10
train,    1519, -26.103458,   53, 1.00,   20, 0.000, 0.000, 0.100, 10
train,    1520, -8.605999,    9, 1.00,    4, 0.000, 0.000, 0.100, 10
train,    1521, -5.947436,    7, 1.00,    2, 0.000, 0.000, 0.100, 10
train,    1522, -83.040435,   90, 0.00,   33, 0.000, 0.000, 0.100, 10
train,    1523, 18.707051,    9, 0.00,    2, 0.000, 0.000, 0.100, 10
update,   1523,   47,  519, -19.832930, 0.000000
train,    1524, -10.786538,    2, 1.00,    1, 0.000, 0.000, 0.100, 10
val,      1524, -2.633846, 0.8000,   4.8000,   0.0000, 0.2000,  13.7256
train,    1525, -82.473114,   64, 1.00,   26, 0.000, 0.000, 0.100, 10
train,    1526, -7.373077,    6, 1.00,    1, 0.000, 0.000, 0.100, 10
train,    1527, -10.273077,    3, 1.00,    2, 0.000, 0.000, 0.100, 10
train,    1528, -53.933753,   18, 1.00,    9, 0.000, 0.000, 0.100, 10
train,    1529, -131.006124,   90, 0.00,   35, 0.000, 0.000, 0.100, 10
train,    1530, -66.438538,   15, 1.00,   10, 0.000, 0.000, 0.100, 10
train,    1531, 17.403846,    8, 0.00,    3, 0.000, 0.000, 0.100, 10
train,    1532, -10.521154,    2, 1.00,    0, 0.000, 0.000, 0.100, 10
train,    1533, -10.192308,    2, 1.00,    0, 0.000, 0.000, 0.100, 10
train,    1534, -7.361585,   17, 1.00,   10, 0.000, 0.000, 0.100, 10
train,    1535, -55.116001,   17, 1.00,    9, 0.000, 0.000, 0.100, 10
train,    1536, -59.155711,   21, 1.00,   13, 0.000, 0.000, 0.100, 10
train,    1537, -8.087751,    9, 1.00,    5, 0.000, 0.000, 0.100, 10
train,    1538, 19.352974,   14, 0.00,    5, 0.000, 0.000, 0.100, 10
train,    1539, -6.738462,    7, 1.00,    2, 0.000, 0.000, 0.100, 10
train,    1540, -8.347436,    5, 1.00,    2, 0.000, 0.000, 0.100, 10
train,    1541, -8.038462,    6, 1.00,    2, 0.000, 0.000, 0.100, 10
train,    1542, -12.821960,    8, 1.00,    2, 0.000, 0.000, 0.100, 10
train,    1543, -20.159716,    9, 1.00,    6, 0.000, 0.000, 0.100, 10
train,    1544, -10.192308,    2, 1.00,    0, 0.000, 0.000, 0.100, 10
train,    1545, -24.046813,   14, 1.00,    6, 0.000, 0.000, 0.100, 10
train,    1546, -5.615385,    7, 1.00,    1, 0.000, 0.000, 0.100, 10
train,    1547, -7.528846,    9, 1.00,    6, 0.000, 0.000, 0.100, 10
train,    1548, -5.433333,   11, 1.00,    6, 0.000, 0.000, 0.100, 10
train,    1549, -10.521154,    2, 1.00,    0, 0.000, 0.000, 0.100, 10
val,      1549, 8.743077, 0.4000,   7.0000,   0.0000, 0.6000,  14.8566
train,    1550, -25.963947,   34, 1.00,   13, 0.000, 0.000, 0.100, 10
train,    1551, -10.798441,    3, 1.00,    1, 0.000, 0.000, 0.100, 10
train,    1552, -10.798441,    3, 1.00,    1, 0.000, 0.000, 0.100, 10
train,    1553, -10.521154,    2, 1.00,    0, 0.000, 0.000, 0.100, 10
train,    1554, 19.482692,   10, 0.00,    2, 0.000, 0.000, 0.100, 10
train,    1555, -13.346381,    6, 1.00,    6, 0.000, 0.000, 0.100, 10
train,    1556, -6.949359,    8, 1.00,    3, 0.000, 0.000, 0.100, 10
train,    1557, -10.323718,    5, 1.00,    4, 0.000, 0.000, 0.100, 10
train,    1558, -48.739864,   17, 1.00,    6, 0.000, 0.000, 0.100, 10
train,    1559, -10.015385,    3, 1.00,    1, 0.000, 0.000, 0.100, 10
train,    1560, -15.502334,   90, 0.00,   36, 0.000, 0.000, 0.100, 10
update,   1560,   48,  549, -23.245029, 0.000000
train,    1561, -22.905832,    8, 1.00,    4, 0.000, 0.000, 0.100, 10
train,    1562, -64.629975,   24, 1.00,   12, 0.000, 0.000, 0.100, 10
train,    1563, -51.815211,   19, 1.00,    5, 0.000, 0.000, 0.100, 10
train,    1564, -116.294625,   81, 1.00,   31, 0.000, 0.000, 0.100, 10
train,    1565, -18.196586,   10, 1.00,    3, 0.000, 0.000, 0.100, 10
train,    1566, -3.058333,   11, 1.00,    3, 0.000, 0.000, 0.100, 10
train,    1567, -20.510071,    8, 1.00,    2, 0.000, 0.000, 0.100, 10
train,    1568, -9.007505,    5, 1.00,    2, 0.000, 0.000, 0.100, 10
train,    1569, -10.855707,   10, 1.00,    4, 0.000, 0.000, 0.100, 10
train,    1570, -65.900455,   50, 1.00,   22, 0.000, 0.000, 0.100, 10
train,    1571, -8.828205,    6, 1.00,    4, 0.000, 0.000, 0.100, 10
train,    1572, -7.329678,    7, 1.00,    2, 0.000, 0.000, 0.100, 10
train,    1573, -10.192308,    2, 1.00,    0, 0.000, 0.000, 0.100, 10
train,    1574, -8.796920,    9, 1.00,    5, 0.000, 0.000, 0.100, 10
val,      1574, 7.863077, 0.4000,   6.2000,   0.0000, 0.6000,  14.1271
train,    1575, -48.897261,   40, 1.00,   13, 0.000, 0.000, 0.100, 10
train,    1576, -12.218101,    5, 1.00,    4, 0.000, 0.000, 0.100, 10
train,    1577, -227.045926,   90, 1.00,   41, 0.000, 0.000, 0.100, 10
train,    1578, 19.035897,    9, 0.00,    2, 0.000, 0.000, 0.100, 10
train,    1579, -11.999040,    5, 1.00,    4, 0.000, 0.000, 0.100, 10
train,    1580, -10.457692,    2, 1.00,    1, 0.000, 0.000, 0.100, 10
train,    1581, -51.961432,   15, 1.00,    8, 0.000, 0.000, 0.100, 10
train,    1582, -75.250259,   29, 1.00,   12, 0.000, 0.000, 0.100, 10
train,    1583, 18.907051,    9, 0.00,    2, 0.000, 0.000, 0.100, 10
train,    1584, -7.344872,    8, 1.00,    3, 0.000, 0.000, 0.100, 10
train,    1585, -152.388094,   90, 0.00,   37, 0.000, 0.000, 0.100, 10
update,   1585,   49,  552, -34.887516, 0.000000
train,    1586, -19.624660,    8, 1.00,    1, 0.000, 0.000, 0.100, 10
train,    1587, -8.054268,    8, 1.00,    4, 0.000, 0.000, 0.100, 10
train,    1588, -6.561538,    8, 1.00,    4, 0.000, 0.000, 0.100, 10
train,    1589, -6.773466,   10, 1.00,    6, 0.000, 0.000, 0.100, 10
train,    1590, -9.611661,    4, 1.00,    2, 0.000, 0.000, 0.100, 10
train,    1591, -17.753538,    8, 1.00,    4, 0.000, 0.000, 0.100, 10
train,    1592, -7.248368,    6, 1.00,    2, 0.000, 0.000, 0.100, 10
train,    1593, -11.463826,    3, 1.00,    2, 0.000, 0.000, 0.100, 10
train,    1594, -52.195042,   44, 1.00,   22, 0.000, 0.000, 0.100, 10
train,    1595, -20.515502,   15, 1.00,    4, 0.000, 0.000, 0.100, 10
train,    1596, -6.963463,    8, 1.00,    1, 0.000, 0.000, 0.100, 10
train,    1597, -4.334272,   11, 1.00,    3, 0.000, 0.000, 0.100, 10
train,    1598, -14.953988,   22, 0.00,   11, 0.000, 0.000, 0.100, 10
train,    1599, -7.942308,    9, 1.00,    5, 0.000, 0.000, 0.100, 10
val,      1599, -3.293846, 0.8000,   4.2000,   0.0000, 0.2000,  13.3426
train,    1600, -11.785969,    8, 1.00,    1, 0.000, 0.000, 0.100, 10
train,    1601, -10.192308,    2, 1.00,    0, 0.000, 0.000, 0.100, 10
train,    1602, 18.907051,    9, 0.00,    2, 0.000, 0.000, 0.100, 10
train,    1603, -7.516667,    9, 1.00,    6, 0.000, 0.000, 0.100, 10
train,    1604, -7.900641,    6, 1.00,    3, 0.000, 0.000, 0.100, 10
train,    1605, -22.852574,   90, 0.00,   34, 0.000, 0.000, 0.100, 10
train,    1606, -17.157317,    9, 1.00,    5, 0.000, 0.000, 0.100, 10
train,    1607, 17.024359,   10, 0.00,    5, 0.000, 0.000, 0.100, 10
train,    1608, -10.521154,    2, 1.00,    0, 0.000, 0.000, 0.100, 10
train,    1609, -10.521154,    2, 1.00,    0, 0.000, 0.000, 0.100, 10
train,    1610, 16.248486,   11, 0.00,    6, 0.000, 0.000, 0.100, 10
train,    1611, 18.594231,   11, 0.00,    4, 0.000, 0.000, 0.100, 10
train,    1612, -8.143590,    7, 1.00,    5, 0.000, 0.000, 0.100, 10
train,    1613, -8.628381,    7, 1.00,    4, 0.000, 0.000, 0.100, 10
train,    1614, -23.602156,    7, 1.00,    4, 0.000, 0.000, 0.100, 10
train,    1615, -10.521154,    2, 1.00,    0, 0.000, 0.000, 0.100, 10
train,    1616, -10.192308,    2, 1.00,    0, 0.000, 0.000, 0.100, 10
train,    1617, -7.912821,    6, 1.00,    3, 0.000, 0.000, 0.100, 10
train,    1618, -9.570486,    4, 1.00,    1, 0.000, 0.000, 0.100, 10
train,    1619, 18.707051,    9, 0.00,    2, 0.000, 0.000, 0.100, 10
train,    1620, -33.775533,   16, 1.00,    5, 0.000, 0.000, 0.100, 10
train,    1621, -7.933497,   16, 0.00,    5, 0.000, 0.000, 0.100, 10
train,    1622, -9.861101,    5, 1.00,    2, 0.000, 0.000, 0.100, 10
train,    1623, 14.958974,    9, 0.00,    7, 0.000, 0.000, 0.100, 10
train,    1624, 10.474873,   12, 0.00,    4, 0.000, 0.000, 0.100, 10
val,      1624, 7.144615, 0.6000,  21.8000,   0.0000, 0.2000,  13.8319
train,    1625, -7.622964,   25, 1.00,    7, 0.000, 0.000, 0.100, 10
train,    1626, -99.637823,   90, 0.00,   36, 0.000, 0.000, 0.100, 10
update,   1626,   50,  550, -17.150019, -0.000000
train,    1627, 16.743590,   12, 0.00,    6, 0.000, 0.000, 0.100, 10
train,    1628, -9.244231,    4, 1.00,    1, 0.000, 0.000, 0.100, 10
train,    1629, -10.786538,    2, 1.00,    1, 0.000, 0.000, 0.100, 10
train,    1630, 18.976923,    9, 0.00,    1, 0.000, 0.000, 0.100, 10
train,    1631, -8.393590,    7, 1.00,    5, 0.000, 0.000, 0.100, 10
train,    1632, -54.421995,   42, 1.00,   16, 0.000, 0.000, 0.100, 10
train,    1633, -10.786538,    2, 1.00,    1, 0.000, 0.000, 0.100, 10
train,    1634, -12.498272,    8, 1.00,    3, 0.000, 0.000, 0.100, 10
train,    1635, -76.536620,   90, 0.00,   41, 0.000, 0.000, 0.100, 10
train,    1636, 16.551282,   11, 0.00,    6, 0.000, 0.000, 0.100, 10
train,    1637, -8.237369,   90, 0.00,   37, 0.000, 0.000, 0.100, 10
train,    1638, -10.786538,    2, 1.00,    1, 0.000, 0.000, 0.100, 10
train,    1639, -6.280769,    7, 1.00,    2, 0.000, 0.000, 0.100, 10
train,    1640, -8.144231,    5, 1.00,    1, 0.000, 0.000, 0.100, 10
train,    1641, -21.974173,    8, 1.00,    4, 0.000, 0.000, 0.100, 10
train,    1642, -16.827459,   90, 0.00,   37, 0.000, 0.000, 0.100, 10
train,    1643, -6.303846,    8, 1.00,    3, 0.000, 0.000, 0.100, 10
train,    1644, -7.419400,    6, 1.00,    0, 0.000, 0.000, 0.100, 10
train,    1645, -7.332692,    8, 1.00,    3, 0.000, 0.000, 0.100, 10
train,    1646, -1.725303,   15, 0.00,   11, 0.000, 0.000, 0.100, 10
train,    1647, 17.509615,    9, 0.00,    4, 0.000, 0.000, 0.100, 10
train,    1648, -10.457692,    2, 1.00,    1, 0.000, 0.000, 0.100, 10
train,    1649, -10.457692,    2, 1.00,    1, 0.000, 0.000, 0.100, 10
val,      1649, -0.873846, 0.8000,   6.4000,   0.0000, 0.2000,  14.8617
train,    1650, -6.021154,   10, 1.00,    6, 0.000, 0.000, 0.100, 10
train,    1651, -8.756018,    7, 1.00,    3, 0.000, 0.000, 0.100, 10
train,    1652, -21.994053,    8, 1.00,    4, 0.000, 0.000, 0.100, 10
train,    1653, -6.170513,    8, 1.00,    3, 0.000, 0.000, 0.100, 10
train,    1654, -10.457692,    2, 1.00,    1, 0.000, 0.000, 0.100, 10
train,    1655, -52.759091,   23, 1.00,   11, 0.000, 0.000, 0.100, 10
train,    1656, 9.539673,   15, 0.00,    7, 0.000, 0.000, 0.100, 10
update,   1656,   51,  512, -17.999020, -0.000000
train,    1657, 18.550641,   10, 0.00,    3, 0.000, 0.000, 0.100, 10
train,    1658, -3.775000,   10, 1.00,    3, 0.000, 0.000, 0.100, 10
train,    1659, 18.135897,    8, 0.00,    2, 0.000, 0.000, 0.100, 10
train,    1660, -10.521154,    2, 1.00,    0, 0.000, 0.000, 0.100, 10
train,    1661, -20.504632,   11, 1.00,    6, 0.000, 0.000, 0.100, 10
train,    1662, -93.899452,   90, 0.00,   39, 0.000, 0.000, 0.100, 10
train,    1663, -14.927678,    8, 1.00,    4, 0.000, 0.000, 0.100, 10
train,    1664, -65.221887,   90, 0.00,   33, 0.000, 0.000, 0.100, 10
train,    1665, 13.614103,   12, 0.00,    9, 0.000, 0.000, 0.100, 10
train,    1666, -14.424726,    7, 1.00,    3, 0.000, 0.000, 0.100, 10
train,    1667, -19.070099,    8, 1.00,    5, 0.000, 0.000, 0.100, 10
train,    1668, -10.457692,    2, 1.00,    1, 0.000, 0.000, 0.100, 10
train,    1669, -10.192308,    2, 1.00,    0, 0.000, 0.000, 0.100, 10
train,    1670, -4.726096,   17, 0.00,   10, 0.000, 0.000, 0.100, 10
train,    1671, -8.257692,    4, 1.00,    1, 0.000, 0.000, 0.100, 10
train,    1672, 17.921795,   15, 0.00,    7, 0.000, 0.000, 0.100, 10
train,    1673, -17.043214,   44, 1.00,   26, 0.000, 0.000, 0.100, 10
train,    1674, 16.856410,    9, 0.00,    5, 0.000, 0.000, 0.100, 10
val,      1674, 2.724615, 0.6000,   5.6000,   0.0000, 0.4000,  14.3722
train,    1675, -27.396401,   15, 1.00,    6, 0.000, 0.000, 0.100, 10
train,    1676, -10.866026,    5, 1.00,    4, 0.000, 0.000, 0.100, 10
train,    1677, -12.215486,    7, 1.00,    1, 0.000, 0.000, 0.100, 10
train,    1678, -18.452645,    9, 1.00,    4, 0.000, 0.000, 0.100, 10
train,    1679, 16.660897,    9, 0.00,    5, 0.000, 0.000, 0.100, 10
train,    1680, -17.944813,    9, 1.00,    3, 0.000, 0.000, 0.100, 10
train,    1681, -8.025062,    6, 1.00,    2, 0.000, 0.000, 0.100, 10
train,    1682, -51.829235,   23, 1.00,    8, 0.000, 0.000, 0.100, 10
train,    1683, -11.361860,    3, 1.00,    1, 0.000, 0.000, 0.100, 10
train,    1684, -60.041700,   46, 1.00,   22, 0.000, 0.000, 0.100, 10
train,    1685, -8.432051,    9, 1.00,    7, 0.000, 0.000, 0.100, 10
train,    1686, -43.646942,   90, 0.00,   39, 0.000, 0.000, 0.100, 10
update,   1686,   52,  580, -21.715441, -0.000000
train,    1687, -10.521154,    2, 1.00,    0, 0.000, 0.000, 0.100, 10
train,    1688, -10.521154,    2, 1.00,    0, 0.000, 0.000, 0.100, 10
train,    1689, 17.353205,   10, 0.00,    5, 0.000, 0.000, 0.100, 10
train,    1690, -5.532692,    9, 1.00,    3, 0.000, 0.000, 0.100, 10
train,    1691, -6.553846,    8, 1.00,    3, 0.000, 0.000, 0.100, 10
train,    1692, -10.457692,    2, 1.00,    1, 0.000, 0.000, 0.100, 10
train,    1693, -8.915385,    4, 1.00,    1, 0.000, 0.000, 0.100, 10
train,    1694, -9.138462,    5, 1.00,    2, 0.000, 0.000, 0.100, 10
train,    1695, -9.552564,    6, 1.00,    4, 0.000, 0.000, 0.100, 10
train,    1696, -15.954814,    8, 1.00,    1, 0.000, 0.000, 0.100, 10
train,    1697, -48.130737,   23, 1.00,    8, 0.000, 0.000, 0.100, 10
train,    1698, -10.192308,    2, 1.00,    0, 0.000, 0.000, 0.100, 10
train,    1699, 19.634615,    9, 0.00,    1, 0.000, 0.000, 0.100, 10
val,      1699, 2.724615, 0.6000,   5.6000,   0.0000, 0.4000,  14.2427
train,    1700, -30.898648,   15, 1.00,    6, 0.000, 0.000, 0.100, 10
train,    1701, -54.033427,   44, 1.00,   22, 0.000, 0.000, 0.100, 10
train,    1702, -57.928359,   18, 1.00,    9, 0.000, 0.000, 0.100, 10
train,    1703, 18.221795,   10, 0.00,    3, 0.000, 0.000, 0.100, 10
train,    1704, -25.208407,   90, 0.00,   35, 0.000, 0.000, 0.100, 10
train,    1705, -9.514103,    4, 1.00,    2, 0.000, 0.000, 0.100, 10
train,    1706, -10.521154,    2, 1.00,    0, 0.000, 0.000, 0.100, 10
train,    1707, -10.521154,    2, 1.00,    0, 0.000, 0.000, 0.100, 10
train,    1708, -10.457692,    2, 1.00,    1, 0.000, 0.000, 0.100, 10
train,    1709, -46.322111,   16, 1.00,    6, 0.000, 0.000, 0.100, 10
train,    1710, -6.966898,    7, 1.00,    1, 0.000, 0.000, 0.100, 10
train,    1711, -10.457692,    2, 1.00,    1, 0.000, 0.000, 0.100, 10
train,    1712, -19.001329,    8, 1.00,    5, 0.000, 0.000, 0.100, 10
train,    1713, -27.143065,   39, 1.00,   19, 0.000, 0.000, 0.100, 10
train,    1714, -3.588042,   90, 0.00,   32, 0.000, 0.000, 0.100, 10
train,    1715, -10.053846,    5, 1.00,    3, 0.000, 0.000, 0.100, 10
train,    1716, -11.050000,    2, 1.00,    0, 0.000, 0.000, 0.100, 10
train,    1717, -8.955973,    9, 1.00,    5, 0.000, 0.000, 0.100, 10
train,    1718, -10.786538,    2, 1.00,    1, 0.000, 0.000, 0.100, 10
train,    1719, -8.976965,   19, 0.00,    4, 0.000, 0.000, 0.100, 10
train,    1720, -9.098077,    7, 1.00,    4, 0.000, 0.000, 0.100, 10
train,    1721, -47.755441,   16, 1.00,    8, 0.000, 0.000, 0.100, 10
train,    1722, -54.479604,   13, 1.00,    7, 0.000, 0.000, 0.100, 10
update,   1722,   53,  512, -17.360580, 0.000000
train,    1723, -11.442100,    9, 1.00,    4, 0.000, 0.000, 0.100, 10
train,    1724, -10.521154,    2, 1.00,    0, 0.000, 0.000, 0.100, 10
val,      1724, 1.844615, 0.6000,   4.8000,   0.0000, 0.4000,  14.1091
train,    1725, 18.018590,   10, 0.00,    4, 0.000, 0.000, 0.100, 10
train,    1726, -158.903462,   90, 0.00,   36, 0.000, 0.000, 0.100, 10
train,    1727, 10.528881,   15, 0.00,    6, 0.000, 0.000, 0.100, 10
train,    1728, -15.777717,   90, 0.00,   36, 0.000, 0.000, 0.100, 10
train,    1729, -20.478001,    8, 1.00,    4, 0.000, 0.000, 0.100, 10
train,    1730, -9.185256,    4, 1.00,    2, 0.000, 0.000, 0.100, 10
train,    1731, -71.203957,   60, 1.00,   21, 0.000, 0.000, 0.100, 10
train,    1732, 1.981437,   17, 0.00,    6, 0.000, 0.000, 0.100, 10
train,    1733, -10.521154,    2, 1.00,    0, 0.000, 0.000, 0.100, 10
train,    1734, -10.786538,    2, 1.00,    1, 0.000, 0.000, 0.100, 10
train,    1735, -33.082161,   37, 1.00,   15, 0.000, 0.000, 0.100, 10
train,    1736, -7.180769,    6, 1.00,    2, 0.000, 0.000, 0.100, 10
train,    1737, -19.435852,    8, 1.00,    4, 0.000, 0.000, 0.100, 10
train,    1738, 18.308333,    9, 0.00,    3, 0.000, 0.000, 0.100, 10
train,    1739, -5.767308,    8, 1.00,    3, 0.000, 0.000, 0.100, 10
train,    1740, -6.589406,   10, 1.00,    4, 0.000, 0.000, 0.100, 10
train,    1741, 17.442949,    9, 0.00,    4, 0.000, 0.000, 0.100, 10
train,    1742, -56.966445,   17, 1.00,    7, 0.000, 0.000, 0.100, 10
train,    1743, -8.319231,    7, 1.00,    4, 0.000, 0.000, 0.100, 10
train,    1744, 15.283333,    9, 0.00,    6, 0.000, 0.000, 0.100, 10
train,    1745, -8.923428,    6, 1.00,    3, 0.000, 0.000, 0.100, 10
train,    1746, -52.253680,   17, 1.00,   10, 0.000, 0.000, 0.100, 10
train,    1747, -7.971795,    6, 1.00,    2, 0.000, 0.000, 0.100, 10
train,    1748, -10.457692,    2, 1.00,    1, 0.000, 0.000, 0.100, 10
train,    1749, -10.457692,    2, 1.00,    1, 0.000, 0.000, 0.100, 10
val,      1749, -8.432308, 1.0000,   3.6000,   0.0000, 0.0000,  13.4117
train,    1750, -56.345957,   20, 1.00,    9, 0.000, 0.000, 0.100, 10
train,    1751, -44.350595,   49, 1.00,   23, 0.000, 0.000, 0.100, 10
update,   1751,   54,  531, -24.084944, 0.000000
train,    1752, -21.694715,   14, 1.00,    8, 0.000, 0.000, 0.100, 10
train,    1753, -38.230593,   20, 1.00,   12, 0.000, 0.000, 0.100, 10
train,    1754, -15.719366,    8, 1.00,    2, 0.000, 0.000, 0.100, 10
train,    1755, 17.506410,   10, 0.00,    4, 0.000, 0.000, 0.100, 10
train,    1756, -11.321699,   90, 0.00,   32, 0.000, 0.000, 0.100, 10
train,    1757, -10.786538,    2, 1.00,    1, 0.000, 0.000, 0.100, 10
train,    1758, -10.521154,    2, 1.00,    0, 0.000, 0.000, 0.100, 10
train,    1759, -7.661538,    7, 1.00,    4, 0.000, 0.000, 0.100, 10
train,    1760, -6.823718,    8, 1.00,    4, 0.000, 0.000, 0.100, 10
train,    1761, -10.786538,    2, 1.00,    1, 0.000, 0.000, 0.100, 10
train,    1762, -10.834099,    5, 1.00,    4, 0.000, 0.000, 0.100, 10
train,    1763, 17.016667,   10, 0.00,    6, 0.000, 0.000, 0.100, 10
train,    1764, -8.460256,    7, 1.00,    5, 0.000, 0.000, 0.100, 10
train,    1765, -29.147550,   90, 0.00,   36, 0.000, 0.000, 0.100, 10
train,    1766, -79.376131,   59, 1.00,   27, 0.000, 0.000, 0.100, 10
train,    1767, -7.526583,    7, 1.00,    2, 0.000, 0.000, 0.100, 10
train,    1768, -3.755128,    9, 1.00,    3, 0.000, 0.000, 0.100, 10
train,    1769, 17.521795,    9, 0.00,    4, 0.000, 0.000, 0.100, 10
train,    1770, -10.192308,    2, 1.00,    0, 0.000, 0.000, 0.100, 10
train,    1771, -10.457692,    2, 1.00,    1, 0.000, 0.000, 0.100, 10
train,    1772, -6.372473,   90, 0.00,   39, 0.000, 0.000, 0.100, 10
train,    1773, 7.982851,   15, 0.00,    4, 0.000, 0.000, 0.100, 10
train,    1774, 17.335256,   10, 0.00,    4, 0.000, 0.000, 0.100, 10
val,      1774, -1.425385, 0.8000,   6.0000,   0.0000, 0.2000,  15.0065
train,    1775, -6.361770,    9, 1.00,    3, 0.000, 0.000, 0.100, 10
train,    1776, 19.748077,   10, 0.00,    1, 0.000, 0.000, 0.100, 10
train,    1777, 18.306350,   12, 0.00,    2, 0.000, 0.000, 0.100, 10
train,    1778, -10.192308,    2, 1.00,    0, 0.000, 0.000, 0.100, 10
train,    1779, -65.518037,   51, 1.00,   14, 0.000, 0.000, 0.100, 10
update,   1779,   55,  562, -17.938164, 0.000000
train,    1780, -110.945943,   70, 1.00,   34, 0.000, 0.000, 0.100, 10
train,    1781, -6.996154,    7, 1.00,    3, 0.000, 0.000, 0.100, 10
train,    1782, -19.520408,    8, 1.00,    6, 0.000, 0.000, 0.100, 10
train,    1783, -7.989410,    6, 1.00,    3, 0.000, 0.000, 0.100, 10
train,    1784, -7.517996,    6, 1.00,    0, 0.000, 0.000, 0.100, 10
train,    1785, -28.435525,   42, 1.00,   13, 0.000, 0.000, 0.100, 10
train,    1786, -83.543201,   90, 0.00,   34, 0.000, 0.000, 0.100, 10
train,    1787, -10.786538,    2, 1.00,    1, 0.000, 0.000, 0.100, 10
train,    1788, 4.774057,   17, 0.00,    9, 0.000, 0.000, 0.100, 10
train,    1789, -10.521154,    2, 1.00,    0, 0.000, 0.000, 0.100, 10
train,    1790, -63.532098,   50, 1.00,   16, 0.000, 0.000, 0.100, 10
train,    1791, -37.042216,   90, 0.00,   38, 0.000, 0.000, 0.100, 10
train,    1792, -22.219038,   59, 1.00,   22, 0.000, 0.000, 0.100, 10
train,    1793, -57.137256,   20, 1.00,   11, 0.000, 0.000, 0.100, 10
train,    1794, -5.751923,    7, 1.00,    2, 0.000, 0.000, 0.100, 10
train,    1795, -53.206172,   64, 1.00,   27, 0.000, 0.000, 0.100, 10
update,   1795,   56,  540, -24.688776, 0.000000
train,    1796, -10.457692,    2, 1.00,    1, 0.000, 0.000, 0.100, 10
train,    1797, -11.050000,    2, 1.00,    0, 0.000, 0.000, 0.100, 10
train,    1798, -60.609716,   31, 0.00,   13, 0.000, 0.000, 0.100, 10
train,    1799, -11.960578,    3, 1.00,    2, 0.000, 0.000, 0.100, 10
val,      1799, 2.724615, 0.6000,   5.6000,   0.0000, 0.4000,  14.6593
train,    1800, -9.908263,    5, 1.00,    3, 0.000, 0.000, 0.100, 10
train,    1801, -10.192308,    2, 1.00,    0, 0.000, 0.000, 0.100, 10
train,    1802, -93.740175,   90, 0.00,   36, 0.000, 0.000, 0.100, 10
train,    1803, -5.782692,    9, 1.00,    3, 0.000, 0.000, 0.100, 10
train,    1804, -10.404050,    5, 1.00,    3, 0.000, 0.000, 0.100, 10
train,    1805, -6.465516,   28, 1.00,    8, 0.000, 0.000, 0.100, 10
train,    1806, -17.726421,   90, 0.00,   30, 0.000, 0.000, 0.100, 10
train,    1807, -11.890424,   10, 1.00,    5, 0.000, 0.000, 0.100, 10
train,    1808, -8.288462,    6, 1.00,    2, 0.000, 0.000, 0.100, 10
train,    1809, -6.723077,    6, 1.00,    2, 0.000, 0.000, 0.100, 10
train,    1810, -32.125977,   10, 1.00,    3, 0.000, 0.000, 0.100, 10
train,    1811, -8.919997,    5, 1.00,    1, 0.000, 0.000, 0.100, 10
train,    1812, -46.867275,   16, 1.00,    2, 0.000, 0.000, 0.100, 10
train,    1813, -17.027947,   12, 1.00,    8, 0.000, 0.000, 0.100, 10
train,    1814, 18.772347,   12, 0.00,    4, 0.000, 0.000, 0.100, 10
train,    1815, -10.521154,    2, 1.00,    0, 0.000, 0.000, 0.100, 10
train,    1816, -7.255128,    6, 1.00,    3, 0.000, 0.000, 0.100, 10
train,    1817, -15.053797,    9, 1.00,    1, 0.000, 0.000, 0.100, 10
train,    1818, -18.881574,   11, 1.00,    3, 0.000, 0.000, 0.100, 10
train,    1819, -7.571795,    6, 1.00,    3, 0.000, 0.000, 0.100, 10
train,    1820, -7.822688,    9, 1.00,    4, 0.000, 0.000, 0.100, 10
train,    1821, -10.786538,    2, 1.00,    1, 0.000, 0.000, 0.100, 10
train,    1822, 16.121154,   10, 0.00,    6, 0.000, 0.000, 0.100, 10
train,    1823, -6.601923,    7, 1.00,    1, 0.000, 0.000, 0.100, 10
train,    1824, -70.577762,   52, 1.00,   25, 0.000, 0.000, 0.100, 10
val,      1824, 8.743077, 0.4000,   7.0000,   0.0000, 0.6000,  15.1662
train,    1825, -15.677522,    9, 1.00,    3, 0.000, 0.000, 0.100, 10
train,    1826, -7.634662,   22, 0.00,    7, 0.000, 0.000, 0.100, 10
train,    1827, -75.884163,   61, 1.00,   21, 0.000, 0.000, 0.100, 10
update,   1827,   57,  550, -22.671463, 0.000000
train,    1828, -49.664454,   90, 0.00,   41, 0.000, 0.000, 0.100, 10
train,    1829, -10.786538,    2, 1.00,    1, 0.000, 0.000, 0.100, 10
train,    1830, 14.705619,   13, 0.00,    4, 0.000, 0.000, 0.100, 10
train,    1831, -6.501923,    7, 1.00,    1, 0.000, 0.000, 0.100, 10
train,    1832, -50.527208,   15, 1.00,    5, 0.000, 0.000, 0.100, 10
train,    1833, -18.307628,    8, 1.00,    3, 0.000, 0.000, 0.100, 10
train,    1834, -8.564112,    8, 1.00,    5, 0.000, 0.000, 0.100, 10
train,    1835, 17.388462,    9, 0.00,    4, 0.000, 0.000, 0.100, 10
train,    1836, -97.154350,   83, 1.00,   32, 0.000, 0.000, 0.100, 10
train,    1837, -18.665987,    8, 1.00,    5, 0.000, 0.000, 0.100, 10
train,    1838, -9.742949,    4, 1.00,    2, 0.000, 0.000, 0.100, 10
train,    1839, -10.521154,    2, 1.00,    0, 0.000, 0.000, 0.100, 10
train,    1840, -6.656410,    6, 1.00,    2, 0.000, 0.000, 0.100, 10
train,    1841, 17.701923,   10, 0.00,    4, 0.000, 0.000, 0.100, 10
train,    1842, 18.457692,   12, 0.00,    4, 0.000, 0.000, 0.100, 10
train,    1843, -30.877201,   43, 1.00,   16, 0.000, 0.000, 0.100, 10
train,    1844, -6.706208,   90, 0.00,   34, 0.000, 0.000, 0.100, 10
train,    1845, 7.996251,   15, 0.00,    4, 0.000, 0.000, 0.100, 10
train,    1846, -8.471721,    9, 1.00,    3, 0.000, 0.000, 0.100, 10
train,    1847, -4.014103,    9, 1.00,    2, 0.000, 0.000, 0.100, 10
train,    1848, 18.488462,   10, 0.00,    3, 0.000, 0.000, 0.100, 10
train,    1849, -41.578021,   33, 1.00,   17, 0.000, 0.000, 0.100, 10
val,      1849, -9.312308, 1.0000,   2.8000,   0.0000, 0.0000,  12.2905
train,    1850, -16.242805,    8, 1.00,    2, 0.000, 0.000, 0.100, 10
train,    1851, 12.490010,   10, 0.00,    5, 0.000, 0.000, 0.100, 10
train,    1852, 19.658333,   11, 0.00,    2, 0.000, 0.000, 0.100, 10
update,   1852,   58,  515, -18.081232, -0.000000
train,    1853, -25.431000,   10, 1.00,    5, 0.000, 0.000, 0.100, 10
train,    1854, 19.748077,   10, 0.00,    1, 0.000, 0.000, 0.100, 10
train,    1855, -10.786538,    2, 1.00,    1, 0.000, 0.000, 0.100, 10
train,    1856, -4.222409,   17, 0.00,   10, 0.000, 0.000, 0.100, 10
train,    1857, -8.586538,    4, 1.00,    1, 0.000, 0.000, 0.100, 10
train,    1858, 16.903205,   10, 0.00,    5, 0.000, 0.000, 0.100, 10
train,    1859, 11.287405,   13, 0.00,    4, 0.000, 0.000, 0.100, 10
train,    1860, -28.662854,   17, 1.00,    5, 0.000, 0.000, 0.100, 10
train,    1861, -11.440685,    3, 1.00,    1, 0.000, 0.000, 0.100, 10
train,    1862, 2.064708,   16, 0.00,    6, 0.000, 0.000, 0.100, 10
train,    1863, -29.344201,   16, 1.00,    5, 0.000, 0.000, 0.100, 10
train,    1864, 16.919872,   10, 0.00,    5, 0.000, 0.000, 0.100, 10
train,    1865, -9.611661,    4, 1.00,    2, 0.000, 0.000, 0.100, 10
train,    1866, -1.869511,   90, 0.00,   31, 0.000, 0.000, 0.100, 10
train,    1867, -10.521154,    2, 1.00,    0, 0.000, 0.000, 0.100, 10
train,    1868, -13.581313,   17, 1.00,    6, 0.000, 0.000, 0.100, 10
train,    1869, -22.828725,    9, 1.00,    4, 0.000, 0.000, 0.100, 10
train,    1870, 19.169231,    9, 0.00,    2, 0.000, 0.000, 0.100, 10
train,    1871, -10.457692,    2, 1.00,    1, 0.000, 0.000, 0.100, 10
train,    1872, -10.786538,    2, 1.00,    1, 0.000, 0.000, 0.100, 10
train,    1873, 18.789744,   11, 0.00,    4, 0.000, 0.000, 0.100, 10
train,    1874, 17.455128,    9, 0.00,    4, 0.000, 0.000, 0.100, 10
val,      1874, 11.592571, 0.4000,  14.2000,   0.0000, 0.6000,   7.8750
train,    1875, -9.898377,    5, 1.00,    1, 0.000, 0.000, 0.100, 10
train,    1876, -9.384044,   36, 1.00,   13, 0.000, 0.000, 0.100, 10
train,    1877, -78.685004,   25, 1.00,    8, 0.000, 0.000, 0.100, 10
train,    1878, 18.508982,   14, 0.00,    5, 0.000, 0.000, 0.100, 10
train,    1879, -68.478143,   90, 0.00,   34, 0.000, 0.000, 0.100, 10
train,    1880, -9.118590,    4, 1.00,    2, 0.000, 0.000, 0.100, 10
train,    1881, 19.634615,    9, 0.00,    1, 0.000, 0.000, 0.100, 10
train,    1882, 11.749104,   14, 0.00,    9, 0.000, 0.000, 0.100, 10
train,    1883, -17.090989,    9, 1.00,    3, 0.000, 0.000, 0.100, 10
train,    1884, 19.744872,   10, 0.00,    2, 0.000, 0.000, 0.100, 10
train,    1885, -8.586538,    4, 1.00,    1, 0.000, 0.000, 0.100, 10
train,    1886, -8.464744,    7, 1.00,    4, 0.000, 0.000, 0.100, 10
train,    1887, 19.591667,   11, 0.00,    2, 0.000, 0.000, 0.100, 10
update,   1887,   59,  521, -11.258523, 0.000000
train,    1888, -10.786538,    2, 1.00,    1, 0.000, 0.000, 0.100, 10
train,    1889, 17.748718,   10, 0.00,    5, 0.000, 0.000, 0.100, 10
train,    1890, -10.192308,    2, 1.00,    0, 0.000, 0.000, 0.100, 10
train,    1891, -6.251450,    8, 1.00,    1, 0.000, 0.000, 0.100, 10
train,    1892, -4.429719,   11, 1.00,    4, 0.000, 0.000, 0.100, 10
train,    1893, -7.919230,    7, 1.00,    3, 0.000, 0.000, 0.100, 10
train,    1894, -6.221127,    9, 1.00,    3, 0.000, 0.000, 0.100, 10
train,    1895, -15.423508,   32, 1.00,   12, 0.000, 0.000, 0.100, 10
train,    1896, -12.356069,    3, 1.00,    2, 0.000, 0.000, 0.100, 10
train,    1897, 3.160898,   18, 0.00,    7, 0.000, 0.000, 0.100, 10
train,    1898, -7.210531,    7, 1.00,    3, 0.000, 0.000, 0.100, 10
train,    1899, -10.179487,    4, 1.00,    3, 0.000, 0.000, 0.100, 10
val,      1899, 2.724615, 0.6000,   5.6000,   0.0000, 0.4000,  14.0722
train,    1900, 19.603846,   11, 0.00,    2, 0.000, 0.000, 0.100, 10
train,    1901, -14.709779,   90, 0.00,   29, 0.000, 0.000, 0.100, 10
train,    1902, -44.737137,   15, 1.00,    4, 0.000, 0.000, 0.100, 10
train,    1903, -10.192308,    2, 1.00,    0, 0.000, 0.000, 0.100, 10
train,    1904, 15.545513,    9, 0.00,    6, 0.000, 0.000, 0.100, 10
train,    1905, 19.634615,    9, 0.00,    1, 0.000, 0.000, 0.100, 10
train,    1906, -19.279433,    9, 1.00,    4, 0.000, 0.000, 0.100, 10
train,    1907, -35.466534,   90, 0.00,   40, 0.000, 0.000, 0.100, 10
train,    1908, 17.933150,   12, 0.00,    5, 0.000, 0.000, 0.100, 10
train,    1909, -10.192308,    2, 1.00,    0, 0.000, 0.000, 0.100, 10
train,    1910, 18.683974,   10, 0.00,    3, 0.000, 0.000, 0.100, 10
train,    1911, -12.983405,    8, 1.00,    3, 0.000, 0.000, 0.100, 10
train,    1912, -7.082692,    7, 1.00,    4, 0.000, 0.000, 0.100, 10
train,    1913, -148.388607,   90, 0.00,   42, 0.000, 0.000, 0.100, 10
train,    1914, 7.765419,   16, 0.00,    5, 0.000, 0.000, 0.100, 10
train,    1915, -10.786538,    2, 1.00,    1, 0.000, 0.000, 0.100, 10
train,    1916, -10.521154,    2, 1.00,    0, 0.000, 0.000, 0.100, 10
train,    1917, -10.786538,    2, 1.00,    1, 0.000, 0.000, 0.100, 10
train,    1918, -10.355298,    3, 1.00,    0, 0.000, 0.000, 0.100, 10
train,    1919, -8.746995,    5, 1.00,    1, 0.000, 0.000, 0.100, 10
train,    1920, -10.786538,    2, 1.00,    1, 0.000, 0.000, 0.100, 10
train,    1921, -10.429487,    4, 1.00,    3, 0.000, 0.000, 0.100, 10
update,   1921,   60,  513, -16.824373, 0.000000
train,    1922, -11.444494,   12, 1.00,    5, 0.000, 0.000, 0.100, 10
train,    1923, -15.611879,    8, 1.00,    4, 0.000, 0.000, 0.100, 10
train,    1924, -10.023077,    3, 1.00,    2, 0.000, 0.000, 0.100, 10
val,      1924, 11.982633, 0.6000,  23.6000,   0.0000, 0.4000,   7.8905
train,    1925, -8.114103,    6, 1.00,    3, 0.000, 0.000, 0.100, 10
train,    1926, -9.672965,    5, 1.00,    2, 0.000, 0.000, 0.100, 10
train,    1927, -9.943154,    8, 1.00,    3, 0.000, 0.000, 0.100, 10
train,    1928, -14.466498,   10, 1.00,    3, 0.000, 0.000, 0.100, 10
train,    1929, -11.419383,    5, 1.00,    3, 0.000, 0.000, 0.100, 10
train,    1930, 15.439744,    8, 0.00,    5, 0.000, 0.000, 0.100, 10
train,    1931, -6.679487,    7, 1.00,    3, 0.000, 0.000, 0.100, 10
train,    1932, -6.224978,    7, 1.00,    1, 0.000, 0.000, 0.100, 10
train,    1933, -34.390470,   46, 1.00,   18, 0.000, 0.000, 0.100, 10
train,    1934, -10.192308,    2, 1.00,    0, 0.000, 0.000, 0.100, 10
train,    1935, -10.521154,    2, 1.00,    0, 0.000, 0.000, 0.100, 10
train,    1936, -6.182262,    8, 1.00,    3, 0.000, 0.000, 0.100, 10
train,    1937, -10.521154,    2, 1.00,    0, 0.000, 0.000, 0.100, 10
train,    1938, -8.288462,    6, 1.00,    2, 0.000, 0.000, 0.100, 10
train,    1939, -10.695594,    4, 1.00,    0, 0.000, 0.000, 0.100, 10
train,    1940, -16.835241,    8, 1.00,    2, 0.000, 0.000, 0.100, 10
train,    1941, -7.000553,    6, 1.00,    2, 0.000, 0.000, 0.100, 10
train,    1942, -10.521154,    2, 1.00,    0, 0.000, 0.000, 0.100, 10
train,    1943, -23.962070,    8, 1.00,    5, 0.000, 0.000, 0.100, 10
train,    1944, -8.586538,    4, 1.00,    1, 0.000, 0.000, 0.100, 10
train,    1945, -19.371377,    8, 1.00,    0, 0.000, 0.000, 0.100, 10
train,    1946, -24.286955,   48, 1.00,   17, 0.000, 0.000, 0.100, 10
train,    1947, -11.290322,    9, 1.00,    3, 0.000, 0.000, 0.100, 10
train,    1948, -6.973310,    7, 1.00,    3, 0.000, 0.000, 0.100, 10
train,    1949, 18.344231,   11, 0.00,    4, 0.000, 0.000, 0.100, 10
val,      1949, 2.602950, 0.8000,  16.6000,   0.0000, 0.2000,   7.6039
train,    1950, 16.006410,    8, 0.00,    5, 0.000, 0.000, 0.100, 10
train,    1951, -86.612238,   31, 1.00,   12, 0.000, 0.000, 0.100, 10
train,    1952, -49.678958,   90, 0.00,   32, 0.000, 0.000, 0.100, 10
train,    1953, -45.154043,   57, 1.00,   17, 0.000, 0.000, 0.100, 10
train,    1954, 18.175000,    9, 0.00,    3, 0.000, 0.000, 0.100, 10
train,    1955, -70.865816,   90, 0.00,   35, 0.000, 0.000, 0.100, 10
update,   1955,   61,  545, -20.044422, 0.000000
train,    1956, -35.496304,   13, 1.00,    6, 0.000, 0.000, 0.100, 10
train,    1957, -15.696186,    8, 1.00,    0, 0.000, 0.000, 0.100, 10
train,    1958, -7.373077,    6, 1.00,    1, 0.000, 0.000, 0.100, 10
train,    1959, -22.113204,   14, 1.00,    4, 0.000, 0.000, 0.100, 10
train,    1960, -54.615733,   18, 1.00,    8, 0.000, 0.000, 0.100, 10
train,    1961, -75.305083,   90, 0.00,   29, 0.000, 0.000, 0.100, 10
train,    1962, -47.557236,   17, 1.00,    1, 0.000, 0.000, 0.100, 10
train,    1963, -10.521154,    2, 1.00,    0, 0.000, 0.000, 0.100, 10
train,    1964, -12.106069,    3, 1.00,    2, 0.000, 0.000, 0.100, 10
train,    1965, -72.448722,   42, 1.00,   18, 0.000, 0.000, 0.100, 10
train,    1966, -11.050000,    2, 1.00,    0, 0.000, 0.000, 0.100, 10
train,    1967, -12.027245,    3, 1.00,    2, 0.000, 0.000, 0.100, 10
train,    1968, 18.390385,    9, 0.00,    2, 0.000, 0.000, 0.100, 10
train,    1969, -10.944086,    8, 1.00,    3, 0.000, 0.000, 0.100, 10
train,    1970, 18.962179,   13, 0.00,    4, 0.000, 0.000, 0.100, 10
train,    1971, 5.401169,   16, 0.00,    2, 0.000, 0.000, 0.100, 10
train,    1972, 9.843240,   13, 0.00,    5, 0.000, 0.000, 0.100, 10
train,    1973, 5.082798,   47, 1.00,   13, 0.000, 0.000, 0.100, 10
train,    1974, 16.543590,   11, 0.00,    7, 0.000, 0.000, 0.100, 10
val,      1974, 11.802523, 0.6000,  22.4000,   0.0000, 0.4000,   7.8797
train,    1975, -23.238716,   23, 0.00,   11, 0.000, 0.000, 0.100, 10
train,    1976, -7.935067,    7, 1.00,    2, 0.000, 0.000, 0.100, 10
train,    1977, -12.027245,    3, 1.00,    2, 0.000, 0.000, 0.100, 10
train,    1978, -32.938796,   20, 1.00,    6, 0.000, 0.000, 0.100, 10
train,    1979, -10.457692,    2, 1.00,    1, 0.000, 0.000, 0.100, 10
train,    1980, -10.990882,   11, 1.00,    2, 0.000, 0.000, 0.100, 10
train,    1981, 18.394231,   11, 0.00,    4, 0.000, 0.000, 0.100, 10
train,    1982, 16.277564,    9, 0.00,    5, 0.000, 0.000, 0.100, 10
train,    1983, -9.611661,    4, 1.00,    2, 0.000, 0.000, 0.100, 10
train,    1984, -6.080769,    7, 1.00,    2, 0.000, 0.000, 0.100, 10
train,    1985, -10.457692,    2, 1.00,    1, 0.000, 0.000, 0.100, 10
train,    1986, -8.241789,    5, 1.00,    1, 0.000, 0.000, 0.100, 10
train,    1987, 18.180769,   11, 0.00,    3, 0.000, 0.000, 0.100, 10
train,    1988, 18.077564,   11, 0.00,    4, 0.000, 0.000, 0.100, 10
train,    1989, -9.512715,    4, 1.00,    2, 0.000, 0.000, 0.100, 10
train,    1990, -17.769277,    8, 1.00,    4, 0.000, 0.000, 0.100, 10
train,    1991, 17.874359,   11, 0.00,    5, 0.000, 0.000, 0.100, 10
train,    1992, 19.748077,   10, 0.00,    1, 0.000, 0.000, 0.100, 10
train,    1993, 18.061538,    9, 0.00,    2, 0.000, 0.000, 0.100, 10
train,    1994, -109.461284,   90, 0.00,   31, 0.000, 0.000, 0.100, 10
update,   1994,   62,  593, -18.017302, 0.000000
train,    1995, -78.283866,   23, 1.00,   10, 0.000, 0.000, 0.100, 10
train,    1996, -49.642175,   49, 1.00,   11, 0.000, 0.000, 0.100, 10
train,    1997, -11.289600,    8, 1.00,    2, 0.000, 0.000, 0.100, 10
train,    1998, -8.196795,    8, 1.00,    6, 0.000, 0.000, 0.100, 10
train,    1999, 17.358702,   10, 0.00,    1, 0.000, 0.000, 0.100, 10
val,      1999, -3.027591, 1.0000,  14.0000,   0.0000, 0.0000,   7.6054
train,    2000, -17.294134,   12, 1.00,    2, 0.000, 0.000, 0.100, 10
train,    2001, -86.821208,   26, 1.00,   12, 0.000, 0.000, 0.100, 10
train,    2002, -31.386381,   90, 0.00,   37, 0.000, 0.000, 0.100, 10
train,    2003, -7.615950,    7, 1.00,    1, 0.000, 0.000, 0.100, 10
train,    2004, -10.457692,    2, 1.00,    1, 0.000, 0.000, 0.100, 10
train,    2005, -10.457692,    2, 1.00,    1, 0.000, 0.000, 0.100, 10
train,    2006, -10.521154,    2, 1.00,    0, 0.000, 0.000, 0.100, 10
train,    2007, 16.775641,   11, 0.00,    6, 0.000, 0.000, 0.100, 10
train,    2008, -14.264068,   10, 1.00,    3, 0.000, 0.000, 0.100, 10
train,    2009, -9.675844,    7, 1.00,    2, 0.000, 0.000, 0.100, 10
train,    2010, -47.339822,   20, 1.00,    9, 0.000, 0.000, 0.100, 10
train,    2011, -10.192308,    2, 1.00,    0, 0.000, 0.000, 0.100, 10
train,    2012, -10.457692,    2, 1.00,    1, 0.000, 0.000, 0.100, 10
train,    2013, -6.010056,   48, 1.00,   19, 0.000, 0.000, 0.100, 10
train,    2014, -79.629941,   45, 1.00,   21, 0.000, 0.000, 0.100, 10
train,    2015, -10.192308,    2, 1.00,    0, 0.000, 0.000, 0.100, 10
train,    2016, 18.423077,   11, 0.00,    4, 0.000, 0.000, 0.100, 10
train,    2017, -10.192308,    2, 1.00,    0, 0.000, 0.000, 0.100, 10
train,    2018, -19.767966,    9, 1.00,    6, 0.000, 0.000, 0.100, 10
train,    2019, 9.051290,   16, 0.00,    8, 0.000, 0.000, 0.100, 10
train,    2020, -29.692881,   23, 0.00,   11, 0.000, 0.000, 0.100, 10
train,    2021, 16.500641,   13, 0.00,    8, 0.000, 0.000, 0.100, 10
train,    2022, -41.791778,   90, 0.00,   34, 0.000, 0.000, 0.100, 10
update,   2022,   63,  550, -19.814156, -0.000000
train,    2023, -56.259010,   27, 1.00,   13, 0.000, 0.000, 0.100, 10
train,    2024, -16.890661,    9, 1.00,    1, 0.000, 0.000, 0.100, 10
val,      2024, -1.039905, 0.8000,   9.6000,   0.0000, 0.2000,   7.6104
train,    2025, -2.038462,   41, 1.00,   22, 0.000, 0.000, 0.100, 10
train,    2026, -23.907209,   21, 1.00,    7, 0.000, 0.000, 0.100, 10
train,    2027, -10.213237,    3, 1.00,    1, 0.000, 0.000, 0.100, 10
train,    2028, -6.679487,    7, 1.00,    3, 0.000, 0.000, 0.100, 10
train,    2029, -22.090527,   11, 1.00,    3, 0.000, 0.000, 0.100, 10
train,    2030, 8.987366,   16, 0.00,    8, 0.000, 0.000, 0.100, 10
train,    2031, 1.875483,   16, 0.00,    3, 0.000, 0.000, 0.100, 10
train,    2032, 17.247436,    9, 0.00,    4, 0.000, 0.000, 0.100, 10
train,    2033, 8.936342,   12, 0.00,    6, 0.000, 0.000, 0.100, 10
train,    2034, -5.206079,   85, 1.00,   38, 0.000, 0.000, 0.100, 10
train,    2035, -9.552564,    6, 1.00,    4, 0.000, 0.000, 0.100, 10
train,    2036, -6.239979,    8, 1.00,    1, 0.000, 0.000, 0.100, 10
train,    2037, -8.038462,    6, 1.00,    2, 0.000, 0.000, 0.100, 10
train,    2038, -14.292350,   10, 1.00,    2, 0.000, 0.000, 0.100, 10
train,    2039, -10.786538,    2, 1.00,    1, 0.000, 0.000, 0.100, 10
train,    2040, 12.142788,   13, 0.00,    5, 0.000, 0.000, 0.100, 10
train,    2041, -10.192308,    2, 1.00,    0, 0.000, 0.000, 0.100, 10
train,    2042, -8.506261,    5, 1.00,    2, 0.000, 0.000, 0.100, 10
train,    2043, -10.786538,    2, 1.00,    1, 0.000, 0.000, 0.100, 10
train,    2044, -10.043091,    8, 1.00,    5, 0.000, 0.000, 0.100, 10
train,    2045, -36.434651,   30, 0.00,    9, 0.000, 0.000, 0.100, 10
train,    2046, -21.524894,   13, 1.00,    4, 0.000, 0.000, 0.100, 10
train,    2047, -49.295821,   16, 1.00,    6, 0.000, 0.000, 0.100, 10
train,    2048, -11.876123,    3, 1.00,    2, 0.000, 0.000, 0.100, 10
train,    2049, -25.325184,    8, 1.00,    3, 0.000, 0.000, 0.100, 10
val,      2049, 13.797337, 0.4000,  33.0000,   0.0000, 0.4000,   7.7225
train,    2050, 17.674359,   11, 0.00,    5, 0.000, 0.000, 0.100, 10
train,    2051, -6.521030,    9, 1.00,    3, 0.000, 0.000, 0.100, 10
train,    2052, -16.795541,    8, 1.00,    2, 0.000, 0.000, 0.100, 10
train,    2053, -22.649660,    8, 1.00,    5, 0.000, 0.000, 0.100, 10
train,    2054, 17.428205,   13, 0.00,    7, 0.000, 0.000, 0.100, 10
train,    2055, -9.031410,    7, 1.00,    4, 0.000, 0.000, 0.100, 10
train,    2056, 18.832692,   10, 0.00,    2, 0.000, 0.000, 0.100, 10
train,    2057, 17.585256,   10, 0.00,    4, 0.000, 0.000, 0.100, 10
train,    2058, -29.369975,   56, 1.00,   19, 0.000, 0.000, 0.100, 10
update,   2058,   64,  521, -11.070653, 0.000000
train,    2059, -10.192308,    2, 1.00,    0, 0.000, 0.000, 0.100, 10
train,    2060, -7.255128,    6, 1.00,    3, 0.000, 0.000, 0.100, 10
train,    2061, 9.894906,   18, 0.00,    7, 0.000, 0.000, 0.100, 10
train,    2062, -10.192308,    2, 1.00,    0, 0.000, 0.000, 0.100, 10
train,    2063, -6.121154,    6, 1.00,    0, 0.000, 0.000, 0.100, 10
train,    2064, -10.786538,    2, 1.00,    1, 0.000, 0.000, 0.100, 10
train,    2065, 16.539744,    9, 0.00,    5, 0.000, 0.000, 0.100, 10
train,    2066, -51.391238,   17, 1.00,    4, 0.000, 0.000, 0.100, 10
train,    2067, -8.915385,    4, 1.00,    1, 0.000, 0.000, 0.100, 10
train,    2068, -10.014815,    5, 1.00,    2, 0.000, 0.000, 0.100, 10
train,    2069, -15.536064,   14, 1.00,    4, 0.000, 0.000, 0.100, 10
train,    2070, -74.369200,   61, 1.00,   25, 0.000, 0.000, 0.100, 10
train,    2071, 18.946154,   10, 0.00,    3, 0.000, 0.000, 0.100, 10
train,    2072, -6.057692,    6, 1.00,    1, 0.000, 0.000, 0.100, 10
train,    2073, -9.619231,    6, 1.00,    4, 0.000, 0.000, 0.100, 10
train,    2074, 20.046154,   12, 0.00,    2, 0.000, 0.000, 0.100, 10
val,      2074, 4.038271, 0.6000,  10.4000,   0.0000, 0.4000,   7.5682
train,    2075, -46.476199,   48, 1.00,   16, 0.000, 0.000, 0.100, 10
train,    2076, 16.210897,    9, 0.00,    5, 0.000, 0.000, 0.100, 10
train,    2077, -59.802390,   15, 1.00,    7, 0.000, 0.000, 0.100, 10
train,    2078, -8.953846,    6, 1.00,    3, 0.000, 0.000, 0.100, 10
train,    2079, -7.247436,    6, 1.00,    2, 0.000, 0.000, 0.100, 10
train,    2080, 7.875778,   16, 0.00,    7, 0.000, 0.000, 0.100, 10
train,    2081, -90.273691,   29, 1.00,   15, 0.000, 0.000, 0.100, 10
train,    2082, -65.144120,   90, 0.00,   39, 0.000, 0.000, 0.100, 10
train,    2083, 17.642949,    9, 0.00,    4, 0.000, 0.000, 0.100, 10
train,    2084, 1.294125,   31, 1.00,   11, 0.000, 0.000, 0.100, 10
train,    2085, -10.620682,    3, 1.00,    1, 0.000, 0.000, 0.100, 10
train,    2086, -5.792308,    6, 1.00,    0, 0.000, 0.000, 0.100, 10
train,    2087, -8.471549,    7, 1.00,    2, 0.000, 0.000, 0.100, 10
train,    2088, -9.410748,    4, 1.00,    2, 0.000, 0.000, 0.100, 10
train,    2089, -10.457692,    2, 1.00,    1, 0.000, 0.000, 0.100, 10
train,    2090, -17.592530,    9, 1.00,    3, 0.000, 0.000, 0.100, 10
train,    2091, 16.786538,   10, 0.00,    5, 0.000, 0.000, 0.100, 10
train,    2092, 15.941026,    9, 0.00,    6, 0.000, 0.000, 0.100, 10
train,    2093, -6.350641,    7, 1.00,    3, 0.000, 0.000, 0.100, 10
train,    2094, -57.598835,   31, 1.00,   19, 0.000, 0.000, 0.100, 10
update,   2094,   65,  527, -18.744299, 0.000000
train,    2095, -7.301923,    6, 1.00,    2, 0.000, 0.000, 0.100, 10
train,    2096, -13.797933,    8, 1.00,    5, 0.000, 0.000, 0.100, 10
train,    2097, -54.867166,   18, 1.00,   10, 0.000, 0.000, 0.100, 10
train,    2098, -4.072371,   15, 0.00,    5, 0.000, 0.000, 0.100, 10
train,    2099, 16.144681,   11, 0.00,    4, 0.000, 0.000, 0.100, 10
val,      2099, -4.150092, 0.8000,   3.6000,   0.0000, 0.2000,  12.3047
train,    2100, -10.521154,    2, 1.00,    0, 0.000, 0.000, 0.100, 10
train,    2101, 5.519481,   16, 0.00,    7, 0.000, 0.000, 0.100, 10
train,    2102, 18.085256,   10, 0.00,    4, 0.000, 0.000, 0.100, 10
train,    2103, -21.902962,   13, 1.00,    6, 0.000, 0.000, 0.100, 10
train,    2104, -122.710906,   90, 0.00,   41, 0.000, 0.000, 0.100, 10
train,    2105, 15.051984,   14, 0.00,    4, 0.000, 0.000, 0.100, 10
train,    2106, 17.388462,    9, 0.00,    4, 0.000, 0.000, 0.100, 10
train,    2107, -8.915385,    4, 1.00,    1, 0.000, 0.000, 0.100, 10
train,    2108, -10.192308,    2, 1.00,    0, 0.000, 0.000, 0.100, 10
train,    2109, -8.586538,    4, 1.00,    1, 0.000, 0.000, 0.100, 10
train,    2110, -7.227106,    9, 1.00,    4, 0.000, 0.000, 0.100, 10
train,    2111, -10.192308,    2, 1.00,    0, 0.000, 0.000, 0.100, 10
train,    2112, -40.954582,   19, 1.00,    6, 0.000, 0.000, 0.100, 10
train,    2113, -135.713728,   90, 0.00,   35, 0.000, 0.000, 0.100, 10
train,    2114, -7.555769,    8, 1.00,    5, 0.000, 0.000, 0.100, 10
train,    2115, -36.534754,   71, 1.00,   28, 0.000, 0.000, 0.100, 10
train,    2116, -10.457692,    2, 1.00,    1, 0.000, 0.000, 0.100, 10
train,    2117, 18.308333,    9, 0.00,    3, 0.000, 0.000, 0.100, 10
train,    2118, -8.503846,    6, 1.00,    3, 0.000, 0.000, 0.100, 10
train,    2119, -6.589744,    6, 1.00,    2, 0.000, 0.000, 0.100, 10
train,    2120, -11.514254,    3, 1.00,    1, 0.000, 0.000, 0.100, 10
train,    2121, 17.717949,   12, 0.00,    6, 0.000, 0.000, 0.100, 10
train,    2122, 9.630833,   15, 0.00,    8, 0.000, 0.000, 0.100, 10
train,    2123, -6.973077,    6, 1.00,    2, 0.000, 0.000, 0.100, 10
train,    2124, -10.521154,    2, 1.00,    0, 0.000, 0.000, 0.100, 10
val,      2124, 3.341538, 0.6000,   6.4000,   0.0000, 0.4000,  13.8913
train,    2125, -9.059615,    5, 1.00,    2, 0.000, 0.000, 0.100, 10
train,    2126, -10.429487,    4, 1.00,    3, 0.000, 0.000, 0.100, 10
train,    2127, -100.840532,   90, 0.00,   37, 0.000, 0.000, 0.100, 10
update,   2127,   66,  581, -24.041365, 0.000000
train,    2128, 18.278213,   15, 0.00,    6, 0.000, 0.000, 0.100, 10
train,    2129, 6.768952,   16, 0.00,    6, 0.000, 0.000, 0.100, 10
train,    2130, -23.069429,    9, 1.00,    5, 0.000, 0.000, 0.100, 10
train,    2131, -193.329292,   86, 1.00,   29, 0.000, 0.000, 0.100, 10
train,    2132, -5.944231,    7, 1.00,    1, 0.000, 0.000, 0.100, 10
train,    2133, -10.521154,    2, 1.00,    0, 0.000, 0.000, 0.100, 10
train,    2134, 9.919096,   13, 0.00,    5, 0.000, 0.000, 0.100, 10
train,    2135, -34.464027,   90, 0.00,   37, 0.000, 0.000, 0.100, 10
train,    2136, -12.442988,    8, 1.00,    3, 0.000, 0.000, 0.100, 10
train,    2137, -10.457692,    2, 1.00,    1, 0.000, 0.000, 0.100, 10
train,    2138, 12.301243,   15, 0.00,    4, 0.000, 0.000, 0.100, 10
train,    2139, -3.394231,   10, 1.00,    1, 0.000, 0.000, 0.100, 10
train,    2140, -9.155353,    9, 1.00,    5, 0.000, 0.000, 0.100, 10
train,    2141, -10.786538,    2, 1.00,    1, 0.000, 0.000, 0.100, 10
train,    2142, -8.531410,    7, 1.00,    4, 0.000, 0.000, 0.100, 10
train,    2143, -12.151434,    5, 1.00,    4, 0.000, 0.000, 0.100, 10
train,    2144, -10.786538,    2, 1.00,    1, 0.000, 0.000, 0.100, 10
train,    2145, -8.257692,    4, 1.00,    1, 0.000, 0.000, 0.100, 10
train,    2146, 17.389103,   12, 0.00,    6, 0.000, 0.000, 0.100, 10
train,    2147, 17.392949,    9, 0.00,    4, 0.000, 0.000, 0.100, 10
train,    2148, -52.123792,   46, 1.00,   20, 0.000, 0.000, 0.100, 10
train,    2149, -31.649485,   19, 1.00,    5, 0.000, 0.000, 0.100, 10
val,      2149, 9.032057, 0.4000,   7.4000,   0.0000, 0.6000,  14.7779
train,    2150, -16.754160,    9, 1.00,    4, 0.000, 0.000, 0.100, 10
train,    2151, -55.291427,   21, 1.00,    4, 0.000, 0.000, 0.100, 10
train,    2152, -8.097668,    7, 1.00,    3, 0.000, 0.000, 0.100, 10
train,    2153, -12.118446,    7, 1.00,    3, 0.000, 0.000, 0.100, 10
train,    2154, -41.062677,   90, 0.00,   37, 0.000, 0.000, 0.100, 10
update,   2154,   67,  522, -25.414946, 0.000000
train,    2155, 18.555769,    9, 0.00,    1, 0.000, 0.000, 0.100, 10
train,    2156, -12.474040,    3, 1.00,    2, 0.000, 0.000, 0.100, 10
train,    2157, -49.083946,   18, 1.00,    8, 0.000, 0.000, 0.100, 10
train,    2158, -10.798441,    3, 1.00,    1, 0.000, 0.000, 0.100, 10
train,    2159, -52.507863,   90, 0.00,   35, 0.000, 0.000, 0.100, 10
train,    2160, 17.432051,   11, 0.00,    4, 0.000, 0.000, 0.100, 10
train,    2161, -8.382692,    6, 1.00,    4, 0.000, 0.000, 0.100, 10
train,    2162, -10.192308,    2, 1.00,    0, 0.000, 0.000, 0.100, 10
train,    2163, -81.943143,   29, 1.00,   17, 0.000, 0.000, 0.100, 10
train,    2164, -19.640405,    9, 1.00,    8, 0.000, 0.000, 0.100, 10
train,    2165, -10.192308,    2, 1.00,    0, 0.000, 0.000, 0.100, 10
train,    2166, -6.303846,    8, 1.00,    3, 0.000, 0.000, 0.100, 10
train,    2167, -27.924292,   36, 1.00,   10, 0.000, 0.000, 0.100, 10
train,    2168, -53.337475,   21, 1.00,    7, 0.000, 0.000, 0.100, 10
train,    2169, 18.164103,   10, 0.00,    4, 0.000, 0.000, 0.100, 10
train,    2170, -10.786538,    2, 1.00,    1, 0.000, 0.000, 0.100, 10
train,    2171, -8.514655,    6, 1.00,    4, 0.000, 0.000, 0.100, 10
train,    2172, -73.582219,   90, 0.00,   38, 0.000, 0.000, 0.100, 10
train,    2173, -73.086406,   90, 0.00,   35, 0.000, 0.000, 0.100, 10
train,    2174, -121.313746,   90, 0.00,   35, 0.000, 0.000, 0.100, 10
update,   2174,   68,  535, -29.568220, -0.000000
val,      2174, 12.943846, 0.2000,   7.4000,   1.8000, 0.8000,  14.9990
train,    2175, 15.506410,    8, 0.00,    5, 0.000, 0.000, 0.100, 10
train,    2176, -23.230019,    8, 1.00,    4, 0.000, 0.000, 0.100, 10
