init,     2026-03-30 15:43:02.965371
arguments,Namespace(PPO_epochs=4, adv_norm=1, alg='ppo', cuda=0, curriculum_clean_ratio=0.8, curriculum_entropy_decay=0.9, curriculum_mode='adaptive', curriculum_noise_step=0.02, curriculum_patience=2, entropy=0.1, entropy_min=0.1, eps_clip=0.15, gae_lambda=0.97, gamma=0.995, grad_clip=0.5, gymip_train_xml='inverted_pendulum_ChangeThk_0.050000.xml', hid_group_num=8, hid_group_size=8, hidden_num=64, ignore_checkpoint=True, lane_profile='auto', lr=0.0005, max_noise=0.08, mini_batch_size=128, model='rwtaspk', monitor_time=False, optimizer='rmsprop', rep=11, response_window=40, reward_scale=1.0, road_scenario='roundabout', rollout_steps=512, rwta_del_connection='none', seed=13, snn_num_steps=15, task='gymip', thread=2, traffic_level='standard', train_num=3000)
seed,     13
model_dir,/root/autodl-tmp/SVPG2023/LANE/log_model/roundabout
profile,  lane auto-stabilize: lr->0.0005, gamma->0.995, PPO_epochs->4, eps_clip->0.15, rollout_steps->512, mini_batch_size->128, gae_lambda->0.97, grad_clip->0.5, curriculum_clean_ratio->0.8, max_noise->0.08, curriculum_noise_step->0.02
train,    1, -17.704568,   20, 1.00,    8, 0.000, 0.000, 0.100,  8
train,    2, -4.950022,   11, 1.00,   13, 0.000, 0.000, 0.100,  8
train,    3, -56.499303,   13, 0.00,   11, 0.000, 0.000, 0.100,  8
train,    4, -22.878681,   21, 0.00,   11, 0.000, 0.000, 0.100,  8
train,    5, -5.803604,    2, 1.00,   13, 0.000, 0.000, 0.100,  8
train,    6, -87.620675,    5, 1.00,   10, 0.000, 0.000, 0.100,  8
train,    7, -92.731222,   20, 1.00,   12, 0.000, 0.000, 0.100,  8
train,    8, -35.711828,   12, 1.00,   13, 0.000, 0.000, 0.100,  9
train,    9, -29.045943,    7, 1.00,   12, 0.000, 0.000, 0.100,  9
train,    10, -114.512354,   25, 1.00,    9, 0.000, 0.000, 0.100,  9
train,    11, -35.939143,    7, 0.00,   15, 0.000, 0.000, 0.100,  9
train,    12, -78.009624,   10, 1.00,   13, 0.000, 0.000, 0.100,  9
train,    13, -102.429352,   13, 1.00,   14, 0.000, 0.000, 0.100,  9
train,    14, -68.028209,    5, 0.00,   11, 0.000, 0.000, 0.100,  9
train,    15, -17.847457,    7, 1.00,   14, 0.000, 0.000, 0.100,  9
train,    16, -81.578537,    2, 1.00,    9, 0.000, 0.000, 0.100,  9
train,    17, -70.514422,    2, 1.00,   13, 0.000, 0.000, 0.100,  9
train,    18, -87.851554,    3, 1.00,   14, 0.000, 0.000, 0.100,  9
train,    19, -5.109276,   18, 0.00,   14, 0.000, 0.000, 0.100,  9
train,    20, -109.413901,   15, 1.00,   11, 0.000, 0.000, 0.100,  9
train,    21, -82.521746,    2, 1.00,   11, 0.000, 0.000, 0.100,  9
train,    22, -88.563509,    2, 1.00,   14, 0.000, 0.000, 0.100,  9
train,    23, -32.028106,   12, 1.00,   11, 0.000, 0.000, 0.100,  9
train,    24, -39.072878,    2, 0.00,   11, 0.000, 0.000, 0.100, 10
val_save,      24, 7.142058, 0.6796,   3.0000,   8.0999, 0.2836,   8.5711
train,    25, -54.990240,   10, 1.00,   11, 0.000, 0.000, 0.100, 10
train,    26, -37.352184,    2, 1.00,   13, 0.000, 0.000, 0.100, 10
train,    27, -2.266250,    8, 0.00,   14, 0.000, 0.000, 0.100, 10
train,    28, -13.148145,    8, 1.00,   14, 0.000, 0.000, 0.100, 10
train,    29, 4.017764,    2, 0.00,   12, 0.000, 0.000, 0.100, 10
train,    30, 46.491347,    6, 1.00,   13, 0.000, 0.000, 0.100, 10
train,    31, -10.492481,    3, 0.00,   11, 0.000, 0.000, 0.100, 10
train,    32, 35.447261,    2, 1.00,    8, 0.000, 0.000, 0.100, 10
train,    33, -11.175616,   11, 1.00,   10, 0.000, 0.000, 0.100, 10
train,    34, 41.687090,    5, 0.00,   12, 0.000, 0.000, 0.100, 10
train,    35, 58.686671,    7, 1.00,   11, 0.000, 0.000, 0.100, 10
train,    36, 57.563416,    2, 1.00,    9, 0.000, 0.000, 0.100, 10
train,    37, 97.300900,    2, 1.00,    9, 0.000, 0.000, 0.100, 10
train,    38, 19.883951,    2, 1.00,    6, 0.000, 0.000, 0.100, 10
train,    39, 56.819710,    7, 1.00,    8, 0.000, 0.000, 0.100, 10
train,    40, 115.000000,   14, 1.00,    9, 0.000, 0.000, 0.100, 10
update,   40,    1,  488, 0.214071, 0.000000
train,    41, 54.678977,    2, 0.00,    8, 0.000, 0.000, 0.100, 10
train,    42, 74.832894,    2, 1.00,    9, 0.000, 0.000, 0.100, 10
train,    43, 103.241889,    2, 1.00,    6, 0.000, 0.000, 0.100, 11
train,    44, 15.030892,    2, 1.00,    8, 0.000, 0.000, 0.100, 11
train,    45, 76.386109,    2, 1.00,    8, 0.000, 0.000, 0.100, 11
train,    46, 108.863822,   14, 1.00,    3, 0.000, 0.000, 0.100, 11
train,    47, 106.036122,    2, 1.00,    6, 0.000, 0.000, 0.100, 11
train,    48, 40.544689,    2, 0.00,    5, 0.000, 0.000, 0.100, 11
train,    49, 83.685325,    7, 1.00,    2, 0.000, 0.000, 0.100, 11
val,      49, -14.433870, 0.7943,   3.0000,   8.7770, 0.1421,   7.6874
train,    50, 19.601672,    2, 1.00,    3, 0.000, 0.000, 0.100, 11
curriculum,noise_cap 0.0000 -> 0.0200, entropy 0.1000 -> 0.1000
train,    51, 76.422261,    2, 1.00,    2, 0.000, 0.020, 0.100, 11
train,    52, -42.295446,    2, 0.00,    7, 0.000, 0.020, 0.100, 11
train,    53, 35.124699,    2, 1.00,    4, 0.000, 0.020, 0.100, 11
train,    54, 37.932121,    2, 0.00,    4, 0.000, 0.020, 0.100, 11
train,    55, 6.934041,    2, 0.00,    2, 0.000, 0.020, 0.100, 11
train,    56, 30.649264,    2, 1.00,    1, 0.000, 0.020, 0.100, 11
train,    57, 14.812361,   10, 0.00,    7, 0.000, 0.020, 0.100, 11
train,    58, 42.114406,    2, 1.00,    2, 0.000, 0.020, 0.100, 11
train,    59, 73.509822,    3, 1.00,    1, 0.000, 0.020, 0.100, 11
train,    60, -43.582690,    2, 1.00,    2, 0.000, 0.020, 0.100, 11
train,    61, 71.414933,    7, 1.00,    4, 0.000, 0.020, 0.100, 11
train,    62, -10.607564,    2, 0.00,    0, 0.000, 0.020, 0.100, 11
train,    63, -51.867270,    2, 1.00,    0, 0.000, 0.020, 0.100, 11
train,    64, 41.352132,    2, 0.00,    2, 0.000, 0.020, 0.100, 11
train,    65, 33.874074,    2, 1.00,    3, 0.000, 0.020, 0.100, 11
train,    66, -40.496583,    2, 0.00,    3, 0.000, 0.020, 0.100, 11
train,    67, -23.510482,    2, 1.00,    5, 0.000, 0.020, 0.100, 11
train,    68, -4.418140,   11, 1.00,    1, 0.000, 0.020, 0.100, 11
train,    69, 9.591529,    2, 1.00,    1, 0.000, 0.020, 0.100, 11
train,    70, 11.516541,   10, 0.00,    0, 0.000, 0.020, 0.100, 11
train,    71, 4.245250,    2, 1.00,    1, 0.000, 0.020, 0.100, 11
train,    72, -4.307647,    2, 1.00,    2, 0.000, 0.020, 0.100, 11
train,    73, -113.327745,    9, 0.00,    0, 0.000, 0.020, 0.100, 11
train,    74, -78.920778,   18, 1.00,    0, 0.000, 0.020, 0.100, 11
val,      74, -17.787128, 1.0000,   3.0000,   7.6416, 0.2404,   8.5309
train,    75, -60.322744,   17, 1.00,    4, 0.000, 0.020, 0.100, 11
train,    76, -93.960248,    6, 1.00,    2, 0.000, 0.020, 0.100, 11
train,    77, -14.392178,   14, 1.00,    2, 0.000, 0.020, 0.100, 11
train,    78, -116.951081,    4, 1.00,    3, 0.000, 0.020, 0.100, 11
train,    79, -71.638278,    5, 1.00,    4, 0.000, 0.020, 0.100, 11
train,    80, -96.507712,   30, 1.00,    1, 0.000, 0.020, 0.100, 11
update,   80,    2,  540, -7.763495, 0.000000
train,    81, -79.368284,   27, 0.00,    4, 0.000, 0.020, 0.100, 11
train,    82, -93.312339,   14, 1.00,    2, 0.000, 0.020, 0.100, 11
train,    83, -118.210279,   25, 1.00,    4, 0.000, 0.020, 0.100, 11
train,    84, -111.501894,    4, 1.00,    4, 0.000, 0.020, 0.100, 11
train,    85, -61.010869,    8, 1.00,    6, 0.000, 0.020, 0.100, 11
train,    86, -97.230465,   10, 1.00,    5, 0.000, 0.020, 0.100, 11
train,    87, -137.552423,   11, 0.00,    4, 0.000, 0.020, 0.100, 11
train,    88, -138.277827,   17, 1.00,    6, 0.000, 0.020, 0.100, 11
train,    89, -109.420134,   32, 1.00,    9, 0.000, 0.020, 0.100, 11
train,    90, -45.076292,   18, 0.00,    6, 0.000, 0.020, 0.100, 11
train,    91, -114.052784,   17, 0.00,    5, 0.000, 0.020, 0.100, 11
train,    92, -71.576479,   22, 1.00,    5, 0.000, 0.020, 0.100, 11
train,    93, -125.937052,   12, 0.00,   10, 0.000, 0.020, 0.100, 11
train,    94, -46.703775,   29, 1.00,    9, 0.000, 0.020, 0.100, 11
train,    95, -81.138620,   22, 1.00,    4, 0.000, 0.020, 0.100, 11
train,    96, -63.766479,   21, 1.00,    5, 0.000, 0.020, 0.100, 11
train,    97, -39.078987,   23, 1.00,   10, 0.000, 0.020, 0.100, 11
train,    98, -47.258083,   22, 1.00,    9, 0.000, 0.020, 0.100, 11
train,    99, -37.778226,   22, 0.00,   10, 0.000, 0.020, 0.100, 11
val,      99, 8.355073, 0.7267,   3.0000,   7.5975, 0.2108,   7.5571
train,    100, -42.805614,   27, 1.00,   12, 0.000, 0.020, 0.100, 11
train,    101, 8.804852,   24, 0.00,   12, 0.000, 0.020, 0.100, 11
train,    102, 25.442418,   18, 1.00,   13, 0.000, 0.020, 0.100, 11
train,    103, 53.769352,   31, 1.00,   12, 0.000, 0.020, 0.100, 11
train,    104, 15.709207,   23, 1.00,   11, 0.000, 0.020, 0.100, 11
train,    105, 31.229188,   30, 1.00,   12, 0.000, 0.020, 0.100, 11
train,    106, -45.102914,   19, 1.00,   13, 0.000, 0.020, 0.100, 11
train,    107, -32.998720,   34, 0.00,    9, 0.000, 0.020, 0.100, 11
train,    108, -8.131383,    7, 0.00,   15, 0.000, 0.020, 0.100, 11
train,    109, 57.037508,   29, 1.00,   11, 0.000, 0.020, 0.100, 11
train,    110, 16.496156,   24, 0.00,   13, 0.000, 0.020, 0.100, 11
train,    111, 24.694666,   18, 1.00,   15, 0.000, 0.020, 0.100, 11
train,    112, 46.672884,   23, 1.00,    8, 0.000, 0.020, 0.100, 11
train,    113, 33.772650,   15, 1.00,   12, 0.000, 0.020, 0.100, 11
train,    114, -15.589834,   18, 1.00,   14, 0.000, 0.020, 0.100, 11
train,    115, -35.187433,   36, 1.00,   16, 0.000, 0.020, 0.100, 11
train,    116, -8.063719,   24, 0.00,   13, 0.000, 0.020, 0.100, 11
train,    117, -71.084942,   20, 1.00,   13, 0.000, 0.020, 0.100, 11
train,    118, -26.687168,   14, 0.00,   16, 0.000, 0.020, 0.100, 11
train,    119, -20.707217,   13, 0.00,   13, 0.000, 0.020, 0.100, 11
train,    120, -3.660438,   26, 1.00,   10, 0.000, 0.020, 0.100, 11
update,   120,    3,  551, -17.943467, 0.000000
train,    121, -17.634523,    3, 1.00,    9, 0.000, 0.020, 0.100, 11
train,    122, -42.857305,   12, 0.00,   13, 0.000, 0.020, 0.100, 11
train,    123, -9.343191,   16, 1.00,   14, 0.000, 0.020, 0.100, 11
train,    124, -30.876119,   14, 0.00,    7, 0.000, 0.020, 0.100, 11
val_save,      124, 34.365964, 1.0000,   3.0000,   7.1050, 0.1983,   7.2147
train,    125, -35.480174,   11, 1.00,   13, 0.000, 0.020, 0.100, 11
curriculum,noise_cap 0.0200 -> 0.0400, entropy 0.1000 -> 0.1000
train,    126, -40.140951,   12, 1.00,   10, 0.000, 0.040, 0.100, 11
train,    127, -25.363506,   17, 1.00,   11, 0.000, 0.040, 0.100, 10
train,    128, 24.029839,    5, 1.00,    7, 0.000, 0.040, 0.100, 10
train,    129, -0.619335,   15, 1.00,    9, 0.000, 0.040, 0.100, 10
train,    130, -113.088163,    9, 0.00,   13, 0.000, 0.040, 0.100, 10
train,    131, 11.113694,    8, 1.00,   10, 0.000, 0.040, 0.100, 10
train,    132, -45.743817,   20, 1.00,   11, 0.000, 0.040, 0.100, 10
train,    133, -41.238014,   19, 1.00,    8, 0.000, 0.040, 0.100, 10
train,    134, -97.801903,   14, 1.00,   12, 0.000, 0.040, 0.100, 10
train,    135, -61.666705,   16, 0.00,    9, 0.000, 0.040, 0.100, 10
train,    136, -57.436755,   11, 1.00,    8, 0.000, 0.040, 0.100, 10
train,    137, -44.554419,    6, 1.00,    8, 0.000, 0.040, 0.100, 10
train,    138, -94.495243,   17, 1.00,   10, 0.000, 0.040, 0.100, 10
train,    139, -47.248288,    8, 1.00,   10, 0.000, 0.040, 0.100, 10
train,    140, -59.057124,   10, 1.00,    8, 0.000, 0.040, 0.100, 10
train,    141, -30.780326,    2, 1.00,   10, 0.000, 0.040, 0.100, 10
train,    142, -59.399721,   11, 1.00,    8, 0.000, 0.040, 0.100, 10
train,    143, -74.369977,    5, 0.00,   10, 0.000, 0.040, 0.100, 10
train,    144, -70.105203,    2, 1.00,   11, 0.000, 0.040, 0.100, 10
train,    145, -112.043188,    2, 1.00,   10, 0.000, 0.040, 0.100, 10
train,    146, -91.737031,    9, 0.00,    6, 0.000, 0.040, 0.100, 10
train,    147, -96.217521,    2, 0.00,    3, 0.000, 0.040, 0.100,  9
train,    148, -170.000000,    9, 0.00,    4, 0.000, 0.040, 0.100,  9
train,    149, -91.383917,   12, 1.00,    7, 0.000, 0.040, 0.100,  9
val,      149, 54.450272, 0.5272,   3.0439,   7.7072, 0.0540,   8.4038
train,    150, -136.266435,    5, 0.00,    4, 0.000, 0.040, 0.100,  9
train,    151, -102.533508,   17, 1.00,    4, 0.000, 0.040, 0.100,  9
train,    152, -100.135063,    2, 1.00,    7, 0.000, 0.040, 0.100,  9
train,    153, -86.325596,    2, 0.00,    3, 0.000, 0.040, 0.100,  9
train,    154, -153.096603,    2, 1.00,    2, 0.000, 0.040, 0.100,  9
train,    155, -106.017744,    2, 1.00,    4, 0.000, 0.040, 0.100,  9
train,    156, -143.534701,    3, 1.00,    3, 0.000, 0.040, 0.100,  9
train,    157, -103.002922,   10, 1.00,    2, 0.000, 0.040, 0.100,  9
train,    158, -58.748130,   14, 1.00,    4, 0.000, 0.040, 0.100,  9
train,    159, -78.483103,    2, 0.00,    2, 0.000, 0.040, 0.100,  9
train,    160, -36.288331,    2, 0.00,    0, 0.000, 0.040, 0.100,  9
update,   160,    4,  560, -14.376389, 0.000000
train,    161, -35.297772,   14, 1.00,    2, 0.000, 0.040, 0.100,  9
train,    162, -69.108897,    2, 1.00,    2, 0.000, 0.040, 0.100,  9
train,    163, -8.256046,    2, 1.00,    2, 0.000, 0.040, 0.100,  9
train,    164, -91.014164,    7, 1.00,    3, 0.000, 0.040, 0.100,  9
train,    165, 54.578887,    2, 1.00,    2, 0.000, 0.040, 0.100,  9
train,    166, 19.731711,    2, 0.00,    0, 0.000, 0.040, 0.100,  8
train,    167, 63.444346,   14, 1.00,    2, 0.000, 0.040, 0.100,  8
train,    168, 2.211405,    3, 0.00,    2, 0.000, 0.040, 0.100,  8
train,    169, 39.102105,   11, 1.00,    0, 0.000, 0.040, 0.100,  8
train,    170, 55.869829,   19, 0.00,    1, 0.000, 0.040, 0.100,  8
train,    171, 109.156490,    2, 1.00,    1, 0.000, 0.040, 0.100,  8
train,    172, 61.541613,    2, 1.00,    0, 0.000, 0.040, 0.100,  8
train,    173, 115.000000,    3, 1.00,    1, 0.000, 0.040, 0.100,  8
train,    174, 104.448581,    3, 1.00,    2, 0.000, 0.040, 0.100,  8
val,      174, -0.504160, 0.7303,  37.9858,   7.3268, 0.2204,   6.5000
train,    175, 29.766431,   19, 1.00,    1, 0.000, 0.040, 0.100,  8
train,    176, -5.968345,   15, 0.00,    1, 0.000, 0.040, 0.100,  8
train,    177, 41.432532,    3, 1.00,    3, 0.000, 0.040, 0.100,  8
train,    178, 15.656205,    2, 1.00,    0, 0.000, 0.040, 0.100,  8
train,    179, 10.121324,   21, 1.00,    2, 0.000, 0.040, 0.100,  8
train,    180, 115.000000,   12, 0.00,    4, 0.000, 0.040, 0.100,  8
train,    181, 83.328895,    4, 0.00,    6, 0.000, 0.040, 0.100,  8
train,    182, 45.702344,   10, 1.00,    2, 0.000, 0.040, 0.100,  8
train,    183, 97.250983,   17, 1.00,    2, 0.000, 0.040, 0.100,  8
train,    184, 65.211802,    8, 1.00,    2, 0.000, 0.040, 0.100,  8
train,    185, 13.983966,    6, 1.00,    7, 0.000, 0.040, 0.100,  8
train,    186, 33.256266,   13, 0.00,    6, 0.000, 0.040, 0.100,  8
train,    187, 69.576915,    2, 0.00,    4, 0.000, 0.040, 0.100,  8
train,    188, 51.962178,   15, 0.00,    2, 0.000, 0.040, 0.100,  8
train,    189, 94.039326,   10, 1.00,    9, 0.000, 0.040, 0.100,  8
train,    190, 68.473547,   25, 1.00,    6, 0.000, 0.040, 0.100,  8
train,    191, 18.170316,   22, 1.00,   11, 0.000, 0.040, 0.100,  8
train,    192, 54.219364,   12, 1.00,    5, 0.000, 0.040, 0.100,  8
train,    193, 4.508679,   20, 1.00,   10, 0.000, 0.040, 0.100,  8
train,    194, 6.859903,   11, 0.00,    7, 0.000, 0.040, 0.100,  8
train,    195, -0.237671,   24, 1.00,    8, 0.000, 0.040, 0.100,  8
train,    196, 12.913719,   10, 1.00,   10, 0.000, 0.040, 0.100,  8
train,    197, 57.485516,   16, 0.00,   10, 0.000, 0.040, 0.100,  8
train,    198, 7.638190,   11, 1.00,    7, 0.000, 0.040, 0.100,  8
train,    199, -16.678071,   17, 0.00,   11, 0.000, 0.040, 0.100,  8
val,      199, -40.533852, 0.6840,  13.3820,   6.5404, 0.2554,   7.6735
train,    200, 17.024051,   28, 1.00,    8, 0.000, 0.040, 0.100,  8
update,   200,    5,  576, -9.298807, 0.000000
train,    201, 87.917778,    8, 1.00,    6, 0.000, 0.040, 0.100,  8
train,    202, -55.819882,    8, 1.00,   11, 0.000, 0.040, 0.100,  8
train,    203, 9.367474,   29, 1.00,   11, 0.000, 0.040, 0.100,  8
train,    204, -35.707359,   18, 1.00,   13, 0.000, 0.040, 0.100,  8
train,    205, 20.642530,   38, 1.00,   11, 0.000, 0.040, 0.100,  8
train,    206, 16.512050,   32, 1.00,   12, 0.000, 0.040, 0.100,  8
train,    207, 12.413221,   22, 1.00,   16, 0.000, 0.040, 0.100,  8
train,    208, -22.533951,   35, 1.00,   10, 0.000, 0.040, 0.100,  8
train,    209, -25.473955,   17, 1.00,   11, 0.000, 0.040, 0.100,  8
train,    210, -13.710051,   26, 0.00,   12, 0.000, 0.040, 0.100,  8
train,    211, -53.932141,   14, 1.00,   15, 0.000, 0.040, 0.100,  8
train,    212, -30.920680,   18, 0.00,   13, 0.000, 0.040, 0.100,  8
train,    213, -99.394627,   14, 1.00,   14, 0.000, 0.040, 0.100,  8
train,    214, -106.163734,   26, 1.00,   11, 0.000, 0.040, 0.100,  8
train,    215, -9.213965,    4, 1.00,   11, 0.000, 0.040, 0.100,  8
train,    216, -127.719098,   12, 0.00,   12, 0.000, 0.040, 0.100,  8
train,    217, -62.159201,   33, 1.00,   13, 0.000, 0.040, 0.100,  8
train,    218, -55.090367,   25, 1.00,   14, 0.000, 0.040, 0.100,  8
train,    219, 2.108250,   27, 1.00,   11, 0.000, 0.040, 0.100,  8
train,    220, -102.559369,   18, 1.00,    9, 0.000, 0.040, 0.100,  8
train,    221, -23.810290,   27, 0.00,   16, 0.000, 0.040, 0.100,  8
train,    222, -30.817101,   24, 1.00,   15, 0.000, 0.040, 0.100,  8
train,    223, -43.145611,   36, 1.00,   12, 0.000, 0.040, 0.100,  8
train,    224, -35.611794,   17, 1.00,   14, 0.000, 0.040, 0.100,  8
val_save,      224, -27.459298, 0.4188,  32.0106,   7.5399, 0.4365,   7.2884
train,    225, 24.541466,   21, 0.00,   11, 0.000, 0.040, 0.100,  8
curriculum,noise_cap 0.0400 -> 0.0600, entropy 0.1000 -> 0.1000
train,    226, -32.664814,   31, 0.00,   11, 0.000, 0.060, 0.100,  8
train,    227, 11.445325,   26, 1.00,   12, 0.000, 0.060, 0.100,  8
train,    228, -36.893991,   19, 0.00,   10, 0.000, 0.060, 0.100,  8
train,    229, 11.636980,   22, 1.00,   10, 0.000, 0.060, 0.100,  8
train,    230, 9.688931,   21, 0.00,    9, 0.000, 0.060, 0.100,  8
train,    231, 26.605802,   32, 1.00,   14, 0.000, 0.060, 0.100,  8
train,    232, 114.429476,   16, 1.00,    7, 0.000, 0.060, 0.100,  8
train,    233, 104.542336,   38, 0.00,   10, 0.000, 0.060, 0.100,  8
train,    234, 74.075256,   10, 0.00,   12, 0.000, 0.060, 0.100,  8
train,    235, 112.404670,    5, 1.00,    8, 0.000, 0.060, 0.100,  8
train,    236, -0.086013,    8, 1.00,    9, 0.000, 0.060, 0.100,  8
train,    237, 63.843374,    7, 0.00,    4, 0.000, 0.060, 0.100,  8
train,    238, 96.783018,   22, 0.00,   10, 0.000, 0.060, 0.100,  8
train,    239, 109.106191,   22, 0.00,    8, 0.000, 0.060, 0.100,  8
train,    240, 102.145464,    9, 1.00,   11, 0.000, 0.060, 0.100,  8
update,   240,    6,  581, 3.459365, 0.000000
train,    241, 60.216383,   18, 0.00,    4, 0.000, 0.060, 0.100,  8
train,    242, 60.658394,    2, 0.00,    5, 0.000, 0.060, 0.100,  8
train,    243, -7.773950,    4, 0.00,    7, 0.000, 0.060, 0.100,  8
train,    244, 97.897918,   12, 1.00,    5, 0.000, 0.060, 0.100,  8
train,    245, 66.019944,    2, 0.00,   11, 0.000, 0.060, 0.100,  8
train,    246, 114.701762,   16, 0.00,    7, 0.000, 0.060, 0.100,  8
train,    247, 86.096907,   18, 1.00,    9, 0.000, 0.060, 0.100,  8
train,    248, 115.000000,   17, 0.00,    5, 0.000, 0.060, 0.100,  8
train,    249, 98.948952,    2, 0.00,    4, 0.000, 0.060, 0.100,  8
val,      249, 17.180290, 0.6627,  24.6977,   7.4333, 0.2397,  10.0806
train,    250, 74.016172,    3, 0.00,    1, 0.000, 0.060, 0.100,  8
train,    251, 59.565322,    5, 1.00,    6, 0.000, 0.060, 0.100,  8
train,    252, 6.598258,    7, 1.00,    3, 0.000, 0.060, 0.100,  8
train,    253, 47.650408,   17, 0.00,    7, 0.000, 0.060, 0.100,  8
train,    254, 50.098296,   13, 1.00,    3, 0.000, 0.060, 0.100,  8
train,    255, 8.697678,   22, 0.00,    2, 0.000, 0.060, 0.100,  8
train,    256, 33.448442,    6, 1.00,    8, 0.000, 0.060, 0.100,  8
train,    257, -52.501216,   14, 0.00,    0, 0.000, 0.060, 0.100,  8
train,    258, -27.645120,   12, 1.00,    4, 0.000, 0.060, 0.100,  8
train,    259, -12.498303,    2, 1.00,    4, 0.000, 0.060, 0.100,  8
train,    260, 9.201680,    6, 1.00,    5, 0.000, 0.060, 0.100,  8
train,    261, 49.225119,    4, 0.00,    0, 0.000, 0.060, 0.100,  8
train,    262, 35.814296,   11, 1.00,    2, 0.000, 0.060, 0.100,  8
train,    263, 5.261266,    2, 0.00,    1, 0.000, 0.060, 0.100,  8
train,    264, 39.247780,    9, 1.00,    5, 0.000, 0.060, 0.100,  8
train,    265, 12.116156,    3, 1.00,    3, 0.000, 0.060, 0.100,  8
train,    266, 63.898092,    6, 0.00,    1, 0.000, 0.060, 0.100,  8
train,    267, -14.892871,    8, 1.00,    1, 0.000, 0.060, 0.100,  8
train,    268, -44.299072,    3, 1.00,    3, 0.000, 0.060, 0.100,  8
train,    269, -77.170523,    3, 0.00,    4, 0.000, 0.060, 0.100,  8
train,    270, -82.295225,   12, 0.00,    0, 0.000, 0.060, 0.100,  8
train,    271, -55.167745,    2, 0.00,    5, 0.000, 0.060, 0.100,  8
train,    272, -68.564927,    6, 1.00,    4, 0.000, 0.060, 0.100,  8
train,    273, -79.853373,    2, 1.00,    5, 0.000, 0.060, 0.100,  8
train,    274, -66.113722,    2, 1.00,    2, 0.000, 0.060, 0.100,  8
val,      274, 22.621466, 0.5800,  19.9188,   7.4195, 0.2668,   7.7808
train,    275, -79.167925,    7, 1.00,    2, 0.000, 0.060, 0.100,  8
train,    276, -80.776162,    3, 0.00,    0, 0.000, 0.060, 0.100,  8
train,    277, -140.748502,    2, 1.00,    4, 0.000, 0.060, 0.100,  8
train,    278, -95.658269,    6, 0.00,    3, 0.000, 0.060, 0.100,  8
train,    279, -52.505072,    5, 1.00,    1, 0.000, 0.060, 0.100,  8
train,    280, -67.679133,   11, 1.00,    3, 0.000, 0.060, 0.100,  8
update,   280,    7,  501, -0.143912, 0.000000
train,    281, -45.817789,    2, 0.00,    3, 0.000, 0.060, 0.100,  8
train,    282, -81.826320,    3, 0.00,    3, 0.000, 0.060, 0.100,  8
train,    283, -146.061075,   14, 0.00,    4, 0.000, 0.060, 0.100,  8
train,    284, -71.918804,    9, 1.00,    2, 0.000, 0.060, 0.100,  8
train,    285, -146.817120,    6, 1.00,    4, 0.000, 0.060, 0.100,  8
train,    286, -32.795303,    2, 1.00,    2, 0.000, 0.060, 0.100,  8
train,    287, -55.252648,    2, 1.00,    6, 0.000, 0.060, 0.100,  8
train,    288, -99.419713,    2, 0.00,    4, 0.000, 0.060, 0.100,  8
train,    289, -125.740617,   23, 1.00,    4, 0.000, 0.060, 0.100,  8
train,    290, -75.073022,   10, 0.00,    5, 0.000, 0.060, 0.100,  8
train,    291, -70.426115,   17, 0.00,    6, 0.000, 0.060, 0.100,  8
train,    292, -103.247711,   14, 1.00,    7, 0.000, 0.060, 0.100,  8
train,    293, -78.581271,   24, 1.00,   10, 0.000, 0.060, 0.100,  9
train,    294, -21.001686,   37, 1.00,    7, 0.000, 0.060, 0.100,  9
train,    295, -38.319733,    2, 0.00,    8, 0.000, 0.060, 0.100,  9
train,    296, -67.255516,   19, 0.00,   11, 0.000, 0.060, 0.100,  9
train,    297, -21.502297,   18, 1.00,    6, 0.000, 0.060, 0.100,  9
train,    298, 20.689060,   26, 1.00,    6, 0.000, 0.060, 0.100,  9
train,    299, -97.471939,    3, 1.00,   14, 0.000, 0.060, 0.100,  9
val,      299, 7.214859, 0.7030,  15.7387,   6.8332, 0.3031,   9.7421
train,    300, 39.083680,   22, 0.00,    9, 0.000, 0.060, 0.100,  9
train,    301, 32.311953,    4, 1.00,   10, 0.000, 0.060, 0.100,  9
train,    302, 28.724764,   10, 0.00,    9, 0.000, 0.060, 0.100,  9
train,    303, -0.808741,   12, 0.00,    8, 0.000, 0.060, 0.100,  9
train,    304, 71.381500,   13, 1.00,    8, 0.000, 0.060, 0.100,  9
train,    305, 27.767735,   30, 1.00,   10, 0.000, 0.060, 0.100,  9
train,    306, 5.771044,   16, 1.00,   12, 0.000, 0.060, 0.100,  9
train,    307, 39.134251,   24, 1.00,   10, 0.000, 0.060, 0.100,  9
train,    308, 68.838648,   25, 1.00,   11, 0.000, 0.060, 0.100,  9
train,    309, 107.668571,   25, 1.00,    9, 0.000, 0.060, 0.100, 10
train,    310, 24.051419,   11, 0.00,   10, 0.000, 0.060, 0.100, 10
train,    311, 19.974898,   22, 0.00,   10, 0.000, 0.060, 0.100, 10
train,    312, 21.876649,   20, 1.00,   11, 0.000, 0.060, 0.100, 10
train,    313, -0.214337,   39, 1.00,   11, 0.000, 0.060, 0.100, 10
train,    314, 72.603984,   34, 1.00,   11, 0.000, 0.060, 0.100, 10
train,    315, 71.131028,   21, 1.00,   13, 0.000, 0.060, 0.100, 10
train,    316, 37.521516,   19, 0.00,   11, 0.000, 0.060, 0.100, 10
train,    317, -10.345624,    5, 1.00,   12, 0.000, 0.060, 0.100, 10
train,    318, 3.504199,   21, 0.00,   12, 0.000, 0.060, 0.100, 10
train,    319, -45.092568,   32, 1.00,   15, 0.000, 0.060, 0.100, 10
train,    320, 40.354086,   30, 1.00,   10, 0.000, 0.060, 0.100, 10
update,   320,    8,  549, 3.377129, 0.000000
train,    321, 5.004190,   12, 1.00,   11, 0.000, 0.060, 0.100, 10
train,    322, -17.986817,   20, 1.00,   12, 0.000, 0.060, 0.100, 10
train,    323, 4.211844,   31, 1.00,   14, 0.000, 0.060, 0.100, 10
train,    324, 3.457758,   24, 0.00,   13, 0.000, 0.060, 0.100, 11
val,      324, 6.357681, 0.4989,   9.7821,   6.1909, 0.3674,   8.7149
train,    325, -0.445519,   20, 1.00,   11, 0.000, 0.060, 0.100, 11
train,    326, -48.746076,   26, 1.00,    9, 0.000, 0.060, 0.100, 11
train,    327, -36.839532,   20, 1.00,   12, 0.000, 0.060, 0.100, 11
train,    328, -49.183242,   38, 0.00,   13, 0.000, 0.060, 0.100, 11
train,    329, 4.776869,   23, 1.00,   11, 0.000, 0.060, 0.100, 11
train,    330, -107.497245,   25, 1.00,    9, 0.000, 0.060, 0.100, 11
train,    331, -77.763654,   19, 1.00,    9, 0.000, 0.060, 0.100, 11
train,    332, -69.026347,   24, 1.00,    9, 0.000, 0.060, 0.100, 11
train,    333, -48.949673,   22, 1.00,    9, 0.000, 0.060, 0.100, 11
train,    334, -52.779181,   22, 1.00,   11, 0.000, 0.060, 0.100, 11
train,    335, -19.369871,   29, 1.00,   11, 0.000, 0.060, 0.100, 11
train,    336, -23.202630,   24, 1.00,    9, 0.000, 0.060, 0.100, 11
train,    337, -67.248596,   31, 0.00,   11, 0.000, 0.060, 0.100, 11
train,    338, -106.444119,   31, 1.00,   11, 0.000, 0.060, 0.100, 11
train,    339, -38.521533,   15, 0.00,    8, 0.000, 0.060, 0.100, 11
train,    340, -77.399350,   20, 1.00,   14, 0.000, 0.060, 0.100, 12
train,    341, -41.765531,   28, 0.00,    7, 0.000, 0.060, 0.100, 12
train,    342, -102.779336,   10, 1.00,    9, 0.000, 0.060, 0.100, 12
train,    343, -42.492932,   16, 0.00,    9, 0.000, 0.060, 0.100, 12
train,    344, -98.775523,   27, 0.00,    7, 0.000, 0.060, 0.100, 12
train,    345, -77.348171,   31, 1.00,    3, 0.000, 0.060, 0.100, 12
train,    346, -63.093431,   35, 1.00,    7, 0.000, 0.060, 0.100, 12
train,    347, -84.414000,   33, 1.00,    2, 0.000, 0.060, 0.100, 12
train,    348, -90.158572,   12, 1.00,    1, 0.000, 0.060, 0.100, 12
train,    349, -89.774463,   16, 0.00,    6, 0.000, 0.060, 0.100, 12
val,      349, -45.000000, 0.5900,   3.0000,   6.8352, 0.3918,  11.4160
train,    350, -43.455816,   27, 1.00,    4, 0.000, 0.060, 0.100, 12
train,    351, -99.901389,   16, 0.00,    3, 0.000, 0.060, 0.100, 12
train,    352, -101.223338,   39, 1.00,    2, 0.000, 0.060, 0.100, 12
train,    353, -136.517990,   23, 1.00,    3, 0.000, 0.060, 0.100, 12
train,    354, -128.891104,   14, 1.00,    6, 0.000, 0.060, 0.100, 12
train,    355, -69.719301,   21, 1.00,    5, 0.000, 0.060, 0.100, 12
train,    356, -97.770721,   26, 1.00,    1, 0.000, 0.060, 0.100, 12
train,    357, -68.771268,   13, 0.00,    3, 0.000, 0.060, 0.100, 12
train,    358, -82.720592,   28, 0.00,    3, 0.000, 0.060, 0.100, 12
train,    359, -68.002249,   15, 0.00,    2, 0.000, 0.060, 0.100, 12
train,    360, 18.539293,   24, 1.00,    1, 0.000, 0.060, 0.100, 13
update,   360,    9,  603, 0.054799, 0.000000
train,    361, 11.797642,   11, 1.00,    5, 0.000, 0.060, 0.100, 13
train,    362, -36.095964,   20, 1.00,    4, 0.000, 0.060, 0.100, 13
train,    363, 59.276704,   21, 0.00,    5, 0.000, 0.060, 0.100, 13
train,    364, 5.840294,    6, 0.00,    2, 0.000, 0.060, 0.100, 13
train,    365, -9.985270,    7, 0.00,    3, 0.000, 0.060, 0.100, 13
train,    366, 19.338424,   23, 1.00,    3, 0.000, 0.060, 0.100, 13
train,    367, 51.268666,    7, 0.00,    0, 0.000, 0.060, 0.100, 13
train,    368, -0.035960,   11, 1.00,    4, 0.000, 0.060, 0.100, 13
train,    369, 46.985044,   18, 1.00,    2, 0.000, 0.060, 0.100, 13
train,    370, 73.094257,   12, 1.00,    1, 0.000, 0.060, 0.100, 13
train,    371, 51.441900,   13, 1.00,    3, 0.000, 0.060, 0.100, 13
train,    372, 52.921079,   10, 0.00,    4, 0.000, 0.060, 0.100, 13
train,    373, 47.575470,    4, 1.00,    1, 0.000, 0.060, 0.100, 13
train,    374, 112.716420,   10, 1.00,    4, 0.000, 0.060, 0.100, 13
val,      374, -19.744301, 0.5125,  28.9869,   6.3801, 0.2656,   9.6032
train,    375, 66.750815,   10, 1.00,    0, 0.000, 0.060, 0.100, 13
train,    376, 94.137064,   12, 0.00,    5, 0.000, 0.060, 0.100, 13
train,    377, 82.540677,    7, 0.00,    6, 0.000, 0.060, 0.100, 13
train,    378, 57.909036,   13, 0.00,    0, 0.000, 0.060, 0.100, 13
train,    379, 60.043047,   26, 1.00,    7, 0.000, 0.060, 0.100, 13
train,    380, 66.104271,    2, 1.00,    6, 0.000, 0.060, 0.100, 13
train,    381, 87.492339,    3, 0.00,    2, 0.000, 0.060, 0.100, 13
train,    382, 82.195441,    5, 1.00,    1, 0.000, 0.060, 0.100, 13
train,    383, 54.803146,    2, 1.00,    4, 0.000, 0.060, 0.100, 13
train,    384, 94.608894,    2, 0.00,    4, 0.000, 0.060, 0.100, 13
train,    385, 79.508299,    5, 1.00,    4, 0.000, 0.060, 0.100, 13
train,    386, 113.880816,    2, 1.00,    6, 0.000, 0.060, 0.100, 13
train,    387, 51.151723,   20, 0.00,    9, 0.000, 0.060, 0.100, 13
train,    388, 38.548084,   10, 0.00,    2, 0.000, 0.060, 0.100, 13
train,    389, 12.443209,   13, 1.00,    2, 0.000, 0.060, 0.100, 13
train,    390, 47.716699,    2, 1.00,    3, 0.000, 0.060, 0.100, 13
train,    391, 17.438523,    2, 0.00,    3, 0.000, 0.060, 0.100, 13
train,    392, -6.045463,    6, 0.00,    4, 0.000, 0.060, 0.100, 13
train,    393, 18.921953,   11, 0.00,    5, 0.000, 0.060, 0.100, 13
train,    394, -4.347628,   23, 1.00,    6, 0.000, 0.060, 0.100, 13
train,    395, -14.759546,   12, 1.00,    8, 0.000, 0.060, 0.100, 13
train,    396, -27.118415,    7, 0.00,   10, 0.000, 0.060, 0.100, 13
train,    397, 26.923194,    2, 0.00,   11, 0.000, 0.060, 0.100, 13
train,    398, 59.708335,    8, 1.00,    5, 0.000, 0.060, 0.100, 13
train,    399, -0.291175,   11, 1.00,    9, 0.000, 0.060, 0.100, 13
val,      399, 0.640389, 0.5651,  28.5548,   6.1680, 0.3677,   9.4048
train,    400, -22.115422,    2, 1.00,    8, 0.000, 0.060, 0.100, 13
update,   400,   10,  530, -5.662380, 0.000000
train,    401, -10.768704,   21, 0.00,    7, 0.000, 0.060, 0.100, 13
train,    402, -29.692218,   12, 1.00,   11, 0.000, 0.060, 0.100, 13
train,    403, -49.220315,   29, 1.00,    9, 0.000, 0.060, 0.100, 13
train,    404, -4.350969,   12, 0.00,    7, 0.000, 0.060, 0.100, 13
train,    405, -39.770978,    7, 1.00,   12, 0.000, 0.060, 0.100, 13
train,    406, -33.945590,   16, 0.00,   10, 0.000, 0.060, 0.100, 13
train,    407, 19.918721,   15, 1.00,   11, 0.000, 0.060, 0.100, 13
train,    408, -16.983763,    3, 0.00,   10, 0.000, 0.060, 0.100, 13
train,    409, -78.184660,   24, 1.00,   11, 0.000, 0.060, 0.100, 13
train,    410, -34.198397,    8, 1.00,   12, 0.000, 0.060, 0.100, 13
train,    411, -6.161686,   35, 0.00,   12, 0.000, 0.060, 0.100, 13
train,    412, -19.698374,   17, 0.00,   13, 0.000, 0.060, 0.100, 13
train,    413, -61.472006,   27, 1.00,   13, 0.000, 0.060, 0.100, 13
train,    414, -77.335174,   31, 1.00,   11, 0.000, 0.060, 0.100, 13
train,    415, -40.219146,   11, 1.00,   11, 0.000, 0.060, 0.100, 13
train,    416, -46.922807,    7, 0.00,   10, 0.000, 0.060, 0.100, 13
train,    417, -71.201794,   25, 1.00,   14, 0.000, 0.060, 0.100, 13
train,    418, -7.246459,   40, 1.00,   11, 0.000, 0.060, 0.100, 13
train,    419, -28.052093,   31, 1.00,   11, 0.000, 0.060, 0.100, 13
train,    420, -15.312408,   21, 1.00,   11, 0.000, 0.060, 0.100, 13
train,    421, -43.722918,   24, 1.00,   11, 0.000, 0.060, 0.100, 13
train,    422, -76.290276,   10, 1.00,   13, 0.000, 0.060, 0.100, 13
train,    423, -62.549350,   14, 0.00,   12, 0.000, 0.060, 0.100, 13
train,    424, -28.197026,   33, 1.00,   13, 0.000, 0.060, 0.100, 13
val,      424, 29.736574, 0.5662,  19.1126,   7.1189, 0.1444,   9.0017
train,    425, -14.121812,   29, 0.00,   12, 0.000, 0.060, 0.100, 13
train,    426, -77.408186,   29, 1.00,   13, 0.000, 0.060, 0.100, 13
train,    427, 44.574067,   28, 1.00,   12, 0.000, 0.060, 0.100, 13
train,    428, -36.474527,   27, 1.00,   13, 0.000, 0.060, 0.100, 13
train,    429, 8.242125,   27, 1.00,   10, 0.000, 0.060, 0.100, 13
train,    430, 21.607374,   17, 1.00,   13, 0.000, 0.060, 0.100, 13
train,    431, 65.396457,   43, 1.00,   11, 0.000, 0.060, 0.100, 13
train,    432, 79.828869,   26, 0.00,   12, 0.000, 0.060, 0.100, 13
train,    433, 68.224933,   25, 1.00,    9, 0.000, 0.060, 0.100, 13
train,    434, 115.000000,   23, 1.00,   11, 0.000, 0.060, 0.100, 13
train,    435, 85.102601,   36, 0.00,    5, 0.000, 0.060, 0.100, 13
train,    436, 81.171288,   23, 1.00,   11, 0.000, 0.060, 0.100, 13
train,    437, 69.731785,   25, 1.00,   12, 0.000, 0.060, 0.100, 13
train,    438, 56.636557,   37, 1.00,    8, 0.000, 0.060, 0.100, 12
train,    439, 115.000000,   40, 1.00,   10, 0.000, 0.060, 0.100, 12
train,    440, 109.364943,   32, 1.00,    7, 0.000, 0.060, 0.100, 12
update,   440,   11,  541, -3.377941, 0.000000
train,    441, 87.616971,   36, 1.00,   10, 0.000, 0.060, 0.100, 12
train,    442, 115.000000,   33, 0.00,    9, 0.000, 0.060, 0.100, 12
train,    443, 73.033454,   33, 1.00,    6, 0.000, 0.060, 0.100, 12
train,    444, 95.314353,   35, 1.00,    9, 0.000, 0.060, 0.100, 12
train,    445, 115.000000,   32, 1.00,    7, 0.000, 0.060, 0.100, 12
train,    446, 83.643463,   27, 0.00,    4, 0.000, 0.060, 0.100, 12
train,    447, 89.719951,   30, 1.00,    1, 0.000, 0.060, 0.100, 12
train,    448, 93.194717,   28, 1.00,    7, 0.000, 0.060, 0.100, 12
train,    449, 59.421107,   15, 1.00,    5, 0.000, 0.060, 0.100, 12
val,      449, 38.940681, 0.5289,  12.3537,   5.5188, 0.2516,  10.7560
train,    450, 58.476909,   17, 0.00,    4, 0.000, 0.060, 0.100, 12
train,    451, 27.590525,   20, 1.00,    6, 0.000, 0.060, 0.100, 12
train,    452, 115.000000,   37, 1.00,    5, 0.000, 0.060, 0.100, 12
train,    453, 38.389621,   34, 1.00,    6, 0.000, 0.060, 0.100, 12
train,    454, 55.671163,   28, 1.00,    2, 0.000, 0.060, 0.100, 12
train,    455, 4.398220,   27, 1.00,    6, 0.000, 0.060, 0.100, 12
train,    456, 23.750913,   21, 1.00,    4, 0.000, 0.060, 0.100, 12
train,    457, 50.841308,   25, 1.00,    5, 0.000, 0.060, 0.100, 12
train,    458, -24.126026,   20, 1.00,    1, 0.000, 0.060, 0.100, 12
train,    459, 11.791903,    9, 1.00,    3, 0.000, 0.060, 0.100, 11
train,    460, -27.397273,   15, 0.00,    3, 0.000, 0.060, 0.100, 11
train,    461, -1.228025,   17, 0.00,    2, 0.000, 0.060, 0.100, 11
train,    462, -10.174159,   20, 1.00,    2, 0.000, 0.060, 0.100, 11
train,    463, -34.249227,   14, 1.00,    0, 0.000, 0.060, 0.100, 11
train,    464, -36.261840,   14, 1.00,    1, 0.000, 0.060, 0.100, 11
train,    465, -22.014067,   10, 1.00,    4, 0.000, 0.060, 0.100, 11
train,    466, -27.541159,   26, 1.00,    2, 0.000, 0.060, 0.100, 11
train,    467, -78.869632,   26, 0.00,    2, 0.000, 0.060, 0.100, 11
train,    468, -40.585758,   21, 1.00,    6, 0.000, 0.060, 0.100, 11
train,    469, -68.111212,    3, 1.00,    0, 0.000, 0.060, 0.100, 11
train,    470, -48.594601,   23, 0.00,    4, 0.000, 0.060, 0.100, 11
train,    471, -44.148384,   12, 1.00,    4, 0.000, 0.060, 0.100, 11
train,    472, -26.960481,   15, 1.00,    4, 0.000, 0.060, 0.100, 11
train,    473, -21.707787,   24, 0.00,    2, 0.000, 0.060, 0.100, 11
train,    474, -59.034726,   23, 0.00,    0, 0.000, 0.060, 0.100, 11
val,      474, 28.640708, 0.2796,  23.9077,   6.1854, 0.3902,   9.7968
train,    475, -25.856339,   20, 1.00,    2, 0.000, 0.060, 0.100, 11
train,    476, -37.282809,   18, 0.00,    0, 0.000, 0.060, 0.100, 11
train,    477, -53.405083,   20, 1.00,    2, 0.000, 0.060, 0.100, 11
train,    478, -51.156174,   10, 1.00,    5, 0.000, 0.060, 0.100, 10
train,    479, -22.599890,   20, 1.00,    0, 0.000, 0.060, 0.100, 10
train,    480, -40.559193,   15, 1.00,    3, 0.000, 0.060, 0.100, 10
update,   480,   12,  558, 0.521963, 0.000000
train,    481, -80.422993,   15, 1.00,    6, 0.000, 0.060, 0.100, 10
train,    482, -61.106476,   10, 1.00,    2, 0.000, 0.060, 0.100, 10
train,    483, -33.643934,    8, 1.00,    3, 0.000, 0.060, 0.100, 10
train,    484, -62.522916,   22, 0.00,    5, 0.000, 0.060, 0.100, 10
train,    485, -58.016201,   33, 0.00,    5, 0.000, 0.060, 0.100, 10
train,    486, -69.477449,   30, 1.00,    3, 0.000, 0.060, 0.100, 10
train,    487, -82.564626,   17, 0.00,    5, 0.000, 0.060, 0.100, 10
train,    488, -87.104224,    7, 1.00,    5, 0.000, 0.060, 0.100, 10
train,    489, -66.205101,   16, 0.00,    1, 0.000, 0.060, 0.100, 10
train,    490, -32.944586,    9, 1.00,    9, 0.000, 0.060, 0.100, 10
train,    491, -40.902820,    2, 1.00,    8, 0.000, 0.060, 0.100, 10
train,    492, -43.779178,   19, 1.00,    6, 0.000, 0.060, 0.100, 10
train,    493, -70.675053,   17, 1.00,    7, 0.000, 0.060, 0.100, 10
train,    494, -44.055904,   14, 1.00,    5, 0.000, 0.060, 0.100, 10
train,    495, 0.698742,   13, 1.00,    5, 0.000, 0.060, 0.100, 10
train,    496, 12.814085,    9, 1.00,    7, 0.000, 0.060, 0.100, 10
train,    497, 1.017995,    5, 1.00,    8, 0.000, 0.060, 0.100, 10
train,    498, -17.218719,    8, 1.00,    8, 0.000, 0.060, 0.100,  9
train,    499, -61.623165,   19, 1.00,   11, 0.000, 0.060, 0.100,  9
val,      499, 3.985059, 0.4814,  33.3680,   6.1650, 0.5120,   9.3544
train,    500, 7.183872,    9, 0.00,   13, 0.000, 0.060, 0.100,  9
train,    501, -18.509817,   18, 0.00,   10, 0.000, 0.060, 0.100,  9
train,    502, -8.248637,   14, 0.00,   12, 0.000, 0.060, 0.100,  9
train,    503, 57.257894,    6, 1.00,    8, 0.000, 0.060, 0.100,  9
train,    504, 66.305324,   10, 1.00,    9, 0.000, 0.060, 0.100,  9
train,    505, 33.009662,    9, 0.00,   11, 0.000, 0.060, 0.100,  9
train,    506, -7.437717,   19, 0.00,   11, 0.000, 0.060, 0.100,  9
train,    507, -27.634724,   21, 1.00,   14, 0.000, 0.060, 0.100,  9
train,    508, 93.422153,    4, 1.00,   11, 0.000, 0.060, 0.100,  9
train,    509, 48.671371,    2, 0.00,   11, 0.000, 0.060, 0.100,  9
train,    510, 21.061031,   21, 0.00,    9, 0.000, 0.060, 0.100,  9
train,    511, 43.174738,   12, 0.00,   10, 0.000, 0.060, 0.100,  9
train,    512, 82.757875,    8, 0.00,   12, 0.000, 0.060, 0.100,  9
train,    513, 53.290138,   14, 0.00,    9, 0.000, 0.060, 0.100,  9
train,    514, 43.612254,   19, 0.00,   13, 0.000, 0.060, 0.100,  9
train,    515, 34.764696,   16, 0.00,   14, 0.000, 0.060, 0.100,  9
train,    516, 38.219151,   28, 0.00,   11, 0.000, 0.060, 0.100,  9
train,    517, -28.184915,   20, 0.00,   11, 0.000, 0.060, 0.100,  9
train,    518, 6.693928,    8, 0.00,   15, 0.000, 0.060, 0.100,  9
train,    519, 26.515689,   18, 1.00,   11, 0.000, 0.060, 0.100,  9
train,    520, -27.112850,   13, 1.00,   13, 0.000, 0.060, 0.100,  9
update,   520,   13,  489, 5.818079, 0.000000
train,    521, 48.999130,   19, 0.00,   12, 0.000, 0.060, 0.100,  9
train,    522, -51.764016,   12, 0.00,   11, 0.000, 0.060, 0.100,  9
train,    523, -16.310876,   11, 0.00,    8, 0.000, 0.060, 0.100,  9
train,    524, -42.055410,   14, 1.00,   14, 0.000, 0.060, 0.100,  9
val,      524, -1.537348, 0.6409,  19.3300,   5.6195, 0.3938,   9.3536
train,    525, -35.417887,   20, 0.00,   12, 0.000, 0.060, 0.100,  9
train,    526, -69.870319,   42, 0.00,   10, 0.000, 0.060, 0.100,  8
train,    527, -27.279802,   22, 0.00,   13, 0.000, 0.060, 0.100,  8
train,    528, -73.028522,   34, 0.00,   13, 0.000, 0.060, 0.100,  8
train,    529, -79.059177,   18, 0.00,   14, 0.000, 0.060, 0.100,  8
train,    530, -68.644666,   23, 0.00,    7, 0.000, 0.060, 0.100,  8
train,    531, -72.956399,   20, 0.00,   13, 0.000, 0.060, 0.100,  8
train,    532, -88.943024,   23, 1.00,   10, 0.000, 0.060, 0.100,  8
train,    533, -119.656529,   16, 0.00,   11, 0.000, 0.060, 0.100,  8
train,    534, -62.980439,   26, 1.00,   11, 0.000, 0.060, 0.100,  8
train,    535, -47.048639,   33, 0.00,    4, 0.000, 0.060, 0.100,  8
train,    536, -52.566363,   16, 1.00,    6, 0.000, 0.060, 0.100,  8
train,    537, -27.663956,   17, 1.00,    9, 0.000, 0.060, 0.100,  8
train,    538, -60.888402,   27, 1.00,   13, 0.000, 0.060, 0.100,  8
train,    539, -43.274716,   34, 0.00,    8, 0.000, 0.060, 0.100,  8
train,    540, -71.501541,   27, 1.00,   10, 0.000, 0.060, 0.100,  8
train,    541, -43.502634,   42, 0.00,    8, 0.000, 0.060, 0.100,  8
train,    542, -78.023475,   33, 1.00,    7, 0.000, 0.060, 0.100,  8
train,    543, -15.858580,   33, 0.00,    7, 0.000, 0.060, 0.100,  8
train,    544, -66.454223,   26, 1.00,    9, 0.000, 0.060, 0.100,  8
train,    545, -49.995581,   29, 1.00,   10, 0.000, 0.060, 0.100,  8
train,    546, -34.401108,   39, 1.00,    4, 0.000, 0.060, 0.100,  8
train,    547, -21.189942,   21, 1.00,    6, 0.000, 0.060, 0.100,  8
train,    548, -84.129924,   31, 0.00,    5, 0.000, 0.060, 0.100,  8
train,    549, -92.007784,   33, 1.00,    5, 0.000, 0.060, 0.100,  8
val,      549, 34.161013, 0.5561,  22.3244,   6.1649, 0.2790,  11.7966
train,    550, -87.844527,   40, 1.00,    2, 0.000, 0.060, 0.100,  8
train,    551, -34.979359,   29, 1.00,    4, 0.000, 0.060, 0.100,  8
train,    552, -23.762758,   26, 1.00,    5, 0.000, 0.060, 0.100,  8
train,    553, -47.188952,   30, 0.00,    5, 0.000, 0.060, 0.100,  8
train,    554, -50.173806,   28, 0.00,    4, 0.000, 0.060, 0.100,  8
train,    555, -44.990669,   20, 0.00,    3, 0.000, 0.060, 0.100,  8
train,    556, 7.346588,   42, 1.00,    5, 0.000, 0.060, 0.100,  8
train,    557, -10.880298,   41, 1.00,    4, 0.000, 0.060, 0.100,  8
train,    558, 51.692176,   31, 0.00,    3, 0.000, 0.060, 0.100,  8
train,    559, -24.219183,   22, 0.00,    3, 0.000, 0.060, 0.100,  8
train,    560, -81.965235,   36, 0.00,    3, 0.000, 0.060, 0.100,  8
update,   560,   14,  530, 19.524383, 0.000000
train,    561, -20.079085,   33, 1.00,    2, 0.000, 0.060, 0.100,  8
train,    562, 41.594949,   26, 0.00,    4, 0.000, 0.060, 0.100,  8
train,    563, -1.929097,   31, 0.00,    2, 0.000, 0.060, 0.100,  8
train,    564, 37.320045,   46, 1.00,    4, 0.000, 0.060, 0.100,  9
train,    565, 96.866102,   36, 1.00,    3, 0.000, 0.060, 0.100,  9
train,    566, 68.377143,   40, 1.00,    0, 0.000, 0.060, 0.100,  9
train,    567, 71.006347,   34, 1.00,    2, 0.000, 0.060, 0.100,  9
train,    568, 68.233885,   31, 1.00,    0, 0.000, 0.060, 0.100,  9
train,    569, 93.502819,   35, 1.00,    3, 0.000, 0.060, 0.100,  9
train,    570, 93.137530,   15, 1.00,    3, 0.000, 0.060, 0.100,  9
train,    571, 31.192164,   31, 0.00,    2, 0.000, 0.060, 0.100,  9
train,    572, 108.238584,   23, 0.00,    0, 0.000, 0.060, 0.100,  9
train,    573, 86.739572,   24, 0.00,    2, 0.000, 0.060, 0.100,  9
train,    574, 73.032472,   25, 0.00,    5, 0.000, 0.060, 0.100,  9
val,      574, 60.321328, 0.4841,  19.9188,   5.4201, 0.3058,  10.2420
train,    575, 99.327717,   26, 0.00,    0, 0.000, 0.060, 0.100,  9
train,    576, 102.833862,   31, 0.00,    3, 0.000, 0.060, 0.100,  9
train,    577, 115.000000,   34, 1.00,    0, 0.000, 0.060, 0.100,  9
train,    578, 115.000000,   21, 0.00,    4, 0.000, 0.060, 0.100,  9
train,    579, 115.000000,   24, 1.00,    4, 0.000, 0.060, 0.100,  9
train,    580, 115.000000,   28, 0.00,    3, 0.000, 0.060, 0.100,  9
train,    581, 56.819022,   16, 1.00,    2, 0.000, 0.060, 0.100,  9
train,    582, 115.000000,   27, 1.00,    6, 0.000, 0.060, 0.100,  9
train,    583, 90.664312,   29, 1.00,    2, 0.000, 0.060, 0.100,  9
train,    584, 115.000000,   10, 1.00,    5, 0.000, 0.060, 0.100,  9
train,    585, 105.935611,   27, 1.00,    5, 0.000, 0.060, 0.100,  9
train,    586, 89.037104,   22, 0.00,    1, 0.000, 0.060, 0.100,  9
train,    587, 54.089446,   18, 0.00,    4, 0.000, 0.060, 0.100,  9
train,    588, 49.797021,   16, 1.00,    3, 0.000, 0.060, 0.100,  9
train,    589, 40.002735,   23, 1.00,    2, 0.000, 0.060, 0.100,  9
train,    590, -6.432387,   12, 1.00,    5, 0.000, 0.060, 0.100,  9
train,    591, -3.009396,   23, 0.00,    6, 0.000, 0.060, 0.100, 10
train,    592, 15.340189,   23, 0.00,    5, 0.000, 0.060, 0.100, 10
train,    593, 21.151563,   12, 1.00,    7, 0.000, 0.060, 0.100, 10
train,    594, -4.184358,   24, 0.00,    9, 0.000, 0.060, 0.100, 10
train,    595, 33.648302,   14, 1.00,    7, 0.000, 0.060, 0.100, 10
train,    596, 104.188439,   15, 0.00,    7, 0.000, 0.060, 0.100, 10
train,    597, -4.865457,   15, 0.00,    7, 0.000, 0.060, 0.100, 10
train,    598, -27.768894,   19, 1.00,    9, 0.000, 0.060, 0.100, 10
train,    599, -16.498740,    9, 0.00,    9, 0.000, 0.060, 0.100, 10
val,      599, 48.104104, 0.4724,   4.4494,   5.6460, 0.4491,   9.6904
train,    600, -20.041158,   20, 0.00,   11, 0.000, 0.060, 0.100, 10
update,   600,   15,  496, 13.871096, 0.000000
train,    601, -14.580419,   15, 1.00,    6, 0.000, 0.060, 0.100, 10
train,    602, -10.636755,   20, 1.00,    4, 0.000, 0.060, 0.100, 10
train,    603, -40.880238,   24, 0.00,   10, 0.000, 0.060, 0.100, 10
train,    604, -5.696525,   26, 1.00,   10, 0.000, 0.060, 0.100, 10
train,    605, -53.089577,    8, 1.00,   12, 0.000, 0.060, 0.100, 10
train,    606, 8.283768,    2, 0.00,   10, 0.000, 0.060, 0.100, 10
train,    607, -23.605832,   19, 0.00,   11, 0.000, 0.060, 0.100, 10
train,    608, 9.741629,   22, 0.00,    6, 0.000, 0.060, 0.100, 10
train,    609, -14.882252,   17, 1.00,   11, 0.000, 0.060, 0.100, 11
train,    610, -43.568142,    9, 1.00,   10, 0.000, 0.060, 0.100, 11
train,    611, 6.212589,   11, 1.00,   11, 0.000, 0.060, 0.100, 11
train,    612, -12.518744,   17, 0.00,   12, 0.000, 0.060, 0.100, 11
train,    613, 55.824729,   30, 0.00,   12, 0.000, 0.060, 0.100, 11
train,    614, 18.997770,   17, 1.00,   12, 0.000, 0.060, 0.100, 11
train,    615, 19.541959,   23, 0.00,    9, 0.000, 0.060, 0.100, 11
train,    616, -7.266252,    4, 0.00,   13, 0.000, 0.060, 0.100, 11
train,    617, -16.358890,   11, 0.00,   13, 0.000, 0.060, 0.100, 11
train,    618, 52.694355,   30, 0.00,   12, 0.000, 0.060, 0.100, 11
train,    619, -18.635432,   28, 1.00,   15, 0.000, 0.060, 0.100, 11
train,    620, -4.717628,   15, 0.00,   14, 0.000, 0.060, 0.100, 11
train,    621, -9.863698,   13, 1.00,   11, 0.000, 0.060, 0.100, 11
train,    622, 104.899996,   10, 1.00,   14, 0.000, 0.060, 0.100, 11
train,    623, -8.540073,    9, 0.00,   10, 0.000, 0.060, 0.100, 11
train,    624, 3.584837,   23, 0.00,   13, 0.000, 0.060, 0.100, 11
val,      624, 44.723366, 0.4603,  15.3751,   5.4692, 0.4057,  11.2394
train,    625, 47.525458,   18, 0.00,    6, 0.000, 0.060, 0.100, 12
train,    626, 41.315199,   14, 0.00,   11, 0.000, 0.060, 0.100, 12
train,    627, 5.853634,   26, 1.00,   11, 0.000, 0.060, 0.100, 12
train,    628, 58.461920,   17, 1.00,   13, 0.000, 0.060, 0.100, 12
train,    629, 39.474487,   15, 0.00,   15, 0.000, 0.060, 0.100, 12
train,    630, 34.814892,   27, 0.00,   12, 0.000, 0.060, 0.100, 12
train,    631, 30.156753,   31, 1.00,    8, 0.000, 0.060, 0.100, 12
train,    632, 67.074315,   25, 0.00,   10, 0.000, 0.060, 0.100, 12
train,    633, 74.857406,   10, 0.00,   11, 0.000, 0.060, 0.100, 12
train,    634, 56.940640,   30, 0.00,   10, 0.000, 0.060, 0.100, 12
train,    635, 115.000000,   27, 1.00,   11, 0.000, 0.060, 0.100, 12
train,    636, 53.908897,   25, 0.00,    8, 0.000, 0.060, 0.100, 12
train,    637, 104.787236,   16, 0.00,   12, 0.000, 0.060, 0.100, 12
train,    638, 85.882370,   12, 0.00,    9, 0.000, 0.060, 0.100, 12
train,    639, 102.621084,   36, 1.00,    6, 0.000, 0.060, 0.100, 12
train,    640, 81.415413,   17, 1.00,   10, 0.000, 0.060, 0.100, 13
update,   640,   16,  584, 2.339456, 0.000000
train,    641, 74.149982,   48, 1.00,   11, 0.000, 0.060, 0.100, 13
train,    642, 93.937967,   22, 1.00,    6, 0.000, 0.060, 0.100, 13
train,    643, 91.303093,   17, 1.00,   11, 0.000, 0.060, 0.100, 13
train,    644, 97.876483,   42, 1.00,    7, 0.000, 0.060, 0.100, 13
train,    645, 115.000000,   25, 0.00,    6, 0.000, 0.060, 0.100, 13
train,    646, 59.702933,   28, 1.00,    5, 0.000, 0.060, 0.100, 13
train,    647, 115.000000,   22, 0.00,    3, 0.000, 0.060, 0.100, 13
train,    648, 114.238800,   25, 0.00,    8, 0.000, 0.060, 0.100, 13
train,    649, 88.995688,   33, 1.00,    7, 0.000, 0.060, 0.100, 13
val,      649, -2.106417, 0.3878,  28.0192,   5.4072, 0.3863,  10.6699
train,    650, 115.000000,   35, 1.00,    7, 0.000, 0.060, 0.100, 13
train,    651, 69.351639,   27, 0.00,    8, 0.000, 0.060, 0.100, 13
train,    652, 66.954593,   33, 1.00,    6, 0.000, 0.060, 0.100, 13
train,    653, 35.088972,   33, 0.00,    5, 0.000, 0.060, 0.100, 13
train,    654, 2.831393,   27, 0.00,    4, 0.000, 0.060, 0.100, 13
train,    655, 32.650443,   34, 0.00,    3, 0.000, 0.060, 0.100, 13
train,    656, 13.786530,   20, 0.00,    5, 0.000, 0.060, 0.100, 14
train,    657, -11.769664,   27, 1.00,    0, 0.000, 0.060, 0.100, 14
train,    658, 52.412110,   23, 1.00,    2, 0.000, 0.060, 0.100, 14
train,    659, 11.701895,   42, 0.00,    3, 0.000, 0.060, 0.100, 14
train,    660, -46.187225,   39, 1.00,    0, 0.000, 0.060, 0.100, 14
train,    661, -39.291677,   32, 1.00,    4, 0.000, 0.060, 0.100, 14
train,    662, -13.662650,   36, 1.00,    5, 0.000, 0.060, 0.100, 14
train,    663, -11.656553,   17, 0.00,    3, 0.000, 0.060, 0.100, 14
train,    664, -51.530311,   43, 1.00,    2, 0.000, 0.060, 0.100, 14
train,    665, -6.669671,   29, 1.00,    4, 0.000, 0.060, 0.100, 14
train,    666, -43.213707,   36, 0.00,    2, 0.000, 0.060, 0.100, 14
train,    667, -27.622440,   35, 1.00,    1, 0.000, 0.060, 0.100, 14
train,    668, -73.428077,   30, 1.00,    2, 0.000, 0.060, 0.100, 14
train,    669, -116.432403,   43, 0.00,    0, 0.000, 0.060, 0.100, 14
train,    670, -40.007495,   25, 1.00,    2, 0.000, 0.060, 0.100, 14
train,    671, -29.051632,   35, 1.00,    4, 0.000, 0.060, 0.100, 14
train,    672, -57.179321,   37, 1.00,    3, 0.000, 0.060, 0.100, 14
train,    673, -70.195173,   42, 1.00,    1, 0.000, 0.060, 0.100, 14
train,    674, -20.963262,   38, 1.00,    2, 0.000, 0.060, 0.100, 14
val,      674, -11.186013, 0.5833,  42.0770,   5.6815, 0.3470,  10.0604
train,    675, -74.637061,   36, 0.00,    2, 0.000, 0.060, 0.100, 14
train,    676, -45.975786,   34, 0.00,    2, 0.000, 0.060, 0.100, 15
train,    677, -13.430628,   30, 1.00,    2, 0.000, 0.060, 0.100, 15
train,    678, -54.867483,   24, 1.00,    1, 0.000, 0.060, 0.100, 15
train,    679, 8.612770,   28, 1.00,    4, 0.000, 0.060, 0.100, 15
train,    680, -45.092466,   34, 0.00,    3, 0.000, 0.060, 0.100, 15
update,   680,   17,  509, 6.858876, 0.000000
train,    681, -89.543389,   31, 1.00,    3, 0.000, 0.060, 0.100, 15
train,    682, -39.562280,   28, 1.00,    2, 0.000, 0.060, 0.100, 15
train,    683, -67.386422,   29, 0.00,    5, 0.000, 0.060, 0.100, 15
train,    684, -25.464127,   45, 0.00,    6, 0.000, 0.060, 0.100, 15
train,    685, -29.996787,   30, 1.00,    5, 0.000, 0.060, 0.100, 15
train,    686, 5.061812,   26, 1.00,    3, 0.000, 0.060, 0.100, 15
train,    687, -23.970690,   28, 0.00,    8, 0.000, 0.060, 0.100, 15
train,    688, -4.107708,   35, 1.00,    3, 0.000, 0.060, 0.100, 15
train,    689, -40.134509,   31, 0.00,    6, 0.000, 0.060, 0.100, 15
train,    690, 3.769439,   28, 1.00,    4, 0.000, 0.060, 0.100, 15
train,    691, -9.293236,   16, 1.00,    7, 0.000, 0.060, 0.100, 15
train,    692, -6.587757,   26, 0.00,    6, 0.000, 0.060, 0.100, 15
train,    693, -26.466436,   31, 1.00,    5, 0.000, 0.060, 0.100, 15
train,    694, -67.940084,   24, 1.00,    3, 0.000, 0.060, 0.100, 15
train,    695, -39.417235,   31, 0.00,    6, 0.000, 0.060, 0.100, 15
train,    696, -23.239549,   28, 0.00,    2, 0.000, 0.060, 0.100, 15
train,    697, 29.352300,   34, 1.00,    7, 0.000, 0.060, 0.100, 15
train,    698, 5.598777,   17, 0.00,    7, 0.000, 0.060, 0.100, 15
train,    699, 14.432563,   24, 1.00,   10, 0.000, 0.060, 0.100, 15
val,      699, 9.289585, 0.3638,  33.5217,   5.1939, 0.5959,  11.8066
train,    700, -23.068337,   28, 0.00,   10, 0.000, 0.060, 0.100, 15
train,    701, 43.789503,   14, 1.00,    5, 0.000, 0.060, 0.100, 15
train,    702, 50.559733,   19, 0.00,   11, 0.000, 0.060, 0.100, 15
train,    703, 71.498536,   17, 1.00,    9, 0.000, 0.060, 0.100, 15
train,    704, 12.637701,   25, 1.00,    9, 0.000, 0.060, 0.100, 15
train,    705, 35.352021,   21, 0.00,    6, 0.000, 0.060, 0.100, 15
train,    706, 32.419510,   12, 1.00,   11, 0.000, 0.060, 0.100, 15
train,    707, 94.651231,   15, 0.00,   12, 0.000, 0.060, 0.100, 15
train,    708, 80.776104,   25, 1.00,   12, 0.000, 0.060, 0.100, 15
train,    709, 31.713258,    8, 1.00,   11, 0.000, 0.060, 0.100, 15
train,    710, 61.992036,   13, 1.00,   11, 0.000, 0.060, 0.100, 15
train,    711, 51.134140,   23, 1.00,   10, 0.000, 0.060, 0.100, 15
train,    712, 59.018988,    5, 1.00,   12, 0.000, 0.060, 0.100, 15
train,    713, 12.599487,   28, 1.00,   10, 0.000, 0.060, 0.100, 15
train,    714, 42.590963,   16, 0.00,    9, 0.000, 0.060, 0.100, 15
train,    715, 42.410324,   20, 1.00,   13, 0.000, 0.060, 0.100, 15
train,    716, 23.388689,   19, 0.00,   13, 0.000, 0.060, 0.100, 15
train,    717, 53.694492,   20, 1.00,    9, 0.000, 0.060, 0.100, 15
train,    718, 65.434447,   14, 1.00,   13, 0.000, 0.060, 0.100, 15
train,    719, 27.685129,   27, 1.00,   16, 0.000, 0.060, 0.100, 15
train,    720, -11.480749,   18, 0.00,   14, 0.000, 0.060, 0.100, 15
update,   720,   18,  479, 3.626997, 0.000000
train,    721, 31.626045,   20, 1.00,   14, 0.000, 0.060, 0.100, 15
train,    722, 24.829071,   15, 0.00,   11, 0.000, 0.060, 0.100, 15
train,    723, 30.636012,   11, 0.00,   11, 0.000, 0.060, 0.100, 15
train,    724, -7.995067,   21, 1.00,   12, 0.000, 0.060, 0.100, 15
val,      724, 39.705081, 0.3347,  32.0858,   4.5639, 0.5919,  11.3745
train,    725, -24.709639,   15, 1.00,   12, 0.000, 0.060, 0.100, 15
train,    726, -49.083579,   11, 1.00,   10, 0.000, 0.060, 0.100, 15
train,    727, -9.776172,   15, 0.00,   10, 0.000, 0.060, 0.100, 15
train,    728, -49.902245,   20, 1.00,   11, 0.000, 0.060, 0.100, 15
train,    729, -45.454219,   26, 1.00,    9, 0.000, 0.060, 0.100, 15
train,    730, -44.075184,   17, 0.00,   11, 0.000, 0.060, 0.100, 15
train,    731, -49.664792,   25, 0.00,   11, 0.000, 0.060, 0.100, 15
train,    732, -72.758734,   28, 0.00,   10, 0.000, 0.060, 0.100, 15
train,    733, -87.528481,   17, 1.00,    9, 0.000, 0.060, 0.100, 15
train,    734, -24.712483,   11, 1.00,   11, 0.000, 0.060, 0.100, 15
train,    735, -34.796325,   16, 1.00,    9, 0.000, 0.060, 0.100, 15
train,    736, -41.658367,   26, 1.00,   11, 0.000, 0.060, 0.100, 15
train,    737, -73.482696,   23, 1.00,    9, 0.000, 0.060, 0.100, 15
train,    738, -75.162374,   14, 1.00,   14, 0.000, 0.060, 0.100, 15
train,    739, -79.974468,   13, 1.00,   10, 0.000, 0.060, 0.100, 15
train,    740, -68.578886,    7, 1.00,   10, 0.000, 0.060, 0.100, 15
train,    741, -78.449029,   25, 1.00,    9, 0.000, 0.060, 0.100, 15
train,    742, -60.896034,   17, 1.00,    8, 0.000, 0.060, 0.100, 15
train,    743, -31.360955,   32, 1.00,    8, 0.000, 0.060, 0.100, 15
train,    744, -45.379510,   24, 1.00,   10, 0.000, 0.060, 0.100, 15
train,    745, -27.923936,   30, 1.00,   12, 0.000, 0.060, 0.100, 15
train,    746, -33.817931,   23, 1.00,    9, 0.000, 0.060, 0.100, 15
train,    747, 27.557677,   34, 1.00,    7, 0.000, 0.060, 0.100, 15
train,    748, 6.713646,   36, 1.00,    6, 0.000, 0.060, 0.100, 15
train,    749, -31.207709,   22, 0.00,    2, 0.000, 0.060, 0.100, 14
val,      749, 48.265291, 0.4689,  26.7840,   5.0570, 0.4352,  11.4108
train,    750, -44.658869,    3, 1.00,    7, 0.000, 0.060, 0.100, 14
train,    751, -8.966629,   34, 0.00,    6, 0.000, 0.060, 0.100, 14
train,    752, 6.251640,   12, 1.00,    5, 0.000, 0.060, 0.100, 14
train,    753, 77.479381,   20, 1.00,    8, 0.000, 0.060, 0.100, 14
train,    754, 21.128981,   36, 0.00,    4, 0.000, 0.060, 0.100, 14
train,    755, 17.074867,   16, 1.00,    8, 0.000, 0.060, 0.100, 14
train,    756, -17.437865,   31, 1.00,    6, 0.000, 0.060, 0.100, 14
train,    757, 10.280299,   25, 0.00,    6, 0.000, 0.060, 0.100, 14
train,    758, 5.306976,   27, 0.00,    3, 0.000, 0.060, 0.100, 14
train,    759, 3.951732,   30, 0.00,    5, 0.000, 0.060, 0.100, 14
train,    760, 96.255135,   24, 1.00,    4, 0.000, 0.060, 0.100, 14
update,   760,   19,  502, 9.662024, 0.000000
train,    761, 38.059981,   27, 1.00,    1, 0.000, 0.060, 0.100, 14
train,    762, 36.628888,   29, 1.00,    4, 0.000, 0.060, 0.100, 14
train,    763, 33.442312,   30, 1.00,    4, 0.000, 0.060, 0.100, 14
train,    764, 30.672804,   39, 1.00,    4, 0.000, 0.060, 0.100, 14
train,    765, 27.679964,   24, 0.00,    2, 0.000, 0.060, 0.100, 14
train,    766, -1.965525,   26, 0.00,    5, 0.000, 0.060, 0.100, 14
train,    767, 19.368617,   18, 0.00,    0, 0.000, 0.060, 0.100, 14
train,    768, 46.987127,   35, 0.00,    6, 0.000, 0.060, 0.100, 14
train,    769, 49.407615,   29, 1.00,    4, 0.000, 0.060, 0.100, 14
train,    770, 87.124656,   38, 0.00,    5, 0.000, 0.060, 0.100, 14
train,    771, 98.398951,   32, 1.00,    3, 0.000, 0.060, 0.100, 13
train,    772, 91.639075,   27, 0.00,    0, 0.000, 0.060, 0.100, 13
train,    773, 51.575877,   19, 0.00,    3, 0.000, 0.060, 0.100, 13
train,    774, 96.749899,   32, 0.00,    2, 0.000, 0.060, 0.100, 13
val,      774, 12.084808, 0.4409,  23.6246,   4.4139, 0.5085,  11.4204
train,    775, 115.000000,   48, 1.00,    5, 0.000, 0.060, 0.100, 13
train,    776, 102.654233,   36, 0.00,    2, 0.000, 0.060, 0.100, 13
train,    777, 105.833901,   30, 1.00,    2, 0.000, 0.060, 0.100, 13
train,    778, 115.000000,   31, 0.00,    3, 0.000, 0.060, 0.100, 13
train,    779, 112.976721,   33, 1.00,    4, 0.000, 0.060, 0.100, 13
train,    780, 110.264649,   35, 1.00,    7, 0.000, 0.060, 0.100, 13
train,    781, 84.296264,   31, 1.00,    1, 0.000, 0.060, 0.100, 13
train,    782, 104.148625,   26, 1.00,    1, 0.000, 0.060, 0.100, 13
train,    783, 69.609050,   41, 1.00,    2, 0.000, 0.060, 0.100, 13
train,    784, 55.868312,   33, 1.00,    3, 0.000, 0.060, 0.100, 13
train,    785, 90.027082,   31, 0.00,    7, 0.000, 0.060, 0.100, 13
train,    786, 106.622623,   38, 1.00,    7, 0.000, 0.060, 0.100, 13
train,    787, 108.254808,   28, 1.00,    3, 0.000, 0.060, 0.100, 13
train,    788, 101.118063,   30, 1.00,    2, 0.000, 0.060, 0.100, 13
train,    789, 32.852701,   24, 0.00,    4, 0.000, 0.060, 0.100, 13
train,    790, -10.037889,   43, 0.00,    5, 0.000, 0.060, 0.100, 12
train,    791, 64.631745,   33, 0.00,    7, 0.000, 0.060, 0.100, 12
train,    792, 23.091881,   24, 1.00,    5, 0.000, 0.060, 0.100, 12
train,    793, 4.910063,   41, 1.00,    1, 0.000, 0.060, 0.100, 12
train,    794, 20.558134,   36, 1.00,    5, 0.000, 0.060, 0.100, 12
train,    795, 4.724809,   24, 0.00,    8, 0.000, 0.060, 0.100, 12
train,    796, 6.648575,   45, 0.00,    8, 0.000, 0.060, 0.100, 12
train,    797, -17.192261,   34, 0.00,    8, 0.000, 0.060, 0.100, 12
train,    798, -59.741241,   29, 1.00,    3, 0.000, 0.060, 0.100, 12
train,    799, -10.067155,   23, 1.00,   10, 0.000, 0.060, 0.100, 12
val,      799, -7.417087, 0.4955,  17.3679,   4.3991, 0.4372,  11.1598
train,    800, -8.295462,   28, 0.00,    6, 0.000, 0.060, 0.100, 12
update,   800,   20,  552, 14.030760, 0.000000
train,    801, -31.888441,   33, 0.00,    8, 0.000, 0.060, 0.100, 12
train,    802, -43.897205,   31, 1.00,   13, 0.000, 0.060, 0.100, 12
train,    803, -33.580099,   37, 0.00,    8, 0.000, 0.060, 0.100, 12
train,    804, -52.180844,   42, 1.00,    7, 0.000, 0.060, 0.100, 12
train,    805, -5.963688,   20, 0.00,    8, 0.000, 0.060, 0.100, 12
train,    806, -50.895602,   30, 1.00,   11, 0.000, 0.060, 0.100, 12
train,    807, -17.747770,   21, 0.00,   10, 0.000, 0.060, 0.100, 12
train,    808, -36.563740,   20, 0.00,   10, 0.000, 0.060, 0.100, 12
train,    809, 19.973971,   25, 0.00,   14, 0.000, 0.060, 0.100, 11
train,    810, -1.111301,   18, 1.00,    9, 0.000, 0.060, 0.100, 11
train,    811, -2.438104,   20, 0.00,   12, 0.000, 0.060, 0.100, 11
train,    812, -35.813359,   24, 0.00,   11, 0.000, 0.060, 0.100, 11
train,    813, 44.242014,   34, 0.00,   10, 0.000, 0.060, 0.100, 11
train,    814, 48.449743,   29, 1.00,    9, 0.000, 0.060, 0.100, 11
train,    815, 24.242590,   27, 1.00,   14, 0.000, 0.060, 0.100, 11
train,    816, 8.859345,   29, 0.00,   11, 0.000, 0.060, 0.100, 11
train,    817, -2.729714,   20, 0.00,    9, 0.000, 0.060, 0.100, 11
train,    818, 51.791099,   12, 1.00,   14, 0.000, 0.060, 0.100, 11
train,    819, -6.399156,   25, 0.00,   10, 0.000, 0.060, 0.100, 11
train,    820, -0.477044,   17, 0.00,   11, 0.000, 0.060, 0.100, 11
train,    821, 16.378186,   24, 1.00,   10, 0.000, 0.060, 0.100, 11
train,    822, 94.038077,   14, 1.00,   11, 0.000, 0.060, 0.100, 11
train,    823, 21.806221,   12, 1.00,   10, 0.000, 0.060, 0.100, 11
train,    824, -2.772768,   28, 0.00,   10, 0.000, 0.060, 0.100, 11
val,      824, -28.285745, 0.2994,  15.2817,   4.2842, 0.4535,  11.5609
train,    825, -31.829311,   28, 1.00,   12, 0.000, 0.060, 0.100, 11
train,    826, 46.355188,   27, 1.00,   10, 0.000, 0.060, 0.100, 11
train,    827, -15.759757,   27, 1.00,   11, 0.000, 0.060, 0.100, 11
train,    828, 62.940625,   24, 1.00,   10, 0.000, 0.060, 0.100, 11
train,    829, 49.230454,   13, 0.00,   12, 0.000, 0.060, 0.100, 11
train,    830, 40.438980,   34, 1.00,   11, 0.000, 0.060, 0.100, 11
train,    831, 80.755714,   26, 0.00,   10, 0.000, 0.060, 0.100, 11
train,    832, 57.845818,   13, 1.00,   14, 0.000, 0.060, 0.100, 11
train,    833, 85.476192,   25, 1.00,    7, 0.000, 0.060, 0.100, 11
train,    834, 74.966726,   20, 1.00,   11, 0.000, 0.060, 0.100, 11
train,    835, 74.225405,   11, 0.00,    5, 0.000, 0.060, 0.100, 10
train,    836, 75.120679,   22, 1.00,    9, 0.000, 0.060, 0.100, 10
train,    837, 59.556040,   17, 1.00,    9, 0.000, 0.060, 0.100, 10
train,    838, 115.000000,   21, 0.00,    7, 0.000, 0.060, 0.100, 10
train,    839, 89.674475,   18, 1.00,    7, 0.000, 0.060, 0.100, 10
train,    840, 86.444734,   18, 0.00,   11, 0.000, 0.060, 0.100, 10
update,   840,   21,  544, 24.394836, 0.000000
train,    841, 65.382038,   27, 1.00,    8, 0.000, 0.060, 0.100, 10
train,    842, 115.000000,   32, 0.00,    8, 0.000, 0.060, 0.100, 10
train,    843, 79.432049,   26, 0.00,    8, 0.000, 0.060, 0.100, 10
train,    844, 33.975282,   23, 1.00,    8, 0.000, 0.060, 0.100, 10
train,    845, 106.864244,   11, 0.00,    5, 0.000, 0.060, 0.100, 10
train,    846, 111.011137,   19, 1.00,    7, 0.000, 0.060, 0.100, 10
train,    847, 63.153853,    8, 1.00,    7, 0.000, 0.060, 0.100, 10
train,    848, 65.525868,   15, 0.00,    9, 0.000, 0.060, 0.100, 10
train,    849, 23.263581,   13, 1.00,   10, 0.000, 0.060, 0.100, 10
val,      849, 6.066337, 0.5010,  15.3330,   4.7429, 0.4969,  11.9521
train,    850, 57.010328,   24, 1.00,    7, 0.000, 0.060, 0.100, 10
train,    851, 20.398584,   20, 1.00,    6, 0.000, 0.060, 0.100, 10
train,    852, 65.339233,   14, 1.00,    6, 0.000, 0.060, 0.100, 10
train,    853, 73.082440,   14, 1.00,    5, 0.000, 0.060, 0.100, 10
train,    854, 77.364653,   31, 0.00,    3, 0.000, 0.060, 0.100, 10
train,    855, 11.311446,   40, 0.00,    7, 0.000, 0.060, 0.100, 10
train,    856, -5.698905,   13, 1.00,    5, 0.000, 0.060, 0.100, 10
train,    857, 39.947641,   16, 1.00,    3, 0.000, 0.060, 0.100, 10
train,    858, -5.247177,   22, 1.00,    4, 0.000, 0.060, 0.100, 10
train,    859, -34.794931,   29, 1.00,    7, 0.000, 0.060, 0.100, 10
train,    860, -21.100548,   35, 1.00,    5, 0.000, 0.060, 0.100, 10
train,    861, -20.140922,   19, 0.00,    2, 0.000, 0.060, 0.100, 10
train,    862, -15.374247,   29, 1.00,    1, 0.000, 0.060, 0.100, 10
train,    863, -73.132480,   25, 1.00,    5, 0.000, 0.060, 0.100, 10
train,    864, -76.876839,   26, 1.00,    5, 0.000, 0.060, 0.100, 10
train,    865, -19.750929,   36, 1.00,    5, 0.000, 0.060, 0.100, 10
train,    866, -56.150188,   36, 1.00,    5, 0.000, 0.060, 0.100, 10
train,    867, -25.983367,   21, 1.00,    3, 0.000, 0.060, 0.100, 10
train,    868, -36.341051,   25, 1.00,    4, 0.000, 0.060, 0.100, 10
train,    869, -105.084646,   22, 0.00,    6, 0.000, 0.060, 0.100, 10
train,    870, -41.007687,   31, 1.00,    1, 0.000, 0.060, 0.100, 10
train,    871, -81.671049,   44, 0.00,    3, 0.000, 0.060, 0.100, 10
train,    872, -91.051063,   32, 1.00,    5, 0.000, 0.060, 0.100, 10
train,    873, -75.098748,   32, 1.00,    2, 0.000, 0.060, 0.100, 10
train,    874, -36.288697,   37, 1.00,    3, 0.000, 0.060, 0.100, 10
val,      874, 49.904700, 0.3851,  21.2745,   4.6018, 0.5564,  11.2451
train,    875, -66.137248,   33, 0.00,    0, 0.000, 0.060, 0.100, 10
train,    876, -33.991078,   26, 1.00,    2, 0.000, 0.060, 0.100, 10
train,    877, -17.137843,   36, 0.00,    4, 0.000, 0.060, 0.100, 10
train,    878, -44.104872,   41, 1.00,    3, 0.000, 0.060, 0.100, 10
train,    879, -28.544022,   46, 0.00,    4, 0.000, 0.060, 0.100, 10
train,    880, -66.127577,   31, 1.00,    5, 0.000, 0.060, 0.100, 10
update,   880,   22,  507, 13.859620, 0.000000
train,    881, -56.300663,   34, 1.00,    6, 0.000, 0.060, 0.100, 10
train,    882, -10.656934,   23, 0.00,    2, 0.000, 0.060, 0.100, 10
train,    883, -23.455679,   33, 1.00,    2, 0.000, 0.060, 0.100, 11
train,    884, -19.926348,   38, 1.00,    4, 0.000, 0.060, 0.100, 11
train,    885, -33.112775,   36, 0.00,    3, 0.000, 0.060, 0.100, 11
train,    886, -13.998028,   29, 0.00,    6, 0.000, 0.060, 0.100, 11
train,    887, -26.010544,   24, 1.00,    6, 0.000, 0.060, 0.100, 11
train,    888, -38.041445,   43, 1.00,    4, 0.000, 0.060, 0.100, 11
train,    889, -12.237261,   34, 0.00,    8, 0.000, 0.060, 0.100, 11
train,    890, -19.219556,   48, 1.00,    7, 0.000, 0.060, 0.100, 11
train,    891, -8.316106,   52, 1.00,    6, 0.000, 0.060, 0.100, 11
train,    892, -6.736943,   23, 1.00,    2, 0.000, 0.060, 0.100, 11
train,    893, 11.360852,   39, 0.00,    4, 0.000, 0.060, 0.100, 11
train,    894, -11.940314,   30, 1.00,    8, 0.000, 0.060, 0.100, 11
train,    895, -63.543381,   40, 0.00,    9, 0.000, 0.060, 0.100, 11
train,    896, 32.474635,   39, 0.00,   10, 0.000, 0.060, 0.100, 11
train,    897, -53.898291,   37, 0.00,    6, 0.000, 0.060, 0.100, 11
train,    898, 29.359793,   31, 1.00,   11, 0.000, 0.060, 0.100, 11
train,    899, 2.927191,   50, 1.00,    5, 0.000, 0.060, 0.100, 11
val,      899, 40.695824, 0.1013,  28.2986,   4.8920, 0.6352,  10.9602
train,    900, 28.037801,   47, 1.00,    8, 0.000, 0.060, 0.100, 11
train,    901, 0.214685,   36, 1.00,    8, 0.000, 0.060, 0.100, 11
train,    902, 32.062151,   34, 0.00,    8, 0.000, 0.060, 0.100, 11
train,    903, 50.635788,   35, 1.00,   11, 0.000, 0.060, 0.100, 11
train,    904, 4.468491,   33, 0.00,    9, 0.000, 0.060, 0.100, 11
train,    905, 26.247848,   48, 1.00,    9, 0.000, 0.060, 0.100, 11
train,    906, 52.363187,   43, 1.00,   12, 0.000, 0.060, 0.100, 11
train,    907, 15.847068,   29, 1.00,   10, 0.000, 0.060, 0.100, 11
train,    908, 21.119347,   41, 1.00,   10, 0.000, 0.060, 0.100, 12
train,    909, 21.645010,   29, 0.00,   10, 0.000, 0.060, 0.100, 12
train,    910, 45.636089,   35, 1.00,   11, 0.000, 0.060, 0.100, 12
train,    911, 35.999536,   35, 0.00,   12, 0.000, 0.060, 0.100, 12
train,    912, 79.379483,   36, 1.00,   10, 0.000, 0.060, 0.100, 12
train,    913, 46.353033,   38, 1.00,   11, 0.000, 0.060, 0.100, 12
train,    914, 33.637367,   34, 0.00,   10, 0.000, 0.060, 0.100, 12
train,    915, 34.713413,   27, 0.00,   11, 0.000, 0.060, 0.100, 12
train,    916, 51.479220,   30, 0.00,   11, 0.000, 0.060, 0.100, 12
train,    917, 4.070244,   46, 0.00,   13, 0.000, 0.060, 0.100, 12
train,    918, 0.843070,   30, 0.00,   11, 0.000, 0.060, 0.100, 12
train,    919, 58.056048,   38, 0.00,   12, 0.000, 0.060, 0.100, 12
train,    920, 0.947173,   38, 0.00,   13, 0.000, 0.060, 0.100, 12
update,   920,   23,  581, 12.511089, 0.000000
train,    921, 6.126522,   28, 0.00,   13, 0.000, 0.060, 0.100, 12
train,    922, 15.635786,   31, 0.00,    9, 0.000, 0.060, 0.100, 12
train,    923, 5.477661,   20, 0.00,   11, 0.000, 0.060, 0.100, 12
train,    924, 3.200295,   28, 0.00,   11, 0.000, 0.060, 0.100, 12
val,      924, 38.862681, 0.2760,  44.3875,   4.5202, 0.4478,  11.7133
train,    925, -18.907156,   37, 1.00,    9, 0.000, 0.060, 0.100, 13
train,    926, 14.470314,   28, 0.00,   11, 0.000, 0.060, 0.100, 13
train,    927, -85.646547,    5, 1.00,   11, 0.000, 0.060, 0.100, 13
train,    928, -7.503509,   30, 0.00,   14, 0.000, 0.060, 0.100, 13
train,    929, -44.487968,   24, 1.00,    8, 0.000, 0.060, 0.100, 13
train,    930, -54.221803,   17, 1.00,    9, 0.000, 0.060, 0.100, 13
train,    931, -32.095733,   12, 0.00,    8, 0.000, 0.060, 0.100, 13
train,    932, -54.957371,   17, 1.00,   10, 0.000, 0.060, 0.100, 13
train,    933, -84.464961,   24, 0.00,   10, 0.000, 0.060, 0.100, 13
train,    934, -58.342224,   23, 1.00,   12, 0.000, 0.060, 0.100, 13
train,    935, -114.664164,   27, 1.00,    8, 0.000, 0.060, 0.100, 13
train,    936, -49.087517,   19, 1.00,   10, 0.000, 0.060, 0.100, 13
train,    937, -81.247197,   16, 0.00,    7, 0.000, 0.060, 0.100, 13
train,    938, -34.664976,   22, 0.00,   11, 0.000, 0.060, 0.100, 13
train,    939, -115.696583,   22, 1.00,   12, 0.000, 0.060, 0.100, 13
train,    940, -59.777883,   16, 1.00,    8, 0.000, 0.060, 0.100, 13
train,    941, -40.827250,   22, 0.00,    8, 0.000, 0.060, 0.100, 14
train,    942, -90.390807,    8, 0.00,    9, 0.000, 0.060, 0.100, 14
train,    943, -43.195032,   26, 0.00,    4, 0.000, 0.060, 0.100, 14
train,    944, -3.257904,   27, 1.00,    8, 0.000, 0.060, 0.100, 14
train,    945, -3.695250,   22, 1.00,   10, 0.000, 0.060, 0.100, 14
train,    946, -47.304628,   22, 0.00,    8, 0.000, 0.060, 0.100, 14
train,    947, -11.424785,   16, 1.00,    5, 0.000, 0.060, 0.100, 14
train,    948, -15.482564,   23, 0.00,    6, 0.000, 0.060, 0.100, 14
train,    949, -15.499073,   21, 1.00,    6, 0.000, 0.060, 0.100, 14
val,      949, -0.595018, 0.2824,  36.6114,   4.6344, 0.4575,  11.4064
train,    950, 7.965967,   17, 1.00,    8, 0.000, 0.060, 0.100, 14
train,    951, 19.543121,   18, 1.00,    7, 0.000, 0.060, 0.100, 14
train,    952, 16.354139,   29, 1.00,    8, 0.000, 0.060, 0.100, 14
train,    953, 53.593429,   16, 0.00,    2, 0.000, 0.060, 0.100, 14
train,    954, 50.605518,   29, 0.00,    4, 0.000, 0.060, 0.100, 14
train,    955, -14.995442,   25, 0.00,    7, 0.000, 0.060, 0.100, 14
train,    956, 27.197573,   29, 1.00,    2, 0.000, 0.060, 0.100, 15
train,    957, 41.706896,   13, 0.00,    2, 0.000, 0.060, 0.100, 15
train,    958, 58.757576,   25, 1.00,    2, 0.000, 0.060, 0.100, 15
train,    959, 54.547195,   20, 0.00,    1, 0.000, 0.060, 0.100, 15
train,    960, 61.818520,   23, 1.00,    0, 0.000, 0.060, 0.100, 15
update,   960,   24,  541, 12.967506, 0.000000
train,    961, 41.538012,   17, 1.00,    2, 0.000, 0.060, 0.100, 15
train,    962, 65.215259,   28, 1.00,    3, 0.000, 0.060, 0.100, 15
train,    963, 21.675658,   12, 0.00,    4, 0.000, 0.060, 0.100, 15
train,    964, 84.834022,   20, 1.00,    4, 0.000, 0.060, 0.100, 15
train,    965, 69.688808,   23, 1.00,    0, 0.000, 0.060, 0.100, 15
train,    966, 87.562554,   22, 1.00,    9, 0.000, 0.060, 0.100, 15
train,    967, 45.654847,   24, 1.00,    2, 0.000, 0.060, 0.100, 15
train,    968, 60.564671,   39, 1.00,    0, 0.000, 0.060, 0.100, 15
train,    969, 78.945308,   28, 0.00,    5, 0.000, 0.060, 0.100, 15
train,    970, 84.447595,   19, 1.00,    3, 0.000, 0.060, 0.100, 15
train,    971, 87.352256,   20, 0.00,    2, 0.000, 0.060, 0.100, 15
train,    972, 78.899021,   43, 1.00,    1, 0.000, 0.060, 0.100, 16
train,    973, 64.896665,   30, 1.00,    1, 0.000, 0.060, 0.100, 16
train,    974, 55.782359,   15, 1.00,    2, 0.000, 0.060, 0.100, 16
val,      974, 2.211334, 0.2401,  26.9473,   3.9836, 0.5657,  11.8463
train,    975, 110.133849,   34, 1.00,    3, 0.000, 0.060, 0.100, 16
train,    976, 115.000000,   27, 0.00,    3, 0.000, 0.060, 0.100, 16
train,    977, 72.171400,   26, 1.00,    3, 0.000, 0.060, 0.100, 16
train,    978, 74.171265,   25, 1.00,    3, 0.000, 0.060, 0.100, 16
train,    979, 45.602646,   33, 1.00,    4, 0.000, 0.060, 0.100, 16
train,    980, 30.562227,   34, 0.00,    4, 0.000, 0.060, 0.100, 16
train,    981, 90.358075,   45, 0.00,    3, 0.000, 0.060, 0.100, 16
train,    982, 92.059584,   28, 0.00,    5, 0.000, 0.060, 0.100, 16
train,    983, 97.828476,   25, 0.00,    3, 0.000, 0.060, 0.100, 16
train,    984, 88.547610,   31, 1.00,    6, 0.000, 0.060, 0.100, 16
train,    985, 78.525868,   24, 1.00,    8, 0.000, 0.060, 0.100, 16
train,    986, 98.321208,   19, 1.00,    2, 0.000, 0.060, 0.100, 16
train,    987, 38.493351,   32, 1.00,    4, 0.000, 0.060, 0.100, 16
train,    988, 70.119173,   43, 1.00,    9, 0.000, 0.060, 0.100, 16
train,    989, 24.356268,   38, 0.00,    9, 0.000, 0.060, 0.100, 16
train,    990, 37.279398,   36, 0.00,    6, 0.000, 0.060, 0.100, 16
train,    991, 43.741702,   40, 1.00,    5, 0.000, 0.060, 0.100, 16
train,    992, 30.245974,   46, 1.00,    7, 0.000, 0.060, 0.100, 16
train,    993, 58.706057,   30, 0.00,    6, 0.000, 0.060, 0.100, 16
train,    994, 9.512425,   38, 0.00,    6, 0.000, 0.060, 0.100, 17
train,    995, 35.462516,   28, 1.00,    9, 0.000, 0.060, 0.100, 17
train,    996, 10.872298,   42, 1.00,    5, 0.000, 0.060, 0.100, 17
train,    997, -6.395105,   45, 1.00,    9, 0.000, 0.060, 0.100, 17
train,    998, -9.502074,   27, 0.00,    6, 0.000, 0.060, 0.100, 17
train,    999, 14.928677,   28, 1.00,    9, 0.000, 0.060, 0.100, 17
val,      999, 34.395612, 0.2465,  27.6158,   4.0077, 0.6567,  12.7366
train,    1000, 27.104819,   30, 1.00,   11, 0.000, 0.060, 0.100, 17
update,   1000,   25,  600, 0.781007, 0.000000
train,    1001, -11.352708,   50, 1.00,    7, 0.000, 0.060, 0.100, 17
train,    1002, 4.202193,   39, 1.00,   12, 0.000, 0.060, 0.100, 17
train,    1003, -17.503913,   50, 1.00,    5, 0.000, 0.060, 0.100, 17
train,    1004, -17.659311,   44, 1.00,    9, 0.000, 0.060, 0.100, 17
train,    1005, 47.135239,   40, 1.00,    7, 0.000, 0.060, 0.100, 17
train,    1006, 6.977480,   36, 1.00,    8, 0.000, 0.060, 0.100, 17
train,    1007, 31.766752,   28, 1.00,    8, 0.000, 0.060, 0.100, 17
train,    1008, -17.917714,   46, 0.00,    8, 0.000, 0.060, 0.100, 17
train,    1009, 11.340523,   47, 1.00,   10, 0.000, 0.060, 0.100, 17
train,    1010, 19.252908,   30, 1.00,   10, 0.000, 0.060, 0.100, 17
train,    1011, 5.840986,   41, 0.00,   13, 0.000, 0.060, 0.100, 17
train,    1012, 31.881615,   35, 1.00,   12, 0.000, 0.060, 0.100, 17
train,    1013, 56.942655,   36, 1.00,   15, 0.000, 0.060, 0.100, 17
train,    1014, 45.236062,   27, 1.00,   13, 0.000, 0.060, 0.100, 17
train,    1015, 27.840112,   35, 1.00,   10, 0.000, 0.060, 0.100, 17
train,    1016, 35.354928,   34, 1.00,   13, 0.000, 0.060, 0.100, 17
train,    1017, 42.480482,   42, 1.00,   13, 0.000, 0.060, 0.100, 17
train,    1018, 37.990543,   28, 1.00,   11, 0.000, 0.060, 0.100, 17
train,    1019, 39.313161,   30, 1.00,   11, 0.000, 0.060, 0.100, 17
train,    1020, 26.293960,   39, 0.00,   12, 0.000, 0.060, 0.100, 17
train,    1021, 37.929361,   30, 0.00,    9, 0.000, 0.060, 0.100, 17
train,    1022, 61.709798,   39, 1.00,   14, 0.000, 0.060, 0.100, 17
train,    1023, 63.478039,   33, 0.00,   12, 0.000, 0.060, 0.100, 17
train,    1024, 54.094222,   20, 1.00,   11, 0.000, 0.060, 0.100, 17
val,      1024, 51.666095, 0.3718,  22.7643,   3.9190, 0.5107,  11.8528
train,    1025, 65.043619,   35, 0.00,   10, 0.000, 0.060, 0.100, 17
train,    1026, 44.906378,   41, 0.00,   11, 0.000, 0.060, 0.100, 17
train,    1027, 87.460662,   29, 1.00,   10, 0.000, 0.060, 0.100, 17
train,    1028, 61.497113,   39, 0.00,   10, 0.000, 0.060, 0.100, 17
train,    1029, 107.175435,   38, 0.00,    8, 0.000, 0.060, 0.100, 17
train,    1030, 108.082583,   46, 0.00,   12, 0.000, 0.060, 0.100, 17
train,    1031, 61.365526,   40, 1.00,   11, 0.000, 0.060, 0.100, 17
train,    1032, 35.453532,   29, 0.00,   12, 0.000, 0.060, 0.100, 17
train,    1033, 33.675169,   36, 1.00,   10, 0.000, 0.060, 0.100, 17
train,    1034, 87.768059,   24, 1.00,    9, 0.000, 0.060, 0.100, 17
train,    1035, 6.752758,   39, 1.00,   12, 0.000, 0.060, 0.100, 17
train,    1036, 87.336200,   26, 0.00,    9, 0.000, 0.060, 0.100, 17
train,    1037, 42.169799,   16, 0.00,    7, 0.000, 0.060, 0.100, 17
train,    1038, 90.999105,   37, 1.00,   10, 0.000, 0.060, 0.100, 17
train,    1039, 71.502196,   29, 1.00,   11, 0.000, 0.060, 0.100, 17
train,    1040, 48.830186,   31, 0.00,    9, 0.000, 0.060, 0.100, 17
update,   1040,   26,  499, 18.583769, 0.000000
train,    1041, 48.512521,   25, 0.00,    9, 0.000, 0.060, 0.100, 17
train,    1042, 51.637212,   18, 0.00,    8, 0.000, 0.060, 0.100, 17
train,    1043, 21.362524,   31, 0.00,    7, 0.000, 0.060, 0.100, 17
train,    1044, 86.863396,   32, 0.00,    8, 0.000, 0.060, 0.100, 17
train,    1045, 55.241272,   33, 1.00,   10, 0.000, 0.060, 0.100, 17
train,    1046, 67.133822,   19, 0.00,    9, 0.000, 0.060, 0.100, 17
train,    1047, 71.881430,   35, 0.00,    9, 0.000, 0.060, 0.100, 17
train,    1048, 86.090573,   35, 0.00,    8, 0.000, 0.060, 0.100, 17
train,    1049, 26.042134,   24, 0.00,    6, 0.000, 0.060, 0.100, 17
val,      1049, 44.313523, 0.2958,  23.9765,   3.6766, 0.6146,  12.2638
train,    1050, -49.383060,   25, 0.00,    7, 0.000, 0.060, 0.100, 17
train,    1051, 83.969191,   20, 1.00,    7, 0.000, 0.060, 0.100, 17
train,    1052, 38.566752,   22, 0.00,    5, 0.000, 0.060, 0.100, 17
train,    1053, 29.956052,   23, 1.00,    7, 0.000, 0.060, 0.100, 17
train,    1054, 37.647786,   16, 0.00,    7, 0.000, 0.060, 0.100, 17
train,    1055, 13.802939,   22, 0.00,    5, 0.000, 0.060, 0.100, 17
train,    1056, -7.288160,   20, 0.00,    1, 0.000, 0.060, 0.100, 17
train,    1057, 47.638801,   27, 1.00,    4, 0.000, 0.060, 0.100, 17
train,    1058, -25.414333,   28, 1.00,    5, 0.000, 0.060, 0.100, 17
train,    1059, 14.775048,   15, 1.00,    1, 0.000, 0.060, 0.100, 17
train,    1060, -14.326267,   27, 0.00,    1, 0.000, 0.060, 0.100, 16
train,    1061, -43.575046,   28, 0.00,    5, 0.000, 0.060, 0.100, 16
train,    1062, -13.795283,   25, 1.00,    6, 0.000, 0.060, 0.100, 16
train,    1063, -64.467338,   23, 0.00,    6, 0.000, 0.060, 0.100, 16
train,    1064, -33.865864,   23, 0.00,    3, 0.000, 0.060, 0.100, 16
train,    1065, -78.054223,   20, 1.00,    1, 0.000, 0.060, 0.100, 16
train,    1066, -70.219231,   31, 0.00,    1, 0.000, 0.060, 0.100, 16
train,    1067, -12.621075,   20, 1.00,    4, 0.000, 0.060, 0.100, 16
train,    1068, -63.914640,   25, 1.00,    4, 0.000, 0.060, 0.100, 16
train,    1069, -59.229389,   18, 0.00,    0, 0.000, 0.060, 0.100, 16
train,    1070, -51.787934,   36, 0.00,    5, 0.000, 0.060, 0.100, 16
train,    1071, -70.860171,   31, 0.00,    3, 0.000, 0.060, 0.100, 16
train,    1072, -9.586024,   13, 1.00,    0, 0.000, 0.060, 0.100, 16
train,    1073, -66.114102,   24, 1.00,    2, 0.000, 0.060, 0.100, 16
train,    1074, -80.245722,   35, 0.00,    5, 0.000, 0.060, 0.100, 16
val,      1074, 32.374222, 0.1940,  23.6882,   4.2796, 0.6147,  12.7546
train,    1075, -65.404987,   24, 1.00,    1, 0.000, 0.060, 0.100, 16
train,    1076, -94.383941,   34, 0.00,    2, 0.000, 0.060, 0.100, 16
train,    1077, -24.223787,   19, 1.00,    5, 0.000, 0.060, 0.100, 16
train,    1078, -30.595598,   18, 1.00,    5, 0.000, 0.060, 0.100, 16
train,    1079, -34.108987,   31, 0.00,    4, 0.000, 0.060, 0.100, 16
train,    1080, -14.855580,   37, 0.00,    5, 0.000, 0.060, 0.100, 16
update,   1080,   27,  547, 23.701624, 0.000000
train,    1081, -20.622549,   34, 0.00,    0, 0.000, 0.060, 0.100, 16
train,    1082, -27.982317,   19, 0.00,    3, 0.000, 0.060, 0.100, 16
train,    1083, -37.559816,   26, 0.00,    3, 0.000, 0.060, 0.100, 15
train,    1084, 44.009064,   17, 0.00,    2, 0.000, 0.060, 0.100, 15
train,    1085, -25.173686,   19, 0.00,    3, 0.000, 0.060, 0.100, 15
train,    1086, 20.052189,   33, 1.00,    0, 0.000, 0.060, 0.100, 15
train,    1087, -4.546350,   35, 1.00,    4, 0.000, 0.060, 0.100, 15
train,    1088, -0.586916,   16, 0.00,    4, 0.000, 0.060, 0.100, 15
train,    1089, -6.119220,   40, 0.00,    5, 0.000, 0.060, 0.100, 15
train,    1090, 35.353044,   29, 0.00,    4, 0.000, 0.060, 0.100, 15
train,    1091, 48.476330,   24, 1.00,    2, 0.000, 0.060, 0.100, 15
train,    1092, -23.443126,   38, 1.00,    6, 0.000, 0.060, 0.100, 15
train,    1093, 37.047093,   38, 0.00,    6, 0.000, 0.060, 0.100, 15
train,    1094, 45.264062,   38, 1.00,    5, 0.000, 0.060, 0.100, 15
train,    1095, 68.241180,   42, 1.00,    6, 0.000, 0.060, 0.100, 15
train,    1096, 10.979186,   35, 0.00,    7, 0.000, 0.060, 0.100, 15
train,    1097, 22.646484,   27, 0.00,    4, 0.000, 0.060, 0.100, 15
train,    1098, 11.133307,   33, 0.00,    8, 0.000, 0.060, 0.100, 15
train,    1099, 31.239791,   37, 1.00,    8, 0.000, 0.060, 0.100, 15
val,      1099, 2.536621, 0.3402,  23.2784,   4.0139, 0.6277,  11.4782
train,    1100, 62.426152,   40, 1.00,    9, 0.000, 0.060, 0.100, 15
train,    1101, 22.397419,   49, 1.00,    8, 0.000, 0.060, 0.100, 15
train,    1102, 20.145092,   43, 1.00,    7, 0.000, 0.060, 0.100, 14
train,    1103, 49.448343,   33, 0.00,    7, 0.000, 0.060, 0.100, 14
train,    1104, 44.036145,   44, 0.00,   11, 0.000, 0.060, 0.100, 14
train,    1105, 11.604490,   34, 0.00,    5, 0.000, 0.060, 0.100, 14
train,    1106, 30.922407,   32, 0.00,    8, 0.000, 0.060, 0.100, 14
train,    1107, 43.998743,   26, 1.00,   12, 0.000, 0.060, 0.100, 14
train,    1108, 18.299410,   45, 1.00,    8, 0.000, 0.060, 0.100, 14
train,    1109, 64.662715,   30, 0.00,    6, 0.000, 0.060, 0.100, 14
train,    1110, 27.176332,   40, 0.00,   11, 0.000, 0.060, 0.100, 14
train,    1111, 29.913500,   31, 0.00,   12, 0.000, 0.060, 0.100, 14
train,    1112, 58.043287,   43, 1.00,    8, 0.000, 0.060, 0.100, 14
train,    1113, 42.943209,   31, 0.00,   10, 0.000, 0.060, 0.100, 14
train,    1114, 37.162981,   28, 1.00,   12, 0.000, 0.060, 0.100, 14
train,    1115, 17.195608,   40, 0.00,   11, 0.000, 0.060, 0.100, 14
train,    1116, 67.490875,   42, 0.00,   10, 0.000, 0.060, 0.100, 14
train,    1117, 4.343827,   44, 1.00,   10, 0.000, 0.060, 0.100, 14
train,    1118, 30.891844,   41, 1.00,   10, 0.000, 0.060, 0.100, 14
train,    1119, 27.687187,   43, 1.00,   12, 0.000, 0.060, 0.100, 14
train,    1120, 1.780825,   40, 0.00,    9, 0.000, 0.060, 0.100, 14
update,   1120,   28,  533, 20.398384, 0.000000
train,    1121, 11.820814,   36, 1.00,   11, 0.000, 0.060, 0.100, 13
train,    1122, 14.203840,   39, 1.00,   13, 0.000, 0.060, 0.100, 13
train,    1123, -34.064286,   47, 1.00,   18, 0.000, 0.060, 0.100, 13
train,    1124, -6.958681,   44, 0.00,    9, 0.000, 0.060, 0.100, 13
val,      1124, -2.101234, 0.3297,  24.5617,   3.9480, 0.4674,  13.0784
train,    1125, -18.571949,   50, 1.00,   13, 0.000, 0.060, 0.100, 13
train,    1126, -12.976039,   33, 1.00,    9, 0.000, 0.060, 0.100, 13
train,    1127, -20.369355,   51, 0.00,   10, 0.000, 0.060, 0.100, 13
train,    1128, -53.760950,   35, 0.00,   14, 0.000, 0.060, 0.100, 13
train,    1129, 8.935611,   29, 0.00,    9, 0.000, 0.060, 0.100, 13
train,    1130, -59.767983,   37, 0.00,   10, 0.000, 0.060, 0.100, 13
train,    1131, -41.430938,   35, 0.00,    9, 0.000, 0.060, 0.100, 13
train,    1132, -54.105431,   33, 1.00,   12, 0.000, 0.060, 0.100, 13
train,    1133, -39.817038,   37, 1.00,   12, 0.000, 0.060, 0.100, 13
train,    1134, -67.603867,   32, 0.00,   11, 0.000, 0.060, 0.100, 13
train,    1135, -98.708393,   39, 1.00,   11, 0.000, 0.060, 0.100, 13
train,    1136, -66.576687,   39, 0.00,    7, 0.000, 0.060, 0.100, 13
train,    1137, -26.147715,   42, 1.00,    9, 0.000, 0.060, 0.100, 13
train,    1138, -76.430574,   40, 1.00,   11, 0.000, 0.060, 0.100, 13
train,    1139, -44.882224,   32, 0.00,   11, 0.000, 0.060, 0.100, 13
train,    1140, -82.152365,   37, 1.00,    4, 0.000, 0.060, 0.100, 13
train,    1141, -19.175062,   41, 0.00,    8, 0.000, 0.060, 0.100, 13
train,    1142, -73.986210,   28, 0.00,    8, 0.000, 0.060, 0.100, 13
train,    1143, 18.443124,   32, 0.00,   11, 0.000, 0.060, 0.100, 13
train,    1144, -27.778422,   33, 1.00,    4, 0.000, 0.060, 0.100, 13
train,    1145, -22.770983,   25, 1.00,    8, 0.000, 0.060, 0.100, 13
train,    1146, 2.666502,   34, 0.00,    7, 0.000, 0.060, 0.100, 12
train,    1147, -16.222741,   47, 1.00,    7, 0.000, 0.060, 0.100, 12
train,    1148, 12.467506,   27, 1.00,   10, 0.000, 0.060, 0.100, 12
train,    1149, 33.805818,   22, 1.00,   10, 0.000, 0.060, 0.100, 12
val,      1149, -3.148247, 0.2076,  36.7103,   3.7850, 0.6201,  12.2728
train,    1150, 55.989818,   40, 1.00,    8, 0.000, 0.060, 0.100, 12
train,    1151, 15.178590,   31, 0.00,    7, 0.000, 0.060, 0.100, 12
train,    1152, 36.316784,   35, 0.00,    4, 0.000, 0.060, 0.100, 12
train,    1153, 18.714074,   46, 1.00,    5, 0.000, 0.060, 0.100, 12
train,    1154, 62.781989,   41, 1.00,    8, 0.000, 0.060, 0.100, 12
train,    1155, 58.383875,   34, 1.00,    6, 0.000, 0.060, 0.100, 12
train,    1156, 102.238729,   28, 1.00,    5, 0.000, 0.060, 0.100, 12
train,    1157, 44.457335,   21, 0.00,    5, 0.000, 0.060, 0.100, 12
train,    1158, 71.931727,   32, 1.00,    5, 0.000, 0.060, 0.100, 12
train,    1159, 27.203207,   23, 1.00,    6, 0.000, 0.060, 0.100, 12
train,    1160, 51.555562,   16, 0.00,    3, 0.000, 0.060, 0.100, 12
update,   1160,   29,  588, 17.397551, 0.000000
train,    1161, 109.106875,   27, 1.00,    3, 0.000, 0.060, 0.100, 12
train,    1162, 65.144251,   38, 0.00,    1, 0.000, 0.060, 0.100, 12
train,    1163, 32.368281,   18, 1.00,    4, 0.000, 0.060, 0.100, 12
train,    1164, 32.326441,   39, 1.00,    5, 0.000, 0.060, 0.100, 12
train,    1165, 38.103438,   20, 0.00,    4, 0.000, 0.060, 0.100, 12
train,    1166, 76.979713,   19, 1.00,    4, 0.000, 0.060, 0.100, 12
train,    1167, 37.985863,   28, 1.00,    5, 0.000, 0.060, 0.100, 12
train,    1168, 73.375569,   26, 0.00,    3, 0.000, 0.060, 0.100, 12
train,    1169, 45.100363,   17, 1.00,    3, 0.000, 0.060, 0.100, 12
train,    1170, 94.009077,   22, 1.00,    3, 0.000, 0.060, 0.100, 12
train,    1171, 63.644402,   24, 1.00,    5, 0.000, 0.060, 0.100, 12
train,    1172, 92.922894,   27, 1.00,    2, 0.000, 0.060, 0.100, 12
train,    1173, 71.858422,   20, 0.00,    4, 0.000, 0.060, 0.100, 12
train,    1174, 111.767110,   27, 1.00,    1, 0.000, 0.060, 0.100, 12
val,      1174, 25.292384, 0.2951,  32.7759,   3.8985, 0.6690,  12.3170
train,    1175, 65.716514,   13, 1.00,    6, 0.000, 0.060, 0.100, 12
train,    1176, 48.094186,   26, 1.00,    0, 0.000, 0.060, 0.100, 12
train,    1177, 71.424168,   25, 0.00,    1, 0.000, 0.060, 0.100, 12
train,    1178, 62.112445,   27, 0.00,    4, 0.000, 0.060, 0.100, 12
train,    1179, 85.426577,   34, 1.00,    6, 0.000, 0.060, 0.100, 12
train,    1180, 98.160049,   16, 0.00,    0, 0.000, 0.060, 0.100, 12
train,    1181, 54.769637,   27, 1.00,    3, 0.000, 0.060, 0.100, 12
train,    1182, 84.357170,   17, 1.00,    3, 0.000, 0.060, 0.100, 12
train,    1183, 43.259850,   40, 0.00,    5, 0.000, 0.060, 0.100, 12
train,    1184, 80.378716,   27, 0.00,    6, 0.000, 0.060, 0.100, 12
train,    1185, 82.735568,   21, 1.00,    4, 0.000, 0.060, 0.100, 12
train,    1186, 54.992599,   29, 0.00,    7, 0.000, 0.060, 0.100, 12
train,    1187, 55.748960,   23, 0.00,    4, 0.000, 0.060, 0.100, 12
train,    1188, 44.351428,   28, 1.00,    6, 0.000, 0.060, 0.100, 12
train,    1189, 50.659242,   33, 1.00,    6, 0.000, 0.060, 0.100, 12
train,    1190, 76.570761,   34, 0.00,    5, 0.000, 0.060, 0.100, 12
train,    1191, 18.668620,   29, 0.00,    7, 0.000, 0.060, 0.100, 12
train,    1192, 71.286256,   37, 0.00,    4, 0.000, 0.060, 0.100, 12
train,    1193, 20.083662,   24, 0.00,    8, 0.000, 0.060, 0.100, 12
train,    1194, 33.287944,   43, 0.00,    6, 0.000, 0.060, 0.100, 12
train,    1195, 57.166741,   31, 0.00,    7, 0.000, 0.060, 0.100, 12
train,    1196, 43.724607,   28, 0.00,    7, 0.000, 0.060, 0.100, 12
train,    1197, -30.600569,   28, 0.00,    7, 0.000, 0.060, 0.100, 12
train,    1198, 44.333242,   29, 0.00,    4, 0.000, 0.060, 0.100, 12
train,    1199, 8.886610,   31, 1.00,    8, 0.000, 0.060, 0.100, 12
val,      1199, 36.775220, 0.3472,  36.3963,   3.9832, 0.7196,  11.5239
train,    1200, -3.918385,   29, 0.00,    8, 0.000, 0.060, 0.100, 12
update,   1200,   30,  519, 15.830408, 0.000000
train,    1201, -1.034828,   35, 0.00,    9, 0.000, 0.060, 0.100, 13
train,    1202, -21.784953,   33, 0.00,    4, 0.000, 0.060, 0.100, 13
train,    1203, -3.223056,   30, 1.00,    7, 0.000, 0.060, 0.100, 13
train,    1204, 13.997959,   36, 1.00,   13, 0.000, 0.060, 0.100, 13
train,    1205, -11.609862,   47, 1.00,    9, 0.000, 0.060, 0.100, 13
train,    1206, 17.688454,   38, 1.00,    8, 0.000, 0.060, 0.100, 13
train,    1207, 4.791506,   33, 0.00,    6, 0.000, 0.060, 0.100, 13
train,    1208, 16.025015,   34, 0.00,   13, 0.000, 0.060, 0.100, 13
train,    1209, -21.822278,   23, 1.00,    9, 0.000, 0.060, 0.100, 13
train,    1210, 25.314663,   34, 0.00,   10, 0.000, 0.060, 0.100, 13
train,    1211, 25.924040,   28, 0.00,   10, 0.000, 0.060, 0.100, 13
train,    1212, 14.674982,   22, 0.00,    9, 0.000, 0.060, 0.100, 13
train,    1213, 7.403099,   48, 1.00,    9, 0.000, 0.060, 0.100, 13
train,    1214, 51.568671,   31, 0.00,   11, 0.000, 0.060, 0.100, 13
train,    1215, 30.056551,   38, 0.00,    6, 0.000, 0.060, 0.100, 13
train,    1216, 32.261043,   41, 0.00,    4, 0.000, 0.060, 0.100, 13
train,    1217, 41.809362,   32, 0.00,   10, 0.000, 0.060, 0.100, 13
train,    1218, 35.196081,   48, 0.00,    9, 0.000, 0.060, 0.100, 13
train,    1219, 84.488616,   46, 0.00,   10, 0.000, 0.060, 0.100, 13
train,    1220, 66.390271,   38, 1.00,   13, 0.000, 0.060, 0.100, 13
train,    1221, 94.496937,   43, 1.00,   10, 0.000, 0.060, 0.100, 13
train,    1222, 83.731335,   47, 1.00,    7, 0.000, 0.060, 0.100, 13
train,    1223, 30.871858,   49, 1.00,   13, 0.000, 0.060, 0.100, 13
train,    1224, 56.618094,   36, 0.00,   13, 0.000, 0.060, 0.100, 14
val,      1224, 17.513403, 0.1907,  29.1158,   3.4693, 0.6266,  12.1291
train,    1225, 101.014416,   50, 1.00,   11, 0.000, 0.060, 0.100, 14
train,    1226, 43.888262,   55, 1.00,   10, 0.000, 0.060, 0.100, 14
train,    1227, 71.731692,   38, 1.00,    8, 0.000, 0.060, 0.100, 14
train,    1228, 96.951967,   38, 1.00,    8, 0.000, 0.060, 0.100, 14
train,    1229, 59.734182,   38, 0.00,   13, 0.000, 0.060, 0.100, 14
train,    1230, 83.999000,   45, 0.00,    8, 0.000, 0.060, 0.100, 14
train,    1231, 96.374511,   42, 0.00,   12, 0.000, 0.060, 0.100, 14
train,    1232, 84.013795,   42, 1.00,   12, 0.000, 0.060, 0.100, 14
train,    1233, 88.143724,   32, 1.00,   10, 0.000, 0.060, 0.100, 14
train,    1234, 76.152640,   33, 1.00,    9, 0.000, 0.060, 0.100, 14
train,    1235, 58.177615,   32, 1.00,    8, 0.000, 0.060, 0.100, 14
train,    1236, 14.445831,   43, 1.00,    9, 0.000, 0.060, 0.100, 14
train,    1237, 73.595998,   45, 1.00,   10, 0.000, 0.060, 0.100, 14
train,    1238, 56.602123,   45, 1.00,   10, 0.000, 0.060, 0.100, 14
train,    1239, 18.673971,   28, 1.00,    9, 0.000, 0.060, 0.100, 14
train,    1240, 39.966504,   56, 1.00,    7, 0.000, 0.060, 0.100, 14
update,   1240,   31,  596, 17.745372, 0.000000
train,    1241, -2.740030,   36, 1.00,    8, 0.000, 0.060, 0.100, 15
train,    1242, 26.057087,   37, 0.00,    7, 0.000, 0.060, 0.100, 15
train,    1243, 53.589503,   33, 1.00,    5, 0.000, 0.060, 0.100, 15
train,    1244, 5.841470,   57, 1.00,    6, 0.000, 0.060, 0.100, 15
train,    1245, 65.952555,   42, 1.00,    9, 0.000, 0.060, 0.100, 15
train,    1246, 57.934698,   42, 1.00,   10, 0.000, 0.060, 0.100, 15
train,    1247, 10.087723,   54, 1.00,    5, 0.000, 0.060, 0.100, 15
train,    1248, 19.246301,   34, 0.00,    8, 0.000, 0.060, 0.100, 15
train,    1249, 60.960055,   39, 1.00,   10, 0.000, 0.060, 0.100, 15
val,      1249, 1.361929, 0.2178,  22.6832,   3.3564, 0.6272,  11.8785
train,    1250, 56.005565,   36, 1.00,    7, 0.000, 0.060, 0.100, 15
train,    1251, 9.859865,   45, 1.00,    5, 0.000, 0.060, 0.100, 15
train,    1252, 59.213268,   34, 0.00,    4, 0.000, 0.060, 0.100, 15
train,    1253, -2.767187,   45, 0.00,    5, 0.000, 0.060, 0.100, 15
train,    1254, 16.992933,   31, 0.00,    4, 0.000, 0.060, 0.100, 15
train,    1255, 7.625246,   31, 0.00,    6, 0.000, 0.060, 0.100, 15
train,    1256, 11.031772,   37, 1.00,    5, 0.000, 0.060, 0.100, 15
train,    1257, -5.955697,   39, 1.00,    2, 0.000, 0.060, 0.100, 16
train,    1258, -26.010364,   28, 1.00,    5, 0.000, 0.060, 0.100, 16
train,    1259, -20.698271,   31, 1.00,    3, 0.000, 0.060, 0.100, 16
train,    1260, 41.801911,   28, 1.00,    0, 0.000, 0.060, 0.100, 16
train,    1261, -7.114225,   29, 1.00,    3, 0.000, 0.060, 0.100, 16
train,    1262, -25.472622,   31, 1.00,    9, 0.000, 0.060, 0.100, 16
train,    1263, -15.895096,   35, 1.00,    4, 0.000, 0.060, 0.100, 16
train,    1264, -34.528792,   35, 0.00,    8, 0.000, 0.060, 0.100, 16
train,    1265, -18.129812,   35, 1.00,    4, 0.000, 0.060, 0.100, 16
train,    1266, -62.144704,   36, 1.00,    5, 0.000, 0.060, 0.100, 16
train,    1267, -51.630121,   30, 0.00,    0, 0.000, 0.060, 0.100, 16
train,    1268, -54.924249,   22, 1.00,    3, 0.000, 0.060, 0.100, 16
train,    1269, -9.578050,   36, 1.00,    3, 0.000, 0.060, 0.100, 16
train,    1270, -77.767981,   42, 1.00,    4, 0.000, 0.060, 0.100, 16
train,    1271, -0.840771,   33, 1.00,    0, 0.000, 0.060, 0.100, 16
train,    1272, -66.865918,   20, 1.00,    2, 0.000, 0.060, 0.100, 17
train,    1273, -72.261849,   29, 0.00,    4, 0.000, 0.060, 0.100, 17
train,    1274, -60.290442,   31, 1.00,    4, 0.000, 0.060, 0.100, 17
val,      1274, -19.354090, 0.1886,  35.6539,   3.1576, 0.6373,  12.4462
train,    1275, -23.377170,   34, 1.00,    0, 0.000, 0.060, 0.100, 17
train,    1276, 20.130136,   32, 0.00,    1, 0.000, 0.060, 0.100, 17
train,    1277, -54.080455,   35, 1.00,    1, 0.000, 0.060, 0.100, 17
train,    1278, -37.006913,   34, 1.00,    8, 0.000, 0.060, 0.100, 17
train,    1279, -50.301172,   21, 1.00,    5, 0.000, 0.060, 0.100, 17
train,    1280, 1.437603,   34, 1.00,    5, 0.000, 0.060, 0.100, 17
update,   1280,   32,  540, 11.745739, 0.000000
train,    1281, -7.674918,   16, 0.00,    3, 0.000, 0.060, 0.100, 17
train,    1282, -6.485790,   21, 1.00,    3, 0.000, 0.060, 0.100, 17
train,    1283, -7.623295,   32, 1.00,    3, 0.000, 0.060, 0.100, 17
train,    1284, 19.612067,   33, 1.00,    4, 0.000, 0.060, 0.100, 17
train,    1285, 29.068298,   34, 1.00,    4, 0.000, 0.060, 0.100, 17
train,    1286, -19.239932,   31, 1.00,    0, 0.000, 0.060, 0.100, 17
train,    1287, 55.359110,   21, 1.00,    3, 0.000, 0.060, 0.100, 17
train,    1288, 31.356584,   40, 1.00,    0, 0.000, 0.060, 0.100, 17
train,    1289, 9.686605,   15, 1.00,    3, 0.000, 0.060, 0.100, 18
train,    1290, 34.088842,   29, 0.00,    7, 0.000, 0.060, 0.100, 18
train,    1291, 79.142046,   29, 0.00,    5, 0.000, 0.060, 0.100, 18
train,    1292, 40.124839,   30, 0.00,    9, 0.000, 0.060, 0.100, 18
train,    1293, 60.564499,   15, 1.00,    4, 0.000, 0.060, 0.100, 18
train,    1294, 45.210905,   14, 0.00,    5, 0.000, 0.060, 0.100, 18
train,    1295, 20.649452,   20, 0.00,    3, 0.000, 0.060, 0.100, 18
train,    1296, 53.321050,   25, 1.00,   10, 0.000, 0.060, 0.100, 18
train,    1297, 94.720525,   40, 1.00,    8, 0.000, 0.060, 0.100, 18
train,    1298, 73.185839,   16, 0.00,    7, 0.000, 0.060, 0.100, 18
train,    1299, 47.568455,   23, 1.00,    8, 0.000, 0.060, 0.100, 18
val,      1299, 3.879470, 0.1027,  36.2171,   3.5544, 0.8065,  12.9078
train,    1300, 36.689076,   35, 0.00,    6, 0.000, 0.060, 0.100, 18
train,    1301, -0.771698,   27, 1.00,    9, 0.000, 0.060, 0.100, 18
train,    1302, 55.224573,   22, 1.00,    6, 0.000, 0.060, 0.100, 18
train,    1303, 47.129798,   32, 1.00,    3, 0.000, 0.060, 0.100, 18
train,    1304, 55.205569,   41, 1.00,    8, 0.000, 0.060, 0.100, 18
train,    1305, -7.911454,   32, 1.00,    6, 0.000, 0.060, 0.100, 18
train,    1306, 38.913060,   33, 0.00,    5, 0.000, 0.060, 0.100, 18
train,    1307, 11.441997,   38, 1.00,    8, 0.000, 0.060, 0.100, 18
train,    1308, 21.273353,   35, 1.00,   11, 0.000, 0.060, 0.100, 18
train,    1309, 28.637023,   31, 1.00,    9, 0.000, 0.060, 0.100, 18
train,    1310, 42.843953,   32, 1.00,    6, 0.000, 0.060, 0.100, 18
train,    1311, 9.992449,   33, 1.00,   11, 0.000, 0.060, 0.100, 19
train,    1312, 5.876585,   26, 1.00,    9, 0.000, 0.060, 0.100, 19
train,    1313, 17.418748,   23, 0.00,    9, 0.000, 0.060, 0.100, 19
train,    1314, 33.221991,   35, 0.00,    8, 0.000, 0.060, 0.100, 19
train,    1315, 22.209937,   34, 1.00,    7, 0.000, 0.060, 0.100, 19
train,    1316, 31.260043,   33, 0.00,   11, 0.000, 0.060, 0.100, 19
train,    1317, 22.305253,   26, 0.00,    9, 0.000, 0.060, 0.100, 19
train,    1318, 10.839007,   34, 0.00,    8, 0.000, 0.060, 0.100, 19
train,    1319, 13.312786,   36, 1.00,   12, 0.000, 0.060, 0.100, 19
train,    1320, 20.560138,   36, 0.00,   11, 0.000, 0.060, 0.100, 19
update,   1320,   33,  531, 15.535937, 0.000000
train,    1321, -4.445197,   32, 1.00,   13, 0.000, 0.060, 0.100, 19
train,    1322, 41.362295,   18, 0.00,    9, 0.000, 0.060, 0.100, 19
train,    1323, 23.476742,   45, 0.00,   11, 0.000, 0.060, 0.100, 19
train,    1324, -43.253361,   43, 0.00,    7, 0.000, 0.060, 0.100, 19
val,      1324, 51.042691, 0.3108,  21.4405,   3.5417, 0.5907,  13.4459
train,    1325, 7.641077,   46, 1.00,   13, 0.000, 0.060, 0.100, 19
train,    1326, -12.080605,   41, 1.00,   12, 0.000, 0.060, 0.100, 19
train,    1327, -1.643054,   33, 0.00,    9, 0.000, 0.060, 0.100, 19
train,    1328, -22.722872,   39, 0.00,   10, 0.000, 0.060, 0.100, 19
train,    1329, -13.076758,   46, 0.00,   10, 0.000, 0.060, 0.100, 19
train,    1330, -66.251928,   38, 1.00,   11, 0.000, 0.060, 0.100, 19
train,    1331, 15.924103,   46, 1.00,   13, 0.000, 0.060, 0.100, 19
train,    1332, 7.123743,   38, 1.00,   11, 0.000, 0.060, 0.100, 19
train,    1333, -13.023504,   39, 0.00,    7, 0.000, 0.060, 0.100, 19
train,    1334, -76.320510,   42, 0.00,   12, 0.000, 0.060, 0.100, 19
train,    1335, -35.422216,   32, 0.00,    9, 0.000, 0.060, 0.100, 19
train,    1336, -38.753072,   46, 1.00,   11, 0.000, 0.060, 0.100, 19
train,    1337, -24.124734,   40, 0.00,   14, 0.000, 0.060, 0.100, 19
train,    1338, -45.988916,   42, 0.00,   10, 0.000, 0.060, 0.100, 19
train,    1339, -24.261468,   40, 1.00,   10, 0.000, 0.060, 0.100, 19
train,    1340, -40.618338,   35, 0.00,   10, 0.000, 0.060, 0.100, 19
train,    1341, -52.219745,   33, 1.00,    9, 0.000, 0.060, 0.100, 19
train,    1342, -7.327608,   42, 0.00,   11, 0.000, 0.060, 0.100, 19
train,    1343, -7.365911,   36, 0.00,    8, 0.000, 0.060, 0.100, 19
train,    1344, -6.263072,   37, 0.00,    9, 0.000, 0.060, 0.100, 19
train,    1345, 8.122868,   50, 1.00,    9, 0.000, 0.060, 0.100, 19
train,    1346, 6.917277,   44, 0.00,    9, 0.000, 0.060, 0.100, 19
train,    1347, -5.353505,   41, 0.00,   11, 0.000, 0.060, 0.100, 19
train,    1348, 17.926323,   50, 1.00,    6, 0.000, 0.060, 0.100, 19
train,    1349, 3.047880,   46, 1.00,    8, 0.000, 0.060, 0.100, 19
val,      1349, 40.972555, 0.1802,  35.4287,   3.4876, 0.6544,  12.8282
train,    1350, 14.897430,   40, 1.00,    6, 0.000, 0.060, 0.100, 19
train,    1351, 44.024910,   42, 0.00,    6, 0.000, 0.060, 0.100, 19
train,    1352, 64.686875,   43, 0.00,   10, 0.000, 0.060, 0.100, 19
train,    1353, 13.069518,   36, 0.00,    9, 0.000, 0.060, 0.100, 19
train,    1354, 54.037664,   49, 0.00,   10, 0.000, 0.060, 0.100, 19
train,    1355, 79.343076,   47, 0.00,    7, 0.000, 0.060, 0.100, 19
train,    1356, 115.000000,   45, 0.00,    5, 0.000, 0.060, 0.100, 19
train,    1357, 52.239648,   45, 1.00,    7, 0.000, 0.060, 0.100, 19
train,    1358, 76.927704,   35, 0.00,    2, 0.000, 0.060, 0.100, 19
train,    1359, 91.415398,   41, 0.00,    7, 0.000, 0.060, 0.100, 19
train,    1360, 86.499521,   39, 1.00,    7, 0.000, 0.060, 0.100, 19
update,   1360,   34,  526, 26.122164, 0.000000
train,    1361, 79.312323,   49, 0.00,    5, 0.000, 0.060, 0.100, 19
train,    1362, 54.535356,   32, 1.00,    5, 0.000, 0.060, 0.100, 19
train,    1363, 115.000000,   46, 0.00,    4, 0.000, 0.060, 0.100, 19
train,    1364, 97.902005,   33, 0.00,    4, 0.000, 0.060, 0.100, 19
train,    1365, 89.852796,   32, 0.00,    3, 0.000, 0.060, 0.100, 19
train,    1366, 115.000000,   46, 0.00,    4, 0.000, 0.060, 0.100, 19
train,    1367, 71.716456,   30, 0.00,    5, 0.000, 0.060, 0.100, 19
train,    1368, 79.340442,   32, 0.00,    3, 0.000, 0.060, 0.100, 19
train,    1369, 35.089694,   41, 0.00,    1, 0.000, 0.060, 0.100, 19
train,    1370, 62.318492,   38, 0.00,    5, 0.000, 0.060, 0.100, 19
train,    1371, 62.834215,   37, 0.00,    3, 0.000, 0.060, 0.100, 18
train,    1372, 41.411551,   35, 0.00,    4, 0.000, 0.060, 0.100, 18
train,    1373, 88.742827,   38, 0.00,    5, 0.000, 0.060, 0.100, 18
train,    1374, 35.763942,   38, 1.00,    1, 0.000, 0.060, 0.100, 18
val,      1374, 19.650792, 0.2108,  31.4014,   3.0263, 0.5886,  13.4241
train,    1375, 17.089485,   27, 1.00,    3, 0.000, 0.060, 0.100, 18
train,    1376, 39.110218,   33, 1.00,    0, 0.000, 0.060, 0.100, 18
train,    1377, 30.754629,   31, 1.00,    3, 0.000, 0.060, 0.100, 18
train,    1378, 56.084765,   36, 0.00,    5, 0.000, 0.060, 0.100, 18
train,    1379, 92.924176,   30, 0.00,    4, 0.000, 0.060, 0.100, 18
train,    1380, 56.041045,   40, 1.00,    3, 0.000, 0.060, 0.100, 18
train,    1381, 66.153897,   30, 0.00,    4, 0.000, 0.060, 0.100, 18
train,    1382, 55.242742,   27, 1.00,    5, 0.000, 0.060, 0.100, 18
train,    1383, 76.070243,   31, 0.00,    8, 0.000, 0.060, 0.100, 18
train,    1384, 93.773030,   27, 1.00,    4, 0.000, 0.060, 0.100, 18
train,    1385, 17.853102,   25, 0.00,    5, 0.000, 0.060, 0.100, 18
train,    1386, 82.487482,   26, 0.00,    7, 0.000, 0.060, 0.100, 18
train,    1387, 35.598587,   22, 0.00,    7, 0.000, 0.060, 0.100, 18
train,    1388, 81.764699,   21, 0.00,    4, 0.000, 0.060, 0.100, 18
train,    1389, 43.987601,   29, 0.00,    2, 0.000, 0.060, 0.100, 18
train,    1390, -7.225784,   20, 0.00,    6, 0.000, 0.060, 0.100, 18
train,    1391, 46.600318,   31, 0.00,    7, 0.000, 0.060, 0.100, 18
train,    1392, 48.546925,   10, 0.00,    5, 0.000, 0.060, 0.100, 18
train,    1393, 33.348434,   37, 0.00,    6, 0.000, 0.060, 0.100, 18
train,    1394, 31.408588,   24, 1.00,    9, 0.000, 0.060, 0.100, 18
train,    1395, -1.483980,   30, 1.00,    9, 0.000, 0.060, 0.100, 17
train,    1396, 31.346111,   28, 0.00,    4, 0.000, 0.060, 0.100, 17
train,    1397, -3.775916,   46, 1.00,    4, 0.000, 0.060, 0.100, 17
train,    1398, -0.167159,   35, 1.00,    8, 0.000, 0.060, 0.100, 17
train,    1399, -7.012007,   19, 0.00,    8, 0.000, 0.060, 0.100, 17
val,      1399, 9.658613, 0.2705,  39.6687,   2.7678, 0.5855,  12.8105
train,    1400, 19.659236,   30, 0.00,    8, 0.000, 0.060, 0.100, 17
update,   1400,   35,  523, 20.894408, 0.000000
train,    1401, -27.532376,   25, 1.00,   11, 0.000, 0.060, 0.100, 17
train,    1402, -41.397102,   24, 0.00,   11, 0.000, 0.060, 0.100, 17
train,    1403, 28.932769,   33, 1.00,    9, 0.000, 0.060, 0.100, 17
train,    1404, -11.238959,   33, 1.00,    8, 0.000, 0.060, 0.100, 17
train,    1405, -6.288701,   33, 1.00,   10, 0.000, 0.060, 0.100, 17
train,    1406, -1.051696,   29, 1.00,   11, 0.000, 0.060, 0.100, 17
train,    1407, 1.628960,   27, 1.00,   10, 0.000, 0.060, 0.100, 17
train,    1408, 6.696722,   30, 0.00,    6, 0.000, 0.060, 0.100, 17
train,    1409, 4.489255,   20, 0.00,   11, 0.000, 0.060, 0.100, 17
train,    1410, -24.506590,   33, 0.00,   10, 0.000, 0.060, 0.100, 17
train,    1411, 6.882654,   30, 1.00,   11, 0.000, 0.060, 0.100, 17
train,    1412, -31.518022,   27, 0.00,    8, 0.000, 0.060, 0.100, 17
train,    1413, -0.626496,   29, 1.00,    9, 0.000, 0.060, 0.100, 17
train,    1414, 9.613042,   44, 0.00,    6, 0.000, 0.060, 0.100, 16
train,    1415, 37.040207,   29, 1.00,    8, 0.000, 0.060, 0.100, 16
train,    1416, 63.551017,   25, 1.00,    7, 0.000, 0.060, 0.100, 16
train,    1417, 32.224696,   23, 1.00,   12, 0.000, 0.060, 0.100, 16
train,    1418, 79.925887,   24, 1.00,    7, 0.000, 0.060, 0.100, 16
train,    1419, 8.041167,   30, 0.00,    7, 0.000, 0.060, 0.100, 16
train,    1420, 67.963650,   37, 1.00,   12, 0.000, 0.060, 0.100, 16
train,    1421, 33.772444,   18, 1.00,   15, 0.000, 0.060, 0.100, 16
train,    1422, 58.025618,   32, 1.00,   10, 0.000, 0.060, 0.100, 16
train,    1423, 75.900667,   41, 0.00,   12, 0.000, 0.060, 0.100, 16
train,    1424, 82.937639,   28, 0.00,   12, 0.000, 0.060, 0.100, 16
val,      1424, 14.609596, 0.1091,  39.3250,   3.2704, 0.5092,  13.5554
train,    1425, 79.433808,   32, 1.00,   10, 0.000, 0.060, 0.100, 16
train,    1426, 19.291070,   39, 1.00,   12, 0.000, 0.060, 0.100, 16
train,    1427, 38.560777,   28, 0.00,    9, 0.000, 0.060, 0.100, 16
train,    1428, 101.067469,   44, 1.00,   11, 0.000, 0.060, 0.100, 16
train,    1429, 96.531684,   39, 0.00,    8, 0.000, 0.060, 0.100, 16
train,    1430, 46.696659,   38, 1.00,    7, 0.000, 0.060, 0.100, 16
train,    1431, 91.027083,   45, 0.00,    5, 0.000, 0.060, 0.100, 16
train,    1432, 88.086216,   35, 0.00,   11, 0.000, 0.060, 0.100, 16
train,    1433, 92.374420,   29, 1.00,    8, 0.000, 0.060, 0.100, 15
train,    1434, 75.171253,   44, 1.00,   11, 0.000, 0.060, 0.100, 15
train,    1435, 108.530135,   32, 0.00,   10, 0.000, 0.060, 0.100, 15
train,    1436, 87.871914,   23, 1.00,   11, 0.000, 0.060, 0.100, 15
train,    1437, 79.944478,   50, 0.00,   11, 0.000, 0.060, 0.100, 15
train,    1438, 38.856809,   44, 1.00,   10, 0.000, 0.060, 0.100, 15
train,    1439, 74.028683,   38, 1.00,    7, 0.000, 0.060, 0.100, 15
train,    1440, 54.315109,   41, 1.00,    7, 0.000, 0.060, 0.100, 15
update,   1440,   36,  553, 29.686616, 0.000000
train,    1441, 65.336573,   39, 1.00,   10, 0.000, 0.060, 0.100, 15
train,    1442, 26.025255,   38, 1.00,   10, 0.000, 0.060, 0.100, 15
train,    1443, -19.212528,   40, 0.00,    7, 0.000, 0.060, 0.100, 15
train,    1444, 15.523750,   45, 1.00,   10, 0.000, 0.060, 0.100, 15
train,    1445, 46.783825,   41, 1.00,    8, 0.000, 0.060, 0.100, 15
train,    1446, 35.620016,   35, 1.00,    7, 0.000, 0.060, 0.100, 15
train,    1447, -1.635468,   42, 1.00,    5, 0.000, 0.060, 0.100, 15
train,    1448, 32.025893,   38, 1.00,    9, 0.000, 0.060, 0.100, 15
train,    1449, 3.701249,   40, 0.00,    7, 0.000, 0.060, 0.100, 15
val,      1449, 30.034412, 0.2394,  38.9763,   2.8218, 0.6661,  13.5813
train,    1450, 19.606388,   41, 0.00,    5, 0.000, 0.060, 0.100, 15
train,    1451, 5.975704,   46, 0.00,    8, 0.000, 0.060, 0.100, 15
train,    1452, 0.852195,   48, 0.00,    4, 0.000, 0.060, 0.100, 15
train,    1453, -6.104359,   37, 0.00,    9, 0.000, 0.060, 0.100, 15
train,    1454, 11.884115,   29, 1.00,    6, 0.000, 0.060, 0.100, 15
train,    1455, -11.119356,   40, 0.00,    8, 0.000, 0.060, 0.100, 15
train,    1456, -7.469753,   47, 1.00,    5, 0.000, 0.060, 0.100, 14
train,    1457, -32.329559,   51, 0.00,    2, 0.000, 0.060, 0.100, 14
train,    1458, -9.944492,   48, 0.00,    8, 0.000, 0.060, 0.100, 14
train,    1459, 1.858998,   36, 0.00,    4, 0.000, 0.060, 0.100, 14
train,    1460, 8.664183,   36, 1.00,    8, 0.000, 0.060, 0.100, 14
train,    1461, -43.936574,   40, 0.00,    2, 0.000, 0.060, 0.100, 14
train,    1462, -6.638150,   50, 0.00,    5, 0.000, 0.060, 0.100, 14
train,    1463, -39.244000,   46, 0.00,    5, 0.000, 0.060, 0.100, 14
train,    1464, -40.873704,   41, 0.00,    2, 0.000, 0.060, 0.100, 14
train,    1465, -17.111008,   41, 0.00,    3, 0.000, 0.060, 0.100, 14
train,    1466, -22.251287,   45, 0.00,    3, 0.000, 0.060, 0.100, 14
train,    1467, -49.044800,   35, 0.00,    4, 0.000, 0.060, 0.100, 14
train,    1468, -8.674219,   39, 0.00,    1, 0.000, 0.060, 0.100, 14
train,    1469, -52.622924,   46, 0.00,    5, 0.000, 0.060, 0.100, 14
train,    1470, -9.692643,   42, 0.00,    1, 0.000, 0.060, 0.100, 14
train,    1471, -28.290031,   39, 0.00,    5, 0.000, 0.060, 0.100, 14
train,    1472, -39.334904,   39, 0.00,    5, 0.000, 0.060, 0.100, 14
train,    1473, -53.077447,   39, 0.00,    5, 0.000, 0.060, 0.100, 14
train,    1474, -67.855422,   36, 0.00,    4, 0.000, 0.060, 0.100, 14
val,      1474, 50.065705, 0.3246,  23.4933,   2.7869, 0.6859,  12.8793
train,    1475, -44.109412,   48, 0.00,    7, 0.000, 0.060, 0.100, 14
train,    1476, -49.449650,   39, 1.00,    4, 0.000, 0.060, 0.100, 14
train,    1477, -20.823730,   38, 0.00,    3, 0.000, 0.060, 0.100, 14
train,    1478, -43.195151,   37, 1.00,    6, 0.000, 0.060, 0.100, 14
train,    1479, -18.785840,   40, 1.00,    3, 0.000, 0.060, 0.100, 14
train,    1480, -18.085480,   34, 0.00,    3, 0.000, 0.060, 0.100, 14
update,   1480,   37,  485, 21.846262, 0.000000
train,    1481, -0.592516,   41, 1.00,    5, 0.000, 0.060, 0.100, 14
train,    1482, -3.672354,   44, 1.00,    3, 0.000, 0.060, 0.100, 14
train,    1483, 15.296664,   34, 1.00,    5, 0.000, 0.060, 0.100, 14
train,    1484, 22.955735,   32, 0.00,    2, 0.000, 0.060, 0.100, 14
train,    1485, 15.574207,   29, 0.00,    3, 0.000, 0.060, 0.100, 14
train,    1486, 26.395474,   40, 1.00,    9, 0.000, 0.060, 0.100, 14
train,    1487, -7.216736,   29, 0.00,    7, 0.000, 0.060, 0.100, 14
train,    1488, 18.965731,   42, 0.00,    5, 0.000, 0.060, 0.100, 14
train,    1489, 22.016190,   37, 1.00,    7, 0.000, 0.060, 0.100, 14
train,    1490, 45.834920,   36, 0.00,    2, 0.000, 0.060, 0.100, 14
train,    1491, 50.396409,   30, 0.00,    9, 0.000, 0.060, 0.100, 14
train,    1492, 16.618948,   32, 1.00,    2, 0.000, 0.060, 0.100, 14
train,    1493, 67.999795,   33, 0.00,    5, 0.000, 0.060, 0.100, 14
train,    1494, 82.013946,   35, 0.00,    9, 0.000, 0.060, 0.100, 14
train,    1495, 76.187237,   40, 0.00,    7, 0.000, 0.060, 0.100, 14
train,    1496, 48.176369,   37, 0.00,   11, 0.000, 0.060, 0.100, 14
train,    1497, 64.117989,   37, 0.00,   10, 0.000, 0.060, 0.100, 14
train,    1498, 79.914501,   38, 1.00,    8, 0.000, 0.060, 0.100, 14
train,    1499, 73.033342,   33, 0.00,    2, 0.000, 0.060, 0.100, 14
val,      1499, 61.787089, 0.2527,  18.1276,   2.6466, 0.6119,  12.1542
train,    1500, 44.788880,   27, 0.00,    7, 0.000, 0.060, 0.100, 14
train,    1501, 73.341285,   28, 0.00,    8, 0.000, 0.060, 0.100, 14
train,    1502, -4.841215,   34, 1.00,    7, 0.000, 0.060, 0.100, 14
train,    1503, 37.157298,   33, 1.00,    9, 0.000, 0.060, 0.100, 14
train,    1504, 19.753551,   25, 1.00,    6, 0.000, 0.060, 0.100, 14
train,    1505, 11.044494,   32, 0.00,    6, 0.000, 0.060, 0.100, 14
train,    1506, 32.618091,   33, 0.00,   10, 0.000, 0.060, 0.100, 14
train,    1507, 60.797917,   29, 0.00,   11, 0.000, 0.060, 0.100, 14
train,    1508, 48.753568,   30, 0.00,   10, 0.000, 0.060, 0.100, 14
train,    1509, 8.459660,   24, 0.00,    6, 0.000, 0.060, 0.100, 14
train,    1510, 23.049942,   35, 0.00,    5, 0.000, 0.060, 0.100, 14
train,    1511, 27.438830,   28, 0.00,   12, 0.000, 0.060, 0.100, 14
train,    1512, 51.075320,   28, 1.00,    8, 0.000, 0.060, 0.100, 14
train,    1513, 28.121091,   36, 0.00,   11, 0.000, 0.060, 0.100, 14
train,    1514, 46.864517,   29, 0.00,   11, 0.000, 0.060, 0.100, 14
train,    1515, -34.787311,   32, 1.00,   13, 0.000, 0.060, 0.100, 14
train,    1516, 11.426478,   36, 0.00,    9, 0.000, 0.060, 0.100, 14
train,    1517, -13.740166,   33, 1.00,   14, 0.000, 0.060, 0.100, 14
train,    1518, -13.018341,   37, 1.00,   14, 0.000, 0.060, 0.100, 14
train,    1519, 17.273951,   26, 0.00,    9, 0.000, 0.060, 0.100, 15
train,    1520, 10.488118,   30, 1.00,   13, 0.000, 0.060, 0.100, 15
update,   1520,   38,  564, 18.828126, 0.000000
train,    1521, 6.949207,   31, 0.00,   12, 0.000, 0.060, 0.100, 15
train,    1522, 0.558699,   35, 1.00,   13, 0.000, 0.060, 0.100, 15
train,    1523, 22.344276,   27, 1.00,   10, 0.000, 0.060, 0.100, 15
train,    1524, 2.390909,   41, 1.00,    6, 0.000, 0.060, 0.100, 15
val,      1524, 45.521235, 0.2326,  28.3583,   2.5057, 0.7324,  11.8972
train,    1525, 19.704776,   33, 1.00,   10, 0.000, 0.060, 0.100, 15
train,    1526, 5.908517,   36, 1.00,   15, 0.000, 0.060, 0.100, 15
train,    1527, 22.973928,   33, 0.00,    6, 0.000, 0.060, 0.100, 15
train,    1528, 12.822691,   27, 0.00,   10, 0.000, 0.060, 0.100, 15
train,    1529, 23.892744,   36, 1.00,   10, 0.000, 0.060, 0.100, 15
train,    1530, 5.693422,   37, 0.00,   10, 0.000, 0.060, 0.100, 15
train,    1531, 46.327994,   21, 1.00,   10, 0.000, 0.060, 0.100, 15
train,    1532, 22.832418,   43, 0.00,    9, 0.000, 0.060, 0.100, 15
train,    1533, -38.162028,   37, 1.00,    8, 0.000, 0.060, 0.100, 15
train,    1534, -9.617044,   39, 1.00,    8, 0.000, 0.060, 0.100, 15
train,    1535, -20.799398,   31, 1.00,    7, 0.000, 0.060, 0.100, 15
train,    1536, -30.874798,   34, 1.00,   10, 0.000, 0.060, 0.100, 15
train,    1537, -26.489100,   41, 1.00,   12, 0.000, 0.060, 0.100, 15
train,    1538, 17.974943,   27, 1.00,    9, 0.000, 0.060, 0.100, 15
train,    1539, -1.435234,   38, 1.00,   10, 0.000, 0.060, 0.100, 15
train,    1540, -33.930456,   37, 0.00,    8, 0.000, 0.060, 0.100, 16
train,    1541, -32.649470,   37, 0.00,    8, 0.000, 0.060, 0.100, 16
train,    1542, 20.513689,   45, 1.00,   10, 0.000, 0.060, 0.100, 16
train,    1543, 2.271425,   29, 1.00,   10, 0.000, 0.060, 0.100, 16
train,    1544, 15.356601,   21, 0.00,    6, 0.000, 0.060, 0.100, 16
train,    1545, 37.164768,   47, 1.00,    7, 0.000, 0.060, 0.100, 16
train,    1546, -9.432208,   30, 1.00,    8, 0.000, 0.060, 0.100, 16
train,    1547, -8.295378,   31, 1.00,    6, 0.000, 0.060, 0.100, 16
train,    1548, 16.159546,   44, 1.00,    8, 0.000, 0.060, 0.100, 16
train,    1549, -7.943036,   31, 1.00,    7, 0.000, 0.060, 0.100, 16
val,      1549, 19.402949, 0.2722,  24.8040,   3.1045, 0.7055,  12.6225
train,    1550, 36.010529,   46, 0.00,    5, 0.000, 0.060, 0.100, 16
train,    1551, 0.532325,   35, 1.00,    8, 0.000, 0.060, 0.100, 16
train,    1552, 18.756752,   37, 0.00,    9, 0.000, 0.060, 0.100, 16
train,    1553, 48.762521,   35, 0.00,    5, 0.000, 0.060, 0.100, 16
train,    1554, 69.423962,   41, 0.00,    6, 0.000, 0.060, 0.100, 16
train,    1555, 68.648949,   38, 1.00,    7, 0.000, 0.060, 0.100, 16
train,    1556, 91.261384,   43, 1.00,    5, 0.000, 0.060, 0.100, 16
train,    1557, 84.862032,   42, 1.00,    4, 0.000, 0.060, 0.100, 17
train,    1558, 104.428422,   39, 1.00,    3, 0.000, 0.060, 0.100, 17
train,    1559, 93.139620,   51, 0.00,    6, 0.000, 0.060, 0.100, 17
train,    1560, 66.541740,   38, 1.00,    4, 0.000, 0.060, 0.100, 17
update,   1560,   39,  547, 19.019329, 0.000000
train,    1561, 94.255739,   50, 0.00,    5, 0.000, 0.060, 0.100, 17
train,    1562, 90.587204,   45, 0.00,    8, 0.000, 0.060, 0.100, 17
train,    1563, 115.000000,   41, 1.00,    7, 0.000, 0.060, 0.100, 17
train,    1564, 106.799350,   51, 0.00,    3, 0.000, 0.060, 0.100, 17
train,    1565, 115.000000,   53, 1.00,    1, 0.000, 0.060, 0.100, 17
train,    1566, 89.215926,   42, 0.00,    3, 0.000, 0.060, 0.100, 17
train,    1567, 75.327718,   45, 1.00,    3, 0.000, 0.060, 0.100, 17
train,    1568, 88.459805,   43, 1.00,    8, 0.000, 0.060, 0.100, 17
train,    1569, 96.005238,   31, 0.00,    6, 0.000, 0.060, 0.100, 17
train,    1570, 85.542706,   48, 1.00,    4, 0.000, 0.060, 0.100, 17
train,    1571, 102.177994,   45, 0.00,    5, 0.000, 0.060, 0.100, 17
train,    1572, 67.712944,   44, 1.00,    3, 0.000, 0.060, 0.100, 18
train,    1573, 72.341866,   38, 0.00,    4, 0.000, 0.060, 0.100, 18
train,    1574, 63.715961,   29, 1.00,    1, 0.000, 0.060, 0.100, 18
val,      1574, 6.165938, 0.1796,  41.3713,   2.9844, 0.7092,  12.4456
train,    1575, 59.708524,   37, 1.00,    5, 0.000, 0.060, 0.100, 18
train,    1576, 58.184952,   50, 1.00,    3, 0.000, 0.060, 0.100, 18
train,    1577, 52.350690,   35, 1.00,    3, 0.000, 0.060, 0.100, 18
train,    1578, 52.817853,   36, 1.00,    4, 0.000, 0.060, 0.100, 18
train,    1579, 73.205237,   40, 0.00,    1, 0.000, 0.060, 0.100, 18
train,    1580, 27.267417,   40, 0.00,    5, 0.000, 0.060, 0.100, 18
train,    1581, 46.220520,   30, 0.00,    3, 0.000, 0.060, 0.100, 18
train,    1582, 20.018575,   44, 0.00,    5, 0.000, 0.060, 0.100, 18
train,    1583, 70.912397,   42, 1.00,    3, 0.000, 0.060, 0.100, 18
train,    1584, 33.718817,   46, 1.00,    6, 0.000, 0.060, 0.100, 18
train,    1585, 18.101165,   47, 1.00,    4, 0.000, 0.060, 0.100, 18
train,    1586, 1.830434,   43, 0.00,    5, 0.000, 0.060, 0.100, 18
train,    1587, 28.296685,   43, 0.00,    4, 0.000, 0.060, 0.100, 18
train,    1588, 5.534970,   51, 1.00,    1, 0.000, 0.060, 0.100, 19
train,    1589, 41.477781,   33, 0.00,    3, 0.000, 0.060, 0.100, 19
train,    1590, 54.270107,   39, 1.00,    5, 0.000, 0.060, 0.100, 19
train,    1591, 32.901513,   47, 1.00,    7, 0.000, 0.060, 0.100, 19
train,    1592, 24.745262,   36, 1.00,    4, 0.000, 0.060, 0.100, 19
train,    1593, 20.140341,   28, 0.00,    6, 0.000, 0.060, 0.100, 19
train,    1594, -4.006559,   22, 0.00,    4, 0.000, 0.060, 0.100, 19
train,    1595, 39.079732,   40, 1.00,    7, 0.000, 0.060, 0.100, 19
train,    1596, 57.060380,   39, 1.00,   10, 0.000, 0.060, 0.100, 19
train,    1597, -29.671436,   39, 0.00,    4, 0.000, 0.060, 0.100, 19
train,    1598, 15.895795,   36, 1.00,    6, 0.000, 0.060, 0.100, 19
train,    1599, 31.754992,   43, 0.00,    7, 0.000, 0.060, 0.100, 19
val,      1599, 17.374150, 0.2084,  30.4637,   2.3094, 0.6684,  13.5167
train,    1600, 9.965256,   40, 1.00,    7, 0.000, 0.060, 0.100, 19
update,   1600,   40,  586, 24.551538, 0.000000
train,    1601, 0.796181,   36, 1.00,    3, 0.000, 0.060, 0.100, 19
train,    1602, 12.091770,   43, 0.00,   13, 0.000, 0.060, 0.100, 19
train,    1603, -1.551923,   43, 1.00,    8, 0.000, 0.060, 0.100, 19
train,    1604, -7.129053,   43, 0.00,    6, 0.000, 0.060, 0.100, 19
train,    1605, 13.683228,   31, 0.00,    9, 0.000, 0.060, 0.100, 20
train,    1606, 0.105382,   29, 1.00,    5, 0.000, 0.060, 0.100, 20
train,    1607, 9.165657,   34, 0.00,    6, 0.000, 0.060, 0.100, 20
train,    1608, 16.208906,   27, 0.00,   12, 0.000, 0.060, 0.100, 20
train,    1609, 4.022924,   29, 0.00,   12, 0.000, 0.060, 0.100, 20
train,    1610, 11.715122,   24, 0.00,   13, 0.000, 0.060, 0.100, 20
train,    1611, 0.144435,   36, 0.00,   11, 0.000, 0.060, 0.100, 20
train,    1612, 18.175484,   30, 0.00,   13, 0.000, 0.060, 0.100, 20
train,    1613, 23.847712,   33, 0.00,    8, 0.000, 0.060, 0.100, 20
train,    1614, -20.080574,   33, 0.00,   12, 0.000, 0.060, 0.100, 20
train,    1615, 21.812779,   33, 0.00,    8, 0.000, 0.060, 0.100, 20
train,    1616, 61.157315,   27, 0.00,    8, 0.000, 0.060, 0.100, 20
train,    1617, 56.266084,   38, 1.00,    9, 0.000, 0.060, 0.100, 20
train,    1618, 14.347282,   36, 0.00,    9, 0.000, 0.060, 0.100, 20
train,    1619, 77.821124,   22, 0.00,    8, 0.000, 0.060, 0.100, 20
train,    1620, 37.639235,   34, 0.00,    8, 0.000, 0.060, 0.100, 20
train,    1621, 63.504862,   34, 0.00,   12, 0.000, 0.060, 0.100, 20
train,    1622, 68.447182,   33, 1.00,    9, 0.000, 0.060, 0.100, 20
train,    1623, 53.607354,   31, 0.00,    9, 0.000, 0.060, 0.100, 20
train,    1624, 74.565244,   31, 1.00,   13, 0.000, 0.060, 0.100, 20
val,      1624, 48.930302, 0.1654,  44.0701,   2.4068, 0.7950,  13.0653
train,    1625, 78.876597,   24, 0.00,   12, 0.000, 0.060, 0.100, 20
train,    1626, 67.750363,   35, 1.00,   14, 0.000, 0.060, 0.100, 20
train,    1627, 112.790286,   40, 0.00,   12, 0.000, 0.060, 0.100, 20
train,    1628, 53.366138,   31, 0.00,    7, 0.000, 0.060, 0.100, 20
train,    1629, 74.831730,   22, 1.00,   10, 0.000, 0.060, 0.100, 21
train,    1630, 64.741374,   26, 0.00,   10, 0.000, 0.060, 0.100, 21
train,    1631, 94.881439,   26, 1.00,   14, 0.000, 0.060, 0.100, 21
train,    1632, 59.354137,   37, 0.00,    8, 0.000, 0.060, 0.100, 21
train,    1633, 72.787329,   26, 0.00,   13, 0.000, 0.060, 0.100, 21
train,    1634, 88.850737,   37, 0.00,   10, 0.000, 0.060, 0.100, 21
train,    1635, 55.510142,   26, 1.00,   10, 0.000, 0.060, 0.100, 21
train,    1636, 70.764825,   29, 0.00,    9, 0.000, 0.060, 0.100, 21
train,    1637, 47.362545,   25, 1.00,    9, 0.000, 0.060, 0.100, 21
train,    1638, 70.367515,   24, 0.00,    8, 0.000, 0.060, 0.100, 21
train,    1639, 51.254490,   36, 0.00,    8, 0.000, 0.060, 0.100, 21
train,    1640, 59.264021,   24, 1.00,    9, 0.000, 0.060, 0.100, 21
update,   1640,   41,  544, 21.922407, 0.000000
train,    1641, 53.618995,   23, 0.00,   11, 0.000, 0.060, 0.100, 21
train,    1642, 20.465388,   27, 0.00,    7, 0.000, 0.060, 0.100, 21
train,    1643, 6.119838,   37, 0.00,   11, 0.000, 0.060, 0.100, 21
train,    1644, 20.161233,   40, 1.00,    8, 0.000, 0.060, 0.100, 21
train,    1645, 3.088484,   15, 0.00,   11, 0.000, 0.060, 0.100, 21
train,    1646, -4.256398,   40, 1.00,    6, 0.000, 0.060, 0.100, 21
train,    1647, 14.283669,   37, 1.00,   10, 0.000, 0.060, 0.100, 21
train,    1648, -16.451376,   42, 1.00,    9, 0.000, 0.060, 0.100, 21
train,    1649, -3.318538,   37, 0.00,    6, 0.000, 0.060, 0.100, 21
val,      1649, 47.668167, 0.1037,  44.1885,   2.1985, 0.5962,  13.5033
train,    1650, -19.085208,   37, 0.00,    9, 0.000, 0.060, 0.100, 21
train,    1651, -2.636401,   35, 1.00,    9, 0.000, 0.060, 0.100, 21
train,    1652, 9.256251,   33, 0.00,    9, 0.000, 0.060, 0.100, 21
train,    1653, -1.054490,   42, 0.00,    4, 0.000, 0.060, 0.100, 21
train,    1654, 6.397627,   40, 0.00,    8, 0.000, 0.060, 0.100, 21
train,    1655, -17.958735,   37, 0.00,    6, 0.000, 0.060, 0.100, 21
train,    1656, -22.203262,   45, 1.00,    7, 0.000, 0.060, 0.100, 21
train,    1657, 12.767774,   41, 0.00,    4, 0.000, 0.060, 0.100, 21
train,    1658, -37.647030,   48, 1.00,    2, 0.000, 0.060, 0.100, 21
train,    1659, -44.545462,   37, 0.00,    9, 0.000, 0.060, 0.100, 21
train,    1660, -20.655978,   38, 0.00,    6, 0.000, 0.060, 0.100, 21
train,    1661, -63.616155,   52, 1.00,    3, 0.000, 0.060, 0.100, 21
train,    1662, -29.426254,   36, 0.00,    6, 0.000, 0.060, 0.100, 21
train,    1663, -8.139496,   36, 0.00,    3, 0.000, 0.060, 0.100, 21
train,    1664, -15.648266,   43, 0.00,    5, 0.000, 0.060, 0.100, 21
train,    1665, -23.090339,   35, 0.00,    6, 0.000, 0.060, 0.100, 21
train,    1666, -42.133226,   34, 0.00,    6, 0.000, 0.060, 0.100, 21
train,    1667, -31.285662,   32, 0.00,    2, 0.000, 0.060, 0.100, 21
train,    1668, -38.670043,   42, 1.00,    3, 0.000, 0.060, 0.100, 21
train,    1669, -25.112545,   49, 1.00,    6, 0.000, 0.060, 0.100, 21
train,    1670, -11.984147,   37, 0.00,    4, 0.000, 0.060, 0.100, 21
train,    1671, -29.396364,   49, 1.00,    3, 0.000, 0.060, 0.100, 21
train,    1672, -38.902194,   29, 0.00,    3, 0.000, 0.060, 0.100, 21
train,    1673, -44.392437,   55, 1.00,    5, 0.000, 0.060, 0.100, 21
train,    1674, -24.189961,   35, 1.00,    2, 0.000, 0.060, 0.100, 21
val,      1674, 33.136221, 0.2076,  31.1457,   2.2432, 0.6826,  12.9463
train,    1675, -1.268270,   49, 1.00,    6, 0.000, 0.060, 0.100, 21
train,    1676, -24.946442,   46, 1.00,    3, 0.000, 0.060, 0.100, 21
train,    1677, -15.237189,   39, 1.00,    0, 0.000, 0.060, 0.100, 21
train,    1678, -39.571351,   33, 1.00,    1, 0.000, 0.060, 0.100, 21
train,    1679, -5.861816,   37, 0.00,    5, 0.000, 0.060, 0.100, 21
train,    1680, -2.951268,   47, 1.00,    4, 0.000, 0.060, 0.100, 21
update,   1680,   42,  550, 29.065888, 0.000000
train,    1681, 3.784412,   44, 1.00,    0, 0.000, 0.060, 0.100, 21
train,    1682, 3.526689,   39, 1.00,    4, 0.000, 0.060, 0.100, 20
train,    1683, 15.262183,   47, 1.00,    4, 0.000, 0.060, 0.100, 20
train,    1684, 7.681279,   48, 1.00,    2, 0.000, 0.060, 0.100, 20
train,    1685, 33.382572,   49, 0.00,    6, 0.000, 0.060, 0.100, 20
train,    1686, -11.029953,   55, 1.00,    6, 0.000, 0.060, 0.100, 20
train,    1687, 51.164547,   45, 1.00,    6, 0.000, 0.060, 0.100, 20
train,    1688, 21.911422,   39, 1.00,    6, 0.000, 0.060, 0.100, 20
train,    1689, 50.897679,   43, 0.00,    6, 0.000, 0.060, 0.100, 20
train,    1690, 47.928816,   54, 1.00,    3, 0.000, 0.060, 0.100, 20
train,    1691, 74.318498,   48, 1.00,    4, 0.000, 0.060, 0.100, 20
train,    1692, 43.867928,   42, 0.00,    8, 0.000, 0.060, 0.100, 20
train,    1693, 30.970308,   38, 1.00,    6, 0.000, 0.060, 0.100, 20
train,    1694, 82.031569,   43, 1.00,    8, 0.000, 0.060, 0.100, 20
train,    1695, 25.831059,   41, 0.00,    4, 0.000, 0.060, 0.100, 20
train,    1696, 72.163265,   51, 0.00,    6, 0.000, 0.060, 0.100, 20
train,    1697, 44.842766,   44, 1.00,    3, 0.000, 0.060, 0.100, 20
train,    1698, 58.186561,   49, 1.00,    5, 0.000, 0.060, 0.100, 20
train,    1699, 69.010392,   29, 1.00,    4, 0.000, 0.060, 0.100, 20
val,      1699, 4.629651, 0.2984,  28.3341,   2.3321, 0.6933,  13.4874
train,    1700, 42.193187,   39, 1.00,    4, 0.000, 0.060, 0.100, 20
train,    1701, 57.497042,   35, 0.00,    7, 0.000, 0.060, 0.100, 20
train,    1702, 62.325513,   52, 1.00,    5, 0.000, 0.060, 0.100, 20
train,    1703, 40.442487,   48, 0.00,    5, 0.000, 0.060, 0.100, 20
train,    1704, 31.454242,   39, 0.00,    7, 0.000, 0.060, 0.100, 20
train,    1705, 32.109039,   31, 0.00,   10, 0.000, 0.060, 0.100, 20
train,    1706, 32.475472,   43, 1.00,    9, 0.000, 0.060, 0.100, 20
train,    1707, 15.040452,   31, 1.00,   12, 0.000, 0.060, 0.100, 19
train,    1708, 36.208090,   52, 1.00,    7, 0.000, 0.060, 0.100, 19
train,    1709, 40.390339,   47, 1.00,    8, 0.000, 0.060, 0.100, 19
train,    1710, -0.058787,   34, 1.00,   11, 0.000, 0.060, 0.100, 19
train,    1711, 33.584775,   45, 1.00,    7, 0.000, 0.060, 0.100, 19
train,    1712, 22.643212,   46, 1.00,   11, 0.000, 0.060, 0.100, 19
train,    1713, 27.368155,   38, 1.00,   12, 0.000, 0.060, 0.100, 19
train,    1714, 30.997613,   45, 0.00,   10, 0.000, 0.060, 0.100, 19
train,    1715, 25.094802,   33, 1.00,    9, 0.000, 0.060, 0.100, 19
train,    1716, 40.411506,   40, 1.00,   12, 0.000, 0.060, 0.100, 19
train,    1717, -17.091649,   41, 0.00,    6, 0.000, 0.060, 0.100, 19
train,    1718, -3.133603,   35, 1.00,    6, 0.000, 0.060, 0.100, 19
train,    1719, 1.636312,   44, 0.00,   10, 0.000, 0.060, 0.100, 19
train,    1720, 7.814815,   45, 0.00,   11, 0.000, 0.060, 0.100, 19
update,   1720,   43,  550, 27.788600, 0.000000
train,    1721, -14.503938,   36, 1.00,    9, 0.000, 0.060, 0.100, 19
train,    1722, -26.739313,   25, 1.00,   12, 0.000, 0.060, 0.100, 19
train,    1723, 14.389590,   30, 0.00,   11, 0.000, 0.060, 0.100, 19
train,    1724, -5.156037,   30, 1.00,   12, 0.000, 0.060, 0.100, 19
val,      1724, -5.783311, 0.2303,  26.5430,   2.3173, 0.7609,  13.7023
train,    1725, 23.794983,   32, 0.00,   11, 0.000, 0.060, 0.100, 19
train,    1726, -6.528891,   33, 1.00,    8, 0.000, 0.060, 0.100, 18
train,    1727, 2.692718,   31, 0.00,    9, 0.000, 0.060, 0.100, 18
train,    1728, 19.959537,   29, 1.00,   11, 0.000, 0.060, 0.100, 18
train,    1729, 17.694435,   25, 1.00,    9, 0.000, 0.060, 0.100, 18
train,    1730, 17.537623,   37, 0.00,   12, 0.000, 0.060, 0.100, 18
train,    1731, 18.662252,   38, 1.00,   10, 0.000, 0.060, 0.100, 18
train,    1732, -9.762036,   27, 1.00,   13, 0.000, 0.060, 0.100, 18
train,    1733, 4.433329,   37, 1.00,   10, 0.000, 0.060, 0.100, 18
train,    1734, 24.757295,   33, 0.00,   10, 0.000, 0.060, 0.100, 18
train,    1735, 38.141500,   24, 0.00,   10, 0.000, 0.060, 0.100, 18
train,    1736, -18.654119,   45, 0.00,   14, 0.000, 0.060, 0.100, 18
train,    1737, 2.082031,   35, 1.00,   12, 0.000, 0.060, 0.100, 18
train,    1738, 1.402024,   33, 0.00,   11, 0.000, 0.060, 0.100, 18
train,    1739, 2.811410,   31, 0.00,   10, 0.000, 0.060, 0.100, 18
train,    1740, 19.673629,   36, 0.00,    9, 0.000, 0.060, 0.100, 18
train,    1741, 8.360288,   30, 0.00,    9, 0.000, 0.060, 0.100, 18
train,    1742, 32.253422,   31, 0.00,    9, 0.000, 0.060, 0.100, 18
train,    1743, 25.524368,   29, 0.00,   10, 0.000, 0.060, 0.100, 18
train,    1744, 2.883893,   20, 1.00,    9, 0.000, 0.060, 0.100, 18
train,    1745, 45.039592,   41, 0.00,   10, 0.000, 0.060, 0.100, 17
train,    1746, 4.564157,   34, 0.00,    9, 0.000, 0.060, 0.100, 17
train,    1747, 34.603015,   42, 0.00,    7, 0.000, 0.060, 0.100, 17
train,    1748, 58.029501,   24, 1.00,    4, 0.000, 0.060, 0.100, 17
train,    1749, 37.111607,   40, 0.00,    8, 0.000, 0.060, 0.100, 17
val,      1749, 12.150037, 0.2430,  27.4841,   2.1199, 0.6466,  14.2891
train,    1750, -3.751127,   26, 1.00,    9, 0.000, 0.060, 0.100, 17
train,    1751, 72.482363,   38, 0.00,   10, 0.000, 0.060, 0.100, 17
train,    1752, 59.061709,   31, 0.00,    6, 0.000, 0.060, 0.100, 17
train,    1753, 40.698526,   32, 1.00,    4, 0.000, 0.060, 0.100, 17
train,    1754, 48.127366,   37, 1.00,    7, 0.000, 0.060, 0.100, 17
train,    1755, 68.004233,   28, 0.00,    6, 0.000, 0.060, 0.100, 17
train,    1756, 89.072789,   36, 0.00,    7, 0.000, 0.060, 0.100, 17
train,    1757, 54.254034,   35, 0.00,    4, 0.000, 0.060, 0.100, 17
train,    1758, 80.286224,   31, 1.00,    4, 0.000, 0.060, 0.100, 17
train,    1759, 107.710544,   34, 0.00,    6, 0.000, 0.060, 0.100, 17
train,    1760, 112.587353,   30, 1.00,    4, 0.000, 0.060, 0.100, 17
update,   1760,   44,  558, 18.989599, 0.000000
train,    1761, 84.697370,   37, 0.00,   11, 0.000, 0.060, 0.100, 17
train,    1762, 92.219648,   33, 0.00,    2, 0.000, 0.060, 0.100, 17
train,    1763, 110.470275,   34, 0.00,    8, 0.000, 0.060, 0.100, 17
train,    1764, 99.426755,   45, 0.00,    3, 0.000, 0.060, 0.100, 17
train,    1765, 112.520159,   33, 0.00,    4, 0.000, 0.060, 0.100, 17
train,    1766, 87.509673,   42, 0.00,    5, 0.000, 0.060, 0.100, 17
train,    1767, 106.985639,   41, 1.00,    4, 0.000, 0.060, 0.100, 16
train,    1768, 115.000000,   29, 0.00,    7, 0.000, 0.060, 0.100, 16
train,    1769, 103.341989,   42, 1.00,    7, 0.000, 0.060, 0.100, 16
train,    1770, 98.207245,   38, 0.00,    6, 0.000, 0.060, 0.100, 16
train,    1771, 105.915564,   40, 1.00,    2, 0.000, 0.060, 0.100, 16
train,    1772, 78.630431,   43, 0.00,   10, 0.000, 0.060, 0.100, 16
train,    1773, 95.893695,   25, 0.00,    5, 0.000, 0.060, 0.100, 16
train,    1774, 65.520343,   37, 1.00,    4, 0.000, 0.060, 0.100, 16
val,      1774, 30.884787, 0.1008,  31.7649,   1.8434, 0.6672,  13.0951
train,    1775, 66.845124,   42, 1.00,    4, 0.000, 0.060, 0.100, 16
train,    1776, 77.344316,   38, 1.00,    3, 0.000, 0.060, 0.100, 16
train,    1777, 58.328453,   48, 1.00,    1, 0.000, 0.060, 0.100, 16
train,    1778, 46.429325,   45, 1.00,    6, 0.000, 0.060, 0.100, 16
train,    1779, 76.291945,   50, 0.00,    2, 0.000, 0.060, 0.100, 16
train,    1780, 27.901798,   43, 0.00,    5, 0.000, 0.060, 0.100, 16
train,    1781, 58.361820,   35, 0.00,    6, 0.000, 0.060, 0.100, 16
train,    1782, 40.163873,   48, 1.00,    2, 0.000, 0.060, 0.100, 16
train,    1783, 44.711364,   44, 1.00,    4, 0.000, 0.060, 0.100, 16
train,    1784, 2.085764,   36, 1.00,    5, 0.000, 0.060, 0.100, 16
train,    1785, 38.038972,   43, 0.00,    5, 0.000, 0.060, 0.100, 16
train,    1786, 22.979796,   46, 0.00,    6, 0.000, 0.060, 0.100, 16
train,    1787, 8.449785,   54, 1.00,    5, 0.000, 0.060, 0.100, 16
train,    1788, 22.760732,   37, 0.00,    7, 0.000, 0.060, 0.100, 16
train,    1789, -20.488110,   41, 1.00,    0, 0.000, 0.060, 0.100, 16
train,    1790, -7.552246,   47, 0.00,    5, 0.000, 0.060, 0.100, 16
train,    1791, 1.469672,   45, 1.00,    7, 0.000, 0.060, 0.100, 16
train,    1792, 35.195154,   40, 1.00,    5, 0.000, 0.060, 0.100, 16
train,    1793, 12.987689,   46, 0.00,    7, 0.000, 0.060, 0.100, 16
train,    1794, 20.153824,   47, 1.00,    7, 0.000, 0.060, 0.100, 16
train,    1795, 42.311495,   38, 1.00,    4, 0.000, 0.060, 0.100, 16
train,    1796, 1.718364,   42, 0.00,    7, 0.000, 0.060, 0.100, 16
train,    1797, 14.252527,   40, 1.00,   10, 0.000, 0.060, 0.100, 16
train,    1798, 0.762830,   46, 1.00,    6, 0.000, 0.060, 0.100, 16
train,    1799, 6.899544,   47, 1.00,    4, 0.000, 0.060, 0.100, 16
val,      1799, 37.427561, 0.1981,  28.6548,   2.4077, 0.7001,  13.9001
train,    1800, 17.789232,   45, 1.00,    4, 0.000, 0.060, 0.100, 16
update,   1800,   45,  560, 22.195165, 0.000000
train,    1801, 17.929273,   46, 1.00,    6, 0.000, 0.060, 0.100, 16
train,    1802, 66.053537,   53, 0.00,    6, 0.000, 0.060, 0.100, 16
train,    1803, 28.790799,   49, 1.00,    7, 0.000, 0.060, 0.100, 16
train,    1804, 37.333415,   49, 0.00,    7, 0.000, 0.060, 0.100, 16
train,    1805, 32.367297,   43, 1.00,    9, 0.000, 0.060, 0.100, 16
train,    1806, 20.793804,   43, 1.00,    7, 0.000, 0.060, 0.100, 16
train,    1807, 45.275220,   46, 0.00,   11, 0.000, 0.060, 0.100, 16
train,    1808, 33.956564,   40, 1.00,    7, 0.000, 0.060, 0.100, 16
train,    1809, 24.074692,   43, 0.00,    7, 0.000, 0.060, 0.100, 16
train,    1810, 16.302407,   48, 1.00,    6, 0.000, 0.060, 0.100, 16
train,    1811, -6.222042,   39, 0.00,    9, 0.000, 0.060, 0.100, 16
train,    1812, 24.934254,   42, 1.00,    8, 0.000, 0.060, 0.100, 16
train,    1813, 16.524750,   44, 1.00,   10, 0.000, 0.060, 0.100, 16
train,    1814, 43.326566,   44, 1.00,    8, 0.000, 0.060, 0.100, 16
train,    1815, 30.940211,   42, 1.00,    8, 0.000, 0.060, 0.100, 16
train,    1816, 22.422275,   40, 1.00,    9, 0.000, 0.060, 0.100, 16
train,    1817, 48.152921,   40, 1.00,    9, 0.000, 0.060, 0.100, 16
train,    1818, 34.364273,   34, 1.00,    8, 0.000, 0.060, 0.100, 16
train,    1819, 64.273301,   49, 0.00,   14, 0.000, 0.060, 0.100, 16
train,    1820, 12.474406,   46, 1.00,   13, 0.000, 0.060, 0.100, 16
train,    1821, 55.621967,   47, 0.00,    5, 0.000, 0.060, 0.100, 16
train,    1822, 41.362479,   31, 1.00,   11, 0.000, 0.060, 0.100, 16
train,    1823, 19.659730,   34, 0.00,   10, 0.000, 0.060, 0.100, 16
train,    1824, 58.047627,   53, 0.00,   10, 0.000, 0.060, 0.100, 16
val,      1824, 29.861099, 0.1373,  39.6311,   2.1137, 0.7916,  13.2420
train,    1825, 61.564372,   29, 0.00,   10, 0.000, 0.060, 0.100, 16
train,    1826, 76.139226,   46, 0.00,    9, 0.000, 0.060, 0.100, 16
train,    1827, 54.097670,   41, 1.00,   13, 0.000, 0.060, 0.100, 16
train,    1828, 50.677829,   42, 0.00,   13, 0.000, 0.060, 0.100, 16
train,    1829, 73.808629,   45, 1.00,    8, 0.000, 0.060, 0.100, 16
train,    1830, 100.906962,   42, 0.00,   11, 0.000, 0.060, 0.100, 16
train,    1831, 71.676788,   52, 1.00,   10, 0.000, 0.060, 0.100, 16
train,    1832, 62.875126,   30, 1.00,   13, 0.000, 0.060, 0.100, 16
train,    1833, 45.460005,   45, 1.00,    9, 0.000, 0.060, 0.100, 16
train,    1834, 59.841952,   36, 0.00,   13, 0.000, 0.060, 0.100, 16
train,    1835, 78.128261,   37, 0.00,    9, 0.000, 0.060, 0.100, 16
train,    1836, 64.536327,   41, 1.00,    9, 0.000, 0.060, 0.100, 17
train,    1837, 65.499030,   34, 0.00,    9, 0.000, 0.060, 0.100, 17
train,    1838, 46.592407,   33, 1.00,   10, 0.000, 0.060, 0.100, 17
train,    1839, 17.131723,   15, 1.00,   11, 0.000, 0.060, 0.100, 17
train,    1840, 60.990608,   34, 1.00,    9, 0.000, 0.060, 0.100, 17
update,   1840,   46,  547, 19.421740, 0.000000
train,    1841, 41.225690,   39, 1.00,   10, 0.000, 0.060, 0.100, 17
train,    1842, 53.934901,   35, 1.00,   12, 0.000, 0.060, 0.100, 17
train,    1843, 38.069223,   32, 1.00,    7, 0.000, 0.060, 0.100, 17
train,    1844, 10.033258,   33, 1.00,    8, 0.000, 0.060, 0.100, 17
train,    1845, 32.080562,   31, 1.00,    9, 0.000, 0.060, 0.100, 17
train,    1846, 0.550711,   27, 1.00,    6, 0.000, 0.060, 0.100, 17
train,    1847, 36.028878,   31, 1.00,    9, 0.000, 0.060, 0.100, 17
train,    1848, -19.368871,   43, 1.00,    9, 0.000, 0.060, 0.100, 17
train,    1849, -3.450005,   37, 0.00,    8, 0.000, 0.060, 0.100, 17
val,      1849, 12.709463, 0.1618,  36.7555,   2.1684, 0.6601,  13.4909
train,    1850, 3.991123,   35, 0.00,    9, 0.000, 0.060, 0.100, 17
train,    1851, -31.835113,   30, 0.00,    9, 0.000, 0.060, 0.100, 17
train,    1852, -22.487877,   31, 0.00,    7, 0.000, 0.060, 0.100, 17
train,    1853, -24.158452,   31, 0.00,    6, 0.000, 0.060, 0.100, 17
train,    1854, -24.354901,   30, 1.00,    5, 0.000, 0.060, 0.100, 17
train,    1855, -10.850121,   38, 0.00,    9, 0.000, 0.060, 0.100, 17
train,    1856, -28.078737,   33, 1.00,    6, 0.000, 0.060, 0.100, 17
train,    1857, -26.967877,   31, 1.00,    6, 0.000, 0.060, 0.100, 18
train,    1858, -29.352698,   42, 0.00,    8, 0.000, 0.060, 0.100, 18
train,    1859, -26.621401,   30, 0.00,    5, 0.000, 0.060, 0.100, 18
train,    1860, -27.339640,   27, 1.00,    5, 0.000, 0.060, 0.100, 18
train,    1861, -39.449166,   37, 0.00,    5, 0.000, 0.060, 0.100, 18
train,    1862, -27.286386,   32, 0.00,    1, 0.000, 0.060, 0.100, 18
train,    1863, -18.561547,   36, 1.00,    2, 0.000, 0.060, 0.100, 18
train,    1864, -8.239920,   47, 1.00,    6, 0.000, 0.060, 0.100, 18
train,    1865, -10.691118,   25, 0.00,    3, 0.000, 0.060, 0.100, 18
train,    1866, -18.303420,   25, 1.00,    4, 0.000, 0.060, 0.100, 18
train,    1867, -15.902239,   44, 0.00,    6, 0.000, 0.060, 0.100, 18
train,    1868, -5.345789,   39, 0.00,    3, 0.000, 0.060, 0.100, 18
train,    1869, -26.819583,   32, 0.00,    1, 0.000, 0.060, 0.100, 18
train,    1870, 7.028032,   43, 0.00,    4, 0.000, 0.060, 0.100, 18
train,    1871, 6.733301,   42, 0.00,    3, 0.000, 0.060, 0.100, 18
train,    1872, 15.134176,   36, 0.00,    7, 0.000, 0.060, 0.100, 18
train,    1873, 8.340134,   35, 0.00,    5, 0.000, 0.060, 0.100, 19
train,    1874, 0.535722,   37, 0.00,    2, 0.000, 0.060, 0.100, 19
val,      1874, 8.416226, 0.1938,  36.7499,   2.2290, 0.7429,  13.6414
train,    1875, -3.821427,   33, 0.00,    2, 0.000, 0.060, 0.100, 19
train,    1876, 16.258263,   48, 0.00,    2, 0.000, 0.060, 0.100, 19
train,    1877, -16.690362,   33, 0.00,    5, 0.000, 0.060, 0.100, 19
train,    1878, -19.076195,   55, 0.00,    5, 0.000, 0.060, 0.100, 19
train,    1879, -4.118312,   36, 0.00,    3, 0.000, 0.060, 0.100, 19
train,    1880, -2.451278,   41, 0.00,    8, 0.000, 0.060, 0.100, 19
update,   1880,   47,  562, 23.119157, 0.000000
train,    1881, 18.296434,   41, 0.00,    4, 0.000, 0.060, 0.100, 19
train,    1882, -15.822726,   34, 0.00,    3, 0.000, 0.060, 0.100, 19
train,    1883, 18.285319,   44, 0.00,    4, 0.000, 0.060, 0.100, 19
train,    1884, 20.522133,   35, 0.00,    4, 0.000, 0.060, 0.100, 19
train,    1885, 16.870592,   36, 1.00,    6, 0.000, 0.060, 0.100, 19
train,    1886, 17.263955,   44, 0.00,    4, 0.000, 0.060, 0.100, 19
train,    1887, -1.339765,   34, 1.00,    4, 0.000, 0.060, 0.100, 19
train,    1888, 23.783240,   48, 0.00,    2, 0.000, 0.060, 0.100, 20
train,    1889, 55.452609,   37, 0.00,    0, 0.000, 0.060, 0.100, 20
train,    1890, 24.523183,   42, 0.00,    4, 0.000, 0.060, 0.100, 20
train,    1891, 27.108487,   38, 0.00,    6, 0.000, 0.060, 0.100, 20
train,    1892, 83.793207,   48, 1.00,    4, 0.000, 0.060, 0.100, 20
train,    1893, 43.446641,   49, 0.00,    7, 0.000, 0.060, 0.100, 20
train,    1894, 67.869104,   37, 0.00,    9, 0.000, 0.060, 0.100, 20
train,    1895, 69.043443,   33, 0.00,    8, 0.000, 0.060, 0.100, 20
train,    1896, 42.315062,   37, 0.00,    4, 0.000, 0.060, 0.100, 20
train,    1897, 51.214920,   38, 0.00,    5, 0.000, 0.060, 0.100, 20
train,    1898, 58.031787,   46, 0.00,    6, 0.000, 0.060, 0.100, 20
train,    1899, 65.076979,   45, 0.00,    8, 0.000, 0.060, 0.100, 20
val,      1899, 30.904259, 0.1752,  36.6911,   2.3922, 0.7188,  14.1970
train,    1900, 64.146480,   53, 0.00,    7, 0.000, 0.060, 0.100, 20
train,    1901, 43.568490,   41, 1.00,    8, 0.000, 0.060, 0.100, 20
train,    1902, 65.882956,   40, 1.00,    5, 0.000, 0.060, 0.100, 20
train,    1903, 39.563176,   52, 1.00,    6, 0.000, 0.060, 0.100, 20
train,    1904, 54.706362,   40, 0.00,    5, 0.000, 0.060, 0.100, 21
train,    1905, 61.164783,   39, 0.00,    7, 0.000, 0.060, 0.100, 21
train,    1906, 40.513873,   37, 1.00,    9, 0.000, 0.060, 0.100, 21
train,    1907, 41.198675,   44, 0.00,    7, 0.000, 0.060, 0.100, 21
train,    1908, 30.226242,   53, 1.00,   10, 0.000, 0.060, 0.100, 21
train,    1909, 31.171748,   46, 0.00,    5, 0.000, 0.060, 0.100, 21
train,    1910, 2.627579,   49, 0.00,   15, 0.000, 0.060, 0.100, 21
train,    1911, 14.070937,   47, 0.00,    6, 0.000, 0.060, 0.100, 21
train,    1912, 28.312289,   46, 0.00,    7, 0.000, 0.060, 0.100, 21
train,    1913, 40.877914,   41, 0.00,   13, 0.000, 0.060, 0.100, 21
train,    1914, 16.568650,   43, 1.00,    7, 0.000, 0.060, 0.100, 21
train,    1915, 26.998209,   42, 0.00,   11, 0.000, 0.060, 0.100, 21
train,    1916, -18.085253,   46, 0.00,    7, 0.000, 0.060, 0.100, 21
train,    1917, -7.473419,   43, 0.00,    8, 0.000, 0.060, 0.100, 21
train,    1918, -15.828884,   36, 0.00,    9, 0.000, 0.060, 0.100, 21
train,    1919, -19.657215,   52, 0.00,   10, 0.000, 0.060, 0.100, 21
train,    1920, -8.520198,   38, 1.00,   12, 0.000, 0.060, 0.100, 21
update,   1920,   48,  533, 21.898415, 0.000000
train,    1921, -4.083847,   52, 0.00,   10, 0.000, 0.060, 0.100, 22
train,    1922, -1.241603,   42, 1.00,   11, 0.000, 0.060, 0.100, 22
train,    1923, 17.481551,   44, 0.00,   10, 0.000, 0.060, 0.100, 22
train,    1924, 4.619019,   44, 1.00,   10, 0.000, 0.060, 0.100, 22
val,      1924, 41.246024, 0.1124,  41.8924,   1.6567, 0.6800,  13.4798
train,    1925, 2.450380,   36, 1.00,    8, 0.000, 0.060, 0.100, 22
train,    1926, -27.583477,   40, 1.00,   11, 0.000, 0.060, 0.100, 22
train,    1927, -3.799649,   39, 1.00,   10, 0.000, 0.060, 0.100, 22
train,    1928, 1.822290,   46, 0.00,   12, 0.000, 0.060, 0.100, 22
train,    1929, -1.786833,   38, 0.00,   12, 0.000, 0.060, 0.100, 22
train,    1930, 50.382576,   43, 0.00,    9, 0.000, 0.060, 0.100, 22
train,    1931, 26.129033,   35, 0.00,   12, 0.000, 0.060, 0.100, 22
train,    1932, 10.894171,   49, 0.00,    9, 0.000, 0.060, 0.100, 22
train,    1933, -12.597230,   47, 1.00,    7, 0.000, 0.060, 0.100, 22
train,    1934, 1.428952,   43, 1.00,    8, 0.000, 0.060, 0.100, 22
train,    1935, 31.591094,   36, 1.00,    9, 0.000, 0.060, 0.100, 22
train,    1936, 5.549615,   46, 0.00,   10, 0.000, 0.060, 0.100, 22
train,    1937, 29.307648,   37, 0.00,   11, 0.000, 0.060, 0.100, 22
train,    1938, 62.910944,   44, 0.00,    8, 0.000, 0.060, 0.100, 22
train,    1939, 27.808721,   39, 1.00,    8, 0.000, 0.060, 0.100, 22
train,    1940, 21.034961,   40, 1.00,    6, 0.000, 0.060, 0.100, 22
train,    1941, 51.814458,   40, 1.00,   11, 0.000, 0.060, 0.100, 22
train,    1942, 46.364437,   47, 1.00,   11, 0.000, 0.060, 0.100, 22
train,    1943, 28.762623,   42, 0.00,    8, 0.000, 0.060, 0.100, 22
train,    1944, 31.098603,   39, 0.00,    7, 0.000, 0.060, 0.100, 22
train,    1945, 63.526732,   43, 0.00,    7, 0.000, 0.060, 0.100, 22
train,    1946, 22.950714,   49, 1.00,    9, 0.000, 0.060, 0.100, 22
train,    1947, 20.823591,   43, 1.00,    8, 0.000, 0.060, 0.100, 23
train,    1948, 16.352440,   47, 0.00,   10, 0.000, 0.060, 0.100, 23
train,    1949, 38.078757,   35, 0.00,    7, 0.000, 0.060, 0.100, 23
val,      1949, 60.623663, 0.1711,  37.5902,   2.1645, 0.7442,  13.0762
train,    1950, 48.086525,   38, 0.00,    7, 0.000, 0.060, 0.100, 23
train,    1951, 34.910150,   39, 1.00,    8, 0.000, 0.060, 0.100, 23
train,    1952, 58.259012,   39, 1.00,    6, 0.000, 0.060, 0.100, 23
train,    1953, 66.329063,   39, 0.00,    5, 0.000, 0.060, 0.100, 23
train,    1954, 60.552808,   33, 0.00,    7, 0.000, 0.060, 0.100, 23
train,    1955, 60.356337,   32, 0.00,    8, 0.000, 0.060, 0.100, 23
train,    1956, 99.639087,   22, 1.00,    6, 0.000, 0.060, 0.100, 23
train,    1957, 63.025506,   34, 0.00,    7, 0.000, 0.060, 0.100, 23
train,    1958, 70.872183,   41, 1.00,    6, 0.000, 0.060, 0.100, 23
train,    1959, 96.042433,   47, 1.00,    6, 0.000, 0.060, 0.100, 23
train,    1960, 78.178676,   37, 1.00,    1, 0.000, 0.060, 0.100, 23
update,   1960,   49,  526, 29.129491, 0.000000
train,    1961, 98.460354,   45, 1.00,    7, 0.000, 0.060, 0.100, 23
train,    1962, 94.737902,   29, 0.00,    3, 0.000, 0.060, 0.100, 23
train,    1963, 100.270308,   37, 1.00,    5, 0.000, 0.060, 0.100, 23
train,    1964, 102.636204,   32, 1.00,    4, 0.000, 0.060, 0.100, 23
train,    1965, 112.898273,   36, 1.00,    4, 0.000, 0.060, 0.100, 23
train,    1966, 92.531029,   30, 0.00,    4, 0.000, 0.060, 0.100, 23
train,    1967, 77.766075,   29, 1.00,    4, 0.000, 0.060, 0.100, 23
train,    1968, 72.712494,   40, 1.00,    4, 0.000, 0.060, 0.100, 23
train,    1969, 96.338663,   44, 0.00,    6, 0.000, 0.060, 0.100, 23
train,    1970, 76.719812,   37, 1.00,    3, 0.000, 0.060, 0.100, 23
train,    1971, 90.532179,   33, 1.00,    0, 0.000, 0.060, 0.100, 23
train,    1972, 72.959140,   31, 0.00,    2, 0.000, 0.060, 0.100, 23
train,    1973, 87.056166,   35, 1.00,    6, 0.000, 0.060, 0.100, 23
train,    1974, 107.806006,   36, 1.00,    6, 0.000, 0.060, 0.100, 23
val,      1974, 36.450446, 0.0660,  26.7205,   1.9012, 0.7050,  13.5617
train,    1975, 32.160656,   37, 1.00,    5, 0.000, 0.060, 0.100, 23
train,    1976, 62.536520,   31, 0.00,    6, 0.000, 0.060, 0.100, 23
train,    1977, 29.122101,   34, 1.00,    3, 0.000, 0.060, 0.100, 23
train,    1978, 41.638409,   36, 1.00,    7, 0.000, 0.060, 0.100, 23
train,    1979, 46.565019,   36, 1.00,    7, 0.000, 0.060, 0.100, 23
train,    1980, 39.427064,   35, 1.00,    4, 0.000, 0.060, 0.100, 23
train,    1981, 44.385452,   26, 0.00,    2, 0.000, 0.060, 0.100, 23
train,    1982, 39.588291,   36, 0.00,    0, 0.000, 0.060, 0.100, 23
train,    1983, 37.109400,   42, 0.00,    4, 0.000, 0.060, 0.100, 23
train,    1984, -3.380925,   37, 1.00,    4, 0.000, 0.060, 0.100, 23
train,    1985, 36.236520,   42, 1.00,    6, 0.000, 0.060, 0.100, 23
train,    1986, 3.692675,   42, 1.00,    5, 0.000, 0.060, 0.100, 23
train,    1987, -15.946764,   40, 0.00,    8, 0.000, 0.060, 0.100, 23
train,    1988, 24.033050,   42, 0.00,    2, 0.000, 0.060, 0.100, 23
train,    1989, 4.530370,   27, 1.00,    8, 0.000, 0.060, 0.100, 23
train,    1990, 38.015703,   49, 1.00,    4, 0.000, 0.060, 0.100, 23
train,    1991, -6.688390,   40, 1.00,    4, 0.000, 0.060, 0.100, 23
train,    1992, 10.362801,   28, 0.00,    7, 0.000, 0.060, 0.100, 22
train,    1993, 2.777151,   55, 0.00,    8, 0.000, 0.060, 0.100, 22
train,    1994, -3.044654,   37, 0.00,    5, 0.000, 0.060, 0.100, 22
train,    1995, 0.869417,   40, 0.00,    8, 0.000, 0.060, 0.100, 22
train,    1996, 8.196734,   46, 0.00,    9, 0.000, 0.060, 0.100, 22
train,    1997, 43.488661,   37, 0.00,    4, 0.000, 0.060, 0.100, 22
train,    1998, 10.715079,   49, 1.00,    5, 0.000, 0.060, 0.100, 22
train,    1999, 22.264070,   40, 0.00,    8, 0.000, 0.060, 0.100, 22
val,      1999, 14.370822, 0.1434,  28.1361,   1.8930, 0.5856,  14.2990
train,    2000, 14.056907,   46, 1.00,    7, 0.000, 0.060, 0.100, 22
update,   2000,   50,  589, 24.053416, 0.000000
train,    2001, 6.644420,   38, 1.00,    7, 0.000, 0.060, 0.100, 22
train,    2002, 29.005758,   42, 0.00,    9, 0.000, 0.060, 0.100, 22
train,    2003, 15.950095,   47, 0.00,    8, 0.000, 0.060, 0.100, 22
train,    2004, 25.789305,   49, 0.00,    7, 0.000, 0.060, 0.100, 22
train,    2005, 16.667748,   34, 1.00,    5, 0.000, 0.060, 0.100, 22
train,    2006, 13.476954,   38, 1.00,    8, 0.000, 0.060, 0.100, 22
train,    2007, 5.933191,   40, 1.00,    7, 0.000, 0.060, 0.100, 22
train,    2008, 38.991924,   42, 1.00,    5, 0.000, 0.060, 0.100, 22
train,    2009, 29.499515,   44, 0.00,    9, 0.000, 0.060, 0.100, 22
train,    2010, 47.610609,   49, 0.00,   13, 0.000, 0.060, 0.100, 22
train,    2011, 40.656815,   45, 0.00,    5, 0.000, 0.060, 0.100, 22
train,    2012, 8.399587,   42, 0.00,   11, 0.000, 0.060, 0.100, 22
train,    2013, 34.087187,   38, 0.00,    7, 0.000, 0.060, 0.100, 22
train,    2014, 32.854330,   47, 0.00,   10, 0.000, 0.060, 0.100, 22
train,    2015, 50.924598,   47, 1.00,   12, 0.000, 0.060, 0.100, 22
train,    2016, 55.298225,   39, 1.00,    8, 0.000, 0.060, 0.100, 22
train,    2017, 18.809560,   38, 0.00,    8, 0.000, 0.060, 0.100, 22
train,    2018, 56.736261,   41, 0.00,   10, 0.000, 0.060, 0.100, 21
train,    2019, 45.555269,   35, 1.00,    7, 0.000, 0.060, 0.100, 21
train,    2020, 37.179512,   40, 0.00,   11, 0.000, 0.060, 0.100, 21
train,    2021, 28.603148,   39, 0.00,    8, 0.000, 0.060, 0.100, 21
train,    2022, 54.360277,   46, 0.00,   14, 0.000, 0.060, 0.100, 21
train,    2023, 27.081249,   49, 1.00,    5, 0.000, 0.060, 0.100, 21
train,    2024, 62.105519,   48, 0.00,    9, 0.000, 0.060, 0.100, 21
val,      2024, 18.550613, 0.1823,  29.2061,   1.9964, 0.6830,  13.6531
train,    2025, 46.676053,   50, 0.00,    9, 0.000, 0.060, 0.100, 21
train,    2026, 54.883431,   47, 0.00,    5, 0.000, 0.060, 0.100, 21
train,    2027, 65.685095,   42, 0.00,    8, 0.000, 0.060, 0.100, 21
train,    2028, 55.363224,   40, 0.00,   11, 0.000, 0.060, 0.100, 21
train,    2029, 65.038396,   49, 0.00,    9, 0.000, 0.060, 0.100, 21
train,    2030, 40.368381,   50, 0.00,    9, 0.000, 0.060, 0.100, 21
train,    2031, 82.549307,   49, 1.00,    9, 0.000, 0.060, 0.100, 21
train,    2032, 56.167917,   43, 0.00,   10, 0.000, 0.060, 0.100, 21
train,    2033, 38.008619,   41, 1.00,    7, 0.000, 0.060, 0.100, 21
train,    2034, 35.535706,   52, 1.00,   11, 0.000, 0.060, 0.100, 21
train,    2035, 51.145858,   33, 1.00,   12, 0.000, 0.060, 0.100, 21
train,    2036, 35.115383,   36, 0.00,   12, 0.000, 0.060, 0.100, 21
train,    2037, 48.926446,   43, 0.00,   10, 0.000, 0.060, 0.100, 21
train,    2038, 47.839789,   45, 0.00,   10, 0.000, 0.060, 0.100, 20
train,    2039, 62.574624,   39, 0.00,    8, 0.000, 0.060, 0.100, 20
train,    2040, 53.515471,   47, 0.00,   11, 0.000, 0.060, 0.100, 20
update,   2040,   51,  547, 28.307325, 0.000000
train,    2041, 58.301734,   48, 1.00,    8, 0.000, 0.060, 0.100, 20
train,    2042, 38.496337,   38, 0.00,   11, 0.000, 0.060, 0.100, 20
train,    2043, 14.980801,   47, 0.00,   12, 0.000, 0.060, 0.100, 20
train,    2044, 14.825939,   38, 0.00,    7, 0.000, 0.060, 0.100, 20
train,    2045, 26.558253,   45, 0.00,   11, 0.000, 0.060, 0.100, 20
train,    2046, -1.013966,   38, 0.00,   12, 0.000, 0.060, 0.100, 20
train,    2047, 0.639436,   35, 1.00,   12, 0.000, 0.060, 0.100, 20
train,    2048, 14.068990,   46, 0.00,    9, 0.000, 0.060, 0.100, 20
train,    2049, -35.876246,   42, 1.00,   10, 0.000, 0.060, 0.100, 20
val,      2049, 27.342512, 0.1072,  32.9927,   1.7039, 0.8021,  15.0265
train,    2050, 0.635913,   34, 0.00,    7, 0.000, 0.060, 0.100, 20
train,    2051, -15.903973,   29, 0.00,    9, 0.000, 0.060, 0.100, 20
train,    2052, -14.447388,   37, 0.00,    5, 0.000, 0.060, 0.100, 20
train,    2053, -46.004901,   53, 1.00,    4, 0.000, 0.060, 0.100, 20
train,    2054, -41.667004,   39, 1.00,    6, 0.000, 0.060, 0.100, 20
train,    2055, -24.699343,   41, 1.00,   11, 0.000, 0.060, 0.100, 20
train,    2056, -33.713019,   38, 1.00,    8, 0.000, 0.060, 0.100, 20
train,    2057, -21.667165,   44, 0.00,    8, 0.000, 0.060, 0.100, 19
train,    2058, -14.050382,   28, 0.00,    8, 0.000, 0.060, 0.100, 19
train,    2059, -24.629145,   36, 0.00,    4, 0.000, 0.060, 0.100, 19
train,    2060, -3.103430,   29, 0.00,    6, 0.000, 0.060, 0.100, 19
train,    2061, -40.314294,   38, 0.00,    6, 0.000, 0.060, 0.100, 19
train,    2062, -16.479049,   39, 1.00,    8, 0.000, 0.060, 0.100, 19
train,    2063, -9.907817,   43, 0.00,    4, 0.000, 0.060, 0.100, 19
train,    2064, -33.974707,   38, 1.00,    3, 0.000, 0.060, 0.100, 19
train,    2065, -21.221406,   45, 1.00,    4, 0.000, 0.060, 0.100, 19
train,    2066, -9.074375,   35, 0.00,    7, 0.000, 0.060, 0.100, 19
train,    2067, -15.113632,   48, 0.00,    5, 0.000, 0.060, 0.100, 19
train,    2068, -16.016623,   28, 0.00,    6, 0.000, 0.060, 0.100, 19
train,    2069, -7.806315,   35, 1.00,    6, 0.000, 0.060, 0.100, 19
train,    2070, -13.634475,   41, 1.00,    5, 0.000, 0.060, 0.100, 19
train,    2071, 29.469278,   37, 0.00,    3, 0.000, 0.060, 0.100, 19
train,    2072, 13.561200,   32, 0.00,    4, 0.000, 0.060, 0.100, 19
train,    2073, 13.644836,   34, 0.00,    2, 0.000, 0.060, 0.100, 19
train,    2074, 30.799522,   32, 0.00,    3, 0.000, 0.060, 0.100, 19
val,      2074, 45.472967, 0.2155,  37.4188,   1.9761, 0.7213,  14.3972
train,    2075, 6.221025,   32, 0.00,    3, 0.000, 0.060, 0.100, 19
train,    2076, 44.808321,   29, 0.00,    7, 0.000, 0.060, 0.100, 19
train,    2077, 14.104269,   41, 0.00,    4, 0.000, 0.060, 0.100, 19
train,    2078, 42.623772,   38, 0.00,    5, 0.000, 0.060, 0.100, 18
train,    2079, 27.874893,   40, 1.00,    4, 0.000, 0.060, 0.100, 18
train,    2080, 29.099115,   34, 0.00,    2, 0.000, 0.060, 0.100, 18
update,   2080,   52,  564, 22.540255, 0.000000
train,    2081, 38.191282,   30, 1.00,    4, 0.000, 0.060, 0.100, 18
train,    2082, 16.866732,   35, 0.00,    8, 0.000, 0.060, 0.100, 18
train,    2083, 34.455209,   36, 0.00,    7, 0.000, 0.060, 0.100, 18
train,    2084, 33.979614,   32, 1.00,    5, 0.000, 0.060, 0.100, 18
train,    2085, 15.297696,   45, 1.00,    3, 0.000, 0.060, 0.100, 18
train,    2086, 32.250792,   37, 1.00,    0, 0.000, 0.060, 0.100, 18
train,    2087, -1.407545,   36, 0.00,    2, 0.000, 0.060, 0.100, 18
train,    2088, 30.224314,   39, 0.00,    3, 0.000, 0.060, 0.100, 18
train,    2089, 40.457392,   32, 1.00,    4, 0.000, 0.060, 0.100, 18
train,    2090, 52.927645,   34, 0.00,    6, 0.000, 0.060, 0.100, 18
train,    2091, 12.093412,   35, 0.00,    5, 0.000, 0.060, 0.100, 18
train,    2092, 38.271716,   34, 1.00,    3, 0.000, 0.060, 0.100, 18
train,    2093, 41.790313,   38, 0.00,    1, 0.000, 0.060, 0.100, 18
train,    2094, 31.114406,   43, 1.00,    9, 0.000, 0.060, 0.100, 18
train,    2095, 30.387226,   37, 1.00,    8, 0.000, 0.060, 0.100, 18
train,    2096, 56.115973,   38, 0.00,    2, 0.000, 0.060, 0.100, 18
train,    2097, 49.968778,   44, 1.00,    6, 0.000, 0.060, 0.100, 18
train,    2098, 45.236089,   40, 1.00,    7, 0.000, 0.060, 0.100, 18
train,    2099, 61.554044,   26, 0.00,    5, 0.000, 0.060, 0.100, 18
val,      2099, 41.201572, 0.2429,  37.8937,   2.0303, 0.7745,  14.3500
train,    2100, 50.940131,   28, 1.00,    5, 0.000, 0.060, 0.100, 18
train,    2101, 51.804896,   36, 1.00,    5, 0.000, 0.060, 0.100, 18
train,    2102, 35.380512,   46, 0.00,    5, 0.000, 0.060, 0.100, 18
train,    2103, 53.415167,   50, 1.00,    7, 0.000, 0.060, 0.100, 18
train,    2104, 63.284075,   36, 0.00,    5, 0.000, 0.060, 0.100, 18
train,    2105, 45.171116,   41, 0.00,    6, 0.000, 0.060, 0.100, 18
train,    2106, 28.832444,   43, 1.00,    7, 0.000, 0.060, 0.100, 18
train,    2107, 18.684856,   46, 1.00,   10, 0.000, 0.060, 0.100, 18
train,    2108, 36.037943,   34, 0.00,    3, 0.000, 0.060, 0.100, 18
train,    2109, 54.401378,   33, 1.00,    9, 0.000, 0.060, 0.100, 18
train,    2110, 28.419019,   39, 1.00,    9, 0.000, 0.060, 0.100, 18
train,    2111, 13.288063,   28, 0.00,   11, 0.000, 0.060, 0.100, 18
train,    2112, 42.341372,   38, 1.00,    6, 0.000, 0.060, 0.100, 18
train,    2113, 2.386323,   50, 0.00,    7, 0.000, 0.060, 0.100, 18
train,    2114, 3.848394,   46, 1.00,    8, 0.000, 0.060, 0.100, 18
train,    2115, 13.504639,   35, 0.00,    9, 0.000, 0.060, 0.100, 18
train,    2116, 17.008393,   40, 0.00,   10, 0.000, 0.060, 0.100, 18
train,    2117, -12.725605,   46, 1.00,    6, 0.000, 0.060, 0.100, 18
train,    2118, -19.007632,   39, 1.00,   10, 0.000, 0.060, 0.100, 18
train,    2119, -3.562913,   44, 0.00,   10, 0.000, 0.060, 0.100, 18
train,    2120, 10.286427,   49, 1.00,    7, 0.000, 0.060, 0.100, 18
update,   2120,   53,  561, 20.264800, 0.000000
train,    2121, -21.974676,   43, 0.00,   10, 0.000, 0.060, 0.100, 18
train,    2122, 0.290711,   44, 0.00,   13, 0.000, 0.060, 0.100, 18
train,    2123, -22.000630,   57, 0.00,   10, 0.000, 0.060, 0.100, 18
train,    2124, 8.781347,   46, 0.00,   10, 0.000, 0.060, 0.100, 18
val,      2124, 34.065890, 0.2304,  40.9028,   1.9962, 0.7299,  13.4363
train,    2125, -8.134390,   53, 0.00,   10, 0.000, 0.060, 0.100, 18
train,    2126, 0.618139,   42, 0.00,   12, 0.000, 0.060, 0.100, 18
train,    2127, -1.631553,   50, 1.00,    9, 0.000, 0.060, 0.100, 18
train,    2128, 19.459362,   50, 0.00,   13, 0.000, 0.060, 0.100, 18
train,    2129, -3.385481,   55, 1.00,   11, 0.000, 0.060, 0.100, 18
train,    2130, 6.508940,   49, 0.00,   12, 0.000, 0.060, 0.100, 18
train,    2131, 10.021518,   43, 0.00,    6, 0.000, 0.060, 0.100, 18
train,    2132, 19.288804,   40, 1.00,    9, 0.000, 0.060, 0.100, 18
train,    2133, 7.187177,   49, 1.00,   10, 0.000, 0.060, 0.100, 18
train,    2134, 24.508456,   50, 0.00,   11, 0.000, 0.060, 0.100, 18
train,    2135, 30.800943,   45, 1.00,   10, 0.000, 0.060, 0.100, 18
train,    2136, 22.518170,   44, 1.00,   12, 0.000, 0.060, 0.100, 18
train,    2137, 51.480121,   51, 0.00,   11, 0.000, 0.060, 0.100, 18
train,    2138, 43.378151,   40, 0.00,   10, 0.000, 0.060, 0.100, 18
train,    2139, 42.200558,   53, 0.00,    6, 0.000, 0.060, 0.100, 18
train,    2140, 59.794721,   46, 0.00,    8, 0.000, 0.060, 0.100, 18
train,    2141, 57.891988,   53, 1.00,   12, 0.000, 0.060, 0.100, 18
train,    2142, 35.058483,   37, 0.00,    8, 0.000, 0.060, 0.100, 18
train,    2143, 39.167404,   51, 0.00,    6, 0.000, 0.060, 0.100, 18
train,    2144, 55.899482,   52, 0.00,   11, 0.000, 0.060, 0.100, 18
train,    2145, 63.709484,   52, 0.00,    7, 0.000, 0.060, 0.100, 18
train,    2146, 49.763142,   50, 1.00,   11, 0.000, 0.060, 0.100, 18
train,    2147, 50.129110,   41, 1.00,    7, 0.000, 0.060, 0.100, 18
train,    2148, 43.280003,   49, 0.00,    7, 0.000, 0.060, 0.100, 18
train,    2149, 73.583766,   41, 0.00,    8, 0.000, 0.060, 0.100, 18
val,      2149, 19.075960, 0.0792,  39.7414,   1.3563, 0.7603,  13.3406
train,    2150, 51.302467,   52, 1.00,    7, 0.000, 0.060, 0.100, 18
train,    2151, 92.870509,   50, 0.00,    7, 0.000, 0.060, 0.100, 18
train,    2152, 39.014928,   37, 0.00,    8, 0.000, 0.060, 0.100, 18
train,    2153, 50.515819,   39, 0.00,    9, 0.000, 0.060, 0.100, 19
train,    2154, 48.825895,   50, 0.00,    8, 0.000, 0.060, 0.100, 19
train,    2155, 73.404852,   54, 1.00,    6, 0.000, 0.060, 0.100, 19
train,    2156, 52.110939,   47, 0.00,    6, 0.000, 0.060, 0.100, 19
train,    2157, 84.570972,   30, 0.00,    9, 0.000, 0.060, 0.100, 19
train,    2158, 74.750416,   52, 0.00,    8, 0.000, 0.060, 0.100, 19
train,    2159, 68.233849,   43, 0.00,    4, 0.000, 0.060, 0.100, 19
train,    2160, 75.397752,   36, 0.00,    4, 0.000, 0.060, 0.100, 19
update,   2160,   54,  511, 23.961076, 0.000000
train,    2161, 49.414427,   45, 0.00,    6, 0.000, 0.060, 0.100, 19
train,    2162, 82.617413,   49, 0.00,    5, 0.000, 0.060, 0.100, 19
train,    2163, 58.264562,   49, 0.00,    6, 0.000, 0.060, 0.100, 19
train,    2164, 75.142452,   40, 0.00,    2, 0.000, 0.060, 0.100, 19
train,    2165, 64.269856,   39, 0.00,    9, 0.000, 0.060, 0.100, 19
train,    2166, 53.576253,   45, 1.00,    3, 0.000, 0.060, 0.100, 19
train,    2167, 80.451477,   35, 0.00,    9, 0.000, 0.060, 0.100, 19
train,    2168, 76.553906,   41, 1.00,    6, 0.000, 0.060, 0.100, 19
train,    2169, 73.626569,   42, 0.00,    0, 0.000, 0.060, 0.100, 19
train,    2170, 48.340671,   43, 1.00,    5, 0.000, 0.060, 0.100, 19
train,    2171, 65.408617,   42, 0.00,    8, 0.000, 0.060, 0.100, 19
train,    2172, 45.634843,   39, 0.00,    6, 0.000, 0.060, 0.100, 19
train,    2173, 80.119362,   40, 0.00,    2, 0.000, 0.060, 0.100, 20
train,    2174, 48.156751,   37, 0.00,    5, 0.000, 0.060, 0.100, 20
val,      2174, 15.528959, 0.2511,  39.8135,   1.9750, 0.7565,  13.8459
train,    2175, 53.491156,   40, 0.00,    4, 0.000, 0.060, 0.100, 20
train,    2176, 61.367786,   31, 0.00,    7, 0.000, 0.060, 0.100, 20
train,    2177, 23.335578,   40, 0.00,    3, 0.000, 0.060, 0.100, 20
train,    2178, 45.570705,   44, 0.00,    4, 0.000, 0.060, 0.100, 20
train,    2179, 54.646933,   37, 0.00,    7, 0.000, 0.060, 0.100, 20
train,    2180, 21.463476,   35, 0.00,    6, 0.000, 0.060, 0.100, 20
train,    2181, 24.322229,   36, 1.00,    3, 0.000, 0.060, 0.100, 20
train,    2182, 36.522169,   34, 1.00,    4, 0.000, 0.060, 0.100, 20
train,    2183, 36.782069,   37, 1.00,    5, 0.000, 0.060, 0.100, 20
train,    2184, 15.204671,   39, 0.00,    3, 0.000, 0.060, 0.100, 20
train,    2185, 4.751342,   44, 0.00,    0, 0.000, 0.060, 0.100, 20
train,    2186, 10.403136,   42, 0.00,    3, 0.000, 0.060, 0.100, 20
train,    2187, 7.549691,   37, 0.00,    8, 0.000, 0.060, 0.100, 20
train,    2188, 1.209251,   34, 0.00,    6, 0.000, 0.060, 0.100, 20
train,    2189, 15.891753,   44, 0.00,    4, 0.000, 0.060, 0.100, 21
train,    2190, 5.468847,   35, 1.00,    6, 0.000, 0.060, 0.100, 21
train,    2191, -21.886563,   34, 1.00,    8, 0.000, 0.060, 0.100, 21
train,    2192, 5.675094,   33, 0.00,    7, 0.000, 0.060, 0.100, 21
train,    2193, 1.360958,   47, 0.00,    6, 0.000, 0.060, 0.100, 21
train,    2194, -4.886667,   35, 0.00,    6, 0.000, 0.060, 0.100, 21
train,    2195, -9.905226,   42, 1.00,    5, 0.000, 0.060, 0.100, 21
train,    2196, 1.829579,   38, 1.00,    2, 0.000, 0.060, 0.100, 21
train,    2197, -2.569379,   29, 0.00,    6, 0.000, 0.060, 0.100, 21
train,    2198, 31.783363,   36, 0.00,    4, 0.000, 0.060, 0.100, 21
train,    2199, 14.803854,   32, 0.00,    6, 0.000, 0.060, 0.100, 21
val,      2199, 12.402983, 0.1290,  38.5661,   1.6628, 0.7552,  13.7320
train,    2200, 16.057709,   37, 0.00,    8, 0.000, 0.060, 0.100, 21
update,   2200,   55,  488, 27.715723, 0.000000
train,    2201, 19.797355,   42, 0.00,    7, 0.000, 0.060, 0.100, 21
train,    2202, 30.090180,   34, 0.00,    5, 0.000, 0.060, 0.100, 21
train,    2203, 21.945466,   40, 0.00,   11, 0.000, 0.060, 0.100, 21
train,    2204, 21.031624,   36, 0.00,   10, 0.000, 0.060, 0.100, 22
train,    2205, 42.759945,   35, 0.00,   10, 0.000, 0.060, 0.100, 22
train,    2206, 25.401174,   36, 0.00,    8, 0.000, 0.060, 0.100, 22
train,    2207, 33.826399,   37, 1.00,    8, 0.000, 0.060, 0.100, 22
train,    2208, 53.687159,   44, 0.00,    9, 0.000, 0.060, 0.100, 22
train,    2209, 39.713096,   50, 1.00,    5, 0.000, 0.060, 0.100, 22
train,    2210, 47.282692,   32, 0.00,   10, 0.000, 0.060, 0.100, 22
train,    2211, 56.838356,   40, 0.00,    3, 0.000, 0.060, 0.100, 22
train,    2212, 35.724223,   34, 0.00,    9, 0.000, 0.060, 0.100, 22
train,    2213, 48.144752,   37, 0.00,    7, 0.000, 0.060, 0.100, 22
train,    2214, 54.923982,   44, 0.00,    6, 0.000, 0.060, 0.100, 22
train,    2215, 45.222985,   41, 0.00,   11, 0.000, 0.060, 0.100, 22
train,    2216, 23.235780,   45, 1.00,    6, 0.000, 0.060, 0.100, 22
train,    2217, 26.968430,   48, 0.00,    8, 0.000, 0.060, 0.100, 22
train,    2218, 74.967347,   40, 1.00,   10, 0.000, 0.060, 0.100, 22
train,    2219, 35.164392,   41, 0.00,   11, 0.000, 0.060, 0.100, 22
train,    2220, 44.493972,   32, 1.00,   11, 0.000, 0.060, 0.100, 23
train,    2221, 59.088541,   43, 0.00,    8, 0.000, 0.060, 0.100, 23
train,    2222, 27.542753,   46, 0.00,    8, 0.000, 0.060, 0.100, 23
train,    2223, 67.693392,   49, 0.00,   10, 0.000, 0.060, 0.100, 23
train,    2224, 34.497288,   32, 1.00,   10, 0.000, 0.060, 0.100, 23
val,      2224, 31.731637, 0.1007,  36.8323,   1.6174, 0.7262,  13.3071
train,    2225, 29.692744,   44, 1.00,   13, 0.000, 0.060, 0.100, 23
train,    2226, 52.225383,   39, 1.00,    7, 0.000, 0.060, 0.100, 23
train,    2227, 61.454271,   37, 1.00,   11, 0.000, 0.060, 0.100, 23
train,    2228, 42.122846,   51, 0.00,   10, 0.000, 0.060, 0.100, 23
train,    2229, 55.458061,   46, 1.00,    9, 0.000, 0.060, 0.100, 23
train,    2230, 43.137006,   53, 1.00,    5, 0.000, 0.060, 0.100, 23
train,    2231, 46.215053,   32, 1.00,    8, 0.000, 0.060, 0.100, 23
train,    2232, 63.747196,   49, 1.00,    6, 0.000, 0.060, 0.100, 23
train,    2233, 36.956479,   42, 0.00,    9, 0.000, 0.060, 0.100, 23
train,    2234, 49.876720,   40, 1.00,    7, 0.000, 0.060, 0.100, 23
train,    2235, 37.048545,   52, 1.00,    9, 0.000, 0.060, 0.100, 23
train,    2236, 38.117628,   45, 1.00,    9, 0.000, 0.060, 0.100, 23
train,    2237, 18.385499,   48, 0.00,    9, 0.000, 0.060, 0.100, 23
train,    2238, 30.762321,   55, 1.00,   13, 0.000, 0.060, 0.100, 24
train,    2239, 48.562347,   47, 0.00,    9, 0.000, 0.060, 0.100, 24
train,    2240, 22.738841,   44, 0.00,   11, 0.000, 0.060, 0.100, 24
update,   2240,   56,  509, 30.137069, 0.000000
train,    2241, 33.319281,   50, 0.00,    7, 0.000, 0.060, 0.100, 24
train,    2242, 20.085777,   55, 1.00,   10, 0.000, 0.060, 0.100, 24
train,    2243, 20.263283,   47, 1.00,    8, 0.000, 0.060, 0.100, 24
train,    2244, 14.656818,   53, 1.00,    6, 0.000, 0.060, 0.100, 24
train,    2245, 16.036285,   48, 1.00,    8, 0.000, 0.060, 0.100, 24
train,    2246, 15.192184,   44, 1.00,    9, 0.000, 0.060, 0.100, 24
train,    2247, -2.728890,   41, 0.00,    8, 0.000, 0.060, 0.100, 24
train,    2248, -8.447999,   44, 1.00,    7, 0.000, 0.060, 0.100, 24
train,    2249, -1.052847,   61, 0.00,    6, 0.000, 0.060, 0.100, 24
val,      2249, 36.528774, 0.1254,  35.5098,   1.1370, 0.7644,  13.4718
train,    2250, 34.035688,   49, 0.00,    4, 0.000, 0.060, 0.100, 24
train,    2251, -2.112700,   45, 0.00,    9, 0.000, 0.060, 0.100, 24
train,    2252, -16.935581,   51, 1.00,    9, 0.000, 0.060, 0.100, 24
train,    2253, -34.885097,   48, 0.00,    8, 0.000, 0.060, 0.100, 24
train,    2254, -0.637323,   50, 1.00,    8, 0.000, 0.060, 0.100, 24
train,    2255, -18.250808,   49, 1.00,    4, 0.000, 0.060, 0.100, 24
train,    2256, -18.138227,   47, 0.00,   10, 0.000, 0.060, 0.100, 24
train,    2257, -30.232865,   49, 1.00,    6, 0.000, 0.060, 0.100, 24
train,    2258, -7.674739,   46, 1.00,    7, 0.000, 0.060, 0.100, 24
train,    2259, -25.835052,   37, 0.00,    5, 0.000, 0.060, 0.100, 24
train,    2260, -8.474830,   51, 1.00,    7, 0.000, 0.060, 0.100, 24
train,    2261, 3.609303,   40, 1.00,    7, 0.000, 0.060, 0.100, 24
train,    2262, -16.428111,   48, 0.00,    1, 0.000, 0.060, 0.100, 24
train,    2263, -11.416040,   44, 1.00,    4, 0.000, 0.060, 0.100, 24
train,    2264, -19.712158,   47, 0.00,    5, 0.000, 0.060, 0.100, 24
train,    2265, -31.336911,   42, 1.00,    3, 0.000, 0.060, 0.100, 24
train,    2266, -2.754067,   49, 0.00,    6, 0.000, 0.060, 0.100, 25
train,    2267, 9.156919,   36, 0.00,    5, 0.000, 0.060, 0.100, 25
train,    2268, 9.883002,   46, 1.00,    5, 0.000, 0.060, 0.100, 25
train,    2269, 10.716270,   38, 0.00,    7, 0.000, 0.060, 0.100, 25
train,    2270, 3.048553,   46, 0.00,    7, 0.000, 0.060, 0.100, 25
train,    2271, 9.006780,   44, 0.00,    7, 0.000, 0.060, 0.100, 25
train,    2272, 26.303993,   44, 0.00,    2, 0.000, 0.060, 0.100, 25
train,    2273, 34.845677,   46, 0.00,    6, 0.000, 0.060, 0.100, 25
train,    2274, 21.975595,   38, 0.00,    5, 0.000, 0.060, 0.100, 25
val,      2274, 20.545347, 0.1620,  38.5895,   1.7913, 0.7415,  13.7124
train,    2275, 26.448152,   41, 0.00,    6, 0.000, 0.060, 0.100, 25
train,    2276, 22.852181,   41, 0.00,    6, 0.000, 0.060, 0.100, 25
train,    2277, 24.682641,   36, 1.00,    3, 0.000, 0.060, 0.100, 25
train,    2278, 28.091650,   33, 1.00,    3, 0.000, 0.060, 0.100, 25
train,    2279, 27.459225,   48, 0.00,    1, 0.000, 0.060, 0.100, 25
train,    2280, 39.189335,   36, 1.00,    7, 0.000, 0.060, 0.100, 25
update,   2280,   57,  580, 26.702896, 0.000000
train,    2281, 25.812279,   47, 0.00,    7, 0.000, 0.060, 0.100, 25
train,    2282, 30.548313,   47, 0.00,    0, 0.000, 0.060, 0.100, 25
train,    2283, 27.148430,   47, 1.00,    7, 0.000, 0.060, 0.100, 25
train,    2284, 43.625675,   41, 0.00,    5, 0.000, 0.060, 0.100, 25
train,    2285, 52.788824,   38, 0.00,    4, 0.000, 0.060, 0.100, 25
train,    2286, 32.861166,   38, 1.00,    5, 0.000, 0.060, 0.100, 25
train,    2287, 51.322349,   39, 0.00,    6, 0.000, 0.060, 0.100, 25
train,    2288, 61.898651,   43, 0.00,    2, 0.000, 0.060, 0.100, 25
train,    2289, 45.330848,   43, 1.00,    6, 0.000, 0.060, 0.100, 25
train,    2290, 27.508255,   39, 0.00,    3, 0.000, 0.060, 0.100, 25
train,    2291, 57.940704,   35, 1.00,    5, 0.000, 0.060, 0.100, 25
train,    2292, 32.944056,   42, 0.00,    7, 0.000, 0.060, 0.100, 25
train,    2293, 35.967826,   44, 0.00,    6, 0.000, 0.060, 0.100, 25
train,    2294, 40.949652,   37, 0.00,    2, 0.000, 0.060, 0.100, 25
train,    2295, 7.336335,   27, 0.00,    7, 0.000, 0.060, 0.100, 25
train,    2296, 60.086708,   36, 1.00,    7, 0.000, 0.060, 0.100, 25
train,    2297, 45.846646,   43, 0.00,    0, 0.000, 0.060, 0.100, 25
train,    2298, 49.118648,   36, 0.00,    4, 0.000, 0.060, 0.100, 25
train,    2299, 53.034311,   43, 0.00,    6, 0.000, 0.060, 0.100, 25
val,      2299, 19.302339, 0.0693,  39.1382,   1.5880, 0.7542,  14.7966
train,    2300, 27.931236,   38, 0.00,    5, 0.000, 0.060, 0.100, 25
train,    2301, 27.335254,   31, 0.00,    6, 0.000, 0.060, 0.100, 24
train,    2302, 30.842459,   33, 1.00,   10, 0.000, 0.060, 0.100, 24
train,    2303, 55.433404,   40, 0.00,    5, 0.000, 0.060, 0.100, 24
train,    2304, 61.842855,   37, 0.00,    5, 0.000, 0.060, 0.100, 24
train,    2305, 64.883898,   42, 1.00,    5, 0.000, 0.060, 0.100, 24
train,    2306, 47.160785,   39, 1.00,    6, 0.000, 0.060, 0.100, 24
train,    2307, 35.479106,   39, 0.00,   10, 0.000, 0.060, 0.100, 24
train,    2308, 48.508040,   43, 0.00,   12, 0.000, 0.060, 0.100, 24
train,    2309, 26.252051,   35, 0.00,    7, 0.000, 0.060, 0.100, 24
train,    2310, 40.067581,   43, 1.00,    8, 0.000, 0.060, 0.100, 24
train,    2311, 31.757948,   41, 0.00,    6, 0.000, 0.060, 0.100, 24
train,    2312, 25.999919,   40, 0.00,   10, 0.000, 0.060, 0.100, 24
train,    2313, 28.983867,   35, 0.00,    6, 0.000, 0.060, 0.100, 24
train,    2314, 28.655372,   40, 0.00,   10, 0.000, 0.060, 0.100, 24
train,    2315, 21.292145,   43, 0.00,    8, 0.000, 0.060, 0.100, 24
train,    2316, 16.910784,   40, 0.00,   13, 0.000, 0.060, 0.100, 24
train,    2317, 23.247414,   43, 0.00,   12, 0.000, 0.060, 0.100, 24
train,    2318, 32.060811,   49, 0.00,   10, 0.000, 0.060, 0.100, 24
train,    2319, -15.209957,   35, 1.00,   10, 0.000, 0.060, 0.100, 24
train,    2320, 13.774568,   38, 0.00,   15, 0.000, 0.060, 0.100, 24
update,   2320,   58,  532, 29.579597, 0.000000
train,    2321, -9.004065,   37, 0.00,    7, 0.000, 0.060, 0.100, 24
train,    2322, -21.137892,   42, 0.00,   10, 0.000, 0.060, 0.100, 24
train,    2323, -1.997731,   34, 0.00,   11, 0.000, 0.060, 0.100, 24
train,    2324, 2.074252,   53, 1.00,   10, 0.000, 0.060, 0.100, 24
val,      2324, 20.164047, 0.1285,  37.2564,   1.5236, 0.7433,  13.2902
train,    2325, -10.877034,   37, 0.00,   12, 0.000, 0.060, 0.100, 24
train,    2326, 16.667092,   39, 0.00,    5, 0.000, 0.060, 0.100, 24
train,    2327, 1.683789,   47, 0.00,   11, 0.000, 0.060, 0.100, 24
train,    2328, -1.692066,   39, 0.00,    8, 0.000, 0.060, 0.100, 24
train,    2329, -8.179733,   36, 0.00,    9, 0.000, 0.060, 0.100, 24
train,    2330, 7.793628,   45, 1.00,    8, 0.000, 0.060, 0.100, 23
train,    2331, 1.510741,   44, 0.00,    8, 0.000, 0.060, 0.100, 23
train,    2332, 8.862987,   43, 0.00,    8, 0.000, 0.060, 0.100, 23
train,    2333, 30.961994,   37, 0.00,    7, 0.000, 0.060, 0.100, 23
train,    2334, 36.828211,   45, 1.00,   11, 0.000, 0.060, 0.100, 23
train,    2335, 15.302244,   51, 0.00,    9, 0.000, 0.060, 0.100, 23
train,    2336, 40.575832,   41, 0.00,   13, 0.000, 0.060, 0.100, 23
train,    2337, 33.943888,   34, 0.00,    8, 0.000, 0.060, 0.100, 23
train,    2338, 36.502160,   37, 0.00,   11, 0.000, 0.060, 0.100, 23
train,    2339, 62.788077,   35, 0.00,   11, 0.000, 0.060, 0.100, 23
train,    2340, 32.932253,   51, 0.00,    8, 0.000, 0.060, 0.100, 23
train,    2341, 48.141925,   38, 0.00,    7, 0.000, 0.060, 0.100, 23
train,    2342, 60.109313,   38, 0.00,   12, 0.000, 0.060, 0.100, 23
train,    2343, 62.321524,   40, 0.00,    9, 0.000, 0.060, 0.100, 23
train,    2344, 47.138979,   46, 0.00,    8, 0.000, 0.060, 0.100, 23
train,    2345, 74.379870,   38, 1.00,    9, 0.000, 0.060, 0.100, 23
train,    2346, 59.950338,   45, 1.00,    9, 0.000, 0.060, 0.100, 23
train,    2347, 53.810634,   52, 0.00,   12, 0.000, 0.060, 0.100, 23
train,    2348, 48.335629,   47, 0.00,    7, 0.000, 0.060, 0.100, 23
train,    2349, 68.873421,   49, 1.00,   10, 0.000, 0.060, 0.100, 23
val,      2349, 23.775075, 0.0997,  41.6959,   1.6034, 0.7435,  14.5294
train,    2350, 74.525342,   50, 0.00,    7, 0.000, 0.060, 0.100, 22
train,    2351, 58.086667,   49, 1.00,    7, 0.000, 0.060, 0.100, 22
train,    2352, 48.188410,   38, 0.00,    7, 0.000, 0.060, 0.100, 22
train,    2353, 55.491070,   51, 0.00,    6, 0.000, 0.060, 0.100, 22
train,    2354, 58.995156,   51, 1.00,    8, 0.000, 0.060, 0.100, 22
train,    2355, 36.967539,   48, 0.00,    8, 0.000, 0.060, 0.100, 22
train,    2356, 65.412245,   52, 1.00,    8, 0.000, 0.060, 0.100, 22
train,    2357, 34.537111,   55, 0.00,    8, 0.000, 0.060, 0.100, 22
train,    2358, 81.017791,   40, 0.00,    8, 0.000, 0.060, 0.100, 22
train,    2359, 52.662364,   50, 1.00,    9, 0.000, 0.060, 0.100, 22
train,    2360, 44.809156,   47, 0.00,    6, 0.000, 0.060, 0.100, 22
update,   2360,   59,  541, 26.325577, 0.000000
train,    2361, 67.325143,   46, 0.00,    3, 0.000, 0.060, 0.100, 22
train,    2362, 62.328782,   53, 0.00,    4, 0.000, 0.060, 0.100, 22
train,    2363, 44.732289,   46, 0.00,    6, 0.000, 0.060, 0.100, 22
train,    2364, 66.723266,   42, 1.00,    5, 0.000, 0.060, 0.100, 22
train,    2365, 61.154559,   42, 1.00,   10, 0.000, 0.060, 0.100, 22
train,    2366, 49.728856,   43, 0.00,    2, 0.000, 0.060, 0.100, 22
train,    2367, 70.989557,   51, 0.00,    5, 0.000, 0.060, 0.100, 22
train,    2368, 76.128739,   45, 0.00,    3, 0.000, 0.060, 0.100, 22
train,    2369, 59.220597,   47, 0.00,    3, 0.000, 0.060, 0.100, 21
train,    2370, 41.678984,   52, 0.00,    7, 0.000, 0.060, 0.100, 21
train,    2371, 40.258993,   49, 0.00,    4, 0.000, 0.060, 0.100, 21
train,    2372, 45.724256,   52, 0.00,    7, 0.000, 0.060, 0.100, 21
train,    2373, 77.398651,   49, 0.00,    4, 0.000, 0.060, 0.100, 21
train,    2374, 34.980909,   47, 1.00,    4, 0.000, 0.060, 0.100, 21
val,      2374, 32.319032, 0.1655,  40.5010,   1.0765, 0.8017,  14.0695
train,    2375, 47.916824,   38, 1.00,    4, 0.000, 0.060, 0.100, 21
train,    2376, 32.561380,   49, 0.00,    5, 0.000, 0.060, 0.100, 21
train,    2377, 45.475811,   54, 0.00,    4, 0.000, 0.060, 0.100, 21
train,    2378, 36.903200,   40, 1.00,    6, 0.000, 0.060, 0.100, 21
train,    2379, 56.473381,   53, 1.00,    3, 0.000, 0.060, 0.100, 21
train,    2380, 48.699251,   52, 0.00,    4, 0.000, 0.060, 0.100, 21
train,    2381, 22.119545,   53, 1.00,    3, 0.000, 0.060, 0.100, 21
train,    2382, 15.413029,   48, 1.00,    7, 0.000, 0.060, 0.100, 21
train,    2383, 26.370400,   38, 0.00,    5, 0.000, 0.060, 0.100, 21
train,    2384, 7.590984,   52, 0.00,    4, 0.000, 0.060, 0.100, 21
train,    2385, 30.601054,   43, 1.00,    7, 0.000, 0.060, 0.100, 21
train,    2386, 13.461166,   47, 1.00,    2, 0.000, 0.060, 0.100, 21
train,    2387, -6.303027,   45, 0.00,    2, 0.000, 0.060, 0.100, 21
train,    2388, 24.684570,   41, 1.00,    5, 0.000, 0.060, 0.100, 21
train,    2389, -1.944629,   41, 1.00,    5, 0.000, 0.060, 0.100, 21
train,    2390, 16.914008,   45, 0.00,    6, 0.000, 0.060, 0.100, 20
train,    2391, -2.545298,   40, 1.00,    9, 0.000, 0.060, 0.100, 20
train,    2392, 16.929858,   42, 1.00,    8, 0.000, 0.060, 0.100, 20
train,    2393, 25.863501,   42, 0.00,    2, 0.000, 0.060, 0.100, 20
train,    2394, 7.946377,   42, 0.00,    5, 0.000, 0.060, 0.100, 20
train,    2395, 8.328922,   54, 1.00,    4, 0.000, 0.060, 0.100, 20
train,    2396, 5.933820,   38, 0.00,    4, 0.000, 0.060, 0.100, 20
train,    2397, 20.688419,   45, 1.00,    3, 0.000, 0.060, 0.100, 20
train,    2398, 6.187271,   42, 0.00,    7, 0.000, 0.060, 0.100, 20
train,    2399, 9.382382,   39, 1.00,    7, 0.000, 0.060, 0.100, 20
val,      2399, 40.506469, 0.1560,  35.8772,   1.5162, 0.7716,  14.3951
train,    2400, 33.309575,   47, 0.00,    5, 0.000, 0.060, 0.100, 20
update,   2400,   60,  553, 24.448749, 0.000000
train,    2401, 43.785208,   41, 1.00,    7, 0.000, 0.060, 0.100, 20
train,    2402, 17.464807,   36, 0.00,   10, 0.000, 0.060, 0.100, 20
train,    2403, 31.448012,   32, 1.00,    5, 0.000, 0.060, 0.100, 20
train,    2404, 41.089241,   49, 0.00,   11, 0.000, 0.060, 0.100, 20
train,    2405, 39.523629,   41, 0.00,    4, 0.000, 0.060, 0.100, 20
train,    2406, 49.946974,   43, 1.00,    7, 0.000, 0.060, 0.100, 20
train,    2407, 51.914252,   38, 0.00,   10, 0.000, 0.060, 0.100, 20
train,    2408, 51.227353,   34, 0.00,   10, 0.000, 0.060, 0.100, 20
train,    2409, 44.429899,   38, 0.00,    7, 0.000, 0.060, 0.100, 20
train,    2410, 45.101870,   43, 1.00,    5, 0.000, 0.060, 0.100, 20
train,    2411, 36.267372,   31, 1.00,    3, 0.000, 0.060, 0.100, 20
train,    2412, 48.887050,   34, 1.00,   10, 0.000, 0.060, 0.100, 20
train,    2413, 47.961585,   39, 0.00,   10, 0.000, 0.060, 0.100, 20
train,    2414, 45.088840,   41, 0.00,    6, 0.000, 0.060, 0.100, 20
train,    2415, 54.856320,   53, 0.00,   10, 0.000, 0.060, 0.100, 20
train,    2416, 39.274123,   39, 0.00,    7, 0.000, 0.060, 0.100, 20
train,    2417, 41.258609,   31, 0.00,   10, 0.000, 0.060, 0.100, 20
train,    2418, 62.262606,   29, 0.00,    4, 0.000, 0.060, 0.100, 20
train,    2419, 41.407224,   46, 0.00,    6, 0.000, 0.060, 0.100, 20
train,    2420, 49.806154,   36, 0.00,    8, 0.000, 0.060, 0.100, 20
train,    2421, 35.049330,   45, 1.00,    7, 0.000, 0.060, 0.100, 20
train,    2422, 42.638260,   37, 0.00,    6, 0.000, 0.060, 0.100, 20
train,    2423, 38.430098,   48, 0.00,    9, 0.000, 0.060, 0.100, 20
train,    2424, 40.220211,   39, 0.00,    5, 0.000, 0.060, 0.100, 20
val,      2424, 40.756605, 0.1424,  39.1754,   1.8128, 0.7569,  13.9199
train,    2425, 32.086655,   43, 0.00,    8, 0.000, 0.060, 0.100, 20
train,    2426, 22.645469,   47, 1.00,    7, 0.000, 0.060, 0.100, 20
train,    2427, 30.457366,   39, 0.00,   13, 0.000, 0.060, 0.100, 20
train,    2428, 37.804663,   39, 0.00,    8, 0.000, 0.060, 0.100, 20
train,    2429, 45.574912,   26, 0.00,    9, 0.000, 0.060, 0.100, 20
train,    2430, 42.047892,   42, 0.00,    6, 0.000, 0.060, 0.100, 20
train,    2431, 39.815123,   37, 0.00,    9, 0.000, 0.060, 0.100, 20
train,    2432, 37.112783,   42, 0.00,   10, 0.000, 0.060, 0.100, 20
train,    2433, 1.176112,   42, 0.00,    9, 0.000, 0.060, 0.100, 20
train,    2434, 29.589949,   34, 1.00,    8, 0.000, 0.060, 0.100, 20
train,    2435, 42.964980,   46, 0.00,    7, 0.000, 0.060, 0.100, 20
train,    2436, 32.863465,   33, 0.00,    9, 0.000, 0.060, 0.100, 20
train,    2437, 25.511555,   39, 0.00,   10, 0.000, 0.060, 0.100, 20
train,    2438, 38.779556,   36, 0.00,   11, 0.000, 0.060, 0.100, 20
train,    2439, 33.572680,   41, 0.00,    7, 0.000, 0.060, 0.100, 20
train,    2440, 26.343411,   43, 0.00,   11, 0.000, 0.060, 0.100, 20
update,   2440,   61,  514, 25.317285, 0.000000
train,    2441, 46.002779,   40, 1.00,    6, 0.000, 0.060, 0.100, 20
train,    2442, 25.652245,   38, 0.00,    7, 0.000, 0.060, 0.100, 20
train,    2443, 24.871689,   41, 1.00,   10, 0.000, 0.060, 0.100, 20
train,    2444, 5.474125,   33, 0.00,    9, 0.000, 0.060, 0.100, 20
train,    2445, 22.275321,   34, 1.00,    6, 0.000, 0.060, 0.100, 20
train,    2446, 17.689737,   32, 0.00,    6, 0.000, 0.060, 0.100, 20
train,    2447, 13.330586,   42, 1.00,   10, 0.000, 0.060, 0.100, 20
train,    2448, 2.603568,   41, 0.00,   12, 0.000, 0.060, 0.100, 20
train,    2449, -10.024539,   44, 0.00,    8, 0.000, 0.060, 0.100, 20
val,      2449, 34.408841, 0.1091,  34.4716,   1.3460, 0.7298,  14.1607
train,    2450, -1.405094,   44, 0.00,    6, 0.000, 0.060, 0.100, 20
train,    2451, 15.821325,   41, 0.00,    6, 0.000, 0.060, 0.100, 20
train,    2452, -18.786313,   47, 0.00,    7, 0.000, 0.060, 0.100, 20
train,    2453, -15.450184,   41, 1.00,    8, 0.000, 0.060, 0.100, 20
train,    2454, 3.441620,   43, 0.00,    7, 0.000, 0.060, 0.100, 20
train,    2455, -10.422294,   43, 0.00,    9, 0.000, 0.060, 0.100, 20
train,    2456, -12.246363,   43, 0.00,    9, 0.000, 0.060, 0.100, 20
train,    2457, -18.016708,   53, 1.00,    8, 0.000, 0.060, 0.100, 20
train,    2458, -5.095985,   42, 0.00,    7, 0.000, 0.060, 0.100, 20
train,    2459, -19.772512,   41, 0.00,    4, 0.000, 0.060, 0.100, 20
train,    2460, -1.619767,   55, 0.00,    8, 0.000, 0.060, 0.100, 20
train,    2461, -3.105503,   47, 0.00,    7, 0.000, 0.060, 0.100, 20
train,    2462, -17.498016,   49, 0.00,    7, 0.000, 0.060, 0.100, 20
train,    2463, -1.206884,   46, 0.00,    7, 0.000, 0.060, 0.100, 20
train,    2464, -10.832514,   41, 0.00,    6, 0.000, 0.060, 0.100, 20
train,    2465, 7.946445,   43, 0.00,    1, 0.000, 0.060, 0.100, 20
train,    2466, -1.565776,   42, 1.00,    6, 0.000, 0.060, 0.100, 20
train,    2467, 1.470281,   51, 0.00,    1, 0.000, 0.060, 0.100, 20
train,    2468, 4.371210,   49, 0.00,    6, 0.000, 0.060, 0.100, 20
train,    2469, 15.390810,   46, 0.00,    4, 0.000, 0.060, 0.100, 20
train,    2470, -7.984226,   45, 1.00,    8, 0.000, 0.060, 0.100, 21
train,    2471, 7.222160,   54, 0.00,    1, 0.000, 0.060, 0.100, 21
train,    2472, 15.500077,   44, 0.00,    7, 0.000, 0.060, 0.100, 21
train,    2473, 24.200813,   52, 0.00,    5, 0.000, 0.060, 0.100, 21
train,    2474, 35.345433,   55, 0.00,    4, 0.000, 0.060, 0.100, 21
val,      2474, 20.198758, 0.1612,  33.9050,   1.1823, 0.7521,  14.7014
train,    2475, 24.373583,   45, 0.00,    4, 0.000, 0.060, 0.100, 21
train,    2476, 29.207053,   56, 0.00,    4, 0.000, 0.060, 0.100, 21
train,    2477, 38.899487,   39, 1.00,    5, 0.000, 0.060, 0.100, 21
train,    2478, 50.608724,   38, 0.00,    9, 0.000, 0.060, 0.100, 21
train,    2479, 40.606456,   53, 1.00,    6, 0.000, 0.060, 0.100, 21
train,    2480, 51.802926,   56, 0.00,    4, 0.000, 0.060, 0.100, 21
update,   2480,   62,  553, 27.466596, 0.000000
train,    2481, 41.025748,   49, 0.00,    4, 0.000, 0.060, 0.100, 21
train,    2482, 48.738971,   41, 0.00,    2, 0.000, 0.060, 0.100, 21
train,    2483, 33.165682,   44, 0.00,    6, 0.000, 0.060, 0.100, 21
train,    2484, 37.082973,   45, 0.00,    4, 0.000, 0.060, 0.100, 21
train,    2485, 45.521597,   52, 0.00,    0, 0.000, 0.060, 0.100, 21
train,    2486, 34.095667,   42, 1.00,    7, 0.000, 0.060, 0.100, 21
train,    2487, 46.574746,   36, 0.00,    8, 0.000, 0.060, 0.100, 21
train,    2488, 28.586129,   50, 0.00,    6, 0.000, 0.060, 0.100, 21
train,    2489, 49.657707,   45, 0.00,    7, 0.000, 0.060, 0.100, 22
train,    2490, 41.479878,   43, 0.00,    6, 0.000, 0.060, 0.100, 22
train,    2491, 43.950652,   50, 0.00,    3, 0.000, 0.060, 0.100, 22
train,    2492, 36.769263,   43, 1.00,    7, 0.000, 0.060, 0.100, 22
train,    2493, 37.259693,   36, 0.00,    6, 0.000, 0.060, 0.100, 22
train,    2494, 51.205358,   42, 1.00,    2, 0.000, 0.060, 0.100, 22
train,    2495, 34.673291,   38, 0.00,    6, 0.000, 0.060, 0.100, 22
train,    2496, 19.546018,   40, 0.00,    6, 0.000, 0.060, 0.100, 22
train,    2497, 41.559241,   50, 0.00,    7, 0.000, 0.060, 0.100, 22
train,    2498, 46.651588,   54, 0.00,    7, 0.000, 0.060, 0.100, 22
train,    2499, 39.340336,   52, 1.00,    7, 0.000, 0.060, 0.100, 22
val,      2499, 31.487640, 0.1456,  35.3646,   1.3026, 0.7403,  14.1089
train,    2500, 40.515638,   48, 1.00,    6, 0.000, 0.060, 0.100, 22
train,    2501, 31.813250,   39, 0.00,    7, 0.000, 0.060, 0.100, 22
train,    2502, 33.174647,   37, 0.00,    7, 0.000, 0.060, 0.100, 22
train,    2503, 29.215669,   38, 0.00,    6, 0.000, 0.060, 0.100, 22
train,    2504, 50.183806,   48, 0.00,    7, 0.000, 0.060, 0.100, 22
train,    2505, 41.073355,   40, 0.00,    8, 0.000, 0.060, 0.100, 23
train,    2506, 18.495915,   35, 0.00,    8, 0.000, 0.060, 0.100, 23
train,    2507, 57.395800,   38, 1.00,    6, 0.000, 0.060, 0.100, 23
train,    2508, 27.087110,   32, 1.00,    6, 0.000, 0.060, 0.100, 23
train,    2509, 39.427793,   44, 0.00,    8, 0.000, 0.060, 0.100, 23
train,    2510, 44.595314,   41, 1.00,    7, 0.000, 0.060, 0.100, 23
train,    2511, 22.457629,   42, 1.00,    6, 0.000, 0.060, 0.100, 23
train,    2512, 45.709064,   43, 1.00,   11, 0.000, 0.060, 0.100, 23
train,    2513, 41.710099,   39, 0.00,    9, 0.000, 0.060, 0.100, 23
train,    2514, 44.835947,   47, 1.00,    6, 0.000, 0.060, 0.100, 23
train,    2515, 16.129929,   38, 0.00,   14, 0.000, 0.060, 0.100, 23
train,    2516, 29.672754,   43, 1.00,   11, 0.000, 0.060, 0.100, 23
train,    2517, 17.341998,   49, 1.00,    8, 0.000, 0.060, 0.100, 23
train,    2518, 26.860578,   39, 0.00,    7, 0.000, 0.060, 0.100, 23
train,    2519, 40.661851,   38, 0.00,   11, 0.000, 0.060, 0.100, 23
train,    2520, 7.976773,   48, 0.00,    6, 0.000, 0.060, 0.100, 24
update,   2520,   63,  522, 28.513934, 0.000000
train,    2521, 14.896444,   46, 0.00,    8, 0.000, 0.060, 0.100, 24
train,    2522, 14.955768,   43, 0.00,    9, 0.000, 0.060, 0.100, 24
train,    2523, 8.241647,   39, 1.00,   12, 0.000, 0.060, 0.100, 24
train,    2524, 4.239057,   37, 0.00,    3, 0.000, 0.060, 0.100, 24
val,      2524, 34.211702, 0.1464,  37.9180,   1.0344, 0.7157,  13.6067
train,    2525, 15.841657,   42, 1.00,    7, 0.000, 0.060, 0.100, 24
train,    2526, 17.961707,   40, 0.00,    9, 0.000, 0.060, 0.100, 24
train,    2527, 4.975589,   37, 0.00,    9, 0.000, 0.060, 0.100, 24
train,    2528, 10.703716,   40, 1.00,    7, 0.000, 0.060, 0.100, 24
train,    2529, 15.062999,   35, 0.00,    6, 0.000, 0.060, 0.100, 24
train,    2530, 2.461508,   41, 0.00,    8, 0.000, 0.060, 0.100, 24
train,    2531, 23.627773,   35, 0.00,   10, 0.000, 0.060, 0.100, 24
train,    2532, 30.066386,   32, 0.00,    8, 0.000, 0.060, 0.100, 24
train,    2533, 36.732943,   40, 1.00,   13, 0.000, 0.060, 0.100, 24
train,    2534, 41.329495,   46, 0.00,    7, 0.000, 0.060, 0.100, 24
train,    2535, 41.624825,   46, 0.00,    8, 0.000, 0.060, 0.100, 24
train,    2536, 22.472767,   44, 1.00,    9, 0.000, 0.060, 0.100, 25
train,    2537, 28.000304,   44, 1.00,   11, 0.000, 0.060, 0.100, 25
train,    2538, 21.994964,   37, 0.00,    9, 0.000, 0.060, 0.100, 25
train,    2539, 45.821007,   28, 0.00,   11, 0.000, 0.060, 0.100, 25
train,    2540, 54.489755,   45, 0.00,   10, 0.000, 0.060, 0.100, 25
train,    2541, 54.853630,   48, 1.00,    8, 0.000, 0.060, 0.100, 25
train,    2542, 46.265628,   25, 0.00,   11, 0.000, 0.060, 0.100, 25
train,    2543, 35.706986,   38, 1.00,    6, 0.000, 0.060, 0.100, 25
train,    2544, 55.515025,   44, 1.00,   11, 0.000, 0.060, 0.100, 25
train,    2545, 53.574834,   45, 0.00,   10, 0.000, 0.060, 0.100, 25
train,    2546, 58.864039,   42, 1.00,    9, 0.000, 0.060, 0.100, 25
train,    2547, 60.819407,   37, 0.00,    8, 0.000, 0.060, 0.100, 25
train,    2548, 52.686791,   39, 0.00,    8, 0.000, 0.060, 0.100, 25
train,    2549, 55.453574,   45, 0.00,    6, 0.000, 0.060, 0.100, 25
val,      2549, 36.342848, 0.1366,  37.3306,   1.5458, 0.8036,  13.8613
train,    2550, 64.133558,   51, 1.00,   10, 0.000, 0.060, 0.100, 25
train,    2551, 43.712128,   48, 1.00,    8, 0.000, 0.060, 0.100, 25
train,    2552, 54.289950,   36, 0.00,   11, 0.000, 0.060, 0.100, 25
train,    2553, 51.342923,   35, 0.00,    1, 0.000, 0.060, 0.100, 25
train,    2554, 66.536001,   43, 1.00,    6, 0.000, 0.060, 0.100, 26
train,    2555, 59.806803,   34, 0.00,    8, 0.000, 0.060, 0.100, 26
train,    2556, 60.104710,   46, 1.00,    8, 0.000, 0.060, 0.100, 26
train,    2557, 61.490055,   49, 0.00,    6, 0.000, 0.060, 0.100, 26
train,    2558, 58.734327,   37, 0.00,    6, 0.000, 0.060, 0.100, 26
train,    2559, 53.218444,   45, 0.00,   12, 0.000, 0.060, 0.100, 26
train,    2560, 41.073753,   56, 0.00,    8, 0.000, 0.060, 0.100, 26
update,   2560,   64,  577, 27.565797, 0.000000
train,    2561, 51.610335,   51, 1.00,    8, 0.000, 0.060, 0.100, 26
train,    2562, 48.487565,   39, 0.00,    5, 0.000, 0.060, 0.100, 26
train,    2563, 60.918475,   53, 1.00,    4, 0.000, 0.060, 0.100, 26
train,    2564, 39.020859,   34, 0.00,    7, 0.000, 0.060, 0.100, 26
train,    2565, 55.872718,   52, 0.00,    5, 0.000, 0.060, 0.100, 26
train,    2566, 24.449644,   38, 0.00,    7, 0.000, 0.060, 0.100, 26
train,    2567, 40.007519,   40, 0.00,    5, 0.000, 0.060, 0.100, 26
train,    2568, 44.422708,   40, 0.00,    6, 0.000, 0.060, 0.100, 26
train,    2569, 44.636649,   39, 1.00,    4, 0.000, 0.060, 0.100, 26
train,    2570, 48.391642,   52, 1.00,    4, 0.000, 0.060, 0.100, 26
train,    2571, 41.667552,   47, 0.00,    4, 0.000, 0.060, 0.100, 26
train,    2572, 34.324501,   47, 0.00,    2, 0.000, 0.060, 0.100, 26
train,    2573, 41.569005,   45, 0.00,   10, 0.000, 0.060, 0.100, 26
train,    2574, 31.657503,   47, 0.00,    2, 0.000, 0.060, 0.100, 26
val,      2574, 37.459819, 0.1519,  42.9401,   1.2810, 0.7767,  14.1502
train,    2575, 37.484866,   46, 0.00,    6, 0.000, 0.060, 0.100, 26
train,    2576, 42.519925,   48, 0.00,    7, 0.000, 0.060, 0.100, 26
train,    2577, 35.320950,   47, 0.00,    4, 0.000, 0.060, 0.100, 26
train,    2578, 12.512278,   51, 0.00,    3, 0.000, 0.060, 0.100, 26
train,    2579, 39.215249,   40, 1.00,    3, 0.000, 0.060, 0.100, 26
train,    2580, 36.668710,   57, 0.00,    9, 0.000, 0.060, 0.100, 26
train,    2581, 18.923088,   44, 0.00,    4, 0.000, 0.060, 0.100, 26
train,    2582, 24.674486,   41, 0.00,    5, 0.000, 0.060, 0.100, 26
train,    2583, 18.047235,   56, 1.00,    7, 0.000, 0.060, 0.100, 26
train,    2584, 19.608506,   40, 0.00,    6, 0.000, 0.060, 0.100, 26
train,    2585, 7.966032,   39, 1.00,    1, 0.000, 0.060, 0.100, 26
train,    2586, 12.517490,   52, 0.00,    6, 0.000, 0.060, 0.100, 26
train,    2587, 12.884525,   49, 0.00,    4, 0.000, 0.060, 0.100, 27
train,    2588, 30.829691,   45, 0.00,    3, 0.000, 0.060, 0.100, 27
train,    2589, 38.629855,   39, 0.00,    5, 0.000, 0.060, 0.100, 27
train,    2590, 13.736619,   53, 0.00,    6, 0.000, 0.060, 0.100, 27
train,    2591, 25.226828,   53, 0.00,    1, 0.000, 0.060, 0.100, 27
train,    2592, -2.076495,   44, 1.00,    8, 0.000, 0.060, 0.100, 27
train,    2593, 17.015486,   45, 0.00,    6, 0.000, 0.060, 0.100, 27
train,    2594, 17.184822,   44, 1.00,    4, 0.000, 0.060, 0.100, 27
train,    2595, 26.668953,   44, 0.00,    6, 0.000, 0.060, 0.100, 27
train,    2596, 24.361272,   45, 0.00,    7, 0.000, 0.060, 0.100, 27
train,    2597, 13.453968,   54, 1.00,    5, 0.000, 0.060, 0.100, 27
train,    2598, 31.231913,   54, 0.00,    4, 0.000, 0.060, 0.100, 27
train,    2599, 3.102071,   51, 0.00,    7, 0.000, 0.060, 0.100, 27
val,      2599, 24.313272, 0.1424,  39.4485,   1.2159, 0.7166,  13.9377
train,    2600, 25.700786,   50, 0.00,    5, 0.000, 0.060, 0.100, 27
update,   2600,   65,  540, 25.853316, 0.000000
train,    2601, 7.572404,   43, 0.00,    7, 0.000, 0.060, 0.100, 27
train,    2602, 34.041548,   43, 0.00,    7, 0.000, 0.060, 0.100, 27
train,    2603, 13.852172,   50, 0.00,    8, 0.000, 0.060, 0.100, 27
train,    2604, 24.897018,   55, 1.00,    5, 0.000, 0.060, 0.100, 27
train,    2605, 23.387926,   48, 0.00,    6, 0.000, 0.060, 0.100, 27
train,    2606, 27.089728,   44, 0.00,    5, 0.000, 0.060, 0.100, 27
train,    2607, 41.119058,   47, 0.00,    5, 0.000, 0.060, 0.100, 27
train,    2608, 40.252154,   43, 0.00,    6, 0.000, 0.060, 0.100, 26
train,    2609, 58.293410,   51, 1.00,    5, 0.000, 0.060, 0.100, 26
train,    2610, 40.213011,   43, 1.00,    8, 0.000, 0.060, 0.100, 26
train,    2611, 52.407748,   45, 0.00,    7, 0.000, 0.060, 0.100, 26
train,    2612, 49.752332,   51, 0.00,    8, 0.000, 0.060, 0.100, 26
train,    2613, 44.363540,   42, 0.00,   11, 0.000, 0.060, 0.100, 26
train,    2614, 63.647166,   45, 0.00,    8, 0.000, 0.060, 0.100, 26
train,    2615, 52.133374,   44, 0.00,    8, 0.000, 0.060, 0.100, 26
train,    2616, 44.935971,   45, 0.00,   10, 0.000, 0.060, 0.100, 26
train,    2617, 55.826093,   48, 0.00,    9, 0.000, 0.060, 0.100, 26
train,    2618, 50.176414,   40, 0.00,    9, 0.000, 0.060, 0.100, 26
train,    2619, 42.550710,   50, 0.00,    6, 0.000, 0.060, 0.100, 26
train,    2620, 47.581699,   42, 1.00,    6, 0.000, 0.060, 0.100, 26
train,    2621, 28.842019,   42, 0.00,    7, 0.000, 0.060, 0.100, 26
train,    2622, 34.895958,   45, 0.00,    8, 0.000, 0.060, 0.100, 26
train,    2623, 51.698360,   41, 0.00,    9, 0.000, 0.060, 0.100, 26
train,    2624, 41.745757,   46, 0.00,   10, 0.000, 0.060, 0.100, 26
val,      2624, 18.087585, 0.1365,  41.0531,   1.5450, 0.7558,  14.0640
train,    2625, 38.403843,   37, 0.00,   10, 0.000, 0.060, 0.100, 26
train,    2626, 35.979976,   46, 0.00,    6, 0.000, 0.060, 0.100, 26
train,    2627, 33.072189,   53, 0.00,   11, 0.000, 0.060, 0.100, 26
train,    2628, 50.101958,   39, 0.00,   10, 0.000, 0.060, 0.100, 26
train,    2629, 21.781431,   43, 1.00,    5, 0.000, 0.060, 0.100, 26
train,    2630, 27.215238,   41, 1.00,   13, 0.000, 0.060, 0.100, 26
train,    2631, 28.727890,   41, 1.00,   10, 0.000, 0.060, 0.100, 26
train,    2632, 21.149277,   38, 1.00,    8, 0.000, 0.060, 0.100, 26
train,    2633, 25.449696,   35, 0.00,    8, 0.000, 0.060, 0.100, 26
train,    2634, 22.836143,   50, 0.00,   14, 0.000, 0.060, 0.100, 26
train,    2635, 2.781723,   39, 0.00,    9, 0.000, 0.060, 0.100, 26
train,    2636, 18.119260,   44, 0.00,   12, 0.000, 0.060, 0.100, 26
train,    2637, 26.098374,   41, 1.00,   10, 0.000, 0.060, 0.100, 26
train,    2638, 25.481025,   37, 0.00,    6, 0.000, 0.060, 0.100, 26
train,    2639, 9.405252,   43, 1.00,    9, 0.000, 0.060, 0.100, 26
train,    2640, 21.551221,   40, 1.00,   10, 0.000, 0.060, 0.100, 26
update,   2640,   66,  518, 26.312437, 0.000000
train,    2641, 25.416065,   37, 0.00,   10, 0.000, 0.060, 0.100, 26
train,    2642, 29.541037,   39, 1.00,    7, 0.000, 0.060, 0.100, 25
train,    2643, 4.889802,   44, 0.00,   11, 0.000, 0.060, 0.100, 25
train,    2644, 10.242146,   45, 0.00,   12, 0.000, 0.060, 0.100, 25
train,    2645, 6.311778,   43, 1.00,    8, 0.000, 0.060, 0.100, 25
train,    2646, 9.970987,   51, 0.00,   11, 0.000, 0.060, 0.100, 25
train,    2647, 5.327858,   45, 1.00,    6, 0.000, 0.060, 0.100, 25
train,    2648, 24.407299,   41, 0.00,    9, 0.000, 0.060, 0.100, 25
train,    2649, 10.062302,   37, 0.00,    5, 0.000, 0.060, 0.100, 25
val,      2649, 23.276907, 0.1300,  38.7336,   1.4625, 0.7818,  14.1445
train,    2650, 6.551631,   42, 0.00,   10, 0.000, 0.060, 0.100, 25
train,    2651, 18.859887,   44, 1.00,    6, 0.000, 0.060, 0.100, 25
train,    2652, 14.855114,   53, 0.00,    8, 0.000, 0.060, 0.100, 25
train,    2653, 15.518966,   40, 0.00,    6, 0.000, 0.060, 0.100, 25
train,    2654, 7.308628,   36, 1.00,    6, 0.000, 0.060, 0.100, 25
train,    2655, -2.332798,   40, 0.00,   12, 0.000, 0.060, 0.100, 25
train,    2656, 5.761702,   42, 1.00,    8, 0.000, 0.060, 0.100, 25
train,    2657, -5.847592,   42, 1.00,    5, 0.000, 0.060, 0.100, 25
train,    2658, -4.001401,   44, 1.00,   10, 0.000, 0.060, 0.100, 25
train,    2659, 23.894858,   47, 0.00,    4, 0.000, 0.060, 0.100, 25
train,    2660, -2.207270,   41, 1.00,    4, 0.000, 0.060, 0.100, 25
train,    2661, 19.273823,   40, 0.00,    8, 0.000, 0.060, 0.100, 25
train,    2662, 6.308681,   39, 0.00,    9, 0.000, 0.060, 0.100, 24
train,    2663, -15.942999,   47, 1.00,    8, 0.000, 0.060, 0.100, 24
train,    2664, 4.012673,   43, 0.00,    5, 0.000, 0.060, 0.100, 24
train,    2665, 15.906658,   50, 0.00,    5, 0.000, 0.060, 0.100, 24
train,    2666, 19.479023,   40, 1.00,    7, 0.000, 0.060, 0.100, 24
train,    2667, 19.701967,   46, 1.00,    2, 0.000, 0.060, 0.100, 24
train,    2668, 16.404509,   46, 1.00,    8, 0.000, 0.060, 0.100, 24
train,    2669, 17.037782,   42, 0.00,    7, 0.000, 0.060, 0.100, 24
train,    2670, 13.600219,   41, 0.00,    4, 0.000, 0.060, 0.100, 24
train,    2671, 12.966169,   50, 0.00,    7, 0.000, 0.060, 0.100, 24
train,    2672, 25.861728,   40, 0.00,    5, 0.000, 0.060, 0.100, 24
train,    2673, 19.423038,   45, 0.00,    5, 0.000, 0.060, 0.100, 24
train,    2674, 16.698550,   37, 1.00,    5, 0.000, 0.060, 0.100, 24
val,      2674, 34.350698, 0.1362,  40.3407,   1.1429, 0.7647,  14.3299
train,    2675, 29.814436,   41, 0.00,    9, 0.000, 0.060, 0.100, 24
train,    2676, 49.841602,   42, 0.00,    9, 0.000, 0.060, 0.100, 24
train,    2677, 51.579577,   42, 0.00,    4, 0.000, 0.060, 0.100, 24
train,    2678, 41.130329,   48, 0.00,    4, 0.000, 0.060, 0.100, 24
train,    2679, 32.020172,   37, 0.00,    7, 0.000, 0.060, 0.100, 24
train,    2680, 46.285675,   39, 1.00,   10, 0.000, 0.060, 0.100, 24
update,   2680,   67,  515, 24.036907, 0.000000
train,    2681, 44.980373,   48, 1.00,    2, 0.000, 0.060, 0.100, 23
train,    2682, 50.488272,   44, 0.00,    5, 0.000, 0.060, 0.100, 23
train,    2683, 57.579716,   48, 0.00,    5, 0.000, 0.060, 0.100, 23
train,    2684, 47.670297,   50, 1.00,    8, 0.000, 0.060, 0.100, 23
train,    2685, 42.982907,   42, 0.00,    9, 0.000, 0.060, 0.100, 23
train,    2686, 53.983152,   48, 1.00,    4, 0.000, 0.060, 0.100, 23
train,    2687, 39.998928,   45, 0.00,    6, 0.000, 0.060, 0.100, 23
train,    2688, 49.943328,   47, 1.00,    9, 0.000, 0.060, 0.100, 23
train,    2689, 42.996531,   43, 1.00,    4, 0.000, 0.060, 0.100, 23
train,    2690, 35.450814,   48, 1.00,    8, 0.000, 0.060, 0.100, 23
train,    2691, 43.819012,   43, 0.00,    4, 0.000, 0.060, 0.100, 23
train,    2692, 34.021114,   50, 0.00,    2, 0.000, 0.060, 0.100, 23
train,    2693, 44.304822,   44, 0.00,    4, 0.000, 0.060, 0.100, 23
train,    2694, 35.112460,   50, 0.00,    9, 0.000, 0.060, 0.100, 23
train,    2695, 30.702297,   49, 1.00,    6, 0.000, 0.060, 0.100, 23
train,    2696, 41.161182,   54, 0.00,    5, 0.000, 0.060, 0.100, 23
train,    2697, 38.626332,   48, 0.00,    5, 0.000, 0.060, 0.100, 23
train,    2698, 30.513563,   44, 0.00,    6, 0.000, 0.060, 0.100, 23
train,    2699, 33.530423,   45, 1.00,    5, 0.000, 0.060, 0.100, 23
val,      2699, 32.224765, 0.1272,  33.9947,   1.2901, 0.7823,  14.2974
train,    2700, 24.578097,   49, 0.00,    8, 0.000, 0.060, 0.100, 23
train,    2701, 38.861870,   49, 0.00,    7, 0.000, 0.060, 0.100, 22
train,    2702, 33.585730,   50, 0.00,   10, 0.000, 0.060, 0.100, 22
train,    2703, 31.345284,   46, 0.00,    8, 0.000, 0.060, 0.100, 22
train,    2704, 30.181521,   46, 0.00,    9, 0.000, 0.060, 0.100, 22
train,    2705, 35.495157,   52, 1.00,    7, 0.000, 0.060, 0.100, 22
train,    2706, 24.344908,   53, 1.00,    9, 0.000, 0.060, 0.100, 22
train,    2707, 37.193184,   48, 0.00,    9, 0.000, 0.060, 0.100, 22
train,    2708, 28.820274,   40, 0.00,    8, 0.000, 0.060, 0.100, 22
train,    2709, 23.019338,   50, 0.00,   10, 0.000, 0.060, 0.100, 22
train,    2710, 32.047667,   41, 0.00,    8, 0.000, 0.060, 0.100, 22
train,    2711, 24.896134,   56, 1.00,    6, 0.000, 0.060, 0.100, 22
train,    2712, 12.519053,   45, 0.00,    6, 0.000, 0.060, 0.100, 22
train,    2713, 29.107910,   49, 1.00,    9, 0.000, 0.060, 0.100, 22
train,    2714, 25.250811,   45, 0.00,    8, 0.000, 0.060, 0.100, 22
train,    2715, 37.273735,   54, 0.00,    6, 0.000, 0.060, 0.100, 22
train,    2716, 19.948588,   44, 0.00,    8, 0.000, 0.060, 0.100, 22
train,    2717, 12.717889,   40, 0.00,    6, 0.000, 0.060, 0.100, 22
train,    2718, 17.058654,   44, 1.00,   10, 0.000, 0.060, 0.100, 22
train,    2719, 16.170031,   46, 0.00,    7, 0.000, 0.060, 0.100, 22
train,    2720, 17.275865,   56, 0.00,    5, 0.000, 0.060, 0.100, 22
update,   2720,   68,  565, 25.092638, 0.000000
train,    2721, 16.607569,   55, 0.00,   11, 0.000, 0.060, 0.100, 22
train,    2722, 25.970827,   40, 1.00,   10, 0.000, 0.060, 0.100, 22
train,    2723, 23.573956,   53, 1.00,   11, 0.000, 0.060, 0.100, 22
train,    2724, 15.361032,   46, 0.00,    5, 0.000, 0.060, 0.100, 22
val,      2724, 35.494018, 0.1228,  39.8015,   1.2706, 0.7960,  14.2726
train,    2725, 9.253849,   46, 0.00,    5, 0.000, 0.060, 0.100, 22
train,    2726, 34.757575,   47, 0.00,    5, 0.000, 0.060, 0.100, 22
train,    2727, 28.928175,   37, 0.00,    7, 0.000, 0.060, 0.100, 22
train,    2728, 23.334672,   41, 0.00,   10, 0.000, 0.060, 0.100, 22
train,    2729, 29.336722,   52, 1.00,   11, 0.000, 0.060, 0.100, 22
train,    2730, 38.013315,   53, 0.00,    7, 0.000, 0.060, 0.100, 22
train,    2731, 34.876865,   48, 0.00,    8, 0.000, 0.060, 0.100, 22
train,    2732, 28.010347,   57, 0.00,   11, 0.000, 0.060, 0.100, 22
train,    2733, 41.453544,   42, 0.00,   11, 0.000, 0.060, 0.100, 22
train,    2734, 33.214170,   53, 0.00,    8, 0.000, 0.060, 0.100, 22
train,    2735, 37.116195,   46, 0.00,   11, 0.000, 0.060, 0.100, 22
train,    2736, 31.744891,   35, 0.00,    7, 0.000, 0.060, 0.100, 22
train,    2737, 39.474260,   45, 0.00,   10, 0.000, 0.060, 0.100, 22
train,    2738, 42.733546,   39, 0.00,    6, 0.000, 0.060, 0.100, 21
train,    2739, 37.626593,   44, 1.00,    9, 0.000, 0.060, 0.100, 21
train,    2740, 59.544731,   48, 0.00,    8, 0.000, 0.060, 0.100, 21
train,    2741, 46.014017,   42, 0.00,    7, 0.000, 0.060, 0.100, 21
train,    2742, 43.352322,   46, 1.00,    9, 0.000, 0.060, 0.100, 21
train,    2743, 58.647266,   44, 0.00,   10, 0.000, 0.060, 0.100, 21
train,    2744, 57.319532,   42, 0.00,    9, 0.000, 0.060, 0.100, 21
train,    2745, 52.529365,   36, 0.00,    6, 0.000, 0.060, 0.100, 21
train,    2746, 55.434054,   44, 0.00,    9, 0.000, 0.060, 0.100, 21
train,    2747, 57.360956,   41, 0.00,    9, 0.000, 0.060, 0.100, 21
train,    2748, 65.093865,   38, 1.00,    9, 0.000, 0.060, 0.100, 21
train,    2749, 46.738963,   41, 0.00,    8, 0.000, 0.060, 0.100, 21
val,      2749, 26.400575, 0.1206,  36.8875,   1.2296, 0.7456,  14.3080
train,    2750, 56.404697,   47, 0.00,   10, 0.000, 0.060, 0.100, 22
train,    2751, 65.728365,   46, 0.00,   11, 0.000, 0.060, 0.100, 22
train,    2752, 65.730632,   44, 0.00,   10, 0.000, 0.060, 0.100, 22
train,    2753, 69.910938,   49, 0.00,    9, 0.000, 0.060, 0.100, 22
train,    2754, 67.635715,   50, 0.00,    9, 0.000, 0.060, 0.100, 22
train,    2755, 53.099560,   40, 0.00,   12, 0.000, 0.060, 0.100, 22
train,    2756, 52.998638,   43, 1.00,    7, 0.000, 0.060, 0.100, 22
train,    2757, 71.296774,   38, 1.00,    6, 0.000, 0.060, 0.100, 22
train,    2758, 36.963347,   42, 0.00,    6, 0.000, 0.060, 0.100, 22
train,    2759, 54.920726,   42, 0.00,    6, 0.000, 0.060, 0.100, 22
train,    2760, 59.259663,   49, 0.00,    9, 0.000, 0.060, 0.100, 22
update,   2760,   69,  541, 29.074709, 0.000000
train,    2761, 50.677456,   45, 1.00,    6, 0.000, 0.060, 0.100, 22
train,    2762, 38.280125,   47, 0.00,    7, 0.000, 0.060, 0.100, 22
train,    2763, 36.634646,   41, 0.00,   10, 0.000, 0.060, 0.100, 22
train,    2764, 34.130048,   44, 1.00,    7, 0.000, 0.060, 0.100, 22
train,    2765, 44.914550,   38, 0.00,    7, 0.000, 0.060, 0.100, 22
train,    2766, 39.203201,   30, 0.00,    5, 0.000, 0.060, 0.100, 22
train,    2767, 38.119925,   48, 0.00,    3, 0.000, 0.060, 0.100, 22
train,    2768, 41.110292,   40, 0.00,    5, 0.000, 0.060, 0.100, 22
train,    2769, 35.654161,   46, 0.00,    7, 0.000, 0.060, 0.100, 22
train,    2770, 17.730237,   35, 1.00,    6, 0.000, 0.060, 0.100, 22
train,    2771, 37.092100,   37, 0.00,    5, 0.000, 0.060, 0.100, 22
train,    2772, 36.485209,   36, 0.00,    5, 0.000, 0.060, 0.100, 22
train,    2773, 46.418239,   39, 0.00,    5, 0.000, 0.060, 0.100, 22
train,    2774, 32.160957,   36, 1.00,    7, 0.000, 0.060, 0.100, 22
val,      2774, 24.488523, 0.1071,  39.7449,   1.0941, 0.7418,  14.3642
train,    2775, 32.668603,   41, 1.00,    5, 0.000, 0.060, 0.100, 22
train,    2776, 22.264758,   43, 0.00,    5, 0.000, 0.060, 0.100, 22
train,    2777, 34.497242,   40, 0.00,    5, 0.000, 0.060, 0.100, 22
train,    2778, 39.578892,   45, 1.00,    4, 0.000, 0.060, 0.100, 22
train,    2779, 29.377114,   41, 1.00,    5, 0.000, 0.060, 0.100, 22
train,    2780, 17.887899,   39, 0.00,    6, 0.000, 0.060, 0.100, 22
train,    2781, 28.320707,   44, 0.00,    6, 0.000, 0.060, 0.100, 22
train,    2782, 25.495167,   42, 0.00,    6, 0.000, 0.060, 0.100, 22
train,    2783, 26.787956,   49, 0.00,    5, 0.000, 0.060, 0.100, 22
train,    2784, 23.481993,   45, 1.00,    3, 0.000, 0.060, 0.100, 22
train,    2785, 36.148800,   45, 1.00,    4, 0.000, 0.060, 0.100, 22
train,    2786, 25.550385,   44, 1.00,    4, 0.000, 0.060, 0.100, 23
train,    2787, 29.751174,   40, 0.00,    9, 0.000, 0.060, 0.100, 23
train,    2788, 23.808496,   40, 0.00,    4, 0.000, 0.060, 0.100, 23
train,    2789, 24.211840,   45, 1.00,    6, 0.000, 0.060, 0.100, 23
train,    2790, 26.815830,   49, 0.00,    1, 0.000, 0.060, 0.100, 23
train,    2791, 21.843982,   43, 1.00,   12, 0.000, 0.060, 0.100, 23
train,    2792, 27.442432,   38, 0.00,    3, 0.000, 0.060, 0.100, 23
train,    2793, 17.400949,   45, 0.00,    9, 0.000, 0.060, 0.100, 23
train,    2794, 12.763668,   48, 1.00,    7, 0.000, 0.060, 0.100, 23
train,    2795, 19.314114,   42, 0.00,    6, 0.000, 0.060, 0.100, 23
train,    2796, 23.111094,   46, 0.00,    6, 0.000, 0.060, 0.100, 23
train,    2797, 21.168504,   41, 0.00,    5, 0.000, 0.060, 0.100, 23
train,    2798, 26.357384,   41, 0.00,    7, 0.000, 0.060, 0.100, 23
train,    2799, 17.478674,   43, 0.00,    7, 0.000, 0.060, 0.100, 23
val,      2799, 27.730727, 0.0994,  39.3278,   1.1830, 0.7678,  14.3861
train,    2800, 15.768451,   46, 0.00,    9, 0.000, 0.060, 0.100, 23
update,   2800,   70,  572, 28.644238, 0.000000
train,    2801, 23.501943,   53, 0.00,    9, 0.000, 0.060, 0.100, 23
train,    2802, 22.535003,   47, 0.00,    6, 0.000, 0.060, 0.100, 23
train,    2803, 27.434149,   54, 0.00,    8, 0.000, 0.060, 0.100, 23
train,    2804, 29.591873,   43, 1.00,    8, 0.000, 0.060, 0.100, 23
train,    2805, 22.645654,   40, 0.00,    7, 0.000, 0.060, 0.100, 24
train,    2806, 22.699977,   40, 0.00,    6, 0.000, 0.060, 0.100, 24
train,    2807, 33.721379,   52, 0.00,    4, 0.000, 0.060, 0.100, 24
train,    2808, 40.929074,   55, 0.00,    4, 0.000, 0.060, 0.100, 24
train,    2809, 34.672917,   46, 1.00,    8, 0.000, 0.060, 0.100, 24
train,    2810, 42.312624,   44, 1.00,    7, 0.000, 0.060, 0.100, 24
train,    2811, 31.242738,   53, 0.00,    5, 0.000, 0.060, 0.100, 24
train,    2812, 45.742094,   49, 0.00,    6, 0.000, 0.060, 0.100, 24
train,    2813, 42.710876,   51, 0.00,    5, 0.000, 0.060, 0.100, 24
train,    2814, 49.034637,   44, 0.00,    9, 0.000, 0.060, 0.100, 24
train,    2815, 51.053728,   41, 0.00,    7, 0.000, 0.060, 0.100, 24
train,    2816, 44.002792,   52, 0.00,    7, 0.000, 0.060, 0.100, 24
train,    2817, 53.807433,   44, 0.00,    9, 0.000, 0.060, 0.100, 24
train,    2818, 50.244057,   43, 0.00,    6, 0.000, 0.060, 0.100, 24
train,    2819, 50.066209,   43, 0.00,    7, 0.000, 0.060, 0.100, 24
train,    2820, 44.341801,   46, 1.00,   10, 0.000, 0.060, 0.100, 24
train,    2821, 37.579385,   48, 1.00,    9, 0.000, 0.060, 0.100, 25
train,    2822, 35.618353,   56, 1.00,   10, 0.000, 0.060, 0.100, 25
train,    2823, 40.723643,   53, 0.00,    6, 0.000, 0.060, 0.100, 25
train,    2824, 34.054812,   52, 0.00,    8, 0.000, 0.060, 0.100, 25
val,      2824, 35.412913, 0.1560,  40.0329,   1.1632, 0.7761,  13.9782
train,    2825, 39.437540,   44, 1.00,   12, 0.000, 0.060, 0.100, 25
train,    2826, 30.483675,   50, 0.00,    7, 0.000, 0.060, 0.100, 25
train,    2827, 38.538544,   49, 0.00,    9, 0.000, 0.060, 0.100, 25
train,    2828, 35.990539,   53, 0.00,    7, 0.000, 0.060, 0.100, 25
train,    2829, 25.708444,   55, 0.00,    9, 0.000, 0.060, 0.100, 25
train,    2830, 21.585834,   45, 0.00,   12, 0.000, 0.060, 0.100, 25
train,    2831, 23.668326,   44, 0.00,    7, 0.000, 0.060, 0.100, 25
train,    2832, 27.704073,   51, 0.00,    9, 0.000, 0.060, 0.100, 25
train,    2833, 30.448912,   50, 0.00,    7, 0.000, 0.060, 0.100, 25
train,    2834, 17.707296,   43, 0.00,   11, 0.000, 0.060, 0.100, 25
train,    2835, 30.483279,   58, 1.00,    8, 0.000, 0.060, 0.100, 25
train,    2836, 45.697197,   40, 1.00,    8, 0.000, 0.060, 0.100, 26
train,    2837, 14.608985,   43, 0.00,    9, 0.000, 0.060, 0.100, 26
train,    2838, 18.452018,   46, 0.00,   12, 0.000, 0.060, 0.100, 26
train,    2839, 15.781110,   51, 0.00,   10, 0.000, 0.060, 0.100, 26
train,    2840, 7.428045,   41, 1.00,    7, 0.000, 0.060, 0.100, 26
update,   2840,   71,  557, 27.351410, 0.000000
train,    2841, 4.211476,   48, 0.00,    6, 0.000, 0.060, 0.100, 26
train,    2842, 25.101902,   41, 0.00,   11, 0.000, 0.060, 0.100, 26
train,    2843, 9.828944,   42, 1.00,    5, 0.000, 0.060, 0.100, 26
train,    2844, 11.785574,   53, 1.00,    8, 0.000, 0.060, 0.100, 26
train,    2845, 31.454437,   44, 1.00,    7, 0.000, 0.060, 0.100, 26
train,    2846, 18.464541,   43, 0.00,   11, 0.000, 0.060, 0.100, 26
train,    2847, 19.224063,   51, 0.00,   12, 0.000, 0.060, 0.100, 26
train,    2848, 28.255787,   46, 0.00,    7, 0.000, 0.060, 0.100, 26
train,    2849, 12.658578,   43, 0.00,    7, 0.000, 0.060, 0.100, 26
val,      2849, 41.988607, 0.1246,  39.6052,   0.9723, 0.7842,  14.5512
train,    2850, 5.813075,   46, 0.00,    8, 0.000, 0.060, 0.100, 26
train,    2851, 16.298040,   50, 0.00,    9, 0.000, 0.060, 0.100, 26
train,    2852, 2.966321,   38, 0.00,    6, 0.000, 0.060, 0.100, 27
train,    2853, 18.325187,   43, 0.00,    8, 0.000, 0.060, 0.100, 27
train,    2854, 19.701407,   48, 0.00,    8, 0.000, 0.060, 0.100, 27
train,    2855, 16.981148,   39, 0.00,    9, 0.000, 0.060, 0.100, 27
train,    2856, 10.062736,   56, 0.00,    9, 0.000, 0.060, 0.100, 27
train,    2857, 17.263800,   41, 0.00,    6, 0.000, 0.060, 0.100, 27
train,    2858, 6.099549,   37, 0.00,   10, 0.000, 0.060, 0.100, 27
train,    2859, 14.608690,   37, 0.00,    3, 0.000, 0.060, 0.100, 27
train,    2860, 6.001697,   45, 0.00,    8, 0.000, 0.060, 0.100, 27
train,    2861, 12.765860,   40, 0.00,    6, 0.000, 0.060, 0.100, 27
train,    2862, -0.102721,   46, 0.00,    3, 0.000, 0.060, 0.100, 27
train,    2863, 7.179522,   45, 0.00,    4, 0.000, 0.060, 0.100, 27
train,    2864, 13.912581,   47, 0.00,    7, 0.000, 0.060, 0.100, 27
train,    2865, 10.020614,   53, 0.00,   12, 0.000, 0.060, 0.100, 27
train,    2866, 34.037934,   46, 0.00,    7, 0.000, 0.060, 0.100, 27
train,    2867, 15.762374,   32, 0.00,    7, 0.000, 0.060, 0.100, 27
train,    2868, 25.042546,   49, 0.00,    4, 0.000, 0.060, 0.100, 27
train,    2869, 12.039775,   51, 0.00,    4, 0.000, 0.060, 0.100, 27
train,    2870, 23.284059,   42, 1.00,    6, 0.000, 0.060, 0.100, 27
train,    2871, 19.966780,   43, 0.00,    7, 0.000, 0.060, 0.100, 28
train,    2872, 25.295031,   48, 0.00,    1, 0.000, 0.060, 0.100, 28
train,    2873, 18.394153,   37, 0.00,    7, 0.000, 0.060, 0.100, 28
train,    2874, 39.214388,   40, 0.00,    7, 0.000, 0.060, 0.100, 28
val,      2874, 37.394814, 0.1237,  39.6384,   1.1295, 0.7807,  14.0997
train,    2875, 24.495054,   39, 0.00,    5, 0.000, 0.060, 0.100, 28
train,    2876, 28.725855,   49, 0.00,    7, 0.000, 0.060, 0.100, 28
train,    2877, 34.504967,   47, 0.00,    6, 0.000, 0.060, 0.100, 28
train,    2878, 39.184805,   44, 0.00,    8, 0.000, 0.060, 0.100, 28
train,    2879, 42.759681,   43, 0.00,    4, 0.000, 0.060, 0.100, 28
train,    2880, 35.503183,   45, 0.00,    3, 0.000, 0.060, 0.100, 28
update,   2880,   72,  538, 30.438875, 0.000000
train,    2881, 42.075210,   41, 0.00,    9, 0.000, 0.060, 0.100, 28
train,    2882, 47.115131,   44, 0.00,    5, 0.000, 0.060, 0.100, 28
train,    2883, 32.725495,   32, 0.00,    6, 0.000, 0.060, 0.100, 28
train,    2884, 43.595374,   34, 0.00,    9, 0.000, 0.060, 0.100, 28
train,    2885, 41.674782,   42, 0.00,    7, 0.000, 0.060, 0.100, 28
train,    2886, 57.154159,   31, 0.00,    6, 0.000, 0.060, 0.100, 28
train,    2887, 46.504574,   40, 0.00,    8, 0.000, 0.060, 0.100, 28
train,    2888, 48.401725,   47, 0.00,    4, 0.000, 0.060, 0.100, 28
train,    2889, 49.847858,   41, 0.00,   10, 0.000, 0.060, 0.100, 28
train,    2890, 53.693615,   47, 1.00,    5, 0.000, 0.060, 0.100, 28
train,    2891, 53.776664,   44, 0.00,    5, 0.000, 0.060, 0.100, 28
train,    2892, 42.394581,   44, 0.00,    3, 0.000, 0.060, 0.100, 28
train,    2893, 37.602362,   48, 0.00,   10, 0.000, 0.060, 0.100, 28
train,    2894, 38.430307,   45, 0.00,    6, 0.000, 0.060, 0.100, 28
train,    2895, 35.556774,   48, 0.00,    7, 0.000, 0.060, 0.100, 28
train,    2896, 43.886037,   51, 0.00,    3, 0.000, 0.060, 0.100, 28
train,    2897, 31.880390,   46, 0.00,    6, 0.000, 0.060, 0.100, 28
train,    2898, 26.629993,   43, 0.00,    9, 0.000, 0.060, 0.100, 28
train,    2899, 18.967510,   47, 0.00,    7, 0.000, 0.060, 0.100, 28
val,      2899, 31.960969, 0.1503,  37.4632,   1.1510, 0.7685,  14.3697
train,    2900, 25.403915,   48, 1.00,    7, 0.000, 0.060, 0.100, 28
train,    2901, 20.720804,   44, 0.00,    6, 0.000, 0.060, 0.100, 28
train,    2902, 41.497775,   51, 0.00,    6, 0.000, 0.060, 0.100, 28
train,    2903, 24.588899,   48, 0.00,    8, 0.000, 0.060, 0.100, 28
train,    2904, 33.577782,   51, 0.00,    6, 0.000, 0.060, 0.100, 28
train,    2905, 22.039840,   57, 1.00,    7, 0.000, 0.060, 0.100, 28
train,    2906, 20.854689,   44, 1.00,    9, 0.000, 0.060, 0.100, 28
train,    2907, 25.731500,   46, 0.00,    5, 0.000, 0.060, 0.100, 28
train,    2908, 23.432121,   52, 0.00,    6, 0.000, 0.060, 0.100, 28
train,    2909, 24.538677,   47, 1.00,    7, 0.000, 0.060, 0.100, 28
train,    2910, 26.911723,   45, 0.00,    7, 0.000, 0.060, 0.100, 28
train,    2911, 28.672523,   48, 0.00,   10, 0.000, 0.060, 0.100, 28
train,    2912, 35.074630,   41, 0.00,    6, 0.000, 0.060, 0.100, 28
train,    2913, 33.147669,   45, 1.00,    8, 0.000, 0.060, 0.100, 28
train,    2914, 19.159956,   49, 0.00,    7, 0.000, 0.060, 0.100, 28
train,    2915, 20.670797,   46, 1.00,    8, 0.000, 0.060, 0.100, 28
train,    2916, 28.304034,   47, 0.00,    8, 0.000, 0.060, 0.100, 28
train,    2917, 27.954545,   50, 1.00,    5, 0.000, 0.060, 0.100, 28
train,    2918, 18.603893,   48, 0.00,    9, 0.000, 0.060, 0.100, 28
train,    2919, 32.882324,   40, 0.00,   11, 0.000, 0.060, 0.100, 28
train,    2920, 28.720280,   42, 0.00,   12, 0.000, 0.060, 0.100, 28
update,   2920,   73,  501, 24.989731, 0.000000
train,    2921, 26.850575,   52, 0.00,   11, 0.000, 0.060, 0.100, 28
train,    2922, 24.714308,   44, 0.00,    4, 0.000, 0.060, 0.100, 28
train,    2923, 36.550384,   58, 1.00,    3, 0.000, 0.060, 0.100, 28
train,    2924, 35.169643,   44, 0.00,    6, 0.000, 0.060, 0.100, 28
val,      2924, 31.380886, 0.1480,  37.2930,   0.9426, 0.7741,  13.9748
train,    2925, 28.035254,   37, 0.00,   10, 0.000, 0.060, 0.100, 28
train,    2926, 38.647941,   49, 0.00,    8, 0.000, 0.060, 0.100, 28
train,    2927, 25.863420,   44, 1.00,    5, 0.000, 0.060, 0.100, 28
train,    2928, 27.853803,   52, 1.00,   12, 0.000, 0.060, 0.100, 28
train,    2929, 25.748838,   48, 0.00,   11, 0.000, 0.060, 0.100, 28
train,    2930, 24.182539,   45, 0.00,   10, 0.000, 0.060, 0.100, 28
train,    2931, 29.559111,   55, 0.00,    9, 0.000, 0.060, 0.100, 28
train,    2932, 21.523864,   48, 0.00,    6, 0.000, 0.060, 0.100, 28
train,    2933, 38.255056,   43, 0.00,   12, 0.000, 0.060, 0.100, 28
train,    2934, 35.470972,   48, 1.00,    8, 0.000, 0.060, 0.100, 28
train,    2935, 38.613512,   55, 0.00,    8, 0.000, 0.060, 0.100, 28
train,    2936, 30.179315,   43, 0.00,    8, 0.000, 0.060, 0.100, 28
train,    2937, 41.873148,   49, 0.00,   10, 0.000, 0.060, 0.100, 28
train,    2938, 31.366189,   49, 1.00,    7, 0.000, 0.060, 0.100, 28
train,    2939, 36.718679,   50, 1.00,    5, 0.000, 0.060, 0.100, 28
train,    2940, 42.465136,   47, 1.00,    3, 0.000, 0.060, 0.100, 28
train,    2941, 43.608222,   42, 1.00,    9, 0.000, 0.060, 0.100, 28
train,    2942, 51.166081,   44, 1.00,    9, 0.000, 0.060, 0.100, 28
train,    2943, 48.642773,   52, 0.00,    6, 0.000, 0.060, 0.100, 28
train,    2944, 44.716695,   49, 0.00,   13, 0.000, 0.060, 0.100, 28
train,    2945, 44.542548,   56, 0.00,    8, 0.000, 0.060, 0.100, 28
train,    2946, 50.186670,   43, 0.00,   11, 0.000, 0.060, 0.100, 28
train,    2947, 55.988099,   54, 1.00,    8, 0.000, 0.060, 0.100, 28
train,    2948, 53.984546,   53, 0.00,    9, 0.000, 0.060, 0.100, 28
train,    2949, 47.048695,   44, 1.00,   12, 0.000, 0.060, 0.100, 28
val,      2949, 28.765428, 0.1188,  37.7015,   1.0114, 0.7747,  13.9997
train,    2950, 49.760531,   38, 1.00,   13, 0.000, 0.060, 0.100, 28
train,    2951, 51.176512,   41, 1.00,    9, 0.000, 0.060, 0.100, 28
train,    2952, 45.519518,   49, 1.00,    6, 0.000, 0.060, 0.100, 28
train,    2953, 57.510269,   43, 0.00,    7, 0.000, 0.060, 0.100, 27
train,    2954, 59.269212,   47, 1.00,   10, 0.000, 0.060, 0.100, 27
train,    2955, 53.725257,   47, 0.00,    7, 0.000, 0.060, 0.100, 27
train,    2956, 41.151321,   40, 1.00,    5, 0.000, 0.060, 0.100, 27
train,    2957, 64.993459,   45, 1.00,    9, 0.000, 0.060, 0.100, 27
train,    2958, 49.788486,   53, 0.00,    8, 0.000, 0.060, 0.100, 27
train,    2959, 52.580016,   45, 0.00,    7, 0.000, 0.060, 0.100, 27
train,    2960, 39.930316,   49, 0.00,    9, 0.000, 0.060, 0.100, 27
update,   2960,   74,  516, 25.483220, 0.000000
train,    2961, 50.627329,   46, 1.00,    9, 0.000, 0.060, 0.100, 27
train,    2962, 42.275259,   44, 0.00,    7, 0.000, 0.060, 0.100, 27
train,    2963, 38.580895,   40, 0.00,    5, 0.000, 0.060, 0.100, 27
train,    2964, 44.770522,   46, 1.00,    8, 0.000, 0.060, 0.100, 27
train,    2965, 48.229239,   52, 0.00,    6, 0.000, 0.060, 0.100, 27
train,    2966, 36.896308,   35, 0.00,    6, 0.000, 0.060, 0.100, 27
train,    2967, 41.188163,   50, 0.00,    7, 0.000, 0.060, 0.100, 27
train,    2968, 30.184038,   42, 0.00,    5, 0.000, 0.060, 0.100, 27
train,    2969, 30.120294,   35, 0.00,    5, 0.000, 0.060, 0.100, 27
train,    2970, 24.973231,   44, 0.00,    5, 0.000, 0.060, 0.100, 27
train,    2971, 29.885872,   37, 0.00,    8, 0.000, 0.060, 0.100, 27
train,    2972, 21.625101,   43, 0.00,    6, 0.000, 0.060, 0.100, 27
train,    2973, 28.782759,   43, 0.00,    7, 0.000, 0.060, 0.100, 27
train,    2974, 14.291170,   46, 1.00,    4, 0.000, 0.060, 0.100, 26
val,      2974, 32.585040, 0.0911,  36.8331,   0.9806, 0.7871,  14.0568
train,    2975, 34.430041,   52, 0.00,    5, 0.000, 0.060, 0.100, 26
train,    2976, 19.446155,   45, 0.00,    4, 0.000, 0.060, 0.100, 26
train,    2977, 26.731712,   43, 1.00,    7, 0.000, 0.060, 0.100, 26
train,    2978, 28.270872,   36, 0.00,    6, 0.000, 0.060, 0.100, 26
train,    2979, 25.107951,   40, 0.00,    1, 0.000, 0.060, 0.100, 26
train,    2980, 17.412641,   48, 0.00,    5, 0.000, 0.060, 0.100, 26
train,    2981, 12.103745,   39, 1.00,    8, 0.000, 0.060, 0.100, 26
train,    2982, 26.215001,   43, 0.00,    6, 0.000, 0.060, 0.100, 26
train,    2983, 28.261625,   43, 0.00,    4, 0.000, 0.060, 0.100, 26
train,    2984, 32.075444,   37, 1.00,    5, 0.000, 0.060, 0.100, 26
train,    2985, 25.249971,   43, 1.00,    8, 0.000, 0.060, 0.100, 26
train,    2986, 21.994518,   42, 0.00,    4, 0.000, 0.060, 0.100, 26
train,    2987, 24.663125,   42, 0.00,    2, 0.000, 0.060, 0.100, 26
train,    2988, 24.079832,   48, 0.00,    5, 0.000, 0.060, 0.100, 26
train,    2989, 27.508402,   45, 0.00,    8, 0.000, 0.060, 0.100, 26
train,    2990, 37.048684,   49, 0.00,    9, 0.000, 0.060, 0.100, 26
train,    2991, 32.022929,   39, 0.00,    6, 0.000, 0.060, 0.100, 26
train,    2992, 22.910032,   47, 0.00,    9, 0.000, 0.060, 0.100, 26
train,    2993, 32.460349,   41, 0.00,    2, 0.000, 0.060, 0.100, 25
train,    2994, 21.563754,   45, 1.00,    2, 0.000, 0.060, 0.100, 25
train,    2995, 27.987344,   54, 0.00,    6, 0.000, 0.060, 0.100, 25
train,    2996, 26.136969,   39, 1.00,    7, 0.000, 0.060, 0.100, 25
train,    2997, 26.678292,   40, 0.00,    5, 0.000, 0.060, 0.100, 25
train,    2998, 15.878403,   45, 0.00,    6, 0.000, 0.060, 0.100, 25
train,    2999, 21.225370,   47, 0.00,    3, 0.000, 0.060, 0.100, 25
val,      2999, 37.348749, 0.1120,  38.5136,   1.1224, 0.7527,  13.9220
train,    3000, 16.406615,   49, 1.00,    7, 0.000, 0.060, 0.100, 25
update,   3000,   75,  525, 27.493306, 0.000000