init,     2026-03-30 11:58:31.947293
arguments,Namespace(PPO_epochs=4, adv_norm=1, alg='ppo', cuda=0, curriculum_clean_ratio=0.8, curriculum_entropy_decay=0.9, curriculum_mode='adaptive', curriculum_noise_step=0.02, curriculum_patience=2, entropy=0.1, entropy_min=0.1, eps_clip=0.15, gae_lambda=0.97, gamma=0.995, grad_clip=0.5, gymip_train_xml='inverted_pendulum_ChangeThk_0.050000.xml', hid_group_num=8, hid_group_size=8, hidden_num=64, ignore_checkpoint=True, lane_profile='auto', lr=0.0005, max_noise=0.08, mini_batch_size=128, model='rwtaspk', monitor_time=False, optimizer='rmsprop', rep=11, response_window=40, reward_scale=1.0, road_scenario='roundabout', rollout_steps=512, rwta_del_connection='none', seed=-1, snn_num_steps=15, task='gymip', thread=4, traffic_level='standard', train_num=3000)
seed,     11
model_dir,/root/autodl-tmp/SVPG2023/LANE/log_model/roundabout
profile,  lane auto-stabilize: lr->0.0005, gamma->0.995, PPO_epochs->4, eps_clip->0.15, rollout_steps->512, mini_batch_size->128, gae_lambda->0.97, grad_clip->0.5, curriculum_clean_ratio->0.8, max_noise->0.08, curriculum_noise_step->0.02
train,    1, -6.243936,   11, 0.00,    9, 0.000, 0.000, 0.100,  8
train,    2, 8.243529,   21, 1.00,    8, 0.000, 0.000, 0.100,  8
train,    3, -26.186326,   11, 1.00,   14, 0.000, 0.000, 0.100,  8
train,    4, 50.312903,    6, 1.00,    8, 0.000, 0.000, 0.100,  8
train,    5, 10.380114,   22, 1.00,   14, 0.000, 0.000, 0.100,  8
train,    6, -55.950218,   21, 1.00,   11, 0.000, 0.000, 0.100,  8
train,    7, 28.642400,   16, 1.00,   16, 0.000, 0.000, 0.100,  8
train,    8, 34.998950,    9, 1.00,   11, 0.000, 0.000, 0.100,  9
train,    9, 1.277133,   19, 0.00,   14, 0.000, 0.000, 0.100,  9
train,    10, -3.588248,   13, 1.00,   14, 0.000, 0.000, 0.100,  9
train,    11, -81.890028,   22, 1.00,   14, 0.000, 0.000, 0.100,  9
train,    12, -26.404506,   17, 1.00,   11, 0.000, 0.000, 0.100,  9
train,    13, -117.404459,   25, 1.00,   11, 0.000, 0.000, 0.100,  9
train,    14, -127.236014,    4, 1.00,   12, 0.000, 0.000, 0.100,  9
train,    15, -93.089072,    7, 1.00,   13, 0.000, 0.000, 0.100,  9
train,    16, -11.313836,   14, 1.00,   10, 0.000, 0.000, 0.100,  9
train,    17, -84.824467,   16, 0.00,   10, 0.000, 0.000, 0.100,  9
train,    18, -23.290588,   16, 1.00,   13, 0.000, 0.000, 0.100,  9
train,    19, -57.475829,   30, 1.00,   10, 0.000, 0.000, 0.100,  9
train,    20, -89.760717,    9, 1.00,   17, 0.000, 0.000, 0.100,  9
train,    21, -69.107392,   12, 0.00,   13, 0.000, 0.000, 0.100,  9
train,    22, -148.114785,   20, 1.00,   11, 0.000, 0.000, 0.100,  9
train,    23, -170.000000,    2, 1.00,   12, 0.000, 0.000, 0.100,  9
train,    24, -46.870667,    7, 0.00,   12, 0.000, 0.000, 0.100, 10
val_save,      24, 39.103425, 0.7874,   9.5233,   8.3618, 0.0000,   8.2273
train,    25, -65.923356,   15, 1.00,   14, 0.000, 0.000, 0.100, 10
train,    26, -71.802270,   17, 1.00,   12, 0.000, 0.000, 0.100, 10
train,    27, -35.397928,    9, 1.00,   12, 0.000, 0.000, 0.100, 10
train,    28, -85.515224,   11, 1.00,    9, 0.000, 0.000, 0.100, 10
train,    29, 30.418079,    6, 0.00,    9, 0.000, 0.000, 0.100, 10
train,    30, -41.327886,    8, 1.00,   14, 0.000, 0.000, 0.100, 10
train,    31, -57.083652,   21, 1.00,   11, 0.000, 0.000, 0.100, 10
train,    32, 38.095284,    5, 1.00,    6, 0.000, 0.000, 0.100, 10
train,    33, 16.371113,    2, 0.00,   10, 0.000, 0.000, 0.100, 10
train,    34, 40.012152,    2, 1.00,    9, 0.000, 0.000, 0.100, 10
train,    35, 39.818876,    5, 1.00,   10, 0.000, 0.000, 0.100, 10
train,    36, -26.683946,   12, 1.00,    9, 0.000, 0.000, 0.100, 10
train,    37, 11.781413,    5, 1.00,    8, 0.000, 0.000, 0.100, 10
train,    38, 13.744784,    6, 1.00,    8, 0.000, 0.000, 0.100, 10
train,    39, 80.037031,    2, 1.00,    7, 0.000, 0.000, 0.100, 10
train,    40, 37.522925,   10, 1.00,    5, 0.000, 0.000, 0.100, 10
update,   40,    1,  575, -4.004458, 0.000000
train,    41, 35.832732,    2, 1.00,    6, 0.000, 0.000, 0.100, 10
train,    42, 34.233128,   12, 1.00,    7, 0.000, 0.000, 0.100, 10
train,    43, 81.042699,   14, 0.00,    6, 0.000, 0.000, 0.100, 11
train,    44, 61.230509,    2, 1.00,    9, 0.000, 0.000, 0.100, 11
train,    45, 37.196055,    2, 1.00,    6, 0.000, 0.000, 0.100, 11
train,    46, 17.227446,    2, 0.00,    5, 0.000, 0.000, 0.100, 11
train,    47, 5.101027,    2, 1.00,    6, 0.000, 0.000, 0.100, 11
train,    48, 37.535236,    8, 1.00,    3, 0.000, 0.000, 0.100, 11
train,    49, 61.695109,    8, 1.00,    3, 0.000, 0.000, 0.100, 11
val,      49, -28.618379, 0.7957,  11.1936,   8.8672, 0.2511,   8.1208
train,    50, 75.899102,    2, 1.00,    3, 0.000, 0.000, 0.100, 11
curriculum,noise_cap 0.0000 -> 0.0200, entropy 0.1000 -> 0.1000
train,    51, 75.539880,    2, 0.00,    3, 0.000, 0.020, 0.100, 11
train,    52, 67.356049,    2, 1.00,    3, 0.000, 0.020, 0.100, 11
train,    53, 36.529279,    2, 1.00,    0, 0.000, 0.020, 0.100, 11
train,    54, 29.360609,    2, 1.00,    2, 0.000, 0.020, 0.100, 11
train,    55, 36.054499,    4, 0.00,    3, 0.000, 0.020, 0.100, 11
train,    56, 15.172301,    2, 1.00,    2, 0.000, 0.020, 0.100, 11
train,    57, 65.809820,    2, 1.00,    2, 0.000, 0.020, 0.100, 11
train,    58, -0.201572,    2, 1.00,    4, 0.000, 0.020, 0.100, 11
train,    59, 44.088063,    2, 1.00,    0, 0.000, 0.020, 0.100, 11
train,    60, 34.006118,    2, 1.00,    4, 0.000, 0.020, 0.100, 11
train,    61, -11.583556,    2, 1.00,    3, 0.000, 0.020, 0.100, 11
train,    62, 99.586001,    2, 0.00,    2, 0.000, 0.020, 0.100, 11
train,    63, 66.994657,    2, 0.00,    6, 0.000, 0.020, 0.100, 11
train,    64, 76.593241,    8, 1.00,    0, 0.000, 0.020, 0.100, 11
train,    65, 101.071441,    9, 1.00,    0, 0.000, 0.020, 0.100, 11
train,    66, 27.272729,    2, 1.00,    3, 0.000, 0.020, 0.100, 11
train,    67, 19.410580,    2, 1.00,    0, 0.000, 0.020, 0.100, 11
train,    68, 45.946205,   10, 1.00,    3, 0.000, 0.020, 0.100, 11
train,    69, -16.671944,    2, 0.00,    0, 0.000, 0.020, 0.100, 11
train,    70, -14.804439,   10, 1.00,    0, 0.000, 0.020, 0.100, 11
train,    71, 10.904860,   16, 1.00,    2, 0.000, 0.020, 0.100, 11
train,    72, -15.258720,    6, 0.00,    0, 0.000, 0.020, 0.100, 11
train,    73, -82.179358,   18, 1.00,    3, 0.000, 0.020, 0.100, 11
train,    74, -41.882869,   17, 1.00,    1, 0.000, 0.020, 0.100, 11
val,      74, -35.483044, 0.5882,   3.0000,   7.4271, 0.1181,   9.4130
train,    75, -59.234258,   10, 0.00,    0, 0.000, 0.020, 0.100, 11
train,    76, -19.811189,    8, 1.00,    1, 0.000, 0.020, 0.100, 11
train,    77, -29.707558,    2, 1.00,    5, 0.000, 0.020, 0.100, 11
train,    78, -36.384798,    5, 1.00,    3, 0.000, 0.020, 0.100, 11
train,    79, -133.147084,   16, 1.00,    3, 0.000, 0.020, 0.100, 11
train,    80, -60.651708,    5, 0.00,    2, 0.000, 0.020, 0.100, 11
update,   80,    2,  516, -12.335582, 0.000000
train,    81, -106.531286,    2, 0.00,    3, 0.000, 0.020, 0.100, 11
train,    82, -106.023792,    2, 1.00,    3, 0.000, 0.020, 0.100, 11
train,    83, -133.725861,    5, 0.00,    3, 0.000, 0.020, 0.100, 11
train,    84, -130.782174,   25, 1.00,    4, 0.000, 0.020, 0.100, 11
train,    85, -149.396854,   17, 0.00,    1, 0.000, 0.020, 0.100, 11
train,    86, -94.292067,   19, 1.00,    5, 0.000, 0.020, 0.100, 11
train,    87, -166.415478,    5, 1.00,    4, 0.000, 0.020, 0.100, 11
train,    88, -71.001668,   15, 0.00,    5, 0.000, 0.020, 0.100, 11
train,    89, -109.896574,   15, 1.00,    6, 0.000, 0.020, 0.100, 11
train,    90, -161.276820,   33, 1.00,    6, 0.000, 0.020, 0.100, 11
train,    91, -131.617587,   24, 1.00,    7, 0.000, 0.020, 0.100, 11
train,    92, -77.965304,    3, 0.00,   11, 0.000, 0.020, 0.100, 11
train,    93, -84.379783,   22, 1.00,    4, 0.000, 0.020, 0.100, 11
train,    94, -118.996085,   16, 0.00,    9, 0.000, 0.020, 0.100, 11
train,    95, -141.434487,   25, 0.00,   11, 0.000, 0.020, 0.100, 11
train,    96, -140.137201,    6, 0.00,    7, 0.000, 0.020, 0.100, 11
train,    97, -39.834831,   20, 1.00,    7, 0.000, 0.020, 0.100, 11
train,    98, -35.870845,   31, 0.00,    9, 0.000, 0.020, 0.100, 11
train,    99, -94.864349,   33, 1.00,    7, 0.000, 0.020, 0.100, 11
val,      99, 18.587576, 0.7616,  21.2952,   8.3550, 0.2276,  10.0582
train,    100, -83.335296,   21, 1.00,   11, 0.000, 0.020, 0.100, 11
train,    101, -72.333950,   10, 0.00,    9, 0.000, 0.020, 0.100, 11
train,    102, -49.136819,   20, 1.00,   16, 0.000, 0.020, 0.100, 11
train,    103, -51.326251,    8, 1.00,   10, 0.000, 0.020, 0.100, 11
train,    104, -42.961397,   30, 1.00,   13, 0.000, 0.020, 0.100, 11
train,    105, 10.822367,   25, 1.00,   10, 0.000, 0.020, 0.100, 11
train,    106, 18.781889,    6, 1.00,   14, 0.000, 0.020, 0.100, 11
train,    107, -4.126556,   22, 0.00,   11, 0.000, 0.020, 0.100, 11
train,    108, 25.339576,   20, 1.00,   12, 0.000, 0.020, 0.100, 11
train,    109, 16.774989,   20, 1.00,   10, 0.000, 0.020, 0.100, 11
train,    110, 51.336900,   17, 1.00,   10, 0.000, 0.020, 0.100, 11
train,    111, -94.811825,   22, 1.00,   13, 0.000, 0.020, 0.100, 11
train,    112, -0.431942,   12, 0.00,   11, 0.000, 0.020, 0.100, 11
train,    113, 15.686446,    2, 1.00,   10, 0.000, 0.020, 0.100, 11
train,    114, 48.117311,   23, 0.00,   17, 0.000, 0.020, 0.100, 11
train,    115, 42.772574,   32, 0.00,   10, 0.000, 0.020, 0.100, 11
train,    116, -16.810735,   30, 0.00,   10, 0.000, 0.020, 0.100, 11
train,    117, -30.839394,   18, 0.00,   14, 0.000, 0.020, 0.100, 11
train,    118, 10.457206,   14, 1.00,   11, 0.000, 0.020, 0.100, 11
train,    119, -9.458039,   21, 1.00,   14, 0.000, 0.020, 0.100, 11
train,    120, 23.803683,   30, 1.00,   15, 0.000, 0.020, 0.100, 11
update,   120,    3,  535, -11.945228, 0.000000
train,    121, -27.604124,   20, 0.00,   13, 0.000, 0.020, 0.100, 11
train,    122, 33.103403,   19, 1.00,   13, 0.000, 0.020, 0.100, 11
train,    123, -57.883711,   16, 0.00,   17, 0.000, 0.020, 0.100, 11
train,    124, 17.685159,   16, 1.00,   11, 0.000, 0.020, 0.100, 11
val_save,      124, 31.326580, 0.7884,   9.6795,   7.2033, 0.2108,   6.8766
train,    125, 9.555012,   15, 1.00,   10, 0.000, 0.020, 0.100, 11
curriculum,noise_cap 0.0200 -> 0.0400, entropy 0.1000 -> 0.1000
train,    126, -9.419333,   22, 1.00,   12, 0.000, 0.040, 0.100, 11
train,    127, -0.223812,   25, 1.00,   15, 0.000, 0.040, 0.100, 10
train,    128, 20.980415,   11, 0.00,   13, 0.000, 0.040, 0.100, 10
train,    129, -52.246315,    2, 0.00,   13, 0.000, 0.040, 0.100, 10
train,    130, 23.160795,   15, 1.00,   13, 0.000, 0.040, 0.100, 10
train,    131, 40.933076,    7, 1.00,   10, 0.000, 0.040, 0.100, 10
train,    132, -1.920172,    5, 1.00,   12, 0.000, 0.040, 0.100, 10
train,    133, 40.137180,   17, 0.00,    8, 0.000, 0.040, 0.100, 10
train,    134, -16.343252,    2, 1.00,   11, 0.000, 0.040, 0.100, 10
train,    135, -9.948515,   14, 0.00,   14, 0.000, 0.040, 0.100, 10
train,    136, -11.665764,   11, 1.00,    9, 0.000, 0.040, 0.100, 10
train,    137, -105.051335,   16, 1.00,    9, 0.000, 0.040, 0.100, 10
train,    138, -81.798092,   23, 1.00,    5, 0.000, 0.040, 0.100, 10
train,    139, -37.603776,   14, 0.00,    6, 0.000, 0.040, 0.100, 10
train,    140, -43.962628,    3, 0.00,    5, 0.000, 0.040, 0.100, 10
train,    141, -80.908496,   18, 0.00,    6, 0.000, 0.040, 0.100, 10
train,    142, -131.426206,   11, 1.00,    3, 0.000, 0.040, 0.100, 10
train,    143, -47.430752,   10, 1.00,    6, 0.000, 0.040, 0.100, 10
train,    144, -114.158945,    2, 1.00,    7, 0.000, 0.040, 0.100, 10
train,    145, -118.443655,    5, 0.00,    7, 0.000, 0.040, 0.100, 10
train,    146, -141.157558,    7, 0.00,    5, 0.000, 0.040, 0.100, 10
train,    147, -151.915581,    4, 0.00,   10, 0.000, 0.040, 0.100,  9
train,    148, -132.767861,    2, 1.00,    4, 0.000, 0.040, 0.100,  9
train,    149, -96.730053,    2, 1.00,    3, 0.000, 0.040, 0.100,  9
val,      149, 69.201475, 0.7039,   3.0000,   7.9115, 0.0796,   7.3055
train,    150, -150.841619,    8, 1.00,    6, 0.000, 0.040, 0.100,  9
train,    151, -136.149015,   15, 1.00,    1, 0.000, 0.040, 0.100,  9
train,    152, -163.665261,    2, 1.00,    4, 0.000, 0.040, 0.100,  9
train,    153, -159.529065,    8, 1.00,    3, 0.000, 0.040, 0.100,  9
train,    154, -166.901085,   21, 1.00,    4, 0.000, 0.040, 0.100,  9
train,    155, -155.087971,   11, 1.00,    2, 0.000, 0.040, 0.100,  9
train,    156, -82.661864,    2, 1.00,    0, 0.000, 0.040, 0.100,  9
train,    157, -104.625093,    2, 0.00,    3, 0.000, 0.040, 0.100,  9
train,    158, -125.686567,    2, 0.00,    4, 0.000, 0.040, 0.100,  9
train,    159, -70.617218,    4, 1.00,    3, 0.000, 0.040, 0.100,  9
train,    160, -106.932513,   13, 1.00,    5, 0.000, 0.040, 0.100,  9
update,   160,    4,  521, -17.591989, 0.000000
train,    161, -36.855375,    2, 1.00,    1, 0.000, 0.040, 0.100,  9
train,    162, -21.259870,    3, 1.00,    1, 0.000, 0.040, 0.100,  9
train,    163, -55.587994,   23, 1.00,    2, 0.000, 0.040, 0.100,  9
train,    164, -65.591315,    3, 0.00,    0, 0.000, 0.040, 0.100,  9
train,    165, -40.394490,    2, 0.00,    1, 0.000, 0.040, 0.100,  9
train,    166, -27.954285,   11, 0.00,    4, 0.000, 0.040, 0.100,  8
train,    167, -17.283758,    2, 1.00,    0, 0.000, 0.040, 0.100,  8
train,    168, 62.089887,    5, 1.00,    5, 0.000, 0.040, 0.100,  8
train,    169, 10.771911,    2, 1.00,    2, 0.000, 0.040, 0.100,  8
train,    170, 2.808910,    2, 0.00,    3, 0.000, 0.040, 0.100,  8
train,    171, 11.260699,    2, 1.00,    1, 0.000, 0.040, 0.100,  8
train,    172, 32.700636,    2, 1.00,    0, 0.000, 0.040, 0.100,  8
train,    173, 59.984008,   14, 1.00,    2, 0.000, 0.040, 0.100,  8
train,    174, 55.469063,   13, 1.00,    2, 0.000, 0.040, 0.100,  8
val,      174, 9.470205, 0.5751,   7.7228,   7.4309, 0.2494,   7.3065
train,    175, -1.757328,    2, 0.00,    1, 0.000, 0.040, 0.100,  8
train,    176, -13.657161,    2, 1.00,    5, 0.000, 0.040, 0.100,  8
train,    177, 26.137723,    7, 1.00,    0, 0.000, 0.040, 0.100,  8
train,    178, 56.354490,    2, 1.00,    7, 0.000, 0.040, 0.100,  8
train,    179, 115.000000,    7, 1.00,    2, 0.000, 0.040, 0.100,  8
train,    180, 99.268487,    3, 1.00,    3, 0.000, 0.040, 0.100,  8
train,    181, 79.119555,   14, 1.00,    0, 0.000, 0.040, 0.100,  8
train,    182, 80.766943,   15, 0.00,    2, 0.000, 0.040, 0.100,  8
train,    183, 76.776012,   13, 1.00,    5, 0.000, 0.040, 0.100,  8
train,    184, 83.624377,   16, 1.00,    3, 0.000, 0.040, 0.100,  8
train,    185, 115.000000,   13, 1.00,    4, 0.000, 0.040, 0.100,  8
train,    186, 85.605610,    8, 1.00,    4, 0.000, 0.040, 0.100,  8
train,    187, -16.303482,    8, 1.00,    5, 0.000, 0.040, 0.100,  8
train,    188, 108.050828,   26, 1.00,    1, 0.000, 0.040, 0.100,  8
train,    189, 92.309783,   10, 1.00,    7, 0.000, 0.040, 0.100,  8
train,    190, -17.309539,   15, 1.00,    7, 0.000, 0.040, 0.100,  8
train,    191, 68.086332,    4, 1.00,    6, 0.000, 0.040, 0.100,  8
train,    192, 33.328890,    2, 1.00,    5, 0.000, 0.040, 0.100,  8
train,    193, 89.757964,    9, 1.00,   11, 0.000, 0.040, 0.100,  8
train,    194, 48.577136,    2, 1.00,   10, 0.000, 0.040, 0.100,  8
train,    195, 69.453142,    4, 1.00,    7, 0.000, 0.040, 0.100,  8
train,    196, 92.251300,    2, 0.00,   10, 0.000, 0.040, 0.100,  8
train,    197, 80.091635,    8, 1.00,    9, 0.000, 0.040, 0.100,  8
train,    198, 51.437445,    3, 1.00,    7, 0.000, 0.040, 0.100,  8
train,    199, 68.934361,   18, 1.00,   12, 0.000, 0.040, 0.100,  8
val,      199, 3.117416, 0.7256,  41.6053,   7.7561, 0.1644,   7.7519
train,    200, 95.837468,    5, 1.00,    8, 0.000, 0.040, 0.100,  8
update,   200,    5,  518, -14.356902, 0.000000
train,    201, 59.538690,   22, 1.00,    5, 0.000, 0.040, 0.100,  8
train,    202, 100.460090,   23, 0.00,    8, 0.000, 0.040, 0.100,  8
train,    203, 10.732957,   15, 1.00,   11, 0.000, 0.040, 0.100,  8
train,    204, 9.850690,   17, 1.00,    8, 0.000, 0.040, 0.100,  8
train,    205, 39.049565,   14, 1.00,   12, 0.000, 0.040, 0.100,  8
train,    206, -23.258899,    9, 0.00,   10, 0.000, 0.040, 0.100,  8
train,    207, 38.470742,    6, 0.00,   11, 0.000, 0.040, 0.100,  8
train,    208, -2.313922,   15, 0.00,    9, 0.000, 0.040, 0.100,  8
train,    209, 5.413117,   18, 0.00,   13, 0.000, 0.040, 0.100,  8
train,    210, 9.368177,   25, 0.00,   11, 0.000, 0.040, 0.100,  8
train,    211, -36.173765,   13, 1.00,   14, 0.000, 0.040, 0.100,  8
train,    212, -18.046928,   25, 1.00,   10, 0.000, 0.040, 0.100,  8
train,    213, -2.361216,   20, 0.00,   14, 0.000, 0.040, 0.100,  8
train,    214, -63.074317,   19, 0.00,   11, 0.000, 0.040, 0.100,  8
train,    215, -67.662327,   28, 1.00,   11, 0.000, 0.040, 0.100,  8
train,    216, -71.598759,   25, 1.00,   13, 0.000, 0.040, 0.100,  8
train,    217, -13.913242,   35, 0.00,   12, 0.000, 0.040, 0.100,  8
train,    218, -32.636807,   29, 1.00,   13, 0.000, 0.040, 0.100,  8
train,    219, -107.611548,   21, 1.00,   11, 0.000, 0.040, 0.100,  8
train,    220, -95.704781,   26, 0.00,   11, 0.000, 0.040, 0.100,  8
train,    221, -106.487313,   26, 1.00,   10, 0.000, 0.040, 0.100,  8
train,    222, -44.263554,   17, 0.00,   10, 0.000, 0.040, 0.100,  8
train,    223, -36.293569,   20, 1.00,   12, 0.000, 0.040, 0.100,  8
train,    224, -8.346511,   16, 1.00,   13, 0.000, 0.040, 0.100,  8
val_save,      224, -35.047152, 0.5628,  14.9007,   7.2231, 0.2475,   8.0960
train,    225, -10.726283,   10, 0.00,   13, 0.000, 0.040, 0.100,  8
curriculum,noise_cap 0.0400 -> 0.0600, entropy 0.1000 -> 0.1000
train,    226, 13.680746,   23, 1.00,   11, 0.000, 0.060, 0.100,  8
train,    227, -65.878578,   19, 1.00,   14, 0.000, 0.060, 0.100,  8
train,    228, -18.691453,   38, 0.00,    8, 0.000, 0.060, 0.100,  8
train,    229, -12.230319,   38, 0.00,   11, 0.000, 0.060, 0.100,  8
train,    230, -20.372178,   23, 1.00,    8, 0.000, 0.060, 0.100,  8
train,    231, 17.306057,   27, 0.00,   10, 0.000, 0.060, 0.100,  8
train,    232, -5.903572,   10, 1.00,   12, 0.000, 0.060, 0.100,  8
train,    233, 48.141012,   29, 1.00,    9, 0.000, 0.060, 0.100,  8
train,    234, -7.584957,   16, 0.00,   13, 0.000, 0.060, 0.100,  8
train,    235, 23.048130,    2, 1.00,    9, 0.000, 0.060, 0.100,  8
train,    236, 25.864068,   23, 0.00,    9, 0.000, 0.060, 0.100,  8
train,    237, 37.481441,   18, 1.00,    6, 0.000, 0.060, 0.100,  8
train,    238, 57.397508,   22, 1.00,   10, 0.000, 0.060, 0.100,  8
train,    239, 20.194814,   17, 1.00,   10, 0.000, 0.060, 0.100,  8
train,    240, 34.027906,   10, 0.00,    9, 0.000, 0.060, 0.100,  8
update,   240,    6,  503, -1.424542, 0.000000
train,    241, 40.324313,   28, 0.00,   10, 0.000, 0.060, 0.100,  8
train,    242, 115.000000,   11, 1.00,    5, 0.000, 0.060, 0.100,  8
train,    243, 46.538706,   23, 0.00,    7, 0.000, 0.060, 0.100,  8
train,    244, 69.038141,   14, 0.00,    6, 0.000, 0.060, 0.100,  8
train,    245, 40.087972,   23, 0.00,    6, 0.000, 0.060, 0.100,  8
train,    246, 87.695887,   20, 0.00,    5, 0.000, 0.060, 0.100,  8
train,    247, 104.943101,   19, 1.00,    8, 0.000, 0.060, 0.100,  8
train,    248, 114.325482,   20, 0.00,    6, 0.000, 0.060, 0.100,  8
train,    249, 92.730697,   14, 0.00,    3, 0.000, 0.060, 0.100,  8
val,      249, -2.232884, 0.5221,  17.8924,   7.3815, 0.2445,   7.3789
train,    250, -48.692170,   21, 1.00,    6, 0.000, 0.060, 0.100,  8
train,    251, 48.546166,   13, 1.00,    4, 0.000, 0.060, 0.100,  8
train,    252, 61.431018,   15, 1.00,    5, 0.000, 0.060, 0.100,  8
train,    253, 51.210077,   23, 1.00,    3, 0.000, 0.060, 0.100,  8
train,    254, 81.473415,    9, 0.00,    6, 0.000, 0.060, 0.100,  8
train,    255, 93.735815,   21, 0.00,    6, 0.000, 0.060, 0.100,  8
train,    256, 82.217058,    7, 0.00,    2, 0.000, 0.060, 0.100,  8
train,    257, 86.373329,    2, 1.00,    1, 0.000, 0.060, 0.100,  8
train,    258, 68.650209,   18, 0.00,    5, 0.000, 0.060, 0.100,  8
train,    259, 35.189696,    4, 0.00,    2, 0.000, 0.060, 0.100,  8
train,    260, 60.697855,   21, 1.00,    2, 0.000, 0.060, 0.100,  8
train,    261, 4.301905,   10, 1.00,    0, 0.000, 0.060, 0.100,  8
train,    262, 59.909547,   13, 0.00,    1, 0.000, 0.060, 0.100,  8
train,    263, -4.192769,   21, 1.00,    0, 0.000, 0.060, 0.100,  8
train,    264, -53.412418,    2, 0.00,    1, 0.000, 0.060, 0.100,  8
train,    265, -22.163212,    2, 0.00,    0, 0.000, 0.060, 0.100,  8
train,    266, 14.440750,    2, 1.00,    1, 0.000, 0.060, 0.100,  8
train,    267, 49.791209,    4, 0.00,    0, 0.000, 0.060, 0.100,  8
train,    268, 26.305774,    6, 1.00,    0, 0.000, 0.060, 0.100,  8
train,    269, 13.201805,   18, 0.00,    0, 0.000, 0.060, 0.100,  8
train,    270, -0.605113,    2, 0.00,    5, 0.000, 0.060, 0.100,  8
train,    271, 15.306592,    3, 1.00,    1, 0.000, 0.060, 0.100,  8
train,    272, 18.272400,    2, 1.00,    0, 0.000, 0.060, 0.100,  8
train,    273, -37.994114,    2, 0.00,    0, 0.000, 0.060, 0.100,  8
train,    274, -52.643745,    6, 0.00,    3, 0.000, 0.060, 0.100,  8
val,      274, -0.523822, 0.7890,  12.6187,   6.0019, 0.3823,   8.3985
train,    275, -56.687420,    5, 1.00,    2, 0.000, 0.060, 0.100,  8
train,    276, -66.201118,   13, 1.00,    4, 0.000, 0.060, 0.100,  8
train,    277, -113.830873,    9, 1.00,    5, 0.000, 0.060, 0.100,  8
train,    278, -54.917925,    2, 1.00,    1, 0.000, 0.060, 0.100,  8
train,    279, -58.315976,    8, 0.00,    5, 0.000, 0.060, 0.100,  8
train,    280, -108.143732,   14, 1.00,    2, 0.000, 0.060, 0.100,  8
update,   280,    7,  480, 6.397195, 0.000000
train,    281, -93.623912,    8, 1.00,    6, 0.000, 0.060, 0.100,  8
train,    282, -34.039237,   10, 1.00,    3, 0.000, 0.060, 0.100,  8
train,    283, -61.200017,    9, 1.00,    2, 0.000, 0.060, 0.100,  8
train,    284, -50.374074,    2, 1.00,    2, 0.000, 0.060, 0.100,  8
train,    285, -38.597318,   10, 1.00,    4, 0.000, 0.060, 0.100,  8
train,    286, -170.000000,   15, 1.00,    5, 0.000, 0.060, 0.100,  8
train,    287, -118.325928,   10, 1.00,    6, 0.000, 0.060, 0.100,  8
train,    288, -149.022523,    9, 1.00,    6, 0.000, 0.060, 0.100,  8
train,    289, -113.780071,   19, 1.00,    5, 0.000, 0.060, 0.100,  8
train,    290, -94.338328,    4, 1.00,    8, 0.000, 0.060, 0.100,  8
train,    291, -106.616205,    9, 1.00,    4, 0.000, 0.060, 0.100,  8
train,    292, -132.131265,   11, 1.00,    5, 0.000, 0.060, 0.100,  8
train,    293, -97.806876,   11, 1.00,    4, 0.000, 0.060, 0.100,  9
train,    294, -102.266060,   19, 1.00,    9, 0.000, 0.060, 0.100,  9
train,    295, -65.620921,    8, 1.00,    7, 0.000, 0.060, 0.100,  9
train,    296, -80.407322,    2, 1.00,    9, 0.000, 0.060, 0.100,  9
train,    297, -48.284022,   20, 1.00,   10, 0.000, 0.060, 0.100,  9
train,    298, -73.884751,   15, 1.00,    5, 0.000, 0.060, 0.100,  9
train,    299, -36.133998,   29, 0.00,    9, 0.000, 0.060, 0.100,  9
val,      299, 30.816773, 0.6342,  17.1180,   6.4436, 0.2427,   8.8468
train,    300, 20.048333,   19, 1.00,    9, 0.000, 0.060, 0.100,  9
train,    301, 20.445543,   21, 0.00,   10, 0.000, 0.060, 0.100,  9
train,    302, -71.601161,   14, 0.00,    9, 0.000, 0.060, 0.100,  9
train,    303, 8.014480,    5, 1.00,    8, 0.000, 0.060, 0.100,  9
train,    304, 61.361038,   12, 1.00,    8, 0.000, 0.060, 0.100,  9
train,    305, 30.318477,   12, 1.00,   10, 0.000, 0.060, 0.100,  9
train,    306, -2.105391,   17, 1.00,   14, 0.000, 0.060, 0.100,  9
train,    307, 80.714994,    6, 0.00,   10, 0.000, 0.060, 0.100,  9
train,    308, -2.854327,   30, 1.00,   11, 0.000, 0.060, 0.100,  9
train,    309, -6.664198,   14, 1.00,   10, 0.000, 0.060, 0.100, 10
train,    310, 38.736211,   25, 1.00,   10, 0.000, 0.060, 0.100, 10
train,    311, 85.946989,   10, 1.00,    9, 0.000, 0.060, 0.100, 10
train,    312, 71.352600,   25, 1.00,   13, 0.000, 0.060, 0.100, 10
train,    313, 67.724516,   21, 0.00,    9, 0.000, 0.060, 0.100, 10
train,    314, 5.600086,   20, 1.00,    9, 0.000, 0.060, 0.100, 10
train,    315, 17.414418,   25, 1.00,   11, 0.000, 0.060, 0.100, 10
train,    316, 40.089319,   23, 1.00,   12, 0.000, 0.060, 0.100, 10
train,    317, -17.899087,   26, 1.00,   13, 0.000, 0.060, 0.100, 10
train,    318, -26.298968,   18, 1.00,   13, 0.000, 0.060, 0.100, 10
train,    319, -54.199130,   34, 1.00,   10, 0.000, 0.060, 0.100, 10
train,    320, -19.885205,   15, 1.00,   11, 0.000, 0.060, 0.100, 10
update,   320,    8,  572, 0.600188, 0.000000
train,    321, 11.198403,   28, 1.00,    9, 0.000, 0.060, 0.100, 10
train,    322, 18.066771,   26, 1.00,   12, 0.000, 0.060, 0.100, 10
train,    323, 7.297520,   20, 1.00,   13, 0.000, 0.060, 0.100, 10
train,    324, -18.655645,   29, 1.00,   14, 0.000, 0.060, 0.100, 11
val,      324, 2.995731, 0.7902,  13.5238,   6.4243, 0.5458,   8.9617
train,    325, -3.313631,   36, 1.00,    9, 0.000, 0.060, 0.100, 11
train,    326, 35.655146,   23, 0.00,   13, 0.000, 0.060, 0.100, 11
train,    327, 2.670027,   25, 1.00,   12, 0.000, 0.060, 0.100, 11
train,    328, -16.828404,   26, 1.00,   12, 0.000, 0.060, 0.100, 11
train,    329, -44.198339,   26, 0.00,   16, 0.000, 0.060, 0.100, 11
train,    330, -51.628255,   19, 1.00,   11, 0.000, 0.060, 0.100, 11
train,    331, -40.391442,   43, 1.00,   10, 0.000, 0.060, 0.100, 11
train,    332, -46.178884,   30, 1.00,    9, 0.000, 0.060, 0.100, 11
train,    333, -53.198738,   21, 1.00,    8, 0.000, 0.060, 0.100, 11
train,    334, 24.108833,   23, 1.00,   10, 0.000, 0.060, 0.100, 11
train,    335, -15.882510,   22, 1.00,   10, 0.000, 0.060, 0.100, 11
train,    336, -24.065537,   43, 1.00,    9, 0.000, 0.060, 0.100, 11
train,    337, -4.678957,   27, 1.00,   10, 0.000, 0.060, 0.100, 11
train,    338, 3.595693,   27, 1.00,   11, 0.000, 0.060, 0.100, 11
train,    339, 9.185072,   25, 0.00,   11, 0.000, 0.060, 0.100, 11
train,    340, -67.698761,   35, 0.00,    6, 0.000, 0.060, 0.100, 12
train,    341, -27.197906,   20, 0.00,    9, 0.000, 0.060, 0.100, 12
train,    342, -6.837574,   18, 1.00,    9, 0.000, 0.060, 0.100, 12
train,    343, -30.095529,   22, 0.00,    5, 0.000, 0.060, 0.100, 12
train,    344, -85.865118,   18, 1.00,    8, 0.000, 0.060, 0.100, 12
train,    345, -64.714946,   27, 0.00,    5, 0.000, 0.060, 0.100, 12
train,    346, -118.761118,   25, 1.00,    6, 0.000, 0.060, 0.100, 12
train,    347, -24.831949,   27, 0.00,    6, 0.000, 0.060, 0.100, 12
train,    348, -76.751276,   30, 1.00,    4, 0.000, 0.060, 0.100, 12
train,    349, -30.863971,   30, 1.00,    6, 0.000, 0.060, 0.100, 12
val,      349, -28.376329, 0.4887,  19.0308,   7.1625, 0.2136,  10.9129
train,    350, -134.016127,   20, 1.00,    4, 0.000, 0.060, 0.100, 12
train,    351, -21.117525,   22, 1.00,    5, 0.000, 0.060, 0.100, 12
train,    352, -140.349634,   18, 0.00,    3, 0.000, 0.060, 0.100, 12
train,    353, -119.491459,   29, 1.00,    8, 0.000, 0.060, 0.100, 12
train,    354, -96.937131,   29, 1.00,    3, 0.000, 0.060, 0.100, 12
train,    355, -92.554780,   10, 1.00,    3, 0.000, 0.060, 0.100, 12
train,    356, -74.132376,   20, 1.00,    3, 0.000, 0.060, 0.100, 12
train,    357, -90.605757,   18, 0.00,    4, 0.000, 0.060, 0.100, 12
train,    358, -62.371237,   11, 1.00,    2, 0.000, 0.060, 0.100, 12
train,    359, -84.421057,   13, 1.00,    5, 0.000, 0.060, 0.100, 12
train,    360, -3.416948,   20, 1.00,    1, 0.000, 0.060, 0.100, 13
update,   360,    9,  556, 0.102601, 0.000000
train,    361, -30.828232,   16, 1.00,    5, 0.000, 0.060, 0.100, 13
train,    362, -84.572173,   18, 0.00,    3, 0.000, 0.060, 0.100, 13
train,    363, -87.141468,   13, 1.00,    1, 0.000, 0.060, 0.100, 13
train,    364, -47.052291,   12, 1.00,    1, 0.000, 0.060, 0.100, 13
train,    365, -16.592396,   23, 1.00,    1, 0.000, 0.060, 0.100, 13
train,    366, -48.800033,    3, 1.00,    2, 0.000, 0.060, 0.100, 13
train,    367, 82.580095,    7, 0.00,    3, 0.000, 0.060, 0.100, 13
train,    368, 80.009303,   15, 1.00,    4, 0.000, 0.060, 0.100, 13
train,    369, 80.255753,   12, 0.00,    5, 0.000, 0.060, 0.100, 13
train,    370, 18.232513,   15, 0.00,    0, 0.000, 0.060, 0.100, 13
train,    371, 53.450517,    4, 1.00,    1, 0.000, 0.060, 0.100, 13
train,    372, 13.633339,   10, 0.00,    2, 0.000, 0.060, 0.100, 13
train,    373, 53.553836,   14, 0.00,    1, 0.000, 0.060, 0.100, 13
train,    374, 64.028352,   18, 0.00,    4, 0.000, 0.060, 0.100, 13
val,      374, -21.092364, 0.5334,   8.6010,   6.0355, 0.3743,  10.8510
train,    375, 93.560798,   17, 1.00,    2, 0.000, 0.060, 0.100, 13
train,    376, 64.172955,   12, 0.00,    1, 0.000, 0.060, 0.100, 13
train,    377, 57.548380,    2, 0.00,    1, 0.000, 0.060, 0.100, 13
train,    378, 97.850260,   10, 0.00,    0, 0.000, 0.060, 0.100, 13
train,    379, 40.715564,   19, 0.00,    2, 0.000, 0.060, 0.100, 13
train,    380, 50.611774,    2, 0.00,    5, 0.000, 0.060, 0.100, 13
train,    381, 22.057523,    7, 0.00,    0, 0.000, 0.060, 0.100, 13
train,    382, 115.000000,   21, 0.00,    6, 0.000, 0.060, 0.100, 13
train,    383, 115.000000,   11, 0.00,    3, 0.000, 0.060, 0.100, 13
train,    384, 73.191334,   12, 1.00,    3, 0.000, 0.060, 0.100, 13
train,    385, 115.000000,    6, 0.00,    2, 0.000, 0.060, 0.100, 13
train,    386, 52.674048,   15, 0.00,    7, 0.000, 0.060, 0.100, 13
train,    387, 60.498316,    6, 0.00,    4, 0.000, 0.060, 0.100, 13
train,    388, 115.000000,    2, 1.00,    8, 0.000, 0.060, 0.100, 13
train,    389, 36.300654,   17, 1.00,    6, 0.000, 0.060, 0.100, 13
train,    390, 51.179391,    4, 1.00,    6, 0.000, 0.060, 0.100, 13
train,    391, 52.531950,    6, 1.00,    6, 0.000, 0.060, 0.100, 13
train,    392, 59.229757,    4, 1.00,    6, 0.000, 0.060, 0.100, 13
train,    393, 31.692048,   13, 0.00,   11, 0.000, 0.060, 0.100, 13
train,    394, 30.082598,   16, 0.00,    3, 0.000, 0.060, 0.100, 13
train,    395, 27.993103,    7, 0.00,    6, 0.000, 0.060, 0.100, 13
train,    396, 58.155697,    8, 0.00,    7, 0.000, 0.060, 0.100, 13
train,    397, 63.186710,    4, 1.00,    7, 0.000, 0.060, 0.100, 13
train,    398, 76.614147,    9, 1.00,    7, 0.000, 0.060, 0.100, 13
train,    399, 1.051087,   21, 0.00,    9, 0.000, 0.060, 0.100, 13
val,      399, -1.207789, 0.7385,  12.0467,   5.9531, 0.3398,   9.1533
train,    400, 50.662402,    2, 0.00,   11, 0.000, 0.060, 0.100, 13
update,   400,   10,  484, 0.162489, 0.000000
train,    401, 58.488943,   15, 0.00,   11, 0.000, 0.060, 0.100, 13
train,    402, 86.575607,   13, 1.00,   14, 0.000, 0.060, 0.100, 13
train,    403, 15.841429,    4, 0.00,    5, 0.000, 0.060, 0.100, 13
train,    404, 46.660481,   19, 1.00,    6, 0.000, 0.060, 0.100, 13
train,    405, 44.201010,   18, 0.00,   10, 0.000, 0.060, 0.100, 13
train,    406, -14.262637,    2, 1.00,    9, 0.000, 0.060, 0.100, 13
train,    407, 31.295522,   21, 0.00,    7, 0.000, 0.060, 0.100, 13
train,    408, 34.843214,    2, 1.00,   13, 0.000, 0.060, 0.100, 13
train,    409, 37.585960,   20, 1.00,   14, 0.000, 0.060, 0.100, 13
train,    410, 28.323387,   14, 0.00,    9, 0.000, 0.060, 0.100, 13
train,    411, -60.720010,   16, 1.00,   10, 0.000, 0.060, 0.100, 13
train,    412, 14.132046,   21, 1.00,   11, 0.000, 0.060, 0.100, 13
train,    413, -53.277328,   24, 1.00,    9, 0.000, 0.060, 0.100, 13
train,    414, -58.683373,   22, 1.00,   13, 0.000, 0.060, 0.100, 13
train,    415, 44.690410,    9, 1.00,   14, 0.000, 0.060, 0.100, 13
train,    416, -80.601914,   20, 1.00,   12, 0.000, 0.060, 0.100, 13
train,    417, -63.526835,   21, 1.00,   12, 0.000, 0.060, 0.100, 13
train,    418, 1.766442,   26, 1.00,   13, 0.000, 0.060, 0.100, 13
train,    419, -67.384739,   29, 1.00,   14, 0.000, 0.060, 0.100, 13
train,    420, -2.520480,   25, 1.00,   13, 0.000, 0.060, 0.100, 13
train,    421, -8.575686,   32, 1.00,   15, 0.000, 0.060, 0.100, 13
train,    422, -60.850580,   23, 0.00,    8, 0.000, 0.060, 0.100, 13
train,    423, -61.504427,   19, 0.00,   10, 0.000, 0.060, 0.100, 13
train,    424, 8.879152,   11, 0.00,   11, 0.000, 0.060, 0.100, 13
val,      424, 12.948570, 0.5119,  21.1151,   5.7030, 0.3098,   9.7965
train,    425, -39.794528,   27, 0.00,    9, 0.000, 0.060, 0.100, 13
train,    426, 20.212669,   13, 1.00,   14, 0.000, 0.060, 0.100, 13
train,    427, -18.430139,   23, 1.00,   10, 0.000, 0.060, 0.100, 13
train,    428, 11.096979,    9, 1.00,   12, 0.000, 0.060, 0.100, 13
train,    429, 51.617381,   19, 1.00,   11, 0.000, 0.060, 0.100, 13
train,    430, -2.350008,   26, 1.00,   11, 0.000, 0.060, 0.100, 13
train,    431, 18.130499,   23, 1.00,    9, 0.000, 0.060, 0.100, 13
train,    432, 16.119844,   26, 1.00,   11, 0.000, 0.060, 0.100, 13
train,    433, 83.086186,   30, 1.00,    7, 0.000, 0.060, 0.100, 13
train,    434, 82.045425,   13, 1.00,   12, 0.000, 0.060, 0.100, 13
train,    435, 28.675711,   44, 1.00,    8, 0.000, 0.060, 0.100, 13
train,    436, 23.993596,   17, 0.00,   10, 0.000, 0.060, 0.100, 13
train,    437, 84.223235,   29, 1.00,    7, 0.000, 0.060, 0.100, 13
train,    438, 74.840491,   37, 1.00,    8, 0.000, 0.060, 0.100, 12
train,    439, 75.018288,   22, 1.00,    7, 0.000, 0.060, 0.100, 12
train,    440, 75.225162,   19, 1.00,   10, 0.000, 0.060, 0.100, 12
update,   440,   11,  506, -4.205939, 0.000000
train,    441, 71.391689,   15, 1.00,   10, 0.000, 0.060, 0.100, 12
train,    442, 81.089013,   33, 1.00,    6, 0.000, 0.060, 0.100, 12
train,    443, 110.812724,   23, 1.00,   10, 0.000, 0.060, 0.100, 12
train,    444, 115.000000,   25, 1.00,    5, 0.000, 0.060, 0.100, 12
train,    445, 104.088889,   27, 1.00,    7, 0.000, 0.060, 0.100, 12
train,    446, 52.062825,   20, 0.00,    8, 0.000, 0.060, 0.100, 12
train,    447, 87.130565,   31, 1.00,   10, 0.000, 0.060, 0.100, 12
train,    448, 113.907590,   44, 1.00,    9, 0.000, 0.060, 0.100, 12
train,    449, 75.049480,   32, 1.00,    7, 0.000, 0.060, 0.100, 12
val,      449, 54.414619, 0.4517,  28.1556,   5.9262, 0.3972,   9.4551
train,    450, 46.464042,   14, 1.00,    7, 0.000, 0.060, 0.100, 12
train,    451, 24.082177,   19, 1.00,    6, 0.000, 0.060, 0.100, 12
train,    452, 12.632788,   18, 1.00,    3, 0.000, 0.060, 0.100, 12
train,    453, 110.618133,   24, 0.00,    5, 0.000, 0.060, 0.100, 12
train,    454, 115.000000,   29, 1.00,    3, 0.000, 0.060, 0.100, 12
train,    455, -13.575393,   22, 1.00,    4, 0.000, 0.060, 0.100, 12
train,    456, 55.737106,   21, 1.00,    3, 0.000, 0.060, 0.100, 12
train,    457, 71.989728,   33, 1.00,    0, 0.000, 0.060, 0.100, 12
train,    458, 29.921948,   43, 1.00,    1, 0.000, 0.060, 0.100, 12
train,    459, 59.932423,   34, 1.00,    2, 0.000, 0.060, 0.100, 11
train,    460, -11.477135,   32, 1.00,    3, 0.000, 0.060, 0.100, 11
train,    461, 55.469018,   30, 1.00,    2, 0.000, 0.060, 0.100, 11
train,    462, 22.363034,   32, 1.00,    2, 0.000, 0.060, 0.100, 11
train,    463, -15.411200,   28, 1.00,    1, 0.000, 0.060, 0.100, 11
train,    464, -21.113224,   28, 0.00,    1, 0.000, 0.060, 0.100, 11
train,    465, -77.649377,   15, 1.00,    2, 0.000, 0.060, 0.100, 11
train,    466, -27.510746,   25, 1.00,    0, 0.000, 0.060, 0.100, 11
train,    467, 22.618880,   18, 1.00,    4, 0.000, 0.060, 0.100, 11
train,    468, -39.607856,   23, 1.00,    1, 0.000, 0.060, 0.100, 11
train,    469, 4.308420,   16, 1.00,    2, 0.000, 0.060, 0.100, 11
train,    470, 12.368750,   15, 1.00,    0, 0.000, 0.060, 0.100, 11
train,    471, 18.657499,   29, 1.00,    2, 0.000, 0.060, 0.100, 11
train,    472, -3.196857,   18, 1.00,    1, 0.000, 0.060, 0.100, 11
train,    473, -44.082209,    8, 1.00,    4, 0.000, 0.060, 0.100, 11
train,    474, -4.835086,    7, 1.00,    1, 0.000, 0.060, 0.100, 11
val,      474, 32.116293, 0.5632,  24.6940,   5.8894, 0.4706,   8.9884
train,    475, -25.412677,   15, 1.00,    3, 0.000, 0.060, 0.100, 11
train,    476, -52.911421,   19, 1.00,    4, 0.000, 0.060, 0.100, 11
train,    477, -39.393259,   15, 1.00,    0, 0.000, 0.060, 0.100, 11
train,    478, -70.804343,   23, 1.00,    4, 0.000, 0.060, 0.100, 10
train,    479, -80.003908,    7, 1.00,    3, 0.000, 0.060, 0.100, 10
train,    480, -61.054334,   18, 1.00,    3, 0.000, 0.060, 0.100, 10
update,   480,   12,  553, -0.594114, 0.000000
train,    481, -78.708319,   32, 0.00,    3, 0.000, 0.060, 0.100, 10
train,    482, -61.589730,   30, 0.00,    1, 0.000, 0.060, 0.100, 10
train,    483, -59.742560,   13, 0.00,    4, 0.000, 0.060, 0.100, 10
train,    484, -84.933499,    3, 0.00,    4, 0.000, 0.060, 0.100, 10
train,    485, -96.470725,   19, 0.00,    6, 0.000, 0.060, 0.100, 10
train,    486, -42.651294,   18, 0.00,    7, 0.000, 0.060, 0.100, 10
train,    487, -97.716923,   20, 1.00,    3, 0.000, 0.060, 0.100, 10
train,    488, -99.560224,   18, 0.00,    4, 0.000, 0.060, 0.100, 10
train,    489, -92.593283,   14, 0.00,    4, 0.000, 0.060, 0.100, 10
train,    490, -74.545777,   25, 0.00,    5, 0.000, 0.060, 0.100, 10
train,    491, -78.502320,   25, 1.00,    8, 0.000, 0.060, 0.100, 10
train,    492, -52.033396,   16, 1.00,    2, 0.000, 0.060, 0.100, 10
train,    493, -138.823311,   15, 0.00,    8, 0.000, 0.060, 0.100, 10
train,    494, -74.312832,    2, 1.00,    4, 0.000, 0.060, 0.100, 10
train,    495, -22.050374,    3, 1.00,    8, 0.000, 0.060, 0.100, 10
train,    496, -48.886830,    3, 1.00,    8, 0.000, 0.060, 0.100, 10
train,    497, -36.026301,   10, 1.00,    7, 0.000, 0.060, 0.100, 10
train,    498, 18.080288,    4, 1.00,    8, 0.000, 0.060, 0.100,  9
train,    499, -52.891629,    9, 0.00,    9, 0.000, 0.060, 0.100,  9
val,      499, 19.173711, 0.5520,  15.3779,   5.9409, 0.4159,   9.4723
train,    500, -6.904515,    5, 1.00,   11, 0.000, 0.060, 0.100,  9
train,    501, -15.903972,   10, 1.00,    8, 0.000, 0.060, 0.100,  9
train,    502, 13.361070,   13, 0.00,    8, 0.000, 0.060, 0.100,  9
train,    503, 2.712845,    5, 1.00,    7, 0.000, 0.060, 0.100,  9
train,    504, 1.393521,    5, 1.00,   10, 0.000, 0.060, 0.100,  9
train,    505, 48.928918,   25, 0.00,    9, 0.000, 0.060, 0.100,  9
train,    506, 10.670617,   17, 1.00,   11, 0.000, 0.060, 0.100,  9
train,    507, 41.235629,    3, 1.00,    8, 0.000, 0.060, 0.100,  9
train,    508, 27.205597,   19, 1.00,   12, 0.000, 0.060, 0.100,  9
train,    509, 40.804417,   13, 1.00,   11, 0.000, 0.060, 0.100,  9
train,    510, 115.000000,    2, 1.00,   12, 0.000, 0.060, 0.100,  9
train,    511, 22.654623,    9, 1.00,    5, 0.000, 0.060, 0.100,  9
train,    512, 44.743923,    2, 0.00,   13, 0.000, 0.060, 0.100,  9
train,    513, 38.073054,   20, 0.00,    9, 0.000, 0.060, 0.100,  9
train,    514, 35.762835,   10, 0.00,   11, 0.000, 0.060, 0.100,  9
train,    515, 51.306635,   22, 0.00,   12, 0.000, 0.060, 0.100,  9
train,    516, 29.336998,   10, 1.00,   14, 0.000, 0.060, 0.100,  9
train,    517, 72.070671,    6, 0.00,   12, 0.000, 0.060, 0.100,  9
train,    518, 20.156498,   20, 0.00,   13, 0.000, 0.060, 0.100,  9
train,    519, 42.074678,   25, 1.00,   11, 0.000, 0.060, 0.100,  9
train,    520, 19.674080,   15, 0.00,   14, 0.000, 0.060, 0.100,  9
update,   520,   13,  564, 7.436277, 0.000000
train,    521, 8.119351,   13, 1.00,   16, 0.000, 0.060, 0.100,  9
train,    522, 88.420117,    3, 0.00,   14, 0.000, 0.060, 0.100,  9
train,    523, 10.587462,   19, 1.00,   13, 0.000, 0.060, 0.100,  9
train,    524, 3.998556,   12, 1.00,   15, 0.000, 0.060, 0.100,  9
val,      524, -1.805678, 0.3898,  23.5929,   5.6583, 0.4300,  10.0752
train,    525, -0.963288,   13, 0.00,    9, 0.000, 0.060, 0.100,  9
train,    526, -70.783495,   25, 1.00,   11, 0.000, 0.060, 0.100,  8
train,    527, -58.334370,   19, 0.00,   10, 0.000, 0.060, 0.100,  8
train,    528, -38.504863,   40, 1.00,   11, 0.000, 0.060, 0.100,  8
train,    529, 10.117067,   23, 1.00,    7, 0.000, 0.060, 0.100,  8
train,    530, -32.808421,    7, 1.00,   11, 0.000, 0.060, 0.100,  8
train,    531, -35.957179,   21, 1.00,   11, 0.000, 0.060, 0.100,  8
train,    532, -27.852863,    6, 0.00,   16, 0.000, 0.060, 0.100,  8
train,    533, -26.475113,   35, 0.00,   13, 0.000, 0.060, 0.100,  8
train,    534, -37.089120,   35, 0.00,    8, 0.000, 0.060, 0.100,  8
train,    535, -84.736773,   33, 1.00,    9, 0.000, 0.060, 0.100,  8
train,    536, -59.837272,   34, 1.00,    7, 0.000, 0.060, 0.100,  8
train,    537, -27.295237,   16, 0.00,    7, 0.000, 0.060, 0.100,  8
train,    538, -32.910654,   28, 1.00,    9, 0.000, 0.060, 0.100,  8
train,    539, -1.840422,   19, 0.00,    5, 0.000, 0.060, 0.100,  8
train,    540, -59.492871,   25, 1.00,    9, 0.000, 0.060, 0.100,  8
train,    541, -36.846526,   34, 1.00,   10, 0.000, 0.060, 0.100,  8
train,    542, -47.603837,   19, 0.00,    9, 0.000, 0.060, 0.100,  8
train,    543, -93.565955,   39, 0.00,    9, 0.000, 0.060, 0.100,  8
train,    544, -66.761677,   28, 1.00,    5, 0.000, 0.060, 0.100,  8
train,    545, -104.771565,   34, 0.00,    5, 0.000, 0.060, 0.100,  8
train,    546, -6.467416,   27, 0.00,    3, 0.000, 0.060, 0.100,  8
train,    547, 27.401828,   25, 1.00,    8, 0.000, 0.060, 0.100,  8
train,    548, -66.025250,   27, 1.00,    8, 0.000, 0.060, 0.100,  8
train,    549, -45.283650,   29, 1.00,    5, 0.000, 0.060, 0.100,  8
val,      549, 3.462494, 0.6245,   8.3970,   6.0172, 0.4369,  10.4863
train,    550, -78.438865,   41, 1.00,    6, 0.000, 0.060, 0.100,  8
train,    551, -6.081691,   17, 0.00,    4, 0.000, 0.060, 0.100,  8
train,    552, -43.334928,   27, 1.00,    6, 0.000, 0.060, 0.100,  8
train,    553, -52.758445,   38, 1.00,    8, 0.000, 0.060, 0.100,  8
train,    554, -55.538857,   16, 0.00,    2, 0.000, 0.060, 0.100,  8
train,    555, -30.346379,   32, 0.00,    8, 0.000, 0.060, 0.100,  8
train,    556, -80.283277,   49, 1.00,    5, 0.000, 0.060, 0.100,  8
train,    557, -74.504316,   35, 1.00,    4, 0.000, 0.060, 0.100,  8
train,    558, -76.074386,   29, 0.00,    5, 0.000, 0.060, 0.100,  8
train,    559, 5.793474,   35, 0.00,    2, 0.000, 0.060, 0.100,  8
train,    560, -19.975311,   33, 1.00,    8, 0.000, 0.060, 0.100,  8
update,   560,   14,  511, 16.539590, 0.000000
train,    561, -44.268130,   36, 1.00,    4, 0.000, 0.060, 0.100,  8
train,    562, 40.221836,   44, 1.00,    2, 0.000, 0.060, 0.100,  8
train,    563, -17.222692,   30, 1.00,    1, 0.000, 0.060, 0.100,  8
train,    564, -5.130149,   34, 1.00,    4, 0.000, 0.060, 0.100,  9
train,    565, 33.902431,   38, 1.00,    6, 0.000, 0.060, 0.100,  9
train,    566, 14.395250,   43, 0.00,    7, 0.000, 0.060, 0.100,  9
train,    567, 21.340423,   22, 1.00,    3, 0.000, 0.060, 0.100,  9
train,    568, 16.359218,   34, 0.00,    4, 0.000, 0.060, 0.100,  9
train,    569, 34.293763,   16, 1.00,    1, 0.000, 0.060, 0.100,  9
train,    570, 22.701095,   38, 1.00,    6, 0.000, 0.060, 0.100,  9
train,    571, 84.422386,   31, 0.00,    2, 0.000, 0.060, 0.100,  9
train,    572, 115.000000,   30, 1.00,    2, 0.000, 0.060, 0.100,  9
train,    573, 80.240916,   38, 1.00,    2, 0.000, 0.060, 0.100,  9
train,    574, 43.244096,   11, 1.00,    2, 0.000, 0.060, 0.100,  9
val,      574, 48.848820, 0.6108,  11.8105,   6.0225, 0.3724,   8.9023
train,    575, 74.665269,   27, 0.00,    4, 0.000, 0.060, 0.100,  9
train,    576, 115.000000,   23, 0.00,    3, 0.000, 0.060, 0.100,  9
train,    577, 46.108459,   20, 1.00,    1, 0.000, 0.060, 0.100,  9
train,    578, 115.000000,   20, 1.00,    2, 0.000, 0.060, 0.100,  9
train,    579, 113.075465,   22, 0.00,    2, 0.000, 0.060, 0.100,  9
train,    580, 115.000000,   25, 1.00,    3, 0.000, 0.060, 0.100,  9
train,    581, 88.472633,   12, 1.00,    1, 0.000, 0.060, 0.100,  9
train,    582, 57.155275,    6, 0.00,    9, 0.000, 0.060, 0.100,  9
train,    583, 63.022186,   36, 1.00,    4, 0.000, 0.060, 0.100,  9
train,    584, 80.759820,   25, 0.00,    2, 0.000, 0.060, 0.100,  9
train,    585, 43.552506,   29, 1.00,    4, 0.000, 0.060, 0.100,  9
train,    586, 61.375937,   31, 1.00,    9, 0.000, 0.060, 0.100,  9
train,    587, 95.058171,   20, 0.00,    4, 0.000, 0.060, 0.100,  9
train,    588, 62.239439,   15, 1.00,    3, 0.000, 0.060, 0.100,  9
train,    589, 115.000000,   26, 1.00,    7, 0.000, 0.060, 0.100,  9
train,    590, 61.884656,   28, 1.00,    0, 0.000, 0.060, 0.100,  9
train,    591, 96.966636,   17, 1.00,    3, 0.000, 0.060, 0.100, 10
train,    592, 36.651324,   30, 1.00,    8, 0.000, 0.060, 0.100, 10
train,    593, 73.979235,   18, 1.00,    4, 0.000, 0.060, 0.100, 10
train,    594, 51.006566,   17, 1.00,    8, 0.000, 0.060, 0.100, 10
train,    595, 31.523680,    8, 1.00,    5, 0.000, 0.060, 0.100, 10
train,    596, 97.057904,   23, 1.00,    6, 0.000, 0.060, 0.100, 10
train,    597, 54.062066,   20, 1.00,    6, 0.000, 0.060, 0.100, 10
train,    598, 60.738318,   15, 0.00,    8, 0.000, 0.060, 0.100, 10
train,    599, 65.755394,    6, 0.00,    9, 0.000, 0.060, 0.100, 10
val,      599, 68.531970, 0.5512,  20.9443,   5.8752, 0.4782,   8.6977
train,    600, 2.180019,   12, 1.00,   11, 0.000, 0.060, 0.100, 10
update,   600,   15,  559, 10.505499, 0.000000
train,    601, 42.685260,   12, 1.00,    9, 0.000, 0.060, 0.100, 10
train,    602, 5.511365,    3, 1.00,   13, 0.000, 0.060, 0.100, 10
train,    603, 12.532407,   20, 1.00,    8, 0.000, 0.060, 0.100, 10
train,    604, 15.036146,    9, 1.00,   11, 0.000, 0.060, 0.100, 10
train,    605, 14.001107,   16, 1.00,    9, 0.000, 0.060, 0.100, 10
train,    606, -0.664605,   12, 1.00,   13, 0.000, 0.060, 0.100, 10
train,    607, 15.033382,    7, 1.00,   10, 0.000, 0.060, 0.100, 10
train,    608, 26.761092,   24, 1.00,   11, 0.000, 0.060, 0.100, 10
train,    609, 0.032996,   10, 1.00,   13, 0.000, 0.060, 0.100, 11
train,    610, 4.765370,    9, 0.00,   13, 0.000, 0.060, 0.100, 11
train,    611, 2.588598,   17, 1.00,   14, 0.000, 0.060, 0.100, 11
train,    612, 34.920525,   22, 1.00,   12, 0.000, 0.060, 0.100, 11
train,    613, -15.424179,   22, 1.00,   12, 0.000, 0.060, 0.100, 11
train,    614, 39.702549,   24, 1.00,   12, 0.000, 0.060, 0.100, 11
train,    615, 19.104393,   14, 1.00,   17, 0.000, 0.060, 0.100, 11
train,    616, 2.946272,   12, 1.00,   11, 0.000, 0.060, 0.100, 11
train,    617, -6.659759,   21, 1.00,   13, 0.000, 0.060, 0.100, 11
train,    618, -13.067768,   12, 1.00,   13, 0.000, 0.060, 0.100, 11
train,    619, 10.850035,   23, 1.00,   10, 0.000, 0.060, 0.100, 11
train,    620, 5.338947,    6, 1.00,   14, 0.000, 0.060, 0.100, 11
train,    621, 2.162103,   16, 1.00,   13, 0.000, 0.060, 0.100, 11
train,    622, 12.951998,   16, 0.00,   11, 0.000, 0.060, 0.100, 11
train,    623, 26.879228,   20, 1.00,   15, 0.000, 0.060, 0.100, 11
train,    624, 11.936968,   26, 1.00,   14, 0.000, 0.060, 0.100, 11
val,      624, 49.490237, 0.3939,  14.2553,   5.9207, 0.5363,   9.8121
train,    625, -2.054693,   18, 0.00,   10, 0.000, 0.060, 0.100, 12
train,    626, -27.491009,   18, 0.00,   14, 0.000, 0.060, 0.100, 12
train,    627, 37.806144,   14, 0.00,   12, 0.000, 0.060, 0.100, 12
train,    628, -52.626296,   14, 1.00,   12, 0.000, 0.060, 0.100, 12
train,    629, 13.771743,   17, 0.00,   14, 0.000, 0.060, 0.100, 12
train,    630, 52.868342,   21, 0.00,   15, 0.000, 0.060, 0.100, 12
train,    631, 34.477957,   14, 0.00,   13, 0.000, 0.060, 0.100, 12
train,    632, 46.389499,    7, 0.00,   10, 0.000, 0.060, 0.100, 12
train,    633, 55.499870,   19, 0.00,    6, 0.000, 0.060, 0.100, 12
train,    634, 68.399322,   20, 1.00,   11, 0.000, 0.060, 0.100, 12
train,    635, 78.699223,   33, 0.00,    8, 0.000, 0.060, 0.100, 12
train,    636, 46.878092,   18, 1.00,    7, 0.000, 0.060, 0.100, 12
train,    637, 83.307969,    5, 0.00,    7, 0.000, 0.060, 0.100, 12
train,    638, 67.858773,   35, 1.00,    8, 0.000, 0.060, 0.100, 12
train,    639, 77.471330,   24, 1.00,    7, 0.000, 0.060, 0.100, 12
train,    640, 62.661422,   14, 0.00,    7, 0.000, 0.060, 0.100, 13
update,   640,   16,  544, 9.422384, 0.000000
train,    641, 115.000000,   26, 0.00,    9, 0.000, 0.060, 0.100, 13
train,    642, 115.000000,   26, 1.00,    8, 0.000, 0.060, 0.100, 13
train,    643, 115.000000,   24, 0.00,    8, 0.000, 0.060, 0.100, 13
train,    644, 115.000000,   17, 1.00,    7, 0.000, 0.060, 0.100, 13
train,    645, 115.000000,   22, 0.00,    9, 0.000, 0.060, 0.100, 13
train,    646, 75.355176,   31, 1.00,    7, 0.000, 0.060, 0.100, 13
train,    647, 115.000000,   20, 1.00,    6, 0.000, 0.060, 0.100, 13
train,    648, 90.524071,   18, 0.00,    2, 0.000, 0.060, 0.100, 13
train,    649, 115.000000,   23, 0.00,    5, 0.000, 0.060, 0.100, 13
val,      649, 6.741782, 0.4418,  26.0925,   4.9952, 0.5026,   9.8520
train,    650, 64.932094,   19, 1.00,    8, 0.000, 0.060, 0.100, 13
train,    651, 91.760610,   19, 1.00,    9, 0.000, 0.060, 0.100, 13
train,    652, 40.164457,   36, 1.00,    5, 0.000, 0.060, 0.100, 13
train,    653, -33.806387,   15, 1.00,    3, 0.000, 0.060, 0.100, 13
train,    654, 41.434804,   26, 0.00,    3, 0.000, 0.060, 0.100, 13
train,    655, 9.928449,   37, 0.00,    5, 0.000, 0.060, 0.100, 13
train,    656, 10.964185,   31, 1.00,    4, 0.000, 0.060, 0.100, 14
train,    657, 4.218553,   27, 0.00,    2, 0.000, 0.060, 0.100, 14
train,    658, 38.532862,   37, 1.00,    5, 0.000, 0.060, 0.100, 14
train,    659, 56.526338,   37, 1.00,    8, 0.000, 0.060, 0.100, 14
train,    660, 45.538279,   38, 1.00,    1, 0.000, 0.060, 0.100, 14
train,    661, -26.786784,   27, 0.00,    2, 0.000, 0.060, 0.100, 14
train,    662, 3.401524,   38, 1.00,    2, 0.000, 0.060, 0.100, 14
train,    663, 9.342932,   22, 0.00,    1, 0.000, 0.060, 0.100, 14
train,    664, -4.860647,   38, 0.00,    3, 0.000, 0.060, 0.100, 14
train,    665, -27.656525,   23, 1.00,    2, 0.000, 0.060, 0.100, 14
train,    666, 18.442506,   34, 0.00,    1, 0.000, 0.060, 0.100, 14
train,    667, -29.572296,   20, 0.00,    4, 0.000, 0.060, 0.100, 14
train,    668, -29.108600,   34, 1.00,    2, 0.000, 0.060, 0.100, 14
train,    669, 33.413037,   26, 0.00,    0, 0.000, 0.060, 0.100, 14
train,    670, -6.120494,   29, 0.00,    2, 0.000, 0.060, 0.100, 14
train,    671, -56.243914,   38, 0.00,    5, 0.000, 0.060, 0.100, 14
train,    672, -36.026649,   40, 0.00,    2, 0.000, 0.060, 0.100, 14
train,    673, -62.030918,   30, 0.00,    0, 0.000, 0.060, 0.100, 14
train,    674, -43.385479,   33, 1.00,    3, 0.000, 0.060, 0.100, 14
val,      674, -44.636918, 0.3791,  21.3588,   4.8352, 0.3800,  10.6823
train,    675, -50.532677,   28, 0.00,    4, 0.000, 0.060, 0.100, 14
train,    676, -81.656072,   30, 0.00,    1, 0.000, 0.060, 0.100, 15
train,    677, -64.268602,   24, 0.00,    4, 0.000, 0.060, 0.100, 15
train,    678, -40.212504,   27, 1.00,    3, 0.000, 0.060, 0.100, 15
train,    679, -55.474893,   46, 1.00,    5, 0.000, 0.060, 0.100, 15
train,    680, -126.957968,   28, 0.00,    1, 0.000, 0.060, 0.100, 15
update,   680,   17,  575, 12.474515, 0.000000
train,    681, -47.538096,   29, 0.00,    8, 0.000, 0.060, 0.100, 15
train,    682, -29.798576,   44, 1.00,    0, 0.000, 0.060, 0.100, 15
train,    683, -93.281379,   34, 1.00,    5, 0.000, 0.060, 0.100, 15
train,    684, -62.580587,   26, 1.00,    2, 0.000, 0.060, 0.100, 15
train,    685, 6.183516,   30, 1.00,    2, 0.000, 0.060, 0.100, 15
train,    686, -80.405107,   38, 0.00,    8, 0.000, 0.060, 0.100, 15
train,    687, -51.330151,   44, 1.00,    6, 0.000, 0.060, 0.100, 15
train,    688, -46.071451,   23, 1.00,    2, 0.000, 0.060, 0.100, 15
train,    689, -34.617729,   25, 0.00,    6, 0.000, 0.060, 0.100, 15
train,    690, -64.892723,   27, 1.00,    7, 0.000, 0.060, 0.100, 15
train,    691, -40.779231,   27, 0.00,    2, 0.000, 0.060, 0.100, 15
train,    692, -37.442931,   26, 1.00,    7, 0.000, 0.060, 0.100, 15
train,    693, -46.336632,   30, 1.00,    7, 0.000, 0.060, 0.100, 15
train,    694, -43.526489,   27, 0.00,    2, 0.000, 0.060, 0.100, 15
train,    695, -74.089565,   21, 1.00,    7, 0.000, 0.060, 0.100, 15
train,    696, -29.807999,   32, 0.00,    7, 0.000, 0.060, 0.100, 15
train,    697, -23.304096,   25, 1.00,    6, 0.000, 0.060, 0.100, 15
train,    698, 21.595974,   24, 1.00,    7, 0.000, 0.060, 0.100, 15
train,    699, 20.216657,   21, 1.00,    9, 0.000, 0.060, 0.100, 15
val,      699, -1.466802, 0.4038,  24.6056,   5.0410, 0.4007,  11.4568
train,    700, -11.325355,   32, 1.00,   10, 0.000, 0.060, 0.100, 15
train,    701, 24.807000,   17, 1.00,    9, 0.000, 0.060, 0.100, 15
train,    702, -30.206753,   29, 0.00,    9, 0.000, 0.060, 0.100, 15
train,    703, 77.938103,   20, 0.00,    9, 0.000, 0.060, 0.100, 15
train,    704, -51.211036,   35, 1.00,   10, 0.000, 0.060, 0.100, 15
train,    705, 54.751442,   26, 1.00,    9, 0.000, 0.060, 0.100, 15
train,    706, 14.248700,   26, 0.00,    6, 0.000, 0.060, 0.100, 15
train,    707, 72.358043,   17, 1.00,   10, 0.000, 0.060, 0.100, 15
train,    708, 15.912699,    6, 0.00,    8, 0.000, 0.060, 0.100, 15
train,    709, 7.204763,   21, 1.00,   11, 0.000, 0.060, 0.100, 15
train,    710, 73.078207,   19, 1.00,    9, 0.000, 0.060, 0.100, 15
train,    711, 31.197876,   12, 1.00,    9, 0.000, 0.060, 0.100, 15
train,    712, 15.614929,   36, 0.00,   12, 0.000, 0.060, 0.100, 15
train,    713, 39.977031,   35, 1.00,   14, 0.000, 0.060, 0.100, 15
train,    714, 57.167721,   33, 1.00,   11, 0.000, 0.060, 0.100, 15
train,    715, 98.984590,   16, 1.00,   13, 0.000, 0.060, 0.100, 15
train,    716, 68.169373,   18, 1.00,   14, 0.000, 0.060, 0.100, 15
train,    717, 34.231236,   17, 1.00,   10, 0.000, 0.060, 0.100, 15
train,    718, 86.678037,   18, 1.00,   10, 0.000, 0.060, 0.100, 15
train,    719, 70.146299,   13, 0.00,   10, 0.000, 0.060, 0.100, 15
train,    720, 73.539429,   17, 1.00,   16, 0.000, 0.060, 0.100, 15
update,   720,   18,  553, 8.346830, 0.000000
train,    721, 15.165053,   24, 1.00,   11, 0.000, 0.060, 0.100, 15
train,    722, 12.159233,   29, 0.00,   11, 0.000, 0.060, 0.100, 15
train,    723, 37.862293,   10, 1.00,   11, 0.000, 0.060, 0.100, 15
train,    724, -31.018716,    5, 1.00,   10, 0.000, 0.060, 0.100, 15
val,      724, 17.908995, 0.4306,  29.0541,   5.0168, 0.5742,   8.8953
train,    725, 11.814330,   23, 1.00,   13, 0.000, 0.060, 0.100, 15
train,    726, 4.752345,   16, 1.00,    9, 0.000, 0.060, 0.100, 15
train,    727, -38.911381,   20, 0.00,   11, 0.000, 0.060, 0.100, 15
train,    728, -9.708142,   19, 1.00,   12, 0.000, 0.060, 0.100, 15
train,    729, -69.194561,   28, 0.00,   13, 0.000, 0.060, 0.100, 15
train,    730, -2.160633,   14, 0.00,    7, 0.000, 0.060, 0.100, 15
train,    731, -36.815158,   16, 1.00,   14, 0.000, 0.060, 0.100, 15
train,    732, -75.681797,   24, 1.00,   12, 0.000, 0.060, 0.100, 15
train,    733, 14.036885,   21, 1.00,    9, 0.000, 0.060, 0.100, 15
train,    734, -78.403868,   15, 1.00,   13, 0.000, 0.060, 0.100, 15
train,    735, -41.670954,   14, 0.00,   13, 0.000, 0.060, 0.100, 15
train,    736, -102.187070,   21, 1.00,   10, 0.000, 0.060, 0.100, 15
train,    737, -46.525929,   15, 1.00,    7, 0.000, 0.060, 0.100, 15
train,    738, -59.352513,    3, 1.00,    6, 0.000, 0.060, 0.100, 15
train,    739, -11.389782,   22, 1.00,    9, 0.000, 0.060, 0.100, 15
train,    740, -47.104895,   17, 0.00,    6, 0.000, 0.060, 0.100, 15
train,    741, -76.367430,   14, 1.00,   10, 0.000, 0.060, 0.100, 15
train,    742, 28.519444,   19, 1.00,    5, 0.000, 0.060, 0.100, 15
train,    743, -65.314828,   27, 1.00,    7, 0.000, 0.060, 0.100, 15
train,    744, 30.239893,   15, 1.00,    8, 0.000, 0.060, 0.100, 15
train,    745, -38.607030,   17, 1.00,    7, 0.000, 0.060, 0.100, 15
train,    746, -33.863700,   22, 1.00,    5, 0.000, 0.060, 0.100, 15
train,    747, -44.821185,   17, 1.00,    9, 0.000, 0.060, 0.100, 15
train,    748, -36.722729,    9, 1.00,    5, 0.000, 0.060, 0.100, 15
train,    749, 2.595298,   22, 1.00,    4, 0.000, 0.060, 0.100, 14
val,      749, 27.841931, 0.3775,  41.6716,   4.8895, 0.5603,  10.1908
train,    750, -46.644146,   39, 1.00,    5, 0.000, 0.060, 0.100, 14
train,    751, 32.121417,   24, 1.00,    9, 0.000, 0.060, 0.100, 14
train,    752, -23.990725,   31, 1.00,    6, 0.000, 0.060, 0.100, 14
train,    753, -85.794172,   26, 1.00,    4, 0.000, 0.060, 0.100, 14
train,    754, -66.124618,   18, 1.00,    3, 0.000, 0.060, 0.100, 14
train,    755, -32.972880,   15, 1.00,    3, 0.000, 0.060, 0.100, 14
train,    756, -41.099217,   22, 1.00,    2, 0.000, 0.060, 0.100, 14
train,    757, -26.396259,   25, 1.00,    3, 0.000, 0.060, 0.100, 14
train,    758, -28.823637,   19, 1.00,    3, 0.000, 0.060, 0.100, 14
train,    759, 0.713181,   23, 1.00,    3, 0.000, 0.060, 0.100, 14
train,    760, 11.292488,   22, 0.00,    1, 0.000, 0.060, 0.100, 14
update,   760,   19,  551, 10.098971, 0.000000
train,    761, 3.936881,   28, 1.00,    3, 0.000, 0.060, 0.100, 14
train,    762, -44.057030,   23, 1.00,    2, 0.000, 0.060, 0.100, 14
train,    763, 7.644299,   29, 1.00,    4, 0.000, 0.060, 0.100, 14
train,    764, -39.778710,   21, 0.00,    0, 0.000, 0.060, 0.100, 14
train,    765, 35.122100,   29, 1.00,    3, 0.000, 0.060, 0.100, 14
train,    766, 39.994719,   21, 1.00,    3, 0.000, 0.060, 0.100, 14
train,    767, 38.466270,   33, 0.00,    1, 0.000, 0.060, 0.100, 14
train,    768, 10.492098,   35, 1.00,    1, 0.000, 0.060, 0.100, 14
train,    769, 97.782935,   27, 0.00,    1, 0.000, 0.060, 0.100, 14
train,    770, 76.650599,   38, 0.00,    4, 0.000, 0.060, 0.100, 14
train,    771, 105.922231,   23, 1.00,    2, 0.000, 0.060, 0.100, 13
train,    772, 114.811940,   33, 1.00,    4, 0.000, 0.060, 0.100, 13
train,    773, 89.632859,   37, 1.00,    3, 0.000, 0.060, 0.100, 13
train,    774, 56.752658,   28, 1.00,    2, 0.000, 0.060, 0.100, 13
val,      774, 30.113269, 0.3707,  20.5860,   4.9233, 0.4351,  11.6574
train,    775, 108.591958,   26, 0.00,    3, 0.000, 0.060, 0.100, 13
train,    776, 115.000000,   39, 1.00,    6, 0.000, 0.060, 0.100, 13
train,    777, 94.188483,   38, 0.00,    3, 0.000, 0.060, 0.100, 13
train,    778, 101.499158,   43, 0.00,    4, 0.000, 0.060, 0.100, 13
train,    779, 115.000000,   32, 0.00,    4, 0.000, 0.060, 0.100, 13
train,    780, 115.000000,   28, 0.00,    2, 0.000, 0.060, 0.100, 13
train,    781, 103.614389,   34, 1.00,    7, 0.000, 0.060, 0.100, 13
train,    782, 115.000000,   36, 0.00,    5, 0.000, 0.060, 0.100, 13
train,    783, 115.000000,   47, 0.00,    2, 0.000, 0.060, 0.100, 13
train,    784, 115.000000,   34, 1.00,    3, 0.000, 0.060, 0.100, 13
train,    785, 113.188564,   34, 1.00,    6, 0.000, 0.060, 0.100, 13
train,    786, 115.000000,   36, 0.00,    7, 0.000, 0.060, 0.100, 13
train,    787, 78.982406,   40, 1.00,    7, 0.000, 0.060, 0.100, 13
train,    788, 115.000000,   31, 0.00,    3, 0.000, 0.060, 0.100, 13
train,    789, 59.885302,   34, 1.00,    4, 0.000, 0.060, 0.100, 13
train,    790, 71.249642,   44, 0.00,    3, 0.000, 0.060, 0.100, 12
train,    791, 48.074446,   30, 0.00,    5, 0.000, 0.060, 0.100, 12
train,    792, 59.695680,   40, 1.00,    5, 0.000, 0.060, 0.100, 12
train,    793, 29.785495,   33, 0.00,   10, 0.000, 0.060, 0.100, 12
train,    794, 32.698526,   36, 0.00,    8, 0.000, 0.060, 0.100, 12
train,    795, 72.007166,   37, 0.00,    7, 0.000, 0.060, 0.100, 12
train,    796, 20.371807,   34, 0.00,    6, 0.000, 0.060, 0.100, 12
train,    797, 29.744486,   29, 0.00,    8, 0.000, 0.060, 0.100, 12
train,    798, 13.437370,   39, 0.00,    5, 0.000, 0.060, 0.100, 12
train,    799, -11.460713,   27, 0.00,    6, 0.000, 0.060, 0.100, 12
val,      799, -18.561791, 0.3546,  24.4886,   4.8375, 0.6159,  10.4024
train,    800, 11.655153,   33, 1.00,   10, 0.000, 0.060, 0.100, 12
update,   800,   20,  549, 13.560659, 0.000000
train,    801, 6.517291,   29, 1.00,    4, 0.000, 0.060, 0.100, 12
train,    802, -11.429596,   33, 0.00,    7, 0.000, 0.060, 0.100, 12
train,    803, -21.866903,   43, 0.00,    7, 0.000, 0.060, 0.100, 12
train,    804, -14.465619,   27, 0.00,   10, 0.000, 0.060, 0.100, 12
train,    805, 5.689327,   25, 1.00,    6, 0.000, 0.060, 0.100, 12
train,    806, -13.476412,   34, 0.00,   10, 0.000, 0.060, 0.100, 12
train,    807, 7.529905,   33, 0.00,   12, 0.000, 0.060, 0.100, 12
train,    808, -23.485863,   39, 0.00,   11, 0.000, 0.060, 0.100, 12
train,    809, 5.633033,   25, 1.00,   10, 0.000, 0.060, 0.100, 11
train,    810, 23.862163,   40, 0.00,   11, 0.000, 0.060, 0.100, 11
train,    811, 31.548684,   40, 0.00,   11, 0.000, 0.060, 0.100, 11
train,    812, 29.606489,   30, 0.00,   10, 0.000, 0.060, 0.100, 11
train,    813, -5.169685,   31, 0.00,   11, 0.000, 0.060, 0.100, 11
train,    814, -47.297645,   40, 0.00,   11, 0.000, 0.060, 0.100, 11
train,    815, -8.579353,   30, 0.00,    9, 0.000, 0.060, 0.100, 11
train,    816, 11.928298,   28, 1.00,   12, 0.000, 0.060, 0.100, 11
train,    817, 36.178027,   38, 0.00,   11, 0.000, 0.060, 0.100, 11
train,    818, 9.154906,   29, 0.00,    8, 0.000, 0.060, 0.100, 11
train,    819, 9.317336,   13, 1.00,   11, 0.000, 0.060, 0.100, 11
train,    820, -34.904076,   32, 1.00,   11, 0.000, 0.060, 0.100, 11
train,    821, 21.698730,   31, 0.00,   15, 0.000, 0.060, 0.100, 11
train,    822, 11.896272,   29, 1.00,   12, 0.000, 0.060, 0.100, 11
train,    823, -24.498952,   23, 1.00,    9, 0.000, 0.060, 0.100, 11
train,    824, 46.254194,   19, 1.00,   11, 0.000, 0.060, 0.100, 11
val,      824, -22.486258, 0.3995,  22.6502,   4.0432, 0.6380,  11.4530
train,    825, 48.282598,   19, 0.00,   11, 0.000, 0.060, 0.100, 11
train,    826, 13.521379,   30, 1.00,   14, 0.000, 0.060, 0.100, 11
train,    827, 15.528895,   18, 0.00,    8, 0.000, 0.060, 0.100, 11
train,    828, 26.958133,   16, 1.00,   12, 0.000, 0.060, 0.100, 11
train,    829, 22.343834,   25, 0.00,   12, 0.000, 0.060, 0.100, 11
train,    830, 31.943864,   29, 0.00,   13, 0.000, 0.060, 0.100, 11
train,    831, 4.292290,   25, 1.00,    8, 0.000, 0.060, 0.100, 11
train,    832, 22.005713,   27, 1.00,   11, 0.000, 0.060, 0.100, 11
train,    833, 40.114203,   15, 1.00,   11, 0.000, 0.060, 0.100, 11
train,    834, 45.524372,   18, 1.00,   11, 0.000, 0.060, 0.100, 11
train,    835, 53.675876,   33, 1.00,    9, 0.000, 0.060, 0.100, 10
train,    836, 96.816861,   22, 1.00,   11, 0.000, 0.060, 0.100, 10
train,    837, 92.696362,   19, 1.00,    8, 0.000, 0.060, 0.100, 10
train,    838, 82.057624,   18, 1.00,   10, 0.000, 0.060, 0.100, 10
train,    839, 19.195493,   22, 0.00,    8, 0.000, 0.060, 0.100, 10
train,    840, 28.317578,   31, 0.00,   10, 0.000, 0.060, 0.100, 10
update,   840,   21,  508, 20.221668, 0.000000
train,    841, 73.097820,   22, 1.00,    8, 0.000, 0.060, 0.100, 10
train,    842, 115.000000,   18, 1.00,    9, 0.000, 0.060, 0.100, 10
train,    843, 59.199349,    7, 1.00,    5, 0.000, 0.060, 0.100, 10
train,    844, 64.347327,   22, 0.00,    6, 0.000, 0.060, 0.100, 10
train,    845, 115.000000,    6, 0.00,   11, 0.000, 0.060, 0.100, 10
train,    846, 51.092838,   23, 1.00,    5, 0.000, 0.060, 0.100, 10
train,    847, 59.181017,   12, 0.00,    5, 0.000, 0.060, 0.100, 10
train,    848, 47.844202,   24, 0.00,    5, 0.000, 0.060, 0.100, 10
train,    849, 40.988556,   15, 1.00,    8, 0.000, 0.060, 0.100, 10
val,      849, 5.567918, 0.3900,  29.1239,   4.9507, 0.5091,  10.5069
train,    850, 52.443626,   23, 0.00,    7, 0.000, 0.060, 0.100, 10
train,    851, 101.459479,   24, 1.00,    4, 0.000, 0.060, 0.100, 10
train,    852, 57.484544,   23, 1.00,    6, 0.000, 0.060, 0.100, 10
train,    853, 74.825393,   13, 1.00,    3, 0.000, 0.060, 0.100, 10
train,    854, 22.503051,   27, 1.00,    4, 0.000, 0.060, 0.100, 10
train,    855, 55.409464,   25, 1.00,    3, 0.000, 0.060, 0.100, 10
train,    856, 38.064816,   23, 1.00,    4, 0.000, 0.060, 0.100, 10
train,    857, 33.738151,   38, 0.00,    4, 0.000, 0.060, 0.100, 10
train,    858, 38.480595,   15, 0.00,    8, 0.000, 0.060, 0.100, 10
train,    859, 32.634555,   11, 1.00,    3, 0.000, 0.060, 0.100, 10
train,    860, 6.141605,   17, 1.00,    2, 0.000, 0.060, 0.100, 10
train,    861, 25.149911,   32, 1.00,    7, 0.000, 0.060, 0.100, 10
train,    862, -0.418253,   36, 0.00,    5, 0.000, 0.060, 0.100, 10
train,    863, 7.537937,   25, 1.00,    4, 0.000, 0.060, 0.100, 10
train,    864, -53.921342,   24, 1.00,    0, 0.000, 0.060, 0.100, 10
train,    865, -27.628925,   21, 0.00,    0, 0.000, 0.060, 0.100, 10
train,    866, -62.298143,   30, 1.00,    1, 0.000, 0.060, 0.100, 10
train,    867, -48.732689,   20, 1.00,    3, 0.000, 0.060, 0.100, 10
train,    868, 11.687328,   35, 0.00,    2, 0.000, 0.060, 0.100, 10
train,    869, -23.401026,   18, 1.00,    5, 0.000, 0.060, 0.100, 10
train,    870, -31.255837,   26, 1.00,    1, 0.000, 0.060, 0.100, 10
train,    871, -70.208618,   19, 0.00,    4, 0.000, 0.060, 0.100, 10
train,    872, -48.512995,   29, 1.00,    0, 0.000, 0.060, 0.100, 10
train,    873, -56.160307,   45, 0.00,    2, 0.000, 0.060, 0.100, 10
train,    874, -69.099401,   34, 1.00,    0, 0.000, 0.060, 0.100, 10
val,      874, 6.908609, 0.5792,  22.0363,   4.7894, 0.5703,  10.7835
train,    875, -43.659374,   28, 0.00,    5, 0.000, 0.060, 0.100, 10
train,    876, -31.534081,   29, 1.00,    5, 0.000, 0.060, 0.100, 10
train,    877, -23.720115,   31, 1.00,    4, 0.000, 0.060, 0.100, 10
train,    878, -25.026934,   40, 1.00,    1, 0.000, 0.060, 0.100, 10
train,    879, -27.873676,   32, 1.00,    3, 0.000, 0.060, 0.100, 10
train,    880, -18.618712,   42, 1.00,    3, 0.000, 0.060, 0.100, 10
update,   880,   22,  485, 22.895307, 0.000000
train,    881, -24.794901,   31, 0.00,    3, 0.000, 0.060, 0.100, 10
train,    882, -26.573218,   26, 1.00,    7, 0.000, 0.060, 0.100, 10
train,    883, -50.112604,   34, 1.00,    1, 0.000, 0.060, 0.100, 11
train,    884, -21.658423,   30, 1.00,    4, 0.000, 0.060, 0.100, 11
train,    885, -22.372962,   33, 1.00,    4, 0.000, 0.060, 0.100, 11
train,    886, -1.508632,   35, 0.00,    5, 0.000, 0.060, 0.100, 11
train,    887, -37.125491,   33, 1.00,    3, 0.000, 0.060, 0.100, 11
train,    888, 14.285374,   30, 1.00,    3, 0.000, 0.060, 0.100, 11
train,    889, -58.491234,   30, 1.00,    5, 0.000, 0.060, 0.100, 11
train,    890, -26.047852,   31, 1.00,    6, 0.000, 0.060, 0.100, 11
train,    891, 2.662355,   35, 0.00,    6, 0.000, 0.060, 0.100, 11
train,    892, -45.173156,   29, 1.00,    3, 0.000, 0.060, 0.100, 11
train,    893, -12.892830,   41, 1.00,    6, 0.000, 0.060, 0.100, 11
train,    894, -12.876497,   30, 0.00,    7, 0.000, 0.060, 0.100, 11
train,    895, 15.763004,   29, 0.00,    7, 0.000, 0.060, 0.100, 11
train,    896, -9.049152,   31, 1.00,    3, 0.000, 0.060, 0.100, 11
train,    897, -0.499640,   42, 1.00,    8, 0.000, 0.060, 0.100, 11
train,    898, -28.128483,   42, 1.00,    6, 0.000, 0.060, 0.100, 11
train,    899, -23.011834,   30, 0.00,    5, 0.000, 0.060, 0.100, 11
val,      899, 56.747545, 0.4662,  29.4484,   4.1212, 0.4057,  10.4081
train,    900, 21.657121,   34, 0.00,    8, 0.000, 0.060, 0.100, 11
train,    901, 9.218168,   24, 0.00,    6, 0.000, 0.060, 0.100, 11
train,    902, 19.584793,   36, 1.00,   12, 0.000, 0.060, 0.100, 11
train,    903, 22.010857,   45, 1.00,    8, 0.000, 0.060, 0.100, 11
train,    904, -38.678086,   42, 0.00,    7, 0.000, 0.060, 0.100, 11
train,    905, 65.570438,   32, 1.00,    9, 0.000, 0.060, 0.100, 11
train,    906, 17.373598,   38, 1.00,    8, 0.000, 0.060, 0.100, 11
train,    907, 33.542471,   33, 0.00,    5, 0.000, 0.060, 0.100, 11
train,    908, 22.201946,   33, 0.00,   10, 0.000, 0.060, 0.100, 12
train,    909, 54.045782,   40, 1.00,    9, 0.000, 0.060, 0.100, 12
train,    910, 57.457480,   36, 0.00,   10, 0.000, 0.060, 0.100, 12
train,    911, 75.122674,   36, 1.00,   10, 0.000, 0.060, 0.100, 12
train,    912, 66.341430,   49, 0.00,   12, 0.000, 0.060, 0.100, 12
train,    913, 39.212432,   36, 0.00,   10, 0.000, 0.060, 0.100, 12
train,    914, 54.947932,   28, 1.00,    6, 0.000, 0.060, 0.100, 12
train,    915, 53.641570,   19, 1.00,   13, 0.000, 0.060, 0.100, 12
train,    916, 47.273527,   32, 1.00,   12, 0.000, 0.060, 0.100, 12
train,    917, 52.836084,   36, 0.00,   15, 0.000, 0.060, 0.100, 12
train,    918, 85.828409,   30, 0.00,   16, 0.000, 0.060, 0.100, 12
train,    919, 44.212245,   40, 1.00,   11, 0.000, 0.060, 0.100, 12
train,    920, 55.917389,   43, 0.00,   13, 0.000, 0.060, 0.100, 12
update,   920,   23,  548, 21.411328, 0.000000
train,    921, 51.130706,   31, 0.00,   11, 0.000, 0.060, 0.100, 12
train,    922, 14.285148,   29, 0.00,   13, 0.000, 0.060, 0.100, 12
train,    923, 61.528069,   22, 1.00,   11, 0.000, 0.060, 0.100, 12
train,    924, -10.397127,   34, 0.00,   12, 0.000, 0.060, 0.100, 12
val,      924, 37.226512, 0.3692,  43.7031,   3.9823, 0.7079,  11.9918
train,    925, 2.165543,   36, 0.00,   13, 0.000, 0.060, 0.100, 13
train,    926, -3.492556,   34, 0.00,   10, 0.000, 0.060, 0.100, 13
train,    927, -32.278898,   34, 1.00,   11, 0.000, 0.060, 0.100, 13
train,    928, -58.302687,   22, 1.00,   11, 0.000, 0.060, 0.100, 13
train,    929, -12.890219,   31, 0.00,   11, 0.000, 0.060, 0.100, 13
train,    930, 13.859884,   49, 0.00,   10, 0.000, 0.060, 0.100, 13
train,    931, -11.776897,   24, 0.00,    5, 0.000, 0.060, 0.100, 13
train,    932, -23.958522,   27, 1.00,   10, 0.000, 0.060, 0.100, 13
train,    933, -43.314696,   15, 1.00,   10, 0.000, 0.060, 0.100, 13
train,    934, -69.185283,   27, 1.00,   12, 0.000, 0.060, 0.100, 13
train,    935, -27.807122,   32, 0.00,   10, 0.000, 0.060, 0.100, 13
train,    936, -44.100454,   28, 0.00,   14, 0.000, 0.060, 0.100, 13
train,    937, -102.404078,   24, 1.00,    9, 0.000, 0.060, 0.100, 13
train,    938, -47.445172,   31, 0.00,    8, 0.000, 0.060, 0.100, 13
train,    939, -39.633093,   29, 1.00,   11, 0.000, 0.060, 0.100, 13
train,    940, -54.515323,   31, 0.00,    8, 0.000, 0.060, 0.100, 13
train,    941, 16.471919,   26, 1.00,    7, 0.000, 0.060, 0.100, 14
train,    942, -17.164947,   14, 1.00,   10, 0.000, 0.060, 0.100, 14
train,    943, -85.595488,   33, 1.00,    9, 0.000, 0.060, 0.100, 14
train,    944, -23.550812,   27, 0.00,    6, 0.000, 0.060, 0.100, 14
train,    945, -1.556804,   25, 1.00,    7, 0.000, 0.060, 0.100, 14
train,    946, -34.872254,   31, 1.00,    7, 0.000, 0.060, 0.100, 14
train,    947, -0.731045,   25, 1.00,    8, 0.000, 0.060, 0.100, 14
train,    948, -31.744898,   20, 1.00,    7, 0.000, 0.060, 0.100, 14
train,    949, -11.986049,   13, 1.00,    7, 0.000, 0.060, 0.100, 14
val,      949, 0.982647, 0.2895,  27.1754,   4.3171, 0.5222,  11.3430
train,    950, 24.581281,   21, 0.00,    5, 0.000, 0.060, 0.100, 14
train,    951, -4.284856,   19, 0.00,    5, 0.000, 0.060, 0.100, 14
train,    952, 22.696232,   15, 0.00,    6, 0.000, 0.060, 0.100, 14
train,    953, -28.531302,   21, 1.00,    5, 0.000, 0.060, 0.100, 14
train,    954, 53.148044,   12, 0.00,    5, 0.000, 0.060, 0.100, 14
train,    955, 6.381593,   30, 0.00,    7, 0.000, 0.060, 0.100, 14
train,    956, -34.955523,   26, 0.00,    1, 0.000, 0.060, 0.100, 15
train,    957, -1.717048,   16, 0.00,    0, 0.000, 0.060, 0.100, 15
train,    958, 43.877965,   20, 1.00,    4, 0.000, 0.060, 0.100, 15
train,    959, 0.343674,   23, 1.00,    7, 0.000, 0.060, 0.100, 15
train,    960, 27.323054,   11, 0.00,    4, 0.000, 0.060, 0.100, 15
update,   960,   24,  547, 12.922065, 0.000000
train,    961, 32.398971,   34, 1.00,    4, 0.000, 0.060, 0.100, 15
train,    962, 36.558942,   18, 1.00,    4, 0.000, 0.060, 0.100, 15
train,    963, 6.655980,   12, 0.00,    3, 0.000, 0.060, 0.100, 15
train,    964, 26.712616,   30, 0.00,    2, 0.000, 0.060, 0.100, 15
train,    965, -5.273988,   19, 1.00,    2, 0.000, 0.060, 0.100, 15
train,    966, 72.275823,   21, 1.00,    5, 0.000, 0.060, 0.100, 15
train,    967, 47.164804,   22, 1.00,    8, 0.000, 0.060, 0.100, 15
train,    968, 57.255045,   32, 1.00,    2, 0.000, 0.060, 0.100, 15
train,    969, 83.090723,   22, 0.00,    0, 0.000, 0.060, 0.100, 15
train,    970, 51.694293,   25, 1.00,    2, 0.000, 0.060, 0.100, 15
train,    971, 109.683171,   26, 1.00,    6, 0.000, 0.060, 0.100, 15
train,    972, 64.470022,   26, 1.00,    4, 0.000, 0.060, 0.100, 16
train,    973, 76.207059,   33, 0.00,    1, 0.000, 0.060, 0.100, 16
train,    974, 74.830192,   34, 0.00,    4, 0.000, 0.060, 0.100, 16
val,      974, 1.937673, 0.3042,  41.3160,   4.2414, 0.5407,  12.4304
train,    975, 71.038157,   24, 1.00,    0, 0.000, 0.060, 0.100, 16
train,    976, 102.229637,   27, 0.00,    3, 0.000, 0.060, 0.100, 16
train,    977, 100.447011,   22, 1.00,    0, 0.000, 0.060, 0.100, 16
train,    978, 98.735465,   31, 0.00,    6, 0.000, 0.060, 0.100, 16
train,    979, 115.000000,   19, 1.00,    1, 0.000, 0.060, 0.100, 16
train,    980, 97.179828,   33, 0.00,    4, 0.000, 0.060, 0.100, 16
train,    981, 88.128240,   30, 0.00,    3, 0.000, 0.060, 0.100, 16
train,    982, 115.000000,   30, 1.00,    2, 0.000, 0.060, 0.100, 16
train,    983, 115.000000,   20, 1.00,    5, 0.000, 0.060, 0.100, 16
train,    984, 87.851161,   24, 1.00,    3, 0.000, 0.060, 0.100, 16
train,    985, 71.379214,   23, 0.00,    4, 0.000, 0.060, 0.100, 16
train,    986, 112.535306,   25, 1.00,    2, 0.000, 0.060, 0.100, 16
train,    987, 99.954800,   35, 0.00,    5, 0.000, 0.060, 0.100, 16
train,    988, 102.299937,   32, 1.00,    5, 0.000, 0.060, 0.100, 16
train,    989, 112.588640,   40, 1.00,    4, 0.000, 0.060, 0.100, 16
train,    990, 49.785337,   40, 1.00,    9, 0.000, 0.060, 0.100, 16
train,    991, 56.999429,   33, 1.00,   11, 0.000, 0.060, 0.100, 16
train,    992, 59.081646,   38, 1.00,    5, 0.000, 0.060, 0.100, 16
train,    993, 96.908201,   41, 1.00,    5, 0.000, 0.060, 0.100, 16
train,    994, 40.266920,   37, 0.00,    7, 0.000, 0.060, 0.100, 17
train,    995, 60.517083,   30, 1.00,    5, 0.000, 0.060, 0.100, 17
train,    996, 35.014237,   42, 1.00,    5, 0.000, 0.060, 0.100, 17
train,    997, 42.855691,   34, 1.00,    9, 0.000, 0.060, 0.100, 17
train,    998, -35.594976,   43, 0.00,    6, 0.000, 0.060, 0.100, 17
train,    999, 13.281061,   28, 1.00,    4, 0.000, 0.060, 0.100, 17
val,      999, 13.417039, 0.2843,  31.3151,   3.9446, 0.4933,  12.2757
train,    1000, 22.200934,   40, 1.00,    9, 0.000, 0.060, 0.100, 17
update,   1000,   25,  511, 15.294857, 0.000000
train,    1001, -9.232397,   44, 1.00,   10, 0.000, 0.060, 0.100, 17
train,    1002, -2.319553,   34, 0.00,    6, 0.000, 0.060, 0.100, 17
train,    1003, 14.997955,   31, 1.00,    6, 0.000, 0.060, 0.100, 17
train,    1004, -4.359521,   38, 1.00,    7, 0.000, 0.060, 0.100, 17
train,    1005, 23.943173,   31, 1.00,   10, 0.000, 0.060, 0.100, 17
train,    1006, -8.683141,   46, 1.00,    8, 0.000, 0.060, 0.100, 17
train,    1007, 21.369315,   27, 1.00,   10, 0.000, 0.060, 0.100, 17
train,    1008, 6.238111,   44, 1.00,   11, 0.000, 0.060, 0.100, 17
train,    1009, -11.529110,   36, 1.00,   12, 0.000, 0.060, 0.100, 17
train,    1010, -15.953323,   35, 1.00,    4, 0.000, 0.060, 0.100, 17
train,    1011, -20.850320,   42, 1.00,    7, 0.000, 0.060, 0.100, 17
train,    1012, 33.411372,   41, 1.00,    8, 0.000, 0.060, 0.100, 17
train,    1013, -21.365094,   32, 0.00,    9, 0.000, 0.060, 0.100, 17
train,    1014, 16.618056,   27, 0.00,    6, 0.000, 0.060, 0.100, 17
train,    1015, 35.327296,   43, 1.00,   12, 0.000, 0.060, 0.100, 17
train,    1016, 60.401879,   47, 0.00,    9, 0.000, 0.060, 0.100, 17
train,    1017, 0.278738,   42, 1.00,   15, 0.000, 0.060, 0.100, 17
train,    1018, 0.862015,   48, 1.00,   10, 0.000, 0.060, 0.100, 17
train,    1019, 75.877751,   29, 1.00,   12, 0.000, 0.060, 0.100, 17
train,    1020, 19.288136,   28, 1.00,   13, 0.000, 0.060, 0.100, 17
train,    1021, 40.242202,   41, 0.00,   15, 0.000, 0.060, 0.100, 17
train,    1022, 21.035510,   28, 0.00,   11, 0.000, 0.060, 0.100, 17
train,    1023, 34.968654,   39, 1.00,   12, 0.000, 0.060, 0.100, 17
train,    1024, 40.798107,   30, 1.00,   12, 0.000, 0.060, 0.100, 17
val,      1024, 54.494447, 0.3292,  23.8419,   3.9370, 0.5618,  12.6826
train,    1025, 64.967208,   40, 0.00,   10, 0.000, 0.060, 0.100, 17
train,    1026, 5.880778,   33, 1.00,   13, 0.000, 0.060, 0.100, 17
train,    1027, 39.008255,   35, 1.00,    9, 0.000, 0.060, 0.100, 17
train,    1028, 63.659871,   27, 1.00,   11, 0.000, 0.060, 0.100, 17
train,    1029, 62.171644,   34, 0.00,    9, 0.000, 0.060, 0.100, 17
train,    1030, 25.749444,   41, 1.00,   14, 0.000, 0.060, 0.100, 17
train,    1031, 31.253759,   27, 0.00,   10, 0.000, 0.060, 0.100, 17
train,    1032, 17.343379,   31, 1.00,    9, 0.000, 0.060, 0.100, 17
train,    1033, 28.498976,   36, 1.00,   12, 0.000, 0.060, 0.100, 17
train,    1034, 56.313075,   36, 0.00,    9, 0.000, 0.060, 0.100, 17
train,    1035, 33.105783,   25, 0.00,   10, 0.000, 0.060, 0.100, 17
train,    1036, 19.841481,   27, 0.00,    7, 0.000, 0.060, 0.100, 17
train,    1037, 64.225934,   37, 1.00,   11, 0.000, 0.060, 0.100, 17
train,    1038, 79.889209,   44, 1.00,    9, 0.000, 0.060, 0.100, 17
train,    1039, 58.673860,   38, 0.00,   10, 0.000, 0.060, 0.100, 17
train,    1040, 113.585214,   19, 0.00,   10, 0.000, 0.060, 0.100, 17
update,   1040,   26,  519, 18.167838, 0.000000
train,    1041, 29.371012,   30, 1.00,    8, 0.000, 0.060, 0.100, 17
train,    1042, 47.892417,   30, 0.00,    6, 0.000, 0.060, 0.100, 17
train,    1043, 85.706707,   34, 0.00,    9, 0.000, 0.060, 0.100, 17
train,    1044, 71.121757,   35, 1.00,    9, 0.000, 0.060, 0.100, 17
train,    1045, 84.902630,   32, 1.00,    9, 0.000, 0.060, 0.100, 17
train,    1046, 42.642063,   28, 1.00,    6, 0.000, 0.060, 0.100, 17
train,    1047, 115.000000,   34, 0.00,    9, 0.000, 0.060, 0.100, 17
train,    1048, 60.855389,   29, 0.00,    8, 0.000, 0.060, 0.100, 17
train,    1049, 74.498629,   18, 0.00,    8, 0.000, 0.060, 0.100, 17
val,      1049, 58.581054, 0.2992,  25.1178,   4.4026, 0.6128,  12.1498
train,    1050, 113.283664,   33, 0.00,    8, 0.000, 0.060, 0.100, 17
train,    1051, 66.107595,   22, 1.00,    3, 0.000, 0.060, 0.100, 17
train,    1052, 73.479124,   17, 0.00,    6, 0.000, 0.060, 0.100, 17
train,    1053, 31.436469,   25, 1.00,    3, 0.000, 0.060, 0.100, 17
train,    1054, 68.910323,   28, 0.00,    2, 0.000, 0.060, 0.100, 17
train,    1055, 57.092479,   32, 0.00,    7, 0.000, 0.060, 0.100, 17
train,    1056, 65.001079,   22, 1.00,   11, 0.000, 0.060, 0.100, 17
train,    1057, 32.698684,   11, 0.00,    5, 0.000, 0.060, 0.100, 17
train,    1058, 3.015031,   16, 0.00,    4, 0.000, 0.060, 0.100, 17
train,    1059, 50.268269,   20, 1.00,    6, 0.000, 0.060, 0.100, 17
train,    1060, 10.286470,   24, 1.00,    3, 0.000, 0.060, 0.100, 16
train,    1061, 46.916428,   20, 1.00,    8, 0.000, 0.060, 0.100, 16
train,    1062, -7.769685,   26, 1.00,    2, 0.000, 0.060, 0.100, 16
train,    1063, 21.332427,   19, 1.00,    0, 0.000, 0.060, 0.100, 16
train,    1064, -22.499636,   19, 0.00,    4, 0.000, 0.060, 0.100, 16
train,    1065, -34.461976,   24, 1.00,    4, 0.000, 0.060, 0.100, 16
train,    1066, -2.963471,   10, 1.00,    3, 0.000, 0.060, 0.100, 16
train,    1067, -60.762370,   29, 0.00,    3, 0.000, 0.060, 0.100, 16
train,    1068, -28.243358,   22, 1.00,    0, 0.000, 0.060, 0.100, 16
train,    1069, -59.989707,   19, 1.00,    1, 0.000, 0.060, 0.100, 16
train,    1070, -54.854987,   19, 1.00,    1, 0.000, 0.060, 0.100, 16
train,    1071, -49.986960,   12, 0.00,    1, 0.000, 0.060, 0.100, 16
train,    1072, -64.391846,   16, 1.00,    3, 0.000, 0.060, 0.100, 16
train,    1073, -8.211446,   24, 0.00,    4, 0.000, 0.060, 0.100, 16
train,    1074, -11.039927,   29, 0.00,    4, 0.000, 0.060, 0.100, 16
val,      1074, 54.416543, 0.5467,  28.5356,   3.5607, 0.7104,  12.3286
train,    1075, -57.815716,   20, 0.00,    3, 0.000, 0.060, 0.100, 16
train,    1076, -45.847922,    9, 0.00,    0, 0.000, 0.060, 0.100, 16
train,    1077, -44.922409,   16, 0.00,    0, 0.000, 0.060, 0.100, 16
train,    1078, -1.237931,   27, 1.00,    0, 0.000, 0.060, 0.100, 16
train,    1079, -38.031457,   23, 1.00,    3, 0.000, 0.060, 0.100, 16
train,    1080, -56.804630,   33, 1.00,    2, 0.000, 0.060, 0.100, 16
update,   1080,   27,  543, 20.118521, 0.000000
train,    1081, 1.239610,   26, 1.00,    5, 0.000, 0.060, 0.100, 16
train,    1082, 2.786550,   25, 1.00,    4, 0.000, 0.060, 0.100, 16
train,    1083, -22.572195,   36, 1.00,    5, 0.000, 0.060, 0.100, 15
train,    1084, -42.663638,   25, 0.00,    3, 0.000, 0.060, 0.100, 15
train,    1085, -9.548692,   27, 1.00,    4, 0.000, 0.060, 0.100, 15
train,    1086, -15.768674,   32, 0.00,    3, 0.000, 0.060, 0.100, 15
train,    1087, 11.995660,   19, 0.00,    4, 0.000, 0.060, 0.100, 15
train,    1088, 16.425212,   31, 1.00,    4, 0.000, 0.060, 0.100, 15
train,    1089, 7.557424,   30, 0.00,    7, 0.000, 0.060, 0.100, 15
train,    1090, 41.203093,   18, 0.00,    5, 0.000, 0.060, 0.100, 15
train,    1091, -9.206411,   23, 1.00,    5, 0.000, 0.060, 0.100, 15
train,    1092, 17.650739,   28, 0.00,    9, 0.000, 0.060, 0.100, 15
train,    1093, 5.529552,   30, 1.00,    5, 0.000, 0.060, 0.100, 15
train,    1094, -26.516174,   37, 0.00,    2, 0.000, 0.060, 0.100, 15
train,    1095, 15.496152,   35, 1.00,    7, 0.000, 0.060, 0.100, 15
train,    1096, 39.148556,   34, 0.00,    8, 0.000, 0.060, 0.100, 15
train,    1097, 18.083554,   34, 1.00,    7, 0.000, 0.060, 0.100, 15
train,    1098, 26.852405,   24, 0.00,    5, 0.000, 0.060, 0.100, 15
train,    1099, -30.552691,   23, 0.00,    6, 0.000, 0.060, 0.100, 15
val,      1099, 27.583598, 0.5246,  16.7674,   4.0927, 0.6616,  11.7316
train,    1100, 28.290914,   40, 1.00,   10, 0.000, 0.060, 0.100, 15
train,    1101, 50.126847,   29, 0.00,    9, 0.000, 0.060, 0.100, 15
train,    1102, 21.272861,   33, 0.00,    4, 0.000, 0.060, 0.100, 14
train,    1103, -1.673052,   42, 1.00,   12, 0.000, 0.060, 0.100, 14
train,    1104, -17.805320,   34, 1.00,    5, 0.000, 0.060, 0.100, 14
train,    1105, 44.199337,   32, 1.00,   10, 0.000, 0.060, 0.100, 14
train,    1106, 56.116169,   33, 1.00,    9, 0.000, 0.060, 0.100, 14
train,    1107, 57.656861,   35, 0.00,    7, 0.000, 0.060, 0.100, 14
train,    1108, 21.122317,   45, 1.00,   11, 0.000, 0.060, 0.100, 14
train,    1109, 65.641535,   22, 0.00,    9, 0.000, 0.060, 0.100, 14
train,    1110, 64.788054,   24, 1.00,    9, 0.000, 0.060, 0.100, 14
train,    1111, 40.873840,   41, 0.00,   13, 0.000, 0.060, 0.100, 14
train,    1112, 36.974882,   34, 1.00,   13, 0.000, 0.060, 0.100, 14
train,    1113, 57.709469,   19, 1.00,   15, 0.000, 0.060, 0.100, 14
train,    1114, 27.442197,   41, 1.00,   12, 0.000, 0.060, 0.100, 14
train,    1115, 47.872369,   37, 1.00,   13, 0.000, 0.060, 0.100, 14
train,    1116, 67.190016,   28, 1.00,   11, 0.000, 0.060, 0.100, 14
train,    1117, 40.371372,   46, 0.00,    8, 0.000, 0.060, 0.100, 14
train,    1118, 75.290204,   35, 1.00,   13, 0.000, 0.060, 0.100, 14
train,    1119, 43.171200,   33, 1.00,   12, 0.000, 0.060, 0.100, 14
train,    1120, 42.844515,   37, 0.00,   13, 0.000, 0.060, 0.100, 14
update,   1120,   28,  560, 28.490085, 0.000000
train,    1121, 78.785968,   46, 0.00,    9, 0.000, 0.060, 0.100, 13
train,    1122, 22.320450,   38, 0.00,   11, 0.000, 0.060, 0.100, 13
train,    1123, 12.595409,   36, 0.00,    9, 0.000, 0.060, 0.100, 13
train,    1124, 15.987874,   40, 0.00,   11, 0.000, 0.060, 0.100, 13
val,      1124, 13.773382, 0.3175,  25.6503,   3.6935, 0.7459,  11.3011
train,    1125, 39.571645,   37, 1.00,    9, 0.000, 0.060, 0.100, 13
train,    1126, 13.719303,   40, 0.00,   13, 0.000, 0.060, 0.100, 13
train,    1127, 24.084869,   52, 1.00,    9, 0.000, 0.060, 0.100, 13
train,    1128, 39.394357,   45, 1.00,    9, 0.000, 0.060, 0.100, 13
train,    1129, 1.592902,   35, 0.00,    9, 0.000, 0.060, 0.100, 13
train,    1130, -15.334441,   37, 1.00,   10, 0.000, 0.060, 0.100, 13
train,    1131, -14.991629,   42, 0.00,   13, 0.000, 0.060, 0.100, 13
train,    1132, -55.422957,   44, 0.00,    8, 0.000, 0.060, 0.100, 13
train,    1133, -38.813568,   40, 0.00,   11, 0.000, 0.060, 0.100, 13
train,    1134, -18.204722,   53, 1.00,    9, 0.000, 0.060, 0.100, 13
train,    1135, -37.620658,   45, 1.00,   11, 0.000, 0.060, 0.100, 13
train,    1136, -62.152786,   35, 0.00,   10, 0.000, 0.060, 0.100, 13
train,    1137, -14.512953,   40, 1.00,   14, 0.000, 0.060, 0.100, 13
train,    1138, -49.729051,   39, 1.00,   10, 0.000, 0.060, 0.100, 13
train,    1139, -53.119258,   36, 1.00,    9, 0.000, 0.060, 0.100, 13
train,    1140, -39.347804,   34, 1.00,    8, 0.000, 0.060, 0.100, 13
train,    1141, -27.405423,   38, 1.00,    9, 0.000, 0.060, 0.100, 13
train,    1142, -61.302122,   35, 1.00,   11, 0.000, 0.060, 0.100, 13
train,    1143, -15.108213,   41, 0.00,    6, 0.000, 0.060, 0.100, 13
train,    1144, -22.636654,   32, 0.00,    9, 0.000, 0.060, 0.100, 13
train,    1145, -10.198589,   34, 1.00,    9, 0.000, 0.060, 0.100, 13
train,    1146, 27.288777,   31, 1.00,    6, 0.000, 0.060, 0.100, 12
train,    1147, -6.432780,   29, 1.00,    8, 0.000, 0.060, 0.100, 12
train,    1148, 30.001551,   41, 1.00,    5, 0.000, 0.060, 0.100, 12
train,    1149, -11.471539,   27, 0.00,    6, 0.000, 0.060, 0.100, 12
val,      1149, 11.863150, 0.2373,  37.5328,   3.3670, 0.6702,  12.4925
train,    1150, 1.076222,   36, 1.00,    4, 0.000, 0.060, 0.100, 12
train,    1151, -35.594491,   44, 0.00,    7, 0.000, 0.060, 0.100, 12
train,    1152, 10.221227,   32, 1.00,    7, 0.000, 0.060, 0.100, 12
train,    1153, 50.725529,   29, 1.00,    8, 0.000, 0.060, 0.100, 12
train,    1154, 12.650172,   44, 0.00,    8, 0.000, 0.060, 0.100, 12
train,    1155, -7.353118,   31, 1.00,    7, 0.000, 0.060, 0.100, 12
train,    1156, 107.789306,   34, 0.00,    7, 0.000, 0.060, 0.100, 12
train,    1157, 49.588988,   29, 1.00,    5, 0.000, 0.060, 0.100, 12
train,    1158, 53.417342,   21, 0.00,    2, 0.000, 0.060, 0.100, 12
train,    1159, 34.895706,   31, 0.00,    3, 0.000, 0.060, 0.100, 12
train,    1160, 47.797168,   34, 0.00,    4, 0.000, 0.060, 0.100, 12
update,   1160,   29,  528, 26.022042, 0.000000
train,    1161, 52.377460,   27, 1.00,    6, 0.000, 0.060, 0.100, 12
train,    1162, 25.391496,   20, 0.00,    8, 0.000, 0.060, 0.100, 12
train,    1163, 62.196661,   29, 0.00,    4, 0.000, 0.060, 0.100, 12
train,    1164, 27.913567,   23, 1.00,    5, 0.000, 0.060, 0.100, 12
train,    1165, 86.856723,   25, 1.00,    0, 0.000, 0.060, 0.100, 12
train,    1166, 81.823232,   32, 1.00,    3, 0.000, 0.060, 0.100, 12
train,    1167, 103.214213,   39, 0.00,    4, 0.000, 0.060, 0.100, 12
train,    1168, 58.983462,   37, 1.00,    8, 0.000, 0.060, 0.100, 12
train,    1169, 58.005265,   34, 1.00,    3, 0.000, 0.060, 0.100, 12
train,    1170, 67.529836,   29, 1.00,    5, 0.000, 0.060, 0.100, 12
train,    1171, 72.158562,   23, 0.00,    4, 0.000, 0.060, 0.100, 12
train,    1172, 92.875433,   23, 0.00,    4, 0.000, 0.060, 0.100, 12
train,    1173, 49.585038,   20, 1.00,    2, 0.000, 0.060, 0.100, 12
train,    1174, 47.401923,   39, 1.00,    3, 0.000, 0.060, 0.100, 12
val,      1174, 35.582564, 0.2811,  32.1631,   3.4366, 0.6700,  11.7006
train,    1175, 81.196847,   27, 1.00,    0, 0.000, 0.060, 0.100, 12
train,    1176, 81.344252,   30, 0.00,    3, 0.000, 0.060, 0.100, 12
train,    1177, 57.705276,   22, 1.00,    3, 0.000, 0.060, 0.100, 12
train,    1178, 85.778229,   24, 1.00,    6, 0.000, 0.060, 0.100, 12
train,    1179, 98.166582,   25, 1.00,    6, 0.000, 0.060, 0.100, 12
train,    1180, 102.465560,   24, 1.00,    6, 0.000, 0.060, 0.100, 12
train,    1181, 100.970103,   10, 0.00,    6, 0.000, 0.060, 0.100, 12
train,    1182, 107.306039,   21, 1.00,    3, 0.000, 0.060, 0.100, 12
train,    1183, 35.122037,   33, 0.00,    8, 0.000, 0.060, 0.100, 12
train,    1184, 109.946296,   36, 0.00,    5, 0.000, 0.060, 0.100, 12
train,    1185, 90.530044,   26, 1.00,    3, 0.000, 0.060, 0.100, 12
train,    1186, 86.647161,   26, 0.00,    5, 0.000, 0.060, 0.100, 12
train,    1187, 115.000000,   10, 0.00,    2, 0.000, 0.060, 0.100, 12
train,    1188, 49.952664,   22, 1.00,    5, 0.000, 0.060, 0.100, 12
train,    1189, 61.685239,   24, 1.00,    6, 0.000, 0.060, 0.100, 12
train,    1190, 61.245795,   20, 0.00,    5, 0.000, 0.060, 0.100, 12
train,    1191, 70.737398,   27, 0.00,    6, 0.000, 0.060, 0.100, 12
train,    1192, 56.305951,   22, 0.00,    5, 0.000, 0.060, 0.100, 12
train,    1193, 56.034824,   22, 0.00,    4, 0.000, 0.060, 0.100, 12
train,    1194, 58.370633,   25, 1.00,    7, 0.000, 0.060, 0.100, 12
train,    1195, 10.375373,   29, 0.00,    6, 0.000, 0.060, 0.100, 12
train,    1196, 34.599185,   22, 0.00,    6, 0.000, 0.060, 0.100, 12
train,    1197, 37.536169,   27, 0.00,    5, 0.000, 0.060, 0.100, 12
train,    1198, 9.554854,   23, 1.00,    6, 0.000, 0.060, 0.100, 12
train,    1199, 55.813569,   31, 0.00,    9, 0.000, 0.060, 0.100, 12
val,      1199, 61.206715, 0.3995,  35.5271,   3.6378, 0.6237,  12.1902
train,    1200, 34.234989,   18, 0.00,    9, 0.000, 0.060, 0.100, 12
update,   1200,   30,  589, 21.174615, 0.000000
train,    1201, 10.419407,   20, 0.00,   12, 0.000, 0.060, 0.100, 13
train,    1202, 23.295464,   23, 1.00,    6, 0.000, 0.060, 0.100, 13
train,    1203, 11.017640,   37, 0.00,   10, 0.000, 0.060, 0.100, 13
train,    1204, 7.030267,   24, 0.00,    8, 0.000, 0.060, 0.100, 13
train,    1205, -31.458607,   39, 0.00,   11, 0.000, 0.060, 0.100, 13
train,    1206, -63.087806,   40, 1.00,   11, 0.000, 0.060, 0.100, 13
train,    1207, -12.624415,   37, 0.00,    7, 0.000, 0.060, 0.100, 13
train,    1208, 11.451610,   42, 0.00,    7, 0.000, 0.060, 0.100, 13
train,    1209, -32.024743,   36, 1.00,    9, 0.000, 0.060, 0.100, 13
train,    1210, -23.750325,   23, 0.00,   12, 0.000, 0.060, 0.100, 13
train,    1211, -5.441942,   26, 0.00,   10, 0.000, 0.060, 0.100, 13
train,    1212, 41.923963,   30, 0.00,   15, 0.000, 0.060, 0.100, 13
train,    1213, 17.501471,   34, 0.00,   11, 0.000, 0.060, 0.100, 13
train,    1214, 3.218278,   41, 1.00,   12, 0.000, 0.060, 0.100, 13
train,    1215, 13.849251,   32, 0.00,    7, 0.000, 0.060, 0.100, 13
train,    1216, 21.140441,   26, 0.00,    8, 0.000, 0.060, 0.100, 13
train,    1217, 26.374255,   40, 0.00,   13, 0.000, 0.060, 0.100, 13
train,    1218, 18.682716,   22, 0.00,   12, 0.000, 0.060, 0.100, 13
train,    1219, 66.244715,   35, 0.00,    9, 0.000, 0.060, 0.100, 13
train,    1220, 22.843050,   46, 1.00,   11, 0.000, 0.060, 0.100, 13
train,    1221, 3.867003,   23, 0.00,   15, 0.000, 0.060, 0.100, 13
train,    1222, 56.737737,   38, 0.00,   16, 0.000, 0.060, 0.100, 13
train,    1223, 6.008323,   42, 0.00,   13, 0.000, 0.060, 0.100, 13
train,    1224, 46.184615,   42, 0.00,   14, 0.000, 0.060, 0.100, 14
val,      1224, 38.404037, 0.3428,  39.4150,   3.7816, 0.7173,  12.0425
train,    1225, 42.138431,   20, 0.00,   12, 0.000, 0.060, 0.100, 14
train,    1226, 33.018992,   37, 1.00,   10, 0.000, 0.060, 0.100, 14
train,    1227, 57.196139,   47, 0.00,   10, 0.000, 0.060, 0.100, 14
train,    1228, 56.772381,   45, 1.00,   12, 0.000, 0.060, 0.100, 14
train,    1229, 46.932238,   45, 1.00,   12, 0.000, 0.060, 0.100, 14
train,    1230, 55.326366,   35, 0.00,   13, 0.000, 0.060, 0.100, 14
train,    1231, 53.198822,   33, 1.00,    8, 0.000, 0.060, 0.100, 14
train,    1232, 63.540709,   38, 0.00,    6, 0.000, 0.060, 0.100, 14
train,    1233, 47.830866,   35, 1.00,   12, 0.000, 0.060, 0.100, 14
train,    1234, 86.244767,   47, 1.00,   10, 0.000, 0.060, 0.100, 14
train,    1235, 79.484998,   39, 0.00,    9, 0.000, 0.060, 0.100, 14
train,    1236, 67.910859,   38, 1.00,   10, 0.000, 0.060, 0.100, 14
train,    1237, 92.301655,   37, 1.00,   13, 0.000, 0.060, 0.100, 14
train,    1238, 60.631459,   41, 0.00,    7, 0.000, 0.060, 0.100, 14
train,    1239, 41.604987,   41, 1.00,    9, 0.000, 0.060, 0.100, 14
train,    1240, 85.527216,   54, 1.00,    9, 0.000, 0.060, 0.100, 14
update,   1240,   31,  516, 23.380315, 0.000000
train,    1241, 72.313367,   39, 1.00,    7, 0.000, 0.060, 0.100, 15
train,    1242, 45.722853,   48, 0.00,    8, 0.000, 0.060, 0.100, 15
train,    1243, 60.530918,   35, 1.00,    9, 0.000, 0.060, 0.100, 15
train,    1244, 51.294762,   35, 0.00,    7, 0.000, 0.060, 0.100, 15
train,    1245, 77.375026,   32, 1.00,    6, 0.000, 0.060, 0.100, 15
train,    1246, 55.489098,   45, 0.00,    3, 0.000, 0.060, 0.100, 15
train,    1247, 76.981584,   38, 1.00,    6, 0.000, 0.060, 0.100, 15
train,    1248, 54.812753,   35, 1.00,    7, 0.000, 0.060, 0.100, 15
train,    1249, 12.848460,   38, 0.00,    3, 0.000, 0.060, 0.100, 15
val,      1249, 9.226252, 0.2677,  28.9544,   2.8461, 0.6096,  10.7003
train,    1250, 91.389944,   37, 1.00,    6, 0.000, 0.060, 0.100, 15
train,    1251, 66.842706,   39, 1.00,    7, 0.000, 0.060, 0.100, 15
train,    1252, 92.065903,   26, 1.00,    6, 0.000, 0.060, 0.100, 15
train,    1253, 36.600895,   35, 0.00,    4, 0.000, 0.060, 0.100, 15
train,    1254, 13.609341,   45, 0.00,    4, 0.000, 0.060, 0.100, 15
train,    1255, 21.746919,   37, 1.00,    5, 0.000, 0.060, 0.100, 15
train,    1256, 43.334651,   46, 1.00,    3, 0.000, 0.060, 0.100, 15
train,    1257, 16.549202,   39, 1.00,    5, 0.000, 0.060, 0.100, 16
train,    1258, 8.023267,   39, 1.00,    3, 0.000, 0.060, 0.100, 16
train,    1259, 19.983581,   36, 1.00,    9, 0.000, 0.060, 0.100, 16
train,    1260, 0.226101,   36, 1.00,    4, 0.000, 0.060, 0.100, 16
train,    1261, 4.450750,   44, 0.00,    2, 0.000, 0.060, 0.100, 16
train,    1262, 17.286547,   38, 1.00,    6, 0.000, 0.060, 0.100, 16
train,    1263, 7.932475,   40, 1.00,    3, 0.000, 0.060, 0.100, 16
train,    1264, -64.061571,   41, 0.00,    8, 0.000, 0.060, 0.100, 16
train,    1265, -7.371929,   47, 1.00,    9, 0.000, 0.060, 0.100, 16
train,    1266, -19.811828,   32, 1.00,    2, 0.000, 0.060, 0.100, 16
train,    1267, -44.363917,   41, 1.00,    7, 0.000, 0.060, 0.100, 16
train,    1268, -22.592539,   29, 1.00,    8, 0.000, 0.060, 0.100, 16
train,    1269, -11.038853,   34, 1.00,    2, 0.000, 0.060, 0.100, 16
train,    1270, -48.834576,   24, 1.00,    0, 0.000, 0.060, 0.100, 16
train,    1271, -34.625477,   34, 0.00,    4, 0.000, 0.060, 0.100, 16
train,    1272, -82.753453,   34, 0.00,    2, 0.000, 0.060, 0.100, 17
train,    1273, -58.851074,   32, 1.00,    2, 0.000, 0.060, 0.100, 17
train,    1274, -38.671333,   28, 1.00,    5, 0.000, 0.060, 0.100, 17
val,      1274, 4.878845, 0.2952,  36.2437,   3.6451, 0.6845,  12.3843
train,    1275, -23.309989,   37, 1.00,    5, 0.000, 0.060, 0.100, 17
train,    1276, -30.979937,   27, 1.00,    5, 0.000, 0.060, 0.100, 17
train,    1277, -94.818078,   40, 1.00,    2, 0.000, 0.060, 0.100, 17
train,    1278, -47.403350,   35, 0.00,    4, 0.000, 0.060, 0.100, 17
train,    1279, -53.530133,   32, 0.00,    4, 0.000, 0.060, 0.100, 17
train,    1280, -26.243427,   34, 1.00,    4, 0.000, 0.060, 0.100, 17
update,   1280,   32,  544, 23.894720, 0.000000
train,    1281, -70.517183,   42, 1.00,    2, 0.000, 0.060, 0.100, 17
train,    1282, -71.278864,   20, 1.00,    6, 0.000, 0.060, 0.100, 17
train,    1283, -26.799314,   31, 1.00,    4, 0.000, 0.060, 0.100, 17
train,    1284, -38.926708,   22, 0.00,    9, 0.000, 0.060, 0.100, 17
train,    1285, -37.278606,   22, 1.00,    8, 0.000, 0.060, 0.100, 17
train,    1286, 9.299269,   21, 1.00,    3, 0.000, 0.060, 0.100, 17
train,    1287, 18.544365,   24, 1.00,    5, 0.000, 0.060, 0.100, 17
train,    1288, 19.967759,   13, 1.00,    3, 0.000, 0.060, 0.100, 17
train,    1289, 31.811010,   30, 1.00,    9, 0.000, 0.060, 0.100, 18
train,    1290, 4.796204,   22, 1.00,    1, 0.000, 0.060, 0.100, 18
train,    1291, 41.556348,   25, 1.00,    6, 0.000, 0.060, 0.100, 18
train,    1292, -15.975336,   17, 1.00,    3, 0.000, 0.060, 0.100, 18
train,    1293, 33.470735,   29, 0.00,    7, 0.000, 0.060, 0.100, 18
train,    1294, 24.328112,   24, 1.00,    7, 0.000, 0.060, 0.100, 18
train,    1295, 34.670471,   32, 0.00,    6, 0.000, 0.060, 0.100, 18
train,    1296, 52.584862,   20, 0.00,    6, 0.000, 0.060, 0.100, 18
train,    1297, 58.192052,   26, 1.00,    6, 0.000, 0.060, 0.100, 18
train,    1298, 41.799681,   26, 1.00,    7, 0.000, 0.060, 0.100, 18
train,    1299, 57.989438,   23, 1.00,    3, 0.000, 0.060, 0.100, 18
val,      1299, 2.916851, 0.2956,  21.2384,   3.0337, 0.7087,  13.4467
train,    1300, 52.883969,   22, 1.00,    7, 0.000, 0.060, 0.100, 18
train,    1301, 67.820705,   30, 1.00,    7, 0.000, 0.060, 0.100, 18
train,    1302, 44.010162,   25, 1.00,    7, 0.000, 0.060, 0.100, 18
train,    1303, 46.284366,   32, 1.00,    8, 0.000, 0.060, 0.100, 18
train,    1304, 6.615061,   26, 1.00,    9, 0.000, 0.060, 0.100, 18
train,    1305, 45.296151,   19, 0.00,    9, 0.000, 0.060, 0.100, 18
train,    1306, 38.444116,   34, 0.00,    9, 0.000, 0.060, 0.100, 18
train,    1307, 30.493523,   26, 1.00,   10, 0.000, 0.060, 0.100, 18
train,    1308, 74.216450,   29, 0.00,   12, 0.000, 0.060, 0.100, 18
train,    1309, 69.091898,   32, 0.00,   10, 0.000, 0.060, 0.100, 18
train,    1310, 38.525616,   24, 1.00,   11, 0.000, 0.060, 0.100, 18
train,    1311, -22.427597,   37, 0.00,    7, 0.000, 0.060, 0.100, 19
train,    1312, 49.340547,   24, 1.00,    8, 0.000, 0.060, 0.100, 19
train,    1313, 29.958895,   34, 0.00,    8, 0.000, 0.060, 0.100, 19
train,    1314, 57.243680,   16, 0.00,    9, 0.000, 0.060, 0.100, 19
train,    1315, 42.410413,   39, 0.00,   13, 0.000, 0.060, 0.100, 19
train,    1316, 38.559884,   23, 0.00,   11, 0.000, 0.060, 0.100, 19
train,    1317, 70.984961,   34, 0.00,   13, 0.000, 0.060, 0.100, 19
train,    1318, 46.516325,   49, 1.00,   12, 0.000, 0.060, 0.100, 19
train,    1319, 6.956929,   22, 1.00,   10, 0.000, 0.060, 0.100, 19
train,    1320, 35.675385,   34, 0.00,    7, 0.000, 0.060, 0.100, 19
update,   1320,   33,  556, 21.270378, 0.000000
train,    1321, 36.893806,   35, 1.00,    9, 0.000, 0.060, 0.100, 19
train,    1322, 32.379718,   23, 0.00,    9, 0.000, 0.060, 0.100, 19
train,    1323, 39.357610,   27, 0.00,   10, 0.000, 0.060, 0.100, 19
train,    1324, 70.231341,   45, 1.00,   12, 0.000, 0.060, 0.100, 19
val,      1324, 30.958308, 0.3842,  30.9058,   2.7795, 0.5474,  12.6527
train,    1325, 23.020580,   37, 0.00,   15, 0.000, 0.060, 0.100, 19
train,    1326, 16.909703,   35, 0.00,   12, 0.000, 0.060, 0.100, 19
train,    1327, 33.422890,   43, 0.00,   10, 0.000, 0.060, 0.100, 19
train,    1328, 6.955761,   21, 0.00,   14, 0.000, 0.060, 0.100, 19
train,    1329, 17.479907,   41, 0.00,   10, 0.000, 0.060, 0.100, 19
train,    1330, -22.737497,   31, 1.00,   11, 0.000, 0.060, 0.100, 19
train,    1331, 28.296855,   37, 1.00,    8, 0.000, 0.060, 0.100, 19
train,    1332, -7.613028,   35, 0.00,    9, 0.000, 0.060, 0.100, 19
train,    1333, 1.055869,   32, 1.00,   11, 0.000, 0.060, 0.100, 19
train,    1334, -7.439179,   39, 0.00,   15, 0.000, 0.060, 0.100, 19
train,    1335, -12.604781,   47, 1.00,   11, 0.000, 0.060, 0.100, 19
train,    1336, -58.094083,   41, 1.00,   13, 0.000, 0.060, 0.100, 19
train,    1337, -19.704290,   39, 0.00,   10, 0.000, 0.060, 0.100, 19
train,    1338, -40.170033,   39, 0.00,    9, 0.000, 0.060, 0.100, 19
train,    1339, -5.048640,   37, 0.00,    9, 0.000, 0.060, 0.100, 19
train,    1340, -42.088142,   52, 0.00,   10, 0.000, 0.060, 0.100, 19
train,    1341, 11.486674,   48, 0.00,    7, 0.000, 0.060, 0.100, 19
train,    1342, -37.337767,   46, 0.00,    9, 0.000, 0.060, 0.100, 19
train,    1343, 23.716945,   42, 0.00,    8, 0.000, 0.060, 0.100, 19
train,    1344, -41.326026,   51, 0.00,    5, 0.000, 0.060, 0.100, 19
train,    1345, -7.523952,   33, 0.00,    6, 0.000, 0.060, 0.100, 19
train,    1346, -23.098504,   50, 0.00,    8, 0.000, 0.060, 0.100, 19
train,    1347, 22.866834,   46, 0.00,    6, 0.000, 0.060, 0.100, 19
train,    1348, 25.431777,   45, 1.00,    7, 0.000, 0.060, 0.100, 19
train,    1349, 27.814578,   46, 0.00,    5, 0.000, 0.060, 0.100, 19
val,      1349, 54.615623, 0.3579,  31.4187,   2.9646, 0.6986,  13.0145
train,    1350, 24.678276,   40, 0.00,    9, 0.000, 0.060, 0.100, 19
train,    1351, 29.249197,   50, 0.00,    9, 0.000, 0.060, 0.100, 19
train,    1352, 63.889483,   41, 0.00,    8, 0.000, 0.060, 0.100, 19
train,    1353, 26.671713,   42, 1.00,    7, 0.000, 0.060, 0.100, 19
train,    1354, 36.762061,   42, 0.00,    5, 0.000, 0.060, 0.100, 19
train,    1355, 56.086880,   30, 0.00,    2, 0.000, 0.060, 0.100, 19
train,    1356, 73.182230,   35, 0.00,    4, 0.000, 0.060, 0.100, 19
train,    1357, 84.372017,   44, 0.00,    2, 0.000, 0.060, 0.100, 19
train,    1358, 55.918884,   31, 1.00,    4, 0.000, 0.060, 0.100, 19
train,    1359, 82.246727,   50, 1.00,    3, 0.000, 0.060, 0.100, 19
train,    1360, 59.701593,   43, 0.00,    2, 0.000, 0.060, 0.100, 19
update,   1360,   34,  531, 28.889347, 0.000000
train,    1361, 93.849357,   44, 0.00,    7, 0.000, 0.060, 0.100, 19
train,    1362, 98.614084,   37, 0.00,    5, 0.000, 0.060, 0.100, 19
train,    1363, 60.019337,   28, 0.00,    1, 0.000, 0.060, 0.100, 19
train,    1364, 63.682623,   33, 1.00,    8, 0.000, 0.060, 0.100, 19
train,    1365, 62.870587,   36, 0.00,    1, 0.000, 0.060, 0.100, 19
train,    1366, 106.009654,   41, 0.00,    4, 0.000, 0.060, 0.100, 19
train,    1367, 81.244108,   36, 0.00,    2, 0.000, 0.060, 0.100, 19
train,    1368, 54.898801,   24, 1.00,    7, 0.000, 0.060, 0.100, 19
train,    1369, 78.446011,   41, 1.00,    0, 0.000, 0.060, 0.100, 19
train,    1370, 79.496561,   40, 0.00,    5, 0.000, 0.060, 0.100, 19
train,    1371, 76.937446,   22, 0.00,    3, 0.000, 0.060, 0.100, 18
train,    1372, 101.953694,   31, 0.00,    1, 0.000, 0.060, 0.100, 18
train,    1373, 77.302681,   44, 0.00,    3, 0.000, 0.060, 0.100, 18
train,    1374, 81.512125,   27, 0.00,    3, 0.000, 0.060, 0.100, 18
val,      1374, 37.086561, 0.2292,  22.0414,   2.9710, 0.6781,  12.7218
train,    1375, 72.738219,   49, 1.00,    3, 0.000, 0.060, 0.100, 18
train,    1376, 98.994902,   30, 0.00,    1, 0.000, 0.060, 0.100, 18
train,    1377, 59.130348,   33, 1.00,    4, 0.000, 0.060, 0.100, 18
train,    1378, 80.255976,   50, 0.00,    2, 0.000, 0.060, 0.100, 18
train,    1379, 85.324634,   37, 0.00,    2, 0.000, 0.060, 0.100, 18
train,    1380, 65.080351,   42, 0.00,    4, 0.000, 0.060, 0.100, 18
train,    1381, 73.041972,   39, 0.00,    2, 0.000, 0.060, 0.100, 18
train,    1382, 71.418205,   34, 1.00,    1, 0.000, 0.060, 0.100, 18
train,    1383, 87.404026,   52, 1.00,    6, 0.000, 0.060, 0.100, 18
train,    1384, 71.171794,   31, 0.00,    3, 0.000, 0.060, 0.100, 18
train,    1385, 79.681187,   32, 1.00,    3, 0.000, 0.060, 0.100, 18
train,    1386, 65.920055,   32, 1.00,    8, 0.000, 0.060, 0.100, 18
train,    1387, 47.174418,   47, 1.00,    3, 0.000, 0.060, 0.100, 18
train,    1388, 93.353365,   26, 0.00,    6, 0.000, 0.060, 0.100, 18
train,    1389, 74.772444,   34, 0.00,    8, 0.000, 0.060, 0.100, 18
train,    1390, 102.793039,   35, 1.00,    6, 0.000, 0.060, 0.100, 18
train,    1391, 62.715628,   39, 0.00,    5, 0.000, 0.060, 0.100, 18
train,    1392, 25.935855,   36, 0.00,    5, 0.000, 0.060, 0.100, 18
train,    1393, 38.210029,   33, 1.00,   10, 0.000, 0.060, 0.100, 18
train,    1394, 24.635123,   34, 1.00,    7, 0.000, 0.060, 0.100, 18
train,    1395, 14.524244,   29, 1.00,    8, 0.000, 0.060, 0.100, 17
train,    1396, 6.842870,   43, 1.00,    3, 0.000, 0.060, 0.100, 17
train,    1397, 35.893777,   23, 1.00,    7, 0.000, 0.060, 0.100, 17
train,    1398, 37.146373,   23, 0.00,    7, 0.000, 0.060, 0.100, 17
train,    1399, 15.193818,   35, 0.00,    8, 0.000, 0.060, 0.100, 17
val,      1399, 25.153886, 0.2285,  29.4313,   3.0938, 0.6844,  13.3651
train,    1400, 24.457312,   27, 1.00,    7, 0.000, 0.060, 0.100, 17
update,   1400,   35,  516, 27.721698, 0.000000
train,    1401, 28.221070,   28, 1.00,    5, 0.000, 0.060, 0.100, 17
train,    1402, 12.056784,   26, 1.00,    4, 0.000, 0.060, 0.100, 17
train,    1403, 23.220720,   30, 1.00,    6, 0.000, 0.060, 0.100, 17
train,    1404, 12.052969,   27, 0.00,   10, 0.000, 0.060, 0.100, 17
train,    1405, -6.231244,   27, 1.00,   14, 0.000, 0.060, 0.100, 17
train,    1406, -4.831244,   25, 0.00,    7, 0.000, 0.060, 0.100, 17
train,    1407, -40.081733,   16, 1.00,    7, 0.000, 0.060, 0.100, 17
train,    1408, -22.854795,   18, 0.00,    9, 0.000, 0.060, 0.100, 17
train,    1409, -6.622687,   37, 1.00,    9, 0.000, 0.060, 0.100, 17
train,    1410, 1.593070,   32, 1.00,    9, 0.000, 0.060, 0.100, 17
train,    1411, 11.232673,   17, 1.00,    9, 0.000, 0.060, 0.100, 17
train,    1412, 9.057930,   33, 1.00,   10, 0.000, 0.060, 0.100, 17
train,    1413, -11.853202,   23, 1.00,    8, 0.000, 0.060, 0.100, 17
train,    1414, 21.712279,   29, 1.00,   10, 0.000, 0.060, 0.100, 16
train,    1415, 8.680413,   31, 1.00,   13, 0.000, 0.060, 0.100, 16
train,    1416, 34.118243,   17, 1.00,   11, 0.000, 0.060, 0.100, 16
train,    1417, 41.268890,   33, 1.00,    7, 0.000, 0.060, 0.100, 16
train,    1418, -11.968030,   17, 1.00,   10, 0.000, 0.060, 0.100, 16
train,    1419, 83.318104,   25, 1.00,   11, 0.000, 0.060, 0.100, 16
train,    1420, 53.458512,   24, 1.00,   12, 0.000, 0.060, 0.100, 16
train,    1421, 5.340895,   22, 1.00,   11, 0.000, 0.060, 0.100, 16
train,    1422, 67.328759,   31, 1.00,   10, 0.000, 0.060, 0.100, 16
train,    1423, 66.774282,   31, 1.00,   11, 0.000, 0.060, 0.100, 16
train,    1424, 84.010890,   34, 0.00,   13, 0.000, 0.060, 0.100, 16
val,      1424, 18.628431, 0.3152,  34.4148,   2.7748, 0.6889,  12.9274
train,    1425, 51.437243,   36, 1.00,    9, 0.000, 0.060, 0.100, 16
train,    1426, 44.929725,   37, 0.00,    7, 0.000, 0.060, 0.100, 16
train,    1427, 92.904319,   24, 1.00,    7, 0.000, 0.060, 0.100, 16
train,    1428, 59.118855,   27, 0.00,   14, 0.000, 0.060, 0.100, 16
train,    1429, 72.545884,   30, 0.00,   13, 0.000, 0.060, 0.100, 16
train,    1430, 93.211742,   24, 1.00,   10, 0.000, 0.060, 0.100, 16
train,    1431, 67.911248,   35, 0.00,    9, 0.000, 0.060, 0.100, 16
train,    1432, 79.332529,   28, 0.00,   11, 0.000, 0.060, 0.100, 16
train,    1433, 61.234222,   35, 1.00,   13, 0.000, 0.060, 0.100, 15
train,    1434, 82.656295,   36, 1.00,    9, 0.000, 0.060, 0.100, 15
train,    1435, 81.158890,   49, 0.00,    9, 0.000, 0.060, 0.100, 15
train,    1436, 53.695571,   38, 1.00,   11, 0.000, 0.060, 0.100, 15
train,    1437, 87.590669,   33, 1.00,    8, 0.000, 0.060, 0.100, 15
train,    1438, 61.157486,   40, 0.00,   10, 0.000, 0.060, 0.100, 15
train,    1439, 47.866929,   37, 1.00,   11, 0.000, 0.060, 0.100, 15
train,    1440, 56.504677,   28, 1.00,   10, 0.000, 0.060, 0.100, 15
update,   1440,   36,  518, 27.225704, 0.000000
train,    1441, 51.523232,   41, 1.00,   12, 0.000, 0.060, 0.100, 15
train,    1442, 35.258861,   32, 1.00,    5, 0.000, 0.060, 0.100, 15
train,    1443, 46.814019,   50, 1.00,    9, 0.000, 0.060, 0.100, 15
train,    1444, 51.458145,   42, 1.00,    8, 0.000, 0.060, 0.100, 15
train,    1445, 24.044275,   37, 1.00,    9, 0.000, 0.060, 0.100, 15
train,    1446, 12.295247,   34, 0.00,    7, 0.000, 0.060, 0.100, 15
train,    1447, 51.737491,   43, 0.00,    4, 0.000, 0.060, 0.100, 15
train,    1448, 67.989411,   36, 0.00,    8, 0.000, 0.060, 0.100, 15
train,    1449, 32.517373,   42, 0.00,    6, 0.000, 0.060, 0.100, 15
val,      1449, 27.596794, 0.2907,  34.7708,   2.8981, 0.6711,  13.0806
train,    1450, 49.423978,   31, 1.00,    7, 0.000, 0.060, 0.100, 15
train,    1451, 30.400316,   43, 0.00,    2, 0.000, 0.060, 0.100, 15
train,    1452, 21.308478,   49, 1.00,    8, 0.000, 0.060, 0.100, 15
train,    1453, 43.105410,   39, 1.00,    5, 0.000, 0.060, 0.100, 15
train,    1454, 11.516662,   47, 1.00,    6, 0.000, 0.060, 0.100, 15
train,    1455, 2.739373,   33, 0.00,    7, 0.000, 0.060, 0.100, 15
train,    1456, 25.192301,   46, 0.00,    5, 0.000, 0.060, 0.100, 14
train,    1457, 20.259249,   36, 0.00,    6, 0.000, 0.060, 0.100, 14
train,    1458, 11.679810,   43, 0.00,    3, 0.000, 0.060, 0.100, 14
train,    1459, 5.694559,   49, 0.00,    6, 0.000, 0.060, 0.100, 14
train,    1460, 23.178867,   42, 1.00,    6, 0.000, 0.060, 0.100, 14
train,    1461, 19.310784,   39, 0.00,    6, 0.000, 0.060, 0.100, 14
train,    1462, -5.281897,   42, 0.00,   10, 0.000, 0.060, 0.100, 14
train,    1463, -18.377442,   40, 0.00,    4, 0.000, 0.060, 0.100, 14
train,    1464, 16.939927,   46, 1.00,    4, 0.000, 0.060, 0.100, 14
train,    1465, -28.481588,   34, 0.00,    3, 0.000, 0.060, 0.100, 14
train,    1466, -25.986571,   45, 0.00,    3, 0.000, 0.060, 0.100, 14
train,    1467, -63.430428,   50, 0.00,    4, 0.000, 0.060, 0.100, 14
train,    1468, -29.160075,   38, 0.00,    4, 0.000, 0.060, 0.100, 14
train,    1469, -28.562984,   36, 1.00,    4, 0.000, 0.060, 0.100, 14
train,    1470, -26.568152,   46, 1.00,    2, 0.000, 0.060, 0.100, 14
train,    1471, -58.135066,   48, 0.00,    6, 0.000, 0.060, 0.100, 14
train,    1472, -35.902681,   41, 0.00,    3, 0.000, 0.060, 0.100, 14
train,    1473, -57.358076,   47, 0.00,    1, 0.000, 0.060, 0.100, 14
train,    1474, -45.341935,   40, 0.00,    5, 0.000, 0.060, 0.100, 14
val,      1474, 53.867406, 0.2813,  34.4366,   2.9940, 0.6450,  13.0615
train,    1475, -9.119905,   38, 1.00,    1, 0.000, 0.060, 0.100, 14
train,    1476, -50.701880,   45, 0.00,    3, 0.000, 0.060, 0.100, 14
train,    1477, -11.394178,   36, 1.00,    1, 0.000, 0.060, 0.100, 14
train,    1478, -31.013620,   35, 1.00,    4, 0.000, 0.060, 0.100, 14
train,    1479, -54.358244,   36, 0.00,    5, 0.000, 0.060, 0.100, 14
train,    1480, -49.808214,   41, 1.00,    0, 0.000, 0.060, 0.100, 14
update,   1480,   37,  524, 29.002876, 0.000000
train,    1481, -52.898521,   41, 0.00,    2, 0.000, 0.060, 0.100, 14
train,    1482, -20.310921,   42, 0.00,    5, 0.000, 0.060, 0.100, 14
train,    1483, -16.499630,   39, 0.00,    0, 0.000, 0.060, 0.100, 14
train,    1484, -40.907088,   38, 0.00,    5, 0.000, 0.060, 0.100, 14
train,    1485, 22.135777,   33, 1.00,    4, 0.000, 0.060, 0.100, 14
train,    1486, -13.223948,   37, 0.00,    7, 0.000, 0.060, 0.100, 14
train,    1487, 13.845995,   48, 0.00,    4, 0.000, 0.060, 0.100, 14
train,    1488, 27.056673,   25, 0.00,    5, 0.000, 0.060, 0.100, 14
train,    1489, 41.857720,   34, 0.00,    4, 0.000, 0.060, 0.100, 14
train,    1490, 20.173539,   36, 0.00,    3, 0.000, 0.060, 0.100, 14
train,    1491, 21.075576,   30, 0.00,    5, 0.000, 0.060, 0.100, 14
train,    1492, 40.117441,   42, 0.00,    6, 0.000, 0.060, 0.100, 14
train,    1493, 40.544965,   39, 1.00,    6, 0.000, 0.060, 0.100, 14
train,    1494, 28.640970,   34, 1.00,    4, 0.000, 0.060, 0.100, 14
train,    1495, 35.253960,   42, 0.00,    6, 0.000, 0.060, 0.100, 14
train,    1496, 48.266612,   25, 1.00,    7, 0.000, 0.060, 0.100, 14
train,    1497, 31.117974,   47, 1.00,    8, 0.000, 0.060, 0.100, 14
train,    1498, 51.247436,   33, 0.00,    5, 0.000, 0.060, 0.100, 14
train,    1499, 73.911577,   42, 0.00,    6, 0.000, 0.060, 0.100, 14
val,      1499, 61.053688, 0.2737,  27.6957,   2.7174, 0.6406,  13.4014
train,    1500, 79.244682,   34, 0.00,    6, 0.000, 0.060, 0.100, 14
train,    1501, 46.329920,   36, 0.00,    8, 0.000, 0.060, 0.100, 14
train,    1502, 51.603084,   47, 0.00,    9, 0.000, 0.060, 0.100, 14
train,    1503, 63.236974,   46, 1.00,    8, 0.000, 0.060, 0.100, 14
train,    1504, 71.402060,   37, 0.00,    7, 0.000, 0.060, 0.100, 14
train,    1505, 11.077443,   42, 0.00,    9, 0.000, 0.060, 0.100, 14
train,    1506, 50.090180,   39, 0.00,   10, 0.000, 0.060, 0.100, 14
train,    1507, 49.469077,   28, 0.00,    8, 0.000, 0.060, 0.100, 14
train,    1508, 41.884621,   35, 0.00,    7, 0.000, 0.060, 0.100, 14
train,    1509, 46.907121,   33, 0.00,   10, 0.000, 0.060, 0.100, 14
train,    1510, 59.547343,   38, 1.00,   10, 0.000, 0.060, 0.100, 14
train,    1511, 33.308831,   38, 0.00,   11, 0.000, 0.060, 0.100, 14
train,    1512, 59.484598,   29, 0.00,    8, 0.000, 0.060, 0.100, 14
train,    1513, 21.597716,   38, 0.00,    7, 0.000, 0.060, 0.100, 14
train,    1514, 10.328719,   40, 1.00,   10, 0.000, 0.060, 0.100, 14
train,    1515, 40.704556,   30, 1.00,    8, 0.000, 0.060, 0.100, 14
train,    1516, 46.287255,   25, 0.00,   12, 0.000, 0.060, 0.100, 14
train,    1517, 9.580724,   26, 1.00,    9, 0.000, 0.060, 0.100, 14
train,    1518, 41.222312,   22, 0.00,   11, 0.000, 0.060, 0.100, 14
train,    1519, -6.410553,   22, 1.00,   11, 0.000, 0.060, 0.100, 15
train,    1520, -4.283096,   28, 0.00,   10, 0.000, 0.060, 0.100, 15
update,   1520,   38,  585, 24.091006, 0.000000
train,    1521, 17.811039,   30, 1.00,   11, 0.000, 0.060, 0.100, 15
train,    1522, 32.969931,   32, 0.00,   13, 0.000, 0.060, 0.100, 15
train,    1523, 17.098290,   33, 1.00,   12, 0.000, 0.060, 0.100, 15
train,    1524, 25.307406,   30, 0.00,   14, 0.000, 0.060, 0.100, 15
val,      1524, 56.362028, 0.2144,  29.1669,   2.4216, 0.6484,  12.2458
train,    1525, 41.614772,   29, 1.00,   11, 0.000, 0.060, 0.100, 15
train,    1526, -8.261670,   23, 0.00,    8, 0.000, 0.060, 0.100, 15
train,    1527, -17.417156,   28, 0.00,   13, 0.000, 0.060, 0.100, 15
train,    1528, 20.217990,   19, 1.00,   11, 0.000, 0.060, 0.100, 15
train,    1529, -0.385613,   38, 0.00,   13, 0.000, 0.060, 0.100, 15
train,    1530, 20.308919,   40, 1.00,   11, 0.000, 0.060, 0.100, 15
train,    1531, 8.587721,   25, 0.00,    9, 0.000, 0.060, 0.100, 15
train,    1532, -32.077863,   28, 1.00,    8, 0.000, 0.060, 0.100, 15
train,    1533, 18.596736,   29, 0.00,    9, 0.000, 0.060, 0.100, 15
train,    1534, -6.557028,   25, 1.00,    8, 0.000, 0.060, 0.100, 15
train,    1535, -16.974834,   30, 0.00,    7, 0.000, 0.060, 0.100, 15
train,    1536, 6.676426,   31, 0.00,   11, 0.000, 0.060, 0.100, 15
train,    1537, 20.658671,   41, 0.00,    8, 0.000, 0.060, 0.100, 15
train,    1538, 1.977916,   39, 0.00,    9, 0.000, 0.060, 0.100, 15
train,    1539, -21.927298,   42, 1.00,    8, 0.000, 0.060, 0.100, 15
train,    1540, -16.499471,   28, 0.00,   10, 0.000, 0.060, 0.100, 16
train,    1541, -29.647473,   32, 1.00,   10, 0.000, 0.060, 0.100, 16
train,    1542, -19.186590,   35, 1.00,   11, 0.000, 0.060, 0.100, 16
train,    1543, -30.589595,   32, 1.00,    9, 0.000, 0.060, 0.100, 16
train,    1544, -41.537813,   35, 1.00,    8, 0.000, 0.060, 0.100, 16
train,    1545, -20.711102,   48, 1.00,    7, 0.000, 0.060, 0.100, 16
train,    1546, -48.796357,   27, 1.00,   12, 0.000, 0.060, 0.100, 16
train,    1547, -3.900534,   32, 0.00,    7, 0.000, 0.060, 0.100, 16
train,    1548, -0.598025,   41, 0.00,    5, 0.000, 0.060, 0.100, 16
train,    1549, -2.774258,   30, 0.00,    8, 0.000, 0.060, 0.100, 16
val,      1549, 38.053368, 0.3171,  29.2911,   2.6084, 0.7228,  12.8126
train,    1550, 47.532732,   35, 1.00,    7, 0.000, 0.060, 0.100, 16
train,    1551, -2.863305,   42, 1.00,    8, 0.000, 0.060, 0.100, 16
train,    1552, 21.804403,   32, 0.00,    5, 0.000, 0.060, 0.100, 16
train,    1553, 64.668106,   37, 0.00,    5, 0.000, 0.060, 0.100, 16
train,    1554, 39.079557,   44, 1.00,    4, 0.000, 0.060, 0.100, 16
train,    1555, 45.347244,   46, 0.00,    5, 0.000, 0.060, 0.100, 16
train,    1556, 97.098604,   46, 1.00,    7, 0.000, 0.060, 0.100, 16
train,    1557, 72.264247,   42, 1.00,    5, 0.000, 0.060, 0.100, 17
train,    1558, 74.846615,   46, 0.00,    3, 0.000, 0.060, 0.100, 17
train,    1559, 91.217423,   36, 1.00,    6, 0.000, 0.060, 0.100, 17
train,    1560, 67.134023,   50, 0.00,    4, 0.000, 0.060, 0.100, 17
update,   1560,   39,  554, 20.634275, 0.000000
train,    1561, 88.437167,   35, 0.00,    3, 0.000, 0.060, 0.100, 17
train,    1562, 75.002913,   42, 1.00,    6, 0.000, 0.060, 0.100, 17
train,    1563, 103.980547,   46, 1.00,    3, 0.000, 0.060, 0.100, 17
train,    1564, 94.779483,   42, 1.00,    5, 0.000, 0.060, 0.100, 17
train,    1565, 115.000000,   49, 1.00,    0, 0.000, 0.060, 0.100, 17
train,    1566, 87.621377,   34, 0.00,    6, 0.000, 0.060, 0.100, 17
train,    1567, 94.282548,   44, 0.00,    4, 0.000, 0.060, 0.100, 17
train,    1568, 67.161508,   49, 1.00,    4, 0.000, 0.060, 0.100, 17
train,    1569, 101.318757,   49, 1.00,    3, 0.000, 0.060, 0.100, 17
train,    1570, 82.993058,   45, 1.00,    1, 0.000, 0.060, 0.100, 17
train,    1571, 94.786688,   43, 0.00,    4, 0.000, 0.060, 0.100, 17
train,    1572, 70.382339,   38, 1.00,    6, 0.000, 0.060, 0.100, 18
train,    1573, 111.203692,   36, 0.00,    5, 0.000, 0.060, 0.100, 18
train,    1574, 64.737653,   28, 1.00,    3, 0.000, 0.060, 0.100, 18
val,      1574, 22.378105, 0.2156,  33.2416,   2.4633, 0.7859,  12.4306
train,    1575, 56.409815,   60, 0.00,    3, 0.000, 0.060, 0.100, 18
train,    1576, 87.050804,   45, 0.00,    3, 0.000, 0.060, 0.100, 18
train,    1577, 50.488614,   39, 1.00,    4, 0.000, 0.060, 0.100, 18
train,    1578, 72.798863,   51, 0.00,    4, 0.000, 0.060, 0.100, 18
train,    1579, 105.661015,   39, 0.00,    4, 0.000, 0.060, 0.100, 18
train,    1580, 89.029783,   50, 1.00,    3, 0.000, 0.060, 0.100, 18
train,    1581, 51.941234,   41, 1.00,    3, 0.000, 0.060, 0.100, 18
train,    1582, 45.302855,   44, 0.00,    3, 0.000, 0.060, 0.100, 18
train,    1583, 36.896931,   37, 1.00,    3, 0.000, 0.060, 0.100, 18
train,    1584, 48.211771,   36, 1.00,    1, 0.000, 0.060, 0.100, 18
train,    1585, 35.493245,   40, 0.00,    5, 0.000, 0.060, 0.100, 18
train,    1586, 46.956206,   34, 1.00,    5, 0.000, 0.060, 0.100, 18
train,    1587, 14.302755,   42, 1.00,    1, 0.000, 0.060, 0.100, 18
train,    1588, 39.063443,   46, 1.00,    5, 0.000, 0.060, 0.100, 19
train,    1589, 47.368748,   35, 0.00,    5, 0.000, 0.060, 0.100, 19
train,    1590, 70.046291,   40, 0.00,    3, 0.000, 0.060, 0.100, 19
train,    1591, 45.495201,   49, 0.00,    9, 0.000, 0.060, 0.100, 19
train,    1592, 70.235799,   36, 0.00,    6, 0.000, 0.060, 0.100, 19
train,    1593, 27.187828,   41, 0.00,    7, 0.000, 0.060, 0.100, 19
train,    1594, 43.786325,   37, 0.00,    3, 0.000, 0.060, 0.100, 19
train,    1595, 39.405615,   42, 1.00,    6, 0.000, 0.060, 0.100, 19
train,    1596, 35.372543,   39, 1.00,    9, 0.000, 0.060, 0.100, 19
train,    1597, 53.197641,   35, 1.00,    9, 0.000, 0.060, 0.100, 19
train,    1598, 39.444641,   43, 0.00,    3, 0.000, 0.060, 0.100, 19
train,    1599, 7.883082,   46, 0.00,    6, 0.000, 0.060, 0.100, 19
val,      1599, 14.744886, 0.3110,  37.2077,   2.7135, 0.7080,  12.1113
train,    1600, 27.963510,   48, 0.00,    4, 0.000, 0.060, 0.100, 19
update,   1600,   40,  548, 25.867108, 0.000000
train,    1601, 27.868299,   35, 0.00,    9, 0.000, 0.060, 0.100, 19
train,    1602, -33.060236,   38, 0.00,    5, 0.000, 0.060, 0.100, 19
train,    1603, 22.183978,   38, 0.00,    9, 0.000, 0.060, 0.100, 19
train,    1604, -8.684659,   45, 0.00,    8, 0.000, 0.060, 0.100, 19
train,    1605, 4.955762,   27, 0.00,    9, 0.000, 0.060, 0.100, 20
train,    1606, -1.068140,   29, 0.00,    6, 0.000, 0.060, 0.100, 20
train,    1607, 9.303691,   31, 1.00,    8, 0.000, 0.060, 0.100, 20
train,    1608, 10.203507,   41, 0.00,   10, 0.000, 0.060, 0.100, 20
train,    1609, 4.476929,   43, 1.00,   10, 0.000, 0.060, 0.100, 20
train,    1610, 14.529580,   40, 1.00,    8, 0.000, 0.060, 0.100, 20
train,    1611, -1.522000,   36, 0.00,   10, 0.000, 0.060, 0.100, 20
train,    1612, -4.175089,   48, 0.00,    8, 0.000, 0.060, 0.100, 20
train,    1613, -36.171041,   42, 1.00,   12, 0.000, 0.060, 0.100, 20
train,    1614, 3.334383,   40, 1.00,    9, 0.000, 0.060, 0.100, 20
train,    1615, 19.169482,   38, 0.00,    9, 0.000, 0.060, 0.100, 20
train,    1616, 7.041453,   31, 1.00,    9, 0.000, 0.060, 0.100, 20
train,    1617, -40.786788,   36, 0.00,    8, 0.000, 0.060, 0.100, 20
train,    1618, 8.175428,   28, 0.00,   11, 0.000, 0.060, 0.100, 20
train,    1619, 64.780756,   35, 0.00,    9, 0.000, 0.060, 0.100, 20
train,    1620, 24.250406,   33, 1.00,    7, 0.000, 0.060, 0.100, 20
train,    1621, 23.043119,   29, 1.00,   13, 0.000, 0.060, 0.100, 20
train,    1622, 55.478504,   35, 0.00,   12, 0.000, 0.060, 0.100, 20
train,    1623, 29.293919,   29, 0.00,    9, 0.000, 0.060, 0.100, 20
train,    1624, 68.206273,   27, 1.00,   13, 0.000, 0.060, 0.100, 20
val,      1624, 38.839480, 0.2543,  40.8619,   2.8652, 0.7526,  12.8908
train,    1625, 56.292317,   30, 0.00,   10, 0.000, 0.060, 0.100, 20
train,    1626, 81.641655,   34, 0.00,    9, 0.000, 0.060, 0.100, 20
train,    1627, 64.727506,   41, 0.00,   14, 0.000, 0.060, 0.100, 20
train,    1628, 82.301873,   39, 0.00,    8, 0.000, 0.060, 0.100, 20
train,    1629, 84.601070,   47, 1.00,   11, 0.000, 0.060, 0.100, 21
train,    1630, 77.116028,   35, 0.00,   10, 0.000, 0.060, 0.100, 21
train,    1631, 44.898646,   30, 0.00,   10, 0.000, 0.060, 0.100, 21
train,    1632, 66.506632,   26, 0.00,   11, 0.000, 0.060, 0.100, 21
train,    1633, 106.629877,   28, 0.00,   12, 0.000, 0.060, 0.100, 21
train,    1634, 104.173249,   29, 0.00,   10, 0.000, 0.060, 0.100, 21
train,    1635, 55.779796,   30, 1.00,   10, 0.000, 0.060, 0.100, 21
train,    1636, 80.039067,   25, 0.00,   11, 0.000, 0.060, 0.100, 21
train,    1637, 67.258970,   34, 0.00,    6, 0.000, 0.060, 0.100, 21
train,    1638, 57.664043,   29, 0.00,   10, 0.000, 0.060, 0.100, 21
train,    1639, 65.745250,   25, 0.00,   11, 0.000, 0.060, 0.100, 21
train,    1640, 30.464563,   35, 1.00,    6, 0.000, 0.060, 0.100, 21
update,   1640,   41,  568, 28.404052, 0.000000
train,    1641, 20.459007,   24, 0.00,    8, 0.000, 0.060, 0.100, 21
train,    1642, 46.828202,   34, 1.00,    9, 0.000, 0.060, 0.100, 21
train,    1643, 57.122312,   30, 0.00,    8, 0.000, 0.060, 0.100, 21
train,    1644, 59.255143,   28, 1.00,   10, 0.000, 0.060, 0.100, 21
train,    1645, 49.892358,   21, 1.00,   10, 0.000, 0.060, 0.100, 21
train,    1646, 51.925524,   29, 1.00,    7, 0.000, 0.060, 0.100, 21
train,    1647, 50.408842,   40, 0.00,    8, 0.000, 0.060, 0.100, 21
train,    1648, 17.583395,   34, 1.00,    6, 0.000, 0.060, 0.100, 21
train,    1649, -16.246796,   25, 0.00,    8, 0.000, 0.060, 0.100, 21
val,      1649, 53.264431, 0.1104,  30.6283,   2.2651, 0.6745,  13.6118
train,    1650, -7.514580,   38, 0.00,    7, 0.000, 0.060, 0.100, 21
train,    1651, 16.779901,   34, 0.00,    6, 0.000, 0.060, 0.100, 21
train,    1652, 14.301997,   32, 0.00,    4, 0.000, 0.060, 0.100, 21
train,    1653, 32.397703,   33, 1.00,    8, 0.000, 0.060, 0.100, 21
train,    1654, 9.636126,   28, 1.00,    9, 0.000, 0.060, 0.100, 21
train,    1655, -4.997689,   25, 1.00,    4, 0.000, 0.060, 0.100, 21
train,    1656, 43.178897,   33, 0.00,    5, 0.000, 0.060, 0.100, 21
train,    1657, 12.600335,   26, 0.00,    6, 0.000, 0.060, 0.100, 21
train,    1658, 13.983200,   39, 1.00,    6, 0.000, 0.060, 0.100, 21
train,    1659, -28.331369,   37, 1.00,    6, 0.000, 0.060, 0.100, 21
train,    1660, -5.572355,   47, 0.00,    4, 0.000, 0.060, 0.100, 21
train,    1661, -10.194225,   39, 0.00,    6, 0.000, 0.060, 0.100, 21
train,    1662, 17.295947,   43, 1.00,    3, 0.000, 0.060, 0.100, 21
train,    1663, -22.629603,   39, 1.00,    2, 0.000, 0.060, 0.100, 21
train,    1664, -17.623040,   32, 1.00,    5, 0.000, 0.060, 0.100, 21
train,    1665, -5.630541,   35, 0.00,    6, 0.000, 0.060, 0.100, 21
train,    1666, -17.090922,   33, 1.00,    3, 0.000, 0.060, 0.100, 21
train,    1667, 5.693712,   41, 1.00,    0, 0.000, 0.060, 0.100, 21
train,    1668, -23.297742,   42, 1.00,    5, 0.000, 0.060, 0.100, 21
train,    1669, -6.532339,   46, 0.00,    2, 0.000, 0.060, 0.100, 21
train,    1670, -36.734001,   39, 1.00,    6, 0.000, 0.060, 0.100, 21
train,    1671, -26.197466,   38, 1.00,    8, 0.000, 0.060, 0.100, 21
train,    1672, -37.507562,   38, 0.00,    5, 0.000, 0.060, 0.100, 21
train,    1673, -35.275510,   43, 1.00,    3, 0.000, 0.060, 0.100, 21
train,    1674, -21.730168,   29, 0.00,    5, 0.000, 0.060, 0.100, 21
val,      1674, 37.853889, 0.2786,  33.1071,   2.6872, 0.8003,  13.3500
train,    1675, -15.823422,   52, 0.00,    3, 0.000, 0.060, 0.100, 21
train,    1676, -6.894611,   44, 1.00,    1, 0.000, 0.060, 0.100, 21
train,    1677, -38.151331,   47, 0.00,    4, 0.000, 0.060, 0.100, 21
train,    1678, -38.680609,   40, 1.00,    3, 0.000, 0.060, 0.100, 21
train,    1679, -23.336057,   37, 0.00,    6, 0.000, 0.060, 0.100, 21
train,    1680, -8.982709,   38, 1.00,    6, 0.000, 0.060, 0.100, 21
update,   1680,   42,  543, 30.814340, 0.000000
train,    1681, 24.819765,   37, 1.00,    5, 0.000, 0.060, 0.100, 21
train,    1682, 16.792619,   49, 1.00,    2, 0.000, 0.060, 0.100, 20
train,    1683, -20.416762,   41, 1.00,    4, 0.000, 0.060, 0.100, 20
train,    1684, -11.755147,   52, 1.00,    3, 0.000, 0.060, 0.100, 20
train,    1685, -5.507777,   43, 1.00,    2, 0.000, 0.060, 0.100, 20
train,    1686, 10.749014,   43, 1.00,    4, 0.000, 0.060, 0.100, 20
train,    1687, 37.806499,   35, 1.00,    6, 0.000, 0.060, 0.100, 20
train,    1688, 9.045481,   53, 1.00,    4, 0.000, 0.060, 0.100, 20
train,    1689, 19.632292,   41, 0.00,    6, 0.000, 0.060, 0.100, 20
train,    1690, 35.316473,   39, 1.00,    4, 0.000, 0.060, 0.100, 20
train,    1691, 63.852455,   42, 0.00,    2, 0.000, 0.060, 0.100, 20
train,    1692, 21.853343,   42, 0.00,    7, 0.000, 0.060, 0.100, 20
train,    1693, 62.977285,   49, 0.00,    9, 0.000, 0.060, 0.100, 20
train,    1694, 42.915957,   49, 0.00,    5, 0.000, 0.060, 0.100, 20
train,    1695, 92.533154,   45, 1.00,    4, 0.000, 0.060, 0.100, 20
train,    1696, 47.604126,   41, 1.00,    6, 0.000, 0.060, 0.100, 20
train,    1697, 39.222990,   41, 0.00,    5, 0.000, 0.060, 0.100, 20
train,    1698, 87.459044,   30, 0.00,    9, 0.000, 0.060, 0.100, 20
train,    1699, 33.263642,   43, 0.00,    3, 0.000, 0.060, 0.100, 20
val,      1699, 24.950361, 0.2584,  36.3006,   2.2449, 0.8245,  12.7241
train,    1700, 61.958654,   40, 1.00,    8, 0.000, 0.060, 0.100, 20
train,    1701, 29.082561,   44, 0.00,   10, 0.000, 0.060, 0.100, 20
train,    1702, 86.385600,   41, 0.00,    8, 0.000, 0.060, 0.100, 20
train,    1703, 104.266346,   43, 0.00,    8, 0.000, 0.060, 0.100, 20
train,    1704, 67.762064,   37, 1.00,    8, 0.000, 0.060, 0.100, 20
train,    1705, 68.579642,   42, 0.00,    9, 0.000, 0.060, 0.100, 20
train,    1706, 24.730334,   41, 0.00,    4, 0.000, 0.060, 0.100, 20
train,    1707, 47.998381,   51, 1.00,    8, 0.000, 0.060, 0.100, 19
train,    1708, 76.155955,   47, 0.00,    5, 0.000, 0.060, 0.100, 19
train,    1709, 51.909341,   39, 1.00,    9, 0.000, 0.060, 0.100, 19
train,    1710, 39.730285,   46, 0.00,    6, 0.000, 0.060, 0.100, 19
train,    1711, 43.975324,   43, 1.00,   10, 0.000, 0.060, 0.100, 19
train,    1712, 19.495663,   50, 0.00,   10, 0.000, 0.060, 0.100, 19
train,    1713, 24.600206,   49, 1.00,    8, 0.000, 0.060, 0.100, 19
train,    1714, -1.323094,   39, 0.00,   10, 0.000, 0.060, 0.100, 19
train,    1715, 10.235016,   28, 0.00,    8, 0.000, 0.060, 0.100, 19
train,    1716, -5.969195,   39, 1.00,    9, 0.000, 0.060, 0.100, 19
train,    1717, 27.311120,   42, 1.00,    9, 0.000, 0.060, 0.100, 19
train,    1718, 16.036271,   42, 1.00,    5, 0.000, 0.060, 0.100, 19
train,    1719, 16.282910,   39, 1.00,    8, 0.000, 0.060, 0.100, 19
train,    1720, 20.939833,   39, 0.00,    7, 0.000, 0.060, 0.100, 19
update,   1720,   43,  554, 31.624019, 0.000000
train,    1721, -10.684108,   29, 1.00,    9, 0.000, 0.060, 0.100, 19
train,    1722, -27.107936,   42, 1.00,   10, 0.000, 0.060, 0.100, 19
train,    1723, -12.269775,   40, 1.00,   10, 0.000, 0.060, 0.100, 19
train,    1724, 13.302174,   43, 0.00,    7, 0.000, 0.060, 0.100, 19
val,      1724, -1.121424, 0.2494,  35.6538,   2.5076, 0.8132,  13.3792
train,    1725, 27.411377,   49, 0.00,   12, 0.000, 0.060, 0.100, 19
train,    1726, -7.398492,   31, 0.00,   12, 0.000, 0.060, 0.100, 18
train,    1727, 37.949904,   40, 0.00,   11, 0.000, 0.060, 0.100, 18
train,    1728, 18.462743,   40, 1.00,   14, 0.000, 0.060, 0.100, 18
train,    1729, 33.738435,   46, 1.00,   11, 0.000, 0.060, 0.100, 18
train,    1730, 5.774593,   43, 0.00,    9, 0.000, 0.060, 0.100, 18
train,    1731, 12.211297,   35, 0.00,    7, 0.000, 0.060, 0.100, 18
train,    1732, -4.266668,   33, 1.00,   12, 0.000, 0.060, 0.100, 18
train,    1733, -6.940848,   22, 0.00,   11, 0.000, 0.060, 0.100, 18
train,    1734, -50.949344,   32, 0.00,   10, 0.000, 0.060, 0.100, 18
train,    1735, 27.133555,   29, 0.00,    9, 0.000, 0.060, 0.100, 18
train,    1736, 1.869376,   31, 0.00,    6, 0.000, 0.060, 0.100, 18
train,    1737, 29.623295,   31, 0.00,   13, 0.000, 0.060, 0.100, 18
train,    1738, 26.656491,   31, 0.00,    7, 0.000, 0.060, 0.100, 18
train,    1739, -1.882980,   32, 0.00,   10, 0.000, 0.060, 0.100, 18
train,    1740, 13.802405,   33, 0.00,    7, 0.000, 0.060, 0.100, 18
train,    1741, 6.263434,   33, 0.00,    8, 0.000, 0.060, 0.100, 18
train,    1742, 28.880682,   34, 1.00,   12, 0.000, 0.060, 0.100, 18
train,    1743, 0.577087,   36, 0.00,    9, 0.000, 0.060, 0.100, 18
train,    1744, -3.346438,   32, 1.00,   12, 0.000, 0.060, 0.100, 18
train,    1745, 14.849952,   48, 0.00,    8, 0.000, 0.060, 0.100, 17
train,    1746, 44.526251,   34, 0.00,    6, 0.000, 0.060, 0.100, 17
train,    1747, 45.665914,   34, 0.00,   12, 0.000, 0.060, 0.100, 17
train,    1748, 8.885905,   29, 0.00,   11, 0.000, 0.060, 0.100, 17
train,    1749, 8.591620,   37, 0.00,    7, 0.000, 0.060, 0.100, 17
val,      1749, 16.724672, 0.2614,  36.0957,   2.9486, 0.8448,  13.3295
train,    1750, 14.024360,   27, 0.00,    5, 0.000, 0.060, 0.100, 17
train,    1751, 39.564673,   47, 0.00,   10, 0.000, 0.060, 0.100, 17
train,    1752, 58.804861,   39, 0.00,    7, 0.000, 0.060, 0.100, 17
train,    1753, 42.427557,   30, 1.00,    3, 0.000, 0.060, 0.100, 17
train,    1754, 59.324674,   26, 0.00,    7, 0.000, 0.060, 0.100, 17
train,    1755, 64.007864,   31, 0.00,    4, 0.000, 0.060, 0.100, 17
train,    1756, 78.447006,   38, 0.00,    5, 0.000, 0.060, 0.100, 17
train,    1757, 68.767099,   30, 0.00,    9, 0.000, 0.060, 0.100, 17
train,    1758, 81.848242,   32, 0.00,    6, 0.000, 0.060, 0.100, 17
train,    1759, 84.017442,   38, 0.00,    5, 0.000, 0.060, 0.100, 17
train,    1760, 109.326588,   35, 0.00,    5, 0.000, 0.060, 0.100, 17
update,   1760,   44,  523, 31.868263, 0.000000
train,    1761, 96.308021,   36, 0.00,    8, 0.000, 0.060, 0.100, 17
train,    1762, 72.201983,   30, 0.00,    5, 0.000, 0.060, 0.100, 17
train,    1763, 77.710508,   25, 0.00,    7, 0.000, 0.060, 0.100, 17
train,    1764, 104.381986,   41, 0.00,    2, 0.000, 0.060, 0.100, 17
train,    1765, 89.208738,   37, 1.00,    4, 0.000, 0.060, 0.100, 17
train,    1766, 108.549069,   34, 1.00,    5, 0.000, 0.060, 0.100, 17
train,    1767, 85.878390,   30, 0.00,    7, 0.000, 0.060, 0.100, 16
train,    1768, 90.895554,   39, 0.00,    2, 0.000, 0.060, 0.100, 16
train,    1769, 82.825409,   27, 0.00,    4, 0.000, 0.060, 0.100, 16
train,    1770, 76.269546,   39, 0.00,    6, 0.000, 0.060, 0.100, 16
train,    1771, 54.992835,   43, 1.00,    3, 0.000, 0.060, 0.100, 16
train,    1772, 84.989832,   41, 0.00,    4, 0.000, 0.060, 0.100, 16
train,    1773, 96.964331,   35, 0.00,    9, 0.000, 0.060, 0.100, 16
train,    1774, 62.730884,   25, 1.00,    2, 0.000, 0.060, 0.100, 16
val,      1774, 34.983277, 0.1683,  33.4727,   2.3117, 0.7154,  13.1956
train,    1775, 83.881303,   45, 1.00,    3, 0.000, 0.060, 0.100, 16
train,    1776, 92.480855,   38, 1.00,    8, 0.000, 0.060, 0.100, 16
train,    1777, 97.096052,   32, 0.00,    6, 0.000, 0.060, 0.100, 16
train,    1778, 78.351795,   39, 0.00,    4, 0.000, 0.060, 0.100, 16
train,    1779, 87.565944,   39, 1.00,    6, 0.000, 0.060, 0.100, 16
train,    1780, 57.367366,   45, 0.00,    3, 0.000, 0.060, 0.100, 16
train,    1781, 56.004706,   38, 0.00,    1, 0.000, 0.060, 0.100, 16
train,    1782, 68.767858,   43, 1.00,    4, 0.000, 0.060, 0.100, 16
train,    1783, 20.930992,   50, 0.00,    0, 0.000, 0.060, 0.100, 16
train,    1784, 71.494325,   43, 0.00,    3, 0.000, 0.060, 0.100, 16
train,    1785, 44.705989,   42, 0.00,    5, 0.000, 0.060, 0.100, 16
train,    1786, 18.591864,   48, 0.00,    3, 0.000, 0.060, 0.100, 16
train,    1787, 48.272178,   45, 0.00,    5, 0.000, 0.060, 0.100, 16
train,    1788, 29.598582,   39, 1.00,    4, 0.000, 0.060, 0.100, 16
train,    1789, 17.573188,   49, 0.00,    5, 0.000, 0.060, 0.100, 16
train,    1790, 40.160175,   44, 1.00,    6, 0.000, 0.060, 0.100, 16
train,    1791, 41.420415,   33, 0.00,    5, 0.000, 0.060, 0.100, 16
train,    1792, 19.595443,   47, 0.00,    7, 0.000, 0.060, 0.100, 16
train,    1793, 44.407395,   56, 0.00,    5, 0.000, 0.060, 0.100, 16
train,    1794, 30.943028,   44, 1.00,    6, 0.000, 0.060, 0.100, 16
train,    1795, 42.549518,   40, 0.00,    7, 0.000, 0.060, 0.100, 16
train,    1796, 36.515144,   35, 1.00,    3, 0.000, 0.060, 0.100, 16
train,    1797, 26.376713,   38, 0.00,    8, 0.000, 0.060, 0.100, 16
train,    1798, 32.598734,   35, 0.00,    2, 0.000, 0.060, 0.100, 16
train,    1799, 14.350689,   45, 0.00,    5, 0.000, 0.060, 0.100, 16
val,      1799, 49.991323, 0.2022,  38.2181,   2.3589, 0.6918,  12.4830
train,    1800, 21.535821,   43, 0.00,    6, 0.000, 0.060, 0.100, 16
update,   1800,   45,  567, 28.331273, 0.000000
train,    1801, 16.951354,   47, 0.00,    6, 0.000, 0.060, 0.100, 16
train,    1802, 18.882473,   40, 0.00,    5, 0.000, 0.060, 0.100, 16
train,    1803, 10.083673,   36, 0.00,    8, 0.000, 0.060, 0.100, 16
train,    1804, 32.283120,   42, 1.00,    5, 0.000, 0.060, 0.100, 16
train,    1805, 26.943117,   44, 0.00,    7, 0.000, 0.060, 0.100, 16
train,    1806, 28.665120,   45, 1.00,   10, 0.000, 0.060, 0.100, 16
train,    1807, 9.921801,   45, 1.00,   10, 0.000, 0.060, 0.100, 16
train,    1808, -6.318104,   38, 0.00,    9, 0.000, 0.060, 0.100, 16
train,    1809, -2.488006,   44, 1.00,    8, 0.000, 0.060, 0.100, 16
train,    1810, -23.602782,   59, 0.00,   10, 0.000, 0.060, 0.100, 16
train,    1811, 18.073563,   43, 1.00,   10, 0.000, 0.060, 0.100, 16
train,    1812, 19.097641,   42, 1.00,   10, 0.000, 0.060, 0.100, 16
train,    1813, -22.694789,   53, 0.00,    9, 0.000, 0.060, 0.100, 16
train,    1814, 20.764055,   45, 0.00,    8, 0.000, 0.060, 0.100, 16
train,    1815, 47.106040,   49, 0.00,   11, 0.000, 0.060, 0.100, 16
train,    1816, 15.059231,   54, 0.00,   12, 0.000, 0.060, 0.100, 16
train,    1817, 21.444218,   39, 1.00,   12, 0.000, 0.060, 0.100, 16
train,    1818, 26.182267,   45, 1.00,    9, 0.000, 0.060, 0.100, 16
train,    1819, 3.846444,   38, 1.00,   11, 0.000, 0.060, 0.100, 16
train,    1820, 39.998958,   37, 0.00,   13, 0.000, 0.060, 0.100, 16
train,    1821, 58.610172,   44, 1.00,   10, 0.000, 0.060, 0.100, 16
train,    1822, 32.091092,   34, 0.00,   11, 0.000, 0.060, 0.100, 16
train,    1823, 36.507448,   48, 0.00,   11, 0.000, 0.060, 0.100, 16
train,    1824, 72.677086,   42, 0.00,    9, 0.000, 0.060, 0.100, 16
val,      1824, 50.555329, 0.2946,  39.8374,   2.4776, 0.7187,  13.0744
train,    1825, 35.425673,   37, 1.00,    9, 0.000, 0.060, 0.100, 16
train,    1826, 74.805120,   37, 0.00,    9, 0.000, 0.060, 0.100, 16
train,    1827, 74.428634,   49, 0.00,   12, 0.000, 0.060, 0.100, 16
train,    1828, 69.687897,   40, 0.00,   11, 0.000, 0.060, 0.100, 16
train,    1829, 55.371109,   40, 0.00,   15, 0.000, 0.060, 0.100, 16
train,    1830, 64.031083,   34, 1.00,    7, 0.000, 0.060, 0.100, 16
train,    1831, 74.086502,   41, 0.00,   10, 0.000, 0.060, 0.100, 16
train,    1832, 107.827396,   31, 1.00,   11, 0.000, 0.060, 0.100, 16
train,    1833, 37.090138,   29, 1.00,   14, 0.000, 0.060, 0.100, 16
train,    1834, 73.500816,   36, 0.00,    7, 0.000, 0.060, 0.100, 16
train,    1835, 115.000000,   37, 0.00,   11, 0.000, 0.060, 0.100, 16
train,    1836, 81.113227,   38, 0.00,   13, 0.000, 0.060, 0.100, 17
train,    1837, 72.743942,   38, 0.00,    9, 0.000, 0.060, 0.100, 17
train,    1838, 63.430488,   38, 0.00,    9, 0.000, 0.060, 0.100, 17
train,    1839, 52.086970,   31, 1.00,   10, 0.000, 0.060, 0.100, 17
train,    1840, 40.072215,   47, 1.00,    6, 0.000, 0.060, 0.100, 17
update,   1840,   46,  528, 25.539226, 0.000000
train,    1841, 30.875288,   40, 0.00,    9, 0.000, 0.060, 0.100, 17
train,    1842, 56.094614,   41, 0.00,    7, 0.000, 0.060, 0.100, 17
train,    1843, 37.131519,   30, 1.00,    9, 0.000, 0.060, 0.100, 17
train,    1844, 62.385536,   30, 0.00,    7, 0.000, 0.060, 0.100, 17
train,    1845, 39.247882,   22, 0.00,    9, 0.000, 0.060, 0.100, 17
train,    1846, 11.360908,   43, 0.00,    5, 0.000, 0.060, 0.100, 17
train,    1847, 8.412002,   37, 0.00,    9, 0.000, 0.060, 0.100, 17
train,    1848, 32.847937,   30, 1.00,    7, 0.000, 0.060, 0.100, 17
train,    1849, 23.778759,   29, 1.00,    7, 0.000, 0.060, 0.100, 17
val,      1849, 33.307190, 0.2549,  38.3808,   2.5734, 0.8277,  12.7546
train,    1850, 31.815363,   36, 0.00,    8, 0.000, 0.060, 0.100, 17
train,    1851, 23.531420,   28, 1.00,   10, 0.000, 0.060, 0.100, 17
train,    1852, 22.703496,   37, 0.00,    7, 0.000, 0.060, 0.100, 17
train,    1853, 15.584652,   31, 1.00,    8, 0.000, 0.060, 0.100, 17
train,    1854, 23.493164,   43, 1.00,    7, 0.000, 0.060, 0.100, 17
train,    1855, -37.794549,   35, 1.00,    6, 0.000, 0.060, 0.100, 17
train,    1856, -16.664664,   36, 1.00,    7, 0.000, 0.060, 0.100, 17
train,    1857, 59.659237,   32, 0.00,    6, 0.000, 0.060, 0.100, 18
train,    1858, 11.991491,   42, 0.00,    5, 0.000, 0.060, 0.100, 18
train,    1859, -22.220875,   29, 0.00,    6, 0.000, 0.060, 0.100, 18
train,    1860, -12.163028,   35, 0.00,    5, 0.000, 0.060, 0.100, 18
train,    1861, -14.629773,   44, 0.00,    6, 0.000, 0.060, 0.100, 18
train,    1862, -36.136764,   39, 1.00,    4, 0.000, 0.060, 0.100, 18
train,    1863, -0.869671,   36, 0.00,    4, 0.000, 0.060, 0.100, 18
train,    1864, -22.775214,   34, 0.00,    5, 0.000, 0.060, 0.100, 18
train,    1865, -20.920706,   27, 0.00,    7, 0.000, 0.060, 0.100, 18
train,    1866, 1.156076,   36, 1.00,    3, 0.000, 0.060, 0.100, 18
train,    1867, -37.447164,   33, 0.00,    3, 0.000, 0.060, 0.100, 18
train,    1868, -5.510661,   38, 1.00,    6, 0.000, 0.060, 0.100, 18
train,    1869, 10.206066,   35, 1.00,    7, 0.000, 0.060, 0.100, 18
train,    1870, -11.997078,   33, 0.00,    6, 0.000, 0.060, 0.100, 18
train,    1871, -22.383509,   35, 0.00,    5, 0.000, 0.060, 0.100, 18
train,    1872, -28.415149,   26, 0.00,    6, 0.000, 0.060, 0.100, 18
train,    1873, -4.520467,   29, 0.00,    5, 0.000, 0.060, 0.100, 19
train,    1874, -7.297583,   40, 1.00,    0, 0.000, 0.060, 0.100, 19
val,      1874, 14.158639, 0.2946,  29.5253,   2.4603, 0.7719,  12.4527
train,    1875, -36.828791,   48, 1.00,    5, 0.000, 0.060, 0.100, 19
train,    1876, -7.321177,   36, 1.00,    5, 0.000, 0.060, 0.100, 19
train,    1877, -3.026352,   43, 1.00,    7, 0.000, 0.060, 0.100, 19
train,    1878, -10.057625,   35, 0.00,    7, 0.000, 0.060, 0.100, 19
train,    1879, 8.650625,   27, 0.00,    8, 0.000, 0.060, 0.100, 19
train,    1880, -3.214932,   47, 1.00,    4, 0.000, 0.060, 0.100, 19
update,   1880,   47,  522, 26.048622, 0.000000
train,    1881, -3.617605,   30, 1.00,    1, 0.000, 0.060, 0.100, 19
train,    1882, -16.383905,   38, 1.00,    1, 0.000, 0.060, 0.100, 19
train,    1883, -26.585860,   35, 0.00,    1, 0.000, 0.060, 0.100, 19
train,    1884, 5.850807,   39, 0.00,    3, 0.000, 0.060, 0.100, 19
train,    1885, 11.651882,   36, 0.00,    5, 0.000, 0.060, 0.100, 19
train,    1886, 19.322099,   44, 0.00,    4, 0.000, 0.060, 0.100, 19
train,    1887, 7.059135,   39, 1.00,    5, 0.000, 0.060, 0.100, 19
train,    1888, 39.530556,   48, 0.00,    4, 0.000, 0.060, 0.100, 20
train,    1889, 41.088056,   36, 0.00,    2, 0.000, 0.060, 0.100, 20
train,    1890, 12.053425,   38, 0.00,    6, 0.000, 0.060, 0.100, 20
train,    1891, 17.028067,   38, 0.00,    6, 0.000, 0.060, 0.100, 20
train,    1892, 54.681106,   35, 0.00,    8, 0.000, 0.060, 0.100, 20
train,    1893, 33.044696,   47, 0.00,    7, 0.000, 0.060, 0.100, 20
train,    1894, 34.815648,   45, 0.00,    5, 0.000, 0.060, 0.100, 20
train,    1895, 70.088670,   44, 1.00,    6, 0.000, 0.060, 0.100, 20
train,    1896, 70.151398,   32, 1.00,    7, 0.000, 0.060, 0.100, 20
train,    1897, 58.480356,   45, 1.00,    4, 0.000, 0.060, 0.100, 20
train,    1898, 77.021742,   36, 1.00,    4, 0.000, 0.060, 0.100, 20
train,    1899, 55.562126,   42, 1.00,   11, 0.000, 0.060, 0.100, 20
val,      1899, 28.275062, 0.2346,  44.2597,   1.6725, 0.7105,  13.6921
train,    1900, 90.874239,   52, 0.00,    9, 0.000, 0.060, 0.100, 20
train,    1901, 66.116560,   47, 0.00,    6, 0.000, 0.060, 0.100, 20
train,    1902, 63.123767,   44, 0.00,    6, 0.000, 0.060, 0.100, 20
train,    1903, 46.686150,   45, 0.00,    6, 0.000, 0.060, 0.100, 20
train,    1904, 61.472812,   46, 1.00,    7, 0.000, 0.060, 0.100, 21
train,    1905, 34.551960,   45, 1.00,    8, 0.000, 0.060, 0.100, 21
train,    1906, 60.491508,   44, 0.00,   10, 0.000, 0.060, 0.100, 21
train,    1907, 75.124352,   38, 0.00,    8, 0.000, 0.060, 0.100, 21
train,    1908, 64.277601,   35, 0.00,    5, 0.000, 0.060, 0.100, 21
train,    1909, 49.694299,   43, 0.00,    7, 0.000, 0.060, 0.100, 21
train,    1910, 60.953479,   35, 0.00,   11, 0.000, 0.060, 0.100, 21
train,    1911, 53.364885,   39, 0.00,    9, 0.000, 0.060, 0.100, 21
train,    1912, 51.835786,   49, 1.00,    8, 0.000, 0.060, 0.100, 21
train,    1913, 19.967977,   51, 1.00,    9, 0.000, 0.060, 0.100, 21
train,    1914, 17.015310,   43, 0.00,    8, 0.000, 0.060, 0.100, 21
train,    1915, 33.811440,   46, 0.00,   10, 0.000, 0.060, 0.100, 21
train,    1916, 16.495522,   46, 0.00,    9, 0.000, 0.060, 0.100, 21
train,    1917, 12.728400,   50, 0.00,   12, 0.000, 0.060, 0.100, 21
train,    1918, 13.187231,   42, 0.00,   11, 0.000, 0.060, 0.100, 21
train,    1919, 18.432653,   50, 0.00,    8, 0.000, 0.060, 0.100, 21
train,    1920, 31.443407,   44, 0.00,    7, 0.000, 0.060, 0.100, 21
update,   1920,   48,  553, 27.250120, 0.000000
train,    1921, 2.182603,   57, 0.00,    8, 0.000, 0.060, 0.100, 22
train,    1922, 6.221778,   45, 1.00,    9, 0.000, 0.060, 0.100, 22
train,    1923, -9.271691,   55, 0.00,    9, 0.000, 0.060, 0.100, 22
train,    1924, 17.220470,   52, 1.00,    8, 0.000, 0.060, 0.100, 22
val,      1924, 44.424243, 0.1897,  53.3484,   2.1971, 0.7377,  12.1391
train,    1925, 18.934786,   43, 0.00,    8, 0.000, 0.060, 0.100, 22
train,    1926, 18.535526,   45, 1.00,    7, 0.000, 0.060, 0.100, 22
train,    1927, 45.287534,   42, 0.00,   11, 0.000, 0.060, 0.100, 22
train,    1928, 23.408713,   36, 1.00,   10, 0.000, 0.060, 0.100, 22
train,    1929, -7.633752,   40, 1.00,   10, 0.000, 0.060, 0.100, 22
train,    1930, 29.343918,   45, 0.00,   11, 0.000, 0.060, 0.100, 22
train,    1931, 30.179691,   45, 0.00,    9, 0.000, 0.060, 0.100, 22
train,    1932, 16.854453,   42, 0.00,    9, 0.000, 0.060, 0.100, 22
train,    1933, -8.564500,   46, 0.00,    8, 0.000, 0.060, 0.100, 22
train,    1934, 28.617005,   48, 0.00,    6, 0.000, 0.060, 0.100, 22
train,    1935, 33.091657,   47, 1.00,   11, 0.000, 0.060, 0.100, 22
train,    1936, 15.739586,   44, 0.00,   11, 0.000, 0.060, 0.100, 22
train,    1937, 12.530531,   40, 0.00,   10, 0.000, 0.060, 0.100, 22
train,    1938, 15.092765,   43, 0.00,   10, 0.000, 0.060, 0.100, 22
train,    1939, 33.619990,   34, 0.00,    6, 0.000, 0.060, 0.100, 22
train,    1940, -24.515856,   46, 0.00,    8, 0.000, 0.060, 0.100, 22
train,    1941, 48.980326,   44, 1.00,   10, 0.000, 0.060, 0.100, 22
train,    1942, 15.926688,   44, 1.00,   11, 0.000, 0.060, 0.100, 22
train,    1943, 25.906848,   33, 1.00,    9, 0.000, 0.060, 0.100, 22
train,    1944, 40.258219,   55, 0.00,   10, 0.000, 0.060, 0.100, 22
train,    1945, 50.143411,   45, 1.00,    9, 0.000, 0.060, 0.100, 22
train,    1946, 20.810654,   42, 0.00,    7, 0.000, 0.060, 0.100, 22
train,    1947, 33.350669,   32, 1.00,    4, 0.000, 0.060, 0.100, 23
train,    1948, 32.459541,   35, 0.00,    9, 0.000, 0.060, 0.100, 23
train,    1949, 29.444908,   37, 0.00,    7, 0.000, 0.060, 0.100, 23
val,      1949, 58.297928, 0.1109,  38.7327,   2.3187, 0.7341,  12.8747
train,    1950, 49.673911,   48, 1.00,    5, 0.000, 0.060, 0.100, 23
train,    1951, 39.259335,   47, 1.00,    9, 0.000, 0.060, 0.100, 23
train,    1952, 49.183235,   35, 1.00,   11, 0.000, 0.060, 0.100, 23
train,    1953, 65.381863,   47, 0.00,    9, 0.000, 0.060, 0.100, 23
train,    1954, 62.590140,   39, 0.00,    2, 0.000, 0.060, 0.100, 23
train,    1955, 57.701769,   42, 0.00,   10, 0.000, 0.060, 0.100, 23
train,    1956, 66.022924,   35, 0.00,    6, 0.000, 0.060, 0.100, 23
train,    1957, 50.248190,   44, 0.00,    9, 0.000, 0.060, 0.100, 23
train,    1958, 73.014325,   32, 1.00,    7, 0.000, 0.060, 0.100, 23
train,    1959, 38.369823,   36, 1.00,    6, 0.000, 0.060, 0.100, 23
train,    1960, 83.721124,   37, 1.00,    8, 0.000, 0.060, 0.100, 23
update,   1960,   49,  561, 29.886019, 0.000000
train,    1961, 91.515835,   29, 0.00,    6, 0.000, 0.060, 0.100, 23
train,    1962, 67.109278,   50, 0.00,    4, 0.000, 0.060, 0.100, 23
train,    1963, 101.674265,   43, 0.00,    9, 0.000, 0.060, 0.100, 23
train,    1964, 48.338144,   30, 1.00,    3, 0.000, 0.060, 0.100, 23
train,    1965, 64.693294,   40, 1.00,    2, 0.000, 0.060, 0.100, 23
train,    1966, 81.717863,   29, 1.00,    5, 0.000, 0.060, 0.100, 23
train,    1967, 70.665115,   36, 1.00,    7, 0.000, 0.060, 0.100, 23
train,    1968, 110.714648,   35, 0.00,    6, 0.000, 0.060, 0.100, 23
train,    1969, 81.082023,   34, 1.00,    4, 0.000, 0.060, 0.100, 23
train,    1970, 79.639634,   41, 0.00,    4, 0.000, 0.060, 0.100, 23
train,    1971, 100.171345,   37, 1.00,    2, 0.000, 0.060, 0.100, 23
train,    1972, 85.454294,   26, 1.00,    5, 0.000, 0.060, 0.100, 23
train,    1973, 74.080984,   39, 1.00,    4, 0.000, 0.060, 0.100, 23
train,    1974, 88.447231,   45, 0.00,    6, 0.000, 0.060, 0.100, 23
val,      1974, 55.780074, 0.2217,  39.2092,   1.9697, 0.7901,  12.8502
train,    1975, 84.220615,   35, 1.00,    2, 0.000, 0.060, 0.100, 23
train,    1976, 77.990541,   44, 0.00,    2, 0.000, 0.060, 0.100, 23
train,    1977, 84.159920,   36, 1.00,    0, 0.000, 0.060, 0.100, 23
train,    1978, 67.208744,   38, 0.00,    5, 0.000, 0.060, 0.100, 23
train,    1979, 75.386602,   45, 1.00,    5, 0.000, 0.060, 0.100, 23
train,    1980, 76.877976,   36, 0.00,    5, 0.000, 0.060, 0.100, 23
train,    1981, 51.854130,   39, 1.00,    3, 0.000, 0.060, 0.100, 23
train,    1982, 45.069541,   29, 0.00,    3, 0.000, 0.060, 0.100, 23
train,    1983, 41.119431,   23, 0.00,    6, 0.000, 0.060, 0.100, 23
train,    1984, 50.231889,   35, 0.00,    4, 0.000, 0.060, 0.100, 23
train,    1985, 32.542737,   32, 0.00,    7, 0.000, 0.060, 0.100, 23
train,    1986, 15.646983,   35, 1.00,    7, 0.000, 0.060, 0.100, 23
train,    1987, 45.933117,   39, 1.00,    4, 0.000, 0.060, 0.100, 23
train,    1988, 14.886696,   31, 1.00,    3, 0.000, 0.060, 0.100, 23
train,    1989, 21.860128,   40, 0.00,    8, 0.000, 0.060, 0.100, 23
train,    1990, 2.815197,   41, 0.00,    5, 0.000, 0.060, 0.100, 23
train,    1991, 46.443256,   37, 0.00,    4, 0.000, 0.060, 0.100, 23
train,    1992, 9.513047,   38, 0.00,    4, 0.000, 0.060, 0.100, 22
train,    1993, 25.345594,   41, 0.00,    4, 0.000, 0.060, 0.100, 22
train,    1994, 16.513543,   34, 0.00,    4, 0.000, 0.060, 0.100, 22
train,    1995, 20.478857,   34, 0.00,    6, 0.000, 0.060, 0.100, 22
train,    1996, 15.816490,   42, 0.00,    5, 0.000, 0.060, 0.100, 22
train,    1997, 17.162094,   43, 0.00,    8, 0.000, 0.060, 0.100, 22
train,    1998, 36.232776,   47, 1.00,    9, 0.000, 0.060, 0.100, 22
train,    1999, 35.619834,   39, 0.00,    5, 0.000, 0.060, 0.100, 22
val,      1999, 27.540242, 0.2029,  30.5198,   1.8361, 0.8293,  13.0282
train,    2000, 37.083133,   34, 0.00,    9, 0.000, 0.060, 0.100, 22
update,   2000,   50,  525, 31.701251, 0.000000
train,    2001, 49.526919,   42, 1.00,    6, 0.000, 0.060, 0.100, 22
train,    2002, 17.428784,   40, 0.00,    9, 0.000, 0.060, 0.100, 22
train,    2003, 23.887656,   44, 0.00,    7, 0.000, 0.060, 0.100, 22
train,    2004, 12.477577,   47, 0.00,    5, 0.000, 0.060, 0.100, 22
train,    2005, 25.925236,   38, 0.00,    6, 0.000, 0.060, 0.100, 22
train,    2006, 53.240534,   37, 0.00,    7, 0.000, 0.060, 0.100, 22
train,    2007, 41.104487,   48, 0.00,    4, 0.000, 0.060, 0.100, 22
train,    2008, 42.494971,   46, 1.00,    5, 0.000, 0.060, 0.100, 22
train,    2009, 11.212875,   47, 0.00,    9, 0.000, 0.060, 0.100, 22
train,    2010, 34.531356,   37, 1.00,    9, 0.000, 0.060, 0.100, 22
train,    2011, 30.009105,   40, 0.00,   11, 0.000, 0.060, 0.100, 22
train,    2012, 25.122436,   39, 0.00,    7, 0.000, 0.060, 0.100, 22
train,    2013, 27.969532,   42, 0.00,    8, 0.000, 0.060, 0.100, 22
train,    2014, 49.499859,   37, 1.00,    6, 0.000, 0.060, 0.100, 22
train,    2015, 20.349115,   51, 0.00,   10, 0.000, 0.060, 0.100, 22
train,    2016, 28.157745,   51, 0.00,    6, 0.000, 0.060, 0.100, 22
train,    2017, 39.950526,   48, 0.00,    9, 0.000, 0.060, 0.100, 22
train,    2018, 26.253462,   40, 0.00,   12, 0.000, 0.060, 0.100, 21
train,    2019, 25.943212,   50, 0.00,    9, 0.000, 0.060, 0.100, 21
train,    2020, 18.924933,   50, 0.00,   11, 0.000, 0.060, 0.100, 21
train,    2021, 35.321006,   42, 0.00,   10, 0.000, 0.060, 0.100, 21
train,    2022, 8.861564,   45, 1.00,   10, 0.000, 0.060, 0.100, 21
train,    2023, 41.464219,   51, 1.00,   10, 0.000, 0.060, 0.100, 21
train,    2024, 30.550924,   43, 1.00,   11, 0.000, 0.060, 0.100, 21
val,      2024, 33.984929, 0.2497,  41.4901,   1.9932, 0.7556,  13.2484
train,    2025, 42.215144,   49, 0.00,    9, 0.000, 0.060, 0.100, 21
train,    2026, 70.034793,   57, 0.00,   12, 0.000, 0.060, 0.100, 21
train,    2027, 50.740733,   45, 0.00,   12, 0.000, 0.060, 0.100, 21
train,    2028, 41.565637,   45, 0.00,    7, 0.000, 0.060, 0.100, 21
train,    2029, 45.015621,   46, 0.00,    9, 0.000, 0.060, 0.100, 21
train,    2030, 47.459902,   46, 1.00,   11, 0.000, 0.060, 0.100, 21
train,    2031, 83.033417,   38, 0.00,    9, 0.000, 0.060, 0.100, 21
train,    2032, 50.353361,   51, 0.00,   10, 0.000, 0.060, 0.100, 21
train,    2033, 66.968004,   45, 0.00,   11, 0.000, 0.060, 0.100, 21
train,    2034, 71.427457,   40, 0.00,   11, 0.000, 0.060, 0.100, 21
train,    2035, 65.010096,   52, 1.00,   11, 0.000, 0.060, 0.100, 21
train,    2036, 59.687370,   37, 0.00,    6, 0.000, 0.060, 0.100, 21
train,    2037, 47.975893,   42, 0.00,    8, 0.000, 0.060, 0.100, 21
train,    2038, 64.184981,   51, 1.00,   10, 0.000, 0.060, 0.100, 20
train,    2039, 42.979709,   44, 0.00,   10, 0.000, 0.060, 0.100, 20
train,    2040, 54.858042,   45, 0.00,   12, 0.000, 0.060, 0.100, 20
update,   2040,   51,  557, 30.809423, 0.000000
train,    2041, 48.061178,   44, 0.00,    8, 0.000, 0.060, 0.100, 20
train,    2042, 39.134088,   41, 0.00,   10, 0.000, 0.060, 0.100, 20
train,    2043, 53.123371,   44, 0.00,   13, 0.000, 0.060, 0.100, 20
train,    2044, 59.176044,   51, 0.00,    5, 0.000, 0.060, 0.100, 20
train,    2045, 45.062623,   39, 0.00,    7, 0.000, 0.060, 0.100, 20
train,    2046, 22.852641,   46, 0.00,    8, 0.000, 0.060, 0.100, 20
train,    2047, 19.194244,   43, 1.00,   10, 0.000, 0.060, 0.100, 20
train,    2048, 16.202049,   44, 0.00,    8, 0.000, 0.060, 0.100, 20
train,    2049, 23.439735,   34, 0.00,    9, 0.000, 0.060, 0.100, 20
val,      2049, 33.331703, 0.1937,  43.7274,   1.4531, 0.8592,  13.3551
train,    2050, 4.581662,   50, 1.00,    8, 0.000, 0.060, 0.100, 20
train,    2051, -11.216294,   32, 0.00,    6, 0.000, 0.060, 0.100, 20
train,    2052, 5.562706,   43, 0.00,    7, 0.000, 0.060, 0.100, 20
train,    2053, -21.359784,   41, 0.00,    8, 0.000, 0.060, 0.100, 20
train,    2054, 9.017405,   42, 1.00,    8, 0.000, 0.060, 0.100, 20
train,    2055, 6.864260,   38, 0.00,    9, 0.000, 0.060, 0.100, 20
train,    2056, -22.120974,   36, 0.00,    8, 0.000, 0.060, 0.100, 20
train,    2057, 16.902423,   39, 1.00,    4, 0.000, 0.060, 0.100, 19
train,    2058, -34.690514,   43, 0.00,    5, 0.000, 0.060, 0.100, 19
train,    2059, -4.086717,   49, 0.00,    7, 0.000, 0.060, 0.100, 19
train,    2060, -26.397738,   45, 0.00,    5, 0.000, 0.060, 0.100, 19
train,    2061, 7.261317,   37, 0.00,    7, 0.000, 0.060, 0.100, 19
train,    2062, 1.319215,   47, 0.00,    7, 0.000, 0.060, 0.100, 19
train,    2063, -10.846264,   41, 0.00,    5, 0.000, 0.060, 0.100, 19
train,    2064, -18.110865,   35, 1.00,    6, 0.000, 0.060, 0.100, 19
train,    2065, -11.717599,   40, 0.00,    4, 0.000, 0.060, 0.100, 19
train,    2066, -17.812907,   47, 0.00,    6, 0.000, 0.060, 0.100, 19
train,    2067, -14.215021,   37, 0.00,    4, 0.000, 0.060, 0.100, 19
train,    2068, 4.734312,   43, 0.00,    1, 0.000, 0.060, 0.100, 19
train,    2069, 9.265838,   48, 1.00,    4, 0.000, 0.060, 0.100, 19
train,    2070, -9.141824,   39, 0.00,    0, 0.000, 0.060, 0.100, 19
train,    2071, 2.059756,   43, 1.00,    6, 0.000, 0.060, 0.100, 19
train,    2072, 8.383243,   26, 1.00,    6, 0.000, 0.060, 0.100, 19
train,    2073, -2.696090,   39, 1.00,    3, 0.000, 0.060, 0.100, 19
train,    2074, -4.715823,   33, 0.00,    3, 0.000, 0.060, 0.100, 19
val,      2074, 36.243124, 0.2138,  47.2523,   1.6908, 0.7930,  13.8287
train,    2075, -5.114179,   39, 1.00,    4, 0.000, 0.060, 0.100, 19
train,    2076, 30.977733,   35, 0.00,    5, 0.000, 0.060, 0.100, 19
train,    2077, 22.501435,   43, 0.00,    7, 0.000, 0.060, 0.100, 19
train,    2078, 0.467299,   35, 0.00,    5, 0.000, 0.060, 0.100, 18
train,    2079, 9.049084,   36, 0.00,    4, 0.000, 0.060, 0.100, 18
train,    2080, 13.591252,   34, 1.00,    3, 0.000, 0.060, 0.100, 18
update,   2080,   52,  541, 28.089810, 0.000000
train,    2081, 21.664108,   35, 1.00,    7, 0.000, 0.060, 0.100, 18
train,    2082, 14.949623,   35, 1.00,    5, 0.000, 0.060, 0.100, 18
train,    2083, 31.924216,   35, 0.00,    6, 0.000, 0.060, 0.100, 18
train,    2084, 2.417001,   31, 1.00,    4, 0.000, 0.060, 0.100, 18
train,    2085, 28.289315,   39, 1.00,    2, 0.000, 0.060, 0.100, 18
train,    2086, 33.294751,   35, 1.00,    2, 0.000, 0.060, 0.100, 18
train,    2087, 19.498616,   37, 0.00,    4, 0.000, 0.060, 0.100, 18
train,    2088, 24.089777,   42, 0.00,    5, 0.000, 0.060, 0.100, 18
train,    2089, 36.951166,   35, 0.00,    6, 0.000, 0.060, 0.100, 18
train,    2090, 50.567112,   40, 0.00,    6, 0.000, 0.060, 0.100, 18
train,    2091, 30.829976,   33, 1.00,    7, 0.000, 0.060, 0.100, 18
train,    2092, 31.490031,   40, 0.00,    2, 0.000, 0.060, 0.100, 18
train,    2093, 27.151826,   33, 0.00,    9, 0.000, 0.060, 0.100, 18
train,    2094, 32.861574,   42, 1.00,    2, 0.000, 0.060, 0.100, 18
train,    2095, 47.442917,   34, 0.00,    5, 0.000, 0.060, 0.100, 18
train,    2096, 39.144436,   41, 0.00,    6, 0.000, 0.060, 0.100, 18
train,    2097, 45.631834,   47, 1.00,    8, 0.000, 0.060, 0.100, 18
train,    2098, 47.528889,   33, 0.00,    6, 0.000, 0.060, 0.100, 18
train,    2099, 49.626237,   41, 0.00,    6, 0.000, 0.060, 0.100, 18
val,      2099, 44.747316, 0.1572,  38.9921,   1.5401, 0.8068,  13.9941
train,    2100, 53.699052,   40, 0.00,    5, 0.000, 0.060, 0.100, 18
train,    2101, 31.052748,   43, 1.00,   10, 0.000, 0.060, 0.100, 18
train,    2102, 70.307773,   37, 0.00,    4, 0.000, 0.060, 0.100, 18
train,    2103, 72.002492,   39, 1.00,    4, 0.000, 0.060, 0.100, 18
train,    2104, 49.475305,   34, 0.00,    5, 0.000, 0.060, 0.100, 18
train,    2105, 45.198763,   31, 0.00,    8, 0.000, 0.060, 0.100, 18
train,    2106, 60.893323,   40, 0.00,    3, 0.000, 0.060, 0.100, 18
train,    2107, 76.080097,   37, 0.00,    9, 0.000, 0.060, 0.100, 18
train,    2108, 54.560610,   33, 0.00,    7, 0.000, 0.060, 0.100, 18
train,    2109, 55.203746,   43, 0.00,   10, 0.000, 0.060, 0.100, 18
train,    2110, 48.780356,   45, 1.00,    9, 0.000, 0.060, 0.100, 18
train,    2111, 24.004945,   35, 1.00,    9, 0.000, 0.060, 0.100, 18
train,    2112, 31.811945,   30, 0.00,    8, 0.000, 0.060, 0.100, 18
train,    2113, 31.304358,   45, 0.00,    8, 0.000, 0.060, 0.100, 18
train,    2114, 33.706338,   38, 1.00,   10, 0.000, 0.060, 0.100, 18
train,    2115, 59.126651,   41, 0.00,    9, 0.000, 0.060, 0.100, 18
train,    2116, 19.927201,   54, 1.00,    9, 0.000, 0.060, 0.100, 18
train,    2117, 33.944392,   46, 0.00,    7, 0.000, 0.060, 0.100, 18
train,    2118, 17.231238,   42, 1.00,   11, 0.000, 0.060, 0.100, 18
train,    2119, 31.804543,   50, 1.00,   10, 0.000, 0.060, 0.100, 18
train,    2120, -3.683938,   48, 1.00,   11, 0.000, 0.060, 0.100, 18
update,   2120,   53,  540, 25.213073, 0.000000
train,    2121, -6.306227,   44, 0.00,    9, 0.000, 0.060, 0.100, 18
train,    2122, 9.655437,   46, 1.00,    9, 0.000, 0.060, 0.100, 18
train,    2123, 17.518662,   41, 1.00,    5, 0.000, 0.060, 0.100, 18
train,    2124, 11.124538,   47, 1.00,   11, 0.000, 0.060, 0.100, 18
val,      2124, 38.957312, 0.1942,  45.5815,   1.6049, 0.8009,  13.6651
train,    2125, 12.471532,   34, 0.00,   13, 0.000, 0.060, 0.100, 18
train,    2126, -13.784260,   40, 0.00,   10, 0.000, 0.060, 0.100, 18
train,    2127, -6.464448,   36, 0.00,    8, 0.000, 0.060, 0.100, 18
train,    2128, 7.468719,   41, 0.00,   11, 0.000, 0.060, 0.100, 18
train,    2129, -0.343079,   44, 1.00,    9, 0.000, 0.060, 0.100, 18
train,    2130, 6.961896,   46, 0.00,    6, 0.000, 0.060, 0.100, 18
train,    2131, 30.030543,   36, 0.00,   10, 0.000, 0.060, 0.100, 18
train,    2132, 25.470733,   49, 0.00,    8, 0.000, 0.060, 0.100, 18
train,    2133, 9.221090,   48, 1.00,   13, 0.000, 0.060, 0.100, 18
train,    2134, 34.372031,   47, 0.00,   13, 0.000, 0.060, 0.100, 18
train,    2135, 2.131536,   44, 1.00,   13, 0.000, 0.060, 0.100, 18
train,    2136, 34.030950,   54, 1.00,   12, 0.000, 0.060, 0.100, 18
train,    2137, 44.176048,   48, 1.00,    9, 0.000, 0.060, 0.100, 18
train,    2138, 22.018956,   42, 1.00,   12, 0.000, 0.060, 0.100, 18
train,    2139, 32.357969,   45, 0.00,    9, 0.000, 0.060, 0.100, 18
train,    2140, 46.355501,   47, 0.00,   10, 0.000, 0.060, 0.100, 18
train,    2141, 36.847962,   39, 0.00,   12, 0.000, 0.060, 0.100, 18
train,    2142, 45.356847,   42, 1.00,    8, 0.000, 0.060, 0.100, 18
train,    2143, 47.847600,   54, 1.00,   12, 0.000, 0.060, 0.100, 18
train,    2144, 39.007740,   55, 1.00,    8, 0.000, 0.060, 0.100, 18
train,    2145, 48.148297,   55, 1.00,    9, 0.000, 0.060, 0.100, 18
train,    2146, 30.734885,   45, 1.00,    4, 0.000, 0.060, 0.100, 18
train,    2147, 34.632752,   43, 1.00,    8, 0.000, 0.060, 0.100, 18
train,    2148, 59.504764,   34, 0.00,    9, 0.000, 0.060, 0.100, 18
train,    2149, 43.775159,   43, 0.00,   10, 0.000, 0.060, 0.100, 18
val,      2149, 20.034916, 0.2328,  42.1318,   2.2952, 0.8000,  13.2581
train,    2150, 75.489580,   42, 1.00,    7, 0.000, 0.060, 0.100, 18
train,    2151, 30.802043,   55, 0.00,    3, 0.000, 0.060, 0.100, 18
train,    2152, 57.855118,   52, 1.00,    8, 0.000, 0.060, 0.100, 18
train,    2153, 70.980085,   54, 0.00,    2, 0.000, 0.060, 0.100, 19
train,    2154, 33.674984,   56, 0.00,    7, 0.000, 0.060, 0.100, 19
train,    2155, 83.210236,   42, 1.00,    9, 0.000, 0.060, 0.100, 19
train,    2156, 92.637846,   38, 1.00,    8, 0.000, 0.060, 0.100, 19
train,    2157, 80.501474,   44, 0.00,    4, 0.000, 0.060, 0.100, 19
train,    2158, 52.918936,   47, 0.00,    9, 0.000, 0.060, 0.100, 19
train,    2159, 80.652470,   42, 0.00,    6, 0.000, 0.060, 0.100, 19
train,    2160, 58.822317,   51, 0.00,    5, 0.000, 0.060, 0.100, 19
update,   2160,   54,  537, 26.199480, 0.000000
train,    2161, 56.162764,   47, 0.00,    7, 0.000, 0.060, 0.100, 19
train,    2162, 80.933377,   42, 0.00,    7, 0.000, 0.060, 0.100, 19
train,    2163, 88.375982,   41, 0.00,    6, 0.000, 0.060, 0.100, 19
train,    2164, 62.610994,   52, 0.00,    7, 0.000, 0.060, 0.100, 19
train,    2165, 77.394949,   32, 0.00,    5, 0.000, 0.060, 0.100, 19
train,    2166, 90.334943,   42, 0.00,    5, 0.000, 0.060, 0.100, 19
train,    2167, 96.219084,   49, 1.00,    7, 0.000, 0.060, 0.100, 19
train,    2168, 67.738042,   46, 1.00,    6, 0.000, 0.060, 0.100, 19
train,    2169, 78.378528,   39, 1.00,    5, 0.000, 0.060, 0.100, 19
train,    2170, 85.104093,   41, 1.00,    5, 0.000, 0.060, 0.100, 19
train,    2171, 77.025296,   47, 0.00,    5, 0.000, 0.060, 0.100, 19
train,    2172, 72.510545,   44, 0.00,    3, 0.000, 0.060, 0.100, 19
train,    2173, 63.427060,   41, 1.00,    7, 0.000, 0.060, 0.100, 20
train,    2174, 52.868894,   43, 0.00,    4, 0.000, 0.060, 0.100, 20
val,      2174, 23.804954, 0.1967,  38.7140,   1.6786, 0.8098,  13.2190
train,    2175, 76.110361,   42, 1.00,    4, 0.000, 0.060, 0.100, 20
train,    2176, 66.540587,   33, 0.00,    5, 0.000, 0.060, 0.100, 20
train,    2177, 76.210285,   43, 0.00,    7, 0.000, 0.060, 0.100, 20
train,    2178, 70.696814,   31, 0.00,    7, 0.000, 0.060, 0.100, 20
train,    2179, 51.328148,   30, 0.00,    3, 0.000, 0.060, 0.100, 20
train,    2180, 28.982743,   39, 0.00,    2, 0.000, 0.060, 0.100, 20
train,    2181, 48.379817,   45, 0.00,    6, 0.000, 0.060, 0.100, 20
train,    2182, 44.218434,   43, 0.00,    5, 0.000, 0.060, 0.100, 20
train,    2183, 31.205033,   43, 0.00,    1, 0.000, 0.060, 0.100, 20
train,    2184, 22.130397,   43, 0.00,    6, 0.000, 0.060, 0.100, 20
train,    2185, 35.482297,   35, 0.00,    3, 0.000, 0.060, 0.100, 20
train,    2186, 36.882617,   45, 0.00,   10, 0.000, 0.060, 0.100, 20
train,    2187, 31.850416,   38, 1.00,    7, 0.000, 0.060, 0.100, 20
train,    2188, 11.976001,   36, 0.00,    5, 0.000, 0.060, 0.100, 20
train,    2189, -4.301651,   44, 1.00,    7, 0.000, 0.060, 0.100, 21
train,    2190, 4.254785,   34, 0.00,    6, 0.000, 0.060, 0.100, 21
train,    2191, 21.791064,   44, 1.00,    8, 0.000, 0.060, 0.100, 21
train,    2192, 6.117972,   32, 0.00,    5, 0.000, 0.060, 0.100, 21
train,    2193, 30.685331,   39, 0.00,    4, 0.000, 0.060, 0.100, 21
train,    2194, -8.232727,   43, 1.00,    8, 0.000, 0.060, 0.100, 21
train,    2195, -6.158991,   34, 1.00,    7, 0.000, 0.060, 0.100, 21
train,    2196, 20.180546,   28, 0.00,    6, 0.000, 0.060, 0.100, 21
train,    2197, 18.737039,   35, 0.00,    5, 0.000, 0.060, 0.100, 21
train,    2198, 3.617097,   36, 0.00,   10, 0.000, 0.060, 0.100, 21
train,    2199, 36.912088,   43, 0.00,    7, 0.000, 0.060, 0.100, 21
val,      2199, 20.721409, 0.1277,  35.0818,   1.6989, 0.8423,  13.4693
train,    2200, 15.938477,   34, 0.00,    6, 0.000, 0.060, 0.100, 21
update,   2200,   55,  541, 31.200931, 0.000000
train,    2201, 33.607036,   36, 0.00,    8, 0.000, 0.060, 0.100, 21
train,    2202, 20.614933,   29, 0.00,    3, 0.000, 0.060, 0.100, 21
train,    2203, 15.801672,   40, 1.00,    8, 0.000, 0.060, 0.100, 21
train,    2204, 16.498117,   32, 0.00,    6, 0.000, 0.060, 0.100, 22
train,    2205, 17.202648,   28, 1.00,    6, 0.000, 0.060, 0.100, 22
train,    2206, 22.872252,   34, 0.00,    8, 0.000, 0.060, 0.100, 22
train,    2207, 28.846786,   34, 1.00,    7, 0.000, 0.060, 0.100, 22
train,    2208, 55.969387,   44, 0.00,    8, 0.000, 0.060, 0.100, 22
train,    2209, 51.459455,   33, 0.00,    7, 0.000, 0.060, 0.100, 22
train,    2210, 26.253714,   34, 1.00,    8, 0.000, 0.060, 0.100, 22
train,    2211, 47.786090,   44, 0.00,   11, 0.000, 0.060, 0.100, 22
train,    2212, 20.835943,   37, 0.00,    9, 0.000, 0.060, 0.100, 22
train,    2213, 25.149585,   33, 0.00,    8, 0.000, 0.060, 0.100, 22
train,    2214, 46.957768,   38, 0.00,    7, 0.000, 0.060, 0.100, 22
train,    2215, 26.822207,   31, 0.00,    7, 0.000, 0.060, 0.100, 22
train,    2216, 44.512200,   35, 0.00,   10, 0.000, 0.060, 0.100, 22
train,    2217, 32.389550,   43, 0.00,    9, 0.000, 0.060, 0.100, 22
train,    2218, 50.839533,   42, 0.00,   11, 0.000, 0.060, 0.100, 22
train,    2219, 48.425376,   32, 0.00,    7, 0.000, 0.060, 0.100, 22
train,    2220, 34.142054,   44, 1.00,    8, 0.000, 0.060, 0.100, 23
train,    2221, 28.239725,   42, 1.00,    8, 0.000, 0.060, 0.100, 23
train,    2222, 36.239988,   35, 0.00,   10, 0.000, 0.060, 0.100, 23
train,    2223, 43.743671,   31, 1.00,   10, 0.000, 0.060, 0.100, 23
train,    2224, 47.999309,   33, 1.00,   10, 0.000, 0.060, 0.100, 23
val,      2224, 32.150555, 0.1845,  42.5517,   2.0314, 0.7386,  13.5884
train,    2225, 65.477123,   39, 1.00,   10, 0.000, 0.060, 0.100, 23
train,    2226, 60.923413,   36, 0.00,    9, 0.000, 0.060, 0.100, 23
train,    2227, 54.394900,   54, 0.00,   10, 0.000, 0.060, 0.100, 23
train,    2228, 41.582245,   44, 0.00,   13, 0.000, 0.060, 0.100, 23
train,    2229, 49.764538,   40, 0.00,    8, 0.000, 0.060, 0.100, 23
train,    2230, 45.246602,   47, 0.00,    8, 0.000, 0.060, 0.100, 23
train,    2231, 21.713798,   44, 0.00,    7, 0.000, 0.060, 0.100, 23
train,    2232, 74.402313,   47, 0.00,    7, 0.000, 0.060, 0.100, 23
train,    2233, 52.781516,   46, 0.00,    5, 0.000, 0.060, 0.100, 23
train,    2234, 68.115686,   46, 1.00,   12, 0.000, 0.060, 0.100, 23
train,    2235, 60.543745,   45, 0.00,   12, 0.000, 0.060, 0.100, 23
train,    2236, 50.229191,   41, 0.00,   11, 0.000, 0.060, 0.100, 23
train,    2237, 84.105036,   46, 0.00,    7, 0.000, 0.060, 0.100, 23
train,    2238, 72.204682,   45, 0.00,   10, 0.000, 0.060, 0.100, 24
train,    2239, 56.029450,   44, 1.00,   10, 0.000, 0.060, 0.100, 24
train,    2240, 54.028619,   45, 1.00,    7, 0.000, 0.060, 0.100, 24
update,   2240,   56,  541, 30.316915, 0.000000
train,    2241, 47.584457,   46, 1.00,    9, 0.000, 0.060, 0.100, 24
train,    2242, 56.191035,   36, 1.00,    9, 0.000, 0.060, 0.100, 24
train,    2243, 43.792450,   38, 0.00,   11, 0.000, 0.060, 0.100, 24
train,    2244, 59.020971,   43, 1.00,    5, 0.000, 0.060, 0.100, 24
train,    2245, 31.056088,   46, 0.00,    7, 0.000, 0.060, 0.100, 24
train,    2246, 44.130158,   47, 0.00,   10, 0.000, 0.060, 0.100, 24
train,    2247, 40.082221,   56, 0.00,    8, 0.000, 0.060, 0.100, 24
train,    2248, 9.208278,   45, 1.00,    6, 0.000, 0.060, 0.100, 24
train,    2249, 30.903111,   46, 0.00,   10, 0.000, 0.060, 0.100, 24
val,      2249, 48.831038, 0.1926,  29.9392,   1.9797, 0.7945,  12.8305
train,    2250, 25.968692,   45, 0.00,    6, 0.000, 0.060, 0.100, 24
train,    2251, 4.253564,   43, 1.00,    8, 0.000, 0.060, 0.100, 24
train,    2252, -5.265933,   43, 1.00,    5, 0.000, 0.060, 0.100, 24
train,    2253, -9.249275,   43, 0.00,    8, 0.000, 0.060, 0.100, 24
train,    2254, 8.762275,   45, 1.00,    3, 0.000, 0.060, 0.100, 24
train,    2255, 27.934871,   57, 0.00,    7, 0.000, 0.060, 0.100, 24
train,    2256, 19.648660,   44, 0.00,    6, 0.000, 0.060, 0.100, 24
train,    2257, -5.993900,   41, 1.00,    4, 0.000, 0.060, 0.100, 24
train,    2258, -20.785808,   38, 1.00,    5, 0.000, 0.060, 0.100, 24
train,    2259, -13.434840,   49, 0.00,    6, 0.000, 0.060, 0.100, 24
train,    2260, -13.897943,   39, 0.00,    5, 0.000, 0.060, 0.100, 24
train,    2261, -11.313056,   50, 1.00,    5, 0.000, 0.060, 0.100, 24
train,    2262, -18.516740,   51, 0.00,    4, 0.000, 0.060, 0.100, 24
train,    2263, -11.543845,   60, 0.00,    6, 0.000, 0.060, 0.100, 24
train,    2264, -24.870958,   44, 1.00,    3, 0.000, 0.060, 0.100, 24
train,    2265, -6.327725,   44, 1.00,    7, 0.000, 0.060, 0.100, 24
train,    2266, -16.833648,   46, 0.00,    6, 0.000, 0.060, 0.100, 25
train,    2267, -6.929667,   36, 0.00,    3, 0.000, 0.060, 0.100, 25
train,    2268, 18.847747,   54, 1.00,    7, 0.000, 0.060, 0.100, 25
train,    2269, 1.347416,   46, 1.00,    5, 0.000, 0.060, 0.100, 25
train,    2270, 14.820001,   42, 0.00,    4, 0.000, 0.060, 0.100, 25
train,    2271, 12.509626,   40, 0.00,    7, 0.000, 0.060, 0.100, 25
train,    2272, -14.621708,   42, 1.00,    6, 0.000, 0.060, 0.100, 25
train,    2273, 30.756104,   45, 1.00,    3, 0.000, 0.060, 0.100, 25
train,    2274, 19.111908,   46, 0.00,    3, 0.000, 0.060, 0.100, 25
val,      2274, 36.767260, 0.1873,  33.0020,   1.7196, 0.8093,  13.1343
train,    2275, 9.691328,   56, 1.00,    9, 0.000, 0.060, 0.100, 25
train,    2276, 8.690452,   38, 1.00,    6, 0.000, 0.060, 0.100, 25
train,    2277, 18.518277,   38, 0.00,    8, 0.000, 0.060, 0.100, 25
train,    2278, 26.339100,   50, 0.00,    4, 0.000, 0.060, 0.100, 25
train,    2279, 20.198937,   42, 0.00,    5, 0.000, 0.060, 0.100, 25
train,    2280, 33.649593,   45, 0.00,    6, 0.000, 0.060, 0.100, 25
update,   2280,   57,  571, 31.910377, 0.000000
train,    2281, 24.206858,   44, 0.00,    4, 0.000, 0.060, 0.100, 25
train,    2282, 29.528374,   47, 1.00,    5, 0.000, 0.060, 0.100, 25
train,    2283, 45.688079,   41, 1.00,    4, 0.000, 0.060, 0.100, 25
train,    2284, 27.718854,   42, 1.00,    7, 0.000, 0.060, 0.100, 25
train,    2285, 51.893813,   47, 0.00,    4, 0.000, 0.060, 0.100, 25
train,    2286, 50.755950,   44, 0.00,    3, 0.000, 0.060, 0.100, 25
train,    2287, 20.793950,   42, 0.00,    3, 0.000, 0.060, 0.100, 25
train,    2288, 21.586840,   57, 0.00,    7, 0.000, 0.060, 0.100, 25
train,    2289, 25.330366,   45, 0.00,    7, 0.000, 0.060, 0.100, 25
train,    2290, 47.816484,   40, 0.00,    6, 0.000, 0.060, 0.100, 25
train,    2291, 26.619018,   41, 0.00,    3, 0.000, 0.060, 0.100, 25
train,    2292, 61.888101,   41, 1.00,    5, 0.000, 0.060, 0.100, 25
train,    2293, 29.838560,   41, 0.00,    2, 0.000, 0.060, 0.100, 25
train,    2294, 36.823124,   42, 0.00,    4, 0.000, 0.060, 0.100, 25
train,    2295, 41.079686,   40, 0.00,    7, 0.000, 0.060, 0.100, 25
train,    2296, 67.387681,   36, 0.00,    3, 0.000, 0.060, 0.100, 25
train,    2297, 42.892080,   31, 0.00,    6, 0.000, 0.060, 0.100, 25
train,    2298, 84.692192,   36, 0.00,   10, 0.000, 0.060, 0.100, 25
train,    2299, 51.834360,   36, 0.00,    5, 0.000, 0.060, 0.100, 25
val,      2299, 29.154608, 0.2015,  35.3147,   1.4429, 0.7213,  13.8443
train,    2300, 61.665325,   37, 0.00,    9, 0.000, 0.060, 0.100, 25
train,    2301, 71.757534,   32, 1.00,    7, 0.000, 0.060, 0.100, 24
train,    2302, 35.854987,   42, 0.00,    3, 0.000, 0.060, 0.100, 24
train,    2303, 61.827195,   36, 1.00,    6, 0.000, 0.060, 0.100, 24
train,    2304, 47.186352,   35, 0.00,    9, 0.000, 0.060, 0.100, 24
train,    2305, 74.822205,   32, 0.00,    5, 0.000, 0.060, 0.100, 24
train,    2306, 56.420377,   29, 0.00,   10, 0.000, 0.060, 0.100, 24
train,    2307, 54.737567,   34, 1.00,    8, 0.000, 0.060, 0.100, 24
train,    2308, 54.930431,   36, 1.00,    7, 0.000, 0.060, 0.100, 24
train,    2309, 42.029028,   39, 0.00,    8, 0.000, 0.060, 0.100, 24
train,    2310, 17.239353,   26, 1.00,    8, 0.000, 0.060, 0.100, 24
train,    2311, 57.071661,   37, 0.00,    5, 0.000, 0.060, 0.100, 24
train,    2312, 29.052391,   40, 1.00,    9, 0.000, 0.060, 0.100, 24
train,    2313, 27.245581,   25, 0.00,    9, 0.000, 0.060, 0.100, 24
train,    2314, 39.485803,   29, 0.00,    9, 0.000, 0.060, 0.100, 24
train,    2315, 30.219055,   36, 0.00,   12, 0.000, 0.060, 0.100, 24
train,    2316, 31.763878,   49, 1.00,    8, 0.000, 0.060, 0.100, 24
train,    2317, 41.282250,   40, 0.00,   12, 0.000, 0.060, 0.100, 24
train,    2318, 14.699532,   32, 0.00,    9, 0.000, 0.060, 0.100, 24
train,    2319, 12.093323,   34, 0.00,    9, 0.000, 0.060, 0.100, 24
train,    2320, 22.522609,   34, 1.00,    9, 0.000, 0.060, 0.100, 24
update,   2320,   58,  530, 32.891589, 0.000000
train,    2321, 4.577325,   40, 0.00,    7, 0.000, 0.060, 0.100, 24
train,    2322, -3.778002,   36, 0.00,    5, 0.000, 0.060, 0.100, 24
train,    2323, 12.037400,   36, 1.00,    8, 0.000, 0.060, 0.100, 24
train,    2324, 33.403138,   39, 0.00,    9, 0.000, 0.060, 0.100, 24
val,      2324, 26.354062, 0.1817,  38.2419,   1.5530, 0.7235,  13.3081
train,    2325, 30.470399,   39, 0.00,   12, 0.000, 0.060, 0.100, 24
train,    2326, 20.589155,   29, 0.00,    7, 0.000, 0.060, 0.100, 24
train,    2327, -7.592116,   39, 0.00,    8, 0.000, 0.060, 0.100, 24
train,    2328, 6.264043,   25, 0.00,    8, 0.000, 0.060, 0.100, 24
train,    2329, 11.311927,   39, 0.00,   11, 0.000, 0.060, 0.100, 24
train,    2330, 5.048990,   42, 1.00,    9, 0.000, 0.060, 0.100, 23
train,    2331, 33.906377,   35, 0.00,   10, 0.000, 0.060, 0.100, 23
train,    2332, 40.833106,   36, 0.00,    3, 0.000, 0.060, 0.100, 23
train,    2333, 29.280105,   44, 0.00,    8, 0.000, 0.060, 0.100, 23
train,    2334, 32.622521,   41, 0.00,    6, 0.000, 0.060, 0.100, 23
train,    2335, 30.630640,   44, 0.00,   10, 0.000, 0.060, 0.100, 23
train,    2336, 30.842106,   46, 0.00,    9, 0.000, 0.060, 0.100, 23
train,    2337, 26.124600,   40, 0.00,    7, 0.000, 0.060, 0.100, 23
train,    2338, 35.751153,   41, 1.00,    9, 0.000, 0.060, 0.100, 23
train,    2339, 44.151426,   40, 0.00,    8, 0.000, 0.060, 0.100, 23
train,    2340, 49.588888,   35, 1.00,   13, 0.000, 0.060, 0.100, 23
train,    2341, 46.936192,   42, 0.00,   11, 0.000, 0.060, 0.100, 23
train,    2342, 37.864806,   39, 0.00,   10, 0.000, 0.060, 0.100, 23
train,    2343, 35.114828,   46, 0.00,    9, 0.000, 0.060, 0.100, 23
train,    2344, 72.610627,   52, 1.00,    8, 0.000, 0.060, 0.100, 23
train,    2345, 43.723643,   42, 1.00,    8, 0.000, 0.060, 0.100, 23
train,    2346, 43.113331,   47, 0.00,   11, 0.000, 0.060, 0.100, 23
train,    2347, 53.474440,   43, 0.00,    8, 0.000, 0.060, 0.100, 23
train,    2348, 34.928151,   37, 0.00,    9, 0.000, 0.060, 0.100, 23
train,    2349, 69.754527,   44, 0.00,    5, 0.000, 0.060, 0.100, 23
val,      2349, 30.253684, 0.1214,  42.0715,   1.5811, 0.7541,  13.1653
train,    2350, 63.752657,   47, 1.00,    4, 0.000, 0.060, 0.100, 22
train,    2351, 61.232936,   36, 1.00,    6, 0.000, 0.060, 0.100, 22
train,    2352, 53.984351,   39, 0.00,    8, 0.000, 0.060, 0.100, 22
train,    2353, 43.205603,   48, 1.00,    7, 0.000, 0.060, 0.100, 22
train,    2354, 47.672338,   44, 1.00,    9, 0.000, 0.060, 0.100, 22
train,    2355, 54.986664,   47, 1.00,    7, 0.000, 0.060, 0.100, 22
train,    2356, 74.837640,   44, 1.00,    6, 0.000, 0.060, 0.100, 22
train,    2357, 84.229771,   38, 0.00,    8, 0.000, 0.060, 0.100, 22
train,    2358, 67.812938,   52, 0.00,    5, 0.000, 0.060, 0.100, 22
train,    2359, 73.879119,   40, 0.00,    8, 0.000, 0.060, 0.100, 22
train,    2360, 83.672680,   41, 0.00,    7, 0.000, 0.060, 0.100, 22
update,   2360,   59,  528, 30.674906, 0.000000
train,    2361, 43.456350,   46, 0.00,    5, 0.000, 0.060, 0.100, 22
train,    2362, 84.642383,   55, 1.00,    7, 0.000, 0.060, 0.100, 22
train,    2363, 65.256637,   43, 0.00,    5, 0.000, 0.060, 0.100, 22
train,    2364, 72.798503,   47, 0.00,    6, 0.000, 0.060, 0.100, 22
train,    2365, 52.200486,   50, 1.00,    6, 0.000, 0.060, 0.100, 22
train,    2366, 59.609587,   52, 0.00,    4, 0.000, 0.060, 0.100, 22
train,    2367, 64.752819,   44, 1.00,    4, 0.000, 0.060, 0.100, 22
train,    2368, 62.259778,   49, 1.00,    3, 0.000, 0.060, 0.100, 22
train,    2369, 75.550762,   43, 0.00,    5, 0.000, 0.060, 0.100, 21
train,    2370, 76.093456,   45, 1.00,    4, 0.000, 0.060, 0.100, 21
train,    2371, 94.044918,   53, 0.00,    3, 0.000, 0.060, 0.100, 21
train,    2372, 76.959236,   50, 1.00,    1, 0.000, 0.060, 0.100, 21
train,    2373, 89.885859,   46, 0.00,    6, 0.000, 0.060, 0.100, 21
train,    2374, 70.225408,   38, 1.00,    4, 0.000, 0.060, 0.100, 21
val,      2374, 36.960954, 0.1681,  43.7252,   1.4658, 0.8333,  13.5544
train,    2375, 79.990038,   43, 1.00,    3, 0.000, 0.060, 0.100, 21
train,    2376, 57.438339,   43, 1.00,    6, 0.000, 0.060, 0.100, 21
train,    2377, 57.756069,   53, 1.00,    4, 0.000, 0.060, 0.100, 21
train,    2378, 57.593373,   52, 1.00,    2, 0.000, 0.060, 0.100, 21
train,    2379, 71.200819,   57, 0.00,    9, 0.000, 0.060, 0.100, 21
train,    2380, 43.619147,   41, 0.00,    4, 0.000, 0.060, 0.100, 21
train,    2381, 37.076760,   45, 0.00,    6, 0.000, 0.060, 0.100, 21
train,    2382, 41.236892,   40, 0.00,    5, 0.000, 0.060, 0.100, 21
train,    2383, 37.121134,   48, 0.00,    6, 0.000, 0.060, 0.100, 21
train,    2384, 19.345776,   30, 1.00,    5, 0.000, 0.060, 0.100, 21
train,    2385, 16.934217,   48, 0.00,    0, 0.000, 0.060, 0.100, 21
train,    2386, 25.322074,   35, 0.00,    8, 0.000, 0.060, 0.100, 21
train,    2387, 28.980598,   56, 1.00,    4, 0.000, 0.060, 0.100, 21
train,    2388, 8.137658,   40, 0.00,    6, 0.000, 0.060, 0.100, 21
train,    2389, 33.985573,   43, 1.00,    3, 0.000, 0.060, 0.100, 21
train,    2390, 9.727562,   45, 1.00,    5, 0.000, 0.060, 0.100, 20
train,    2391, 13.164331,   43, 1.00,    7, 0.000, 0.060, 0.100, 20
train,    2392, -4.323278,   41, 1.00,    2, 0.000, 0.060, 0.100, 20
train,    2393, 1.224372,   47, 0.00,    6, 0.000, 0.060, 0.100, 20
train,    2394, 13.887731,   49, 1.00,    6, 0.000, 0.060, 0.100, 20
train,    2395, -0.621954,   50, 1.00,    7, 0.000, 0.060, 0.100, 20
train,    2396, 31.900686,   38, 1.00,    6, 0.000, 0.060, 0.100, 20
train,    2397, -3.443793,   35, 0.00,    6, 0.000, 0.060, 0.100, 20
train,    2398, -1.315209,   36, 0.00,    6, 0.000, 0.060, 0.100, 20
train,    2399, 20.509032,   43, 0.00,    5, 0.000, 0.060, 0.100, 20
val,      2399, 51.591943, 0.1441,  37.4514,   1.7361, 0.7961,  13.7301
train,    2400, -5.076554,   40, 0.00,    5, 0.000, 0.060, 0.100, 20
update,   2400,   60,  544, 31.419714, 0.000000
train,    2401, 6.487106,   42, 0.00,    8, 0.000, 0.060, 0.100, 20
train,    2402, 31.589753,   38, 1.00,    8, 0.000, 0.060, 0.100, 20
train,    2403, 26.681088,   39, 1.00,    9, 0.000, 0.060, 0.100, 20
train,    2404, 41.983106,   41, 0.00,    4, 0.000, 0.060, 0.100, 20
train,    2405, 52.277825,   46, 0.00,    4, 0.000, 0.060, 0.100, 20
train,    2406, 36.638213,   52, 0.00,   10, 0.000, 0.060, 0.100, 20
train,    2407, 35.901557,   43, 1.00,    8, 0.000, 0.060, 0.100, 20
train,    2408, 38.027890,   39, 0.00,    5, 0.000, 0.060, 0.100, 20
train,    2409, 28.971340,   42, 1.00,    8, 0.000, 0.060, 0.100, 20
train,    2410, 38.288307,   41, 0.00,    7, 0.000, 0.060, 0.100, 20
train,    2411, 36.412830,   47, 0.00,    6, 0.000, 0.060, 0.100, 20
train,    2412, 62.456587,   47, 1.00,    9, 0.000, 0.060, 0.100, 20
train,    2413, 44.350931,   38, 0.00,    7, 0.000, 0.060, 0.100, 20
train,    2414, 34.884549,   32, 1.00,    8, 0.000, 0.060, 0.100, 20
train,    2415, 33.930461,   48, 0.00,    7, 0.000, 0.060, 0.100, 20
train,    2416, 49.811979,   36, 0.00,    8, 0.000, 0.060, 0.100, 20
train,    2417, 65.513065,   41, 0.00,    9, 0.000, 0.060, 0.100, 20
train,    2418, 39.657385,   38, 0.00,    6, 0.000, 0.060, 0.100, 20
train,    2419, 48.145512,   39, 0.00,    9, 0.000, 0.060, 0.100, 20
train,    2420, 43.762142,   28, 1.00,    9, 0.000, 0.060, 0.100, 20
train,    2421, 48.452055,   47, 1.00,    7, 0.000, 0.060, 0.100, 20
train,    2422, 40.244213,   34, 0.00,    8, 0.000, 0.060, 0.100, 20
train,    2423, 42.522898,   33, 0.00,   12, 0.000, 0.060, 0.100, 20
train,    2424, 62.394378,   37, 1.00,    8, 0.000, 0.060, 0.100, 20
val,      2424, 46.292133, 0.1866,  38.2756,   1.4278, 0.8210,  14.0484
train,    2425, 39.085618,   42, 0.00,   10, 0.000, 0.060, 0.100, 20
train,    2426, 38.284436,   43, 0.00,    8, 0.000, 0.060, 0.100, 20
train,    2427, 60.722907,   48, 0.00,    8, 0.000, 0.060, 0.100, 20
train,    2428, 58.629435,   40, 1.00,   10, 0.000, 0.060, 0.100, 20
train,    2429, 35.828724,   36, 1.00,    7, 0.000, 0.060, 0.100, 20
train,    2430, 53.312424,   39, 0.00,    7, 0.000, 0.060, 0.100, 20
train,    2431, 54.611406,   32, 1.00,    8, 0.000, 0.060, 0.100, 20
train,    2432, 44.407641,   37, 1.00,    9, 0.000, 0.060, 0.100, 20
train,    2433, 32.116648,   33, 0.00,    8, 0.000, 0.060, 0.100, 20
train,    2434, 46.312114,   32, 0.00,    7, 0.000, 0.060, 0.100, 20
train,    2435, 44.342987,   43, 0.00,    8, 0.000, 0.060, 0.100, 20
train,    2436, 45.565034,   37, 0.00,   10, 0.000, 0.060, 0.100, 20
train,    2437, 37.286836,   43, 0.00,    9, 0.000, 0.060, 0.100, 20
train,    2438, 52.366425,   37, 0.00,    9, 0.000, 0.060, 0.100, 20
train,    2439, 33.766260,   36, 0.00,    8, 0.000, 0.060, 0.100, 20
train,    2440, 44.816140,   37, 0.00,    9, 0.000, 0.060, 0.100, 20
update,   2440,   61,  528, 29.267837, 0.000000
train,    2441, 24.256400,   45, 0.00,    6, 0.000, 0.060, 0.100, 20
train,    2442, 30.514426,   40, 0.00,   13, 0.000, 0.060, 0.100, 20
train,    2443, 30.157013,   36, 0.00,    9, 0.000, 0.060, 0.100, 20
train,    2444, 36.463985,   39, 0.00,    8, 0.000, 0.060, 0.100, 20
train,    2445, 37.177207,   42, 0.00,    5, 0.000, 0.060, 0.100, 20
train,    2446, 25.242217,   42, 1.00,    5, 0.000, 0.060, 0.100, 20
train,    2447, 27.570132,   46, 0.00,    8, 0.000, 0.060, 0.100, 20
train,    2448, 25.083676,   42, 0.00,    8, 0.000, 0.060, 0.100, 20
train,    2449, 25.660489,   41, 0.00,    7, 0.000, 0.060, 0.100, 20
val,      2449, 37.684675, 0.1852,  38.9363,   1.5351, 0.8055,  13.8275
train,    2450, 31.085781,   42, 0.00,    8, 0.000, 0.060, 0.100, 20
train,    2451, 6.030256,   35, 1.00,    9, 0.000, 0.060, 0.100, 20
train,    2452, 10.248245,   35, 1.00,    6, 0.000, 0.060, 0.100, 20
train,    2453, 22.295390,   43, 0.00,    7, 0.000, 0.060, 0.100, 20
train,    2454, 8.670110,   50, 0.00,    6, 0.000, 0.060, 0.100, 20
train,    2455, 7.076772,   41, 0.00,    7, 0.000, 0.060, 0.100, 20
train,    2456, -10.339700,   44, 0.00,    5, 0.000, 0.060, 0.100, 20
train,    2457, 16.580936,   46, 0.00,    8, 0.000, 0.060, 0.100, 20
train,    2458, 0.378142,   48, 1.00,    8, 0.000, 0.060, 0.100, 20
train,    2459, -13.803635,   39, 0.00,    8, 0.000, 0.060, 0.100, 20
train,    2460, -9.591248,   44, 0.00,    5, 0.000, 0.060, 0.100, 20
train,    2461, -9.350040,   51, 0.00,    5, 0.000, 0.060, 0.100, 20
train,    2462, 3.426921,   43, 0.00,    6, 0.000, 0.060, 0.100, 20
train,    2463, -4.471123,   47, 0.00,    7, 0.000, 0.060, 0.100, 20
train,    2464, 1.732221,   44, 0.00,    4, 0.000, 0.060, 0.100, 20
train,    2465, 0.785509,   43, 1.00,    5, 0.000, 0.060, 0.100, 20
train,    2466, 17.492143,   56, 0.00,    6, 0.000, 0.060, 0.100, 20
train,    2467, 10.334349,   45, 0.00,    7, 0.000, 0.060, 0.100, 20
train,    2468, 4.333684,   57, 0.00,    6, 0.000, 0.060, 0.100, 20
train,    2469, 0.882358,   50, 0.00,    7, 0.000, 0.060, 0.100, 20
train,    2470, 15.278778,   50, 0.00,    2, 0.000, 0.060, 0.100, 21
train,    2471, 17.410272,   46, 0.00,    3, 0.000, 0.060, 0.100, 21
train,    2472, 17.716101,   44, 0.00,    4, 0.000, 0.060, 0.100, 21
train,    2473, 0.025581,   46, 0.00,    4, 0.000, 0.060, 0.100, 21
train,    2474, 16.177096,   43, 0.00,    5, 0.000, 0.060, 0.100, 21
val,      2474, 33.085643, 0.1507,  42.6144,   1.4664, 0.8319,  13.4452
train,    2475, 40.046854,   47, 1.00,    7, 0.000, 0.060, 0.100, 21
train,    2476, 24.635985,   39, 0.00,    5, 0.000, 0.060, 0.100, 21
train,    2477, 8.883863,   48, 1.00,    4, 0.000, 0.060, 0.100, 21
train,    2478, 37.152347,   43, 0.00,    5, 0.000, 0.060, 0.100, 21
train,    2479, 27.342014,   51, 0.00,    2, 0.000, 0.060, 0.100, 21
train,    2480, 34.726719,   49, 1.00,    3, 0.000, 0.060, 0.100, 21
update,   2480,   62,  531, 31.501279, 0.000000
train,    2481, 33.739330,   51, 0.00,    6, 0.000, 0.060, 0.100, 21
train,    2482, 56.234109,   58, 1.00,    4, 0.000, 0.060, 0.100, 21
train,    2483, 61.891567,   48, 0.00,    6, 0.000, 0.060, 0.100, 21
train,    2484, 51.393795,   40, 0.00,    4, 0.000, 0.060, 0.100, 21
train,    2485, 48.625611,   56, 0.00,    4, 0.000, 0.060, 0.100, 21
train,    2486, 50.754226,   45, 0.00,    6, 0.000, 0.060, 0.100, 21
train,    2487, 28.031887,   52, 0.00,    6, 0.000, 0.060, 0.100, 21
train,    2488, 22.776822,   46, 0.00,    3, 0.000, 0.060, 0.100, 21
train,    2489, 57.228983,   43, 0.00,    3, 0.000, 0.060, 0.100, 22
train,    2490, 42.654227,   44, 0.00,    4, 0.000, 0.060, 0.100, 22
train,    2491, 44.281132,   49, 0.00,    8, 0.000, 0.060, 0.100, 22
train,    2492, 45.290539,   45, 0.00,    6, 0.000, 0.060, 0.100, 22
train,    2493, 31.180187,   44, 0.00,    8, 0.000, 0.060, 0.100, 22
train,    2494, 36.693519,   44, 0.00,    2, 0.000, 0.060, 0.100, 22
train,    2495, 38.260371,   45, 0.00,    3, 0.000, 0.060, 0.100, 22
train,    2496, 62.324443,   47, 0.00,    7, 0.000, 0.060, 0.100, 22
train,    2497, 40.386215,   45, 1.00,    6, 0.000, 0.060, 0.100, 22
train,    2498, 64.741610,   40, 0.00,   10, 0.000, 0.060, 0.100, 22
train,    2499, 47.650100,   43, 0.00,    6, 0.000, 0.060, 0.100, 22
val,      2499, 34.898701, 0.2451,  37.4148,   1.1271, 0.7996,  13.9350
train,    2500, 52.099963,   36, 0.00,    5, 0.000, 0.060, 0.100, 22
train,    2501, 60.211987,   43, 0.00,    9, 0.000, 0.060, 0.100, 22
train,    2502, 41.608853,   46, 0.00,    6, 0.000, 0.060, 0.100, 22
train,    2503, 43.774561,   44, 0.00,   11, 0.000, 0.060, 0.100, 22
train,    2504, 38.736811,   46, 0.00,    6, 0.000, 0.060, 0.100, 22
train,    2505, 41.291909,   45, 1.00,    8, 0.000, 0.060, 0.100, 23
train,    2506, 42.686668,   45, 0.00,    6, 0.000, 0.060, 0.100, 23
train,    2507, 28.878614,   38, 1.00,    7, 0.000, 0.060, 0.100, 23
train,    2508, 35.258432,   48, 1.00,    6, 0.000, 0.060, 0.100, 23
train,    2509, 56.777463,   52, 0.00,    6, 0.000, 0.060, 0.100, 23
train,    2510, 52.126929,   35, 1.00,    7, 0.000, 0.060, 0.100, 23
train,    2511, 46.420172,   40, 0.00,    6, 0.000, 0.060, 0.100, 23
train,    2512, 36.089109,   38, 0.00,    7, 0.000, 0.060, 0.100, 23
train,    2513, 31.165769,   51, 0.00,    6, 0.000, 0.060, 0.100, 23
train,    2514, 35.538705,   46, 1.00,    5, 0.000, 0.060, 0.100, 23
train,    2515, 22.875127,   52, 1.00,    6, 0.000, 0.060, 0.100, 23
train,    2516, 29.400821,   38, 1.00,    5, 0.000, 0.060, 0.100, 23
train,    2517, 28.206954,   43, 0.00,    9, 0.000, 0.060, 0.100, 23
train,    2518, 17.381111,   48, 1.00,    8, 0.000, 0.060, 0.100, 23
train,    2519, 20.169125,   51, 1.00,    9, 0.000, 0.060, 0.100, 23
train,    2520, 27.016897,   47, 1.00,    7, 0.000, 0.060, 0.100, 24
update,   2520,   63,  538, 32.478394, 0.000000
train,    2521, 12.930627,   46, 0.00,    8, 0.000, 0.060, 0.100, 24
train,    2522, 24.388901,   42, 0.00,   11, 0.000, 0.060, 0.100, 24
train,    2523, 23.347854,   45, 1.00,    9, 0.000, 0.060, 0.100, 24
train,    2524, 9.000742,   47, 1.00,    8, 0.000, 0.060, 0.100, 24
val,      2524, 35.388630, 0.2246,  40.1331,   1.1004, 0.8438,  13.5980
train,    2525, 36.736703,   40, 1.00,    9, 0.000, 0.060, 0.100, 24
train,    2526, 10.757798,   39, 0.00,   11, 0.000, 0.060, 0.100, 24
train,    2527, 11.382331,   37, 1.00,   11, 0.000, 0.060, 0.100, 24
train,    2528, 16.862198,   43, 0.00,    8, 0.000, 0.060, 0.100, 24
train,    2529, 25.833912,   43, 1.00,   10, 0.000, 0.060, 0.100, 24
train,    2530, -0.403651,   42, 1.00,    7, 0.000, 0.060, 0.100, 24
train,    2531, 24.154150,   51, 1.00,    7, 0.000, 0.060, 0.100, 24
train,    2532, 15.436611,   41, 1.00,   10, 0.000, 0.060, 0.100, 24
train,    2533, 33.343129,   39, 0.00,    8, 0.000, 0.060, 0.100, 24
train,    2534, 18.070953,   42, 1.00,    9, 0.000, 0.060, 0.100, 24
train,    2535, 19.374325,   40, 1.00,    9, 0.000, 0.060, 0.100, 24
train,    2536, 24.516086,   43, 0.00,    7, 0.000, 0.060, 0.100, 25
train,    2537, 36.880309,   36, 1.00,   12, 0.000, 0.060, 0.100, 25
train,    2538, 35.380533,   38, 1.00,    9, 0.000, 0.060, 0.100, 25
train,    2539, 35.701576,   43, 1.00,    8, 0.000, 0.060, 0.100, 25
train,    2540, 48.201933,   46, 0.00,    7, 0.000, 0.060, 0.100, 25
train,    2541, 45.884196,   40, 0.00,   11, 0.000, 0.060, 0.100, 25
train,    2542, 50.343456,   36, 1.00,    8, 0.000, 0.060, 0.100, 25
train,    2543, 50.166535,   47, 1.00,    5, 0.000, 0.060, 0.100, 25
train,    2544, 44.237435,   37, 1.00,    8, 0.000, 0.060, 0.100, 25
train,    2545, 52.293131,   46, 0.00,   11, 0.000, 0.060, 0.100, 25
train,    2546, 67.897571,   45, 1.00,   10, 0.000, 0.060, 0.100, 25
train,    2547, 54.375466,   50, 0.00,   11, 0.000, 0.060, 0.100, 25
train,    2548, 62.980222,   36, 1.00,    8, 0.000, 0.060, 0.100, 25
train,    2549, 58.842708,   35, 1.00,    7, 0.000, 0.060, 0.100, 25
val,      2549, 42.259039, 0.2001,  41.5656,   1.5815, 0.8349,  13.5832
train,    2550, 56.832012,   34, 1.00,    5, 0.000, 0.060, 0.100, 25
train,    2551, 72.429300,   40, 0.00,    5, 0.000, 0.060, 0.100, 25
train,    2552, 65.850277,   40, 0.00,    8, 0.000, 0.060, 0.100, 25
train,    2553, 68.564563,   33, 1.00,    7, 0.000, 0.060, 0.100, 25
train,    2554, 73.285745,   37, 0.00,    8, 0.000, 0.060, 0.100, 26
train,    2555, 59.345412,   36, 1.00,    6, 0.000, 0.060, 0.100, 26
train,    2556, 59.056704,   37, 1.00,    8, 0.000, 0.060, 0.100, 26
train,    2557, 65.681559,   41, 0.00,   10, 0.000, 0.060, 0.100, 26
train,    2558, 64.869711,   40, 1.00,    9, 0.000, 0.060, 0.100, 26
train,    2559, 57.170759,   50, 1.00,    5, 0.000, 0.060, 0.100, 26
train,    2560, 68.285414,   28, 1.00,    4, 0.000, 0.060, 0.100, 26
update,   2560,   64,  569, 37.082355, 0.000000
train,    2561, 66.383038,   40, 1.00,    7, 0.000, 0.060, 0.100, 26
train,    2562, 55.609074,   36, 0.00,    7, 0.000, 0.060, 0.100, 26
train,    2563, 60.644550,   46, 0.00,    4, 0.000, 0.060, 0.100, 26
train,    2564, 71.809310,   39, 0.00,    8, 0.000, 0.060, 0.100, 26
train,    2565, 80.513068,   50, 0.00,    5, 0.000, 0.060, 0.100, 26
train,    2566, 48.421853,   42, 0.00,    9, 0.000, 0.060, 0.100, 26
train,    2567, 59.130781,   37, 0.00,    6, 0.000, 0.060, 0.100, 26
train,    2568, 46.469000,   44, 0.00,    9, 0.000, 0.060, 0.100, 26
train,    2569, 58.107170,   46, 0.00,    5, 0.000, 0.060, 0.100, 26
train,    2570, 67.745916,   46, 0.00,    5, 0.000, 0.060, 0.100, 26
train,    2571, 43.580545,   44, 0.00,    8, 0.000, 0.060, 0.100, 26
train,    2572, 47.821016,   47, 0.00,    5, 0.000, 0.060, 0.100, 26
train,    2573, 70.920058,   42, 0.00,    6, 0.000, 0.060, 0.100, 26
train,    2574, 69.068957,   47, 0.00,    4, 0.000, 0.060, 0.100, 26
val,      2574, 39.736378, 0.1253,  44.6749,   1.2091, 0.7598,  13.8482
train,    2575, 38.903980,   35, 1.00,    4, 0.000, 0.060, 0.100, 26
train,    2576, 62.226009,   48, 0.00,    2, 0.000, 0.060, 0.100, 26
train,    2577, 40.714389,   51, 0.00,    8, 0.000, 0.060, 0.100, 26
train,    2578, 55.802597,   39, 0.00,    6, 0.000, 0.060, 0.100, 26
train,    2579, 50.530121,   43, 1.00,    5, 0.000, 0.060, 0.100, 26
train,    2580, 55.248328,   45, 0.00,    5, 0.000, 0.060, 0.100, 26
train,    2581, 41.665906,   39, 0.00,    5, 0.000, 0.060, 0.100, 26
train,    2582, 46.130265,   47, 0.00,    5, 0.000, 0.060, 0.100, 26
train,    2583, 27.616700,   53, 0.00,    6, 0.000, 0.060, 0.100, 26
train,    2584, 32.147479,   46, 0.00,    4, 0.000, 0.060, 0.100, 26
train,    2585, 29.574225,   46, 0.00,    3, 0.000, 0.060, 0.100, 26
train,    2586, 26.986362,   50, 1.00,    4, 0.000, 0.060, 0.100, 26
train,    2587, 12.972788,   51, 0.00,    6, 0.000, 0.060, 0.100, 27
train,    2588, 20.344693,   43, 0.00,    5, 0.000, 0.060, 0.100, 27
train,    2589, 2.510764,   48, 0.00,    4, 0.000, 0.060, 0.100, 27
train,    2590, 14.919876,   46, 0.00,    5, 0.000, 0.060, 0.100, 27
train,    2591, 1.213445,   42, 0.00,    6, 0.000, 0.060, 0.100, 27
train,    2592, 8.852697,   53, 0.00,    5, 0.000, 0.060, 0.100, 27
train,    2593, 21.741937,   49, 0.00,    8, 0.000, 0.060, 0.100, 27
train,    2594, 30.200343,   46, 0.00,    3, 0.000, 0.060, 0.100, 27
train,    2595, 10.069291,   44, 0.00,    2, 0.000, 0.060, 0.100, 27
train,    2596, -0.293587,   51, 1.00,    3, 0.000, 0.060, 0.100, 27
train,    2597, 26.289792,   48, 0.00,    6, 0.000, 0.060, 0.100, 27
train,    2598, 14.360140,   51, 0.00,    9, 0.000, 0.060, 0.100, 27
train,    2599, 2.450010,   52, 0.00,    8, 0.000, 0.060, 0.100, 27
val,      2599, 25.966245, 0.1661,  41.7815,   1.1391, 0.8274,  13.4701
train,    2600, 28.370624,   44, 0.00,    8, 0.000, 0.060, 0.100, 27
update,   2600,   65,  554, 30.102206, 0.000000
train,    2601, 26.372460,   44, 0.00,    6, 0.000, 0.060, 0.100, 27
train,    2602, 40.718925,   51, 0.00,    6, 0.000, 0.060, 0.100, 27
train,    2603, 26.236316,   55, 0.00,   11, 0.000, 0.060, 0.100, 27
train,    2604, 20.691839,   40, 0.00,    6, 0.000, 0.060, 0.100, 27
train,    2605, 22.758570,   39, 0.00,    8, 0.000, 0.060, 0.100, 27
train,    2606, 29.501241,   50, 0.00,    7, 0.000, 0.060, 0.100, 27
train,    2607, 39.849414,   53, 0.00,    7, 0.000, 0.060, 0.100, 27
train,    2608, 6.304887,   52, 0.00,    9, 0.000, 0.060, 0.100, 26
train,    2609, 35.962699,   50, 0.00,    7, 0.000, 0.060, 0.100, 26
train,    2610, 38.012920,   47, 0.00,    9, 0.000, 0.060, 0.100, 26
train,    2611, 19.232030,   42, 0.00,    6, 0.000, 0.060, 0.100, 26
train,    2612, 37.433755,   41, 0.00,   12, 0.000, 0.060, 0.100, 26
train,    2613, 38.044838,   38, 0.00,    8, 0.000, 0.060, 0.100, 26
train,    2614, 38.157065,   46, 0.00,    9, 0.000, 0.060, 0.100, 26
train,    2615, 55.438875,   41, 0.00,   12, 0.000, 0.060, 0.100, 26
train,    2616, 52.470973,   47, 1.00,    9, 0.000, 0.060, 0.100, 26
train,    2617, 52.897359,   40, 0.00,    9, 0.000, 0.060, 0.100, 26
train,    2618, 63.827570,   41, 1.00,    8, 0.000, 0.060, 0.100, 26
train,    2619, 50.436317,   43, 0.00,    7, 0.000, 0.060, 0.100, 26
train,    2620, 65.473457,   43, 0.00,    8, 0.000, 0.060, 0.100, 26
train,    2621, 31.433231,   46, 0.00,   11, 0.000, 0.060, 0.100, 26
train,    2622, 57.843648,   43, 1.00,   10, 0.000, 0.060, 0.100, 26
train,    2623, 58.052726,   45, 1.00,   10, 0.000, 0.060, 0.100, 26
train,    2624, 37.821904,   55, 0.00,   11, 0.000, 0.060, 0.100, 26
val,      2624, 21.023856, 0.1907,  43.7999,   1.3140, 0.7731,  13.5264
train,    2625, 45.665203,   44, 1.00,   10, 0.000, 0.060, 0.100, 26
train,    2626, 41.318136,   39, 0.00,    9, 0.000, 0.060, 0.100, 26
train,    2627, 34.782254,   42, 1.00,    9, 0.000, 0.060, 0.100, 26
train,    2628, 34.394319,   47, 0.00,   11, 0.000, 0.060, 0.100, 26
train,    2629, 20.938599,   43, 0.00,   10, 0.000, 0.060, 0.100, 26
train,    2630, 42.922096,   36, 0.00,   14, 0.000, 0.060, 0.100, 26
train,    2631, 52.261242,   42, 0.00,   10, 0.000, 0.060, 0.100, 26
train,    2632, 28.651673,   44, 0.00,    9, 0.000, 0.060, 0.100, 26
train,    2633, 38.339816,   42, 0.00,   10, 0.000, 0.060, 0.100, 26
train,    2634, 43.773545,   41, 0.00,    7, 0.000, 0.060, 0.100, 26
train,    2635, 34.535141,   48, 1.00,   12, 0.000, 0.060, 0.100, 26
train,    2636, 48.935282,   50, 0.00,    7, 0.000, 0.060, 0.100, 26
train,    2637, 34.879895,   38, 1.00,    6, 0.000, 0.060, 0.100, 26
train,    2638, 56.876749,   38, 0.00,    6, 0.000, 0.060, 0.100, 26
train,    2639, 34.217462,   43, 0.00,    8, 0.000, 0.060, 0.100, 26
train,    2640, 18.430196,   40, 0.00,    8, 0.000, 0.060, 0.100, 26
update,   2640,   66,  537, 32.614772, 0.000000
train,    2641, 38.152275,   40, 0.00,    6, 0.000, 0.060, 0.100, 26
train,    2642, 25.919311,   39, 1.00,   10, 0.000, 0.060, 0.100, 25
train,    2643, 26.892510,   32, 1.00,   10, 0.000, 0.060, 0.100, 25
train,    2644, 31.149445,   38, 1.00,    6, 0.000, 0.060, 0.100, 25
train,    2645, 28.942235,   41, 0.00,   10, 0.000, 0.060, 0.100, 25
train,    2646, 40.705526,   37, 1.00,    9, 0.000, 0.060, 0.100, 25
train,    2647, 18.039566,   45, 0.00,   11, 0.000, 0.060, 0.100, 25
train,    2648, 16.543013,   36, 1.00,    7, 0.000, 0.060, 0.100, 25
train,    2649, 21.988522,   47, 1.00,    9, 0.000, 0.060, 0.100, 25
val,      2649, 18.076035, 0.1930,  42.2121,   0.9488, 0.8115,  13.3074
train,    2650, 12.995033,   45, 0.00,    8, 0.000, 0.060, 0.100, 25
train,    2651, 20.742644,   37, 1.00,   10, 0.000, 0.060, 0.100, 25
train,    2652, 10.719802,   45, 1.00,    8, 0.000, 0.060, 0.100, 25
train,    2653, 13.705897,   42, 1.00,    3, 0.000, 0.060, 0.100, 25
train,    2654, 0.498431,   38, 0.00,    6, 0.000, 0.060, 0.100, 25
train,    2655, -8.333556,   41, 0.00,    6, 0.000, 0.060, 0.100, 25
train,    2656, 8.317149,   39, 1.00,    8, 0.000, 0.060, 0.100, 25
train,    2657, 9.684811,   47, 0.00,    6, 0.000, 0.060, 0.100, 25
train,    2658, 5.165334,   47, 0.00,    5, 0.000, 0.060, 0.100, 25
train,    2659, 6.242822,   39, 1.00,    6, 0.000, 0.060, 0.100, 25
train,    2660, 8.446634,   40, 0.00,    3, 0.000, 0.060, 0.100, 25
train,    2661, 3.755495,   49, 0.00,    7, 0.000, 0.060, 0.100, 25
train,    2662, -4.152824,   36, 0.00,    7, 0.000, 0.060, 0.100, 24
train,    2663, 7.450247,   34, 0.00,    6, 0.000, 0.060, 0.100, 24
train,    2664, 7.803649,   46, 1.00,    5, 0.000, 0.060, 0.100, 24
train,    2665, -5.298730,   43, 0.00,    6, 0.000, 0.060, 0.100, 24
train,    2666, 6.752181,   46, 1.00,    4, 0.000, 0.060, 0.100, 24
train,    2667, 1.351823,   39, 0.00,    4, 0.000, 0.060, 0.100, 24
train,    2668, 4.925606,   41, 1.00,    2, 0.000, 0.060, 0.100, 24
train,    2669, 22.627961,   41, 1.00,    4, 0.000, 0.060, 0.100, 24
train,    2670, 31.599578,   35, 1.00,    7, 0.000, 0.060, 0.100, 24
train,    2671, 7.736720,   47, 0.00,    7, 0.000, 0.060, 0.100, 24
train,    2672, 25.951748,   39, 0.00,    7, 0.000, 0.060, 0.100, 24
train,    2673, 31.019064,   40, 1.00,    0, 0.000, 0.060, 0.100, 24
train,    2674, 15.655450,   52, 1.00,    4, 0.000, 0.060, 0.100, 24
val,      2674, 29.346112, 0.1720,  38.0815,   1.0126, 0.7985,  13.9564
train,    2675, 30.846748,   39, 0.00,    5, 0.000, 0.060, 0.100, 24
train,    2676, 37.676698,   52, 0.00,    8, 0.000, 0.060, 0.100, 24
train,    2677, 27.220162,   42, 1.00,    5, 0.000, 0.060, 0.100, 24
train,    2678, 31.057896,   49, 0.00,    1, 0.000, 0.060, 0.100, 24
train,    2679, 34.104503,   49, 0.00,    9, 0.000, 0.060, 0.100, 24
train,    2680, 42.584007,   45, 0.00,    7, 0.000, 0.060, 0.100, 24
update,   2680,   67,  509, 28.976852, 0.000000
train,    2681, 41.096862,   42, 0.00,    3, 0.000, 0.060, 0.100, 23
train,    2682, 44.545390,   50, 0.00,    2, 0.000, 0.060, 0.100, 23
train,    2683, 48.508673,   40, 0.00,    5, 0.000, 0.060, 0.100, 23
train,    2684, 39.044441,   42, 1.00,    6, 0.000, 0.060, 0.100, 23
train,    2685, 46.956651,   49, 0.00,    4, 0.000, 0.060, 0.100, 23
train,    2686, 45.946657,   45, 1.00,    5, 0.000, 0.060, 0.100, 23
train,    2687, 49.581838,   37, 0.00,    2, 0.000, 0.060, 0.100, 23
train,    2688, 39.073407,   50, 0.00,    2, 0.000, 0.060, 0.100, 23
train,    2689, 67.087568,   41, 0.00,    4, 0.000, 0.060, 0.100, 23
train,    2690, 51.804687,   43, 0.00,    8, 0.000, 0.060, 0.100, 23
train,    2691, 57.263076,   41, 0.00,    5, 0.000, 0.060, 0.100, 23
train,    2692, 52.432591,   47, 0.00,    7, 0.000, 0.060, 0.100, 23
train,    2693, 56.734122,   46, 1.00,    5, 0.000, 0.060, 0.100, 23
train,    2694, 54.870648,   52, 0.00,    7, 0.000, 0.060, 0.100, 23
train,    2695, 42.814534,   44, 1.00,    5, 0.000, 0.060, 0.100, 23
train,    2696, 50.101035,   49, 1.00,    4, 0.000, 0.060, 0.100, 23
train,    2697, 50.176909,   52, 0.00,    7, 0.000, 0.060, 0.100, 23
train,    2698, 42.391161,   49, 0.00,    9, 0.000, 0.060, 0.100, 23
train,    2699, 50.092466,   51, 1.00,    7, 0.000, 0.060, 0.100, 23
val,      2699, 41.853152, 0.1132,  40.2515,   1.1388, 0.8043,  13.4939
train,    2700, 32.707009,   48, 1.00,    6, 0.000, 0.060, 0.100, 23
train,    2701, 48.229549,   52, 0.00,    9, 0.000, 0.060, 0.100, 22
train,    2702, 41.524369,   46, 0.00,    8, 0.000, 0.060, 0.100, 22
train,    2703, 43.351375,   33, 1.00,    5, 0.000, 0.060, 0.100, 22
train,    2704, 42.695224,   54, 0.00,    9, 0.000, 0.060, 0.100, 22
train,    2705, 25.443356,   41, 0.00,    5, 0.000, 0.060, 0.100, 22
train,    2706, 36.465735,   39, 0.00,    7, 0.000, 0.060, 0.100, 22
train,    2707, 28.636135,   49, 0.00,    7, 0.000, 0.060, 0.100, 22
train,    2708, 41.337057,   53, 0.00,    9, 0.000, 0.060, 0.100, 22
train,    2709, 39.706699,   52, 1.00,    8, 0.000, 0.060, 0.100, 22
train,    2710, 41.970760,   49, 0.00,   10, 0.000, 0.060, 0.100, 22
train,    2711, 38.214230,   58, 0.00,   10, 0.000, 0.060, 0.100, 22
train,    2712, 34.507025,   51, 0.00,   10, 0.000, 0.060, 0.100, 22
train,    2713, 44.294087,   47, 0.00,    6, 0.000, 0.060, 0.100, 22
train,    2714, 31.420918,   45, 0.00,    6, 0.000, 0.060, 0.100, 22
train,    2715, 48.084325,   47, 0.00,    6, 0.000, 0.060, 0.100, 22
train,    2716, 34.576392,   48, 0.00,   11, 0.000, 0.060, 0.100, 22
train,    2717, 17.050492,   44, 1.00,    6, 0.000, 0.060, 0.100, 22
train,    2718, 19.599260,   48, 0.00,    9, 0.000, 0.060, 0.100, 22
train,    2719, 18.935087,   43, 0.00,    8, 0.000, 0.060, 0.100, 22
train,    2720, 46.064732,   45, 0.00,    7, 0.000, 0.060, 0.100, 22
update,   2720,   68,  553, 27.569031, 0.000000
train,    2721, 12.844084,   51, 0.00,    9, 0.000, 0.060, 0.100, 22
train,    2722, 25.605870,   52, 1.00,    8, 0.000, 0.060, 0.100, 22
train,    2723, 34.047164,   46, 0.00,   10, 0.000, 0.060, 0.100, 22
train,    2724, 39.905401,   47, 0.00,    6, 0.000, 0.060, 0.100, 22
val,      2724, 36.207802, 0.1780,  36.4747,   1.0713, 0.8461,  13.6994
train,    2725, 37.320265,   55, 0.00,    9, 0.000, 0.060, 0.100, 22
train,    2726, 17.215613,   49, 0.00,    7, 0.000, 0.060, 0.100, 22
train,    2727, 5.959420,   43, 0.00,    5, 0.000, 0.060, 0.100, 22
train,    2728, 20.308448,   52, 0.00,   12, 0.000, 0.060, 0.100, 22
train,    2729, 26.731615,   47, 0.00,    9, 0.000, 0.060, 0.100, 22
train,    2730, 6.522799,   41, 0.00,    7, 0.000, 0.060, 0.100, 22
train,    2731, 26.189937,   52, 0.00,    8, 0.000, 0.060, 0.100, 22
train,    2732, 21.141046,   37, 0.00,   12, 0.000, 0.060, 0.100, 22
train,    2733, 5.245810,   46, 0.00,   10, 0.000, 0.060, 0.100, 22
train,    2734, 16.542173,   34, 1.00,    5, 0.000, 0.060, 0.100, 22
train,    2735, 21.328281,   47, 0.00,    9, 0.000, 0.060, 0.100, 22
train,    2736, 34.041762,   48, 0.00,    8, 0.000, 0.060, 0.100, 22
train,    2737, 36.873119,   35, 0.00,   12, 0.000, 0.060, 0.100, 22
train,    2738, 14.065259,   50, 0.00,    6, 0.000, 0.060, 0.100, 21
train,    2739, 40.227858,   35, 0.00,    6, 0.000, 0.060, 0.100, 21
train,    2740, 31.699214,   38, 0.00,    7, 0.000, 0.060, 0.100, 21
train,    2741, 30.494751,   52, 0.00,    9, 0.000, 0.060, 0.100, 21
train,    2742, 51.859994,   45, 0.00,   11, 0.000, 0.060, 0.100, 21
train,    2743, 64.075801,   43, 0.00,    9, 0.000, 0.060, 0.100, 21
train,    2744, 49.493059,   49, 0.00,    5, 0.000, 0.060, 0.100, 21
train,    2745, 51.639408,   47, 1.00,   11, 0.000, 0.060, 0.100, 21
train,    2746, 56.051486,   46, 0.00,    9, 0.000, 0.060, 0.100, 21
train,    2747, 60.765110,   43, 1.00,    3, 0.000, 0.060, 0.100, 21
train,    2748, 59.973610,   49, 0.00,   10, 0.000, 0.060, 0.100, 21
train,    2749, 45.996823,   45, 0.00,    9, 0.000, 0.060, 0.100, 21
val,      2749, 30.899661, 0.1467,  36.7971,   1.0542, 0.8346,  13.5816
train,    2750, 63.505424,   46, 0.00,    7, 0.000, 0.060, 0.100, 22
train,    2751, 71.484011,   53, 0.00,   11, 0.000, 0.060, 0.100, 22
train,    2752, 56.911203,   40, 0.00,    6, 0.000, 0.060, 0.100, 22
train,    2753, 61.452420,   39, 0.00,    9, 0.000, 0.060, 0.100, 22
train,    2754, 46.866127,   50, 0.00,    4, 0.000, 0.060, 0.100, 22
train,    2755, 67.808128,   42, 0.00,    9, 0.000, 0.060, 0.100, 22
train,    2756, 50.995035,   37, 1.00,    9, 0.000, 0.060, 0.100, 22
train,    2757, 60.379236,   43, 1.00,    6, 0.000, 0.060, 0.100, 22
train,    2758, 55.159172,   41, 0.00,    6, 0.000, 0.060, 0.100, 22
train,    2759, 63.949264,   35, 0.00,    6, 0.000, 0.060, 0.100, 22
train,    2760, 60.600675,   46, 1.00,    7, 0.000, 0.060, 0.100, 22
update,   2760,   69,  528, 32.209135, 0.000000
train,    2761, 41.050796,   52, 1.00,    8, 0.000, 0.060, 0.100, 22
train,    2762, 64.692554,   43, 0.00,   10, 0.000, 0.060, 0.100, 22
train,    2763, 49.514373,   40, 1.00,    6, 0.000, 0.060, 0.100, 22
train,    2764, 58.480542,   39, 1.00,    3, 0.000, 0.060, 0.100, 22
train,    2765, 49.524771,   37, 0.00,    6, 0.000, 0.060, 0.100, 22
train,    2766, 39.460063,   42, 0.00,    3, 0.000, 0.060, 0.100, 22
train,    2767, 51.966755,   41, 0.00,    4, 0.000, 0.060, 0.100, 22
train,    2768, 51.057446,   44, 0.00,    7, 0.000, 0.060, 0.100, 22
train,    2769, 48.677236,   48, 0.00,    9, 0.000, 0.060, 0.100, 22
train,    2770, 39.994521,   41, 0.00,    9, 0.000, 0.060, 0.100, 22
train,    2771, 49.305022,   46, 1.00,    6, 0.000, 0.060, 0.100, 22
train,    2772, 43.617123,   40, 0.00,    4, 0.000, 0.060, 0.100, 22
train,    2773, 36.992675,   39, 0.00,    6, 0.000, 0.060, 0.100, 22
train,    2774, 49.081638,   36, 1.00,    5, 0.000, 0.060, 0.100, 22
val,      2774, 32.107336, 0.1507,  37.6859,   1.0731, 0.7963,  14.1725
train,    2775, 39.391134,   44, 1.00,    6, 0.000, 0.060, 0.100, 22
train,    2776, 25.030432,   46, 0.00,    1, 0.000, 0.060, 0.100, 22
train,    2777, 33.883225,   45, 0.00,    5, 0.000, 0.060, 0.100, 22
train,    2778, 35.771309,   33, 1.00,    3, 0.000, 0.060, 0.100, 22
train,    2779, 41.826613,   47, 1.00,    2, 0.000, 0.060, 0.100, 22
train,    2780, 38.371825,   42, 0.00,    6, 0.000, 0.060, 0.100, 22
train,    2781, 30.971915,   40, 0.00,    1, 0.000, 0.060, 0.100, 22
train,    2782, 38.615224,   45, 1.00,    9, 0.000, 0.060, 0.100, 22
train,    2783, 45.076181,   44, 1.00,    7, 0.000, 0.060, 0.100, 22
train,    2784, 43.442633,   46, 0.00,    8, 0.000, 0.060, 0.100, 22
train,    2785, 30.447171,   41, 1.00,    5, 0.000, 0.060, 0.100, 22
train,    2786, 32.338713,   38, 1.00,    2, 0.000, 0.060, 0.100, 23
train,    2787, 31.611352,   43, 0.00,    3, 0.000, 0.060, 0.100, 23
train,    2788, 30.768367,   44, 1.00,    5, 0.000, 0.060, 0.100, 23
train,    2789, 35.059232,   39, 0.00,    8, 0.000, 0.060, 0.100, 23
train,    2790, 41.869038,   47, 1.00,    4, 0.000, 0.060, 0.100, 23
train,    2791, 38.096835,   38, 1.00,    4, 0.000, 0.060, 0.100, 23
train,    2792, 18.124801,   44, 1.00,    5, 0.000, 0.060, 0.100, 23
train,    2793, 19.944612,   49, 0.00,    3, 0.000, 0.060, 0.100, 23
train,    2794, 26.207450,   45, 1.00,    5, 0.000, 0.060, 0.100, 23
train,    2795, 7.892146,   48, 0.00,    6, 0.000, 0.060, 0.100, 23
train,    2796, 24.763375,   48, 1.00,    7, 0.000, 0.060, 0.100, 23
train,    2797, 22.573521,   45, 0.00,    7, 0.000, 0.060, 0.100, 23
train,    2798, 23.781575,   49, 1.00,    7, 0.000, 0.060, 0.100, 23
train,    2799, 34.096716,   44, 1.00,    4, 0.000, 0.060, 0.100, 23
val,      2799, 29.099636, 0.1537,  40.1446,   1.2518, 0.8273,  14.0607
train,    2800, 21.599812,   49, 1.00,    9, 0.000, 0.060, 0.100, 23
update,   2800,   70,  536, 35.291116, 0.000000
train,    2801, 9.818220,   50, 1.00,    3, 0.000, 0.060, 0.100, 23
train,    2802, 20.472011,   56, 0.00,    6, 0.000, 0.060, 0.100, 23
train,    2803, 29.448704,   47, 0.00,    9, 0.000, 0.060, 0.100, 23
train,    2804, 33.429388,   39, 0.00,    6, 0.000, 0.060, 0.100, 23
train,    2805, 25.661859,   44, 1.00,    7, 0.000, 0.060, 0.100, 24
train,    2806, 31.160415,   45, 0.00,    4, 0.000, 0.060, 0.100, 24
train,    2807, 15.551146,   42, 1.00,   12, 0.000, 0.060, 0.100, 24
train,    2808, 36.408581,   50, 0.00,    6, 0.000, 0.060, 0.100, 24
train,    2809, 30.546709,   48, 0.00,    5, 0.000, 0.060, 0.100, 24
train,    2810, 46.908421,   49, 0.00,    8, 0.000, 0.060, 0.100, 24
train,    2811, 40.622604,   53, 0.00,    7, 0.000, 0.060, 0.100, 24
train,    2812, 38.644501,   45, 0.00,    9, 0.000, 0.060, 0.100, 24
train,    2813, 53.002882,   44, 1.00,   10, 0.000, 0.060, 0.100, 24
train,    2814, 53.311100,   42, 0.00,    9, 0.000, 0.060, 0.100, 24
train,    2815, 47.876566,   44, 1.00,   10, 0.000, 0.060, 0.100, 24
train,    2816, 47.684180,   51, 0.00,    7, 0.000, 0.060, 0.100, 24
train,    2817, 47.804562,   45, 0.00,    9, 0.000, 0.060, 0.100, 24
train,    2818, 39.971947,   44, 0.00,    9, 0.000, 0.060, 0.100, 24
train,    2819, 34.949477,   46, 0.00,   10, 0.000, 0.060, 0.100, 24
train,    2820, 32.273499,   50, 1.00,    8, 0.000, 0.060, 0.100, 24
train,    2821, 54.439738,   57, 0.00,    7, 0.000, 0.060, 0.100, 25
train,    2822, 45.143053,   54, 0.00,    7, 0.000, 0.060, 0.100, 25
train,    2823, 64.432865,   45, 0.00,   10, 0.000, 0.060, 0.100, 25
train,    2824, 46.691688,   52, 0.00,    8, 0.000, 0.060, 0.100, 25
val,      2824, 36.681091, 0.1867,  44.9010,   1.0397, 0.8065,  13.8446
train,    2825, 48.736128,   43, 0.00,   11, 0.000, 0.060, 0.100, 25
train,    2826, 41.388659,   44, 0.00,    9, 0.000, 0.060, 0.100, 25
train,    2827, 38.128123,   47, 0.00,    7, 0.000, 0.060, 0.100, 25
train,    2828, 39.753217,   50, 0.00,    7, 0.000, 0.060, 0.100, 25
train,    2829, 37.094012,   43, 1.00,    7, 0.000, 0.060, 0.100, 25
train,    2830, 34.528002,   52, 1.00,    8, 0.000, 0.060, 0.100, 25
train,    2831, 45.647400,   47, 0.00,    8, 0.000, 0.060, 0.100, 25
train,    2832, 37.938537,   53, 0.00,   11, 0.000, 0.060, 0.100, 25
train,    2833, 32.341775,   43, 1.00,    9, 0.000, 0.060, 0.100, 25
train,    2834, 28.877247,   41, 0.00,    5, 0.000, 0.060, 0.100, 25
train,    2835, 22.176325,   44, 0.00,   11, 0.000, 0.060, 0.100, 25
train,    2836, 21.677602,   39, 0.00,    6, 0.000, 0.060, 0.100, 26
train,    2837, 22.928922,   44, 0.00,    9, 0.000, 0.060, 0.100, 26
train,    2838, 45.959614,   42, 0.00,   11, 0.000, 0.060, 0.100, 26
train,    2839, 25.534731,   48, 1.00,   12, 0.000, 0.060, 0.100, 26
train,    2840, 35.638751,   54, 1.00,    7, 0.000, 0.060, 0.100, 26
update,   2840,   71,  510, 33.122136, 0.000000
train,    2841, 17.774409,   47, 1.00,   10, 0.000, 0.060, 0.100, 26
train,    2842, 24.034903,   43, 0.00,   12, 0.000, 0.060, 0.100, 26
train,    2843, 21.252233,   41, 1.00,    6, 0.000, 0.060, 0.100, 26
train,    2844, 25.690234,   45, 0.00,    7, 0.000, 0.060, 0.100, 26
train,    2845, 19.262404,   44, 1.00,    8, 0.000, 0.060, 0.100, 26
train,    2846, 33.870742,   49, 0.00,    7, 0.000, 0.060, 0.100, 26
train,    2847, 22.488241,   45, 0.00,    8, 0.000, 0.060, 0.100, 26
train,    2848, 38.412329,   49, 0.00,    9, 0.000, 0.060, 0.100, 26
train,    2849, 23.185231,   46, 0.00,    6, 0.000, 0.060, 0.100, 26
val,      2849, 39.922225, 0.1347,  42.5153,   1.3086, 0.8405,  13.9509
train,    2850, 12.630667,   43, 0.00,   10, 0.000, 0.060, 0.100, 26
train,    2851, 27.980434,   50, 0.00,    6, 0.000, 0.060, 0.100, 26
train,    2852, 26.841613,   37, 0.00,    6, 0.000, 0.060, 0.100, 27
train,    2853, 14.025920,   41, 0.00,    1, 0.000, 0.060, 0.100, 27
train,    2854, 12.874261,   47, 0.00,    8, 0.000, 0.060, 0.100, 27
train,    2855, 19.525374,   44, 0.00,    8, 0.000, 0.060, 0.100, 27
train,    2856, 18.397746,   50, 1.00,    3, 0.000, 0.060, 0.100, 27
train,    2857, 21.316869,   41, 0.00,    8, 0.000, 0.060, 0.100, 27
train,    2858, 12.039151,   30, 0.00,    9, 0.000, 0.060, 0.100, 27
train,    2859, 12.531597,   39, 0.00,    5, 0.000, 0.060, 0.100, 27
train,    2860, 19.697403,   39, 0.00,    9, 0.000, 0.060, 0.100, 27
train,    2861, 16.979107,   50, 1.00,    8, 0.000, 0.060, 0.100, 27
train,    2862, 15.600640,   39, 0.00,    7, 0.000, 0.060, 0.100, 27
train,    2863, 16.472915,   45, 0.00,    4, 0.000, 0.060, 0.100, 27
train,    2864, 11.440930,   39, 0.00,    7, 0.000, 0.060, 0.100, 27
train,    2865, 18.780225,   42, 0.00,    8, 0.000, 0.060, 0.100, 27
train,    2866, 11.691345,   40, 1.00,    3, 0.000, 0.060, 0.100, 27
train,    2867, 12.931174,   40, 0.00,    4, 0.000, 0.060, 0.100, 27
train,    2868, 26.394980,   49, 0.00,    3, 0.000, 0.060, 0.100, 27
train,    2869, 20.781231,   41, 0.00,    6, 0.000, 0.060, 0.100, 27
train,    2870, 22.758487,   37, 0.00,    6, 0.000, 0.060, 0.100, 27
train,    2871, 15.364950,   38, 0.00,    4, 0.000, 0.060, 0.100, 28
train,    2872, 41.895788,   31, 0.00,    5, 0.000, 0.060, 0.100, 28
train,    2873, 29.083744,   48, 0.00,    1, 0.000, 0.060, 0.100, 28
train,    2874, 21.585502,   42, 0.00,    6, 0.000, 0.060, 0.100, 28
val,      2874, 43.754296, 0.1853,  44.3591,   1.1140, 0.8365,  13.6255
train,    2875, 27.208224,   39, 0.00,    2, 0.000, 0.060, 0.100, 28
train,    2876, 23.794238,   45, 1.00,    8, 0.000, 0.060, 0.100, 28
train,    2877, 34.972713,   46, 0.00,    7, 0.000, 0.060, 0.100, 28
train,    2878, 43.866211,   39, 0.00,    4, 0.000, 0.060, 0.100, 28
train,    2879, 45.048854,   44, 0.00,    6, 0.000, 0.060, 0.100, 28
train,    2880, 32.484753,   37, 0.00,    5, 0.000, 0.060, 0.100, 28
update,   2880,   72,  601, 31.696043, 0.000000
train,    2881, 41.772982,   41, 0.00,    7, 0.000, 0.060, 0.100, 28
train,    2882, 49.692094,   41, 0.00,    3, 0.000, 0.060, 0.100, 28
train,    2883, 53.460663,   44, 0.00,    4, 0.000, 0.060, 0.100, 28
train,    2884, 53.544416,   37, 0.00,    7, 0.000, 0.060, 0.100, 28
train,    2885, 47.072813,   45, 1.00,    5, 0.000, 0.060, 0.100, 28
train,    2886, 57.330562,   42, 0.00,    7, 0.000, 0.060, 0.100, 28
train,    2887, 67.476939,   46, 0.00,    3, 0.000, 0.060, 0.100, 28
train,    2888, 50.385956,   40, 0.00,    4, 0.000, 0.060, 0.100, 28
train,    2889, 52.989799,   35, 0.00,    4, 0.000, 0.060, 0.100, 28
train,    2890, 41.319143,   46, 0.00,    6, 0.000, 0.060, 0.100, 28
train,    2891, 60.231546,   49, 0.00,   10, 0.000, 0.060, 0.100, 28
train,    2892, 47.992900,   41, 0.00,    8, 0.000, 0.060, 0.100, 28
train,    2893, 54.872279,   48, 0.00,   12, 0.000, 0.060, 0.100, 28
train,    2894, 53.383914,   46, 0.00,    6, 0.000, 0.060, 0.100, 28
train,    2895, 55.387285,   49, 1.00,    8, 0.000, 0.060, 0.100, 28
train,    2896, 44.638323,   46, 0.00,   10, 0.000, 0.060, 0.100, 28
train,    2897, 43.715208,   40, 0.00,   10, 0.000, 0.060, 0.100, 28
train,    2898, 50.191177,   42, 1.00,    5, 0.000, 0.060, 0.100, 28
train,    2899, 41.454734,   41, 0.00,   10, 0.000, 0.060, 0.100, 28
val,      2899, 38.762733, 0.1850,  43.2581,   1.1445, 0.8237,  13.8215
train,    2900, 40.733599,   46, 1.00,    8, 0.000, 0.060, 0.100, 28
train,    2901, 44.208437,   44, 0.00,    6, 0.000, 0.060, 0.100, 28
train,    2902, 40.313215,   45, 1.00,    4, 0.000, 0.060, 0.100, 28
train,    2903, 32.518736,   44, 1.00,    3, 0.000, 0.060, 0.100, 28
train,    2904, 39.740923,   44, 0.00,    9, 0.000, 0.060, 0.100, 28
train,    2905, 35.402133,   46, 1.00,    5, 0.000, 0.060, 0.100, 28
train,    2906, 31.963124,   42, 1.00,    7, 0.000, 0.060, 0.100, 28
train,    2907, 36.199626,   45, 1.00,    4, 0.000, 0.060, 0.100, 28
train,    2908, 30.828477,   41, 1.00,    5, 0.000, 0.060, 0.100, 28
train,    2909, 30.939165,   48, 0.00,    7, 0.000, 0.060, 0.100, 28
train,    2910, 40.875176,   50, 0.00,   10, 0.000, 0.060, 0.100, 28
train,    2911, 32.224224,   54, 0.00,    9, 0.000, 0.060, 0.100, 28
train,    2912, 39.267857,   47, 0.00,    8, 0.000, 0.060, 0.100, 28
train,    2913, 27.134585,   44, 1.00,    5, 0.000, 0.060, 0.100, 28
train,    2914, 36.403824,   42, 0.00,    8, 0.000, 0.060, 0.100, 28
train,    2915, 33.406570,   46, 0.00,    6, 0.000, 0.060, 0.100, 28
train,    2916, 39.658546,   40, 1.00,    8, 0.000, 0.060, 0.100, 28
train,    2917, 44.183286,   38, 0.00,    9, 0.000, 0.060, 0.100, 28
train,    2918, 40.927992,   38, 0.00,    7, 0.000, 0.060, 0.100, 28
train,    2919, 35.791184,   47, 0.00,    8, 0.000, 0.060, 0.100, 28
train,    2920, 40.807758,   49, 1.00,    7, 0.000, 0.060, 0.100, 28
update,   2920,   73,  565, 31.759141, 0.000000
train,    2921, 39.719935,   42, 0.00,    8, 0.000, 0.060, 0.100, 28
train,    2922, 33.084684,   57, 1.00,    9, 0.000, 0.060, 0.100, 28
train,    2923, 33.881332,   47, 1.00,    7, 0.000, 0.060, 0.100, 28
train,    2924, 37.426110,   47, 0.00,    9, 0.000, 0.060, 0.100, 28
val,      2924, 35.932363, 0.1402,  38.5787,   0.7867, 0.8267,  13.5514
train,    2925, 38.105029,   47, 1.00,    8, 0.000, 0.060, 0.100, 28
train,    2926, 35.399390,   44, 0.00,   11, 0.000, 0.060, 0.100, 28
train,    2927, 39.114609,   49, 1.00,    7, 0.000, 0.060, 0.100, 28
train,    2928, 42.050097,   44, 0.00,   11, 0.000, 0.060, 0.100, 28
train,    2929, 17.066988,   47, 0.00,    9, 0.000, 0.060, 0.100, 28
train,    2930, 33.815014,   48, 1.00,    9, 0.000, 0.060, 0.100, 28
train,    2931, 39.494994,   47, 0.00,   11, 0.000, 0.060, 0.100, 28
train,    2932, 28.687710,   50, 0.00,    9, 0.000, 0.060, 0.100, 28
train,    2933, 38.371515,   50, 1.00,    8, 0.000, 0.060, 0.100, 28
train,    2934, 21.206904,   44, 0.00,    9, 0.000, 0.060, 0.100, 28
train,    2935, 39.803508,   49, 1.00,   11, 0.000, 0.060, 0.100, 28
train,    2936, 37.579820,   50, 0.00,   11, 0.000, 0.060, 0.100, 28
train,    2937, 40.596842,   50, 1.00,   12, 0.000, 0.060, 0.100, 28
train,    2938, 31.077800,   52, 0.00,   11, 0.000, 0.060, 0.100, 28
train,    2939, 46.199458,   52, 1.00,    7, 0.000, 0.060, 0.100, 28
train,    2940, 41.586745,   50, 0.00,   10, 0.000, 0.060, 0.100, 28
train,    2941, 44.416851,   54, 0.00,   10, 0.000, 0.060, 0.100, 28
train,    2942, 51.726862,   46, 0.00,   10, 0.000, 0.060, 0.100, 28
train,    2943, 49.169533,   50, 1.00,    6, 0.000, 0.060, 0.100, 28
train,    2944, 51.090723,   52, 0.00,    8, 0.000, 0.060, 0.100, 28
train,    2945, 58.719333,   56, 0.00,   10, 0.000, 0.060, 0.100, 28
train,    2946, 59.419646,   51, 1.00,   10, 0.000, 0.060, 0.100, 28
train,    2947, 57.036313,   54, 0.00,    8, 0.000, 0.060, 0.100, 28
train,    2948, 64.402075,   54, 1.00,   10, 0.000, 0.060, 0.100, 28
train,    2949, 61.264262,   52, 0.00,    6, 0.000, 0.060, 0.100, 28
val,      2949, 34.571057, 0.1959,  39.3258,   0.9595, 0.8238,  13.8808
train,    2950, 53.112495,   45, 1.00,   11, 0.000, 0.060, 0.100, 28
train,    2951, 59.503476,   47, 0.00,   11, 0.000, 0.060, 0.100, 28
train,    2952, 58.589639,   39, 1.00,   11, 0.000, 0.060, 0.100, 28
train,    2953, 51.884864,   40, 0.00,    4, 0.000, 0.060, 0.100, 27
train,    2954, 62.995594,   49, 1.00,   10, 0.000, 0.060, 0.100, 27
train,    2955, 53.465634,   44, 0.00,    9, 0.000, 0.060, 0.100, 27
train,    2956, 69.317616,   48, 1.00,    4, 0.000, 0.060, 0.100, 27
train,    2957, 53.276066,   46, 0.00,    9, 0.000, 0.060, 0.100, 27
train,    2958, 52.573535,   41, 0.00,    8, 0.000, 0.060, 0.100, 27
train,    2959, 54.831932,   52, 0.00,    8, 0.000, 0.060, 0.100, 27
train,    2960, 53.290663,   50, 0.00,    5, 0.000, 0.060, 0.100, 27
update,   2960,   74,  545, 30.242614, 0.000000
train,    2961, 58.985724,   42, 0.00,    7, 0.000, 0.060, 0.100, 27
train,    2962, 60.106878,   54, 1.00,    6, 0.000, 0.060, 0.100, 27
train,    2963, 44.163124,   45, 0.00,    0, 0.000, 0.060, 0.100, 27
train,    2964, 40.208350,   36, 0.00,    4, 0.000, 0.060, 0.100, 27
train,    2965, 43.558988,   44, 0.00,    7, 0.000, 0.060, 0.100, 27
train,    2966, 46.004934,   45, 0.00,    6, 0.000, 0.060, 0.100, 27
train,    2967, 46.826597,   40, 0.00,    9, 0.000, 0.060, 0.100, 27
train,    2968, 39.995630,   40, 0.00,    8, 0.000, 0.060, 0.100, 27
train,    2969, 44.066386,   41, 0.00,    7, 0.000, 0.060, 0.100, 27
train,    2970, 29.386338,   37, 0.00,    7, 0.000, 0.060, 0.100, 27
train,    2971, 28.916203,   50, 0.00,    9, 0.000, 0.060, 0.100, 27
train,    2972, 34.662721,   47, 0.00,    7, 0.000, 0.060, 0.100, 27
train,    2973, 39.303602,   46, 0.00,    7, 0.000, 0.060, 0.100, 27
train,    2974, 47.465823,   39, 0.00,    7, 0.000, 0.060, 0.100, 26
val,      2974, 37.186080, 0.1514,  40.6729,   0.9341, 0.8586,  13.6246
train,    2975, 33.237545,   50, 0.00,    5, 0.000, 0.060, 0.100, 26
train,    2976, 34.042880,   48, 0.00,    6, 0.000, 0.060, 0.100, 26
train,    2977, 41.040947,   44, 1.00,    7, 0.000, 0.060, 0.100, 26
train,    2978, 31.562605,   44, 0.00,    3, 0.000, 0.060, 0.100, 26
train,    2979, 31.046747,   41, 0.00,    6, 0.000, 0.060, 0.100, 26
train,    2980, 31.507743,   35, 0.00,    2, 0.000, 0.060, 0.100, 26
train,    2981, 30.954439,   40, 1.00,    7, 0.000, 0.060, 0.100, 26
train,    2982, 38.687996,   34, 0.00,    5, 0.000, 0.060, 0.100, 26
train,    2983, 30.339100,   41, 1.00,    4, 0.000, 0.060, 0.100, 26
train,    2984, 34.455690,   45, 0.00,    5, 0.000, 0.060, 0.100, 26
train,    2985, 35.274485,   45, 0.00,    4, 0.000, 0.060, 0.100, 26
train,    2986, 26.623960,   41, 0.00,    5, 0.000, 0.060, 0.100, 26
train,    2987, 33.262082,   43, 0.00,    3, 0.000, 0.060, 0.100, 26
train,    2988, 27.728438,   45, 1.00,    3, 0.000, 0.060, 0.100, 26
train,    2989, 26.505104,   42, 1.00,    7, 0.000, 0.060, 0.100, 26
train,    2990, 31.249812,   44, 0.00,    6, 0.000, 0.060, 0.100, 26
train,    2991, 30.147448,   38, 0.00,    8, 0.000, 0.060, 0.100, 26
train,    2992, 31.128760,   41, 0.00,    8, 0.000, 0.060, 0.100, 26
train,    2993, 28.659031,   47, 0.00,    6, 0.000, 0.060, 0.100, 25
train,    2994, 25.977890,   44, 0.00,    7, 0.000, 0.060, 0.100, 25
train,    2995, 21.965281,   48, 0.00,    2, 0.000, 0.060, 0.100, 25
train,    2996, 21.407558,   43, 0.00,    4, 0.000, 0.060, 0.100, 25
train,    2997, 19.955134,   50, 0.00,    6, 0.000, 0.060, 0.100, 25
train,    2998, 10.815752,   47, 0.00,    8, 0.000, 0.060, 0.100, 25
train,    2999, 22.573508,   38, 0.00,    6, 0.000, 0.060, 0.100, 25
val,      2999, 40.718282, 0.1690,  40.0866,   1.1726, 0.8304,  13.8528
train,    3000, 20.597865,   47, 0.00,    7, 0.000, 0.060, 0.100, 25
update,   3000,   75,  559, 33.104847, 0.000000