init,     2026-04-15 01:01:23.185296
arguments,Namespace(PPO_epochs=4, adv_norm=1, alg='ppo', cuda=-1, curriculum_clean_ratio=0.9, curriculum_entropy_decay=0.94, curriculum_mode='adaptive', curriculum_noise_step=0.008, curriculum_patience=3, entropy=0.28, entropy_min=0.1, eps_clip=0.12, gae_lambda=0.98, gamma=0.996, grad_clip=0.4, gymip_train_xml='inverted_pendulum_ChangeThk_0.050000.xml', hid_group_num=8, hid_group_size=8, hidden_num=64, ignore_checkpoint=True, lane_profile='auto', lr=0.0004, max_noise=0.04, mini_batch_size=192, model='rwtaspk', monitor_time=False, optimizer='rmsprop', rep=91, response_window=40, reward_scale=0.9, road_scenario='highway', rollout_steps=768, rwta_del_connection='none', seed=-1, snn_num_steps=15, task='gymip', thread=4, traffic_level='standard', train_envs=1, train_num=8000, warm_start_kind='none', warm_start_prefix='')
seed,     91
model_dir,/root/autodl-tmp/SVPG2023/LANE/training_runs/ours/highway_standard/models
log_dir,  /root/autodl-tmp/SVPG2023/LANE/training_runs/ours/highway_standard/logs
profile,  lane auto-stabilize: lr->0.0005, gamma->0.995, PPO_epochs->4, eps_clip->0.15, rollout_steps->512, mini_batch_size->128, gae_lambda->0.97, grad_clip->0.5, curriculum_clean_ratio->0.8, max_noise->0.08, curriculum_noise_step->0.02, lr->0.0004, gamma->0.996, entropy->0.28, eps_clip->0.12, rollout_steps->768, mini_batch_size->192, gae_lambda->0.98, reward_scale->0.9, grad_clip->0.4, curriculum_clean_ratio->0.9, max_noise->0.04, curriculum_noise_step->0.008, curriculum_patience->3, curriculum_entropy_decay->0.94, train_num->2000
train,    1, 101.872909,    4, 1.00,    7, 0.000, 0.000, 0.280, 32
train,    2, 67.973950,    4, 1.00,   10, 0.000, 0.000, 0.280, 32
train,    3, 65.888000,   11, 1.00,    8, 0.000, 0.000, 0.280, 32
train,    4, 105.397318,    4, 1.00,    7, 0.000, 0.000, 0.280, 32
train,    5, -25.000000,   26, 1.00,    2, 0.000, 0.000, 0.279, 32
train,    6, 18.684377,    4, 1.00,    9, 0.000, 0.000, 0.279, 32
train,    7, -25.000000,   52, 1.00,    8, 0.000, 0.000, 0.279, 32
train,    8, 148.448447,   52, 1.00,   12, 0.000, 0.000, 0.279, 32
train,    9, 52.585251,   14, 1.00,    8, 0.000, 0.000, 0.279, 32
train,    10, 162.654179,   61, 0.00,   15, 0.000, 0.000, 0.279, 32
update,   10,    1,    232, 176.420819, 0.000000
train,    11, 100.449386,   37, 1.00,   14, 0.000, 0.000, 0.279, 32
train,    12, -25.000000,   16, 1.00,    9, 0.000, 0.000, 0.279, 32
train,    13, 156.592855,    4, 1.00,   12, 0.000, 0.000, 0.279, 32
train,    14, 180.000000,   90, 1.00,    9, 0.000, 0.000, 0.278, 32
train,    15, 78.850827,   19, 1.00,    7, 0.000, 0.000, 0.278, 32
train,    16, 172.671698,   46, 1.00,   11, 0.000, 0.000, 0.278, 32
train,    17, -25.000000,   43, 1.00,    7, 0.000, 0.000, 0.278, 32
train,    18, 180.000000,  103, 1.00,   14, 0.000, 0.000, 0.278, 32
train,    19, 114.275714,   17, 1.00,    8, 0.000, 0.000, 0.278, 32
train,    20, -25.000000,    9, 1.00,    9, 0.000, 0.000, 0.278, 32
update,   20,    2,    616, -5.000000, 0.000000
train,    21, 44.015760,   62, 1.00,   11, 0.000, 0.000, 0.278, 32
train,    22, 266.867057,  120, 0.00,   16, 0.000, 0.000, 0.278, 32
train,    23, 161.565658,   72, 1.00,   12, 0.000, 0.000, 0.277, 32
train,    24, 166.222597,    7, 1.00,    9, 0.000, 0.000, 0.277, 32
train,    25, -25.000000,   16, 1.00,    7, 0.000, 0.000, 0.277, 32
train,    26, -25.000000,    4, 1.00,    9, 0.000, 0.000, 0.277, 32
train,    27, 114.344623,   26, 1.00,    9, 0.000, 0.000, 0.277, 32
train,    28, 4.212120,   20, 1.00,   10, 0.000, 0.000, 0.277, 32
train,    29, 118.994643,   38, 1.00,   12, 0.000, 0.000, 0.277, 32
train,    30, 118.286637,   42, 1.00,   14, 0.000, 0.000, 0.277, 32
update,   30,    3,   1023, 104.757630, 0.000000
train,    31, -3.341216,   74, 1.00,   13, 0.000, 0.000, 0.277, 32
train,    32, 145.175037,    4, 1.00,    6, 0.000, 0.000, 0.276, 32
train,    33, 167.687451,   30, 1.00,   10, 0.000, 0.000, 0.276, 32
train,    34, 220.420203,  108, 0.00,   12, 0.000, 0.000, 0.276, 32
train,    35, 26.679836,    4, 1.00,    5, 0.000, 0.000, 0.276, 32
train,    36, 18.952416,    4, 1.00,   10, 0.000, 0.000, 0.276, 32
train,    37, 52.802057,    4, 1.00,    5, 0.000, 0.000, 0.276, 32
train,    38, 65.631594,    4, 1.00,    9, 0.000, 0.000, 0.276, 32
train,    39, 12.689608,   25, 1.00,    6, 0.000, 0.000, 0.276, 32
train,    40, 90.841485,    4, 1.00,   10, 0.000, 0.000, 0.276, 32
update,   40,    4,   1284, 75.648316, 0.000000
train,    41, 171.965189,  120, 0.00,   15, 0.000, 0.000, 0.275, 32
train,    42, 222.066344,  120, 0.00,    9, 0.000, 0.000, 0.275, 32
train,    43, 19.299379,    4, 1.00,   12, 0.000, 0.000, 0.275, 32
train,    44, 141.272608,   38, 1.00,    4, 0.000, 0.000, 0.275, 32
train,    45, 128.135338,   97, 0.00,   12, 0.000, 0.000, 0.275, 32
train,    46, 81.859082,    4, 1.00,    3, 0.000, 0.000, 0.275, 32
train,    47, 130.347212,   13, 1.00,    7, 0.000, 0.000, 0.275, 32
train,    48, 230.788376,   67, 0.00,   14, 0.000, 0.000, 0.275, 32
train,    49, 8.359273,    9, 1.00,    7, 0.000, 0.000, 0.275, 32
train,    50, 35.187023,   37, 1.00,    6, 0.000, 0.000, 0.274, 32
update,   50,    5,   1793, 82.422490, 0.000000
train,    51, -6.253492,    4, 1.00,    4, 0.000, 0.000, 0.274, 32
train,    52, 270.000000,   79, 0.00,   16, 0.000, 0.000, 0.274, 32
train,    53, 270.000000,  120, 0.00,    7, 0.000, 0.000, 0.274, 32
train,    54, 28.298892,   47, 1.00,   10, 0.000, 0.000, 0.274, 32
train,    55, 211.162389,  107, 0.00,   10, 0.000, 0.000, 0.274, 32
train,    56, 55.063799,    4, 1.00,    8, 0.000, 0.000, 0.274, 32
train,    57, -25.000000,    4, 1.00,   10, 0.000, 0.000, 0.274, 32
train,    58, 60.268965,    4, 1.00,   12, 0.000, 0.000, 0.274, 32
train,    59, 12.157854,    4, 1.00,    9, 0.000, 0.000, 0.273, 32
train,    60, 96.420516,   24, 1.00,    9, 0.000, 0.000, 0.273, 32
update,   60,    6,   2190, 155.417899, 0.000000
train,    61, -25.000000,   53, 1.00,   10, 0.000, 0.000, 0.273, 32
train,    62, 79.179577,   15, 1.00,   11, 0.000, 0.000, 0.273, 32
train,    63, 45.892702,   43, 1.00,   11, 0.000, 0.000, 0.273, 32
train,    64, 74.339709,   67, 1.00,    9, 0.000, 0.000, 0.273, 32
train,    65, 127.697703,   14, 1.00,    6, 0.000, 0.000, 0.273, 32
train,    66, 132.222591,   18, 1.00,    7, 0.000, 0.000, 0.273, 32
train,    67, -25.000000,   28, 1.00,    9, 0.000, 0.000, 0.273, 32
train,    68, 159.811833,  120, 0.00,    9, 0.000, 0.000, 0.272, 32
train,    69, 270.000000,  120, 0.00,   13, 0.000, 0.000, 0.272, 32
train,    70, 99.422052,   88, 1.00,   11, 0.000, 0.000, 0.272, 32
update,   70,    7,   2756, 137.401752, 0.000000
train,    71, -1.485677,    4, 1.00,    8, 0.000, 0.000, 0.272, 32
train,    72, 17.815823,    4, 1.00,    7, 0.000, 0.000, 0.272, 32
train,    73, 144.137049,   25, 1.00,   11, 0.000, 0.000, 0.272, 32
train,    74, 230.724738,  105, 0.00,   11, 0.000, 0.000, 0.272, 32
train,    75, -17.107405,    4, 1.00,    8, 0.000, 0.000, 0.272, 32
train,    76, 82.349239,   28, 1.00,   10, 0.000, 0.000, 0.272, 32
train,    77, 144.968508,  120, 0.00,   12, 0.000, 0.000, 0.272, 32
train,    78, 270.000000,  120, 0.00,   13, 0.000, 0.000, 0.271, 32
train,    79, 19.068969,    4, 1.00,    7, 0.000, 0.000, 0.271, 32
train,    80, 61.280580,   73, 1.00,   10, 0.000, 0.000, 0.271, 32
update,   80,    8,   3243, 18.075450, 0.000000
train,    81, 160.549197,   45, 0.00,    9, 0.000, 0.000, 0.271, 32
train,    82, -14.490871,    4, 1.00,    3, 0.000, 0.000, 0.271, 32
train,    83, 16.489270,   11, 1.00,    8, 0.000, 0.000, 0.271, 32
train,    84, 81.298088,    4, 1.00,    7, 0.000, 0.000, 0.271, 32
train,    85, 129.421521,   34, 1.00,   13, 0.000, 0.000, 0.271, 32
train,    86, -25.000000,    4, 1.00,    5, 0.000, 0.000, 0.271, 32
train,    87, 176.091875,   18, 1.00,   12, 0.000, 0.000, 0.270, 32
train,    88, 23.827822,   28, 1.00,   10, 0.000, 0.000, 0.270, 32
train,    89, 236.852767,   53, 0.00,   13, 0.000, 0.000, 0.270, 32
train,    90, 47.551663,   32, 1.00,    9, 0.000, 0.000, 0.270, 32
update,   90,    9,   3476, 4.412222, 0.000000
train,    91, 65.300335,    4, 1.00,    5, 0.000, 0.000, 0.270, 32
train,    92, 59.845179,    4, 1.00,    4, 0.000, 0.000, 0.270, 32
train,    93, 168.108779,  120, 0.00,   12, 0.000, 0.000, 0.270, 32
train,    94, 201.406893,   89, 0.00,    8, 0.000, 0.000, 0.270, 32
train,    95, 28.792822,    4, 1.00,   10, 0.000, 0.000, 0.270, 32
train,    96, 109.853243,   26, 1.00,    8, 0.000, 0.000, 0.269, 32
train,    97, 94.638523,    6, 1.00,   10, 0.000, 0.000, 0.269, 32
train,    98, 92.940491,   91, 0.00,   18, 0.000, 0.000, 0.269, 32
train,    99, -15.725235,    4, 1.00,   10, 0.000, 0.000, 0.269, 32
train,    100, -25.000000,    4, 1.00,    4, 0.000, 0.000, 0.269, 32
update,   100,   10,   3828, -5.000000, 0.000000
val_save_t, 100, 3828, 67.913025, 0.4888,  10.0000,   0.2770, 0.1425,  19.8000, progress 0.3796
train,    101, 225.312089,  104, 0.00,   12, 0.000, 0.000, 0.269, 32
train,    102, -25.000000,   46, 1.00,    6, 0.000, 0.000, 0.269, 32
train,    103, 141.262779,   34, 1.00,   11, 0.000, 0.000, 0.269, 32
train,    104, -25.000000,    4, 1.00,    9, 0.000, 0.000, 0.269, 32
train,    105, -25.000000,    4, 1.00,    6, 0.000, 0.000, 0.268, 32
train,    106, -25.000000,    4, 1.00,    5, 0.000, 0.000, 0.268, 32
train,    107, 161.489167,   89, 0.00,   13, 0.000, 0.000, 0.268, 32
train,    108, 80.871931,   43, 1.00,    5, 0.000, 0.000, 0.268, 32
train,    109, 188.447458,  120, 0.00,   12, 0.000, 0.000, 0.268, 32
train,    110, -25.000000,    4, 1.00,    4, 0.000, 0.000, 0.268, 32
update,   110,   11,   4280, 8.370350, 0.000000
train,    111, 0.054148,    4, 1.00,    5, 0.000, 0.000, 0.268, 32
train,    112, 150.096394,  120, 0.00,   11, 0.000, 0.000, 0.268, 32
train,    113, -25.000000,   23, 1.00,   10, 0.000, 0.000, 0.268, 32
train,    114, 153.498917,   56, 0.00,   12, 0.000, 0.000, 0.268, 32
train,    115, 50.584436,    4, 1.00,    5, 0.000, 0.000, 0.267, 32
train,    116, -25.000000,    4, 1.00,    7, 0.000, 0.000, 0.267, 32
train,    117, 180.000000,   18, 1.00,    7, 0.000, 0.000, 0.267, 32
train,    118, 2.835613,    9, 1.00,    7, 0.000, 0.000, 0.267, 32
train,    119, 60.309989,    4, 1.00,    6, 0.000, 0.000, 0.267, 32
train,    120, -20.149534,    8, 1.00,    5, 0.000, 0.000, 0.267, 32
update,   120,   12,   4530, 15.755066, 0.000000
train,    121, 180.000000,   41, 1.00,   13, 0.000, 0.000, 0.267, 32
train,    122, 37.059148,   19, 1.00,    5, 0.000, 0.000, 0.267, 32
train,    123, 230.586342,  102, 0.00,   14, 0.000, 0.000, 0.267, 32
train,    124, 76.556953,    8, 1.00,    6, 0.000, 0.000, 0.266, 32
train,    125, -5.223081,    4, 1.00,   10, 0.000, 0.000, 0.266, 32
train,    126, 120.647106,    4, 1.00,    6, 0.000, 0.000, 0.266, 32
train,    127, -7.654187,  102, 0.00,    8, 0.000, 0.000, 0.266, 32
train,    128, 18.232401,   18, 1.00,    8, 0.000, 0.000, 0.266, 32
train,    129, 8.532033,   15, 1.00,   10, 0.000, 0.000, 0.266, 32
train,    130, 239.822771,   57, 0.00,   16, 0.000, 0.000, 0.266, 32
update,   130,   13,   4900, 225.222801, 0.000000
train,    131, -25.000000,    4, 1.00,   10, 0.000, 0.000, 0.266, 32
train,    132, 270.000000,  120, 0.00,   10, 0.000, 0.000, 0.266, 32
train,    133, 236.780379,  115, 0.00,   18, 0.000, 0.000, 0.265, 32
train,    134, -25.000000,    4, 1.00,    7, 0.000, 0.000, 0.265, 32
train,    135, 53.994762,    5, 1.00,   11, 0.000, 0.000, 0.265, 32
train,    136, -25.000000,    4, 1.00,    9, 0.000, 0.000, 0.265, 32
train,    137, 106.991357,   75, 1.00,   16, 0.000, 0.000, 0.265, 32
train,    138, 180.000000,   72, 1.00,   10, 0.000, 0.000, 0.265, 32
train,    139, 180.000000,   13, 1.00,    9, 0.000, 0.000, 0.265, 32
train,    140, 192.657188,  110, 0.00,   11, 0.000, 0.000, 0.265, 32
update,   140,   14,   5422, 188.240978, 0.000000
train,    141, -25.000000,    4, 1.00,    7, 0.000, 0.000, 0.265, 32
train,    142, 70.924573,   76, 0.00,    9, 0.000, 0.000, 0.265, 32
train,    143, 75.558627,  108, 0.00,   15, 0.000, 0.000, 0.264, 32
train,    144, -5.506440,    4, 1.00,    7, 0.000, 0.000, 0.264, 32
train,    145, 136.214047,    4, 1.00,    8, 0.000, 0.000, 0.264, 32
train,    146, 53.203791,   41, 1.00,    8, 0.000, 0.000, 0.264, 32
train,    147, 10.306348,   41, 1.00,   10, 0.000, 0.000, 0.264, 32
train,    148, 54.916763,   17, 1.00,    7, 0.000, 0.000, 0.264, 32
train,    149, 136.096296,   88, 1.00,   15, 0.000, 0.000, 0.264, 32
train,    150, 111.108000,   56, 1.00,   13, 0.000, 0.000, 0.264, 32
update,   150,   15,   5861, 42.930952, 0.000000
train,    151, -11.698045,   46, 1.00,   12, 0.000, 0.000, 0.264, 32
train,    152, 79.391633,   83, 1.00,   11, 0.000, 0.000, 0.263, 32
train,    153, 143.255093,  119, 0.00,   11, 0.000, 0.000, 0.263, 32
train,    154, 126.554473,   30, 1.00,   13, 0.000, 0.000, 0.263, 32
train,    155, -15.282517,    4, 1.00,    3, 0.000, 0.000, 0.263, 32
train,    156, 64.240753,   42, 1.00,   10, 0.000, 0.000, 0.263, 32
train,    157, 232.893080,   62, 0.00,   12, 0.000, 0.000, 0.263, 32
train,    158, 50.834835,    8, 1.00,    4, 0.000, 0.000, 0.263, 32
train,    159, 270.000000,  120, 0.00,   15, 0.000, 0.000, 0.263, 32
train,    160, 123.154701,   70, 0.00,   13, 0.000, 0.000, 0.263, 33
update,   160,   16,   6445, 116.687582, 0.000000
train,    161, 159.721617,   58, 0.00,    9, 0.000, 0.000, 0.263, 33
train,    162, 227.661513,   64, 0.00,   12, 0.000, 0.000, 0.262, 33
train,    163, 177.973778,  110, 0.00,   15, 0.000, 0.000, 0.262, 33
train,    164, 27.924171,   43, 1.00,   14, 0.000, 0.000, 0.262, 33
train,    165, 61.983910,    7, 1.00,   12, 0.000, 0.000, 0.262, 33
train,    166, -25.000000,    6, 1.00,    7, 0.000, 0.000, 0.262, 33
train,    167, -25.000000,   29, 1.00,    8, 0.000, 0.000, 0.262, 33
train,    168, 103.762451,  120, 0.00,   11, 0.000, 0.000, 0.262, 33
train,    169, 28.241475,    4, 1.00,    9, 0.000, 0.000, 0.262, 33
train,    170, 8.856079,    7, 1.00,    7, 0.000, 0.000, 0.262, 33
update,   170,   17,   6893, -5.000000, 0.000000
train,    171, 14.555765,   12, 1.00,   14, 0.000, 0.000, 0.261, 33
train,    172, 270.000000,  111, 0.00,   16, 0.000, 0.000, 0.261, 33
train,    173, 180.000000,   32, 1.00,    8, 0.000, 0.000, 0.261, 33
train,    174, 180.000000,   74, 1.00,   11, 0.000, 0.000, 0.261, 33
train,    175, -25.000000,   52, 1.00,    6, 0.000, 0.000, 0.261, 33
train,    176, 22.886627,    4, 1.00,   10, 0.000, 0.000, 0.261, 33
train,    177, -23.503831,    4, 1.00,    5, 0.000, 0.000, 0.261, 33
train,    178, 66.427256,    4, 1.00,   10, 0.000, 0.000, 0.261, 33
train,    179, 180.000000,    4, 1.00,    6, 0.000, 0.000, 0.261, 33
train,    180, 70.135474,   64, 1.00,   10, 0.000, 0.000, 0.261, 33
update,   180,   18,   7254, 3.292140, 0.000000
train,    181, 51.477154,    4, 1.00,    7, 0.000, 0.000, 0.260, 33
train,    182, 56.670412,   22, 1.00,    8, 0.000, 0.000, 0.260, 33
train,    183, 17.478975,    4, 1.00,    7, 0.000, 0.000, 0.260, 33
train,    184, -25.000000,    4, 1.00,   12, 0.000, 0.000, 0.260, 33
train,    185, 104.994152,   51, 0.00,   12, 0.000, 0.000, 0.260, 33
train,    186, 6.815999,    9, 1.00,   10, 0.000, 0.000, 0.260, 33
train,    187, -7.548015,   38, 1.00,   11, 0.000, 0.000, 0.260, 33
train,    188, -25.000000,   29, 1.00,    8, 0.000, 0.000, 0.260, 33
train,    189, 14.551603,   47, 1.00,    5, 0.000, 0.000, 0.260, 33
train,    190, 147.392309,   65, 0.00,   12, 0.000, 0.000, 0.260, 33
update,   190,   19,   7527, 202.737553, 0.000000
train,    191, 101.358139,    4, 1.00,    6, 0.000, 0.000, 0.259, 33
train,    192, 187.065899,   74, 0.00,   16, 0.000, 0.000, 0.259, 33
train,    193, 174.577121,   43, 1.00,   15, 0.000, 0.000, 0.259, 33
train,    194, 231.682017,   55, 0.00,   14, 0.000, 0.000, 0.259, 33
train,    195, -25.000000,   16, 1.00,    8, 0.000, 0.000, 0.259, 33
train,    196, 80.263218,    4, 1.00,    6, 0.000, 0.000, 0.259, 33
train,    197, 21.893973,   38, 1.00,    5, 0.000, 0.000, 0.259, 33
train,    198, 155.589012,    4, 1.00,    7, 0.000, 0.000, 0.259, 33
train,    199, 155.430362,   82, 1.00,   15, 0.000, 0.000, 0.259, 33
train,    200, 270.000000,   45, 0.00,   12, 0.000, 0.000, 0.258, 33
update,   200,   20,   7892, 240.000000, 0.000000
val_t, 200, 7892, 50.148362, 0.4614,  18.3409,   0.2901, 0.1271,  21.0873, progress 0.2878
train,    201, 174.421681,  117, 0.00,   15, 0.000, 0.000, 0.258, 33
train,    202, 57.182315,    4, 1.00,    8, 0.000, 0.000, 0.258, 33
train,    203, 234.481226,   94, 0.00,   11, 0.000, 0.000, 0.258, 33
train,    204, 100.919620,   30, 1.00,    9, 0.000, 0.000, 0.258, 33
train,    205, 48.428925,    4, 1.00,    5, 0.000, 0.000, 0.258, 33
train,    206, -25.000000,    4, 1.00,   10, 0.000, 0.000, 0.258, 33
train,    207, 156.661893,   46, 1.00,    7, 0.000, 0.000, 0.258, 33
train,    208, 180.000000,   49, 1.00,    9, 0.000, 0.000, 0.258, 33
train,    209, 119.170574,   61, 1.00,   12, 0.000, 0.000, 0.258, 33
train,    210, -25.000000,   11, 1.00,    7, 0.000, 0.000, 0.257, 33
update,   210,   21,   8312, 29.813594, 0.000000
train,    211, -24.640449,    4, 1.00,    8, 0.000, 0.000, 0.257, 33
train,    212, -25.000000,    4, 1.00,   10, 0.000, 0.000, 0.257, 33
train,    213, 87.882679,   46, 1.00,   11, 0.000, 0.000, 0.257, 33
train,    214, 23.296724,    4, 1.00,    7, 0.000, 0.000, 0.257, 33
train,    215, -12.313220,    4, 1.00,   11, 0.000, 0.000, 0.257, 33
train,    216, -21.653336,    6, 1.00,    9, 0.000, 0.000, 0.257, 33
train,    217, 242.630489,   45, 0.00,   13, 0.000, 0.000, 0.257, 33
train,    218, 53.297471,   72, 1.00,    9, 0.000, 0.000, 0.257, 33
train,    219, 50.987997,    4, 1.00,   13, 0.000, 0.000, 0.257, 33
train,    220, -25.000000,   15, 1.00,    8, 0.000, 0.000, 0.256, 33
update,   220,   22,   8516, -5.000000, 0.000000
train,    221, 15.426523,    4, 1.00,   11, 0.000, 0.000, 0.256, 33
train,    222, 240.415557,  120, 0.00,   11, 0.000, 0.000, 0.256, 33
train,    223, 25.593475,   18, 1.00,    6, 0.000, 0.000, 0.256, 33
train,    224, 80.331990,   68, 0.00,   10, 0.000, 0.000, 0.256, 33
train,    225, 38.182380,    4, 1.00,   10, 0.000, 0.000, 0.256, 33
train,    226, -7.301020,    4, 1.00,    7, 0.000, 0.000, 0.256, 33
train,    227, 52.260189,   80, 1.00,   14, 0.000, 0.000, 0.256, 33
train,    228, -0.201792,    4, 1.00,    5, 0.000, 0.000, 0.256, 33
train,    229, 244.185349,   45, 0.00,   13, 0.000, 0.000, 0.255, 33
train,    230, 176.397400,   48, 0.00,   14, 0.000, 0.000, 0.255, 33
update,   230,   23,   8911, 198.450237, 0.000000
train,    231, -25.000000,    4, 1.00,    6, 0.000, 0.000, 0.255, 33
train,    232, 35.081060,    4, 1.00,    5, 0.000, 0.000, 0.255, 33
train,    233, 6.577315,    4, 1.00,   12, 0.000, 0.000, 0.255, 33
train,    234, 143.468353,   55, 1.00,    8, 0.000, 0.000, 0.255, 33
train,    235, -25.000000,    4, 1.00,    9, 0.000, 0.000, 0.255, 33
train,    236, 84.564499,    4, 1.00,    8, 0.000, 0.000, 0.255, 33
train,    237, 194.034672,   75, 0.00,   11, 0.000, 0.000, 0.255, 33
train,    238, 47.285097,   23, 1.00,    4, 0.000, 0.000, 0.255, 33
train,    239, 12.348167,    4, 1.00,    7, 0.000, 0.000, 0.254, 33
train,    240, 80.304307,    4, 1.00,    8, 0.000, 0.000, 0.254, 33
update,   240,   24,   9092, 95.157167, 0.000000
train,    241, 96.807949,   30, 1.00,    9, 0.000, 0.000, 0.254, 33
train,    242, -25.000000,    4, 1.00,    9, 0.000, 0.000, 0.254, 33
train,    243, 221.448957,   45, 0.00,   14, 0.000, 0.000, 0.254, 33
train,    244, 167.480943,   84, 0.00,   13, 0.000, 0.000, 0.254, 33
train,    245, -25.000000,    4, 1.00,   11, 0.000, 0.000, 0.254, 33
train,    246, 211.358807,  112, 0.00,   13, 0.000, 0.000, 0.254, 33
train,    247, 77.711216,   23, 1.00,    8, 0.000, 0.000, 0.254, 33
train,    248, 72.527817,    6, 1.00,    5, 0.000, 0.000, 0.254, 33
train,    249, -17.558170,    4, 1.00,   13, 0.000, 0.000, 0.253, 33
train,    250, -22.166278,   37, 1.00,   11, 0.000, 0.000, 0.253, 33
update,   250,   25,   9441, 78.460000, 0.000000
train,    251, -25.000000,   21, 1.00,    7, 0.000, 0.000, 0.253, 33
train,    252, -7.619442,    4, 1.00,    8, 0.000, 0.000, 0.253, 33
train,    253, -25.000000,   28, 1.00,   10, 0.000, 0.000, 0.253, 33
train,    254, 270.000000,   96, 0.00,   12, 0.000, 0.000, 0.253, 33
train,    255, 103.429992,    4, 1.00,    7, 0.000, 0.000, 0.253, 33
train,    256, 89.531876,    4, 1.00,    7, 0.000, 0.000, 0.253, 33
train,    257, 89.438629,    4, 1.00,   10, 0.000, 0.000, 0.253, 33
train,    258, 133.255643,   10, 1.00,    5, 0.000, 0.000, 0.253, 33
train,    259, -16.316628,   14, 1.00,   10, 0.000, 0.000, 0.252, 33
train,    260, -25.000000,   37, 1.00,    9, 0.000, 0.000, 0.252, 33
update,   260,   26,   9663, -5.000000, 0.000000
train,    261, -25.000000,    4, 1.00,    7, 0.000, 0.000, 0.252, 33
train,    262, 111.107650,    4, 1.00,    9, 0.000, 0.000, 0.252, 33
train,    263, 61.672459,    4, 1.00,    5, 0.000, 0.000, 0.252, 33
train,    264, -24.291332,   15, 1.00,    7, 0.000, 0.000, 0.252, 33
train,    265, 194.293142,   81, 0.00,   14, 0.000, 0.000, 0.252, 33
train,    266, 85.168506,   45, 0.00,   13, 0.000, 0.000, 0.252, 33
train,    267, 135.814607,  102, 0.00,   12, 0.000, 0.000, 0.252, 33
train,    268, -12.565734,   34, 1.00,    8, 0.000, 0.000, 0.252, 33
train,    269, 5.271332,   15, 1.00,    7, 0.000, 0.000, 0.251, 33
train,    270, 9.987655,    4, 1.00,    8, 0.000, 0.000, 0.251, 33
update,   270,   27,   9971, 6.031822, 0.000000
train,    271, 174.594978,   70, 0.00,    8, 0.000, 0.000, 0.251, 33
train,    272, 180.000000,    4, 1.00,    8, 0.000, 0.000, 0.251, 33
train,    273, 10.656526,   19, 1.00,    8, 0.000, 0.000, 0.251, 33
train,    274, 185.460792,  102, 0.00,   10, 0.000, 0.000, 0.251, 33
train,    275, 106.632469,  105, 1.00,   13, 0.000, 0.000, 0.251, 33
train,    276, -25.000000,   25, 1.00,    8, 0.000, 0.000, 0.251, 33
train,    277, -25.000000,    5, 1.00,    5, 0.000, 0.000, 0.251, 33
train,    278, 111.325681,    4, 1.00,    9, 0.000, 0.000, 0.251, 33
train,    279, 234.711846,  120, 0.00,   16, 0.000, 0.000, 0.250, 33
train,    280, 38.942904,   18, 1.00,    6, 0.000, 0.000, 0.250, 33
update,   280,   28,  10443, 61.611364, 0.000000
train,    281, 140.358412,   57, 0.00,   12, 0.000, 0.000, 0.250, 33
train,    282, 213.460608,  120, 0.00,   14, 0.000, 0.000, 0.250, 33
train,    283, 142.509232,   95, 0.00,   13, 0.000, 0.000, 0.250, 33
train,    284, 178.328440,   92, 0.00,   15, 0.000, 0.000, 0.250, 33
train,    285, 139.792185,   23, 1.00,    6, 0.000, 0.000, 0.250, 33
train,    286, 102.973043,    4, 1.00,    8, 0.000, 0.000, 0.250, 33
train,    287, 150.806290,   72, 0.00,   15, 0.000, 0.000, 0.250, 33
train,    288, 173.425570,   33, 1.00,    8, 0.000, 0.000, 0.250, 33
train,    289, 225.964043,   45, 0.00,   11, 0.000, 0.000, 0.249, 33
train,    290, 263.171818,   45, 0.00,   13, 0.000, 0.000, 0.249, 33
update,   290,   29,  11029, 240.000000, 0.000000
train,    291, 70.157229,   57, 1.00,   11, 0.000, 0.000, 0.249, 33
train,    292, 88.531262,    4, 1.00,    7, 0.000, 0.000, 0.249, 33
train,    293, 110.541678,   23, 1.00,   10, 0.000, 0.000, 0.249, 33
train,    294, 161.736921,   10, 1.00,   12, 0.000, 0.000, 0.249, 33
train,    295, 15.887066,   18, 1.00,   10, 0.000, 0.000, 0.249, 33
train,    296, 155.305755,   61, 0.00,   16, 0.000, 0.000, 0.249, 33
train,    297, 7.998704,   26, 1.00,   12, 0.000, 0.000, 0.249, 33
train,    298, 180.000000,   55, 1.00,   10, 0.000, 0.000, 0.249, 33
train,    299, 131.535555,    5, 1.00,   10, 0.000, 0.000, 0.248, 33
train,    300, 7.165387,   70, 1.00,    9, 0.000, 0.000, 0.248, 33
update,   300,   30,  11358, -5.000000, 0.000000
val_t, 300, 11358, 10.924597, 0.5285,  29.4403,   0.3213, 0.2473,  20.9506, progress 0.2337
train,    301, 4.375463,    4, 1.00,    9, 0.000, 0.000, 0.248, 33
train,    302, 29.598604,   13, 1.00,   11, 0.000, 0.000, 0.248, 33
train,    303, 210.241956,  113, 0.00,   12, 0.000, 0.000, 0.248, 33
train,    304, -4.573444,   40, 1.00,    8, 0.000, 0.000, 0.248, 33
train,    305, -15.312307,    4, 1.00,    4, 0.000, 0.000, 0.248, 33
train,    306, 8.344547,    4, 1.00,    7, 0.000, 0.000, 0.248, 33
train,    307, 118.224904,   68, 0.00,   11, 0.000, 0.000, 0.248, 33
train,    308, 28.818765,    9, 1.00,    5, 0.000, 0.000, 0.248, 33
train,    309, 39.025581,   14, 1.00,    6, 0.000, 0.000, 0.247, 33
train,    310, 229.164737,   51, 0.00,   11, 0.000, 0.000, 0.247, 33
update,   310,   31,  11678, 240.000000, 0.000000
train,    311, 123.988731,  120, 0.00,   11, 0.000, 0.000, 0.247, 33
train,    312, 270.000000,   81, 0.00,   14, 0.000, 0.000, 0.247, 33
train,    313, 187.998884,   68, 0.00,    9, 0.000, 0.000, 0.247, 33
train,    314, 180.000000,   59, 1.00,   10, 0.000, 0.000, 0.247, 33
train,    315, 35.688768,   65, 1.00,   10, 0.000, 0.000, 0.247, 33
train,    316, 8.572225,   95, 0.00,   11, 0.000, 0.000, 0.247, 33
train,    317, 164.649358,   90, 0.00,    9, 0.000, 0.000, 0.247, 33
train,    318, 101.172510,   82, 1.00,    9, 0.000, 0.000, 0.247, 33
train,    319, 180.000000,   60, 1.00,   15, 0.000, 0.000, 0.246, 33
train,    320, 150.040369,  111, 0.00,    9, 0.000, 0.000, 0.246, 34
update,   320,   32,  12509, 106.678280, 0.000000
train,    321, -25.000000,   56, 1.00,   14, 0.000, 0.000, 0.246, 34
train,    322, 4.253587,    4, 1.00,    7, 0.000, 0.000, 0.246, 34
train,    323, 16.855793,    4, 1.00,    9, 0.000, 0.000, 0.246, 34
train,    324, -25.000000,    4, 1.00,    6, 0.000, 0.000, 0.246, 34
train,    325, -25.000000,   10, 1.00,    8, 0.000, 0.000, 0.246, 34
train,    326, -25.000000,   14, 1.00,   11, 0.000, 0.000, 0.246, 34
train,    327, 270.000000,  104, 0.00,   18, 0.000, 0.000, 0.246, 34
train,    328, 29.325048,    4, 1.00,   10, 0.000, 0.000, 0.246, 34
train,    329, 198.695534,  105, 0.00,   10, 0.000, 0.000, 0.245, 34
train,    330, 51.361462,  119, 0.00,   12, 0.000, 0.000, 0.245, 34
update,   330,   33,  12933, 61.954161, 0.000000
train,    331, 4.170501,    4, 1.00,    7, 0.000, 0.000, 0.245, 34
train,    332, 120.370152,   20, 1.00,    8, 0.000, 0.000, 0.245, 34
train,    333, 3.180287,   10, 1.00,    8, 0.000, 0.000, 0.245, 34
train,    334, -13.372084,   10, 1.00,   12, 0.000, 0.000, 0.245, 34
train,    335, 110.808340,    4, 1.00,    6, 0.000, 0.000, 0.245, 34
train,    336, 43.795958,    4, 1.00,    7, 0.000, 0.000, 0.245, 34
train,    337, 58.336674,   55, 1.00,   15, 0.000, 0.000, 0.245, 34
train,    338, 172.536328,   38, 1.00,   11, 0.000, 0.000, 0.245, 34
train,    339, 270.000000,   94, 0.00,   14, 0.000, 0.000, 0.244, 34
train,    340, 31.069997,   74, 1.00,   10, 0.000, 0.000, 0.244, 34
update,   340,   34,  13246, -5.000000, 0.000000
train,    341, 111.998441,  120, 0.00,   12, 0.000, 0.000, 0.244, 34
train,    342, 10.763329,   38, 1.00,    9, 0.000, 0.000, 0.244, 34
train,    343, 258.450871,   94, 0.00,   13, 0.000, 0.000, 0.244, 34
train,    344, 13.299183,   19, 1.00,   10, 0.000, 0.000, 0.244, 34
train,    345, 165.756533,  120, 0.00,   11, 0.000, 0.000, 0.244, 34
train,    346, 209.590938,  120, 0.00,   12, 0.000, 0.000, 0.244, 34
train,    347, 90.452006,    4, 1.00,    8, 0.000, 0.000, 0.244, 34
train,    348, 85.925549,   11, 1.00,    6, 0.000, 0.000, 0.244, 34
train,    349, 40.659016,    4, 1.00,    8, 0.000, 0.000, 0.244, 34
train,    350, -25.000000,   48, 1.00,    8, 0.000, 0.000, 0.243, 34
update,   350,   35,  13824, -5.000000, 0.000000
train,    351, 57.666486,   43, 1.00,   12, 0.000, 0.000, 0.243, 34
train,    352, 186.114868,  120, 0.00,    7, 0.000, 0.000, 0.243, 34
train,    353, 70.044250,   65, 1.00,   10, 0.000, 0.000, 0.243, 34
train,    354, 270.000000,   81, 0.00,   10, 0.000, 0.000, 0.243, 34
train,    355, -25.000000,    4, 1.00,    5, 0.000, 0.000, 0.243, 34
train,    356, 64.330831,    4, 1.00,    8, 0.000, 0.000, 0.243, 34
train,    357, -25.000000,   21, 1.00,    8, 0.000, 0.000, 0.243, 34
train,    358, 32.000883,    4, 1.00,   10, 0.000, 0.000, 0.243, 34
train,    359, -25.000000,    4, 1.00,    9, 0.000, 0.000, 0.243, 34
train,    360, 190.624952,   64, 0.00,   13, 0.000, 0.000, 0.242, 34
update,   360,   36,  14234, 240.000000, 0.000000
train,    361, 150.848004,   64, 1.00,   12, 0.000, 0.000, 0.242, 34
train,    362, -25.000000,   27, 1.00,    9, 0.000, 0.000, 0.242, 34
train,    363, 81.292920,   19, 1.00,   11, 0.000, 0.000, 0.242, 34
train,    364, 180.000000,   32, 1.00,    8, 0.000, 0.000, 0.242, 34
train,    365, 25.676049,    4, 1.00,    9, 0.000, 0.000, 0.242, 34
train,    366, -25.000000,    4, 1.00,   10, 0.000, 0.000, 0.242, 34
train,    367, 137.204284,   68, 0.00,   19, 0.000, 0.000, 0.242, 34
train,    368, -25.000000,    4, 1.00,   10, 0.000, 0.000, 0.242, 34
train,    369, 108.497087,   35, 1.00,   12, 0.000, 0.000, 0.242, 34
train,    370, 149.318245,  120, 0.00,   10, 0.000, 0.000, 0.241, 34
update,   370,   37,  14611, 213.153018, 0.000000
train,    371, -4.785562,    4, 1.00,    9, 0.000, 0.000, 0.241, 34
train,    372, 53.836166,    4, 1.00,    9, 0.000, 0.000, 0.241, 34
train,    373, 44.037092,    4, 1.00,   11, 0.000, 0.000, 0.241, 34
train,    374, 152.908718,    4, 1.00,    7, 0.000, 0.000, 0.241, 34
train,    375, -25.000000,    4, 1.00,   10, 0.000, 0.000, 0.241, 34
train,    376, 266.993622,   76, 0.00,   13, 0.000, 0.000, 0.241, 34
train,    377, 74.105955,  120, 0.00,   17, 0.000, 0.000, 0.241, 34
train,    378, -25.000000,    4, 1.00,    8, 0.000, 0.000, 0.241, 34
train,    379, 23.832838,   31, 1.00,    9, 0.000, 0.000, 0.241, 34
train,    380, 186.574276,   97, 0.00,   13, 0.000, 0.000, 0.241, 34
update,   380,   38,  14959, 192.128098, 0.000000
train,    381, 145.135301,   64, 1.00,    9, 0.000, 0.000, 0.240, 34
train,    382, 112.340069,  120, 0.00,   16, 0.000, 0.000, 0.240, 34
train,    383, -1.542030,    4, 1.00,    5, 0.000, 0.000, 0.240, 34
train,    384, 207.223541,  120, 0.00,   11, 0.000, 0.000, 0.240, 34
train,    385, 84.254653,   41, 1.00,   11, 0.000, 0.000, 0.240, 34
train,    386, -14.312883,   62, 1.00,   12, 0.000, 0.000, 0.240, 34
train,    387, -24.423238,   36, 1.00,   13, 0.000, 0.000, 0.240, 34
train,    388, 52.809793,    4, 1.00,    7, 0.000, 0.000, 0.240, 34
train,    389, 137.845692,   91, 0.00,   10, 0.000, 0.000, 0.240, 34
train,    390, 114.408933,    5, 1.00,    9, 0.000, 0.000, 0.240, 34
update,   390,   39,  15506, 53.230530, 0.000000
train,    391, 184.584742,  120, 0.00,    9, 0.000, 0.000, 0.239, 34
train,    392, 23.678036,   79, 1.00,   13, 0.000, 0.000, 0.239, 34
train,    393, 77.334133,    4, 1.00,    9, 0.000, 0.000, 0.239, 34
train,    394, 78.605102,   32, 1.00,    6, 0.000, 0.000, 0.239, 34
train,    395, 217.386120,   67, 0.00,   17, 0.000, 0.000, 0.239, 34
train,    396, -20.752635,    4, 1.00,   11, 0.000, 0.000, 0.239, 34
train,    397, 20.891566,    4, 1.00,    6, 0.000, 0.000, 0.239, 34
train,    398, 23.277472,   35, 1.00,    9, 0.000, 0.000, 0.239, 34
train,    399, 25.297045,    4, 1.00,    8, 0.000, 0.000, 0.239, 34
train,    400, 104.699399,   49, 1.00,   10, 0.000, 0.000, 0.239, 34
update,   400,   40,  15904, 146.212870, 0.000000
val_t, 400, 15904, 68.904831, 0.5359,  14.3469,   0.2789, 0.2838,  23.0214, progress 0.2933
train,    401, 34.022263,    4, 1.00,    9, 0.000, 0.000, 0.238, 34
train,    402, 77.113983,    4, 1.00,   11, 0.000, 0.000, 0.238, 34
train,    403, 67.849241,   60, 1.00,   10, 0.000, 0.000, 0.238, 34
train,    404, 43.920182,   62, 1.00,   10, 0.000, 0.000, 0.238, 34
train,    405, 145.152100,   38, 1.00,   11, 0.000, 0.000, 0.238, 34
train,    406, 180.000000,  105, 1.00,   12, 0.000, 0.000, 0.238, 34
train,    407, 16.443688,   11, 1.00,   10, 0.000, 0.000, 0.238, 34
train,    408, 235.187270,  120, 0.00,   10, 0.000, 0.000, 0.238, 34
train,    409, -5.757339,   38, 1.00,    6, 0.000, 0.000, 0.238, 34
train,    410, -25.000000,   18, 1.00,   11, 0.000, 0.000, 0.238, 34
update,   410,   41,  16364, -5.000000, 0.000000
train,    411, 65.542877,   22, 1.00,    7, 0.000, 0.000, 0.238, 34
train,    412, -13.107412,   32, 1.00,   10, 0.000, 0.000, 0.237, 34
train,    413, 113.787263,   33, 1.00,   10, 0.000, 0.000, 0.237, 34
train,    414, -24.104872,   18, 1.00,    7, 0.000, 0.000, 0.237, 34
train,    415, -25.000000,    4, 1.00,    9, 0.000, 0.000, 0.237, 34
train,    416, 3.475328,    4, 1.00,    8, 0.000, 0.000, 0.237, 34
train,    417, -25.000000,   42, 1.00,    8, 0.000, 0.000, 0.237, 34
train,    418, 40.153450,    4, 1.00,    4, 0.000, 0.000, 0.237, 34
train,    419, 251.398491,  118, 0.00,   17, 0.000, 0.000, 0.237, 34
train,    420, 59.947177,   55, 1.00,   10, 0.000, 0.000, 0.237, 34
update,   420,   42,  16696, 104.501844, 0.000000
train,    421, 88.073386,   76, 1.00,   14, 0.000, 0.000, 0.237, 34
train,    422, 105.150934,   76, 0.00,   12, 0.000, 0.000, 0.237, 34
train,    423, 61.885260,    4, 1.00,    8, 0.000, 0.000, 0.236, 34
train,    424, 21.068491,   43, 1.00,   11, 0.000, 0.000, 0.236, 34
train,    425, 79.350308,    4, 1.00,   10, 0.000, 0.000, 0.236, 34
train,    426, 47.482377,   44, 1.00,   16, 0.000, 0.000, 0.236, 34
train,    427, 270.000000,   86, 0.00,   15, 0.000, 0.000, 0.236, 34
train,    428, 44.814509,    6, 1.00,    8, 0.000, 0.000, 0.236, 34
train,    429, -25.000000,   31, 1.00,    9, 0.000, 0.000, 0.236, 34
train,    430, 264.498801,   63, 0.00,   11, 0.000, 0.000, 0.236, 34
update,   430,   43,  17129, 240.000000, 0.000000
train,    431, -25.000000,    4, 1.00,    6, 0.000, 0.000, 0.236, 34
train,    432, 139.418891,   47, 1.00,    6, 0.000, 0.000, 0.236, 34
train,    433, -10.541371,   21, 1.00,    5, 0.000, 0.000, 0.235, 34
train,    434, 125.348730,   57, 1.00,   14, 0.000, 0.000, 0.235, 34
train,    435, -25.000000,    4, 1.00,   11, 0.000, 0.000, 0.235, 34
train,    436, 91.171378,    4, 1.00,    7, 0.000, 0.000, 0.235, 34
train,    437, 85.632332,   47, 1.00,    9, 0.000, 0.000, 0.235, 34
train,    438, 103.514222,   76, 1.00,   16, 0.000, 0.000, 0.235, 34
train,    439, 12.874588,    4, 1.00,    9, 0.000, 0.000, 0.235, 34
train,    440, 4.857802,   11, 1.00,    5, 0.000, 0.000, 0.235, 34
update,   440,   44,  17404, -5.000000, 0.000000
train,    441, -25.000000,   65, 1.00,   16, 0.000, 0.000, 0.235, 34
train,    442, 239.850404,   74, 0.00,   14, 0.000, 0.000, 0.235, 34
train,    443, 120.189147,   70, 1.00,   17, 0.000, 0.000, 0.235, 34
train,    444, 79.893019,   27, 1.00,   11, 0.000, 0.000, 0.234, 34
train,    445, 55.879577,    4, 1.00,    6, 0.000, 0.000, 0.234, 34
train,    446, 114.793155,    4, 1.00,    6, 0.000, 0.000, 0.234, 34
train,    447, 95.498365,    4, 1.00,    6, 0.000, 0.000, 0.234, 34
train,    448, 130.878605,   45, 0.00,   16, 0.000, 0.000, 0.234, 34
train,    449, 63.116331,    4, 1.00,   10, 0.000, 0.000, 0.234, 34
train,    450, 109.942540,   33, 1.00,   10, 0.000, 0.000, 0.234, 34
update,   450,   45,  17734, 94.767394, 0.000000
train,    451, 162.371875,   28, 1.00,   11, 0.000, 0.000, 0.234, 34
train,    452, 174.609222,   61, 0.00,   12, 0.000, 0.000, 0.234, 34
train,    453, 65.283189,   53, 1.00,   17, 0.000, 0.000, 0.234, 34
train,    454, -18.730982,    4, 1.00,    4, 0.000, 0.000, 0.233, 34
train,    455, 46.847377,   18, 1.00,   13, 0.000, 0.000, 0.233, 34
train,    456, -10.000000,   61, 0.00,    8, 0.000, 0.000, 0.233, 34
train,    457, 216.983604,   74, 0.00,   12, 0.000, 0.000, 0.233, 34
train,    458, 61.031745,   83, 1.00,    7, 0.000, 0.000, 0.233, 34
train,    459, 151.583838,   81, 1.00,   10, 0.000, 0.000, 0.233, 34
train,    460, 211.211713,   46, 0.00,    9, 0.000, 0.000, 0.233, 34
update,   460,   46,  18243, 240.000000, 0.000000
train,    461, 96.603213,   61, 0.00,   15, 0.000, 0.000, 0.233, 34
train,    462, 76.243720,   44, 1.00,   13, 0.000, 0.000, 0.233, 34
train,    463, -25.000000,   11, 1.00,    9, 0.000, 0.000, 0.233, 34
train,    464, 88.908303,    4, 1.00,    7, 0.000, 0.000, 0.233, 34
train,    465, 94.080243,   32, 1.00,    7, 0.000, 0.000, 0.232, 34
train,    466, 194.567061,   69, 0.00,   16, 0.000, 0.000, 0.232, 34
train,    467, 141.042128,   25, 1.00,   10, 0.000, 0.000, 0.232, 34
train,    468, 52.942354,   36, 1.00,   10, 0.000, 0.000, 0.232, 34
train,    469, 179.036099,   65, 0.00,   10, 0.000, 0.000, 0.232, 34
train,    470, -25.000000,    7, 1.00,    9, 0.000, 0.000, 0.232, 34
update,   470,   47,  18597, -5.000000, 0.000000
train,    471, 92.108728,   91, 1.00,   13, 0.000, 0.000, 0.232, 34
train,    472, 147.089072,   51, 0.00,   12, 0.000, 0.000, 0.232, 34
train,    473, 158.275538,   86, 1.00,   12, 0.000, 0.000, 0.232, 34
train,    474, 99.327973,   64, 1.00,   11, 0.000, 0.000, 0.232, 34
train,    475, 16.853784,    4, 1.00,    9, 0.000, 0.000, 0.232, 34
train,    476, 139.061402,   77, 0.00,    9, 0.000, 0.000, 0.231, 34
train,    477, 54.399576,   82, 0.00,   17, 0.000, 0.000, 0.231, 34
train,    478, 39.403885,    4, 1.00,    8, 0.000, 0.000, 0.231, 34
train,    479, -8.473274,   13, 1.00,    7, 0.000, 0.000, 0.231, 34
train,    480, -12.658332,    4, 1.00,    9, 0.000, 0.000, 0.231, 35
update,   480,   48,  19073, -5.000000, 0.000000
train,    481, 82.509130,   33, 1.00,    7, 0.000, 0.000, 0.231, 35
train,    482, 134.465272,    4, 1.00,   11, 0.000, 0.000, 0.231, 35
train,    483, 144.173599,  115, 0.00,   15, 0.000, 0.000, 0.231, 35
train,    484, 177.315657,  107, 0.00,   15, 0.000, 0.000, 0.231, 35
train,    485, 84.909083,    4, 1.00,    8, 0.000, 0.000, 0.231, 35
train,    486, -25.000000,    4, 1.00,    5, 0.000, 0.000, 0.231, 35
train,    487, 244.049408,  120, 0.00,   12, 0.000, 0.000, 0.230, 35
train,    488, 90.274996,   45, 0.00,   14, 0.000, 0.000, 0.230, 35
train,    489, 169.533438,   76, 1.00,   10, 0.000, 0.000, 0.230, 35
train,    490, -25.000000,   37, 1.00,   12, 0.000, 0.000, 0.230, 35
update,   490,   49,  19618, -5.000000, 0.000000
train,    491, 99.904710,   73, 0.00,   11, 0.000, 0.000, 0.230, 35
train,    492, 48.016309,    4, 1.00,    5, 0.000, 0.000, 0.230, 35
train,    493, 143.804155,   65, 0.00,   11, 0.000, 0.000, 0.230, 35
train,    494, -14.533956,   38, 1.00,    8, 0.000, 0.000, 0.230, 35
train,    495, 112.594443,    4, 1.00,    6, 0.000, 0.000, 0.230, 35
train,    496, 222.103192,  120, 0.00,   13, 0.000, 0.000, 0.230, 35
train,    497, 117.422581,    4, 1.00,    3, 0.000, 0.000, 0.230, 35
train,    498, 103.319901,   58, 1.00,   12, 0.000, 0.000, 0.229, 35
train,    499, 207.288971,  120, 0.00,   15, 0.000, 0.000, 0.229, 35
train,    500, 122.814362,    4, 1.00,    6, 0.000, 0.000, 0.229, 35
update,   500,   50,  20108, 85.007857, 0.000000
val_t, 500, 20108, 74.393064, 0.4783,  27.7142,   0.2725, 0.2431,  21.9449, progress 0.2849
train,    501, 212.224037,   82, 0.00,   10, 0.000, 0.000, 0.229, 35
train,    502, -25.000000,    5, 1.00,    7, 0.000, 0.000, 0.229, 35
train,    503, -25.000000,    4, 1.00,    7, 0.000, 0.000, 0.229, 35
train,    504, 55.580469,   46, 1.00,   12, 0.000, 0.000, 0.229, 35
train,    505, 140.817665,    4, 1.00,    5, 0.000, 0.000, 0.229, 35
train,    506, 6.449179,    7, 1.00,   10, 0.000, 0.000, 0.229, 35
train,    507, 153.933325,   45, 0.00,   14, 0.000, 0.000, 0.229, 35
train,    508, 39.118874,    4, 1.00,   11, 0.000, 0.000, 0.229, 35
train,    509, 151.090842,   34, 1.00,    5, 0.000, 0.000, 0.228, 35
train,    510, 270.000000,   45, 0.00,   11, 0.000, 0.000, 0.228, 35
update,   510,   51,  20384, 240.000000, 0.000000
train,    511, 91.989783,   82, 0.00,    8, 0.000, 0.000, 0.228, 35
train,    512, 212.560690,   86, 0.00,   14, 0.000, 0.000, 0.228, 35
train,    513, 165.617285,   57, 0.00,    9, 0.000, 0.000, 0.228, 35
train,    514, -14.544634,    4, 1.00,    8, 0.000, 0.000, 0.228, 35
train,    515, 220.852199,   81, 0.00,   10, 0.000, 0.000, 0.228, 35
train,    516, -25.000000,    4, 1.00,    8, 0.000, 0.000, 0.228, 35
train,    517, 102.558941,    4, 1.00,    9, 0.000, 0.000, 0.228, 35
train,    518, -25.000000,    4, 1.00,    6, 0.000, 0.000, 0.228, 35
train,    519, 27.918290,   11, 1.00,    5, 0.000, 0.000, 0.227, 35
train,    520, 181.503337,   80, 0.00,   14, 0.000, 0.000, 0.227, 35
update,   520,   52,  20797, 203.880711, 0.000000
train,    521, 113.466849,   52, 1.00,   11, 0.000, 0.000, 0.227, 35
train,    522, 74.518507,    4, 1.00,    8, 0.000, 0.000, 0.227, 35
train,    523, 136.186855,   67, 0.00,   11, 0.000, 0.000, 0.227, 35
train,    524, 110.974250,   11, 1.00,    7, 0.000, 0.000, 0.227, 35
train,    525, -25.000000,    4, 1.00,    8, 0.000, 0.000, 0.227, 35
train,    526, -25.000000,   22, 1.00,    5, 0.000, 0.000, 0.227, 35
train,    527, 43.938469,   15, 1.00,    6, 0.000, 0.000, 0.227, 35
train,    528, 72.734441,   13, 1.00,    5, 0.000, 0.000, 0.227, 35
train,    529, 34.232243,    4, 1.00,    8, 0.000, 0.000, 0.227, 35
train,    530, -17.046373,    4, 1.00,   11, 0.000, 0.000, 0.227, 35
update,   530,   53,  20993, 10.913851, 0.000000
train,    531, 51.564779,    4, 1.00,    3, 0.000, 0.000, 0.226, 35
train,    532, -7.327541,   42, 1.00,   11, 0.000, 0.000, 0.226, 35
train,    533, -25.000000,    4, 1.00,    8, 0.000, 0.000, 0.226, 35
train,    534, 79.896259,  120, 0.00,   10, 0.000, 0.000, 0.226, 35
train,    535, 181.716148,   66, 0.00,   13, 0.000, 0.000, 0.226, 35
train,    536, 154.602593,   44, 1.00,   11, 0.000, 0.000, 0.226, 35
train,    537, -1.970969,    4, 1.00,   10, 0.000, 0.000, 0.226, 35
train,    538, 35.473123,    4, 1.00,    9, 0.000, 0.000, 0.226, 35
train,    539, -25.000000,    4, 1.00,    8, 0.000, 0.000, 0.226, 35
train,    540, 93.135081,   47, 1.00,   12, 0.000, 0.000, 0.226, 35
update,   540,   54,  21332, 72.195281, 0.000000
train,    541, 270.000000,   45, 0.00,   14, 0.000, 0.000, 0.226, 35
train,    542, -20.137973,    4, 1.00,   11, 0.000, 0.000, 0.225, 35
train,    543, 229.344178,   91, 0.00,   11, 0.000, 0.000, 0.225, 35
train,    544, 237.427640,  120, 0.00,   10, 0.000, 0.000, 0.225, 35
train,    545, 270.000000,   77, 0.00,   12, 0.000, 0.000, 0.225, 35
train,    546, 208.187065,   53, 0.00,   12, 0.000, 0.000, 0.225, 35
train,    547, 74.516332,  120, 0.00,    8, 0.000, 0.000, 0.225, 35
train,    548, 270.000000,   71, 0.00,   14, 0.000, 0.000, 0.225, 35
train,    549, -25.000000,   20, 1.00,    8, 0.000, 0.000, 0.225, 35
train,    550, -24.445917,    4, 1.00,    8, 0.000, 0.000, 0.225, 35
update,   550,   55,  21937, -5.000000, 0.000000
train,    551, 266.040053,  103, 0.00,   11, 0.000, 0.000, 0.225, 35
train,    552, -25.000000,    4, 1.00,    8, 0.000, 0.000, 0.225, 35
train,    553, 65.815412,   33, 1.00,    9, 0.000, 0.000, 0.224, 35
train,    554, -25.000000,    4, 1.00,   12, 0.000, 0.000, 0.224, 35
train,    555, 168.175984,   61, 1.00,   10, 0.000, 0.000, 0.224, 35
train,    556, 153.838502,   11, 1.00,    7, 0.000, 0.000, 0.224, 35
train,    557, 67.606690,   52, 1.00,   11, 0.000, 0.000, 0.224, 35
train,    558, -25.000000,    4, 1.00,    7, 0.000, 0.000, 0.224, 35
train,    559, 31.099360,   40, 1.00,    8, 0.000, 0.000, 0.224, 35
train,    560, 119.820744,   87, 1.00,   12, 0.000, 0.000, 0.224, 35
update,   560,   56,  22336, 192.041701, 0.000000
train,    561, 115.561039,   85, 0.00,   11, 0.000, 0.000, 0.224, 35
train,    562, 91.725926,    4, 1.00,    8, 0.000, 0.000, 0.224, 35
train,    563, -0.920476,    4, 1.00,    8, 0.000, 0.000, 0.224, 35
train,    564, 183.939679,  120, 0.00,   13, 0.000, 0.000, 0.223, 35
train,    565, 164.031942,  120, 0.00,    9, 0.000, 0.000, 0.223, 35
train,    566, 45.818413,   38, 1.00,    4, 0.000, 0.000, 0.223, 35
train,    567, 21.622158,   89, 1.00,    7, 0.000, 0.000, 0.223, 35
train,    568, 237.023251,   78, 0.00,   12, 0.000, 0.000, 0.223, 35
train,    569, 38.657531,   29, 1.00,    8, 0.000, 0.000, 0.223, 35
train,    570, 103.135839,   92, 0.00,    9, 0.000, 0.000, 0.223, 35
update,   570,   57,  22995, 72.491627, 0.000000
train,    571, 42.441795,    4, 1.00,    5, 0.000, 0.000, 0.223, 35
train,    572, 168.471917,   92, 0.00,   11, 0.000, 0.000, 0.223, 35
train,    573, 203.916614,  120, 0.00,   12, 0.000, 0.000, 0.223, 35
train,    574, 153.762679,   92, 1.00,   14, 0.000, 0.000, 0.223, 35
train,    575, 160.421091,   52, 1.00,    9, 0.000, 0.000, 0.222, 35
train,    576, 166.781038,   60, 0.00,   14, 0.000, 0.000, 0.222, 35
train,    577, 159.645753,   48, 1.00,   13, 0.000, 0.000, 0.222, 35
train,    578, 12.792000,   63, 1.00,   13, 0.000, 0.000, 0.222, 35
train,    579, 31.954476,   97, 0.00,   13, 0.000, 0.000, 0.222, 35
train,    580, 219.122541,   89, 0.00,   14, 0.000, 0.000, 0.222, 35
update,   580,   58,  23712, 240.000000, 0.000000
train,    581, 120.636787,   50, 1.00,   12, 0.000, 0.000, 0.222, 35
train,    582, 23.409017,    4, 1.00,    9, 0.000, 0.000, 0.222, 35
train,    583, 87.967113,   19, 1.00,    7, 0.000, 0.000, 0.222, 35
train,    584, 79.614491,   38, 1.00,    9, 0.000, 0.000, 0.222, 35
train,    585, -21.165219,    4, 1.00,    6, 0.000, 0.000, 0.222, 35
train,    586, 43.055532,   22, 1.00,   10, 0.000, 0.000, 0.221, 35
train,    587, 175.288394,  113, 0.00,   15, 0.000, 0.000, 0.221, 35
train,    588, 134.720900,   85, 1.00,   11, 0.000, 0.000, 0.221, 35
train,    589, 79.525269,   66, 1.00,   10, 0.000, 0.000, 0.221, 35
train,    590, 20.083594,    4, 1.00,    4, 0.000, 0.000, 0.221, 35
update,   590,   59,  24117, -5.000000, 0.000000
train,    591, 125.645521,  120, 0.00,   11, 0.000, 0.000, 0.221, 35
train,    592, 10.439674,    4, 1.00,    8, 0.000, 0.000, 0.221, 35
train,    593, -25.000000,    4, 1.00,    7, 0.000, 0.000, 0.221, 35
train,    594, -10.304174,    4, 1.00,    5, 0.000, 0.000, 0.221, 35
train,    595, 117.027965,   95, 1.00,   15, 0.000, 0.000, 0.221, 35
train,    596, 23.817860,   20, 1.00,    8, 0.000, 0.000, 0.221, 35
train,    597, 96.928410,   62, 1.00,   13, 0.000, 0.000, 0.221, 35
train,    598, 80.632871,   29, 1.00,    6, 0.000, 0.000, 0.220, 35
train,    599, 34.421358,   55, 1.00,    9, 0.000, 0.000, 0.220, 35
train,    600, -25.000000,   44, 1.00,    6, 0.000, 0.000, 0.220, 35
update,   600,   60,  24554, -5.000000, 0.000000
val_t, 600, 24554, 10.000000, 0.5137,  51.4867,   0.2756, 0.3431,  22.6853, progress 0.4260
train,    601, 24.290995,   57, 1.00,   12, 0.000, 0.000, 0.220, 35
train,    602, 216.953098,   45, 0.00,   12, 0.000, 0.000, 0.220, 35
train,    603, 87.998079,  120, 0.00,   14, 0.000, 0.000, 0.220, 35
train,    604, -10.605349,   35, 1.00,   10, 0.000, 0.000, 0.220, 35
train,    605, -2.580052,    4, 1.00,    9, 0.000, 0.000, 0.220, 35
train,    606, -6.825241,    4, 1.00,    4, 0.000, 0.000, 0.220, 35
train,    607, 172.183422,   41, 1.00,   10, 0.000, 0.000, 0.220, 35
train,    608, 111.621474,  116, 0.00,    9, 0.000, 0.000, 0.220, 35
train,    609, 71.317553,   79, 1.00,    8, 0.000, 0.000, 0.219, 35
train,    610, 252.255980,  119, 0.00,   15, 0.000, 0.000, 0.219, 35
update,   610,   61,  25174, 166.894494, 0.000000
train,    611, 65.192877,    4, 1.00,    6, 0.000, 0.000, 0.219, 35
train,    612, 234.819417,  104, 0.00,   14, 0.000, 0.000, 0.219, 35
train,    613, 212.171191,  120, 0.00,   11, 0.000, 0.000, 0.219, 35
train,    614, 91.681799,   84, 0.00,   14, 0.000, 0.000, 0.219, 35
train,    615, 113.400742,   88, 0.00,    9, 0.000, 0.000, 0.219, 35
train,    616, 199.684542,  120, 0.00,   17, 0.000, 0.000, 0.219, 35
train,    617, 132.793988,   62, 1.00,   16, 0.000, 0.000, 0.219, 35
train,    618, 106.548061,   79, 1.00,   11, 0.000, 0.000, 0.219, 35
train,    619, -25.000000,   16, 1.00,    8, 0.000, 0.000, 0.219, 35
train,    620, 144.096751,   79, 0.00,   13, 0.000, 0.000, 0.218, 35
update,   620,   62,  25930, 26.842290, 0.000000
train,    621, 92.971354,   45, 0.00,   11, 0.000, 0.000, 0.218, 35
train,    622, -9.400417,    4, 1.00,    8, 0.000, 0.000, 0.218, 35
train,    623, 143.818536,    4, 1.00,    7, 0.000, 0.000, 0.218, 35
train,    624, 177.822875,   41, 1.00,   10, 0.000, 0.000, 0.218, 35
train,    625, 143.013558,   22, 1.00,    7, 0.000, 0.000, 0.218, 35
train,    626, 69.651554,   52, 1.00,   11, 0.000, 0.000, 0.218, 35
train,    627, 142.489097,   45, 0.00,   13, 0.000, 0.000, 0.218, 35
train,    628, 112.793349,   54, 1.00,   10, 0.000, 0.000, 0.218, 35
train,    629, 139.129274,  117, 0.00,   12, 0.000, 0.000, 0.218, 35
train,    630, 40.348637,   18, 1.00,    9, 0.000, 0.000, 0.218, 35
update,   630,   63,  26332, 39.292909, 0.000000
train,    631, 169.133868,   61, 0.00,   11, 0.000, 0.000, 0.218, 35
train,    632, 196.364596,   79, 0.00,   18, 0.000, 0.000, 0.217, 35
train,    633, -25.000000,    4, 1.00,    7, 0.000, 0.000, 0.217, 35
train,    634, 270.000000,   98, 0.00,   14, 0.000, 0.000, 0.217, 35
train,    635, -9.577486,    4, 1.00,    6, 0.000, 0.000, 0.217, 35
train,    636, 83.039964,    4, 1.00,    8, 0.000, 0.000, 0.217, 35
train,    637, 51.328647,    4, 1.00,   11, 0.000, 0.000, 0.217, 35
train,    638, 183.037920,  111, 0.00,   14, 0.000, 0.000, 0.217, 35
train,    639, 67.134406,   31, 1.00,   10, 0.000, 0.000, 0.217, 35
train,    640, 213.948479,   45, 0.00,   11, 0.000, 0.000, 0.217, 36
update,   640,   64,  26773, 205.411640, 0.000000
train,    641, 57.918642,   22, 1.00,    9, 0.000, 0.000, 0.217, 36
train,    642, 159.403525,   19, 1.00,   10, 0.000, 0.000, 0.217, 36
train,    643, 143.580799,  102, 0.00,   10, 0.000, 0.000, 0.216, 36
train,    644, 134.458760,    4, 1.00,    9, 0.000, 0.000, 0.216, 36
train,    645, 141.931497,   51, 0.00,   11, 0.000, 0.000, 0.216, 36
train,    646, 139.265563,  120, 0.00,    8, 0.000, 0.000, 0.216, 36
train,    647, 215.853586,   73, 0.00,   15, 0.000, 0.000, 0.216, 36
train,    648, 249.641580,   63, 0.00,   17, 0.000, 0.000, 0.216, 36
train,    649, 252.139099,  115, 0.00,   12, 0.000, 0.000, 0.216, 36
train,    650, -25.000000,   19, 1.00,    8, 0.000, 0.000, 0.216, 36
update,   650,   65,  27361, -5.000000, 0.000000
train,    651, 152.897920,  107, 0.00,   11, 0.000, 0.000, 0.216, 36
train,    652, -11.604982,   26, 1.00,    7, 0.000, 0.000, 0.216, 36
train,    653, 51.172645,    4, 1.00,    8, 0.000, 0.000, 0.216, 36
train,    654, 70.833294,   20, 1.00,    9, 0.000, 0.000, 0.216, 36
train,    655, -9.120889,    4, 1.00,    8, 0.000, 0.000, 0.215, 36
train,    656, 92.254946,    4, 1.00,   12, 0.000, 0.000, 0.215, 36
train,    657, 149.189063,   46, 1.00,    9, 0.000, 0.000, 0.215, 36
train,    658, -25.000000,    4, 1.00,    6, 0.000, 0.000, 0.215, 36
train,    659, 201.516623,   84, 0.00,    9, 0.000, 0.000, 0.215, 36
train,    660, 108.919402,  120, 0.00,   16, 0.000, 0.000, 0.215, 36
update,   660,   66,  27780, 81.117347, 0.000000
train,    661, 47.428541,    4, 1.00,    7, 0.000, 0.000, 0.215, 36
train,    662, 127.849220,   88, 0.00,   10, 0.000, 0.000, 0.215, 36
train,    663, 176.073522,  120, 0.00,   15, 0.000, 0.000, 0.215, 36
train,    664, 150.201694,   69, 1.00,   12, 0.000, 0.000, 0.215, 36
train,    665, 174.355038,   36, 1.00,    4, 0.000, 0.000, 0.215, 36
train,    666, 27.923481,   42, 1.00,    9, 0.000, 0.000, 0.215, 36
train,    667, 63.746853,   74, 0.00,   12, 0.000, 0.000, 0.214, 36
train,    668, 103.727025,   56, 1.00,   11, 0.000, 0.000, 0.214, 36
train,    669, 270.000000,   67, 0.00,   12, 0.000, 0.000, 0.214, 36
train,    670, 89.799352,   95, 0.00,   11, 0.000, 0.000, 0.214, 36
update,   670,   67,  28431, 183.583148, 0.000000
train,    671, 180.000000,   77, 1.00,   11, 0.000, 0.000, 0.214, 36
train,    672, 125.893048,  120, 0.00,   12, 0.000, 0.000, 0.214, 36
train,    673, 51.132953,   35, 1.00,    9, 0.000, 0.000, 0.214, 36
train,    674, 136.589604,   11, 1.00,    8, 0.000, 0.000, 0.214, 36
train,    675, 14.239728,    4, 1.00,    5, 0.000, 0.000, 0.214, 36
train,    676, 42.205261,   60, 1.00,   11, 0.000, 0.000, 0.214, 36
train,    677, 185.190329,   71, 0.00,   11, 0.000, 0.000, 0.214, 36
train,    678, 77.193793,   92, 0.00,    8, 0.000, 0.000, 0.213, 36
train,    679, 250.471393,   62, 0.00,    9, 0.000, 0.000, 0.213, 36
train,    680, 140.172382,    4, 1.00,   13, 0.000, 0.000, 0.213, 36
update,   680,   68,  28967, 190.908510, 0.000000
train,    681, 270.000000,  120, 0.00,   13, 0.000, 0.000, 0.213, 36
train,    682, 163.526697,   62, 1.00,   10, 0.000, 0.000, 0.213, 36
train,    683, 1.924420,    7, 1.00,   10, 0.000, 0.000, 0.213, 36
train,    684, 26.874648,   14, 1.00,    5, 0.000, 0.000, 0.213, 36
train,    685, 78.477301,   89, 1.00,   18, 0.000, 0.000, 0.213, 36
train,    686, -25.000000,    7, 1.00,    7, 0.000, 0.000, 0.213, 36
train,    687, 92.726527,   21, 1.00,    7, 0.000, 0.000, 0.213, 36
train,    688, 14.836512,   10, 1.00,    8, 0.000, 0.000, 0.213, 36
train,    689, 26.673934,    4, 1.00,    9, 0.000, 0.000, 0.213, 36
train,    690, 26.965238,    4, 1.00,    7, 0.000, 0.000, 0.212, 36
update,   690,   69,  29305, 21.066153, 0.000000
train,    691, -25.000000,    4, 1.00,   10, 0.000, 0.000, 0.212, 36
train,    692, 82.378092,   26, 1.00,   10, 0.000, 0.000, 0.212, 36
train,    693, -17.259542,   33, 1.00,    7, 0.000, 0.000, 0.212, 36
train,    694, -25.000000,    4, 1.00,    6, 0.000, 0.000, 0.212, 36
train,    695, 30.967259,   34, 1.00,   10, 0.000, 0.000, 0.212, 36
train,    696, 270.000000,  120, 0.00,   14, 0.000, 0.000, 0.212, 36
train,    697, 127.825086,   67, 0.00,   12, 0.000, 0.000, 0.212, 36
train,    698, 232.944700,   92, 0.00,   14, 0.000, 0.000, 0.212, 36
train,    699, 168.344383,   93, 0.00,   16, 0.000, 0.000, 0.212, 36
train,    700, 89.007463,    8, 1.00,   10, 0.000, 0.000, 0.212, 36
update,   700,   70,  29786, 47.485482, 0.000000
val_t, 700, 29786, 67.684298, 0.4011,  25.3231,   0.2431, 0.3244,  22.9639, progress 0.4411
train,    701, 48.892656,   14, 1.00,    9, 0.000, 0.000, 0.212, 36
train,    702, 114.142616,   20, 1.00,    9, 0.000, 0.000, 0.211, 36
train,    703, 270.000000,   66, 0.00,    9, 0.000, 0.000, 0.211, 36
train,    704, 202.321940,   86, 0.00,   13, 0.000, 0.000, 0.211, 36
train,    705, 180.000000,  105, 1.00,   14, 0.000, 0.000, 0.211, 36
train,    706, 140.030883,   45, 0.00,   11, 0.000, 0.000, 0.211, 36
train,    707, 174.892319,   79, 0.00,   13, 0.000, 0.000, 0.211, 36
train,    708, 232.874084,   83, 0.00,   15, 0.000, 0.000, 0.211, 36
train,    709, -14.846496,   29, 1.00,    9, 0.000, 0.000, 0.211, 36
train,    710, 137.387274,   66, 0.00,   16, 0.000, 0.000, 0.211, 36
update,   710,   71,  30379, 102.520265, 0.000000
train,    711, -25.000000,   16, 1.00,    9, 0.000, 0.000, 0.211, 36
train,    712, 246.177952,   49, 0.00,   14, 0.000, 0.000, 0.211, 36
train,    713, 125.330001,    4, 1.00,    9, 0.000, 0.000, 0.211, 36
train,    714, 150.494197,   45, 0.00,   14, 0.000, 0.000, 0.210, 36
train,    715, -25.000000,   19, 1.00,    5, 0.000, 0.000, 0.210, 36
train,    716, 55.841080,    4, 1.00,   10, 0.000, 0.000, 0.210, 36
train,    717, 186.031088,   45, 0.00,   19, 0.000, 0.000, 0.210, 36
train,    718, 174.763879,  109, 0.00,   11, 0.000, 0.000, 0.210, 36
train,    719, 256.229953,  120, 0.00,   11, 0.000, 0.000, 0.210, 36
train,    720, 164.768204,   55, 1.00,   10, 0.000, 0.000, 0.210, 36
update,   720,   72,  30845, 105.094254, 0.000000
train,    721, 180.000000,   34, 1.00,    8, 0.000, 0.000, 0.210, 36
train,    722, 91.437393,    4, 1.00,   10, 0.000, 0.000, 0.210, 36
train,    723, 199.545139,   67, 0.00,   15, 0.000, 0.000, 0.210, 36
train,    724, 136.911757,   72, 1.00,   11, 0.000, 0.000, 0.210, 36
train,    725, 1.879763,  105, 1.00,   13, 0.000, 0.000, 0.210, 36
train,    726, 12.473521,    4, 1.00,    4, 0.000, 0.000, 0.209, 36
train,    727, 193.988947,  111, 0.00,   18, 0.000, 0.000, 0.209, 36
train,    728, 55.995092,   27, 1.00,    6, 0.000, 0.000, 0.209, 36
train,    729, 155.188420,   45, 0.00,   12, 0.000, 0.000, 0.209, 36
train,    730, -25.000000,    4, 1.00,    4, 0.000, 0.000, 0.209, 36
update,   730,   73,  31318, 24.132206, 0.000000
train,    731, -25.000000,   47, 1.00,    8, 0.000, 0.000, 0.209, 36
train,    732, 190.620767,  120, 0.00,   12, 0.000, 0.000, 0.209, 36
train,    733, 63.313929,   24, 1.00,    8, 0.000, 0.000, 0.209, 36
train,    734, 46.973937,   17, 1.00,   11, 0.000, 0.000, 0.209, 36
train,    735, -25.000000,    4, 1.00,   11, 0.000, 0.000, 0.209, 36
train,    736, 175.475171,   67, 0.00,   15, 0.000, 0.000, 0.209, 36
train,    737, -1.109655,   10, 1.00,    4, 0.000, 0.000, 0.208, 36
train,    738, 35.295440,   69, 1.00,   12, 0.000, 0.000, 0.208, 36
train,    739, 115.095078,   36, 1.00,    8, 0.000, 0.000, 0.208, 36
train,    740, 216.435233,  112, 0.00,   10, 0.000, 0.000, 0.208, 36
update,   740,   74,  31824, 240.000000, 0.000000
train,    741, -9.575129,   30, 1.00,    7, 0.000, 0.000, 0.208, 36
train,    742, 234.734817,   80, 0.00,   13, 0.000, 0.000, 0.208, 36
train,    743, 69.692395,   26, 1.00,   12, 0.000, 0.000, 0.208, 36
train,    744, 126.556555,   49, 1.00,    5, 0.000, 0.000, 0.208, 36
train,    745, 199.678842,   88, 0.00,   13, 0.000, 0.000, 0.208, 36
train,    746, 171.698121,   45, 0.00,    9, 0.000, 0.000, 0.208, 36
train,    747, 207.185890,   45, 0.00,   11, 0.000, 0.000, 0.208, 36
train,    748, 31.445489,    4, 1.00,    5, 0.000, 0.000, 0.208, 36
train,    749, 51.308169,   65, 1.00,   13, 0.000, 0.000, 0.207, 36
train,    750, 238.936197,   90, 0.00,   11, 0.000, 0.000, 0.207, 36
update,   750,   75,  32346, 240.000000, 0.000000
train,    751, 55.313875,   39, 1.00,    7, 0.000, 0.000, 0.207, 36
train,    752, -25.000000,   30, 1.00,   11, 0.000, 0.000, 0.207, 36
train,    753, 92.882803,   79, 1.00,   10, 0.000, 0.000, 0.207, 36
train,    754, 212.244015,   45, 0.00,    9, 0.000, 0.000, 0.207, 36
train,    755, 162.000895,  120, 0.00,   12, 0.000, 0.000, 0.207, 36
train,    756, 87.830891,   86, 1.00,   11, 0.000, 0.000, 0.207, 36
train,    757, 175.909178,   73, 0.00,   16, 0.000, 0.000, 0.207, 36
train,    758, 169.664161,  103, 1.00,   15, 0.000, 0.000, 0.207, 36
train,    759, -25.000000,    9, 1.00,    6, 0.000, 0.000, 0.207, 36
train,    760, 207.897947,   72, 0.00,   11, 0.000, 0.000, 0.207, 36
update,   760,   76,  33002, 188.698427, 0.000000
train,    761, 43.480804,    4, 1.00,    4, 0.000, 0.000, 0.207, 36
train,    762, 31.620967,   92, 1.00,   10, 0.000, 0.000, 0.206, 36
train,    763, 40.236188,   11, 1.00,    7, 0.000, 0.000, 0.206, 36
train,    764, 86.655147,   85, 0.00,   14, 0.000, 0.000, 0.206, 36
train,    765, 74.903393,   61, 1.00,   11, 0.000, 0.000, 0.206, 36
train,    766, 156.839340,    5, 1.00,    2, 0.000, 0.000, 0.206, 36
train,    767, 206.177910,   81, 0.00,   11, 0.000, 0.000, 0.206, 36
train,    768, 61.260382,   30, 1.00,   12, 0.000, 0.000, 0.206, 36
train,    769, 92.218041,    4, 1.00,    3, 0.000, 0.000, 0.206, 36
train,    770, 26.805760,    5, 1.00,   11, 0.000, 0.000, 0.206, 36
update,   770,   77,  33380, -5.000000, 0.000000
train,    771, 42.149939,    4, 1.00,   10, 0.000, 0.000, 0.206, 36
train,    772, -25.000000,    4, 1.00,    9, 0.000, 0.000, 0.206, 36
train,    773, 53.687201,   67, 1.00,   10, 0.000, 0.000, 0.206, 36
train,    774, 64.709511,   11, 1.00,    6, 0.000, 0.000, 0.205, 36
train,    775, 51.603122,    4, 1.00,    7, 0.000, 0.000, 0.205, 36
train,    776, 56.132824,    4, 1.00,   11, 0.000, 0.000, 0.205, 36
train,    777, 270.000000,   90, 0.00,   12, 0.000, 0.000, 0.205, 36
train,    778, 37.913769,   11, 1.00,   13, 0.000, 0.000, 0.205, 36
train,    779, 101.268495,    4, 1.00,   11, 0.000, 0.000, 0.205, 36
train,    780, 24.263790,   81, 0.00,   12, 0.000, 0.000, 0.205, 36
update,   780,   78,  33660, 30.128042, 0.000000
train,    781, 181.225339,  120, 0.00,   16, 0.000, 0.000, 0.205, 36
train,    782, 180.000000,   86, 1.00,   13, 0.000, 0.000, 0.205, 36
train,    783, 252.779317,   65, 0.00,   14, 0.000, 0.000, 0.205, 36
train,    784, -25.000000,    4, 1.00,   12, 0.000, 0.000, 0.205, 36
train,    785, 189.689315,   89, 0.00,   12, 0.000, 0.000, 0.205, 36
train,    786, 136.290389,    4, 1.00,    9, 0.000, 0.000, 0.204, 36
train,    787, 79.105359,    4, 1.00,    9, 0.000, 0.000, 0.204, 36
train,    788, -11.611570,    4, 1.00,    4, 0.000, 0.000, 0.204, 36
train,    789, 82.335953,   65, 1.00,   15, 0.000, 0.000, 0.204, 36
train,    790, 176.331704,   22, 1.00,   12, 0.000, 0.000, 0.204, 36
update,   790,   79,  34123, 131.542472, 0.000000
train,    791, -1.851541,    4, 1.00,    9, 0.000, 0.000, 0.204, 36
train,    792, 180.000000,    4, 1.00,    8, 0.000, 0.000, 0.204, 36
train,    793, 157.543182,   63, 1.00,    9, 0.000, 0.000, 0.204, 36
train,    794, 163.665158,   49, 0.00,   10, 0.000, 0.000, 0.204, 36
train,    795, -25.000000,    4, 1.00,   10, 0.000, 0.000, 0.204, 36
train,    796, 211.909542,  118, 0.00,   13, 0.000, 0.000, 0.204, 36
train,    797, 42.137394,    4, 1.00,    6, 0.000, 0.000, 0.204, 36
train,    798, 54.058361,   47, 1.00,   12, 0.000, 0.000, 0.203, 36
train,    799, 91.752965,    4, 1.00,    8, 0.000, 0.000, 0.203, 36
train,    800, 163.542897,   59, 0.00,   14, 0.000, 0.000, 0.203, 37
update,   800,   80,  34479, 159.943136, 0.000000
val_t, 800, 34479, 72.638264, 0.3970,  31.9280,   0.2624, 0.3357,  21.6724, progress 0.3640
train,    801, 165.633567,   46, 0.00,   13, 0.000, 0.000, 0.203, 37
train,    802, 180.000000,   53, 1.00,   12, 0.000, 0.000, 0.203, 37
train,    803, 114.305346,   45, 0.00,    9, 0.000, 0.000, 0.203, 37
train,    804, 149.911469,   61, 0.00,   13, 0.000, 0.000, 0.203, 37
train,    805, 49.676355,   31, 1.00,   10, 0.000, 0.000, 0.203, 37
train,    806, 156.893706,   53, 1.00,   11, 0.000, 0.000, 0.203, 37
train,    807, 180.881977,   79, 0.00,   13, 0.000, 0.000, 0.203, 37
train,    808, 20.866542,    4, 1.00,   10, 0.000, 0.000, 0.203, 37
train,    809, 127.151615,   83, 1.00,   12, 0.000, 0.000, 0.203, 37
train,    810, 77.290160,    6, 1.00,    6, 0.000, 0.000, 0.202, 37
update,   810,   81,  34940, 7.473040, 0.000000
train,    811, 101.374790,   45, 0.00,   12, 0.000, 0.000, 0.202, 37
train,    812, 175.583129,    4, 1.00,    9, 0.000, 0.000, 0.202, 37
train,    813, 91.310344,   52, 0.00,   12, 0.000, 0.000, 0.202, 37
train,    814, 129.470969,   80, 0.00,    8, 0.000, 0.000, 0.202, 37
train,    815, 270.000000,   45, 0.00,   11, 0.000, 0.000, 0.202, 37
train,    816, 189.774467,  111, 0.00,    8, 0.000, 0.000, 0.202, 37
train,    817, 270.000000,   88, 0.00,   13, 0.000, 0.000, 0.202, 37
train,    818, 60.263577,   91, 0.00,   10, 0.000, 0.000, 0.202, 37
train,    819, 153.141652,   53, 0.00,   12, 0.000, 0.000, 0.202, 37
train,    820, 80.154982,   30, 1.00,   10, 0.000, 0.000, 0.202, 37
update,   820,   82,  35539, 150.050656, 0.000000
train,    821, 66.475312,  105, 1.00,   14, 0.000, 0.000, 0.202, 37
train,    822, 180.000000,   62, 1.00,   10, 0.000, 0.000, 0.202, 37
train,    823, 107.988693,   55, 0.00,   10, 0.000, 0.000, 0.201, 37
train,    824, 132.985575,    4, 1.00,   10, 0.000, 0.000, 0.201, 37
train,    825, 198.681995,  120, 0.00,   10, 0.000, 0.000, 0.201, 37
train,    826, 181.737670,   71, 0.00,   14, 0.000, 0.000, 0.201, 37
train,    827, 3.765662,    4, 1.00,    8, 0.000, 0.000, 0.201, 37
train,    828, 261.687461,   86, 0.00,   15, 0.000, 0.000, 0.201, 37
train,    829, -25.000000,    4, 1.00,    7, 0.000, 0.000, 0.201, 37
train,    830, 113.218080,   45, 0.00,   12, 0.000, 0.000, 0.201, 37
update,   830,   83,  36095, 82.866644, 0.000000
train,    831, 81.463605,    4, 1.00,    5, 0.000, 0.000, 0.201, 37
train,    832, 203.567314,  119, 0.00,   10, 0.000, 0.000, 0.201, 37
train,    833, 25.248698,   88, 1.00,   11, 0.000, 0.000, 0.201, 37
train,    834, 161.693120,   80, 0.00,   14, 0.000, 0.000, 0.201, 37
train,    835, 82.405016,   41, 1.00,    7, 0.000, 0.000, 0.200, 37
train,    836, 5.576072,    4, 1.00,    3, 0.000, 0.000, 0.200, 37
train,    837, 237.515232,  105, 0.00,   12, 0.000, 0.000, 0.200, 37
train,    838, -25.000000,    9, 1.00,    9, 0.000, 0.000, 0.200, 37
train,    839, 180.000000,   32, 1.00,   12, 0.000, 0.000, 0.200, 37
train,    840, 206.048943,   77, 0.00,   17, 0.000, 0.000, 0.200, 37
update,   840,   84,  36654, 180.548352, 0.000000
train,    841, -10.190374,    4, 1.00,    5, 0.000, 0.000, 0.200, 37
train,    842, 103.812737,   66, 1.00,   12, 0.000, 0.000, 0.200, 37
train,    843, 259.787073,   72, 0.00,   13, 0.000, 0.000, 0.200, 37
train,    844, 180.000000,   53, 1.00,    9, 0.000, 0.000, 0.200, 37
train,    845, 161.678794,  105, 1.00,   14, 0.000, 0.000, 0.200, 37
train,    846, 134.020173,   71, 1.00,   11, 0.000, 0.000, 0.200, 37
train,    847, 129.660961,   49, 1.00,   10, 0.000, 0.000, 0.200, 37
train,    848, -25.000000,    4, 1.00,   12, 0.000, 0.000, 0.199, 37
train,    849, 119.109671,   81, 1.00,   16, 0.000, 0.000, 0.199, 37
train,    850, 129.060608,   99, 0.00,   10, 0.000, 0.000, 0.199, 37
update,   850,   85,  37258, 69.989301, 0.000000
train,    851, 192.121276,   95, 0.00,   13, 0.000, 0.000, 0.199, 37
train,    852, 65.597881,   51, 1.00,   13, 0.000, 0.000, 0.199, 37
train,    853, 184.397561,  108, 0.00,   14, 0.000, 0.000, 0.199, 37
train,    854, 55.372161,   79, 1.00,    7, 0.000, 0.000, 0.199, 37
train,    855, -17.119641,    4, 1.00,    8, 0.000, 0.000, 0.199, 37
train,    856, 87.884976,   60, 1.00,    8, 0.000, 0.000, 0.199, 37
train,    857, -25.000000,   66, 1.00,    8, 0.000, 0.000, 0.199, 37
train,    858, 22.533242,    6, 1.00,    9, 0.000, 0.000, 0.199, 37
train,    859, 203.612902,   86, 0.00,   11, 0.000, 0.000, 0.199, 37
train,    860, -25.000000,   91, 1.00,    6, 0.000, 0.000, 0.198, 37
update,   860,   86,  37904, -5.000000, 0.000000
train,    861, -25.000000,    4, 1.00,    6, 0.000, 0.000, 0.198, 37
train,    862, 45.998297,   21, 1.00,    9, 0.000, 0.000, 0.198, 37
train,    863, -25.000000,   17, 1.00,   10, 0.000, 0.000, 0.198, 37
train,    864, -9.097564,    4, 1.00,    6, 0.000, 0.000, 0.198, 37
train,    865, 91.563484,   82, 1.00,   15, 0.000, 0.000, 0.198, 37
train,    866, 198.080544,   67, 0.00,   11, 0.000, 0.000, 0.198, 37
train,    867, 78.048889,    4, 1.00,    7, 0.000, 0.000, 0.198, 37
train,    868, 109.114790,   20, 1.00,   11, 0.000, 0.000, 0.198, 37
train,    869, 270.000000,   88, 0.00,   13, 0.000, 0.000, 0.198, 37
train,    870, 196.230539,  107, 0.00,   13, 0.000, 0.000, 0.198, 37
update,   870,   87,  38318, 190.124099, 0.000000
train,    871, -25.000000,   12, 1.00,    8, 0.000, 0.000, 0.198, 37
train,    872, -25.000000,   84, 1.00,    9, 0.000, 0.000, 0.198, 37
train,    873, 231.830572,  120, 0.00,   11, 0.000, 0.000, 0.197, 37
train,    874, 59.074327,   31, 1.00,    9, 0.000, 0.000, 0.197, 37
train,    875, 76.524482,   64, 1.00,   12, 0.000, 0.000, 0.197, 37
train,    876, 207.925943,  114, 0.00,   12, 0.000, 0.000, 0.197, 37
train,    877, 55.087701,    4, 1.00,   10, 0.000, 0.000, 0.197, 37
train,    878, 179.862021,  120, 0.00,   17, 0.000, 0.000, 0.197, 37
train,    879, 19.420372,   48, 1.00,   11, 0.000, 0.000, 0.197, 37
train,    880, 75.054987,   22, 1.00,    8, 0.000, 0.000, 0.197, 37
update,   880,   88,  38937, 116.657098, 0.000000
train,    881, 134.715516,   99, 0.00,   10, 0.000, 0.000, 0.197, 37
train,    882, 2.773171,   22, 1.00,   11, 0.000, 0.000, 0.197, 37
train,    883, 65.964786,   84, 0.00,   16, 0.000, 0.000, 0.197, 37
train,    884, 100.904038,   30, 1.00,   12, 0.000, 0.000, 0.197, 37
train,    885, 180.000000,   72, 1.00,   10, 0.000, 0.000, 0.197, 37
train,    886, 95.892423,   72, 1.00,   12, 0.000, 0.000, 0.196, 37
train,    887, 189.371087,   64, 0.00,   16, 0.000, 0.000, 0.196, 37
train,    888, 2.926932,   31, 1.00,   13, 0.000, 0.000, 0.196, 37
train,    889, 210.634560,  120, 0.00,   12, 0.000, 0.000, 0.196, 37
train,    890, -25.000000,   12, 1.00,    4, 0.000, 0.000, 0.196, 37
update,   890,   89,  39543, 22.600397, 0.000000
train,    891, -25.000000,    4, 1.00,    9, 0.000, 0.000, 0.196, 37
train,    892, 32.251537,   96, 0.00,   13, 0.000, 0.000, 0.196, 37
train,    893, 118.114716,   72, 1.00,   13, 0.000, 0.000, 0.196, 37
train,    894, 63.153024,   62, 1.00,    8, 0.000, 0.000, 0.196, 37
train,    895, 49.852943,   49, 1.00,    7, 0.000, 0.000, 0.196, 37
train,    896, 162.494678,   91, 0.00,   16, 0.000, 0.000, 0.196, 37
train,    897, 115.599532,  106, 0.00,   11, 0.000, 0.000, 0.196, 37
train,    898, 152.930716,   76, 0.00,   10, 0.000, 0.000, 0.195, 37
train,    899, 270.000000,  102, 0.00,   17, 0.000, 0.000, 0.195, 37
train,    900, 180.000000,   45, 1.00,   13, 0.000, 0.000, 0.195, 37
update,   900,   90,  40246, 163.723437, 0.000000
val_t, 900, 40246, 64.416281, 0.2731,  32.4245,   0.2447, 0.4287,  23.2823, progress 0.3787
train,    901, 101.419091,  120, 0.00,   15, 0.000, 0.000, 0.195, 37
train,    902, 209.818922,   86, 0.00,   11, 0.000, 0.000, 0.195, 37
train,    903, 67.247360,   34, 1.00,    9, 0.000, 0.000, 0.195, 37
train,    904, 82.341899,  120, 0.00,   11, 0.000, 0.000, 0.195, 37
train,    905, -25.000000,   44, 1.00,    6, 0.000, 0.000, 0.195, 37
train,    906, 270.000000,   75, 0.00,   15, 0.000, 0.000, 0.195, 37
train,    907, 135.124706,  120, 0.00,   12, 0.000, 0.000, 0.195, 37
train,    908, 180.000000,   14, 1.00,   10, 0.000, 0.000, 0.195, 37
train,    909, 173.570986,   80, 0.00,   12, 0.000, 0.000, 0.195, 37
train,    910, 262.461598,  120, 0.00,   11, 0.000, 0.000, 0.195, 37
update,   910,   91,  41059, 240.000000, 0.000000
train,    911, -24.689241,    9, 1.00,   10, 0.000, 0.000, 0.194, 37
train,    912, 161.675550,   30, 1.00,   12, 0.000, 0.000, 0.194, 37
train,    913, 181.946163,   62, 0.00,    8, 0.000, 0.000, 0.194, 37
train,    914, 92.380665,  120, 0.00,   13, 0.000, 0.000, 0.194, 37
train,    915, 5.254780,   80, 0.00,    7, 0.000, 0.000, 0.194, 37
train,    916, 117.650316,    4, 1.00,    6, 0.000, 0.000, 0.194, 37
train,    917, 234.970417,   95, 0.00,   14, 0.000, 0.000, 0.194, 37
train,    918, 144.129848,    4, 1.00,   11, 0.000, 0.000, 0.194, 37
train,    919, 180.000000,   35, 1.00,   11, 0.000, 0.000, 0.194, 37
train,    920, 19.331903,   44, 1.00,   11, 0.000, 0.000, 0.194, 37
update,   920,   92,  41542, 25.970416, 0.000000
train,    921, 85.297089,    4, 1.00,   10, 0.000, 0.000, 0.194, 37
train,    922, 170.083728,   45, 0.00,   12, 0.000, 0.000, 0.194, 37
train,    923, 95.888003,    4, 1.00,   14, 0.000, 0.000, 0.194, 37
train,    924, 234.342241,  120, 0.00,   12, 0.000, 0.000, 0.193, 37
train,    925, 26.776001,    5, 1.00,    6, 0.000, 0.000, 0.193, 37
train,    926, -7.649568,    4, 1.00,    5, 0.000, 0.000, 0.193, 37
train,    927, -25.000000,    4, 1.00,    8, 0.000, 0.000, 0.193, 37
train,    928, 111.495910,    4, 1.00,    5, 0.000, 0.000, 0.193, 37
train,    929, 270.000000,   98, 0.00,   16, 0.000, 0.000, 0.193, 37
train,    930, -7.506282,    4, 1.00,    8, 0.000, 0.000, 0.193, 37
update,   930,   93,  41834, -5.000000, 0.000000
train,    931, 236.299809,   85, 0.00,   10, 0.000, 0.000, 0.193, 37
train,    932, 26.105891,   63, 1.00,   14, 0.000, 0.000, 0.193, 37
train,    933, 181.895961,   60, 0.00,   15, 0.000, 0.000, 0.193, 37
train,    934, 52.621051,    4, 1.00,    9, 0.000, 0.000, 0.193, 37
train,    935, 141.659491,   91, 0.00,   13, 0.000, 0.000, 0.193, 37
train,    936, 111.433325,   66, 1.00,   11, 0.000, 0.000, 0.193, 37
train,    937, 69.291545,    4, 1.00,    8, 0.000, 0.000, 0.192, 37
train,    938, 65.210558,   15, 1.00,   10, 0.000, 0.000, 0.192, 37
train,    939, 45.425499,   45, 1.00,    7, 0.000, 0.000, 0.192, 37
train,    940, 234.876859,  120, 0.00,   13, 0.000, 0.000, 0.192, 37
update,   940,   94,  42387, 225.468593, 0.000000
train,    941, 65.357360,    4, 1.00,    7, 0.000, 0.000, 0.192, 37
train,    942, -0.027709,    4, 1.00,    5, 0.000, 0.000, 0.192, 37
train,    943, -7.400925,   41, 1.00,   13, 0.000, 0.000, 0.192, 37
train,    944, 194.205867,   72, 0.00,   12, 0.000, 0.000, 0.192, 37
train,    945, 100.308455,    5, 1.00,    4, 0.000, 0.000, 0.192, 37
train,    946, 104.574503,    4, 1.00,   10, 0.000, 0.000, 0.192, 37
train,    947, 7.302161,    7, 1.00,    8, 0.000, 0.000, 0.192, 37
train,    948, 39.009634,    4, 1.00,   11, 0.000, 0.000, 0.192, 37
train,    949, 125.818146,   71, 1.00,    9, 0.000, 0.000, 0.192, 37
train,    950, 56.326268,   92, 0.00,   10, 0.000, 0.000, 0.191, 37
update,   950,   95,  42691, 89.859433, 0.000000
train,    951, -12.233077,   65, 1.00,   12, 0.000, 0.000, 0.191, 37
train,    952, 189.314935,   59, 0.00,   10, 0.000, 0.000, 0.191, 37
train,    953, 229.745781,  119, 0.00,    8, 0.000, 0.000, 0.191, 37
train,    954, -14.573438,    5, 1.00,   10, 0.000, 0.000, 0.191, 37
train,    955, 191.716763,   80, 0.00,   11, 0.000, 0.000, 0.191, 37
train,    956, 201.157813,  120, 0.00,   14, 0.000, 0.000, 0.191, 37
train,    957, 126.373801,   55, 0.00,    9, 0.000, 0.000, 0.191, 37
train,    958, 32.579267,   75, 1.00,   11, 0.000, 0.000, 0.191, 37
train,    959, 177.928828,   45, 0.00,   11, 0.000, 0.000, 0.191, 37
train,    960, 199.695629,  119, 0.00,   13, 0.000, 0.000, 0.191, 38
update,   960,   96,  43433, 85.667309, 0.000000
train,    961, 43.675771,   44, 1.00,   12, 0.000, 0.000, 0.191, 38
train,    962, 174.060750,   45, 0.00,   13, 0.000, 0.000, 0.191, 38
train,    963, -6.454246,   32, 1.00,    9, 0.000, 0.000, 0.190, 38
train,    964, 111.721240,  120, 0.00,   11, 0.000, 0.000, 0.190, 38
train,    965, 180.000000,   67, 1.00,   11, 0.000, 0.000, 0.190, 38
train,    966, 73.071609,   59, 1.00,   11, 0.000, 0.000, 0.190, 38
train,    967, 0.658074,   48, 1.00,    9, 0.000, 0.000, 0.190, 38
train,    968, -20.501718,   23, 1.00,    5, 0.000, 0.000, 0.190, 38
train,    969, 17.214479,   28, 1.00,    5, 0.000, 0.000, 0.190, 38
train,    970, 99.918897,    4, 1.00,    9, 0.000, 0.000, 0.190, 38
update,   970,   97,  43903, 180.293935, 0.000000
train,    971, 211.236859,   90, 0.00,   11, 0.000, 0.000, 0.190, 38
train,    972, -0.795347,   67, 1.00,    4, 0.000, 0.000, 0.190, 38
train,    973, -25.000000,    4, 1.00,    8, 0.000, 0.000, 0.190, 38
train,    974, -25.000000,   55, 1.00,    7, 0.000, 0.000, 0.190, 38
train,    975, -25.000000,   43, 1.00,   10, 0.000, 0.000, 0.190, 38
train,    976, -25.000000,    4, 1.00,    6, 0.000, 0.000, 0.189, 38
train,    977, 220.689821,  120, 0.00,    9, 0.000, 0.000, 0.189, 38
train,    978, 109.806112,   30, 1.00,    8, 0.000, 0.000, 0.189, 38
train,    979, 207.183606,  103, 0.00,   14, 0.000, 0.000, 0.189, 38
train,    980, 158.237043,  120, 0.00,   10, 0.000, 0.000, 0.189, 38
update,   980,   98,  44539, 140.388815, 0.000000
train,    981, 155.598313,   26, 1.00,    7, 0.000, 0.000, 0.189, 38
train,    982, 61.540459,  120, 0.00,   14, 0.000, 0.000, 0.189, 38
train,    983, 152.189943,  111, 0.00,   16, 0.000, 0.000, 0.189, 38
train,    984, 154.591315,  120, 0.00,   11, 0.000, 0.000, 0.189, 38
train,    985, 165.559667,   95, 1.00,   14, 0.000, 0.000, 0.189, 38
train,    986, 164.829229,   93, 0.00,   11, 0.000, 0.000, 0.189, 38
train,    987, 25.756619,   66, 1.00,    8, 0.000, 0.000, 0.189, 38
train,    988, 24.408284,   73, 1.00,   14, 0.000, 0.000, 0.189, 38
train,    989, 259.127266,  120, 0.00,   20, 0.000, 0.000, 0.189, 38
train,    990, 270.000000,   88, 0.00,   12, 0.000, 0.000, 0.188, 38
update,   990,   99,  45451, 240.000000, 0.000000
train,    991, 155.294975,   82, 0.00,   16, 0.000, 0.000, 0.188, 38
train,    992, 165.907374,   57, 0.00,   12, 0.000, 0.000, 0.188, 38
train,    993, 6.870902,   20, 1.00,    7, 0.000, 0.000, 0.188, 38
train,    994, 92.063633,  120, 0.00,    9, 0.000, 0.000, 0.188, 38
train,    995, -25.000000,   23, 1.00,    5, 0.000, 0.000, 0.188, 38
train,    996, -25.000000,    5, 1.00,    4, 0.000, 0.000, 0.188, 38
train,    997, 223.297157,   99, 0.00,   17, 0.000, 0.000, 0.188, 38
train,    998, 269.404155,  120, 0.00,    9, 0.000, 0.000, 0.188, 38
train,    999, 134.486506,   70, 1.00,   13, 0.000, 0.000, 0.188, 38
train,    1000, 77.860165,   46, 1.00,    9, 0.000, 0.000, 0.188, 38
update,   1000,  100,  46093, 52.870214, 0.000000
val_t, 1000, 46093, 134.367005, 0.4624,  28.8327,   0.1542, 0.2485,  23.3531, progress 0.4204
train,    1001, 125.698411,   75, 0.00,   15, 0.000, 0.000, 0.188, 38
train,    1002, 183.740781,   77, 0.00,   13, 0.000, 0.000, 0.188, 38
train,    1003, 180.000000,   31, 1.00,   12, 0.000, 0.000, 0.187, 38
train,    1004, -25.000000,   23, 1.00,   11, 0.000, 0.000, 0.187, 38
train,    1005, 180.000000,   60, 1.00,   15, 0.000, 0.000, 0.187, 38
train,    1006, 94.218403,    4, 1.00,    4, 0.000, 0.000, 0.187, 38
train,    1007, 8.293633,    4, 1.00,    6, 0.000, 0.000, 0.187, 38
train,    1008, 154.639955,   52, 1.00,   15, 0.000, 0.000, 0.187, 38
train,    1009, 160.057620,   80, 0.00,   13, 0.000, 0.000, 0.187, 38
train,    1010, -25.000000,   33, 1.00,    6, 0.000, 0.000, 0.187, 38
update,   1010,  101,  46532, -5.000000, 0.000000
train,    1011, 161.236493,   45, 0.00,   14, 0.000, 0.000, 0.187, 38
train,    1012, -25.000000,    4, 1.00,    9, 0.000, 0.000, 0.187, 38
train,    1013, -25.000000,   16, 1.00,    4, 0.000, 0.000, 0.187, 38
train,    1014, 139.272503,   81, 0.00,   14, 0.000, 0.000, 0.187, 38
train,    1015, -25.000000,   25, 1.00,   14, 0.000, 0.000, 0.187, 38
train,    1016, 247.433977,  109, 0.00,   12, 0.000, 0.000, 0.186, 38
train,    1017, 103.240943,   19, 1.00,   12, 0.000, 0.000, 0.186, 38
train,    1018, 255.215736,   61, 0.00,   18, 0.000, 0.000, 0.186, 38
train,    1019, 51.357423,    4, 1.00,    4, 0.000, 0.000, 0.186, 38
train,    1020, 264.802390,   85, 0.00,   13, 0.000, 0.000, 0.186, 38
update,   1020,  102,  46981, 187.209904, 0.000000
train,    1021, 119.221673,   69, 1.00,   13, 0.000, 0.000, 0.186, 38
train,    1022, 215.964923,  102, 0.00,   11, 0.000, 0.000, 0.186, 38
train,    1023, 180.000000,   77, 1.00,   10, 0.000, 0.000, 0.186, 38
train,    1024, 270.000000,   88, 0.00,   13, 0.000, 0.000, 0.186, 38
train,    1025, -25.000000,    4, 1.00,    6, 0.000, 0.000, 0.186, 38
train,    1026, 233.124605,   62, 0.00,   10, 0.000, 0.000, 0.186, 38
train,    1027, 6.482280,    4, 1.00,    5, 0.000, 0.000, 0.186, 38
train,    1028, 71.734656,    4, 1.00,   11, 0.000, 0.000, 0.186, 38
train,    1029, -15.429068,    4, 1.00,    9, 0.000, 0.000, 0.186, 38
train,    1030, 174.977268,   67, 0.00,   10, 0.000, 0.000, 0.185, 38
update,   1030,  103,  47462, 195.022856, 0.000000
train,    1031, 168.508829,   59, 0.00,   11, 0.000, 0.000, 0.185, 38
train,    1032, 24.225949,   29, 1.00,   10, 0.000, 0.000, 0.185, 38
train,    1033, 238.356242,   45, 0.00,   12, 0.000, 0.000, 0.185, 38
train,    1034, 76.655535,   63, 1.00,   14, 0.000, 0.000, 0.185, 38
train,    1035, 10.654043,   32, 1.00,    7, 0.000, 0.000, 0.185, 38
train,    1036, 263.646189,   58, 0.00,   12, 0.000, 0.000, 0.185, 38
train,    1037, -4.434154,    4, 1.00,    7, 0.000, 0.000, 0.185, 38
train,    1038, 218.394589,   84, 0.00,   12, 0.000, 0.000, 0.185, 38
train,    1039, -4.071973,    4, 1.00,    7, 0.000, 0.000, 0.185, 38
train,    1040, 81.947601,   41, 1.00,    9, 0.000, 0.000, 0.185, 38
update,   1040,  104,  47881, 126.280176, 0.000000
train,    1041, 4.820762,   31, 1.00,    7, 0.000, 0.000, 0.185, 38
train,    1042, 45.991526,    4, 1.00,    7, 0.000, 0.000, 0.185, 38
train,    1043, 254.591758,  112, 0.00,   15, 0.000, 0.000, 0.184, 38
train,    1044, 142.964074,   71, 0.00,   15, 0.000, 0.000, 0.184, 38
train,    1045, 180.000000,   51, 1.00,    9, 0.000, 0.000, 0.184, 38
train,    1046, 260.386387,   89, 0.00,   11, 0.000, 0.000, 0.184, 38
train,    1047, 154.594278,   45, 0.00,    9, 0.000, 0.000, 0.184, 38
train,    1048, 120.376937,   45, 0.00,   14, 0.000, 0.000, 0.184, 38
train,    1049, 207.735693,   87, 0.00,   14, 0.000, 0.000, 0.184, 38
train,    1050, 54.651614,   36, 1.00,    6, 0.000, 0.000, 0.184, 38
update,   1050,  105,  48452, 27.742946, 0.000000
train,    1051, 198.484704,   62, 0.00,   16, 0.000, 0.000, 0.184, 38
train,    1052, 122.297740,   58, 0.00,   15, 0.000, 0.000, 0.184, 38
train,    1053, 233.622712,  120, 0.00,   15, 0.000, 0.000, 0.184, 38
train,    1054, 183.814941,   45, 0.00,   13, 0.000, 0.000, 0.184, 38
train,    1055, -25.000000,    4, 1.00,    5, 0.000, 0.000, 0.184, 38
train,    1056, 180.000000,   32, 1.00,   10, 0.000, 0.000, 0.184, 38
train,    1057, 171.405105,   87, 0.00,   11, 0.000, 0.000, 0.183, 38
train,    1058, 86.665613,   31, 1.00,    6, 0.000, 0.000, 0.183, 38
train,    1059, 145.008436,  103, 0.00,    9, 0.000, 0.000, 0.183, 38
train,    1060, -25.000000,    4, 1.00,    8, 0.000, 0.000, 0.183, 38
update,   1060,  106,  48998, 22.111740, 0.000000
train,    1061, 189.365653,   45, 0.00,    6, 0.000, 0.000, 0.183, 38
train,    1062, 9.030240,    4, 1.00,    6, 0.000, 0.000, 0.183, 38
train,    1063, 22.045558,    4, 1.00,    4, 0.000, 0.000, 0.183, 38
train,    1064, 180.219595,   57, 0.00,   11, 0.000, 0.000, 0.183, 38
train,    1065, 177.362745,   74, 1.00,   14, 0.000, 0.000, 0.183, 38
train,    1066, 97.297261,    4, 1.00,    8, 0.000, 0.000, 0.183, 38
train,    1067, 182.652061,   77, 0.00,   17, 0.000, 0.000, 0.183, 38
train,    1068, 24.576874,    4, 1.00,    9, 0.000, 0.000, 0.183, 38
train,    1069, 106.069783,   58, 0.00,   10, 0.000, 0.000, 0.183, 38
train,    1070, 125.358863,   45, 0.00,    9, 0.000, 0.000, 0.182, 38
update,   1070,  107,  49370, 134.029622, 0.000000
train,    1071, 185.895385,   87, 0.00,   15, 0.000, 0.000, 0.182, 38
train,    1072, 160.354506,   89, 0.00,   18, 0.000, 0.000, 0.182, 38
train,    1073, 0.787960,   23, 1.00,   12, 0.000, 0.000, 0.182, 38
train,    1074, 142.954926,   45, 0.00,   15, 0.000, 0.000, 0.182, 38
train,    1075, 155.715992,  118, 0.00,   11, 0.000, 0.000, 0.182, 38
train,    1076, -25.000000,    4, 1.00,    8, 0.000, 0.000, 0.182, 38
train,    1077, 139.593783,   57, 0.00,   11, 0.000, 0.000, 0.182, 38
train,    1078, 2.243592,    4, 1.00,    7, 0.000, 0.000, 0.182, 38
train,    1079, -2.730516,    4, 1.00,    7, 0.000, 0.000, 0.182, 38
train,    1080, -25.000000,   28, 1.00,    9, 0.000, 0.000, 0.182, 38
update,   1080,  108,  49829, -5.000000, 0.000000
train,    1081, -25.000000,   28, 1.00,    8, 0.000, 0.000, 0.182, 38
train,    1082, 249.998316,  120, 0.00,   17, 0.000, 0.000, 0.182, 38
train,    1083, 247.312983,   78, 0.00,   12, 0.000, 0.000, 0.182, 38
train,    1084, 205.889876,   50, 0.00,   11, 0.000, 0.000, 0.181, 38
train,    1085, -25.000000,    4, 1.00,    8, 0.000, 0.000, 0.181, 38
train,    1086, 117.790637,   48, 1.00,   11, 0.000, 0.000, 0.181, 38
train,    1087, -25.000000,   42, 1.00,   11, 0.000, 0.000, 0.181, 38
train,    1088, 176.954493,   83, 0.00,   15, 0.000, 0.000, 0.181, 38
train,    1089, 173.326891,  103, 0.00,   15, 0.000, 0.000, 0.181, 38
train,    1090, 251.566567,   68, 0.00,   16, 0.000, 0.000, 0.181, 38
update,   1090,  109,  50453, 162.453919, 0.000000
train,    1091, -25.000000,    4, 1.00,    9, 0.000, 0.000, 0.181, 38
train,    1092, 94.680657,   34, 1.00,    5, 0.000, 0.000, 0.181, 38
train,    1093, 126.934019,  102, 0.00,   13, 0.000, 0.000, 0.181, 38
train,    1094, 221.331785,   98, 0.00,   13, 0.000, 0.000, 0.181, 38
train,    1095, 215.472783,   82, 0.00,   14, 0.000, 0.000, 0.181, 38
train,    1096, 150.721691,  113, 0.00,   10, 0.000, 0.000, 0.181, 38
train,    1097, 239.491218,  120, 0.00,   11, 0.000, 0.000, 0.181, 38
train,    1098, 95.578537,   52, 1.00,   12, 0.000, 0.000, 0.180, 38
train,    1099, 139.877467,   39, 1.00,   12, 0.000, 0.000, 0.180, 38
train,    1100, 175.071880,   45, 0.00,   18, 0.000, 0.000, 0.180, 38
update,   1100,  110,  51142, 177.229077, 0.000000
val_t, 1100, 51142, 108.461098, 0.4455,  35.4156,   0.2081, 0.3698,  22.4994, progress 0.5168
train,    1101, 201.582324,  120, 0.00,   12, 0.000, 0.000, 0.180, 38
train,    1102, 259.054360,   69, 0.00,   15, 0.000, 0.000, 0.180, 38
train,    1103, 42.655676,    4, 1.00,    9, 0.000, 0.000, 0.180, 38
train,    1104, 270.000000,   65, 0.00,   12, 0.000, 0.000, 0.180, 38
train,    1105, 233.964672,   69, 0.00,   15, 0.000, 0.000, 0.180, 38
train,    1106, 19.145888,   40, 1.00,    9, 0.000, 0.000, 0.180, 38
train,    1107, 158.848274,   68, 1.00,    9, 0.000, 0.000, 0.180, 38
train,    1108, 209.974856,   45, 0.00,   10, 0.000, 0.000, 0.180, 38
train,    1109, 66.246454,    4, 1.00,   12, 0.000, 0.000, 0.180, 38
train,    1110, 85.307633,   37, 1.00,   11, 0.000, 0.000, 0.180, 38
update,   1110,  111,  51663, 58.952976, 0.000000
train,    1111, 61.051088,   20, 1.00,   12, 0.000, 0.000, 0.180, 38
train,    1112, 10.182459,   65, 1.00,   13, 0.000, 0.000, 0.179, 38
train,    1113, 181.298801,   50, 0.00,   13, 0.000, 0.000, 0.179, 38
train,    1114, 76.440235,   81, 1.00,    8, 0.000, 0.000, 0.179, 38
train,    1115, 270.000000,   90, 0.00,   13, 0.000, 0.000, 0.179, 38
train,    1116, -25.000000,   51, 1.00,    8, 0.000, 0.000, 0.179, 38
train,    1117, 270.000000,   58, 0.00,   12, 0.000, 0.000, 0.179, 38
train,    1118, 180.000000,   84, 1.00,   15, 0.000, 0.000, 0.179, 38
train,    1119, 120.358328,   18, 1.00,    5, 0.000, 0.000, 0.179, 38
train,    1120, 125.678966,  120, 0.00,    6, 0.000, 0.000, 0.179, 39
update,   1120,  112,  52300, 126.807227, 0.000000
train,    1121, 127.660921,   53, 1.00,    8, 0.000, 0.000, 0.179, 39
train,    1122, 134.401534,   66, 1.00,   12, 0.000, 0.000, 0.179, 39
train,    1123, 30.366498,   17, 1.00,    9, 0.000, 0.000, 0.179, 39
train,    1124, 194.488085,  115, 0.00,   12, 0.000, 0.000, 0.179, 39
train,    1125, 78.671462,   16, 1.00,    9, 0.000, 0.000, 0.179, 39
train,    1126, -6.549250,   27, 1.00,    8, 0.000, 0.000, 0.178, 39
train,    1127, 64.421394,   62, 1.00,   13, 0.000, 0.000, 0.178, 39
train,    1128, 251.339695,   77, 0.00,   12, 0.000, 0.000, 0.178, 39
train,    1129, -13.394275,    4, 1.00,    7, 0.000, 0.000, 0.178, 39
train,    1130, 12.514305,    8, 1.00,    7, 0.000, 0.000, 0.178, 39
update,   1130,  113,  52745, 12.348227, 0.000000
train,    1131, -25.000000,   33, 1.00,   10, 0.000, 0.000, 0.178, 39
train,    1132, 138.239089,   11, 1.00,   12, 0.000, 0.000, 0.178, 39
train,    1133, 202.144870,   46, 0.00,   13, 0.000, 0.000, 0.178, 39
train,    1134, 270.000000,   45, 0.00,   12, 0.000, 0.000, 0.178, 39
train,    1135, 43.023807,   39, 1.00,   10, 0.000, 0.000, 0.178, 39
train,    1136, 175.065625,   83, 0.00,   12, 0.000, 0.000, 0.178, 39
train,    1137, 135.942878,   72, 1.00,   15, 0.000, 0.000, 0.178, 39
train,    1138, 117.569117,   10, 1.00,    8, 0.000, 0.000, 0.178, 39
train,    1139, 63.520494,   26, 1.00,    7, 0.000, 0.000, 0.178, 39
train,    1140, 235.190170,   66, 0.00,   13, 0.000, 0.000, 0.177, 39
update,   1140,  114,  53176, 240.000000, 0.000000
train,    1141, 209.979482,   53, 0.00,   13, 0.000, 0.000, 0.177, 39
train,    1142, 211.860521,   96, 0.00,   16, 0.000, 0.000, 0.177, 39
train,    1143, 200.756206,  107, 0.00,    9, 0.000, 0.000, 0.177, 39
train,    1144, 71.380363,   59, 1.00,    7, 0.000, 0.000, 0.177, 39
train,    1145, 11.077139,   61, 1.00,   15, 0.000, 0.000, 0.177, 39
train,    1146, 173.460901,   60, 0.00,   18, 0.000, 0.000, 0.177, 39
train,    1147, 131.410543,   48, 1.00,    9, 0.000, 0.000, 0.177, 39
train,    1148, 72.659583,   33, 1.00,    6, 0.000, 0.000, 0.177, 39
train,    1149, 194.849294,  110, 0.00,   11, 0.000, 0.000, 0.177, 39
train,    1150, 124.157250,   48, 1.00,   14, 0.000, 0.000, 0.177, 39
update,   1150,  115,  53851, 105.618331, 0.000000
train,    1151, 36.687946,   28, 1.00,   12, 0.000, 0.000, 0.177, 39
train,    1152, 151.637557,   79, 0.00,    9, 0.000, 0.000, 0.177, 39
train,    1153, 69.784001,   33, 1.00,    9, 0.000, 0.000, 0.177, 39
train,    1154, -20.940921,   26, 1.00,    7, 0.000, 0.000, 0.176, 39
train,    1155, 173.882753,   67, 0.00,   11, 0.000, 0.000, 0.176, 39
train,    1156, 140.719578,   93, 0.00,   11, 0.000, 0.000, 0.176, 39
train,    1157, 168.040859,   86, 0.00,   13, 0.000, 0.000, 0.176, 39
train,    1158, 0.983639,   36, 1.00,   10, 0.000, 0.000, 0.176, 39
train,    1159, 139.967140,   71, 0.00,   11, 0.000, 0.000, 0.176, 39
train,    1160, 52.282172,    4, 1.00,   10, 0.000, 0.000, 0.176, 39
update,   1160,  116,  54374, 121.286849, 0.000000
train,    1161, 145.072118,   71, 0.00,   15, 0.000, 0.000, 0.176, 39
train,    1162, 96.919518,   37, 1.00,   15, 0.000, 0.000, 0.176, 39
train,    1163, 145.666024,  102, 0.00,   12, 0.000, 0.000, 0.176, 39
train,    1164, 24.484356,   18, 1.00,    8, 0.000, 0.000, 0.176, 39
train,    1165, 140.252976,   75, 1.00,    8, 0.000, 0.000, 0.176, 39
train,    1166, 200.597317,   68, 0.00,   15, 0.000, 0.000, 0.176, 39
train,    1167, 270.000000,   66, 0.00,   16, 0.000, 0.000, 0.176, 39
train,    1168, -25.000000,   53, 1.00,    9, 0.000, 0.000, 0.175, 39
train,    1169, 180.000000,   78, 1.00,   12, 0.000, 0.000, 0.175, 39
train,    1170, 50.396535,    4, 1.00,    9, 0.000, 0.000, 0.175, 39
update,   1170,  117,  54946, 43.705368, 0.000000
train,    1171, 128.436827,   40, 1.00,   13, 0.000, 0.000, 0.175, 39
train,    1172, -6.313256,   11, 1.00,    9, 0.000, 0.000, 0.175, 39
train,    1173, 251.667908,   59, 0.00,   15, 0.000, 0.000, 0.175, 39
train,    1174, 42.693456,    4, 1.00,    7, 0.000, 0.000, 0.175, 39
train,    1175, 12.784115,   48, 1.00,    7, 0.000, 0.000, 0.175, 39
train,    1176, 186.116988,   87, 0.00,   11, 0.000, 0.000, 0.175, 39
train,    1177, 9.066512,   61, 1.00,    5, 0.000, 0.000, 0.175, 39
train,    1178, 22.274962,    8, 1.00,    6, 0.000, 0.000, 0.175, 39
train,    1179, 232.543235,   83, 0.00,   14, 0.000, 0.000, 0.175, 39
train,    1180, 86.962498,   34, 1.00,   10, 0.000, 0.000, 0.175, 39
update,   1180,  118,  55381, 117.834766, 0.000000
train,    1181, -21.369378,   43, 1.00,    7, 0.000, 0.000, 0.175, 39
train,    1182, -23.400385,    4, 1.00,    7, 0.000, 0.000, 0.174, 39
train,    1183, 136.897492,  120, 0.00,   18, 0.000, 0.000, 0.174, 39
train,    1184, 143.062820,   88, 0.00,    8, 0.000, 0.000, 0.174, 39
train,    1185, 124.439700,   28, 1.00,   15, 0.000, 0.000, 0.174, 39
train,    1186, 159.915646,   91, 1.00,   11, 0.000, 0.000, 0.174, 39
train,    1187, 186.162784,   91, 0.00,   10, 0.000, 0.000, 0.174, 39
train,    1188, 163.486304,  120, 0.00,   11, 0.000, 0.000, 0.174, 39
train,    1189, -7.616516,    4, 1.00,    9, 0.000, 0.000, 0.174, 39
train,    1190, 118.266691,  110, 0.00,   15, 0.000, 0.000, 0.174, 39
update,   1190,  119,  56080, 98.374508, 0.000000
train,    1191, -25.000000,    4, 1.00,    4, 0.000, 0.000, 0.174, 39
train,    1192, 185.235639,  120, 0.00,   15, 0.000, 0.000, 0.174, 39
train,    1193, -19.568928,    4, 1.00,    4, 0.000, 0.000, 0.174, 39
train,    1194, 124.949442,   12, 1.00,    8, 0.000, 0.000, 0.174, 39
train,    1195, 100.440349,  120, 0.00,   14, 0.000, 0.000, 0.174, 39
train,    1196, 46.078080,    4, 1.00,   10, 0.000, 0.000, 0.174, 39
train,    1197, 14.282294,    4, 1.00,    6, 0.000, 0.000, 0.173, 39
train,    1198, 12.508790,   47, 1.00,    7, 0.000, 0.000, 0.173, 39
train,    1199, 124.152240,    4, 1.00,    6, 0.000, 0.000, 0.173, 39
train,    1200, 233.254973,  120, 0.00,   14, 0.000, 0.000, 0.173, 39
update,   1200,  120,  56519, 218.682904, 0.000000
val_t, 1200, 56519, 141.795191, 0.4157,  52.6277,   0.2059, 0.3577,  22.2816, progress 0.5059
train,    1201, 270.000000,  120, 0.00,   13, 0.000, 0.000, 0.173, 39
train,    1202, 124.131753,  113, 0.00,   12, 0.000, 0.000, 0.173, 39
train,    1203, 254.664713,   94, 0.00,   12, 0.000, 0.000, 0.173, 39
train,    1204, 270.000000,  110, 0.00,   13, 0.000, 0.000, 0.173, 39
train,    1205, 213.282231,  107, 0.00,   13, 0.000, 0.000, 0.173, 39
train,    1206, 210.535537,   90, 0.00,   14, 0.000, 0.000, 0.173, 39
train,    1207, 69.926709,    9, 1.00,    8, 0.000, 0.000, 0.173, 39
train,    1208, 229.006172,   88, 0.00,   15, 0.000, 0.000, 0.173, 39
train,    1209, 99.872530,   50, 1.00,   11, 0.000, 0.000, 0.173, 39
train,    1210, 270.000000,  120, 0.00,   10, 0.000, 0.000, 0.173, 39
update,   1210,  121,  57420, 240.000000, 0.000000
train,    1211, 224.782273,  120, 0.00,   13, 0.000, 0.000, 0.172, 39
train,    1212, 152.542764,  119, 0.00,   11, 0.000, 0.000, 0.172, 39
train,    1213, 84.976791,   46, 1.00,   10, 0.000, 0.000, 0.172, 39
train,    1214, 229.860437,  120, 0.00,   15, 0.000, 0.000, 0.172, 39
train,    1215, 180.000000,   53, 1.00,   10, 0.000, 0.000, 0.172, 39
train,    1216, 113.155714,  102, 0.00,    8, 0.000, 0.000, 0.172, 39
train,    1217, 40.735729,    4, 1.00,    7, 0.000, 0.000, 0.172, 39
train,    1218, 267.807202,   80, 0.00,   13, 0.000, 0.000, 0.172, 39
train,    1219, 99.391142,    4, 1.00,    9, 0.000, 0.000, 0.172, 39
train,    1220, 166.645490,  120, 0.00,   17, 0.000, 0.000, 0.172, 39
update,   1220,  122,  58188, 163.552562, 0.000000
train,    1221, 171.952064,  120, 0.00,   17, 0.000, 0.000, 0.172, 39
train,    1222, 180.000000,   25, 1.00,   12, 0.000, 0.000, 0.172, 39
train,    1223, -25.000000,   12, 1.00,    5, 0.000, 0.000, 0.172, 39
train,    1224, -11.084892,    4, 1.00,    7, 0.000, 0.000, 0.172, 39
train,    1225, 239.109432,  107, 0.00,   13, 0.000, 0.000, 0.172, 39
train,    1226, 36.225147,    4, 1.00,   10, 0.000, 0.000, 0.171, 39
train,    1227, 163.630088,   74, 0.00,   10, 0.000, 0.000, 0.171, 39
train,    1228, -17.998471,    4, 1.00,    7, 0.000, 0.000, 0.171, 39
train,    1229, 12.560784,   51, 1.00,   11, 0.000, 0.000, 0.171, 39
train,    1230, 47.762655,   31, 1.00,   11, 0.000, 0.000, 0.171, 39
update,   1230,  123,  58620, 86.459676, 0.000000
train,    1231, 198.752894,   76, 0.00,   10, 0.000, 0.000, 0.171, 39
train,    1232, 130.115526,   79, 0.00,   11, 0.000, 0.000, 0.171, 39
train,    1233, 133.155007,  105, 0.00,    8, 0.000, 0.000, 0.171, 39
train,    1234, 58.644014,   69, 1.00,   11, 0.000, 0.000, 0.171, 39
train,    1235, 188.289559,   84, 0.00,   14, 0.000, 0.000, 0.171, 39
train,    1236, 116.058173,   62, 1.00,   16, 0.000, 0.000, 0.171, 39
train,    1237, 57.748935,   52, 1.00,   11, 0.000, 0.000, 0.171, 39
train,    1238, 244.441631,   92, 0.00,   12, 0.000, 0.000, 0.171, 39
train,    1239, 239.753319,  110, 0.00,   18, 0.000, 0.000, 0.171, 39
train,    1240, 170.550935,   38, 1.00,   12, 0.000, 0.000, 0.170, 39
update,   1240,  124,  59387, 51.057402, 0.000000
train,    1241, 44.516105,   20, 1.00,    9, 0.000, 0.000, 0.170, 39
train,    1242, 98.336444,  120, 0.00,   14, 0.000, 0.000, 0.170, 39
train,    1243, 147.525502,   54, 0.00,   19, 0.000, 0.000, 0.170, 39
train,    1244, 104.592716,   62, 1.00,    8, 0.000, 0.000, 0.170, 39
train,    1245, 107.776101,  109, 0.00,   11, 0.000, 0.000, 0.170, 39
train,    1246, 57.870073,    4, 1.00,    6, 0.000, 0.000, 0.170, 39
train,    1247, 117.115241,   73, 0.00,   13, 0.000, 0.000, 0.170, 39
train,    1248, 121.108150,  120, 0.00,    8, 0.000, 0.000, 0.170, 39
train,    1249, 180.000000,   72, 1.00,   14, 0.000, 0.000, 0.170, 39
train,    1250, -17.193538,    4, 1.00,    7, 0.000, 0.000, 0.170, 39
update,   1250,  125,  60025, 16.701992, 0.000000
train,    1251, -25.000000,   49, 1.00,    4, 0.000, 0.000, 0.170, 39
train,    1252, 158.368807,    5, 1.00,    7, 0.000, 0.000, 0.170, 39
train,    1253, 57.267199,   35, 1.00,    9, 0.000, 0.000, 0.170, 39
train,    1254, 176.717331,  120, 0.00,   12, 0.000, 0.000, 0.170, 39
train,    1255, 200.348057,   56, 0.00,   11, 0.000, 0.000, 0.169, 39
train,    1256, 139.506558,   59, 0.00,   10, 0.000, 0.000, 0.169, 39
train,    1257, 106.805284,   57, 1.00,    8, 0.000, 0.000, 0.169, 39
train,    1258, 90.025752,   76, 1.00,    9, 0.000, 0.000, 0.169, 39
train,    1259, -16.903747,   12, 1.00,    9, 0.000, 0.000, 0.169, 39
train,    1260, 118.881860,   89, 0.00,   12, 0.000, 0.000, 0.169, 39
update,   1260,  126,  60583, 33.885653, 0.000000
train,    1261, 91.684626,   73, 0.00,   14, 0.000, 0.000, 0.169, 39
train,    1262, 179.338147,   45, 0.00,    8, 0.000, 0.000, 0.169, 39
train,    1263, 208.417391,   80, 0.00,   13, 0.000, 0.000, 0.169, 39
train,    1264, 100.572279,   52, 1.00,   11, 0.000, 0.000, 0.169, 39
train,    1265, 178.422059,   45, 0.00,   15, 0.000, 0.000, 0.169, 39
train,    1266, 103.776192,  120, 0.00,   10, 0.000, 0.000, 0.169, 39
train,    1267, 135.198389,   63, 0.00,   13, 0.000, 0.000, 0.169, 39
train,    1268, 170.536724,   77, 0.00,    9, 0.000, 0.000, 0.169, 39
train,    1269, 175.651072,   45, 0.00,   11, 0.000, 0.000, 0.169, 39
train,    1270, -25.000000,   13, 1.00,    8, 0.000, 0.000, 0.168, 39
update,   1270,  127,  61196, -1.495851, 0.000000
train,    1271, 193.544211,   98, 0.00,   15, 0.000, 0.000, 0.168, 39
train,    1272, -19.203291,   26, 1.00,    9, 0.000, 0.000, 0.168, 39
train,    1273, 82.044586,    4, 1.00,    6, 0.000, 0.000, 0.168, 39
train,    1274, 264.865752,   76, 0.00,   19, 0.000, 0.000, 0.168, 39
train,    1275, 270.000000,  105, 0.00,   16, 0.000, 0.000, 0.168, 39
train,    1276, 151.218441,   88, 0.00,   12, 0.000, 0.000, 0.168, 39
train,    1277, 180.000000,  105, 1.00,   15, 0.000, 0.000, 0.168, 39
train,    1278, 228.599839,   63, 0.00,   18, 0.000, 0.000, 0.168, 39
train,    1279, 239.801808,   45, 0.00,   10, 0.000, 0.000, 0.168, 39
train,    1280, 39.396255,   92, 1.00,    5, 0.000, 0.000, 0.168, 40
update,   1280,  128,  61898, 54.706385, 0.000000
train,    1281, 242.843043,  119, 0.00,   12, 0.000, 0.000, 0.168, 40
train,    1282, -3.322936,    4, 1.00,   10, 0.000, 0.000, 0.168, 40
train,    1283, 29.956132,    4, 1.00,   10, 0.000, 0.000, 0.168, 40
train,    1284, 40.531903,   90, 0.00,   12, 0.000, 0.000, 0.168, 40
train,    1285, 97.033030,    4, 1.00,    5, 0.000, 0.000, 0.167, 40
train,    1286, -25.000000,   35, 1.00,    6, 0.000, 0.000, 0.167, 40
train,    1287, 37.007037,   40, 1.00,   12, 0.000, 0.000, 0.167, 40
train,    1288, 140.201528,   39, 1.00,    8, 0.000, 0.000, 0.167, 40
train,    1289, 200.095481,   69, 0.00,   14, 0.000, 0.000, 0.167, 40
train,    1290, -25.000000,    8, 1.00,    8, 0.000, 0.000, 0.167, 40
update,   1290,  129,  62310, -5.000000, 0.000000
train,    1291, 141.926100,   91, 1.00,   14, 0.000, 0.000, 0.167, 40
train,    1292, -25.000000,   29, 1.00,    6, 0.000, 0.000, 0.167, 40
train,    1293, 197.784625,   58, 0.00,   13, 0.000, 0.000, 0.167, 40
train,    1294, 190.346667,   60, 0.00,   14, 0.000, 0.000, 0.167, 40
train,    1295, 201.754930,  120, 0.00,   14, 0.000, 0.000, 0.167, 40
train,    1296, 197.079386,   45, 0.00,   13, 0.000, 0.000, 0.167, 40
train,    1297, 242.430084,   95, 0.00,   17, 0.000, 0.000, 0.167, 40
train,    1298, 72.663092,  120, 0.00,   12, 0.000, 0.000, 0.167, 40
train,    1299, 86.452356,   37, 1.00,    7, 0.000, 0.000, 0.167, 40
train,    1300, 180.000000,   54, 1.00,   13, 0.000, 0.000, 0.166, 40
update,   1300,  130,  63019, 153.808186, 0.000000
val_t, 1300, 63019, 82.815265, 0.3405,  34.1604,   0.1540, 0.4152,  22.4158, progress 0.3949
train,    1301, 169.707725,   77, 0.00,   12, 0.000, 0.000, 0.166, 40
train,    1302, 185.590182,   69, 0.00,    8, 0.000, 0.000, 0.166, 40
train,    1303, 32.246733,    4, 1.00,    5, 0.000, 0.000, 0.166, 40
train,    1304, 257.714653,   91, 0.00,   14, 0.000, 0.000, 0.166, 40
train,    1305, 141.712968,   45, 0.00,   16, 0.000, 0.000, 0.166, 40
train,    1306, 102.682174,   58, 0.00,   13, 0.000, 0.000, 0.166, 40
train,    1307, 256.714719,   76, 0.00,   12, 0.000, 0.000, 0.166, 40
train,    1308, -0.112014,   97, 0.00,   14, 0.000, 0.000, 0.166, 40
train,    1309, 242.908005,   85, 0.00,   14, 0.000, 0.000, 0.166, 40
train,    1310, 121.823289,  118, 0.00,   10, 0.000, 0.000, 0.166, 40
update,   1310,  131,  63739, 158.817414, 0.000000
train,    1311, 34.956734,   31, 1.00,   10, 0.000, 0.000, 0.166, 40
train,    1312, 74.351597,  108, 0.00,   15, 0.000, 0.000, 0.166, 40
train,    1313, 224.586587,   95, 0.00,    9, 0.000, 0.000, 0.166, 40
train,    1314, 177.041267,   90, 1.00,   13, 0.000, 0.000, 0.166, 40
train,    1315, 102.595636,  120, 0.00,   17, 0.000, 0.000, 0.165, 40
train,    1316, 215.860113,   68, 0.00,   14, 0.000, 0.000, 0.165, 40
train,    1317, 244.679434,   72, 0.00,   11, 0.000, 0.000, 0.165, 40
train,    1318, 231.319676,   65, 0.00,   16, 0.000, 0.000, 0.165, 40
train,    1319, 247.440704,   56, 0.00,   17, 0.000, 0.000, 0.165, 40
train,    1320, 180.000000,    4, 1.00,    9, 0.000, 0.000, 0.165, 40
update,   1320,  132,  64448, 182.265857, 0.000000
train,    1321, 160.833733,   75, 0.00,   12, 0.000, 0.000, 0.165, 40
train,    1322, -15.552525,   17, 1.00,   10, 0.000, 0.000, 0.165, 40
train,    1323, 103.784548,   51, 1.00,   10, 0.000, 0.000, 0.165, 40
train,    1324, 111.055290,   45, 0.00,   16, 0.000, 0.000, 0.165, 40
train,    1325, -13.183965,   20, 1.00,   11, 0.000, 0.000, 0.165, 40
train,    1326, 185.593919,   81, 0.00,    8, 0.000, 0.000, 0.165, 40
train,    1327, 17.013207,    4, 1.00,    7, 0.000, 0.000, 0.165, 40
train,    1328, 209.374461,  120, 0.00,   10, 0.000, 0.000, 0.165, 40
train,    1329, 237.518657,   75, 0.00,   11, 0.000, 0.000, 0.165, 40
train,    1330, 194.707039,   92, 0.00,   12, 0.000, 0.000, 0.164, 40
update,   1330,  133,  65028, 167.091463, 0.000000
train,    1331, 104.155851,   90, 0.00,   10, 0.000, 0.000, 0.164, 40
train,    1332, 62.042059,   66, 0.00,    7, 0.000, 0.000, 0.164, 40
train,    1333, 68.956905,   17, 1.00,    7, 0.000, 0.000, 0.164, 40
train,    1334, 107.430081,   45, 0.00,   12, 0.000, 0.000, 0.164, 40
train,    1335, 133.110653,   59, 0.00,   14, 0.000, 0.000, 0.164, 40
train,    1336, 149.978919,  104, 0.00,   12, 0.000, 0.000, 0.164, 40
train,    1337, 180.000000,   27, 1.00,    9, 0.000, 0.000, 0.164, 40
train,    1338, 207.899713,   45, 0.00,   14, 0.000, 0.000, 0.164, 40
train,    1339, 219.945306,   80, 0.00,   13, 0.000, 0.000, 0.164, 40
train,    1340, 44.509120,   10, 1.00,    8, 0.000, 0.000, 0.164, 40
update,   1340,  134,  65571, 115.659899, 0.000000
train,    1341, 259.226878,  120, 0.00,   10, 0.000, 0.000, 0.164, 40
train,    1342, 128.339682,   71, 1.00,   10, 0.000, 0.000, 0.164, 40
train,    1343, 226.971518,   57, 0.00,   15, 0.000, 0.000, 0.164, 40
train,    1344, 10.809771,   10, 1.00,    8, 0.000, 0.000, 0.164, 40
train,    1345, 190.779629,   45, 0.00,   16, 0.000, 0.000, 0.163, 40
train,    1346, 129.934129,   60, 0.00,    9, 0.000, 0.000, 0.163, 40
train,    1347, 180.000000,   91, 1.00,   17, 0.000, 0.000, 0.163, 40
train,    1348, 167.255818,  116, 0.00,   15, 0.000, 0.000, 0.163, 40
train,    1349, -25.000000,    4, 1.00,   10, 0.000, 0.000, 0.163, 40
train,    1350, 160.795424,   56, 1.00,   11, 0.000, 0.000, 0.163, 40
update,   1350,  135,  66201, 112.791899, 0.000000
train,    1351, 174.252448,   60, 0.00,   11, 0.000, 0.000, 0.163, 40
train,    1352, 201.807175,   67, 0.00,    9, 0.000, 0.000, 0.163, 40
train,    1353, 77.689559,  102, 0.00,   11, 0.000, 0.000, 0.163, 40
train,    1354, -25.000000,    9, 1.00,   12, 0.000, 0.000, 0.163, 40
train,    1355, 131.295434,   23, 1.00,    9, 0.000, 0.000, 0.163, 40
train,    1356, 210.771180,   52, 0.00,   12, 0.000, 0.000, 0.163, 40
train,    1357, 117.742288,  111, 0.00,   12, 0.000, 0.000, 0.163, 40
train,    1358, 24.685783,   48, 1.00,   11, 0.000, 0.000, 0.163, 40
train,    1359, 50.183707,   45, 0.00,   10, 0.000, 0.000, 0.163, 40
train,    1360, 44.404320,    4, 1.00,    8, 0.000, 0.000, 0.163, 40
update,   1360,  136,  66722, 18.491182, 0.000000
train,    1361, 24.325633,    4, 1.00,    8, 0.000, 0.000, 0.162, 40
train,    1362, 72.378909,   55, 1.00,    9, 0.000, 0.000, 0.162, 40
train,    1363, 270.000000,  109, 0.00,   14, 0.000, 0.000, 0.162, 40
train,    1364, 270.000000,   73, 0.00,   14, 0.000, 0.000, 0.162, 40
train,    1365, 270.000000,   99, 0.00,   12, 0.000, 0.000, 0.162, 40
train,    1366, 107.101277,   78, 1.00,   14, 0.000, 0.000, 0.162, 40
train,    1367, 247.445585,   56, 0.00,   15, 0.000, 0.000, 0.162, 40
train,    1368, 52.610431,   67, 1.00,   10, 0.000, 0.000, 0.162, 40
train,    1369, 219.362638,   45, 0.00,    8, 0.000, 0.000, 0.162, 40
train,    1370, 17.840106,   15, 1.00,    9, 0.000, 0.000, 0.162, 40
update,   1370,  137,  67323, 28.166785, 0.000000
train,    1371, 44.829294,   59, 0.00,   10, 0.000, 0.000, 0.162, 40
train,    1372, 168.662782,   45, 0.00,   15, 0.000, 0.000, 0.162, 40
train,    1373, -9.776110,    5, 1.00,    8, 0.000, 0.000, 0.162, 40
train,    1374, 265.746187,   70, 0.00,   14, 0.000, 0.000, 0.162, 40
train,    1375, 27.676538,   61, 1.00,   10, 0.000, 0.000, 0.162, 40
train,    1376, 143.093227,   62, 1.00,   11, 0.000, 0.000, 0.161, 40
train,    1377, 245.961250,   45, 0.00,    9, 0.000, 0.000, 0.161, 40
train,    1378, 77.100928,    4, 1.00,    7, 0.000, 0.000, 0.161, 40
train,    1379, 247.892218,   49, 0.00,   10, 0.000, 0.000, 0.161, 40
train,    1380, -4.996796,   22, 1.00,    8, 0.000, 0.000, 0.161, 40
update,   1380,  138,  67745, -5.000000, 0.000000
train,    1381, 102.199100,   12, 1.00,    9, 0.000, 0.000, 0.161, 40
train,    1382, 270.000000,  120, 0.00,   11, 0.000, 0.000, 0.161, 40
train,    1383, 224.505993,  120, 0.00,   14, 0.000, 0.000, 0.161, 40
train,    1384, 82.861966,   63, 0.00,    9, 0.000, 0.000, 0.161, 40
train,    1385, 2.319161,   29, 1.00,    9, 0.000, 0.000, 0.161, 40
train,    1386, 160.638758,   74, 1.00,   11, 0.000, 0.000, 0.161, 40
train,    1387, 211.555825,   58, 0.00,   16, 0.000, 0.000, 0.161, 40
train,    1388, 176.717390,   71, 0.00,    9, 0.000, 0.000, 0.161, 40
train,    1389, 132.597104,   38, 1.00,   13, 0.000, 0.000, 0.161, 40
train,    1390, 135.919598,   86, 1.00,   11, 0.000, 0.000, 0.161, 40
update,   1390,  139,  68416, 124.685769, 0.000000
train,    1391, 54.739642,   60, 1.00,   10, 0.000, 0.000, 0.160, 40
train,    1392, 92.078424,   66, 1.00,   11, 0.000, 0.000, 0.160, 40
train,    1393, 18.829197,   60, 1.00,    9, 0.000, 0.000, 0.160, 40
train,    1394, 6.600634,   48, 1.00,    6, 0.000, 0.000, 0.160, 40
train,    1395, 119.236248,   93, 1.00,   13, 0.000, 0.000, 0.160, 40
train,    1396, 101.468872,   56, 1.00,   11, 0.000, 0.000, 0.160, 40
train,    1397, 83.356805,    4, 1.00,    9, 0.000, 0.000, 0.160, 40
train,    1398, 21.668341,   53, 1.00,    6, 0.000, 0.000, 0.160, 40
train,    1399, 130.306937,   65, 1.00,   11, 0.000, 0.000, 0.160, 40
train,    1400, -25.000000,   13, 1.00,   10, 0.000, 0.000, 0.160, 40
update,   1400,  140,  68934, -5.000000, 0.000000
val_t, 1400, 68934, 70.918525, 0.2740,  53.8401,   0.1823, 0.4898,  22.5721, progress 0.6714
train,    1401, -25.000000,   33, 1.00,    8, 0.000, 0.000, 0.160, 40
train,    1402, 270.000000,  120, 0.00,   14, 0.000, 0.000, 0.160, 40
train,    1403, 238.563792,   56, 0.00,   14, 0.000, 0.000, 0.160, 40
train,    1404, 263.482784,  120, 0.00,   10, 0.000, 0.000, 0.160, 40
train,    1405, 129.927462,   21, 1.00,   10, 0.000, 0.000, 0.160, 40
train,    1406, 13.016076,   50, 1.00,   12, 0.000, 0.000, 0.160, 40
train,    1407, 254.345575,   48, 0.00,   12, 0.000, 0.000, 0.159, 40
train,    1408, 263.369649,  102, 0.00,   15, 0.000, 0.000, 0.159, 40
train,    1409, 1.679917,   74, 1.00,    8, 0.000, 0.000, 0.159, 40
train,    1410, 94.013824,   45, 0.00,   10, 0.000, 0.000, 0.159, 40
update,   1410,  141,  69603, 118.481687, 0.000000
train,    1411, 179.252504,  120, 0.00,   12, 0.000, 0.000, 0.159, 40
train,    1412, 6.254828,    6, 1.00,    7, 0.000, 0.000, 0.159, 40
train,    1413, 151.529229,  100, 0.00,   10, 0.000, 0.000, 0.159, 40
train,    1414, 145.462546,   53, 1.00,   13, 0.000, 0.000, 0.159, 40
train,    1415, 59.373133,   38, 1.00,   16, 0.000, 0.000, 0.159, 40
train,    1416, 199.256519,   86, 0.00,   15, 0.000, 0.000, 0.159, 40
train,    1417, 79.477400,   68, 1.00,    7, 0.000, 0.000, 0.159, 40
train,    1418, 180.000000,   36, 1.00,    8, 0.000, 0.000, 0.159, 40
train,    1419, 142.488284,   68, 1.00,   12, 0.000, 0.000, 0.159, 40
train,    1420, 254.227222,  113, 0.00,   15, 0.000, 0.000, 0.159, 40
update,   1420,  142,  70291, 221.169072, 0.000000
train,    1421, 180.000000,   59, 1.00,    9, 0.000, 0.000, 0.159, 40
train,    1422, 75.887210,   39, 1.00,   11, 0.000, 0.000, 0.159, 40
train,    1423, 112.223992,   61, 1.00,   10, 0.000, 0.000, 0.158, 40
train,    1424, 57.485974,   42, 1.00,    3, 0.000, 0.000, 0.158, 40
train,    1425, 63.184777,   60, 1.00,    9, 0.000, 0.000, 0.158, 40
train,    1426, 6.853350,   48, 0.00,   10, 0.000, 0.000, 0.158, 40
train,    1427, 136.275932,  105, 1.00,   12, 0.000, 0.000, 0.158, 40
train,    1428, 149.859147,  101, 0.00,   14, 0.000, 0.000, 0.158, 40
train,    1429, 98.400892,  104, 0.00,   12, 0.000, 0.000, 0.158, 40
train,    1430, 142.578035,   68, 1.00,    9, 0.000, 0.000, 0.158, 40
update,   1430,  143,  70978, 165.986591, 0.000000
train,    1431, 22.463051,   43, 1.00,    7, 0.000, 0.000, 0.158, 40
train,    1432, 132.933130,    4, 1.00,    9, 0.000, 0.000, 0.158, 40
train,    1433, 90.379912,   60, 1.00,   10, 0.000, 0.000, 0.158, 40
train,    1434, -25.000000,    8, 1.00,    9, 0.000, 0.000, 0.158, 40
train,    1435, 174.412065,   97, 0.00,   11, 0.000, 0.000, 0.158, 40
train,    1436, 101.513281,  111, 0.00,   13, 0.000, 0.000, 0.158, 40
train,    1437, 74.144835,   60, 1.00,    9, 0.000, 0.000, 0.158, 40
train,    1438, 71.731010,  117, 0.00,   10, 0.000, 0.000, 0.158, 40
train,    1439, 180.000000,   64, 1.00,   15, 0.000, 0.000, 0.157, 40
train,    1440, 113.710283,  104, 0.00,   11, 0.000, 0.000, 0.157, 41
update,   1440,  144,  71646, 83.949824, 0.000000
train,    1441, 46.075122,  118, 0.00,   12, 0.000, 0.000, 0.157, 41
train,    1442, 62.545652,   10, 1.00,    7, 0.000, 0.000, 0.157, 41
train,    1443, 192.492870,  120, 0.00,   14, 0.000, 0.000, 0.157, 41
train,    1444, 98.451036,   90, 0.00,   12, 0.000, 0.000, 0.157, 41
train,    1445, 110.943075,   41, 1.00,   12, 0.000, 0.000, 0.157, 41
train,    1446, 164.199837,   70, 0.00,   13, 0.000, 0.000, 0.157, 41
train,    1447, 158.478173,   84, 0.00,   15, 0.000, 0.000, 0.157, 41
train,    1448, 180.703420,  120, 0.00,   12, 0.000, 0.000, 0.157, 41
train,    1449, 87.295755,   27, 1.00,   11, 0.000, 0.000, 0.157, 41
train,    1450, 109.383388,   39, 1.00,    8, 0.000, 0.000, 0.157, 41
update,   1450,  145,  72365, 115.294811, 0.000000
train,    1451, 111.869436,   39, 1.00,   11, 0.000, 0.000, 0.157, 41
train,    1452, 151.838043,  113, 0.00,   14, 0.000, 0.000, 0.157, 41
train,    1453, 221.951898,  120, 0.00,   14, 0.000, 0.000, 0.157, 41
train,    1454, -5.802672,   13, 1.00,   10, 0.000, 0.000, 0.157, 41
train,    1455, 270.000000,   93, 0.00,   16, 0.000, 0.000, 0.156, 41
train,    1456, 155.247386,  120, 0.00,   10, 0.000, 0.000, 0.156, 41
train,    1457, 262.307780,  113, 0.00,   12, 0.000, 0.000, 0.156, 41
train,    1458, 113.807619,   64, 1.00,   15, 0.000, 0.000, 0.156, 41
train,    1459, 145.736748,  120, 0.00,   12, 0.000, 0.000, 0.156, 41
train,    1460, -25.000000,   22, 1.00,    8, 0.000, 0.000, 0.156, 41
update,   1460,  146,  73182, -5.000000, 0.000000
train,    1461, 180.000000,  105, 1.00,   12, 0.000, 0.000, 0.156, 41
train,    1462, 86.740436,   58, 0.00,   11, 0.000, 0.000, 0.156, 41
train,    1463, -7.347311,   39, 1.00,   10, 0.000, 0.000, 0.156, 41
train,    1464, 148.932210,  119, 0.00,   15, 0.000, 0.000, 0.156, 41
train,    1465, 199.295131,   69, 0.00,   15, 0.000, 0.000, 0.156, 41
train,    1466, 24.120795,    4, 1.00,    5, 0.000, 0.000, 0.156, 41
train,    1467, 88.479688,   18, 1.00,   11, 0.000, 0.000, 0.156, 41
train,    1468, 133.342500,   67, 0.00,    5, 0.000, 0.000, 0.156, 41
train,    1469, 139.101719,   77, 0.00,    7, 0.000, 0.000, 0.156, 41
train,    1470, 72.472595,    4, 1.00,   12, 0.000, 0.000, 0.156, 41
update,   1470,  147,  73742, 87.792000, 0.000000
train,    1471, 232.967777,   75, 0.00,   12, 0.000, 0.000, 0.155, 41
train,    1472, 19.850042,   49, 1.00,    8, 0.000, 0.000, 0.155, 41
train,    1473, -23.892464,    4, 1.00,   12, 0.000, 0.000, 0.155, 41
train,    1474, 270.000000,   45, 0.00,   13, 0.000, 0.000, 0.155, 41
train,    1475, 82.862500,    4, 1.00,    9, 0.000, 0.000, 0.155, 41
train,    1476, 230.705252,   96, 0.00,   14, 0.000, 0.000, 0.155, 41
train,    1477, 114.911253,   95, 1.00,   15, 0.000, 0.000, 0.155, 41
train,    1478, 194.287145,  120, 0.00,   13, 0.000, 0.000, 0.155, 41
train,    1479, 128.664122,  117, 0.00,    9, 0.000, 0.000, 0.155, 41
train,    1480, 174.794866,  120, 0.00,   14, 0.000, 0.000, 0.155, 41
update,   1480,  148,  74467, 176.119207, 0.000000
train,    1481, 146.750620,   62, 0.00,    9, 0.000, 0.000, 0.155, 41
train,    1482, 76.955975,  120, 0.00,   11, 0.000, 0.000, 0.155, 41
train,    1483, 9.120950,   66, 1.00,   12, 0.000, 0.000, 0.155, 41
train,    1484, 226.941211,  100, 0.00,   13, 0.000, 0.000, 0.155, 41
train,    1485, 177.590736,   62, 0.00,   13, 0.000, 0.000, 0.155, 41
train,    1486, 167.836000,  114, 0.00,   16, 0.000, 0.000, 0.155, 41
train,    1487, 138.383470,   28, 1.00,   10, 0.000, 0.000, 0.154, 41
train,    1488, 270.000000,   99, 0.00,   13, 0.000, 0.000, 0.154, 41
train,    1489, 64.686316,    4, 1.00,    9, 0.000, 0.000, 0.154, 41
train,    1490, 120.215757,  120, 0.00,   16, 0.000, 0.000, 0.154, 41
update,   1490,  149,  75242, 115.954352, 0.000000
train,    1491, 203.769781,   84, 0.00,   15, 0.000, 0.000, 0.154, 41
train,    1492, 117.288833,  120, 0.00,    9, 0.000, 0.000, 0.154, 41
train,    1493, 215.462923,  105, 0.00,   17, 0.000, 0.000, 0.154, 41
train,    1494, 230.000716,  120, 0.00,   15, 0.000, 0.000, 0.154, 41
train,    1495, 204.902787,  120, 0.00,   13, 0.000, 0.000, 0.154, 41
train,    1496, 189.734951,   98, 0.00,    8, 0.000, 0.000, 0.154, 41
train,    1497, 130.661769,   76, 0.00,    9, 0.000, 0.000, 0.154, 41
train,    1498, 124.520208,   63, 1.00,   13, 0.000, 0.000, 0.154, 41
train,    1499, 196.640394,   85, 0.00,   13, 0.000, 0.000, 0.154, 41
train,    1500, 183.782582,  120, 0.00,   12, 0.000, 0.000, 0.154, 41
update,   1500,  150,  76233, 186.345595, 0.000000
val_t, 1500, 76233, 86.122255, 0.2748,  37.8111,   0.2112, 0.5315,  24.2256, progress 0.5519
train,    1501, 93.791033,    7, 1.00,   11, 0.000, 0.000, 0.154, 41
train,    1502, 155.527652,   45, 1.00,    8, 0.000, 0.000, 0.154, 41
train,    1503, 90.391169,    4, 1.00,   10, 0.000, 0.000, 0.153, 41
train,    1504, 53.349435,   62, 1.00,   14, 0.000, 0.000, 0.153, 41
train,    1505, 270.000000,  120, 0.00,   11, 0.000, 0.000, 0.153, 41
train,    1506, 171.032410,    4, 1.00,   11, 0.000, 0.000, 0.153, 41
train,    1507, 270.000000,  120, 0.00,   16, 0.000, 0.000, 0.153, 41
train,    1508, 115.338867,  120, 0.00,   15, 0.000, 0.000, 0.153, 41
train,    1509, 83.770631,   37, 1.00,   12, 0.000, 0.000, 0.153, 41
train,    1510, 37.219210,   24, 1.00,    9, 0.000, 0.000, 0.153, 41
update,   1510,  151,  76776, 38.832854, 0.000000
train,    1511, 270.000000,   64, 0.00,   14, 0.000, 0.000, 0.153, 41
train,    1512, 208.604701,   95, 0.00,   18, 0.000, 0.000, 0.153, 41
train,    1513, 152.581279,   66, 1.00,    9, 0.000, 0.000, 0.153, 41
train,    1514, 104.794401,  104, 0.00,   11, 0.000, 0.000, 0.153, 41
train,    1515, 33.035054,   53, 1.00,   12, 0.000, 0.000, 0.153, 41
train,    1516, 109.898958,   23, 1.00,    8, 0.000, 0.000, 0.153, 41
train,    1517, 93.943159,    4, 1.00,    9, 0.000, 0.000, 0.153, 41
train,    1518, 180.000000,   42, 1.00,   13, 0.000, 0.000, 0.153, 41
train,    1519, 168.221530,  120, 0.00,   14, 0.000, 0.000, 0.152, 41
train,    1520, 129.326664,  120, 0.00,   11, 0.000, 0.000, 0.152, 41
update,   1520,  152,  77467, 88.175388, 0.000000
train,    1521, 140.425442,   85, 1.00,   13, 0.000, 0.000, 0.152, 41
train,    1522, 54.619946,   50, 1.00,   12, 0.000, 0.000, 0.152, 41
train,    1523, 201.842256,  120, 0.00,   13, 0.000, 0.000, 0.152, 41
train,    1524, 153.046210,  120, 0.00,   16, 0.000, 0.000, 0.152, 41
train,    1525, 130.962797,   20, 1.00,   10, 0.000, 0.000, 0.152, 41
train,    1526, 214.345126,   69, 0.00,   13, 0.000, 0.000, 0.152, 41
train,    1527, 10.350926,   28, 1.00,    7, 0.000, 0.000, 0.152, 41
train,    1528, 114.214918,  105, 1.00,   11, 0.000, 0.000, 0.152, 41
train,    1529, 246.145668,  120, 0.00,   13, 0.000, 0.000, 0.152, 41
train,    1530, 141.370491,   64, 1.00,   12, 0.000, 0.000, 0.152, 41
update,   1530,  153,  78248, 121.050230, 0.000000
train,    1531, 112.017976,  120, 0.00,   13, 0.000, 0.000, 0.152, 41
train,    1532, 196.120164,   86, 0.00,   10, 0.000, 0.000, 0.152, 41
train,    1533, 161.435112,   81, 1.00,   11, 0.000, 0.000, 0.152, 41
train,    1534, 67.325916,   19, 1.00,    8, 0.000, 0.000, 0.152, 41
train,    1535, 203.971284,   72, 0.00,   15, 0.000, 0.000, 0.152, 41
train,    1536, 142.843768,   98, 0.00,   16, 0.000, 0.000, 0.151, 41
train,    1537, 70.758478,   62, 1.00,    8, 0.000, 0.000, 0.151, 41
train,    1538, 41.918046,   94, 0.00,   12, 0.000, 0.000, 0.151, 41
train,    1539, -25.000000,   37, 1.00,   12, 0.000, 0.000, 0.151, 41
train,    1540, 100.416360,   54, 0.00,    9, 0.000, 0.000, 0.151, 41
update,   1540,  154,  78971, 158.836399, 0.000000
train,    1541, 270.000000,   75, 0.00,   15, 0.000, 0.000, 0.151, 41
train,    1542, 5.126462,   15, 1.00,    8, 0.000, 0.000, 0.151, 41
train,    1543, 178.384082,  116, 0.00,   14, 0.000, 0.000, 0.151, 41
train,    1544, 148.023009,  100, 1.00,    9, 0.000, 0.000, 0.151, 41
train,    1545, 156.042970,   92, 0.00,   12, 0.000, 0.000, 0.151, 41
train,    1546, 62.957637,   94, 0.00,   10, 0.000, 0.000, 0.151, 41
train,    1547, 186.995753,   99, 0.00,   14, 0.000, 0.000, 0.151, 41
train,    1548, 7.984616,    4, 1.00,    7, 0.000, 0.000, 0.151, 41
train,    1549, 109.666779,   74, 1.00,    9, 0.000, 0.000, 0.151, 41
train,    1550, 249.655533,  120, 0.00,   12, 0.000, 0.000, 0.151, 41
update,   1550,  155,  79760, 240.000000, 0.000000
train,    1551, 108.001502,   43, 1.00,   10, 0.000, 0.000, 0.151, 41
train,    1552, 150.166755,   57, 0.00,   14, 0.000, 0.000, 0.150, 41
train,    1553, 161.506798,   98, 0.00,    7, 0.000, 0.000, 0.150, 41
train,    1554, -10.498092,   29, 1.00,    8, 0.000, 0.000, 0.150, 41
train,    1555, 186.208032,   45, 0.00,   12, 0.000, 0.000, 0.150, 41
train,    1556, 169.968475,  108, 0.00,   14, 0.000, 0.000, 0.150, 41
train,    1557, 200.489918,  120, 0.00,   15, 0.000, 0.000, 0.150, 41
train,    1558, 183.370294,   59, 0.00,   12, 0.000, 0.000, 0.150, 41
train,    1559, 270.000000,   46, 0.00,   11, 0.000, 0.000, 0.150, 41
train,    1560, 181.868296,   57, 0.00,    7, 0.000, 0.000, 0.150, 41
update,   1560,  156,  80422, 162.275073, 0.000000
train,    1561, -7.504922,   27, 1.00,   10, 0.000, 0.000, 0.150, 41
train,    1562, 0.897084,   41, 1.00,   10, 0.000, 0.000, 0.150, 41
train,    1563, 182.698028,   45, 0.00,    7, 0.000, 0.000, 0.150, 41
train,    1564, 21.690634,   18, 1.00,    8, 0.000, 0.000, 0.150, 41
train,    1565, 136.171871,   62, 1.00,   12, 0.000, 0.000, 0.150, 41
train,    1566, 270.000000,  101, 0.00,   12, 0.000, 0.000, 0.150, 41
train,    1567, 178.885010,  112, 0.00,   12, 0.000, 0.000, 0.150, 41
train,    1568, 270.000000,   73, 0.00,   16, 0.000, 0.000, 0.150, 41
train,    1569, 67.095032,   60, 1.00,   11, 0.000, 0.000, 0.149, 41
train,    1570, 157.855248,   45, 0.00,   14, 0.000, 0.000, 0.149, 41
update,   1570,  157,  81006, 157.348821, 0.000000
train,    1571, 196.028936,   76, 0.00,   10, 0.000, 0.000, 0.149, 41
train,    1572, 86.932792,   47, 0.00,   11, 0.000, 0.000, 0.149, 41
train,    1573, 88.571284,   18, 1.00,    8, 0.000, 0.000, 0.149, 41
train,    1574, 7.259765,   59, 1.00,   10, 0.000, 0.000, 0.149, 41
train,    1575, 8.185816,    4, 1.00,    8, 0.000, 0.000, 0.149, 41
train,    1576, 109.564061,  105, 1.00,   12, 0.000, 0.000, 0.149, 41
train,    1577, 262.928404,   74, 0.00,   15, 0.000, 0.000, 0.149, 41
train,    1578, 253.822092,   70, 0.00,   13, 0.000, 0.000, 0.149, 41
train,    1579, 79.989754,   27, 1.00,   13, 0.000, 0.000, 0.149, 41
train,    1580, 48.156761,   76, 1.00,   11, 0.000, 0.000, 0.149, 41
update,   1580,  158,  81562, 17.904198, 0.000000
train,    1581, 42.773984,   24, 1.00,    5, 0.000, 0.000, 0.149, 41
train,    1582, 231.407774,  120, 0.00,   15, 0.000, 0.000, 0.149, 41
train,    1583, 185.975117,  120, 0.00,   15, 0.000, 0.000, 0.149, 41
train,    1584, 111.327552,  105, 0.00,   14, 0.000, 0.000, 0.149, 41
train,    1585, 102.701670,   75, 1.00,    8, 0.000, 0.000, 0.149, 41
train,    1586, 147.388444,   51, 0.00,    8, 0.000, 0.000, 0.148, 41
train,    1587, 224.206930,  112, 0.00,   14, 0.000, 0.000, 0.148, 41
train,    1588, -25.000000,    4, 1.00,    7, 0.000, 0.000, 0.148, 41
train,    1589, 178.957795,   45, 0.00,   16, 0.000, 0.000, 0.148, 41
train,    1590, 46.385523,   41, 1.00,    9, 0.000, 0.000, 0.148, 41
update,   1590,  159,  82259, 90.446938, 0.000000
train,    1591, 95.450654,   41, 1.00,    9, 0.000, 0.000, 0.148, 41
train,    1592, 88.589146,   28, 1.00,    8, 0.000, 0.000, 0.148, 41
train,    1593, 265.176014,   75, 0.00,   15, 0.000, 0.000, 0.148, 41
train,    1594, 167.745009,   80, 0.00,   10, 0.000, 0.000, 0.148, 41
train,    1595, -25.000000,   61, 1.00,    7, 0.000, 0.000, 0.148, 41
train,    1596, 130.961916,   91, 0.00,   10, 0.000, 0.000, 0.148, 41
train,    1597, 39.397039,   12, 1.00,    7, 0.000, 0.000, 0.148, 41
train,    1598, -25.000000,    4, 1.00,    9, 0.000, 0.000, 0.148, 41
train,    1599, 169.837670,   45, 0.00,   10, 0.000, 0.000, 0.148, 41
train,    1600, -14.553113,   32, 1.00,   12, 0.000, 0.000, 0.148, 42
update,   1600,  160,  82728, -5.000000, 0.000000
val_t, 1600, 82728, 147.460414, 0.2987,  54.4146,   0.2188, 0.5644,  24.4156, progress 0.5109
train,    1601, 110.699995,    4, 1.00,    8, 0.000, 0.000, 0.148, 42
train,    1602, 168.388289,   78, 0.00,   14, 0.000, 0.000, 0.148, 42
train,    1603, 130.736475,   64, 1.00,   16, 0.000, 0.000, 0.147, 42
train,    1604, 92.116416,   86, 0.00,   13, 0.000, 0.000, 0.147, 42
train,    1605, 213.856702,   99, 0.00,   16, 0.000, 0.000, 0.147, 42
train,    1606, 68.856526,    4, 1.00,    7, 0.000, 0.000, 0.147, 42
train,    1607, 159.034731,   88, 0.00,   13, 0.000, 0.000, 0.147, 42
train,    1608, 246.323121,   45, 0.00,   15, 0.000, 0.000, 0.147, 42
train,    1609, 238.167869,   85, 0.00,   15, 0.000, 0.000, 0.147, 42
train,    1610, 176.057175,  105, 1.00,   10, 0.000, 0.000, 0.147, 42
update,   1610,  161,  83386, 195.889326, 0.000000
train,    1611, -25.000000,    4, 1.00,   11, 0.000, 0.000, 0.147, 42
train,    1612, 31.929184,   56, 1.00,    9, 0.000, 0.000, 0.147, 42
train,    1613, 53.362330,   27, 1.00,    9, 0.000, 0.000, 0.147, 42
train,    1614, 148.740885,   76, 1.00,   10, 0.000, 0.000, 0.147, 42
train,    1615, 74.826823,   42, 1.00,   11, 0.000, 0.000, 0.147, 42
train,    1616, 137.384679,   47, 1.00,   12, 0.000, 0.000, 0.147, 42
train,    1617, 110.859070,   80, 0.00,    8, 0.000, 0.000, 0.147, 42
train,    1618, 138.253644,  103, 1.00,   15, 0.000, 0.000, 0.147, 42
train,    1619, 192.883140,   82, 0.00,   15, 0.000, 0.000, 0.147, 42
train,    1620, -25.000000,    7, 1.00,    5, 0.000, 0.000, 0.146, 42
update,   1620,  162,  83910, -5.000000, 0.000000
train,    1621, 196.606158,  103, 0.00,   14, 0.000, 0.000, 0.146, 42
train,    1622, 223.336329,   76, 0.00,   13, 0.000, 0.000, 0.146, 42
train,    1623, 258.123296,   45, 0.00,   14, 0.000, 0.000, 0.146, 42
train,    1624, 180.000000,   32, 1.00,   12, 0.000, 0.000, 0.146, 42
train,    1625, 87.089931,   45, 1.00,    5, 0.000, 0.000, 0.146, 42
train,    1626, 195.329866,  111, 0.00,   12, 0.000, 0.000, 0.146, 42
train,    1627, -16.260668,   24, 1.00,    6, 0.000, 0.000, 0.146, 42
train,    1628, 84.038111,   42, 1.00,   12, 0.000, 0.000, 0.146, 42
train,    1629, 240.828851,   77, 0.00,   13, 0.000, 0.000, 0.146, 42
train,    1630, 17.297766,   30, 1.00,    9, 0.000, 0.000, 0.146, 42
update,   1630,  163,  84495, 35.715427, 0.000000
train,    1631, 198.228798,  111, 0.00,   17, 0.000, 0.000, 0.146, 42
train,    1632, 97.082401,    4, 1.00,   12, 0.000, 0.000, 0.146, 42
train,    1633, 270.000000,   80, 0.00,   15, 0.000, 0.000, 0.146, 42
train,    1634, 227.941577,  119, 0.00,   11, 0.000, 0.000, 0.146, 42
train,    1635, -14.663289,    8, 1.00,    6, 0.000, 0.000, 0.146, 42
train,    1636, 47.926629,    7, 1.00,    7, 0.000, 0.000, 0.146, 42
train,    1637, 54.479506,    9, 1.00,    9, 0.000, 0.000, 0.145, 42
train,    1638, 232.861283,   67, 0.00,   10, 0.000, 0.000, 0.145, 42
train,    1639, 61.838864,   16, 1.00,   10, 0.000, 0.000, 0.145, 42
train,    1640, 180.000000,   59, 1.00,    8, 0.000, 0.000, 0.145, 42
update,   1640,  164,  84975, 163.726274, 0.000000
train,    1641, 270.000000,  120, 0.00,    9, 0.000, 0.000, 0.145, 42
train,    1642, 259.907380,   56, 0.00,   16, 0.000, 0.000, 0.145, 42
train,    1643, 220.433996,   45, 0.00,   11, 0.000, 0.000, 0.145, 42
train,    1644, 108.589597,   92, 0.00,   12, 0.000, 0.000, 0.145, 42
train,    1645, 109.160623,   79, 0.00,   11, 0.000, 0.000, 0.145, 42
train,    1646, 106.954332,    4, 1.00,   10, 0.000, 0.000, 0.145, 42
train,    1647, 72.842558,   67, 0.00,   11, 0.000, 0.000, 0.145, 42
train,    1648, 128.976806,   34, 1.00,    8, 0.000, 0.000, 0.145, 42
train,    1649, 179.926375,   68, 0.00,    8, 0.000, 0.000, 0.145, 42
train,    1650, 125.349561,   96, 0.00,   11, 0.000, 0.000, 0.145, 42
update,   1650,  165,  85636, 127.951136, 0.000000
train,    1651, 188.435621,  102, 0.00,   15, 0.000, 0.000, 0.145, 42
train,    1652, 140.877267,    4, 1.00,    8, 0.000, 0.000, 0.145, 42
train,    1653, -17.149523,    4, 1.00,   10, 0.000, 0.000, 0.145, 42
train,    1654, 180.000000,  104, 1.00,   13, 0.000, 0.000, 0.144, 42
train,    1655, 123.263458,   39, 1.00,   15, 0.000, 0.000, 0.144, 42
train,    1656, -24.429956,    4, 1.00,    4, 0.000, 0.000, 0.144, 42
train,    1657, 159.354167,   53, 0.00,   15, 0.000, 0.000, 0.144, 42
train,    1658, 109.434899,   45, 0.00,   11, 0.000, 0.000, 0.144, 42
train,    1659, 160.556866,   86, 0.00,    8, 0.000, 0.000, 0.144, 42
train,    1660, 26.707761,   46, 1.00,    8, 0.000, 0.000, 0.144, 42
update,   1660,  166,  86123, 40.747637, 0.000000
train,    1661, 189.940430,  120, 0.00,   10, 0.000, 0.000, 0.144, 42
train,    1662, -25.000000,    4, 1.00,    7, 0.000, 0.000, 0.144, 42
train,    1663, 162.079914,   81, 0.00,   14, 0.000, 0.000, 0.144, 42
train,    1664, 156.663018,   40, 1.00,   11, 0.000, 0.000, 0.144, 42
train,    1665, 175.594708,   49, 0.00,   12, 0.000, 0.000, 0.144, 42
train,    1666, 9.903188,    6, 1.00,    8, 0.000, 0.000, 0.144, 42
train,    1667, 123.914211,  106, 0.00,   13, 0.000, 0.000, 0.144, 42
train,    1668, 56.654591,   99, 0.00,   12, 0.000, 0.000, 0.144, 42
train,    1669, 128.315495,   68, 0.00,   14, 0.000, 0.000, 0.144, 42
train,    1670, 156.175072,   45, 0.00,   13, 0.000, 0.000, 0.144, 42
update,   1670,  167,  86741, 142.812850, 0.000000
train,    1671, 232.412479,  120, 0.00,   11, 0.000, 0.000, 0.143, 42
train,    1672, 270.000000,   94, 0.00,   16, 0.000, 0.000, 0.143, 42
train,    1673, 54.643733,   16, 1.00,   12, 0.000, 0.000, 0.143, 42
train,    1674, 95.672133,   88, 1.00,    8, 0.000, 0.000, 0.143, 42
train,    1675, 53.623031,  105, 1.00,    7, 0.000, 0.000, 0.143, 42
train,    1676, 11.820853,    4, 1.00,   12, 0.000, 0.000, 0.143, 42
train,    1677, 180.000000,   89, 1.00,   13, 0.000, 0.000, 0.143, 42
train,    1678, 114.847805,   64, 0.00,   14, 0.000, 0.000, 0.143, 42
train,    1679, 183.554900,   85, 0.00,   13, 0.000, 0.000, 0.143, 42
train,    1680, 245.515764,   66, 0.00,   10, 0.000, 0.000, 0.143, 42
update,   1680,  168,  87472, 231.579101, 0.000000
train,    1681, 71.604606,   48, 1.00,    6, 0.000, 0.000, 0.143, 42
train,    1682, 254.608837,  120, 0.00,   14, 0.000, 0.000, 0.143, 42
train,    1683, 173.850807,   76, 1.00,   12, 0.000, 0.000, 0.143, 42
train,    1684, 126.009043,   47, 1.00,    9, 0.000, 0.000, 0.143, 42
train,    1685, 80.770999,   78, 1.00,    8, 0.000, 0.000, 0.143, 42
train,    1686, 99.158828,   60, 1.00,   12, 0.000, 0.000, 0.143, 42
train,    1687, 200.748577,   68, 0.00,   11, 0.000, 0.000, 0.143, 42
train,    1688, 270.000000,   76, 0.00,   12, 0.000, 0.000, 0.143, 42
train,    1689, 4.090467,   61, 1.00,    9, 0.000, 0.000, 0.142, 42
train,    1690, -25.000000,    4, 1.00,    6, 0.000, 0.000, 0.142, 42
update,   1690,  169,  88110, -3.790390, 0.000000
train,    1691, 97.716617,    9, 1.00,    4, 0.000, 0.000, 0.142, 42
train,    1692, 100.793077,   68, 0.00,   14, 0.000, 0.000, 0.142, 42
train,    1693, 1.637140,   38, 1.00,    7, 0.000, 0.000, 0.142, 42
train,    1694, 49.400955,   32, 1.00,    9, 0.000, 0.000, 0.142, 42
train,    1695, 62.474117,   34, 1.00,   10, 0.000, 0.000, 0.142, 42
train,    1696, 118.400411,   99, 0.00,   15, 0.000, 0.000, 0.142, 42
train,    1697, 91.436273,   71, 1.00,   10, 0.000, 0.000, 0.142, 42
train,    1698, 90.677128,   68, 1.00,    8, 0.000, 0.000, 0.142, 42
train,    1699, 180.000000,   90, 1.00,    9, 0.000, 0.000, 0.142, 42
train,    1700, 223.331871,   99, 0.00,   16, 0.000, 0.000, 0.142, 42
update,   1700,  170,  88718, 234.264501, 0.000000
val_t, 1700, 88718, 100.345984, 0.3463,  37.9965,   0.1675, 0.4751,  24.2033, progress 0.5178
train,    1701, 59.734088,   35, 1.00,    8, 0.000, 0.000, 0.142, 42
train,    1702, 80.402109,   34, 1.00,   11, 0.000, 0.000, 0.142, 42
train,    1703, 178.962376,   90, 0.00,   12, 0.000, 0.000, 0.142, 42
train,    1704, 137.657763,   71, 0.00,   15, 0.000, 0.000, 0.142, 42
train,    1705, 107.067273,    4, 1.00,    8, 0.000, 0.000, 0.142, 42
train,    1706, 146.448083,  106, 0.00,   15, 0.000, 0.000, 0.141, 42
train,    1707, 223.285904,   85, 0.00,    9, 0.000, 0.000, 0.141, 42
train,    1708, 46.880043,   56, 1.00,   11, 0.000, 0.000, 0.141, 42
train,    1709, 148.105066,   75, 1.00,   10, 0.000, 0.000, 0.141, 42
train,    1710, 180.000000,  105, 1.00,   14, 0.000, 0.000, 0.141, 42
update,   1710,  171,  89379, 185.831059, 0.000000
train,    1711, 130.515755,   86, 0.00,   13, 0.000, 0.000, 0.141, 42
train,    1712, 270.000000,  113, 0.00,   12, 0.000, 0.000, 0.141, 42
train,    1713, 231.937155,   94, 0.00,   13, 0.000, 0.000, 0.141, 42
train,    1714, 40.023428,   29, 1.00,   11, 0.000, 0.000, 0.141, 42
train,    1715, 169.864273,   63, 0.00,   10, 0.000, 0.000, 0.141, 42
train,    1716, 75.016832,   35, 1.00,    7, 0.000, 0.000, 0.141, 42
train,    1717, 119.942864,  120, 0.00,   12, 0.000, 0.000, 0.141, 42
train,    1718, 68.464216,   56, 1.00,   16, 0.000, 0.000, 0.141, 42
train,    1719, 179.550028,  116, 0.00,   15, 0.000, 0.000, 0.141, 42
train,    1720, 175.308846,  120, 0.00,   11, 0.000, 0.000, 0.141, 42
update,   1720,  172,  90211, 175.174003, 0.000000
train,    1721, 241.911635,   71, 0.00,   17, 0.000, 0.000, 0.141, 42
train,    1722, 114.603575,   79, 0.00,   10, 0.000, 0.000, 0.141, 42
train,    1723, 259.831450,  120, 0.00,    9, 0.000, 0.000, 0.141, 42
train,    1724, 227.656431,   98, 0.00,   10, 0.000, 0.000, 0.140, 42
train,    1725, 194.266610,  120, 0.00,   14, 0.000, 0.000, 0.140, 42
train,    1726, 151.900111,   46, 1.00,   10, 0.000, 0.000, 0.140, 42
train,    1727, 158.423643,  100, 0.00,   14, 0.000, 0.000, 0.140, 42
train,    1728, 243.999454,  109, 0.00,   12, 0.000, 0.000, 0.140, 42
train,    1729, -25.000000,   20, 1.00,    4, 0.000, 0.000, 0.140, 42
train,    1730, 194.051273,   99, 0.00,   12, 0.000, 0.000, 0.140, 42
update,   1730,  173,  91073, 199.745617, 0.000000
train,    1731, 246.367377,  120, 0.00,   19, 0.000, 0.000, 0.140, 42
train,    1732, 270.000000,  120, 0.00,   12, 0.000, 0.000, 0.140, 42
train,    1733, 251.193425,  120, 0.00,    9, 0.000, 0.000, 0.140, 42
train,    1734, 145.718226,  100, 0.00,   13, 0.000, 0.000, 0.140, 42
train,    1735, 178.132506,  115, 0.00,   10, 0.000, 0.000, 0.140, 42
train,    1736, 122.437493,   93, 0.00,    9, 0.000, 0.000, 0.140, 42
train,    1737, 113.245434,   67, 1.00,   11, 0.000, 0.000, 0.140, 42
train,    1738, 234.187097,   64, 0.00,   15, 0.000, 0.000, 0.140, 42
train,    1739, 168.998942,  120, 0.00,   14, 0.000, 0.000, 0.140, 42
train,    1740, 192.806526,  120, 0.00,   14, 0.000, 0.000, 0.140, 42
update,   1740,  174,  92112, 240.000000, 0.000000
train,    1741, 2.963786,   43, 1.00,    9, 0.000, 0.000, 0.140, 42
train,    1742, 194.075959,  104, 0.00,   16, 0.000, 0.000, 0.139, 42
train,    1743, 84.472898,   52, 1.00,   13, 0.000, 0.000, 0.139, 42
train,    1744, 178.738916,   88, 0.00,   16, 0.000, 0.000, 0.139, 42
train,    1745, 124.494792,   97, 1.00,    9, 0.000, 0.000, 0.139, 42
train,    1746, -25.000000,    4, 1.00,    9, 0.000, 0.000, 0.139, 42
train,    1747, 255.481607,   63, 0.00,   12, 0.000, 0.000, 0.139, 42
train,    1748, 15.632859,   31, 1.00,   12, 0.000, 0.000, 0.139, 42
train,    1749, 116.690563,   33, 1.00,    8, 0.000, 0.000, 0.139, 42
train,    1750, 87.748731,  113, 0.00,   12, 0.000, 0.000, 0.139, 42
update,   1750,  175,  92740, 94.171518, 0.000000
train,    1751, 180.000000,   11, 1.00,    9, 0.000, 0.000, 0.139, 42
train,    1752, 210.102605,   81, 0.00,   15, 0.000, 0.000, 0.139, 42
train,    1753, -2.938260,   53, 1.00,    7, 0.000, 0.000, 0.139, 42
train,    1754, 24.660138,    5, 1.00,   10, 0.000, 0.000, 0.139, 42
train,    1755, 149.465895,    4, 1.00,    8, 0.000, 0.000, 0.139, 42
train,    1756, 173.630729,  120, 0.00,   14, 0.000, 0.000, 0.139, 42
train,    1757, 29.538169,   57, 1.00,    9, 0.000, 0.000, 0.139, 42
train,    1758, 175.666744,   54, 1.00,    9, 0.000, 0.000, 0.139, 42
train,    1759, 150.944594,  105, 1.00,   16, 0.000, 0.000, 0.139, 42
train,    1760, 79.048451,    4, 1.00,    5, 0.000, 0.000, 0.138, 43
update,   1760,  176,  93234, 84.712333, 0.000000
train,    1761, 270.000000,  113, 0.00,   13, 0.000, 0.000, 0.138, 43
train,    1762, 115.956652,  120, 0.00,   10, 0.000, 0.000, 0.138, 43
train,    1763, 180.000000,   87, 1.00,   12, 0.000, 0.000, 0.138, 43
train,    1764, 171.328637,   28, 1.00,   11, 0.000, 0.000, 0.138, 43
train,    1765, 146.803619,  108, 0.00,   15, 0.000, 0.000, 0.138, 43
train,    1766, -7.797636,   10, 1.00,    5, 0.000, 0.000, 0.138, 43
train,    1767, 80.932403,   39, 1.00,    8, 0.000, 0.000, 0.138, 43
train,    1768, 253.268328,  115, 0.00,   13, 0.000, 0.000, 0.138, 43
train,    1769, -25.000000,    4, 1.00,    9, 0.000, 0.000, 0.138, 43
train,    1770, -19.022969,   25, 1.00,    5, 0.000, 0.000, 0.138, 43
update,   1770,  177,  93883, 34.700424, 0.000000
train,    1771, 186.841944,   93, 0.00,   13, 0.000, 0.000, 0.138, 43
train,    1772, 185.152153,  120, 0.00,   12, 0.000, 0.000, 0.138, 43
train,    1773, -25.000000,    4, 1.00,    6, 0.000, 0.000, 0.138, 43
train,    1774, -23.975525,   18, 1.00,    7, 0.000, 0.000, 0.138, 43
train,    1775, 57.846091,    4, 1.00,    6, 0.000, 0.000, 0.138, 43
train,    1776, 270.000000,   95, 0.00,   10, 0.000, 0.000, 0.138, 43
train,    1777, 16.083549,   16, 1.00,   12, 0.000, 0.000, 0.138, 43
train,    1778, 270.000000,   98, 0.00,   14, 0.000, 0.000, 0.137, 43
train,    1779, 167.238058,  115, 0.00,   13, 0.000, 0.000, 0.137, 43
train,    1780, 162.846096,   45, 0.00,   13, 0.000, 0.000, 0.137, 43
update,   1780,  178,  94491, 202.329233, 0.000000
train,    1781, 154.683070,  109, 0.00,   12, 0.000, 0.000, 0.137, 43
train,    1782, 258.624815,  120, 0.00,   14, 0.000, 0.000, 0.137, 43
train,    1783, 270.000000,   89, 0.00,   17, 0.000, 0.000, 0.137, 43
train,    1784, -22.689788,   29, 1.00,   10, 0.000, 0.000, 0.137, 43
train,    1785, 30.500828,   31, 1.00,    8, 0.000, 0.000, 0.137, 43
train,    1786, 176.440501,  110, 0.00,   15, 0.000, 0.000, 0.137, 43
train,    1787, 126.651235,   27, 1.00,    5, 0.000, 0.000, 0.137, 43
train,    1788, 270.000000,   74, 0.00,   15, 0.000, 0.000, 0.137, 43
train,    1789, 136.865326,   54, 1.00,   13, 0.000, 0.000, 0.137, 43
train,    1790, 89.241591,   26, 1.00,    3, 0.000, 0.000, 0.137, 43
update,   1790,  179,  95160, 34.494345, 0.000000
train,    1791, 270.000000,  107, 0.00,   13, 0.000, 0.000, 0.137, 43
train,    1792, -11.667475,   35, 1.00,    7, 0.000, 0.000, 0.137, 43
train,    1793, 135.217576,   78, 1.00,   12, 0.000, 0.000, 0.137, 43
train,    1794, 91.148816,   76, 0.00,   13, 0.000, 0.000, 0.137, 43
train,    1795, -18.740085,   44, 1.00,    5, 0.000, 0.000, 0.137, 43
train,    1796, 26.713484,   20, 1.00,    9, 0.000, 0.000, 0.136, 43
train,    1797, 138.497469,  120, 0.00,   11, 0.000, 0.000, 0.136, 43
train,    1798, 270.000000,   52, 0.00,   11, 0.000, 0.000, 0.136, 43
train,    1799, 235.722605,   76, 0.00,   10, 0.000, 0.000, 0.136, 43
train,    1800, -25.000000,  105, 1.00,   12, 0.000, 0.000, 0.136, 43
update,   1800,  180,  95873, -5.000000, 0.000000
val_t, 1800, 95873, 99.424706, 0.2375,  60.4910,   0.2341, 0.5445,  24.1744, progress 0.6060
train,    1801, 94.235756,   83, 1.00,   12, 0.000, 0.000, 0.136, 43
train,    1802, 126.143681,   98, 0.00,   10, 0.000, 0.000, 0.136, 43
train,    1803, 75.328523,   38, 1.00,   11, 0.000, 0.000, 0.136, 43
train,    1804, 57.020236,   60, 0.00,   13, 0.000, 0.000, 0.136, 43
train,    1805, -21.125247,    4, 1.00,    7, 0.000, 0.000, 0.136, 43
train,    1806, 187.542720,   45, 0.00,   13, 0.000, 0.000, 0.136, 43
train,    1807, 72.774650,   15, 1.00,    7, 0.000, 0.000, 0.136, 43
train,    1808, 20.204656,   47, 1.00,    9, 0.000, 0.000, 0.136, 43
train,    1809, 196.310132,   62, 0.00,    9, 0.000, 0.000, 0.136, 43
train,    1810, 128.147154,   57, 0.00,   10, 0.000, 0.000, 0.136, 43
update,   1810,  181,  96382, 126.552471, 0.000000
train,    1811, 102.964339,   32, 1.00,    8, 0.000, 0.000, 0.136, 43
train,    1812, 114.833095,  114, 0.00,   13, 0.000, 0.000, 0.136, 43
train,    1813, 134.051096,  120, 0.00,   12, 0.000, 0.000, 0.136, 43
train,    1814, 104.030603,    8, 1.00,    9, 0.000, 0.000, 0.136, 43
train,    1815, 131.854923,   39, 1.00,    9, 0.000, 0.000, 0.135, 43
train,    1816, 202.145745,   78, 0.00,   15, 0.000, 0.000, 0.135, 43
train,    1817, 114.907017,   83, 0.00,   14, 0.000, 0.000, 0.135, 43
train,    1818, -25.000000,    8, 1.00,    8, 0.000, 0.000, 0.135, 43
train,    1819, 164.612916,  120, 0.00,    9, 0.000, 0.000, 0.135, 43
train,    1820, 94.728841,  114, 0.00,   14, 0.000, 0.000, 0.135, 43
update,   1820,  182,  97098, 54.535762, 0.000000
train,    1821, 270.000000,   71, 0.00,   13, 0.000, 0.000, 0.135, 43
train,    1822, 10.090185,    4, 1.00,    5, 0.000, 0.000, 0.135, 43
train,    1823, -25.000000,   64, 1.00,    8, 0.000, 0.000, 0.135, 43
train,    1824, 31.515951,   33, 1.00,   11, 0.000, 0.000, 0.135, 43
train,    1825, 190.496501,  120, 0.00,    7, 0.000, 0.000, 0.135, 43
train,    1826, 161.861356,   34, 1.00,    7, 0.000, 0.000, 0.135, 43
train,    1827, 218.308458,  112, 0.00,   14, 0.000, 0.000, 0.135, 43
train,    1828, 102.998570,    4, 1.00,    8, 0.000, 0.000, 0.135, 43
train,    1829, 50.542223,   64, 1.00,   12, 0.000, 0.000, 0.135, 43
train,    1830, 120.258657,   48, 0.00,    9, 0.000, 0.000, 0.135, 43
update,   1830,  183,  97652, 97.277055, 0.000000
train,    1831, 147.549004,   85, 0.00,   10, 0.000, 0.000, 0.135, 43
train,    1832, -25.000000,   28, 1.00,    7, 0.000, 0.000, 0.135, 43
train,    1833, 156.770517,   79, 0.00,   11, 0.000, 0.000, 0.134, 43
train,    1834, 110.461073,   78, 0.00,   14, 0.000, 0.000, 0.134, 43
train,    1835, 71.988754,  120, 0.00,   13, 0.000, 0.000, 0.134, 43
train,    1836, -3.225351,    4, 1.00,    9, 0.000, 0.000, 0.134, 43
train,    1837, 270.000000,   97, 0.00,    8, 0.000, 0.000, 0.134, 43
train,    1838, 270.000000,   81, 0.00,   12, 0.000, 0.000, 0.134, 43
train,    1839, 221.739489,  102, 0.00,   14, 0.000, 0.000, 0.134, 43
train,    1840, 256.410476,   87, 0.00,   11, 0.000, 0.000, 0.134, 43
update,   1840,  184,  98413, 240.000000, 0.000000
train,    1841, 270.000000,  119, 0.00,   10, 0.000, 0.000, 0.134, 43
train,    1842, -25.000000,   50, 1.00,   11, 0.000, 0.000, 0.134, 43
train,    1843, 43.909195,   49, 1.00,   11, 0.000, 0.000, 0.134, 43
train,    1844, 270.000000,  120, 0.00,   14, 0.000, 0.000, 0.134, 43
train,    1845, 121.196736,   62, 1.00,    8, 0.000, 0.000, 0.134, 43
train,    1846, 231.652142,  102, 0.00,   10, 0.000, 0.000, 0.134, 43
train,    1847, 130.497056,   52, 1.00,   10, 0.000, 0.000, 0.134, 43
train,    1848, 21.960093,   62, 1.00,    6, 0.000, 0.000, 0.134, 43
train,    1849, 147.144847,   18, 1.00,   12, 0.000, 0.000, 0.134, 43
train,    1850, 24.841396,   41, 1.00,    9, 0.000, 0.000, 0.134, 43
update,   1850,  185,  99088, -5.000000, 0.000000
train,    1851, 169.833268,  120, 0.00,   13, 0.000, 0.000, 0.134, 43
train,    1852, 158.324021,   81, 0.00,   12, 0.000, 0.000, 0.133, 43
train,    1853, 174.413124,   80, 0.00,   13, 0.000, 0.000, 0.133, 43
train,    1854, -6.486543,   13, 1.00,    3, 0.000, 0.000, 0.133, 43
train,    1855, 152.021519,   94, 0.00,   12, 0.000, 0.000, 0.133, 43
train,    1856, 9.529219,    7, 1.00,    9, 0.000, 0.000, 0.133, 43
train,    1857, 229.503188,   67, 0.00,   11, 0.000, 0.000, 0.133, 43
train,    1858, 96.761370,   85, 1.00,   12, 0.000, 0.000, 0.133, 43
train,    1859, 205.854415,  113, 0.00,   14, 0.000, 0.000, 0.133, 43
train,    1860, 232.377692,   64, 0.00,   13, 0.000, 0.000, 0.133, 43
update,   1860,  186,  99812, 240.000000, 0.000000
train,    1861, 236.200126,   58, 0.00,   16, 0.000, 0.000, 0.133, 43
train,    1862, -21.803888,   46, 1.00,    4, 0.000, 0.000, 0.133, 43
train,    1863, 59.082327,   94, 0.00,   13, 0.000, 0.000, 0.133, 43
train,    1864, 223.146363,  120, 0.00,   15, 0.000, 0.000, 0.133, 43
train,    1865, 195.206449,  107, 0.00,   16, 0.000, 0.000, 0.133, 43
train,    1866, 222.864900,   45, 0.00,   11, 0.000, 0.000, 0.133, 43
train,    1867, -2.383136,   50, 1.00,    8, 0.000, 0.000, 0.133, 43
train,    1868, 215.195925,   51, 0.00,   17, 0.000, 0.000, 0.133, 43
train,    1869, 180.162918,   63, 0.00,    9, 0.000, 0.000, 0.133, 43
train,    1870, 66.196823,   56, 1.00,    9, 0.000, 0.000, 0.133, 43
update,   1870,  187, 100502, 111.675982, 0.000000
train,    1871, 115.194937,   55, 0.00,   16, 0.000, 0.000, 0.132, 43
train,    1872, 84.460531,    4, 1.00,    6, 0.000, 0.000, 0.132, 43
train,    1873, 265.382869,   68, 0.00,   14, 0.000, 0.000, 0.132, 43
train,    1874, 122.529135,  105, 1.00,    9, 0.000, 0.000, 0.132, 43
train,    1875, 166.918467,   45, 0.00,   15, 0.000, 0.000, 0.132, 43
train,    1876, 180.000000,   93, 1.00,   15, 0.000, 0.000, 0.132, 43
train,    1877, 270.000000,   45, 0.00,   15, 0.000, 0.000, 0.132, 43
train,    1878, 79.191924,   10, 1.00,    5, 0.000, 0.000, 0.132, 43
train,    1879, 14.332653,   10, 1.00,    5, 0.000, 0.000, 0.132, 43
train,    1880, 232.781925,   45, 0.00,   15, 0.000, 0.000, 0.132, 43
update,   1880,  188, 100982, 240.000000, 0.000000
train,    1881, 236.983241,  120, 0.00,   13, 0.000, 0.000, 0.132, 43
train,    1882, 202.142510,   45, 0.00,   10, 0.000, 0.000, 0.132, 43
train,    1883, 270.000000,  101, 0.00,   14, 0.000, 0.000, 0.132, 43
train,    1884, 183.707525,   57, 0.00,   13, 0.000, 0.000, 0.132, 43
train,    1885, -11.127419,   98, 1.00,   11, 0.000, 0.000, 0.132, 43
train,    1886, 211.733319,  106, 0.00,   13, 0.000, 0.000, 0.132, 43
train,    1887, 84.120321,    4, 1.00,   10, 0.000, 0.000, 0.132, 43
train,    1888, 165.238365,   61, 1.00,   13, 0.000, 0.000, 0.132, 43
train,    1889, 175.054083,   52, 0.00,   15, 0.000, 0.000, 0.132, 43
train,    1890, -25.000000,   34, 1.00,    8, 0.000, 0.000, 0.131, 43
update,   1890,  189, 101660, 61.057864, 0.000000
train,    1891, 68.926936,   87, 0.00,   11, 0.000, 0.000, 0.131, 43
train,    1892, -18.153264,   15, 1.00,    4, 0.000, 0.000, 0.131, 43
train,    1893, 28.128624,   91, 1.00,   12, 0.000, 0.000, 0.131, 43
train,    1894, 39.904176,   30, 1.00,   10, 0.000, 0.000, 0.131, 43
train,    1895, 34.199612,    4, 1.00,    6, 0.000, 0.000, 0.131, 43
train,    1896, 68.812943,   65, 1.00,   10, 0.000, 0.000, 0.131, 43
train,    1897, 108.981653,    4, 1.00,    5, 0.000, 0.000, 0.131, 43
train,    1898, 180.000000,   86, 1.00,    8, 0.000, 0.000, 0.131, 43
train,    1899, 184.045920,   69, 0.00,   15, 0.000, 0.000, 0.131, 43
train,    1900, 253.878909,   45, 0.00,   12, 0.000, 0.000, 0.131, 43
update,   1900,  190, 102156, 204.538843, 0.000000
val_t, 1900, 102156, 124.225147, 0.2898,  49.1237,   0.2069, 0.5850,  25.9605, progress 0.5248
train,    1901, 44.694540,    5, 1.00,    5, 0.000, 0.000, 0.131, 43
train,    1902, 122.620128,   56, 1.00,    9, 0.000, 0.000, 0.131, 43
train,    1903, 162.773468,   92, 0.00,   15, 0.000, 0.000, 0.131, 43
train,    1904, 53.374575,  105, 1.00,   14, 0.000, 0.000, 0.131, 43
train,    1905, 129.087206,   89, 0.00,   14, 0.000, 0.000, 0.131, 43
train,    1906, 158.403902,   63, 0.00,   12, 0.000, 0.000, 0.131, 43
train,    1907, 102.948968,   22, 1.00,    8, 0.000, 0.000, 0.131, 43
train,    1908, 60.929966,   38, 1.00,   10, 0.000, 0.000, 0.131, 43
train,    1909, 183.999779,  111, 0.00,    8, 0.000, 0.000, 0.130, 43
train,    1910, 75.657972,    4, 1.00,    4, 0.000, 0.000, 0.130, 43
update,   1910,  191, 102741, 116.221869, 0.000000
train,    1911, 64.793640,   42, 1.00,   10, 0.000, 0.000, 0.130, 43
train,    1912, 270.000000,   59, 0.00,   13, 0.000, 0.000, 0.130, 43
train,    1913, -8.362269,   40, 1.00,    8, 0.000, 0.000, 0.130, 43
train,    1914, 174.133802,   45, 0.00,   10, 0.000, 0.000, 0.130, 43
train,    1915, 74.237488,    4, 1.00,    5, 0.000, 0.000, 0.130, 43
train,    1916, 180.000000,   63, 1.00,   13, 0.000, 0.000, 0.130, 43
train,    1917, 190.016239,   45, 0.00,   17, 0.000, 0.000, 0.130, 43
train,    1918, 196.839010,   45, 0.00,   14, 0.000, 0.000, 0.130, 43
train,    1919, 91.273199,   62, 1.00,   12, 0.000, 0.000, 0.130, 43
train,    1920, 13.511774,   17, 1.00,    5, 0.000, 0.000, 0.130, 44
update,   1920,  192, 103163, -5.000000, 0.000000
train,    1921, 213.196906,   77, 0.00,   16, 0.000, 0.000, 0.130, 44
train,    1922, 254.169707,   92, 0.00,   12, 0.000, 0.000, 0.130, 44
train,    1923, 194.576690,   45, 0.00,   12, 0.000, 0.000, 0.130, 44
train,    1924, 27.933381,   71, 1.00,   10, 0.000, 0.000, 0.130, 44
train,    1925, 61.031104,   37, 1.00,   10, 0.000, 0.000, 0.130, 44
train,    1926, -3.382543,   76, 0.00,   10, 0.000, 0.000, 0.130, 44
train,    1927, 167.271653,   45, 0.00,   11, 0.000, 0.000, 0.130, 44
train,    1928, 117.447010,   75, 0.00,   13, 0.000, 0.000, 0.129, 44
train,    1929, 132.114243,   93, 1.00,   11, 0.000, 0.000, 0.129, 44
train,    1930, 151.761756,   45, 0.00,   15, 0.000, 0.000, 0.129, 44
update,   1930,  193, 103819, 184.811708, 0.000000
train,    1931, 230.345029,   45, 0.00,   11, 0.000, 0.000, 0.129, 44
train,    1932, 47.944986,   61, 1.00,   11, 0.000, 0.000, 0.129, 44
train,    1933, 78.521301,   91, 0.00,   13, 0.000, 0.000, 0.129, 44
train,    1934, 42.802171,   47, 1.00,    8, 0.000, 0.000, 0.129, 44
train,    1935, 219.080748,   85, 0.00,   13, 0.000, 0.000, 0.129, 44
train,    1936, 270.000000,   83, 0.00,    9, 0.000, 0.000, 0.129, 44
train,    1937, 252.399633,   80, 0.00,    8, 0.000, 0.000, 0.129, 44
train,    1938, 70.803345,   48, 0.00,    8, 0.000, 0.000, 0.129, 44
train,    1939, 47.215420,   31, 1.00,    9, 0.000, 0.000, 0.129, 44
train,    1940, 261.696881,   89, 0.00,   14, 0.000, 0.000, 0.129, 44
update,   1940,  194, 104479, 240.000000, 0.000000
train,    1941, 186.363265,   98, 0.00,   17, 0.000, 0.000, 0.129, 44
train,    1942, 123.377446,   78, 1.00,   16, 0.000, 0.000, 0.129, 44
train,    1943, 176.439275,  107, 0.00,   16, 0.000, 0.000, 0.129, 44
train,    1944, 270.000000,  104, 0.00,   15, 0.000, 0.000, 0.129, 44
train,    1945, 187.604500,  103, 0.00,   11, 0.000, 0.000, 0.129, 44
train,    1946, 159.574256,  109, 0.00,   13, 0.000, 0.000, 0.129, 44
train,    1947, 175.737216,  105, 0.00,   13, 0.000, 0.000, 0.128, 44
train,    1948, 53.366830,   20, 1.00,    8, 0.000, 0.000, 0.128, 44
train,    1949, 169.230160,   29, 1.00,   16, 0.000, 0.000, 0.128, 44
train,    1950, 112.906341,   80, 1.00,   11, 0.000, 0.000, 0.128, 44
update,   1950,  195, 105312, 110.007027, 0.000000
train,    1951, 169.398928,  119, 0.00,   11, 0.000, 0.000, 0.128, 44
train,    1952, 254.992025,   51, 0.00,   13, 0.000, 0.000, 0.128, 44
train,    1953, 154.930394,   97, 1.00,   11, 0.000, 0.000, 0.128, 44
train,    1954, 236.245643,  110, 0.00,   12, 0.000, 0.000, 0.128, 44
train,    1955, 13.010332,   36, 1.00,   13, 0.000, 0.000, 0.128, 44
train,    1956, 34.940809,    4, 1.00,   11, 0.000, 0.000, 0.128, 44
train,    1957, 105.124017,   61, 0.00,   10, 0.000, 0.000, 0.128, 44
train,    1958, 93.698094,   21, 1.00,   10, 0.000, 0.000, 0.128, 44
train,    1959, 162.783524,   88, 0.00,   13, 0.000, 0.000, 0.128, 44
train,    1960, 270.000000,   69, 0.00,   12, 0.000, 0.000, 0.128, 44
update,   1960,  196, 105968, 240.000000, 0.000000
train,    1961, 196.248225,   53, 0.00,   11, 0.000, 0.000, 0.128, 44
train,    1962, 21.828159,   47, 1.00,    8, 0.000, 0.000, 0.128, 44
train,    1963, 110.064392,   55, 1.00,    6, 0.000, 0.000, 0.128, 44
train,    1964, 112.920234,   72, 0.00,    9, 0.000, 0.000, 0.128, 44
train,    1965, 143.374159,   95, 0.00,   15, 0.000, 0.000, 0.128, 44
train,    1966, 84.029632,   74, 0.00,   11, 0.000, 0.000, 0.128, 44
train,    1967, 165.912041,   70, 1.00,   12, 0.000, 0.000, 0.127, 44
train,    1968, 77.010862,   56, 1.00,   11, 0.000, 0.000, 0.127, 44
train,    1969, 225.446510,   97, 0.00,   11, 0.000, 0.000, 0.127, 44
train,    1970, 11.289663,    4, 1.00,    6, 0.000, 0.000, 0.127, 44
update,   1970,  197, 106591, 37.973843, 0.000000
train,    1971, 270.000000,  120, 0.00,   13, 0.000, 0.000, 0.127, 44
train,    1972, 227.252579,  110, 0.00,   16, 0.000, 0.000, 0.127, 44
train,    1973, 113.028480,   34, 1.00,    8, 0.000, 0.000, 0.127, 44
train,    1974, 165.856398,   86, 0.00,   12, 0.000, 0.000, 0.127, 44
train,    1975, 209.647298,   87, 0.00,   12, 0.000, 0.000, 0.127, 44
train,    1976, 106.988945,  120, 0.00,   12, 0.000, 0.000, 0.127, 44
train,    1977, 147.225669,   58, 0.00,    9, 0.000, 0.000, 0.127, 44
train,    1978, 44.995226,   73, 1.00,    6, 0.000, 0.000, 0.127, 44
train,    1979, 233.439302,   85, 0.00,   11, 0.000, 0.000, 0.127, 44
train,    1980, 143.866877,   69, 1.00,   15, 0.000, 0.000, 0.127, 44
update,   1980,  198, 107433, 171.988116, 0.000000
train,    1981, 172.906131,   59, 0.00,   12, 0.000, 0.000, 0.127, 44
train,    1982, 136.908442,   78, 0.00,   11, 0.000, 0.000, 0.127, 44
train,    1983, 168.559307,   44, 1.00,   13, 0.000, 0.000, 0.127, 44
train,    1984, 213.858717,   85, 0.00,    8, 0.000, 0.000, 0.127, 44
train,    1985, 106.327174,   45, 0.00,   11, 0.000, 0.000, 0.127, 44
train,    1986, 148.410763,   97, 0.00,    9, 0.000, 0.000, 0.126, 44
train,    1987, 171.502647,   57, 1.00,    8, 0.000, 0.000, 0.126, 44
train,    1988, 171.238468,   49, 0.00,   11, 0.000, 0.000, 0.126, 44
train,    1989, 158.120486,   80, 0.00,   17, 0.000, 0.000, 0.126, 44
train,    1990, -8.736586,   95, 1.00,    8, 0.000, 0.000, 0.126, 44
update,   1990,  199, 108122, -5.000000, 0.000000
train,    1991, 109.201173,   45, 1.00,    8, 0.000, 0.000, 0.126, 44
train,    1992, 270.000000,  101, 0.00,   11, 0.000, 0.000, 0.126, 44
train,    1993, 269.931347,   63, 0.00,   16, 0.000, 0.000, 0.126, 44
train,    1994, 94.422605,  120, 0.00,   13, 0.000, 0.000, 0.126, 44
train,    1995, 44.137548,   68, 1.00,    9, 0.000, 0.000, 0.126, 44
train,    1996, 139.419225,   69, 0.00,   16, 0.000, 0.000, 0.126, 44
train,    1997, 155.411106,   46, 0.00,   12, 0.000, 0.000, 0.126, 44
train,    1998, 259.016504,   71, 0.00,   15, 0.000, 0.000, 0.126, 44
train,    1999, 160.053778,   68, 1.00,   12, 0.000, 0.000, 0.126, 44
train,    2000, 270.000000,  106, 0.00,   12, 0.000, 0.000, 0.126, 44
update,   2000,  200, 108879, 240.000000, 0.000000
val_t, 2000, 108879, 100.846468, 0.3718,  46.8820,   0.1826, 0.4761,  24.3540, progress 0.6191
train,    2001, 167.690674,  106, 0.00,   15, 0.000, 0.000, 0.126, 44
train,    2002, 180.000000,   66, 1.00,   15, 0.000, 0.000, 0.126, 44
train,    2003, 180.000000,   98, 1.00,   10, 0.000, 0.000, 0.126, 44
train,    2004, 258.638596,  120, 0.00,   13, 0.000, 0.000, 0.126, 44
train,    2005, 107.299933,   92, 1.00,    9, 0.000, 0.000, 0.126, 44
train,    2006, 67.443244,   22, 1.00,   11, 0.000, 0.000, 0.125, 44
train,    2007, 60.979079,   42, 1.00,   12, 0.000, 0.000, 0.125, 44
train,    2008, 270.000000,   77, 0.00,   13, 0.000, 0.000, 0.125, 44
train,    2009, 261.413457,   86, 0.00,   12, 0.000, 0.000, 0.125, 44
train,    2010, 133.200716,   41, 1.00,    3, 0.000, 0.000, 0.125, 44
update,   2010,  201, 109629, 132.662839, 0.000000
train,    2011, 104.875710,   37, 1.00,    8, 0.000, 0.000, 0.125, 44
train,    2012, 121.447391,   64, 1.00,   11, 0.000, 0.000, 0.125, 44
train,    2013, -25.000000,   75, 1.00,    8, 0.000, 0.000, 0.125, 44
train,    2014, 36.969117,   18, 1.00,    9, 0.000, 0.000, 0.125, 44
train,    2015, 136.801349,  117, 0.00,   13, 0.000, 0.000, 0.125, 44
train,    2016, -25.000000,    4, 1.00,    7, 0.000, 0.000, 0.125, 44
train,    2017, 212.910410,  108, 0.00,    8, 0.000, 0.000, 0.125, 44
train,    2018, 103.746777,   19, 1.00,   11, 0.000, 0.000, 0.125, 44
train,    2019, -25.000000,    4, 1.00,    5, 0.000, 0.000, 0.125, 44
train,    2020, 80.833297,   39, 1.00,   12, 0.000, 0.000, 0.125, 44
update,   2020,  202, 110114, 61.840320, 0.000000
train,    2021, 149.253059,  102, 0.00,   16, 0.000, 0.000, 0.125, 44
train,    2022, 180.398503,   84, 0.00,   11, 0.000, 0.000, 0.125, 44
train,    2023, -25.000000,   13, 1.00,    9, 0.000, 0.000, 0.125, 44
train,    2024, 43.924103,   28, 1.00,   13, 0.000, 0.000, 0.125, 44
train,    2025, 18.648839,   38, 1.00,    5, 0.000, 0.000, 0.125, 44
train,    2026, -25.000000,    4, 1.00,    7, 0.000, 0.000, 0.124, 44
train,    2027, 146.381460,  102, 0.00,   13, 0.000, 0.000, 0.124, 44
train,    2028, 135.706944,   74, 0.00,    7, 0.000, 0.000, 0.124, 44
train,    2029, 180.000000,   56, 1.00,    8, 0.000, 0.000, 0.124, 44
train,    2030, 163.910019,   90, 0.00,   18, 0.000, 0.000, 0.124, 44
update,   2030,  203, 110705, 141.393033, 0.000000
train,    2031, 243.218501,   45, 0.00,    9, 0.000, 0.000, 0.124, 44
train,    2032, 180.000000,   43, 1.00,   11, 0.000, 0.000, 0.124, 44
train,    2033, 88.454828,   31, 1.00,    9, 0.000, 0.000, 0.124, 44
train,    2034, 114.236128,    4, 1.00,    7, 0.000, 0.000, 0.124, 44
train,    2035, -2.690022,   26, 1.00,   11, 0.000, 0.000, 0.124, 44
train,    2036, 256.054547,  120, 0.00,   11, 0.000, 0.000, 0.124, 44
train,    2037, 159.086132,  120, 0.00,   15, 0.000, 0.000, 0.124, 44
train,    2038, 0.547621,   14, 1.00,    8, 0.000, 0.000, 0.124, 44
train,    2039, 11.002566,   27, 1.00,    8, 0.000, 0.000, 0.124, 44
train,    2040, 105.045226,   87, 0.00,    7, 0.000, 0.000, 0.124, 44
update,   2040,  204, 111222, 94.949539, 0.000000
train,    2041, 153.097968,   37, 1.00,   10, 0.000, 0.000, 0.124, 44
train,    2042, 134.091305,  120, 0.00,   14, 0.000, 0.000, 0.124, 44
train,    2043, 191.127382,  105, 0.00,   12, 0.000, 0.000, 0.124, 44
train,    2044, 26.961098,   69, 1.00,   12, 0.000, 0.000, 0.124, 44
train,    2045, 231.980395,  120, 0.00,   12, 0.000, 0.000, 0.124, 44
train,    2046, 80.392975,  120, 0.00,    7, 0.000, 0.000, 0.123, 44
train,    2047, -11.759317,   76, 1.00,   16, 0.000, 0.000, 0.123, 44
train,    2048, 65.807333,   74, 1.00,    8, 0.000, 0.000, 0.123, 44
train,    2049, 270.000000,  115, 0.00,   12, 0.000, 0.000, 0.123, 44
train,    2050, 184.794975,  112, 0.00,   10, 0.000, 0.000, 0.123, 44
update,   2050,  205, 112170, 181.718792, 0.000000
train,    2051, 230.644802,  120, 0.00,   14, 0.000, 0.000, 0.123, 44
train,    2052, 61.486050,  111, 0.00,    9, 0.000, 0.000, 0.123, 44
train,    2053, 231.448778,  112, 0.00,   16, 0.000, 0.000, 0.123, 44
train,    2054, 55.425988,   56, 1.00,   12, 0.000, 0.000, 0.123, 44
train,    2055, 107.110964,  100, 0.00,   12, 0.000, 0.000, 0.123, 44
train,    2056, 270.000000,  120, 0.00,   12, 0.000, 0.000, 0.123, 44
train,    2057, 233.596157,  120, 0.00,   12, 0.000, 0.000, 0.123, 44
train,    2058, 178.892648,  120, 0.00,   13, 0.000, 0.000, 0.123, 44
train,    2059, 60.672290,    9, 1.00,    8, 0.000, 0.000, 0.123, 44
train,    2060, 194.094961,  120, 0.00,   13, 0.000, 0.000, 0.123, 44
update,   2060,  206, 113158, 237.243892, 0.000000
train,    2061, 86.636121,   26, 1.00,   11, 0.000, 0.000, 0.123, 44
train,    2062, 56.379753,  100, 1.00,    7, 0.000, 0.000, 0.123, 44
train,    2063, 183.096900,   69, 0.00,   13, 0.000, 0.000, 0.123, 44
train,    2064, 125.774629,  120, 0.00,   14, 0.000, 0.000, 0.123, 44
train,    2065, 83.040862,   80, 0.00,   11, 0.000, 0.000, 0.123, 44
train,    2066, 6.034293,   43, 1.00,    9, 0.000, 0.000, 0.123, 44
train,    2067, -6.321359,   67, 1.00,   11, 0.000, 0.000, 0.122, 44
train,    2068, 211.778865,   84, 0.00,   13, 0.000, 0.000, 0.122, 44
train,    2069, 159.303978,  103, 0.00,   13, 0.000, 0.000, 0.122, 44
train,    2070, 13.350585,   15, 1.00,    9, 0.000, 0.000, 0.122, 44
update,   2070,  207, 113865, -5.000000, 0.000000
train,    2071, 129.220341,   47, 1.00,   10, 0.000, 0.000, 0.122, 44
train,    2072, -25.000000,   46, 1.00,   12, 0.000, 0.000, 0.122, 44
train,    2073, -25.000000,    6, 1.00,    5, 0.000, 0.000, 0.122, 44
train,    2074, 212.156354,   94, 0.00,   15, 0.000, 0.000, 0.122, 44
train,    2075, 61.776753,   69, 1.00,   15, 0.000, 0.000, 0.122, 44
train,    2076, 67.196646,   35, 1.00,    9, 0.000, 0.000, 0.122, 44
train,    2077, 185.845846,   96, 0.00,   13, 0.000, 0.000, 0.122, 44
train,    2078, 169.290717,  120, 0.00,   13, 0.000, 0.000, 0.122, 44
train,    2079, 230.425241,  119, 0.00,   15, 0.000, 0.000, 0.122, 44
train,    2080, 229.289004,  120, 0.00,   13, 0.000, 0.000, 0.122, 45
update,   2080,  208, 114617, 213.352098, 0.000000
train,    2081, 247.369401,  120, 0.00,   13, 0.000, 0.000, 0.122, 45
train,    2082, 226.922049,   64, 0.00,   11, 0.000, 0.000, 0.122, 45
train,    2083, 175.926574,  120, 0.00,   10, 0.000, 0.000, 0.122, 45
train,    2084, 226.549224,   81, 0.00,   14, 0.000, 0.000, 0.122, 45
train,    2085, 88.797342,   50, 1.00,   10, 0.000, 0.000, 0.122, 45
train,    2086, 151.723722,  120, 0.00,    9, 0.000, 0.000, 0.122, 45
train,    2087, 156.065788,   45, 0.00,   16, 0.000, 0.000, 0.121, 45
train,    2088, 88.452658,   47, 1.00,   11, 0.000, 0.000, 0.121, 45
train,    2089, 175.541515,   81, 0.00,   13, 0.000, 0.000, 0.121, 45
train,    2090, 254.819070,   88, 0.00,   17, 0.000, 0.000, 0.121, 45
update,   2090,  209, 115433, 240.000000, 0.000000
train,    2091, 55.054085,   70, 1.00,   14, 0.000, 0.000, 0.121, 45
train,    2092, 53.698926,   42, 1.00,    9, 0.000, 0.000, 0.121, 45
train,    2093, 267.410177,   79, 0.00,   11, 0.000, 0.000, 0.121, 45
train,    2094, 162.750830,  105, 1.00,   11, 0.000, 0.000, 0.121, 45
train,    2095, 216.478036,   45, 0.00,   13, 0.000, 0.000, 0.121, 45
train,    2096, 235.387404,   97, 0.00,   12, 0.000, 0.000, 0.121, 45
train,    2097, 242.994559,   68, 0.00,   15, 0.000, 0.000, 0.121, 45
train,    2098, 101.804140,   55, 0.00,   13, 0.000, 0.000, 0.121, 45
train,    2099, 218.101046,   87, 0.00,   14, 0.000, 0.000, 0.121, 45
train,    2100, 129.294311,   65, 1.00,    8, 0.000, 0.000, 0.121, 45
update,   2100,  210, 116146, 154.618126, 0.000000
val_t, 2100, 116146, 64.898613, 0.3236,  41.2379,   0.2164, 0.4638,  26.2136, progress 0.5674
train,    2101, 259.444507,  120, 0.00,   16, 0.000, 0.000, 0.121, 45
train,    2102, 104.029022,   70, 0.00,   14, 0.000, 0.000, 0.121, 45
train,    2103, 180.000000,   82, 1.00,   14, 0.000, 0.000, 0.121, 45
train,    2104, 173.578112,   96, 0.00,   14, 0.000, 0.000, 0.121, 45
train,    2105, 30.422517,   35, 1.00,    5, 0.000, 0.000, 0.121, 45
train,    2106, 130.861372,   78, 0.00,   12, 0.000, 0.000, 0.121, 45
train,    2107, 8.320448,   40, 1.00,   12, 0.000, 0.000, 0.121, 45
train,    2108, 175.493759,   99, 1.00,   13, 0.000, 0.000, 0.120, 45
train,    2109, -25.000000,    4, 1.00,   10, 0.000, 0.000, 0.120, 45
train,    2110, 180.000000,   69, 1.00,   12, 0.000, 0.000, 0.120, 45
update,   2110,  211, 116839, 144.543263, 0.000000
train,    2111, 58.090597,   67, 1.00,   12, 0.000, 0.000, 0.120, 45
train,    2112, 198.375119,   67, 0.00,   12, 0.000, 0.000, 0.120, 45
train,    2113, 67.106225,   72, 1.00,    9, 0.000, 0.000, 0.120, 45
train,    2114, 187.169804,   85, 0.00,   11, 0.000, 0.000, 0.120, 45
train,    2115, 38.105253,   45, 1.00,    8, 0.000, 0.000, 0.120, 45
train,    2116, 243.071288,   45, 0.00,   10, 0.000, 0.000, 0.120, 45
train,    2117, 232.045964,   79, 0.00,   17, 0.000, 0.000, 0.120, 45
train,    2118, 76.784302,  100, 1.00,   13, 0.000, 0.000, 0.120, 45
train,    2119, 141.976036,   97, 0.00,   12, 0.000, 0.000, 0.120, 45
train,    2120, 221.536822,   66, 0.00,   12, 0.000, 0.000, 0.120, 45
update,   2120,  212, 117562, 240.000000, 0.000000
train,    2121, 85.260904,  100, 0.00,   13, 0.000, 0.000, 0.120, 45
train,    2122, 150.495570,   45, 0.00,   16, 0.000, 0.000, 0.120, 45
train,    2123, 23.319965,  105, 1.00,   13, 0.000, 0.000, 0.120, 45
train,    2124, 76.289402,   77, 1.00,   16, 0.000, 0.000, 0.120, 45
train,    2125, -21.149927,   33, 1.00,    2, 0.000, 0.000, 0.120, 45
train,    2126, 247.492202,  120, 0.00,   10, 0.000, 0.000, 0.120, 45
train,    2127, 180.000000,   99, 1.00,   11, 0.000, 0.000, 0.120, 45
train,    2128, 102.601593,   65, 1.00,   10, 0.000, 0.000, 0.120, 45
train,    2129, 71.831587,   86, 1.00,    9, 0.000, 0.000, 0.119, 45
train,    2130, 98.761859,   61, 0.00,   10, 0.000, 0.000, 0.119, 45
update,   2130,  213, 118353, 140.683669, 0.000000
train,    2131, 18.025814,   19, 1.00,   10, 0.000, 0.000, 0.119, 45
train,    2132, 102.796673,   16, 1.00,   10, 0.000, 0.000, 0.119, 45
train,    2133, 249.064745,   45, 0.00,   13, 0.000, 0.000, 0.119, 45
train,    2134, 209.722697,   89, 0.00,   14, 0.000, 0.000, 0.119, 45
train,    2135, 213.708130,   87, 0.00,   13, 0.000, 0.000, 0.119, 45
train,    2136, 153.325494,   75, 0.00,   10, 0.000, 0.000, 0.119, 45
train,    2137, 270.000000,  120, 0.00,   13, 0.000, 0.000, 0.119, 45
train,    2138, 270.000000,   73, 0.00,   12, 0.000, 0.000, 0.119, 45
train,    2139, 266.398709,   92, 0.00,   13, 0.000, 0.000, 0.119, 45
train,    2140, 214.892427,  113, 0.00,   10, 0.000, 0.000, 0.119, 45
update,   2140,  214, 119082, 195.645369, 0.000000
train,    2141, 74.987481,   18, 1.00,    9, 0.000, 0.000, 0.119, 45
train,    2142, 180.000000,   45, 1.00,   12, 0.000, 0.000, 0.119, 45
train,    2143, 270.000000,   45, 0.00,   14, 0.000, 0.000, 0.119, 45
train,    2144, 127.026641,   74, 1.00,    8, 0.000, 0.000, 0.119, 45
train,    2145, 35.258630,    6, 1.00,    5, 0.000, 0.000, 0.119, 45
train,    2146, -9.563626,    4, 1.00,    6, 0.000, 0.000, 0.119, 45
train,    2147, -10.887268,   24, 1.00,    9, 0.000, 0.000, 0.119, 45
train,    2148, 137.451527,   30, 1.00,   10, 0.000, 0.000, 0.119, 45
train,    2149, 105.785404,   72, 1.00,   13, 0.000, 0.000, 0.119, 45
train,    2150, 59.040288,  100, 0.00,   15, 0.000, 0.000, 0.118, 45
update,   2150,  215, 119500, 70.280771, 0.000000
train,    2151, 45.911861,   16, 1.00,    9, 0.000, 0.000, 0.118, 45
train,    2152, -19.407740,   59, 1.00,    6, 0.000, 0.000, 0.118, 45
train,    2153, 177.856424,  120, 0.00,   13, 0.000, 0.000, 0.118, 45
train,    2154, 49.136560,   49, 1.00,   11, 0.000, 0.000, 0.118, 45
train,    2155, 178.025148,   62, 0.00,   11, 0.000, 0.000, 0.118, 45
train,    2156, 270.000000,  106, 0.00,   10, 0.000, 0.000, 0.118, 45
train,    2157, 214.420195,   45, 0.00,   12, 0.000, 0.000, 0.118, 45
train,    2158, 257.961279,   73, 0.00,   12, 0.000, 0.000, 0.118, 45
train,    2159, 172.840575,   77, 0.00,   16, 0.000, 0.000, 0.118, 45
train,    2160, 179.176694,   85, 0.00,   18, 0.000, 0.000, 0.118, 45
update,   2160,  216, 120192, 195.663210, 0.000000
train,    2161, 221.123049,   59, 0.00,   13, 0.000, 0.000, 0.118, 45
train,    2162, 141.026901,   62, 1.00,   13, 0.000, 0.000, 0.118, 45
train,    2163, 214.879375,  103, 0.00,   11, 0.000, 0.000, 0.118, 45
train,    2164, 222.584383,  111, 0.00,   13, 0.000, 0.000, 0.118, 45
train,    2165, 168.324229,   85, 0.00,   11, 0.000, 0.000, 0.118, 45
train,    2166, 270.000000,   88, 0.00,   13, 0.000, 0.000, 0.118, 45
train,    2167, 111.717416,   73, 0.00,   15, 0.000, 0.000, 0.118, 45
train,    2168, 65.542483,   61, 1.00,   13, 0.000, 0.000, 0.118, 45
train,    2169, 152.122507,  113, 0.00,    9, 0.000, 0.000, 0.118, 45
train,    2170, 263.336290,   82, 0.00,   11, 0.000, 0.000, 0.118, 45
update,   2170,  217, 121029, 240.000000, 0.000000
train,    2171, 122.906548,   45, 0.00,   11, 0.000, 0.000, 0.117, 45
train,    2172, -10.961907,    7, 1.00,    4, 0.000, 0.000, 0.117, 45
train,    2173, 34.342930,   52, 1.00,   11, 0.000, 0.000, 0.117, 45
train,    2174, 270.000000,   45, 0.00,   12, 0.000, 0.000, 0.117, 45
train,    2175, 136.104024,   45, 1.00,   13, 0.000, 0.000, 0.117, 45
train,    2176, 244.507128,   72, 0.00,   14, 0.000, 0.000, 0.117, 45
train,    2177, 146.064117,   54, 1.00,    9, 0.000, 0.000, 0.117, 45
train,    2178, 30.512031,   63, 1.00,   13, 0.000, 0.000, 0.117, 45
train,    2179, 270.000000,  106, 0.00,   13, 0.000, 0.000, 0.117, 45
train,    2180, 26.830759,   36, 1.00,    4, 0.000, 0.000, 0.117, 45
update,   2180,  218, 121554, 1.006878, 0.000000
train,    2181, 196.697728,   73, 0.00,   10, 0.000, 0.000, 0.117, 45
train,    2182, -25.000000,   24, 1.00,    8, 0.000, 0.000, 0.117, 45
train,    2183, 253.893626,   59, 0.00,   11, 0.000, 0.000, 0.117, 45
train,    2184, 192.272757,   61, 0.00,    9, 0.000, 0.000, 0.117, 45
train,    2185, 166.104689,   77, 1.00,   11, 0.000, 0.000, 0.117, 45
train,    2186, 128.345217,   52, 1.00,    9, 0.000, 0.000, 0.117, 45
train,    2187, 138.384231,   69, 0.00,   12, 0.000, 0.000, 0.117, 45
train,    2188, 164.287363,   67, 0.00,   11, 0.000, 0.000, 0.117, 45
train,    2189, 257.979488,  103, 0.00,   12, 0.000, 0.000, 0.117, 45
train,    2190, -14.285531,   50, 1.00,   10, 0.000, 0.000, 0.117, 45
update,   2190,  219, 122189, -4.264728, 0.000000
train,    2191, 106.201000,   53, 1.00,   13, 0.000, 0.000, 0.117, 45
train,    2192, 129.216852,   45, 0.00,   13, 0.000, 0.000, 0.116, 45
train,    2193, -4.568911,   44, 1.00,    9, 0.000, 0.000, 0.116, 45
train,    2194, 22.833756,   14, 1.00,    9, 0.000, 0.000, 0.116, 45
train,    2195, 165.940900,   89, 0.00,   11, 0.000, 0.000, 0.116, 45
train,    2196, 54.236106,   11, 1.00,   11, 0.000, 0.000, 0.116, 45
train,    2197, 213.259191,   49, 0.00,   16, 0.000, 0.000, 0.116, 45
train,    2198, 95.150928,   52, 1.00,   10, 0.000, 0.000, 0.116, 45
train,    2199, 95.583320,  108, 0.00,   15, 0.000, 0.000, 0.116, 45
train,    2200, 33.020582,   45, 1.00,   10, 0.000, 0.000, 0.116, 45
update,   2200,  220, 122699, 11.297734, 0.000000
val_t, 2200, 122699, 102.608023, 0.2842,  60.1526,   0.1485, 0.5597,  24.7589, progress 0.6625
train,    2201, 141.145546,   45, 0.00,   11, 0.000, 0.000, 0.116, 45
train,    2202, 231.229119,  104, 0.00,   12, 0.000, 0.000, 0.116, 45
train,    2203, 177.231722,   77, 0.00,   19, 0.000, 0.000, 0.116, 45
train,    2204, 260.015372,   90, 0.00,   13, 0.000, 0.000, 0.116, 45
train,    2205, 88.150831,   75, 1.00,   10, 0.000, 0.000, 0.116, 45
train,    2206, -9.142561,   46, 1.00,    7, 0.000, 0.000, 0.116, 45
train,    2207, 190.700221,  113, 0.00,   15, 0.000, 0.000, 0.116, 45
train,    2208, 92.933023,   19, 1.00,    8, 0.000, 0.000, 0.116, 45
train,    2209, 200.538157,   45, 0.00,   16, 0.000, 0.000, 0.116, 45
train,    2210, 258.908553,   70, 0.00,   11, 0.000, 0.000, 0.116, 45
update,   2210,  221, 123383, 240.000000, 0.000000
train,    2211, -8.615589,    4, 1.00,   10, 0.000, 0.000, 0.116, 45
train,    2212, 224.301339,  106, 0.00,   16, 0.000, 0.000, 0.116, 45
train,    2213, 179.019012,   92, 1.00,   12, 0.000, 0.000, 0.116, 45
train,    2214, 19.607443,    4, 1.00,    6, 0.000, 0.000, 0.115, 45
train,    2215, 253.862378,   95, 0.00,   13, 0.000, 0.000, 0.115, 45
train,    2216, 270.000000,  120, 0.00,   12, 0.000, 0.000, 0.115, 45
train,    2217, -25.000000,    4, 1.00,    8, 0.000, 0.000, 0.115, 45
train,    2218, -17.846010,    5, 1.00,    8, 0.000, 0.000, 0.115, 45
train,    2219, 128.928938,   53, 0.00,   12, 0.000, 0.000, 0.115, 45
train,    2220, 99.596487,   52, 1.00,    9, 0.000, 0.000, 0.115, 45
update,   2220,  222, 123918, 125.059760, 0.000000
train,    2221, 35.785657,   22, 1.00,    9, 0.000, 0.000, 0.115, 45
train,    2222, -25.000000,   24, 1.00,    6, 0.000, 0.000, 0.115, 45
train,    2223, 139.532184,   45, 0.00,   11, 0.000, 0.000, 0.115, 45
train,    2224, -11.219960,   31, 1.00,    8, 0.000, 0.000, 0.115, 45
train,    2225, 174.298285,  105, 1.00,   13, 0.000, 0.000, 0.115, 45
train,    2226, 72.092184,   34, 1.00,    8, 0.000, 0.000, 0.115, 45
train,    2227, 270.000000,  102, 0.00,    7, 0.000, 0.000, 0.115, 45
train,    2228, 151.849627,   93, 0.00,   11, 0.000, 0.000, 0.115, 45
train,    2229, 137.583715,   63, 1.00,   10, 0.000, 0.000, 0.115, 45
train,    2230, 100.803829,   44, 1.00,   13, 0.000, 0.000, 0.115, 45
update,   2230,  223, 124481, 128.566938, 0.000000
train,    2231, 213.807144,   90, 0.00,   18, 0.000, 0.000, 0.115, 45
train,    2232, 270.000000,   84, 0.00,    9, 0.000, 0.000, 0.115, 45
train,    2233, 117.947606,   65, 1.00,   15, 0.000, 0.000, 0.115, 45
train,    2234, -25.000000,   30, 1.00,    7, 0.000, 0.000, 0.115, 45
train,    2235, 142.684329,    4, 1.00,    8, 0.000, 0.000, 0.115, 45
train,    2236, 263.875926,   69, 0.00,   12, 0.000, 0.000, 0.114, 45
train,    2237, -25.000000,   17, 1.00,    8, 0.000, 0.000, 0.114, 45
train,    2238, 234.094927,   63, 0.00,   13, 0.000, 0.000, 0.114, 45
train,    2239, 208.319092,   45, 0.00,   13, 0.000, 0.000, 0.114, 45
train,    2240, 270.000000,   76, 0.00,   14, 0.000, 0.000, 0.114, 46
update,   2240,  224, 125024, 236.304613, 0.000000
train,    2241, 44.559658,   70, 1.00,   10, 0.000, 0.000, 0.114, 46
train,    2242, 257.164056,  100, 0.00,   13, 0.000, 0.000, 0.114, 46
train,    2243, -25.000000,   31, 1.00,   13, 0.000, 0.000, 0.114, 46
train,    2244, 109.877798,   77, 0.00,   12, 0.000, 0.000, 0.114, 46
train,    2245, 8.319527,   31, 1.00,    7, 0.000, 0.000, 0.114, 46
train,    2246, 270.000000,   59, 0.00,   12, 0.000, 0.000, 0.114, 46
train,    2247, 90.181175,   83, 1.00,   12, 0.000, 0.000, 0.114, 46
train,    2248, 270.000000,   84, 0.00,   14, 0.000, 0.000, 0.114, 46
train,    2249, 66.250064,   68, 1.00,    9, 0.000, 0.000, 0.114, 46
train,    2250, 120.183687,   92, 0.00,   14, 0.000, 0.000, 0.114, 46
update,   2250,  225, 125719, 189.629235, 0.000000
train,    2251, 150.591053,  120, 0.00,   12, 0.000, 0.000, 0.114, 46
train,    2252, 176.125918,   47, 0.00,   13, 0.000, 0.000, 0.114, 46
train,    2253, 270.000000,   99, 0.00,   13, 0.000, 0.000, 0.114, 46
train,    2254, 149.266202,   82, 1.00,   11, 0.000, 0.000, 0.114, 46
train,    2255, 144.442536,   97, 0.00,    9, 0.000, 0.000, 0.114, 46
train,    2256, 246.883151,  101, 0.00,   12, 0.000, 0.000, 0.114, 46
train,    2257, -25.000000,   28, 1.00,    7, 0.000, 0.000, 0.114, 46
train,    2258, 180.000000,   86, 1.00,   16, 0.000, 0.000, 0.113, 46
train,    2259, 137.700986,   86, 0.00,   13, 0.000, 0.000, 0.113, 46
train,    2260, 131.378282,   51, 0.00,   18, 0.000, 0.000, 0.113, 46
update,   2260,  226, 126516, 160.965619, 0.000000
train,    2261, 182.264136,   62, 0.00,    9, 0.000, 0.000, 0.113, 46
train,    2262, 270.000000,  103, 0.00,   16, 0.000, 0.000, 0.113, 46
train,    2263, 180.000000,   72, 1.00,   11, 0.000, 0.000, 0.113, 46
train,    2264, 68.827068,   60, 1.00,    6, 0.000, 0.000, 0.113, 46
train,    2265, 252.450560,   81, 0.00,   14, 0.000, 0.000, 0.113, 46
train,    2266, 270.000000,   68, 0.00,    8, 0.000, 0.000, 0.113, 46
train,    2267, 67.847477,   70, 1.00,   13, 0.000, 0.000, 0.113, 46
train,    2268, 168.527668,   75, 0.00,    9, 0.000, 0.000, 0.113, 46
train,    2269, 145.298875,  120, 0.00,   13, 0.000, 0.000, 0.113, 46
train,    2270, 182.444699,  120, 0.00,    9, 0.000, 0.000, 0.113, 46
update,   2270,  227, 127347, 190.545449, 0.000000
train,    2271, 157.694787,  109, 0.00,   11, 0.000, 0.000, 0.113, 46
train,    2272, 112.749658,   46, 1.00,   11, 0.000, 0.000, 0.113, 46
train,    2273, 75.933239,   45, 1.00,    8, 0.000, 0.000, 0.113, 46
train,    2274, -25.000000,   27, 1.00,   11, 0.000, 0.000, 0.113, 46
train,    2275, 141.820738,   87, 1.00,   14, 0.000, 0.000, 0.113, 46
train,    2276, 61.729129,   68, 1.00,   13, 0.000, 0.000, 0.113, 46
train,    2277, 211.686846,   94, 0.00,   15, 0.000, 0.000, 0.113, 46
train,    2278, 133.015941,   49, 1.00,   13, 0.000, 0.000, 0.113, 46
train,    2279, 128.994959,  108, 0.00,   12, 0.000, 0.000, 0.113, 46
train,    2280, 270.000000,   81, 0.00,   14, 0.000, 0.000, 0.112, 46
update,   2280,  228, 128061, 240.000000, 0.000000
train,    2281, 23.302966,   83, 1.00,   10, 0.000, 0.000, 0.112, 46
train,    2282, -25.000000,    4, 1.00,    7, 0.000, 0.000, 0.112, 46
train,    2283, 241.270423,  120, 0.00,   15, 0.000, 0.000, 0.112, 46
train,    2284, 129.957745,   65, 1.00,   12, 0.000, 0.000, 0.112, 46
train,    2285, 270.000000,  120, 0.00,   16, 0.000, 0.000, 0.112, 46
train,    2286, 260.021468,   53, 0.00,   11, 0.000, 0.000, 0.112, 46
train,    2287, 270.000000,   79, 0.00,   16, 0.000, 0.000, 0.112, 46
train,    2288, 247.521369,  120, 0.00,   12, 0.000, 0.000, 0.112, 46
train,    2289, 90.992866,   82, 0.00,   11, 0.000, 0.000, 0.112, 46
train,    2290, 180.000000,   72, 1.00,   12, 0.000, 0.000, 0.112, 46
update,   2290,  229, 128859, 187.727684, 0.000000
train,    2291, 270.000000,  113, 0.00,   14, 0.000, 0.000, 0.112, 46
train,    2292, 150.681706,   82, 0.00,   13, 0.000, 0.000, 0.112, 46
train,    2293, 242.124226,   45, 0.00,   10, 0.000, 0.000, 0.112, 46
train,    2294, 217.992538,   75, 0.00,   15, 0.000, 0.000, 0.112, 46
train,    2295, 191.791719,  120, 0.00,   13, 0.000, 0.000, 0.112, 46
train,    2296, 194.666219,   71, 0.00,   16, 0.000, 0.000, 0.112, 46
train,    2297, 183.734417,   84, 0.00,   15, 0.000, 0.000, 0.112, 46
train,    2298, 180.000000,   73, 1.00,    9, 0.000, 0.000, 0.112, 46
train,    2299, 137.818910,   77, 1.00,    9, 0.000, 0.000, 0.112, 46
train,    2300, 168.394865,   92, 0.00,   12, 0.000, 0.000, 0.112, 46
update,   2300,  230, 129691, 154.452950, 0.000000
val_t, 2300, 129691, 137.019842, 0.3127,  62.5520,   0.1549, 0.5743,  24.6780, progress 0.7101
train,    2301, 18.411217,    9, 1.00,   10, 0.000, 0.000, 0.112, 46
train,    2302, 180.000000,    4, 1.00,    8, 0.000, 0.000, 0.111, 46
train,    2303, 141.962145,   95, 0.00,   14, 0.000, 0.000, 0.111, 46
train,    2304, 101.554482,   49, 1.00,    8, 0.000, 0.000, 0.111, 46
train,    2305, 16.922556,    8, 1.00,    4, 0.000, 0.000, 0.111, 46
train,    2306, 180.127914,  120, 0.00,   13, 0.000, 0.000, 0.111, 46
train,    2307, 203.858149,  100, 0.00,   11, 0.000, 0.000, 0.111, 46
train,    2308, 39.711809,  100, 0.00,   11, 0.000, 0.000, 0.111, 46
train,    2309, 81.544490,    4, 1.00,    6, 0.000, 0.000, 0.111, 46
train,    2310, 84.896327,   60, 1.00,   12, 0.000, 0.000, 0.111, 46
update,   2310,  231, 130240, 122.334470, 0.000000
train,    2311, 236.308828,   68, 0.00,   12, 0.000, 0.000, 0.111, 46
train,    2312, 190.787632,  108, 0.00,   13, 0.000, 0.000, 0.111, 46
train,    2313, 187.642826,  107, 0.00,   15, 0.000, 0.000, 0.111, 46
train,    2314, 123.768634,   61, 1.00,    9, 0.000, 0.000, 0.111, 46
train,    2315, 190.392842,   79, 0.00,   11, 0.000, 0.000, 0.111, 46
train,    2316, 270.000000,   96, 0.00,   13, 0.000, 0.000, 0.111, 46
train,    2317, -25.000000,   10, 1.00,    9, 0.000, 0.000, 0.111, 46
train,    2318, 210.448047,   62, 0.00,   11, 0.000, 0.000, 0.111, 46
train,    2319, -25.000000,   18, 1.00,    7, 0.000, 0.000, 0.111, 46
train,    2320, 31.312787,  120, 0.00,   10, 0.000, 0.000, 0.111, 46
update,   2320,  232, 130969, 62.215388, 0.000000
train,    2321, 256.733758,   70, 0.00,   12, 0.000, 0.000, 0.111, 46
train,    2322, 220.339801,   92, 0.00,   14, 0.000, 0.000, 0.111, 46
train,    2323, 237.564382,   83, 0.00,   13, 0.000, 0.000, 0.111, 46
train,    2324, 145.277900,   59, 0.00,    9, 0.000, 0.000, 0.110, 46
train,    2325, 61.665686,   32, 1.00,   10, 0.000, 0.000, 0.110, 46
train,    2326, 54.970977,   37, 1.00,   15, 0.000, 0.000, 0.110, 46
train,    2327, 227.559589,  117, 0.00,   16, 0.000, 0.000, 0.110, 46
train,    2328, 72.657849,    4, 1.00,    6, 0.000, 0.000, 0.110, 46
train,    2329, 185.725256,  115, 0.00,   12, 0.000, 0.000, 0.110, 46
train,    2330, 64.826939,   30, 1.00,    8, 0.000, 0.000, 0.110, 46
update,   2330,  233, 131608, 78.328576, 0.000000
train,    2331, 223.385656,   82, 0.00,   10, 0.000, 0.000, 0.110, 46
train,    2332, 226.455687,   72, 0.00,   11, 0.000, 0.000, 0.110, 46
train,    2333, 65.279351,    4, 1.00,    7, 0.000, 0.000, 0.110, 46
train,    2334, 115.040041,   50, 0.00,   10, 0.000, 0.000, 0.110, 46
train,    2335, 109.812998,  117, 0.00,   13, 0.000, 0.000, 0.110, 46
train,    2336, 173.302427,   88, 0.00,   12, 0.000, 0.000, 0.110, 46
train,    2337, 270.000000,   79, 0.00,   14, 0.000, 0.000, 0.110, 46
train,    2338, 270.000000,  120, 0.00,   11, 0.000, 0.000, 0.110, 46
train,    2339, 228.059481,   45, 0.00,   11, 0.000, 0.000, 0.110, 46
train,    2340, 192.430611,  120, 0.00,   13, 0.000, 0.000, 0.110, 46
update,   2340,  234, 132385, 205.247321, 0.000000
train,    2341, 210.305787,   71, 0.00,   12, 0.000, 0.000, 0.110, 46
train,    2342, 151.767670,   97, 1.00,    7, 0.000, 0.000, 0.110, 46
train,    2343, -4.809218,   48, 1.00,    6, 0.000, 0.000, 0.110, 46
train,    2344, 144.363746,  120, 0.00,    8, 0.000, 0.000, 0.110, 46
train,    2345, 248.094614,   82, 0.00,   15, 0.000, 0.000, 0.110, 46
train,    2346, 244.871824,   95, 0.00,   17, 0.000, 0.000, 0.110, 46
train,    2347, 89.075383,   48, 1.00,   12, 0.000, 0.000, 0.109, 46
train,    2348, 143.400102,  120, 0.00,    8, 0.000, 0.000, 0.109, 46
train,    2349, 270.000000,   62, 0.00,   10, 0.000, 0.000, 0.109, 46
train,    2350, 184.487192,  120, 0.00,   10, 0.000, 0.000, 0.109, 46
update,   2350,  235, 133248, 136.032091, 0.000000
train,    2351, 102.068423,   37, 1.00,   11, 0.000, 0.000, 0.109, 46
train,    2352, 192.144944,  120, 0.00,   16, 0.000, 0.000, 0.109, 46
train,    2353, 104.786010,   36, 1.00,    5, 0.000, 0.000, 0.109, 46
train,    2354, -16.943906,   27, 1.00,   10, 0.000, 0.000, 0.109, 46
train,    2355, 186.102090,  101, 0.00,   17, 0.000, 0.000, 0.109, 46
train,    2356, 263.900574,  120, 0.00,   12, 0.000, 0.000, 0.109, 46
train,    2357, 29.801607,   13, 1.00,    3, 0.000, 0.000, 0.109, 46
train,    2358, 203.077809,   86, 0.00,   14, 0.000, 0.000, 0.109, 46
train,    2359, 58.360419,   58, 1.00,   10, 0.000, 0.000, 0.109, 46
train,    2360, 159.101749,  120, 0.00,    9, 0.000, 0.000, 0.109, 46
update,   2360,  236, 133966, 177.327093, 0.000000
train,    2361, 222.207305,  120, 0.00,   16, 0.000, 0.000, 0.109, 46
train,    2362, 161.802013,   74, 1.00,   12, 0.000, 0.000, 0.109, 46
train,    2363, 116.020663,   88, 1.00,   11, 0.000, 0.000, 0.109, 46
train,    2364, 81.795506,  105, 1.00,   13, 0.000, 0.000, 0.109, 46
train,    2365, 222.374451,  120, 0.00,   10, 0.000, 0.000, 0.109, 46
train,    2366, 77.563523,   52, 1.00,    8, 0.000, 0.000, 0.109, 46
train,    2367, 142.447835,   66, 1.00,   11, 0.000, 0.000, 0.109, 46
train,    2368, 94.513100,   79, 0.00,    9, 0.000, 0.000, 0.109, 46
train,    2369, 248.115321,  101, 0.00,   10, 0.000, 0.000, 0.109, 46
train,    2370, 167.276013,  105, 1.00,    8, 0.000, 0.000, 0.108, 46
update,   2370,  237, 134876, 240.000000, 0.000000
train,    2371, 242.220194,  120, 0.00,   14, 0.000, 0.000, 0.108, 46
train,    2372, 197.284273,  108, 0.00,   10, 0.000, 0.000, 0.108, 46
train,    2373, 191.407853,  120, 0.00,   13, 0.000, 0.000, 0.108, 46
train,    2374, 270.000000,  117, 0.00,   12, 0.000, 0.000, 0.108, 46
train,    2375, 270.000000,  120, 0.00,   12, 0.000, 0.000, 0.108, 46
train,    2376, 270.000000,   98, 0.00,   17, 0.000, 0.000, 0.108, 46
train,    2377, 71.232901,   53, 1.00,   10, 0.000, 0.000, 0.108, 46
train,    2378, 82.862328,   68, 1.00,    9, 0.000, 0.000, 0.108, 46
train,    2379, 152.278072,   65, 0.00,   15, 0.000, 0.000, 0.108, 46
train,    2380, 216.286495,   96, 0.00,   12, 0.000, 0.000, 0.108, 46
update,   2380,  238, 135841, 235.525219, 0.000000
train,    2381, 101.093022,    9, 1.00,    5, 0.000, 0.000, 0.108, 46
train,    2382, 222.722020,   89, 0.00,   15, 0.000, 0.000, 0.108, 46
train,    2383, 270.000000,  120, 0.00,   14, 0.000, 0.000, 0.108, 46
train,    2384, 167.790562,   52, 0.00,   11, 0.000, 0.000, 0.108, 46
train,    2385, 182.537264,   76, 0.00,   12, 0.000, 0.000, 0.108, 46
train,    2386, 109.114094,   25, 1.00,   14, 0.000, 0.000, 0.108, 46
train,    2387, 13.582865,   77, 1.00,    8, 0.000, 0.000, 0.108, 46
train,    2388, 43.935808,   29, 1.00,    9, 0.000, 0.000, 0.108, 46
train,    2389, 70.923496,    6, 1.00,   10, 0.000, 0.000, 0.108, 46
train,    2390, 227.768872,  112, 0.00,   12, 0.000, 0.000, 0.108, 46
update,   2390,  239, 136436, 216.565383, 0.000000
train,    2391, 198.814980,   98, 0.00,   15, 0.000, 0.000, 0.108, 46
train,    2392, 98.185522,  105, 1.00,   11, 0.000, 0.000, 0.108, 46
train,    2393, 151.219903,  120, 0.00,   10, 0.000, 0.000, 0.107, 46
train,    2394, 213.701122,   98, 0.00,   14, 0.000, 0.000, 0.107, 46
train,    2395, 180.000000,   81, 1.00,   13, 0.000, 0.000, 0.107, 46
train,    2396, 1.728639,   39, 1.00,    7, 0.000, 0.000, 0.107, 46
train,    2397, -5.375062,    4, 1.00,    9, 0.000, 0.000, 0.107, 46
train,    2398, 40.370134,   64, 1.00,    9, 0.000, 0.000, 0.107, 46
train,    2399, 270.000000,   45, 0.00,   12, 0.000, 0.000, 0.107, 46
train,    2400, 270.000000,  120, 0.00,    9, 0.000, 0.000, 0.107, 47
update,   2400,  240, 137210, 240.000000, 0.000000
val_t, 2400, 137210, 136.698116, 0.3510,  54.6815,   0.1766, 0.5789,  25.2980, progress 0.7333
train,    2401, 167.408299,  119, 0.00,   16, 0.000, 0.000, 0.107, 47
train,    2402, 50.124538,   78, 1.00,   11, 0.000, 0.000, 0.107, 47
train,    2403, 236.864461,  120, 0.00,    9, 0.000, 0.000, 0.107, 47
train,    2404, 173.719930,   73, 0.00,    9, 0.000, 0.000, 0.107, 47
train,    2405, -20.361451,   42, 1.00,   11, 0.000, 0.000, 0.107, 47
train,    2406, 107.535036,   96, 1.00,   12, 0.000, 0.000, 0.107, 47
train,    2407, 270.000000,   95, 0.00,   10, 0.000, 0.000, 0.107, 47
train,    2408, 236.260161,   92, 0.00,   14, 0.000, 0.000, 0.107, 47
train,    2409, 108.716759,  105, 1.00,   13, 0.000, 0.000, 0.107, 47
train,    2410, 155.704857,   41, 1.00,    6, 0.000, 0.000, 0.107, 47
update,   2410,  241, 138071, 145.608558, 0.000000
train,    2411, 182.085010,  106, 0.00,    9, 0.000, 0.000, 0.107, 47
train,    2412, 114.879747,   45, 0.00,   15, 0.000, 0.000, 0.107, 47
train,    2413, 270.000000,  102, 0.00,   12, 0.000, 0.000, 0.107, 47
train,    2414, 217.316413,   53, 0.00,   10, 0.000, 0.000, 0.107, 47
train,    2415, 211.320561,   71, 0.00,   12, 0.000, 0.000, 0.107, 47
train,    2416, 245.321631,   81, 0.00,   10, 0.000, 0.000, 0.107, 47
train,    2417, 196.481690,   67, 0.00,   15, 0.000, 0.000, 0.106, 47
train,    2418, 231.164998,   45, 0.00,   13, 0.000, 0.000, 0.106, 47
train,    2419, 181.012623,  100, 0.00,   16, 0.000, 0.000, 0.106, 47
train,    2420, 270.000000,   93, 0.00,   12, 0.000, 0.000, 0.106, 47
update,   2420,  242, 138834, 240.000000, 0.000000
train,    2421, 231.718545,   84, 0.00,    9, 0.000, 0.000, 0.106, 47
train,    2422, 118.539367,    8, 1.00,   10, 0.000, 0.000, 0.106, 47
train,    2423, 190.338162,   96, 0.00,   14, 0.000, 0.000, 0.106, 47
train,    2424, 186.620032,   79, 0.00,   14, 0.000, 0.000, 0.106, 47
train,    2425, -0.943030,   10, 1.00,    5, 0.000, 0.000, 0.106, 47
train,    2426, 270.000000,   45, 0.00,   10, 0.000, 0.000, 0.106, 47
train,    2427, 149.181714,   59, 0.00,   12, 0.000, 0.000, 0.106, 47
train,    2428, 151.421095,   45, 0.00,   13, 0.000, 0.000, 0.106, 47
train,    2429, 270.000000,   45, 0.00,   14, 0.000, 0.000, 0.106, 47
train,    2430, 51.622176,   35, 1.00,    6, 0.000, 0.000, 0.106, 47
update,   2430,  243, 139340, 33.083175, 0.000000
train,    2431, 75.154185,   39, 1.00,    7, 0.000, 0.000, 0.106, 47
train,    2432, 55.072528,   60, 1.00,   10, 0.000, 0.000, 0.106, 47
train,    2433, 1.221887,    9, 1.00,    5, 0.000, 0.000, 0.106, 47
train,    2434, 159.482823,   45, 0.00,    9, 0.000, 0.000, 0.106, 47
train,    2435, 203.785159,   65, 0.00,    9, 0.000, 0.000, 0.106, 47
train,    2436, 178.434312,   64, 0.00,    9, 0.000, 0.000, 0.106, 47
train,    2437, 81.755897,   84, 1.00,   11, 0.000, 0.000, 0.106, 47
train,    2438, 256.967016,   45, 0.00,   13, 0.000, 0.000, 0.106, 47
train,    2439, 174.383677,   87, 1.00,   16, 0.000, 0.000, 0.106, 47
train,    2440, 72.492858,   26, 1.00,    9, 0.000, 0.000, 0.105, 47
update,   2440,  244, 139864, 114.574457, 0.000000
train,    2441, 17.459407,    8, 1.00,    2, 0.000, 0.000, 0.105, 47
train,    2442, 117.364021,   71, 0.00,   12, 0.000, 0.000, 0.105, 47
train,    2443, -5.019541,   38, 1.00,   14, 0.000, 0.000, 0.105, 47
train,    2444, 235.786812,   67, 0.00,   14, 0.000, 0.000, 0.105, 47
train,    2445, 175.420700,   68, 0.00,   12, 0.000, 0.000, 0.105, 47
train,    2446, 159.244959,   47, 0.00,   18, 0.000, 0.000, 0.105, 47
train,    2447, 133.886256,   72, 0.00,    6, 0.000, 0.000, 0.105, 47
train,    2448, 198.468374,   98, 0.00,    8, 0.000, 0.000, 0.105, 47
train,    2449, 190.707784,   45, 0.00,   14, 0.000, 0.000, 0.105, 47
train,    2450, 102.010056,   45, 0.00,   14, 0.000, 0.000, 0.105, 47
update,   2450,  245, 140423, 95.101046, 0.000000
train,    2451, 107.888127,    4, 1.00,    9, 0.000, 0.000, 0.105, 47
train,    2452, 270.000000,   45, 0.00,   12, 0.000, 0.000, 0.105, 47
train,    2453, 179.957426,   62, 1.00,   12, 0.000, 0.000, 0.105, 47
train,    2454, 239.866076,   45, 0.00,   10, 0.000, 0.000, 0.105, 47
train,    2455, 64.201688,   37, 1.00,    9, 0.000, 0.000, 0.105, 47
train,    2456, 270.000000,   66, 0.00,   13, 0.000, 0.000, 0.105, 47
train,    2457, 166.618777,   45, 0.00,    8, 0.000, 0.000, 0.105, 47
train,    2458, 182.910458,   79, 0.00,    9, 0.000, 0.000, 0.105, 47
train,    2459, 232.705256,   45, 0.00,    9, 0.000, 0.000, 0.105, 47
train,    2460, 42.368324,   14, 1.00,    3, 0.000, 0.000, 0.105, 47
update,   2460,  246, 140865, 144.902227, 0.000000
train,    2461, 190.822845,  103, 0.00,   15, 0.000, 0.000, 0.105, 47
train,    2462, -18.590902,    4, 1.00,    9, 0.000, 0.000, 0.105, 47
train,    2463, 232.975887,   60, 0.00,   13, 0.000, 0.000, 0.105, 47
train,    2464, 2.183516,   19, 1.00,   11, 0.000, 0.000, 0.104, 47
train,    2465, 270.000000,  113, 0.00,   13, 0.000, 0.000, 0.104, 47
train,    2466, 270.000000,   93, 0.00,    7, 0.000, 0.000, 0.104, 47
train,    2467, 202.047288,   60, 0.00,   12, 0.000, 0.000, 0.104, 47
train,    2468, 143.224108,  120, 0.00,    8, 0.000, 0.000, 0.104, 47
train,    2469, 25.564980,   48, 1.00,    8, 0.000, 0.000, 0.104, 47
train,    2470, 82.970759,   62, 0.00,   14, 0.000, 0.000, 0.104, 47
update,   2470,  247, 141547, 86.764183, 0.000000
train,    2471, 244.170761,   78, 0.00,   11, 0.000, 0.000, 0.104, 47
train,    2472, 174.274382,   45, 1.00,   10, 0.000, 0.000, 0.104, 47
train,    2473, 62.411213,   39, 1.00,    9, 0.000, 0.000, 0.104, 47
train,    2474, 145.664374,    6, 1.00,    9, 0.000, 0.000, 0.104, 47
train,    2475, 270.000000,   94, 0.00,   16, 0.000, 0.000, 0.104, 47
train,    2476, 91.498983,   13, 1.00,    3, 0.000, 0.000, 0.104, 47
train,    2477, 208.048358,   76, 0.00,   10, 0.000, 0.000, 0.104, 47
train,    2478, 115.606701,   45, 0.00,   14, 0.000, 0.000, 0.104, 47
train,    2479, -3.607232,   48, 1.00,   11, 0.000, 0.000, 0.104, 47
train,    2480, 213.763019,   85, 0.00,   10, 0.000, 0.000, 0.104, 47
update,   2480,  248, 142076, 209.567606, 0.000000
train,    2481, 270.000000,  115, 0.00,   10, 0.000, 0.000, 0.104, 47
train,    2482, 270.000000,  102, 0.00,   14, 0.000, 0.000, 0.104, 47
train,    2483, 181.531392,  100, 0.00,   18, 0.000, 0.000, 0.104, 47
train,    2484, 154.789460,   53, 0.00,   12, 0.000, 0.000, 0.104, 47
train,    2485, -25.000000,   76, 1.00,    6, 0.000, 0.000, 0.104, 47
train,    2486, 163.967536,   97, 0.00,   12, 0.000, 0.000, 0.104, 47
train,    2487, 270.000000,   45, 0.00,   16, 0.000, 0.000, 0.104, 47
train,    2488, 116.606737,   72, 0.00,   11, 0.000, 0.000, 0.103, 47
train,    2489, 87.480906,   73, 1.00,    9, 0.000, 0.000, 0.103, 47
train,    2490, 194.222332,   57, 0.00,   15, 0.000, 0.000, 0.103, 47
update,   2490,  249, 142866, 155.604562, 0.000000
train,    2491, 213.590856,   45, 0.00,   16, 0.000, 0.000, 0.103, 47
train,    2492, 242.729183,  105, 0.00,   14, 0.000, 0.000, 0.103, 47
train,    2493, -25.000000,   28, 1.00,    9, 0.000, 0.000, 0.103, 47
train,    2494, 160.547045,   45, 0.00,   10, 0.000, 0.000, 0.103, 47
train,    2495, 100.246640,   39, 1.00,   12, 0.000, 0.000, 0.103, 47
train,    2496, 66.997606,   51, 1.00,    8, 0.000, 0.000, 0.103, 47
train,    2497, 160.579151,   41, 1.00,   14, 0.000, 0.000, 0.103, 47
train,    2498, 246.421757,   74, 0.00,   16, 0.000, 0.000, 0.103, 47
train,    2499, 203.762327,   45, 0.00,   13, 0.000, 0.000, 0.103, 47
train,    2500, 227.083052,   84, 0.00,   14, 0.000, 0.000, 0.103, 47
update,   2500,  250, 143423, 233.568229, 0.000000
val_t, 2500, 143423, 157.452925, 0.2706,  56.4045,   0.1638, 0.5738,  25.4507, progress 0.6890
train,    2501, 270.000000,   47, 0.00,   15, 0.000, 0.000, 0.103, 47
train,    2502, 242.958299,   84, 0.00,   13, 0.000, 0.000, 0.103, 47
train,    2503, 3.347823,   15, 1.00,    9, 0.000, 0.000, 0.103, 47
train,    2504, 78.172766,   60, 1.00,   13, 0.000, 0.000, 0.103, 47
train,    2505, 37.870237,   29, 1.00,    9, 0.000, 0.000, 0.103, 47
train,    2506, 233.888818,   70, 0.00,   11, 0.000, 0.000, 0.103, 47
train,    2507, 147.986691,   45, 0.00,   14, 0.000, 0.000, 0.103, 47
train,    2508, 180.000000,   66, 1.00,   14, 0.000, 0.000, 0.103, 47
train,    2509, 180.000000,   91, 1.00,   12, 0.000, 0.000, 0.103, 47
train,    2510, 227.896749,  111, 0.00,   13, 0.000, 0.000, 0.103, 47
update,   2510,  251, 144041, 240.000000, 0.000000
train,    2511, 221.977388,   64, 0.00,   14, 0.000, 0.000, 0.103, 47
train,    2512, 270.000000,   83, 0.00,   14, 0.000, 0.000, 0.102, 47
train,    2513, 206.448418,   49, 0.00,   15, 0.000, 0.000, 0.102, 47
train,    2514, 137.541484,  105, 1.00,   13, 0.000, 0.000, 0.102, 47
train,    2515, 177.638188,   95, 0.00,   14, 0.000, 0.000, 0.102, 47
train,    2516, 163.051816,   57, 0.00,   14, 0.000, 0.000, 0.102, 47
train,    2517, 114.269426,   64, 1.00,   15, 0.000, 0.000, 0.102, 47
train,    2518, 214.471297,   67, 0.00,    7, 0.000, 0.000, 0.102, 47
train,    2519, 159.257972,   65, 1.00,   10, 0.000, 0.000, 0.102, 47
train,    2520, 240.803119,  116, 0.00,   16, 0.000, 0.000, 0.102, 47
update,   2520,  252, 144806, 240.000000, 0.000000
train,    2521, 230.017874,   94, 0.00,   15, 0.000, 0.000, 0.102, 47
train,    2522, 68.724994,   41, 1.00,   10, 0.000, 0.000, 0.102, 47
train,    2523, 146.631058,   48, 1.00,   11, 0.000, 0.000, 0.102, 47
train,    2524, 130.263396,   45, 0.00,   10, 0.000, 0.000, 0.102, 47
train,    2525, 144.534828,   76, 0.00,   11, 0.000, 0.000, 0.102, 47
train,    2526, 232.620696,   45, 0.00,   12, 0.000, 0.000, 0.102, 47
train,    2527, 152.319985,   57, 0.00,   12, 0.000, 0.000, 0.102, 47
train,    2528, 207.190348,   45, 0.00,   15, 0.000, 0.000, 0.102, 47
train,    2529, 70.187984,   77, 1.00,   11, 0.000, 0.000, 0.102, 47
train,    2530, 209.968719,   87, 0.00,   12, 0.000, 0.000, 0.102, 47
update,   2530,  253, 145421, 240.000000, 0.000000
train,    2531, 147.983806,    4, 1.00,    9, 0.000, 0.000, 0.102, 47
train,    2532, 210.840918,   77, 0.00,   12, 0.000, 0.000, 0.102, 47
train,    2533, 264.632623,   86, 0.00,   11, 0.000, 0.000, 0.102, 47
train,    2534, 237.190001,   62, 0.00,   18, 0.000, 0.000, 0.102, 47
train,    2535, 43.847212,   42, 1.00,    5, 0.000, 0.000, 0.102, 47
train,    2536, 105.600694,   60, 0.00,    8, 0.000, 0.000, 0.102, 47
train,    2537, 270.000000,   45, 0.00,   15, 0.000, 0.000, 0.101, 47
train,    2538, 270.000000,   86, 0.00,   14, 0.000, 0.000, 0.101, 47
train,    2539, 127.398184,   76, 0.00,   11, 0.000, 0.000, 0.101, 47
train,    2540, 228.861368,   60, 0.00,   14, 0.000, 0.000, 0.101, 47
update,   2540,  254, 146019, 180.256060, 0.000000
train,    2541, 141.845764,   44, 1.00,    8, 0.000, 0.000, 0.101, 47
train,    2542, 114.703374,   45, 0.00,   10, 0.000, 0.000, 0.101, 47
train,    2543, 160.335008,  120, 0.00,   16, 0.000, 0.000, 0.101, 47
train,    2544, 222.795610,   69, 0.00,   11, 0.000, 0.000, 0.101, 47
train,    2545, 227.365213,   77, 0.00,   14, 0.000, 0.000, 0.101, 47
train,    2546, 187.865275,  120, 0.00,   11, 0.000, 0.000, 0.101, 47
train,    2547, 52.269128,   16, 1.00,    8, 0.000, 0.000, 0.101, 47
train,    2548, 238.599727,   87, 0.00,   14, 0.000, 0.000, 0.101, 47
train,    2549, -23.753410,   14, 1.00,    8, 0.000, 0.000, 0.101, 47
train,    2550, 260.487077,  100, 0.00,   11, 0.000, 0.000, 0.101, 47
update,   2550,  255, 146711, 240.000000, 0.000000
train,    2551, 85.923880,   53, 0.00,   13, 0.000, 0.000, 0.101, 47
train,    2552, 102.986911,   62, 0.00,   16, 0.000, 0.000, 0.101, 47
train,    2553, 141.970972,   74, 0.00,   14, 0.000, 0.000, 0.101, 47
train,    2554, 115.656309,   83, 0.00,   13, 0.000, 0.000, 0.101, 47
train,    2555, 155.224991,   55, 0.00,    9, 0.000, 0.000, 0.101, 47
train,    2556, 150.826310,   86, 0.00,   11, 0.000, 0.000, 0.101, 47
train,    2557, 231.379922,   88, 0.00,    8, 0.000, 0.000, 0.101, 47
train,    2558, 144.618151,   80, 0.00,   12, 0.000, 0.000, 0.101, 47
train,    2559, 191.027712,   57, 0.00,   16, 0.000, 0.000, 0.101, 47
train,    2560, 80.866941,   81, 0.00,    9, 0.000, 0.000, 0.101, 48
update,   2560,  256, 147430, 72.568957, 0.000000
train,    2561, 30.592040,   45, 1.00,    8, 0.000, 0.000, 0.101, 48
train,    2562, 122.386245,   45, 0.00,   15, 0.000, 0.000, 0.100, 48
train,    2563, 197.478721,  100, 0.00,   13, 0.000, 0.000, 0.100, 48
train,    2564, 46.546885,   33, 1.00,   10, 0.000, 0.000, 0.100, 48
train,    2565, -25.000000,   26, 1.00,   10, 0.000, 0.000, 0.100, 48
train,    2566, 31.389765,   35, 1.00,   13, 0.000, 0.000, 0.100, 48
train,    2567, 257.019676,   58, 0.00,   14, 0.000, 0.000, 0.100, 48
train,    2568, 164.912328,   42, 1.00,    8, 0.000, 0.000, 0.100, 48
train,    2569, -25.000000,   23, 1.00,    3, 0.000, 0.000, 0.100, 48
train,    2570, 89.711386,   43, 1.00,   10, 0.000, 0.000, 0.100, 48
update,   2570,  257, 147880, 112.072676, 0.000000
train,    2571, 189.328537,   88, 0.00,    9, 0.000, 0.000, 0.100, 48
train,    2572, -25.000000,   36, 1.00,    8, 0.000, 0.000, 0.100, 48
train,    2573, 40.872633,   36, 1.00,    7, 0.000, 0.000, 0.100, 48
train,    2574, 212.398665,  120, 0.00,   16, 0.000, 0.000, 0.100, 48
train,    2575, 216.375099,  120, 0.00,   17, 0.000, 0.000, 0.100, 48
train,    2576, 226.119575,   45, 0.00,   11, 0.000, 0.000, 0.100, 48
train,    2577, 181.022986,   55, 0.00,   11, 0.000, 0.000, 0.100, 48
train,    2578, 65.122437,   39, 1.00,   16, 0.000, 0.000, 0.100, 48
train,    2579, 170.348630,   95, 0.00,   12, 0.000, 0.000, 0.100, 48
train,    2580, 183.080745,  100, 0.00,   14, 0.000, 0.000, 0.100, 48
update,   2580,  258, 148614, 149.789020, 0.000000
train,    2581, 260.355598,  112, 0.00,   14, 0.000, 0.000, 0.100, 48
train,    2582, 89.866121,   27, 1.00,   11, 0.000, 0.000, 0.100, 48
train,    2583, 176.516932,  120, 0.00,   15, 0.000, 0.000, 0.100, 48
train,    2584, 234.812934,  120, 0.00,   13, 0.000, 0.000, 0.100, 48
train,    2585, 212.890308,  120, 0.00,   12, 0.000, 0.000, 0.100, 48
train,    2586, 58.410310,   49, 1.00,    6, 0.000, 0.000, 0.100, 48
train,    2587, 225.729727,  120, 0.00,    6, 0.000, 0.000, 0.099, 48
train,    2588, 51.200102,   68, 1.00,   11, 0.000, 0.000, 0.099, 48
train,    2589, 248.488577,   79, 0.00,   15, 0.000, 0.000, 0.099, 48
train,    2590, 20.056313,   39, 1.00,    7, 0.000, 0.000, 0.099, 48
update,   2590,  259, 149468, 48.899924, 0.000000
train,    2591, 33.860339,   26, 1.00,    9, 0.000, 0.000, 0.099, 48
train,    2592, 184.427460,  104, 0.00,    9, 0.000, 0.000, 0.099, 48
train,    2593, 18.294140,   42, 1.00,   13, 0.000, 0.000, 0.099, 48
train,    2594, 45.516673,   62, 1.00,   13, 0.000, 0.000, 0.099, 48
train,    2595, 257.004428,  114, 0.00,   12, 0.000, 0.000, 0.099, 48
train,    2596, -25.000000,   16, 1.00,    6, 0.000, 0.000, 0.099, 48
train,    2597, 42.339685,    4, 1.00,   10, 0.000, 0.000, 0.099, 48
train,    2598, 200.300343,  120, 0.00,   14, 0.000, 0.000, 0.099, 48
train,    2599, 188.653345,  100, 0.00,    8, 0.000, 0.000, 0.099, 48
train,    2600, 261.854586,  120, 0.00,   12, 0.000, 0.000, 0.099, 48
update,   2600,  260, 150176, 240.000000, 0.000000
val_t, 2600, 150176, 119.767714, 0.2506,  62.6836,   0.1216, 0.7183,  25.0990, progress 0.5767
train,    2601, 112.793931,   99, 1.00,   10, 0.000, 0.000, 0.099, 48
train,    2602, 49.925499,   45, 1.00,    5, 0.000, 0.000, 0.099, 48
train,    2603, -25.000000,   39, 1.00,    7, 0.000, 0.000, 0.099, 48
train,    2604, -11.740153,   29, 1.00,    6, 0.000, 0.000, 0.099, 48
train,    2605, 195.235652,  110, 0.00,   10, 0.000, 0.000, 0.099, 48
train,    2606, 213.745450,   72, 0.00,   13, 0.000, 0.000, 0.099, 48
train,    2607, 236.558749,  103, 0.00,   12, 0.000, 0.000, 0.099, 48
train,    2608, 206.891836,  118, 0.00,    9, 0.000, 0.000, 0.099, 48
train,    2609, 226.494268,   81, 0.00,   14, 0.000, 0.000, 0.099, 48
train,    2610, 27.698502,   11, 1.00,   10, 0.000, 0.000, 0.099, 48
update,   2610,  261, 150883, 40.894721, 0.000000
train,    2611, 270.000000,   85, 0.00,   14, 0.000, 0.000, 0.099, 48
train,    2612, 253.924387,  120, 0.00,   15, 0.000, 0.000, 0.098, 48
train,    2613, 259.607857,   80, 0.00,   17, 0.000, 0.000, 0.098, 48
train,    2614, 36.556711,   51, 1.00,    8, 0.000, 0.000, 0.098, 48
train,    2615, 145.920783,  120, 0.00,   13, 0.000, 0.000, 0.098, 48
train,    2616, 155.623846,   39, 1.00,    8, 0.000, 0.000, 0.098, 48
train,    2617, 88.716249,   13, 1.00,    7, 0.000, 0.000, 0.098, 48
train,    2618, 201.888908,   66, 0.00,   12, 0.000, 0.000, 0.098, 48
train,    2619, 79.641682,   21, 1.00,    9, 0.000, 0.000, 0.098, 48
train,    2620, -25.000000,    4, 1.00,    1, 0.000, 0.000, 0.098, 48
update,   2620,  262, 151482, 1.565888, 0.000000
train,    2621, 243.368137,   77, 0.00,   15, 0.000, 0.000, 0.098, 48
train,    2622, 175.639097,   59, 0.00,   12, 0.000, 0.000, 0.098, 48
train,    2623, 26.766958,   40, 1.00,    8, 0.000, 0.000, 0.098, 48
train,    2624, 166.643308,  119, 0.00,    8, 0.000, 0.000, 0.098, 48
train,    2625, 133.551079,   55, 1.00,   15, 0.000, 0.000, 0.098, 48
train,    2626, 186.332679,  120, 0.00,   13, 0.000, 0.000, 0.098, 48
train,    2627, -24.863644,    4, 1.00,    8, 0.000, 0.000, 0.098, 48
train,    2628, 103.220459,   64, 1.00,    9, 0.000, 0.000, 0.098, 48
train,    2629, 46.665167,   54, 1.00,    7, 0.000, 0.000, 0.098, 48
train,    2630, 92.826146,   67, 1.00,   11, 0.000, 0.000, 0.098, 48
update,   2630,  263, 152141, 72.409709, 0.000000
train,    2631, 151.335574,   71, 1.00,   12, 0.000, 0.000, 0.098, 48
train,    2632, 32.488724,   31, 1.00,    6, 0.000, 0.000, 0.098, 48
train,    2633, 156.155210,  105, 1.00,   11, 0.000, 0.000, 0.098, 48
train,    2634, 132.265347,   95, 0.00,   14, 0.000, 0.000, 0.098, 48
train,    2635, 143.436324,  120, 0.00,   15, 0.000, 0.000, 0.098, 48
train,    2636, 219.114571,  103, 0.00,   11, 0.000, 0.000, 0.098, 48
train,    2637, 168.901701,   45, 0.00,    9, 0.000, 0.000, 0.097, 48
train,    2638, 121.957218,   44, 1.00,   10, 0.000, 0.000, 0.097, 48
train,    2639, 236.343502,  120, 0.00,   11, 0.000, 0.000, 0.097, 48
train,    2640, -25.000000,   35, 1.00,   10, 0.000, 0.000, 0.097, 48
update,   2640,  264, 152910, 1.634741, 0.000000
train,    2641, 219.117396,  102, 0.00,   19, 0.000, 0.000, 0.097, 48
train,    2642, 159.023580,  117, 0.00,   11, 0.000, 0.000, 0.097, 48
train,    2643, 227.354040,  108, 0.00,   13, 0.000, 0.000, 0.097, 48
train,    2644, 216.357348,  120, 0.00,   14, 0.000, 0.000, 0.097, 48
train,    2645, 161.172752,   69, 0.00,   11, 0.000, 0.000, 0.097, 48
train,    2646, 192.366310,   60, 0.00,   10, 0.000, 0.000, 0.097, 48
train,    2647, 0.116329,   25, 1.00,    6, 0.000, 0.000, 0.097, 48
train,    2648, 68.999813,   44, 1.00,    9, 0.000, 0.000, 0.097, 48
train,    2649, 119.865267,   68, 1.00,    9, 0.000, 0.000, 0.097, 48
train,    2650, 176.452233,  112, 0.00,   12, 0.000, 0.000, 0.097, 48
update,   2650,  265, 153735, 189.457766, 0.000000
train,    2651, 190.071646,   76, 0.00,   14, 0.000, 0.000, 0.097, 48
train,    2652, 158.659188,   84, 1.00,   14, 0.000, 0.000, 0.097, 48
train,    2653, 105.285664,   36, 1.00,   12, 0.000, 0.000, 0.097, 48
train,    2654, 161.227762,   69, 0.00,   11, 0.000, 0.000, 0.097, 48
train,    2655, 176.527722,   52, 1.00,   14, 0.000, 0.000, 0.097, 48
train,    2656, 156.286324,   76, 1.00,   15, 0.000, 0.000, 0.097, 48
train,    2657, 144.048541,  105, 1.00,   16, 0.000, 0.000, 0.097, 48
train,    2658, 158.795723,   78, 0.00,   15, 0.000, 0.000, 0.097, 48
train,    2659, 122.705096,   78, 1.00,    9, 0.000, 0.000, 0.097, 48
train,    2660, 159.154707,   55, 0.00,    9, 0.000, 0.000, 0.097, 48
update,   2660,  266, 154444, 125.897072, 0.000000
train,    2661, 175.840388,   83, 0.00,   16, 0.000, 0.000, 0.097, 48
train,    2662, 51.265210,   61, 1.00,    8, 0.000, 0.000, 0.097, 48
train,    2663, 194.764437,   70, 0.00,   10, 0.000, 0.000, 0.096, 48
train,    2664, 18.134077,   43, 1.00,   11, 0.000, 0.000, 0.096, 48
train,    2665, 187.727530,  120, 0.00,   14, 0.000, 0.000, 0.096, 48
train,    2666, 81.610729,   28, 1.00,   12, 0.000, 0.000, 0.096, 48
train,    2667, 154.896768,  119, 0.00,   12, 0.000, 0.000, 0.096, 48
train,    2668, 212.972818,   80, 0.00,   14, 0.000, 0.000, 0.096, 48
train,    2669, 107.420085,   83, 0.00,   12, 0.000, 0.000, 0.096, 48
train,    2670, -25.000000,    4, 1.00,    6, 0.000, 0.000, 0.096, 48
update,   2670,  267, 155135, 22.744899, 0.000000
train,    2671, 135.709870,   83, 0.00,   13, 0.000, 0.000, 0.096, 48
train,    2672, 120.528779,   54, 1.00,   12, 0.000, 0.000, 0.096, 48
train,    2673, 254.183468,  120, 0.00,   16, 0.000, 0.000, 0.096, 48
train,    2674, 112.874529,   79, 1.00,   14, 0.000, 0.000, 0.096, 48
train,    2675, 56.565686,   56, 1.00,    7, 0.000, 0.000, 0.096, 48
train,    2676, 166.419709,   84, 0.00,   10, 0.000, 0.000, 0.096, 48
train,    2677, 93.725538,  100, 1.00,   13, 0.000, 0.000, 0.096, 48
train,    2678, 94.774317,   32, 1.00,    9, 0.000, 0.000, 0.096, 48
train,    2679, -25.000000,  100, 1.00,    8, 0.000, 0.000, 0.096, 48
train,    2680, 136.126405,   44, 1.00,   13, 0.000, 0.000, 0.096, 48
update,   2680,  268, 155887, 128.729245, 0.000000
train,    2681, -25.000000,   74, 1.00,   13, 0.000, 0.000, 0.096, 48
train,    2682, 150.633956,   70, 1.00,   13, 0.000, 0.000, 0.096, 48
train,    2683, 87.549595,   85, 1.00,   11, 0.000, 0.000, 0.096, 48
train,    2684, 247.735534,  120, 0.00,   14, 0.000, 0.000, 0.096, 48
train,    2685, 192.212166,  120, 0.00,    7, 0.000, 0.000, 0.096, 48
train,    2686, 73.691937,   68, 1.00,    7, 0.000, 0.000, 0.096, 48
train,    2687, 244.358515,   91, 0.00,   13, 0.000, 0.000, 0.096, 48
train,    2688, 163.658940,   93, 0.00,   11, 0.000, 0.000, 0.096, 48
train,    2689, 139.931102,   60, 1.00,   15, 0.000, 0.000, 0.095, 48
train,    2690, 182.579535,   81, 0.00,   11, 0.000, 0.000, 0.095, 48
update,   2690,  269, 156749, 226.635823, 0.000000
train,    2691, 137.840952,   45, 0.00,   11, 0.000, 0.000, 0.095, 48
train,    2692, 157.318844,  120, 0.00,   12, 0.000, 0.000, 0.095, 48
train,    2693, 140.618647,  103, 0.00,   12, 0.000, 0.000, 0.095, 48
train,    2694, 204.008799,   53, 0.00,   12, 0.000, 0.000, 0.095, 48
train,    2695, 190.500119,   53, 0.00,   13, 0.000, 0.000, 0.095, 48
train,    2696, 216.602833,  120, 0.00,   14, 0.000, 0.000, 0.095, 48
train,    2697, 230.980003,   90, 0.00,   15, 0.000, 0.000, 0.095, 48
train,    2698, 233.805706,   83, 0.00,   13, 0.000, 0.000, 0.095, 48
train,    2699, 16.703306,    4, 1.00,   10, 0.000, 0.000, 0.095, 48
train,    2700, 180.000000,   83, 1.00,    6, 0.000, 0.000, 0.095, 48
update,   2700,  270, 157503, 221.240278, 0.000000
val_t, 2700, 157503, 216.060975, 0.2363,  53.2642,   0.1616, 0.6561,  26.3105, progress 0.6530
train,    2701, -2.409625,   53, 1.00,    5, 0.000, 0.000, 0.095, 48
train,    2702, 215.622112,   77, 0.00,   13, 0.000, 0.000, 0.095, 48
train,    2703, 65.409683,   29, 1.00,    7, 0.000, 0.000, 0.095, 48
train,    2704, 29.879625,   34, 1.00,    9, 0.000, 0.000, 0.095, 48
train,    2705, 18.179663,   64, 1.00,    9, 0.000, 0.000, 0.095, 48
train,    2706, 166.950124,   80, 0.00,   14, 0.000, 0.000, 0.095, 48
train,    2707, 128.720099,   30, 1.00,    7, 0.000, 0.000, 0.095, 48
train,    2708, 186.804692,   83, 0.00,   13, 0.000, 0.000, 0.095, 48
train,    2709, 270.000000,  104, 0.00,   11, 0.000, 0.000, 0.095, 48
train,    2710, 213.762650,  114, 0.00,   14, 0.000, 0.000, 0.095, 48
update,   2710,  271, 158171, 240.000000, 0.000000
train,    2711, 262.029831,   45, 0.00,   17, 0.000, 0.000, 0.095, 48
train,    2712, 228.638693,   45, 0.00,   15, 0.000, 0.000, 0.095, 48
train,    2713, 270.000000,  103, 0.00,   12, 0.000, 0.000, 0.095, 48
train,    2714, 174.294917,   94, 0.00,   12, 0.000, 0.000, 0.095, 48
train,    2715, 196.648558,   54, 0.00,   14, 0.000, 0.000, 0.094, 48
train,    2716, 199.121644,   72, 0.00,   11, 0.000, 0.000, 0.094, 48
train,    2717, 177.177228,   48, 0.00,   12, 0.000, 0.000, 0.094, 48
train,    2718, 108.647816,   74, 1.00,   13, 0.000, 0.000, 0.094, 48
train,    2719, 231.051707,   61, 0.00,   12, 0.000, 0.000, 0.094, 48
train,    2720, 125.442208,  105, 1.00,   12, 0.000, 0.000, 0.094, 48
update,   2720,  272, 158872, 100.934874, 0.000000
train,    2721, 139.357503,   81, 0.00,   14, 0.000, 0.000, 0.094, 48
train,    2722, 201.774422,   45, 0.00,   11, 0.000, 0.000, 0.094, 48
train,    2723, 270.000000,  108, 0.00,   14, 0.000, 0.000, 0.094, 48
train,    2724, 157.248456,   96, 0.00,   19, 0.000, 0.000, 0.094, 48
train,    2725, 62.131437,   42, 1.00,    9, 0.000, 0.000, 0.094, 48
train,    2726, 184.470605,   45, 0.00,    9, 0.000, 0.000, 0.094, 48
train,    2727, 162.630813,   73, 0.00,   10, 0.000, 0.000, 0.094, 48
train,    2728, 87.355772,   74, 1.00,    8, 0.000, 0.000, 0.094, 48
train,    2729, 78.219507,   30, 1.00,    8, 0.000, 0.000, 0.094, 48
train,    2730, 188.265267,  103, 0.00,   11, 0.000, 0.000, 0.094, 48
update,   2730,  273, 159569, 221.242578, 0.000000
train,    2731, -0.906460,   46, 1.00,    9, 0.000, 0.000, 0.094, 48
train,    2732, 211.361338,  109, 0.00,   10, 0.000, 0.000, 0.094, 48
train,    2733, 270.000000,   96, 0.00,   10, 0.000, 0.000, 0.094, 48
train,    2734, 210.475329,   59, 0.00,   11, 0.000, 0.000, 0.094, 48
train,    2735, 167.717713,   60, 0.00,   15, 0.000, 0.000, 0.094, 48
train,    2736, 132.224245,   60, 0.00,    6, 0.000, 0.000, 0.094, 48
train,    2737, 159.192268,   45, 0.00,   11, 0.000, 0.000, 0.094, 48
train,    2738, 197.862747,  120, 0.00,   16, 0.000, 0.000, 0.094, 48
train,    2739, 114.620422,   41, 1.00,   11, 0.000, 0.000, 0.094, 48
train,    2740, 143.005561,   59, 0.00,   11, 0.000, 0.000, 0.094, 48
update,   2740,  274, 160264, 169.178204, 0.000000
train,    2741, 170.397374,   86, 0.00,   15, 0.000, 0.000, 0.094, 48
train,    2742, 159.346265,   67, 0.00,   13, 0.000, 0.000, 0.093, 48
train,    2743, 270.000000,   45, 0.00,   15, 0.000, 0.000, 0.093, 48
train,    2744, 91.666859,  106, 0.00,   10, 0.000, 0.000, 0.093, 48
train,    2745, 233.266094,   45, 0.00,   15, 0.000, 0.000, 0.093, 48
train,    2746, 153.590586,   51, 0.00,   14, 0.000, 0.000, 0.093, 48
train,    2747, 231.744452,   57, 0.00,   11, 0.000, 0.000, 0.093, 48
train,    2748, 225.392155,   75, 0.00,   16, 0.000, 0.000, 0.093, 48
train,    2749, 8.943057,   24, 1.00,    8, 0.000, 0.000, 0.093, 48
train,    2750, 242.489904,   45, 0.00,   17, 0.000, 0.000, 0.093, 48
update,   2750,  275, 160865, 240.000000, 0.000000
train,    2751, 105.163794,   62, 1.00,   11, 0.000, 0.000, 0.093, 48
train,    2752, 194.143570,   45, 0.00,   12, 0.000, 0.000, 0.093, 48
train,    2753, 236.273418,   45, 0.00,   14, 0.000, 0.000, 0.093, 48
train,    2754, 45.660861,   42, 1.00,    8, 0.000, 0.000, 0.093, 48
train,    2755, 115.345177,   35, 1.00,   11, 0.000, 0.000, 0.093, 48
train,    2756, 155.875382,   76, 0.00,   19, 0.000, 0.000, 0.093, 48
train,    2757, 31.497879,   17, 1.00,   12, 0.000, 0.000, 0.093, 48
train,    2758, 92.325392,   85, 0.00,   13, 0.000, 0.000, 0.093, 48
train,    2759, 270.000000,   45, 0.00,   12, 0.000, 0.000, 0.093, 48
train,    2760, 113.075046,   38, 1.00,   12, 0.000, 0.000, 0.093, 48
update,   2760,  276, 161355, 96.366716, 0.000000
train,    2761, 170.415027,   45, 0.00,   11, 0.000, 0.000, 0.093, 48
train,    2762, 160.729196,   51, 0.00,   15, 0.000, 0.000, 0.093, 48
train,    2763, 185.871518,   96, 0.00,   16, 0.000, 0.000, 0.093, 48
train,    2764, 230.622429,  118, 0.00,   12, 0.000, 0.000, 0.093, 48
train,    2765, 224.071622,   61, 0.00,   14, 0.000, 0.000, 0.093, 48
train,    2766, 270.000000,   45, 0.00,   11, 0.000, 0.000, 0.093, 48
train,    2767, 196.171191,   73, 0.00,   13, 0.000, 0.000, 0.093, 48
train,    2768, 156.803723,   59, 0.00,    7, 0.000, 0.000, 0.093, 48
train,    2769, -25.000000,    4, 1.00,   11, 0.000, 0.000, 0.092, 48
train,    2770, 91.127618,   97, 0.00,   13, 0.000, 0.000, 0.092, 48
update,   2770,  277, 162004, 138.743959, 0.000000
train,    2771, 247.755816,   53, 0.00,   13, 0.000, 0.000, 0.092, 48
train,    2772, 134.429050,   58, 0.00,   14, 0.000, 0.000, 0.092, 48
train,    2773, 96.278556,   60, 1.00,   13, 0.000, 0.000, 0.092, 48
train,    2774, -25.000000,   42, 1.00,   11, 0.000, 0.000, 0.092, 48
train,    2775, 214.467097,   67, 0.00,   11, 0.000, 0.000, 0.092, 48
train,    2776, 246.254802,   97, 0.00,    9, 0.000, 0.000, 0.092, 48
train,    2777, 169.903729,   79, 0.00,   13, 0.000, 0.000, 0.092, 48
train,    2778, 203.989987,   45, 0.00,   13, 0.000, 0.000, 0.092, 48
train,    2779, 141.069833,   55, 1.00,   14, 0.000, 0.000, 0.092, 48
train,    2780, 241.877939,   94, 0.00,   13, 0.000, 0.000, 0.092, 48
update,   2780,  278, 162654, 240.000000, 0.000000
train,    2781, 138.493531,   48, 1.00,   10, 0.000, 0.000, 0.092, 48
train,    2782, 207.245976,  107, 0.00,   13, 0.000, 0.000, 0.092, 48
train,    2783, -4.607366,   63, 1.00,    8, 0.000, 0.000, 0.092, 48
train,    2784, -5.432951,   47, 1.00,    8, 0.000, 0.000, 0.092, 48
train,    2785, 264.297767,   99, 0.00,   16, 0.000, 0.000, 0.092, 48
train,    2786, 170.888059,  117, 0.00,    7, 0.000, 0.000, 0.092, 48
train,    2787, 103.191319,   45, 1.00,    9, 0.000, 0.000, 0.092, 48
train,    2788, 87.023062,   99, 1.00,   10, 0.000, 0.000, 0.092, 48
train,    2789, 180.000000,   75, 1.00,   13, 0.000, 0.000, 0.092, 48
train,    2790, 116.080806,   45, 1.00,    9, 0.000, 0.000, 0.092, 48
update,   2790,  279, 163399, 116.219629, 0.000000
train,    2791, -11.799171,   54, 1.00,    4, 0.000, 0.000, 0.092, 48
train,    2792, 59.262935,   20, 1.00,    8, 0.000, 0.000, 0.092, 48
train,    2793, 60.979456,   46, 1.00,   15, 0.000, 0.000, 0.092, 48
train,    2794, 96.970001,   98, 1.00,   12, 0.000, 0.000, 0.092, 48
train,    2795, 270.000000,  103, 0.00,   14, 0.000, 0.000, 0.092, 48
train,    2796, -25.000000,    5, 1.00,    9, 0.000, 0.000, 0.091, 48
train,    2797, 267.775579,   75, 0.00,   14, 0.000, 0.000, 0.091, 48
train,    2798, 270.000000,  120, 0.00,   15, 0.000, 0.000, 0.091, 48
train,    2799, 203.436761,   91, 0.00,   17, 0.000, 0.000, 0.091, 48
train,    2800, 43.151736,   80, 1.00,    9, 0.000, 0.000, 0.091, 48
update,   2800,  280, 164091, 41.058890, 0.000000
val_t, 2800, 164091, 186.414162, 0.2270,  56.5136,   0.1287, 0.7428,  26.5497, progress 0.6815
train,    2801, 113.175052,  105, 0.00,   11, 0.000, 0.000, 0.091, 48
train,    2802, 139.342145,   84, 1.00,   12, 0.000, 0.000, 0.091, 48
train,    2803, 52.728167,   44, 1.00,   11, 0.000, 0.000, 0.091, 48
train,    2804, 217.648340,   97, 0.00,   12, 0.000, 0.000, 0.091, 48
train,    2805, 226.141968,   85, 0.00,    9, 0.000, 0.000, 0.091, 48
train,    2806, 32.277152,   75, 1.00,   11, 0.000, 0.000, 0.091, 48
train,    2807, -3.756212,   30, 1.00,    6, 0.000, 0.000, 0.091, 48
train,    2808, 93.171347,   72, 1.00,   12, 0.000, 0.000, 0.091, 48
train,    2809, -25.000000,   49, 1.00,   14, 0.000, 0.000, 0.091, 48
train,    2810, 22.466174,   16, 1.00,    8, 0.000, 0.000, 0.091, 48
update,   2810,  281, 164748, 46.577540, 0.000000
train,    2811, 82.570343,   53, 0.00,   14, 0.000, 0.000, 0.091, 48
train,    2812, 75.723714,   42, 1.00,   11, 0.000, 0.000, 0.091, 48
train,    2813, 158.408413,   60, 1.00,   10, 0.000, 0.000, 0.091, 48
train,    2814, 224.058145,  120, 0.00,   10, 0.000, 0.000, 0.091, 48
train,    2815, 148.860575,   86, 1.00,   13, 0.000, 0.000, 0.091, 48
train,    2816, 145.769564,   47, 1.00,    9, 0.000, 0.000, 0.091, 48
train,    2817, 19.087534,    8, 1.00,    7, 0.000, 0.000, 0.091, 48
train,    2818, 234.377686,   65, 0.00,   14, 0.000, 0.000, 0.091, 48
train,    2819, 146.080067,  100, 0.00,   10, 0.000, 0.000, 0.091, 48
train,    2820, 34.602547,   30, 1.00,    7, 0.000, 0.000, 0.091, 48
update,   2820,  282, 165359, 69.157841, 0.000000
train,    2821, 154.729310,   49, 0.00,   10, 0.000, 0.000, 0.091, 48
train,    2822, 92.912693,  105, 0.00,   10, 0.000, 0.000, 0.091, 48
train,    2823, 270.000000,  106, 0.00,    6, 0.000, 0.000, 0.091, 48
train,    2824, 75.200494,    5, 1.00,    7, 0.000, 0.000, 0.090, 48
train,    2825, 133.978028,  120, 0.00,   15, 0.000, 0.000, 0.090, 48
train,    2826, 57.651237,   15, 1.00,    6, 0.000, 0.000, 0.090, 48
train,    2827, 6.815755,   77, 1.00,    9, 0.000, 0.000, 0.090, 48
train,    2828, 7.792178,    4, 1.00,    8, 0.000, 0.000, 0.090, 48
train,    2829, 180.000000,   70, 1.00,    9, 0.000, 0.000, 0.090, 48
train,    2830, 95.312992,   61, 1.00,   17, 0.000, 0.000, 0.090, 48
update,   2830,  283, 165971, 102.336323, 0.000000
train,    2831, 237.557635,   64, 0.00,   14, 0.000, 0.000, 0.090, 48
train,    2832, 187.694936,  109, 0.00,   14, 0.000, 0.000, 0.090, 48
train,    2833, 38.589718,    9, 1.00,    8, 0.000, 0.000, 0.090, 48
train,    2834, 170.056380,   85, 1.00,    7, 0.000, 0.000, 0.090, 48
train,    2835, 174.593107,   29, 1.00,    8, 0.000, 0.000, 0.090, 48
train,    2836, 211.878237,   58, 0.00,   16, 0.000, 0.000, 0.090, 48
train,    2837, 244.792722,  120, 0.00,   13, 0.000, 0.000, 0.090, 48
train,    2838, 270.000000,   55, 0.00,   14, 0.000, 0.000, 0.090, 48
train,    2839, 141.634099,   94, 1.00,    9, 0.000, 0.000, 0.090, 48
train,    2840, -20.884928,   18, 1.00,    8, 0.000, 0.000, 0.090, 48
update,   2840,  284, 166612, -5.000000, 0.000000
train,    2841, 111.386071,   79, 1.00,    8, 0.000, 0.000, 0.090, 48
train,    2842, 42.139902,   49, 1.00,   11, 0.000, 0.000, 0.090, 48
train,    2843, 130.864353,  109, 0.00,   12, 0.000, 0.000, 0.090, 48
train,    2844, 37.339429,   33, 1.00,    7, 0.000, 0.000, 0.090, 48
train,    2845, 63.854070,   35, 1.00,   13, 0.000, 0.000, 0.090, 48
train,    2846, 239.579430,   78, 0.00,   14, 0.000, 0.000, 0.090, 48
train,    2847, 224.220752,   96, 0.00,   12, 0.000, 0.000, 0.090, 48
train,    2848, 270.000000,  106, 0.00,   13, 0.000, 0.000, 0.090, 48
train,    2849, 270.000000,   80, 0.00,   13, 0.000, 0.000, 0.090, 48
train,    2850, 232.465283,   96, 0.00,   14, 0.000, 0.000, 0.090, 48
update,   2850,  285, 167373, 218.684276, 0.000000
train,    2851, 221.355421,  108, 0.00,   10, 0.000, 0.000, 0.089, 48
train,    2852, 97.798271,   38, 1.00,   10, 0.000, 0.000, 0.089, 48
train,    2853, 60.691374,   72, 1.00,    9, 0.000, 0.000, 0.089, 48
train,    2854, 174.137150,   76, 0.00,   13, 0.000, 0.000, 0.089, 48
train,    2855, 216.555404,   79, 0.00,   10, 0.000, 0.000, 0.089, 48
train,    2856, 192.155138,   76, 0.00,    8, 0.000, 0.000, 0.089, 48
train,    2857, -25.000000,   10, 1.00,    8, 0.000, 0.000, 0.089, 48
train,    2858, 178.957582,   71, 0.00,   13, 0.000, 0.000, 0.089, 48
train,    2859, 23.960915,   53, 1.00,   12, 0.000, 0.000, 0.089, 48
train,    2860, 147.222306,   48, 0.00,   10, 0.000, 0.000, 0.089, 48
update,   2860,  286, 168004, 126.790393, 0.000000
train,    2861, 97.575236,   14, 1.00,    9, 0.000, 0.000, 0.089, 48
train,    2862, 270.000000,   74, 0.00,   15, 0.000, 0.000, 0.089, 48
train,    2863, 44.122149,   48, 1.00,    8, 0.000, 0.000, 0.089, 48
train,    2864, 52.479966,   24, 1.00,   11, 0.000, 0.000, 0.089, 48
train,    2865, 205.264191,  100, 0.00,   12, 0.000, 0.000, 0.089, 48
train,    2866, 166.303955,   78, 0.00,   11, 0.000, 0.000, 0.089, 48
train,    2867, 193.390639,   51, 0.00,   15, 0.000, 0.000, 0.089, 48
train,    2868, 231.866330,   62, 0.00,   11, 0.000, 0.000, 0.089, 48
train,    2869, 209.072227,   56, 0.00,   12, 0.000, 0.000, 0.089, 48
train,    2870, 182.507003,   88, 0.00,   10, 0.000, 0.000, 0.089, 48
update,   2870,  287, 168599, 224.740468, 0.000000
train,    2871, 256.104089,  116, 0.00,   16, 0.000, 0.000, 0.089, 48
train,    2872, 205.084932,  120, 0.00,   11, 0.000, 0.000, 0.089, 48
train,    2873, -10.329069,    4, 1.00,   10, 0.000, 0.000, 0.089, 48
train,    2874, 222.416655,   79, 0.00,   17, 0.000, 0.000, 0.089, 48
train,    2875, 228.951749,   86, 0.00,   13, 0.000, 0.000, 0.089, 48
train,    2876, 198.019740,   45, 0.00,    7, 0.000, 0.000, 0.089, 48
train,    2877, 201.995367,  120, 0.00,   13, 0.000, 0.000, 0.089, 48
train,    2878, 197.225130,  112, 0.00,   13, 0.000, 0.000, 0.089, 48
train,    2879, 53.374097,  101, 1.00,    9, 0.000, 0.000, 0.088, 48
train,    2880, 46.963329,   33, 1.00,    5, 0.000, 0.000, 0.088, 48
update,   2880,  288, 169415, 1.087637, 0.000000
train,    2881, 265.485451,   84, 0.00,   12, 0.000, 0.000, 0.088, 48
train,    2882, 112.589379,   70, 1.00,    9, 0.000, 0.000, 0.088, 48
train,    2883, 232.840495,  120, 0.00,   11, 0.000, 0.000, 0.088, 48
train,    2884, 83.549898,   42, 1.00,   11, 0.000, 0.000, 0.088, 48
train,    2885, 69.767556,   49, 1.00,    8, 0.000, 0.000, 0.088, 48
train,    2886, -25.000000,    4, 1.00,    7, 0.000, 0.000, 0.088, 48
train,    2887, 199.736702,  112, 0.00,   16, 0.000, 0.000, 0.088, 48
train,    2888, 198.907889,   99, 0.00,   10, 0.000, 0.000, 0.088, 48
train,    2889, 33.879720,   87, 1.00,   10, 0.000, 0.000, 0.088, 48
train,    2890, 244.363059,  120, 0.00,   15, 0.000, 0.000, 0.088, 48
update,   2890,  289, 170202, 211.709967, 0.000000
train,    2891, 209.898690,  116, 0.00,    6, 0.000, 0.000, 0.088, 48
train,    2892, 53.959593,   45, 1.00,    7, 0.000, 0.000, 0.088, 48
train,    2893, 148.228315,   45, 0.00,   13, 0.000, 0.000, 0.088, 48
train,    2894, 92.526591,  120, 0.00,    9, 0.000, 0.000, 0.088, 48
train,    2895, 255.695867,   95, 0.00,   14, 0.000, 0.000, 0.088, 48
train,    2896, 192.686295,   80, 0.00,   14, 0.000, 0.000, 0.088, 48
train,    2897, 166.583543,   47, 1.00,   10, 0.000, 0.000, 0.088, 48
train,    2898, 181.355617,  107, 0.00,   11, 0.000, 0.000, 0.088, 48
train,    2899, 156.719216,   90, 0.00,   12, 0.000, 0.000, 0.088, 48
train,    2900, 209.266450,   68, 0.00,   11, 0.000, 0.000, 0.088, 48
update,   2900,  290, 171015, 240.000000, 0.000000
val_t, 2900, 171015, 179.436893, 0.1895,  59.1903,   0.1285, 0.5866,  26.3546, progress 0.6710
train,    2901, 270.000000,  119, 0.00,   13, 0.000, 0.000, 0.088, 48
train,    2902, 120.687944,   90, 1.00,   11, 0.000, 0.000, 0.088, 48
train,    2903, 45.102502,  120, 0.00,   14, 0.000, 0.000, 0.088, 48
train,    2904, 255.923711,   85, 0.00,   11, 0.000, 0.000, 0.088, 48
train,    2905, 67.925355,   71, 1.00,   12, 0.000, 0.000, 0.088, 48
train,    2906, 56.812593,   52, 1.00,   10, 0.000, 0.000, 0.088, 48
train,    2907, 43.138271,   80, 1.00,    9, 0.000, 0.000, 0.088, 48
train,    2908, 165.881277,   83, 0.00,   14, 0.000, 0.000, 0.087, 48
train,    2909, 139.925169,  112, 0.00,   12, 0.000, 0.000, 0.087, 48
train,    2910, 126.849291,  120, 0.00,   10, 0.000, 0.000, 0.087, 48
update,   2910,  291, 171947, 108.015352, 0.000000
train,    2911, 270.000000,  109, 0.00,   12, 0.000, 0.000, 0.087, 48
train,    2912, 160.942569,   97, 0.00,   10, 0.000, 0.000, 0.087, 48
train,    2913, 99.331474,   47, 1.00,   10, 0.000, 0.000, 0.087, 48
train,    2914, 192.886269,   83, 0.00,   11, 0.000, 0.000, 0.087, 48
train,    2915, 215.737567,   98, 0.00,    9, 0.000, 0.000, 0.087, 48
train,    2916, -25.000000,   50, 1.00,   10, 0.000, 0.000, 0.087, 48
train,    2917, 130.850376,  120, 0.00,   11, 0.000, 0.000, 0.087, 48
train,    2918, 192.329306,  120, 0.00,   12, 0.000, 0.000, 0.087, 48
train,    2919, 203.266970,  120, 0.00,   13, 0.000, 0.000, 0.087, 48
train,    2920, 56.267649,   50, 1.00,   13, 0.000, 0.000, 0.087, 48
update,   2920,  292, 172841, 48.170021, 0.000000
train,    2921, 176.311079,  114, 0.00,   14, 0.000, 0.000, 0.087, 48
train,    2922, 261.739400,  120, 0.00,   11, 0.000, 0.000, 0.087, 48
train,    2923, 35.234812,  105, 1.00,   10, 0.000, 0.000, 0.087, 48
train,    2924, 7.248922,   87, 1.00,    9, 0.000, 0.000, 0.087, 48
train,    2925, 115.276612,   33, 1.00,    6, 0.000, 0.000, 0.087, 48
train,    2926, 156.737135,   34, 1.00,    6, 0.000, 0.000, 0.087, 48
train,    2927, 11.147176,   26, 1.00,    5, 0.000, 0.000, 0.087, 48
train,    2928, 164.443683,   96, 1.00,    9, 0.000, 0.000, 0.087, 48
train,    2929, 101.218827,  120, 0.00,   12, 0.000, 0.000, 0.087, 48
train,    2930, 270.000000,   95, 0.00,   12, 0.000, 0.000, 0.087, 48
update,   2930,  293, 173671, 240.000000, 0.000000
train,    2931, -3.387585,    6, 1.00,    9, 0.000, 0.000, 0.087, 48
train,    2932, 260.304149,  114, 0.00,   15, 0.000, 0.000, 0.087, 48
train,    2933, 158.341874,  103, 0.00,    8, 0.000, 0.000, 0.087, 48
train,    2934, 160.944241,   91, 0.00,   16, 0.000, 0.000, 0.087, 48
train,    2935, 109.635463,   85, 0.00,   14, 0.000, 0.000, 0.087, 48
train,    2936, 8.796035,   45, 1.00,   14, 0.000, 0.000, 0.087, 48
train,    2937, 266.050739,   87, 0.00,   13, 0.000, 0.000, 0.086, 48
train,    2938, 174.185820,   66, 0.00,   11, 0.000, 0.000, 0.086, 48
train,    2939, 46.387883,   48, 1.00,   11, 0.000, 0.000, 0.086, 48
train,    2940, 152.211047,   51, 0.00,   10, 0.000, 0.000, 0.086, 48
update,   2940,  294, 174367, 120.647327, 0.000000
train,    2941, 157.483810,   91, 1.00,   13, 0.000, 0.000, 0.086, 48
train,    2942, 173.174134,  120, 0.00,   11, 0.000, 0.000, 0.086, 48
train,    2943, 211.137686,   76, 0.00,   16, 0.000, 0.000, 0.086, 48
train,    2944, 224.975219,   83, 0.00,   13, 0.000, 0.000, 0.086, 48
train,    2945, 143.536656,   57, 0.00,   11, 0.000, 0.000, 0.086, 48
train,    2946, 203.258005,   97, 0.00,   12, 0.000, 0.000, 0.086, 48
train,    2947, 52.922147,   23, 1.00,   12, 0.000, 0.000, 0.086, 48
train,    2948, 270.000000,   54, 0.00,   14, 0.000, 0.000, 0.086, 48
train,    2949, 230.084729,   72, 0.00,    9, 0.000, 0.000, 0.086, 48
train,    2950, -25.000000,    4, 1.00,   10, 0.000, 0.000, 0.086, 48
update,   2950,  295, 175044, 9.245391, 0.000000
train,    2951, 180.000000,   84, 1.00,   15, 0.000, 0.000, 0.086, 48
train,    2952, 204.904909,   45, 0.00,   15, 0.000, 0.000, 0.086, 48
train,    2953, 191.177348,  120, 0.00,   15, 0.000, 0.000, 0.086, 48
train,    2954, 123.077024,  107, 0.00,   11, 0.000, 0.000, 0.086, 48
train,    2955, 144.957112,    4, 1.00,    9, 0.000, 0.000, 0.086, 48
train,    2956, 224.443797,  103, 0.00,   15, 0.000, 0.000, 0.086, 48
train,    2957, 8.585643,   66, 1.00,   10, 0.000, 0.000, 0.086, 48
train,    2958, 75.788047,   45, 1.00,    8, 0.000, 0.000, 0.086, 48
train,    2959, 87.001967,   58, 1.00,    9, 0.000, 0.000, 0.086, 48
train,    2960, 147.412329,   47, 0.00,   10, 0.000, 0.000, 0.086, 48
update,   2960,  296, 175723, 193.416397, 0.000000
train,    2961, 233.286468,   62, 0.00,   16, 0.000, 0.000, 0.086, 48
train,    2962, 39.169578,   59, 0.00,   13, 0.000, 0.000, 0.086, 48
train,    2963, 65.659746,   48, 1.00,    7, 0.000, 0.000, 0.086, 48
train,    2964, 117.289913,   43, 1.00,   11, 0.000, 0.000, 0.086, 48
train,    2965, 270.000000,   68, 0.00,   14, 0.000, 0.000, 0.086, 48
train,    2966, 270.000000,   66, 0.00,   13, 0.000, 0.000, 0.085, 48
train,    2967, 265.148508,  111, 0.00,   10, 0.000, 0.000, 0.085, 48
train,    2968, 209.932895,  120, 0.00,   13, 0.000, 0.000, 0.085, 48
train,    2969, 268.966674,   74, 0.00,    7, 0.000, 0.000, 0.085, 48
train,    2970, -15.063750,   56, 1.00,   10, 0.000, 0.000, 0.085, 48
update,   2970,  297, 176430, -5.000000, 0.000000
train,    2971, 75.563358,   83, 1.00,   12, 0.000, 0.000, 0.085, 48
train,    2972, 168.310881,   72, 0.00,   14, 0.000, 0.000, 0.085, 48
train,    2973, 183.198711,  110, 0.00,   10, 0.000, 0.000, 0.085, 48
train,    2974, 253.622239,   58, 0.00,   14, 0.000, 0.000, 0.085, 48
train,    2975, 184.383768,  112, 0.00,   12, 0.000, 0.000, 0.085, 48
train,    2976, 40.649748,    4, 1.00,    7, 0.000, 0.000, 0.085, 48
train,    2977, 186.654867,  118, 0.00,   17, 0.000, 0.000, 0.085, 48
train,    2978, 244.310260,   62, 0.00,   11, 0.000, 0.000, 0.085, 48
train,    2979, 90.066831,   70, 1.00,   11, 0.000, 0.000, 0.085, 48
train,    2980, 178.544561,   96, 0.00,   12, 0.000, 0.000, 0.085, 48
update,   2980,  298, 177215, 156.342395, 0.000000
train,    2981, 180.000000,   63, 1.00,   11, 0.000, 0.000, 0.085, 48
train,    2982, 176.973928,   72, 0.00,   12, 0.000, 0.000, 0.085, 48
train,    2983, 91.766786,   57, 1.00,   15, 0.000, 0.000, 0.085, 48
train,    2984, 210.656091,   88, 0.00,   12, 0.000, 0.000, 0.085, 48
train,    2985, 91.361437,   25, 1.00,    4, 0.000, 0.000, 0.085, 48
train,    2986, -18.121443,   42, 1.00,    6, 0.000, 0.000, 0.085, 48
train,    2987, 60.526610,   34, 1.00,   13, 0.000, 0.000, 0.085, 48
train,    2988, 270.000000,   45, 0.00,   14, 0.000, 0.000, 0.085, 48
train,    2989, 169.433011,   73, 0.00,   12, 0.000, 0.000, 0.085, 48
train,    2990, 170.783870,   82, 0.00,   13, 0.000, 0.000, 0.085, 48
update,   2990,  299, 177796, 219.114211, 0.000000
train,    2991, 190.348273,  109, 0.00,   12, 0.000, 0.000, 0.085, 48
train,    2992, 25.332907,   42, 1.00,   13, 0.000, 0.000, 0.085, 48
train,    2993, 64.138096,   56, 1.00,   14, 0.000, 0.000, 0.085, 48
train,    2994, 209.140102,   79, 0.00,   13, 0.000, 0.000, 0.085, 48
train,    2995, 256.161239,   98, 0.00,   16, 0.000, 0.000, 0.084, 48
train,    2996, 123.580515,   84, 0.00,    7, 0.000, 0.000, 0.084, 48
train,    2997, 85.064340,   47, 1.00,    8, 0.000, 0.000, 0.084, 48
train,    2998, 270.000000,   80, 0.00,   14, 0.000, 0.000, 0.084, 48
train,    2999, 74.865029,   42, 1.00,   11, 0.000, 0.000, 0.084, 48
train,    3000, 78.039191,   33, 1.00,   10, 0.000, 0.000, 0.084, 48
update,   3000,  300, 178466, 89.679117, 0.000000
val_t, 3000, 178466, 158.187734, 0.2449,  68.4428,   0.1190, 0.7921,  27.3905, progress 0.8817
train,    3001, 270.000000,   85, 0.00,   11, 0.000, 0.000, 0.084, 48
train,    3002, 270.000000,   95, 0.00,   11, 0.000, 0.000, 0.084, 48
train,    3003, 238.569733,  110, 0.00,   12, 0.000, 0.000, 0.084, 48
train,    3004, 13.288952,   33, 1.00,    7, 0.000, 0.000, 0.084, 48
train,    3005, 5.677519,   25, 1.00,    9, 0.000, 0.000, 0.084, 48
train,    3006, 169.846339,   70, 0.00,   14, 0.000, 0.000, 0.084, 48
train,    3007, 242.241559,   88, 0.00,   14, 0.000, 0.000, 0.084, 48
train,    3008, 260.497646,   50, 0.00,   11, 0.000, 0.000, 0.084, 48
train,    3009, 129.671045,   76, 0.00,   12, 0.000, 0.000, 0.084, 48
train,    3010, -15.472417,   33, 1.00,    8, 0.000, 0.000, 0.084, 48
update,   3010,  301, 179131, -5.000000, 0.000000
train,    3011, 226.857323,   51, 0.00,    8, 0.000, 0.000, 0.084, 48
train,    3012, 124.277669,  114, 0.00,   14, 0.000, 0.000, 0.084, 48
train,    3013, 135.946555,   51, 1.00,   12, 0.000, 0.000, 0.084, 48
train,    3014, 121.219229,   59, 1.00,    8, 0.000, 0.000, 0.084, 48
train,    3015, 37.098063,   45, 1.00,    9, 0.000, 0.000, 0.084, 48
train,    3016, 203.322055,   86, 0.00,    9, 0.000, 0.000, 0.084, 48
train,    3017, 230.022445,   67, 0.00,   12, 0.000, 0.000, 0.084, 48
train,    3018, -5.448717,   52, 1.00,    8, 0.000, 0.000, 0.084, 48
train,    3019, 253.072664,   75, 0.00,   12, 0.000, 0.000, 0.084, 48
train,    3020, 27.377631,   65, 1.00,    8, 0.000, 0.000, 0.084, 48
update,   3020,  302, 179796, -5.000000, 0.000000
train,    3021, 47.528845,  120, 0.00,   18, 0.000, 0.000, 0.084, 48
train,    3022, 239.542130,  120, 0.00,   11, 0.000, 0.000, 0.084, 48
train,    3023, 221.982641,   86, 0.00,   16, 0.000, 0.000, 0.084, 48
train,    3024, 125.660407,  104, 1.00,   16, 0.000, 0.000, 0.084, 48
train,    3025, 202.799034,  106, 0.00,   12, 0.000, 0.000, 0.083, 48
train,    3026, 211.047523,   75, 0.00,   13, 0.000, 0.000, 0.083, 48
train,    3027, 18.436006,   46, 1.00,    6, 0.000, 0.000, 0.083, 48
train,    3028, 248.675135,  100, 0.00,   13, 0.000, 0.000, 0.083, 48
train,    3029, 158.531829,   49, 0.00,   11, 0.000, 0.000, 0.083, 48
train,    3030, 263.148726,   60, 0.00,   12, 0.000, 0.000, 0.083, 48
update,   3030,  303, 180662, 240.000000, 0.000000
train,    3031, 147.637394,   82, 0.00,   12, 0.000, 0.000, 0.083, 48
train,    3032, 233.156095,   82, 0.00,   10, 0.000, 0.000, 0.083, 48
train,    3033, 173.374276,   45, 0.00,    9, 0.000, 0.000, 0.083, 48
train,    3034, 170.036770,   45, 0.00,    9, 0.000, 0.000, 0.083, 48
train,    3035, 100.363416,   65, 0.00,   15, 0.000, 0.000, 0.083, 48
train,    3036, 131.608224,   99, 0.00,   14, 0.000, 0.000, 0.083, 48
train,    3037, 228.320598,  120, 0.00,   14, 0.000, 0.000, 0.083, 48
train,    3038, 235.716933,   81, 0.00,   13, 0.000, 0.000, 0.083, 48
train,    3039, 270.000000,   70, 0.00,   13, 0.000, 0.000, 0.083, 48
train,    3040, 167.628953,   59, 0.00,   12, 0.000, 0.000, 0.083, 48
update,   3040,  304, 181410, 184.690094, 0.000000
train,    3041, 28.127996,   69, 1.00,   10, 0.000, 0.000, 0.083, 48
train,    3042, 270.000000,   45, 0.00,   15, 0.000, 0.000, 0.083, 48
train,    3043, 237.068790,   73, 0.00,   11, 0.000, 0.000, 0.083, 48
train,    3044, 201.711060,   45, 0.00,   11, 0.000, 0.000, 0.083, 48
train,    3045, 59.894787,   25, 1.00,    8, 0.000, 0.000, 0.083, 48
train,    3046, 191.797272,   63, 0.00,    9, 0.000, 0.000, 0.083, 48
train,    3047, 199.167342,   73, 0.00,   16, 0.000, 0.000, 0.083, 48
train,    3048, 116.462413,   47, 0.00,   13, 0.000, 0.000, 0.083, 48
train,    3049, 148.992116,   74, 0.00,   12, 0.000, 0.000, 0.083, 48
train,    3050, 196.854484,   70, 0.00,   13, 0.000, 0.000, 0.083, 48
update,   3050,  305, 181994, 207.615225, 0.000000
train,    3051, 270.000000,   60, 0.00,   12, 0.000, 0.000, 0.083, 48
train,    3052, 226.745765,   65, 0.00,   11, 0.000, 0.000, 0.083, 48
train,    3053, 190.994871,   83, 0.00,   15, 0.000, 0.000, 0.083, 48
train,    3054, 188.782691,   45, 0.00,   10, 0.000, 0.000, 0.083, 48
train,    3055, 261.878655,   88, 0.00,   10, 0.000, 0.000, 0.082, 48
train,    3056, 247.779244,   81, 0.00,   13, 0.000, 0.000, 0.082, 48
train,    3057, 213.474978,   82, 0.00,    6, 0.000, 0.000, 0.082, 48
train,    3058, 214.820331,  116, 0.00,   15, 0.000, 0.000, 0.082, 48
train,    3059, 212.619927,   69, 0.00,   12, 0.000, 0.000, 0.082, 48
train,    3060, 270.000000,  116, 0.00,   16, 0.000, 0.000, 0.082, 48
update,   3060,  306, 182799, 207.139631, 0.000000
train,    3061, 166.673303,   67, 0.00,   10, 0.000, 0.000, 0.082, 48
train,    3062, 98.925596,   76, 1.00,   12, 0.000, 0.000, 0.082, 48
train,    3063, 159.953395,   76, 0.00,   16, 0.000, 0.000, 0.082, 48
train,    3064, 200.129164,   71, 0.00,   14, 0.000, 0.000, 0.082, 48
train,    3065, 193.249610,   75, 0.00,   13, 0.000, 0.000, 0.082, 48
train,    3066, -10.628499,    4, 1.00,    7, 0.000, 0.000, 0.082, 48
train,    3067, 109.651168,   26, 1.00,    7, 0.000, 0.000, 0.082, 48
train,    3068, 223.687651,   52, 0.00,   13, 0.000, 0.000, 0.082, 48
train,    3069, 123.728539,   45, 0.00,   11, 0.000, 0.000, 0.082, 48
train,    3070, 184.428546,   45, 0.00,   16, 0.000, 0.000, 0.082, 48
update,   3070,  307, 183336, 128.118763, 0.000000
train,    3071, 155.599152,   99, 1.00,   13, 0.000, 0.000, 0.082, 48
train,    3072, 257.465514,   66, 0.00,   12, 0.000, 0.000, 0.082, 48
train,    3073, 183.358229,   45, 0.00,   13, 0.000, 0.000, 0.082, 48
train,    3074, 196.570816,   71, 0.00,   10, 0.000, 0.000, 0.082, 48
train,    3075, 270.000000,   71, 0.00,   16, 0.000, 0.000, 0.082, 48
train,    3076, 143.923815,   58, 0.00,   15, 0.000, 0.000, 0.082, 48
train,    3077, 198.296221,   75, 0.00,   11, 0.000, 0.000, 0.082, 48
train,    3078, 224.323753,   78, 0.00,   12, 0.000, 0.000, 0.082, 48
train,    3079, 42.032924,   98, 0.00,   10, 0.000, 0.000, 0.082, 48
train,    3080, -25.000000,   36, 1.00,   11, 0.000, 0.000, 0.082, 48
update,   3080,  308, 184033, -5.000000, 0.000000
train,    3081, 65.924725,   42, 1.00,    7, 0.000, 0.000, 0.082, 48
train,    3082, 94.983913,   51, 0.00,    7, 0.000, 0.000, 0.082, 48
train,    3083, 234.462615,   67, 0.00,   11, 0.000, 0.000, 0.082, 48
train,    3084, 9.039395,   21, 1.00,    8, 0.000, 0.000, 0.082, 48
train,    3085, 222.622257,   65, 0.00,    9, 0.000, 0.000, 0.081, 48
train,    3086, 137.702546,   45, 0.00,   10, 0.000, 0.000, 0.081, 48
train,    3087, 171.871449,   96, 0.00,    9, 0.000, 0.000, 0.081, 48
train,    3088, 166.476832,   69, 0.00,   10, 0.000, 0.000, 0.081, 48
train,    3089, 270.000000,   78, 0.00,   16, 0.000, 0.000, 0.081, 48
train,    3090, 270.000000,   98, 0.00,   10, 0.000, 0.000, 0.081, 48
update,   3090,  309, 184665, 240.000000, 0.000000
train,    3091, 242.013416,   76, 0.00,   12, 0.000, 0.000, 0.081, 48
train,    3092, 144.435322,   93, 0.00,   12, 0.000, 0.000, 0.081, 48
train,    3093, 185.315822,   74, 0.00,   16, 0.000, 0.000, 0.081, 48
train,    3094, 259.375545,   65, 0.00,   11, 0.000, 0.000, 0.081, 48
train,    3095, 209.530712,   78, 0.00,   12, 0.000, 0.000, 0.081, 48
train,    3096, 173.413573,   99, 0.00,   14, 0.000, 0.000, 0.081, 48
train,    3097, 26.957246,   20, 1.00,    7, 0.000, 0.000, 0.081, 48
train,    3098, 115.186161,   49, 0.00,   12, 0.000, 0.000, 0.081, 48
train,    3099, 64.011937,   28, 1.00,    8, 0.000, 0.000, 0.081, 48
train,    3100, 89.309079,  100, 0.00,   18, 0.000, 0.000, 0.081, 48
update,   3100,  310, 185347, 162.377311, 0.000000
val_t, 3100, 185347, 157.008050, 0.2661,  66.8045,   0.1608, 0.6622,  26.6688, progress 0.7491
train,    3101, 180.761828,   84, 0.00,   12, 0.000, 0.000, 0.081, 48
train,    3102, 90.844596,   67, 1.00,    7, 0.000, 0.000, 0.081, 48
train,    3103, 80.980605,   69, 1.00,   11, 0.000, 0.000, 0.081, 48
train,    3104, 249.746203,   72, 0.00,   13, 0.000, 0.000, 0.081, 48
train,    3105, 49.208597,    4, 1.00,    9, 0.000, 0.000, 0.081, 48
train,    3106, 52.779004,   41, 1.00,    8, 0.000, 0.000, 0.081, 48
train,    3107, 8.850487,   46, 1.00,    9, 0.000, 0.000, 0.081, 48
train,    3108, 176.229625,   82, 0.00,   11, 0.000, 0.000, 0.081, 48
train,    3109, 107.875586,   83, 1.00,   10, 0.000, 0.000, 0.081, 48
train,    3110, 232.613586,   86, 0.00,   14, 0.000, 0.000, 0.081, 48
update,   3110,  311, 185981, 240.000000, 0.000000
train,    3111, 212.508032,   83, 0.00,   11, 0.000, 0.000, 0.081, 48
train,    3112, 198.821746,   78, 0.00,   12, 0.000, 0.000, 0.081, 48
train,    3113, 270.000000,   97, 0.00,   11, 0.000, 0.000, 0.081, 48
train,    3114, 162.029054,   92, 0.00,   14, 0.000, 0.000, 0.081, 48
train,    3115, 156.407367,   83, 1.00,   10, 0.000, 0.000, 0.081, 48
train,    3116, 125.104573,  109, 0.00,   14, 0.000, 0.000, 0.080, 48
train,    3117, 180.000000,   94, 1.00,   10, 0.000, 0.000, 0.080, 48
train,    3118, 193.262201,  116, 0.00,   16, 0.000, 0.000, 0.080, 48
train,    3119, 270.000000,  120, 0.00,   15, 0.000, 0.000, 0.080, 48
train,    3120, 215.640520,  107, 0.00,   12, 0.000, 0.000, 0.080, 48
update,   3120,  312, 186960, 240.000000, 0.000000
train,    3121, 176.051628,   74, 0.00,   15, 0.000, 0.000, 0.080, 48
train,    3122, 107.177471,  102, 0.00,   11, 0.000, 0.000, 0.080, 48
train,    3123, 232.142399,  120, 0.00,   11, 0.000, 0.000, 0.080, 48
train,    3124, 137.907009,  109, 0.00,   13, 0.000, 0.000, 0.080, 48
train,    3125, 119.547685,   28, 1.00,   11, 0.000, 0.000, 0.080, 48
train,    3126, 179.494660,  120, 0.00,   15, 0.000, 0.000, 0.080, 48
train,    3127, 132.259591,   93, 0.00,   12, 0.000, 0.000, 0.080, 48
train,    3128, 51.605111,    4, 1.00,   10, 0.000, 0.000, 0.080, 48
train,    3129, 194.474543,   99, 0.00,   13, 0.000, 0.000, 0.080, 48
train,    3130, 191.148023,  106, 0.00,   15, 0.000, 0.000, 0.080, 48
update,   3130,  313, 187815, 172.509422, 0.000000
train,    3131, 128.743388,   69, 1.00,   14, 0.000, 0.000, 0.080, 48
train,    3132, 145.188714,  114, 0.00,   15, 0.000, 0.000, 0.080, 48
train,    3133, 182.008963,  120, 0.00,   10, 0.000, 0.000, 0.080, 48
train,    3134, 152.721474,   96, 0.00,   16, 0.000, 0.000, 0.080, 48
train,    3135, -25.000000,    4, 1.00,    6, 0.000, 0.000, 0.080, 48
train,    3136, 155.233887,   58, 0.00,   14, 0.000, 0.000, 0.080, 48
train,    3137, 66.849193,   37, 1.00,   16, 0.000, 0.000, 0.080, 48
train,    3138, 1.515983,   16, 1.00,    6, 0.000, 0.000, 0.080, 48
train,    3139, 80.142423,   20, 1.00,    8, 0.000, 0.000, 0.080, 48
train,    3140, 95.758463,   33, 1.00,   12, 0.000, 0.000, 0.080, 48
update,   3140,  314, 188382, 100.707170, 0.000000
train,    3141, 148.515706,  120, 0.00,   13, 0.000, 0.000, 0.080, 48
train,    3142, 270.000000,  105, 0.00,   12, 0.000, 0.000, 0.080, 48
train,    3143, 270.000000,  120, 0.00,   13, 0.000, 0.000, 0.080, 48
train,    3144, 67.307090,   57, 1.00,   15, 0.000, 0.000, 0.080, 48
train,    3145, 93.255663,   29, 1.00,    7, 0.000, 0.000, 0.080, 48
train,    3146, 48.370668,   37, 1.00,   10, 0.000, 0.000, 0.080, 48
train,    3147, 39.999826,   56, 1.00,   10, 0.000, 0.000, 0.079, 48
train,    3148, 42.347693,    8, 1.00,    4, 0.000, 0.000, 0.079, 48
train,    3149, 21.774562,   40, 1.00,   11, 0.000, 0.000, 0.079, 48
train,    3150, 67.354181,   64, 1.00,   13, 0.000, 0.000, 0.079, 48
update,   3150,  315, 189018, 89.276960, 0.000000
train,    3151, -25.000000,    4, 1.00,    9, 0.000, 0.000, 0.079, 48
train,    3152, 181.541015,  120, 0.00,   11, 0.000, 0.000, 0.079, 48
train,    3153, 254.944588,  120, 0.00,   12, 0.000, 0.000, 0.079, 48
train,    3154, -11.602830,   11, 1.00,    5, 0.000, 0.000, 0.079, 48
train,    3155, 270.000000,   68, 0.00,   12, 0.000, 0.000, 0.079, 48
train,    3156, 70.812957,   38, 1.00,   10, 0.000, 0.000, 0.079, 48
train,    3157, 202.887481,   97, 0.00,   11, 0.000, 0.000, 0.079, 48
train,    3158, 180.264013,   66, 0.00,   10, 0.000, 0.000, 0.079, 48
train,    3159, 191.077116,   93, 0.00,   12, 0.000, 0.000, 0.079, 48
train,    3160, 208.921784,   55, 0.00,   11, 0.000, 0.000, 0.079, 48
update,   3160,  316, 189690, 228.471595, 0.000000
train,    3161, 81.636055,  120, 0.00,   16, 0.000, 0.000, 0.079, 48
train,    3162, 270.000000,   94, 0.00,   16, 0.000, 0.000, 0.079, 48
train,    3163, 220.679303,  120, 0.00,   17, 0.000, 0.000, 0.079, 48
train,    3164, 193.506759,  110, 0.00,   13, 0.000, 0.000, 0.079, 48
train,    3165, 24.864587,   21, 1.00,    8, 0.000, 0.000, 0.079, 48
train,    3166, 270.000000,   82, 0.00,   17, 0.000, 0.000, 0.079, 48
train,    3167, -24.090723,   43, 1.00,    6, 0.000, 0.000, 0.079, 48
train,    3168, 209.255215,   67, 0.00,   12, 0.000, 0.000, 0.079, 48
train,    3169, 147.165002,   81, 0.00,   13, 0.000, 0.000, 0.079, 48
train,    3170, 119.531039,  120, 0.00,   12, 0.000, 0.000, 0.079, 48
update,   3170,  317, 190548, 187.093130, 0.000000
train,    3171, 32.920805,   62, 1.00,    9, 0.000, 0.000, 0.079, 48
train,    3172, 137.990551,   49, 0.00,   13, 0.000, 0.000, 0.079, 48
train,    3173, 195.854493,  120, 0.00,   14, 0.000, 0.000, 0.079, 48
train,    3174, 143.431907,  105, 0.00,    7, 0.000, 0.000, 0.079, 48
train,    3175, 205.891367,  120, 0.00,   14, 0.000, 0.000, 0.079, 48
train,    3176, 201.625218,   94, 0.00,   13, 0.000, 0.000, 0.079, 48
train,    3177, 180.743346,  114, 0.00,   11, 0.000, 0.000, 0.079, 48
train,    3178, 57.861995,    6, 1.00,   12, 0.000, 0.000, 0.079, 48
train,    3179, 222.184227,  114, 0.00,   11, 0.000, 0.000, 0.078, 48
train,    3180, 180.000000,  105, 1.00,   15, 0.000, 0.000, 0.078, 48
update,   3180,  318, 191437, 198.634941, 0.000000
train,    3181, 151.162051,  120, 0.00,   11, 0.000, 0.000, 0.078, 48
train,    3182, 55.764628,   43, 1.00,    6, 0.000, 0.000, 0.078, 48
train,    3183, 154.083981,   63, 0.00,   12, 0.000, 0.000, 0.078, 48
train,    3184, 110.556579,  104, 0.00,   16, 0.000, 0.000, 0.078, 48
train,    3185, -25.000000,   15, 1.00,    6, 0.000, 0.000, 0.078, 48
train,    3186, 162.724889,  108, 0.00,   11, 0.000, 0.000, 0.078, 48
train,    3187, 267.662719,  113, 0.00,   14, 0.000, 0.000, 0.078, 48
train,    3188, 172.690461,   66, 0.00,   11, 0.000, 0.000, 0.078, 48
train,    3189, 68.075102,   63, 1.00,    8, 0.000, 0.000, 0.078, 48
train,    3190, 97.417601,   69, 1.00,   12, 0.000, 0.000, 0.078, 48
update,   3190,  319, 192201, 161.216537, 0.000000
train,    3191, 158.060165,  120, 0.00,    9, 0.000, 0.000, 0.078, 48
train,    3192, 211.952949,   49, 0.00,   13, 0.000, 0.000, 0.078, 48
train,    3193, 202.072040,   98, 0.00,   13, 0.000, 0.000, 0.078, 48
train,    3194, 120.433139,  106, 0.00,    7, 0.000, 0.000, 0.078, 48
train,    3195, 55.951574,   33, 1.00,   13, 0.000, 0.000, 0.078, 48
train,    3196, 156.712063,  117, 0.00,   12, 0.000, 0.000, 0.078, 48
train,    3197, 204.531475,  120, 0.00,   10, 0.000, 0.000, 0.078, 48
train,    3198, 8.370730,   40, 1.00,    8, 0.000, 0.000, 0.078, 48
train,    3199, 184.823095,  102, 0.00,    8, 0.000, 0.000, 0.078, 48
train,    3200, 160.680301,   85, 0.00,   13, 0.000, 0.000, 0.078, 48
update,   3200,  320, 193071, 186.089855, 0.000000
val_t, 3200, 193071, 180.712610, 0.1237,  59.3256,   0.1115, 0.7784,  25.6733, progress 0.7698
train,    3201, 213.857280,  112, 0.00,   12, 0.000, 0.000, 0.078, 48
train,    3202, 14.338879,    8, 1.00,    5, 0.000, 0.000, 0.078, 48
train,    3203, 252.351154,  116, 0.00,   15, 0.000, 0.000, 0.078, 48
train,    3204, 201.492835,   82, 0.00,   10, 0.000, 0.000, 0.078, 48
train,    3205, 62.827395,   59, 1.00,   10, 0.000, 0.000, 0.078, 48
train,    3206, 160.550454,   99, 0.00,   14, 0.000, 0.000, 0.078, 48
train,    3207, 56.429269,    6, 1.00,    7, 0.000, 0.000, 0.078, 48
train,    3208, 206.942202,  120, 0.00,    6, 0.000, 0.000, 0.078, 48
train,    3209, 121.769362,  105, 1.00,   12, 0.000, 0.000, 0.078, 48
train,    3210, 266.265992,  104, 0.00,   11, 0.000, 0.000, 0.078, 48
update,   3210,  321, 193882, 240.000000, 0.000000
train,    3211, 205.223945,   54, 0.00,   12, 0.000, 0.000, 0.077, 48
train,    3212, 96.969761,   80, 1.00,   10, 0.000, 0.000, 0.077, 48
train,    3213, 243.430547,   96, 0.00,   13, 0.000, 0.000, 0.077, 48
train,    3214, 270.000000,   92, 0.00,   15, 0.000, 0.000, 0.077, 48
train,    3215, 137.784326,  100, 0.00,    9, 0.000, 0.000, 0.077, 48
train,    3216, 258.382536,  101, 0.00,   15, 0.000, 0.000, 0.077, 48
train,    3217, 144.233926,  120, 0.00,   10, 0.000, 0.000, 0.077, 48
train,    3218, 198.140973,  117, 0.00,   13, 0.000, 0.000, 0.077, 48
train,    3219, 70.229471,   74, 1.00,    9, 0.000, 0.000, 0.077, 48
train,    3220, 203.553738,  120, 0.00,    7, 0.000, 0.000, 0.077, 48
update,   3220,  322, 194836, 156.521296, 0.000000
train,    3221, 97.323746,  105, 0.00,    9, 0.000, 0.000, 0.077, 48
train,    3222, 137.153154,   70, 1.00,   11, 0.000, 0.000, 0.077, 48
train,    3223, 251.921407,   97, 0.00,   11, 0.000, 0.000, 0.077, 48
train,    3224, 89.037057,   54, 1.00,   10, 0.000, 0.000, 0.077, 48
train,    3225, 200.599972,   91, 0.00,   15, 0.000, 0.000, 0.077, 48
train,    3226, 257.376052,  120, 0.00,   10, 0.000, 0.000, 0.077, 48
train,    3227, 181.857532,  110, 0.00,   12, 0.000, 0.000, 0.077, 48
train,    3228, 215.388925,  120, 0.00,   13, 0.000, 0.000, 0.077, 48
train,    3229, 179.124564,  109, 0.00,   11, 0.000, 0.000, 0.077, 48
train,    3230, 180.000000,   81, 1.00,   10, 0.000, 0.000, 0.077, 48
update,   3230,  323, 195793, 153.081057, 0.000000
train,    3231, 104.159349,   32, 1.00,    7, 0.000, 0.000, 0.077, 48
train,    3232, 141.882234,  120, 0.00,   13, 0.000, 0.000, 0.077, 48
train,    3233, 215.246221,  120, 0.00,   10, 0.000, 0.000, 0.077, 48
train,    3234, 37.304209,   81, 1.00,   11, 0.000, 0.000, 0.077, 48
train,    3235, 147.652081,  120, 0.00,   15, 0.000, 0.000, 0.077, 48
train,    3236, 270.000000,  106, 0.00,   13, 0.000, 0.000, 0.077, 48
train,    3237, 243.734530,   92, 0.00,   12, 0.000, 0.000, 0.077, 48
train,    3238, 98.610732,   87, 1.00,   17, 0.000, 0.000, 0.077, 48
train,    3239, 249.906575,  119, 0.00,   10, 0.000, 0.000, 0.077, 48
train,    3240, 192.467126,   85, 0.00,   15, 0.000, 0.000, 0.077, 48
update,   3240,  324, 196755, 192.611610, 0.000000
train,    3241, 188.757065,   81, 0.00,   12, 0.000, 0.000, 0.077, 48
train,    3242, 235.937841,  109, 0.00,   14, 0.000, 0.000, 0.077, 48
train,    3243, 178.466519,  109, 0.00,   11, 0.000, 0.000, 0.077, 48
train,    3244, 120.536544,   34, 1.00,    8, 0.000, 0.000, 0.076, 48
train,    3245, 241.879295,   76, 0.00,   13, 0.000, 0.000, 0.076, 48
train,    3246, 13.391182,   31, 1.00,   13, 0.000, 0.000, 0.076, 48
train,    3247, 158.336494,   71, 1.00,   10, 0.000, 0.000, 0.076, 48
train,    3248, 227.192697,   72, 0.00,   12, 0.000, 0.000, 0.076, 48
train,    3249, 270.000000,   95, 0.00,   11, 0.000, 0.000, 0.076, 48
train,    3250, -0.388027,   10, 1.00,    5, 0.000, 0.000, 0.076, 48
update,   3250,  325, 197443, 14.248982, 0.000000
train,    3251, 213.282218,  102, 0.00,   10, 0.000, 0.000, 0.076, 48
train,    3252, 270.000000,   82, 0.00,   10, 0.000, 0.000, 0.076, 48
train,    3253, 24.287198,   56, 1.00,   11, 0.000, 0.000, 0.076, 48
train,    3254, -25.000000,   38, 1.00,    8, 0.000, 0.000, 0.076, 48
train,    3255, 262.399995,   91, 0.00,   14, 0.000, 0.000, 0.076, 48
train,    3256, 213.344849,   45, 0.00,   14, 0.000, 0.000, 0.076, 48
train,    3257, 138.176660,   49, 0.00,    8, 0.000, 0.000, 0.076, 48
train,    3258, 135.831109,   71, 0.00,   10, 0.000, 0.000, 0.076, 48
train,    3259, 270.000000,  120, 0.00,   11, 0.000, 0.000, 0.076, 48
train,    3260, 267.153924,   82, 0.00,   14, 0.000, 0.000, 0.076, 48
update,   3260,  326, 198179, 240.000000, 0.000000
train,    3261, 180.000000,   72, 1.00,   12, 0.000, 0.000, 0.076, 48
train,    3262, 124.233637,   94, 0.00,   11, 0.000, 0.000, 0.076, 48
train,    3263, 246.686839,   76, 0.00,   14, 0.000, 0.000, 0.076, 48
train,    3264, 270.000000,   45, 0.00,   14, 0.000, 0.000, 0.076, 48
train,    3265, 7.162455,   33, 1.00,    7, 0.000, 0.000, 0.076, 48
train,    3266, -6.352778,   21, 1.00,    8, 0.000, 0.000, 0.076, 48
train,    3267, 270.000000,   97, 0.00,   12, 0.000, 0.000, 0.076, 48
train,    3268, 19.287087,    4, 1.00,    7, 0.000, 0.000, 0.076, 48
train,    3269, 270.000000,   45, 0.00,   12, 0.000, 0.000, 0.076, 48
train,    3270, 249.616093,   63, 0.00,   15, 0.000, 0.000, 0.076, 48
update,   3270,  327, 198729, 240.000000, 0.000000
train,    3271, 144.733060,   84, 0.00,   15, 0.000, 0.000, 0.076, 48
train,    3272, 61.823921,   59, 1.00,   11, 0.000, 0.000, 0.076, 48
train,    3273, 182.017204,   45, 0.00,   13, 0.000, 0.000, 0.076, 48
train,    3274, 158.394951,   97, 0.00,   11, 0.000, 0.000, 0.076, 48
train,    3275, -25.000000,    4, 1.00,    8, 0.000, 0.000, 0.076, 48
train,    3276, 123.475951,   78, 0.00,   11, 0.000, 0.000, 0.075, 48
train,    3277, 211.177980,   96, 0.00,   15, 0.000, 0.000, 0.075, 48
train,    3278, 246.971430,   72, 0.00,   14, 0.000, 0.000, 0.075, 48
train,    3279, 270.000000,   60, 0.00,   12, 0.000, 0.000, 0.075, 48
train,    3280, 55.205832,   74, 1.00,   12, 0.000, 0.000, 0.075, 48
update,   3280,  328, 199398, 108.124153, 0.000000
train,    3281, 232.526282,   45, 0.00,    7, 0.000, 0.000, 0.075, 48
train,    3282, 159.387144,   79, 0.00,    9, 0.000, 0.000, 0.075, 48
train,    3283, 183.550659,  106, 0.00,   15, 0.000, 0.000, 0.075, 48
train,    3284, 208.179368,   45, 0.00,   12, 0.000, 0.000, 0.075, 48
train,    3285, 80.702774,   51, 1.00,    9, 0.000, 0.000, 0.075, 48
train,    3286, 64.692671,   90, 0.00,    8, 0.000, 0.000, 0.075, 48
train,    3287, 53.693102,   27, 1.00,   11, 0.000, 0.000, 0.075, 48
train,    3288, 234.914850,   96, 0.00,   12, 0.000, 0.000, 0.075, 48
train,    3289, 242.880967,   59, 0.00,   13, 0.000, 0.000, 0.075, 48
train,    3290, 254.983138,   62, 0.00,   14, 0.000, 0.000, 0.075, 48
update,   3290,  329, 200058, 240.000000, 0.000000
train,    3291, 206.327996,   45, 0.00,   13, 0.000, 0.000, 0.075, 48
train,    3292, 124.151138,   82, 1.00,   10, 0.000, 0.000, 0.075, 48
train,    3293, 55.723647,   60, 1.00,   10, 0.000, 0.000, 0.075, 48
train,    3294, 52.724175,   40, 1.00,    8, 0.000, 0.000, 0.075, 48
train,    3295, 262.881896,   64, 0.00,   12, 0.000, 0.000, 0.075, 48
train,    3296, 146.645018,   97, 1.00,   12, 0.000, 0.000, 0.075, 48
train,    3297, 157.768851,   95, 0.00,   16, 0.000, 0.000, 0.075, 48
train,    3298, 84.083158,   37, 1.00,    8, 0.000, 0.000, 0.075, 48
train,    3299, 172.451393,   87, 0.00,   17, 0.000, 0.000, 0.075, 48
train,    3300, 163.993708,   85, 0.00,   12, 0.000, 0.000, 0.075, 48
update,   3300,  330, 200750, 215.951687, 0.000000
val_t, 3300, 200750, 150.282358, 0.2633,  58.6764,   0.1318, 0.6756,  25.9270, progress 0.8098
train,    3301, 111.824201,   54, 1.00,   14, 0.000, 0.000, 0.075, 48
train,    3302, 188.716864,   94, 0.00,   15, 0.000, 0.000, 0.075, 48
train,    3303, 9.563662,   85, 1.00,   11, 0.000, 0.000, 0.075, 48
train,    3304, 140.150995,   91, 0.00,   14, 0.000, 0.000, 0.075, 48
train,    3305, 270.000000,   45, 0.00,   14, 0.000, 0.000, 0.075, 48
train,    3306, 184.691505,   98, 0.00,   15, 0.000, 0.000, 0.075, 48
train,    3307, 199.599683,   50, 0.00,   12, 0.000, 0.000, 0.075, 48
train,    3308, -14.932419,   30, 1.00,   10, 0.000, 0.000, 0.075, 48
train,    3309, 270.000000,   77, 0.00,   14, 0.000, 0.000, 0.075, 48
train,    3310, 263.065941,   57, 0.00,   15, 0.000, 0.000, 0.074, 48
update,   3310,  331, 201431, 240.000000, 0.000000
train,    3311, 155.737630,   74, 0.00,    8, 0.000, 0.000, 0.074, 48
train,    3312, 270.000000,   86, 0.00,   12, 0.000, 0.000, 0.074, 48
train,    3313, 270.000000,   59, 0.00,   13, 0.000, 0.000, 0.074, 48
train,    3314, 134.149935,   56, 1.00,    8, 0.000, 0.000, 0.074, 48
train,    3315, 78.454654,   13, 1.00,    6, 0.000, 0.000, 0.074, 48
train,    3316, 144.849114,   87, 0.00,   14, 0.000, 0.000, 0.074, 48
train,    3317, 216.996494,   95, 0.00,   11, 0.000, 0.000, 0.074, 48
train,    3318, 101.902018,   63, 1.00,   12, 0.000, 0.000, 0.074, 48
train,    3319, 25.369806,   15, 1.00,    6, 0.000, 0.000, 0.074, 48
train,    3320, 152.962925,   58, 0.00,   10, 0.000, 0.000, 0.074, 48
update,   3320,  332, 202037, 150.366023, 0.000000
train,    3321, 134.428164,   89, 0.00,   11, 0.000, 0.000, 0.074, 48
train,    3322, 88.242237,   48, 1.00,   13, 0.000, 0.000, 0.074, 48
train,    3323, 176.950711,  108, 0.00,   13, 0.000, 0.000, 0.074, 48
train,    3324, 230.092032,  115, 0.00,   11, 0.000, 0.000, 0.074, 48
train,    3325, 219.436784,   45, 0.00,   11, 0.000, 0.000, 0.074, 48
train,    3326, 183.755091,   89, 0.00,   12, 0.000, 0.000, 0.074, 48
train,    3327, 199.920142,  115, 0.00,   12, 0.000, 0.000, 0.074, 48
train,    3328, 247.675964,  101, 0.00,    7, 0.000, 0.000, 0.074, 48
train,    3329, 128.371216,  103, 1.00,   11, 0.000, 0.000, 0.074, 48
train,    3330, 270.000000,   76, 0.00,   12, 0.000, 0.000, 0.074, 48
update,   3330,  333, 202926, 183.815922, 0.000000
train,    3331, 111.044728,   42, 1.00,    7, 0.000, 0.000, 0.074, 48
train,    3332, 166.218323,   58, 0.00,   14, 0.000, 0.000, 0.074, 48
train,    3333, 19.609850,   26, 1.00,    6, 0.000, 0.000, 0.074, 48
train,    3334, 198.868295,   86, 0.00,   12, 0.000, 0.000, 0.074, 48
train,    3335, 206.340954,   88, 0.00,   11, 0.000, 0.000, 0.074, 48
train,    3336, 168.517431,   71, 1.00,   12, 0.000, 0.000, 0.074, 48
train,    3337, 136.638102,   47, 1.00,    8, 0.000, 0.000, 0.074, 48
train,    3338, 128.948137,  105, 1.00,   13, 0.000, 0.000, 0.074, 48
train,    3339, 234.175782,   77, 0.00,   13, 0.000, 0.000, 0.074, 48
train,    3340, 245.099477,   66, 0.00,   16, 0.000, 0.000, 0.074, 48
update,   3340,  334, 203592, 238.539344, 0.000000
train,    3341, 65.224838,   48, 1.00,    8, 0.000, 0.000, 0.074, 48
train,    3342, 160.961645,   77, 0.00,   12, 0.000, 0.000, 0.074, 48
train,    3343, 180.000000,   90, 1.00,   15, 0.000, 0.000, 0.074, 48
train,    3344, 227.545300,   66, 0.00,   10, 0.000, 0.000, 0.073, 48
train,    3345, 42.919585,   80, 1.00,   11, 0.000, 0.000, 0.073, 48
train,    3346, 104.804517,   82, 1.00,   13, 0.000, 0.000, 0.073, 48
train,    3347, 260.684342,   59, 0.00,   17, 0.000, 0.000, 0.073, 48
train,    3348, 134.611903,   76, 1.00,   13, 0.000, 0.000, 0.073, 48
train,    3349, 103.510382,   11, 1.00,    9, 0.000, 0.000, 0.073, 48
train,    3350, 190.565012,   92, 0.00,   15, 0.000, 0.000, 0.073, 48
update,   3350,  335, 204273, 213.802246, 0.000000
train,    3351, 140.403689,  120, 0.00,   12, 0.000, 0.000, 0.073, 48
train,    3352, 248.798613,   78, 0.00,   16, 0.000, 0.000, 0.073, 48
train,    3353, 256.943148,   90, 0.00,   10, 0.000, 0.000, 0.073, 48
train,    3354, 191.438969,   55, 0.00,   15, 0.000, 0.000, 0.073, 48
train,    3355, 111.402318,  114, 0.00,   13, 0.000, 0.000, 0.073, 48
train,    3356, 180.000000,   92, 1.00,   10, 0.000, 0.000, 0.073, 48
train,    3357, 195.334075,   63, 0.00,   11, 0.000, 0.000, 0.073, 48
train,    3358, 233.429674,  120, 0.00,   15, 0.000, 0.000, 0.073, 48
train,    3359, 200.314291,   45, 0.00,   12, 0.000, 0.000, 0.073, 48
train,    3360, 89.600069,   62, 1.00,    7, 0.000, 0.000, 0.073, 48
update,   3360,  336, 205112, 50.658676, 0.000000
train,    3361, 126.330412,   48, 0.00,   12, 0.000, 0.000, 0.073, 48
train,    3362, 145.729098,   45, 0.00,   12, 0.000, 0.000, 0.073, 48
train,    3363, 158.084857,   53, 0.00,   12, 0.000, 0.000, 0.073, 48
train,    3364, 136.925843,   89, 0.00,   17, 0.000, 0.000, 0.073, 48
train,    3365, 168.850004,   45, 0.00,   11, 0.000, 0.000, 0.073, 48
train,    3366, 132.177716,   82, 0.00,   15, 0.000, 0.000, 0.073, 48
train,    3367, 222.434106,   46, 0.00,   14, 0.000, 0.000, 0.073, 48
train,    3368, 231.779446,   98, 0.00,   12, 0.000, 0.000, 0.073, 48
train,    3369, 29.590062,   58, 1.00,    6, 0.000, 0.000, 0.073, 48
train,    3370, 115.333564,   90, 0.00,   10, 0.000, 0.000, 0.073, 48
update,   3370,  337, 205766, 150.532976, 0.000000
train,    3371, 208.483600,   58, 0.00,   12, 0.000, 0.000, 0.073, 48
train,    3372, 256.119348,   92, 0.00,   14, 0.000, 0.000, 0.073, 48
train,    3373, 65.437386,   64, 1.00,    9, 0.000, 0.000, 0.073, 48
train,    3374, 246.147978,   57, 0.00,   15, 0.000, 0.000, 0.073, 48
train,    3375, 48.547966,    4, 1.00,    6, 0.000, 0.000, 0.073, 48
train,    3376, 259.691043,  120, 0.00,   11, 0.000, 0.000, 0.073, 48
train,    3377, 179.958254,   80, 0.00,   14, 0.000, 0.000, 0.073, 48
train,    3378, 250.143429,   55, 0.00,   13, 0.000, 0.000, 0.072, 48
train,    3379, 212.435871,   49, 0.00,   16, 0.000, 0.000, 0.072, 48
train,    3380, 61.601606,   95, 1.00,   12, 0.000, 0.000, 0.072, 48
update,   3380,  338, 206440, 20.716268, 0.000000
train,    3381, 270.000000,   69, 0.00,   12, 0.000, 0.000, 0.072, 48
train,    3382, 173.484597,   45, 0.00,    8, 0.000, 0.000, 0.072, 48
train,    3383, 264.994922,   67, 0.00,   14, 0.000, 0.000, 0.072, 48
train,    3384, 60.109195,   99, 1.00,   12, 0.000, 0.000, 0.072, 48
train,    3385, 179.575998,   70, 0.00,   15, 0.000, 0.000, 0.072, 48
train,    3386, 265.476338,   75, 0.00,   14, 0.000, 0.000, 0.072, 48
train,    3387, 194.596345,  120, 0.00,    9, 0.000, 0.000, 0.072, 48
train,    3388, 203.877654,  104, 0.00,   11, 0.000, 0.000, 0.072, 48
train,    3389, 123.845118,  115, 0.00,    9, 0.000, 0.000, 0.072, 48
train,    3390, 92.514788,   66, 0.00,   16, 0.000, 0.000, 0.072, 48
update,   3390,  339, 207270, 55.814987, 0.000000
train,    3391, 152.085855,   61, 1.00,   13, 0.000, 0.000, 0.072, 48
train,    3392, 266.614018,   89, 0.00,    9, 0.000, 0.000, 0.072, 48
train,    3393, 54.052172,   65, 1.00,   11, 0.000, 0.000, 0.072, 48
train,    3394, 270.000000,   45, 0.00,   12, 0.000, 0.000, 0.072, 48
train,    3395, 85.577095,   36, 1.00,   11, 0.000, 0.000, 0.072, 48
train,    3396, 213.220408,   96, 0.00,    9, 0.000, 0.000, 0.072, 48
train,    3397, 168.885543,   90, 0.00,   16, 0.000, 0.000, 0.072, 48
train,    3398, 270.000000,   89, 0.00,   15, 0.000, 0.000, 0.072, 48
train,    3399, 218.921567,  118, 0.00,   12, 0.000, 0.000, 0.072, 48
train,    3400, 208.380736,  105, 0.00,   15, 0.000, 0.000, 0.072, 48
update,   3400,  340, 208064, 197.539830, 0.000000
val_t, 3400, 208064, 150.778412, 0.1829,  63.3211,   0.1587, 0.6952,  26.2597, progress 0.7363
train,    3401, 20.856754,   60, 1.00,   10, 0.000, 0.000, 0.072, 48
train,    3402, 15.709973,   31, 1.00,   11, 0.000, 0.000, 0.072, 48
train,    3403, 249.284467,   87, 0.00,   12, 0.000, 0.000, 0.072, 48
train,    3404, 195.703218,   45, 0.00,   13, 0.000, 0.000, 0.072, 48
train,    3405, 102.531305,   59, 0.00,   10, 0.000, 0.000, 0.072, 48
train,    3406, 159.986731,  118, 0.00,    9, 0.000, 0.000, 0.072, 48
train,    3407, 167.782091,  117, 0.00,   10, 0.000, 0.000, 0.072, 48
train,    3408, 150.721320,   74, 0.00,   11, 0.000, 0.000, 0.072, 48
train,    3409, 232.000370,  108, 0.00,    8, 0.000, 0.000, 0.072, 48
train,    3410, 251.790968,   93, 0.00,   13, 0.000, 0.000, 0.072, 48
update,   3410,  341, 208856, 178.332772, 0.000000
train,    3411, 218.166710,   84, 0.00,   14, 0.000, 0.000, 0.072, 48
train,    3412, 192.833325,   88, 0.00,   12, 0.000, 0.000, 0.072, 48
train,    3413, 261.326104,   71, 0.00,   13, 0.000, 0.000, 0.071, 48
train,    3414, 141.997851,   45, 0.00,   10, 0.000, 0.000, 0.071, 48
train,    3415, 97.049384,  120, 0.00,   13, 0.000, 0.000, 0.071, 48
train,    3416, 127.842846,   94, 0.00,   16, 0.000, 0.000, 0.071, 48
train,    3417, 210.273672,  108, 0.00,   13, 0.000, 0.000, 0.071, 48
train,    3418, 241.177502,   85, 0.00,   11, 0.000, 0.000, 0.071, 48
train,    3419, 193.238190,  118, 0.00,    9, 0.000, 0.000, 0.071, 48
train,    3420, 54.063539,   53, 1.00,    9, 0.000, 0.000, 0.071, 48
update,   3420,  342, 209722, -5.000000, 0.000000
train,    3421, 212.212691,  103, 0.00,   10, 0.000, 0.000, 0.071, 48
train,    3422, 184.012711,   92, 0.00,   12, 0.000, 0.000, 0.071, 48
train,    3423, 237.703500,   89, 0.00,   12, 0.000, 0.000, 0.071, 48
train,    3424, 166.807576,  112, 0.00,   11, 0.000, 0.000, 0.071, 48
train,    3425, 249.790034,   94, 0.00,   16, 0.000, 0.000, 0.071, 48
train,    3426, 58.081195,  120, 0.00,   10, 0.000, 0.000, 0.071, 48
train,    3427, 270.000000,  120, 0.00,   12, 0.000, 0.000, 0.071, 48
train,    3428, 0.056250,   40, 1.00,    9, 0.000, 0.000, 0.071, 48
train,    3429, 168.628481,  120, 0.00,   12, 0.000, 0.000, 0.071, 48
train,    3430, 160.019390,  120, 0.00,   12, 0.000, 0.000, 0.071, 48
update,   3430,  343, 210732, 197.979835, 0.000000
train,    3431, -15.620564,   23, 1.00,    8, 0.000, 0.000, 0.071, 48
train,    3432, -24.831231,   12, 1.00,   11, 0.000, 0.000, 0.071, 48
train,    3433, 270.000000,   59, 0.00,   14, 0.000, 0.000, 0.071, 48
train,    3434, 158.899054,   55, 1.00,   10, 0.000, 0.000, 0.071, 48
train,    3435, 156.199253,   81, 1.00,    8, 0.000, 0.000, 0.071, 48
train,    3436, 153.383262,  120, 0.00,   14, 0.000, 0.000, 0.071, 48
train,    3437, 266.279178,  106, 0.00,   11, 0.000, 0.000, 0.071, 48
train,    3438, 247.542211,  120, 0.00,   14, 0.000, 0.000, 0.071, 48
train,    3439, 142.591616,   63, 0.00,    8, 0.000, 0.000, 0.071, 48
train,    3440, 218.926091,  120, 0.00,   11, 0.000, 0.000, 0.071, 48
update,   3440,  344, 211491, 238.516223, 0.000000
train,    3441, 180.000000,   68, 1.00,   11, 0.000, 0.000, 0.071, 48
train,    3442, 259.434743,  120, 0.00,   17, 0.000, 0.000, 0.071, 48
train,    3443, 211.884750,   72, 0.00,   12, 0.000, 0.000, 0.071, 48
train,    3444, 62.125633,   27, 1.00,    7, 0.000, 0.000, 0.071, 48
train,    3445, 159.250967,  101, 0.00,    8, 0.000, 0.000, 0.071, 48
train,    3446, 159.544740,   91, 1.00,   17, 0.000, 0.000, 0.071, 48
train,    3447, 198.356552,  120, 0.00,    7, 0.000, 0.000, 0.071, 48
train,    3448, 187.083209,   56, 0.00,   13, 0.000, 0.000, 0.070, 48
train,    3449, 270.000000,   95, 0.00,   14, 0.000, 0.000, 0.070, 48
train,    3450, 266.346371,  103, 0.00,   16, 0.000, 0.000, 0.070, 48
update,   3450,  345, 212344, 240.000000, 0.000000
train,    3451, 193.911228,  120, 0.00,   12, 0.000, 0.000, 0.070, 48
train,    3452, 201.982040,  119, 0.00,   10, 0.000, 0.000, 0.070, 48
train,    3453, 145.434403,  120, 0.00,    8, 0.000, 0.000, 0.070, 48
train,    3454, -20.404492,   15, 1.00,    8, 0.000, 0.000, 0.070, 48
train,    3455, -8.991219,   47, 1.00,   11, 0.000, 0.000, 0.070, 48
train,    3456, 270.000000,  120, 0.00,   17, 0.000, 0.000, 0.070, 48
train,    3457, 159.334902,   75, 0.00,   10, 0.000, 0.000, 0.070, 48
train,    3458, 210.709283,   92, 0.00,   12, 0.000, 0.000, 0.070, 48
train,    3459, 193.316547,  120, 0.00,   13, 0.000, 0.000, 0.070, 48
train,    3460, 238.057043,  120, 0.00,    8, 0.000, 0.000, 0.070, 48
update,   3460,  346, 213292, 240.000000, 0.000000
train,    3461, 57.984358,   51, 1.00,    8, 0.000, 0.000, 0.070, 48
train,    3462, 84.058483,   97, 0.00,    6, 0.000, 0.000, 0.070, 48
train,    3463, 158.971677,  119, 0.00,    7, 0.000, 0.000, 0.070, 48
train,    3464, 193.296998,  100, 0.00,    8, 0.000, 0.000, 0.070, 48
train,    3465, 173.822024,  100, 0.00,   13, 0.000, 0.000, 0.070, 48
train,    3466, 86.741869,   62, 1.00,   14, 0.000, 0.000, 0.070, 48
train,    3467, 208.370815,   94, 0.00,   12, 0.000, 0.000, 0.070, 48
train,    3468, 83.395532,  108, 0.00,   12, 0.000, 0.000, 0.070, 48
train,    3469, 206.125128,  120, 0.00,   19, 0.000, 0.000, 0.070, 48
train,    3470, 119.495480,  105, 1.00,   16, 0.000, 0.000, 0.070, 48
update,   3470,  347, 214248, 51.623739, 0.000000
train,    3471, 138.870778,   38, 1.00,    9, 0.000, 0.000, 0.070, 48
train,    3472, 270.000000,   83, 0.00,   13, 0.000, 0.000, 0.070, 48
train,    3473, 187.914803,   63, 0.00,   15, 0.000, 0.000, 0.070, 48
train,    3474, 267.922789,  114, 0.00,   15, 0.000, 0.000, 0.070, 48
train,    3475, 92.781509,   52, 1.00,    8, 0.000, 0.000, 0.070, 48
train,    3476, 99.023208,   54, 1.00,   10, 0.000, 0.000, 0.070, 48
train,    3477, 270.000000,  100, 0.00,   13, 0.000, 0.000, 0.070, 48
train,    3478, 270.000000,   82, 0.00,   14, 0.000, 0.000, 0.070, 48
train,    3479, 123.088308,   20, 1.00,    9, 0.000, 0.000, 0.070, 48
train,    3480, 206.548157,  120, 0.00,   18, 0.000, 0.000, 0.070, 48
update,   3480,  348, 214974, 173.193814, 0.000000
train,    3481, 215.960560,   87, 0.00,   13, 0.000, 0.000, 0.070, 48
train,    3482, 129.568469,  120, 0.00,   12, 0.000, 0.000, 0.070, 48
train,    3483, 259.042304,  107, 0.00,   10, 0.000, 0.000, 0.069, 48
train,    3484, 270.000000,   71, 0.00,   13, 0.000, 0.000, 0.069, 48
train,    3485, 145.640595,   70, 0.00,    9, 0.000, 0.000, 0.069, 48
train,    3486, 156.680811,   84, 0.00,   16, 0.000, 0.000, 0.069, 48
train,    3487, 175.197975,  107, 0.00,    8, 0.000, 0.000, 0.069, 48
train,    3488, 228.340144,   99, 0.00,   10, 0.000, 0.000, 0.069, 48
train,    3489, 270.000000,   56, 0.00,   13, 0.000, 0.000, 0.069, 48
train,    3490, 182.356902,   85, 0.00,   14, 0.000, 0.000, 0.069, 48
update,   3490,  349, 215860, 186.768516, 0.000000
train,    3491, 133.343492,   80, 0.00,   12, 0.000, 0.000, 0.069, 48
train,    3492, 221.703935,   82, 0.00,   10, 0.000, 0.000, 0.069, 48
train,    3493, 51.612421,   98, 1.00,    9, 0.000, 0.000, 0.069, 48
train,    3494, 186.961982,  106, 0.00,   13, 0.000, 0.000, 0.069, 48
train,    3495, 132.081762,   99, 1.00,   17, 0.000, 0.000, 0.069, 48
train,    3496, 254.298910,  120, 0.00,   12, 0.000, 0.000, 0.069, 48
train,    3497, 270.000000,  120, 0.00,   14, 0.000, 0.000, 0.069, 48
train,    3498, 217.478589,   94, 0.00,   14, 0.000, 0.000, 0.069, 48
train,    3499, 119.557692,   61, 0.00,   11, 0.000, 0.000, 0.069, 48
train,    3500, 218.400127,  120, 0.00,   15, 0.000, 0.000, 0.069, 48
update,   3500,  350, 216840, 215.576451, 0.000000
val_t, 3500, 216840, 121.668354, 0.2342,  65.8734,   0.1460, 0.6608,  25.4608, progress 0.7875
train,    3501, 89.296175,   40, 1.00,    7, 0.000, 0.000, 0.069, 48
train,    3502, 99.610788,   69, 1.00,   13, 0.000, 0.000, 0.069, 48
train,    3503, 115.466497,   93, 0.00,    9, 0.000, 0.000, 0.069, 48
train,    3504, 239.033012,   74, 0.00,    9, 0.000, 0.000, 0.069, 48
train,    3505, 214.737161,   87, 0.00,   16, 0.000, 0.000, 0.069, 48
train,    3506, 167.289442,  114, 0.00,   14, 0.000, 0.000, 0.069, 48
train,    3507, 202.038589,   56, 0.00,   12, 0.000, 0.000, 0.069, 48
train,    3508, 111.126344,   73, 0.00,   15, 0.000, 0.000, 0.069, 48
train,    3509, 170.412911,  105, 1.00,   12, 0.000, 0.000, 0.069, 48
train,    3510, 165.084825,   60, 1.00,    9, 0.000, 0.000, 0.069, 48
update,   3510,  351, 217611, 150.609899, 0.000000
train,    3511, 139.613631,   58, 0.00,   15, 0.000, 0.000, 0.069, 48
train,    3512, 195.259528,  108, 0.00,    7, 0.000, 0.000, 0.069, 48
train,    3513, 163.746156,   95, 0.00,   15, 0.000, 0.000, 0.069, 48
train,    3514, 180.921653,   85, 0.00,   12, 0.000, 0.000, 0.069, 48
train,    3515, 270.000000,   95, 0.00,   13, 0.000, 0.000, 0.069, 48
train,    3516, 257.320821,   67, 0.00,   10, 0.000, 0.000, 0.069, 48
train,    3517, 203.499757,   92, 0.00,   13, 0.000, 0.000, 0.069, 48
train,    3518, 72.080357,   55, 1.00,   13, 0.000, 0.000, 0.069, 48
train,    3519, 210.386504,   84, 0.00,   14, 0.000, 0.000, 0.069, 48
train,    3520, 180.972099,  108, 0.00,   13, 0.000, 0.000, 0.068, 48
update,   3520,  352, 218458, 150.260478, 0.000000
train,    3521, 69.442893,   46, 1.00,    8, 0.000, 0.000, 0.068, 48
train,    3522, 171.666353,  120, 0.00,    8, 0.000, 0.000, 0.068, 48
train,    3523, 167.360852,   92, 0.00,   14, 0.000, 0.000, 0.068, 48
train,    3524, 107.124699,   52, 1.00,   11, 0.000, 0.000, 0.068, 48
train,    3525, 136.481934,  108, 0.00,   11, 0.000, 0.000, 0.068, 48
train,    3526, 190.160236,  110, 0.00,   15, 0.000, 0.000, 0.068, 48
train,    3527, 270.000000,   64, 0.00,   13, 0.000, 0.000, 0.068, 48
train,    3528, 180.000000,   75, 1.00,   14, 0.000, 0.000, 0.068, 48
train,    3529, 182.306438,   84, 0.00,   12, 0.000, 0.000, 0.068, 48
train,    3530, 241.751922,   80, 0.00,   14, 0.000, 0.000, 0.068, 48
update,   3530,  353, 219289, 240.000000, 0.000000
train,    3531, -0.463888,   59, 1.00,   10, 0.000, 0.000, 0.068, 48
train,    3532, -25.000000,    4, 1.00,    3, 0.000, 0.000, 0.068, 48
train,    3533, 168.359315,   80, 0.00,   15, 0.000, 0.000, 0.068, 48
train,    3534, 32.274461,    8, 1.00,    8, 0.000, 0.000, 0.068, 48
train,    3535, 125.810981,   40, 1.00,   12, 0.000, 0.000, 0.068, 48
train,    3536, 197.791364,   62, 0.00,   11, 0.000, 0.000, 0.068, 48
train,    3537, 219.480556,   68, 0.00,   14, 0.000, 0.000, 0.068, 48
train,    3538, 221.637846,   69, 0.00,   15, 0.000, 0.000, 0.068, 48
train,    3539, 241.304039,   92, 0.00,   12, 0.000, 0.000, 0.068, 48
train,    3540, 217.934678,  116, 0.00,   12, 0.000, 0.000, 0.068, 48
update,   3540,  354, 219887, 240.000000, 0.000000
train,    3541, 270.000000,   68, 0.00,   11, 0.000, 0.000, 0.068, 48
train,    3542, 137.336090,  115, 0.00,   10, 0.000, 0.000, 0.068, 48
train,    3543, 270.000000,  101, 0.00,   12, 0.000, 0.000, 0.068, 48
train,    3544, 168.598965,   77, 0.00,   12, 0.000, 0.000, 0.068, 48
train,    3545, 40.575955,   53, 1.00,   11, 0.000, 0.000, 0.068, 48
train,    3546, 155.166620,   70, 1.00,   14, 0.000, 0.000, 0.068, 48
train,    3547, 232.904353,   47, 0.00,   14, 0.000, 0.000, 0.068, 48
train,    3548, 151.006687,  110, 0.00,   11, 0.000, 0.000, 0.068, 48
train,    3549, 98.184637,  115, 0.00,   16, 0.000, 0.000, 0.068, 48
train,    3550, 158.988267,   71, 0.00,   10, 0.000, 0.000, 0.068, 48
update,   3550,  355, 220714, 163.634613, 0.000000
train,    3551, 117.481557,   82, 1.00,   12, 0.000, 0.000, 0.068, 48
train,    3552, 159.443459,  117, 0.00,   12, 0.000, 0.000, 0.068, 48
train,    3553, 270.000000,   72, 0.00,   13, 0.000, 0.000, 0.068, 48
train,    3554, 116.706161,   26, 1.00,   11, 0.000, 0.000, 0.068, 48
train,    3555, 214.854430,   78, 0.00,    9, 0.000, 0.000, 0.068, 48
train,    3556, 213.995372,   90, 0.00,   14, 0.000, 0.000, 0.067, 48
train,    3557, 101.367229,  105, 1.00,   14, 0.000, 0.000, 0.067, 48
train,    3558, 96.222628,  120, 0.00,   11, 0.000, 0.000, 0.067, 48
train,    3559, 188.516316,   52, 0.00,   15, 0.000, 0.000, 0.067, 48
train,    3560, -25.000000,   14, 1.00,   10, 0.000, 0.000, 0.067, 48
update,   3560,  356, 221470, -5.000000, 0.000000
train,    3561, 254.260327,  110, 0.00,   15, 0.000, 0.000, 0.067, 48
train,    3562, 237.352163,   91, 0.00,   13, 0.000, 0.000, 0.067, 48
train,    3563, 139.495271,  103, 0.00,    7, 0.000, 0.000, 0.067, 48
train,    3564, -25.000000,    5, 1.00,    5, 0.000, 0.000, 0.067, 48
train,    3565, 179.276285,   85, 0.00,   12, 0.000, 0.000, 0.067, 48
train,    3566, 192.152532,   45, 0.00,   10, 0.000, 0.000, 0.067, 48
train,    3567, 178.481050,   82, 0.00,   18, 0.000, 0.000, 0.067, 48
train,    3568, 186.108489,  102, 0.00,   12, 0.000, 0.000, 0.067, 48
train,    3569, 28.512990,   19, 1.00,    9, 0.000, 0.000, 0.067, 48
train,    3570, 113.584393,   83, 0.00,   13, 0.000, 0.000, 0.067, 48
update,   3570,  357, 222195, 164.616536, 0.000000
train,    3571, 171.828595,   45, 0.00,   14, 0.000, 0.000, 0.067, 48
train,    3572, 39.560863,   41, 1.00,   11, 0.000, 0.000, 0.067, 48
train,    3573, 146.815337,  105, 1.00,   15, 0.000, 0.000, 0.067, 48
train,    3574, 60.747431,   35, 1.00,   10, 0.000, 0.000, 0.067, 48
train,    3575, 179.280952,   45, 0.00,   16, 0.000, 0.000, 0.067, 48
train,    3576, 18.643071,   19, 1.00,    8, 0.000, 0.000, 0.067, 48
train,    3577, 158.031731,   97, 0.00,   12, 0.000, 0.000, 0.067, 48
train,    3578, 179.564233,   64, 0.00,   13, 0.000, 0.000, 0.067, 48
train,    3579, 177.249250,   95, 0.00,   13, 0.000, 0.000, 0.067, 48
train,    3580, 165.903572,   74, 1.00,    8, 0.000, 0.000, 0.067, 48
update,   3580,  358, 222815, 163.864708, 0.000000
train,    3581, 185.072255,   60, 0.00,    9, 0.000, 0.000, 0.067, 48
train,    3582, 168.507091,  108, 0.00,   13, 0.000, 0.000, 0.067, 48
train,    3583, 82.884088,   45, 0.00,   11, 0.000, 0.000, 0.067, 48
train,    3584, 270.000000,  113, 0.00,   13, 0.000, 0.000, 0.067, 48
train,    3585, 41.448185,   64, 1.00,   14, 0.000, 0.000, 0.067, 48
train,    3586, 142.455821,   53, 0.00,   16, 0.000, 0.000, 0.067, 48
train,    3587, 238.732443,   66, 0.00,   10, 0.000, 0.000, 0.067, 48
train,    3588, 161.144994,   67, 1.00,   14, 0.000, 0.000, 0.067, 48
train,    3589, 270.000000,   69, 0.00,   14, 0.000, 0.000, 0.067, 48
train,    3590, 0.882244,   28, 1.00,   11, 0.000, 0.000, 0.067, 48
update,   3590,  359, 223488, 33.869644, 0.000000
train,    3591, 136.704267,  105, 1.00,   16, 0.000, 0.000, 0.067, 48
train,    3592, 198.396719,   77, 0.00,   14, 0.000, 0.000, 0.067, 48
train,    3593, 191.746879,   72, 0.00,    9, 0.000, 0.000, 0.067, 48
train,    3594, 229.895668,   61, 0.00,   16, 0.000, 0.000, 0.066, 48
train,    3595, 121.879625,   88, 1.00,   14, 0.000, 0.000, 0.066, 48
train,    3596, 250.161420,   86, 0.00,   14, 0.000, 0.000, 0.066, 48
train,    3597, 133.699530,  105, 1.00,   13, 0.000, 0.000, 0.066, 48
train,    3598, 76.057760,   37, 1.00,   11, 0.000, 0.000, 0.066, 48
train,    3599, 247.406088,   68, 0.00,   19, 0.000, 0.000, 0.066, 48
train,    3600, 100.464839,   83, 1.00,   12, 0.000, 0.000, 0.066, 48
update,   3600,  360, 224270, 56.535758, 0.000000
val_t, 3600, 224270, 103.415563, 0.2136,  71.1904,   0.1419, 0.7223,  26.5697, progress 0.8427
train,    3601, 195.099743,   97, 0.00,   16, 0.000, 0.000, 0.066, 48
train,    3602, 235.428479,   87, 0.00,   18, 0.000, 0.000, 0.066, 48
train,    3603, 259.689341,   81, 0.00,   15, 0.000, 0.000, 0.066, 48
train,    3604, 192.947104,   64, 0.00,   13, 0.000, 0.000, 0.066, 48
train,    3605, 124.280601,   69, 0.00,   12, 0.000, 0.000, 0.066, 48
train,    3606, 207.523795,   96, 0.00,   13, 0.000, 0.000, 0.066, 48
train,    3607, 200.544544,   45, 0.00,    9, 0.000, 0.000, 0.066, 48
train,    3608, 270.000000,   53, 0.00,   15, 0.000, 0.000, 0.066, 48
train,    3609, 190.451011,   59, 0.00,    5, 0.000, 0.000, 0.066, 48
train,    3610, 39.769597,   81, 1.00,    9, 0.000, 0.000, 0.066, 48
update,   3610,  361, 225002, 74.051876, 0.000000
train,    3611, 255.319981,   91, 0.00,   17, 0.000, 0.000, 0.066, 48
train,    3612, 210.549501,   80, 0.00,   12, 0.000, 0.000, 0.066, 48
train,    3613, 168.348013,   82, 0.00,   10, 0.000, 0.000, 0.066, 48
train,    3614, 270.000000,   45, 0.00,   16, 0.000, 0.000, 0.066, 48
train,    3615, 222.684050,  120, 0.00,    8, 0.000, 0.000, 0.066, 48
train,    3616, 228.331630,   52, 0.00,   10, 0.000, 0.000, 0.066, 48
train,    3617, 58.381041,   52, 1.00,   10, 0.000, 0.000, 0.066, 48
train,    3618, 211.763906,   68, 0.00,    9, 0.000, 0.000, 0.066, 48
train,    3619, 107.522632,   86, 0.00,    8, 0.000, 0.000, 0.066, 48
train,    3620, 266.541521,   45, 0.00,   12, 0.000, 0.000, 0.066, 48
update,   3620,  362, 225723, 240.000000, 0.000000
train,    3621, 270.000000,   77, 0.00,   16, 0.000, 0.000, 0.066, 48
train,    3622, 68.749307,   81, 1.00,   11, 0.000, 0.000, 0.066, 48
train,    3623, 163.187672,   62, 0.00,   15, 0.000, 0.000, 0.066, 48
train,    3624, 3.501153,  101, 1.00,   14, 0.000, 0.000, 0.066, 48
train,    3625, 215.307169,   50, 0.00,   17, 0.000, 0.000, 0.066, 48
train,    3626, 55.763648,    4, 1.00,    9, 0.000, 0.000, 0.066, 48
train,    3627, 35.843408,   37, 1.00,    6, 0.000, 0.000, 0.066, 48
train,    3628, 247.616820,  101, 0.00,   10, 0.000, 0.000, 0.066, 48
train,    3629, 161.818853,  102, 0.00,   11, 0.000, 0.000, 0.066, 48
train,    3630, 234.528820,   85, 0.00,   11, 0.000, 0.000, 0.066, 48
update,   3630,  363, 226423, 240.000000, 0.000000
train,    3631, 204.061351,   47, 0.00,   15, 0.000, 0.000, 0.066, 48
train,    3632, 263.964710,   80, 0.00,   10, 0.000, 0.000, 0.065, 48
train,    3633, 133.777730,   75, 0.00,    9, 0.000, 0.000, 0.065, 48
train,    3634, 246.219676,  119, 0.00,   17, 0.000, 0.000, 0.065, 48
train,    3635, 146.511860,   60, 0.00,   12, 0.000, 0.000, 0.065, 48
train,    3636, 123.865495,   51, 0.00,   14, 0.000, 0.000, 0.065, 48
train,    3637, 74.993737,   48, 0.00,   14, 0.000, 0.000, 0.065, 48
train,    3638, 232.826168,   55, 0.00,   11, 0.000, 0.000, 0.065, 48
train,    3639, 77.382989,   82, 1.00,   11, 0.000, 0.000, 0.065, 48
train,    3640, 179.652242,  108, 0.00,   13, 0.000, 0.000, 0.065, 48
update,   3640,  364, 227148, 165.312605, 0.000000
train,    3641, 226.831593,   86, 0.00,   12, 0.000, 0.000, 0.065, 48
train,    3642, 240.428137,   69, 0.00,   13, 0.000, 0.000, 0.065, 48
train,    3643, 196.171251,  120, 0.00,    6, 0.000, 0.000, 0.065, 48
train,    3644, 189.890906,   71, 0.00,   11, 0.000, 0.000, 0.065, 48
train,    3645, 155.348620,   97, 0.00,   15, 0.000, 0.000, 0.065, 48
train,    3646, 242.007988,  103, 0.00,   12, 0.000, 0.000, 0.065, 48
train,    3647, 261.209976,   50, 0.00,   13, 0.000, 0.000, 0.065, 48
train,    3648, 180.000000,   67, 1.00,   17, 0.000, 0.000, 0.065, 48
train,    3649, 156.914246,  105, 1.00,   14, 0.000, 0.000, 0.065, 48
train,    3650, 196.773530,  104, 0.00,    9, 0.000, 0.000, 0.065, 48
update,   3650,  365, 228020, 179.589999, 0.000000
train,    3651, 263.632180,   69, 0.00,   16, 0.000, 0.000, 0.065, 48
train,    3652, 253.640284,   96, 0.00,   12, 0.000, 0.000, 0.065, 48
train,    3653, 113.445020,   92, 0.00,   10, 0.000, 0.000, 0.065, 48
train,    3654, 13.724215,   62, 1.00,    8, 0.000, 0.000, 0.065, 48
train,    3655, -25.000000,   51, 1.00,   11, 0.000, 0.000, 0.065, 48
train,    3656, 171.817380,   95, 0.00,   10, 0.000, 0.000, 0.065, 48
train,    3657, 101.482388,   64, 1.00,    5, 0.000, 0.000, 0.065, 48
train,    3658, 104.647513,   56, 1.00,   13, 0.000, 0.000, 0.065, 48
train,    3659, 214.393685,  108, 0.00,   12, 0.000, 0.000, 0.065, 48
train,    3660, 212.969881,   78, 0.00,   12, 0.000, 0.000, 0.065, 48
update,   3660,  366, 228791, 234.357914, 0.000000
train,    3661, 180.550159,   45, 0.00,    8, 0.000, 0.000, 0.065, 48
train,    3662, 184.838104,   70, 0.00,   12, 0.000, 0.000, 0.065, 48
train,    3663, 146.853141,   84, 0.00,   10, 0.000, 0.000, 0.065, 48
train,    3664, 40.967578,   10, 1.00,    9, 0.000, 0.000, 0.065, 48
train,    3665, 78.395660,   74, 1.00,   10, 0.000, 0.000, 0.065, 48
train,    3666, 68.735440,   74, 1.00,   13, 0.000, 0.000, 0.065, 48
train,    3667, 111.174485,   85, 0.00,   11, 0.000, 0.000, 0.065, 48
train,    3668, 198.897226,  120, 0.00,    7, 0.000, 0.000, 0.065, 48
train,    3669, -25.000000,   64, 1.00,   11, 0.000, 0.000, 0.065, 48
train,    3670, 102.988208,   68, 0.00,   16, 0.000, 0.000, 0.064, 48
update,   3670,  367, 229485, 93.210806, 0.000000
train,    3671, 134.331181,   98, 0.00,   10, 0.000, 0.000, 0.064, 48
train,    3672, 174.751166,   86, 0.00,   10, 0.000, 0.000, 0.064, 48
train,    3673, 2.956063,   66, 1.00,   12, 0.000, 0.000, 0.064, 48
train,    3674, 262.130434,   83, 0.00,   11, 0.000, 0.000, 0.064, 48
train,    3675, 186.603801,  107, 0.00,   12, 0.000, 0.000, 0.064, 48
train,    3676, 270.000000,   45, 0.00,   12, 0.000, 0.000, 0.064, 48
train,    3677, 270.000000,   80, 0.00,   11, 0.000, 0.000, 0.064, 48
train,    3678, 105.971959,   77, 0.00,   11, 0.000, 0.000, 0.064, 48
train,    3679, 270.000000,   83, 0.00,   12, 0.000, 0.000, 0.064, 48
train,    3680, 135.409284,   70, 1.00,   14, 0.000, 0.000, 0.064, 48
update,   3680,  368, 230280, 62.191559, 0.000000
train,    3681, 157.962620,   97, 0.00,   13, 0.000, 0.000, 0.064, 48
train,    3682, 180.000000,   95, 1.00,   14, 0.000, 0.000, 0.064, 48
train,    3683, 180.000000,   52, 1.00,    9, 0.000, 0.000, 0.064, 48
train,    3684, 53.204288,   21, 1.00,    7, 0.000, 0.000, 0.064, 48
train,    3685, 146.295723,   70, 0.00,   14, 0.000, 0.000, 0.064, 48
train,    3686, 207.457134,   73, 0.00,   11, 0.000, 0.000, 0.064, 48
train,    3687, 91.952929,   34, 1.00,   14, 0.000, 0.000, 0.064, 48
train,    3688, 186.312332,  120, 0.00,   13, 0.000, 0.000, 0.064, 48
train,    3689, 198.622970,   97, 0.00,   14, 0.000, 0.000, 0.064, 48
train,    3690, 270.000000,  105, 0.00,   11, 0.000, 0.000, 0.064, 48
update,   3690,  369, 231044, 240.000000, 0.000000
train,    3691, 193.162357,   57, 0.00,   11, 0.000, 0.000, 0.064, 48
train,    3692, 210.982910,   82, 0.00,   10, 0.000, 0.000, 0.064, 48
train,    3693, 223.644975,  120, 0.00,   15, 0.000, 0.000, 0.064, 48
train,    3694, 41.993666,    4, 1.00,    5, 0.000, 0.000, 0.064, 48
train,    3695, 82.969089,   83, 1.00,   11, 0.000, 0.000, 0.064, 48
train,    3696, 205.486689,   93, 0.00,   10, 0.000, 0.000, 0.064, 48
train,    3697, 270.000000,   70, 0.00,   10, 0.000, 0.000, 0.064, 48
train,    3698, -8.996486,   20, 1.00,   10, 0.000, 0.000, 0.064, 48
train,    3699, 251.231277,  107, 0.00,   16, 0.000, 0.000, 0.064, 48
train,    3700, 76.602061,   37, 1.00,    8, 0.000, 0.000, 0.064, 48
update,   3700,  370, 231717, 28.827352, 0.000000
val_t, 3700, 231717, 125.851440, 0.1107,  76.0531,   0.1877, 0.6430,  25.0980, progress 0.7856
train,    3701, 105.326275,   88, 1.00,   10, 0.000, 0.000, 0.064, 48
train,    3702, 270.000000,   76, 0.00,   15, 0.000, 0.000, 0.064, 48
train,    3703, 231.493713,   97, 0.00,   11, 0.000, 0.000, 0.064, 48
train,    3704, -4.206490,   47, 1.00,   12, 0.000, 0.000, 0.064, 48
train,    3705, 1.873831,   22, 1.00,    6, 0.000, 0.000, 0.064, 48
train,    3706, 114.587952,   62, 1.00,   12, 0.000, 0.000, 0.064, 48
train,    3707, 201.939792,   45, 0.00,   13, 0.000, 0.000, 0.064, 48
train,    3708, 225.758427,   73, 0.00,   12, 0.000, 0.000, 0.064, 48
train,    3709, 198.058518,   90, 0.00,   10, 0.000, 0.000, 0.063, 48
train,    3710, 159.773091,  115, 0.00,   11, 0.000, 0.000, 0.063, 48
update,   3710,  371, 232432, 196.580736, 0.000000
train,    3711, 109.816456,  115, 0.00,   11, 0.000, 0.000, 0.063, 48
train,    3712, 228.765253,  106, 0.00,   13, 0.000, 0.000, 0.063, 48
train,    3713, 87.783968,    4, 1.00,    7, 0.000, 0.000, 0.063, 48
train,    3714, 225.289752,  120, 0.00,   12, 0.000, 0.000, 0.063, 48
train,    3715, 236.245548,  120, 0.00,   14, 0.000, 0.000, 0.063, 48
train,    3716, 198.753753,   90, 0.00,   11, 0.000, 0.000, 0.063, 48
train,    3717, 69.527137,   43, 1.00,    8, 0.000, 0.000, 0.063, 48
train,    3718, 270.000000,  105, 0.00,   10, 0.000, 0.000, 0.063, 48
train,    3719, 199.838438,  107, 0.00,   13, 0.000, 0.000, 0.063, 48
train,    3720, 200.355476,  107, 0.00,   16, 0.000, 0.000, 0.063, 48
update,   3720,  372, 233349, 170.167463, 0.000000
train,    3721, 27.162070,    4, 1.00,    5, 0.000, 0.000, 0.063, 48
train,    3722, 188.097302,  106, 0.00,   13, 0.000, 0.000, 0.063, 48
train,    3723, 137.537468,   63, 1.00,    9, 0.000, 0.000, 0.063, 48
train,    3724, 26.674306,   37, 1.00,    9, 0.000, 0.000, 0.063, 48
train,    3725, 83.062888,    4, 1.00,    6, 0.000, 0.000, 0.063, 48
train,    3726, 270.000000,  117, 0.00,   14, 0.000, 0.000, 0.063, 48
train,    3727, 172.309015,  103, 1.00,   16, 0.000, 0.000, 0.063, 48
train,    3728, 258.452169,  110, 0.00,   13, 0.000, 0.000, 0.063, 48
train,    3729, 28.236513,   43, 1.00,    8, 0.000, 0.000, 0.063, 48
train,    3730, 225.276644,  119, 0.00,   10, 0.000, 0.000, 0.063, 48
update,   3730,  373, 234055, 240.000000, 0.000000
train,    3731, 125.109334,  109, 0.00,    9, 0.000, 0.000, 0.063, 48
train,    3732, 24.209852,   33, 1.00,   12, 0.000, 0.000, 0.063, 48
train,    3733, 71.920386,   85, 0.00,   12, 0.000, 0.000, 0.063, 48
train,    3734, 248.832316,  105, 0.00,   12, 0.000, 0.000, 0.063, 48
train,    3735, 251.494837,  105, 0.00,   16, 0.000, 0.000, 0.063, 48
train,    3736, 109.118855,   80, 1.00,   12, 0.000, 0.000, 0.063, 48
train,    3737, 192.298447,  116, 0.00,    8, 0.000, 0.000, 0.063, 48
train,    3738, 210.184110,   74, 0.00,   13, 0.000, 0.000, 0.063, 48
train,    3739, 46.243798,   49, 1.00,    8, 0.000, 0.000, 0.063, 48
train,    3740, 188.896980,  120, 0.00,   13, 0.000, 0.000, 0.063, 48
update,   3740,  374, 234931, 192.048277, 0.000000
train,    3741, 51.921218,   75, 1.00,   10, 0.000, 0.000, 0.063, 48
train,    3742, 170.766297,  120, 0.00,   12, 0.000, 0.000, 0.063, 48
train,    3743, 36.686201,   80, 0.00,   14, 0.000, 0.000, 0.063, 48
train,    3744, 270.000000,   95, 0.00,   14, 0.000, 0.000, 0.063, 48
train,    3745, 235.002426,  118, 0.00,   11, 0.000, 0.000, 0.063, 48
train,    3746, 206.379000,   45, 0.00,   11, 0.000, 0.000, 0.063, 48
train,    3747, 270.000000,  104, 0.00,   16, 0.000, 0.000, 0.063, 48
train,    3748, 179.812903,   89, 0.00,   11, 0.000, 0.000, 0.063, 48
train,    3749, 79.597184,   48, 0.00,   13, 0.000, 0.000, 0.062, 48
train,    3750, 248.262845,  120, 0.00,   16, 0.000, 0.000, 0.062, 48
update,   3750,  375, 235825, 240.000000, 0.000000
train,    3751, 152.961401,  120, 0.00,    9, 0.000, 0.000, 0.062, 48
train,    3752, 263.683249,  117, 0.00,   15, 0.000, 0.000, 0.062, 48
train,    3753, 200.861774,  102, 0.00,    8, 0.000, 0.000, 0.062, 48
train,    3754, 179.476434,  102, 1.00,   11, 0.000, 0.000, 0.062, 48
train,    3755, 177.407179,  110, 0.00,   11, 0.000, 0.000, 0.062, 48
train,    3756, 95.883358,   50, 1.00,    9, 0.000, 0.000, 0.062, 48
train,    3757, 194.413747,  120, 0.00,   11, 0.000, 0.000, 0.062, 48
train,    3758, 270.000000,  111, 0.00,   18, 0.000, 0.000, 0.062, 48
train,    3759, 142.988644,   97, 0.00,   15, 0.000, 0.000, 0.062, 48
train,    3760, 234.502546,  120, 0.00,   15, 0.000, 0.000, 0.062, 48
update,   3760,  376, 236874, 221.708553, 0.000000
train,    3761, 221.618156,   90, 0.00,   10, 0.000, 0.000, 0.062, 48
train,    3762, 270.000000,  120, 0.00,   15, 0.000, 0.000, 0.062, 48
train,    3763, 145.076127,  120, 0.00,   13, 0.000, 0.000, 0.062, 48
train,    3764, 195.750177,  115, 0.00,   14, 0.000, 0.000, 0.062, 48
train,    3765, 199.327244,   87, 0.00,   10, 0.000, 0.000, 0.062, 48
train,    3766, 142.950171,   67, 1.00,   12, 0.000, 0.000, 0.062, 48
train,    3767, 193.421583,  114, 0.00,   14, 0.000, 0.000, 0.062, 48
train,    3768, 139.273860,  119, 0.00,   11, 0.000, 0.000, 0.062, 48
train,    3769, 232.833951,   71, 0.00,   13, 0.000, 0.000, 0.062, 48
train,    3770, 211.924181,  102, 0.00,   16, 0.000, 0.000, 0.062, 48
update,   3770,  377, 237879, 214.241608, 0.000000
train,    3771, 133.314001,   62, 0.00,   11, 0.000, 0.000, 0.062, 48
train,    3772, 205.007423,  102, 0.00,   12, 0.000, 0.000, 0.062, 48
train,    3773, 36.055578,   28, 1.00,    7, 0.000, 0.000, 0.062, 48
train,    3774, 212.780632,  120, 0.00,   11, 0.000, 0.000, 0.062, 48
train,    3775, 151.600823,  110, 0.00,   11, 0.000, 0.000, 0.062, 48
train,    3776, 257.731375,   59, 0.00,   12, 0.000, 0.000, 0.062, 48
train,    3777, 189.839704,  120, 0.00,   14, 0.000, 0.000, 0.062, 48
train,    3778, 211.167333,  120, 0.00,    9, 0.000, 0.000, 0.062, 48
train,    3779, 111.049197,   50, 1.00,   10, 0.000, 0.000, 0.062, 48
train,    3780, 270.000000,  110, 0.00,   13, 0.000, 0.000, 0.062, 48
update,   3780,  378, 238760, 240.000000, 0.000000
train,    3781, 201.115093,  102, 0.00,   13, 0.000, 0.000, 0.062, 48
train,    3782, 216.335387,   93, 0.00,   13, 0.000, 0.000, 0.062, 48
train,    3783, 192.814008,   90, 0.00,   14, 0.000, 0.000, 0.062, 48
train,    3784, 179.925371,   82, 0.00,   11, 0.000, 0.000, 0.062, 48
train,    3785, 146.587007,  116, 0.00,   16, 0.000, 0.000, 0.062, 48
train,    3786, 139.155803,   71, 1.00,   12, 0.000, 0.000, 0.062, 48
train,    3787, 77.072747,   86, 1.00,   10, 0.000, 0.000, 0.062, 48
train,    3788, 136.508824,   79, 0.00,   15, 0.000, 0.000, 0.062, 48
train,    3789, 194.089216,  120, 0.00,   13, 0.000, 0.000, 0.061, 48
train,    3790, 180.000000,   77, 1.00,    9, 0.000, 0.000, 0.061, 48
update,   3790,  379, 239676, 151.466647, 0.000000
train,    3791, 158.282491,  102, 0.00,   12, 0.000, 0.000, 0.061, 48
train,    3792, 130.425869,   79, 0.00,   12, 0.000, 0.000, 0.061, 48
train,    3793, 124.128832,  109, 0.00,   14, 0.000, 0.000, 0.061, 48
train,    3794, 270.000000,   90, 0.00,   15, 0.000, 0.000, 0.061, 48
train,    3795, 200.273076,  112, 0.00,   11, 0.000, 0.000, 0.061, 48
train,    3796, 148.835770,   86, 1.00,   13, 0.000, 0.000, 0.061, 48
train,    3797, 180.000000,   41, 1.00,   11, 0.000, 0.000, 0.061, 48
train,    3798, 248.059879,   64, 0.00,   17, 0.000, 0.000, 0.061, 48
train,    3799, 144.250829,  105, 1.00,   11, 0.000, 0.000, 0.061, 48
train,    3800, 81.222986,   65, 1.00,    8, 0.000, 0.000, 0.061, 48
update,   3800,  380, 240529, 37.022262, 0.000000
val_t, 3800, 240529, 172.619988, 0.1731,  68.0722,   0.1349, 0.7513,  27.2533, progress 0.7948
train,    3801, 205.133002,   50, 0.00,   14, 0.000, 0.000, 0.061, 48
train,    3802, 173.856814,   84, 1.00,   15, 0.000, 0.000, 0.061, 48
train,    3803, 160.993928,   58, 0.00,   11, 0.000, 0.000, 0.061, 48
train,    3804, 232.027066,  105, 0.00,    9, 0.000, 0.000, 0.061, 48
train,    3805, 259.788380,   72, 0.00,   12, 0.000, 0.000, 0.061, 48
train,    3806, 206.207247,   45, 0.00,   11, 0.000, 0.000, 0.061, 48
train,    3807, 36.422795,    4, 1.00,   11, 0.000, 0.000, 0.061, 48
train,    3808, 155.545629,   84, 0.00,   13, 0.000, 0.000, 0.061, 48
train,    3809, 62.896150,   84, 1.00,    8, 0.000, 0.000, 0.061, 48
train,    3810, 151.791846,   97, 0.00,   10, 0.000, 0.000, 0.061, 48
update,   3810,  381, 241212, 174.957033, 0.000000
train,    3811, 195.338927,  118, 0.00,    9, 0.000, 0.000, 0.061, 48
train,    3812, 71.966637,   60, 1.00,    9, 0.000, 0.000, 0.061, 48
train,    3813, 232.857449,   58, 0.00,   10, 0.000, 0.000, 0.061, 48
train,    3814, 154.504124,   51, 0.00,   14, 0.000, 0.000, 0.061, 48
train,    3815, 231.131363,   61, 0.00,   15, 0.000, 0.000, 0.061, 48
train,    3816, 24.513634,   22, 1.00,    6, 0.000, 0.000, 0.061, 48
train,    3817, 226.798430,   99, 0.00,   14, 0.000, 0.000, 0.061, 48
train,    3818, 12.129873,   16, 1.00,    7, 0.000, 0.000, 0.061, 48
train,    3819, -1.557912,   35, 1.00,    6, 0.000, 0.000, 0.061, 48
train,    3820, 47.498399,    4, 1.00,    6, 0.000, 0.000, 0.061, 48
update,   3820,  382, 241736, 21.424643, 0.000000
train,    3821, 224.102962,   51, 0.00,   12, 0.000, 0.000, 0.061, 48
train,    3822, 170.607304,   81, 0.00,   12, 0.000, 0.000, 0.061, 48
train,    3823, 270.000000,   85, 0.00,   14, 0.000, 0.000, 0.061, 48
train,    3824, 129.299058,   60, 1.00,   11, 0.000, 0.000, 0.061, 48
train,    3825, 243.472011,   84, 0.00,   11, 0.000, 0.000, 0.061, 48
train,    3826, 198.290011,   45, 0.00,   15, 0.000, 0.000, 0.061, 48
train,    3827, 165.108496,   63, 0.00,   14, 0.000, 0.000, 0.061, 48
train,    3828, 260.521185,   80, 0.00,   14, 0.000, 0.000, 0.061, 48
train,    3829, 246.306013,   89, 0.00,   17, 0.000, 0.000, 0.061, 48
train,    3830, 140.901781,   67, 0.00,   13, 0.000, 0.000, 0.060, 48
update,   3830,  383, 242441, 35.003183, 0.000000
train,    3831, 270.000000,   97, 0.00,   14, 0.000, 0.000, 0.060, 48
train,    3832, 152.951466,   39, 1.00,    9, 0.000, 0.000, 0.060, 48
train,    3833, 153.703935,   95, 0.00,   12, 0.000, 0.000, 0.060, 48
train,    3834, 108.902076,   58, 1.00,    8, 0.000, 0.000, 0.060, 48
train,    3835, 230.832959,   87, 0.00,   16, 0.000, 0.000, 0.060, 48
train,    3836, 15.216830,    4, 1.00,    7, 0.000, 0.000, 0.060, 48
train,    3837, 22.757956,   30, 1.00,    7, 0.000, 0.000, 0.060, 48
train,    3838, 210.509776,  114, 0.00,    9, 0.000, 0.000, 0.060, 48
train,    3839, 270.000000,  100, 0.00,   14, 0.000, 0.000, 0.060, 48
train,    3840, 201.377240,   97, 0.00,   16, 0.000, 0.000, 0.060, 48
update,   3840,  384, 243162, 237.959212, 0.000000
train,    3841, 83.514583,   33, 1.00,    9, 0.000, 0.000, 0.060, 48
train,    3842, 230.417699,   73, 0.00,   11, 0.000, 0.000, 0.060, 48
train,    3843, 124.135848,   49, 0.00,   11, 0.000, 0.000, 0.060, 48
train,    3844, 86.460648,   59, 1.00,   15, 0.000, 0.000, 0.060, 48
train,    3845, 180.000000,   46, 1.00,   11, 0.000, 0.000, 0.060, 48
train,    3846, 142.966855,   64, 1.00,    8, 0.000, 0.000, 0.060, 48
train,    3847, 240.698780,   79, 0.00,   13, 0.000, 0.000, 0.060, 48
train,    3848, 203.711444,   94, 0.00,   13, 0.000, 0.000, 0.060, 48
train,    3849, 103.948462,   91, 0.00,   10, 0.000, 0.000, 0.060, 48
train,    3850, 123.282201,   47, 0.00,   12, 0.000, 0.000, 0.060, 48
update,   3850,  385, 243797, 187.393078, 0.000000
train,    3851, 159.937242,   63, 0.00,   14, 0.000, 0.000, 0.060, 48
train,    3852, 108.419486,   73, 0.00,   12, 0.000, 0.000, 0.060, 48
train,    3853, 260.467824,   70, 0.00,   15, 0.000, 0.000, 0.060, 48
train,    3854, 119.743336,   52, 0.00,   13, 0.000, 0.000, 0.060, 48
train,    3855, 203.441846,  120, 0.00,    9, 0.000, 0.000, 0.060, 48
train,    3856, -14.835852,    4, 1.00,    7, 0.000, 0.000, 0.060, 48
train,    3857, 264.269233,   57, 0.00,   14, 0.000, 0.000, 0.060, 48
train,    3858, 92.608201,   62, 0.00,   13, 0.000, 0.000, 0.060, 48
train,    3859, 257.851501,   63, 0.00,   12, 0.000, 0.000, 0.060, 48
train,    3860, 266.177380,   74, 0.00,   12, 0.000, 0.000, 0.060, 48
update,   3860,  386, 244435, 197.872106, 0.000000
train,    3861, 152.369123,   89, 0.00,   14, 0.000, 0.000, 0.060, 48
train,    3862, 198.313262,   45, 0.00,   12, 0.000, 0.000, 0.060, 48
train,    3863, 171.106992,   84, 0.00,   13, 0.000, 0.000, 0.060, 48
train,    3864, 218.593665,   95, 0.00,    9, 0.000, 0.000, 0.060, 48
train,    3865, 246.954267,   45, 0.00,   12, 0.000, 0.000, 0.060, 48
train,    3866, 64.214779,   16, 1.00,    7, 0.000, 0.000, 0.060, 48
train,    3867, -14.188734,   66, 1.00,    7, 0.000, 0.000, 0.060, 48
train,    3868, 44.378380,   50, 1.00,   12, 0.000, 0.000, 0.060, 48
train,    3869, 246.507842,   58, 0.00,    8, 0.000, 0.000, 0.060, 48
train,    3870, -1.724951,   39, 1.00,    8, 0.000, 0.000, 0.060, 48
update,   3870,  387, 245022, -5.000000, 0.000000
train,    3871, 71.008542,   75, 1.00,   16, 0.000, 0.000, 0.060, 48
train,    3872, 80.002853,   52, 1.00,   11, 0.000, 0.000, 0.059, 48
train,    3873, 140.769686,   70, 0.00,   14, 0.000, 0.000, 0.059, 48
train,    3874, 180.000000,  101, 1.00,   14, 0.000, 0.000, 0.059, 48
train,    3875, 146.604878,   48, 1.00,   11, 0.000, 0.000, 0.059, 48
train,    3876, -25.000000,   59, 1.00,    6, 0.000, 0.000, 0.059, 48
train,    3877, 179.245880,   92, 1.00,   11, 0.000, 0.000, 0.059, 48
train,    3878, 180.000000,   76, 1.00,   11, 0.000, 0.000, 0.059, 48
train,    3879, 147.767003,   82, 0.00,   13, 0.000, 0.000, 0.059, 48
train,    3880, 191.154843,  120, 0.00,   15, 0.000, 0.000, 0.059, 48
update,   3880,  388, 245797, 178.927998, 0.000000
train,    3881, 187.693854,   76, 0.00,   14, 0.000, 0.000, 0.059, 48
train,    3882, 256.076168,   65, 0.00,   12, 0.000, 0.000, 0.059, 48
train,    3883, 102.909471,   39, 1.00,   10, 0.000, 0.000, 0.059, 48
train,    3884, 178.584641,   74, 1.00,   14, 0.000, 0.000, 0.059, 48
train,    3885, -25.000000,   41, 1.00,    9, 0.000, 0.000, 0.059, 48
train,    3886, 63.050689,   83, 1.00,   13, 0.000, 0.000, 0.059, 48
train,    3887, 193.315347,   91, 0.00,   12, 0.000, 0.000, 0.059, 48
train,    3888, 270.000000,   57, 0.00,   13, 0.000, 0.000, 0.059, 48
train,    3889, 180.254175,   67, 0.00,    9, 0.000, 0.000, 0.059, 48
train,    3890, 180.000000,   92, 1.00,   14, 0.000, 0.000, 0.059, 48
update,   3890,  389, 246482, 101.876438, 0.000000
train,    3891, 69.879960,   74, 0.00,   14, 0.000, 0.000, 0.059, 48
train,    3892, 200.396996,   59, 0.00,   14, 0.000, 0.000, 0.059, 48
train,    3893, 224.917637,   80, 0.00,   14, 0.000, 0.000, 0.059, 48
train,    3894, 194.797525,   77, 0.00,   12, 0.000, 0.000, 0.059, 48
train,    3895, 79.759337,   99, 0.00,   12, 0.000, 0.000, 0.059, 48
train,    3896, 175.410175,   63, 0.00,   13, 0.000, 0.000, 0.059, 48
train,    3897, 161.306497,  101, 0.00,   11, 0.000, 0.000, 0.059, 48
train,    3898, 195.627451,   84, 0.00,    9, 0.000, 0.000, 0.059, 48
train,    3899, 135.053420,   77, 1.00,   13, 0.000, 0.000, 0.059, 48
train,    3900, 112.864258,  105, 1.00,   13, 0.000, 0.000, 0.059, 48
update,   3900,  390, 247301, 102.810742, 0.000000
val_t, 3900, 247301, 168.552693, 0.1758,  58.9464,   0.1654, 0.8317,  27.3381, progress 0.8065
train,    3901, 64.000839,   32, 1.00,    7, 0.000, 0.000, 0.059, 48
train,    3902, 270.000000,   83, 0.00,   16, 0.000, 0.000, 0.059, 48
train,    3903, 146.016631,   67, 0.00,    9, 0.000, 0.000, 0.059, 48
train,    3904, 252.581277,   49, 0.00,    8, 0.000, 0.000, 0.059, 48
train,    3905, 206.071316,   45, 0.00,   13, 0.000, 0.000, 0.059, 48
train,    3906, 189.664464,   45, 0.00,   13, 0.000, 0.000, 0.059, 48
train,    3907, 148.230872,   47, 0.00,   13, 0.000, 0.000, 0.059, 48
train,    3908, 83.660013,   52, 0.00,   17, 0.000, 0.000, 0.059, 48
train,    3909, 217.592472,  101, 0.00,    9, 0.000, 0.000, 0.059, 48
train,    3910, 55.583264,   73, 1.00,   14, 0.000, 0.000, 0.059, 48
update,   3910,  391, 247895, 60.145686, 0.000000
train,    3911, 128.330322,   77, 0.00,   15, 0.000, 0.000, 0.059, 48
train,    3912, 135.742069,  105, 1.00,   14, 0.000, 0.000, 0.059, 48
train,    3913, 67.749110,   28, 1.00,   10, 0.000, 0.000, 0.059, 48
train,    3914, 156.022127,  100, 1.00,   11, 0.000, 0.000, 0.058, 48
train,    3915, 189.974406,   77, 0.00,   13, 0.000, 0.000, 0.058, 48
train,    3916, 126.582800,   74, 1.00,   14, 0.000, 0.000, 0.058, 48
train,    3917, 177.749481,   45, 0.00,   11, 0.000, 0.000, 0.058, 48
train,    3918, 174.752343,   45, 0.00,   11, 0.000, 0.000, 0.058, 48
train,    3919, 90.674079,   88, 1.00,    9, 0.000, 0.000, 0.058, 48
train,    3920, 197.540724,   45, 0.00,   13, 0.000, 0.000, 0.058, 48
update,   3920,  392, 248579, 229.118393, 0.000000
train,    3921, 216.061093,   81, 0.00,   12, 0.000, 0.000, 0.058, 48
train,    3922, 199.808216,   73, 0.00,   14, 0.000, 0.000, 0.058, 48
train,    3923, 209.702359,  100, 0.00,   13, 0.000, 0.000, 0.058, 48
train,    3924, 171.599690,   60, 0.00,   14, 0.000, 0.000, 0.058, 48
train,    3925, 94.975218,   66, 1.00,    5, 0.000, 0.000, 0.058, 48
train,    3926, 270.000000,  112, 0.00,   10, 0.000, 0.000, 0.058, 48
train,    3927, 139.900257,   77, 1.00,   12, 0.000, 0.000, 0.058, 48
train,    3928, 220.929335,   50, 0.00,   12, 0.000, 0.000, 0.058, 48
train,    3929, 179.200659,   61, 0.00,    9, 0.000, 0.000, 0.058, 48
train,    3930, 231.645203,  107, 0.00,   12, 0.000, 0.000, 0.058, 48
update,   3930,  393, 249366, 161.642868, 0.000000
train,    3931, 143.296253,   63, 0.00,   12, 0.000, 0.000, 0.058, 48
train,    3932, 173.666049,   71, 0.00,    9, 0.000, 0.000, 0.058, 48
train,    3933, 270.000000,   45, 0.00,   11, 0.000, 0.000, 0.058, 48
train,    3934, 154.824151,   85, 0.00,   14, 0.000, 0.000, 0.058, 48
train,    3935, 257.667848,   45, 0.00,   12, 0.000, 0.000, 0.058, 48
train,    3936, 218.361751,   78, 0.00,   13, 0.000, 0.000, 0.058, 48
train,    3937, 142.782759,   66, 0.00,   12, 0.000, 0.000, 0.058, 48
train,    3938, 170.920318,   68, 0.00,    9, 0.000, 0.000, 0.058, 48
train,    3939, 116.041987,   48, 0.00,   12, 0.000, 0.000, 0.058, 48
train,    3940, 270.000000,  104, 0.00,   13, 0.000, 0.000, 0.058, 48
update,   3940,  394, 250039, 240.000000, 0.000000
train,    3941, 74.221851,   83, 0.00,   15, 0.000, 0.000, 0.058, 48
train,    3942, 150.611198,   58, 0.00,    7, 0.000, 0.000, 0.058, 48
train,    3943, 110.703808,   27, 1.00,   12, 0.000, 0.000, 0.058, 48
train,    3944, 182.534655,   92, 0.00,   11, 0.000, 0.000, 0.058, 48
train,    3945, 153.534132,   64, 0.00,   10, 0.000, 0.000, 0.058, 48
train,    3946, 157.183603,  120, 0.00,   13, 0.000, 0.000, 0.058, 48
train,    3947, 270.000000,   93, 0.00,   14, 0.000, 0.000, 0.058, 48
train,    3948, 146.753053,   63, 1.00,   12, 0.000, 0.000, 0.058, 48
train,    3949, 149.398019,   65, 0.00,   12, 0.000, 0.000, 0.058, 48
train,    3950, 174.380263,  103, 0.00,   10, 0.000, 0.000, 0.058, 48
update,   3950,  395, 250807, 207.956503, 0.000000
train,    3951, 251.150258,   78, 0.00,   14, 0.000, 0.000, 0.058, 48
train,    3952, 143.547406,  111, 0.00,   12, 0.000, 0.000, 0.058, 48
train,    3953, 61.353042,   81, 1.00,   13, 0.000, 0.000, 0.058, 48
train,    3954, 161.229273,   70, 1.00,   13, 0.000, 0.000, 0.058, 48
train,    3955, 205.483275,   81, 0.00,   13, 0.000, 0.000, 0.058, 48
train,    3956, 116.808579,   91, 0.00,   13, 0.000, 0.000, 0.058, 48
train,    3957, 133.437937,   97, 0.00,   12, 0.000, 0.000, 0.057, 48
train,    3958, 158.843167,   81, 0.00,   14, 0.000, 0.000, 0.057, 48
train,    3959, 232.978843,   50, 0.00,   13, 0.000, 0.000, 0.057, 48
train,    3960, 34.129751,   45, 1.00,    7, 0.000, 0.000, 0.057, 48
update,   3960,  396, 251592, 49.287420, 0.000000
train,    3961, 128.765781,  118, 0.00,   10, 0.000, 0.000, 0.057, 48
train,    3962, 122.869294,   66, 0.00,   12, 0.000, 0.000, 0.057, 48
train,    3963, 220.191786,   64, 0.00,   14, 0.000, 0.000, 0.057, 48
train,    3964, 178.259640,  120, 0.00,   13, 0.000, 0.000, 0.057, 48
train,    3965, 50.701694,   15, 1.00,    8, 0.000, 0.000, 0.057, 48
train,    3966, 196.278318,  120, 0.00,   12, 0.000, 0.000, 0.057, 48
train,    3967, 181.221762,  120, 0.00,   14, 0.000, 0.000, 0.057, 48
train,    3968, 35.985673,   57, 1.00,   10, 0.000, 0.000, 0.057, 48
train,    3969, 200.640049,  113, 0.00,   16, 0.000, 0.000, 0.057, 48
train,    3970, 157.116076,  120, 0.00,   17, 0.000, 0.000, 0.057, 48
update,   3970,  397, 252505, 94.357774, 0.000000
train,    3971, 67.090942,   41, 1.00,    4, 0.000, 0.000, 0.057, 48
train,    3972, 263.750580,   62, 0.00,   11, 0.000, 0.000, 0.057, 48
train,    3973, 263.727703,  117, 0.00,   15, 0.000, 0.000, 0.057, 48
train,    3974, 50.703621,   47, 1.00,    9, 0.000, 0.000, 0.057, 48
train,    3975, 220.753876,   92, 0.00,   12, 0.000, 0.000, 0.057, 48
train,    3976, 118.834510,   50, 1.00,   11, 0.000, 0.000, 0.057, 48
train,    3977, 222.144870,  120, 0.00,   13, 0.000, 0.000, 0.057, 48
train,    3978, 130.697304,  118, 0.00,    9, 0.000, 0.000, 0.057, 48
train,    3979, 57.011954,    4, 1.00,    6, 0.000, 0.000, 0.057, 48
train,    3980, 32.453133,   52, 1.00,   11, 0.000, 0.000, 0.057, 48
update,   3980,  398, 253208, 40.605142, 0.000000
train,    3981, 241.010887,   94, 0.00,   16, 0.000, 0.000, 0.057, 48
train,    3982, 152.180597,  105, 1.00,   10, 0.000, 0.000, 0.057, 48
train,    3983, -25.000000,   21, 1.00,    9, 0.000, 0.000, 0.057, 48
train,    3984, 223.121135,  120, 0.00,   17, 0.000, 0.000, 0.057, 48
train,    3985, 129.429822,   37, 1.00,   11, 0.000, 0.000, 0.057, 48
train,    3986, 228.123485,  111, 0.00,   14, 0.000, 0.000, 0.057, 48
train,    3987, 156.838656,  105, 0.00,   12, 0.000, 0.000, 0.057, 48
train,    3988, 247.747917,  120, 0.00,   13, 0.000, 0.000, 0.057, 48
train,    3989, 120.484948,   64, 1.00,   13, 0.000, 0.000, 0.057, 48
train,    3990, 174.124502,  120, 0.00,   13, 0.000, 0.000, 0.057, 48
update,   3990,  399, 254105, 219.992091, 0.000000
train,    3991, 24.061725,   23, 1.00,    5, 0.000, 0.000, 0.057, 48
train,    3992, 219.292348,   65, 0.00,   13, 0.000, 0.000, 0.057, 48
train,    3993, 192.752200,  100, 0.00,    9, 0.000, 0.000, 0.057, 48
train,    3994, 212.608518,  117, 0.00,    7, 0.000, 0.000, 0.057, 48
train,    3995, 112.912001,   83, 1.00,    6, 0.000, 0.000, 0.057, 48
train,    3996, 270.000000,  114, 0.00,   13, 0.000, 0.000, 0.057, 48
train,    3997, 160.100758,   86, 0.00,   14, 0.000, 0.000, 0.057, 48
train,    3998, 172.031515,  106, 0.00,   12, 0.000, 0.000, 0.057, 48
train,    3999, 146.094284,   96, 0.00,   12, 0.000, 0.000, 0.057, 48
train,    4000, 204.643732,  103, 0.00,   14, 0.000, 0.000, 0.057, 48
update,   4000,  400, 254998, 151.016740, 0.000000
val_t, 4000, 254998, 182.317395, 0.2005,  67.3935,   0.1651, 0.7552,  27.3535, progress 0.8088
train,    4001, 16.684137,   29, 1.00,    4, 0.000, 0.000, 0.056, 48
train,    4002, 138.823206,   75, 0.00,   13, 0.000, 0.000, 0.056, 48
train,    4003, 264.481421,  120, 0.00,   14, 0.000, 0.000, 0.056, 48
train,    4004, 260.081120,  120, 0.00,    8, 0.000, 0.000, 0.056, 48
train,    4005, 241.118666,  102, 0.00,   17, 0.000, 0.000, 0.056, 48
train,    4006, 237.544768,  120, 0.00,   11, 0.000, 0.000, 0.056, 48
train,    4007, 187.836642,   90, 0.00,   15, 0.000, 0.000, 0.056, 48
train,    4008, 216.047318,  106, 0.00,   14, 0.000, 0.000, 0.056, 48
train,    4009, 270.000000,   99, 0.00,   11, 0.000, 0.000, 0.056, 48
train,    4010, 89.107161,  120, 0.00,   12, 0.000, 0.000, 0.056, 48
update,   4010,  401, 255979, 90.779538, 0.000000
train,    4011, 208.800414,  110, 0.00,   11, 0.000, 0.000, 0.056, 48
train,    4012, 121.706376,   39, 1.00,   11, 0.000, 0.000, 0.056, 48
train,    4013, 128.124153,   31, 1.00,    8, 0.000, 0.000, 0.056, 48
train,    4014, 167.943423,   72, 0.00,   14, 0.000, 0.000, 0.056, 48
train,    4015, 201.596156,  120, 0.00,   15, 0.000, 0.000, 0.056, 48
train,    4016, 161.928603,   81, 1.00,   10, 0.000, 0.000, 0.056, 48
train,    4017, 175.964922,  120, 0.00,   12, 0.000, 0.000, 0.056, 48
train,    4018, 154.381470,   86, 0.00,   10, 0.000, 0.000, 0.056, 48
train,    4019, 211.854435,   50, 0.00,   10, 0.000, 0.000, 0.056, 48
train,    4020, 202.453507,   98, 0.00,   13, 0.000, 0.000, 0.056, 48
update,   4020,  402, 256786, 165.695190, 0.000000
train,    4021, 174.796702,  105, 0.00,   12, 0.000, 0.000, 0.056, 48
train,    4022, 207.735971,  120, 0.00,   14, 0.000, 0.000, 0.056, 48
train,    4023, 171.708216,  120, 0.00,   16, 0.000, 0.000, 0.056, 48
train,    4024, 179.349666,   79, 0.00,    9, 0.000, 0.000, 0.056, 48
train,    4025, 59.066031,   67, 0.00,   13, 0.000, 0.000, 0.056, 48
train,    4026, 130.331433,   92, 0.00,    9, 0.000, 0.000, 0.056, 48
train,    4027, 118.189859,   94, 1.00,   13, 0.000, 0.000, 0.056, 48
train,    4028, 162.414470,   89, 0.00,   15, 0.000, 0.000, 0.056, 48
train,    4029, 198.682143,  109, 0.00,   12, 0.000, 0.000, 0.056, 48
train,    4030, 241.747388,   97, 0.00,   14, 0.000, 0.000, 0.056, 48
update,   4030,  403, 257758, 240.000000, 0.000000
train,    4031, 230.142377,   95, 0.00,   13, 0.000, 0.000, 0.056, 48
train,    4032, 102.147333,   88, 1.00,   11, 0.000, 0.000, 0.056, 48
train,    4033, 202.278720,   73, 0.00,   13, 0.000, 0.000, 0.056, 48
train,    4034, 139.790370,   83, 0.00,   10, 0.000, 0.000, 0.056, 48
train,    4035, 147.943668,   93, 1.00,   12, 0.000, 0.000, 0.056, 48
train,    4036, 176.384979,   78, 0.00,   12, 0.000, 0.000, 0.056, 48
train,    4037, 226.719779,   91, 0.00,   13, 0.000, 0.000, 0.056, 48
train,    4038, 95.163379,   81, 1.00,    7, 0.000, 0.000, 0.056, 48
train,    4039, 162.554904,  113, 0.00,   15, 0.000, 0.000, 0.056, 48
train,    4040, 206.781957,   99, 0.00,   15, 0.000, 0.000, 0.056, 48
update,   4040,  404, 258652, 198.712183, 0.000000
train,    4041, 214.229585,   87, 0.00,   13, 0.000, 0.000, 0.056, 48
train,    4042, 270.000000,   90, 0.00,   15, 0.000, 0.000, 0.056, 48
train,    4043, 186.738582,   92, 0.00,   13, 0.000, 0.000, 0.056, 48
train,    4044, 217.111295,  111, 0.00,   11, 0.000, 0.000, 0.056, 48
train,    4045, 267.764277,   94, 0.00,   14, 0.000, 0.000, 0.056, 48
train,    4046, 66.390911,   78, 0.00,   13, 0.000, 0.000, 0.055, 48
train,    4047, 94.093813,   96, 0.00,   11, 0.000, 0.000, 0.055, 48
train,    4048, 17.522406,   20, 1.00,   10, 0.000, 0.000, 0.055, 48
train,    4049, 270.000000,   70, 0.00,   14, 0.000, 0.000, 0.055, 48
train,    4050, 162.143983,   87, 0.00,   11, 0.000, 0.000, 0.055, 48
update,   4050,  405, 259477, 158.725992, 0.000000
train,    4051, 260.530226,  120, 0.00,   15, 0.000, 0.000, 0.055, 48
train,    4052, 220.642727,   66, 0.00,   13, 0.000, 0.000, 0.055, 48
train,    4053, 172.436527,   98, 0.00,   10, 0.000, 0.000, 0.055, 48
train,    4054, 229.088760,  120, 0.00,   11, 0.000, 0.000, 0.055, 48
train,    4055, 133.076333,   92, 0.00,   10, 0.000, 0.000, 0.055, 48
train,    4056, 219.127252,  105, 0.00,   11, 0.000, 0.000, 0.055, 48
train,    4057, 186.379114,   95, 0.00,   13, 0.000, 0.000, 0.055, 48
train,    4058, 1.896316,   43, 1.00,   10, 0.000, 0.000, 0.055, 48
train,    4059, 180.000000,  105, 1.00,   14, 0.000, 0.000, 0.055, 48
train,    4060, 258.098841,   70, 0.00,   11, 0.000, 0.000, 0.055, 48
update,   4060,  406, 260391, 240.000000, 0.000000
train,    4061, 22.245207,   41, 1.00,   10, 0.000, 0.000, 0.055, 48
train,    4062, 39.048074,   56, 1.00,   10, 0.000, 0.000, 0.055, 48
train,    4063, 58.131878,   15, 1.00,   10, 0.000, 0.000, 0.055, 48
train,    4064, 215.330259,   87, 0.00,   13, 0.000, 0.000, 0.055, 48
train,    4065, 214.064004,  107, 0.00,   12, 0.000, 0.000, 0.055, 48
train,    4066, 246.922136,   79, 0.00,   12, 0.000, 0.000, 0.055, 48
train,    4067, 270.000000,   93, 0.00,    9, 0.000, 0.000, 0.055, 48
train,    4068, 258.476160,   92, 0.00,   10, 0.000, 0.000, 0.055, 48
train,    4069, -25.000000,   18, 1.00,    7, 0.000, 0.000, 0.055, 48
train,    4070, 192.759432,  120, 0.00,   10, 0.000, 0.000, 0.055, 48
update,   4070,  407, 261099, 166.594892, 0.000000
train,    4071, 144.768725,   96, 0.00,    7, 0.000, 0.000, 0.055, 48
train,    4072, 51.450643,   26, 1.00,   12, 0.000, 0.000, 0.055, 48
train,    4073, 253.866313,  112, 0.00,   11, 0.000, 0.000, 0.055, 48
train,    4074, 254.251845,  116, 0.00,   11, 0.000, 0.000, 0.055, 48
train,    4075, 238.448726,  100, 0.00,   14, 0.000, 0.000, 0.055, 48
train,    4076, 197.989949,   65, 0.00,   17, 0.000, 0.000, 0.055, 48
train,    4077, 166.762639,   78, 0.00,   12, 0.000, 0.000, 0.055, 48
train,    4078, 94.174701,  120, 0.00,    9, 0.000, 0.000, 0.055, 48
train,    4079, 183.054348,   82, 0.00,   13, 0.000, 0.000, 0.055, 48
train,    4080, 270.000000,  110, 0.00,   11, 0.000, 0.000, 0.055, 48
update,   4080,  408, 262004, 240.000000, 0.000000
train,    4081, 115.004728,  107, 0.00,   16, 0.000, 0.000, 0.055, 48
train,    4082, 219.024962,   95, 0.00,   17, 0.000, 0.000, 0.055, 48
train,    4083, 193.177528,  120, 0.00,   13, 0.000, 0.000, 0.055, 48
train,    4084, 197.035891,   79, 0.00,   14, 0.000, 0.000, 0.055, 48
train,    4085, 225.521165,   83, 0.00,   12, 0.000, 0.000, 0.055, 48
train,    4086, 270.000000,   61, 0.00,   15, 0.000, 0.000, 0.055, 48
train,    4087, 207.405747,  109, 0.00,   13, 0.000, 0.000, 0.055, 48
train,    4088, 116.204314,   32, 1.00,   11, 0.000, 0.000, 0.055, 48
train,    4089, 232.569436,   89, 0.00,   11, 0.000, 0.000, 0.055, 48
train,    4090, 146.960021,  120, 0.00,   12, 0.000, 0.000, 0.055, 48
update,   4090,  409, 262899, 180.592994, 0.000000
train,    4091, 150.038719,   93, 0.00,   19, 0.000, 0.000, 0.054, 48
train,    4092, 143.750242,  120, 0.00,   10, 0.000, 0.000, 0.054, 48
train,    4093, 270.000000,   54, 0.00,   10, 0.000, 0.000, 0.054, 48
train,    4094, 261.514794,   78, 0.00,   14, 0.000, 0.000, 0.054, 48
train,    4095, 25.112245,   50, 1.00,   11, 0.000, 0.000, 0.054, 48
train,    4096, 236.171945,   98, 0.00,   15, 0.000, 0.000, 0.054, 48
train,    4097, 264.876077,  105, 0.00,   16, 0.000, 0.000, 0.054, 48
train,    4098, 207.482726,   89, 0.00,   13, 0.000, 0.000, 0.054, 48
train,    4099, 117.371876,   78, 1.00,   13, 0.000, 0.000, 0.054, 48
train,    4100, 245.513041,  113, 0.00,   12, 0.000, 0.000, 0.054, 48
update,   4100,  410, 263777, 239.818764, 0.000000
val_t, 4100, 263777, 212.481825, 0.1714,  73.2670,   0.1283, 0.7328,  28.0856, progress 0.7688
train,    4101, 236.012965,   75, 0.00,   12, 0.000, 0.000, 0.054, 48
train,    4102, 67.334683,   47, 1.00,    9, 0.000, 0.000, 0.054, 48
train,    4103, 148.533319,   59, 0.00,   10, 0.000, 0.000, 0.054, 48
train,    4104, 113.086628,   55, 1.00,   12, 0.000, 0.000, 0.054, 48
train,    4105, 171.461395,   53, 1.00,   10, 0.000, 0.000, 0.054, 48
train,    4106, 162.787411,  103, 0.00,   11, 0.000, 0.000, 0.054, 48
train,    4107, 64.366255,   57, 1.00,   11, 0.000, 0.000, 0.054, 48
train,    4108, 136.220178,   63, 0.00,   14, 0.000, 0.000, 0.054, 48
train,    4109, 189.630895,   63, 0.00,    9, 0.000, 0.000, 0.054, 48
train,    4110, 172.373802,  120, 0.00,   10, 0.000, 0.000, 0.054, 48
update,   4110,  411, 264472, 182.000302, 0.000000
train,    4111, 270.000000,  109, 0.00,   12, 0.000, 0.000, 0.054, 48
train,    4112, 270.000000,   99, 0.00,   11, 0.000, 0.000, 0.054, 48
train,    4113, 152.639709,  101, 0.00,   15, 0.000, 0.000, 0.054, 48
train,    4114, 103.948299,   89, 0.00,    9, 0.000, 0.000, 0.054, 48
train,    4115, 172.657067,   53, 0.00,   10, 0.000, 0.000, 0.054, 48
train,    4116, 166.315508,   95, 0.00,   11, 0.000, 0.000, 0.054, 48
train,    4117, 196.822895,   65, 0.00,   12, 0.000, 0.000, 0.054, 48
train,    4118, 5.760414,   13, 1.00,   10, 0.000, 0.000, 0.054, 48
train,    4119, -25.000000,   85, 1.00,   10, 0.000, 0.000, 0.054, 48
train,    4120, 193.005337,   48, 0.00,   16, 0.000, 0.000, 0.054, 48
update,   4120,  412, 265229, 221.449682, 0.000000
train,    4121, 226.861543,   80, 0.00,   10, 0.000, 0.000, 0.054, 48
train,    4122, 161.829004,   74, 0.00,   13, 0.000, 0.000, 0.054, 48
train,    4123, 46.565264,   60, 1.00,    9, 0.000, 0.000, 0.054, 48
train,    4124, 157.269538,   46, 0.00,   12, 0.000, 0.000, 0.054, 48
train,    4125, 15.848172,    4, 1.00,    7, 0.000, 0.000, 0.054, 48
train,    4126, 236.400030,   93, 0.00,   13, 0.000, 0.000, 0.054, 48
train,    4127, 116.543561,   42, 1.00,   12, 0.000, 0.000, 0.054, 48
train,    4128, 174.861279,   55, 0.00,   12, 0.000, 0.000, 0.054, 48
train,    4129, 241.033555,   59, 0.00,    9, 0.000, 0.000, 0.054, 48
train,    4130, 176.657791,   72, 0.00,   12, 0.000, 0.000, 0.054, 48
update,   4130,  413, 265814, 171.400313, 0.000000
train,    4131, 247.074703,  114, 0.00,   10, 0.000, 0.000, 0.054, 48
train,    4132, 151.747788,   50, 0.00,   11, 0.000, 0.000, 0.054, 48
train,    4133, 246.223749,  120, 0.00,   10, 0.000, 0.000, 0.054, 48
train,    4134, 149.823768,   70, 0.00,   13, 0.000, 0.000, 0.054, 48
train,    4135, 247.006266,   54, 0.00,   13, 0.000, 0.000, 0.054, 48
train,    4136, 266.680079,   73, 0.00,   13, 0.000, 0.000, 0.054, 48
train,    4137, 44.135100,   34, 1.00,    8, 0.000, 0.000, 0.053, 48
train,    4138, 168.602495,   45, 0.00,   10, 0.000, 0.000, 0.053, 48
train,    4139, 148.197188,   45, 0.00,    8, 0.000, 0.000, 0.053, 48
train,    4140, 180.000000,   51, 1.00,   13, 0.000, 0.000, 0.053, 48
update,   4140,  414, 266470, 182.308917, 0.000000
train,    4141, 2.378902,   22, 1.00,    7, 0.000, 0.000, 0.053, 48
train,    4142, 192.428592,   77, 0.00,   10, 0.000, 0.000, 0.053, 48
train,    4143, 101.272414,   48, 1.00,    8, 0.000, 0.000, 0.053, 48
train,    4144, 170.359478,  104, 0.00,   15, 0.000, 0.000, 0.053, 48
train,    4145, 248.817797,   68, 0.00,    9, 0.000, 0.000, 0.053, 48
train,    4146, 70.715087,   31, 1.00,    9, 0.000, 0.000, 0.053, 48
train,    4147, 188.779746,   64, 0.00,    9, 0.000, 0.000, 0.053, 48
train,    4148, 182.362683,   45, 0.00,   11, 0.000, 0.000, 0.053, 48
train,    4149, 80.349444,   72, 1.00,    8, 0.000, 0.000, 0.053, 48
train,    4150, 259.005614,   81, 0.00,   16, 0.000, 0.000, 0.053, 48
update,   4150,  415, 267082, 240.000000, 0.000000
train,    4151, 171.540778,   45, 0.00,   14, 0.000, 0.000, 0.053, 48
train,    4152, 256.018211,   75, 0.00,   11, 0.000, 0.000, 0.053, 48
train,    4153, 158.741226,   84, 0.00,   14, 0.000, 0.000, 0.053, 48
train,    4154, 253.007146,   64, 0.00,   10, 0.000, 0.000, 0.053, 48
train,    4155, 127.120282,   67, 1.00,   11, 0.000, 0.000, 0.053, 48
train,    4156, 153.546407,   22, 1.00,    9, 0.000, 0.000, 0.053, 48
train,    4157, 253.944527,   98, 0.00,    8, 0.000, 0.000, 0.053, 48
train,    4158, 256.120771,   87, 0.00,   13, 0.000, 0.000, 0.053, 48
train,    4159, 141.457004,   45, 0.00,   11, 0.000, 0.000, 0.053, 48
train,    4160, 176.212374,   72, 0.00,   12, 0.000, 0.000, 0.053, 48
update,   4160,  416, 267741, 165.435183, 0.000000
train,    4161, 227.180013,   81, 0.00,   12, 0.000, 0.000, 0.053, 48
train,    4162, 133.016299,   70, 1.00,   12, 0.000, 0.000, 0.053, 48
train,    4163, 115.611452,   91, 1.00,   11, 0.000, 0.000, 0.053, 48
train,    4164, 198.351964,   45, 0.00,   15, 0.000, 0.000, 0.053, 48
train,    4165, 84.288882,   57, 0.00,   10, 0.000, 0.000, 0.053, 48
train,    4166, 243.178841,   78, 0.00,   18, 0.000, 0.000, 0.053, 48
train,    4167, 153.058918,  102, 0.00,   10, 0.000, 0.000, 0.053, 48
train,    4168, 19.229413,   57, 1.00,    8, 0.000, 0.000, 0.053, 48
train,    4169, 225.580348,   67, 0.00,    8, 0.000, 0.000, 0.053, 48
train,    4170, 128.486987,   70, 1.00,    8, 0.000, 0.000, 0.053, 48
update,   4170,  417, 268459, 83.869842, 0.000000
train,    4171, 240.744280,   45, 0.00,   14, 0.000, 0.000, 0.053, 48
train,    4172, 162.427665,   58, 0.00,   15, 0.000, 0.000, 0.053, 48
train,    4173, 231.298346,   89, 0.00,   16, 0.000, 0.000, 0.053, 48
train,    4174, 157.680484,   85, 0.00,   15, 0.000, 0.000, 0.053, 48
train,    4175, 144.138722,   70, 0.00,   15, 0.000, 0.000, 0.053, 48
train,    4176, 247.538152,   92, 0.00,   14, 0.000, 0.000, 0.053, 48
train,    4177, 236.312190,   59, 0.00,   14, 0.000, 0.000, 0.053, 48
train,    4178, 243.445510,   92, 0.00,   11, 0.000, 0.000, 0.053, 48
train,    4179, 138.964724,   53, 0.00,    9, 0.000, 0.000, 0.053, 48
train,    4180, 227.422921,  101, 0.00,   11, 0.000, 0.000, 0.053, 48
update,   4180,  418, 269203, 239.772903, 0.000000
train,    4181, 147.869147,   94, 0.00,   13, 0.000, 0.000, 0.053, 48
train,    4182, 212.667514,   45, 0.00,   12, 0.000, 0.000, 0.053, 48
train,    4183, 266.513797,   99, 0.00,   13, 0.000, 0.000, 0.053, 48
train,    4184, 105.203442,   74, 1.00,   10, 0.000, 0.000, 0.053, 48
train,    4185, 125.270969,   55, 0.00,   11, 0.000, 0.000, 0.052, 48
train,    4186, 241.362485,   61, 0.00,   12, 0.000, 0.000, 0.052, 48
train,    4187, 266.641463,   60, 0.00,   12, 0.000, 0.000, 0.052, 48
train,    4188, 248.190577,   56, 0.00,   10, 0.000, 0.000, 0.052, 48
train,    4189, 270.000000,  109, 0.00,   11, 0.000, 0.000, 0.052, 48
train,    4190, 108.892830,   81, 1.00,   11, 0.000, 0.000, 0.052, 48
update,   4190,  419, 269937, 94.364190, 0.000000
train,    4191, 270.000000,  120, 0.00,   11, 0.000, 0.000, 0.052, 48
train,    4192, 175.403736,   79, 0.00,   10, 0.000, 0.000, 0.052, 48
train,    4193, 179.303105,   90, 0.00,   10, 0.000, 0.000, 0.052, 48
train,    4194, 163.060143,   80, 1.00,   12, 0.000, 0.000, 0.052, 48
train,    4195, 256.063962,   68, 0.00,   11, 0.000, 0.000, 0.052, 48
train,    4196, 203.860711,   84, 0.00,   13, 0.000, 0.000, 0.052, 48
train,    4197, 253.766225,   45, 0.00,   13, 0.000, 0.000, 0.052, 48
train,    4198, 241.756760,   67, 0.00,   14, 0.000, 0.000, 0.052, 48
train,    4199, 194.618340,   91, 0.00,    9, 0.000, 0.000, 0.052, 48
train,    4200, 224.538137,   65, 0.00,   14, 0.000, 0.000, 0.052, 48
update,   4200,  420, 270726, 240.000000, 0.000000
val_t, 4200, 270726, 211.157838, 0.0979,  80.3934,   0.1254, 0.6715,  27.6619, progress 0.7220
train,    4201, -25.000000,   19, 1.00,    4, 0.000, 0.000, 0.052, 48
train,    4202, 214.051083,   75, 0.00,   14, 0.000, 0.000, 0.052, 48
train,    4203, 187.816753,  101, 0.00,   11, 0.000, 0.000, 0.052, 48
train,    4204, 127.633034,   66, 0.00,   11, 0.000, 0.000, 0.052, 48
train,    4205, 175.404727,   87, 0.00,   14, 0.000, 0.000, 0.052, 48
train,    4206, 172.472703,   66, 0.00,   10, 0.000, 0.000, 0.052, 48
train,    4207, 197.328299,   55, 0.00,   11, 0.000, 0.000, 0.052, 48
train,    4208, 105.351274,   76, 1.00,   14, 0.000, 0.000, 0.052, 48
train,    4209, 208.667504,   45, 0.00,   11, 0.000, 0.000, 0.052, 48
train,    4210, 108.868935,  120, 0.00,    6, 0.000, 0.000, 0.052, 48
update,   4210,  421, 271436, 60.890087, 0.000000
train,    4211, 6.395702,   14, 1.00,    9, 0.000, 0.000, 0.052, 48
train,    4212, 176.251441,   65, 0.00,   10, 0.000, 0.000, 0.052, 48
train,    4213, 270.000000,   82, 0.00,   11, 0.000, 0.000, 0.052, 48
train,    4214, 218.385392,  104, 0.00,   10, 0.000, 0.000, 0.052, 48
train,    4215, 210.343977,   79, 0.00,   14, 0.000, 0.000, 0.052, 48
train,    4216, 220.117586,  105, 0.00,   15, 0.000, 0.000, 0.052, 48
train,    4217, 187.949366,   71, 0.00,   13, 0.000, 0.000, 0.052, 48
train,    4218, 153.752896,   56, 0.00,   12, 0.000, 0.000, 0.052, 48
train,    4219, 89.324909,   90, 1.00,   14, 0.000, 0.000, 0.052, 48
train,    4220, 5.903535,   59, 1.00,   12, 0.000, 0.000, 0.052, 48
update,   4220,  422, 272161, 27.399364, 0.000000
train,    4221, 121.319990,   45, 0.00,   10, 0.000, 0.000, 0.052, 48
train,    4222, 189.170626,   65, 0.00,    9, 0.000, 0.000, 0.052, 48
train,    4223, 213.001708,   52, 0.00,   10, 0.000, 0.000, 0.052, 48
train,    4224, 137.945318,   66, 0.00,   15, 0.000, 0.000, 0.052, 48
train,    4225, 160.528706,   79, 0.00,   11, 0.000, 0.000, 0.052, 48
train,    4226, 191.296659,   76, 0.00,   15, 0.000, 0.000, 0.052, 48
train,    4227, 16.465319,   62, 1.00,   11, 0.000, 0.000, 0.052, 48
train,    4228, 169.606468,  120, 0.00,    7, 0.000, 0.000, 0.052, 48
train,    4229, 137.715200,   20, 1.00,    8, 0.000, 0.000, 0.052, 48
train,    4230, 158.602463,   43, 1.00,    7, 0.000, 0.000, 0.052, 48
update,   4230,  423, 272789, 146.274915, 0.000000
train,    4231, 210.732505,   61, 0.00,   12, 0.000, 0.000, 0.052, 48
train,    4232, 192.712204,   46, 0.00,    7, 0.000, 0.000, 0.052, 48
train,    4233, 168.500561,   75, 0.00,   14, 0.000, 0.000, 0.051, 48
train,    4234, 226.495705,  106, 0.00,   16, 0.000, 0.000, 0.051, 48
train,    4235, 249.777935,   99, 0.00,   14, 0.000, 0.000, 0.051, 48
train,    4236, 111.052193,  115, 0.00,   11, 0.000, 0.000, 0.051, 48
train,    4237, 163.860764,  111, 0.00,   15, 0.000, 0.000, 0.051, 48
train,    4238, 122.727214,   70, 0.00,    9, 0.000, 0.000, 0.051, 48
train,    4239, 258.579214,   74, 0.00,   11, 0.000, 0.000, 0.051, 48
train,    4240, 206.692499,   85, 0.00,    8, 0.000, 0.000, 0.051, 48
update,   4240,  424, 273631, 171.637694, 0.000000
train,    4241, 39.112063,   43, 1.00,   11, 0.000, 0.000, 0.051, 48
train,    4242, -25.000000,   45, 1.00,   10, 0.000, 0.000, 0.051, 48
train,    4243, 270.000000,   85, 0.00,   12, 0.000, 0.000, 0.051, 48
train,    4244, 42.703089,   37, 1.00,   11, 0.000, 0.000, 0.051, 48
train,    4245, 257.363839,   80, 0.00,   12, 0.000, 0.000, 0.051, 48
train,    4246, 79.586424,   45, 1.00,    8, 0.000, 0.000, 0.051, 48
train,    4247, 234.135227,   54, 0.00,   10, 0.000, 0.000, 0.051, 48
train,    4248, 236.100616,  120, 0.00,   14, 0.000, 0.000, 0.051, 48
train,    4249, 243.345514,   45, 0.00,   11, 0.000, 0.000, 0.051, 48
train,    4250, 65.912336,   42, 1.00,    6, 0.000, 0.000, 0.051, 48
update,   4250,  425, 274227, 61.319686, 0.000000
train,    4251, 149.037298,   82, 0.00,   12, 0.000, 0.000, 0.051, 48
train,    4252, 136.184387,   45, 1.00,   14, 0.000, 0.000, 0.051, 48
train,    4253, 167.516551,  106, 0.00,   17, 0.000, 0.000, 0.051, 48
train,    4254, 156.075027,   76, 0.00,   14, 0.000, 0.000, 0.051, 48
train,    4255, 125.248549,   84, 0.00,   11, 0.000, 0.000, 0.051, 48
train,    4256, 177.962140,   93, 1.00,   11, 0.000, 0.000, 0.051, 48
train,    4257, 184.322209,  101, 0.00,   13, 0.000, 0.000, 0.051, 48
train,    4258, 182.486873,   75, 0.00,   15, 0.000, 0.000, 0.051, 48
train,    4259, 252.173370,   76, 0.00,   13, 0.000, 0.000, 0.051, 48
train,    4260, 144.578262,   37, 1.00,    9, 0.000, 0.000, 0.051, 48
update,   4260,  426, 275002, 133.667352, 0.000000
train,    4261, 232.220538,   80, 0.00,   12, 0.000, 0.000, 0.051, 48
train,    4262, 221.653918,   83, 0.00,   15, 0.000, 0.000, 0.051, 48
train,    4263, 120.569588,   97, 0.00,   14, 0.000, 0.000, 0.051, 48
train,    4264, 198.315936,   81, 0.00,   11, 0.000, 0.000, 0.051, 48
train,    4265, 270.000000,  101, 0.00,   10, 0.000, 0.000, 0.051, 48
train,    4266, 256.685289,   66, 0.00,   13, 0.000, 0.000, 0.051, 48
train,    4267, 132.650352,  120, 0.00,   11, 0.000, 0.000, 0.051, 48
train,    4268, 270.000000,   98, 0.00,   13, 0.000, 0.000, 0.051, 48
train,    4269, 170.957871,   73, 0.00,   13, 0.000, 0.000, 0.051, 48
train,    4270, 251.461094,   91, 0.00,   14, 0.000, 0.000, 0.051, 48
update,   4270,  427, 275892, 240.000000, 0.000000
train,    4271, 177.668770,   73, 0.00,    9, 0.000, 0.000, 0.051, 48
train,    4272, 248.498619,  120, 0.00,   12, 0.000, 0.000, 0.051, 48
train,    4273, 160.134785,  120, 0.00,   12, 0.000, 0.000, 0.051, 48
train,    4274, 159.708194,   92, 0.00,   10, 0.000, 0.000, 0.051, 48
train,    4275, 128.015496,   94, 0.00,   11, 0.000, 0.000, 0.051, 48
train,    4276, 97.997738,   60, 1.00,    7, 0.000, 0.000, 0.051, 48
train,    4277, 150.716517,   95, 0.00,   12, 0.000, 0.000, 0.051, 48
train,    4278, 148.467710,  108, 0.00,   10, 0.000, 0.000, 0.051, 48
train,    4279, 184.522367,  117, 0.00,   14, 0.000, 0.000, 0.051, 48
train,    4280, 114.868958,   67, 1.00,   13, 0.000, 0.000, 0.051, 48
update,   4280,  428, 276838, 140.002483, 0.000000
train,    4281, 254.296674,   74, 0.00,   11, 0.000, 0.000, 0.051, 48
train,    4282, 74.979102,   70, 1.00,    8, 0.000, 0.000, 0.050, 48
train,    4283, 104.166027,   48, 0.00,   14, 0.000, 0.000, 0.050, 48
train,    4284, 104.602612,  114, 0.00,   12, 0.000, 0.000, 0.050, 48
train,    4285, -22.476901,   44, 1.00,    7, 0.000, 0.000, 0.050, 48
train,    4286, 23.253195,   22, 1.00,    9, 0.000, 0.000, 0.050, 48
train,    4287, 179.623485,  120, 0.00,   11, 0.000, 0.000, 0.050, 48
train,    4288, 86.483709,   46, 1.00,   12, 0.000, 0.000, 0.050, 48
train,    4289, 163.531107,  104, 0.00,   13, 0.000, 0.000, 0.050, 48
train,    4290, 93.142380,  108, 0.00,   12, 0.000, 0.000, 0.050, 48
update,   4290,  429, 277588, 51.203711, 0.000000
train,    4291, 45.804299,   32, 1.00,    5, 0.000, 0.000, 0.050, 48
train,    4292, 267.027542,  114, 0.00,   12, 0.000, 0.000, 0.050, 48
train,    4293, 87.806967,   49, 1.00,    9, 0.000, 0.000, 0.050, 48
train,    4294, 157.803519,  102, 0.00,   14, 0.000, 0.000, 0.050, 48
train,    4295, 167.501361,  102, 0.00,   11, 0.000, 0.000, 0.050, 48
train,    4296, 129.097960,  118, 0.00,   12, 0.000, 0.000, 0.050, 48
train,    4297, 166.447241,  120, 0.00,   13, 0.000, 0.000, 0.050, 48
train,    4298, 118.462162,   52, 1.00,    9, 0.000, 0.000, 0.050, 48
train,    4299, 180.000000,   99, 1.00,   11, 0.000, 0.000, 0.050, 48
train,    4300, 161.851348,   62, 0.00,    9, 0.000, 0.000, 0.050, 48
update,   4300,  430, 278438, 193.510535, 0.000000
val_t, 4300, 278438, 235.235844, 0.1126,  58.6496,   0.1288, 0.6919,  27.5524, progress 0.7380
train,    4301, 270.000000,   97, 0.00,   12, 0.000, 0.000, 0.050, 48
train,    4302, 131.802482,  120, 0.00,   17, 0.000, 0.000, 0.050, 48
train,    4303, 103.575896,   84, 1.00,   10, 0.000, 0.000, 0.050, 48
train,    4304, 229.281031,  120, 0.00,   10, 0.000, 0.000, 0.050, 48
train,    4305, 178.288873,  106, 0.00,   14, 0.000, 0.000, 0.050, 48
train,    4306, 185.411659,  120, 0.00,   13, 0.000, 0.000, 0.050, 48
train,    4307, 206.560352,  111, 0.00,   11, 0.000, 0.000, 0.050, 48
train,    4308, 113.310860,   81, 0.00,   14, 0.000, 0.000, 0.050, 48
train,    4309, 268.588858,  120, 0.00,    9, 0.000, 0.000, 0.050, 48
train,    4310, 270.000000,  113, 0.00,   14, 0.000, 0.000, 0.050, 48
update,   4310,  431, 279510, 232.972802, 0.000000
train,    4311, 86.744535,   45, 1.00,   12, 0.000, 0.000, 0.050, 48
train,    4312, 102.131411,   50, 1.00,   13, 0.000, 0.000, 0.050, 48
train,    4313, 141.952629,   53, 1.00,   10, 0.000, 0.000, 0.050, 48
train,    4314, 222.286905,  107, 0.00,   17, 0.000, 0.000, 0.050, 48
train,    4315, 261.572218,  116, 0.00,   14, 0.000, 0.000, 0.050, 48
train,    4316, 230.134044,  120, 0.00,    9, 0.000, 0.000, 0.050, 48
train,    4317, 167.280638,  100, 0.00,   12, 0.000, 0.000, 0.050, 48
train,    4318, 270.000000,   98, 0.00,   11, 0.000, 0.000, 0.050, 48
train,    4319, 197.367751,  120, 0.00,   12, 0.000, 0.000, 0.050, 48
train,    4320, 106.380409,   85, 1.00,   15, 0.000, 0.000, 0.050, 48
update,   4320,  432, 280404, 120.324433, 0.000000
train,    4321, 255.178752,  116, 0.00,   17, 0.000, 0.000, 0.050, 48
train,    4322, 212.097218,   82, 0.00,    8, 0.000, 0.000, 0.050, 48
train,    4323, 161.716334,   56, 1.00,   11, 0.000, 0.000, 0.050, 48
train,    4324, 96.898785,   79, 1.00,   11, 0.000, 0.000, 0.050, 48
train,    4325, 125.720563,   97, 1.00,   14, 0.000, 0.000, 0.050, 48
train,    4326, 165.955023,  113, 0.00,   16, 0.000, 0.000, 0.050, 48
train,    4327, 265.814161,   99, 0.00,   11, 0.000, 0.000, 0.050, 48
train,    4328, 66.362974,   44, 1.00,    7, 0.000, 0.000, 0.050, 48
train,    4329, 161.711110,   92, 0.00,   12, 0.000, 0.000, 0.050, 48
train,    4330, 123.722525,   96, 1.00,   11, 0.000, 0.000, 0.050, 48
update,   4330,  433, 281278, 136.455710, 0.000000
train,    4331, 224.559968,  114, 0.00,   16, 0.000, 0.000, 0.050, 48
train,    4332, 212.229729,   76, 0.00,   14, 0.000, 0.000, 0.049, 48
train,    4333, 214.000285,   64, 0.00,   12, 0.000, 0.000, 0.049, 48
train,    4334, 217.253158,   98, 0.00,   12, 0.000, 0.000, 0.049, 48
train,    4335, 179.824455,  112, 0.00,    7, 0.000, 0.000, 0.049, 48
train,    4336, 113.382474,  102, 0.00,   14, 0.000, 0.000, 0.049, 48
train,    4337, 270.000000,   93, 0.00,   14, 0.000, 0.000, 0.049, 48
train,    4338, 233.786852,  103, 0.00,   12, 0.000, 0.000, 0.049, 48
train,    4339, 151.012132,   83, 0.00,   11, 0.000, 0.000, 0.049, 48
train,    4340, 220.534726,   65, 0.00,   15, 0.000, 0.000, 0.049, 48
update,   4340,  434, 282188, 160.297333, 0.000000
train,    4341, 128.251017,  101, 1.00,   12, 0.000, 0.000, 0.049, 48
train,    4342, 270.000000,   87, 0.00,   15, 0.000, 0.000, 0.049, 48
train,    4343, 170.424490,   83, 0.00,   10, 0.000, 0.000, 0.049, 48
train,    4344, 149.643956,   88, 1.00,   18, 0.000, 0.000, 0.049, 48
train,    4345, 212.611412,  120, 0.00,   14, 0.000, 0.000, 0.049, 48
train,    4346, 111.190365,   70, 1.00,   11, 0.000, 0.000, 0.049, 48
train,    4347, 229.708119,   98, 0.00,   15, 0.000, 0.000, 0.049, 48
train,    4348, 156.875660,   81, 0.00,    7, 0.000, 0.000, 0.049, 48
train,    4349, 227.098166,   83, 0.00,   11, 0.000, 0.000, 0.049, 48
train,    4350, 137.246361,  116, 0.00,   11, 0.000, 0.000, 0.049, 48
update,   4350,  435, 283115, 169.513608, 0.000000
train,    4351, 125.293482,   76, 0.00,   16, 0.000, 0.000, 0.049, 48
train,    4352, 168.169847,  120, 0.00,   13, 0.000, 0.000, 0.049, 48
train,    4353, 103.611904,   96, 1.00,   10, 0.000, 0.000, 0.049, 48
train,    4354, 184.935918,  114, 0.00,   15, 0.000, 0.000, 0.049, 48
train,    4355, 114.104756,   73, 1.00,   11, 0.000, 0.000, 0.049, 48
train,    4356, 214.041587,  110, 0.00,   13, 0.000, 0.000, 0.049, 48
train,    4357, 226.591532,   50, 0.00,   12, 0.000, 0.000, 0.049, 48
train,    4358, 139.320504,   92, 1.00,   14, 0.000, 0.000, 0.049, 48
train,    4359, 172.408184,   83, 0.00,   12, 0.000, 0.000, 0.049, 48
train,    4360, 180.000000,   80, 1.00,   13, 0.000, 0.000, 0.049, 48
update,   4360,  436, 284009, 214.891408, 0.000000
train,    4361, 84.335085,   79, 1.00,    9, 0.000, 0.000, 0.049, 48
train,    4362, 122.026126,   37, 1.00,   10, 0.000, 0.000, 0.049, 48
train,    4363, 270.000000,  104, 0.00,   13, 0.000, 0.000, 0.049, 48
train,    4364, 159.788534,   89, 0.00,   12, 0.000, 0.000, 0.049, 48
train,    4365, 141.238462,   93, 0.00,   18, 0.000, 0.000, 0.049, 48
train,    4366, 106.024058,   65, 0.00,   11, 0.000, 0.000, 0.049, 48
train,    4367, 195.490774,  100, 0.00,   13, 0.000, 0.000, 0.049, 48
train,    4368, 21.060677,   31, 1.00,    9, 0.000, 0.000, 0.049, 48
train,    4369, 251.426393,  108, 0.00,   14, 0.000, 0.000, 0.049, 48
train,    4370, 208.349962,  120, 0.00,   15, 0.000, 0.000, 0.049, 48
update,   4370,  437, 284835, 221.592967, 0.000000
train,    4371, 175.662594,  120, 0.00,   17, 0.000, 0.000, 0.049, 48
train,    4372, 205.370503,  120, 0.00,   12, 0.000, 0.000, 0.049, 48
train,    4373, 79.385256,   71, 1.00,    5, 0.000, 0.000, 0.049, 48
train,    4374, 270.000000,   97, 0.00,   16, 0.000, 0.000, 0.049, 48
train,    4375, 178.502104,   77, 0.00,   12, 0.000, 0.000, 0.049, 48
train,    4376, 39.302715,   40, 1.00,   10, 0.000, 0.000, 0.049, 48
train,    4377, 270.000000,   92, 0.00,   13, 0.000, 0.000, 0.049, 48
train,    4378, 261.599915,  105, 0.00,   14, 0.000, 0.000, 0.049, 48
train,    4379, 235.890710,  120, 0.00,   12, 0.000, 0.000, 0.049, 48
train,    4380, 213.408418,   85, 0.00,   13, 0.000, 0.000, 0.049, 48
update,   4380,  438, 285762, 191.709319, 0.000000
train,    4381, 213.463911,   83, 0.00,   12, 0.000, 0.000, 0.049, 48
train,    4382, 162.131159,   98, 0.00,   13, 0.000, 0.000, 0.049, 48
train,    4383, 154.394227,  111, 0.00,   12, 0.000, 0.000, 0.048, 48
train,    4384, 111.289034,   58, 0.00,    9, 0.000, 0.000, 0.048, 48
train,    4385, 239.170384,   80, 0.00,   10, 0.000, 0.000, 0.048, 48
train,    4386, 182.593324,   95, 0.00,   12, 0.000, 0.000, 0.048, 48
train,    4387, 200.001988,   45, 0.00,    9, 0.000, 0.000, 0.048, 48
train,    4388, 210.893368,   84, 0.00,   13, 0.000, 0.000, 0.048, 48
train,    4389, 45.452405,   50, 0.00,   10, 0.000, 0.000, 0.048, 48
train,    4390, 140.475504,  120, 0.00,   10, 0.000, 0.000, 0.048, 48
update,   4390,  439, 286586, 217.635427, 0.000000
train,    4391, 41.249463,   20, 1.00,    8, 0.000, 0.000, 0.048, 48
train,    4392, -9.532874,    8, 1.00,    8, 0.000, 0.000, 0.048, 48
train,    4393, 133.016327,   72, 1.00,   16, 0.000, 0.000, 0.048, 48
train,    4394, 200.781539,  102, 0.00,   10, 0.000, 0.000, 0.048, 48
train,    4395, 204.606164,   45, 0.00,   13, 0.000, 0.000, 0.048, 48
train,    4396, 156.053681,   72, 0.00,   12, 0.000, 0.000, 0.048, 48
train,    4397, 270.000000,  103, 0.00,   12, 0.000, 0.000, 0.048, 48
train,    4398, -7.655222,   68, 1.00,   11, 0.000, 0.000, 0.048, 48
train,    4399, 242.686522,  100, 0.00,   11, 0.000, 0.000, 0.048, 48
train,    4400, 262.997336,   59, 0.00,   14, 0.000, 0.000, 0.048, 48
update,   4400,  440, 287235, 240.000000, 0.000000
val_t, 4400, 287235, 190.091866, 0.1566,  87.2208,   0.1424, 0.8192,  27.1197, progress 0.8479
train,    4401, 223.098606,  120, 0.00,   15, 0.000, 0.000, 0.048, 48
train,    4402, 231.072344,   89, 0.00,   16, 0.000, 0.000, 0.048, 48
train,    4403, 63.053074,   29, 1.00,    9, 0.000, 0.000, 0.048, 48
train,    4404, 151.144622,   85, 0.00,   17, 0.000, 0.000, 0.048, 48
train,    4405, 192.034263,  112, 0.00,   14, 0.000, 0.000, 0.048, 48
train,    4406, 22.485398,    8, 1.00,    6, 0.000, 0.000, 0.048, 48
train,    4407, 192.720702,   86, 0.00,   11, 0.000, 0.000, 0.048, 48
train,    4408, 10.364944,   48, 1.00,    7, 0.000, 0.000, 0.048, 48
train,    4409, 185.429901,   93, 0.00,   11, 0.000, 0.000, 0.048, 48
train,    4410, 223.930234,   81, 0.00,   14, 0.000, 0.000, 0.048, 48
update,   4410,  441, 287986, 223.276262, 0.000000
train,    4411, 166.683670,   99, 0.00,   10, 0.000, 0.000, 0.048, 48
train,    4412, 190.083084,   82, 0.00,   14, 0.000, 0.000, 0.048, 48
train,    4413, 198.426555,  115, 0.00,   13, 0.000, 0.000, 0.048, 48
train,    4414, 165.087290,   72, 0.00,   13, 0.000, 0.000, 0.048, 48
train,    4415, 153.657008,   77, 0.00,   12, 0.000, 0.000, 0.048, 48
train,    4416, 206.703076,   55, 0.00,   13, 0.000, 0.000, 0.048, 48
train,    4417, 270.000000,   72, 0.00,   15, 0.000, 0.000, 0.048, 48
train,    4418, 200.649723,   51, 0.00,   12, 0.000, 0.000, 0.048, 48
train,    4419, 238.907536,  105, 0.00,   15, 0.000, 0.000, 0.048, 48
train,    4420, 205.514930,   92, 0.00,    9, 0.000, 0.000, 0.048, 48
update,   4420,  442, 288806, 197.403984, 0.000000
train,    4421, 179.635916,  101, 0.00,   10, 0.000, 0.000, 0.048, 48
train,    4422, 118.550714,   92, 0.00,    9, 0.000, 0.000, 0.048, 48
train,    4423, 198.155278,   45, 0.00,   15, 0.000, 0.000, 0.048, 48
train,    4424, 222.891433,   63, 0.00,   11, 0.000, 0.000, 0.048, 48
train,    4425, 216.050596,   79, 0.00,   10, 0.000, 0.000, 0.048, 48
train,    4426, 34.004897,   62, 1.00,   11, 0.000, 0.000, 0.048, 48
train,    4427, 57.496308,   46, 1.00,    9, 0.000, 0.000, 0.048, 48
train,    4428, 111.738685,   56, 1.00,   13, 0.000, 0.000, 0.048, 48
train,    4429, 270.000000,  106, 0.00,   15, 0.000, 0.000, 0.048, 48
train,    4430, 270.000000,   61, 0.00,   19, 0.000, 0.000, 0.048, 48
update,   4430,  443, 289517, 229.186777, 0.000000
train,    4431, 181.507886,   63, 0.00,   12, 0.000, 0.000, 0.048, 48
train,    4432, 213.936296,  103, 0.00,   13, 0.000, 0.000, 0.048, 48
train,    4433, 164.917026,   72, 0.00,   10, 0.000, 0.000, 0.048, 48
train,    4434, 257.373031,   78, 0.00,   14, 0.000, 0.000, 0.048, 48
train,    4435, 270.000000,   45, 0.00,   12, 0.000, 0.000, 0.047, 48
train,    4436, 172.462859,   72, 1.00,   11, 0.000, 0.000, 0.047, 48
train,    4437, 267.045637,   45, 0.00,   15, 0.000, 0.000, 0.047, 48
train,    4438, -9.646945,   50, 1.00,    6, 0.000, 0.000, 0.047, 48
train,    4439, 198.523738,   45, 0.00,   15, 0.000, 0.000, 0.047, 48
train,    4440, 270.000000,   68, 0.00,   13, 0.000, 0.000, 0.047, 48
update,   4440,  444, 290158, 240.000000, 0.000000
train,    4441, 233.663802,   71, 0.00,   18, 0.000, 0.000, 0.047, 48
train,    4442, 162.012244,  105, 1.00,   15, 0.000, 0.000, 0.047, 48
train,    4443, 270.000000,  102, 0.00,   15, 0.000, 0.000, 0.047, 48
train,    4444, 123.661652,   99, 1.00,   11, 0.000, 0.000, 0.047, 48
train,    4445, 153.123898,   63, 0.00,   11, 0.000, 0.000, 0.047, 48
train,    4446, 13.872212,   49, 1.00,    7, 0.000, 0.000, 0.047, 48
train,    4447, 181.855884,   99, 0.00,   11, 0.000, 0.000, 0.047, 48
train,    4448, 270.000000,   69, 0.00,   12, 0.000, 0.000, 0.047, 48
train,    4449, 131.203582,   76, 1.00,   13, 0.000, 0.000, 0.047, 48
train,    4450, 270.000000,   60, 0.00,   14, 0.000, 0.000, 0.047, 48
update,   4450,  445, 290951, 240.000000, 0.000000
train,    4451, 183.148178,   72, 0.00,   13, 0.000, 0.000, 0.047, 48
train,    4452, 248.306438,   45, 0.00,   12, 0.000, 0.000, 0.047, 48
train,    4453, 150.340001,   85, 0.00,   18, 0.000, 0.000, 0.047, 48
train,    4454, 156.071642,   81, 0.00,   13, 0.000, 0.000, 0.047, 48
train,    4455, 174.580970,   68, 0.00,   15, 0.000, 0.000, 0.047, 48
train,    4456, 253.508248,   65, 0.00,   14, 0.000, 0.000, 0.047, 48
train,    4457, 90.789516,   69, 1.00,   11, 0.000, 0.000, 0.047, 48
train,    4458, 169.155801,   45, 0.00,   17, 0.000, 0.000, 0.047, 48
train,    4459, 139.772770,   45, 0.00,   16, 0.000, 0.000, 0.047, 48
train,    4460, 180.000000,   92, 1.00,   14, 0.000, 0.000, 0.047, 48
update,   4460,  446, 291618, 155.879460, 0.000000
train,    4461, 155.605380,   47, 0.00,    8, 0.000, 0.000, 0.047, 48
train,    4462, 180.000000,   98, 1.00,   15, 0.000, 0.000, 0.047, 48
train,    4463, 254.250768,   93, 0.00,   13, 0.000, 0.000, 0.047, 48
train,    4464, 196.799534,   45, 0.00,   12, 0.000, 0.000, 0.047, 48
train,    4465, 105.038372,   63, 1.00,   11, 0.000, 0.000, 0.047, 48
train,    4466, 213.543197,   75, 0.00,   11, 0.000, 0.000, 0.047, 48
train,    4467, 36.367543,   49, 1.00,   10, 0.000, 0.000, 0.047, 48
train,    4468, 243.754410,   45, 0.00,   15, 0.000, 0.000, 0.047, 48
train,    4469, 37.363368,   74, 1.00,   10, 0.000, 0.000, 0.047, 48
train,    4470, 173.540438,   67, 0.00,   13, 0.000, 0.000, 0.047, 48
update,   4470,  447, 292274, 162.405529, 0.000000
train,    4471, 210.379411,   45, 0.00,   11, 0.000, 0.000, 0.047, 48
train,    4472, 61.230481,   75, 1.00,   13, 0.000, 0.000, 0.047, 48
train,    4473, 161.758954,   62, 0.00,   12, 0.000, 0.000, 0.047, 48
train,    4474, 215.930696,   67, 0.00,   11, 0.000, 0.000, 0.047, 48
train,    4475, 123.991719,   67, 0.00,   12, 0.000, 0.000, 0.047, 48
train,    4476, 142.272021,   69, 0.00,   11, 0.000, 0.000, 0.047, 48
train,    4477, 170.555936,   78, 0.00,   14, 0.000, 0.000, 0.047, 48
train,    4478, 209.958137,   55, 0.00,   10, 0.000, 0.000, 0.047, 48
train,    4479, 13.479992,   49, 1.00,   10, 0.000, 0.000, 0.047, 48
train,    4480, 215.928567,   69, 0.00,   15, 0.000, 0.000, 0.047, 48
update,   4480,  448, 292910, 240.000000, 0.000000
train,    4481, 257.383076,   51, 0.00,   13, 0.000, 0.000, 0.047, 48
train,    4482, 172.364254,   74, 0.00,   12, 0.000, 0.000, 0.047, 48
train,    4483, 71.796271,   51, 1.00,    7, 0.000, 0.000, 0.047, 48
train,    4484, 157.490113,   60, 0.00,   12, 0.000, 0.000, 0.047, 48
train,    4485, 140.530933,   45, 0.00,   12, 0.000, 0.000, 0.047, 48
train,    4486, 137.442839,   68, 1.00,   11, 0.000, 0.000, 0.047, 48
train,    4487, 180.000000,   89, 1.00,   13, 0.000, 0.000, 0.047, 48
train,    4488, 149.662923,   84, 0.00,   11, 0.000, 0.000, 0.046, 48
train,    4489, 28.589218,   63, 1.00,   11, 0.000, 0.000, 0.046, 48
train,    4490, 153.181895,   82, 0.00,   14, 0.000, 0.000, 0.046, 48
update,   4490,  449, 293577, 151.260898, 0.000000
train,    4491, -7.549483,    4, 1.00,    9, 0.000, 0.000, 0.046, 48
train,    4492, 201.605729,   58, 0.00,   12, 0.000, 0.000, 0.046, 48
train,    4493, 204.287770,   77, 0.00,   14, 0.000, 0.000, 0.046, 48
train,    4494, 200.833197,   51, 0.00,    7, 0.000, 0.000, 0.046, 48
train,    4495, 270.000000,   59, 0.00,   13, 0.000, 0.000, 0.046, 48
train,    4496, 137.567204,   52, 1.00,   10, 0.000, 0.000, 0.046, 48
train,    4497, 268.903201,   45, 0.00,   15, 0.000, 0.000, 0.046, 48
train,    4498, 50.599850,   63, 1.00,    6, 0.000, 0.000, 0.046, 48
train,    4499, 171.415159,  113, 0.00,    8, 0.000, 0.000, 0.046, 48
train,    4500, 60.958123,   52, 1.00,   11, 0.000, 0.000, 0.046, 48
update,   4500,  450, 294151, 61.103273, 0.000000
val_t, 4500, 294151, 168.985482, 0.1695,  63.2306,   0.0983, 0.6921,  26.6880, progress 0.7873
train,    4501, 232.741115,   67, 0.00,   12, 0.000, 0.000, 0.046, 48
train,    4502, 69.022600,   98, 1.00,   14, 0.000, 0.000, 0.046, 48
train,    4503, 179.940271,   88, 0.00,   11, 0.000, 0.000, 0.046, 48
train,    4504, 150.153587,  116, 0.00,   13, 0.000, 0.000, 0.046, 48
train,    4505, 141.624161,  116, 0.00,   10, 0.000, 0.000, 0.046, 48
train,    4506, 141.835084,  110, 0.00,   12, 0.000, 0.000, 0.046, 48
train,    4507, 115.381270,   57, 1.00,   12, 0.000, 0.000, 0.046, 48
train,    4508, 208.144396,  100, 0.00,   13, 0.000, 0.000, 0.046, 48
train,    4509, 243.363662,   94, 0.00,   16, 0.000, 0.000, 0.046, 48
train,    4510, 159.754477,   71, 1.00,   16, 0.000, 0.000, 0.046, 48
update,   4510,  451, 295068, 173.705978, 0.000000
train,    4511, 221.360162,  105, 0.00,   11, 0.000, 0.000, 0.046, 48
train,    4512, 215.049690,   88, 0.00,   14, 0.000, 0.000, 0.046, 48
train,    4513, 203.285651,   63, 0.00,   15, 0.000, 0.000, 0.046, 48
train,    4514, 189.216579,  119, 0.00,   14, 0.000, 0.000, 0.046, 48
train,    4515, 97.219668,  119, 0.00,   13, 0.000, 0.000, 0.046, 48
train,    4516, 5.682399,   78, 1.00,   16, 0.000, 0.000, 0.046, 48
train,    4517, 189.275996,   96, 0.00,   14, 0.000, 0.000, 0.046, 48
train,    4518, 193.026621,   61, 0.00,   15, 0.000, 0.000, 0.046, 48
train,    4519, 146.347602,   99, 0.00,   11, 0.000, 0.000, 0.046, 48
train,    4520, 250.519346,   75, 0.00,   14, 0.000, 0.000, 0.046, 48
update,   4520,  452, 295971, 240.000000, 0.000000
train,    4521, 145.081897,   87, 0.00,   11, 0.000, 0.000, 0.046, 48
train,    4522, 268.162377,  120, 0.00,   11, 0.000, 0.000, 0.046, 48
train,    4523, 252.562556,   59, 0.00,   11, 0.000, 0.000, 0.046, 48
train,    4524, 7.301698,   50, 1.00,   10, 0.000, 0.000, 0.046, 48
train,    4525, 69.697596,   91, 1.00,   13, 0.000, 0.000, 0.046, 48
train,    4526, 176.113996,  104, 1.00,   13, 0.000, 0.000, 0.046, 48
train,    4527, 219.716319,   58, 0.00,   14, 0.000, 0.000, 0.046, 48
train,    4528, 213.628248,  109, 0.00,   12, 0.000, 0.000, 0.046, 48
train,    4529, 163.592098,   70, 0.00,   16, 0.000, 0.000, 0.046, 48
train,    4530, 258.675780,  100, 0.00,   11, 0.000, 0.000, 0.046, 48
update,   4530,  453, 296819, 240.000000, 0.000000
train,    4531, 209.768021,  100, 0.00,   12, 0.000, 0.000, 0.046, 48
train,    4532, 231.611774,   82, 0.00,   17, 0.000, 0.000, 0.046, 48
train,    4533, 196.067836,   88, 0.00,   15, 0.000, 0.000, 0.046, 48
train,    4534, 249.411118,  107, 0.00,   15, 0.000, 0.000, 0.046, 48
train,    4535, 217.104895,   92, 0.00,    9, 0.000, 0.000, 0.046, 48
train,    4536, 133.937242,   89, 0.00,   12, 0.000, 0.000, 0.046, 48
train,    4537, 211.665788,  120, 0.00,   13, 0.000, 0.000, 0.046, 48
train,    4538, 231.088152,   93, 0.00,   17, 0.000, 0.000, 0.046, 48
train,    4539, 106.048325,   22, 1.00,    8, 0.000, 0.000, 0.046, 48
train,    4540, 62.165739,   31, 1.00,   11, 0.000, 0.000, 0.046, 48
update,   4540,  454, 297643, 85.948592, 0.000000
train,    4541, 178.756514,  119, 0.00,   15, 0.000, 0.000, 0.046, 48
train,    4542, 220.120779,   85, 0.00,   12, 0.000, 0.000, 0.045, 48
train,    4543, 141.957517,  102, 1.00,   13, 0.000, 0.000, 0.045, 48
train,    4544, 88.935927,   89, 1.00,   12, 0.000, 0.000, 0.045, 48
train,    4545, 270.000000,   45, 0.00,   14, 0.000, 0.000, 0.045, 48
train,    4546, 222.375396,   72, 0.00,   12, 0.000, 0.000, 0.045, 48
train,    4547, 135.574568,   81, 1.00,   15, 0.000, 0.000, 0.045, 48
train,    4548, 238.687527,   94, 0.00,   15, 0.000, 0.000, 0.045, 48
train,    4549, 105.836617,   58, 1.00,   11, 0.000, 0.000, 0.045, 48
train,    4550, -25.000000,    4, 1.00,    7, 0.000, 0.000, 0.045, 48
update,   4550,  455, 298392, -5.000000, 0.000000
train,    4551, 125.253446,   10, 1.00,   11, 0.000, 0.000, 0.045, 48
train,    4552, 199.963402,   49, 0.00,   12, 0.000, 0.000, 0.045, 48
train,    4553, 235.213816,  120, 0.00,   12, 0.000, 0.000, 0.045, 48
train,    4554, 247.835127,   87, 0.00,    6, 0.000, 0.000, 0.045, 48
train,    4555, 192.259713,   89, 0.00,   14, 0.000, 0.000, 0.045, 48
train,    4556, 163.151300,   93, 0.00,   13, 0.000, 0.000, 0.045, 48
train,    4557, 129.533688,   64, 1.00,   13, 0.000, 0.000, 0.045, 48
train,    4558, 237.745651,   88, 0.00,   14, 0.000, 0.000, 0.045, 48
train,    4559, 171.254897,  109, 0.00,   15, 0.000, 0.000, 0.045, 48
train,    4560, 209.553181,   99, 0.00,   14, 0.000, 0.000, 0.045, 48
update,   4560,  456, 299200, 240.000000, 0.000000
train,    4561, 28.531807,   42, 1.00,   12, 0.000, 0.000, 0.045, 48
train,    4562, 188.609335,  110, 0.00,   18, 0.000, 0.000, 0.045, 48
train,    4563, 144.058620,   91, 0.00,   12, 0.000, 0.000, 0.045, 48
train,    4564, 234.962384,  119, 0.00,    9, 0.000, 0.000, 0.045, 48
train,    4565, 64.621865,  120, 0.00,   16, 0.000, 0.000, 0.045, 48
train,    4566, 90.801882,   43, 1.00,    9, 0.000, 0.000, 0.045, 48
train,    4567, 216.262633,   64, 0.00,   12, 0.000, 0.000, 0.045, 48
train,    4568, 180.000000,   62, 1.00,   10, 0.000, 0.000, 0.045, 48
train,    4569, 171.380784,   66, 0.00,   14, 0.000, 0.000, 0.045, 48
train,    4570, 111.440248,   53, 1.00,    9, 0.000, 0.000, 0.045, 48
update,   4570,  457, 299970, 110.413446, 0.000000
train,    4571, 200.884076,   87, 0.00,   11, 0.000, 0.000, 0.045, 48
train,    4572, 70.590831,   90, 1.00,   12, 0.000, 0.000, 0.045, 48
train,    4573, 194.551657,   52, 0.00,   11, 0.000, 0.000, 0.045, 48
train,    4574, 170.460173,  108, 0.00,   10, 0.000, 0.000, 0.045, 48
train,    4575, 90.843238,  105, 1.00,   14, 0.000, 0.000, 0.045, 48
train,    4576, 224.430117,  116, 0.00,   13, 0.000, 0.000, 0.045, 48
train,    4577, 95.069078,   45, 0.00,   12, 0.000, 0.000, 0.045, 48
train,    4578, 204.003426,   93, 0.00,   13, 0.000, 0.000, 0.045, 48
train,    4579, 154.821760,  110, 0.00,    9, 0.000, 0.000, 0.045, 48
train,    4580, 185.133054,   85, 0.00,   13, 0.000, 0.000, 0.045, 48
update,   4580,  458, 300861, 137.390581, 0.000000
train,    4581, 211.289125,   99, 0.00,   14, 0.000, 0.000, 0.045, 48
train,    4582, 48.886575,   55, 1.00,   11, 0.000, 0.000, 0.045, 48
train,    4583, 200.718864,  114, 0.00,   16, 0.000, 0.000, 0.045, 48
train,    4584, 210.546786,   64, 0.00,   15, 0.000, 0.000, 0.045, 48
train,    4585, 185.582122,  103, 0.00,   14, 0.000, 0.000, 0.045, 48
train,    4586, 215.372188,  120, 0.00,   13, 0.000, 0.000, 0.045, 48
train,    4587, 211.760541,  120, 0.00,   11, 0.000, 0.000, 0.045, 48
train,    4588, 85.525233,   66, 1.00,   10, 0.000, 0.000, 0.045, 48
train,    4589, 75.206660,   80, 1.00,   12, 0.000, 0.000, 0.045, 48
train,    4590, 162.750809,   86, 1.00,   13, 0.000, 0.000, 0.045, 48
update,   4590,  459, 301768, 174.764611, 0.000000
train,    4591, 48.993015,   63, 1.00,    6, 0.000, 0.000, 0.045, 48
train,    4592, 187.820030,  120, 0.00,   12, 0.000, 0.000, 0.045, 48
train,    4593, 161.835213,   72, 1.00,   11, 0.000, 0.000, 0.045, 48
train,    4594, 217.847041,   95, 0.00,   12, 0.000, 0.000, 0.045, 48
train,    4595, 169.093360,   76, 0.00,   14, 0.000, 0.000, 0.045, 48
train,    4596, 155.027834,   87, 0.00,   11, 0.000, 0.000, 0.045, 48
train,    4597, 117.553161,   55, 1.00,   10, 0.000, 0.000, 0.045, 48
train,    4598, 127.780827,   39, 1.00,   11, 0.000, 0.000, 0.044, 48
train,    4599, 201.368335,   83, 0.00,   15, 0.000, 0.000, 0.044, 48
train,    4600, 112.935771,  107, 0.00,   11, 0.000, 0.000, 0.044, 48
update,   4600,  460, 302565, 145.765459, 0.000000
val_t, 4600, 302565, 188.120429, 0.1671,  72.1447,   0.1338, 0.7520,  26.6427, progress 0.7377
train,    4601, 262.214961,   64, 0.00,   15, 0.000, 0.000, 0.044, 48
train,    4602, 151.065453,   91, 1.00,   13, 0.000, 0.000, 0.044, 48
train,    4603, 127.219685,   99, 1.00,   12, 0.000, 0.000, 0.044, 48
train,    4604, 139.004391,   84, 0.00,   13, 0.000, 0.000, 0.044, 48
train,    4605, 222.668793,   87, 0.00,   12, 0.000, 0.000, 0.044, 48
train,    4606, 215.437053,  103, 0.00,   10, 0.000, 0.000, 0.044, 48
train,    4607, 167.707747,  120, 0.00,    9, 0.000, 0.000, 0.044, 48
train,    4608, 104.544007,   50, 1.00,    9, 0.000, 0.000, 0.044, 48
train,    4609, 135.664068,  120, 0.00,   16, 0.000, 0.000, 0.044, 48
train,    4610, 249.633220,  101, 0.00,    9, 0.000, 0.000, 0.044, 48
update,   4610,  461, 303484, 240.000000, 0.000000
train,    4611, 66.766721,   93, 1.00,   13, 0.000, 0.000, 0.044, 48
train,    4612, 215.981322,  116, 0.00,    9, 0.000, 0.000, 0.044, 48
train,    4613, 177.619486,  103, 0.00,   12, 0.000, 0.000, 0.044, 48
train,    4614, 174.982489,  120, 0.00,   13, 0.000, 0.000, 0.044, 48
train,    4615, 137.218867,  102, 0.00,   11, 0.000, 0.000, 0.044, 48
train,    4616, 180.377272,  112, 0.00,   15, 0.000, 0.000, 0.044, 48
train,    4617, 270.000000,   82, 0.00,   15, 0.000, 0.000, 0.044, 48
train,    4618, 270.000000,  120, 0.00,   17, 0.000, 0.000, 0.044, 48
train,    4619, 205.563176,   91, 0.00,    9, 0.000, 0.000, 0.044, 48
train,    4620, 107.206986,   72, 1.00,   11, 0.000, 0.000, 0.044, 48
update,   4620,  462, 304495, 104.020401, 0.000000
train,    4621, 180.000000,  105, 1.00,   13, 0.000, 0.000, 0.044, 48
train,    4622, 0.549009,   64, 1.00,    8, 0.000, 0.000, 0.044, 48
train,    4623, 175.147184,   48, 1.00,   12, 0.000, 0.000, 0.044, 48
train,    4624, 270.000000,  120, 0.00,   17, 0.000, 0.000, 0.044, 48
train,    4625, 154.712815,   57, 1.00,    9, 0.000, 0.000, 0.044, 48
train,    4626, 194.345090,  120, 0.00,   10, 0.000, 0.000, 0.044, 48
train,    4627, 157.768326,  105, 0.00,   14, 0.000, 0.000, 0.044, 48
train,    4628, 268.615203,  120, 0.00,   14, 0.000, 0.000, 0.044, 48
train,    4629, 55.804363,   42, 1.00,   12, 0.000, 0.000, 0.044, 48
train,    4630, 171.594883,  110, 0.00,   15, 0.000, 0.000, 0.044, 48
update,   4630,  463, 305386, 152.991023, 0.000000
train,    4631, 180.422502,  116, 0.00,   15, 0.000, 0.000, 0.044, 48
train,    4632, 212.265927,   81, 0.00,   13, 0.000, 0.000, 0.044, 48
train,    4633, 154.755501,  118, 0.00,   10, 0.000, 0.000, 0.044, 48
train,    4634, 189.472383,   76, 0.00,   14, 0.000, 0.000, 0.044, 48
train,    4635, 255.707086,  100, 0.00,   13, 0.000, 0.000, 0.044, 48
train,    4636, 270.000000,  120, 0.00,   14, 0.000, 0.000, 0.044, 48
train,    4637, 172.187166,   74, 0.00,   12, 0.000, 0.000, 0.044, 48
train,    4638, 249.595224,  120, 0.00,   14, 0.000, 0.000, 0.044, 48
train,    4639, 131.830488,   35, 1.00,   11, 0.000, 0.000, 0.044, 48
train,    4640, 184.464225,   81, 0.00,   11, 0.000, 0.000, 0.044, 48
update,   4640,  464, 306307, 175.542454, 0.000000
train,    4641, 189.635518,  120, 0.00,   16, 0.000, 0.000, 0.044, 48
train,    4642, 208.269938,  119, 0.00,   15, 0.000, 0.000, 0.044, 48
train,    4643, 270.000000,   58, 0.00,   18, 0.000, 0.000, 0.044, 48
train,    4644, 58.675159,   66, 1.00,    7, 0.000, 0.000, 0.044, 48
train,    4645, 222.285129,  120, 0.00,   11, 0.000, 0.000, 0.044, 48
train,    4646, 176.706954,  102, 0.00,    8, 0.000, 0.000, 0.044, 48
train,    4647, 166.040669,  120, 0.00,   13, 0.000, 0.000, 0.044, 48
train,    4648, 116.703508,   80, 1.00,   14, 0.000, 0.000, 0.044, 48
train,    4649, 168.301784,  120, 0.00,   13, 0.000, 0.000, 0.044, 48
train,    4650, 247.525952,  103, 0.00,   11, 0.000, 0.000, 0.044, 48
update,   4650,  465, 307315, 240.000000, 0.000000
train,    4651, 147.724218,   86, 0.00,   12, 0.000, 0.000, 0.044, 48
train,    4652, 270.000000,  107, 0.00,   12, 0.000, 0.000, 0.044, 48
train,    4653, 236.702606,  103, 0.00,   11, 0.000, 0.000, 0.044, 48
train,    4654, 161.996867,   53, 0.00,   12, 0.000, 0.000, 0.044, 48
train,    4655, 262.311455,   78, 0.00,   17, 0.000, 0.000, 0.043, 48
train,    4656, 234.081399,   99, 0.00,   17, 0.000, 0.000, 0.043, 48
train,    4657, 229.970623,   46, 0.00,   15, 0.000, 0.000, 0.043, 48
train,    4658, 148.603857,   61, 0.00,   13, 0.000, 0.000, 0.043, 48
train,    4659, 52.239358,   63, 1.00,   10, 0.000, 0.000, 0.043, 48
train,    4660, 215.925590,   95, 0.00,   12, 0.000, 0.000, 0.043, 48
update,   4660,  466, 308106, 237.797426, 0.000000
train,    4661, 191.836114,  115, 0.00,   13, 0.000, 0.000, 0.043, 48
train,    4662, 184.512267,   63, 0.00,   11, 0.000, 0.000, 0.043, 48
train,    4663, 221.650442,  106, 0.00,   11, 0.000, 0.000, 0.043, 48
train,    4664, 244.681480,   73, 0.00,   16, 0.000, 0.000, 0.043, 48
train,    4665, 240.897350,   66, 0.00,   15, 0.000, 0.000, 0.043, 48
train,    4666, 216.529895,   77, 0.00,   14, 0.000, 0.000, 0.043, 48
train,    4667, 270.000000,   76, 0.00,   16, 0.000, 0.000, 0.043, 48
train,    4668, 163.290815,  109, 0.00,   12, 0.000, 0.000, 0.043, 48
train,    4669, 65.036766,   46, 1.00,    8, 0.000, 0.000, 0.043, 48
train,    4670, 206.334478,   98, 0.00,   15, 0.000, 0.000, 0.043, 48
update,   4670,  467, 308935, 184.294788, 0.000000
train,    4671, 95.505239,   11, 1.00,    8, 0.000, 0.000, 0.043, 48
train,    4672, 157.732118,   53, 1.00,    8, 0.000, 0.000, 0.043, 48
train,    4673, 191.844146,   45, 0.00,   14, 0.000, 0.000, 0.043, 48
train,    4674, 158.718338,   75, 0.00,   14, 0.000, 0.000, 0.043, 48
train,    4675, 155.544789,   67, 0.00,   13, 0.000, 0.000, 0.043, 48
train,    4676, 204.273127,   75, 0.00,   15, 0.000, 0.000, 0.043, 48
train,    4677, 144.670149,  120, 0.00,   16, 0.000, 0.000, 0.043, 48
train,    4678, 189.126253,   69, 0.00,   18, 0.000, 0.000, 0.043, 48
train,    4679, 208.617902,   48, 0.00,   15, 0.000, 0.000, 0.043, 48
train,    4680, 257.755126,   45, 0.00,   13, 0.000, 0.000, 0.043, 48
update,   4680,  468, 309543, 228.553722, 0.000000
train,    4681, 123.647088,   83, 0.00,   12, 0.000, 0.000, 0.043, 48
train,    4682, 251.294270,  120, 0.00,   14, 0.000, 0.000, 0.043, 48
train,    4683, 222.135111,  120, 0.00,    9, 0.000, 0.000, 0.043, 48
train,    4684, 201.703825,   88, 0.00,   12, 0.000, 0.000, 0.043, 48
train,    4685, 270.000000,   48, 0.00,   10, 0.000, 0.000, 0.043, 48
train,    4686, 170.480893,   45, 0.00,   12, 0.000, 0.000, 0.043, 48
train,    4687, 124.983660,   59, 1.00,    8, 0.000, 0.000, 0.043, 48
train,    4688, 158.459818,  112, 0.00,   12, 0.000, 0.000, 0.043, 48
train,    4689, 179.264753,   78, 0.00,   11, 0.000, 0.000, 0.043, 48
train,    4690, 194.883753,   75, 0.00,   12, 0.000, 0.000, 0.043, 48
update,   4690,  469, 310371, 193.435270, 0.000000
train,    4691, 113.955951,   45, 0.00,   15, 0.000, 0.000, 0.043, 48
train,    4692, 19.899045,   60, 1.00,   12, 0.000, 0.000, 0.043, 48
train,    4693, 175.848405,   83, 0.00,   11, 0.000, 0.000, 0.043, 48
train,    4694, 170.199160,   45, 0.00,   10, 0.000, 0.000, 0.043, 48
train,    4695, 119.417136,   49, 1.00,   10, 0.000, 0.000, 0.043, 48
train,    4696, 235.045606,   78, 0.00,   14, 0.000, 0.000, 0.043, 48
train,    4697, 83.574814,   45, 1.00,    7, 0.000, 0.000, 0.043, 48
train,    4698, 176.923903,   79, 1.00,    8, 0.000, 0.000, 0.043, 48
train,    4699, 196.494189,   50, 0.00,    9, 0.000, 0.000, 0.043, 48
train,    4700, 60.022211,   57, 1.00,    9, 0.000, 0.000, 0.043, 48
update,   4700,  470, 310962, 99.501423, 0.000000
val_t, 4700, 310962, 151.115191, 0.1657,  72.2610,   0.1124, 0.7591,  25.8939, progress 0.7766
train,    4701, 210.482015,   72, 0.00,   17, 0.000, 0.000, 0.043, 48
train,    4702, 110.312380,  111, 0.00,   10, 0.000, 0.000, 0.043, 48
train,    4703, 133.247507,   50, 0.00,   15, 0.000, 0.000, 0.043, 48
train,    4704, 267.916651,   83, 0.00,   15, 0.000, 0.000, 0.043, 48
train,    4705, 80.435098,   43, 1.00,   11, 0.000, 0.000, 0.043, 48
train,    4706, 210.764731,   91, 0.00,   15, 0.000, 0.000, 0.043, 48
train,    4707, 183.495492,   91, 0.00,   10, 0.000, 0.000, 0.043, 48
train,    4708, 134.729850,   67, 1.00,   13, 0.000, 0.000, 0.043, 48
train,    4709, 255.522311,   93, 0.00,   15, 0.000, 0.000, 0.043, 48
train,    4710, 70.189558,   56, 1.00,   12, 0.000, 0.000, 0.043, 48
update,   4710,  471, 311719, 89.231709, 0.000000
train,    4711, 165.565527,   52, 1.00,   12, 0.000, 0.000, 0.043, 48
train,    4712, 212.488372,   48, 0.00,   15, 0.000, 0.000, 0.043, 48
train,    4713, 218.752132,  114, 0.00,   14, 0.000, 0.000, 0.042, 48
train,    4714, 163.478943,   60, 0.00,   14, 0.000, 0.000, 0.042, 48
train,    4715, 150.524313,   92, 0.00,   12, 0.000, 0.000, 0.042, 48
train,    4716, 254.115214,   78, 0.00,   12, 0.000, 0.000, 0.042, 48
train,    4717, 169.399469,   45, 0.00,   11, 0.000, 0.000, 0.042, 48
train,    4718, 154.241868,   48, 0.00,   16, 0.000, 0.000, 0.042, 48
train,    4719, 118.662243,   82, 1.00,   11, 0.000, 0.000, 0.042, 48
train,    4720, 185.317040,   49, 0.00,   12, 0.000, 0.000, 0.042, 48
update,   4720,  472, 312387, 225.314369, 0.000000
train,    4721, 192.503452,   69, 0.00,   12, 0.000, 0.000, 0.042, 48
train,    4722, 187.618634,   76, 0.00,   11, 0.000, 0.000, 0.042, 48
train,    4723, 236.651424,   61, 0.00,   13, 0.000, 0.000, 0.042, 48
train,    4724, 203.691399,   66, 0.00,    9, 0.000, 0.000, 0.042, 48
train,    4725, 193.045575,   71, 0.00,   13, 0.000, 0.000, 0.042, 48
train,    4726, 109.244377,   75, 1.00,    7, 0.000, 0.000, 0.042, 48
train,    4727, 135.381300,   78, 0.00,   14, 0.000, 0.000, 0.042, 48
train,    4728, 142.420527,  115, 0.00,   14, 0.000, 0.000, 0.042, 48
train,    4729, 259.398084,  119, 0.00,   10, 0.000, 0.000, 0.042, 48
train,    4730, 241.536246,   84, 0.00,   11, 0.000, 0.000, 0.042, 48
update,   4730,  473, 313201, 224.867569, 0.000000
train,    4731, 159.003641,   87, 0.00,   11, 0.000, 0.000, 0.042, 48
train,    4732, 204.282105,   74, 0.00,   13, 0.000, 0.000, 0.042, 48
train,    4733, 210.750213,   45, 0.00,   12, 0.000, 0.000, 0.042, 48
train,    4734, 219.140533,   71, 0.00,   11, 0.000, 0.000, 0.042, 48
train,    4735, 200.509683,   97, 0.00,   11, 0.000, 0.000, 0.042, 48
train,    4736, 189.060890,   85, 0.00,   13, 0.000, 0.000, 0.042, 48
train,    4737, 139.596103,   75, 1.00,   14, 0.000, 0.000, 0.042, 48
train,    4738, 129.113710,   62, 0.00,   12, 0.000, 0.000, 0.042, 48
train,    4739, 192.530412,   95, 0.00,   12, 0.000, 0.000, 0.042, 48
train,    4740, 244.675771,   45, 0.00,    9, 0.000, 0.000, 0.042, 48
update,   4740,  474, 313937, 231.591188, 0.000000
train,    4741, 180.000000,  104, 1.00,   13, 0.000, 0.000, 0.042, 48
train,    4742, 265.128169,   97, 0.00,   10, 0.000, 0.000, 0.042, 48
train,    4743, 211.359528,  120, 0.00,   14, 0.000, 0.000, 0.042, 48
train,    4744, 210.706558,   82, 0.00,    8, 0.000, 0.000, 0.042, 48
train,    4745, 138.781824,   69, 1.00,   10, 0.000, 0.000, 0.042, 48
train,    4746, 236.493891,   95, 0.00,   12, 0.000, 0.000, 0.042, 48
train,    4747, 134.893270,   72, 0.00,   13, 0.000, 0.000, 0.042, 48
train,    4748, 201.283105,   60, 0.00,   16, 0.000, 0.000, 0.042, 48
train,    4749, 247.441271,   71, 0.00,   12, 0.000, 0.000, 0.042, 48
train,    4750, 44.739780,   91, 1.00,   13, 0.000, 0.000, 0.042, 48
update,   4750,  475, 314798, 36.608196, 0.000000
train,    4751, 270.000000,   62, 0.00,   14, 0.000, 0.000, 0.042, 48
train,    4752, 112.647912,   45, 0.00,   12, 0.000, 0.000, 0.042, 48
train,    4753, 142.210178,   74, 1.00,   13, 0.000, 0.000, 0.042, 48
train,    4754, 197.668808,   45, 0.00,   13, 0.000, 0.000, 0.042, 48
train,    4755, 199.211274,   50, 0.00,   13, 0.000, 0.000, 0.042, 48
train,    4756, 243.033229,   69, 0.00,   15, 0.000, 0.000, 0.042, 48
train,    4757, 57.524582,   27, 1.00,   12, 0.000, 0.000, 0.042, 48
train,    4758, 41.464977,   73, 1.00,    7, 0.000, 0.000, 0.042, 48
train,    4759, 180.000000,  102, 1.00,   13, 0.000, 0.000, 0.042, 48
train,    4760, 270.000000,  120, 0.00,    8, 0.000, 0.000, 0.042, 48
update,   4760,  476, 315465, 240.000000, 0.000000
train,    4761, 177.093189,   99, 1.00,   12, 0.000, 0.000, 0.042, 48
train,    4762, 112.983403,   64, 1.00,   10, 0.000, 0.000, 0.042, 48
train,    4763, 223.760860,   53, 0.00,   14, 0.000, 0.000, 0.042, 48
train,    4764, 204.522249,   82, 0.00,   12, 0.000, 0.000, 0.042, 48
train,    4765, 114.108817,   58, 1.00,   11, 0.000, 0.000, 0.042, 48
train,    4766, -7.835011,    7, 1.00,    8, 0.000, 0.000, 0.042, 48
train,    4767, 252.138368,   83, 0.00,   11, 0.000, 0.000, 0.042, 48
train,    4768, 74.262701,   61, 1.00,    7, 0.000, 0.000, 0.042, 48
train,    4769, 160.490403,   62, 0.00,   14, 0.000, 0.000, 0.042, 48
train,    4770, 160.194047,   45, 0.00,   14, 0.000, 0.000, 0.042, 48
update,   4770,  477, 316079, 168.166183, 0.000000
train,    4771, 113.496093,   67, 0.00,   13, 0.000, 0.000, 0.042, 48
train,    4772, 170.443389,   47, 0.00,   12, 0.000, 0.000, 0.041, 48
train,    4773, 150.928094,   45, 0.00,   12, 0.000, 0.000, 0.041, 48
train,    4774, 104.726154,   69, 0.00,   10, 0.000, 0.000, 0.041, 48
train,    4775, 172.698392,   94, 0.00,   10, 0.000, 0.000, 0.041, 48
train,    4776, 206.622289,   81, 0.00,   15, 0.000, 0.000, 0.041, 48
train,    4777, 168.454698,   49, 0.00,    9, 0.000, 0.000, 0.041, 48
train,    4778, 220.542481,   86, 0.00,   12, 0.000, 0.000, 0.041, 48
train,    4779, 175.034033,   70, 1.00,   12, 0.000, 0.000, 0.041, 48
train,    4780, 222.459938,  120, 0.00,   16, 0.000, 0.000, 0.041, 48
update,   4780,  478, 316807, 182.328721, 0.000000
train,    4781, 147.847540,   64, 1.00,   10, 0.000, 0.000, 0.041, 48
train,    4782, 259.483575,   45, 0.00,    9, 0.000, 0.000, 0.041, 48
train,    4783, 270.000000,   75, 0.00,   15, 0.000, 0.000, 0.041, 48
train,    4784, 258.721905,   61, 0.00,   15, 0.000, 0.000, 0.041, 48
train,    4785, 130.094234,   94, 0.00,   15, 0.000, 0.000, 0.041, 48
train,    4786, 230.170352,   78, 0.00,   10, 0.000, 0.000, 0.041, 48
train,    4787, 210.969957,   45, 0.00,    9, 0.000, 0.000, 0.041, 48
train,    4788, 112.021023,   45, 1.00,   11, 0.000, 0.000, 0.041, 48
train,    4789, -14.071512,   23, 1.00,    6, 0.000, 0.000, 0.041, 48
train,    4790, 66.906926,   50, 1.00,    8, 0.000, 0.000, 0.041, 48
update,   4790,  479, 317387, 18.964460, 0.000000
train,    4791, 225.248058,   87, 0.00,    9, 0.000, 0.000, 0.041, 48
train,    4792, 196.497090,   84, 0.00,   18, 0.000, 0.000, 0.041, 48
train,    4793, 221.423433,  109, 0.00,    9, 0.000, 0.000, 0.041, 48
train,    4794, 199.265730,   71, 0.00,   13, 0.000, 0.000, 0.041, 48
train,    4795, 166.538834,   45, 0.00,   10, 0.000, 0.000, 0.041, 48
train,    4796, 227.790067,  108, 0.00,   11, 0.000, 0.000, 0.041, 48
train,    4797, 171.772050,   72, 0.00,    9, 0.000, 0.000, 0.041, 48
train,    4798, 109.698278,   91, 0.00,   11, 0.000, 0.000, 0.041, 48
train,    4799, 170.119046,   66, 0.00,   14, 0.000, 0.000, 0.041, 48
train,    4800, 83.201936,   65, 0.00,   11, 0.000, 0.000, 0.041, 48
update,   4800,  480, 318185, 127.882974, 0.000000
val_t, 4800, 318185, 141.195771, 0.2379,  71.3857,   0.0936, 0.7801,  26.6527, progress 0.8820
train,    4801, 192.331290,  109, 0.00,   10, 0.000, 0.000, 0.041, 48
train,    4802, 195.396423,  117, 0.00,   14, 0.000, 0.000, 0.041, 48
train,    4803, 207.905725,  120, 0.00,   17, 0.000, 0.000, 0.041, 48
train,    4804, 32.167245,   49, 1.00,    6, 0.000, 0.000, 0.041, 48
train,    4805, 224.812560,  117, 0.00,   14, 0.000, 0.000, 0.041, 48
train,    4806, 205.533478,  113, 0.00,   10, 0.000, 0.000, 0.041, 48
train,    4807, 52.778187,   44, 1.00,    9, 0.000, 0.000, 0.041, 48
train,    4808, 197.911095,  115, 0.00,   10, 0.000, 0.000, 0.041, 48
train,    4809, 246.445530,  118, 0.00,   15, 0.000, 0.000, 0.041, 48
train,    4810, 214.602113,   77, 0.00,   10, 0.000, 0.000, 0.041, 48
update,   4810,  481, 319164, 240.000000, 0.000000
train,    4811, 270.000000,   96, 0.00,   15, 0.000, 0.000, 0.041, 48
train,    4812, 193.984222,   95, 0.00,    8, 0.000, 0.000, 0.041, 48
train,    4813, 140.931623,   83, 0.00,   13, 0.000, 0.000, 0.041, 48
train,    4814, 177.916745,  120, 0.00,   12, 0.000, 0.000, 0.041, 48
train,    4815, 210.424019,   65, 0.00,   13, 0.000, 0.000, 0.041, 48
train,    4816, 270.000000,  120, 0.00,   10, 0.000, 0.000, 0.041, 48
train,    4817, 257.013801,  120, 0.00,   17, 0.000, 0.000, 0.041, 48
train,    4818, 223.507042,  120, 0.00,   15, 0.000, 0.000, 0.041, 48
train,    4819, 67.075734,   68, 1.00,    9, 0.000, 0.000, 0.041, 48
train,    4820, 236.150326,  120, 0.00,   14, 0.000, 0.000, 0.041, 48
update,   4820,  482, 320171, 225.131952, 0.000000
train,    4821, 191.748543,  103, 0.00,    7, 0.000, 0.000, 0.041, 48
train,    4822, 229.458510,  120, 0.00,   11, 0.000, 0.000, 0.041, 48
train,    4823, 172.494584,   85, 0.00,   17, 0.000, 0.000, 0.041, 48
train,    4824, 213.342893,  120, 0.00,   14, 0.000, 0.000, 0.041, 48
train,    4825, 145.489134,   66, 1.00,    9, 0.000, 0.000, 0.041, 48
train,    4826, 106.329068,  120, 0.00,   12, 0.000, 0.000, 0.041, 48
train,    4827, 137.798607,   84, 1.00,   11, 0.000, 0.000, 0.041, 48
train,    4828, 164.278711,  120, 0.00,   13, 0.000, 0.000, 0.041, 48
train,    4829, 72.678802,   28, 1.00,   12, 0.000, 0.000, 0.041, 48
train,    4830, 248.986366,   89, 0.00,   14, 0.000, 0.000, 0.041, 48
update,   4830,  483, 321106, 222.013712, 0.000000
train,    4831, 270.000000,  113, 0.00,   16, 0.000, 0.000, 0.041, 48
train,    4832, 149.913117,   81, 0.00,   11, 0.000, 0.000, 0.041, 48
train,    4833, 207.435138,  120, 0.00,   12, 0.000, 0.000, 0.040, 48
train,    4834, 196.935213,   81, 0.00,    9, 0.000, 0.000, 0.040, 48
train,    4835, 216.268359,  109, 0.00,   13, 0.000, 0.000, 0.040, 48
train,    4836, 202.915407,  120, 0.00,   11, 0.000, 0.000, 0.040, 48
train,    4837, 134.990443,   77, 1.00,   12, 0.000, 0.000, 0.040, 48
train,    4838, 9.233158,   50, 1.00,    8, 0.000, 0.000, 0.040, 48
train,    4839, 141.524927,  115, 0.00,   12, 0.000, 0.000, 0.040, 48
train,    4840, 153.081991,   98, 0.00,   15, 0.000, 0.000, 0.040, 48
update,   4840,  484, 322070, 127.137841, 0.000000
train,    4841, 190.396290,  120, 0.00,   11, 0.000, 0.000, 0.040, 48
train,    4842, 18.066822,   50, 1.00,    6, 0.000, 0.000, 0.040, 48
train,    4843, 270.000000,   91, 0.00,   10, 0.000, 0.000, 0.040, 48
train,    4844, 154.729077,   77, 0.00,   10, 0.000, 0.000, 0.040, 48
train,    4845, 167.107922,   99, 0.00,   12, 0.000, 0.000, 0.040, 48
train,    4846, 240.368045,   87, 0.00,   12, 0.000, 0.000, 0.040, 48
train,    4847, 216.699000,  107, 0.00,   11, 0.000, 0.000, 0.040, 48
train,    4848, 245.827613,   61, 0.00,   13, 0.000, 0.000, 0.040, 48
train,    4849, 162.160958,  113, 0.00,   12, 0.000, 0.000, 0.040, 48
train,    4850, 96.069956,   89, 1.00,   12, 0.000, 0.000, 0.040, 48
update,   4850,  485, 322964, 122.060028, 0.000000
train,    4851, 80.911153,   39, 1.00,   13, 0.000, 0.000, 0.040, 48
train,    4852, 138.395793,  120, 0.00,    8, 0.000, 0.000, 0.040, 48
train,    4853, 244.971864,  120, 0.00,   16, 0.000, 0.000, 0.040, 48
train,    4854, 267.261309,   71, 0.00,   12, 0.000, 0.000, 0.040, 48
train,    4855, 122.213913,   82, 0.00,   12, 0.000, 0.000, 0.040, 48
train,    4856, 200.809158,  111, 0.00,   10, 0.000, 0.000, 0.040, 48
train,    4857, 180.776808,  108, 0.00,   14, 0.000, 0.000, 0.040, 48
train,    4858, 226.159293,  101, 0.00,   12, 0.000, 0.000, 0.040, 48
train,    4859, 154.417600,  120, 0.00,   12, 0.000, 0.000, 0.040, 48
train,    4860, 87.838733,   54, 1.00,    9, 0.000, 0.000, 0.040, 48
update,   4860,  486, 323890, 91.272636, 0.000000
train,    4861, 255.138845,   86, 0.00,   12, 0.000, 0.000, 0.040, 48
train,    4862, 95.668563,   76, 1.00,    6, 0.000, 0.000, 0.040, 48
train,    4863, 118.592124,   54, 1.00,   12, 0.000, 0.000, 0.040, 48
train,    4864, 180.000000,   98, 1.00,   12, 0.000, 0.000, 0.040, 48
train,    4865, 154.604195,  114, 0.00,   17, 0.000, 0.000, 0.040, 48
train,    4866, 270.000000,   70, 0.00,   13, 0.000, 0.000, 0.040, 48
train,    4867, 246.902381,   95, 0.00,   11, 0.000, 0.000, 0.040, 48
train,    4868, 218.836818,   55, 0.00,    9, 0.000, 0.000, 0.040, 48
train,    4869, 228.069024,   68, 0.00,   16, 0.000, 0.000, 0.040, 48
train,    4870, 248.788992,   98, 0.00,   14, 0.000, 0.000, 0.040, 48
update,   4870,  487, 324704, 240.000000, 0.000000
train,    4871, 201.168363,   70, 0.00,    9, 0.000, 0.000, 0.040, 48
train,    4872, 64.310912,   60, 1.00,    8, 0.000, 0.000, 0.040, 48
train,    4873, 127.487338,   79, 1.00,   13, 0.000, 0.000, 0.040, 48
train,    4874, 150.373201,   89, 0.00,   12, 0.000, 0.000, 0.040, 48
train,    4875, 180.000000,   84, 1.00,   13, 0.000, 0.000, 0.040, 48
train,    4876, 174.077920,  112, 0.00,   12, 0.000, 0.000, 0.040, 48
train,    4877, 130.962038,   70, 1.00,   11, 0.000, 0.000, 0.040, 48
train,    4878, 114.066123,  102, 0.00,   14, 0.000, 0.000, 0.040, 48
train,    4879, 220.527618,  115, 0.00,   14, 0.000, 0.000, 0.040, 48
train,    4880, 233.870409,   69, 0.00,   18, 0.000, 0.000, 0.040, 48
update,   4880,  488, 325554, 237.892734, 0.000000
train,    4881, 52.791926,   78, 1.00,   12, 0.000, 0.000, 0.040, 48
train,    4882, 137.321947,   46, 0.00,   13, 0.000, 0.000, 0.040, 48
train,    4883, 189.905474,  120, 0.00,   10, 0.000, 0.000, 0.040, 48
train,    4884, 270.000000,   90, 0.00,   13, 0.000, 0.000, 0.040, 48
train,    4885, 174.032132,   73, 0.00,   11, 0.000, 0.000, 0.040, 48
train,    4886, 241.890359,   45, 0.00,   15, 0.000, 0.000, 0.040, 48
train,    4887, 94.068471,   56, 1.00,    9, 0.000, 0.000, 0.040, 48
train,    4888, 211.747904,   71, 0.00,   13, 0.000, 0.000, 0.040, 48
train,    4889, 222.228309,  120, 0.00,    6, 0.000, 0.000, 0.040, 48
train,    4890, 217.352644,  101, 0.00,   14, 0.000, 0.000, 0.040, 48
update,   4890,  489, 326354, 239.829336, 0.000000
train,    4891, 168.822731,  120, 0.00,   17, 0.000, 0.000, 0.040, 48
train,    4892, 216.684454,   86, 0.00,   12, 0.000, 0.000, 0.040, 48
train,    4893, 258.152742,  105, 0.00,   14, 0.000, 0.000, 0.040, 48
train,    4894, 264.334197,   82, 0.00,   15, 0.000, 0.000, 0.040, 48
train,    4895, 270.000000,   86, 0.00,   15, 0.000, 0.000, 0.040, 48
train,    4896, 188.218695,   70, 0.00,   19, 0.000, 0.000, 0.039, 48
train,    4897, 270.000000,   60, 0.00,   10, 0.000, 0.000, 0.039, 48
train,    4898, 152.929445,   95, 0.00,   13, 0.000, 0.000, 0.039, 48
train,    4899, 157.284095,   89, 0.00,   12, 0.000, 0.000, 0.039, 48
train,    4900, 264.100241,  104, 0.00,   15, 0.000, 0.000, 0.039, 48
update,   4900,  490, 327251, 240.000000, 0.000000
val_t, 4900, 327251, 176.261892, 0.1238,  69.0996,   0.1401, 0.6809,  26.7105, progress 0.8835
train,    4901, 248.742220,   72, 0.00,   10, 0.000, 0.000, 0.039, 48
train,    4902, 219.025708,  113, 0.00,   13, 0.000, 0.000, 0.039, 48
train,    4903, 202.700407,  105, 0.00,   14, 0.000, 0.000, 0.039, 48
train,    4904, 212.644722,  102, 0.00,   14, 0.000, 0.000, 0.039, 48
train,    4905, 111.346578,   84, 1.00,   11, 0.000, 0.000, 0.039, 48
train,    4906, 212.193838,  120, 0.00,   10, 0.000, 0.000, 0.039, 48
train,    4907, 180.354252,  110, 0.00,   15, 0.000, 0.000, 0.039, 48
train,    4908, 210.259796,   89, 0.00,   13, 0.000, 0.000, 0.039, 48
train,    4909, 122.454908,   25, 1.00,    5, 0.000, 0.000, 0.039, 48
train,    4910, 101.156279,   99, 0.00,   13, 0.000, 0.000, 0.039, 48
update,   4910,  491, 328170, 130.068973, 0.000000
train,    4911, 253.768736,   60, 0.00,   12, 0.000, 0.000, 0.039, 48
train,    4912, 47.388836,   55, 1.00,   11, 0.000, 0.000, 0.039, 48
train,    4913, 191.159306,  120, 0.00,   14, 0.000, 0.000, 0.039, 48
train,    4914, 120.961227,   69, 1.00,   15, 0.000, 0.000, 0.039, 48
train,    4915, 229.933225,  103, 0.00,   18, 0.000, 0.000, 0.039, 48
train,    4916, 218.289058,   64, 0.00,   11, 0.000, 0.000, 0.039, 48
train,    4917, 257.822628,  120, 0.00,   11, 0.000, 0.000, 0.039, 48
train,    4918, 145.601761,   96, 0.00,   12, 0.000, 0.000, 0.039, 48
train,    4919, 103.159410,   68, 1.00,   10, 0.000, 0.000, 0.039, 48
train,    4920, 261.823429,  120, 0.00,   14, 0.000, 0.000, 0.039, 48
update,   4920,  492, 329045, 240.000000, 0.000000
train,    4921, 203.426729,   82, 0.00,   13, 0.000, 0.000, 0.039, 48
train,    4922, 54.624722,   35, 1.00,   14, 0.000, 0.000, 0.039, 48
train,    4923, 149.927826,  105, 0.00,   13, 0.000, 0.000, 0.039, 48
train,    4924, 235.544199,   82, 0.00,   12, 0.000, 0.000, 0.039, 48
train,    4925, 165.780881,   78, 0.00,   13, 0.000, 0.000, 0.039, 48
train,    4926, 98.657092,   41, 1.00,   13, 0.000, 0.000, 0.039, 48
train,    4927, 136.982031,   83, 0.00,   18, 0.000, 0.000, 0.039, 48
train,    4928, 208.898195,  120, 0.00,   17, 0.000, 0.000, 0.039, 48
train,    4929, 186.727781,   81, 0.00,   11, 0.000, 0.000, 0.039, 48
train,    4930, 216.305616,   99, 0.00,   16, 0.000, 0.000, 0.039, 48
update,   4930,  493, 329851, 203.190484, 0.000000
train,    4931, 54.269712,   67, 1.00,   13, 0.000, 0.000, 0.039, 48
train,    4932, 233.806845,   86, 0.00,   12, 0.000, 0.000, 0.039, 48
train,    4933, 232.815460,  115, 0.00,   18, 0.000, 0.000, 0.039, 48
train,    4934, 137.700115,   81, 0.00,   14, 0.000, 0.000, 0.039, 48
train,    4935, 270.000000,  120, 0.00,   14, 0.000, 0.000, 0.039, 48
train,    4936, 270.000000,  120, 0.00,   14, 0.000, 0.000, 0.039, 48
train,    4937, 270.000000,   58, 0.00,   13, 0.000, 0.000, 0.039, 48
train,    4938, 205.074924,  120, 0.00,   13, 0.000, 0.000, 0.039, 48
train,    4939, 162.416808,   64, 0.00,   14, 0.000, 0.000, 0.039, 48
train,    4940, 261.736597,   87, 0.00,   17, 0.000, 0.000, 0.039, 48
update,   4940,  494, 330769, 226.622592, 0.000000
train,    4941, 34.739633,   55, 1.00,   10, 0.000, 0.000, 0.039, 48
train,    4942, 175.225225,   83, 0.00,   15, 0.000, 0.000, 0.039, 48
train,    4943, 156.493730,   68, 0.00,   10, 0.000, 0.000, 0.039, 48
train,    4944, 258.258615,  111, 0.00,   17, 0.000, 0.000, 0.039, 48
train,    4945, 171.703693,   26, 1.00,   11, 0.000, 0.000, 0.039, 48
train,    4946, 192.865893,   58, 0.00,   12, 0.000, 0.000, 0.039, 48
train,    4947, 248.004151,  112, 0.00,   14, 0.000, 0.000, 0.039, 48
train,    4948, 221.480462,   45, 0.00,   10, 0.000, 0.000, 0.039, 48
train,    4949, 161.776555,   90, 0.00,    6, 0.000, 0.000, 0.039, 48
train,    4950, 191.746164,  105, 0.00,   16, 0.000, 0.000, 0.039, 48
update,   4950,  495, 331522, 213.633708, 0.000000
train,    4951, 140.333102,  104, 0.00,   12, 0.000, 0.000, 0.039, 48
train,    4952, 46.252891,   45, 1.00,   12, 0.000, 0.000, 0.039, 48
train,    4953, 210.507861,  120, 0.00,   11, 0.000, 0.000, 0.039, 48
train,    4954, 239.763377,   87, 0.00,   12, 0.000, 0.000, 0.039, 48
train,    4955, 55.876032,   41, 1.00,    6, 0.000, 0.000, 0.039, 48
train,    4956, 205.374296,  115, 0.00,   12, 0.000, 0.000, 0.039, 48
train,    4957, 156.662312,   91, 0.00,   16, 0.000, 0.000, 0.039, 48
train,    4958, 246.742344,   87, 0.00,   15, 0.000, 0.000, 0.039, 48
train,    4959, 198.277433,   83, 0.00,   10, 0.000, 0.000, 0.039, 48
train,    4960, 182.411083,   52, 0.00,   10, 0.000, 0.000, 0.038, 48
update,   4960,  496, 332347, 212.309817, 0.000000
train,    4961, 232.881268,  109, 0.00,   15, 0.000, 0.000, 0.038, 48
train,    4962, 117.623375,   67, 0.00,    7, 0.000, 0.000, 0.038, 48
train,    4963, 151.437800,   47, 1.00,   10, 0.000, 0.000, 0.038, 48
train,    4964, 10.848207,   66, 1.00,   13, 0.000, 0.000, 0.038, 48
train,    4965, 122.533588,   64, 1.00,   10, 0.000, 0.000, 0.038, 48
train,    4966, 191.410157,   45, 0.00,   14, 0.000, 0.000, 0.038, 48
train,    4967, 201.347552,   73, 0.00,   11, 0.000, 0.000, 0.038, 48
train,    4968, 209.366423,   73, 0.00,   11, 0.000, 0.000, 0.038, 48
train,    4969, 109.231364,   66, 1.00,    7, 0.000, 0.000, 0.038, 48
train,    4970, 218.882875,   81, 0.00,   17, 0.000, 0.000, 0.038, 48
update,   4970,  497, 333038, 226.120863, 0.000000
train,    4971, 231.568502,   84, 0.00,   14, 0.000, 0.000, 0.038, 48
train,    4972, 140.188966,   66, 0.00,   15, 0.000, 0.000, 0.038, 48
train,    4973, 123.464050,   80, 0.00,    9, 0.000, 0.000, 0.038, 48
train,    4974, 140.873465,   56, 1.00,   12, 0.000, 0.000, 0.038, 48
train,    4975, 130.023068,   57, 1.00,   11, 0.000, 0.000, 0.038, 48
train,    4976, 200.777463,   91, 0.00,   14, 0.000, 0.000, 0.038, 48
train,    4977, 26.370243,   33, 1.00,    9, 0.000, 0.000, 0.038, 48
train,    4978, 137.445808,  104, 0.00,   11, 0.000, 0.000, 0.038, 48
train,    4979, 244.511468,   45, 0.00,   13, 0.000, 0.000, 0.038, 48
train,    4980, 32.211287,   62, 1.00,    7, 0.000, 0.000, 0.038, 48
update,   4980,  498, 333716, -3.120351, 0.000000
train,    4981, 182.328472,   45, 0.00,   14, 0.000, 0.000, 0.038, 48
train,    4982, 246.403703,   45, 0.00,   13, 0.000, 0.000, 0.038, 48
train,    4983, 177.205453,   54, 0.00,   17, 0.000, 0.000, 0.038, 48
train,    4984, 260.437917,   99, 0.00,   12, 0.000, 0.000, 0.038, 48
train,    4985, 243.248351,   82, 0.00,   11, 0.000, 0.000, 0.038, 48
train,    4986, 270.000000,   53, 0.00,   14, 0.000, 0.000, 0.038, 48
train,    4987, 56.083887,   49, 1.00,   12, 0.000, 0.000, 0.038, 48
train,    4988, 203.888485,   53, 0.00,   14, 0.000, 0.000, 0.038, 48
train,    4989, 112.795007,   76, 1.00,   11, 0.000, 0.000, 0.038, 48
train,    4990, 262.523339,   75, 0.00,   14, 0.000, 0.000, 0.038, 48
update,   4990,  499, 334347, 223.218719, 0.000000
train,    4991, 205.010576,   48, 0.00,   17, 0.000, 0.000, 0.038, 48
train,    4992, 180.000000,  105, 1.00,   11, 0.000, 0.000, 0.038, 48
train,    4993, 270.000000,   45, 0.00,   14, 0.000, 0.000, 0.038, 48
train,    4994, 270.000000,   45, 0.00,   13, 0.000, 0.000, 0.038, 48
train,    4995, 128.558434,  102, 1.00,    9, 0.000, 0.000, 0.038, 48
train,    4996, 146.423639,   50, 0.00,   12, 0.000, 0.000, 0.038, 48
train,    4997, 146.843137,   68, 0.00,   13, 0.000, 0.000, 0.038, 48
train,    4998, 79.774835,   69, 1.00,    8, 0.000, 0.000, 0.038, 48
train,    4999, 79.790606,   76, 1.00,   14, 0.000, 0.000, 0.038, 48
train,    5000, 208.995948,   76, 0.00,   16, 0.000, 0.000, 0.038, 48
update,   5000,  500, 335031, 240.000000, 0.000000
val_t, 5000, 335031, 157.780500, 0.1155,  72.9137,   0.0932, 0.6956,  27.4300, progress 0.8389
train,    5001, 170.242393,   80, 0.00,   12, 0.000, 0.000, 0.038, 48
train,    5002, 203.973454,   64, 0.00,   11, 0.000, 0.000, 0.038, 48
train,    5003, 110.025179,   67, 1.00,   12, 0.000, 0.000, 0.038, 48
train,    5004, 107.809613,   70, 1.00,   11, 0.000, 0.000, 0.038, 48
train,    5005, 185.486543,   73, 0.00,   12, 0.000, 0.000, 0.038, 48
train,    5006, 158.332081,   45, 0.00,   12, 0.000, 0.000, 0.038, 48
train,    5007, 218.483320,   68, 0.00,   14, 0.000, 0.000, 0.038, 48
train,    5008, 173.292223,   78, 0.00,   12, 0.000, 0.000, 0.038, 48
train,    5009, 73.316991,   52, 1.00,   10, 0.000, 0.000, 0.038, 48
train,    5010, 158.108952,   76, 0.00,   15, 0.000, 0.000, 0.038, 48
update,   5010,  501, 335704, 192.998826, 0.000000
train,    5011, 154.632387,   45, 0.00,   12, 0.000, 0.000, 0.038, 48
train,    5012, 267.391448,   64, 0.00,   14, 0.000, 0.000, 0.038, 48
train,    5013, 242.560369,   66, 0.00,   13, 0.000, 0.000, 0.038, 48
train,    5014, 157.815871,   46, 1.00,    9, 0.000, 0.000, 0.038, 48
train,    5015, 210.514276,   56, 0.00,   13, 0.000, 0.000, 0.038, 48
train,    5016, 165.905382,   88, 0.00,   16, 0.000, 0.000, 0.038, 48
train,    5017, 210.190628,   75, 0.00,   12, 0.000, 0.000, 0.038, 48
train,    5018, 72.622173,   72, 1.00,    6, 0.000, 0.000, 0.038, 48
train,    5019, 133.591853,   77, 1.00,   10, 0.000, 0.000, 0.038, 48
train,    5020, 77.059994,   57, 1.00,   13, 0.000, 0.000, 0.038, 48
update,   5020,  502, 336350, 137.703517, 0.000000
train,    5021, 164.923228,   73, 0.00,   14, 0.000, 0.000, 0.038, 48
train,    5022, 206.032164,   54, 0.00,   12, 0.000, 0.000, 0.038, 48
train,    5023, 172.786726,   79, 0.00,   14, 0.000, 0.000, 0.038, 48
train,    5024, 230.311105,   59, 0.00,   13, 0.000, 0.000, 0.038, 48
train,    5025, 154.876214,   47, 0.00,   16, 0.000, 0.000, 0.038, 48
train,    5026, 118.736241,   90, 0.00,   11, 0.000, 0.000, 0.037, 48
train,    5027, 219.979630,   61, 0.00,   16, 0.000, 0.000, 0.037, 48
train,    5028, 159.082956,   88, 0.00,   12, 0.000, 0.000, 0.037, 48
train,    5029, 152.431161,  103, 1.00,   13, 0.000, 0.000, 0.037, 48
train,    5030, 175.849905,  102, 0.00,   12, 0.000, 0.000, 0.037, 48
update,   5030,  503, 337106, 189.680420, 0.000000
train,    5031, 37.664287,   32, 1.00,    7, 0.000, 0.000, 0.037, 48
train,    5032, 198.838716,   53, 0.00,   12, 0.000, 0.000, 0.037, 48
train,    5033, 228.113996,   78, 0.00,   14, 0.000, 0.000, 0.037, 48
train,    5034, 166.431717,   85, 0.00,   13, 0.000, 0.000, 0.037, 48
train,    5035, 238.801192,   77, 0.00,   11, 0.000, 0.000, 0.037, 48
train,    5036, 222.516219,   49, 0.00,   10, 0.000, 0.000, 0.037, 48
train,    5037, 240.033431,   86, 0.00,   13, 0.000, 0.000, 0.037, 48
train,    5038, 270.000000,  109, 0.00,   12, 0.000, 0.000, 0.037, 48
train,    5039, 151.573688,   82, 0.00,   12, 0.000, 0.000, 0.037, 48
train,    5040, 218.055520,  108, 0.00,   11, 0.000, 0.000, 0.037, 48
update,   5040,  504, 337865, 185.402522, 0.000000
train,    5041, 185.891456,   79, 0.00,   12, 0.000, 0.000, 0.037, 48
train,    5042, 48.016913,   61, 1.00,    9, 0.000, 0.000, 0.037, 48
train,    5043, 203.165913,   63, 0.00,   12, 0.000, 0.000, 0.037, 48
train,    5044, 223.249814,   95, 0.00,   13, 0.000, 0.000, 0.037, 48
train,    5045, 174.317846,  111, 0.00,   11, 0.000, 0.000, 0.037, 48
train,    5046, 139.855452,  106, 0.00,   11, 0.000, 0.000, 0.037, 48
train,    5047, 198.249691,   74, 0.00,   13, 0.000, 0.000, 0.037, 48
train,    5048, 169.034987,   61, 1.00,   12, 0.000, 0.000, 0.037, 48
train,    5049, 177.388649,   53, 0.00,   12, 0.000, 0.000, 0.037, 48
train,    5050, 106.599680,   75, 1.00,   14, 0.000, 0.000, 0.037, 48
update,   5050,  505, 338643, 128.980754, 0.000000
train,    5051, 134.552726,  105, 1.00,   11, 0.000, 0.000, 0.037, 48
train,    5052, 162.205654,   63, 0.00,   16, 0.000, 0.000, 0.037, 48
train,    5053, 258.625672,  120, 0.00,   13, 0.000, 0.000, 0.037, 48
train,    5054, 234.615898,   78, 0.00,   10, 0.000, 0.000, 0.037, 48
train,    5055, 246.584208,  108, 0.00,   17, 0.000, 0.000, 0.037, 48
train,    5056, 222.653546,  100, 0.00,   13, 0.000, 0.000, 0.037, 48
train,    5057, 180.791426,   45, 0.00,   11, 0.000, 0.000, 0.037, 48
train,    5058, 196.187831,   69, 0.00,   17, 0.000, 0.000, 0.037, 48
train,    5059, 128.460563,  108, 0.00,   16, 0.000, 0.000, 0.037, 48
train,    5060, 192.703708,   78, 0.00,    9, 0.000, 0.000, 0.037, 48
update,   5060,  506, 339517, 183.857014, 0.000000
train,    5061, 204.660152,   71, 0.00,   13, 0.000, 0.000, 0.037, 48
train,    5062, 107.353712,   67, 1.00,   10, 0.000, 0.000, 0.037, 48
train,    5063, 240.173624,  114, 0.00,    9, 0.000, 0.000, 0.037, 48
train,    5064, 170.401751,   67, 0.00,   13, 0.000, 0.000, 0.037, 48
train,    5065, 168.192520,  107, 0.00,   18, 0.000, 0.000, 0.037, 48
train,    5066, 85.991875,   31, 1.00,   10, 0.000, 0.000, 0.037, 48
train,    5067, 184.606631,   97, 0.00,   15, 0.000, 0.000, 0.037, 48
train,    5068, 147.175240,   77, 0.00,   14, 0.000, 0.000, 0.037, 48
train,    5069, 229.258059,  120, 0.00,   13, 0.000, 0.000, 0.037, 48
train,    5070, 194.963578,   83, 0.00,   11, 0.000, 0.000, 0.037, 48
update,   5070,  507, 340351, 155.399085, 0.000000
train,    5071, 156.568329,  120, 0.00,   15, 0.000, 0.000, 0.037, 48
train,    5072, 223.504117,   83, 0.00,   12, 0.000, 0.000, 0.037, 48
train,    5073, 176.066941,   95, 0.00,   14, 0.000, 0.000, 0.037, 48
train,    5074, 243.655545,   74, 0.00,   11, 0.000, 0.000, 0.037, 48
train,    5075, 270.000000,   86, 0.00,   11, 0.000, 0.000, 0.037, 48
train,    5076, 92.594207,   45, 1.00,    9, 0.000, 0.000, 0.037, 48
train,    5077, 188.989770,   95, 0.00,   14, 0.000, 0.000, 0.037, 48
train,    5078, 265.882781,   74, 0.00,   11, 0.000, 0.000, 0.037, 48
train,    5079, 247.713976,   68, 0.00,   17, 0.000, 0.000, 0.037, 48
train,    5080, 69.936212,   51, 1.00,    8, 0.000, 0.000, 0.037, 48
update,   5080,  508, 341142, 72.031599, 0.000000
train,    5081, 201.217269,   90, 0.00,   12, 0.000, 0.000, 0.037, 48
train,    5082, 223.693869,   76, 0.00,   16, 0.000, 0.000, 0.037, 48
train,    5083, 261.667007,   89, 0.00,   13, 0.000, 0.000, 0.037, 48
train,    5084, 232.451525,  109, 0.00,   14, 0.000, 0.000, 0.037, 48
train,    5085, 259.400257,   65, 0.00,   11, 0.000, 0.000, 0.037, 48
train,    5086, 209.472486,   65, 0.00,   15, 0.000, 0.000, 0.037, 48
train,    5087, 219.818952,   72, 0.00,   10, 0.000, 0.000, 0.037, 48
train,    5088, 235.384169,   52, 0.00,    8, 0.000, 0.000, 0.037, 48
train,    5089, 180.000000,   93, 1.00,   14, 0.000, 0.000, 0.037, 48
train,    5090, 270.000000,   95, 0.00,   14, 0.000, 0.000, 0.037, 48
update,   5090,  509, 341948, 240.000000, 0.000000
train,    5091, 47.598512,   13, 1.00,    8, 0.000, 0.000, 0.037, 48
train,    5092, 167.813707,   57, 0.00,   12, 0.000, 0.000, 0.037, 48
train,    5093, 168.068870,  106, 0.00,   12, 0.000, 0.000, 0.036, 48
train,    5094, 30.580639,   55, 1.00,    7, 0.000, 0.000, 0.036, 48
train,    5095, 126.259677,   80, 1.00,   14, 0.000, 0.000, 0.036, 48
train,    5096, 137.341094,   88, 0.00,   11, 0.000, 0.000, 0.036, 48
train,    5097, 79.032617,   21, 1.00,    7, 0.000, 0.000, 0.036, 48
train,    5098, 201.200382,   76, 0.00,   13, 0.000, 0.000, 0.036, 48
train,    5099, 218.230109,   45, 0.00,   13, 0.000, 0.000, 0.036, 48
train,    5100, 238.442064,   63, 0.00,   10, 0.000, 0.000, 0.036, 48
update,   5100,  510, 342552, 220.032463, 0.000000
val_t, 5100, 342552, 152.027302, 0.0941,  81.2469,   0.1029, 0.8590,  29.1000, progress 0.8499
train,    5101, 270.000000,  109, 0.00,   15, 0.000, 0.000, 0.036, 48
train,    5102, 213.246238,   67, 0.00,    9, 0.000, 0.000, 0.036, 48
train,    5103, 193.382426,  106, 0.00,   10, 0.000, 0.000, 0.036, 48
train,    5104, 211.124001,   75, 0.00,   11, 0.000, 0.000, 0.036, 48
train,    5105, 152.642455,  105, 0.00,   14, 0.000, 0.000, 0.036, 48
train,    5106, 169.019305,   76, 0.00,    3, 0.000, 0.000, 0.036, 48
train,    5107, 241.793394,   87, 0.00,   12, 0.000, 0.000, 0.036, 48
train,    5108, 257.968529,   85, 0.00,   15, 0.000, 0.000, 0.036, 48
train,    5109, 86.579531,   88, 0.00,   10, 0.000, 0.000, 0.036, 48
train,    5110, 205.718107,   52, 0.00,   12, 0.000, 0.000, 0.036, 48
update,   5110,  511, 343402, 220.540372, 0.000000
train,    5111, 172.277599,   60, 0.00,   14, 0.000, 0.000, 0.036, 48
train,    5112, 194.103300,  106, 0.00,   10, 0.000, 0.000, 0.036, 48
train,    5113, 220.559768,  120, 0.00,   11, 0.000, 0.000, 0.036, 48
train,    5114, 140.871294,   66, 0.00,   10, 0.000, 0.000, 0.036, 48
train,    5115, 221.940933,   84, 0.00,   14, 0.000, 0.000, 0.036, 48
train,    5116, 160.643522,   62, 1.00,   10, 0.000, 0.000, 0.036, 48
train,    5117, 237.614659,   80, 0.00,   13, 0.000, 0.000, 0.036, 48
train,    5118, 261.191053,   80, 0.00,   13, 0.000, 0.000, 0.036, 48
train,    5119, 148.756884,   62, 1.00,   11, 0.000, 0.000, 0.036, 48
train,    5120, 207.321470,   87, 0.00,   13, 0.000, 0.000, 0.036, 48
update,   5120,  512, 344209, 240.000000, 0.000000
train,    5121, 210.661208,   78, 0.00,   10, 0.000, 0.000, 0.036, 48
train,    5122, 205.005291,   91, 0.00,   15, 0.000, 0.000, 0.036, 48
train,    5123, 248.341048,   67, 0.00,   13, 0.000, 0.000, 0.036, 48
train,    5124, 208.705661,  107, 0.00,   16, 0.000, 0.000, 0.036, 48
train,    5125, 79.462351,   81, 1.00,   11, 0.000, 0.000, 0.036, 48
train,    5126, 192.716724,   94, 0.00,   15, 0.000, 0.000, 0.036, 48
train,    5127, 219.315348,   96, 0.00,   16, 0.000, 0.000, 0.036, 48
train,    5128, 211.400167,  103, 0.00,   18, 0.000, 0.000, 0.036, 48
train,    5129, 73.187050,   82, 1.00,   14, 0.000, 0.000, 0.036, 48
train,    5130, 172.489976,   36, 1.00,   11, 0.000, 0.000, 0.036, 48
update,   5130,  513, 345044, 163.777048, 0.000000
train,    5131, 112.565343,   96, 0.00,   10, 0.000, 0.000, 0.036, 48
train,    5132, 270.000000,  107, 0.00,   17, 0.000, 0.000, 0.036, 48
train,    5133, 189.194035,   99, 0.00,   15, 0.000, 0.000, 0.036, 48
train,    5134, 209.240409,  104, 0.00,   14, 0.000, 0.000, 0.036, 48
train,    5135, 180.000000,   68, 1.00,   13, 0.000, 0.000, 0.036, 48
train,    5136, 218.174141,  118, 0.00,   13, 0.000, 0.000, 0.036, 48
train,    5137, 270.000000,   94, 0.00,   12, 0.000, 0.000, 0.036, 48
train,    5138, 251.046365,  108, 0.00,   14, 0.000, 0.000, 0.036, 48
train,    5139, 123.813276,   84, 0.00,   15, 0.000, 0.000, 0.036, 48
train,    5140, 205.626837,  120, 0.00,   13, 0.000, 0.000, 0.036, 48
update,   5140,  514, 346042, 214.307348, 0.000000
train,    5141, 143.337505,   98, 0.00,    9, 0.000, 0.000, 0.036, 48
train,    5142, 172.537002,  101, 0.00,   12, 0.000, 0.000, 0.036, 48
train,    5143, 176.698602,  113, 0.00,   15, 0.000, 0.000, 0.036, 48
train,    5144, 205.736813,  116, 0.00,   11, 0.000, 0.000, 0.036, 48
train,    5145, 170.880278,  106, 0.00,   15, 0.000, 0.000, 0.036, 48
train,    5146, 232.763074,  118, 0.00,   12, 0.000, 0.000, 0.036, 48
train,    5147, 202.120425,  120, 0.00,    9, 0.000, 0.000, 0.036, 48
train,    5148, 142.336490,  111, 0.00,   13, 0.000, 0.000, 0.036, 48
train,    5149, 218.860707,  120, 0.00,   13, 0.000, 0.000, 0.036, 48
train,    5150, 180.000000,   95, 1.00,   14, 0.000, 0.000, 0.036, 48
update,   5150,  515, 347140, 157.168191, 0.000000
train,    5151, 240.380974,  120, 0.00,   11, 0.000, 0.000, 0.036, 48
train,    5152, 231.813377,  117, 0.00,   14, 0.000, 0.000, 0.036, 48
train,    5153, 212.841932,  120, 0.00,   14, 0.000, 0.000, 0.036, 48
train,    5154, 108.238062,   92, 1.00,    9, 0.000, 0.000, 0.036, 48
train,    5155, 145.900807,   86, 0.00,   10, 0.000, 0.000, 0.036, 48
train,    5156, 211.904045,   52, 0.00,   11, 0.000, 0.000, 0.036, 48
train,    5157, 210.211360,  120, 0.00,    9, 0.000, 0.000, 0.036, 48
train,    5158, 208.461494,  107, 0.00,   12, 0.000, 0.000, 0.036, 48
train,    5159, 156.202026,   96, 0.00,   15, 0.000, 0.000, 0.036, 48
train,    5160, -10.384914,   26, 1.00,    8, 0.000, 0.000, 0.036, 48
update,   5160,  516, 348076, -5.000000, 0.000000
train,    5161, 223.925883,  110, 0.00,   15, 0.000, 0.000, 0.036, 48
train,    5162, 92.912714,   71, 1.00,   13, 0.000, 0.000, 0.036, 48
train,    5163, 184.670419,   80, 0.00,   12, 0.000, 0.000, 0.035, 48
train,    5164, 204.327724,   82, 0.00,   15, 0.000, 0.000, 0.035, 48
train,    5165, 175.030110,  112, 0.00,    9, 0.000, 0.000, 0.035, 48
train,    5166, 233.580255,  114, 0.00,   11, 0.000, 0.000, 0.035, 48
train,    5167, 94.317881,   83, 1.00,   11, 0.000, 0.000, 0.035, 48
train,    5168, 247.482715,  110, 0.00,   11, 0.000, 0.000, 0.035, 48
train,    5169, 270.000000,  120, 0.00,   16, 0.000, 0.000, 0.035, 48
train,    5170, 42.031413,   41, 1.00,   12, 0.000, 0.000, 0.035, 48
update,   5170,  517, 348999, 10.869107, 0.000000
train,    5171, 33.510155,   75, 1.00,   11, 0.000, 0.000, 0.035, 48
train,    5172, 131.345572,  120, 0.00,   11, 0.000, 0.000, 0.035, 48
train,    5173, 249.737220,  109, 0.00,   12, 0.000, 0.000, 0.035, 48
train,    5174, 177.168734,  118, 0.00,   13, 0.000, 0.000, 0.035, 48
train,    5175, 172.877946,  120, 0.00,   13, 0.000, 0.000, 0.035, 48
train,    5176, 78.719576,   50, 1.00,   11, 0.000, 0.000, 0.035, 48
train,    5177, 198.928767,  115, 0.00,   13, 0.000, 0.000, 0.035, 48
train,    5178, 234.018496,   99, 0.00,   14, 0.000, 0.000, 0.035, 48
train,    5179, 191.609959,  120, 0.00,   11, 0.000, 0.000, 0.035, 48
train,    5180, 250.831699,   77, 0.00,   12, 0.000, 0.000, 0.035, 48
update,   5180,  518, 350002, 240.000000, 0.000000
train,    5181, 200.630437,  107, 0.00,   12, 0.000, 0.000, 0.035, 48
train,    5182, 217.103467,  105, 0.00,   17, 0.000, 0.000, 0.035, 48
train,    5183, 17.839010,   54, 1.00,   10, 0.000, 0.000, 0.035, 48
train,    5184, 32.629502,   49, 1.00,    9, 0.000, 0.000, 0.035, 48
train,    5185, 101.470571,   69, 1.00,   13, 0.000, 0.000, 0.035, 48
train,    5186, 181.987966,  111, 0.00,   11, 0.000, 0.000, 0.035, 48
train,    5187, 174.599881,   63, 0.00,   13, 0.000, 0.000, 0.035, 48
train,    5188, 241.926112,  111, 0.00,   12, 0.000, 0.000, 0.035, 48
train,    5189, 190.536081,   90, 0.00,   11, 0.000, 0.000, 0.035, 48
train,    5190, 190.737378,   94, 0.00,   11, 0.000, 0.000, 0.035, 48
update,   5190,  519, 350855, 206.279622, 0.000000
train,    5191, 270.000000,   89, 0.00,   18, 0.000, 0.000, 0.035, 48
train,    5192, 111.947392,  108, 0.00,   15, 0.000, 0.000, 0.035, 48
train,    5193, 237.352468,   70, 0.00,   18, 0.000, 0.000, 0.035, 48
train,    5194, 63.023810,   63, 1.00,   14, 0.000, 0.000, 0.035, 48
train,    5195, 116.460479,   97, 0.00,   14, 0.000, 0.000, 0.035, 48
train,    5196, 270.000000,  104, 0.00,   12, 0.000, 0.000, 0.035, 48
train,    5197, 83.994047,   33, 1.00,   10, 0.000, 0.000, 0.035, 48
train,    5198, 205.195721,  109, 0.00,   12, 0.000, 0.000, 0.035, 48
train,    5199, 253.410964,   87, 0.00,   14, 0.000, 0.000, 0.035, 48
train,    5200, 67.237845,  120, 0.00,   11, 0.000, 0.000, 0.035, 48
update,   5200,  520, 351735, 91.640614, 0.000000
val_t, 5200, 351735, 164.161234, 0.1512,  84.9621,   0.1345, 0.8020,  26.9723, progress 0.7808
train,    5201, 45.114188,    4, 1.00,    4, 0.000, 0.000, 0.035, 48
train,    5202, 132.942856,  120, 0.00,   13, 0.000, 0.000, 0.035, 48
train,    5203, 170.958063,   87, 0.00,   13, 0.000, 0.000, 0.035, 48
train,    5204, 270.000000,   70, 0.00,   13, 0.000, 0.000, 0.035, 48
train,    5205, 143.319132,   89, 0.00,   14, 0.000, 0.000, 0.035, 48
train,    5206, 228.509921,  116, 0.00,   17, 0.000, 0.000, 0.035, 48
train,    5207, 270.000000,  106, 0.00,   16, 0.000, 0.000, 0.035, 48
train,    5208, 249.623192,   61, 0.00,   14, 0.000, 0.000, 0.035, 48
train,    5209, 153.804417,   81, 0.00,   14, 0.000, 0.000, 0.035, 48
train,    5210, 124.569567,   43, 1.00,   11, 0.000, 0.000, 0.035, 48
update,   5210,  521, 352512, 118.447835, 0.000000
train,    5211, 181.004855,   85, 0.00,   16, 0.000, 0.000, 0.035, 48
train,    5212, 270.000000,  103, 0.00,   11, 0.000, 0.000, 0.035, 48
train,    5213, 212.691292,   70, 0.00,    9, 0.000, 0.000, 0.035, 48
train,    5214, 155.181169,   58, 0.00,   11, 0.000, 0.000, 0.035, 48
train,    5215, 225.994072,   75, 0.00,   12, 0.000, 0.000, 0.035, 48
train,    5216, 212.440977,   56, 0.00,   13, 0.000, 0.000, 0.035, 48
train,    5217, 151.686827,   78, 0.00,   10, 0.000, 0.000, 0.035, 48
train,    5218, 87.755344,   51, 1.00,   13, 0.000, 0.000, 0.035, 48
train,    5219, 256.890976,   78, 0.00,   13, 0.000, 0.000, 0.035, 48
train,    5220, 220.439887,   97, 0.00,   14, 0.000, 0.000, 0.035, 48
update,   5220,  522, 353263, 240.000000, 0.000000
train,    5221, 198.184068,   80, 0.00,   11, 0.000, 0.000, 0.035, 48
train,    5222, 191.443311,   75, 0.00,   15, 0.000, 0.000, 0.035, 48
train,    5223, 270.000000,  107, 0.00,   14, 0.000, 0.000, 0.035, 48
train,    5224, 97.031754,  102, 0.00,   12, 0.000, 0.000, 0.035, 48
train,    5225, 221.539267,   86, 0.00,   16, 0.000, 0.000, 0.035, 48
train,    5226, 127.603684,  112, 0.00,   11, 0.000, 0.000, 0.035, 48
train,    5227, 101.717299,   38, 1.00,   12, 0.000, 0.000, 0.035, 48
train,    5228, 60.166435,   66, 1.00,   10, 0.000, 0.000, 0.035, 48
train,    5229, 184.979702,   93, 0.00,   14, 0.000, 0.000, 0.035, 48
train,    5230, 236.065762,   65, 0.00,   13, 0.000, 0.000, 0.035, 48
update,   5230,  523, 354087, 240.000000, 0.000000
train,    5231, 117.223893,   45, 1.00,    8, 0.000, 0.000, 0.035, 48
train,    5232, 193.961316,   98, 0.00,   10, 0.000, 0.000, 0.035, 48
train,    5233, 226.105352,   82, 0.00,   10, 0.000, 0.000, 0.035, 48
train,    5234, 239.903817,   62, 0.00,   15, 0.000, 0.000, 0.034, 48
train,    5235, 236.338972,   77, 0.00,   10, 0.000, 0.000, 0.034, 48
train,    5236, 46.531882,   34, 1.00,   13, 0.000, 0.000, 0.034, 48
train,    5237, 116.905756,   72, 1.00,    9, 0.000, 0.000, 0.034, 48
train,    5238, 233.637941,   76, 0.00,   14, 0.000, 0.000, 0.034, 48
train,    5239, 133.542770,   97, 0.00,   17, 0.000, 0.000, 0.034, 48
train,    5240, 244.625531,   65, 0.00,   14, 0.000, 0.000, 0.034, 48
update,   5240,  524, 354795, 240.000000, 0.000000
train,    5241, 191.440017,   79, 0.00,   15, 0.000, 0.000, 0.034, 48
train,    5242, 71.276002,   40, 1.00,   10, 0.000, 0.000, 0.034, 48
train,    5243, 30.094679,   88, 1.00,    9, 0.000, 0.000, 0.034, 48
train,    5244, 213.049256,   96, 0.00,   15, 0.000, 0.000, 0.034, 48
train,    5245, 270.000000,   97, 0.00,   14, 0.000, 0.000, 0.034, 48
train,    5246, 134.564202,  105, 1.00,   11, 0.000, 0.000, 0.034, 48
train,    5247, 135.080645,   72, 1.00,    9, 0.000, 0.000, 0.034, 48
train,    5248, 154.083983,   46, 0.00,   13, 0.000, 0.000, 0.034, 48
train,    5249, 57.994048,   49, 1.00,   11, 0.000, 0.000, 0.034, 48
train,    5250, 269.414981,  118, 0.00,   13, 0.000, 0.000, 0.034, 48
update,   5250,  525, 355585, 210.313554, 0.000000
train,    5251, 171.897566,   69, 0.00,   11, 0.000, 0.000, 0.034, 48
train,    5252, 263.804785,  120, 0.00,   13, 0.000, 0.000, 0.034, 48
train,    5253, 177.677068,  105, 0.00,   12, 0.000, 0.000, 0.034, 48
train,    5254, 228.509825,   85, 0.00,   14, 0.000, 0.000, 0.034, 48
train,    5255, 82.174067,   45, 1.00,   12, 0.000, 0.000, 0.034, 48
train,    5256, 218.210006,  114, 0.00,   14, 0.000, 0.000, 0.034, 48
train,    5257, 201.574080,   92, 0.00,   16, 0.000, 0.000, 0.034, 48
train,    5258, 82.930746,   47, 1.00,    9, 0.000, 0.000, 0.034, 48
train,    5259, 258.770243,   74, 0.00,    9, 0.000, 0.000, 0.034, 48
train,    5260, 166.304393,   72, 0.00,   12, 0.000, 0.000, 0.034, 48
update,   5260,  526, 356408, 142.691365, 0.000000
train,    5261, 145.758634,   91, 1.00,   15, 0.000, 0.000, 0.034, 48
train,    5262, 119.283903,  101, 1.00,   12, 0.000, 0.000, 0.034, 48
train,    5263, 95.763043,   94, 0.00,   14, 0.000, 0.000, 0.034, 48
train,    5264, 42.950021,   76, 1.00,    8, 0.000, 0.000, 0.034, 48
train,    5265, 222.677855,   82, 0.00,   10, 0.000, 0.000, 0.034, 48
train,    5266, 256.167088,   73, 0.00,   15, 0.000, 0.000, 0.034, 48
train,    5267, 11.414695,    8, 1.00,   10, 0.000, 0.000, 0.034, 48
train,    5268, 161.137223,   47, 0.00,   13, 0.000, 0.000, 0.034, 48
train,    5269, 190.937643,   99, 0.00,   13, 0.000, 0.000, 0.034, 48
train,    5270, 79.548919,   66, 1.00,    8, 0.000, 0.000, 0.034, 48
update,   5270,  527, 357145, 68.311336, 0.000000
train,    5271, 88.325063,   80, 1.00,    9, 0.000, 0.000, 0.034, 48
train,    5272, 81.873896,   59, 1.00,   13, 0.000, 0.000, 0.034, 48
train,    5273, 180.000000,   68, 1.00,   12, 0.000, 0.000, 0.034, 48
train,    5274, 270.000000,   96, 0.00,   15, 0.000, 0.000, 0.034, 48
train,    5275, 194.700970,   77, 0.00,   11, 0.000, 0.000, 0.034, 48
train,    5276, 232.311767,   76, 0.00,   15, 0.000, 0.000, 0.034, 48
train,    5277, 237.775683,   82, 0.00,    9, 0.000, 0.000, 0.034, 48
train,    5278, 215.774743,   71, 0.00,   12, 0.000, 0.000, 0.034, 48
train,    5279, 72.300833,   42, 1.00,   14, 0.000, 0.000, 0.034, 48
train,    5280, 220.179654,   67, 0.00,    9, 0.000, 0.000, 0.034, 48
update,   5280,  528, 357863, 209.157728, 0.000000
train,    5281, 213.534705,   83, 0.00,   11, 0.000, 0.000, 0.034, 48
train,    5282, 130.708829,   59, 0.00,   11, 0.000, 0.000, 0.034, 48
train,    5283, 241.840040,   93, 0.00,   12, 0.000, 0.000, 0.034, 48
train,    5284, 216.581738,   45, 0.00,   15, 0.000, 0.000, 0.034, 48
train,    5285, 168.905884,   77, 0.00,   14, 0.000, 0.000, 0.034, 48
train,    5286, 140.042232,   82, 0.00,    7, 0.000, 0.000, 0.034, 48
train,    5287, 235.850739,   52, 0.00,   14, 0.000, 0.000, 0.034, 48
train,    5288, 140.233144,   98, 0.00,   11, 0.000, 0.000, 0.034, 48
train,    5289, 162.239296,   94, 1.00,   11, 0.000, 0.000, 0.034, 48
train,    5290, 270.000000,   70, 0.00,   15, 0.000, 0.000, 0.034, 48
update,   5290,  529, 358616, 220.965007, 0.000000
train,    5291, 252.850137,   96, 0.00,   13, 0.000, 0.000, 0.034, 48
train,    5292, 171.547694,   92, 0.00,   14, 0.000, 0.000, 0.034, 48
train,    5293, 173.612444,   71, 0.00,   11, 0.000, 0.000, 0.034, 48
train,    5294, 246.499321,   50, 0.00,   16, 0.000, 0.000, 0.034, 48
train,    5295, 185.880652,   45, 0.00,   16, 0.000, 0.000, 0.034, 48
train,    5296, 72.772512,  105, 1.00,   15, 0.000, 0.000, 0.034, 48
train,    5297, 153.617215,   63, 0.00,    8, 0.000, 0.000, 0.034, 48
train,    5298, 229.721568,   63, 0.00,   14, 0.000, 0.000, 0.034, 48
train,    5299, 270.000000,   60, 0.00,   14, 0.000, 0.000, 0.034, 48
train,    5300, 226.414962,   57, 0.00,   11, 0.000, 0.000, 0.034, 48
update,   5300,  530, 359318, 240.000000, 0.000000
val_t, 5300, 359318, 168.863490, 0.1921,  73.3813,   0.1289, 0.8572,  26.8627, progress 0.8121
train,    5301, 218.505170,  120, 0.00,   11, 0.000, 0.000, 0.034, 48
train,    5302, 216.262490,   70, 0.00,   14, 0.000, 0.000, 0.034, 48
train,    5303, 234.186781,   48, 0.00,   14, 0.000, 0.000, 0.034, 48
train,    5304, 191.255947,   84, 0.00,   16, 0.000, 0.000, 0.034, 48
train,    5305, 134.872927,   67, 1.00,   13, 0.000, 0.000, 0.034, 48
train,    5306, 263.937988,   45, 0.00,   13, 0.000, 0.000, 0.034, 48
train,    5307, 140.505297,   75, 0.00,   12, 0.000, 0.000, 0.034, 48
train,    5308, 152.400636,   45, 0.00,   10, 0.000, 0.000, 0.033, 48
train,    5309, 270.000000,   59, 0.00,   16, 0.000, 0.000, 0.033, 48
train,    5310, 240.969450,   66, 0.00,   10, 0.000, 0.000, 0.033, 48
update,   5310,  531, 359997, 240.000000, 0.000000
train,    5311, 64.320364,   87, 1.00,   12, 0.000, 0.000, 0.033, 48
train,    5312, 122.505696,   70, 0.00,   12, 0.000, 0.000, 0.033, 48
train,    5313, 131.093781,  105, 0.00,   14, 0.000, 0.000, 0.033, 48
train,    5314, 68.242900,   34, 1.00,   13, 0.000, 0.000, 0.033, 48
train,    5315, 236.617079,   90, 0.00,   18, 0.000, 0.000, 0.033, 48
train,    5316, 218.280577,   58, 0.00,   13, 0.000, 0.000, 0.033, 48
train,    5317, 249.516090,   79, 0.00,   17, 0.000, 0.000, 0.033, 48
train,    5318, 122.427886,   45, 1.00,   11, 0.000, 0.000, 0.033, 48
train,    5319, 198.973323,   45, 0.00,   12, 0.000, 0.000, 0.033, 48
train,    5320, 144.662478,   89, 1.00,   10, 0.000, 0.000, 0.033, 48
update,   5320,  532, 360699, 177.180790, 0.000000
train,    5321, 180.000000,  105, 1.00,   12, 0.000, 0.000, 0.033, 48
train,    5322, 129.396724,   59, 1.00,   11, 0.000, 0.000, 0.033, 48
train,    5323, 246.873063,   45, 0.00,   12, 0.000, 0.000, 0.033, 48
train,    5324, 236.987177,  109, 0.00,   16, 0.000, 0.000, 0.033, 48
train,    5325, 171.464609,   78, 0.00,   14, 0.000, 0.000, 0.033, 48
train,    5326, 22.406157,   52, 1.00,   14, 0.000, 0.000, 0.033, 48
train,    5327, 220.011407,   62, 0.00,   11, 0.000, 0.000, 0.033, 48
train,    5328, 199.007686,   73, 0.00,   12, 0.000, 0.000, 0.033, 48
train,    5329, 236.354281,   58, 0.00,   12, 0.000, 0.000, 0.033, 48
train,    5330, 93.868003,   66, 1.00,    6, 0.000, 0.000, 0.033, 48
update,   5330,  533, 361406, 75.255858, 0.000000
train,    5331, 103.965907,   75, 0.00,   15, 0.000, 0.000, 0.033, 48
train,    5332, 161.939185,   98, 0.00,   14, 0.000, 0.000, 0.033, 48
train,    5333, 270.000000,   96, 0.00,   14, 0.000, 0.000, 0.033, 48
train,    5334, 153.659465,   86, 0.00,   16, 0.000, 0.000, 0.033, 48
train,    5335, 141.299970,   94, 0.00,   11, 0.000, 0.000, 0.033, 48
train,    5336, 218.859419,  104, 0.00,   15, 0.000, 0.000, 0.033, 48
train,    5337, 69.761583,   54, 1.00,   11, 0.000, 0.000, 0.033, 48
train,    5338, 69.747839,   86, 1.00,    9, 0.000, 0.000, 0.033, 48
train,    5339, 270.000000,   66, 0.00,   17, 0.000, 0.000, 0.033, 48
train,    5340, 156.007925,   96, 0.00,   12, 0.000, 0.000, 0.033, 48
update,   5340,  534, 362261, 209.520513, 0.000000
train,    5341, -25.000000,    5, 1.00,    7, 0.000, 0.000, 0.033, 48
train,    5342, 119.648716,   75, 1.00,   11, 0.000, 0.000, 0.033, 48
train,    5343, 239.343487,  109, 0.00,   15, 0.000, 0.000, 0.033, 48
train,    5344, 166.673125,   52, 1.00,   12, 0.000, 0.000, 0.033, 48
train,    5345, 127.118791,   77, 0.00,    9, 0.000, 0.000, 0.033, 48
train,    5346, 245.671848,  106, 0.00,   15, 0.000, 0.000, 0.033, 48
train,    5347, 151.998118,   55, 0.00,   14, 0.000, 0.000, 0.033, 48
train,    5348, 246.363010,  102, 0.00,   15, 0.000, 0.000, 0.033, 48
train,    5349, 143.336703,   46, 1.00,   11, 0.000, 0.000, 0.033, 48
train,    5350, 193.305991,   66, 0.00,   18, 0.000, 0.000, 0.033, 48
update,   5350,  535, 362954, 240.000000, 0.000000
train,    5351, 222.043666,   68, 0.00,   14, 0.000, 0.000, 0.033, 48
train,    5352, 270.000000,   63, 0.00,   17, 0.000, 0.000, 0.033, 48
train,    5353, 35.328244,   47, 1.00,    9, 0.000, 0.000, 0.033, 48
train,    5354, 75.101584,   40, 1.00,    9, 0.000, 0.000, 0.033, 48
train,    5355, 224.375654,   81, 0.00,   15, 0.000, 0.000, 0.033, 48
train,    5356, 92.530840,   75, 0.00,   16, 0.000, 0.000, 0.033, 48
train,    5357, 270.000000,   46, 0.00,   18, 0.000, 0.000, 0.033, 48
train,    5358, 224.441175,  110, 0.00,   12, 0.000, 0.000, 0.033, 48
train,    5359, 178.580402,   63, 1.00,    9, 0.000, 0.000, 0.033, 48
train,    5360, 195.686805,   94, 0.00,   14, 0.000, 0.000, 0.033, 48
update,   5360,  536, 363641, 213.042796, 0.000000
train,    5361, 185.459471,  120, 0.00,   12, 0.000, 0.000, 0.033, 48
train,    5362, 205.945277,   97, 0.00,   15, 0.000, 0.000, 0.033, 48
train,    5363, 173.475091,   83, 0.00,    9, 0.000, 0.000, 0.033, 48
train,    5364, 128.056419,  117, 0.00,   10, 0.000, 0.000, 0.033, 48
train,    5365, 180.000000,   63, 1.00,    7, 0.000, 0.000, 0.033, 48
train,    5366, 270.000000,   98, 0.00,   14, 0.000, 0.000, 0.033, 48
train,    5367, 151.502024,   48, 1.00,    9, 0.000, 0.000, 0.033, 48
train,    5368, 162.532722,  120, 0.00,   16, 0.000, 0.000, 0.033, 48
train,    5369, 223.056184,  110, 0.00,   12, 0.000, 0.000, 0.033, 48
train,    5370, 225.002375,  120, 0.00,   15, 0.000, 0.000, 0.033, 48
update,   5370,  537, 364617, 205.783270, 0.000000
train,    5371, 232.420830,  106, 0.00,   10, 0.000, 0.000, 0.033, 48
train,    5372, 224.898235,  104, 0.00,   11, 0.000, 0.000, 0.033, 48
train,    5373, 120.405719,  101, 0.00,   10, 0.000, 0.000, 0.033, 48
train,    5374, 247.376848,  105, 0.00,   12, 0.000, 0.000, 0.033, 48
train,    5375, 158.114488,   40, 1.00,    8, 0.000, 0.000, 0.033, 48
train,    5376, 211.410022,   56, 0.00,   12, 0.000, 0.000, 0.033, 48
train,    5377, 196.742013,   87, 0.00,   16, 0.000, 0.000, 0.033, 48
train,    5378, 260.560079,  101, 0.00,   10, 0.000, 0.000, 0.033, 48
train,    5379, 225.885082,  120, 0.00,   13, 0.000, 0.000, 0.033, 48
train,    5380, 139.965023,   94, 1.00,    8, 0.000, 0.000, 0.033, 48
update,   5380,  538, 365531, 115.791255, 0.000000
train,    5381, 210.151219,   91, 0.00,   17, 0.000, 0.000, 0.033, 48
train,    5382, 225.695635,  108, 0.00,   11, 0.000, 0.000, 0.033, 48
train,    5383, 97.105491,   90, 0.00,   12, 0.000, 0.000, 0.032, 48
train,    5384, 177.673443,  120, 0.00,   15, 0.000, 0.000, 0.032, 48
train,    5385, 155.542145,  119, 0.00,   14, 0.000, 0.000, 0.032, 48
train,    5386, 168.089034,   98, 0.00,   13, 0.000, 0.000, 0.032, 48
train,    5387, 93.067506,   64, 1.00,   13, 0.000, 0.000, 0.032, 48
train,    5388, 131.581983,   72, 0.00,   13, 0.000, 0.000, 0.032, 48
train,    5389, 133.891874,  120, 0.00,   15, 0.000, 0.000, 0.032, 48
train,    5390, 166.653653,  111, 0.00,   15, 0.000, 0.000, 0.032, 48
update,   5390,  539, 366524, 111.685207, 0.000000
train,    5391, 169.669178,  120, 0.00,   11, 0.000, 0.000, 0.032, 48
train,    5392, 182.761668,   70, 0.00,   11, 0.000, 0.000, 0.032, 48
train,    5393, 253.493183,   74, 0.00,   12, 0.000, 0.000, 0.032, 48
train,    5394, 270.000000,  102, 0.00,   13, 0.000, 0.000, 0.032, 48
train,    5395, 179.611500,   99, 0.00,   13, 0.000, 0.000, 0.032, 48
train,    5396, 81.740397,   48, 1.00,   15, 0.000, 0.000, 0.032, 48
train,    5397, 186.162555,   67, 0.00,   10, 0.000, 0.000, 0.032, 48
train,    5398, 199.745266,  111, 0.00,   15, 0.000, 0.000, 0.032, 48
train,    5399, 158.770837,  115, 0.00,   14, 0.000, 0.000, 0.032, 48
train,    5400, 199.851225,   80, 0.00,    8, 0.000, 0.000, 0.032, 48
update,   5400,  540, 367410, 215.232859, 0.000000
val_t, 5400, 367410, 200.620557, 0.1347,  80.2806,   0.1230, 0.7701,  27.9661, progress 0.8654
train,    5401, 211.441239,  100, 0.00,   11, 0.000, 0.000, 0.032, 48
train,    5402, 225.756576,   66, 0.00,   17, 0.000, 0.000, 0.032, 48
train,    5403, 36.197007,   85, 1.00,   11, 0.000, 0.000, 0.032, 48
train,    5404, 140.621191,   58, 1.00,    9, 0.000, 0.000, 0.032, 48
train,    5405, 261.199858,   81, 0.00,   14, 0.000, 0.000, 0.032, 48
train,    5406, 132.804616,   30, 1.00,   14, 0.000, 0.000, 0.032, 48
train,    5407, 85.970582,   86, 0.00,   15, 0.000, 0.000, 0.032, 48
train,    5408, 237.745688,   61, 0.00,   10, 0.000, 0.000, 0.032, 48
train,    5409, 163.083670,   93, 0.00,   12, 0.000, 0.000, 0.032, 48
train,    5410, 70.464605,  105, 1.00,    8, 0.000, 0.000, 0.032, 48
update,   5410,  541, 368175, 73.772737, 0.000000
train,    5411, 188.411824,  104, 0.00,    9, 0.000, 0.000, 0.032, 48
train,    5412, 187.320308,   85, 0.00,   11, 0.000, 0.000, 0.032, 48
train,    5413, 117.212644,   91, 1.00,   15, 0.000, 0.000, 0.032, 48
train,    5414, 158.775214,  100, 0.00,   10, 0.000, 0.000, 0.032, 48
train,    5415, 116.967810,  100, 0.00,    9, 0.000, 0.000, 0.032, 48
train,    5416, 257.811320,   95, 0.00,   14, 0.000, 0.000, 0.032, 48
train,    5417, 151.847292,  120, 0.00,   13, 0.000, 0.000, 0.032, 48
train,    5418, 218.384538,   81, 0.00,   13, 0.000, 0.000, 0.032, 48
train,    5419, 230.963532,   75, 0.00,   13, 0.000, 0.000, 0.032, 48
train,    5420, 27.134415,   98, 0.00,   10, 0.000, 0.000, 0.032, 48
update,   5420,  542, 369124, 4.966548, 0.000000
train,    5421, 93.906859,   84, 0.00,    9, 0.000, 0.000, 0.032, 48
train,    5422, 163.831334,   95, 0.00,   14, 0.000, 0.000, 0.032, 48
train,    5423, 171.959764,   48, 1.00,   10, 0.000, 0.000, 0.032, 48
train,    5424, 54.471759,   65, 1.00,   10, 0.000, 0.000, 0.032, 48
train,    5425, 142.614061,  120, 0.00,   11, 0.000, 0.000, 0.032, 48
train,    5426, 246.576121,   93, 0.00,   13, 0.000, 0.000, 0.032, 48
train,    5427, 180.500122,   81, 0.00,   15, 0.000, 0.000, 0.032, 48
train,    5428, 135.509165,   89, 0.00,   13, 0.000, 0.000, 0.032, 48
train,    5429, 2.069413,   50, 1.00,   10, 0.000, 0.000, 0.032, 48
train,    5430, 140.188677,  120, 0.00,   12, 0.000, 0.000, 0.032, 48
update,   5430,  543, 369969, 180.553612, 0.000000
train,    5431, 248.520649,   87, 0.00,   12, 0.000, 0.000, 0.032, 48
train,    5432, 166.628440,   85, 0.00,    9, 0.000, 0.000, 0.032, 48
train,    5433, 212.049104,  101, 0.00,   14, 0.000, 0.000, 0.032, 48
train,    5434, 124.698365,   52, 1.00,   10, 0.000, 0.000, 0.032, 48
train,    5435, 203.508224,  106, 0.00,   15, 0.000, 0.000, 0.032, 48
train,    5436, 225.187983,   77, 0.00,   12, 0.000, 0.000, 0.032, 48
train,    5437, 140.215784,  102, 0.00,   14, 0.000, 0.000, 0.032, 48
train,    5438, 165.459435,   99, 0.00,   12, 0.000, 0.000, 0.032, 48
train,    5439, 190.154186,   97, 0.00,   12, 0.000, 0.000, 0.032, 48
train,    5440, 233.713462,  120, 0.00,   13, 0.000, 0.000, 0.032, 48
update,   5440,  544, 370895, 223.041845, 0.000000
train,    5441, 181.789150,   97, 0.00,   12, 0.000, 0.000, 0.032, 48
train,    5442, 141.067432,   96, 0.00,    8, 0.000, 0.000, 0.032, 48
train,    5443, 200.382476,  100, 0.00,   14, 0.000, 0.000, 0.032, 48
train,    5444, 52.395017,   68, 1.00,   16, 0.000, 0.000, 0.032, 48
train,    5445, 163.037759,  100, 0.00,    9, 0.000, 0.000, 0.032, 48
train,    5446, 160.254732,   90, 1.00,   13, 0.000, 0.000, 0.032, 48
train,    5447, 238.482927,  109, 0.00,   13, 0.000, 0.000, 0.032, 48
train,    5448, 259.060021,  120, 0.00,   10, 0.000, 0.000, 0.032, 48
train,    5449, 179.966462,   88, 1.00,   12, 0.000, 0.000, 0.032, 48
train,    5450, 215.963875,   97, 0.00,   14, 0.000, 0.000, 0.032, 48
update,   5450,  545, 371860, 190.168834, 0.000000
train,    5451, 216.023604,   77, 0.00,   10, 0.000, 0.000, 0.032, 48
train,    5452, 209.636879,  120, 0.00,   14, 0.000, 0.000, 0.032, 48
train,    5453, 183.330921,  103, 0.00,   14, 0.000, 0.000, 0.032, 48
train,    5454, 40.490456,   80, 1.00,    7, 0.000, 0.000, 0.032, 48
train,    5455, 95.341814,   77, 0.00,   11, 0.000, 0.000, 0.032, 48
train,    5456, 241.010508,  120, 0.00,   12, 0.000, 0.000, 0.032, 48
train,    5457, 256.094252,  120, 0.00,   14, 0.000, 0.000, 0.032, 48
train,    5458, 12.387037,   67, 1.00,   11, 0.000, 0.000, 0.032, 48
train,    5459, 214.821522,   94, 0.00,   16, 0.000, 0.000, 0.032, 48
train,    5460, 195.498490,   74, 0.00,   14, 0.000, 0.000, 0.032, 48
update,   5460,  546, 372792, 214.866321, 0.000000
train,    5461, 147.889948,   50, 1.00,   11, 0.000, 0.000, 0.031, 48
train,    5462, 151.666972,   41, 1.00,   15, 0.000, 0.000, 0.031, 48
train,    5463, 169.194691,   86, 0.00,   15, 0.000, 0.000, 0.031, 48
train,    5464, 159.460762,  120, 0.00,   14, 0.000, 0.000, 0.031, 48
train,    5465, 85.298129,   92, 1.00,   13, 0.000, 0.000, 0.031, 48
train,    5466, 123.575235,   94, 0.00,   15, 0.000, 0.000, 0.031, 48
train,    5467, 209.024211,  118, 0.00,   18, 0.000, 0.000, 0.031, 48
train,    5468, 52.023763,   44, 1.00,   10, 0.000, 0.000, 0.031, 48
train,    5469, 169.998154,  105, 0.00,   16, 0.000, 0.000, 0.031, 48
train,    5470, 180.758398,   96, 0.00,   18, 0.000, 0.000, 0.031, 48
update,   5470,  547, 373638, 174.193494, 0.000000
train,    5471, 160.405815,  120, 0.00,   14, 0.000, 0.000, 0.031, 48
train,    5472, 230.397036,   95, 0.00,   15, 0.000, 0.000, 0.031, 48
train,    5473, 152.981633,  120, 0.00,   11, 0.000, 0.000, 0.031, 48
train,    5474, 254.683143,  120, 0.00,   13, 0.000, 0.000, 0.031, 48
train,    5475, 118.496816,  120, 0.00,   12, 0.000, 0.000, 0.031, 48
train,    5476, 162.617076,  120, 0.00,   12, 0.000, 0.000, 0.031, 48
train,    5477, 261.015485,  120, 0.00,   12, 0.000, 0.000, 0.031, 48
train,    5478, 239.199659,  120, 0.00,   15, 0.000, 0.000, 0.031, 48
train,    5479, 71.740680,   61, 1.00,    9, 0.000, 0.000, 0.031, 48
train,    5480, 153.352685,   93, 1.00,   13, 0.000, 0.000, 0.031, 48
update,   5480,  548, 374727, 125.026953, 0.000000
train,    5481, 57.144306,   14, 1.00,    9, 0.000, 0.000, 0.031, 48
train,    5482, 47.078492,   47, 1.00,    9, 0.000, 0.000, 0.031, 48
train,    5483, 195.287840,   96, 0.00,   12, 0.000, 0.000, 0.031, 48
train,    5484, 208.665572,  107, 0.00,   13, 0.000, 0.000, 0.031, 48
train,    5485, 199.394533,  111, 0.00,   13, 0.000, 0.000, 0.031, 48
train,    5486, 251.642846,  112, 0.00,   13, 0.000, 0.000, 0.031, 48
train,    5487, 110.080763,  120, 0.00,   15, 0.000, 0.000, 0.031, 48
train,    5488, 216.195665,   96, 0.00,   13, 0.000, 0.000, 0.031, 48
train,    5489, 180.061309,   88, 0.00,   13, 0.000, 0.000, 0.031, 48
train,    5490, 216.355209,   91, 0.00,   15, 0.000, 0.000, 0.031, 48
update,   5490,  549, 375609, 237.623242, 0.000000
train,    5491, 142.747107,   87, 0.00,    9, 0.000, 0.000, 0.031, 48
train,    5492, 118.866221,   97, 0.00,    9, 0.000, 0.000, 0.031, 48
train,    5493, 178.614388,  113, 0.00,   13, 0.000, 0.000, 0.031, 48
train,    5494, 199.719208,   85, 0.00,   11, 0.000, 0.000, 0.031, 48
train,    5495, 113.814647,   65, 1.00,   10, 0.000, 0.000, 0.031, 48
train,    5496, 215.997295,   87, 0.00,   14, 0.000, 0.000, 0.031, 48
train,    5497, 229.870899,   91, 0.00,   14, 0.000, 0.000, 0.031, 48
train,    5498, 129.482493,   72, 1.00,   10, 0.000, 0.000, 0.031, 48
train,    5499, 203.041621,   62, 0.00,   11, 0.000, 0.000, 0.031, 48
train,    5500, 187.671123,  102, 0.00,    7, 0.000, 0.000, 0.031, 48
update,   5500,  550, 376470, 110.858223, 0.000000
val_t, 5500, 376470, 174.312720, 0.0946,  78.6450,   0.0952, 0.7699,  27.4018, progress 0.8184
train,    5501, -25.000000,   14, 1.00,    9, 0.000, 0.000, 0.031, 48
train,    5502, 270.000000,  120, 0.00,   13, 0.000, 0.000, 0.031, 48
train,    5503, 258.286721,   84, 0.00,   11, 0.000, 0.000, 0.031, 48
train,    5504, 145.039966,  102, 0.00,   14, 0.000, 0.000, 0.031, 48
train,    5505, 247.210678,   97, 0.00,   16, 0.000, 0.000, 0.031, 48
train,    5506, 242.417356,   94, 0.00,   17, 0.000, 0.000, 0.031, 48
train,    5507, 107.604811,   56, 0.00,   13, 0.000, 0.000, 0.031, 48
train,    5508, 100.933447,   46, 1.00,    7, 0.000, 0.000, 0.031, 48
train,    5509, 197.337686,   73, 0.00,    9, 0.000, 0.000, 0.031, 48
train,    5510, 225.776891,  120, 0.00,   11, 0.000, 0.000, 0.031, 48
update,   5510,  551, 377276, 240.000000, 0.000000
train,    5511, 234.001340,   76, 0.00,   12, 0.000, 0.000, 0.031, 48
train,    5512, 232.531809,   74, 0.00,   10, 0.000, 0.000, 0.031, 48
train,    5513, 171.041747,   66, 0.00,   13, 0.000, 0.000, 0.031, 48
train,    5514, 163.177009,   64, 0.00,   12, 0.000, 0.000, 0.031, 48
train,    5515, 224.101133,   90, 0.00,   13, 0.000, 0.000, 0.031, 48
train,    5516, 216.184162,  104, 0.00,   11, 0.000, 0.000, 0.031, 48
train,    5517, 179.962478,   63, 0.00,   12, 0.000, 0.000, 0.031, 48
train,    5518, 135.654997,   80, 0.00,    9, 0.000, 0.000, 0.031, 48
train,    5519, 31.858795,   65, 1.00,   12, 0.000, 0.000, 0.031, 48
train,    5520, 217.849572,   74, 0.00,   13, 0.000, 0.000, 0.031, 48
update,   5520,  552, 378032, 240.000000, 0.000000
train,    5521, 132.009810,   71, 0.00,   10, 0.000, 0.000, 0.031, 48
train,    5522, 170.380850,  103, 0.00,   10, 0.000, 0.000, 0.031, 48
train,    5523, 217.526424,   79, 0.00,   13, 0.000, 0.000, 0.031, 48
train,    5524, 196.988894,  106, 0.00,    9, 0.000, 0.000, 0.031, 48
train,    5525, 122.502333,   56, 0.00,   11, 0.000, 0.000, 0.031, 48
train,    5526, 169.257752,   76, 0.00,   13, 0.000, 0.000, 0.031, 48
train,    5527, 159.408918,   56, 0.00,   15, 0.000, 0.000, 0.031, 48
train,    5528, 163.154558,   82, 0.00,   10, 0.000, 0.000, 0.031, 48
train,    5529, 86.618354,   45, 0.00,   12, 0.000, 0.000, 0.031, 48
train,    5530, 184.433416,   71, 0.00,   14, 0.000, 0.000, 0.031, 48
update,   5530,  553, 378777, 215.805732, 0.000000
train,    5531, 170.529508,   88, 0.00,   12, 0.000, 0.000, 0.031, 48
train,    5532, 207.600301,   56, 0.00,   12, 0.000, 0.000, 0.031, 48
train,    5533, 139.321393,   81, 1.00,   12, 0.000, 0.000, 0.031, 48
train,    5534, 125.265001,   43, 1.00,   13, 0.000, 0.000, 0.031, 48
train,    5535, 267.927528,   73, 0.00,   14, 0.000, 0.000, 0.031, 48
train,    5536, 145.715386,   59, 0.00,   13, 0.000, 0.000, 0.031, 48
train,    5537, 245.225200,   45, 0.00,   12, 0.000, 0.000, 0.031, 48
train,    5538, 128.183475,   69, 0.00,   11, 0.000, 0.000, 0.031, 48
train,    5539, 221.011072,   46, 0.00,   11, 0.000, 0.000, 0.031, 48
train,    5540, 204.661663,   86, 0.00,   12, 0.000, 0.000, 0.031, 48
update,   5540,  554, 379423, 219.727935, 0.000000
train,    5541, 246.831375,   85, 0.00,   17, 0.000, 0.000, 0.031, 48
train,    5542, 224.076152,   54, 0.00,   13, 0.000, 0.000, 0.030, 48
train,    5543, 199.304947,   81, 0.00,   12, 0.000, 0.000, 0.030, 48
train,    5544, 176.377112,   63, 0.00,   10, 0.000, 0.000, 0.030, 48
train,    5545, 211.769393,  108, 0.00,   14, 0.000, 0.000, 0.030, 48
train,    5546, 29.524537,   80, 1.00,    9, 0.000, 0.000, 0.030, 48
train,    5547, 139.182134,  105, 0.00,   12, 0.000, 0.000, 0.030, 48
train,    5548, 114.769733,   57, 0.00,   13, 0.000, 0.000, 0.030, 48
train,    5549, 206.833158,   71, 0.00,    9, 0.000, 0.000, 0.030, 48
train,    5550, 180.201438,   69, 0.00,   15, 0.000, 0.000, 0.030, 48
update,   5550,  555, 380196, 143.715809, 0.000000
train,    5551, 188.079288,   97, 0.00,   12, 0.000, 0.000, 0.030, 48
train,    5552, 219.580832,   72, 0.00,   13, 0.000, 0.000, 0.030, 48
train,    5553, 161.694663,   84, 0.00,   12, 0.000, 0.000, 0.030, 48
train,    5554, 187.834888,   72, 0.00,   15, 0.000, 0.000, 0.030, 48
train,    5555, 180.000000,  105, 1.00,   13, 0.000, 0.000, 0.030, 48
train,    5556, 173.182147,   78, 0.00,   12, 0.000, 0.000, 0.030, 48
train,    5557, 199.724156,   45, 0.00,   16, 0.000, 0.000, 0.030, 48
train,    5558, 230.091500,   98, 0.00,   17, 0.000, 0.000, 0.030, 48
train,    5559, 75.667793,   47, 1.00,    7, 0.000, 0.000, 0.030, 48
train,    5560, 213.392987,   80, 0.00,   11, 0.000, 0.000, 0.030, 48
update,   5560,  556, 380974, 190.135617, 0.000000
train,    5561, 48.796667,   55, 1.00,    9, 0.000, 0.000, 0.030, 48
train,    5562, 227.016658,   86, 0.00,   12, 0.000, 0.000, 0.030, 48
train,    5563, 239.875503,   66, 0.00,   12, 0.000, 0.000, 0.030, 48
train,    5564, 137.893675,   54, 0.00,   11, 0.000, 0.000, 0.030, 48
train,    5565, 191.935854,   73, 0.00,   11, 0.000, 0.000, 0.030, 48
train,    5566, 233.788811,   68, 0.00,   12, 0.000, 0.000, 0.030, 48
train,    5567, 195.109652,  110, 0.00,   11, 0.000, 0.000, 0.030, 48
train,    5568, 252.081184,   60, 0.00,   11, 0.000, 0.000, 0.030, 48
train,    5569, 161.187303,   79, 0.00,   11, 0.000, 0.000, 0.030, 48
train,    5570, 169.992973,   77, 0.00,   14, 0.000, 0.000, 0.030, 48
update,   5570,  557, 381702, 175.992120, 0.000000
train,    5571, 231.312114,   45, 0.00,   14, 0.000, 0.000, 0.030, 48
train,    5572, 210.821500,   45, 0.00,   14, 0.000, 0.000, 0.030, 48
train,    5573, 98.553473,   82, 1.00,    9, 0.000, 0.000, 0.030, 48
train,    5574, 240.869817,   55, 0.00,   12, 0.000, 0.000, 0.030, 48
train,    5575, 67.430839,   36, 1.00,    8, 0.000, 0.000, 0.030, 48
train,    5576, 180.000000,   95, 1.00,   12, 0.000, 0.000, 0.030, 48
train,    5577, 187.809079,   96, 0.00,   10, 0.000, 0.000, 0.030, 48
train,    5578, 232.564111,   88, 0.00,   12, 0.000, 0.000, 0.030, 48
train,    5579, 211.576582,   98, 0.00,   12, 0.000, 0.000, 0.030, 48
train,    5580, 256.565309,   86, 0.00,   14, 0.000, 0.000, 0.030, 48
update,   5580,  558, 382428, 240.000000, 0.000000
train,    5581, 185.629653,   78, 0.00,   18, 0.000, 0.000, 0.030, 48
train,    5582, 254.025661,   90, 0.00,    9, 0.000, 0.000, 0.030, 48
train,    5583, 169.505555,   63, 0.00,   11, 0.000, 0.000, 0.030, 48
train,    5584, 138.963174,   80, 0.00,   11, 0.000, 0.000, 0.030, 48
train,    5585, 32.985177,   54, 1.00,    8, 0.000, 0.000, 0.030, 48
train,    5586, 270.000000,   68, 0.00,   13, 0.000, 0.000, 0.030, 48
train,    5587, 82.017266,   85, 1.00,   13, 0.000, 0.000, 0.030, 48
train,    5588, 270.000000,   81, 0.00,   13, 0.000, 0.000, 0.030, 48
train,    5589, 139.274296,  120, 0.00,   13, 0.000, 0.000, 0.030, 48
train,    5590, 198.011669,   75, 0.00,   15, 0.000, 0.000, 0.030, 48
update,   5590,  559, 383222, 198.939266, 0.000000
train,    5591, 157.415455,   77, 0.00,   16, 0.000, 0.000, 0.030, 48
train,    5592, 158.843921,   52, 0.00,   12, 0.000, 0.000, 0.030, 48
train,    5593, 152.317113,   77, 0.00,   12, 0.000, 0.000, 0.030, 48
train,    5594, 131.458027,   87, 0.00,   13, 0.000, 0.000, 0.030, 48
train,    5595, 261.538114,   87, 0.00,   13, 0.000, 0.000, 0.030, 48
train,    5596, 152.834832,   76, 0.00,   13, 0.000, 0.000, 0.030, 48
train,    5597, 172.356564,   59, 0.00,   14, 0.000, 0.000, 0.030, 48
train,    5598, 89.945104,   44, 1.00,    9, 0.000, 0.000, 0.030, 48
train,    5599, -2.351233,   40, 1.00,   10, 0.000, 0.000, 0.030, 48
train,    5600, 212.938163,   97, 0.00,   11, 0.000, 0.000, 0.030, 48
update,   5600,  560, 383918, 233.705443, 0.000000
val_t, 5600, 383918, 209.155552, 0.1692,  70.7944,   0.1053, 0.7861,  27.5953, progress 0.9176
train,    5601, 241.133295,   53, 0.00,   12, 0.000, 0.000, 0.030, 48
train,    5602, 219.729494,   82, 0.00,   13, 0.000, 0.000, 0.030, 48
train,    5603, 152.507588,   59, 1.00,    8, 0.000, 0.000, 0.030, 48
train,    5604, 162.952101,   60, 0.00,   14, 0.000, 0.000, 0.030, 48
train,    5605, 239.041738,   91, 0.00,   10, 0.000, 0.000, 0.030, 48
train,    5606, 166.170336,   70, 0.00,   15, 0.000, 0.000, 0.030, 48
train,    5607, 203.470567,   85, 0.00,    8, 0.000, 0.000, 0.030, 48
train,    5608, 202.692533,   50, 0.00,   13, 0.000, 0.000, 0.030, 48
train,    5609, 221.297937,   98, 0.00,   10, 0.000, 0.000, 0.030, 48
train,    5610, 257.198173,   45, 0.00,   13, 0.000, 0.000, 0.030, 48
update,   5610,  561, 384611, 240.000000, 0.000000
train,    5611, 243.687664,   96, 0.00,   12, 0.000, 0.000, 0.030, 48
train,    5612, 205.382335,   88, 0.00,   16, 0.000, 0.000, 0.030, 48
train,    5613, 240.048649,   79, 0.00,   16, 0.000, 0.000, 0.030, 48
train,    5614, 269.358287,   58, 0.00,   13, 0.000, 0.000, 0.030, 48
train,    5615, 181.482004,   75, 0.00,   13, 0.000, 0.000, 0.030, 48
train,    5616, 14.362556,   37, 1.00,    8, 0.000, 0.000, 0.030, 48
train,    5617, 183.690252,   80, 0.00,   14, 0.000, 0.000, 0.030, 48
train,    5618, 201.114519,   60, 0.00,   11, 0.000, 0.000, 0.030, 48
train,    5619, 56.566692,   48, 1.00,    8, 0.000, 0.000, 0.030, 48
train,    5620, 148.542272,   60, 0.00,   13, 0.000, 0.000, 0.030, 48
update,   5620,  562, 385292, 110.739933, 0.000000
train,    5621, 47.677290,   22, 1.00,   12, 0.000, 0.000, 0.030, 48
train,    5622, 150.663738,   78, 0.00,   13, 0.000, 0.000, 0.030, 48
train,    5623, 229.976443,   74, 0.00,   11, 0.000, 0.000, 0.030, 48
train,    5624, 164.060120,   80, 0.00,   10, 0.000, 0.000, 0.030, 48
train,    5625, 108.822113,   48, 1.00,   12, 0.000, 0.000, 0.029, 48
train,    5626, 218.785259,   45, 0.00,   13, 0.000, 0.000, 0.029, 48
train,    5627, 242.966490,   96, 0.00,   13, 0.000, 0.000, 0.029, 48
train,    5628, 217.385789,   78, 0.00,   13, 0.000, 0.000, 0.029, 48
train,    5629, 203.904713,   96, 0.00,   10, 0.000, 0.000, 0.029, 48
train,    5630, 180.210683,   45, 0.00,   12, 0.000, 0.000, 0.029, 48
update,   5630,  563, 385954, 174.315769, 0.000000
train,    5631, 111.333475,   74, 1.00,   13, 0.000, 0.000, 0.029, 48
train,    5632, 237.194337,   64, 0.00,   11, 0.000, 0.000, 0.029, 48
train,    5633, 145.097405,   62, 0.00,   14, 0.000, 0.000, 0.029, 48
train,    5634, 87.701016,   76, 0.00,   13, 0.000, 0.000, 0.029, 48
train,    5635, 194.069213,   51, 0.00,   11, 0.000, 0.000, 0.029, 48
train,    5636, 240.493974,   91, 0.00,   13, 0.000, 0.000, 0.029, 48
train,    5637, 160.875708,   90, 0.00,   10, 0.000, 0.000, 0.029, 48
train,    5638, 242.574216,  103, 0.00,   18, 0.000, 0.000, 0.029, 48
train,    5639, 88.156780,   58, 1.00,   10, 0.000, 0.000, 0.029, 48
train,    5640, 246.311009,   67, 0.00,   14, 0.000, 0.000, 0.029, 48
update,   5640,  564, 386690, 227.011719, 0.000000
train,    5641, 119.873046,   66, 1.00,   13, 0.000, 0.000, 0.029, 48
train,    5642, 236.733736,   61, 0.00,   10, 0.000, 0.000, 0.029, 48
train,    5643, 64.874608,   73, 1.00,   13, 0.000, 0.000, 0.029, 48
train,    5644, 234.539799,   92, 0.00,   16, 0.000, 0.000, 0.029, 48
train,    5645, 136.170770,   68, 1.00,   12, 0.000, 0.000, 0.029, 48
train,    5646, 178.495363,   94, 0.00,   10, 0.000, 0.000, 0.029, 48
train,    5647, 184.258973,   72, 0.00,   13, 0.000, 0.000, 0.029, 48
train,    5648, 203.186599,   90, 0.00,   12, 0.000, 0.000, 0.029, 48
train,    5649, 213.146097,   50, 0.00,   14, 0.000, 0.000, 0.029, 48
train,    5650, 165.027593,   89, 0.00,   14, 0.000, 0.000, 0.029, 48
update,   5650,  565, 387445, 179.563519, 0.000000
train,    5651, 129.774433,   71, 1.00,   14, 0.000, 0.000, 0.029, 48
train,    5652, 137.110559,   61, 0.00,   10, 0.000, 0.000, 0.029, 48
train,    5653, 270.000000,  116, 0.00,   14, 0.000, 0.000, 0.029, 48
train,    5654, 225.795017,   72, 0.00,   10, 0.000, 0.000, 0.029, 48
train,    5655, 208.438562,   84, 0.00,   14, 0.000, 0.000, 0.029, 48
train,    5656, 182.713897,   51, 0.00,   16, 0.000, 0.000, 0.029, 48
train,    5657, 200.175888,   78, 0.00,   10, 0.000, 0.000, 0.029, 48
train,    5658, 107.991502,   90, 1.00,   11, 0.000, 0.000, 0.029, 48
train,    5659, 41.450074,   77, 0.00,   13, 0.000, 0.000, 0.029, 48
train,    5660, 188.659842,   90, 0.00,    9, 0.000, 0.000, 0.029, 48
update,   5660,  566, 388235, 153.873042, 0.000000
train,    5661, 181.355320,  108, 0.00,   16, 0.000, 0.000, 0.029, 48
train,    5662, 245.961574,  110, 0.00,   15, 0.000, 0.000, 0.029, 48
train,    5663, 270.000000,  108, 0.00,    8, 0.000, 0.000, 0.029, 48
train,    5664, 125.323408,   96, 0.00,   14, 0.000, 0.000, 0.029, 48
train,    5665, 116.950579,  118, 0.00,   10, 0.000, 0.000, 0.029, 48
train,    5666, 255.092590,  120, 0.00,    9, 0.000, 0.000, 0.029, 48
train,    5667, 242.957228,   98, 0.00,   13, 0.000, 0.000, 0.029, 48
train,    5668, 240.250277,   92, 0.00,   14, 0.000, 0.000, 0.029, 48
train,    5669, 167.660569,  109, 0.00,   11, 0.000, 0.000, 0.029, 48
train,    5670, 109.338759,  120, 0.00,   15, 0.000, 0.000, 0.029, 48
update,   5670,  567, 389314, 127.887298, 0.000000
train,    5671, 247.316199,   63, 0.00,   13, 0.000, 0.000, 0.029, 48
train,    5672, 144.112731,  107, 0.00,   12, 0.000, 0.000, 0.029, 48
train,    5673, 198.220161,  109, 0.00,   14, 0.000, 0.000, 0.029, 48
train,    5674, 261.459149,   72, 0.00,   12, 0.000, 0.000, 0.029, 48
train,    5675, 53.009860,   59, 1.00,    8, 0.000, 0.000, 0.029, 48
train,    5676, 265.400349,  103, 0.00,   18, 0.000, 0.000, 0.029, 48
train,    5677, 172.264888,  111, 0.00,   14, 0.000, 0.000, 0.029, 48
train,    5678, 188.184354,   94, 0.00,   17, 0.000, 0.000, 0.029, 48
train,    5679, 270.000000,   59, 0.00,   15, 0.000, 0.000, 0.029, 48
train,    5680, 115.969817,   88, 1.00,   13, 0.000, 0.000, 0.029, 48
update,   5680,  568, 390179, 169.403742, 0.000000
train,    5681, 192.297722,   89, 0.00,   13, 0.000, 0.000, 0.029, 48
train,    5682, 181.075485,   89, 0.00,   17, 0.000, 0.000, 0.029, 48
train,    5683, 186.962826,   72, 0.00,    9, 0.000, 0.000, 0.029, 48
train,    5684, 207.795127,   99, 0.00,   14, 0.000, 0.000, 0.029, 48
train,    5685, 197.395781,  117, 0.00,   10, 0.000, 0.000, 0.029, 48
train,    5686, 164.417104,   93, 0.00,   10, 0.000, 0.000, 0.029, 48
train,    5687, 263.509659,  115, 0.00,   12, 0.000, 0.000, 0.029, 48
train,    5688, 208.796408,  109, 0.00,   12, 0.000, 0.000, 0.029, 48
train,    5689, 270.000000,  120, 0.00,   15, 0.000, 0.000, 0.029, 48
train,    5690, 230.721955,   87, 0.00,   11, 0.000, 0.000, 0.029, 48
update,   5690,  569, 391169, 240.000000, 0.000000
train,    5691, 89.538798,   61, 1.00,   15, 0.000, 0.000, 0.029, 48
train,    5692, 232.701006,   74, 0.00,   13, 0.000, 0.000, 0.029, 48
train,    5693, 188.723858,   83, 0.00,    7, 0.000, 0.000, 0.029, 48
train,    5694, 230.380247,  120, 0.00,   15, 0.000, 0.000, 0.029, 48
train,    5695, 189.353590,  118, 0.00,   13, 0.000, 0.000, 0.029, 48
train,    5696, 75.891709,   60, 1.00,   12, 0.000, 0.000, 0.029, 48
train,    5697, 155.655335,   99, 0.00,   15, 0.000, 0.000, 0.029, 48
train,    5698, 270.000000,  118, 0.00,   13, 0.000, 0.000, 0.029, 48
train,    5699, 239.471606,  120, 0.00,   10, 0.000, 0.000, 0.029, 48
train,    5700, 270.000000,  120, 0.00,   13, 0.000, 0.000, 0.029, 48
update,   5700,  570, 392142, 240.000000, 0.000000
val_t, 5700, 392142, 212.686467, 0.0747,  73.0993,   0.1531, 0.7994,  27.4651, progress 0.8570
train,    5701, 153.344233,   95, 0.00,   11, 0.000, 0.000, 0.029, 48
train,    5702, 175.863227,  113, 0.00,   12, 0.000, 0.000, 0.029, 48
train,    5703, 235.428074,  120, 0.00,   12, 0.000, 0.000, 0.029, 48
train,    5704, 177.876998,   90, 0.00,    8, 0.000, 0.000, 0.029, 48
train,    5705, 71.003788,   54, 1.00,    9, 0.000, 0.000, 0.029, 48
train,    5706, 176.378566,  120, 0.00,   10, 0.000, 0.000, 0.029, 48
train,    5707, 159.554925,   95, 0.00,   11, 0.000, 0.000, 0.029, 48
train,    5708, 261.445812,  120, 0.00,   13, 0.000, 0.000, 0.029, 48
train,    5709, 270.000000,  120, 0.00,   10, 0.000, 0.000, 0.029, 48
train,    5710, 208.332428,   76, 0.00,   15, 0.000, 0.000, 0.029, 48
update,   5710,  571, 393145, 174.368377, 0.000000
train,    5711, 240.712619,  120, 0.00,   14, 0.000, 0.000, 0.029, 48
train,    5712, 211.335094,  112, 0.00,    6, 0.000, 0.000, 0.028, 48
train,    5713, 219.378043,  111, 0.00,   10, 0.000, 0.000, 0.028, 48
train,    5714, 270.000000,  120, 0.00,   12, 0.000, 0.000, 0.028, 48
train,    5715, 115.581658,   70, 1.00,   12, 0.000, 0.000, 0.028, 48
train,    5716, 236.208011,  120, 0.00,   11, 0.000, 0.000, 0.028, 48
train,    5717, 270.000000,  101, 0.00,   15, 0.000, 0.000, 0.028, 48
train,    5718, 157.755217,  120, 0.00,   11, 0.000, 0.000, 0.028, 48
train,    5719, 193.193967,   83, 0.00,   12, 0.000, 0.000, 0.028, 48
train,    5720, 159.315408,   96, 0.00,   14, 0.000, 0.000, 0.028, 48
update,   5720,  572, 394198, 133.176278, 0.000000
train,    5721, 185.380447,  101, 0.00,   16, 0.000, 0.000, 0.028, 48
train,    5722, 254.598826,   86, 0.00,   10, 0.000, 0.000, 0.028, 48
train,    5723, 116.976629,   75, 0.00,    8, 0.000, 0.000, 0.028, 48
train,    5724, 192.531419,   95, 0.00,   12, 0.000, 0.000, 0.028, 48
train,    5725, 105.346055,  105, 1.00,   12, 0.000, 0.000, 0.028, 48
train,    5726, 137.834190,   98, 0.00,    8, 0.000, 0.000, 0.028, 48
train,    5727, 146.523935,   67, 1.00,   13, 0.000, 0.000, 0.028, 48
train,    5728, 146.424482,   95, 1.00,   17, 0.000, 0.000, 0.028, 48
train,    5729, 185.977236,   78, 0.00,   14, 0.000, 0.000, 0.028, 48
train,    5730, 104.373311,   92, 1.00,   12, 0.000, 0.000, 0.028, 48
update,   5730,  573, 395090, 135.927523, 0.000000
train,    5731, 183.486648,   91, 0.00,   11, 0.000, 0.000, 0.028, 48
train,    5732, 8.349173,   34, 1.00,    7, 0.000, 0.000, 0.028, 48
train,    5733, 207.777910,  102, 0.00,   14, 0.000, 0.000, 0.028, 48
train,    5734, 201.450046,  107, 0.00,   12, 0.000, 0.000, 0.028, 48
train,    5735, 202.165794,   88, 0.00,   12, 0.000, 0.000, 0.028, 48
train,    5736, 155.192938,   95, 0.00,   14, 0.000, 0.000, 0.028, 48
train,    5737, 185.937583,   68, 0.00,   10, 0.000, 0.000, 0.028, 48
train,    5738, 181.114035,   94, 0.00,    8, 0.000, 0.000, 0.028, 48
train,    5739, 132.466854,   58, 1.00,   14, 0.000, 0.000, 0.028, 48
train,    5740, 202.564958,   99, 0.00,   12, 0.000, 0.000, 0.028, 48
update,   5740,  574, 395926, 224.459236, 0.000000
train,    5741, 187.040061,   76, 0.00,   11, 0.000, 0.000, 0.028, 48
train,    5742, 122.560080,   77, 1.00,    9, 0.000, 0.000, 0.028, 48
train,    5743, 259.046031,  104, 0.00,   16, 0.000, 0.000, 0.028, 48
train,    5744, 202.360199,   69, 0.00,   14, 0.000, 0.000, 0.028, 48
train,    5745, 178.241068,   91, 0.00,   12, 0.000, 0.000, 0.028, 48
train,    5746, 270.000000,  119, 0.00,   12, 0.000, 0.000, 0.028, 48
train,    5747, 240.591668,  101, 0.00,   16, 0.000, 0.000, 0.028, 48
train,    5748, 270.000000,   90, 0.00,   13, 0.000, 0.000, 0.028, 48
train,    5749, 225.244843,   87, 0.00,   15, 0.000, 0.000, 0.028, 48
train,    5750, 125.810030,   36, 1.00,   10, 0.000, 0.000, 0.028, 48
update,   5750,  575, 396776, 116.320713, 0.000000
train,    5751, 201.959149,  120, 0.00,   11, 0.000, 0.000, 0.028, 48
train,    5752, 223.198353,   88, 0.00,    5, 0.000, 0.000, 0.028, 48
train,    5753, 199.289940,  120, 0.00,   13, 0.000, 0.000, 0.028, 48
train,    5754, 218.563866,  114, 0.00,   12, 0.000, 0.000, 0.028, 48
train,    5755, 110.460865,   62, 1.00,   13, 0.000, 0.000, 0.028, 48
train,    5756, 235.865764,   91, 0.00,   14, 0.000, 0.000, 0.028, 48
train,    5757, 222.978737,  100, 0.00,   15, 0.000, 0.000, 0.028, 48
train,    5758, 193.043211,  106, 0.00,   10, 0.000, 0.000, 0.028, 48
train,    5759, 270.000000,   78, 0.00,   12, 0.000, 0.000, 0.028, 48
train,    5760, 232.382177,   91, 0.00,   13, 0.000, 0.000, 0.028, 48
update,   5760,  576, 397746, 240.000000, 0.000000
train,    5761, -5.923141,   36, 1.00,    9, 0.000, 0.000, 0.028, 48
train,    5762, 223.742252,  101, 0.00,    8, 0.000, 0.000, 0.028, 48
train,    5763, 234.417262,  120, 0.00,   12, 0.000, 0.000, 0.028, 48
train,    5764, 198.982842,  120, 0.00,   14, 0.000, 0.000, 0.028, 48
train,    5765, 224.845578,   83, 0.00,   18, 0.000, 0.000, 0.028, 48
train,    5766, 191.327803,  119, 0.00,   11, 0.000, 0.000, 0.028, 48
train,    5767, 270.000000,   71, 0.00,   11, 0.000, 0.000, 0.028, 48
train,    5768, 230.680770,  102, 0.00,    9, 0.000, 0.000, 0.028, 48
train,    5769, 240.095403,   76, 0.00,   13, 0.000, 0.000, 0.028, 48
train,    5770, 214.210959,  120, 0.00,   14, 0.000, 0.000, 0.028, 48
update,   5770,  577, 398694, 204.899487, 0.000000
train,    5771, 110.058791,  120, 0.00,   15, 0.000, 0.000, 0.028, 48
train,    5772, 183.398685,  109, 0.00,   10, 0.000, 0.000, 0.028, 48
train,    5773, 221.412105,   85, 0.00,   18, 0.000, 0.000, 0.028, 48
train,    5774, 76.206376,   55, 1.00,   12, 0.000, 0.000, 0.028, 48
train,    5775, 16.252043,   82, 1.00,    9, 0.000, 0.000, 0.028, 48
train,    5776, 70.488676,   88, 1.00,   12, 0.000, 0.000, 0.028, 48
train,    5777, 238.437438,   93, 0.00,   12, 0.000, 0.000, 0.028, 48
train,    5778, 198.124916,   86, 0.00,   11, 0.000, 0.000, 0.028, 48
train,    5779, 149.147498,   67, 0.00,   15, 0.000, 0.000, 0.028, 48
train,    5780, 237.075375,  106, 0.00,   11, 0.000, 0.000, 0.028, 48
update,   5780,  578, 399585, 228.506492, 0.000000
train,    5781, 231.684198,  119, 0.00,   10, 0.000, 0.000, 0.028, 48
train,    5782, 131.223636,   81, 0.00,   13, 0.000, 0.000, 0.028, 48
train,    5783, 143.983816,  115, 0.00,   12, 0.000, 0.000, 0.028, 48
train,    5784, 173.204293,   88, 0.00,   16, 0.000, 0.000, 0.028, 48
train,    5785, 133.128313,   59, 1.00,   13, 0.000, 0.000, 0.028, 48
train,    5786, 270.000000,   93, 0.00,   12, 0.000, 0.000, 0.028, 48
train,    5787, 63.185012,  120, 0.00,    9, 0.000, 0.000, 0.028, 48
train,    5788, 240.012209,   98, 0.00,   16, 0.000, 0.000, 0.028, 48
train,    5789, 183.193391,  103, 0.00,   13, 0.000, 0.000, 0.028, 48
train,    5790, 165.281496,   93, 0.00,   12, 0.000, 0.000, 0.028, 48
update,   5790,  579, 400554, 125.727866, 0.000000
train,    5791, 48.320463,   26, 1.00,    8, 0.000, 0.000, 0.028, 48
train,    5792, 64.605324,   60, 1.00,   12, 0.000, 0.000, 0.028, 48
train,    5793, 69.948363,   48, 1.00,    6, 0.000, 0.000, 0.028, 48
train,    5794, 148.850728,   54, 0.00,   10, 0.000, 0.000, 0.028, 48
train,    5795, 147.749006,   78, 1.00,    9, 0.000, 0.000, 0.028, 48
train,    5796, 183.890572,  107, 0.00,   13, 0.000, 0.000, 0.028, 48
train,    5797, 157.511739,  117, 0.00,   15, 0.000, 0.000, 0.028, 48
train,    5798, 231.813293,  105, 0.00,   12, 0.000, 0.000, 0.028, 48
train,    5799, 180.000000,   93, 1.00,   13, 0.000, 0.000, 0.028, 48
train,    5800, 78.301405,  100, 1.00,   13, 0.000, 0.000, 0.028, 48
update,   5800,  580, 401342, 32.328806, 0.000000
val_t, 5800, 401342, 197.659316, 0.1810,  79.8106,   0.1219, 0.8888,  27.3698, progress 0.7879
train,    5801, 100.740693,   61, 1.00,   10, 0.000, 0.000, 0.027, 48
train,    5802, 13.960698,   30, 1.00,    8, 0.000, 0.000, 0.027, 48
train,    5803, 214.063822,  120, 0.00,   11, 0.000, 0.000, 0.027, 48
train,    5804, 262.219843,   96, 0.00,   12, 0.000, 0.000, 0.027, 48
train,    5805, 169.708026,   69, 0.00,    9, 0.000, 0.000, 0.027, 48
train,    5806, 208.609892,   87, 0.00,   14, 0.000, 0.000, 0.027, 48
train,    5807, 147.086217,  102, 0.00,   14, 0.000, 0.000, 0.027, 48
train,    5808, 201.292214,   90, 0.00,   13, 0.000, 0.000, 0.027, 48
train,    5809, 230.935008,   89, 0.00,   12, 0.000, 0.000, 0.027, 48
train,    5810, 178.616533,   93, 0.00,   13, 0.000, 0.000, 0.027, 48
update,   5810,  581, 402179, 240.000000, 0.000000
train,    5811, 123.922106,   67, 1.00,   11, 0.000, 0.000, 0.027, 48
train,    5812, 146.767779,   98, 1.00,   14, 0.000, 0.000, 0.027, 48
train,    5813, 163.491479,   76, 0.00,   13, 0.000, 0.000, 0.027, 48
train,    5814, 270.000000,   98, 0.00,   11, 0.000, 0.000, 0.027, 48
train,    5815, 117.005048,   74, 0.00,    5, 0.000, 0.000, 0.027, 48
train,    5816, 105.533264,   29, 1.00,    5, 0.000, 0.000, 0.027, 48
train,    5817, 147.784900,   65, 1.00,   11, 0.000, 0.000, 0.027, 48
train,    5818, 187.870319,  103, 0.00,   14, 0.000, 0.000, 0.027, 48
train,    5819, 270.000000,   68, 0.00,   13, 0.000, 0.000, 0.027, 48
train,    5820, 270.000000,   81, 0.00,   12, 0.000, 0.000, 0.027, 48
update,   5820,  582, 402938, 240.000000, 0.000000
train,    5821, 258.345766,   99, 0.00,    9, 0.000, 0.000, 0.027, 48
train,    5822, 202.073270,   84, 0.00,   14, 0.000, 0.000, 0.027, 48
train,    5823, 215.904229,   63, 0.00,   13, 0.000, 0.000, 0.027, 48
train,    5824, 157.494779,   45, 0.00,   11, 0.000, 0.000, 0.027, 48
train,    5825, 176.738341,   97, 0.00,   10, 0.000, 0.000, 0.027, 48
train,    5826, 154.140363,   81, 1.00,   13, 0.000, 0.000, 0.027, 48
train,    5827, 241.108612,   60, 0.00,   15, 0.000, 0.000, 0.027, 48
train,    5828, 233.815505,   67, 0.00,   12, 0.000, 0.000, 0.027, 48
train,    5829, 148.663344,   77, 0.00,   11, 0.000, 0.000, 0.027, 48
train,    5830, 153.991169,   57, 0.00,   13, 0.000, 0.000, 0.027, 48
update,   5830,  583, 403668, 115.908832, 0.000000
train,    5831, 235.159779,   57, 0.00,   14, 0.000, 0.000, 0.027, 48
train,    5832, 218.069988,  108, 0.00,    9, 0.000, 0.000, 0.027, 48
train,    5833, 172.647140,   76, 0.00,   12, 0.000, 0.000, 0.027, 48
train,    5834, 220.169213,   65, 0.00,   17, 0.000, 0.000, 0.027, 48
train,    5835, 270.000000,   45, 0.00,   12, 0.000, 0.000, 0.027, 48
train,    5836, 148.213789,   69, 0.00,   12, 0.000, 0.000, 0.027, 48
train,    5837, 270.000000,   45, 0.00,   14, 0.000, 0.000, 0.027, 48
train,    5838, 133.517183,   73, 0.00,   11, 0.000, 0.000, 0.027, 48
train,    5839, 222.572347,   67, 0.00,   14, 0.000, 0.000, 0.027, 48
train,    5840, 189.954405,   89, 0.00,   11, 0.000, 0.000, 0.027, 48
update,   5840,  584, 404362, 214.118436, 0.000000
train,    5841, 186.788091,   81, 0.00,   12, 0.000, 0.000, 0.027, 48
train,    5842, 195.811244,   49, 0.00,   12, 0.000, 0.000, 0.027, 48
train,    5843, 174.998786,   45, 0.00,   12, 0.000, 0.000, 0.027, 48
train,    5844, 179.285709,   46, 0.00,   16, 0.000, 0.000, 0.027, 48
train,    5845, 140.015622,   48, 1.00,   10, 0.000, 0.000, 0.027, 48
train,    5846, 162.583770,   87, 0.00,   11, 0.000, 0.000, 0.027, 48
train,    5847, 94.464990,   51, 1.00,    9, 0.000, 0.000, 0.027, 48
train,    5848, 165.751554,   80, 1.00,   11, 0.000, 0.000, 0.027, 48
train,    5849, 251.669202,   82, 0.00,   16, 0.000, 0.000, 0.027, 48
train,    5850, 197.340739,   48, 0.00,   15, 0.000, 0.000, 0.027, 48
update,   5850,  585, 404979, 152.941002, 0.000000
train,    5851, 208.922041,   45, 0.00,   10, 0.000, 0.000, 0.027, 48
train,    5852, 147.428964,   50, 0.00,   14, 0.000, 0.000, 0.027, 48
train,    5853, 237.851520,   45, 0.00,   14, 0.000, 0.000, 0.027, 48
train,    5854, 200.560911,   54, 0.00,   10, 0.000, 0.000, 0.027, 48
train,    5855, 178.203443,   52, 0.00,   10, 0.000, 0.000, 0.027, 48
train,    5856, 239.846827,   66, 0.00,   18, 0.000, 0.000, 0.027, 48
train,    5857, 252.219418,   61, 0.00,   11, 0.000, 0.000, 0.027, 48
train,    5858, 185.950565,   69, 0.00,   18, 0.000, 0.000, 0.027, 48
train,    5859, 242.849972,   45, 0.00,   11, 0.000, 0.000, 0.027, 48
train,    5860, 196.056019,   70, 0.00,    8, 0.000, 0.000, 0.027, 48
update,   5860,  586, 405536, 218.446659, 0.000000
train,    5861, 100.333237,   97, 1.00,   15, 0.000, 0.000, 0.027, 48
train,    5862, 207.118776,   45, 0.00,   10, 0.000, 0.000, 0.027, 48
train,    5863, 143.923084,   51, 0.00,   14, 0.000, 0.000, 0.027, 48
train,    5864, 166.418101,   62, 1.00,   13, 0.000, 0.000, 0.027, 48
train,    5865, 216.728699,   74, 0.00,   12, 0.000, 0.000, 0.027, 48
train,    5866, 105.732777,   72, 1.00,   14, 0.000, 0.000, 0.027, 48
train,    5867, 183.370191,   72, 0.00,   14, 0.000, 0.000, 0.027, 48
train,    5868, 183.295797,   45, 0.00,   16, 0.000, 0.000, 0.027, 48
train,    5869, 211.559761,   52, 0.00,    7, 0.000, 0.000, 0.027, 48
train,    5870, 176.518806,   64, 0.00,   11, 0.000, 0.000, 0.027, 48
update,   5870,  587, 406170, 195.943294, 0.000000
train,    5871, 179.390664,   45, 0.00,   15, 0.000, 0.000, 0.027, 48
train,    5872, 213.675617,   50, 0.00,   12, 0.000, 0.000, 0.027, 48
train,    5873, 223.127646,   91, 0.00,   13, 0.000, 0.000, 0.027, 48
train,    5874, 202.144601,   74, 0.00,   14, 0.000, 0.000, 0.027, 48
train,    5875, 220.587180,   89, 0.00,   14, 0.000, 0.000, 0.027, 48
train,    5876, 150.244795,   92, 0.00,   11, 0.000, 0.000, 0.027, 48
train,    5877, 209.298423,   74, 0.00,   12, 0.000, 0.000, 0.027, 48
train,    5878, 154.648716,   50, 0.00,   15, 0.000, 0.000, 0.027, 48
train,    5879, 221.408084,  114, 0.00,   19, 0.000, 0.000, 0.027, 48
train,    5880, 265.399444,   45, 0.00,   19, 0.000, 0.000, 0.027, 48
update,   5880,  588, 406894, 240.000000, 0.000000
train,    5881, 177.084784,   73, 0.00,   10, 0.000, 0.000, 0.027, 48
train,    5882, 223.025281,  100, 0.00,   12, 0.000, 0.000, 0.027, 48
train,    5883, 226.937625,   75, 0.00,   16, 0.000, 0.000, 0.027, 48
train,    5884, 237.160426,   56, 0.00,   12, 0.000, 0.000, 0.027, 48
train,    5885, 117.845584,   73, 1.00,    9, 0.000, 0.000, 0.027, 48
train,    5886, 120.252714,   74, 0.00,   10, 0.000, 0.000, 0.027, 48
train,    5887, 252.267204,   85, 0.00,   15, 0.000, 0.000, 0.027, 48
train,    5888, 197.990480,   74, 0.00,   10, 0.000, 0.000, 0.027, 48
train,    5889, 88.219035,   59, 1.00,   15, 0.000, 0.000, 0.027, 48
train,    5890, 124.556974,   40, 1.00,    9, 0.000, 0.000, 0.027, 48
update,   5890,  589, 407603, 78.196531, 0.000000
train,    5891, 217.062668,   58, 0.00,   13, 0.000, 0.000, 0.027, 48
train,    5892, 184.629949,   80, 0.00,   16, 0.000, 0.000, 0.027, 48
train,    5893, 253.006024,  119, 0.00,   14, 0.000, 0.000, 0.026, 48
train,    5894, 239.689716,  100, 0.00,   14, 0.000, 0.000, 0.026, 48
train,    5895, 148.809438,  115, 0.00,    8, 0.000, 0.000, 0.026, 48
train,    5896, 188.322212,   45, 0.00,   12, 0.000, 0.000, 0.026, 48
train,    5897, 204.421790,   99, 0.00,   14, 0.000, 0.000, 0.026, 48
train,    5898, -19.164656,   48, 1.00,    8, 0.000, 0.000, 0.026, 48
train,    5899, 155.061602,  105, 0.00,    5, 0.000, 0.000, 0.026, 48
train,    5900, 135.083919,  114, 0.00,   14, 0.000, 0.000, 0.026, 48
update,   5900,  590, 408486, 129.541482, 0.000000
val_t, 5900, 408486, 203.662116, 0.1676,  87.9564,   0.0923, 0.8012,  28.1472, progress 0.8975
train,    5901, 270.000000,  102, 0.00,   14, 0.000, 0.000, 0.026, 48
train,    5902, 42.027613,   38, 1.00,    6, 0.000, 0.000, 0.026, 48
train,    5903, 226.541734,   95, 0.00,   15, 0.000, 0.000, 0.026, 48
train,    5904, 103.370513,   62, 0.00,   12, 0.000, 0.000, 0.026, 48
train,    5905, 232.217228,   96, 0.00,   13, 0.000, 0.000, 0.026, 48
train,    5906, 205.764663,  120, 0.00,   11, 0.000, 0.000, 0.026, 48
train,    5907, 158.731359,   45, 0.00,   12, 0.000, 0.000, 0.026, 48
train,    5908, 175.088084,   99, 0.00,   12, 0.000, 0.000, 0.026, 48
train,    5909, 71.909331,   61, 1.00,    9, 0.000, 0.000, 0.026, 48
train,    5910, 235.957955,  114, 0.00,   14, 0.000, 0.000, 0.026, 48
update,   5910,  591, 409318, 240.000000, 0.000000
train,    5911, 216.802321,   93, 0.00,   13, 0.000, 0.000, 0.026, 48
train,    5912, 270.000000,   67, 0.00,   15, 0.000, 0.000, 0.026, 48
train,    5913, 149.249320,   64, 1.00,   10, 0.000, 0.000, 0.026, 48
train,    5914, 188.557029,   83, 0.00,   13, 0.000, 0.000, 0.026, 48
train,    5915, 192.342867,   78, 0.00,   11, 0.000, 0.000, 0.026, 48
train,    5916, 150.962239,   74, 0.00,   11, 0.000, 0.000, 0.026, 48
train,    5917, 146.590804,   83, 1.00,   13, 0.000, 0.000, 0.026, 48
train,    5918, 253.150956,  100, 0.00,   15, 0.000, 0.000, 0.026, 48
train,    5919, 214.915847,  110, 0.00,   14, 0.000, 0.000, 0.026, 48
train,    5920, 96.466454,   45, 1.00,    8, 0.000, 0.000, 0.026, 48
update,   5920,  592, 410115, 135.997971, 0.000000
train,    5921, 50.959371,   55, 1.00,    9, 0.000, 0.000, 0.026, 48
train,    5922, 188.788031,   78, 0.00,   13, 0.000, 0.000, 0.026, 48
train,    5923, 194.392960,   67, 0.00,   14, 0.000, 0.000, 0.026, 48
train,    5924, 79.826948,   42, 1.00,    9, 0.000, 0.000, 0.026, 48
train,    5925, 189.897142,   84, 0.00,   17, 0.000, 0.000, 0.026, 48
train,    5926, 50.449812,   64, 1.00,    9, 0.000, 0.000, 0.026, 48
train,    5927, 188.142564,   94, 0.00,   15, 0.000, 0.000, 0.026, 48
train,    5928, 249.260342,   88, 0.00,   17, 0.000, 0.000, 0.026, 48
train,    5929, 194.035444,   95, 0.00,   13, 0.000, 0.000, 0.026, 48
train,    5930, 247.100071,   87, 0.00,   12, 0.000, 0.000, 0.026, 48
update,   5930,  593, 410869, 228.853952, 0.000000
train,    5931, 104.509396,   91, 0.00,   13, 0.000, 0.000, 0.026, 48
train,    5932, 228.410855,   75, 0.00,   11, 0.000, 0.000, 0.026, 48
train,    5933, 207.747393,   48, 0.00,   11, 0.000, 0.000, 0.026, 48
train,    5934, 223.352960,   99, 0.00,   14, 0.000, 0.000, 0.026, 48
train,    5935, 197.856795,  106, 0.00,   15, 0.000, 0.000, 0.026, 48
train,    5936, 270.000000,   54, 0.00,   14, 0.000, 0.000, 0.026, 48
train,    5937, 176.540698,  109, 0.00,   14, 0.000, 0.000, 0.026, 48
train,    5938, 266.490901,   89, 0.00,   15, 0.000, 0.000, 0.026, 48
train,    5939, 102.274105,   70, 1.00,   10, 0.000, 0.000, 0.026, 48
train,    5940, 80.038286,   51, 1.00,    9, 0.000, 0.000, 0.026, 48
update,   5940,  594, 411661, 55.669243, 0.000000
train,    5941, 128.965397,   89, 0.00,   10, 0.000, 0.000, 0.026, 48
train,    5942, 221.165270,   51, 0.00,   12, 0.000, 0.000, 0.026, 48
train,    5943, 270.000000,   93, 0.00,   14, 0.000, 0.000, 0.026, 48
train,    5944, 110.192845,   46, 1.00,   13, 0.000, 0.000, 0.026, 48
train,    5945, 127.260094,   53, 0.00,   11, 0.000, 0.000, 0.026, 48
train,    5946, 193.098478,   65, 0.00,   14, 0.000, 0.000, 0.026, 48
train,    5947, 156.806642,  100, 0.00,   10, 0.000, 0.000, 0.026, 48
train,    5948, 137.580272,   65, 1.00,   12, 0.000, 0.000, 0.026, 48
train,    5949, 235.954939,   45, 0.00,   12, 0.000, 0.000, 0.026, 48
train,    5950, 195.069584,   90, 0.00,   12, 0.000, 0.000, 0.026, 48
update,   5950,  595, 412358, 205.592029, 0.000000
train,    5951, 152.517882,   98, 0.00,   14, 0.000, 0.000, 0.026, 48
train,    5952, 181.360321,   97, 0.00,   11, 0.000, 0.000, 0.026, 48
train,    5953, 270.000000,   76, 0.00,   14, 0.000, 0.000, 0.026, 48
train,    5954, 235.767332,  120, 0.00,   14, 0.000, 0.000, 0.026, 48
train,    5955, 139.197547,   95, 0.00,    8, 0.000, 0.000, 0.026, 48
train,    5956, 144.894461,   65, 0.00,   16, 0.000, 0.000, 0.026, 48
train,    5957, 218.275886,   99, 0.00,   12, 0.000, 0.000, 0.026, 48
train,    5958, 125.082809,   79, 0.00,   12, 0.000, 0.000, 0.026, 48
train,    5959, 154.700131,   78, 0.00,   11, 0.000, 0.000, 0.026, 48
train,    5960, 223.853359,  114, 0.00,   16, 0.000, 0.000, 0.026, 48
update,   5960,  596, 413279, 240.000000, 0.000000
train,    5961, 270.000000,   90, 0.00,   13, 0.000, 0.000, 0.026, 48
train,    5962, 83.132083,   41, 1.00,    8, 0.000, 0.000, 0.026, 48
train,    5963, 261.098880,   99, 0.00,   13, 0.000, 0.000, 0.026, 48
train,    5964, 264.575567,   93, 0.00,   10, 0.000, 0.000, 0.026, 48
train,    5965, 180.000000,  105, 1.00,   12, 0.000, 0.000, 0.026, 48
train,    5966, 270.000000,   85, 0.00,   18, 0.000, 0.000, 0.026, 48
train,    5967, 254.348422,   78, 0.00,    6, 0.000, 0.000, 0.026, 48
train,    5968, 270.000000,   94, 0.00,   14, 0.000, 0.000, 0.026, 48
train,    5969, 225.930187,   63, 0.00,   12, 0.000, 0.000, 0.026, 48
train,    5970, 41.799196,   63, 1.00,    9, 0.000, 0.000, 0.026, 48
update,   5970,  597, 414090, 4.637391, 0.000000
train,    5971, 152.722612,   89, 0.00,    9, 0.000, 0.000, 0.026, 48
train,    5972, 28.220100,   56, 1.00,   10, 0.000, 0.000, 0.026, 48
train,    5973, 270.000000,  105, 0.00,   11, 0.000, 0.000, 0.026, 48
train,    5974, 99.215527,   70, 1.00,    9, 0.000, 0.000, 0.026, 48
train,    5975, 186.701834,  103, 0.00,    9, 0.000, 0.000, 0.026, 48
train,    5976, 198.225197,  104, 0.00,    6, 0.000, 0.000, 0.026, 48
train,    5977, 251.153654,  117, 0.00,   16, 0.000, 0.000, 0.026, 48
train,    5978, 255.309958,   84, 0.00,   14, 0.000, 0.000, 0.026, 48
train,    5979, 134.755691,   94, 1.00,   11, 0.000, 0.000, 0.026, 48
train,    5980, 160.559510,   99, 1.00,   10, 0.000, 0.000, 0.026, 48
update,   5980,  598, 415011, 157.180764, 0.000000
train,    5981, 174.435259,  103, 1.00,   13, 0.000, 0.000, 0.026, 48
train,    5982, 126.527919,  108, 0.00,   12, 0.000, 0.000, 0.026, 48
train,    5983, 210.493616,   90, 0.00,   15, 0.000, 0.000, 0.026, 48
train,    5984, 231.942778,  101, 0.00,   13, 0.000, 0.000, 0.026, 48
train,    5985, 195.625311,   89, 0.00,   15, 0.000, 0.000, 0.026, 48
train,    5986, 207.821736,   77, 0.00,   14, 0.000, 0.000, 0.026, 48
train,    5987, 164.126199,  111, 0.00,   12, 0.000, 0.000, 0.026, 48
train,    5988, 216.299599,  118, 0.00,   15, 0.000, 0.000, 0.026, 48
train,    5989, 237.547876,  104, 0.00,   13, 0.000, 0.000, 0.026, 48
train,    5990, 109.606384,   71, 1.00,   11, 0.000, 0.000, 0.025, 48
update,   5990,  599, 415983, 129.170889, 0.000000
train,    5991, 261.765981,  105, 0.00,   12, 0.000, 0.000, 0.025, 48
train,    5992, 251.158772,  105, 0.00,   17, 0.000, 0.000, 0.025, 48
train,    5993, 217.132272,   87, 0.00,   15, 0.000, 0.000, 0.025, 48
train,    5994, 216.030128,  120, 0.00,   12, 0.000, 0.000, 0.025, 48
train,    5995, 220.295408,   91, 0.00,   17, 0.000, 0.000, 0.025, 48
train,    5996, 270.000000,   60, 0.00,   13, 0.000, 0.000, 0.025, 48
train,    5997, 168.319023,   98, 0.00,   13, 0.000, 0.000, 0.025, 48
train,    5998, 129.135861,  104, 0.00,   13, 0.000, 0.000, 0.025, 48
train,    5999, 236.500802,   77, 0.00,   13, 0.000, 0.000, 0.025, 48
train,    6000, 234.854080,   79, 0.00,   14, 0.000, 0.000, 0.025, 48
update,   6000,  600, 416909, 225.188987, 0.000000
val_t, 6000, 416909, 202.671565, 0.0996,  77.5400,   0.1024, 0.8079,  27.6931, progress 0.9617
train,    6001, 206.508930,  103, 0.00,   14, 0.000, 0.000, 0.025, 48
train,    6002, 180.000000,  105, 1.00,   12, 0.000, 0.000, 0.025, 48
train,    6003, 131.309278,   70, 1.00,    9, 0.000, 0.000, 0.025, 48
train,    6004, 239.972660,  107, 0.00,   10, 0.000, 0.000, 0.025, 48
train,    6005, 128.462975,  115, 0.00,   12, 0.000, 0.000, 0.025, 48
train,    6006, 225.408962,  110, 0.00,   16, 0.000, 0.000, 0.025, 48
train,    6007, 201.807463,  119, 0.00,   15, 0.000, 0.000, 0.025, 48
train,    6008, 237.285218,  107, 0.00,   14, 0.000, 0.000, 0.025, 48
train,    6009, 212.593540,  120, 0.00,   11, 0.000, 0.000, 0.025, 48
train,    6010, 219.873207,  109, 0.00,   16, 0.000, 0.000, 0.025, 48
update,   6010,  601, 417974, 198.911993, 0.000000
train,    6011, 181.301692,   86, 0.00,   15, 0.000, 0.000, 0.025, 48
train,    6012, 270.000000,  111, 0.00,   11, 0.000, 0.000, 0.025, 48
train,    6013, 267.810824,   96, 0.00,   13, 0.000, 0.000, 0.025, 48
train,    6014, 63.391279,   57, 1.00,   10, 0.000, 0.000, 0.025, 48
train,    6015, 209.779129,  117, 0.00,   12, 0.000, 0.000, 0.025, 48
train,    6016, 103.837311,   88, 0.00,   11, 0.000, 0.000, 0.025, 48
train,    6017, 177.430679,  120, 0.00,   11, 0.000, 0.000, 0.025, 48
train,    6018, 136.846580,  120, 0.00,   10, 0.000, 0.000, 0.025, 48
train,    6019, 254.887870,  120, 0.00,   12, 0.000, 0.000, 0.025, 48
train,    6020, 270.000000,  118, 0.00,    9, 0.000, 0.000, 0.025, 48
update,   6020,  602, 419007, 240.000000, 0.000000
train,    6021, 142.930041,  120, 0.00,    8, 0.000, 0.000, 0.025, 48
train,    6022, 146.575673,  105, 0.00,   11, 0.000, 0.000, 0.025, 48
train,    6023, 244.252961,  120, 0.00,   10, 0.000, 0.000, 0.025, 48
train,    6024, 124.021440,  111, 0.00,   11, 0.000, 0.000, 0.025, 48
train,    6025, 212.903443,  118, 0.00,   12, 0.000, 0.000, 0.025, 48
train,    6026, 162.968252,   91, 0.00,   13, 0.000, 0.000, 0.025, 48
train,    6027, 216.485808,  113, 0.00,   14, 0.000, 0.000, 0.025, 48
train,    6028, 136.954398,   93, 0.00,    9, 0.000, 0.000, 0.025, 48
train,    6029, 181.482634,  120, 0.00,   13, 0.000, 0.000, 0.025, 48
train,    6030, 249.628739,   93, 0.00,   11, 0.000, 0.000, 0.025, 48
update,   6030,  603, 420091, 239.301967, 0.000000
train,    6031, 202.752670,  120, 0.00,   14, 0.000, 0.000, 0.025, 48
train,    6032, 159.961460,   81, 0.00,   12, 0.000, 0.000, 0.025, 48
train,    6033, 171.268958,  118, 0.00,   13, 0.000, 0.000, 0.025, 48
train,    6034, 189.407728,   83, 0.00,   12, 0.000, 0.000, 0.025, 48
train,    6035, 270.000000,  108, 0.00,   13, 0.000, 0.000, 0.025, 48
train,    6036, 108.020076,   48, 1.00,   12, 0.000, 0.000, 0.025, 48
train,    6037, 217.042507,  120, 0.00,   15, 0.000, 0.000, 0.025, 48
train,    6038, 244.730295,   99, 0.00,   14, 0.000, 0.000, 0.025, 48
train,    6039, 128.527143,   81, 1.00,   11, 0.000, 0.000, 0.025, 48
train,    6040, 126.219961,   97, 1.00,   14, 0.000, 0.000, 0.025, 48
update,   6040,  604, 421046, 113.632223, 0.000000
train,    6041, 132.572055,   83, 0.00,   13, 0.000, 0.000, 0.025, 48
train,    6042, 121.231960,   81, 1.00,   12, 0.000, 0.000, 0.025, 48
train,    6043, 173.532587,  100, 0.00,   13, 0.000, 0.000, 0.025, 48
train,    6044, 209.830877,   88, 0.00,   12, 0.000, 0.000, 0.025, 48
train,    6045, 161.333668,  116, 0.00,   14, 0.000, 0.000, 0.025, 48
train,    6046, 97.083767,   68, 1.00,   14, 0.000, 0.000, 0.025, 48
train,    6047, 153.212677,  120, 0.00,   14, 0.000, 0.000, 0.025, 48
train,    6048, 268.236285,   80, 0.00,   18, 0.000, 0.000, 0.025, 48
train,    6049, 122.363078,  117, 0.00,    7, 0.000, 0.000, 0.025, 48
train,    6050, 121.053756,   65, 1.00,   12, 0.000, 0.000, 0.025, 48
update,   6050,  605, 421964, 137.395678, 0.000000
train,    6051, 137.457503,   69, 0.00,   10, 0.000, 0.000, 0.025, 48
train,    6052, 225.265392,  100, 0.00,   14, 0.000, 0.000, 0.025, 48
train,    6053, 90.613939,   61, 1.00,   12, 0.000, 0.000, 0.025, 48
train,    6054, 92.961958,   79, 1.00,    8, 0.000, 0.000, 0.025, 48
train,    6055, 202.926329,   73, 0.00,   12, 0.000, 0.000, 0.025, 48
train,    6056, 266.351623,   91, 0.00,   15, 0.000, 0.000, 0.025, 48
train,    6057, 266.922741,  101, 0.00,   14, 0.000, 0.000, 0.025, 48
train,    6058, 195.652456,   60, 0.00,   16, 0.000, 0.000, 0.025, 48
train,    6059, 213.791261,   95, 0.00,   12, 0.000, 0.000, 0.025, 48
train,    6060, 230.671566,   93, 0.00,   12, 0.000, 0.000, 0.025, 48
update,   6060,  606, 422786, 186.850250, 0.000000
train,    6061, 211.322923,   72, 0.00,   11, 0.000, 0.000, 0.025, 48
train,    6062, 79.894283,   53, 1.00,    7, 0.000, 0.000, 0.025, 48
train,    6063, 214.197970,   73, 0.00,   13, 0.000, 0.000, 0.025, 48
train,    6064, 180.650021,   97, 0.00,   10, 0.000, 0.000, 0.025, 48
train,    6065, 125.761002,   78, 1.00,    8, 0.000, 0.000, 0.025, 48
train,    6066, 219.971737,   68, 0.00,   12, 0.000, 0.000, 0.025, 48
train,    6067, 208.767088,   78, 0.00,   14, 0.000, 0.000, 0.025, 48
train,    6068, 180.678236,   61, 0.00,   13, 0.000, 0.000, 0.025, 48
train,    6069, 201.131278,   99, 0.00,   14, 0.000, 0.000, 0.025, 48
train,    6070, 184.210316,   69, 0.00,   13, 0.000, 0.000, 0.025, 48
update,   6070,  607, 423534, 165.991799, 0.000000
train,    6071, 78.371513,   43, 1.00,    9, 0.000, 0.000, 0.025, 48
train,    6072, 203.316671,   86, 0.00,   17, 0.000, 0.000, 0.025, 48
train,    6073, 270.000000,   69, 0.00,   14, 0.000, 0.000, 0.025, 48
train,    6074, 167.165221,   98, 0.00,   12, 0.000, 0.000, 0.025, 48
train,    6075, 175.528645,   74, 0.00,   11, 0.000, 0.000, 0.025, 48
train,    6076, 163.652298,   50, 1.00,   15, 0.000, 0.000, 0.025, 48
train,    6077, 55.870383,   35, 1.00,   10, 0.000, 0.000, 0.025, 48
train,    6078, 190.321805,  103, 0.00,    8, 0.000, 0.000, 0.025, 48
train,    6079, 251.884576,   98, 0.00,   17, 0.000, 0.000, 0.025, 48
train,    6080, 190.149431,   85, 0.00,   14, 0.000, 0.000, 0.025, 48
update,   6080,  608, 424275, 176.590533, 0.000000
train,    6081, 4.262881,   28, 1.00,    9, 0.000, 0.000, 0.025, 48
train,    6082, 231.172072,   71, 0.00,   14, 0.000, 0.000, 0.025, 48
train,    6083, 211.643000,   60, 0.00,   10, 0.000, 0.000, 0.025, 48
train,    6084, 221.022347,   95, 0.00,   13, 0.000, 0.000, 0.025, 48
train,    6085, 270.000000,  111, 0.00,   12, 0.000, 0.000, 0.025, 48
train,    6086, 88.782527,  100, 1.00,   14, 0.000, 0.000, 0.025, 48
train,    6087, 243.844827,   88, 0.00,   15, 0.000, 0.000, 0.025, 48
train,    6088, 193.562521,  109, 0.00,   10, 0.000, 0.000, 0.025, 48
train,    6089, 77.513158,   79, 1.00,    9, 0.000, 0.000, 0.025, 48
train,    6090, 160.000383,   45, 0.00,    9, 0.000, 0.000, 0.024, 48
update,   6090,  609, 425061, 185.811662, 0.000000
train,    6091, 180.000000,  100, 1.00,   11, 0.000, 0.000, 0.024, 48
train,    6092, 225.256864,   87, 0.00,   11, 0.000, 0.000, 0.024, 48
train,    6093, 232.320900,  107, 0.00,   13, 0.000, 0.000, 0.024, 48
train,    6094, 237.771519,   73, 0.00,   16, 0.000, 0.000, 0.024, 48
train,    6095, 224.152537,   86, 0.00,   15, 0.000, 0.000, 0.024, 48
train,    6096, 267.931002,  100, 0.00,   16, 0.000, 0.000, 0.024, 48
train,    6097, 220.543449,   82, 0.00,   16, 0.000, 0.000, 0.024, 48
train,    6098, 212.091135,   92, 0.00,   14, 0.000, 0.000, 0.024, 48
train,    6099, 267.838835,  112, 0.00,   14, 0.000, 0.000, 0.024, 48
train,    6100, 184.869314,   96, 0.00,   12, 0.000, 0.000, 0.024, 48
update,   6100,  610, 425996, 203.231131, 0.000000
val_t, 6100, 425996, 175.503528, 0.1302,  74.7920,   0.1348, 0.7988,  28.0931, progress 0.8611
train,    6101, 268.470742,   76, 0.00,   15, 0.000, 0.000, 0.024, 48
train,    6102, 212.954285,  102, 0.00,   12, 0.000, 0.000, 0.024, 48
train,    6103, 160.638615,   65, 0.00,   13, 0.000, 0.000, 0.024, 48
train,    6104, 198.774576,   82, 0.00,   14, 0.000, 0.000, 0.024, 48
train,    6105, 242.839280,   95, 0.00,   12, 0.000, 0.000, 0.024, 48
train,    6106, 222.696778,  101, 0.00,    9, 0.000, 0.000, 0.024, 48
train,    6107, 113.525723,   62, 1.00,   17, 0.000, 0.000, 0.024, 48
train,    6108, 111.347134,   61, 1.00,    8, 0.000, 0.000, 0.024, 48
train,    6109, -25.000000,   53, 1.00,    8, 0.000, 0.000, 0.024, 48
train,    6110, 270.000000,   74, 0.00,   15, 0.000, 0.000, 0.024, 48
update,   6110,  611, 426767, 240.000000, 0.000000
train,    6111, 201.762222,   92, 0.00,   13, 0.000, 0.000, 0.024, 48
train,    6112, 180.000000,  104, 1.00,   16, 0.000, 0.000, 0.024, 48
train,    6113, 175.497152,   57, 0.00,   15, 0.000, 0.000, 0.024, 48
train,    6114, 180.834031,   69, 0.00,   11, 0.000, 0.000, 0.024, 48
train,    6115, 251.877363,   82, 0.00,   13, 0.000, 0.000, 0.024, 48
train,    6116, 247.187225,  120, 0.00,   13, 0.000, 0.000, 0.024, 48
train,    6117, 165.327001,   96, 0.00,   11, 0.000, 0.000, 0.024, 48
train,    6118, 180.000000,   82, 1.00,    9, 0.000, 0.000, 0.024, 48
train,    6119, 225.851590,   64, 0.00,   14, 0.000, 0.000, 0.024, 48
train,    6120, 226.804158,   72, 0.00,   11, 0.000, 0.000, 0.024, 48
update,   6120,  612, 427605, 209.760946, 0.000000
train,    6121, 270.000000,   82, 0.00,   18, 0.000, 0.000, 0.024, 48
train,    6122, 231.860367,   71, 0.00,   14, 0.000, 0.000, 0.024, 48
train,    6123, 116.918600,   66, 1.00,   12, 0.000, 0.000, 0.024, 48
train,    6124, 166.563942,  105, 1.00,   15, 0.000, 0.000, 0.024, 48
train,    6125, 145.188969,   63, 1.00,   14, 0.000, 0.000, 0.024, 48
train,    6126, 205.761477,   80, 0.00,    9, 0.000, 0.000, 0.024, 48
train,    6127, 219.151230,  113, 0.00,   10, 0.000, 0.000, 0.024, 48
train,    6128, 148.958809,   67, 0.00,   14, 0.000, 0.000, 0.024, 48
train,    6129, 200.996146,   72, 0.00,   13, 0.000, 0.000, 0.024, 48
train,    6130, 90.917873,   86, 1.00,   14, 0.000, 0.000, 0.024, 48
update,   6130,  613, 428410, 51.431430, 0.000000
train,    6131, 97.974611,   63, 1.00,   11, 0.000, 0.000, 0.024, 48
train,    6132, 174.694116,  106, 0.00,   10, 0.000, 0.000, 0.024, 48
train,    6133, 270.000000,   68, 0.00,   16, 0.000, 0.000, 0.024, 48
train,    6134, 229.041926,   45, 0.00,   13, 0.000, 0.000, 0.024, 48
train,    6135, 133.363212,   87, 1.00,   11, 0.000, 0.000, 0.024, 48
train,    6136, 156.189043,   76, 0.00,    8, 0.000, 0.000, 0.024, 48
train,    6137, 105.624958,   53, 0.00,   14, 0.000, 0.000, 0.024, 48
train,    6138, 164.725029,   92, 0.00,   14, 0.000, 0.000, 0.024, 48
train,    6139, 94.396292,   63, 1.00,   12, 0.000, 0.000, 0.024, 48
train,    6140, 170.137698,   66, 0.00,   14, 0.000, 0.000, 0.024, 48
update,   6140,  614, 429129, 194.869999, 0.000000
train,    6141, 93.790404,   60, 1.00,   10, 0.000, 0.000, 0.024, 48
train,    6142, 249.530790,   86, 0.00,   15, 0.000, 0.000, 0.024, 48
train,    6143, 215.911066,   77, 0.00,   13, 0.000, 0.000, 0.024, 48
train,    6144, 96.988654,   59, 0.00,    9, 0.000, 0.000, 0.024, 48
train,    6145, 194.681235,   70, 0.00,   14, 0.000, 0.000, 0.024, 48
train,    6146, 266.555282,  103, 0.00,   16, 0.000, 0.000, 0.024, 48
train,    6147, 171.346725,   75, 0.00,   16, 0.000, 0.000, 0.024, 48
train,    6148, 266.383866,   51, 0.00,   15, 0.000, 0.000, 0.024, 48
train,    6149, 238.145439,   66, 0.00,   11, 0.000, 0.000, 0.024, 48
train,    6150, 255.337442,   79, 0.00,   12, 0.000, 0.000, 0.024, 48
update,   6150,  615, 429855, 240.000000, 0.000000
train,    6151, 135.708086,   75, 1.00,   10, 0.000, 0.000, 0.024, 48
train,    6152, 250.563909,   79, 0.00,   14, 0.000, 0.000, 0.024, 48
train,    6153, 19.430684,   37, 1.00,    7, 0.000, 0.000, 0.024, 48
train,    6154, 252.284249,   56, 0.00,   10, 0.000, 0.000, 0.024, 48
train,    6155, 240.563682,   60, 0.00,   13, 0.000, 0.000, 0.024, 48
train,    6156, 223.357421,   53, 0.00,   11, 0.000, 0.000, 0.024, 48
train,    6157, 84.154617,   53, 1.00,    9, 0.000, 0.000, 0.024, 48
train,    6158, 174.438090,   45, 0.00,   10, 0.000, 0.000, 0.024, 48
train,    6159, 270.000000,   80, 0.00,    8, 0.000, 0.000, 0.024, 48
train,    6160, 240.458608,   48, 0.00,   12, 0.000, 0.000, 0.024, 48
update,   6160,  616, 430441, 240.000000, 0.000000
train,    6161, 213.729242,   45, 0.00,   13, 0.000, 0.000, 0.024, 48
train,    6162, 196.432758,   52, 0.00,   12, 0.000, 0.000, 0.024, 48
train,    6163, 138.368818,   45, 0.00,   13, 0.000, 0.000, 0.024, 48
train,    6164, 192.267695,   45, 0.00,   12, 0.000, 0.000, 0.024, 48
train,    6165, 191.732250,   62, 0.00,   15, 0.000, 0.000, 0.024, 48
train,    6166, 252.386047,   69, 0.00,   13, 0.000, 0.000, 0.024, 48
train,    6167, 171.186273,   69, 0.00,   14, 0.000, 0.000, 0.024, 48
train,    6168, 117.026824,   98, 1.00,   14, 0.000, 0.000, 0.024, 48
train,    6169, 145.392044,   73, 1.00,   12, 0.000, 0.000, 0.024, 48
train,    6170, 216.194689,   86, 0.00,   11, 0.000, 0.000, 0.024, 48
update,   6170,  617, 431085, 225.147553, 0.000000
train,    6171, 61.928044,   58, 1.00,    8, 0.000, 0.000, 0.024, 48
train,    6172, 245.785960,   45, 0.00,   16, 0.000, 0.000, 0.024, 48
train,    6173, 270.000000,   45, 0.00,   10, 0.000, 0.000, 0.024, 48
train,    6174, 153.493413,   55, 0.00,   12, 0.000, 0.000, 0.024, 48
train,    6175, 231.473696,   82, 0.00,   13, 0.000, 0.000, 0.024, 48
train,    6176, 246.050021,   70, 0.00,   11, 0.000, 0.000, 0.024, 48
train,    6177, 175.726508,   73, 0.00,   13, 0.000, 0.000, 0.024, 48
train,    6178, 185.893820,   45, 0.00,   15, 0.000, 0.000, 0.024, 48
train,    6179, 225.014735,   92, 0.00,   12, 0.000, 0.000, 0.024, 48
train,    6180, 153.004287,   68, 0.00,   12, 0.000, 0.000, 0.024, 48
update,   6180,  618, 431718, 172.004315, 0.000000
train,    6181, 149.240595,   99, 0.00,   12, 0.000, 0.000, 0.024, 48
train,    6182, 61.255602,   63, 1.00,   11, 0.000, 0.000, 0.024, 48
train,    6183, 261.280871,   56, 0.00,   14, 0.000, 0.000, 0.024, 48
train,    6184, 192.681018,   83, 0.00,   13, 0.000, 0.000, 0.024, 48
train,    6185, 159.271630,   58, 0.00,   14, 0.000, 0.000, 0.024, 48
train,    6186, 184.288762,   63, 0.00,   13, 0.000, 0.000, 0.024, 48
train,    6187, 213.953274,   67, 0.00,   14, 0.000, 0.000, 0.024, 48
train,    6188, 117.757148,   74, 1.00,    9, 0.000, 0.000, 0.024, 48
train,    6189, 176.863834,   78, 0.00,   10, 0.000, 0.000, 0.024, 48
train,    6190, 130.981743,   59, 0.00,   14, 0.000, 0.000, 0.024, 48
update,   6190,  619, 432418, 60.807109, 0.000000
train,    6191, 244.879903,   98, 0.00,   13, 0.000, 0.000, 0.024, 48
train,    6192, 90.207925,   75, 1.00,    9, 0.000, 0.000, 0.024, 48
train,    6193, 111.967432,   63, 1.00,   11, 0.000, 0.000, 0.024, 48
train,    6194, 205.992228,   61, 0.00,   14, 0.000, 0.000, 0.023, 48
train,    6195, 61.724988,   27, 1.00,    7, 0.000, 0.000, 0.023, 48
train,    6196, 205.494073,   69, 0.00,   12, 0.000, 0.000, 0.023, 48
train,    6197, 183.089788,   46, 0.00,   14, 0.000, 0.000, 0.023, 48
train,    6198, 231.167195,   88, 0.00,   15, 0.000, 0.000, 0.023, 48
train,    6199, 208.280486,   93, 0.00,    8, 0.000, 0.000, 0.023, 48
train,    6200, 206.992991,   66, 0.00,   13, 0.000, 0.000, 0.023, 48
update,   6200,  620, 433104, 189.393989, 0.000000
val_t, 6200, 433104, 174.001050, 0.1767,  83.9355,   0.1123, 0.8924,  29.0727, progress 0.8728
train,    6201, 204.784533,   84, 0.00,   12, 0.000, 0.000, 0.023, 48
train,    6202, 218.451281,   69, 0.00,   12, 0.000, 0.000, 0.023, 48
train,    6203, 180.000000,   72, 1.00,   12, 0.000, 0.000, 0.023, 48
train,    6204, 154.939412,   60, 0.00,   17, 0.000, 0.000, 0.023, 48
train,    6205, 228.493886,   81, 0.00,   12, 0.000, 0.000, 0.023, 48
train,    6206, 225.200503,   83, 0.00,    8, 0.000, 0.000, 0.023, 48
train,    6207, 222.958380,   91, 0.00,   10, 0.000, 0.000, 0.023, 48
train,    6208, 198.005289,   56, 0.00,   13, 0.000, 0.000, 0.023, 48
train,    6209, 239.696687,   76, 0.00,    8, 0.000, 0.000, 0.023, 48
train,    6210, 236.703707,   67, 0.00,   12, 0.000, 0.000, 0.023, 48
update,   6210,  621, 433843, 211.637998, 0.000000
train,    6211, 208.416816,   81, 0.00,   13, 0.000, 0.000, 0.023, 48
train,    6212, 176.857076,   83, 0.00,   15, 0.000, 0.000, 0.023, 48
train,    6213, 207.795907,   82, 0.00,   12, 0.000, 0.000, 0.023, 48
train,    6214, 196.289954,  109, 0.00,   15, 0.000, 0.000, 0.023, 48
train,    6215, 202.338406,   88, 0.00,   14, 0.000, 0.000, 0.023, 48
train,    6216, 170.532112,  112, 0.00,   11, 0.000, 0.000, 0.023, 48
train,    6217, 141.386753,  104, 0.00,   10, 0.000, 0.000, 0.023, 48
train,    6218, 191.832295,   84, 0.00,   13, 0.000, 0.000, 0.023, 48
train,    6219, 229.639640,   85, 0.00,   14, 0.000, 0.000, 0.023, 48
train,    6220, 252.891143,  120, 0.00,   12, 0.000, 0.000, 0.023, 48
update,   6220,  622, 434791, 193.993940, 0.000000
train,    6221, 184.486262,   89, 0.00,   12, 0.000, 0.000, 0.023, 48
train,    6222, 32.512968,   29, 1.00,    5, 0.000, 0.000, 0.023, 48
train,    6223, 266.582864,  105, 0.00,   13, 0.000, 0.000, 0.023, 48
train,    6224, 230.879157,   73, 0.00,   11, 0.000, 0.000, 0.023, 48
train,    6225, 258.131362,   66, 0.00,   16, 0.000, 0.000, 0.023, 48
train,    6226, 129.866877,   66, 0.00,   10, 0.000, 0.000, 0.023, 48
train,    6227, 236.936571,  105, 0.00,   11, 0.000, 0.000, 0.023, 48
train,    6228, 189.017771,   77, 0.00,   14, 0.000, 0.000, 0.023, 48
train,    6229, 124.346420,  120, 0.00,   11, 0.000, 0.000, 0.023, 48
train,    6230, 180.006875,   94, 0.00,   10, 0.000, 0.000, 0.023, 48
update,   6230,  623, 435615, 147.800760, 0.000000
train,    6231, 253.938359,   99, 0.00,   12, 0.000, 0.000, 0.023, 48
train,    6232, 219.941230,  113, 0.00,   17, 0.000, 0.000, 0.023, 48
train,    6233, 133.647110,   88, 0.00,   16, 0.000, 0.000, 0.023, 48
train,    6234, 152.565191,   93, 1.00,    9, 0.000, 0.000, 0.023, 48
train,    6235, 175.022330,   63, 0.00,   10, 0.000, 0.000, 0.023, 48
train,    6236, 89.907450,   99, 0.00,   13, 0.000, 0.000, 0.023, 48
train,    6237, 199.831857,  109, 0.00,   10, 0.000, 0.000, 0.023, 48
train,    6238, 113.087796,   73, 1.00,   11, 0.000, 0.000, 0.023, 48
train,    6239, 83.340780,   38, 1.00,   11, 0.000, 0.000, 0.023, 48
train,    6240, 258.524716,   91, 0.00,   14, 0.000, 0.000, 0.023, 48
update,   6240,  624, 436481, 240.000000, 0.000000
train,    6241, 209.646427,  101, 0.00,   17, 0.000, 0.000, 0.023, 48
train,    6242, 205.094306,   93, 0.00,   13, 0.000, 0.000, 0.023, 48
train,    6243, 213.201656,  107, 0.00,   16, 0.000, 0.000, 0.023, 48
train,    6244, 30.998212,   58, 1.00,    6, 0.000, 0.000, 0.023, 48
train,    6245, 262.476097,  108, 0.00,   16, 0.000, 0.000, 0.023, 48
train,    6246, 215.387595,  120, 0.00,   14, 0.000, 0.000, 0.023, 48
train,    6247, 218.746612,   90, 0.00,   12, 0.000, 0.000, 0.023, 48
train,    6248, 105.795932,   97, 0.00,   13, 0.000, 0.000, 0.023, 48
train,    6249, 182.964796,  107, 0.00,   11, 0.000, 0.000, 0.023, 48
train,    6250, 178.619125,  107, 0.00,   15, 0.000, 0.000, 0.023, 48
update,   6250,  625, 437469, 195.039066, 0.000000
train,    6251, 267.156906,  100, 0.00,   10, 0.000, 0.000, 0.023, 48
train,    6252, 222.702213,  100, 0.00,   14, 0.000, 0.000, 0.023, 48
train,    6253, 156.303732,  112, 0.00,   11, 0.000, 0.000, 0.023, 48
train,    6254, 270.000000,   91, 0.00,   14, 0.000, 0.000, 0.023, 48
train,    6255, 260.749329,  101, 0.00,   13, 0.000, 0.000, 0.023, 48
train,    6256, 192.898605,  106, 0.00,   11, 0.000, 0.000, 0.023, 48
train,    6257, 253.291708,  102, 0.00,   11, 0.000, 0.000, 0.023, 48
train,    6258, 180.000000,   98, 1.00,    9, 0.000, 0.000, 0.023, 48
train,    6259, 146.953391,   83, 0.00,   12, 0.000, 0.000, 0.023, 48
train,    6260, 243.155580,  120, 0.00,   12, 0.000, 0.000, 0.023, 48
update,   6260,  626, 438482, 240.000000, 0.000000
train,    6261, 160.840702,  120, 0.00,   12, 0.000, 0.000, 0.023, 48
train,    6262, 185.250284,   92, 0.00,   11, 0.000, 0.000, 0.023, 48
train,    6263, 177.964351,   73, 0.00,   11, 0.000, 0.000, 0.023, 48
train,    6264, 158.382157,   49, 0.00,   11, 0.000, 0.000, 0.023, 48
train,    6265, 120.884690,   91, 1.00,   14, 0.000, 0.000, 0.023, 48
train,    6266, 245.172454,   85, 0.00,   13, 0.000, 0.000, 0.023, 48
train,    6267, 192.257695,   90, 0.00,   11, 0.000, 0.000, 0.023, 48
train,    6268, 135.913511,   71, 0.00,   10, 0.000, 0.000, 0.023, 48
train,    6269, 143.197083,  112, 0.00,   11, 0.000, 0.000, 0.023, 48
train,    6270, 253.585921,   99, 0.00,   14, 0.000, 0.000, 0.023, 48
update,   6270,  627, 439364, 240.000000, 0.000000
train,    6271, 215.472903,   90, 0.00,   15, 0.000, 0.000, 0.023, 48
train,    6272, 72.738572,   82, 1.00,    9, 0.000, 0.000, 0.023, 48
train,    6273, 149.675294,  104, 1.00,   10, 0.000, 0.000, 0.023, 48
train,    6274, 183.112652,  120, 0.00,    8, 0.000, 0.000, 0.023, 48
train,    6275, 76.191720,   55, 1.00,   10, 0.000, 0.000, 0.023, 48
train,    6276, 224.956879,   94, 0.00,   10, 0.000, 0.000, 0.023, 48
train,    6277, 211.421472,  120, 0.00,   14, 0.000, 0.000, 0.023, 48
train,    6278, 261.995907,  115, 0.00,   12, 0.000, 0.000, 0.023, 48
train,    6279, 205.633333,  110, 0.00,   11, 0.000, 0.000, 0.023, 48
train,    6280, 270.000000,  101, 0.00,   13, 0.000, 0.000, 0.023, 48
update,   6280,  628, 440355, 229.733873, 0.000000
train,    6281, 31.893193,   39, 1.00,    6, 0.000, 0.000, 0.023, 48
train,    6282, 181.395013,  111, 0.00,   12, 0.000, 0.000, 0.023, 48
train,    6283, 110.141585,   65, 1.00,   12, 0.000, 0.000, 0.023, 48
train,    6284, 211.474053,   79, 0.00,   13, 0.000, 0.000, 0.023, 48
train,    6285, 192.401223,  104, 0.00,   13, 0.000, 0.000, 0.023, 48
train,    6286, 246.060388,  107, 0.00,   10, 0.000, 0.000, 0.023, 48
train,    6287, 205.213138,   82, 0.00,   15, 0.000, 0.000, 0.023, 48
train,    6288, 144.742174,   83, 0.00,   13, 0.000, 0.000, 0.023, 48
train,    6289, 180.000000,   61, 1.00,   10, 0.000, 0.000, 0.023, 48
train,    6290, 197.474203,   79, 0.00,   12, 0.000, 0.000, 0.023, 48
update,   6290,  629, 441165, 207.793858, 0.000000
train,    6291, 243.931669,   85, 0.00,   15, 0.000, 0.000, 0.023, 48
train,    6292, 74.589262,   72, 1.00,   11, 0.000, 0.000, 0.023, 48
train,    6293, 129.811800,  103, 0.00,   13, 0.000, 0.000, 0.023, 48
train,    6294, 127.867070,   69, 1.00,   15, 0.000, 0.000, 0.023, 48
train,    6295, 235.249257,   83, 0.00,   15, 0.000, 0.000, 0.023, 48
train,    6296, 175.444534,  120, 0.00,   15, 0.000, 0.000, 0.023, 48
train,    6297, 234.033383,  102, 0.00,   13, 0.000, 0.000, 0.023, 48
train,    6298, 164.634901,  100, 0.00,    8, 0.000, 0.000, 0.023, 48
train,    6299, 213.119256,  103, 0.00,   11, 0.000, 0.000, 0.023, 48
train,    6300, 186.673301,  114, 0.00,   13, 0.000, 0.000, 0.023, 48
update,   6300,  630, 442116, 144.133482, 0.000000
val_t, 6300, 442116, 145.003578, 0.0958,  70.6006,   0.1100, 0.7686,  28.6781, progress 0.9000
train,    6301, 154.595272,  120, 0.00,   13, 0.000, 0.000, 0.023, 48
train,    6302, 203.202227,  116, 0.00,   15, 0.000, 0.000, 0.022, 48
train,    6303, 35.624179,   39, 1.00,    7, 0.000, 0.000, 0.022, 48
train,    6304, 148.577956,   91, 0.00,   12, 0.000, 0.000, 0.022, 48
train,    6305, 223.531138,   89, 0.00,   12, 0.000, 0.000, 0.022, 48
train,    6306, 196.830767,  104, 0.00,    9, 0.000, 0.000, 0.022, 48
train,    6307, 123.314037,   80, 1.00,   10, 0.000, 0.000, 0.022, 48
train,    6308, 85.402536,   62, 1.00,   11, 0.000, 0.000, 0.022, 48
train,    6309, 105.743317,   57, 1.00,   10, 0.000, 0.000, 0.022, 48
train,    6310, 201.000815,  106, 0.00,   15, 0.000, 0.000, 0.022, 48
update,   6310,  631, 442980, 226.345241, 0.000000
train,    6311, 255.490749,   69, 0.00,   14, 0.000, 0.000, 0.022, 48
train,    6312, 212.060254,  111, 0.00,   13, 0.000, 0.000, 0.022, 48
train,    6313, 213.047697,  110, 0.00,   11, 0.000, 0.000, 0.022, 48
train,    6314, 105.349741,   66, 1.00,   10, 0.000, 0.000, 0.022, 48
train,    6315, 47.166802,   35, 1.00,    9, 0.000, 0.000, 0.022, 48
train,    6316, 202.058079,  118, 0.00,   12, 0.000, 0.000, 0.022, 48
train,    6317, 208.167993,  105, 0.00,   10, 0.000, 0.000, 0.022, 48
train,    6318, 59.367468,   33, 1.00,   10, 0.000, 0.000, 0.022, 48
train,    6319, 127.590532,   97, 0.00,   12, 0.000, 0.000, 0.022, 48
train,    6320, 200.666046,   99, 0.00,   14, 0.000, 0.000, 0.022, 48
update,   6320,  632, 443823, 185.681989, 0.000000
train,    6321, 146.504533,  105, 1.00,   11, 0.000, 0.000, 0.022, 48
train,    6322, 13.590142,   31, 1.00,    9, 0.000, 0.000, 0.022, 48
train,    6323, 163.010240,  104, 0.00,    8, 0.000, 0.000, 0.022, 48
train,    6324, 158.457596,   83, 0.00,   15, 0.000, 0.000, 0.022, 48
train,    6325, 37.831380,   47, 1.00,    9, 0.000, 0.000, 0.022, 48
train,    6326, 267.477464,  120, 0.00,   16, 0.000, 0.000, 0.022, 48
train,    6327, 220.423100,  114, 0.00,   13, 0.000, 0.000, 0.022, 48
train,    6328, 171.501752,  103, 0.00,   13, 0.000, 0.000, 0.022, 48
train,    6329, 204.062184,  120, 0.00,   14, 0.000, 0.000, 0.022, 48
train,    6330, 47.615745,   56, 1.00,   11, 0.000, 0.000, 0.022, 48
update,   6330,  633, 444706, 83.083332, 0.000000
train,    6331, 166.473165,   59, 0.00,   12, 0.000, 0.000, 0.022, 48
train,    6332, 183.032923,  118, 0.00,   11, 0.000, 0.000, 0.022, 48
train,    6333, 165.359287,  120, 0.00,   14, 0.000, 0.000, 0.022, 48
train,    6334, 220.298169,   86, 0.00,   15, 0.000, 0.000, 0.022, 48
train,    6335, 254.956406,  110, 0.00,   12, 0.000, 0.000, 0.022, 48
train,    6336, 93.733025,   57, 1.00,    9, 0.000, 0.000, 0.022, 48
train,    6337, 56.030762,   59, 1.00,   15, 0.000, 0.000, 0.022, 48
train,    6338, 248.552138,  116, 0.00,   13, 0.000, 0.000, 0.022, 48
train,    6339, 131.165267,  113, 0.00,   11, 0.000, 0.000, 0.022, 48
train,    6340, 165.225924,  111, 0.00,   11, 0.000, 0.000, 0.022, 48
update,   6340,  634, 445655, 197.103731, 0.000000
train,    6341, 270.000000,   97, 0.00,   15, 0.000, 0.000, 0.022, 48
train,    6342, 198.422491,   74, 0.00,   14, 0.000, 0.000, 0.022, 48
train,    6343, 182.375720,   99, 0.00,   10, 0.000, 0.000, 0.022, 48
train,    6344, 131.672835,   78, 1.00,   11, 0.000, 0.000, 0.022, 48
train,    6345, 182.888243,   71, 0.00,   13, 0.000, 0.000, 0.022, 48
train,    6346, 243.903990,   89, 0.00,   13, 0.000, 0.000, 0.022, 48
train,    6347, 249.772426,  120, 0.00,   17, 0.000, 0.000, 0.022, 48
train,    6348, 110.222693,   51, 1.00,   15, 0.000, 0.000, 0.022, 48
train,    6349, 181.347348,  115, 0.00,   12, 0.000, 0.000, 0.022, 48
train,    6350, 169.787814,  102, 0.00,    9, 0.000, 0.000, 0.022, 48
update,   6350,  635, 446551, 124.452683, 0.000000
train,    6351, 247.160418,  102, 0.00,   12, 0.000, 0.000, 0.022, 48
train,    6352, 201.739480,  112, 0.00,   11, 0.000, 0.000, 0.022, 48
train,    6353, 270.000000,   98, 0.00,   22, 0.000, 0.000, 0.022, 48
train,    6354, 270.000000,   81, 0.00,   10, 0.000, 0.000, 0.022, 48
train,    6355, 244.811152,   92, 0.00,   12, 0.000, 0.000, 0.022, 48
train,    6356, 229.827038,   90, 0.00,   15, 0.000, 0.000, 0.022, 48
train,    6357, 160.249052,   92, 0.00,   11, 0.000, 0.000, 0.022, 48
train,    6358, 256.695162,  120, 0.00,   14, 0.000, 0.000, 0.022, 48
train,    6359, 251.467179,  106, 0.00,   10, 0.000, 0.000, 0.022, 48
train,    6360, 139.582304,  105, 1.00,   14, 0.000, 0.000, 0.022, 48
update,   6360,  636, 447549, 138.605005, 0.000000
train,    6361, 188.134904,  117, 0.00,   13, 0.000, 0.000, 0.022, 48
train,    6362, 7.657953,   50, 1.00,    9, 0.000, 0.000, 0.022, 48
train,    6363, 162.986058,   79, 0.00,    9, 0.000, 0.000, 0.022, 48
train,    6364, 184.983400,   79, 0.00,   15, 0.000, 0.000, 0.022, 48
train,    6365, 186.630880,   81, 0.00,   15, 0.000, 0.000, 0.022, 48
train,    6366, 150.951263,   75, 1.00,    8, 0.000, 0.000, 0.022, 48
train,    6367, 249.598585,   92, 0.00,   17, 0.000, 0.000, 0.022, 48
train,    6368, 225.162382,  100, 0.00,    9, 0.000, 0.000, 0.022, 48
train,    6369, 196.139240,   59, 0.00,   13, 0.000, 0.000, 0.022, 48
train,    6370, 110.886543,   86, 1.00,    8, 0.000, 0.000, 0.022, 48
update,   6370,  637, 448367, 81.860331, 0.000000
train,    6371, 183.089899,   85, 0.00,   17, 0.000, 0.000, 0.022, 48
train,    6372, 142.642297,   98, 1.00,   14, 0.000, 0.000, 0.022, 48
train,    6373, 142.415272,   80, 0.00,   14, 0.000, 0.000, 0.022, 48
train,    6374, 127.984577,   68, 0.00,   10, 0.000, 0.000, 0.022, 48
train,    6375, 159.223874,   81, 1.00,   16, 0.000, 0.000, 0.022, 48
train,    6376, 190.324814,   57, 0.00,   13, 0.000, 0.000, 0.022, 48
train,    6377, 151.983762,   64, 0.00,   11, 0.000, 0.000, 0.022, 48
train,    6378, 160.368046,   81, 0.00,   12, 0.000, 0.000, 0.022, 48
train,    6379, 164.898965,   49, 0.00,   14, 0.000, 0.000, 0.022, 48
train,    6380, 187.513678,   51, 0.00,   13, 0.000, 0.000, 0.022, 48
update,   6380,  638, 449081, 176.406045, 0.000000
train,    6381, 179.113886,   80, 0.00,   15, 0.000, 0.000, 0.022, 48
train,    6382, 103.940175,   96, 1.00,   12, 0.000, 0.000, 0.022, 48
train,    6383, 224.602654,  115, 0.00,   12, 0.000, 0.000, 0.022, 48
train,    6384, 176.362211,   74, 0.00,   10, 0.000, 0.000, 0.022, 48
train,    6385, 243.931659,   74, 0.00,   13, 0.000, 0.000, 0.022, 48
train,    6386, 146.431620,   49, 0.00,   11, 0.000, 0.000, 0.022, 48
train,    6387, 151.023541,  104, 0.00,   12, 0.000, 0.000, 0.022, 48
train,    6388, 209.861548,   58, 0.00,   14, 0.000, 0.000, 0.022, 48
train,    6389, 248.069752,   60, 0.00,   14, 0.000, 0.000, 0.022, 48
train,    6390, 46.650978,   59, 1.00,    7, 0.000, 0.000, 0.022, 48
update,   6390,  639, 449850, 30.622595, 0.000000
train,    6391, 241.402127,   46, 0.00,    8, 0.000, 0.000, 0.022, 48
train,    6392, 223.254930,   45, 0.00,   10, 0.000, 0.000, 0.022, 48
train,    6393, 170.060834,   45, 0.00,    9, 0.000, 0.000, 0.022, 48
train,    6394, 194.320151,   71, 0.00,   14, 0.000, 0.000, 0.022, 48
train,    6395, 172.416356,   80, 0.00,   13, 0.000, 0.000, 0.022, 48
train,    6396, 218.700747,   90, 0.00,   12, 0.000, 0.000, 0.022, 48
train,    6397, 126.920268,   91, 1.00,   15, 0.000, 0.000, 0.022, 48
train,    6398, 161.461132,   63, 0.00,   12, 0.000, 0.000, 0.022, 48
train,    6399, 234.093745,  100, 0.00,   15, 0.000, 0.000, 0.022, 48
train,    6400, 99.939771,  101, 1.00,   13, 0.000, 0.000, 0.022, 48
update,   6400,  640, 450582, 106.384869, 0.000000
val_t, 6400, 450582, 188.680676, 0.0878,  80.4737,   0.0890, 0.8422,  28.1765, progress 0.8908
train,    6401, 255.479199,   53, 0.00,   14, 0.000, 0.000, 0.022, 48
train,    6402, 177.667395,   87, 0.00,   13, 0.000, 0.000, 0.022, 48
train,    6403, 204.768264,   68, 0.00,   13, 0.000, 0.000, 0.022, 48
train,    6404, 58.969191,   53, 1.00,    9, 0.000, 0.000, 0.022, 48
train,    6405, 270.000000,   69, 0.00,   13, 0.000, 0.000, 0.022, 48
train,    6406, 153.607817,   62, 0.00,   11, 0.000, 0.000, 0.022, 48
train,    6407, 260.037520,   60, 0.00,   10, 0.000, 0.000, 0.022, 48
train,    6408, 190.810753,   76, 0.00,   16, 0.000, 0.000, 0.022, 48
train,    6409, 270.000000,  104, 0.00,   10, 0.000, 0.000, 0.022, 48
train,    6410, 185.335514,   75, 0.00,   12, 0.000, 0.000, 0.022, 48
update,   6410,  641, 451289, 183.310084, 0.000000
train,    6411, 270.000000,  120, 0.00,   17, 0.000, 0.000, 0.022, 48
train,    6412, 207.194957,   97, 0.00,   13, 0.000, 0.000, 0.022, 48
train,    6413, 247.812920,   45, 0.00,   16, 0.000, 0.000, 0.022, 48
train,    6414, 136.011683,  101, 0.00,   13, 0.000, 0.000, 0.022, 48
train,    6415, 102.687614,   79, 1.00,   12, 0.000, 0.000, 0.022, 48
train,    6416, 146.281151,   92, 0.00,   12, 0.000, 0.000, 0.021, 48
train,    6417, 214.135438,   45, 0.00,   12, 0.000, 0.000, 0.021, 48
train,    6418, 238.497728,   63, 0.00,   15, 0.000, 0.000, 0.021, 48
train,    6419, 100.050244,   89, 1.00,   15, 0.000, 0.000, 0.021, 48
train,    6420, 213.746519,   45, 0.00,   14, 0.000, 0.000, 0.021, 48
update,   6420,  642, 452065, 207.205658, 0.000000
train,    6421, 247.564687,   68, 0.00,   13, 0.000, 0.000, 0.021, 48
train,    6422, 210.186867,   45, 0.00,   11, 0.000, 0.000, 0.021, 48
train,    6423, 180.772984,   50, 0.00,   10, 0.000, 0.000, 0.021, 48
train,    6424, 41.537310,   46, 1.00,   10, 0.000, 0.000, 0.021, 48
train,    6425, 213.906171,  108, 0.00,   12, 0.000, 0.000, 0.021, 48
train,    6426, 177.345625,   83, 0.00,   16, 0.000, 0.000, 0.021, 48
train,    6427, 139.750497,   72, 1.00,   16, 0.000, 0.000, 0.021, 48
train,    6428, 120.852661,   85, 0.00,   11, 0.000, 0.000, 0.021, 48
train,    6429, 165.410364,   83, 0.00,   10, 0.000, 0.000, 0.021, 48
train,    6430, 138.728421,   89, 0.00,   13, 0.000, 0.000, 0.021, 48
update,   6430,  643, 452794, 135.945881, 0.000000
train,    6431, 90.490855,   62, 1.00,   10, 0.000, 0.000, 0.021, 48
train,    6432, 219.662017,   70, 0.00,   13, 0.000, 0.000, 0.021, 48
train,    6433, 149.452703,  105, 1.00,   17, 0.000, 0.000, 0.021, 48
train,    6434, 180.144568,   67, 0.00,   11, 0.000, 0.000, 0.021, 48
train,    6435, 226.827874,   49, 0.00,   12, 0.000, 0.000, 0.021, 48
train,    6436, 179.584775,   82, 0.00,   14, 0.000, 0.000, 0.021, 48
train,    6437, 132.245799,  103, 0.00,   14, 0.000, 0.000, 0.021, 48
train,    6438, 258.285861,   90, 0.00,   12, 0.000, 0.000, 0.021, 48
train,    6439, 226.421519,   54, 0.00,   11, 0.000, 0.000, 0.021, 48
train,    6440, 212.145201,   76, 0.00,   13, 0.000, 0.000, 0.021, 48
update,   6440,  644, 453552, 239.477094, 0.000000
train,    6441, 79.179142,   71, 1.00,   11, 0.000, 0.000, 0.021, 48
train,    6442, 175.441182,   45, 0.00,   15, 0.000, 0.000, 0.021, 48
train,    6443, 215.042627,   87, 0.00,   12, 0.000, 0.000, 0.021, 48
train,    6444, 270.000000,  101, 0.00,   11, 0.000, 0.000, 0.021, 48
train,    6445, 184.152242,   96, 0.00,   12, 0.000, 0.000, 0.021, 48
train,    6446, 179.226593,  120, 0.00,   11, 0.000, 0.000, 0.021, 48
train,    6447, 62.230130,   43, 1.00,    9, 0.000, 0.000, 0.021, 48
train,    6448, 77.440066,   42, 1.00,   11, 0.000, 0.000, 0.021, 48
train,    6449, 223.871696,   93, 0.00,   12, 0.000, 0.000, 0.021, 48
train,    6450, 226.538485,   99, 0.00,   13, 0.000, 0.000, 0.021, 48
update,   6450,  645, 454349, 205.791194, 0.000000
train,    6451, 33.070578,   21, 1.00,    7, 0.000, 0.000, 0.021, 48
train,    6452, 238.078298,   81, 0.00,   15, 0.000, 0.000, 0.021, 48
train,    6453, 202.319157,  120, 0.00,   13, 0.000, 0.000, 0.021, 48
train,    6454, 228.971553,   71, 0.00,   14, 0.000, 0.000, 0.021, 48
train,    6455, 203.824320,   94, 0.00,   11, 0.000, 0.000, 0.021, 48
train,    6456, 238.643932,   91, 0.00,   16, 0.000, 0.000, 0.021, 48
train,    6457, 208.004112,   91, 0.00,   11, 0.000, 0.000, 0.021, 48
train,    6458, 213.303875,   54, 0.00,   11, 0.000, 0.000, 0.021, 48
train,    6459, 187.047469,   86, 0.00,   11, 0.000, 0.000, 0.021, 48
train,    6460, 235.678020,   45, 0.00,   14, 0.000, 0.000, 0.021, 48
update,   6460,  646, 455103, 240.000000, 0.000000
train,    6461, 127.099780,   63, 1.00,    9, 0.000, 0.000, 0.021, 48
train,    6462, 187.031249,   73, 0.00,   14, 0.000, 0.000, 0.021, 48
train,    6463, 193.894191,   72, 0.00,    9, 0.000, 0.000, 0.021, 48
train,    6464, 225.580664,   65, 0.00,   11, 0.000, 0.000, 0.021, 48
train,    6465, 172.910741,   59, 0.00,    6, 0.000, 0.000, 0.021, 48
train,    6466, 178.279029,   63, 0.00,    9, 0.000, 0.000, 0.021, 48
train,    6467, 83.884547,   52, 1.00,   11, 0.000, 0.000, 0.021, 48
train,    6468, 213.036584,   90, 0.00,    8, 0.000, 0.000, 0.021, 48
train,    6469, 217.281985,   80, 0.00,   12, 0.000, 0.000, 0.021, 48
train,    6470, 177.062630,   74, 0.00,   10, 0.000, 0.000, 0.021, 48
update,   6470,  647, 455794, 171.694477, 0.000000
train,    6471, 113.060256,   62, 0.00,    9, 0.000, 0.000, 0.021, 48
train,    6472, 157.887673,   53, 0.00,   11, 0.000, 0.000, 0.021, 48
train,    6473, 32.780581,   57, 1.00,   11, 0.000, 0.000, 0.021, 48
train,    6474, 251.439474,   69, 0.00,   14, 0.000, 0.000, 0.021, 48
train,    6475, 233.671114,   72, 0.00,   13, 0.000, 0.000, 0.021, 48
train,    6476, 180.000000,   33, 1.00,   13, 0.000, 0.000, 0.021, 48
train,    6477, 142.691126,   78, 0.00,   12, 0.000, 0.000, 0.021, 48
train,    6478, 240.024949,   46, 0.00,   13, 0.000, 0.000, 0.021, 48
train,    6479, 175.458253,   64, 0.00,   13, 0.000, 0.000, 0.021, 48
train,    6480, 175.746518,   73, 0.00,   11, 0.000, 0.000, 0.021, 48
update,   6480,  648, 456401, 145.692158, 0.000000
train,    6481, 196.906703,   59, 0.00,   15, 0.000, 0.000, 0.021, 48
train,    6482, 207.741683,   77, 0.00,   13, 0.000, 0.000, 0.021, 48
train,    6483, 179.344839,   88, 0.00,   11, 0.000, 0.000, 0.021, 48
train,    6484, 214.716026,   60, 0.00,   13, 0.000, 0.000, 0.021, 48
train,    6485, 208.291607,   63, 0.00,   11, 0.000, 0.000, 0.021, 48
train,    6486, 84.802751,   23, 1.00,    9, 0.000, 0.000, 0.021, 48
train,    6487, 226.484976,   61, 0.00,   14, 0.000, 0.000, 0.021, 48
train,    6488, 203.826913,   90, 0.00,   12, 0.000, 0.000, 0.021, 48
train,    6489, 235.092682,   58, 0.00,   14, 0.000, 0.000, 0.021, 48
train,    6490, 209.821425,   70, 0.00,   14, 0.000, 0.000, 0.021, 48
update,   6490,  649, 457050, 221.200165, 0.000000
train,    6491, 235.301222,   64, 0.00,   13, 0.000, 0.000, 0.021, 48
train,    6492, 188.657653,   77, 0.00,   15, 0.000, 0.000, 0.021, 48
train,    6493, 209.454282,   56, 0.00,   16, 0.000, 0.000, 0.021, 48
train,    6494, 218.766247,   82, 0.00,   15, 0.000, 0.000, 0.021, 48
train,    6495, 270.000000,   80, 0.00,   12, 0.000, 0.000, 0.021, 48
train,    6496, 169.929502,   71, 1.00,    9, 0.000, 0.000, 0.021, 48
train,    6497, 215.819634,   81, 0.00,   10, 0.000, 0.000, 0.021, 48
train,    6498, 246.515904,   87, 0.00,   14, 0.000, 0.000, 0.021, 48
train,    6499, 192.629769,   77, 0.00,   14, 0.000, 0.000, 0.021, 48
train,    6500, 270.000000,   83, 0.00,   11, 0.000, 0.000, 0.021, 48
update,   6500,  650, 457808, 240.000000, 0.000000
val_t, 6500, 457808, 193.828117, 0.1461,  74.9329,   0.1090, 0.8361,  27.9918, progress 0.9324
train,    6501, 192.020899,  110, 0.00,   10, 0.000, 0.000, 0.021, 48
train,    6502, 31.650084,   40, 1.00,    5, 0.000, 0.000, 0.021, 48
train,    6503, 201.551604,   69, 0.00,    8, 0.000, 0.000, 0.021, 48
train,    6504, 226.187539,   60, 0.00,   14, 0.000, 0.000, 0.021, 48
train,    6505, 180.000000,   77, 1.00,    9, 0.000, 0.000, 0.021, 48
train,    6506, 192.025859,  102, 0.00,   13, 0.000, 0.000, 0.021, 48
train,    6507, 201.541606,   71, 0.00,   12, 0.000, 0.000, 0.021, 48
train,    6508, 46.766390,   81, 1.00,   17, 0.000, 0.000, 0.021, 48
train,    6509, 203.969500,   49, 0.00,   11, 0.000, 0.000, 0.021, 48
train,    6510, 260.758586,   51, 0.00,   12, 0.000, 0.000, 0.021, 48
update,   6510,  651, 458518, 237.992062, 0.000000
train,    6511, 239.847962,   84, 0.00,   11, 0.000, 0.000, 0.021, 48
train,    6512, 221.732637,   98, 0.00,   11, 0.000, 0.000, 0.021, 48
train,    6513, 198.516206,   93, 0.00,   16, 0.000, 0.000, 0.021, 48
train,    6514, 229.308126,  102, 0.00,   17, 0.000, 0.000, 0.021, 48
train,    6515, 109.620701,   86, 0.00,    9, 0.000, 0.000, 0.021, 48
train,    6516, 270.000000,   87, 0.00,   12, 0.000, 0.000, 0.021, 48
train,    6517, 244.092141,   91, 0.00,   15, 0.000, 0.000, 0.021, 48
train,    6518, 156.202808,  120, 0.00,   11, 0.000, 0.000, 0.021, 48
train,    6519, 248.743720,  120, 0.00,   14, 0.000, 0.000, 0.021, 48
train,    6520, 188.000405,  101, 0.00,   12, 0.000, 0.000, 0.021, 48
update,   6520,  652, 459500, 209.816602, 0.000000
train,    6521, 181.615606,   59, 0.00,   18, 0.000, 0.000, 0.021, 48
train,    6522, 197.862689,   91, 0.00,   14, 0.000, 0.000, 0.021, 48
train,    6523, 224.490263,  120, 0.00,   13, 0.000, 0.000, 0.021, 48
train,    6524, 241.848795,   97, 0.00,   13, 0.000, 0.000, 0.021, 48
train,    6525, 153.694714,   79, 0.00,   15, 0.000, 0.000, 0.021, 48
train,    6526, 157.517171,   94, 0.00,   16, 0.000, 0.000, 0.021, 48
train,    6527, 182.360361,  120, 0.00,   14, 0.000, 0.000, 0.021, 48
train,    6528, 197.777658,  120, 0.00,   14, 0.000, 0.000, 0.021, 48
train,    6529, 174.004066,   99, 0.00,    9, 0.000, 0.000, 0.021, 48
train,    6530, 160.366294,  118, 0.00,   11, 0.000, 0.000, 0.021, 48
update,   6530,  653, 460497, 180.985526, 0.000000
train,    6531, 226.759674,   99, 0.00,   10, 0.000, 0.000, 0.021, 48
train,    6532, 76.348177,   93, 1.00,   14, 0.000, 0.000, 0.021, 48
train,    6533, 92.235141,   79, 1.00,   12, 0.000, 0.000, 0.021, 48
train,    6534, 257.901188,  120, 0.00,   16, 0.000, 0.000, 0.021, 48
train,    6535, 176.329134,  102, 1.00,   14, 0.000, 0.000, 0.020, 48
train,    6536, 257.343849,  120, 0.00,   12, 0.000, 0.000, 0.020, 48
train,    6537, 255.633263,  107, 0.00,   17, 0.000, 0.000, 0.020, 48
train,    6538, 99.073819,   74, 1.00,   11, 0.000, 0.000, 0.020, 48
train,    6539, 194.291606,  120, 0.00,   13, 0.000, 0.000, 0.020, 48
train,    6540, 197.327423,   96, 0.00,   11, 0.000, 0.000, 0.020, 48
update,   6540,  654, 461507, 225.300147, 0.000000
train,    6541, 203.447604,  106, 0.00,   14, 0.000, 0.000, 0.020, 48
train,    6542, 98.812455,   46, 1.00,    8, 0.000, 0.000, 0.020, 48
train,    6543, 236.689477,   79, 0.00,   14, 0.000, 0.000, 0.020, 48
train,    6544, 173.527707,  119, 0.00,    7, 0.000, 0.000, 0.020, 48
train,    6545, 150.409008,  103, 0.00,   12, 0.000, 0.000, 0.020, 48
train,    6546, 103.129717,   87, 1.00,   14, 0.000, 0.000, 0.020, 48
train,    6547, 89.721069,   81, 1.00,   11, 0.000, 0.000, 0.020, 48
train,    6548, 144.103228,  120, 0.00,   12, 0.000, 0.000, 0.020, 48
train,    6549, 237.073587,  120, 0.00,   14, 0.000, 0.000, 0.020, 48
train,    6550, 180.403521,  120, 0.00,   15, 0.000, 0.000, 0.020, 48
update,   6550,  655, 462488, 185.349272, 0.000000
train,    6551, 177.309828,   91, 0.00,    8, 0.000, 0.000, 0.020, 48
train,    6552, 270.000000,  120, 0.00,   14, 0.000, 0.000, 0.020, 48
train,    6553, 139.359289,   88, 0.00,   13, 0.000, 0.000, 0.020, 48
train,    6554, 223.742847,  120, 0.00,   12, 0.000, 0.000, 0.020, 48
train,    6555, 131.294252,   80, 0.00,   11, 0.000, 0.000, 0.020, 48
train,    6556, 187.552420,  118, 0.00,   14, 0.000, 0.000, 0.020, 48
train,    6557, 131.316330,   99, 0.00,   11, 0.000, 0.000, 0.020, 48
train,    6558, 181.730031,  106, 0.00,   13, 0.000, 0.000, 0.020, 48
train,    6559, 192.198697,  114, 0.00,    7, 0.000, 0.000, 0.020, 48
train,    6560, 218.481157,  120, 0.00,   16, 0.000, 0.000, 0.020, 48
update,   6560,  656, 463544, 225.976867, 0.000000
train,    6561, 71.710104,   79, 1.00,   12, 0.000, 0.000, 0.020, 48
train,    6562, 94.468562,   88, 1.00,   13, 0.000, 0.000, 0.020, 48
train,    6563, 219.964972,  119, 0.00,   16, 0.000, 0.000, 0.020, 48
train,    6564, 221.289218,  102, 0.00,   13, 0.000, 0.000, 0.020, 48
train,    6565, 158.543144,  111, 0.00,    8, 0.000, 0.000, 0.020, 48
train,    6566, 216.006898,  120, 0.00,    8, 0.000, 0.000, 0.020, 48
train,    6567, 206.920814,  112, 0.00,   15, 0.000, 0.000, 0.020, 48
train,    6568, 170.199340,   83, 0.00,   14, 0.000, 0.000, 0.020, 48
train,    6569, 38.413244,   44, 1.00,    9, 0.000, 0.000, 0.020, 48
train,    6570, 221.317516,   75, 0.00,   16, 0.000, 0.000, 0.020, 48
update,   6570,  657, 464477, 240.000000, 0.000000
train,    6571, 235.408215,  101, 0.00,   13, 0.000, 0.000, 0.020, 48
train,    6572, 270.000000,   89, 0.00,   14, 0.000, 0.000, 0.020, 48
train,    6573, 225.115008,  107, 0.00,   14, 0.000, 0.000, 0.020, 48
train,    6574, 193.825387,  116, 0.00,   10, 0.000, 0.000, 0.020, 48
train,    6575, 172.129703,   86, 0.00,   11, 0.000, 0.000, 0.020, 48
train,    6576, 186.926310,  113, 0.00,   11, 0.000, 0.000, 0.020, 48
train,    6577, 188.938596,  120, 0.00,   11, 0.000, 0.000, 0.020, 48
train,    6578, 226.557209,  105, 0.00,   13, 0.000, 0.000, 0.020, 48
train,    6579, 246.858914,  106, 0.00,   13, 0.000, 0.000, 0.020, 48
train,    6580, 249.446993,  105, 0.00,    9, 0.000, 0.000, 0.020, 48
update,   6580,  658, 465525, 225.430662, 0.000000
train,    6581, 231.320695,   93, 0.00,   12, 0.000, 0.000, 0.020, 48
train,    6582, 113.669426,   46, 1.00,   13, 0.000, 0.000, 0.020, 48
train,    6583, 112.400255,   80, 0.00,   10, 0.000, 0.000, 0.020, 48
train,    6584, 228.152048,  120, 0.00,   14, 0.000, 0.000, 0.020, 48
train,    6585, 198.916902,  100, 0.00,   10, 0.000, 0.000, 0.020, 48
train,    6586, 223.123345,   89, 0.00,   13, 0.000, 0.000, 0.020, 48
train,    6587, 238.841241,   91, 0.00,   15, 0.000, 0.000, 0.020, 48
train,    6588, 257.854130,  120, 0.00,   13, 0.000, 0.000, 0.020, 48
train,    6589, 98.085183,   43, 1.00,   11, 0.000, 0.000, 0.020, 48
train,    6590, 237.254497,  120, 0.00,   10, 0.000, 0.000, 0.020, 48
update,   6590,  659, 466427, 229.292177, 0.000000
train,    6591, 62.279534,   32, 1.00,    7, 0.000, 0.000, 0.020, 48
train,    6592, 206.347607,  110, 0.00,   13, 0.000, 0.000, 0.020, 48
train,    6593, 138.865164,  102, 0.00,    9, 0.000, 0.000, 0.020, 48
train,    6594, 270.000000,  116, 0.00,   15, 0.000, 0.000, 0.020, 48
train,    6595, 127.756943,  103, 0.00,    9, 0.000, 0.000, 0.020, 48
train,    6596, 175.213093,  107, 0.00,   12, 0.000, 0.000, 0.020, 48
train,    6597, 174.492313,   91, 0.00,   13, 0.000, 0.000, 0.020, 48
train,    6598, 252.772270,  106, 0.00,   13, 0.000, 0.000, 0.020, 48
train,    6599, 227.565283,   99, 0.00,   12, 0.000, 0.000, 0.020, 48
train,    6600, 125.375246,   75, 1.00,   10, 0.000, 0.000, 0.020, 48
update,   6600,  660, 467368, 119.727068, 0.000000
val_t, 6600, 467368, 150.922067, 0.1593,  78.5534,   0.0855, 0.8715,  27.8107, progress 0.8624
train,    6601, 256.947201,   88, 0.00,   11, 0.000, 0.000, 0.020, 48
train,    6602, 255.576393,  120, 0.00,   11, 0.000, 0.000, 0.020, 48
train,    6603, 65.084341,   63, 1.00,   10, 0.000, 0.000, 0.020, 48
train,    6604, 215.861421,   97, 0.00,   15, 0.000, 0.000, 0.020, 48
train,    6605, 215.511530,   86, 0.00,   12, 0.000, 0.000, 0.020, 48
train,    6606, 210.580371,   81, 0.00,   12, 0.000, 0.000, 0.020, 48
train,    6607, 264.312973,   95, 0.00,   12, 0.000, 0.000, 0.020, 48
train,    6608, 250.166893,   87, 0.00,   11, 0.000, 0.000, 0.020, 48
train,    6609, 258.731727,   90, 0.00,   13, 0.000, 0.000, 0.020, 48
train,    6610, 198.090580,   89, 0.00,   14, 0.000, 0.000, 0.020, 48
update,   6610,  661, 468264, 203.672602, 0.000000
train,    6611, 218.675231,  107, 0.00,   11, 0.000, 0.000, 0.020, 48
train,    6612, 145.145063,  100, 0.00,   12, 0.000, 0.000, 0.020, 48
train,    6613, 245.734621,   89, 0.00,   19, 0.000, 0.000, 0.020, 48
train,    6614, 165.277006,   76, 1.00,   11, 0.000, 0.000, 0.020, 48
train,    6615, 237.457963,   92, 0.00,   14, 0.000, 0.000, 0.020, 48
train,    6616, 230.022643,   71, 0.00,   13, 0.000, 0.000, 0.020, 48
train,    6617, 206.483518,  109, 0.00,   10, 0.000, 0.000, 0.020, 48
train,    6618, 73.193951,   73, 1.00,   10, 0.000, 0.000, 0.020, 48
train,    6619, 98.323766,   48, 1.00,    8, 0.000, 0.000, 0.020, 48
train,    6620, 234.539744,   81, 0.00,   11, 0.000, 0.000, 0.020, 48
update,   6620,  662, 469110, 224.904331, 0.000000
train,    6621, -25.000000,   50, 1.00,    9, 0.000, 0.000, 0.020, 48
train,    6622, 69.160094,   41, 1.00,   12, 0.000, 0.000, 0.020, 48
train,    6623, 184.194680,   98, 0.00,   15, 0.000, 0.000, 0.020, 48
train,    6624, 202.107575,   92, 0.00,   13, 0.000, 0.000, 0.020, 48
train,    6625, 223.288807,   89, 0.00,   12, 0.000, 0.000, 0.020, 48
train,    6626, 236.576764,   82, 0.00,   11, 0.000, 0.000, 0.020, 48
train,    6627, 106.599344,   61, 1.00,   13, 0.000, 0.000, 0.020, 48
train,    6628, 229.781717,  120, 0.00,   12, 0.000, 0.000, 0.020, 48
train,    6629, 185.403200,   78, 0.00,   15, 0.000, 0.000, 0.020, 48
train,    6630, 144.877034,   78, 1.00,   13, 0.000, 0.000, 0.020, 48
update,   6630,  663, 469899, 142.985462, 0.000000
train,    6631, 135.476336,   77, 1.00,    8, 0.000, 0.000, 0.020, 48
train,    6632, 17.011682,   46, 1.00,    6, 0.000, 0.000, 0.020, 48
train,    6633, 172.785439,   80, 0.00,   10, 0.000, 0.000, 0.020, 48
train,    6634, 155.360363,  106, 0.00,   10, 0.000, 0.000, 0.020, 48
train,    6635, 139.077472,   95, 1.00,   11, 0.000, 0.000, 0.020, 48
train,    6636, 27.784119,   46, 1.00,   12, 0.000, 0.000, 0.020, 48
train,    6637, 54.773147,   34, 1.00,   10, 0.000, 0.000, 0.020, 48
train,    6638, 221.986338,   93, 0.00,   15, 0.000, 0.000, 0.020, 48
train,    6639, 231.036936,   88, 0.00,   10, 0.000, 0.000, 0.020, 48
train,    6640, 15.519144,   69, 1.00,   11, 0.000, 0.000, 0.020, 48
update,   6640,  664, 470633, 28.278922, 0.000000
train,    6641, 43.400828,   45, 1.00,   10, 0.000, 0.000, 0.020, 48
train,    6642, 203.704130,  101, 0.00,   15, 0.000, 0.000, 0.020, 48
train,    6643, 228.781653,  100, 0.00,   13, 0.000, 0.000, 0.020, 48
train,    6644, 191.375653,   91, 0.00,   15, 0.000, 0.000, 0.020, 48
train,    6645, 252.938153,  109, 0.00,   11, 0.000, 0.000, 0.020, 48
train,    6646, 226.840074,   85, 0.00,   16, 0.000, 0.000, 0.020, 48
train,    6647, 168.475457,  117, 0.00,   11, 0.000, 0.000, 0.020, 48
train,    6648, 179.739132,   98, 0.00,   15, 0.000, 0.000, 0.020, 48
train,    6649, 256.129183,   78, 0.00,   13, 0.000, 0.000, 0.020, 48
train,    6650, 173.178070,   62, 0.00,   11, 0.000, 0.000, 0.020, 48
update,   6650,  665, 471519, 141.184141, 0.000000
train,    6651, 180.000000,   73, 1.00,   13, 0.000, 0.000, 0.020, 48
train,    6652, 220.371352,   85, 0.00,   16, 0.000, 0.000, 0.020, 48
train,    6653, 10.277877,   53, 1.00,    9, 0.000, 0.000, 0.020, 48
train,    6654, 90.039127,   51, 1.00,    5, 0.000, 0.000, 0.020, 48
train,    6655, 248.834675,   98, 0.00,   14, 0.000, 0.000, 0.020, 48
train,    6656, 110.338201,   84, 0.00,   10, 0.000, 0.000, 0.020, 48
train,    6657, 263.639641,   95, 0.00,   10, 0.000, 0.000, 0.020, 48
train,    6658, 101.702832,   35, 1.00,   12, 0.000, 0.000, 0.020, 48
train,    6659, 194.209165,   79, 0.00,   16, 0.000, 0.000, 0.020, 48
train,    6660, 63.400124,   53, 1.00,    7, 0.000, 0.000, 0.019, 48
update,   6660,  666, 472225, 94.191932, 0.000000
train,    6661, 76.471245,   80, 1.00,    9, 0.000, 0.000, 0.019, 48
train,    6662, 159.931471,   76, 0.00,   12, 0.000, 0.000, 0.019, 48
train,    6663, 206.438412,   76, 0.00,   13, 0.000, 0.000, 0.019, 48
train,    6664, 159.006812,   90, 0.00,   13, 0.000, 0.000, 0.019, 48
train,    6665, 216.868046,   71, 0.00,   16, 0.000, 0.000, 0.019, 48
train,    6666, 203.612164,   96, 0.00,   16, 0.000, 0.000, 0.019, 48
train,    6667, 219.512333,  114, 0.00,   15, 0.000, 0.000, 0.019, 48
train,    6668, 168.765881,   92, 0.00,   11, 0.000, 0.000, 0.019, 48
train,    6669, 241.759456,   70, 0.00,   14, 0.000, 0.000, 0.019, 48
train,    6670, 171.867952,  105, 1.00,   11, 0.000, 0.000, 0.019, 48
update,   6670,  667, 473095, 186.475125, 0.000000
train,    6671, 150.149137,   76, 0.00,   14, 0.000, 0.000, 0.019, 48
train,    6672, 176.058594,   53, 0.00,   14, 0.000, 0.000, 0.019, 48
train,    6673, 247.569824,   82, 0.00,   15, 0.000, 0.000, 0.019, 48
train,    6674, 183.596638,   49, 0.00,   13, 0.000, 0.000, 0.019, 48
train,    6675, 134.294130,  105, 1.00,   13, 0.000, 0.000, 0.019, 48
train,    6676, 131.336587,   79, 1.00,   13, 0.000, 0.000, 0.019, 48
train,    6677, 181.327412,   68, 0.00,   10, 0.000, 0.000, 0.019, 48
train,    6678, 160.305647,   82, 0.00,   14, 0.000, 0.000, 0.019, 48
train,    6679, 144.152521,   59, 0.00,   12, 0.000, 0.000, 0.019, 48
train,    6680, 188.753571,   77, 0.00,   11, 0.000, 0.000, 0.019, 48
update,   6680,  668, 473825, 161.061949, 0.000000
train,    6681, 211.710474,  110, 0.00,   12, 0.000, 0.000, 0.019, 48
train,    6682, 186.364996,   94, 0.00,   12, 0.000, 0.000, 0.019, 48
train,    6683, 208.068457,   70, 0.00,   12, 0.000, 0.000, 0.019, 48
train,    6684, 180.726323,   93, 0.00,   11, 0.000, 0.000, 0.019, 48
train,    6685, 220.422319,   46, 0.00,   14, 0.000, 0.000, 0.019, 48
train,    6686, 213.476248,  110, 0.00,   12, 0.000, 0.000, 0.019, 48
train,    6687, 233.100331,   89, 0.00,   15, 0.000, 0.000, 0.019, 48
train,    6688, 270.000000,   87, 0.00,   12, 0.000, 0.000, 0.019, 48
train,    6689, 118.172697,   62, 1.00,   11, 0.000, 0.000, 0.019, 48
train,    6690, 187.202904,  112, 0.00,   15, 0.000, 0.000, 0.019, 48
update,   6690,  669, 474698, 185.806217, 0.000000
train,    6691, 177.436977,   45, 0.00,    9, 0.000, 0.000, 0.019, 48
train,    6692, 218.082738,   74, 0.00,   10, 0.000, 0.000, 0.019, 48
train,    6693, 140.575620,   67, 1.00,   12, 0.000, 0.000, 0.019, 48
train,    6694, 224.411615,   61, 0.00,   15, 0.000, 0.000, 0.019, 48
train,    6695, 164.770423,   55, 0.00,   12, 0.000, 0.000, 0.019, 48
train,    6696, 197.855869,   45, 0.00,   17, 0.000, 0.000, 0.019, 48
train,    6697, 249.885158,   50, 0.00,   11, 0.000, 0.000, 0.019, 48
train,    6698, 106.766681,   42, 1.00,   10, 0.000, 0.000, 0.019, 48
train,    6699, 171.821490,   78, 0.00,   14, 0.000, 0.000, 0.019, 48
train,    6700, 267.008503,   45, 0.00,   15, 0.000, 0.000, 0.019, 48
update,   6700,  670, 475260, 240.000000, 0.000000
val_t, 6700, 475260, 127.432650, 0.0998,  76.4540,   0.1266, 0.8377,  27.7260, progress 0.8878
train,    6701, 136.228144,   79, 0.00,   14, 0.000, 0.000, 0.019, 48
train,    6702, 82.855601,   44, 1.00,    9, 0.000, 0.000, 0.019, 48
train,    6703, 187.188075,   83, 0.00,   13, 0.000, 0.000, 0.019, 48
train,    6704, 54.507693,   78, 1.00,    9, 0.000, 0.000, 0.019, 48
train,    6705, 270.000000,   50, 0.00,    9, 0.000, 0.000, 0.019, 48
train,    6706, 196.165229,   69, 0.00,   12, 0.000, 0.000, 0.019, 48
train,    6707, 175.796402,   64, 0.00,   15, 0.000, 0.000, 0.019, 48
train,    6708, 88.914753,   66, 1.00,   12, 0.000, 0.000, 0.019, 48
train,    6709, 171.151717,   53, 0.00,   11, 0.000, 0.000, 0.019, 48
train,    6710, 143.550047,   73, 0.00,   11, 0.000, 0.000, 0.019, 48
update,   6710,  671, 475919, 132.565729, 0.000000
train,    6711, 178.924763,   98, 0.00,   11, 0.000, 0.000, 0.019, 48
train,    6712, 148.080718,   85, 0.00,   13, 0.000, 0.000, 0.019, 48
train,    6713, 53.813998,   47, 1.00,   10, 0.000, 0.000, 0.019, 48
train,    6714, 230.357461,   85, 0.00,    8, 0.000, 0.000, 0.019, 48
train,    6715, 207.362745,   79, 0.00,   15, 0.000, 0.000, 0.019, 48
train,    6716, 212.640694,   68, 0.00,   14, 0.000, 0.000, 0.019, 48
train,    6717, 150.691597,   77, 0.00,   16, 0.000, 0.000, 0.019, 48
train,    6718, 270.000000,   45, 0.00,   14, 0.000, 0.000, 0.019, 48
train,    6719, 266.341004,   76, 0.00,   11, 0.000, 0.000, 0.019, 48
train,    6720, 270.000000,   45, 0.00,   16, 0.000, 0.000, 0.019, 48
update,   6720,  672, 476624, 240.000000, 0.000000
train,    6721, 75.564896,   83, 1.00,   11, 0.000, 0.000, 0.019, 48
train,    6722, 270.000000,   76, 0.00,   12, 0.000, 0.000, 0.019, 48
train,    6723, 190.799404,   89, 0.00,   12, 0.000, 0.000, 0.019, 48
train,    6724, 199.338018,   68, 0.00,   11, 0.000, 0.000, 0.019, 48
train,    6725, 93.553953,   96, 1.00,   16, 0.000, 0.000, 0.019, 48
train,    6726, 188.798085,   97, 0.00,   15, 0.000, 0.000, 0.019, 48
train,    6727, 156.002590,  119, 0.00,   14, 0.000, 0.000, 0.019, 48
train,    6728, 121.682481,   69, 0.00,   15, 0.000, 0.000, 0.019, 48
train,    6729, 185.275919,   94, 0.00,   13, 0.000, 0.000, 0.019, 48
train,    6730, 255.146018,   66, 0.00,   14, 0.000, 0.000, 0.019, 48
update,   6730,  673, 477481, 215.162596, 0.000000
train,    6731, 146.911937,   52, 1.00,   12, 0.000, 0.000, 0.019, 48
train,    6732, 120.118283,   38, 1.00,   13, 0.000, 0.000, 0.019, 48
train,    6733, 126.717575,   63, 0.00,   13, 0.000, 0.000, 0.019, 48
train,    6734, 242.293699,   85, 0.00,   10, 0.000, 0.000, 0.019, 48
train,    6735, 233.200096,   83, 0.00,   10, 0.000, 0.000, 0.019, 48
train,    6736, 158.205845,   66, 0.00,   12, 0.000, 0.000, 0.019, 48
train,    6737, 233.272091,   54, 0.00,   14, 0.000, 0.000, 0.019, 48
train,    6738, 55.161679,   35, 1.00,   10, 0.000, 0.000, 0.019, 48
train,    6739, 190.424659,   70, 0.00,   12, 0.000, 0.000, 0.019, 48
train,    6740, 214.748310,   81, 0.00,    8, 0.000, 0.000, 0.019, 48
update,   6740,  674, 478108, 236.727717, 0.000000
train,    6741, 73.169108,   49, 1.00,    8, 0.000, 0.000, 0.019, 48
train,    6742, 197.945189,   82, 0.00,   12, 0.000, 0.000, 0.019, 48
train,    6743, 151.016989,   98, 0.00,   11, 0.000, 0.000, 0.019, 48
train,    6744, 104.264235,   80, 1.00,   12, 0.000, 0.000, 0.019, 48
train,    6745, 270.000000,   84, 0.00,   11, 0.000, 0.000, 0.019, 48
train,    6746, 237.072825,   66, 0.00,   18, 0.000, 0.000, 0.019, 48
train,    6747, 154.012313,   87, 0.00,   11, 0.000, 0.000, 0.019, 48
train,    6748, 207.027090,   63, 0.00,   16, 0.000, 0.000, 0.019, 48
train,    6749, 265.892523,   92, 0.00,   13, 0.000, 0.000, 0.019, 48
train,    6750, 262.823722,  103, 0.00,   16, 0.000, 0.000, 0.019, 48
update,   6750,  675, 478912, 240.000000, 0.000000
train,    6751, 189.042245,   72, 0.00,   13, 0.000, 0.000, 0.019, 48
train,    6752, 117.402421,   99, 0.00,    9, 0.000, 0.000, 0.019, 48
train,    6753, 195.180047,   78, 0.00,    9, 0.000, 0.000, 0.019, 48
train,    6754, 253.747202,   96, 0.00,   13, 0.000, 0.000, 0.019, 48
train,    6755, 222.814473,   89, 0.00,   12, 0.000, 0.000, 0.019, 48
train,    6756, 179.652231,   82, 0.00,   11, 0.000, 0.000, 0.019, 48
train,    6757, 202.482211,   71, 0.00,   12, 0.000, 0.000, 0.019, 48
train,    6758, 88.024763,   76, 1.00,    9, 0.000, 0.000, 0.019, 48
train,    6759, 110.513168,   80, 0.00,   12, 0.000, 0.000, 0.019, 48
train,    6760, 178.859685,   89, 0.00,   10, 0.000, 0.000, 0.019, 48
update,   6760,  676, 479744, 154.774802, 0.000000
train,    6761, -25.000000,   51, 1.00,   11, 0.000, 0.000, 0.019, 48
train,    6762, -8.309827,   45, 1.00,    7, 0.000, 0.000, 0.019, 48
train,    6763, 242.437838,  103, 0.00,   16, 0.000, 0.000, 0.019, 48
train,    6764, 193.296346,   82, 0.00,   13, 0.000, 0.000, 0.019, 48
train,    6765, 151.670765,   98, 1.00,   14, 0.000, 0.000, 0.019, 48
train,    6766, 265.831833,   68, 0.00,   14, 0.000, 0.000, 0.019, 48
train,    6767, 173.719113,   77, 0.00,   13, 0.000, 0.000, 0.019, 48
train,    6768, 127.837324,  120, 0.00,    9, 0.000, 0.000, 0.019, 48
train,    6769, 266.287359,  112, 0.00,   12, 0.000, 0.000, 0.019, 48
train,    6770, 85.460016,   36, 1.00,    9, 0.000, 0.000, 0.019, 48
update,   6770,  677, 480536, 62.246223, 0.000000
train,    6771, 188.041890,  120, 0.00,   11, 0.000, 0.000, 0.019, 48
train,    6772, 250.356289,   83, 0.00,   14, 0.000, 0.000, 0.019, 48
train,    6773, 137.442654,   94, 0.00,   15, 0.000, 0.000, 0.019, 48
train,    6774, 233.647205,  101, 0.00,   12, 0.000, 0.000, 0.019, 48
train,    6775, 231.821207,   58, 0.00,   11, 0.000, 0.000, 0.019, 48
train,    6776, 220.632882,   52, 0.00,   12, 0.000, 0.000, 0.019, 48
train,    6777, 88.772168,   36, 1.00,   10, 0.000, 0.000, 0.019, 48
train,    6778, 105.545828,   59, 1.00,   14, 0.000, 0.000, 0.019, 48
train,    6779, 191.895068,  108, 0.00,    9, 0.000, 0.000, 0.019, 48
train,    6780, 51.830559,   56, 1.00,    8, 0.000, 0.000, 0.019, 48
update,   6780,  678, 481303, 64.362928, 0.000000
train,    6781, 111.315090,   53, 1.00,   10, 0.000, 0.000, 0.019, 48
train,    6782, 133.618197,   66, 0.00,    7, 0.000, 0.000, 0.019, 48
train,    6783, 239.155474,   77, 0.00,   11, 0.000, 0.000, 0.019, 48
train,    6784, 142.816696,   98, 1.00,   13, 0.000, 0.000, 0.019, 48
train,    6785, 230.207538,   87, 0.00,   17, 0.000, 0.000, 0.019, 48
train,    6786, 230.536985,   86, 0.00,   13, 0.000, 0.000, 0.019, 48
train,    6787, 173.949039,  109, 0.00,    8, 0.000, 0.000, 0.019, 48
train,    6788, 170.638337,  109, 0.00,   12, 0.000, 0.000, 0.019, 48
train,    6789, 199.058367,   85, 0.00,   15, 0.000, 0.000, 0.019, 48
train,    6790, 178.606655,   67, 0.00,   17, 0.000, 0.000, 0.019, 48
update,   6790,  679, 482140, 174.881745, 0.000000
train,    6791, 247.262161,   80, 0.00,    9, 0.000, 0.000, 0.019, 48
train,    6792, 151.490168,   84, 0.00,   11, 0.000, 0.000, 0.018, 48
train,    6793, 256.189942,   65, 0.00,   13, 0.000, 0.000, 0.018, 48
train,    6794, 203.888433,   94, 0.00,   15, 0.000, 0.000, 0.018, 48
train,    6795, 203.029070,  111, 0.00,   19, 0.000, 0.000, 0.018, 48
train,    6796, 51.347761,   54, 1.00,   11, 0.000, 0.000, 0.018, 48
train,    6797, 207.381488,  115, 0.00,   15, 0.000, 0.000, 0.018, 48
train,    6798, 126.289356,   71, 1.00,   10, 0.000, 0.000, 0.018, 48
train,    6799, 216.995691,  117, 0.00,   15, 0.000, 0.000, 0.018, 48
train,    6800, 229.820953,   79, 0.00,   13, 0.000, 0.000, 0.018, 48
update,   6800,  680, 483010, 240.000000, 0.000000
val_t, 6800, 483010, 171.278857, 0.0997,  77.8393,   0.0814, 0.8890,  27.8335, progress 0.8114
train,    6801, 245.639644,   93, 0.00,   15, 0.000, 0.000, 0.018, 48
train,    6802, 213.688855,   75, 0.00,   12, 0.000, 0.000, 0.018, 48
train,    6803, 236.119403,   86, 0.00,   14, 0.000, 0.000, 0.018, 48
train,    6804, 270.000000,   96, 0.00,   14, 0.000, 0.000, 0.018, 48
train,    6805, 205.498419,   82, 0.00,   16, 0.000, 0.000, 0.018, 48
train,    6806, 153.989855,   74, 0.00,    9, 0.000, 0.000, 0.018, 48
train,    6807, 200.757857,  120, 0.00,   12, 0.000, 0.000, 0.018, 48
train,    6808, 196.624614,   90, 0.00,   13, 0.000, 0.000, 0.018, 48
train,    6809, 180.000000,  102, 1.00,   13, 0.000, 0.000, 0.018, 48
train,    6810, 201.755904,  115, 0.00,   15, 0.000, 0.000, 0.018, 48
update,   6810,  681, 483943, 214.602358, 0.000000
train,    6811, 217.067055,   55, 0.00,   11, 0.000, 0.000, 0.018, 48
train,    6812, -17.074703,   31, 1.00,   10, 0.000, 0.000, 0.018, 48
train,    6813, 237.812094,   83, 0.00,   15, 0.000, 0.000, 0.018, 48
train,    6814, 233.647701,   77, 0.00,   18, 0.000, 0.000, 0.018, 48
train,    6815, 197.043994,   84, 0.00,   15, 0.000, 0.000, 0.018, 48
train,    6816, 190.591683,  115, 0.00,   12, 0.000, 0.000, 0.018, 48
train,    6817, 174.276480,   79, 0.00,   12, 0.000, 0.000, 0.018, 48
train,    6818, 135.463597,   91, 0.00,   19, 0.000, 0.000, 0.018, 48
train,    6819, 175.012188,   91, 0.00,   11, 0.000, 0.000, 0.018, 48
train,    6820, 145.112769,   76, 1.00,   12, 0.000, 0.000, 0.018, 48
update,   6820,  682, 484725, 155.472615, 0.000000
train,    6821, 195.893695,  103, 0.00,   14, 0.000, 0.000, 0.018, 48
train,    6822, 222.458517,   73, 0.00,   14, 0.000, 0.000, 0.018, 48
train,    6823, 247.311969,   82, 0.00,   14, 0.000, 0.000, 0.018, 48
train,    6824, 270.000000,  110, 0.00,   12, 0.000, 0.000, 0.018, 48
train,    6825, 171.915192,   92, 0.00,    9, 0.000, 0.000, 0.018, 48
train,    6826, 259.543542,  105, 0.00,   15, 0.000, 0.000, 0.018, 48
train,    6827, 207.946846,   84, 0.00,   14, 0.000, 0.000, 0.018, 48
train,    6828, 269.980799,   50, 0.00,   12, 0.000, 0.000, 0.018, 48
train,    6829, 192.487707,   69, 0.00,   10, 0.000, 0.000, 0.018, 48
train,    6830, 180.895412,  113, 0.00,   15, 0.000, 0.000, 0.018, 48
update,   6830,  683, 485606, 185.152221, 0.000000
train,    6831, 210.760418,  116, 0.00,   11, 0.000, 0.000, 0.018, 48
train,    6832, 264.153448,   67, 0.00,   14, 0.000, 0.000, 0.018, 48
train,    6833, 210.860249,   90, 0.00,   11, 0.000, 0.000, 0.018, 48
train,    6834, 133.672835,  105, 1.00,   14, 0.000, 0.000, 0.018, 48
train,    6835, 149.518954,  120, 0.00,   13, 0.000, 0.000, 0.018, 48
train,    6836, 215.880057,  120, 0.00,   10, 0.000, 0.000, 0.018, 48
train,    6837, 235.102604,  120, 0.00,   15, 0.000, 0.000, 0.018, 48
train,    6838, 236.385476,  118, 0.00,   10, 0.000, 0.000, 0.018, 48
train,    6839, 125.543893,   85, 1.00,   10, 0.000, 0.000, 0.018, 48
train,    6840, 209.110019,  115, 0.00,   11, 0.000, 0.000, 0.018, 48
update,   6840,  684, 486662, 225.882590, 0.000000
train,    6841, 226.759388,  107, 0.00,   13, 0.000, 0.000, 0.018, 48
train,    6842, 216.166732,   89, 0.00,   15, 0.000, 0.000, 0.018, 48
train,    6843, 191.084447,   91, 0.00,   11, 0.000, 0.000, 0.018, 48
train,    6844, 89.095003,   46, 1.00,   10, 0.000, 0.000, 0.018, 48
train,    6845, 250.095272,  108, 0.00,   14, 0.000, 0.000, 0.018, 48
train,    6846, 179.084014,  115, 0.00,   11, 0.000, 0.000, 0.018, 48
train,    6847, 161.975740,  113, 0.00,   11, 0.000, 0.000, 0.018, 48
train,    6848, 138.701491,  108, 0.00,   13, 0.000, 0.000, 0.018, 48
train,    6849, 244.412100,  108, 0.00,   14, 0.000, 0.000, 0.018, 48
train,    6850, 243.725831,  112, 0.00,   12, 0.000, 0.000, 0.018, 48
update,   6850,  685, 487659, 240.000000, 0.000000
train,    6851, 184.482044,  104, 0.00,   15, 0.000, 0.000, 0.018, 48
train,    6852, 63.537025,   57, 1.00,    9, 0.000, 0.000, 0.018, 48
train,    6853, 221.292523,   77, 0.00,   14, 0.000, 0.000, 0.018, 48
train,    6854, 110.015422,   57, 1.00,   13, 0.000, 0.000, 0.018, 48
train,    6855, 135.672532,   90, 1.00,   11, 0.000, 0.000, 0.018, 48
train,    6856, 132.130662,  101, 0.00,    9, 0.000, 0.000, 0.018, 48
train,    6857, 83.508858,   75, 1.00,   11, 0.000, 0.000, 0.018, 48
train,    6858, 255.613168,  115, 0.00,   16, 0.000, 0.000, 0.018, 48
train,    6859, 172.465264,   99, 0.00,   13, 0.000, 0.000, 0.018, 48
train,    6860, 160.573927,  112, 0.00,   13, 0.000, 0.000, 0.018, 48
update,   6860,  686, 488546, 161.111111, 0.000000
train,    6861, 253.311538,  120, 0.00,   17, 0.000, 0.000, 0.018, 48
train,    6862, 205.570646,  101, 0.00,   10, 0.000, 0.000, 0.018, 48
train,    6863, 210.175672,  120, 0.00,   14, 0.000, 0.000, 0.018, 48
train,    6864, 259.902943,  120, 0.00,   15, 0.000, 0.000, 0.018, 48
train,    6865, 262.002387,  103, 0.00,   14, 0.000, 0.000, 0.018, 48
train,    6866, 228.715747,  103, 0.00,   15, 0.000, 0.000, 0.018, 48
train,    6867, 175.528180,  120, 0.00,   15, 0.000, 0.000, 0.018, 48
train,    6868, 163.576975,   73, 1.00,   12, 0.000, 0.000, 0.018, 48
train,    6869, 32.849783,   62, 1.00,    7, 0.000, 0.000, 0.018, 48
train,    6870, 227.449728,  120, 0.00,   14, 0.000, 0.000, 0.018, 48
update,   6870,  687, 489588, 199.298219, 0.000000
train,    6871, 270.000000,  120, 0.00,   13, 0.000, 0.000, 0.018, 48
train,    6872, 82.978303,   78, 1.00,   13, 0.000, 0.000, 0.018, 48
train,    6873, 95.456435,   64, 1.00,    7, 0.000, 0.000, 0.018, 48
train,    6874, 197.210936,  113, 0.00,   11, 0.000, 0.000, 0.018, 48
train,    6875, 57.479081,   45, 1.00,   13, 0.000, 0.000, 0.018, 48
train,    6876, 243.398491,  111, 0.00,   12, 0.000, 0.000, 0.018, 48
train,    6877, 77.354369,   20, 1.00,    9, 0.000, 0.000, 0.018, 48
train,    6878, 214.502387,   97, 0.00,   16, 0.000, 0.000, 0.018, 48
train,    6879, 232.622166,  120, 0.00,   11, 0.000, 0.000, 0.018, 48
train,    6880, 218.636148,  110, 0.00,   14, 0.000, 0.000, 0.018, 48
update,   6880,  688, 490466, 184.003137, 0.000000
train,    6881, 139.214962,  113, 0.00,   16, 0.000, 0.000, 0.018, 48
train,    6882, 205.582224,  100, 0.00,   14, 0.000, 0.000, 0.018, 48
train,    6883, 91.311899,   60, 1.00,   15, 0.000, 0.000, 0.018, 48
train,    6884, 165.810046,   86, 0.00,   13, 0.000, 0.000, 0.018, 48
train,    6885, 190.235652,  102, 0.00,   14, 0.000, 0.000, 0.018, 48
train,    6886, 221.896125,   63, 0.00,   12, 0.000, 0.000, 0.018, 48
train,    6887, 202.418260,  120, 0.00,   17, 0.000, 0.000, 0.018, 48
train,    6888, 200.708768,   86, 0.00,   13, 0.000, 0.000, 0.018, 48
train,    6889, 169.301681,  118, 0.00,   16, 0.000, 0.000, 0.018, 48
train,    6890, 205.400921,  117, 0.00,   11, 0.000, 0.000, 0.018, 48
update,   6890,  689, 491431, 198.368162, 0.000000
train,    6891, 168.255217,  106, 0.00,   12, 0.000, 0.000, 0.018, 48
train,    6892, 251.958618,   98, 0.00,   10, 0.000, 0.000, 0.018, 48
train,    6893, 250.487902,   87, 0.00,   15, 0.000, 0.000, 0.018, 48
train,    6894, 193.275328,  109, 0.00,   14, 0.000, 0.000, 0.018, 48
train,    6895, 180.000000,   63, 1.00,   10, 0.000, 0.000, 0.018, 48
train,    6896, 131.719829,   61, 1.00,   14, 0.000, 0.000, 0.018, 48
train,    6897, 194.849286,  120, 0.00,    8, 0.000, 0.000, 0.018, 48
train,    6898, 208.394757,  105, 0.00,    9, 0.000, 0.000, 0.018, 48
train,    6899, 200.199520,   80, 0.00,   10, 0.000, 0.000, 0.018, 48
train,    6900, -0.324586,   35, 1.00,   15, 0.000, 0.000, 0.018, 48
update,   6900,  690, 492295, -5.000000, 0.000000
val_t, 6900, 492295, 180.927182, 0.0984,  87.3357,   0.1212, 0.8200,  27.4964, progress 0.9257
train,    6901, 113.007117,   56, 1.00,   14, 0.000, 0.000, 0.018, 48
train,    6902, 135.716583,  105, 0.00,    8, 0.000, 0.000, 0.018, 48
train,    6903, 239.719911,  105, 0.00,   11, 0.000, 0.000, 0.018, 48
train,    6904, 198.912278,  105, 0.00,   13, 0.000, 0.000, 0.018, 48
train,    6905, 164.444761,   63, 0.00,   14, 0.000, 0.000, 0.018, 48
train,    6906, 180.571604,  105, 0.00,   12, 0.000, 0.000, 0.018, 48
train,    6907, 171.116275,   86, 0.00,   13, 0.000, 0.000, 0.018, 48
train,    6908, 208.801819,   57, 0.00,   14, 0.000, 0.000, 0.018, 48
train,    6909, 261.709760,   73, 0.00,   14, 0.000, 0.000, 0.018, 48
train,    6910, 245.493774,   79, 0.00,   12, 0.000, 0.000, 0.018, 48
update,   6910,  691, 493129, 240.000000, 0.000000
train,    6911, 193.036061,   79, 0.00,   12, 0.000, 0.000, 0.018, 48
train,    6912, 239.032133,   82, 0.00,   12, 0.000, 0.000, 0.018, 48
train,    6913, 168.036644,   64, 0.00,   11, 0.000, 0.000, 0.018, 48
train,    6914, 181.892566,   64, 0.00,   11, 0.000, 0.000, 0.018, 48
train,    6915, 184.763483,   97, 0.00,    8, 0.000, 0.000, 0.018, 48
train,    6916, 190.247199,  100, 0.00,   12, 0.000, 0.000, 0.018, 48
train,    6917, 240.186032,   97, 0.00,   11, 0.000, 0.000, 0.018, 48
train,    6918, 128.942803,   73, 0.00,   15, 0.000, 0.000, 0.018, 48
train,    6919, 225.343476,   65, 0.00,   13, 0.000, 0.000, 0.018, 48
train,    6920, 240.491862,  120, 0.00,   15, 0.000, 0.000, 0.018, 48
update,   6920,  692, 493970, 233.590865, 0.000000
train,    6921, 188.179911,   61, 0.00,    9, 0.000, 0.000, 0.018, 48
train,    6922, 212.803355,   87, 0.00,   13, 0.000, 0.000, 0.018, 48
train,    6923, 219.868825,   83, 0.00,   16, 0.000, 0.000, 0.018, 48
train,    6924, 213.278282,   71, 0.00,   15, 0.000, 0.000, 0.018, 48
train,    6925, 150.746370,   75, 0.00,   11, 0.000, 0.000, 0.018, 48
train,    6926, 218.038873,   81, 0.00,   14, 0.000, 0.000, 0.018, 48
train,    6927, 202.104379,   79, 0.00,   18, 0.000, 0.000, 0.018, 48
train,    6928, 238.083518,   76, 0.00,   14, 0.000, 0.000, 0.018, 48
train,    6929, 243.590164,  103, 0.00,   12, 0.000, 0.000, 0.018, 48
train,    6930, 270.000000,   67, 0.00,   15, 0.000, 0.000, 0.018, 48
update,   6930,  693, 494753, 240.000000, 0.000000
train,    6931, 174.154921,   83, 0.00,   11, 0.000, 0.000, 0.017, 48
train,    6932, 149.327460,  105, 1.00,   11, 0.000, 0.000, 0.017, 48
train,    6933, 233.385138,   82, 0.00,   14, 0.000, 0.000, 0.017, 48
train,    6934, 217.501631,   74, 0.00,   12, 0.000, 0.000, 0.017, 48
train,    6935, 65.696042,   64, 1.00,    9, 0.000, 0.000, 0.017, 48
train,    6936, 205.363927,  103, 0.00,   10, 0.000, 0.000, 0.017, 48
train,    6937, 198.942684,   84, 0.00,   10, 0.000, 0.000, 0.017, 48
train,    6938, 150.117935,  120, 0.00,   12, 0.000, 0.000, 0.017, 48
train,    6939, 173.141248,   73, 0.00,   15, 0.000, 0.000, 0.017, 48
train,    6940, 213.090345,  115, 0.00,   13, 0.000, 0.000, 0.017, 48
update,   6940,  694, 495656, 209.444421, 0.000000
train,    6941, 203.581421,   77, 0.00,   13, 0.000, 0.000, 0.017, 48
train,    6942, 147.436011,   59, 0.00,   13, 0.000, 0.000, 0.017, 48
train,    6943, 165.803276,   84, 0.00,   11, 0.000, 0.000, 0.017, 48
train,    6944, 76.277310,   84, 1.00,    9, 0.000, 0.000, 0.017, 48
train,    6945, 220.795341,   60, 0.00,   16, 0.000, 0.000, 0.017, 48
train,    6946, 240.452132,   74, 0.00,   14, 0.000, 0.000, 0.017, 48
train,    6947, 208.113508,   74, 0.00,    9, 0.000, 0.000, 0.017, 48
train,    6948, 198.768131,   86, 0.00,   14, 0.000, 0.000, 0.017, 48
train,    6949, 147.787003,   71, 0.00,   12, 0.000, 0.000, 0.017, 48
train,    6950, 232.405966,   65, 0.00,   12, 0.000, 0.000, 0.017, 48
update,   6950,  695, 496390, 240.000000, 0.000000
train,    6951, 123.993600,   96, 1.00,   15, 0.000, 0.000, 0.017, 48
train,    6952, 164.055881,   68, 0.00,   11, 0.000, 0.000, 0.017, 48
train,    6953, 199.792171,   87, 0.00,   15, 0.000, 0.000, 0.017, 48
train,    6954, 204.642070,   80, 0.00,   15, 0.000, 0.000, 0.017, 48
train,    6955, 225.611483,   60, 0.00,   17, 0.000, 0.000, 0.017, 48
train,    6956, 215.980430,   91, 0.00,   14, 0.000, 0.000, 0.017, 48
train,    6957, 187.156396,   49, 0.00,   12, 0.000, 0.000, 0.017, 48
train,    6958, 259.958689,   46, 0.00,   14, 0.000, 0.000, 0.017, 48
train,    6959, 121.073023,   87, 1.00,   14, 0.000, 0.000, 0.017, 48
train,    6960, 77.019891,   57, 1.00,   10, 0.000, 0.000, 0.017, 48
update,   6960,  696, 497111, 60.693807, 0.000000
train,    6961, 162.839393,   62, 0.00,   13, 0.000, 0.000, 0.017, 48
train,    6962, 241.707263,   90, 0.00,   17, 0.000, 0.000, 0.017, 48
train,    6963, 268.567049,   95, 0.00,   14, 0.000, 0.000, 0.017, 48
train,    6964, 210.901682,   90, 0.00,   15, 0.000, 0.000, 0.017, 48
train,    6965, 143.175057,   82, 0.00,   15, 0.000, 0.000, 0.017, 48
train,    6966, 209.805724,   97, 0.00,   10, 0.000, 0.000, 0.017, 48
train,    6967, 165.189206,   68, 0.00,   13, 0.000, 0.000, 0.017, 48
train,    6968, 183.867960,   77, 0.00,   11, 0.000, 0.000, 0.017, 48
train,    6969, 138.306304,   67, 1.00,    9, 0.000, 0.000, 0.017, 48
train,    6970, 248.499105,   85, 0.00,   16, 0.000, 0.000, 0.017, 48
update,   6970,  697, 497924, 228.657895, 0.000000
train,    6971, 258.268275,   60, 0.00,   11, 0.000, 0.000, 0.017, 48
train,    6972, 201.952609,   47, 0.00,   13, 0.000, 0.000, 0.017, 48
train,    6973, 208.971868,   57, 0.00,   15, 0.000, 0.000, 0.017, 48
train,    6974, 193.975431,   95, 0.00,   12, 0.000, 0.000, 0.017, 48
train,    6975, 245.043580,  112, 0.00,   15, 0.000, 0.000, 0.017, 48
train,    6976, 155.680065,   72, 1.00,   11, 0.000, 0.000, 0.017, 48
train,    6977, 160.958390,   75, 0.00,   12, 0.000, 0.000, 0.017, 48
train,    6978, 172.525617,   68, 0.00,   11, 0.000, 0.000, 0.017, 48
train,    6979, 159.682994,  102, 0.00,   15, 0.000, 0.000, 0.017, 48
train,    6980, 209.382858,   69, 0.00,   14, 0.000, 0.000, 0.017, 48
update,   6980,  698, 498681, 199.358604, 0.000000
train,    6981, 177.909864,   94, 0.00,   16, 0.000, 0.000, 0.017, 48
train,    6982, 219.037847,   81, 0.00,   13, 0.000, 0.000, 0.017, 48
train,    6983, 219.069746,   45, 0.00,   12, 0.000, 0.000, 0.017, 48
train,    6984, 226.401920,  107, 0.00,   14, 0.000, 0.000, 0.017, 48
train,    6985, 261.000967,   65, 0.00,   12, 0.000, 0.000, 0.017, 48
train,    6986, 256.837522,   48, 0.00,   14, 0.000, 0.000, 0.017, 48
train,    6987, 176.466833,   91, 0.00,   11, 0.000, 0.000, 0.017, 48
train,    6988, 208.561306,   71, 0.00,   13, 0.000, 0.000, 0.017, 48
train,    6989, 233.328790,   69, 0.00,   16, 0.000, 0.000, 0.017, 48
train,    6990, 163.755612,   79, 0.00,   13, 0.000, 0.000, 0.017, 48
update,   6990,  699, 499431, 173.327751, 0.000000
train,    6991, 215.508441,   68, 0.00,   12, 0.000, 0.000, 0.017, 48
train,    6992, 206.436986,   74, 0.00,   12, 0.000, 0.000, 0.017, 48
train,    6993, 153.929405,   89, 0.00,   13, 0.000, 0.000, 0.017, 48
train,    6994, 211.392415,   89, 0.00,   11, 0.000, 0.000, 0.017, 48
train,    6995, 252.028203,   56, 0.00,   14, 0.000, 0.000, 0.017, 48
train,    6996, 104.923494,   69, 1.00,    9, 0.000, 0.000, 0.017, 48
train,    6997, 110.547591,   56, 1.00,    9, 0.000, 0.000, 0.017, 48
train,    6998, 127.509925,   40, 1.00,    7, 0.000, 0.000, 0.017, 48
train,    6999, 242.265690,   45, 0.00,   11, 0.000, 0.000, 0.017, 48
train,    7000, 189.318970,  103, 0.00,   11, 0.000, 0.000, 0.017, 48
update,   7000,  700, 500120, 204.121365, 0.000000
val_t, 7000, 500120, 185.925783, 0.1219,  71.1416,   0.0865, 0.8449,  27.2126, progress 0.9800
train,    7001, 217.462769,   79, 0.00,   12, 0.000, 0.000, 0.017, 48
train,    7002, 192.308743,   54, 0.00,   13, 0.000, 0.000, 0.017, 48
train,    7003, 137.084524,   68, 0.00,   13, 0.000, 0.000, 0.017, 48
train,    7004, 217.928854,   49, 0.00,   15, 0.000, 0.000, 0.017, 48
train,    7005, 191.599407,  101, 0.00,   18, 0.000, 0.000, 0.017, 48
train,    7006, 237.284553,   67, 0.00,   16, 0.000, 0.000, 0.017, 48
train,    7007, 204.999029,   69, 0.00,   16, 0.000, 0.000, 0.017, 48
train,    7008, 207.099702,   58, 0.00,   13, 0.000, 0.000, 0.017, 48
train,    7009, 127.929393,  100, 1.00,   14, 0.000, 0.000, 0.017, 48
train,    7010, 134.688938,   67, 0.00,   11, 0.000, 0.000, 0.017, 48
update,   7010,  701, 500832, 129.743233, 0.000000
train,    7011, 110.342914,  100, 1.00,   12, 0.000, 0.000, 0.017, 48
train,    7012, 198.348526,   45, 0.00,   10, 0.000, 0.000, 0.017, 48
train,    7013, 181.675711,   49, 0.00,   14, 0.000, 0.000, 0.017, 48
train,    7014, 54.096344,   54, 1.00,   11, 0.000, 0.000, 0.017, 48
train,    7015, 102.854242,   42, 1.00,    8, 0.000, 0.000, 0.017, 48
train,    7016, 202.438073,   54, 0.00,   13, 0.000, 0.000, 0.017, 48
train,    7017, 216.872559,   67, 0.00,   13, 0.000, 0.000, 0.017, 48
train,    7018, 128.228427,   81, 0.00,   12, 0.000, 0.000, 0.017, 48
train,    7019, 183.926824,   54, 0.00,   13, 0.000, 0.000, 0.017, 48
train,    7020, 226.012515,   89, 0.00,   17, 0.000, 0.000, 0.017, 48
update,   7020,  702, 501467, 240.000000, 0.000000
train,    7021, 10.190061,   22, 1.00,   10, 0.000, 0.000, 0.017, 48
train,    7022, 192.130538,   71, 0.00,   10, 0.000, 0.000, 0.017, 48
train,    7023, 147.667167,   84, 0.00,    9, 0.000, 0.000, 0.017, 48
train,    7024, 249.970761,   45, 0.00,   14, 0.000, 0.000, 0.017, 48
train,    7025, 249.078582,   76, 0.00,   14, 0.000, 0.000, 0.017, 48
train,    7026, 170.775228,   79, 0.00,    8, 0.000, 0.000, 0.017, 48
train,    7027, 188.050228,   88, 0.00,   15, 0.000, 0.000, 0.017, 48
train,    7028, 267.971970,   91, 0.00,   14, 0.000, 0.000, 0.017, 48
train,    7029, 222.642618,   63, 0.00,   15, 0.000, 0.000, 0.017, 48
train,    7030, 196.860626,   70, 0.00,    9, 0.000, 0.000, 0.017, 48
update,   7030,  703, 502156, 167.463510, 0.000000
train,    7031, 202.325863,   98, 0.00,   14, 0.000, 0.000, 0.017, 48
train,    7032, 251.463488,   61, 0.00,   14, 0.000, 0.000, 0.017, 48
train,    7033, 196.986582,   58, 0.00,   11, 0.000, 0.000, 0.017, 48
train,    7034, 174.744736,   49, 0.00,   14, 0.000, 0.000, 0.017, 48
train,    7035, 198.631650,   51, 0.00,   12, 0.000, 0.000, 0.017, 48
train,    7036, 218.793381,   72, 0.00,   14, 0.000, 0.000, 0.017, 48
train,    7037, 240.411443,   49, 0.00,   13, 0.000, 0.000, 0.017, 48
train,    7038, 188.040437,   91, 0.00,   11, 0.000, 0.000, 0.017, 48
train,    7039, 44.816490,   51, 1.00,   11, 0.000, 0.000, 0.017, 48
train,    7040, 109.397831,   71, 1.00,   12, 0.000, 0.000, 0.017, 48
update,   7040,  704, 502807, 135.016003, 0.000000
train,    7041, 248.474006,   74, 0.00,   12, 0.000, 0.000, 0.017, 48
train,    7042, 243.248366,   63, 0.00,   17, 0.000, 0.000, 0.017, 48
train,    7043, 238.086671,   97, 0.00,   11, 0.000, 0.000, 0.017, 48
train,    7044, 235.410728,   86, 0.00,   11, 0.000, 0.000, 0.017, 48
train,    7045, 120.680718,   82, 1.00,   13, 0.000, 0.000, 0.017, 48
train,    7046, 183.807287,   87, 0.00,   11, 0.000, 0.000, 0.017, 48
train,    7047, 211.194751,   81, 0.00,   13, 0.000, 0.000, 0.017, 48
train,    7048, 200.157399,   70, 0.00,   18, 0.000, 0.000, 0.017, 48
train,    7049, 207.667335,   81, 0.00,   15, 0.000, 0.000, 0.017, 48
train,    7050, 270.000000,   81, 0.00,   15, 0.000, 0.000, 0.017, 48
update,   7050,  705, 503609, 240.000000, 0.000000
train,    7051, 136.120478,   83, 0.00,    8, 0.000, 0.000, 0.017, 48
train,    7052, 179.389812,   91, 0.00,   12, 0.000, 0.000, 0.017, 48
train,    7053, 270.000000,  101, 0.00,   14, 0.000, 0.000, 0.017, 48
train,    7054, 213.352965,   96, 0.00,    9, 0.000, 0.000, 0.017, 48
train,    7055, 64.861465,   32, 1.00,    5, 0.000, 0.000, 0.017, 48
train,    7056, 223.484835,  113, 0.00,   17, 0.000, 0.000, 0.017, 48
train,    7057, 270.000000,   83, 0.00,   13, 0.000, 0.000, 0.017, 48
train,    7058, 134.142204,   79, 0.00,   12, 0.000, 0.000, 0.017, 48
train,    7059, 171.763908,   89, 0.00,   13, 0.000, 0.000, 0.017, 48
train,    7060, 220.633012,   70, 0.00,   14, 0.000, 0.000, 0.017, 48
update,   7060,  706, 504446, 217.957610, 0.000000
train,    7061, 179.761636,  110, 0.00,   10, 0.000, 0.000, 0.017, 48
train,    7062, 210.919656,   80, 0.00,   12, 0.000, 0.000, 0.017, 48
train,    7063, 111.187023,   56, 1.00,   12, 0.000, 0.000, 0.017, 48
train,    7064, 215.247634,   87, 0.00,   14, 0.000, 0.000, 0.017, 48
train,    7065, 225.473487,   84, 0.00,   15, 0.000, 0.000, 0.017, 48
train,    7066, 188.821100,  111, 0.00,   10, 0.000, 0.000, 0.017, 48
train,    7067, 199.261749,  104, 0.00,   15, 0.000, 0.000, 0.017, 48
train,    7068, 157.797750,   88, 0.00,   11, 0.000, 0.000, 0.017, 48
train,    7069, 116.227893,   84, 0.00,   13, 0.000, 0.000, 0.017, 48
train,    7070, 260.728969,   98, 0.00,   10, 0.000, 0.000, 0.017, 48
update,   7070,  707, 505348, 221.670408, 0.000000
train,    7071, 159.585197,  109, 0.00,   13, 0.000, 0.000, 0.017, 48
train,    7072, 178.364335,   94, 0.00,   11, 0.000, 0.000, 0.017, 48
train,    7073, 189.739855,   81, 0.00,   15, 0.000, 0.000, 0.017, 48
train,    7074, 194.871357,  120, 0.00,   10, 0.000, 0.000, 0.017, 48
train,    7075, 211.743292,  110, 0.00,   12, 0.000, 0.000, 0.017, 48
train,    7076, 212.034053,   74, 0.00,   17, 0.000, 0.000, 0.017, 48
train,    7077, 134.418731,  120, 0.00,   12, 0.000, 0.000, 0.017, 48
train,    7078, 65.452109,   42, 1.00,    9, 0.000, 0.000, 0.016, 48
train,    7079, 205.100999,   89, 0.00,   10, 0.000, 0.000, 0.016, 48
train,    7080, 229.232566,   85, 0.00,   11, 0.000, 0.000, 0.016, 48
update,   7080,  708, 506272, 240.000000, 0.000000
train,    7081, 227.698550,  114, 0.00,   12, 0.000, 0.000, 0.016, 48
train,    7082, 267.439863,  120, 0.00,   11, 0.000, 0.000, 0.016, 48
train,    7083, 253.342461,  113, 0.00,   12, 0.000, 0.000, 0.016, 48
train,    7084, 143.765354,   67, 1.00,   12, 0.000, 0.000, 0.016, 48
train,    7085, 160.918878,   91, 0.00,   10, 0.000, 0.000, 0.016, 48
train,    7086, 211.089027,  120, 0.00,   13, 0.000, 0.000, 0.016, 48
train,    7087, 229.708130,  114, 0.00,   14, 0.000, 0.000, 0.016, 48
train,    7088, 194.238886,  103, 0.00,   11, 0.000, 0.000, 0.016, 48
train,    7089, 137.690103,   76, 1.00,   13, 0.000, 0.000, 0.016, 48
train,    7090, 178.923586,  103, 0.00,   12, 0.000, 0.000, 0.016, 48
update,   7090,  709, 507293, 194.108119, 0.000000
train,    7091, 252.907838,   85, 0.00,   11, 0.000, 0.000, 0.016, 48
train,    7092, 96.044167,   72, 1.00,   12, 0.000, 0.000, 0.016, 48
train,    7093, 95.446826,   84, 1.00,   12, 0.000, 0.000, 0.016, 48
train,    7094, 218.978236,  108, 0.00,   12, 0.000, 0.000, 0.016, 48
train,    7095, 139.981692,  102, 1.00,   12, 0.000, 0.000, 0.016, 48
train,    7096, 192.427521,   81, 0.00,   13, 0.000, 0.000, 0.016, 48
train,    7097, 261.228808,  114, 0.00,   16, 0.000, 0.000, 0.016, 48
train,    7098, 182.816690,  117, 0.00,   14, 0.000, 0.000, 0.016, 48
train,    7099, 212.058700,   75, 0.00,   11, 0.000, 0.000, 0.016, 48
train,    7100, 168.317765,   79, 0.00,   12, 0.000, 0.000, 0.016, 48
update,   7100,  710, 508210, 178.050269, 0.000000
val_t, 7100, 508210, 217.750744, 0.1003,  85.0606,   0.1079, 0.8297,  28.3688, progress 0.8648
train,    7101, 82.495329,   73, 1.00,    8, 0.000, 0.000, 0.016, 48
train,    7102, 205.188874,   84, 0.00,   14, 0.000, 0.000, 0.016, 48
train,    7103, 183.516235,   89, 0.00,   11, 0.000, 0.000, 0.016, 48
train,    7104, 161.784442,  100, 0.00,   16, 0.000, 0.000, 0.016, 48
train,    7105, 231.162783,  120, 0.00,   13, 0.000, 0.000, 0.016, 48
train,    7106, 201.022375,  120, 0.00,   14, 0.000, 0.000, 0.016, 48
train,    7107, 180.000000,   98, 1.00,   15, 0.000, 0.000, 0.016, 48
train,    7108, 231.152891,  115, 0.00,   16, 0.000, 0.000, 0.016, 48
train,    7109, 143.000224,   91, 0.00,   10, 0.000, 0.000, 0.016, 48
train,    7110, 212.984403,   89, 0.00,   14, 0.000, 0.000, 0.016, 48
update,   7110,  711, 509189, 240.000000, 0.000000
train,    7111, 234.684239,  108, 0.00,   14, 0.000, 0.000, 0.016, 48
train,    7112, 169.337103,   89, 0.00,   13, 0.000, 0.000, 0.016, 48
train,    7113, 168.584221,   62, 1.00,   11, 0.000, 0.000, 0.016, 48
train,    7114, 183.295413,   86, 0.00,   13, 0.000, 0.000, 0.016, 48
train,    7115, 133.723101,   72, 1.00,   12, 0.000, 0.000, 0.016, 48
train,    7116, 176.804104,   92, 0.00,   11, 0.000, 0.000, 0.016, 48
train,    7117, 140.515213,  116, 0.00,   14, 0.000, 0.000, 0.016, 48
train,    7118, 158.050270,  110, 0.00,    9, 0.000, 0.000, 0.016, 48
train,    7119, 213.158277,  104, 0.00,   12, 0.000, 0.000, 0.016, 48
train,    7120, 242.167016,  101, 0.00,   14, 0.000, 0.000, 0.016, 48
update,   7120,  712, 510129, 197.181212, 0.000000
train,    7121, 251.131641,   96, 0.00,   14, 0.000, 0.000, 0.016, 48
train,    7122, 101.543256,   87, 0.00,   12, 0.000, 0.000, 0.016, 48
train,    7123, 84.477012,   62, 1.00,   13, 0.000, 0.000, 0.016, 48
train,    7124, 218.649162,   89, 0.00,   13, 0.000, 0.000, 0.016, 48
train,    7125, 196.707240,   88, 0.00,   13, 0.000, 0.000, 0.016, 48
train,    7126, 270.000000,   93, 0.00,   11, 0.000, 0.000, 0.016, 48
train,    7127, 230.463349,   85, 0.00,   14, 0.000, 0.000, 0.016, 48
train,    7128, 179.626281,  106, 0.00,   10, 0.000, 0.000, 0.016, 48
train,    7129, 270.000000,   98, 0.00,   15, 0.000, 0.000, 0.016, 48
train,    7130, 178.349946,  102, 0.00,   11, 0.000, 0.000, 0.016, 48
update,   7130,  713, 511035, 192.866498, 0.000000
train,    7131, 177.222158,   67, 0.00,   14, 0.000, 0.000, 0.016, 48
train,    7132, 235.000679,   96, 0.00,   12, 0.000, 0.000, 0.016, 48
train,    7133, 190.973239,  120, 0.00,   10, 0.000, 0.000, 0.016, 48
train,    7134, 152.088308,  118, 0.00,   13, 0.000, 0.000, 0.016, 48
train,    7135, 259.387920,   96, 0.00,   13, 0.000, 0.000, 0.016, 48
train,    7136, 194.179414,  103, 0.00,   13, 0.000, 0.000, 0.016, 48
train,    7137, 188.315086,  106, 0.00,   13, 0.000, 0.000, 0.016, 48
train,    7138, 203.997214,   80, 0.00,    8, 0.000, 0.000, 0.016, 48
train,    7139, 204.003683,   81, 0.00,   13, 0.000, 0.000, 0.016, 48
train,    7140, 160.571949,  108, 0.00,   13, 0.000, 0.000, 0.016, 48
update,   7140,  714, 512010, 132.081363, 0.000000
train,    7141, 144.769132,   81, 0.00,   12, 0.000, 0.000, 0.016, 48
train,    7142, 32.362223,   60, 1.00,   10, 0.000, 0.000, 0.016, 48
train,    7143, 209.400413,   97, 0.00,   15, 0.000, 0.000, 0.016, 48
train,    7144, 226.915567,  120, 0.00,   14, 0.000, 0.000, 0.016, 48
train,    7145, 139.073273,   92, 0.00,   13, 0.000, 0.000, 0.016, 48
train,    7146, 123.862295,   94, 0.00,   13, 0.000, 0.000, 0.016, 48
train,    7147, 242.387921,  101, 0.00,   12, 0.000, 0.000, 0.016, 48
train,    7148, 206.152956,  117, 0.00,   13, 0.000, 0.000, 0.016, 48
train,    7149, 190.749155,  103, 0.00,   14, 0.000, 0.000, 0.016, 48
train,    7150, 153.444383,  111, 0.00,   11, 0.000, 0.000, 0.016, 48
update,   7150,  715, 512986, 152.476087, 0.000000
train,    7151, 251.829298,  101, 0.00,   18, 0.000, 0.000, 0.016, 48
train,    7152, 243.683897,  109, 0.00,   15, 0.000, 0.000, 0.016, 48
train,    7153, 23.335496,   43, 1.00,    8, 0.000, 0.000, 0.016, 48
train,    7154, 167.243325,   70, 0.00,   14, 0.000, 0.000, 0.016, 48
train,    7155, 186.562599,   81, 0.00,   13, 0.000, 0.000, 0.016, 48
train,    7156, 204.409987,   93, 0.00,   10, 0.000, 0.000, 0.016, 48
train,    7157, 245.565001,  114, 0.00,   11, 0.000, 0.000, 0.016, 48
train,    7158, 203.435879,  113, 0.00,   12, 0.000, 0.000, 0.016, 48
train,    7159, 180.513936,   79, 0.00,   10, 0.000, 0.000, 0.016, 48
train,    7160, 207.485502,  105, 0.00,   13, 0.000, 0.000, 0.016, 48
update,   7160,  716, 513894, 220.777786, 0.000000
train,    7161, 197.861804,  100, 0.00,    7, 0.000, 0.000, 0.016, 48
train,    7162, 163.461029,  104, 0.00,   12, 0.000, 0.000, 0.016, 48
train,    7163, 140.152781,  120, 0.00,   15, 0.000, 0.000, 0.016, 48
train,    7164, 238.790719,  107, 0.00,   15, 0.000, 0.000, 0.016, 48
train,    7165, 221.540340,  120, 0.00,   16, 0.000, 0.000, 0.016, 48
train,    7166, 144.533637,  105, 1.00,   17, 0.000, 0.000, 0.016, 48
train,    7167, 209.093867,  114, 0.00,   17, 0.000, 0.000, 0.016, 48
train,    7168, 270.000000,  120, 0.00,   15, 0.000, 0.000, 0.016, 48
train,    7169, 154.442201,   87, 0.00,   14, 0.000, 0.000, 0.016, 48
train,    7170, 194.584660,  107, 0.00,    8, 0.000, 0.000, 0.016, 48
update,   7170,  717, 514978, 196.962754, 0.000000
train,    7171, 264.929977,   98, 0.00,   13, 0.000, 0.000, 0.016, 48
train,    7172, 238.759019,  100, 0.00,   14, 0.000, 0.000, 0.016, 48
train,    7173, 246.557808,  120, 0.00,    9, 0.000, 0.000, 0.016, 48
train,    7174, 147.090856,   61, 1.00,    9, 0.000, 0.000, 0.016, 48
train,    7175, 238.782733,  120, 0.00,   10, 0.000, 0.000, 0.016, 48
train,    7176, 209.199382,  107, 0.00,   18, 0.000, 0.000, 0.016, 48
train,    7177, 206.827322,   64, 0.00,   14, 0.000, 0.000, 0.016, 48
train,    7178, 180.189848,   95, 0.00,   10, 0.000, 0.000, 0.016, 48
train,    7179, 207.259712,  120, 0.00,   13, 0.000, 0.000, 0.016, 48
train,    7180, 197.457751,   94, 0.00,   14, 0.000, 0.000, 0.016, 48
update,   7180,  718, 515957, 179.960720, 0.000000
train,    7181, 165.432261,  120, 0.00,   12, 0.000, 0.000, 0.016, 48
train,    7182, 176.918739,  120, 0.00,   11, 0.000, 0.000, 0.016, 48
train,    7183, 214.699055,  120, 0.00,   10, 0.000, 0.000, 0.016, 48
train,    7184, 158.403927,   80, 0.00,   15, 0.000, 0.000, 0.016, 48
train,    7185, 14.085681,   75, 1.00,   13, 0.000, 0.000, 0.016, 48
train,    7186, 130.509888,  100, 0.00,   13, 0.000, 0.000, 0.016, 48
train,    7187, 197.209962,   95, 0.00,   13, 0.000, 0.000, 0.016, 48
train,    7188, 225.665469,  110, 0.00,   14, 0.000, 0.000, 0.016, 48
train,    7189, 93.955464,  120, 0.00,   12, 0.000, 0.000, 0.016, 48
train,    7190, 207.989912,   78, 0.00,   15, 0.000, 0.000, 0.016, 48
update,   7190,  719, 516975, 240.000000, 0.000000
train,    7191, 171.320909,  120, 0.00,   10, 0.000, 0.000, 0.016, 48
train,    7192, 215.506158,  109, 0.00,   10, 0.000, 0.000, 0.016, 48
train,    7193, 222.787043,   86, 0.00,   15, 0.000, 0.000, 0.016, 48
train,    7194, 173.948028,   88, 0.00,   12, 0.000, 0.000, 0.016, 48
train,    7195, 169.488454,   85, 0.00,   11, 0.000, 0.000, 0.016, 48
train,    7196, 224.393762,  109, 0.00,   14, 0.000, 0.000, 0.016, 48
train,    7197, 219.695303,  104, 0.00,   15, 0.000, 0.000, 0.016, 48
train,    7198, 205.052826,  103, 0.00,   17, 0.000, 0.000, 0.016, 48
train,    7199, 224.755395,   88, 0.00,   12, 0.000, 0.000, 0.016, 48
train,    7200, 244.221754,  109, 0.00,   15, 0.000, 0.000, 0.016, 48
update,   7200,  720, 517976, 232.144379, 0.000000
val_t, 7200, 517976, 216.285223, 0.0500,  88.3866,   0.0769, 0.8290,  27.8804, progress 0.8442
train,    7201, 202.723354,  104, 0.00,   13, 0.000, 0.000, 0.016, 48
train,    7202, 260.961549,  108, 0.00,   12, 0.000, 0.000, 0.016, 48
train,    7203, 234.119110,  100, 0.00,   13, 0.000, 0.000, 0.016, 48
train,    7204, 249.631631,   83, 0.00,   13, 0.000, 0.000, 0.016, 48
train,    7205, 201.883549,   85, 0.00,   13, 0.000, 0.000, 0.016, 48
train,    7206, 172.264194,  100, 0.00,   11, 0.000, 0.000, 0.016, 48
train,    7207, 270.000000,  102, 0.00,   10, 0.000, 0.000, 0.016, 48
train,    7208, 209.865388,   83, 0.00,   15, 0.000, 0.000, 0.016, 48
train,    7209, 226.859018,   82, 0.00,   10, 0.000, 0.000, 0.016, 48
train,    7210, 184.664495,  111, 0.00,   14, 0.000, 0.000, 0.016, 48
update,   7210,  721, 518934, 201.281448, 0.000000
train,    7211, 107.666860,   66, 1.00,   12, 0.000, 0.000, 0.016, 48
train,    7212, 159.504446,   91, 0.00,   10, 0.000, 0.000, 0.016, 48
train,    7213, 192.578748,   61, 0.00,   15, 0.000, 0.000, 0.016, 48
train,    7214, 53.207393,   43, 1.00,   11, 0.000, 0.000, 0.016, 48
train,    7215, 227.891852,   88, 0.00,   15, 0.000, 0.000, 0.016, 48
train,    7216, 253.717314,   85, 0.00,   14, 0.000, 0.000, 0.016, 48
train,    7217, 181.973203,   98, 0.00,   13, 0.000, 0.000, 0.016, 48
train,    7218, 86.226933,   68, 1.00,    5, 0.000, 0.000, 0.016, 48
train,    7219, 216.590429,   76, 0.00,   14, 0.000, 0.000, 0.016, 48
train,    7220, 235.446183,   86, 0.00,   19, 0.000, 0.000, 0.016, 48
update,   7220,  722, 519696, 232.126153, 0.000000
train,    7221, 256.549781,   83, 0.00,   11, 0.000, 0.000, 0.016, 48
train,    7222, 171.043109,   66, 0.00,   12, 0.000, 0.000, 0.016, 48
train,    7223, 199.360780,   64, 0.00,   13, 0.000, 0.000, 0.016, 48
train,    7224, 188.082990,   57, 0.00,   15, 0.000, 0.000, 0.016, 48
train,    7225, 228.850595,   96, 0.00,   12, 0.000, 0.000, 0.016, 48
train,    7226, 199.312719,   67, 0.00,    9, 0.000, 0.000, 0.016, 48
train,    7227, 175.233877,   90, 0.00,   12, 0.000, 0.000, 0.016, 48
train,    7228, 207.761784,   45, 0.00,   13, 0.000, 0.000, 0.016, 48
train,    7229, 270.000000,   87, 0.00,   13, 0.000, 0.000, 0.016, 48
train,    7230, 145.955183,   75, 0.00,   15, 0.000, 0.000, 0.016, 48
update,   7230,  723, 520426, 113.345272, 0.000000
train,    7231, 164.096978,   54, 0.00,   11, 0.000, 0.000, 0.016, 48
train,    7232, 220.855165,  101, 0.00,   12, 0.000, 0.000, 0.016, 48
train,    7233, 255.038563,   53, 0.00,    9, 0.000, 0.000, 0.016, 48
train,    7234, 147.989190,   86, 1.00,   12, 0.000, 0.000, 0.015, 48
train,    7235, 178.224640,   56, 0.00,    8, 0.000, 0.000, 0.015, 48
train,    7236, 180.000000,   91, 1.00,   10, 0.000, 0.000, 0.015, 48
train,    7237, 270.000000,   81, 0.00,   11, 0.000, 0.000, 0.015, 48
train,    7238, 143.944703,   89, 0.00,   13, 0.000, 0.000, 0.015, 48
train,    7239, 188.809029,   73, 0.00,   14, 0.000, 0.000, 0.015, 48
train,    7240, 159.823499,   69, 0.00,   13, 0.000, 0.000, 0.015, 48
update,   7240,  724, 521179, 172.956023, 0.000000
train,    7241, 227.797746,   73, 0.00,   13, 0.000, 0.000, 0.015, 48
train,    7242, 200.167268,   70, 0.00,   14, 0.000, 0.000, 0.015, 48
train,    7243, 235.873680,   94, 0.00,   15, 0.000, 0.000, 0.015, 48
train,    7244, 130.744650,  103, 1.00,   13, 0.000, 0.000, 0.015, 48
train,    7245, 137.821535,   81, 1.00,   12, 0.000, 0.000, 0.015, 48
train,    7246, 206.610674,   55, 0.00,   12, 0.000, 0.000, 0.015, 48
train,    7247, 194.881325,   54, 0.00,   10, 0.000, 0.000, 0.015, 48
train,    7248, 216.333717,   89, 0.00,   17, 0.000, 0.000, 0.015, 48
train,    7249, 225.296989,   75, 0.00,   12, 0.000, 0.000, 0.015, 48
train,    7250, 194.080919,   76, 0.00,   15, 0.000, 0.000, 0.015, 48
update,   7250,  725, 521949, 207.817404, 0.000000
train,    7251, 270.000000,   82, 0.00,   16, 0.000, 0.000, 0.015, 48
train,    7252, 94.870956,   69, 1.00,   11, 0.000, 0.000, 0.015, 48
train,    7253, 149.399824,   48, 0.00,   11, 0.000, 0.000, 0.015, 48
train,    7254, 205.728830,   77, 0.00,   15, 0.000, 0.000, 0.015, 48
train,    7255, 221.127216,   75, 0.00,   11, 0.000, 0.000, 0.015, 48
train,    7256, 194.881010,   66, 0.00,   12, 0.000, 0.000, 0.015, 48
train,    7257, 200.482401,   49, 0.00,   13, 0.000, 0.000, 0.015, 48
train,    7258, 211.428763,   66, 0.00,   16, 0.000, 0.000, 0.015, 48
train,    7259, 173.253517,   69, 0.00,   12, 0.000, 0.000, 0.015, 48
train,    7260, 210.043513,   60, 0.00,   16, 0.000, 0.000, 0.015, 48
update,   7260,  726, 522610, 229.454105, 0.000000
train,    7261, 205.658998,   60, 0.00,   13, 0.000, 0.000, 0.015, 48
train,    7262, 229.389874,   73, 0.00,   11, 0.000, 0.000, 0.015, 48
train,    7263, 220.863402,   78, 0.00,   13, 0.000, 0.000, 0.015, 48
train,    7264, 241.365288,   97, 0.00,   15, 0.000, 0.000, 0.015, 48
train,    7265, 122.108213,   65, 1.00,   10, 0.000, 0.000, 0.015, 48
train,    7266, 171.289441,   69, 0.00,   12, 0.000, 0.000, 0.015, 48
train,    7267, 201.260792,   85, 0.00,   12, 0.000, 0.000, 0.015, 48
train,    7268, 221.919872,  106, 0.00,    9, 0.000, 0.000, 0.015, 48
train,    7269, 161.197886,   82, 0.00,   11, 0.000, 0.000, 0.015, 48
train,    7270, 268.890915,   87, 0.00,   12, 0.000, 0.000, 0.015, 48
update,   7270,  727, 523412, 240.000000, 0.000000
train,    7271, 270.000000,   72, 0.00,   11, 0.000, 0.000, 0.015, 48
train,    7272, 189.379831,   67, 0.00,   11, 0.000, 0.000, 0.015, 48
train,    7273, 249.118608,   90, 0.00,   14, 0.000, 0.000, 0.015, 48
train,    7274, 68.014129,   75, 1.00,    8, 0.000, 0.000, 0.015, 48
train,    7275, 187.788568,   88, 0.00,   12, 0.000, 0.000, 0.015, 48
train,    7276, 187.372652,   75, 0.00,   14, 0.000, 0.000, 0.015, 48
train,    7277, 219.637762,   91, 0.00,   11, 0.000, 0.000, 0.015, 48
train,    7278, 163.172365,   76, 0.00,   13, 0.000, 0.000, 0.015, 48
train,    7279, 181.574451,   87, 0.00,   12, 0.000, 0.000, 0.015, 48
train,    7280, 247.715242,   76, 0.00,   12, 0.000, 0.000, 0.015, 48
update,   7280,  728, 524209, 224.431573, 0.000000
train,    7281, 166.103657,   60, 0.00,   15, 0.000, 0.000, 0.015, 48
train,    7282, 183.188386,   66, 0.00,   11, 0.000, 0.000, 0.015, 48
train,    7283, 203.316927,   79, 0.00,   12, 0.000, 0.000, 0.015, 48
train,    7284, 152.779436,  114, 0.00,   12, 0.000, 0.000, 0.015, 48
train,    7285, 215.755925,   70, 0.00,   17, 0.000, 0.000, 0.015, 48
train,    7286, 142.594657,   64, 0.00,   12, 0.000, 0.000, 0.015, 48
train,    7287, 196.188920,   69, 0.00,   12, 0.000, 0.000, 0.015, 48
train,    7288, 149.518363,   71, 0.00,    9, 0.000, 0.000, 0.015, 48
train,    7289, 191.193715,   76, 0.00,   11, 0.000, 0.000, 0.015, 48
train,    7290, 176.256118,   58, 0.00,   14, 0.000, 0.000, 0.015, 48
update,   7290,  729, 524936, 199.989362, 0.000000
train,    7291, 186.734040,   97, 0.00,   10, 0.000, 0.000, 0.015, 48
train,    7292, 214.249641,   64, 0.00,   11, 0.000, 0.000, 0.015, 48
train,    7293, 247.613760,  115, 0.00,   16, 0.000, 0.000, 0.015, 48
train,    7294, 112.304930,   84, 1.00,   12, 0.000, 0.000, 0.015, 48
train,    7295, 188.038878,   68, 0.00,   11, 0.000, 0.000, 0.015, 48
train,    7296, 234.204633,   72, 0.00,    9, 0.000, 0.000, 0.015, 48
train,    7297, 169.196137,  114, 0.00,   11, 0.000, 0.000, 0.015, 48
train,    7298, 263.874895,   83, 0.00,   12, 0.000, 0.000, 0.015, 48
train,    7299, 172.817466,   45, 0.00,   12, 0.000, 0.000, 0.015, 48
train,    7300, 146.180100,   55, 0.00,   11, 0.000, 0.000, 0.015, 48
update,   7300,  730, 525733, 131.009957, 0.000000
val_t, 7300, 525733, 203.284933, 0.1631,  80.7851,   0.0596, 0.7841,  28.7660, progress 0.9109
train,    7301, 220.203190,   73, 0.00,   11, 0.000, 0.000, 0.015, 48
train,    7302, 201.639030,   85, 0.00,   14, 0.000, 0.000, 0.015, 48
train,    7303, 259.282167,   60, 0.00,   11, 0.000, 0.000, 0.015, 48
train,    7304, 103.992968,   56, 1.00,   11, 0.000, 0.000, 0.015, 48
train,    7305, 153.318448,   78, 0.00,   12, 0.000, 0.000, 0.015, 48
train,    7306, 198.520270,   62, 0.00,   12, 0.000, 0.000, 0.015, 48
train,    7307, 202.416768,   97, 0.00,   14, 0.000, 0.000, 0.015, 48
train,    7308, 187.839185,   77, 0.00,   11, 0.000, 0.000, 0.015, 48
train,    7309, 255.277378,   84, 0.00,   15, 0.000, 0.000, 0.015, 48
train,    7310, 44.486916,   45, 1.00,    5, 0.000, 0.000, 0.015, 48
update,   7310,  731, 526450, 71.521762, 0.000000
train,    7311, 205.096056,  101, 0.00,   14, 0.000, 0.000, 0.015, 48
train,    7312, 184.774172,   72, 0.00,   11, 0.000, 0.000, 0.015, 48
train,    7313, 169.628813,   65, 0.00,   15, 0.000, 0.000, 0.015, 48
train,    7314, 193.415401,   76, 0.00,   10, 0.000, 0.000, 0.015, 48
train,    7315, 109.657032,   78, 1.00,   13, 0.000, 0.000, 0.015, 48
train,    7316, 110.590768,   57, 1.00,   13, 0.000, 0.000, 0.015, 48
train,    7317, 182.750717,   56, 0.00,    9, 0.000, 0.000, 0.015, 48
train,    7318, 133.932419,   73, 1.00,   11, 0.000, 0.000, 0.015, 48
train,    7319, 169.984951,   67, 0.00,   12, 0.000, 0.000, 0.015, 48
train,    7320, 103.485608,   64, 0.00,   11, 0.000, 0.000, 0.015, 48
update,   7320,  732, 527159, 99.112792, 0.000000
train,    7321, 245.203485,   93, 0.00,    9, 0.000, 0.000, 0.015, 48
train,    7322, 144.349139,   84, 0.00,   14, 0.000, 0.000, 0.015, 48
train,    7323, 192.723032,   94, 0.00,   13, 0.000, 0.000, 0.015, 48
train,    7324, 211.644898,   80, 0.00,   11, 0.000, 0.000, 0.015, 48
train,    7325, 182.892162,   74, 0.00,   16, 0.000, 0.000, 0.015, 48
train,    7326, 248.656531,   61, 0.00,   14, 0.000, 0.000, 0.015, 48
train,    7327, 241.875862,   48, 0.00,   11, 0.000, 0.000, 0.015, 48
train,    7328, 43.081247,   74, 1.00,   11, 0.000, 0.000, 0.015, 48
train,    7329, 49.550101,   53, 1.00,    6, 0.000, 0.000, 0.015, 48
train,    7330, 95.844970,   69, 1.00,   12, 0.000, 0.000, 0.015, 48
update,   7330,  733, 527889, 90.959242, 0.000000
train,    7331, 225.615888,   93, 0.00,   11, 0.000, 0.000, 0.015, 48
train,    7332, 175.190865,   45, 0.00,   11, 0.000, 0.000, 0.015, 48
train,    7333, 244.272915,   69, 0.00,   12, 0.000, 0.000, 0.015, 48
train,    7334, 248.513125,   95, 0.00,   13, 0.000, 0.000, 0.015, 48
train,    7335, 208.829683,   80, 0.00,   12, 0.000, 0.000, 0.015, 48
train,    7336, 259.842486,   63, 0.00,   16, 0.000, 0.000, 0.015, 48
train,    7337, 202.677651,   53, 0.00,   11, 0.000, 0.000, 0.015, 48
train,    7338, 270.000000,   98, 0.00,    9, 0.000, 0.000, 0.015, 48
train,    7339, 224.499819,   88, 0.00,   12, 0.000, 0.000, 0.015, 48
train,    7340, 148.661912,   93, 0.00,   14, 0.000, 0.000, 0.015, 48
update,   7340,  734, 528666, 134.123827, 0.000000
train,    7341, 167.783993,   95, 0.00,   14, 0.000, 0.000, 0.015, 48
train,    7342, 202.143487,   65, 0.00,   10, 0.000, 0.000, 0.015, 48
train,    7343, 256.103461,   75, 0.00,    9, 0.000, 0.000, 0.015, 48
train,    7344, 184.737020,   79, 0.00,   10, 0.000, 0.000, 0.015, 48
train,    7345, 104.478434,   69, 1.00,   12, 0.000, 0.000, 0.015, 48
train,    7346, 147.367486,   60, 0.00,    9, 0.000, 0.000, 0.015, 48
train,    7347, 227.546166,   92, 0.00,   13, 0.000, 0.000, 0.015, 48
train,    7348, 144.041314,  102, 1.00,   11, 0.000, 0.000, 0.015, 48
train,    7349, 199.008337,   73, 0.00,   14, 0.000, 0.000, 0.015, 48
train,    7350, 211.966114,  100, 0.00,   17, 0.000, 0.000, 0.015, 48
update,   7350,  735, 529476, 240.000000, 0.000000
train,    7351, 199.163420,   84, 0.00,    9, 0.000, 0.000, 0.015, 48
train,    7352, 198.292563,  107, 0.00,   10, 0.000, 0.000, 0.015, 48
train,    7353, 231.539208,   85, 0.00,   14, 0.000, 0.000, 0.015, 48
train,    7354, 197.601464,   90, 0.00,    8, 0.000, 0.000, 0.015, 48
train,    7355, 224.284549,   72, 0.00,   13, 0.000, 0.000, 0.015, 48
train,    7356, 109.346985,   67, 1.00,   14, 0.000, 0.000, 0.015, 48
train,    7357, 217.459679,   74, 0.00,   11, 0.000, 0.000, 0.015, 48
train,    7358, 210.821512,   74, 0.00,   13, 0.000, 0.000, 0.015, 48
train,    7359, 160.573653,   94, 0.00,   12, 0.000, 0.000, 0.015, 48
train,    7360, 208.426799,  112, 0.00,   10, 0.000, 0.000, 0.015, 48
update,   7360,  736, 530335, 240.000000, 0.000000
train,    7361, 206.964397,   85, 0.00,   11, 0.000, 0.000, 0.015, 48
train,    7362, 189.145232,   64, 0.00,   13, 0.000, 0.000, 0.015, 48
train,    7363, 167.008643,   86, 0.00,   13, 0.000, 0.000, 0.015, 48
train,    7364, 259.643804,   93, 0.00,   11, 0.000, 0.000, 0.015, 48
train,    7365, 168.344389,   81, 0.00,   14, 0.000, 0.000, 0.015, 48
train,    7366, 203.228506,   94, 0.00,   15, 0.000, 0.000, 0.015, 48
train,    7367, 152.448994,   74, 1.00,   17, 0.000, 0.000, 0.015, 48
train,    7368, 235.158485,   84, 0.00,   13, 0.000, 0.000, 0.015, 48
train,    7369, 163.717230,   66, 1.00,   12, 0.000, 0.000, 0.015, 48
train,    7370, 180.639667,   87, 0.00,   13, 0.000, 0.000, 0.015, 48
update,   7370,  737, 531149, 210.764474, 0.000000
train,    7371, 221.284319,   83, 0.00,   13, 0.000, 0.000, 0.015, 48
train,    7372, 270.000000,  100, 0.00,   17, 0.000, 0.000, 0.015, 48
train,    7373, 134.135947,  105, 0.00,   10, 0.000, 0.000, 0.015, 48
train,    7374, 257.301173,   83, 0.00,   11, 0.000, 0.000, 0.015, 48
train,    7375, 104.738299,   66, 1.00,   10, 0.000, 0.000, 0.015, 48
train,    7376, 171.028756,   82, 1.00,   15, 0.000, 0.000, 0.015, 48
train,    7377, 136.742676,   97, 0.00,   11, 0.000, 0.000, 0.015, 48
train,    7378, 182.525620,   86, 0.00,   13, 0.000, 0.000, 0.015, 48
train,    7379, 165.598952,  110, 0.00,   12, 0.000, 0.000, 0.015, 48
train,    7380, 142.404883,  110, 0.00,   12, 0.000, 0.000, 0.015, 48
update,   7380,  738, 532071, 115.726179, 0.000000
train,    7381, 161.856838,  110, 0.00,   11, 0.000, 0.000, 0.015, 48
train,    7382, 195.370074,   88, 0.00,   10, 0.000, 0.000, 0.015, 48
train,    7383, 187.259940,   80, 0.00,   12, 0.000, 0.000, 0.015, 48
train,    7384, 239.102509,   94, 0.00,   14, 0.000, 0.000, 0.015, 48
train,    7385, 229.805927,   95, 0.00,   10, 0.000, 0.000, 0.015, 48
train,    7386, 270.000000,   78, 0.00,   15, 0.000, 0.000, 0.015, 48
train,    7387, 162.789323,  108, 0.00,   15, 0.000, 0.000, 0.015, 48
train,    7388, 214.180716,   92, 0.00,   13, 0.000, 0.000, 0.015, 48
train,    7389, 266.039597,  105, 0.00,   12, 0.000, 0.000, 0.015, 48
train,    7390, 119.359896,  117, 0.00,   12, 0.000, 0.000, 0.015, 48
update,   7390,  739, 533038, 131.478404, 0.000000
train,    7391, 180.892397,   89, 0.00,   15, 0.000, 0.000, 0.015, 48
train,    7392, 104.653672,   73, 1.00,   10, 0.000, 0.000, 0.015, 48
train,    7393, 38.769686,   62, 1.00,   10, 0.000, 0.000, 0.015, 48
train,    7394, 152.860575,   95, 0.00,   15, 0.000, 0.000, 0.015, 48
train,    7395, 242.259086,  118, 0.00,   13, 0.000, 0.000, 0.015, 48
train,    7396, 217.573425,  120, 0.00,   11, 0.000, 0.000, 0.015, 48
train,    7397, 210.888067,  113, 0.00,    9, 0.000, 0.000, 0.015, 48
train,    7398, 256.276790,  115, 0.00,   12, 0.000, 0.000, 0.015, 48
train,    7399, 178.111303,   90, 0.00,   10, 0.000, 0.000, 0.015, 48
train,    7400, 210.396579,  104, 0.00,   14, 0.000, 0.000, 0.015, 48
update,   7400,  740, 534017, 204.206392, 0.000000
val_t, 7400, 534017, 209.463468, 0.0717,  74.8137,   0.0587, 0.8427,  27.9543, progress 0.8417
train,    7401, 196.104996,   85, 0.00,   11, 0.000, 0.000, 0.014, 48
train,    7402, 188.934000,   94, 0.00,   14, 0.000, 0.000, 0.014, 48
train,    7403, 197.529113,  117, 0.00,   16, 0.000, 0.000, 0.014, 48
train,    7404, 258.736767,  102, 0.00,   16, 0.000, 0.000, 0.014, 48
train,    7405, 192.459488,  114, 0.00,   13, 0.000, 0.000, 0.014, 48
train,    7406, 228.603323,  120, 0.00,   12, 0.000, 0.000, 0.014, 48
train,    7407, 262.838071,  105, 0.00,   17, 0.000, 0.000, 0.014, 48
train,    7408, 250.031833,  100, 0.00,   13, 0.000, 0.000, 0.014, 48
train,    7409, 181.750512,  109, 0.00,   15, 0.000, 0.000, 0.014, 48
train,    7410, 123.549478,   93, 1.00,   14, 0.000, 0.000, 0.014, 48
update,   7410,  741, 535056, 103.571063, 0.000000
train,    7411, 73.503464,   39, 1.00,   13, 0.000, 0.000, 0.014, 48
train,    7412, 125.175637,   41, 1.00,    8, 0.000, 0.000, 0.014, 48
train,    7413, 97.545904,   74, 1.00,   10, 0.000, 0.000, 0.014, 48
train,    7414, 190.642300,   93, 0.00,   13, 0.000, 0.000, 0.014, 48
train,    7415, 100.135799,   73, 1.00,   12, 0.000, 0.000, 0.014, 48
train,    7416, 225.208588,  118, 0.00,   11, 0.000, 0.000, 0.014, 48
train,    7417, 149.026282,   71, 1.00,   11, 0.000, 0.000, 0.014, 48
train,    7418, 171.874570,  112, 0.00,   14, 0.000, 0.000, 0.014, 48
train,    7419, 229.584684,  108, 0.00,   16, 0.000, 0.000, 0.014, 48
train,    7420, 107.354521,   67, 1.00,   11, 0.000, 0.000, 0.014, 48
update,   7420,  742, 535852, 83.840151, 0.000000
train,    7421, 132.310248,  102, 0.00,   12, 0.000, 0.000, 0.014, 48
train,    7422, 187.656633,  104, 0.00,   13, 0.000, 0.000, 0.014, 48
train,    7423, 157.793732,   98, 0.00,   12, 0.000, 0.000, 0.014, 48
train,    7424, 111.613559,   82, 1.00,    9, 0.000, 0.000, 0.014, 48
train,    7425, 157.903944,  107, 0.00,   12, 0.000, 0.000, 0.014, 48
train,    7426, 230.579188,   96, 0.00,   15, 0.000, 0.000, 0.014, 48
train,    7427, 113.118594,   65, 1.00,   10, 0.000, 0.000, 0.014, 48
train,    7428, 217.439138,   94, 0.00,   11, 0.000, 0.000, 0.014, 48
train,    7429, 184.146437,   86, 0.00,   14, 0.000, 0.000, 0.014, 48
train,    7430, 141.940212,  111, 0.00,   12, 0.000, 0.000, 0.014, 48
update,   7430,  743, 536797, 159.296995, 0.000000
train,    7431, 224.970135,  120, 0.00,   11, 0.000, 0.000, 0.014, 48
train,    7432, 67.749820,   59, 1.00,    8, 0.000, 0.000, 0.014, 48
train,    7433, 270.000000,  103, 0.00,   13, 0.000, 0.000, 0.014, 48
train,    7434, 208.840212,  120, 0.00,   11, 0.000, 0.000, 0.014, 48
train,    7435, 148.487242,   94, 0.00,   12, 0.000, 0.000, 0.014, 48
train,    7436, 215.085925,  119, 0.00,   14, 0.000, 0.000, 0.014, 48
train,    7437, 259.721270,  120, 0.00,   13, 0.000, 0.000, 0.014, 48
train,    7438, 197.498561,   99, 0.00,   15, 0.000, 0.000, 0.014, 48
train,    7439, 96.155534,   64, 1.00,   13, 0.000, 0.000, 0.014, 48
train,    7440, 189.291733,   98, 0.00,   13, 0.000, 0.000, 0.014, 48
update,   7440,  744, 537793, 228.407342, 0.000000
train,    7441, 193.938086,  100, 0.00,   12, 0.000, 0.000, 0.014, 48
train,    7442, 189.779597,  120, 0.00,   11, 0.000, 0.000, 0.014, 48
train,    7443, 88.255814,   38, 1.00,    7, 0.000, 0.000, 0.014, 48
train,    7444, 52.747760,   57, 1.00,    8, 0.000, 0.000, 0.014, 48
train,    7445, 170.251462,   84, 0.00,   12, 0.000, 0.000, 0.014, 48
train,    7446, 201.225822,  116, 0.00,    9, 0.000, 0.000, 0.014, 48
train,    7447, 219.884027,  110, 0.00,   16, 0.000, 0.000, 0.014, 48
train,    7448, 151.326531,   62, 1.00,   11, 0.000, 0.000, 0.014, 48
train,    7449, 215.573016,  107, 0.00,   15, 0.000, 0.000, 0.014, 48
train,    7450, 227.243589,   64, 0.00,   13, 0.000, 0.000, 0.014, 48
update,   7450,  745, 538651, 202.157371, 0.000000
train,    7451, 176.072781,   85, 0.00,   12, 0.000, 0.000, 0.014, 48
train,    7452, 208.929273,  102, 0.00,   13, 0.000, 0.000, 0.014, 48
train,    7453, 251.955891,   90, 0.00,   14, 0.000, 0.000, 0.014, 48
train,    7454, 198.672693,   78, 0.00,   10, 0.000, 0.000, 0.014, 48
train,    7455, 172.344484,   92, 0.00,   13, 0.000, 0.000, 0.014, 48
train,    7456, 263.091790,  101, 0.00,   15, 0.000, 0.000, 0.014, 48
train,    7457, 235.161981,  109, 0.00,   10, 0.000, 0.000, 0.014, 48
train,    7458, 211.578850,   97, 0.00,   14, 0.000, 0.000, 0.014, 48
train,    7459, 51.679544,   43, 1.00,    9, 0.000, 0.000, 0.014, 48
train,    7460, 245.253983,   97, 0.00,   11, 0.000, 0.000, 0.014, 48
update,   7460,  746, 539545, 240.000000, 0.000000
train,    7461, 240.527733,   95, 0.00,   11, 0.000, 0.000, 0.014, 48
train,    7462, 203.406164,   82, 0.00,   15, 0.000, 0.000, 0.014, 48
train,    7463, 201.171048,   87, 0.00,   11, 0.000, 0.000, 0.014, 48
train,    7464, 151.815754,   69, 1.00,   12, 0.000, 0.000, 0.014, 48
train,    7465, 198.633267,   91, 0.00,   13, 0.000, 0.000, 0.014, 48
train,    7466, 104.560432,   75, 1.00,   14, 0.000, 0.000, 0.014, 48
train,    7467, 199.348275,   99, 0.00,   15, 0.000, 0.000, 0.014, 48
train,    7468, 119.120482,   51, 1.00,   12, 0.000, 0.000, 0.014, 48
train,    7469, 215.203002,   90, 0.00,   13, 0.000, 0.000, 0.014, 48
train,    7470, 104.424472,   76, 1.00,   13, 0.000, 0.000, 0.014, 48
update,   7470,  747, 540360, 78.154070, 0.000000
train,    7471, 226.075059,  103, 0.00,   10, 0.000, 0.000, 0.014, 48
train,    7472, 193.793184,  114, 0.00,   13, 0.000, 0.000, 0.014, 48
train,    7473, 160.313742,   96, 0.00,    8, 0.000, 0.000, 0.014, 48
train,    7474, 270.000000,   88, 0.00,   14, 0.000, 0.000, 0.014, 48
train,    7475, 226.339125,  100, 0.00,   12, 0.000, 0.000, 0.014, 48
train,    7476, 173.360352,   97, 0.00,   16, 0.000, 0.000, 0.014, 48
train,    7477, 200.991416,   97, 0.00,   12, 0.000, 0.000, 0.014, 48
train,    7478, 201.115619,   87, 0.00,   16, 0.000, 0.000, 0.014, 48
train,    7479, 127.510257,   71, 1.00,    9, 0.000, 0.000, 0.014, 48
train,    7480, 166.515245,  120, 0.00,   10, 0.000, 0.000, 0.014, 48
update,   7480,  748, 541333, 177.276138, 0.000000
train,    7481, 222.979965,  119, 0.00,   16, 0.000, 0.000, 0.014, 48
train,    7482, 230.836680,  120, 0.00,   16, 0.000, 0.000, 0.014, 48
train,    7483, 180.882918,  120, 0.00,   12, 0.000, 0.000, 0.014, 48
train,    7484, 187.161967,   72, 0.00,   13, 0.000, 0.000, 0.014, 48
train,    7485, 270.000000,   90, 0.00,   12, 0.000, 0.000, 0.014, 48
train,    7486, 219.379881,   85, 0.00,   10, 0.000, 0.000, 0.014, 48
train,    7487, 202.128019,   83, 0.00,   11, 0.000, 0.000, 0.014, 48
train,    7488, 221.629274,  120, 0.00,   13, 0.000, 0.000, 0.014, 48
train,    7489, 107.288574,   85, 1.00,    7, 0.000, 0.000, 0.014, 48
train,    7490, 183.485197,  114, 0.00,   12, 0.000, 0.000, 0.014, 48
update,   7490,  749, 542341, 171.774651, 0.000000
train,    7491, 206.858847,   93, 0.00,   14, 0.000, 0.000, 0.014, 48
train,    7492, 172.806662,  100, 0.00,   14, 0.000, 0.000, 0.014, 48
train,    7493, 260.226201,  120, 0.00,   16, 0.000, 0.000, 0.014, 48
train,    7494, 73.757284,   79, 1.00,   10, 0.000, 0.000, 0.014, 48
train,    7495, 201.163500,   94, 0.00,   13, 0.000, 0.000, 0.014, 48
train,    7496, 195.567990,   84, 0.00,   14, 0.000, 0.000, 0.014, 48
train,    7497, 190.143053,  105, 0.00,   12, 0.000, 0.000, 0.014, 48
train,    7498, 264.252020,  112, 0.00,   14, 0.000, 0.000, 0.014, 48
train,    7499, 226.119387,   82, 0.00,   12, 0.000, 0.000, 0.014, 48
train,    7500, 213.298455,   93, 0.00,   11, 0.000, 0.000, 0.014, 48
update,   7500,  750, 543303, 215.399829, 0.000000
val_t, 7500, 543303, 213.835457, 0.0878,  75.3668,   0.1036, 0.8558,  29.0788, progress 0.8573
train,    7501, 191.377084,   91, 0.00,   13, 0.000, 0.000, 0.014, 48
train,    7502, 265.048932,   96, 0.00,   13, 0.000, 0.000, 0.014, 48
train,    7503, 227.754025,   97, 0.00,   15, 0.000, 0.000, 0.014, 48
train,    7504, 213.834265,  106, 0.00,   14, 0.000, 0.000, 0.014, 48
train,    7505, 249.050586,   75, 0.00,   10, 0.000, 0.000, 0.014, 48
train,    7506, 196.666273,  103, 0.00,   12, 0.000, 0.000, 0.014, 48
train,    7507, 230.357479,   99, 0.00,   10, 0.000, 0.000, 0.014, 48
train,    7508, 207.936099,   87, 0.00,   10, 0.000, 0.000, 0.014, 48
train,    7509, 76.480163,   65, 1.00,    9, 0.000, 0.000, 0.014, 48
train,    7510, 269.323701,   62, 0.00,   14, 0.000, 0.000, 0.014, 48
update,   7510,  751, 544184, 240.000000, 0.000000
train,    7511, 187.392669,   71, 0.00,   14, 0.000, 0.000, 0.014, 48
train,    7512, 220.773339,   80, 0.00,   11, 0.000, 0.000, 0.014, 48
train,    7513, 204.890850,  101, 0.00,   13, 0.000, 0.000, 0.014, 48
train,    7514, 147.326918,   90, 0.00,   13, 0.000, 0.000, 0.014, 48
train,    7515, 155.859028,   85, 0.00,   14, 0.000, 0.000, 0.014, 48
train,    7516, 186.699810,   83, 0.00,   12, 0.000, 0.000, 0.014, 48
train,    7517, 233.655218,   84, 0.00,   15, 0.000, 0.000, 0.014, 48
train,    7518, 137.168001,   77, 1.00,   12, 0.000, 0.000, 0.014, 48
train,    7519, 66.142702,   41, 1.00,   11, 0.000, 0.000, 0.014, 48
train,    7520, 167.401522,   90, 0.00,   10, 0.000, 0.000, 0.014, 48
update,   7520,  752, 544986, 173.946316, 0.000000
train,    7521, 198.863781,   99, 0.00,   12, 0.000, 0.000, 0.014, 48
train,    7522, 205.036273,   90, 0.00,   16, 0.000, 0.000, 0.014, 48
train,    7523, 180.000000,   88, 1.00,   16, 0.000, 0.000, 0.014, 48
train,    7524, 236.586383,   65, 0.00,    9, 0.000, 0.000, 0.014, 48
train,    7525, 226.036363,   87, 0.00,   14, 0.000, 0.000, 0.014, 48
train,    7526, 218.738276,   77, 0.00,   13, 0.000, 0.000, 0.014, 48
train,    7527, 203.981116,   84, 0.00,   11, 0.000, 0.000, 0.014, 48
train,    7528, 67.007947,   39, 1.00,   11, 0.000, 0.000, 0.014, 48
train,    7529, 258.133663,   45, 0.00,   11, 0.000, 0.000, 0.014, 48
train,    7530, 252.488645,   89, 0.00,   10, 0.000, 0.000, 0.014, 48
update,   7530,  753, 545749, 240.000000, 0.000000
train,    7531, 223.668355,   71, 0.00,   13, 0.000, 0.000, 0.014, 48
train,    7532, 198.845092,   62, 0.00,   13, 0.000, 0.000, 0.014, 48
train,    7533, 155.491030,   70, 0.00,   11, 0.000, 0.000, 0.014, 48
train,    7534, 201.919224,  106, 0.00,   12, 0.000, 0.000, 0.014, 48
train,    7535, 173.346494,   77, 0.00,   10, 0.000, 0.000, 0.014, 48
train,    7536, 57.932991,   77, 1.00,   13, 0.000, 0.000, 0.014, 48
train,    7537, 183.567589,   45, 0.00,   12, 0.000, 0.000, 0.014, 48
train,    7538, 237.853552,   97, 0.00,   16, 0.000, 0.000, 0.014, 48
train,    7539, 183.918453,   62, 0.00,   15, 0.000, 0.000, 0.014, 48
train,    7540, 179.152020,   45, 0.00,   16, 0.000, 0.000, 0.014, 48
update,   7540,  754, 546461, 201.723886, 0.000000
train,    7541, 190.231720,   77, 0.00,   14, 0.000, 0.000, 0.014, 48
train,    7542, 176.838118,   82, 0.00,   12, 0.000, 0.000, 0.014, 48
train,    7543, 186.623363,   53, 0.00,   15, 0.000, 0.000, 0.014, 48
train,    7544, 238.525952,  107, 0.00,   13, 0.000, 0.000, 0.014, 48
train,    7545, 113.559398,   79, 1.00,   12, 0.000, 0.000, 0.014, 48
train,    7546, 236.065718,   60, 0.00,   15, 0.000, 0.000, 0.014, 48
train,    7547, 143.180426,   64, 1.00,   15, 0.000, 0.000, 0.014, 48
train,    7548, 208.358688,   66, 0.00,   11, 0.000, 0.000, 0.014, 48
train,    7549, 240.104473,   52, 0.00,   13, 0.000, 0.000, 0.014, 48
train,    7550, 92.181804,   47, 1.00,   11, 0.000, 0.000, 0.014, 48
update,   7550,  755, 547148, 105.372012, 0.000000
train,    7551, 190.355265,   76, 0.00,   12, 0.000, 0.000, 0.014, 48
train,    7552, 242.526553,   61, 0.00,   13, 0.000, 0.000, 0.014, 48
train,    7553, 158.408904,   54, 0.00,   10, 0.000, 0.000, 0.014, 48
train,    7554, 182.704931,   58, 0.00,   15, 0.000, 0.000, 0.014, 48
train,    7555, 209.480490,   62, 0.00,   17, 0.000, 0.000, 0.014, 48
train,    7556, 225.081655,   51, 0.00,   13, 0.000, 0.000, 0.014, 48
train,    7557, 231.765276,   62, 0.00,    9, 0.000, 0.000, 0.014, 48
train,    7558, 224.723871,   58, 0.00,   13, 0.000, 0.000, 0.014, 48
train,    7559, 190.772498,   81, 0.00,   15, 0.000, 0.000, 0.014, 48
train,    7560, 69.729118,   44, 1.00,    8, 0.000, 0.000, 0.014, 48
update,   7560,  756, 547755, 76.793669, 0.000000
train,    7561, 234.427266,   57, 0.00,   15, 0.000, 0.000, 0.014, 48
train,    7562, 18.100679,   40, 1.00,    7, 0.000, 0.000, 0.014, 48
train,    7563, 162.933624,   71, 0.00,   11, 0.000, 0.000, 0.014, 48
train,    7564, 223.785700,   63, 0.00,   16, 0.000, 0.000, 0.014, 48
train,    7565, 136.604130,   76, 0.00,   11, 0.000, 0.000, 0.014, 48
train,    7566, 56.562336,   45, 1.00,    6, 0.000, 0.000, 0.014, 48
train,    7567, 16.864848,   37, 1.00,    9, 0.000, 0.000, 0.014, 48
train,    7568, 263.196113,   45, 0.00,   14, 0.000, 0.000, 0.014, 48
train,    7569, 118.010546,   46, 0.00,   14, 0.000, 0.000, 0.014, 48
train,    7570, 236.665478,   75, 0.00,   15, 0.000, 0.000, 0.014, 48
update,   7570,  757, 548310, 238.999579, 0.000000
train,    7571, 173.271104,   84, 1.00,   14, 0.000, 0.000, 0.014, 48
train,    7572, 228.168718,   81, 0.00,   11, 0.000, 0.000, 0.014, 48
train,    7573, 103.133716,   76, 1.00,   12, 0.000, 0.000, 0.014, 48
train,    7574, 236.174255,  100, 0.00,   14, 0.000, 0.000, 0.014, 48
train,    7575, 234.941245,   67, 0.00,   13, 0.000, 0.000, 0.014, 48
train,    7576, 163.341848,   69, 0.00,    8, 0.000, 0.000, 0.014, 48
train,    7577, 137.353028,   49, 0.00,   13, 0.000, 0.000, 0.014, 48
train,    7578, 200.586469,   70, 0.00,   15, 0.000, 0.000, 0.014, 48
train,    7579, 235.742977,   64, 0.00,   15, 0.000, 0.000, 0.013, 48
train,    7580, 270.000000,   96, 0.00,   14, 0.000, 0.000, 0.013, 48
update,   7580,  758, 549066, 240.000000, 0.000000
train,    7581, 211.950878,   59, 0.00,    8, 0.000, 0.000, 0.013, 48
train,    7582, 193.986114,   80, 0.00,   12, 0.000, 0.000, 0.013, 48
train,    7583, 176.433371,   71, 0.00,   14, 0.000, 0.000, 0.013, 48
train,    7584, 138.886113,   58, 1.00,   13, 0.000, 0.000, 0.013, 48
train,    7585, 203.323710,  110, 0.00,   10, 0.000, 0.000, 0.013, 48
train,    7586, 34.064185,   55, 1.00,   11, 0.000, 0.000, 0.013, 48
train,    7587, 156.619367,   67, 0.00,   11, 0.000, 0.000, 0.013, 48
train,    7588, 151.315067,   45, 0.00,   17, 0.000, 0.000, 0.013, 48
train,    7589, 216.810932,   99, 0.00,   13, 0.000, 0.000, 0.013, 48
train,    7590, 239.025985,   53, 0.00,    9, 0.000, 0.000, 0.013, 48
update,   7590,  759, 549763, 240.000000, 0.000000
train,    7591, 186.132748,   70, 0.00,   10, 0.000, 0.000, 0.013, 48
train,    7592, 256.146647,   73, 0.00,   16, 0.000, 0.000, 0.013, 48
train,    7593, 231.004106,   58, 0.00,   14, 0.000, 0.000, 0.013, 48
train,    7594, 243.575070,   75, 0.00,   14, 0.000, 0.000, 0.013, 48
train,    7595, 192.375802,   69, 0.00,   12, 0.000, 0.000, 0.013, 48
train,    7596, 248.053491,   84, 0.00,   16, 0.000, 0.000, 0.013, 48
train,    7597, 163.330843,   69, 0.00,   13, 0.000, 0.000, 0.013, 48
train,    7598, 198.617637,   74, 0.00,   15, 0.000, 0.000, 0.013, 48
train,    7599, 184.826243,   65, 0.00,   15, 0.000, 0.000, 0.013, 48
train,    7600, 231.220694,   69, 0.00,   13, 0.000, 0.000, 0.013, 48
update,   7600,  760, 550469, 240.000000, 0.000000
val_t, 7600, 550469, 222.380169, 0.0735,  76.0597,   0.1027, 0.8787,  28.2428, progress 0.8746
train,    7601, 147.389575,   79, 1.00,   14, 0.000, 0.000, 0.013, 48
train,    7602, 232.067615,  100, 0.00,   11, 0.000, 0.000, 0.013, 48
train,    7603, 62.059612,   64, 1.00,    4, 0.000, 0.000, 0.013, 48
train,    7604, 189.358530,   92, 0.00,    8, 0.000, 0.000, 0.013, 48
train,    7605, 166.146457,   88, 0.00,   13, 0.000, 0.000, 0.013, 48
train,    7606, 160.561562,  102, 1.00,   18, 0.000, 0.000, 0.013, 48
train,    7607, 86.600610,   70, 1.00,    9, 0.000, 0.000, 0.013, 48
train,    7608, 208.461038,   95, 0.00,    8, 0.000, 0.000, 0.013, 48
train,    7609, 205.572730,  106, 0.00,   14, 0.000, 0.000, 0.013, 48
train,    7610, 253.989516,   82, 0.00,   11, 0.000, 0.000, 0.013, 48
update,   7610,  761, 551347, 240.000000, 0.000000
train,    7611, 233.330788,   74, 0.00,   13, 0.000, 0.000, 0.013, 48
train,    7612, 162.791502,   93, 0.00,    9, 0.000, 0.000, 0.013, 48
train,    7613, 212.722751,   99, 0.00,   13, 0.000, 0.000, 0.013, 48
train,    7614, 238.429382,   73, 0.00,   16, 0.000, 0.000, 0.013, 48
train,    7615, 185.151734,   78, 0.00,   13, 0.000, 0.000, 0.013, 48
train,    7616, 248.517473,   67, 0.00,   13, 0.000, 0.000, 0.013, 48
train,    7617, 155.620786,   83, 1.00,   11, 0.000, 0.000, 0.013, 48
train,    7618, 102.660083,   52, 1.00,   11, 0.000, 0.000, 0.013, 48
train,    7619, 167.951249,   95, 0.00,   11, 0.000, 0.000, 0.013, 48
train,    7620, 205.642752,  101, 0.00,   10, 0.000, 0.000, 0.013, 48
update,   7620,  762, 552162, 225.212285, 0.000000
train,    7621, 185.287234,  118, 0.00,   10, 0.000, 0.000, 0.013, 48
train,    7622, 168.991504,   97, 0.00,   13, 0.000, 0.000, 0.013, 48
train,    7623, 264.828661,   90, 0.00,   11, 0.000, 0.000, 0.013, 48
train,    7624, 267.781884,  102, 0.00,   16, 0.000, 0.000, 0.013, 48
train,    7625, 147.253673,   88, 1.00,   13, 0.000, 0.000, 0.013, 48
train,    7626, 180.231790,   83, 0.00,    8, 0.000, 0.000, 0.013, 48
train,    7627, 160.168887,   89, 0.00,   11, 0.000, 0.000, 0.013, 48
train,    7628, 100.760901,   77, 1.00,   12, 0.000, 0.000, 0.013, 48
train,    7629, 206.010866,   99, 0.00,   16, 0.000, 0.000, 0.013, 48
train,    7630, 270.000000,  112, 0.00,   14, 0.000, 0.000, 0.013, 48
update,   7630,  763, 553117, 240.000000, 0.000000
train,    7631, 244.605024,  105, 0.00,   15, 0.000, 0.000, 0.013, 48
train,    7632, 117.030565,   65, 1.00,    8, 0.000, 0.000, 0.013, 48
train,    7633, 252.214964,   91, 0.00,   15, 0.000, 0.000, 0.013, 48
train,    7634, 129.063996,   81, 0.00,   12, 0.000, 0.000, 0.013, 48
train,    7635, 203.528506,  104, 0.00,   15, 0.000, 0.000, 0.013, 48
train,    7636, 183.656910,   81, 0.00,   15, 0.000, 0.000, 0.013, 48
train,    7637, 234.221415,  106, 0.00,   10, 0.000, 0.000, 0.013, 48
train,    7638, 178.940745,   83, 0.00,   10, 0.000, 0.000, 0.013, 48
train,    7639, 159.331702,   82, 0.00,   13, 0.000, 0.000, 0.013, 48
train,    7640, 83.551504,   68, 1.00,   10, 0.000, 0.000, 0.013, 48
update,   7640,  764, 553983, 92.140060, 0.000000
train,    7641, 174.212210,  100, 0.00,   15, 0.000, 0.000, 0.013, 48
train,    7642, 235.307995,   77, 0.00,   12, 0.000, 0.000, 0.013, 48
train,    7643, 80.047518,   66, 1.00,   11, 0.000, 0.000, 0.013, 48
train,    7644, 138.190477,  105, 1.00,   12, 0.000, 0.000, 0.013, 48
train,    7645, 195.043967,   62, 0.00,   15, 0.000, 0.000, 0.013, 48
train,    7646, 193.980468,   92, 0.00,   11, 0.000, 0.000, 0.013, 48
train,    7647, 213.125647,   83, 0.00,   13, 0.000, 0.000, 0.013, 48
train,    7648, 267.665509,  102, 0.00,   13, 0.000, 0.000, 0.013, 48
train,    7649, 184.898469,   96, 0.00,   15, 0.000, 0.000, 0.013, 48
train,    7650, 190.032584,   98, 0.00,   12, 0.000, 0.000, 0.013, 48
update,   7650,  765, 554864, 176.507029, 0.000000
train,    7651, 205.952460,   80, 0.00,   14, 0.000, 0.000, 0.013, 48
train,    7652, 40.790832,   53, 1.00,    9, 0.000, 0.000, 0.013, 48
train,    7653, 134.401173,  105, 1.00,   12, 0.000, 0.000, 0.013, 48
train,    7654, 119.736230,   73, 1.00,   11, 0.000, 0.000, 0.013, 48
train,    7655, 212.749352,   72, 0.00,   12, 0.000, 0.000, 0.013, 48
train,    7656, 245.388464,   86, 0.00,   15, 0.000, 0.000, 0.013, 48
train,    7657, 228.488186,  119, 0.00,   13, 0.000, 0.000, 0.013, 48
train,    7658, 255.353451,  105, 0.00,   14, 0.000, 0.000, 0.013, 48
train,    7659, 218.023850,   75, 0.00,   10, 0.000, 0.000, 0.013, 48
train,    7660, 202.017980,  114, 0.00,   11, 0.000, 0.000, 0.013, 48
update,   7660,  766, 555746, 211.715557, 0.000000
train,    7661, 227.308720,   96, 0.00,   14, 0.000, 0.000, 0.013, 48
train,    7662, 183.969641,  116, 0.00,   14, 0.000, 0.000, 0.013, 48
train,    7663, 199.401312,   92, 0.00,   13, 0.000, 0.000, 0.013, 48
train,    7664, 167.640621,   90, 0.00,   15, 0.000, 0.000, 0.013, 48
train,    7665, 216.310642,  108, 0.00,   12, 0.000, 0.000, 0.013, 48
train,    7666, 212.110193,   79, 0.00,   14, 0.000, 0.000, 0.013, 48
train,    7667, 186.922406,   99, 0.00,   13, 0.000, 0.000, 0.013, 48
train,    7668, 241.961374,   63, 0.00,   10, 0.000, 0.000, 0.013, 48
train,    7669, 227.777363,   97, 0.00,   10, 0.000, 0.000, 0.013, 48
train,    7670, 209.767448,   90, 0.00,   14, 0.000, 0.000, 0.013, 48
update,   7670,  767, 556676, 239.181008, 0.000000
train,    7671, 143.318114,   99, 0.00,   11, 0.000, 0.000, 0.013, 48
train,    7672, 196.069009,   97, 0.00,   13, 0.000, 0.000, 0.013, 48
train,    7673, 238.724665,   87, 0.00,   16, 0.000, 0.000, 0.013, 48
train,    7674, 234.860058,  101, 0.00,   17, 0.000, 0.000, 0.013, 48
train,    7675, 199.131465,  118, 0.00,   10, 0.000, 0.000, 0.013, 48
train,    7676, 223.668584,  120, 0.00,   13, 0.000, 0.000, 0.013, 48
train,    7677, 168.199208,   80, 0.00,   12, 0.000, 0.000, 0.013, 48
train,    7678, 160.384743,  120, 0.00,   14, 0.000, 0.000, 0.013, 48
train,    7679, 218.316305,  102, 0.00,   10, 0.000, 0.000, 0.013, 48
train,    7680, 59.126718,   46, 1.00,    9, 0.000, 0.000, 0.013, 48
update,   7680,  768, 557646, 62.087463, 0.000000
train,    7681, 164.332298,   98, 0.00,   10, 0.000, 0.000, 0.013, 48
train,    7682, 177.980287,   97, 0.00,   15, 0.000, 0.000, 0.013, 48
train,    7683, 148.276562,   63, 1.00,    9, 0.000, 0.000, 0.013, 48
train,    7684, 150.469137,   97, 0.00,   12, 0.000, 0.000, 0.013, 48
train,    7685, 257.859607,   84, 0.00,    9, 0.000, 0.000, 0.013, 48
train,    7686, 184.322780,   92, 0.00,   14, 0.000, 0.000, 0.013, 48
train,    7687, 141.556218,   83, 1.00,   15, 0.000, 0.000, 0.013, 48
train,    7688, 215.417940,   84, 0.00,   12, 0.000, 0.000, 0.013, 48
train,    7689, 48.697659,   52, 1.00,   10, 0.000, 0.000, 0.013, 48
train,    7690, 247.364084,  100, 0.00,   17, 0.000, 0.000, 0.013, 48
update,   7690,  769, 558496, 240.000000, 0.000000
train,    7691, 247.925355,  120, 0.00,   13, 0.000, 0.000, 0.013, 48
train,    7692, 180.919861,  113, 0.00,   13, 0.000, 0.000, 0.013, 48
train,    7693, 201.813173,  107, 0.00,    9, 0.000, 0.000, 0.013, 48
train,    7694, 169.073990,  120, 0.00,   10, 0.000, 0.000, 0.013, 48
train,    7695, 122.864672,  102, 0.00,   10, 0.000, 0.000, 0.013, 48
train,    7696, 193.785262,  120, 0.00,   13, 0.000, 0.000, 0.013, 48
train,    7697, 206.057846,   99, 0.00,   12, 0.000, 0.000, 0.013, 48
train,    7698, 194.376213,  120, 0.00,   18, 0.000, 0.000, 0.013, 48
train,    7699, 174.338738,  114, 0.00,   13, 0.000, 0.000, 0.013, 48
train,    7700, 240.167695,  104, 0.00,   12, 0.000, 0.000, 0.013, 48
update,   7700,  770, 559615, 232.473067, 0.000000
val_t, 7700, 559615, 182.497003, 0.1359,  75.8431,   0.1095, 0.8322,  28.5531, progress 0.8657
train,    7701, 225.854191,  120, 0.00,   15, 0.000, 0.000, 0.013, 48
train,    7702, 204.865151,  112, 0.00,   12, 0.000, 0.000, 0.013, 48
train,    7703, 199.348745,   97, 0.00,   12, 0.000, 0.000, 0.013, 48
train,    7704, 190.675712,   94, 0.00,   12, 0.000, 0.000, 0.013, 48
train,    7705, 229.235576,  100, 0.00,   11, 0.000, 0.000, 0.013, 48
train,    7706, 223.461237,   94, 0.00,   12, 0.000, 0.000, 0.013, 48
train,    7707, 152.867656,  120, 0.00,   15, 0.000, 0.000, 0.013, 48
train,    7708, 146.394019,  120, 0.00,   10, 0.000, 0.000, 0.013, 48
train,    7709, 190.344047,  120, 0.00,   12, 0.000, 0.000, 0.013, 48
train,    7710, 249.591930,  114, 0.00,   14, 0.000, 0.000, 0.013, 48
update,   7710,  771, 560706, 240.000000, 0.000000
train,    7711, 154.683298,  115, 0.00,   11, 0.000, 0.000, 0.013, 48
train,    7712, 212.171786,  119, 0.00,   13, 0.000, 0.000, 0.013, 48
train,    7713, 241.811982,  110, 0.00,   12, 0.000, 0.000, 0.013, 48
train,    7714, 197.727476,  108, 0.00,   12, 0.000, 0.000, 0.013, 48
train,    7715, 195.089486,  102, 0.00,   13, 0.000, 0.000, 0.013, 48
train,    7716, 215.473976,  119, 0.00,   13, 0.000, 0.000, 0.013, 48
train,    7717, 223.805228,  120, 0.00,   13, 0.000, 0.000, 0.013, 48
train,    7718, 180.442330,  109, 0.00,   12, 0.000, 0.000, 0.013, 48
train,    7719, 183.190713,   77, 0.00,   11, 0.000, 0.000, 0.013, 48
train,    7720, 189.921629,  120, 0.00,   12, 0.000, 0.000, 0.013, 48
update,   7720,  772, 561805, 179.274534, 0.000000
train,    7721, 237.347629,  119, 0.00,   15, 0.000, 0.000, 0.013, 48
train,    7722, 189.525145,  118, 0.00,   14, 0.000, 0.000, 0.013, 48
train,    7723, 227.806604,  107, 0.00,   13, 0.000, 0.000, 0.013, 48
train,    7724, 174.679596,   97, 0.00,   13, 0.000, 0.000, 0.013, 48
train,    7725, 211.761110,  107, 0.00,   15, 0.000, 0.000, 0.013, 48
train,    7726, 222.045377,  113, 0.00,   13, 0.000, 0.000, 0.013, 48
train,    7727, 225.295387,   92, 0.00,   12, 0.000, 0.000, 0.013, 48
train,    7728, 220.319177,  120, 0.00,   13, 0.000, 0.000, 0.013, 48
train,    7729, 164.479648,  106, 0.00,   12, 0.000, 0.000, 0.013, 48
train,    7730, 179.519584,   98, 0.00,   11, 0.000, 0.000, 0.013, 48
update,   7730,  773, 562882, 156.602316, 0.000000
train,    7731, 233.939647,   97, 0.00,   13, 0.000, 0.000, 0.013, 48
train,    7732, 192.232503,  100, 0.00,   15, 0.000, 0.000, 0.013, 48
train,    7733, 154.164170,  108, 0.00,   10, 0.000, 0.000, 0.013, 48
train,    7734, 206.492442,  120, 0.00,   14, 0.000, 0.000, 0.013, 48
train,    7735, 73.706461,   55, 1.00,   11, 0.000, 0.000, 0.013, 48
train,    7736, 199.084779,   91, 0.00,   10, 0.000, 0.000, 0.013, 48
train,    7737, 190.803673,  115, 0.00,   13, 0.000, 0.000, 0.013, 48
train,    7738, 190.654743,   64, 0.00,   12, 0.000, 0.000, 0.013, 48
train,    7739, 81.642851,   79, 1.00,   12, 0.000, 0.000, 0.013, 48
train,    7740, 243.117080,   99, 0.00,   13, 0.000, 0.000, 0.013, 48
update,   7740,  774, 563810, 212.165202, 0.000000
train,    7741, 196.092479,  100, 0.00,   17, 0.000, 0.000, 0.013, 48
train,    7742, 182.590025,   89, 0.00,   14, 0.000, 0.000, 0.013, 48
train,    7743, 202.820634,  116, 0.00,   10, 0.000, 0.000, 0.013, 48
train,    7744, 156.609961,  105, 0.00,   12, 0.000, 0.000, 0.013, 48
train,    7745, 164.012608,  102, 0.00,   14, 0.000, 0.000, 0.013, 48
train,    7746, 193.103826,   99, 0.00,    9, 0.000, 0.000, 0.013, 48
train,    7747, 205.044723,   96, 0.00,   11, 0.000, 0.000, 0.013, 48
train,    7748, 206.049070,   91, 0.00,   10, 0.000, 0.000, 0.013, 48
train,    7749, 224.102906,   92, 0.00,   12, 0.000, 0.000, 0.013, 48
train,    7750, 207.259469,  112, 0.00,   16, 0.000, 0.000, 0.013, 48
update,   7750,  775, 564812, 199.738635, 0.000000
train,    7751, 255.273632,  120, 0.00,   17, 0.000, 0.000, 0.013, 48
train,    7752, 171.820128,   89, 0.00,   12, 0.000, 0.000, 0.013, 48
train,    7753, 179.297421,   95, 0.00,   11, 0.000, 0.000, 0.013, 48
train,    7754, 172.306779,  109, 0.00,   16, 0.000, 0.000, 0.013, 48
train,    7755, 159.064978,   45, 0.00,   15, 0.000, 0.000, 0.013, 48
train,    7756, 212.171576,   90, 0.00,   14, 0.000, 0.000, 0.013, 48
train,    7757, 96.713053,   83, 1.00,   13, 0.000, 0.000, 0.013, 48
train,    7758, 192.091070,   84, 0.00,    7, 0.000, 0.000, 0.013, 48
train,    7759, 187.888023,   78, 0.00,   12, 0.000, 0.000, 0.013, 48
train,    7760, 205.957257,  108, 0.00,   11, 0.000, 0.000, 0.013, 48
update,   7760,  776, 565713, 210.104331, 0.000000
train,    7761, 252.471494,   73, 0.00,   13, 0.000, 0.000, 0.013, 48
train,    7762, 233.269405,  112, 0.00,   16, 0.000, 0.000, 0.013, 48
train,    7763, 218.099232,   65, 0.00,   14, 0.000, 0.000, 0.013, 48
train,    7764, 171.086002,   75, 0.00,   10, 0.000, 0.000, 0.013, 48
train,    7765, 179.766438,   81, 0.00,   13, 0.000, 0.000, 0.013, 48
train,    7766, 184.873423,   68, 0.00,    8, 0.000, 0.000, 0.013, 48
train,    7767, 123.812793,   87, 0.00,    9, 0.000, 0.000, 0.013, 48
train,    7768, 122.596544,  105, 1.00,   15, 0.000, 0.000, 0.013, 48
train,    7769, 208.583244,   96, 0.00,   11, 0.000, 0.000, 0.013, 48
train,    7770, 178.275328,   84, 0.00,    8, 0.000, 0.000, 0.013, 48
update,   7770,  777, 566559, 176.963467, 0.000000
train,    7771, 211.934720,   67, 0.00,   12, 0.000, 0.000, 0.013, 48
train,    7772, 167.806475,   65, 0.00,   11, 0.000, 0.000, 0.012, 48
train,    7773, 195.955863,   81, 0.00,   14, 0.000, 0.000, 0.012, 48
train,    7774, 166.742508,   77, 0.00,   15, 0.000, 0.000, 0.012, 48
train,    7775, 67.159431,   82, 1.00,    9, 0.000, 0.000, 0.012, 48
train,    7776, 247.961467,   68, 0.00,   11, 0.000, 0.000, 0.012, 48
train,    7777, 225.718710,   72, 0.00,   11, 0.000, 0.000, 0.012, 48
train,    7778, 223.280704,   69, 0.00,   15, 0.000, 0.000, 0.012, 48
train,    7779, 164.208875,   93, 0.00,   12, 0.000, 0.000, 0.012, 48
train,    7780, 156.601571,   86, 1.00,   10, 0.000, 0.000, 0.012, 48
update,   7780,  778, 567319, 164.714102, 0.000000
train,    7781, 246.133472,   86, 0.00,   14, 0.000, 0.000, 0.012, 48
train,    7782, 207.492313,   97, 0.00,   17, 0.000, 0.000, 0.012, 48
train,    7783, 231.521626,   79, 0.00,   10, 0.000, 0.000, 0.012, 48
train,    7784, 159.324428,   65, 0.00,   16, 0.000, 0.000, 0.012, 48
train,    7785, 152.197708,   87, 1.00,   13, 0.000, 0.000, 0.012, 48
train,    7786, 230.008645,   76, 0.00,   10, 0.000, 0.000, 0.012, 48
train,    7787, 197.720293,   81, 0.00,   14, 0.000, 0.000, 0.012, 48
train,    7788, 204.314461,   90, 0.00,   12, 0.000, 0.000, 0.012, 48
train,    7789, 204.683788,   80, 0.00,   16, 0.000, 0.000, 0.012, 48
train,    7790, 84.917296,   45, 1.00,    9, 0.000, 0.000, 0.012, 48
update,   7790,  779, 568105, 105.543469, 0.000000
train,    7791, 190.076645,   69, 0.00,   10, 0.000, 0.000, 0.012, 48
train,    7792, 201.899962,   89, 0.00,   14, 0.000, 0.000, 0.012, 48
train,    7793, 216.374542,   83, 0.00,   10, 0.000, 0.000, 0.012, 48
train,    7794, 192.106039,   47, 0.00,   10, 0.000, 0.000, 0.012, 48
train,    7795, 184.616632,  104, 0.00,    8, 0.000, 0.000, 0.012, 48
train,    7796, 205.608590,   63, 0.00,   11, 0.000, 0.000, 0.012, 48
train,    7797, 245.527788,   49, 0.00,   12, 0.000, 0.000, 0.012, 48
train,    7798, 138.919156,   61, 1.00,   10, 0.000, 0.000, 0.012, 48
train,    7799, 212.360307,   77, 0.00,   11, 0.000, 0.000, 0.012, 48
train,    7800, 219.564996,  102, 0.00,   14, 0.000, 0.000, 0.012, 48
update,   7800,  780, 568849, 220.301428, 0.000000
val_t, 7800, 568849, 189.905688, 0.1142,  87.7934,   0.1046, 0.8151,  29.1000, progress 0.9079
train,    7801, 170.474651,   91, 0.00,   16, 0.000, 0.000, 0.012, 48
train,    7802, 197.607686,   70, 0.00,   11, 0.000, 0.000, 0.012, 48
train,    7803, 190.908275,   96, 0.00,   15, 0.000, 0.000, 0.012, 48
train,    7804, 161.840534,  103, 0.00,   11, 0.000, 0.000, 0.012, 48
train,    7805, 19.910040,   39, 1.00,    7, 0.000, 0.000, 0.012, 48
train,    7806, 257.299215,   71, 0.00,   14, 0.000, 0.000, 0.012, 48
train,    7807, 176.496043,   99, 0.00,   14, 0.000, 0.000, 0.012, 48
train,    7808, 210.977319,   79, 0.00,   14, 0.000, 0.000, 0.012, 48
train,    7809, 91.426779,   81, 1.00,    8, 0.000, 0.000, 0.012, 48
train,    7810, 220.748407,   85, 0.00,   12, 0.000, 0.000, 0.012, 48
update,   7810,  781, 569663, 209.620393, 0.000000
train,    7811, 238.836301,   64, 0.00,   13, 0.000, 0.000, 0.012, 48
train,    7812, 226.407757,   91, 0.00,   12, 0.000, 0.000, 0.012, 48
train,    7813, 208.077320,   98, 0.00,    8, 0.000, 0.000, 0.012, 48
train,    7814, 239.110423,   85, 0.00,   11, 0.000, 0.000, 0.012, 48
train,    7815, 179.009215,   90, 0.00,   12, 0.000, 0.000, 0.012, 48
train,    7816, 200.398365,   81, 0.00,   15, 0.000, 0.000, 0.012, 48
train,    7817, 204.957116,   71, 0.00,   11, 0.000, 0.000, 0.012, 48
train,    7818, 194.146091,   83, 0.00,   13, 0.000, 0.000, 0.012, 48
train,    7819, 197.106932,   88, 0.00,   13, 0.000, 0.000, 0.012, 48
train,    7820, 155.006823,   85, 1.00,   13, 0.000, 0.000, 0.012, 48
update,   7820,  782, 570499, 157.544185, 0.000000
train,    7821, 135.064004,   80, 1.00,   12, 0.000, 0.000, 0.012, 48
train,    7822, 235.500708,   96, 0.00,   10, 0.000, 0.000, 0.012, 48
train,    7823, 267.672199,   50, 0.00,   12, 0.000, 0.000, 0.012, 48
train,    7824, 245.712014,  102, 0.00,   15, 0.000, 0.000, 0.012, 48
train,    7825, 76.642723,   59, 1.00,    8, 0.000, 0.000, 0.012, 48
train,    7826, 194.671672,   68, 0.00,   15, 0.000, 0.000, 0.012, 48
train,    7827, 230.598591,   89, 0.00,   13, 0.000, 0.000, 0.012, 48
train,    7828, 81.692061,   43, 1.00,    9, 0.000, 0.000, 0.012, 48
train,    7829, 182.351444,   49, 0.00,    9, 0.000, 0.000, 0.012, 48
train,    7830, 255.564212,   59, 0.00,   12, 0.000, 0.000, 0.012, 48
update,   7830,  783, 571194, 222.680946, 0.000000
train,    7831, 169.503492,   92, 0.00,   11, 0.000, 0.000, 0.012, 48
train,    7832, 249.955210,   87, 0.00,   12, 0.000, 0.000, 0.012, 48
train,    7833, 198.351062,   87, 0.00,   11, 0.000, 0.000, 0.012, 48
train,    7834, 186.761095,   89, 0.00,    8, 0.000, 0.000, 0.012, 48
train,    7835, 69.021737,   42, 1.00,    9, 0.000, 0.000, 0.012, 48
train,    7836, 236.302510,   87, 0.00,   14, 0.000, 0.000, 0.012, 48
train,    7837, 222.526731,   64, 0.00,   15, 0.000, 0.000, 0.012, 48
train,    7838, 183.080763,   79, 0.00,   15, 0.000, 0.000, 0.012, 48
train,    7839, 60.020206,   83, 1.00,   11, 0.000, 0.000, 0.012, 48
train,    7840, 78.989299,   40, 1.00,   11, 0.000, 0.000, 0.012, 48
update,   7840,  784, 571944, 98.522427, 0.000000
train,    7841, 194.734598,   92, 0.00,   12, 0.000, 0.000, 0.012, 48
train,    7842, 208.493586,   62, 0.00,   13, 0.000, 0.000, 0.012, 48
train,    7843, 156.925073,   96, 0.00,   15, 0.000, 0.000, 0.012, 48
train,    7844, 167.244531,   75, 0.00,   13, 0.000, 0.000, 0.012, 48
train,    7845, 188.000519,   69, 0.00,   13, 0.000, 0.000, 0.012, 48
train,    7846, 208.618192,   72, 0.00,   12, 0.000, 0.000, 0.012, 48
train,    7847, 81.813104,   49, 1.00,    8, 0.000, 0.000, 0.012, 48
train,    7848, 217.533251,   48, 0.00,   14, 0.000, 0.000, 0.012, 48
train,    7849, 145.705944,   53, 0.00,   15, 0.000, 0.000, 0.012, 48
train,    7850, 227.189646,   53, 0.00,   17, 0.000, 0.000, 0.012, 48
update,   7850,  785, 572613, 221.244717, 0.000000
train,    7851, 113.124379,  100, 0.00,   12, 0.000, 0.000, 0.012, 48
train,    7852, 181.318092,   74, 0.00,   12, 0.000, 0.000, 0.012, 48
train,    7853, 226.219675,   74, 0.00,   15, 0.000, 0.000, 0.012, 48
train,    7854, 189.632320,   71, 0.00,   11, 0.000, 0.000, 0.012, 48
train,    7855, 228.221637,   94, 0.00,   14, 0.000, 0.000, 0.012, 48
train,    7856, 152.070773,   86, 0.00,   10, 0.000, 0.000, 0.012, 48
train,    7857, 195.948185,   56, 0.00,   12, 0.000, 0.000, 0.012, 48
train,    7858, 188.551676,   70, 0.00,    7, 0.000, 0.000, 0.012, 48
train,    7859, 193.183384,   71, 0.00,   14, 0.000, 0.000, 0.012, 48
train,    7860, 189.548843,   71, 0.00,   13, 0.000, 0.000, 0.012, 48
update,   7860,  786, 573380, 181.050524, 0.000000
train,    7861, 223.015181,   74, 0.00,   13, 0.000, 0.000, 0.012, 48
train,    7862, 247.393031,   82, 0.00,   14, 0.000, 0.000, 0.012, 48
train,    7863, 195.843359,   84, 0.00,    9, 0.000, 0.000, 0.012, 48
train,    7864, 194.832398,   69, 0.00,   11, 0.000, 0.000, 0.012, 48
train,    7865, 194.481919,   71, 0.00,   14, 0.000, 0.000, 0.012, 48
train,    7866, 241.583748,   64, 0.00,   12, 0.000, 0.000, 0.012, 48
train,    7867, 191.183253,   54, 0.00,   13, 0.000, 0.000, 0.012, 48
train,    7868, 63.182500,   75, 1.00,   12, 0.000, 0.000, 0.012, 48
train,    7869, 124.330258,   58, 0.00,   16, 0.000, 0.000, 0.012, 48
train,    7870, 170.297796,   60, 0.00,   15, 0.000, 0.000, 0.012, 48
update,   7870,  787, 574071, 156.981074, 0.000000
train,    7871, 195.986856,   67, 0.00,    9, 0.000, 0.000, 0.012, 48
train,    7872, 182.440013,   88, 0.00,   12, 0.000, 0.000, 0.012, 48
train,    7873, 110.804659,   86, 1.00,   12, 0.000, 0.000, 0.012, 48
train,    7874, 203.127378,   61, 0.00,   14, 0.000, 0.000, 0.012, 48
train,    7875, 225.769423,   45, 0.00,   11, 0.000, 0.000, 0.012, 48
train,    7876, 187.633097,   71, 0.00,   12, 0.000, 0.000, 0.012, 48
train,    7877, 240.385114,   64, 0.00,   13, 0.000, 0.000, 0.012, 48
train,    7878, 151.525598,   45, 0.00,   12, 0.000, 0.000, 0.012, 48
train,    7879, 190.031383,   65, 0.00,   10, 0.000, 0.000, 0.012, 48
train,    7880, 184.810630,   53, 0.00,   15, 0.000, 0.000, 0.012, 48
update,   7880,  788, 574716, 165.890562, 0.000000
train,    7881, 270.000000,   69, 0.00,   16, 0.000, 0.000, 0.012, 48
train,    7882, 149.152620,   73, 0.00,   12, 0.000, 0.000, 0.012, 48
train,    7883, 157.379918,   74, 1.00,   14, 0.000, 0.000, 0.012, 48
train,    7884, 192.984131,   80, 0.00,   13, 0.000, 0.000, 0.012, 48
train,    7885, 154.395507,   64, 0.00,   11, 0.000, 0.000, 0.012, 48
train,    7886, 202.183774,   86, 0.00,   13, 0.000, 0.000, 0.012, 48
train,    7887, 188.171073,   63, 0.00,   15, 0.000, 0.000, 0.012, 48
train,    7888, 145.851457,   88, 1.00,   12, 0.000, 0.000, 0.012, 48
train,    7889, 270.000000,   64, 0.00,   14, 0.000, 0.000, 0.012, 48
train,    7890, 209.379000,   87, 0.00,   11, 0.000, 0.000, 0.012, 48
update,   7890,  789, 575464, 204.897511, 0.000000
train,    7891, 221.906383,   56, 0.00,   14, 0.000, 0.000, 0.012, 48
train,    7892, 120.836823,   79, 1.00,   11, 0.000, 0.000, 0.012, 48
train,    7893, 198.402598,   73, 0.00,   12, 0.000, 0.000, 0.012, 48
train,    7894, 197.133726,   59, 0.00,    9, 0.000, 0.000, 0.012, 48
train,    7895, 182.193733,   78, 0.00,   13, 0.000, 0.000, 0.012, 48
train,    7896, 223.180636,   68, 0.00,   12, 0.000, 0.000, 0.012, 48
train,    7897, 211.836054,   58, 0.00,   11, 0.000, 0.000, 0.012, 48
train,    7898, 220.049624,   99, 0.00,   14, 0.000, 0.000, 0.012, 48
train,    7899, 219.144619,   93, 0.00,   16, 0.000, 0.000, 0.012, 48
train,    7900, 202.407323,   90, 0.00,    9, 0.000, 0.000, 0.012, 48
update,   7900,  790, 576217, 170.279638, 0.000000
val_t, 7900, 576217, 176.916247, 0.1351,  80.7648,   0.0736, 0.8431,  28.1001, progress 0.8938
train,    7901, 240.527032,   51, 0.00,   15, 0.000, 0.000, 0.012, 48
train,    7902, 196.322535,  102, 0.00,   12, 0.000, 0.000, 0.012, 48
train,    7903, 114.051358,   71, 1.00,   11, 0.000, 0.000, 0.012, 48
train,    7904, 257.895059,   91, 0.00,   17, 0.000, 0.000, 0.012, 48
train,    7905, 165.113811,   79, 0.00,   13, 0.000, 0.000, 0.012, 48
train,    7906, 184.966301,  112, 0.00,   15, 0.000, 0.000, 0.012, 48
train,    7907, 198.702097,  116, 0.00,   14, 0.000, 0.000, 0.012, 48
train,    7908, 191.282240,   86, 0.00,   13, 0.000, 0.000, 0.012, 48
train,    7909, 223.885822,   81, 0.00,    6, 0.000, 0.000, 0.012, 48
train,    7910, 199.421901,   93, 0.00,   14, 0.000, 0.000, 0.012, 48
update,   7910,  791, 577099, 205.908218, 0.000000
train,    7911, 189.250271,  103, 0.00,    8, 0.000, 0.000, 0.012, 48
train,    7912, 224.355162,   68, 0.00,   14, 0.000, 0.000, 0.012, 48
train,    7913, 198.450815,   89, 0.00,   11, 0.000, 0.000, 0.012, 48
train,    7914, 226.304146,  103, 0.00,   13, 0.000, 0.000, 0.012, 48
train,    7915, 83.490552,   77, 1.00,   13, 0.000, 0.000, 0.012, 48
train,    7916, 265.266510,   83, 0.00,   17, 0.000, 0.000, 0.012, 48
train,    7917, 222.529630,   63, 0.00,   13, 0.000, 0.000, 0.012, 48
train,    7918, 252.315679,  108, 0.00,   15, 0.000, 0.000, 0.012, 48
train,    7919, 202.995467,  106, 0.00,   11, 0.000, 0.000, 0.012, 48
train,    7920, 132.999924,   65, 1.00,   13, 0.000, 0.000, 0.012, 48
update,   7920,  792, 577964, 77.891358, 0.000000
train,    7921, 258.924495,   98, 0.00,   12, 0.000, 0.000, 0.012, 48
train,    7922, 204.505838,   95, 0.00,   11, 0.000, 0.000, 0.012, 48
train,    7923, 227.399280,   79, 0.00,   13, 0.000, 0.000, 0.012, 48
train,    7924, 166.104070,  109, 0.00,    9, 0.000, 0.000, 0.012, 48
train,    7925, 240.104232,  120, 0.00,   11, 0.000, 0.000, 0.012, 48
train,    7926, 217.114280,  103, 0.00,   10, 0.000, 0.000, 0.012, 48
train,    7927, 97.125545,   62, 1.00,    8, 0.000, 0.000, 0.012, 48
train,    7928, 235.708131,   72, 0.00,   16, 0.000, 0.000, 0.012, 48
train,    7929, 168.142467,   87, 0.00,   13, 0.000, 0.000, 0.012, 48
train,    7930, 178.526372,   94, 1.00,   14, 0.000, 0.000, 0.012, 48
update,   7930,  793, 578883, 216.023943, 0.000000
train,    7931, 270.000000,   97, 0.00,   18, 0.000, 0.000, 0.012, 48
train,    7932, 176.362483,   88, 0.00,   15, 0.000, 0.000, 0.012, 48
train,    7933, 234.369107,  110, 0.00,   12, 0.000, 0.000, 0.012, 48
train,    7934, 226.453588,   95, 0.00,   11, 0.000, 0.000, 0.012, 48
train,    7935, 250.246395,  108, 0.00,   12, 0.000, 0.000, 0.012, 48
train,    7936, 143.177843,   66, 1.00,   14, 0.000, 0.000, 0.012, 48
train,    7937, 206.227929,  103, 0.00,   14, 0.000, 0.000, 0.012, 48
train,    7938, 179.170835,   79, 0.00,   10, 0.000, 0.000, 0.012, 48
train,    7939, 191.448358,   90, 0.00,   14, 0.000, 0.000, 0.012, 48
train,    7940, 172.469995,  119, 0.00,   15, 0.000, 0.000, 0.012, 48
update,   7940,  794, 579838, 149.415970, 0.000000
train,    7941, 247.050733,  116, 0.00,   14, 0.000, 0.000, 0.012, 48
train,    7942, 196.199405,   96, 0.00,   13, 0.000, 0.000, 0.012, 48
train,    7943, 231.081322,  106, 0.00,   12, 0.000, 0.000, 0.012, 48
train,    7944, 175.011321,  120, 0.00,   11, 0.000, 0.000, 0.012, 48
train,    7945, 243.565516,   86, 0.00,   12, 0.000, 0.000, 0.012, 48
train,    7946, 230.227710,   94, 0.00,   12, 0.000, 0.000, 0.012, 48
train,    7947, 209.964759,   91, 0.00,   13, 0.000, 0.000, 0.012, 48
train,    7948, 123.588785,   62, 1.00,   14, 0.000, 0.000, 0.012, 48
train,    7949, 137.887742,   99, 0.00,   12, 0.000, 0.000, 0.012, 48
train,    7950, 236.574823,  111, 0.00,   14, 0.000, 0.000, 0.012, 48
update,   7950,  795, 580819, 240.000000, 0.000000
train,    7951, 216.810429,  120, 0.00,   14, 0.000, 0.000, 0.012, 48
train,    7952, 199.200826,  113, 0.00,   15, 0.000, 0.000, 0.012, 48
train,    7953, 191.933143,   83, 0.00,   10, 0.000, 0.000, 0.012, 48
train,    7954, 208.285554,   95, 0.00,   14, 0.000, 0.000, 0.012, 48
train,    7955, 221.376620,   85, 0.00,   13, 0.000, 0.000, 0.012, 48
train,    7956, 182.262645,  120, 0.00,   11, 0.000, 0.000, 0.012, 48
train,    7957, 201.581153,  102, 0.00,   17, 0.000, 0.000, 0.012, 48
train,    7958, 182.255884,  106, 0.00,   13, 0.000, 0.000, 0.012, 48
train,    7959, 234.257901,   99, 0.00,   10, 0.000, 0.000, 0.012, 48
train,    7960, 195.335674,   86, 0.00,   15, 0.000, 0.000, 0.012, 48
update,   7960,  796, 581828, 157.576137, 0.000000
train,    7961, 220.133138,  108, 0.00,   14, 0.000, 0.000, 0.012, 48
train,    7962, 222.038679,   97, 0.00,   12, 0.000, 0.000, 0.012, 48
train,    7963, 190.709638,   84, 0.00,   13, 0.000, 0.000, 0.012, 48
train,    7964, 76.925574,   72, 1.00,   12, 0.000, 0.000, 0.012, 48
train,    7965, 34.293974,   53, 1.00,    7, 0.000, 0.000, 0.012, 48
train,    7966, 199.919585,   77, 0.00,   13, 0.000, 0.000, 0.012, 48
train,    7967, 242.115510,  118, 0.00,   10, 0.000, 0.000, 0.012, 48
train,    7968, 238.584672,   93, 0.00,   18, 0.000, 0.000, 0.012, 48
train,    7969, 238.872082,  103, 0.00,    9, 0.000, 0.000, 0.012, 48
train,    7970, 174.368659,  103, 0.00,   11, 0.000, 0.000, 0.012, 48
update,   7970,  797, 582736, 179.354782, 0.000000
train,    7971, 205.826107,   89, 0.00,   12, 0.000, 0.000, 0.012, 48
train,    7972, 224.165090,   95, 0.00,   11, 0.000, 0.000, 0.012, 48
train,    7973, 55.352073,   46, 1.00,   13, 0.000, 0.000, 0.012, 48
train,    7974, 178.780432,  120, 0.00,   13, 0.000, 0.000, 0.012, 48
train,    7975, 236.929360,  116, 0.00,   11, 0.000, 0.000, 0.012, 48
train,    7976, 153.668087,   93, 0.00,   13, 0.000, 0.000, 0.012, 48
train,    7977, 158.123099,   71, 1.00,    8, 0.000, 0.000, 0.012, 48
train,    7978, 219.671036,   91, 0.00,   15, 0.000, 0.000, 0.012, 48
train,    7979, 222.762220,   85, 0.00,   15, 0.000, 0.000, 0.012, 48
train,    7980, 179.794864,   96, 0.00,   12, 0.000, 0.000, 0.011, 48
update,   7980,  798, 583638, 173.936450, 0.000000
train,    7981, 87.311874,   50, 1.00,    9, 0.000, 0.000, 0.011, 48
train,    7982, 224.924082,   97, 0.00,   15, 0.000, 0.000, 0.011, 48
train,    7983, 72.047056,   61, 1.00,   10, 0.000, 0.000, 0.011, 48
train,    7984, 190.779984,  117, 0.00,   13, 0.000, 0.000, 0.011, 48
train,    7985, 176.870047,  102, 0.00,   15, 0.000, 0.000, 0.011, 48
train,    7986, 150.120056,   96, 0.00,   12, 0.000, 0.000, 0.011, 48
train,    7987, 138.503580,  108, 0.00,   12, 0.000, 0.000, 0.011, 48
train,    7988, 130.736773,   62, 1.00,   10, 0.000, 0.000, 0.011, 48
train,    7989, 200.861424,  116, 0.00,   14, 0.000, 0.000, 0.011, 48
train,    7990, 178.887261,  108, 0.00,   10, 0.000, 0.000, 0.011, 48
update,   7990,  799, 584555, 186.796500, 0.000000
train,    7991, 5.095607,   16, 1.00,    3, 0.000, 0.000, 0.011, 48
train,    7992, 160.453819,  104, 0.00,    9, 0.000, 0.000, 0.011, 48
train,    7993, 226.497734,  120, 0.00,   13, 0.000, 0.000, 0.011, 48
train,    7994, 190.495529,   96, 0.00,    8, 0.000, 0.000, 0.011, 48
train,    7995, 247.786053,  107, 0.00,   11, 0.000, 0.000, 0.011, 48
train,    7996, 206.535813,  106, 0.00,   14, 0.000, 0.000, 0.011, 48
train,    7997, 195.215197,  104, 0.00,   12, 0.000, 0.000, 0.011, 48
train,    7998, 120.439277,   54, 1.00,   11, 0.000, 0.000, 0.011, 48
train,    7999, 157.230035,   82, 1.00,    9, 0.000, 0.000, 0.011, 48
train,    8000, 181.453393,   87, 0.00,   13, 0.000, 0.000, 0.011, 48
update,   8000,  800, 585431, 164.680625, 0.000000
val_t, 8000, 585431, 181.787376, 0.0624,  73.6522,   0.0951, 0.8548,  28.1797, progress 0.9072