init,     2026-04-21 18:50:38.082819
arguments,Namespace(PPO_epochs=4, adv_norm=1, alg='ppo', cuda=0, curriculum_clean_ratio=1.0, curriculum_entropy_decay=0.92, curriculum_mode='adaptive', curriculum_noise_step=0.0, curriculum_patience=1, entropy=0.08, entropy_min=0.01, eps_clip=0.1, gae_lambda=0.98, gamma=0.998, grad_clip=0.35, gymip_train_xml='inverted_pendulum_ChangeThk_0.050000.xml', hid_group_num=8, hid_group_size=8, hidden_num=64, ignore_checkpoint=True, lane_profile='auto', lr=0.00025, max_noise=0.0, mini_batch_size=128, model='rwtaspk', monitor_time=False, optimizer='rmsprop', rep=11, response_window=40, reward_scale=0.9, road_scenario='highway', rollout_steps=512, rwta_del_connection='none', seed=11, snn_num_steps=15, task='gymip', thread=-1, traffic_level='standard', train_envs=4, train_num=8000, warm_start_kind='none', warm_start_prefix='')
seed,     11
model_dir,/root/autodl-tmp/SVPG2023/LANE/training_runs/ours/highway_standard/models
log_dir,  /root/autodl-tmp/SVPG2023/LANE/training_runs/ours/highway_standard/logs
profile,  lane auto-stabilize: lr->0.00025, gamma->0.998, entropy->0.08, entropy_min->0.01, PPO_epochs->4, eps_clip->0.1, rollout_steps->512, mini_batch_size->128, gae_lambda->0.98, grad_clip->0.35, curriculum_mode->adaptive, max_noise->0.0, reward_scale->0.9, curriculum_clean_ratio->1.0, curriculum_noise_step->0.0, curriculum_patience->1, curriculum_entropy_decay->0.92
parallel, train_envs 4
train,    1, 47.954039,   27, 1.00,   10, 0.000, 0.000, 0.280, 32
train,    2, 34.409320,   29, 1.00,    8, 0.000, 0.000, 0.280, 32
train,    3, 22.743929,    4, 1.00,   10, 0.000, 0.000, 0.280, 32
train,    4, 20.230453,    9, 1.00,    7, 0.000, 0.000, 0.280, 32
train,    5, 184.378717,   88, 0.00,   14, 0.000, 0.000, 0.279, 32
train,    6, 65.555474,   28, 1.00,    8, 0.000, 0.000, 0.279, 32
train,    7, 9.768620,   17, 1.00,   12, 0.000, 0.000, 0.279, 32
train,    8, 125.454497,   23, 1.00,   10, 0.000, 0.000, 0.279, 32
train,    9, 37.512959,   26, 1.00,    8, 0.000, 0.000, 0.279, 32
train,    10, 46.341798,    4, 1.00,   11, 0.000, 0.000, 0.279, 32
update,   10,    1,    255, 37.648103, 0.000000
train,    11, 223.888183,   98, 0.00,   15, 0.000, 0.000, 0.279, 32
train,    12, 64.224123,   21, 1.00,   10, 0.000, 0.000, 0.279, 32
train,    13, 49.146887,   24, 1.00,   10, 0.000, 0.000, 0.279, 32
train,    14, 70.175813,   23, 1.00,    8, 0.000, 0.000, 0.278, 32
train,    15, 88.659240,   19, 1.00,   11, 0.000, 0.000, 0.278, 32
train,    16, 42.631742,   17, 1.00,   10, 0.000, 0.000, 0.278, 32
train,    17, 218.787284,   90, 0.00,   12, 0.000, 0.000, 0.278, 32
train,    18, 205.640831,  102, 0.00,   13, 0.000, 0.000, 0.278, 32
train,    19, 71.402315,   18, 1.00,   10, 0.000, 0.000, 0.278, 32
train,    20, 37.833029,   16, 1.00,   11, 0.000, 0.000, 0.278, 32
update,   20,    2,    683, 43.271358, 0.000000
train,    21, 191.541268,  101, 0.00,   12, 0.000, 0.000, 0.278, 32
train,    22, 34.970506,   13, 1.00,    7, 0.000, 0.000, 0.278, 32
train,    23, 189.609920,  103, 0.00,   14, 0.000, 0.000, 0.277, 32
train,    24, 13.741065,   15, 1.00,    8, 0.000, 0.000, 0.277, 32
train,    25, 217.376854,   98, 0.00,   14, 0.000, 0.000, 0.277, 32
train,    26, 38.569241,   29, 1.00,    9, 0.000, 0.000, 0.277, 32
train,    27, 20.123266,    9, 1.00,    9, 0.000, 0.000, 0.277, 32
train,    28, 62.727595,   30, 1.00,    9, 0.000, 0.000, 0.277, 32
train,    29, 45.891833,    4, 1.00,    6, 0.000, 0.000, 0.277, 32
train,    30, 23.201190,    4, 1.00,    8, 0.000, 0.000, 0.277, 32
update,   30,    3,   1089, 43.466623, 0.000000
train,    31, 48.318108,   26, 1.00,    9, 0.000, 0.000, 0.277, 32
train,    32, 44.984230,   20, 1.00,    9, 0.000, 0.000, 0.276, 32
train,    33, 22.761636,    4, 1.00,   10, 0.000, 0.000, 0.276, 32
train,    34, 214.128248,  106, 0.00,   17, 0.000, 0.000, 0.276, 32
train,    35, 49.628882,   21, 1.00,    9, 0.000, 0.000, 0.276, 32
train,    36, 25.417952,   11, 1.00,    9, 0.000, 0.000, 0.276, 32
train,    37, 227.870341,  104, 0.00,   14, 0.000, 0.000, 0.276, 32
train,    38, 41.019725,   17, 1.00,    8, 0.000, 0.000, 0.276, 32
train,    39, 218.411985,  119, 0.00,   15, 0.000, 0.000, 0.276, 32
train,    40, 77.702550,   27, 1.00,   10, 0.000, 0.000, 0.276, 32
update,   40,    4,   1544, 54.845816, 0.000000
train,    41, 70.959340,    5, 1.00,    7, 0.000, 0.000, 0.275, 32
train,    42, 205.252593,   98, 0.00,   13, 0.000, 0.000, 0.275, 32
train,    43, 80.842248,   27, 1.00,    9, 0.000, 0.000, 0.275, 32
train,    44, 208.092008,   70, 0.00,   15, 0.000, 0.000, 0.275, 32
train,    45, 215.747777,   99, 0.00,   12, 0.000, 0.000, 0.275, 32
train,    46, 16.017605,    5, 1.00,    8, 0.000, 0.000, 0.275, 32
train,    47, 46.303988,   11, 1.00,    9, 0.000, 0.000, 0.275, 32
train,    48, 198.533522,  120, 0.00,   13, 0.000, 0.000, 0.275, 32
train,    49, 49.185476,    4, 1.00,   10, 0.000, 0.000, 0.275, 32
train,    50, 36.493634,    4, 1.00,    8, 0.000, 0.000, 0.274, 32
update,   50,    5,   1987, 38.988890, 0.000000
train,    51, 74.203824,   36, 1.00,   11, 0.000, 0.000, 0.274, 32
train,    52, 44.617459,    5, 1.00,    8, 0.000, 0.000, 0.274, 32
train,    53, 41.217396,   22, 1.00,   10, 0.000, 0.000, 0.274, 32
train,    54, 31.808981,    4, 1.00,    8, 0.000, 0.000, 0.274, 32
train,    55, 10.907402,   12, 1.00,    8, 0.000, 0.000, 0.274, 32
train,    56, 222.210824,   87, 0.00,   15, 0.000, 0.000, 0.274, 32
train,    57, 195.522577,  117, 0.00,   13, 0.000, 0.000, 0.274, 32
train,    58, 207.466175,  103, 0.00,   15, 0.000, 0.000, 0.274, 32
train,    59, 46.571950,   24, 1.00,   12, 0.000, 0.000, 0.273, 32
train,    60, 83.748944,   25, 1.00,   11, 0.000, 0.000, 0.273, 32
update,   60,    6,   2422, 47.930407, 0.000000
train,    61, 66.690608,   19, 1.00,    8, 0.000, 0.000, 0.273, 32
train,    62, 221.018328,  108, 0.00,   12, 0.000, 0.000, 0.273, 32
train,    63, 215.494004,  105, 0.00,   12, 0.000, 0.000, 0.273, 32
train,    64, 35.589918,    4, 1.00,    7, 0.000, 0.000, 0.273, 32
train,    65, 205.692765,  105, 0.00,   13, 0.000, 0.000, 0.273, 32
train,    66, 24.725892,   19, 1.00,    8, 0.000, 0.000, 0.273, 32
train,    67, 26.853526,   13, 1.00,   10, 0.000, 0.000, 0.273, 32
train,    68, 193.012799,  101, 0.00,   13, 0.000, 0.000, 0.272, 32
train,    69, 189.634229,  109, 0.00,   13, 0.000, 0.000, 0.272, 32
train,    70, 17.112007,    4, 1.00,    8, 0.000, 0.000, 0.272, 32
update,   70,    7,   3009, 61.566383, 0.000000
train,    71, 206.525898,  103, 0.00,   14, 0.000, 0.000, 0.272, 32
train,    72, 28.809890,    5, 1.00,   10, 0.000, 0.000, 0.272, 32
train,    73, 59.419444,   20, 1.00,   10, 0.000, 0.000, 0.272, 32
train,    74, 81.923789,   15, 1.00,    9, 0.000, 0.000, 0.272, 32
train,    75, 31.142018,    6, 1.00,    8, 0.000, 0.000, 0.272, 32
train,    76, 218.379223,   94, 0.00,   15, 0.000, 0.000, 0.272, 32
train,    77, 12.282505,    5, 1.00,    9, 0.000, 0.000, 0.272, 32
train,    78, 58.536987,    4, 1.00,    8, 0.000, 0.000, 0.271, 32
train,    79, 25.317756,   23, 1.00,    9, 0.000, 0.000, 0.271, 32
train,    80, 43.645941,   25, 1.00,   11, 0.000, 0.000, 0.271, 32
update,   80,    8,   3309, 44.776310, 0.000000
train,    81, 48.533275,    4, 1.00,    8, 0.000, 0.000, 0.271, 32
train,    82, 63.375236,   33, 1.00,    9, 0.000, 0.000, 0.271, 32
train,    83, 192.678412,  103, 0.00,   13, 0.000, 0.000, 0.271, 32
train,    84, 58.805398,   23, 1.00,    8, 0.000, 0.000, 0.271, 32
train,    85, 204.587338,   99, 0.00,   13, 0.000, 0.000, 0.271, 32
train,    86, 49.605006,    9, 1.00,    7, 0.000, 0.000, 0.271, 32
train,    87, 24.936274,   10, 1.00,    7, 0.000, 0.000, 0.270, 32
train,    88, 222.919307,  110, 0.00,   14, 0.000, 0.000, 0.270, 32
train,    89, 41.521536,    4, 1.00,    7, 0.000, 0.000, 0.270, 32
train,    90, 9.219523,    4, 1.00,    7, 0.000, 0.000, 0.270, 32
update,   90,    9,   3708, 58.863243, 0.000000
train,    91, 206.839524,  112, 0.00,   12, 0.000, 0.000, 0.270, 32
train,    92, 40.215921,    4, 1.00,    8, 0.000, 0.000, 0.270, 32
train,    93, 20.294871,    4, 1.00,    8, 0.000, 0.000, 0.270, 32
train,    94, 91.497285,   30, 1.00,   10, 0.000, 0.000, 0.270, 32
train,    95, 2.459454,    4, 1.00,    9, 0.000, 0.000, 0.270, 32
train,    96, 13.839626,    6, 1.00,    6, 0.000, 0.000, 0.269, 32
train,    97, 207.395729,   84, 0.00,   12, 0.000, 0.000, 0.269, 32
train,    98, 215.236617,  120, 0.00,   15, 0.000, 0.000, 0.269, 32
train,    99, 37.782600,    4, 1.00,    7, 0.000, 0.000, 0.269, 32
train,    100, 53.421438,   17, 1.00,   11, 0.000, 0.000, 0.269, 32
update,   100,   10,   4093, 20.000000, 0.000000
val_save_t, 100, 4093, 63.328402, 0.5369,  30.9186,   0.2488, 0.2209,  20.5312, progress 0.2966
train,    101, 48.966802,   38, 1.00,    9, 0.000, 0.000, 0.269, 32
train,    102, 60.217686,   27, 1.00,    8, 0.000, 0.000, 0.269, 32
train,    103, 74.440922,   26, 1.00,   12, 0.000, 0.000, 0.269, 32
train,    104, 31.639714,    9, 1.00,   10, 0.000, 0.000, 0.269, 32
train,    105, 60.280673,   43, 1.00,    8, 0.000, 0.000, 0.268, 32
train,    106, 13.676947,   18, 1.00,    7, 0.000, 0.000, 0.268, 32
train,    107, 34.588260,   12, 1.00,    9, 0.000, 0.000, 0.268, 32
train,    108, 48.506147,   24, 1.00,   10, 0.000, 0.000, 0.268, 32
train,    109, 54.910146,   15, 1.00,    7, 0.000, 0.000, 0.268, 32
train,    110, 219.430111,  120, 0.00,   13, 0.000, 0.000, 0.268, 32
update,   110,   11,   4425, 47.871784, 0.000000
train,    111, 15.954027,    8, 1.00,    6, 0.000, 0.000, 0.268, 32
train,    112, 78.664672,   31, 1.00,   10, 0.000, 0.000, 0.268, 32
train,    113, -2.585845,   12, 1.00,    8, 0.000, 0.000, 0.268, 32
train,    114, 19.950015,   20, 1.00,   11, 0.000, 0.000, 0.268, 32
train,    115, 212.126197,  120, 0.00,   15, 0.000, 0.000, 0.267, 32
train,    116, 33.574012,   33, 1.00,   10, 0.000, 0.000, 0.267, 32
train,    117, 8.897045,   21, 1.00,    8, 0.000, 0.000, 0.267, 32
train,    118, 204.952407,   96, 0.00,   15, 0.000, 0.000, 0.267, 32
train,    119, 74.669920,   16, 1.00,   10, 0.000, 0.000, 0.267, 32
train,    120, 64.371399,   41, 1.00,    9, 0.000, 0.000, 0.267, 32
update,   120,   12,   4823, 33.882606, 0.000000
train,    121, 72.981743,   24, 1.00,   10, 0.000, 0.000, 0.267, 32
train,    122, 184.405043,  107, 0.00,   13, 0.000, 0.000, 0.267, 32
train,    123, 84.316963,   26, 1.00,    8, 0.000, 0.000, 0.267, 32
train,    124, 209.539844,  112, 0.00,   16, 0.000, 0.000, 0.266, 32
train,    125, 48.006417,    9, 1.00,    8, 0.000, 0.000, 0.266, 32
train,    126, 65.097918,   33, 1.00,   10, 0.000, 0.000, 0.266, 32
train,    127, 50.972614,   37, 1.00,   10, 0.000, 0.000, 0.266, 32
train,    128, 247.368314,  104, 0.00,   12, 0.000, 0.000, 0.266, 32
train,    129, 38.902663,   22, 1.00,    8, 0.000, 0.000, 0.266, 32
train,    130, 46.541771,   11, 1.00,    7, 0.000, 0.000, 0.266, 32
update,   130,   13,   5308, 31.085559, 0.000000
train,    131, 87.620968,   31, 1.00,    9, 0.000, 0.000, 0.266, 32
train,    132, 215.828540,   93, 0.00,   14, 0.000, 0.000, 0.266, 32
train,    133, -4.620894,    7, 1.00,    7, 0.000, 0.000, 0.265, 32
train,    134, 192.412891,  120, 0.00,   15, 0.000, 0.000, 0.265, 32
train,    135, 219.064989,  108, 0.00,   15, 0.000, 0.000, 0.265, 32
train,    136, 12.732795,    8, 1.00,   11, 0.000, 0.000, 0.265, 32
train,    137, 36.903129,   40, 1.00,    9, 0.000, 0.000, 0.265, 32
train,    138, 23.863919,   16, 1.00,   10, 0.000, 0.000, 0.265, 32
train,    139, 192.741890,   94, 0.00,   12, 0.000, 0.000, 0.265, 32
train,    140, 78.279224,   27, 1.00,   10, 0.000, 0.000, 0.265, 32
update,   140,   14,   5852, 31.648478, 0.000000
train,    141, 231.697430,  107, 0.00,   14, 0.000, 0.000, 0.265, 32
train,    142, 18.372839,    5, 1.00,    9, 0.000, 0.000, 0.265, 32
train,    143, 54.685356,   20, 1.00,    9, 0.000, 0.000, 0.264, 32
train,    144, 25.539223,   25, 1.00,    8, 0.000, 0.000, 0.264, 32
train,    145, 5.467701,    7, 1.00,    8, 0.000, 0.000, 0.264, 32
train,    146, 93.224824,   44, 1.00,    9, 0.000, 0.000, 0.264, 32
train,    147, 9.378205,   10, 1.00,    8, 0.000, 0.000, 0.264, 32
train,    148, 59.961895,   26, 1.00,   12, 0.000, 0.000, 0.264, 32
train,    149, 207.855202,  107, 0.00,   13, 0.000, 0.000, 0.264, 32
train,    150, 89.207266,   29, 1.00,    9, 0.000, 0.000, 0.264, 32
update,   150,   15,   6232, 36.010458, 0.000000
train,    151, 63.137197,   27, 1.00,    8, 0.000, 0.000, 0.264, 32
train,    152, 153.951873,  114, 0.00,   14, 0.000, 0.000, 0.263, 32
train,    153, 72.199286,   37, 1.00,   11, 0.000, 0.000, 0.263, 32
train,    154, 77.937256,   16, 1.00,   13, 0.000, 0.000, 0.263, 32
train,    155, 59.833767,   17, 1.00,    8, 0.000, 0.000, 0.263, 32
train,    156, 52.139646,    4, 1.00,   10, 0.000, 0.000, 0.263, 32
train,    157, 69.892571,   25, 1.00,   10, 0.000, 0.000, 0.263, 32
train,    158, 95.685546,   22, 1.00,   11, 0.000, 0.000, 0.263, 32
train,    159, 81.260962,    8, 1.00,    8, 0.000, 0.000, 0.263, 32
train,    160, 72.329923,   19, 1.00,   10, 0.000, 0.000, 0.263, 33
update,   160,   16,   6521, 24.311192, 0.000000
train,    161, 202.861127,  108, 0.00,   11, 0.000, 0.000, 0.263, 33
train,    162, 217.823465,   77, 0.00,   14, 0.000, 0.000, 0.262, 33
train,    163, 47.452222,    8, 1.00,    8, 0.000, 0.000, 0.262, 33
train,    164, 38.037389,   19, 1.00,   10, 0.000, 0.000, 0.262, 33
train,    165, 221.649606,  104, 0.00,   16, 0.000, 0.000, 0.262, 33
train,    166, 93.091752,   35, 1.00,   10, 0.000, 0.000, 0.262, 33
train,    167, 26.922051,   28, 1.00,    9, 0.000, 0.000, 0.262, 33
train,    168, 79.794869,   44, 1.00,   10, 0.000, 0.000, 0.262, 33
train,    169, 30.275071,   27, 1.00,   10, 0.000, 0.000, 0.262, 33
train,    170, 26.965609,   26, 1.00,   11, 0.000, 0.000, 0.262, 33
update,   170,   17,   6997, 33.453860, 0.000000
train,    171, 56.247618,    4, 1.00,    8, 0.000, 0.000, 0.261, 33
train,    172, 194.995932,  118, 0.00,   12, 0.000, 0.000, 0.261, 33
train,    173, 46.516027,   31, 1.00,   10, 0.000, 0.000, 0.261, 33
train,    174, 186.155641,  112, 0.00,   13, 0.000, 0.000, 0.261, 33
train,    175, 23.416632,   31, 1.00,    7, 0.000, 0.000, 0.261, 33
train,    176, 207.881816,  120, 0.00,   13, 0.000, 0.000, 0.261, 33
train,    177, 29.206959,   15, 1.00,    9, 0.000, 0.000, 0.261, 33
train,    178, 84.083080,   47, 1.00,    8, 0.000, 0.000, 0.261, 33
train,    179, 207.127216,  105, 0.00,   13, 0.000, 0.000, 0.261, 33
train,    180, 55.603136,   23, 1.00,   10, 0.000, 0.000, 0.261, 33
update,   180,   18,   7603, 37.969012, 0.000000
train,    181, 64.345058,   26, 1.00,    9, 0.000, 0.000, 0.260, 33
train,    182, 179.043199,  116, 0.00,   12, 0.000, 0.000, 0.260, 33
train,    183, 215.189295,  111, 0.00,   13, 0.000, 0.000, 0.260, 33
train,    184, 201.172087,  104, 0.00,   14, 0.000, 0.000, 0.260, 33
train,    185, 38.580487,   15, 1.00,   10, 0.000, 0.000, 0.260, 33
train,    186, 7.287476,   19, 1.00,    8, 0.000, 0.000, 0.260, 33
train,    187, 47.303336,   19, 1.00,    9, 0.000, 0.000, 0.260, 33
train,    188, 191.068833,  115, 0.00,   15, 0.000, 0.000, 0.260, 33
train,    189, 11.899294,    9, 1.00,    8, 0.000, 0.000, 0.260, 33
train,    190, 235.507177,   98, 0.00,   14, 0.000, 0.000, 0.260, 33
update,   190,   19,   8235, 33.392330, 0.000000
train,    191, 96.078087,   42, 1.00,    9, 0.000, 0.000, 0.259, 33
train,    192, 43.586352,   11, 1.00,    7, 0.000, 0.000, 0.259, 33
train,    193, 22.620579,    4, 1.00,    9, 0.000, 0.000, 0.259, 33
train,    194, 82.065320,   26, 1.00,   11, 0.000, 0.000, 0.259, 33
train,    195, 32.977513,   25, 1.00,   10, 0.000, 0.000, 0.259, 33
train,    196, 216.462733,  120, 0.00,   13, 0.000, 0.000, 0.259, 33
train,    197, 9.265013,    4, 1.00,    9, 0.000, 0.000, 0.259, 33
train,    198, 65.246748,   26, 1.00,    8, 0.000, 0.000, 0.259, 33
train,    199, 42.841442,   22, 1.00,   11, 0.000, 0.000, 0.259, 33
train,    200, 206.624018,  110, 0.00,   14, 0.000, 0.000, 0.258, 33
update,   200,   20,   8625, 36.673127, 0.000000
val_t, 200, 8625, 76.305608, 0.4894,  35.3803,   0.2569, 0.2426,  21.9625, progress 0.3952
train,    201, 179.356029,  111, 0.00,   13, 0.000, 0.000, 0.258, 33
train,    202, 47.170914,    8, 1.00,    8, 0.000, 0.000, 0.258, 33
train,    203, 219.888389,  116, 0.00,   13, 0.000, 0.000, 0.258, 33
train,    204, -3.355339,   14, 1.00,    8, 0.000, 0.000, 0.258, 33
train,    205, 77.042228,   24, 1.00,    8, 0.000, 0.000, 0.258, 33
train,    206, 3.226854,    5, 1.00,   10, 0.000, 0.000, 0.258, 33
train,    207, 81.263182,   37, 1.00,    9, 0.000, 0.000, 0.258, 33
train,    208, 18.670829,   27, 1.00,   10, 0.000, 0.000, 0.258, 33
train,    209, 62.511717,   31, 1.00,    9, 0.000, 0.000, 0.258, 33
train,    210, 221.084561,   98, 0.00,   14, 0.000, 0.000, 0.257, 33
update,   210,   21,   9096, 44.001992, 0.000000
train,    211, 65.123333,   24, 1.00,    9, 0.000, 0.000, 0.257, 33
train,    212, 13.960141,    4, 1.00,    6, 0.000, 0.000, 0.257, 33
train,    213, 27.520446,    5, 1.00,    7, 0.000, 0.000, 0.257, 33
train,    214, 84.927283,   37, 1.00,   10, 0.000, 0.000, 0.257, 33
train,    215, 247.570901,  119, 0.00,   13, 0.000, 0.000, 0.257, 33
train,    216, 52.553668,   32, 1.00,    8, 0.000, 0.000, 0.257, 33
train,    217, 49.130112,   31, 1.00,   10, 0.000, 0.000, 0.257, 33
train,    218, 22.300621,    4, 1.00,    8, 0.000, 0.000, 0.257, 33
train,    219, 39.809142,   13, 1.00,    9, 0.000, 0.000, 0.257, 33
train,    220, 244.281461,  120, 0.00,   13, 0.000, 0.000, 0.256, 33
update,   220,   22,   9485, 20.000000, 0.000000
train,    221, 40.638961,   19, 1.00,   10, 0.000, 0.000, 0.256, 33
train,    222, 97.280475,   31, 1.00,   10, 0.000, 0.000, 0.256, 33
train,    223, 16.410234,    4, 1.00,    9, 0.000, 0.000, 0.256, 33
train,    224, 43.836992,   20, 1.00,    8, 0.000, 0.000, 0.256, 33
train,    225, 87.843085,   34, 1.00,   10, 0.000, 0.000, 0.256, 33
train,    226, 48.376063,   18, 1.00,    8, 0.000, 0.000, 0.256, 33
train,    227, 37.181976,   28, 1.00,   11, 0.000, 0.000, 0.256, 33
train,    228, 13.957075,   16, 1.00,    8, 0.000, 0.000, 0.256, 33
train,    229, 48.556982,   10, 1.00,    9, 0.000, 0.000, 0.255, 33
train,    230, 72.440183,   39, 1.00,   11, 0.000, 0.000, 0.255, 33
update,   230,   23,   9704, 67.053542, 0.000000
train,    231, 218.599344,   95, 0.00,   13, 0.000, 0.000, 0.255, 33
train,    232, 24.305966,   10, 1.00,    5, 0.000, 0.000, 0.255, 33
train,    233, 200.025475,   99, 0.00,   13, 0.000, 0.000, 0.255, 33
train,    234, 173.784963,  100, 0.00,   13, 0.000, 0.000, 0.255, 33
train,    235, 4.925066,   15, 1.00,   11, 0.000, 0.000, 0.255, 33
train,    236, 101.209343,   36, 1.00,   11, 0.000, 0.000, 0.255, 33
train,    237, 187.837691,  101, 0.00,   13, 0.000, 0.000, 0.255, 33
train,    238, 48.410058,   20, 1.00,    8, 0.000, 0.000, 0.255, 33
train,    239, 61.229105,   28, 1.00,   11, 0.000, 0.000, 0.254, 33
train,    240, 30.711728,   23, 1.00,    9, 0.000, 0.000, 0.254, 33
update,   240,   24,  10231, 47.639408, 0.000000
train,    241, 55.520860,   16, 1.00,   11, 0.000, 0.000, 0.254, 33
train,    242, 204.669927,   99, 0.00,   14, 0.000, 0.000, 0.254, 33
train,    243, 42.007659,    8, 1.00,    8, 0.000, 0.000, 0.254, 33
train,    244, 43.269089,   25, 1.00,   11, 0.000, 0.000, 0.254, 33
train,    245, 36.754444,   22, 1.00,   11, 0.000, 0.000, 0.254, 33
train,    246, 205.131390,   86, 0.00,   15, 0.000, 0.000, 0.254, 33
train,    247, 194.562233,  105, 0.00,   15, 0.000, 0.000, 0.254, 33
train,    248, 35.008787,   28, 1.00,    7, 0.000, 0.000, 0.254, 33
train,    249, 213.263709,  107, 0.00,   13, 0.000, 0.000, 0.253, 33
train,    250, 25.564431,   14, 1.00,   10, 0.000, 0.000, 0.253, 33
update,   250,   25,  10741, 47.844644, 0.000000
train,    251, 196.214312,   87, 0.00,   12, 0.000, 0.000, 0.253, 33
train,    252, 54.643246,   22, 1.00,   10, 0.000, 0.000, 0.253, 33
train,    253, 70.715968,   26, 1.00,   11, 0.000, 0.000, 0.253, 33
train,    254, 19.743776,   34, 1.00,   12, 0.000, 0.000, 0.253, 33
train,    255, 104.472082,   27, 1.00,    8, 0.000, 0.000, 0.253, 33
train,    256, 15.534966,   23, 1.00,    8, 0.000, 0.000, 0.253, 33
train,    257, 47.902964,   19, 1.00,   13, 0.000, 0.000, 0.253, 33
train,    258, 54.572964,   19, 1.00,    8, 0.000, 0.000, 0.253, 33
train,    259, 219.820678,  120, 0.00,   15, 0.000, 0.000, 0.252, 33
train,    260, 84.523528,   34, 1.00,   11, 0.000, 0.000, 0.252, 33
update,   260,   26,  11152, 30.332202, 0.000000
train,    261, 213.731356,  101, 0.00,   11, 0.000, 0.000, 0.252, 33
train,    262, 19.819267,   15, 1.00,   10, 0.000, 0.000, 0.252, 33
train,    263, 32.429093,   17, 1.00,   10, 0.000, 0.000, 0.252, 33
train,    264, 14.301529,    8, 1.00,    8, 0.000, 0.000, 0.252, 33
train,    265, 52.761866,   30, 1.00,   11, 0.000, 0.000, 0.252, 33
train,    266, 13.725679,    4, 1.00,    9, 0.000, 0.000, 0.252, 33
train,    267, 78.343265,   36, 1.00,   11, 0.000, 0.000, 0.252, 33
train,    268, 83.101464,   42, 1.00,   11, 0.000, 0.000, 0.252, 33
train,    269, 223.596491,  104, 0.00,   12, 0.000, 0.000, 0.251, 33
train,    270, 39.997840,   29, 1.00,    9, 0.000, 0.000, 0.251, 33
update,   270,   27,  11538, 49.384350, 0.000000
train,    271, 72.447015,   51, 1.00,   10, 0.000, 0.000, 0.251, 33
train,    272, 52.770380,   25, 1.00,   10, 0.000, 0.000, 0.251, 33
train,    273, 209.651682,  114, 0.00,   13, 0.000, 0.000, 0.251, 33
train,    274, 47.387470,   39, 1.00,    9, 0.000, 0.000, 0.251, 33
train,    275, 71.031220,   22, 1.00,   10, 0.000, 0.000, 0.251, 33
train,    276, 42.885892,   26, 1.00,    9, 0.000, 0.000, 0.251, 33
train,    277, 20.336353,   25, 1.00,    9, 0.000, 0.000, 0.251, 33
train,    278, 195.784728,  120, 0.00,   14, 0.000, 0.000, 0.251, 33
train,    279, 190.951174,  104, 0.00,   12, 0.000, 0.000, 0.250, 33
train,    280, 214.470971,  120, 0.00,   11, 0.000, 0.000, 0.250, 33
update,   280,   28,  12184, 51.136245, 0.000000
train,    281, 28.412073,   11, 1.00,    9, 0.000, 0.000, 0.250, 33
train,    282, 187.353540,  108, 0.00,   13, 0.000, 0.000, 0.250, 33
train,    283, 16.734000,    6, 1.00,    6, 0.000, 0.000, 0.250, 33
train,    284, 194.949907,   97, 0.00,   17, 0.000, 0.000, 0.250, 33
train,    285, 207.427125,   90, 0.00,   12, 0.000, 0.000, 0.250, 33
train,    286, 40.515079,    4, 1.00,    9, 0.000, 0.000, 0.250, 33
train,    287, 41.857442,   40, 1.00,    9, 0.000, 0.000, 0.250, 33
train,    288, 45.328507,   35, 1.00,   12, 0.000, 0.000, 0.250, 33
train,    289, 219.010162,  101, 0.00,   14, 0.000, 0.000, 0.249, 33
train,    290, 59.160349,   46, 1.00,    8, 0.000, 0.000, 0.249, 33
update,   290,   29,  12722, 56.403706, 0.000000
train,    291, 200.310783,  113, 0.00,   13, 0.000, 0.000, 0.249, 33
train,    292, 195.955570,  120, 0.00,   15, 0.000, 0.000, 0.249, 33
train,    293, 218.689610,   97, 0.00,   14, 0.000, 0.000, 0.249, 33
train,    294, 48.164547,    4, 1.00,    7, 0.000, 0.000, 0.249, 33
train,    295, 2.495230,    4, 1.00,    9, 0.000, 0.000, 0.249, 33
train,    296, 195.814420,   95, 0.00,   12, 0.000, 0.000, 0.249, 33
train,    297, 60.053576,   22, 1.00,    9, 0.000, 0.000, 0.249, 33
train,    298, 82.279843,   32, 1.00,   10, 0.000, 0.000, 0.249, 33
train,    299, 38.971950,    9, 1.00,    9, 0.000, 0.000, 0.248, 33
train,    300, 73.505002,   33, 1.00,   10, 0.000, 0.000, 0.248, 33
update,   300,   30,  13251, 62.904553, 0.000000
val_t, 300, 13251, 70.446029, 0.4820,  43.1310,   0.2297, 0.2841,  22.4122, progress 0.4603
train,    301, 233.333343,  120, 0.00,   12, 0.000, 0.000, 0.248, 33
train,    302, 105.638481,   32, 1.00,    9, 0.000, 0.000, 0.248, 33
train,    303, 233.574551,   95, 0.00,   15, 0.000, 0.000, 0.248, 33
train,    304, 196.046079,   93, 0.00,   15, 0.000, 0.000, 0.248, 33
train,    305, 205.359609,  107, 0.00,   14, 0.000, 0.000, 0.248, 33
train,    306, 102.703392,   54, 1.00,   11, 0.000, 0.000, 0.248, 33
train,    307, 64.577333,   32, 1.00,    9, 0.000, 0.000, 0.248, 33
train,    308, 67.879561,   39, 1.00,   11, 0.000, 0.000, 0.248, 33
train,    309, 78.453587,   18, 1.00,   10, 0.000, 0.000, 0.247, 33
train,    310, 220.952376,   81, 0.00,   14, 0.000, 0.000, 0.247, 33
update,   310,   31,  13922, 42.373285, 0.000000
train,    311, 42.895743,    4, 1.00,   10, 0.000, 0.000, 0.247, 33
train,    312, 70.292950,   20, 1.00,    9, 0.000, 0.000, 0.247, 33
train,    313, 107.364119,   54, 1.00,    9, 0.000, 0.000, 0.247, 33
train,    314, 44.584289,   22, 1.00,   10, 0.000, 0.000, 0.247, 33
train,    315, 203.479182,  102, 0.00,   12, 0.000, 0.000, 0.247, 33
train,    316, 42.922053,   31, 1.00,    8, 0.000, 0.000, 0.247, 33
train,    317, 196.558824,   94, 0.00,   13, 0.000, 0.000, 0.247, 33
train,    318, 183.855145,   72, 0.00,   14, 0.000, 0.000, 0.247, 33
train,    319, 16.682548,    7, 1.00,    9, 0.000, 0.000, 0.246, 33
train,    320, 26.647108,   14, 1.00,    7, 0.000, 0.000, 0.246, 34
update,   320,   32,  14342, 32.352427, 0.000000
train,    321, 35.243396,   26, 1.00,   11, 0.000, 0.000, 0.246, 34
train,    322, 173.192799,  120, 0.00,   12, 0.000, 0.000, 0.246, 34
train,    323, 34.535148,   21, 1.00,    7, 0.000, 0.000, 0.246, 34
train,    324, 23.930730,   16, 1.00,    9, 0.000, 0.000, 0.246, 34
train,    325, 52.933145,   30, 1.00,   10, 0.000, 0.000, 0.246, 34
train,    326, 44.783369,   22, 1.00,    7, 0.000, 0.000, 0.246, 34
train,    327, 61.527494,   28, 1.00,   10, 0.000, 0.000, 0.246, 34
train,    328, 13.602616,   30, 1.00,   10, 0.000, 0.000, 0.246, 34
train,    329, 196.061313,  109, 0.00,   12, 0.000, 0.000, 0.245, 34
train,    330, 32.360341,   12, 1.00,    9, 0.000, 0.000, 0.245, 34
update,   330,   33,  14756, 56.380553, 0.000000
train,    331, 199.299401,  114, 0.00,   16, 0.000, 0.000, 0.245, 34
train,    332, 56.134283,   33, 1.00,    7, 0.000, 0.000, 0.245, 34
train,    333, 199.577283,  109, 0.00,   15, 0.000, 0.000, 0.245, 34
train,    334, 80.048237,   32, 1.00,    9, 0.000, 0.000, 0.245, 34
train,    335, 48.178037,   30, 1.00,    9, 0.000, 0.000, 0.245, 34
train,    336, 214.338303,   95, 0.00,   14, 0.000, 0.000, 0.245, 34
train,    337, 216.551709,   91, 0.00,   11, 0.000, 0.000, 0.245, 34
train,    338, 42.585023,    9, 1.00,   12, 0.000, 0.000, 0.245, 34
train,    339, 83.063421,   26, 1.00,   10, 0.000, 0.000, 0.244, 34
train,    340, 42.674631,    9, 1.00,    8, 0.000, 0.000, 0.244, 34
update,   340,   34,  15304, 67.850709, 0.000000
train,    341, 104.841713,   53, 1.00,   12, 0.000, 0.000, 0.244, 34
train,    342, 25.490763,   23, 1.00,   10, 0.000, 0.000, 0.244, 34
train,    343, 0.401772,   12, 1.00,    9, 0.000, 0.000, 0.244, 34
train,    344, 186.000525,  108, 0.00,   14, 0.000, 0.000, 0.244, 34
train,    345, 76.612535,   33, 1.00,    8, 0.000, 0.000, 0.244, 34
train,    346, 74.723630,   29, 1.00,    9, 0.000, 0.000, 0.244, 34
train,    347, 23.584980,   27, 1.00,    8, 0.000, 0.000, 0.244, 34
train,    348, 58.772740,   44, 1.00,    9, 0.000, 0.000, 0.244, 34
train,    349, 30.250266,   19, 1.00,   11, 0.000, 0.000, 0.244, 34
train,    350, 214.192874,   90, 0.00,   15, 0.000, 0.000, 0.243, 34
update,   350,   35,  15742, 69.043214, 0.000000
train,    351, 69.636867,   30, 1.00,    9, 0.000, 0.000, 0.243, 34
train,    352, 37.097581,   12, 1.00,    8, 0.000, 0.000, 0.243, 34
train,    353, 59.982447,   17, 1.00,   11, 0.000, 0.000, 0.243, 34
train,    354, 32.995730,    9, 1.00,   10, 0.000, 0.000, 0.243, 34
train,    355, 57.456658,   28, 1.00,   10, 0.000, 0.000, 0.243, 34
train,    356, 215.382730,   89, 0.00,   11, 0.000, 0.000, 0.243, 34
train,    357, 40.277312,   20, 1.00,   10, 0.000, 0.000, 0.243, 34
train,    358, 196.301888,  115, 0.00,   15, 0.000, 0.000, 0.243, 34
train,    359, 37.872869,    9, 1.00,    9, 0.000, 0.000, 0.243, 34
train,    360, 67.286957,   33, 1.00,    9, 0.000, 0.000, 0.242, 34
update,   360,   36,  16104, 42.410025, 0.000000
train,    361, 65.601023,   18, 1.00,   10, 0.000, 0.000, 0.242, 34
train,    362, 208.644570,   96, 0.00,   13, 0.000, 0.000, 0.242, 34
train,    363, 100.693937,   52, 1.00,   10, 0.000, 0.000, 0.242, 34
train,    364, 41.019980,    4, 1.00,    9, 0.000, 0.000, 0.242, 34
train,    365, 94.372494,   43, 1.00,    9, 0.000, 0.000, 0.242, 34
train,    366, 85.962053,   34, 1.00,   12, 0.000, 0.000, 0.242, 34
train,    367, 170.771508,  105, 0.00,   14, 0.000, 0.000, 0.242, 34
train,    368, 81.275037,   24, 1.00,    7, 0.000, 0.000, 0.242, 34
train,    369, 75.523772,   19, 1.00,    8, 0.000, 0.000, 0.242, 34
train,    370, 190.782020,  106, 0.00,   13, 0.000, 0.000, 0.241, 34
update,   370,   37,  16605, 47.741882, 0.000000
train,    371, 203.679702,   96, 0.00,   11, 0.000, 0.000, 0.241, 34
train,    372, 76.426640,   36, 1.00,   10, 0.000, 0.000, 0.241, 34
train,    373, 30.641271,   40, 1.00,    9, 0.000, 0.000, 0.241, 34
train,    374, 203.583949,  110, 0.00,   13, 0.000, 0.000, 0.241, 34
train,    375, 129.641950,   51, 1.00,   11, 0.000, 0.000, 0.241, 34
train,    376, 49.436719,   22, 1.00,    9, 0.000, 0.000, 0.241, 34
train,    377, 36.733576,    9, 1.00,    7, 0.000, 0.000, 0.241, 34
train,    378, 217.340231,   93, 0.00,   14, 0.000, 0.000, 0.241, 34
train,    379, 85.447302,   26, 1.00,   11, 0.000, 0.000, 0.241, 34
train,    380, 87.527293,   34, 1.00,   10, 0.000, 0.000, 0.241, 34
update,   380,   38,  17122, 75.884436, 0.000000
train,    381, 201.048369,  100, 0.00,   15, 0.000, 0.000, 0.240, 34
train,    382, 220.605735,  101, 0.00,   14, 0.000, 0.000, 0.240, 34
train,    383, -10.000000,    6, 1.00,    9, 0.000, 0.000, 0.240, 34
train,    384, 29.820062,   16, 1.00,    9, 0.000, 0.000, 0.240, 34
train,    385, 183.283321,  105, 0.00,   14, 0.000, 0.000, 0.240, 34
train,    386, 6.426640,   34, 1.00,    8, 0.000, 0.000, 0.240, 34
train,    387, 170.036918,   94, 0.00,   14, 0.000, 0.000, 0.240, 34
train,    388, 73.420108,   26, 1.00,    9, 0.000, 0.000, 0.240, 34
train,    389, 46.419567,   16, 1.00,    8, 0.000, 0.000, 0.240, 34
train,    390, 206.125368,  107, 0.00,   13, 0.000, 0.000, 0.240, 34
update,   390,   39,  17727, 68.097066, 0.000000
train,    391, 22.172290,   27, 1.00,    9, 0.000, 0.000, 0.239, 34
train,    392, 175.840933,   91, 0.00,   15, 0.000, 0.000, 0.239, 34
train,    393, 67.549434,   29, 1.00,   10, 0.000, 0.000, 0.239, 34
train,    394, 238.529145,  104, 0.00,   15, 0.000, 0.000, 0.239, 34
train,    395, 169.359109,   73, 0.00,   12, 0.000, 0.000, 0.239, 34
train,    396, 71.706471,   42, 1.00,    8, 0.000, 0.000, 0.239, 34
train,    397, 56.581565,   38, 1.00,    9, 0.000, 0.000, 0.239, 34
train,    398, 45.051114,   17, 1.00,   10, 0.000, 0.000, 0.239, 34
train,    399, 43.773788,   32, 1.00,    9, 0.000, 0.000, 0.239, 34
train,    400, 198.087808,   98, 0.00,   12, 0.000, 0.000, 0.239, 34
update,   400,   40,  18278, 63.047406, 0.000000
val_t, 400, 18278, 46.407521, 0.4642,  36.0659,   0.2202, 0.3265,  22.9364, progress 0.4185
train,    401, 21.306609,   14, 1.00,    9, 0.000, 0.000, 0.238, 34
train,    402, 176.592623,  103, 0.00,   13, 0.000, 0.000, 0.238, 34
train,    403, 231.602412,   89, 0.00,   13, 0.000, 0.000, 0.238, 34
train,    404, 63.684090,   31, 1.00,   10, 0.000, 0.000, 0.238, 34
train,    405, 37.698593,   12, 1.00,    9, 0.000, 0.000, 0.238, 34
train,    406, 89.047684,   34, 1.00,    8, 0.000, 0.000, 0.238, 34
train,    407, 68.015218,   28, 1.00,    8, 0.000, 0.000, 0.238, 34
train,    408, 195.606443,   83, 0.00,   14, 0.000, 0.000, 0.238, 34
train,    409, 49.081250,    4, 1.00,    9, 0.000, 0.000, 0.238, 34
train,    410, 91.555062,   41, 1.00,   11, 0.000, 0.000, 0.238, 34
update,   410,   41,  18717, 93.858621, 0.000000
train,    411, 218.897063,   85, 0.00,   13, 0.000, 0.000, 0.238, 34
train,    412, 34.802368,   35, 1.00,   10, 0.000, 0.000, 0.237, 34
train,    413, 33.085300,   37, 1.00,    8, 0.000, 0.000, 0.237, 34
train,    414, 68.039061,   19, 1.00,   10, 0.000, 0.000, 0.237, 34
train,    415, 46.778554,   48, 1.00,   11, 0.000, 0.000, 0.237, 34
train,    416, 36.614056,   30, 1.00,    7, 0.000, 0.000, 0.237, 34
train,    417, 18.804523,   12, 1.00,   10, 0.000, 0.000, 0.237, 34
train,    418, 204.780978,  101, 0.00,   12, 0.000, 0.000, 0.237, 34
train,    419, 193.901671,   83, 0.00,   15, 0.000, 0.000, 0.237, 34
train,    420, 61.376537,   48, 1.00,   10, 0.000, 0.000, 0.237, 34
update,   420,   42,  19215, 74.278623, 0.000000
train,    421, 21.615330,   23, 1.00,    8, 0.000, 0.000, 0.237, 34
train,    422, 71.966832,   33, 1.00,   11, 0.000, 0.000, 0.237, 34
train,    423, 39.943622,   16, 1.00,    9, 0.000, 0.000, 0.236, 34
train,    424, 76.733023,   22, 1.00,   10, 0.000, 0.000, 0.236, 34
train,    425, 6.578387,    4, 1.00,    6, 0.000, 0.000, 0.236, 34
train,    426, 63.808230,   20, 1.00,    9, 0.000, 0.000, 0.236, 34
train,    427, 85.727696,   35, 1.00,   11, 0.000, 0.000, 0.236, 34
train,    428, 90.434260,   47, 1.00,   10, 0.000, 0.000, 0.236, 34
train,    429, 72.854680,   30, 1.00,   10, 0.000, 0.000, 0.236, 34
train,    430, 222.144362,  108, 0.00,   13, 0.000, 0.000, 0.236, 34
update,   430,   43,  19553, 113.132456, 0.000000
train,    431, 81.339025,   48, 1.00,   10, 0.000, 0.000, 0.236, 34
train,    432, 100.619893,   33, 1.00,   10, 0.000, 0.000, 0.236, 34
train,    433, 210.558643,   79, 0.00,   14, 0.000, 0.000, 0.235, 34
train,    434, 49.997665,   28, 1.00,   12, 0.000, 0.000, 0.235, 34
train,    435, 46.089725,    7, 1.00,    8, 0.000, 0.000, 0.235, 34
train,    436, 62.059421,   14, 1.00,    9, 0.000, 0.000, 0.235, 34
train,    437, 72.274487,   32, 1.00,   10, 0.000, 0.000, 0.235, 34
train,    438, 87.251445,   25, 1.00,   11, 0.000, 0.000, 0.235, 34
train,    439, 50.288520,   15, 1.00,    9, 0.000, 0.000, 0.235, 34
train,    440, 218.977429,   97, 0.00,   12, 0.000, 0.000, 0.235, 34
update,   440,   44,  19931, 55.779135, 0.000000
train,    441, 184.144250,   88, 0.00,   13, 0.000, 0.000, 0.235, 34
train,    442, 43.974080,    4, 1.00,    6, 0.000, 0.000, 0.235, 34
train,    443, 216.562515,   94, 0.00,   16, 0.000, 0.000, 0.235, 34
train,    444, 73.819432,   28, 1.00,   10, 0.000, 0.000, 0.234, 34
train,    445, 187.516504,   70, 0.00,   14, 0.000, 0.000, 0.234, 34
train,    446, 216.419516,   93, 0.00,   12, 0.000, 0.000, 0.234, 34
train,    447, 197.443062,  107, 0.00,   16, 0.000, 0.000, 0.234, 34
train,    448, 50.343161,   18, 1.00,    9, 0.000, 0.000, 0.234, 34
train,    449, 83.177278,   34, 1.00,   10, 0.000, 0.000, 0.234, 34
train,    450, 225.135245,   78, 0.00,   15, 0.000, 0.000, 0.234, 34
update,   450,   45,  20545, 83.358190, 0.000000
train,    451, 225.368925,   85, 0.00,   12, 0.000, 0.000, 0.234, 34
train,    452, 71.432557,   20, 1.00,    9, 0.000, 0.000, 0.234, 34
train,    453, -6.232886,    9, 1.00,    8, 0.000, 0.000, 0.234, 34
train,    454, 172.396963,   82, 0.00,   13, 0.000, 0.000, 0.233, 34
train,    455, 218.724148,   74, 0.00,   11, 0.000, 0.000, 0.233, 34
train,    456, 88.975236,   21, 1.00,    8, 0.000, 0.000, 0.233, 34
train,    457, 215.083618,   98, 0.00,   14, 0.000, 0.000, 0.233, 34
train,    458, 56.008189,   29, 1.00,   10, 0.000, 0.000, 0.233, 34
train,    459, 222.862798,   87, 0.00,   13, 0.000, 0.000, 0.233, 34
train,    460, 54.276185,   17, 1.00,    8, 0.000, 0.000, 0.233, 34
update,   460,   46,  21067, 82.876873, 0.000000
train,    461, 100.324361,   42, 1.00,   10, 0.000, 0.000, 0.233, 34
train,    462, 65.065289,   30, 1.00,    9, 0.000, 0.000, 0.233, 34
train,    463, 219.879673,   82, 0.00,   15, 0.000, 0.000, 0.233, 34
train,    464, 85.303629,   37, 1.00,   11, 0.000, 0.000, 0.233, 34
train,    465, 30.588964,   34, 1.00,    7, 0.000, 0.000, 0.232, 34
train,    466, 63.265362,   28, 1.00,   10, 0.000, 0.000, 0.232, 34
train,    467, 199.436920,   76, 0.00,   13, 0.000, 0.000, 0.232, 34
train,    468, 187.407898,   81, 0.00,   12, 0.000, 0.000, 0.232, 34
train,    469, 58.891369,   21, 1.00,   10, 0.000, 0.000, 0.232, 34
train,    470, 54.826155,   29, 1.00,    9, 0.000, 0.000, 0.232, 34
update,   470,   47,  21527, 76.694367, 0.000000
train,    471, 209.148282,   82, 0.00,   14, 0.000, 0.000, 0.232, 34
train,    472, 195.342871,   96, 0.00,   17, 0.000, 0.000, 0.232, 34
train,    473, 197.419524,   88, 0.00,   14, 0.000, 0.000, 0.232, 34
train,    474, 63.520898,   19, 1.00,   11, 0.000, 0.000, 0.232, 34
train,    475, 219.398852,   98, 0.00,   15, 0.000, 0.000, 0.232, 34
train,    476, 39.363610,   21, 1.00,    9, 0.000, 0.000, 0.231, 34
train,    477, 203.099175,   81, 0.00,   13, 0.000, 0.000, 0.231, 34
train,    478, 47.956250,   26, 1.00,   10, 0.000, 0.000, 0.231, 34
train,    479, 11.420739,   13, 1.00,    9, 0.000, 0.000, 0.231, 34
train,    480, 102.779742,   36, 1.00,   11, 0.000, 0.000, 0.231, 35
update,   480,   48,  22087, 73.006303, 0.000000
train,    481, 217.773617,   76, 0.00,   14, 0.000, 0.000, 0.231, 35
train,    482, 23.752554,   33, 1.00,    8, 0.000, 0.000, 0.231, 35
train,    483, 231.921920,  108, 0.00,   14, 0.000, 0.000, 0.231, 35
train,    484, 220.932274,   90, 0.00,   12, 0.000, 0.000, 0.231, 35
train,    485, 67.709557,   32, 1.00,   11, 0.000, 0.000, 0.231, 35
train,    486, 48.797495,   17, 1.00,   10, 0.000, 0.000, 0.231, 35
train,    487, 53.662753,   24, 1.00,   12, 0.000, 0.000, 0.230, 35
train,    488, 16.322051,   11, 1.00,    8, 0.000, 0.000, 0.230, 35
train,    489, 228.062662,   91, 0.00,   15, 0.000, 0.000, 0.230, 35
train,    490, 32.673433,   21, 1.00,    8, 0.000, 0.000, 0.230, 35
update,   490,   49,  22590, 92.507631, 0.000000
train,    491, 52.172475,   14, 1.00,   10, 0.000, 0.000, 0.230, 35
train,    492, 11.440369,   19, 1.00,    9, 0.000, 0.000, 0.230, 35
train,    493, 214.935237,   99, 0.00,   14, 0.000, 0.000, 0.230, 35
train,    494, 45.689095,   34, 1.00,    9, 0.000, 0.000, 0.230, 35
train,    495, 46.899833,   29, 1.00,    8, 0.000, 0.000, 0.230, 35
train,    496, 68.121040,   22, 1.00,   10, 0.000, 0.000, 0.230, 35
train,    497, 205.091007,   92, 0.00,   12, 0.000, 0.000, 0.230, 35
train,    498, 84.008001,   21, 1.00,   10, 0.000, 0.000, 0.229, 35
train,    499, 178.319044,  108, 0.00,   13, 0.000, 0.000, 0.229, 35
train,    500, 50.511531,   28, 1.00,    8, 0.000, 0.000, 0.229, 35
update,   500,   50,  23056, 74.395979, 0.000000
val_t, 500, 23056, 68.119790, 0.4437,  42.0178,   0.2028, 0.3888,  22.7203, progress 0.4771
train,    501, 204.319943,   79, 0.00,   12, 0.000, 0.000, 0.229, 35
train,    502, 207.692551,   75, 0.00,   14, 0.000, 0.000, 0.229, 35
train,    503, 178.348103,   97, 0.00,   14, 0.000, 0.000, 0.229, 35
train,    504, 32.853493,   20, 1.00,    9, 0.000, 0.000, 0.229, 35
train,    505, 206.447095,  101, 0.00,   12, 0.000, 0.000, 0.229, 35
train,    506, 196.343342,  107, 0.00,   13, 0.000, 0.000, 0.229, 35
train,    507, 10.588445,   16, 1.00,   11, 0.000, 0.000, 0.229, 35
train,    508, 24.812914,   14, 1.00,    9, 0.000, 0.000, 0.229, 35
train,    509, 210.041674,   73, 0.00,   13, 0.000, 0.000, 0.228, 35
train,    510, 216.109161,  105, 0.00,   16, 0.000, 0.000, 0.228, 35
update,   510,   51,  23743, 73.609572, 0.000000
train,    511, 215.906512,   97, 0.00,   11, 0.000, 0.000, 0.228, 35
train,    512, 56.271389,   28, 1.00,    9, 0.000, 0.000, 0.228, 35
train,    513, 183.646505,   85, 0.00,   16, 0.000, 0.000, 0.228, 35
train,    514, 200.236646,   88, 0.00,   14, 0.000, 0.000, 0.228, 35
train,    515, 53.520712,   31, 1.00,   10, 0.000, 0.000, 0.228, 35
train,    516, 36.803526,   11, 1.00,    9, 0.000, 0.000, 0.228, 35
train,    517, 104.985376,   28, 1.00,    9, 0.000, 0.000, 0.228, 35
train,    518, 83.361767,   23, 1.00,    9, 0.000, 0.000, 0.228, 35
train,    519, 52.369746,   29, 1.00,   10, 0.000, 0.000, 0.227, 35
train,    520, 97.152347,   23, 1.00,    9, 0.000, 0.000, 0.227, 35
update,   520,   52,  24186, 58.472092, 0.000000
train,    521, 61.205905,   28, 1.00,    9, 0.000, 0.000, 0.227, 35
train,    522, 72.575681,   44, 1.00,   10, 0.000, 0.000, 0.227, 35
train,    523, 217.617398,   86, 0.00,   13, 0.000, 0.000, 0.227, 35
train,    524, 223.266073,   97, 0.00,   16, 0.000, 0.000, 0.227, 35
train,    525, 223.239691,   97, 0.00,   14, 0.000, 0.000, 0.227, 35
train,    526, 67.763610,   31, 1.00,    8, 0.000, 0.000, 0.227, 35
train,    527, 177.417580,   98, 0.00,   12, 0.000, 0.000, 0.227, 35
train,    528, 192.296297,  105, 0.00,   15, 0.000, 0.000, 0.227, 35
train,    529, 207.329578,   92, 0.00,   13, 0.000, 0.000, 0.227, 35
train,    530, 228.785816,   80, 0.00,   13, 0.000, 0.000, 0.227, 35
update,   530,   53,  24944, 58.318936, 0.000000
train,    531, 204.328058,  102, 0.00,   16, 0.000, 0.000, 0.226, 35
train,    532, 61.896469,   29, 1.00,    9, 0.000, 0.000, 0.226, 35
train,    533, 42.308258,   30, 1.00,    9, 0.000, 0.000, 0.226, 35
train,    534, 62.430931,   26, 1.00,    8, 0.000, 0.000, 0.226, 35
train,    535, 211.433402,   87, 0.00,   14, 0.000, 0.000, 0.226, 35
train,    536, 63.996990,   33, 1.00,   10, 0.000, 0.000, 0.226, 35
train,    537, 220.741862,   85, 0.00,   13, 0.000, 0.000, 0.226, 35
train,    538, 216.660373,  118, 0.00,   14, 0.000, 0.000, 0.226, 35
train,    539, 201.769756,   75, 0.00,   15, 0.000, 0.000, 0.226, 35
train,    540, 37.478916,   28, 1.00,   10, 0.000, 0.000, 0.226, 35
update,   540,   54,  25557, 61.357492, 0.000000
train,    541, 59.963493,   47, 1.00,    8, 0.000, 0.000, 0.226, 35
train,    542, 213.508999,  108, 0.00,   13, 0.000, 0.000, 0.225, 35
train,    543, 77.833871,   24, 1.00,   11, 0.000, 0.000, 0.225, 35
train,    544, 71.987965,    9, 1.00,    8, 0.000, 0.000, 0.225, 35
train,    545, 100.855357,   35, 1.00,   11, 0.000, 0.000, 0.225, 35
train,    546, 32.161972,   26, 1.00,    8, 0.000, 0.000, 0.225, 35
train,    547, 41.794450,   22, 1.00,    8, 0.000, 0.000, 0.225, 35
train,    548, 56.543921,   20, 1.00,   10, 0.000, 0.000, 0.225, 35
train,    549, 73.623415,   34, 1.00,   11, 0.000, 0.000, 0.225, 35
train,    550, 15.551381,    4, 1.00,    8, 0.000, 0.000, 0.225, 35
update,   550,   55,  25886, 79.642335, 0.000000
train,    551, 204.546869,   91, 0.00,   14, 0.000, 0.000, 0.225, 35
train,    552, 226.276562,   92, 0.00,   14, 0.000, 0.000, 0.225, 35
train,    553, 220.913545,   91, 0.00,   14, 0.000, 0.000, 0.224, 35
train,    554, 180.848485,   93, 0.00,   14, 0.000, 0.000, 0.224, 35
train,    555, 212.012539,   86, 0.00,   13, 0.000, 0.000, 0.224, 35
train,    556, 74.740601,   30, 1.00,    9, 0.000, 0.000, 0.224, 35
train,    557, 191.369774,   98, 0.00,   15, 0.000, 0.000, 0.224, 35
train,    558, 193.586287,   79, 0.00,   14, 0.000, 0.000, 0.224, 35
train,    559, 207.623961,  116, 0.00,   12, 0.000, 0.000, 0.224, 35
train,    560, 227.940054,  112, 0.00,   13, 0.000, 0.000, 0.224, 35
update,   560,   56,  26774, 56.498805, 0.000000
train,    561, 190.820170,   98, 0.00,   11, 0.000, 0.000, 0.224, 35
train,    562, 68.029797,   20, 1.00,    9, 0.000, 0.000, 0.224, 35
train,    563, 208.896624,   70, 0.00,   12, 0.000, 0.000, 0.224, 35
train,    564, 192.949607,   72, 0.00,   14, 0.000, 0.000, 0.223, 35
train,    565, 117.651840,   46, 1.00,   12, 0.000, 0.000, 0.223, 35
train,    566, 190.977629,   97, 0.00,   16, 0.000, 0.000, 0.223, 35
train,    567, 177.657897,  102, 0.00,   14, 0.000, 0.000, 0.223, 35
train,    568, 240.419423,   95, 0.00,   16, 0.000, 0.000, 0.223, 35
train,    569, 201.718073,   96, 0.00,   14, 0.000, 0.000, 0.223, 35
train,    570, 53.751100,   15, 1.00,   10, 0.000, 0.000, 0.223, 35
update,   570,   57,  27485, 67.253226, 0.000000
train,    571, 204.618128,   94, 0.00,   14, 0.000, 0.000, 0.223, 35
train,    572, 63.006112,   32, 1.00,   10, 0.000, 0.000, 0.223, 35
train,    573, 223.356299,   87, 0.00,   14, 0.000, 0.000, 0.223, 35
train,    574, 77.096685,   29, 1.00,    9, 0.000, 0.000, 0.223, 35
train,    575, 28.277660,   22, 1.00,   11, 0.000, 0.000, 0.222, 35
train,    576, 70.368062,   30, 1.00,   11, 0.000, 0.000, 0.222, 35
train,    577, 228.486950,   85, 0.00,   13, 0.000, 0.000, 0.222, 35
train,    578, 76.073419,   50, 1.00,   10, 0.000, 0.000, 0.222, 35
train,    579, 197.105174,   96, 0.00,   13, 0.000, 0.000, 0.222, 35
train,    580, -0.422640,    4, 1.00,    7, 0.000, 0.000, 0.222, 35
update,   580,   58,  28014, 67.920719, 0.000000
train,    581, 188.353458,   91, 0.00,   13, 0.000, 0.000, 0.222, 35
train,    582, 51.230323,   22, 1.00,    8, 0.000, 0.000, 0.222, 35
train,    583, 49.136380,   22, 1.00,    9, 0.000, 0.000, 0.222, 35
train,    584, 63.675358,   35, 1.00,   11, 0.000, 0.000, 0.222, 35
train,    585, 171.008365,   89, 0.00,   14, 0.000, 0.000, 0.222, 35
train,    586, 21.707657,   27, 1.00,    9, 0.000, 0.000, 0.221, 35
train,    587, 76.331099,   42, 1.00,   10, 0.000, 0.000, 0.221, 35
train,    588, 207.740773,  100, 0.00,   13, 0.000, 0.000, 0.221, 35
train,    589, 252.862951,  108, 0.00,   14, 0.000, 0.000, 0.221, 35
train,    590, 205.791724,   84, 0.00,   12, 0.000, 0.000, 0.221, 35
update,   590,   59,  28634, 63.964044, 0.000000
train,    591, 193.180807,   92, 0.00,   14, 0.000, 0.000, 0.221, 35
train,    592, 216.397282,  104, 0.00,   15, 0.000, 0.000, 0.221, 35
train,    593, 202.994862,   84, 0.00,   12, 0.000, 0.000, 0.221, 35
train,    594, 244.516920,   77, 0.00,   14, 0.000, 0.000, 0.221, 35
train,    595, 31.899339,   26, 1.00,    9, 0.000, 0.000, 0.221, 35
train,    596, 43.309439,   18, 1.00,    9, 0.000, 0.000, 0.221, 35
train,    597, 42.777505,   29, 1.00,    9, 0.000, 0.000, 0.221, 35
train,    598, 73.140435,   27, 1.00,   11, 0.000, 0.000, 0.220, 35
train,    599, 133.016848,   72, 1.00,   10, 0.000, 0.000, 0.220, 35
train,    600, 67.898883,   40, 1.00,   12, 0.000, 0.000, 0.220, 35
update,   600,   60,  29203, 69.693678, 0.000000
val_t, 600, 29203, 80.159599, 0.3752,  41.6088,   0.2410, 0.4476,  22.5123, progress 0.4939
train,    601, 35.805645,   29, 1.00,    9, 0.000, 0.000, 0.220, 35
train,    602, 67.164885,   33, 1.00,   11, 0.000, 0.000, 0.220, 35
train,    603, 18.298423,    7, 1.00,    8, 0.000, 0.000, 0.220, 35
train,    604, 205.275783,   89, 0.00,   15, 0.000, 0.000, 0.220, 35
train,    605, 195.904477,   97, 0.00,   11, 0.000, 0.000, 0.220, 35
train,    606, 189.393134,   89, 0.00,   13, 0.000, 0.000, 0.220, 35
train,    607, 198.150530,  105, 0.00,   16, 0.000, 0.000, 0.220, 35
train,    608, 244.461306,   82, 0.00,   15, 0.000, 0.000, 0.220, 35
train,    609, 226.935316,   92, 0.00,   13, 0.000, 0.000, 0.219, 35
train,    610, 47.004031,   18, 1.00,    8, 0.000, 0.000, 0.219, 35
update,   610,   61,  29844, 62.713582, 0.000000
train,    611, 56.744808,   23, 1.00,    8, 0.000, 0.000, 0.219, 35
train,    612, 46.900049,   31, 1.00,    9, 0.000, 0.000, 0.219, 35
train,    613, 38.548804,    4, 1.00,    8, 0.000, 0.000, 0.219, 35
train,    614, 60.176081,   42, 1.00,    9, 0.000, 0.000, 0.219, 35
train,    615, 187.875278,   76, 0.00,   16, 0.000, 0.000, 0.219, 35
train,    616, 202.949662,   93, 0.00,   12, 0.000, 0.000, 0.219, 35
train,    617, 209.146285,  102, 0.00,   14, 0.000, 0.000, 0.219, 35
train,    618, 229.079950,  117, 0.00,   14, 0.000, 0.000, 0.219, 35
train,    619, 22.834219,   44, 1.00,   13, 0.000, 0.000, 0.219, 35
train,    620, 214.839966,  105, 0.00,   12, 0.000, 0.000, 0.218, 35
update,   620,   62,  30481, 62.611826, 0.000000
train,    621, 78.726418,   28, 1.00,    8, 0.000, 0.000, 0.218, 35
train,    622, 70.115246,   29, 1.00,    9, 0.000, 0.000, 0.218, 35
train,    623, 211.679868,   80, 0.00,   14, 0.000, 0.000, 0.218, 35
train,    624, 200.068708,   99, 0.00,   14, 0.000, 0.000, 0.218, 35
train,    625, 213.673171,   73, 0.00,   16, 0.000, 0.000, 0.218, 35
train,    626, 70.188768,   23, 1.00,    7, 0.000, 0.000, 0.218, 35
train,    627, 95.636050,   43, 1.00,   10, 0.000, 0.000, 0.218, 35
train,    628, 227.929549,  104, 0.00,   15, 0.000, 0.000, 0.218, 35
train,    629, 244.527720,   88, 0.00,   11, 0.000, 0.000, 0.218, 35
train,    630, 55.101650,   25, 1.00,    8, 0.000, 0.000, 0.218, 35
update,   630,   63,  31073, 48.142185, 0.000000
train,    631, 200.137388,   91, 0.00,   13, 0.000, 0.000, 0.218, 35
train,    632, 82.518565,   79, 1.00,   12, 0.000, 0.000, 0.217, 35
train,    633, 218.989389,   88, 0.00,   13, 0.000, 0.000, 0.217, 35
train,    634, 238.612733,  102, 0.00,   13, 0.000, 0.000, 0.217, 35
train,    635, 46.001115,   28, 1.00,   11, 0.000, 0.000, 0.217, 35
train,    636, 199.077871,   92, 0.00,   15, 0.000, 0.000, 0.217, 35
train,    637, 223.831239,   95, 0.00,   13, 0.000, 0.000, 0.217, 35
train,    638, 112.128587,   59, 1.00,   12, 0.000, 0.000, 0.217, 35
train,    639, 221.243290,   87, 0.00,   14, 0.000, 0.000, 0.217, 35
train,    640, 87.003756,   38, 1.00,   11, 0.000, 0.000, 0.217, 36
update,   640,   64,  31832, 56.241179, 0.000000
train,    641, 99.668274,   39, 1.00,    9, 0.000, 0.000, 0.217, 36
train,    642, 107.576058,   43, 1.00,   11, 0.000, 0.000, 0.217, 36
train,    643, 86.731771,   29, 1.00,   13, 0.000, 0.000, 0.216, 36
train,    644, 26.299634,   21, 1.00,   12, 0.000, 0.000, 0.216, 36
train,    645, 65.494039,   30, 1.00,    8, 0.000, 0.000, 0.216, 36
train,    646, 76.740688,   53, 1.00,   13, 0.000, 0.000, 0.216, 36
train,    647, 192.596618,  104, 0.00,   17, 0.000, 0.000, 0.216, 36
train,    648, 202.237931,   84, 0.00,   12, 0.000, 0.000, 0.216, 36
train,    649, 219.884761,   81, 0.00,   14, 0.000, 0.000, 0.216, 36
train,    650, 2.822461,   15, 1.00,    9, 0.000, 0.000, 0.216, 36
update,   650,   65,  32331, 75.147545, 0.000000
train,    651, 196.057562,  105, 0.00,   14, 0.000, 0.000, 0.216, 36
train,    652, 27.526613,   13, 1.00,    7, 0.000, 0.000, 0.216, 36
train,    653, 54.304901,   29, 1.00,    9, 0.000, 0.000, 0.216, 36
train,    654, 200.935197,   76, 0.00,   13, 0.000, 0.000, 0.216, 36
train,    655, 2.314362,    4, 1.00,    8, 0.000, 0.000, 0.215, 36
train,    656, 228.622833,  110, 0.00,   12, 0.000, 0.000, 0.215, 36
train,    657, 76.144584,   28, 1.00,    8, 0.000, 0.000, 0.215, 36
train,    658, 233.667694,  110, 0.00,   13, 0.000, 0.000, 0.215, 36
train,    659, 65.365765,   20, 1.00,    9, 0.000, 0.000, 0.215, 36
train,    660, 73.081729,   29, 1.00,    9, 0.000, 0.000, 0.215, 36
update,   660,   66,  32855, 73.103915, 0.000000
train,    661, 197.078660,   91, 0.00,   15, 0.000, 0.000, 0.215, 36
train,    662, 106.670318,   63, 1.00,   12, 0.000, 0.000, 0.215, 36
train,    663, 232.497874,   80, 0.00,   11, 0.000, 0.000, 0.215, 36
train,    664, 222.742826,   98, 0.00,   15, 0.000, 0.000, 0.215, 36
train,    665, 91.222057,   32, 1.00,   12, 0.000, 0.000, 0.215, 36
train,    666, 80.026355,   38, 1.00,   11, 0.000, 0.000, 0.215, 36
train,    667, 207.639760,  110, 0.00,   11, 0.000, 0.000, 0.214, 36
train,    668, 122.994806,   40, 1.00,   11, 0.000, 0.000, 0.214, 36
train,    669, 206.527079,  115, 0.00,   13, 0.000, 0.000, 0.214, 36
train,    670, 38.427629,   41, 1.00,    9, 0.000, 0.000, 0.214, 36
update,   670,   67,  33563, 94.734113, 0.000000
train,    671, 187.771116,  104, 0.00,   15, 0.000, 0.000, 0.214, 36
train,    672, 228.583168,   83, 0.00,   15, 0.000, 0.000, 0.214, 36
train,    673, 36.220234,   38, 1.00,   10, 0.000, 0.000, 0.214, 36
train,    674, 212.379575,  109, 0.00,   14, 0.000, 0.000, 0.214, 36
train,    675, 61.186201,   31, 1.00,   10, 0.000, 0.000, 0.214, 36
train,    676, 82.373693,   49, 1.00,   10, 0.000, 0.000, 0.214, 36
train,    677, 97.858667,   35, 1.00,    8, 0.000, 0.000, 0.214, 36
train,    678, 196.547566,   88, 0.00,   14, 0.000, 0.000, 0.213, 36
train,    679, 189.651025,  111, 0.00,   16, 0.000, 0.000, 0.213, 36
train,    680, 232.603138,   79, 0.00,   13, 0.000, 0.000, 0.213, 36
update,   680,   68,  34290, 79.128786, 0.000000
train,    681, 197.718119,   99, 0.00,   12, 0.000, 0.000, 0.213, 36
train,    682, 90.745188,   21, 1.00,    6, 0.000, 0.000, 0.213, 36
train,    683, 73.955549,   16, 1.00,   10, 0.000, 0.000, 0.213, 36
train,    684, 202.105088,   88, 0.00,   15, 0.000, 0.000, 0.213, 36
train,    685, 4.117101,   22, 1.00,    8, 0.000, 0.000, 0.213, 36
train,    686, 195.315979,   91, 0.00,   13, 0.000, 0.000, 0.213, 36
train,    687, 233.711396,   99, 0.00,   13, 0.000, 0.000, 0.213, 36
train,    688, 225.385887,  107, 0.00,   14, 0.000, 0.000, 0.213, 36
train,    689, 191.460241,   97, 0.00,   13, 0.000, 0.000, 0.213, 36
train,    690, 215.772959,  104, 0.00,   14, 0.000, 0.000, 0.212, 36
update,   690,   69,  35034, 64.029208, 0.000000
train,    691, 211.506784,  102, 0.00,   13, 0.000, 0.000, 0.212, 36
train,    692, 208.778301,  104, 0.00,   12, 0.000, 0.000, 0.212, 36
train,    693, 220.271977,   93, 0.00,   14, 0.000, 0.000, 0.212, 36
train,    694, 194.867223,  119, 0.00,   14, 0.000, 0.000, 0.212, 36
train,    695, 180.442813,  116, 0.00,   12, 0.000, 0.000, 0.212, 36
train,    696, 44.572621,   27, 1.00,   10, 0.000, 0.000, 0.212, 36
train,    697, 190.222772,  104, 0.00,   15, 0.000, 0.000, 0.212, 36
train,    698, 70.219017,   36, 1.00,    9, 0.000, 0.000, 0.212, 36
train,    699, 197.549414,  103, 0.00,   13, 0.000, 0.000, 0.212, 36
train,    700, 25.055133,   26, 1.00,   10, 0.000, 0.000, 0.212, 36
update,   700,   70,  35864, 50.857380, 0.000000
val_t, 700, 35864, 85.370983, 0.3782,  46.1849,   0.2147, 0.4662,  23.2103, progress 0.5489
train,    701, 32.312011,   25, 1.00,    8, 0.000, 0.000, 0.212, 36
train,    702, 210.665112,  111, 0.00,   14, 0.000, 0.000, 0.211, 36
train,    703, 17.110799,   23, 1.00,    9, 0.000, 0.000, 0.211, 36
train,    704, 14.749544,   31, 1.00,    9, 0.000, 0.000, 0.211, 36
train,    705, 91.095650,   37, 1.00,   10, 0.000, 0.000, 0.211, 36
train,    706, 30.415749,   25, 1.00,    9, 0.000, 0.000, 0.211, 36
train,    707, 218.290912,  101, 0.00,   13, 0.000, 0.000, 0.211, 36
train,    708, 101.333310,   26, 1.00,   12, 0.000, 0.000, 0.211, 36
train,    709, 83.037706,   40, 1.00,    7, 0.000, 0.000, 0.211, 36
train,    710, 213.872342,  117, 0.00,   14, 0.000, 0.000, 0.211, 36
update,   710,   71,  36400, 71.134238, 0.000000
train,    711, 78.777710,   34, 1.00,   10, 0.000, 0.000, 0.211, 36
train,    712, 193.599060,  120, 0.00,   13, 0.000, 0.000, 0.211, 36
train,    713, 57.108828,   23, 1.00,    7, 0.000, 0.000, 0.211, 36
train,    714, 196.766978,   88, 0.00,   12, 0.000, 0.000, 0.210, 36
train,    715, 77.569635,   31, 1.00,   11, 0.000, 0.000, 0.210, 36
train,    716, 91.069444,   38, 1.00,   11, 0.000, 0.000, 0.210, 36
train,    717, 87.130882,   24, 1.00,   10, 0.000, 0.000, 0.210, 36
train,    718, 234.147258,   99, 0.00,   14, 0.000, 0.000, 0.210, 36
train,    719, 216.834404,  120, 0.00,   12, 0.000, 0.000, 0.210, 36
train,    720, 68.524049,   32, 1.00,   10, 0.000, 0.000, 0.210, 36
update,   720,   72,  37009, 86.315168, 0.000000
train,    721, 104.551262,   42, 1.00,    9, 0.000, 0.000, 0.210, 36
train,    722, 227.368481,  108, 0.00,   14, 0.000, 0.000, 0.210, 36
train,    723, 221.725098,   90, 0.00,   12, 0.000, 0.000, 0.210, 36
train,    724, 209.680773,  117, 0.00,   13, 0.000, 0.000, 0.210, 36
train,    725, 221.177186,  120, 0.00,   14, 0.000, 0.000, 0.210, 36
train,    726, 224.187512,  110, 0.00,   15, 0.000, 0.000, 0.209, 36
train,    727, 222.190570,   82, 0.00,   15, 0.000, 0.000, 0.209, 36
train,    728, 218.836357,   82, 0.00,   12, 0.000, 0.000, 0.209, 36
train,    729, 217.516526,   84, 0.00,   14, 0.000, 0.000, 0.209, 36
train,    730, 204.040075,  100, 0.00,   14, 0.000, 0.000, 0.209, 36
update,   730,   73,  37944, 47.485803, 0.000000
train,    731, 119.881839,   46, 1.00,   11, 0.000, 0.000, 0.209, 36
train,    732, 210.571866,   74, 0.00,   15, 0.000, 0.000, 0.209, 36
train,    733, 223.182103,  103, 0.00,   15, 0.000, 0.000, 0.209, 36
train,    734, 45.382568,   28, 1.00,    9, 0.000, 0.000, 0.209, 36
train,    735, 204.266224,  108, 0.00,   14, 0.000, 0.000, 0.209, 36
train,    736, 238.242399,   99, 0.00,   14, 0.000, 0.000, 0.209, 36
train,    737, 96.930032,   36, 1.00,   12, 0.000, 0.000, 0.208, 36
train,    738, 72.396746,   10, 1.00,    7, 0.000, 0.000, 0.208, 36
train,    739, 83.492185,   43, 1.00,    9, 0.000, 0.000, 0.208, 36
train,    740, 222.383754,  105, 0.00,   16, 0.000, 0.000, 0.208, 36
update,   740,   74,  38596, 57.205194, 0.000000
train,    741, 89.878699,   24, 1.00,    9, 0.000, 0.000, 0.208, 36
train,    742, 200.213102,   88, 0.00,   14, 0.000, 0.000, 0.208, 36
train,    743, 49.700476,   20, 1.00,    8, 0.000, 0.000, 0.208, 36
train,    744, 59.582021,   47, 1.00,   10, 0.000, 0.000, 0.208, 36
train,    745, 210.927470,  108, 0.00,   14, 0.000, 0.000, 0.208, 36
train,    746, 64.812977,   32, 1.00,   11, 0.000, 0.000, 0.208, 36
train,    747, 232.863611,   96, 0.00,   13, 0.000, 0.000, 0.208, 36
train,    748, 55.610897,   26, 1.00,   10, 0.000, 0.000, 0.208, 36
train,    749, 213.501332,  118, 0.00,   13, 0.000, 0.000, 0.207, 36
train,    750, 171.143307,  105, 0.00,   13, 0.000, 0.000, 0.207, 36
update,   750,   75,  39260, 58.590537, 0.000000
train,    751, 203.676962,  111, 0.00,   11, 0.000, 0.000, 0.207, 36
train,    752, 210.701918,   95, 0.00,   14, 0.000, 0.000, 0.207, 36
train,    753, 58.311915,   35, 1.00,   10, 0.000, 0.000, 0.207, 36
train,    754, 225.111658,  112, 0.00,   14, 0.000, 0.000, 0.207, 36
train,    755, 217.115909,  110, 0.00,   12, 0.000, 0.000, 0.207, 36
train,    756, 198.049728,  105, 0.00,   13, 0.000, 0.000, 0.207, 36
train,    757, 203.729309,  115, 0.00,   11, 0.000, 0.000, 0.207, 36
train,    758, 85.724015,   43, 1.00,    8, 0.000, 0.000, 0.207, 36
train,    759, 229.462995,  107, 0.00,   13, 0.000, 0.000, 0.207, 36
train,    760, 57.365899,   28, 1.00,    9, 0.000, 0.000, 0.207, 36
update,   760,   76,  40121, 61.625121, 0.000000
train,    761, 220.379380,  107, 0.00,   13, 0.000, 0.000, 0.207, 36
train,    762, 231.694832,  102, 0.00,   14, 0.000, 0.000, 0.206, 36
train,    763, 201.028710,   86, 0.00,   10, 0.000, 0.000, 0.206, 36
train,    764, 73.793278,   49, 1.00,   10, 0.000, 0.000, 0.206, 36
train,    765, 59.873511,   27, 1.00,   11, 0.000, 0.000, 0.206, 36
train,    766, 184.987812,  116, 0.00,   14, 0.000, 0.000, 0.206, 36
train,    767, 206.400499,  104, 0.00,   13, 0.000, 0.000, 0.206, 36
train,    768, 72.297068,   41, 1.00,   10, 0.000, 0.000, 0.206, 36
train,    769, 69.257886,   54, 1.00,   11, 0.000, 0.000, 0.206, 36
train,    770, 55.442648,   41, 1.00,   10, 0.000, 0.000, 0.206, 36
update,   770,   77,  40848, 53.682697, 0.000000
train,    771, 229.684767,  120, 0.00,   16, 0.000, 0.000, 0.206, 36
train,    772, 211.629388,  111, 0.00,   13, 0.000, 0.000, 0.206, 36
train,    773, 198.635734,   95, 0.00,   12, 0.000, 0.000, 0.206, 36
train,    774, 165.360373,   91, 0.00,   13, 0.000, 0.000, 0.205, 36
train,    775, 203.897560,  103, 0.00,   12, 0.000, 0.000, 0.205, 36
train,    776, 101.856176,   37, 1.00,   11, 0.000, 0.000, 0.205, 36
train,    777, 31.561238,   39, 1.00,    9, 0.000, 0.000, 0.205, 36
train,    778, 27.923078,   19, 1.00,    7, 0.000, 0.000, 0.205, 36
train,    779, 176.895282,  105, 0.00,   14, 0.000, 0.000, 0.205, 36
train,    780, 47.802921,   37, 1.00,    9, 0.000, 0.000, 0.205, 36
update,   780,   78,  41605, 92.863058, 0.000000
train,    781, 110.608722,   45, 1.00,   11, 0.000, 0.000, 0.205, 36
train,    782, 53.100858,   38, 1.00,   10, 0.000, 0.000, 0.205, 36
train,    783, 87.045330,   43, 1.00,    9, 0.000, 0.000, 0.205, 36
train,    784, 203.114676,   81, 0.00,   13, 0.000, 0.000, 0.205, 36
train,    785, 214.712786,  117, 0.00,   15, 0.000, 0.000, 0.205, 36
train,    786, 77.502756,   58, 1.00,   12, 0.000, 0.000, 0.204, 36
train,    787, 234.517590,   99, 0.00,   13, 0.000, 0.000, 0.204, 36
train,    788, 237.435730,  114, 0.00,   13, 0.000, 0.000, 0.204, 36
train,    789, 46.968410,   43, 1.00,   10, 0.000, 0.000, 0.204, 36
train,    790, 61.784159,   35, 1.00,   10, 0.000, 0.000, 0.204, 36
update,   790,   79,  42278, 56.120809, 0.000000
train,    791, 194.636453,  101, 0.00,   15, 0.000, 0.000, 0.204, 36
train,    792, 194.793702,  107, 0.00,   13, 0.000, 0.000, 0.204, 36
train,    793, 34.485152,   28, 1.00,   10, 0.000, 0.000, 0.204, 36
train,    794, 232.638038,  100, 0.00,   13, 0.000, 0.000, 0.204, 36
train,    795, 227.122048,  107, 0.00,   14, 0.000, 0.000, 0.204, 36
train,    796, 216.622776,  105, 0.00,   14, 0.000, 0.000, 0.204, 36
train,    797, 37.987313,   28, 1.00,    8, 0.000, 0.000, 0.204, 36
train,    798, 206.002943,   98, 0.00,   12, 0.000, 0.000, 0.203, 36
train,    799, 210.111859,  113, 0.00,   14, 0.000, 0.000, 0.203, 36
train,    800, 176.337663,   98, 0.00,   13, 0.000, 0.000, 0.203, 37
update,   800,   80,  43163, 76.882832, 0.000000
val_t, 800, 43163, 68.910285, 0.3458,  46.0674,   0.1832, 0.5085,  23.3590, progress 0.6179
train,    801, 182.583463,  119, 0.00,   12, 0.000, 0.000, 0.203, 37
train,    802, 193.406611,  113, 0.00,   13, 0.000, 0.000, 0.203, 37
train,    803, 30.931525,   27, 1.00,    9, 0.000, 0.000, 0.203, 37
train,    804, 191.674409,   99, 0.00,   13, 0.000, 0.000, 0.203, 37
train,    805, 9.843758,   26, 1.00,    7, 0.000, 0.000, 0.203, 37
train,    806, 50.014647,   28, 1.00,   10, 0.000, 0.000, 0.203, 37
train,    807, 188.363966,   98, 0.00,   14, 0.000, 0.000, 0.203, 37
train,    808, 53.950200,   38, 1.00,    9, 0.000, 0.000, 0.203, 37
train,    809, 78.899199,   43, 1.00,   10, 0.000, 0.000, 0.203, 37
train,    810, 65.800345,   30, 1.00,   12, 0.000, 0.000, 0.202, 37
update,   810,   81,  43784, 74.149756, 0.000000
train,    811, 90.049496,   43, 1.00,    9, 0.000, 0.000, 0.202, 37
train,    812, 207.377417,  118, 0.00,   13, 0.000, 0.000, 0.202, 37
train,    813, 75.801299,   24, 1.00,    7, 0.000, 0.000, 0.202, 37
train,    814, 237.021684,   88, 0.00,   13, 0.000, 0.000, 0.202, 37
train,    815, 84.578527,   46, 1.00,   10, 0.000, 0.000, 0.202, 37
train,    816, 53.737683,   34, 1.00,    6, 0.000, 0.000, 0.202, 37
train,    817, 77.765748,   39, 1.00,    9, 0.000, 0.000, 0.202, 37
train,    818, 74.959747,   49, 1.00,   10, 0.000, 0.000, 0.202, 37
train,    819, 13.748816,   29, 1.00,    9, 0.000, 0.000, 0.202, 37
train,    820, 222.067743,  106, 0.00,   13, 0.000, 0.000, 0.202, 37
update,   820,   82,  44360, 77.605650, 0.000000
train,    821, 194.633724,  112, 0.00,   14, 0.000, 0.000, 0.202, 37
train,    822, 214.182654,   89, 0.00,   12, 0.000, 0.000, 0.202, 37
train,    823, 200.842030,  101, 0.00,   10, 0.000, 0.000, 0.201, 37
train,    824, 84.044004,   36, 1.00,   12, 0.000, 0.000, 0.201, 37
train,    825, 240.630308,  120, 0.00,   13, 0.000, 0.000, 0.201, 37
train,    826, 177.569359,  101, 0.00,   16, 0.000, 0.000, 0.201, 37
train,    827, 73.869298,   40, 1.00,   10, 0.000, 0.000, 0.201, 37
train,    828, 226.466645,  108, 0.00,   13, 0.000, 0.000, 0.201, 37
train,    829, 61.269344,   26, 1.00,   10, 0.000, 0.000, 0.201, 37
train,    830, 220.502006,   91, 0.00,   13, 0.000, 0.000, 0.201, 37
update,   830,   83,  45184, 71.676032, 0.000000
train,    831, 82.031396,   51, 1.00,   11, 0.000, 0.000, 0.201, 37
train,    832, 213.385718,  120, 0.00,   14, 0.000, 0.000, 0.201, 37
train,    833, 209.119291,  102, 0.00,   16, 0.000, 0.000, 0.201, 37
train,    834, 198.481192,  106, 0.00,   14, 0.000, 0.000, 0.201, 37
train,    835, 34.145556,   33, 1.00,   10, 0.000, 0.000, 0.200, 37
train,    836, 196.408440,  115, 0.00,   14, 0.000, 0.000, 0.200, 37
train,    837, 6.724896,   17, 1.00,    9, 0.000, 0.000, 0.200, 37
train,    838, 50.057386,   35, 1.00,   13, 0.000, 0.000, 0.200, 37
train,    839, 69.332279,   35, 1.00,   10, 0.000, 0.000, 0.200, 37
train,    840, 49.642727,   25, 1.00,    9, 0.000, 0.000, 0.200, 37
update,   840,   84,  45823, 81.710124, 0.000000
train,    841, 209.547620,  107, 0.00,   13, 0.000, 0.000, 0.200, 37
train,    842, 56.397418,    4, 1.00,   11, 0.000, 0.000, 0.200, 37
train,    843, 88.139117,   50, 1.00,   12, 0.000, 0.000, 0.200, 37
train,    844, 83.573419,   48, 1.00,   10, 0.000, 0.000, 0.200, 37
train,    845, 226.800338,   94, 0.00,   12, 0.000, 0.000, 0.200, 37
train,    846, 219.035630,  120, 0.00,   13, 0.000, 0.000, 0.200, 37
train,    847, 208.730418,  117, 0.00,   14, 0.000, 0.000, 0.200, 37
train,    848, 228.658017,  120, 0.00,   13, 0.000, 0.000, 0.199, 37
train,    849, 39.600167,    4, 1.00,    9, 0.000, 0.000, 0.199, 37
train,    850, 57.978804,   31, 1.00,    8, 0.000, 0.000, 0.199, 37
update,   850,   85,  46518, 81.886674, 0.000000
train,    851, 195.912508,  108, 0.00,   14, 0.000, 0.000, 0.199, 37
train,    852, 85.790833,   26, 1.00,   11, 0.000, 0.000, 0.199, 37
train,    853, 67.606109,   40, 1.00,   10, 0.000, 0.000, 0.199, 37
train,    854, 79.427753,   26, 1.00,    9, 0.000, 0.000, 0.199, 37
train,    855, 229.291980,  109, 0.00,   12, 0.000, 0.000, 0.199, 37
train,    856, 186.585206,   88, 0.00,   15, 0.000, 0.000, 0.199, 37
train,    857, 81.762049,   59, 1.00,   10, 0.000, 0.000, 0.199, 37
train,    858, 222.400162,   95, 0.00,   13, 0.000, 0.000, 0.199, 37
train,    859, 193.022215,   96, 0.00,   14, 0.000, 0.000, 0.199, 37
train,    860, 219.359407,  103, 0.00,   15, 0.000, 0.000, 0.198, 37
update,   860,   86,  47268, 68.568478, 0.000000
train,    861, 66.614509,   19, 1.00,   12, 0.000, 0.000, 0.198, 37
train,    862, 37.995049,    9, 1.00,    9, 0.000, 0.000, 0.198, 37
train,    863, 110.061205,   42, 1.00,    7, 0.000, 0.000, 0.198, 37
train,    864, 108.863690,   63, 1.00,   10, 0.000, 0.000, 0.198, 37
train,    865, 217.111708,   94, 0.00,   15, 0.000, 0.000, 0.198, 37
train,    866, 230.240825,  102, 0.00,   14, 0.000, 0.000, 0.198, 37
train,    867, 80.794387,   37, 1.00,   10, 0.000, 0.000, 0.198, 37
train,    868, 186.134508,   85, 0.00,   12, 0.000, 0.000, 0.198, 37
train,    869, 199.114426,   95, 0.00,   15, 0.000, 0.000, 0.198, 37
train,    870, 180.079866,   92, 0.00,   13, 0.000, 0.000, 0.198, 37
update,   870,   87,  47906, 110.226685, 0.000000
train,    871, 242.304879,   92, 0.00,   14, 0.000, 0.000, 0.198, 37
train,    872, 119.823227,   49, 1.00,    9, 0.000, 0.000, 0.198, 37
train,    873, 206.007550,  108, 0.00,   13, 0.000, 0.000, 0.197, 37
train,    874, 210.881337,   89, 0.00,   13, 0.000, 0.000, 0.197, 37
train,    875, 201.565580,  120, 0.00,   15, 0.000, 0.000, 0.197, 37
train,    876, 217.106195,  107, 0.00,   12, 0.000, 0.000, 0.197, 37
train,    877, 54.457193,   33, 1.00,    6, 0.000, 0.000, 0.197, 37
train,    878, 76.871842,   41, 1.00,   11, 0.000, 0.000, 0.197, 37
train,    879, 39.519482,   28, 1.00,   11, 0.000, 0.000, 0.197, 37
train,    880, 227.348158,   95, 0.00,   16, 0.000, 0.000, 0.197, 37
update,   880,   88,  48668, 77.445129, 0.000000
train,    881, 210.404447,  120, 0.00,   14, 0.000, 0.000, 0.197, 37
train,    882, 209.075554,  120, 0.00,   15, 0.000, 0.000, 0.197, 37
train,    883, 204.401643,  118, 0.00,   15, 0.000, 0.000, 0.197, 37
train,    884, 106.214396,   54, 1.00,   10, 0.000, 0.000, 0.197, 37
train,    885, 198.816001,  101, 0.00,   13, 0.000, 0.000, 0.197, 37
train,    886, 114.482216,   34, 1.00,   11, 0.000, 0.000, 0.196, 37
train,    887, 225.047966,  107, 0.00,   18, 0.000, 0.000, 0.196, 37
train,    888, 86.733321,   35, 1.00,    6, 0.000, 0.000, 0.196, 37
train,    889, 209.793286,  120, 0.00,   14, 0.000, 0.000, 0.196, 37
train,    890, 95.671660,   50, 1.00,    9, 0.000, 0.000, 0.196, 37
update,   890,   89,  49527, 78.686266, 0.000000
train,    891, 80.363277,   45, 1.00,   10, 0.000, 0.000, 0.196, 37
train,    892, 28.123473,   32, 1.00,    9, 0.000, 0.000, 0.196, 37
train,    893, 62.299672,   53, 1.00,   12, 0.000, 0.000, 0.196, 37
train,    894, 224.741581,  120, 0.00,   14, 0.000, 0.000, 0.196, 37
train,    895, 229.233612,   85, 0.00,   13, 0.000, 0.000, 0.196, 37
train,    896, 70.141971,   38, 1.00,    9, 0.000, 0.000, 0.196, 37
train,    897, 107.335255,   47, 1.00,    9, 0.000, 0.000, 0.196, 37
train,    898, 228.489552,  106, 0.00,   15, 0.000, 0.000, 0.195, 37
train,    899, 48.066500,   23, 1.00,    8, 0.000, 0.000, 0.195, 37
train,    900, 223.347451,  106, 0.00,   15, 0.000, 0.000, 0.195, 37
update,   900,   90,  50182, 76.792057, 0.000000
val_t, 900, 50182, 74.923845, 0.3419,  58.9384,   0.1828, 0.5131,  23.1763, progress 0.6065
train,    901, 199.088224,  119, 0.00,   13, 0.000, 0.000, 0.195, 37
train,    902, 70.184096,   35, 1.00,    8, 0.000, 0.000, 0.195, 37
train,    903, 212.027379,   89, 0.00,   11, 0.000, 0.000, 0.195, 37
train,    904, 223.893307,  100, 0.00,   14, 0.000, 0.000, 0.195, 37
train,    905, 198.665264,  119, 0.00,   14, 0.000, 0.000, 0.195, 37
train,    906, 229.468190,  119, 0.00,   14, 0.000, 0.000, 0.195, 37
train,    907, 208.673374,  100, 0.00,   11, 0.000, 0.000, 0.195, 37
train,    908, 195.499039,  106, 0.00,   11, 0.000, 0.000, 0.195, 37
train,    909, 87.965746,   55, 1.00,   10, 0.000, 0.000, 0.195, 37
train,    910, 189.056772,  116, 0.00,   15, 0.000, 0.000, 0.195, 37
update,   910,   91,  51140, 77.500241, 0.000000
train,    911, 38.723762,   31, 1.00,   10, 0.000, 0.000, 0.194, 37
train,    912, 89.228562,   29, 1.00,   11, 0.000, 0.000, 0.194, 37
train,    913, 214.721569,   76, 0.00,   15, 0.000, 0.000, 0.194, 37
train,    914, 215.799779,  115, 0.00,   11, 0.000, 0.000, 0.194, 37
train,    915, 229.142481,  101, 0.00,   13, 0.000, 0.000, 0.194, 37
train,    916, 232.782151,  114, 0.00,   14, 0.000, 0.000, 0.194, 37
train,    917, 244.068591,   88, 0.00,   15, 0.000, 0.000, 0.194, 37
train,    918, 72.891326,   40, 1.00,    8, 0.000, 0.000, 0.194, 37
train,    919, 33.933626,   36, 1.00,   10, 0.000, 0.000, 0.194, 37
train,    920, 18.990957,    6, 1.00,    8, 0.000, 0.000, 0.194, 37
update,   920,   92,  51776, 70.255073, 0.000000
train,    921, 220.909250,   96, 0.00,   12, 0.000, 0.000, 0.194, 37
train,    922, 238.387816,  105, 0.00,   15, 0.000, 0.000, 0.194, 37
train,    923, 202.497609,  104, 0.00,   14, 0.000, 0.000, 0.194, 37
train,    924, 115.750117,   49, 1.00,   12, 0.000, 0.000, 0.193, 37
train,    925, 240.123849,   97, 0.00,   15, 0.000, 0.000, 0.193, 37
train,    926, 214.612036,  108, 0.00,   13, 0.000, 0.000, 0.193, 37
train,    927, 73.208550,   33, 1.00,    9, 0.000, 0.000, 0.193, 37
train,    928, 179.064901,  111, 0.00,   14, 0.000, 0.000, 0.193, 37
train,    929, 217.489621,  114, 0.00,   14, 0.000, 0.000, 0.193, 37
train,    930, 225.468938,   95, 0.00,   13, 0.000, 0.000, 0.193, 37
update,   930,   93,  52688, 73.640982, 0.000000
train,    931, 44.079863,   34, 1.00,   10, 0.000, 0.000, 0.193, 37
train,    932, 219.063773,  117, 0.00,   14, 0.000, 0.000, 0.193, 37
train,    933, 183.460020,   95, 0.00,   14, 0.000, 0.000, 0.193, 37
train,    934, 82.148539,   29, 1.00,   10, 0.000, 0.000, 0.193, 37
train,    935, 115.343979,   43, 1.00,   10, 0.000, 0.000, 0.193, 37
train,    936, 48.540585,   28, 1.00,    8, 0.000, 0.000, 0.193, 37
train,    937, 84.233533,   48, 1.00,   11, 0.000, 0.000, 0.192, 37
train,    938, 61.761459,   42, 1.00,   10, 0.000, 0.000, 0.192, 37
train,    939, 82.563739,   51, 1.00,   10, 0.000, 0.000, 0.192, 37
train,    940, 213.523401,   77, 0.00,   14, 0.000, 0.000, 0.192, 37
update,   940,   94,  53252, 84.362791, 0.000000
train,    941, 55.518914,   15, 1.00,    7, 0.000, 0.000, 0.192, 37
train,    942, 24.208897,   20, 1.00,   10, 0.000, 0.000, 0.192, 37
train,    943, 244.349513,   89, 0.00,   16, 0.000, 0.000, 0.192, 37
train,    944, 205.390229,  115, 0.00,   16, 0.000, 0.000, 0.192, 37
train,    945, 197.981721,  112, 0.00,   14, 0.000, 0.000, 0.192, 37
train,    946, 66.061001,   40, 1.00,   11, 0.000, 0.000, 0.192, 37
train,    947, 128.555232,   60, 1.00,   11, 0.000, 0.000, 0.192, 37
train,    948, 218.743524,   99, 0.00,   16, 0.000, 0.000, 0.192, 37
train,    949, 236.154238,  118, 0.00,   13, 0.000, 0.000, 0.192, 37
train,    950, 199.644797,  117, 0.00,   14, 0.000, 0.000, 0.191, 37
update,   950,   95,  54037, 91.434139, 0.000000
train,    951, 59.664100,   48, 1.00,    8, 0.000, 0.000, 0.191, 37
train,    952, 181.443373,   96, 0.00,   13, 0.000, 0.000, 0.191, 37
train,    953, 198.902432,  102, 0.00,   14, 0.000, 0.000, 0.191, 37
train,    954, 219.213825,   91, 0.00,   14, 0.000, 0.000, 0.191, 37
train,    955, 59.427141,   43, 1.00,    9, 0.000, 0.000, 0.191, 37
train,    956, 210.989514,  112, 0.00,   13, 0.000, 0.000, 0.191, 37
train,    957, 100.307951,   40, 1.00,    9, 0.000, 0.000, 0.191, 37
train,    958, 195.522151,  103, 0.00,   14, 0.000, 0.000, 0.191, 37
train,    959, 218.970276,   76, 0.00,   13, 0.000, 0.000, 0.191, 37
train,    960, 35.077136,   33, 1.00,   11, 0.000, 0.000, 0.191, 38
update,   960,   96,  54781, 100.058471, 0.000000
train,    961, 217.919943,   93, 0.00,   15, 0.000, 0.000, 0.191, 38
train,    962, 77.096618,   30, 1.00,   10, 0.000, 0.000, 0.191, 38
train,    963, 190.455185,  120, 0.00,   14, 0.000, 0.000, 0.190, 38
train,    964, 45.360576,   39, 1.00,   10, 0.000, 0.000, 0.190, 38
train,    965, 223.044667,  110, 0.00,   13, 0.000, 0.000, 0.190, 38
train,    966, 69.131502,   48, 1.00,    8, 0.000, 0.000, 0.190, 38
train,    967, 187.633934,  100, 0.00,   13, 0.000, 0.000, 0.190, 38
train,    968, 215.306529,   99, 0.00,   13, 0.000, 0.000, 0.190, 38
train,    969, 87.890728,   50, 1.00,   11, 0.000, 0.000, 0.190, 38
train,    970, 211.372247,   91, 0.00,   13, 0.000, 0.000, 0.190, 38
update,   970,   97,  55561, 96.802926, 0.000000
train,    971, 178.447788,  108, 0.00,   12, 0.000, 0.000, 0.190, 38
train,    972, 85.457964,   45, 1.00,   13, 0.000, 0.000, 0.190, 38
train,    973, 85.345443,   33, 1.00,    9, 0.000, 0.000, 0.190, 38
train,    974, 122.265928,   61, 1.00,   10, 0.000, 0.000, 0.190, 38
train,    975, 243.961997,   99, 0.00,   12, 0.000, 0.000, 0.190, 38
train,    976, 218.524207,   92, 0.00,   14, 0.000, 0.000, 0.189, 38
train,    977, 208.815607,  102, 0.00,   13, 0.000, 0.000, 0.189, 38
train,    978, 216.765690,   94, 0.00,   15, 0.000, 0.000, 0.189, 38
train,    979, 188.485005,  120, 0.00,   13, 0.000, 0.000, 0.189, 38
train,    980, 213.903781,   90, 0.00,   14, 0.000, 0.000, 0.189, 38
update,   980,   98,  56405, 102.860235, 0.000000
train,    981, 223.249420,  112, 0.00,   12, 0.000, 0.000, 0.189, 38
train,    982, 112.021986,   51, 1.00,   12, 0.000, 0.000, 0.189, 38
train,    983, 99.846807,   59, 1.00,   11, 0.000, 0.000, 0.189, 38
train,    984, 225.385798,   91, 0.00,   13, 0.000, 0.000, 0.189, 38
train,    985, 43.365508,   16, 1.00,    9, 0.000, 0.000, 0.189, 38
train,    986, 221.741849,  100, 0.00,   14, 0.000, 0.000, 0.189, 38
train,    987, 233.205466,  100, 0.00,   12, 0.000, 0.000, 0.189, 38
train,    988, 212.452121,  114, 0.00,   12, 0.000, 0.000, 0.189, 38
train,    989, 53.423254,    8, 1.00,    8, 0.000, 0.000, 0.189, 38
train,    990, 211.337781,  101, 0.00,   11, 0.000, 0.000, 0.188, 38
update,   990,   99,  57157, 102.851146, 0.000000
train,    991, 222.866248,  116, 0.00,   14, 0.000, 0.000, 0.188, 38
train,    992, 210.438263,   94, 0.00,   16, 0.000, 0.000, 0.188, 38
train,    993, 74.294040,   44, 1.00,    9, 0.000, 0.000, 0.188, 38
train,    994, 195.926403,   97, 0.00,   16, 0.000, 0.000, 0.188, 38
train,    995, 90.667200,   44, 1.00,   11, 0.000, 0.000, 0.188, 38
train,    996, 220.627369,  104, 0.00,   14, 0.000, 0.000, 0.188, 38
train,    997, 230.758637,  114, 0.00,   14, 0.000, 0.000, 0.188, 38
train,    998, 210.460855,  108, 0.00,   14, 0.000, 0.000, 0.188, 38
train,    999, 229.161270,   97, 0.00,   12, 0.000, 0.000, 0.188, 38
train,    1000, 230.336306,  117, 0.00,   11, 0.000, 0.000, 0.188, 38
update,   1000,  100,  58092, 98.341098, 0.000000
val_t, 1000, 58092, 90.525428, 0.2989,  51.7048,   0.1750, 0.6069,  24.1165, progress 0.6242
train,    1001, 231.614712,  102, 0.00,   14, 0.000, 0.000, 0.188, 38
train,    1002, 218.629142,   89, 0.00,   13, 0.000, 0.000, 0.188, 38
train,    1003, 191.173464,  120, 0.00,   13, 0.000, 0.000, 0.187, 38
train,    1004, 203.418082,  101, 0.00,   13, 0.000, 0.000, 0.187, 38
train,    1005, 185.164035,   96, 0.00,   14, 0.000, 0.000, 0.187, 38
train,    1006, 212.998567,  111, 0.00,   14, 0.000, 0.000, 0.187, 38
train,    1007, 223.312419,  107, 0.00,   12, 0.000, 0.000, 0.187, 38
train,    1008, 178.156515,   97, 0.00,   13, 0.000, 0.000, 0.187, 38
train,    1009, 113.953981,   43, 1.00,   10, 0.000, 0.000, 0.187, 38
train,    1010, 168.488645,  114, 0.00,   12, 0.000, 0.000, 0.187, 38
update,   1010,  101,  59072, 80.586507, 0.000000
train,    1011, 183.474050,  115, 0.00,   13, 0.000, 0.000, 0.187, 38
train,    1012, 83.158104,   34, 1.00,   10, 0.000, 0.000, 0.187, 38
train,    1013, 208.638924,   97, 0.00,   13, 0.000, 0.000, 0.187, 38
train,    1014, 218.565350,   94, 0.00,   13, 0.000, 0.000, 0.187, 38
train,    1015, 111.804189,   54, 1.00,    8, 0.000, 0.000, 0.187, 38
train,    1016, 196.523580,  107, 0.00,   15, 0.000, 0.000, 0.186, 38
train,    1017, 73.944368,   49, 1.00,    9, 0.000, 0.000, 0.186, 38
train,    1018, 69.522403,   32, 1.00,    7, 0.000, 0.000, 0.186, 38
train,    1019, 73.184557,   38, 1.00,   10, 0.000, 0.000, 0.186, 38
train,    1020, 177.381682,   93, 0.00,   12, 0.000, 0.000, 0.186, 38
update,   1020,  102,  59785, 110.525359, 0.000000
train,    1021, 209.800553,  116, 0.00,   15, 0.000, 0.000, 0.186, 38
train,    1022, 227.573134,  115, 0.00,   15, 0.000, 0.000, 0.186, 38
train,    1023, 195.459359,   97, 0.00,   12, 0.000, 0.000, 0.186, 38
train,    1024, 39.927287,   39, 1.00,    8, 0.000, 0.000, 0.186, 38
train,    1025, 199.910740,  107, 0.00,   14, 0.000, 0.000, 0.186, 38
train,    1026, 176.566959,   56, 1.00,    8, 0.000, 0.000, 0.186, 38
train,    1027, 217.387920,   91, 0.00,   13, 0.000, 0.000, 0.186, 38
train,    1028, 213.741519,   94, 0.00,   15, 0.000, 0.000, 0.186, 38
train,    1029, 85.897419,   29, 1.00,    8, 0.000, 0.000, 0.186, 38
train,    1030, 222.609876,   95, 0.00,   15, 0.000, 0.000, 0.185, 38
update,   1030,  103,  60624, 79.062169, 0.000000
train,    1031, 132.592381,   55, 1.00,   14, 0.000, 0.000, 0.185, 38
train,    1032, 169.481820,  110, 0.00,   12, 0.000, 0.000, 0.185, 38
train,    1033, 227.870300,  116, 0.00,   14, 0.000, 0.000, 0.185, 38
train,    1034, 41.665938,   15, 1.00,   10, 0.000, 0.000, 0.185, 38
train,    1035, 200.634988,   91, 0.00,   12, 0.000, 0.000, 0.185, 38
train,    1036, 46.316066,   31, 1.00,   11, 0.000, 0.000, 0.185, 38
train,    1037, 115.869405,   47, 1.00,   10, 0.000, 0.000, 0.185, 38
train,    1038, 30.352997,   31, 1.00,   12, 0.000, 0.000, 0.185, 38
train,    1039, 28.580857,   23, 1.00,    7, 0.000, 0.000, 0.185, 38
train,    1040, 200.081820,   81, 0.00,   14, 0.000, 0.000, 0.185, 38
update,   1040,  104,  61224, 95.805403, 0.000000
train,    1041, 77.817224,   45, 1.00,    9, 0.000, 0.000, 0.185, 38
train,    1042, 119.048293,   56, 1.00,   12, 0.000, 0.000, 0.185, 38
train,    1043, 208.101359,  103, 0.00,   13, 0.000, 0.000, 0.184, 38
train,    1044, 223.183304,  111, 0.00,   13, 0.000, 0.000, 0.184, 38
train,    1045, 44.552244,   31, 1.00,    8, 0.000, 0.000, 0.184, 38
train,    1046, 218.360082,   98, 0.00,   13, 0.000, 0.000, 0.184, 38
train,    1047, 90.707339,   61, 1.00,   11, 0.000, 0.000, 0.184, 38
train,    1048, 194.299144,   94, 0.00,   12, 0.000, 0.000, 0.184, 38
train,    1049, 219.441641,   92, 0.00,   16, 0.000, 0.000, 0.184, 38
train,    1050, 214.096100,   89, 0.00,   13, 0.000, 0.000, 0.184, 38
update,   1050,  105,  62004, 100.577022, 0.000000
train,    1051, 39.125287,   37, 1.00,   11, 0.000, 0.000, 0.184, 38
train,    1052, 34.906243,   39, 1.00,    9, 0.000, 0.000, 0.184, 38
train,    1053, 64.883070,   41, 1.00,   10, 0.000, 0.000, 0.184, 38
train,    1054, 92.496593,   38, 1.00,   11, 0.000, 0.000, 0.184, 38
train,    1055, 127.779877,   68, 1.00,   12, 0.000, 0.000, 0.184, 38
train,    1056, 84.947248,   43, 1.00,    8, 0.000, 0.000, 0.184, 38
train,    1057, 114.943779,   56, 1.00,   10, 0.000, 0.000, 0.183, 38
train,    1058, 128.862877,   59, 1.00,   13, 0.000, 0.000, 0.183, 38
train,    1059, 100.706224,   32, 1.00,    9, 0.000, 0.000, 0.183, 38
train,    1060, 109.505383,   53, 1.00,   11, 0.000, 0.000, 0.183, 38
update,   1060,  106,  62470, 88.146139, 0.000000
train,    1061, 125.124554,   50, 1.00,   10, 0.000, 0.000, 0.183, 38
train,    1062, 233.977080,  101, 0.00,   13, 0.000, 0.000, 0.183, 38
train,    1063, 186.556177,   94, 0.00,   14, 0.000, 0.000, 0.183, 38
train,    1064, 113.414149,   72, 1.00,    9, 0.000, 0.000, 0.183, 38
train,    1065, 83.404210,   44, 1.00,    9, 0.000, 0.000, 0.183, 38
train,    1066, 203.211951,   92, 0.00,   13, 0.000, 0.000, 0.183, 38
train,    1067, 183.084856,   77, 0.00,   15, 0.000, 0.000, 0.183, 38
train,    1068, 108.202660,   56, 1.00,   12, 0.000, 0.000, 0.183, 38
train,    1069, 130.224348,   48, 1.00,    9, 0.000, 0.000, 0.183, 38
train,    1070, 240.789846,   97, 0.00,   13, 0.000, 0.000, 0.182, 38
update,   1070,  107,  63201, 96.681309, 0.000000
train,    1071, 209.497935,  107, 0.00,   14, 0.000, 0.000, 0.182, 38
train,    1072, 210.975330,  115, 0.00,   12, 0.000, 0.000, 0.182, 38
train,    1073, 203.681690,   97, 0.00,   15, 0.000, 0.000, 0.182, 38
train,    1074, 225.902255,   89, 0.00,   14, 0.000, 0.000, 0.182, 38
train,    1075, 229.773624,  118, 0.00,   14, 0.000, 0.000, 0.182, 38
train,    1076, 82.697356,   33, 1.00,   10, 0.000, 0.000, 0.182, 38
train,    1077, 208.387787,  103, 0.00,   13, 0.000, 0.000, 0.182, 38
train,    1078, 238.914215,   96, 0.00,   17, 0.000, 0.000, 0.182, 38
train,    1079, 210.236058,   83, 0.00,   13, 0.000, 0.000, 0.182, 38
train,    1080, 228.119257,  114, 0.00,   13, 0.000, 0.000, 0.182, 38
update,   1080,  108,  64156, 109.985961, 0.000000
train,    1081, 65.127572,   44, 1.00,   10, 0.000, 0.000, 0.182, 38
train,    1082, 185.025271,  111, 0.00,   13, 0.000, 0.000, 0.182, 38
train,    1083, 216.979239,   70, 0.00,   15, 0.000, 0.000, 0.182, 38
train,    1084, 220.595797,   85, 0.00,   15, 0.000, 0.000, 0.181, 38
train,    1085, 120.556414,   65, 1.00,    9, 0.000, 0.000, 0.181, 38
train,    1086, 195.819576,  113, 0.00,   15, 0.000, 0.000, 0.181, 38
train,    1087, 180.623344,   89, 0.00,   13, 0.000, 0.000, 0.181, 38
train,    1088, 220.745230,  113, 0.00,   13, 0.000, 0.000, 0.181, 38
train,    1089, 207.150968,  115, 0.00,   15, 0.000, 0.000, 0.181, 38
train,    1090, 45.866244,   34, 1.00,    8, 0.000, 0.000, 0.181, 38
update,   1090,  109,  64995, 94.277871, 0.000000
train,    1091, 126.754369,   61, 1.00,   10, 0.000, 0.000, 0.181, 38
train,    1092, 208.737919,   91, 0.00,   16, 0.000, 0.000, 0.181, 38
train,    1093, 106.040880,   52, 1.00,   10, 0.000, 0.000, 0.181, 38
train,    1094, 199.603853,   74, 0.00,   12, 0.000, 0.000, 0.181, 38
train,    1095, 125.014911,   73, 1.00,   14, 0.000, 0.000, 0.181, 38
train,    1096, 94.878227,   51, 1.00,   12, 0.000, 0.000, 0.181, 38
train,    1097, 224.674758,   98, 0.00,   14, 0.000, 0.000, 0.181, 38
train,    1098, 112.525222,   34, 1.00,    9, 0.000, 0.000, 0.180, 38
train,    1099, 205.332282,  108, 0.00,   15, 0.000, 0.000, 0.180, 38
train,    1100, 196.868853,   91, 0.00,   15, 0.000, 0.000, 0.180, 38
update,   1100,  110,  65728, 112.534140, 0.000000
val_t, 1100, 65728, 73.038389, 0.3056,  62.9485,   0.1621, 0.5134,  24.3465, progress 0.6247
train,    1101, 91.336723,   42, 1.00,   11, 0.000, 0.000, 0.180, 38
train,    1102, 67.628587,   25, 1.00,    9, 0.000, 0.000, 0.180, 38
train,    1103, 183.697452,  112, 0.00,   14, 0.000, 0.000, 0.180, 38
train,    1104, 90.652217,   51, 1.00,    9, 0.000, 0.000, 0.180, 38
train,    1105, 91.669020,   52, 1.00,   10, 0.000, 0.000, 0.180, 38
train,    1106, 209.919096,  101, 0.00,   13, 0.000, 0.000, 0.180, 38
train,    1107, 204.208357,   98, 0.00,   12, 0.000, 0.000, 0.180, 38
train,    1108, 214.802846,   99, 0.00,   14, 0.000, 0.000, 0.180, 38
train,    1109, 217.815323,   98, 0.00,   15, 0.000, 0.000, 0.180, 38
train,    1110, 235.656943,   85, 0.00,   15, 0.000, 0.000, 0.180, 38
update,   1110,  111,  66491, 86.504819, 0.000000
train,    1111, 223.605437,  105, 0.00,   14, 0.000, 0.000, 0.180, 38
train,    1112, 50.951030,   22, 1.00,    9, 0.000, 0.000, 0.179, 38
train,    1113, 52.820714,   45, 1.00,   12, 0.000, 0.000, 0.179, 38
train,    1114, 210.627012,  100, 0.00,   15, 0.000, 0.000, 0.179, 38
train,    1115, 81.855248,   52, 1.00,   13, 0.000, 0.000, 0.179, 38
train,    1116, 201.258296,   83, 0.00,   14, 0.000, 0.000, 0.179, 38
train,    1117, 227.649661,   88, 0.00,   13, 0.000, 0.000, 0.179, 38
train,    1118, 56.417776,   30, 1.00,   10, 0.000, 0.000, 0.179, 38
train,    1119, 214.363085,  103, 0.00,   14, 0.000, 0.000, 0.179, 38
train,    1120, 211.593261,   85, 0.00,   14, 0.000, 0.000, 0.179, 39
update,   1120,  112,  67204, 100.293165, 0.000000
train,    1121, 198.368062,  102, 0.00,   13, 0.000, 0.000, 0.179, 39
train,    1122, 136.461298,   59, 1.00,   10, 0.000, 0.000, 0.179, 39
train,    1123, 83.577751,   54, 1.00,   11, 0.000, 0.000, 0.179, 39
train,    1124, 73.731217,   38, 1.00,   12, 0.000, 0.000, 0.179, 39
train,    1125, 64.377440,   35, 1.00,   10, 0.000, 0.000, 0.179, 39
train,    1126, 92.956659,   66, 1.00,   12, 0.000, 0.000, 0.178, 39
train,    1127, 207.757211,   91, 0.00,   15, 0.000, 0.000, 0.178, 39
train,    1128, 204.607144,   95, 0.00,   13, 0.000, 0.000, 0.178, 39
train,    1129, 197.456878,   96, 0.00,   13, 0.000, 0.000, 0.178, 39
train,    1130, 77.133338,   26, 1.00,    7, 0.000, 0.000, 0.178, 39
update,   1130,  113,  67866, 93.304824, 0.000000
train,    1131, 197.472507,   70, 0.00,   15, 0.000, 0.000, 0.178, 39
train,    1132, 191.358879,   78, 0.00,   15, 0.000, 0.000, 0.178, 39
train,    1133, 74.088940,   45, 1.00,    9, 0.000, 0.000, 0.178, 39
train,    1134, 218.760544,  102, 0.00,   10, 0.000, 0.000, 0.178, 39
train,    1135, 228.790347,   95, 0.00,   14, 0.000, 0.000, 0.178, 39
train,    1136, 81.200778,   52, 1.00,    9, 0.000, 0.000, 0.178, 39
train,    1137, 208.700117,   98, 0.00,   12, 0.000, 0.000, 0.178, 39
train,    1138, 205.626596,  102, 0.00,   14, 0.000, 0.000, 0.178, 39
train,    1139, 211.626789,  110, 0.00,   14, 0.000, 0.000, 0.178, 39
train,    1140, 182.685200,   93, 0.00,   12, 0.000, 0.000, 0.177, 39
update,   1140,  114,  68711, 94.033366, 0.000000
train,    1141, 203.301005,   89, 0.00,   11, 0.000, 0.000, 0.177, 39
train,    1142, 118.523842,   52, 1.00,    9, 0.000, 0.000, 0.177, 39
train,    1143, 212.948317,   95, 0.00,   13, 0.000, 0.000, 0.177, 39
train,    1144, 212.247540,   82, 0.00,   13, 0.000, 0.000, 0.177, 39
train,    1145, 213.002059,   91, 0.00,   11, 0.000, 0.000, 0.177, 39
train,    1146, 234.833453,   98, 0.00,   12, 0.000, 0.000, 0.177, 39
train,    1147, 89.785398,   51, 1.00,   11, 0.000, 0.000, 0.177, 39
train,    1148, 78.019782,   53, 1.00,   10, 0.000, 0.000, 0.177, 39
train,    1149, 46.656779,   34, 1.00,   11, 0.000, 0.000, 0.177, 39
train,    1150, 70.694588,   46, 1.00,   11, 0.000, 0.000, 0.177, 39
update,   1150,  115,  69402, 98.187697, 0.000000
train,    1151, 221.285914,   73, 0.00,   16, 0.000, 0.000, 0.177, 39
train,    1152, 227.978385,  100, 0.00,   14, 0.000, 0.000, 0.177, 39
train,    1153, 84.477688,   43, 1.00,   11, 0.000, 0.000, 0.177, 39
train,    1154, 150.876999,   70, 1.00,   12, 0.000, 0.000, 0.176, 39
train,    1155, 201.294603,   94, 0.00,   12, 0.000, 0.000, 0.176, 39
train,    1156, 100.155279,   43, 1.00,    8, 0.000, 0.000, 0.176, 39
train,    1157, 225.227999,   86, 0.00,   16, 0.000, 0.000, 0.176, 39
train,    1158, 205.884449,   89, 0.00,   15, 0.000, 0.000, 0.176, 39
train,    1159, 79.011134,   35, 1.00,    8, 0.000, 0.000, 0.176, 39
train,    1160, 230.021337,   81, 0.00,   13, 0.000, 0.000, 0.176, 39
update,   1160,  116,  70116, 93.124490, 0.000000
train,    1161, 81.614682,   29, 1.00,    9, 0.000, 0.000, 0.176, 39
train,    1162, 238.110992,  101, 0.00,   13, 0.000, 0.000, 0.176, 39
train,    1163, 224.824378,  103, 0.00,   15, 0.000, 0.000, 0.176, 39
train,    1164, 194.839174,   88, 0.00,   13, 0.000, 0.000, 0.176, 39
train,    1165, 205.977915,   90, 0.00,   13, 0.000, 0.000, 0.176, 39
train,    1166, 193.616171,   86, 0.00,   12, 0.000, 0.000, 0.176, 39
train,    1167, 232.967918,  103, 0.00,   13, 0.000, 0.000, 0.176, 39
train,    1168, 88.378987,   53, 1.00,   10, 0.000, 0.000, 0.175, 39
train,    1169, 211.272855,   90, 0.00,   14, 0.000, 0.000, 0.175, 39
train,    1170, 195.159031,   90, 0.00,   14, 0.000, 0.000, 0.175, 39
update,   1170,  117,  70949, 86.233487, 0.000000
train,    1171, 194.133750,   96, 0.00,   15, 0.000, 0.000, 0.175, 39
train,    1172, 199.845613,  112, 0.00,   12, 0.000, 0.000, 0.175, 39
train,    1173, 111.530871,   47, 1.00,   12, 0.000, 0.000, 0.175, 39
train,    1174, 192.006003,   84, 0.00,   14, 0.000, 0.000, 0.175, 39
train,    1175, 205.124473,   90, 0.00,   16, 0.000, 0.000, 0.175, 39
train,    1176, 81.398416,   44, 1.00,    6, 0.000, 0.000, 0.175, 39
train,    1177, 37.118502,   51, 1.00,   12, 0.000, 0.000, 0.175, 39
train,    1178, 178.940257,   92, 0.00,   12, 0.000, 0.000, 0.175, 39
train,    1179, 110.179098,   50, 1.00,   11, 0.000, 0.000, 0.175, 39
train,    1180, 200.430969,   88, 0.00,   12, 0.000, 0.000, 0.175, 39
update,   1180,  118,  71703, 79.015106, 0.000000
train,    1181, 53.285312,   29, 1.00,   10, 0.000, 0.000, 0.175, 39
train,    1182, 210.676104,  101, 0.00,   13, 0.000, 0.000, 0.174, 39
train,    1183, 229.444313,  106, 0.00,   14, 0.000, 0.000, 0.174, 39
train,    1184, 39.453590,   38, 1.00,   10, 0.000, 0.000, 0.174, 39
train,    1185, 81.938776,   53, 1.00,   11, 0.000, 0.000, 0.174, 39
train,    1186, 76.454509,   43, 1.00,   10, 0.000, 0.000, 0.174, 39
train,    1187, 75.857661,   43, 1.00,   10, 0.000, 0.000, 0.174, 39
train,    1188, 201.909803,  112, 0.00,   11, 0.000, 0.000, 0.174, 39
train,    1189, 199.906209,   89, 0.00,   12, 0.000, 0.000, 0.174, 39
train,    1190, 200.614021,   85, 0.00,   14, 0.000, 0.000, 0.174, 39
update,   1190,  119,  72402, 80.151120, 0.000000
train,    1191, 213.669089,   90, 0.00,   13, 0.000, 0.000, 0.174, 39
train,    1192, 187.114265,   95, 0.00,   15, 0.000, 0.000, 0.174, 39
train,    1193, 56.411142,   35, 1.00,   12, 0.000, 0.000, 0.174, 39
train,    1194, 203.380833,   80, 0.00,   13, 0.000, 0.000, 0.174, 39
train,    1195, 144.603993,   62, 1.00,   11, 0.000, 0.000, 0.174, 39
train,    1196, 212.852450,   74, 0.00,   14, 0.000, 0.000, 0.174, 39
train,    1197, 212.699696,   98, 0.00,   13, 0.000, 0.000, 0.173, 39
train,    1198, 101.745434,   54, 1.00,   10, 0.000, 0.000, 0.173, 39
train,    1199, 46.947809,   38, 1.00,   13, 0.000, 0.000, 0.173, 39
train,    1200, 39.801482,   29, 1.00,   10, 0.000, 0.000, 0.173, 39
update,   1200,  120,  73057, 74.538525, 0.000000
val_t, 1200, 73057, 114.022782, 0.3214,  60.2993,   0.1766, 0.5858,  24.4024, progress 0.6558
train,    1201, 137.707054,   65, 1.00,   12, 0.000, 0.000, 0.173, 39
train,    1202, 182.127028,   92, 0.00,   13, 0.000, 0.000, 0.173, 39
train,    1203, 178.583588,   82, 0.00,   15, 0.000, 0.000, 0.173, 39
train,    1204, 195.375481,  110, 0.00,   14, 0.000, 0.000, 0.173, 39
train,    1205, 209.548694,  114, 0.00,   14, 0.000, 0.000, 0.173, 39
train,    1206, 89.505044,   63, 1.00,   10, 0.000, 0.000, 0.173, 39
train,    1207, 196.633313,   87, 0.00,   16, 0.000, 0.000, 0.173, 39
train,    1208, 225.243920,   92, 0.00,   13, 0.000, 0.000, 0.173, 39
train,    1209, 211.070245,   76, 0.00,   14, 0.000, 0.000, 0.173, 39
train,    1210, 200.618426,   70, 0.00,   15, 0.000, 0.000, 0.173, 39
update,   1210,  121,  73908, 99.097065, 0.000000
train,    1211, 91.959973,   52, 1.00,   11, 0.000, 0.000, 0.172, 39
train,    1212, 222.559901,   85, 0.00,   13, 0.000, 0.000, 0.172, 39
train,    1213, 244.724469,  113, 0.00,   13, 0.000, 0.000, 0.172, 39
train,    1214, 84.978902,   44, 1.00,   10, 0.000, 0.000, 0.172, 39
train,    1215, 130.332533,   54, 1.00,   13, 0.000, 0.000, 0.172, 39
train,    1216, 203.779819,   91, 0.00,   13, 0.000, 0.000, 0.172, 39
train,    1217, 176.093088,  111, 0.00,   15, 0.000, 0.000, 0.172, 39
train,    1218, 204.729923,   91, 0.00,   11, 0.000, 0.000, 0.172, 39
train,    1219, 60.156086,   30, 1.00,   10, 0.000, 0.000, 0.172, 39
train,    1220, 90.001006,   35, 1.00,   11, 0.000, 0.000, 0.172, 39
update,   1220,  122,  74614, 81.050107, 0.000000
train,    1221, 183.689173,   88, 0.00,   14, 0.000, 0.000, 0.172, 39
train,    1222, 118.105025,   41, 1.00,   11, 0.000, 0.000, 0.172, 39
train,    1223, 219.602563,   83, 0.00,   14, 0.000, 0.000, 0.172, 39
train,    1224, 101.073421,   44, 1.00,   11, 0.000, 0.000, 0.172, 39
train,    1225, 99.700868,   60, 1.00,   10, 0.000, 0.000, 0.172, 39
train,    1226, 216.900582,   80, 0.00,   13, 0.000, 0.000, 0.171, 39
train,    1227, 237.800270,   93, 0.00,   14, 0.000, 0.000, 0.171, 39
train,    1228, 199.415481,   81, 0.00,   13, 0.000, 0.000, 0.171, 39
train,    1229, 214.285271,   96, 0.00,   12, 0.000, 0.000, 0.171, 39
train,    1230, 187.411765,  112, 0.00,   15, 0.000, 0.000, 0.171, 39
update,   1230,  123,  75392, 107.680035, 0.000000
train,    1231, 202.799845,   94, 0.00,   12, 0.000, 0.000, 0.171, 39
train,    1232, 217.713698,  120, 0.00,   13, 0.000, 0.000, 0.171, 39
train,    1233, 112.260875,   36, 1.00,    8, 0.000, 0.000, 0.171, 39
train,    1234, 183.672158,  101, 0.00,   14, 0.000, 0.000, 0.171, 39
train,    1235, 37.022053,   40, 1.00,    7, 0.000, 0.000, 0.171, 39
train,    1236, 206.204548,   94, 0.00,   14, 0.000, 0.000, 0.171, 39
train,    1237, 64.305769,   39, 1.00,   10, 0.000, 0.000, 0.171, 39
train,    1238, 208.244497,   82, 0.00,   13, 0.000, 0.000, 0.171, 39
train,    1239, 201.280352,  107, 0.00,   14, 0.000, 0.000, 0.171, 39
train,    1240, 75.118971,   23, 1.00,    9, 0.000, 0.000, 0.170, 39
update,   1240,  124,  76128, 102.734581, 0.000000
train,    1241, 210.420242,   93, 0.00,   14, 0.000, 0.000, 0.170, 39
train,    1242, 234.861987,  108, 0.00,   13, 0.000, 0.000, 0.170, 39
train,    1243, 219.391853,   97, 0.00,   14, 0.000, 0.000, 0.170, 39
train,    1244, 239.261217,  106, 0.00,   13, 0.000, 0.000, 0.170, 39
train,    1245, 194.848237,   83, 0.00,   15, 0.000, 0.000, 0.170, 39
train,    1246, 186.998218,   84, 0.00,   16, 0.000, 0.000, 0.170, 39
train,    1247, 82.320685,   50, 1.00,   10, 0.000, 0.000, 0.170, 39
train,    1248, 227.259193,   84, 0.00,   13, 0.000, 0.000, 0.170, 39
train,    1249, 65.168938,   44, 1.00,    9, 0.000, 0.000, 0.170, 39
train,    1250, 207.412232,   97, 0.00,   13, 0.000, 0.000, 0.170, 39
update,   1250,  125,  76974, 97.305086, 0.000000
train,    1251, 73.631116,   33, 1.00,   10, 0.000, 0.000, 0.170, 39
train,    1252, 209.768839,  103, 0.00,   15, 0.000, 0.000, 0.170, 39
train,    1253, 236.467259,   94, 0.00,   13, 0.000, 0.000, 0.170, 39
train,    1254, 203.344318,   91, 0.00,   14, 0.000, 0.000, 0.170, 39
train,    1255, 125.266379,   60, 1.00,   13, 0.000, 0.000, 0.169, 39
train,    1256, 76.729118,   46, 1.00,   10, 0.000, 0.000, 0.169, 39
train,    1257, 199.784115,   98, 0.00,   15, 0.000, 0.000, 0.169, 39
train,    1258, 212.169062,   89, 0.00,   12, 0.000, 0.000, 0.169, 39
train,    1259, 92.057964,   49, 1.00,   11, 0.000, 0.000, 0.169, 39
train,    1260, 224.059073,   70, 0.00,   13, 0.000, 0.000, 0.169, 39
update,   1260,  126,  77707, 85.028302, 0.000000
train,    1261, 234.638870,  101, 0.00,   15, 0.000, 0.000, 0.169, 39
train,    1262, 222.118419,  110, 0.00,   15, 0.000, 0.000, 0.169, 39
train,    1263, 128.541922,   77, 1.00,   11, 0.000, 0.000, 0.169, 39
train,    1264, 193.911583,  105, 0.00,   13, 0.000, 0.000, 0.169, 39
train,    1265, 44.406035,   33, 1.00,    8, 0.000, 0.000, 0.169, 39
train,    1266, 229.953373,   96, 0.00,   12, 0.000, 0.000, 0.169, 39
train,    1267, 238.579791,   90, 0.00,   13, 0.000, 0.000, 0.169, 39
train,    1268, 79.700586,   46, 1.00,   11, 0.000, 0.000, 0.169, 39
train,    1269, 99.054415,   46, 1.00,   11, 0.000, 0.000, 0.169, 39
train,    1270, 223.918647,  102, 0.00,   14, 0.000, 0.000, 0.168, 39
update,   1270,  127,  78513, 93.601542, 0.000000
train,    1271, 90.184776,   51, 1.00,    8, 0.000, 0.000, 0.168, 39
train,    1272, 232.993309,   94, 0.00,   15, 0.000, 0.000, 0.168, 39
train,    1273, 90.796578,   62, 1.00,   11, 0.000, 0.000, 0.168, 39
train,    1274, 101.256882,   47, 1.00,    9, 0.000, 0.000, 0.168, 39
train,    1275, 204.085569,  104, 0.00,   14, 0.000, 0.000, 0.168, 39
train,    1276, 195.342894,   94, 0.00,   14, 0.000, 0.000, 0.168, 39
train,    1277, 218.457858,  100, 0.00,   14, 0.000, 0.000, 0.168, 39
train,    1278, 190.148355,   90, 0.00,   15, 0.000, 0.000, 0.168, 39
train,    1279, 241.805757,   82, 0.00,   12, 0.000, 0.000, 0.168, 39
train,    1280, 97.540188,   51, 1.00,   12, 0.000, 0.000, 0.168, 40
update,   1280,  128,  79288, 93.438043, 0.000000
train,    1281, 201.295098,   90, 0.00,   12, 0.000, 0.000, 0.168, 40
train,    1282, 182.881908,  118, 0.00,   11, 0.000, 0.000, 0.168, 40
train,    1283, 61.965255,   49, 1.00,    9, 0.000, 0.000, 0.168, 40
train,    1284, 221.367626,  100, 0.00,   15, 0.000, 0.000, 0.168, 40
train,    1285, 56.934415,   49, 1.00,   10, 0.000, 0.000, 0.167, 40
train,    1286, 211.899561,  105, 0.00,   15, 0.000, 0.000, 0.167, 40
train,    1287, 100.024213,   49, 1.00,   11, 0.000, 0.000, 0.167, 40
train,    1288, 189.040169,  100, 0.00,   15, 0.000, 0.000, 0.167, 40
train,    1289, 239.844336,   79, 0.00,   14, 0.000, 0.000, 0.167, 40
train,    1290, 126.263454,   52, 1.00,   11, 0.000, 0.000, 0.167, 40
update,   1290,  129,  80079, 85.592340, 0.000000
train,    1291, 193.642088,   91, 0.00,   16, 0.000, 0.000, 0.167, 40
train,    1292, 229.080427,   91, 0.00,   15, 0.000, 0.000, 0.167, 40
train,    1293, 230.699448,   94, 0.00,   16, 0.000, 0.000, 0.167, 40
train,    1294, 235.645634,   86, 0.00,   14, 0.000, 0.000, 0.167, 40
train,    1295, 184.528078,   82, 0.00,   12, 0.000, 0.000, 0.167, 40
train,    1296, 201.470143,  102, 0.00,   13, 0.000, 0.000, 0.167, 40
train,    1297, 215.035956,   80, 0.00,   15, 0.000, 0.000, 0.167, 40
train,    1298, 73.923883,   34, 1.00,   11, 0.000, 0.000, 0.167, 40
train,    1299, 88.277844,   39, 1.00,    9, 0.000, 0.000, 0.167, 40
train,    1300, 208.968028,   94, 0.00,   14, 0.000, 0.000, 0.166, 40
update,   1300,  130,  80872, 81.376386, 0.000000
val_t, 1300, 80872, 113.373960, 0.3105,  60.1609,   0.1542, 0.5836,  24.9168, progress 0.6710
train,    1301, 199.499089,   75, 0.00,   15, 0.000, 0.000, 0.166, 40
train,    1302, 196.279215,  101, 0.00,   14, 0.000, 0.000, 0.166, 40
train,    1303, 78.627178,   41, 1.00,   11, 0.000, 0.000, 0.166, 40
train,    1304, 217.824234,   97, 0.00,   14, 0.000, 0.000, 0.166, 40
train,    1305, 219.429523,   97, 0.00,   13, 0.000, 0.000, 0.166, 40
train,    1306, 227.553275,  105, 0.00,   12, 0.000, 0.000, 0.166, 40
train,    1307, 219.361865,   89, 0.00,   12, 0.000, 0.000, 0.166, 40
train,    1308, 200.342615,   89, 0.00,   15, 0.000, 0.000, 0.166, 40
train,    1309, 32.130863,   14, 1.00,    6, 0.000, 0.000, 0.166, 40
train,    1310, 102.307999,   72, 1.00,   11, 0.000, 0.000, 0.166, 40
update,   1310,  131,  81652, 96.663533, 0.000000
train,    1311, 183.196905,   99, 0.00,   14, 0.000, 0.000, 0.166, 40
train,    1312, 112.003200,   54, 1.00,   10, 0.000, 0.000, 0.166, 40
train,    1313, 56.814420,   37, 1.00,   10, 0.000, 0.000, 0.166, 40
train,    1314, 234.080102,   97, 0.00,   16, 0.000, 0.000, 0.166, 40
train,    1315, 219.176709,   91, 0.00,   12, 0.000, 0.000, 0.165, 40
train,    1316, 188.867716,  100, 0.00,   14, 0.000, 0.000, 0.165, 40
train,    1317, 215.860853,   77, 0.00,   15, 0.000, 0.000, 0.165, 40
train,    1318, 117.379722,   67, 1.00,   11, 0.000, 0.000, 0.165, 40
train,    1319, 219.759615,   92, 0.00,   14, 0.000, 0.000, 0.165, 40
train,    1320, 104.763639,   57, 1.00,   12, 0.000, 0.000, 0.165, 40
update,   1320,  132,  82423, 114.542495, 0.000000
train,    1321, 231.975675,  106, 0.00,   16, 0.000, 0.000, 0.165, 40
train,    1322, 102.092271,   34, 1.00,   10, 0.000, 0.000, 0.165, 40
train,    1323, 45.700252,   27, 1.00,   10, 0.000, 0.000, 0.165, 40
train,    1324, 215.386138,  103, 0.00,   14, 0.000, 0.000, 0.165, 40
train,    1325, 100.647220,   39, 1.00,   12, 0.000, 0.000, 0.165, 40
train,    1326, 197.307988,   96, 0.00,   12, 0.000, 0.000, 0.165, 40
train,    1327, 195.213219,  107, 0.00,   14, 0.000, 0.000, 0.165, 40
train,    1328, 231.855576,   84, 0.00,   14, 0.000, 0.000, 0.165, 40
train,    1329, 208.231587,  104, 0.00,   11, 0.000, 0.000, 0.165, 40
train,    1330, 199.485319,   93, 0.00,   12, 0.000, 0.000, 0.164, 40
update,   1330,  133,  83216, 104.994473, 0.000000
train,    1331, 219.130914,  111, 0.00,   12, 0.000, 0.000, 0.164, 40
train,    1332, 216.860351,   93, 0.00,   14, 0.000, 0.000, 0.164, 40
train,    1333, 143.107577,   54, 1.00,   13, 0.000, 0.000, 0.164, 40
train,    1334, 232.737404,  116, 0.00,   15, 0.000, 0.000, 0.164, 40
train,    1335, 54.374257,   60, 1.00,   10, 0.000, 0.000, 0.164, 40
train,    1336, 64.604823,   33, 1.00,    9, 0.000, 0.000, 0.164, 40
train,    1337, 135.707621,   45, 1.00,   10, 0.000, 0.000, 0.164, 40
train,    1338, 202.538708,   70, 0.00,   13, 0.000, 0.000, 0.164, 40
train,    1339, 213.912289,  100, 0.00,   14, 0.000, 0.000, 0.164, 40
train,    1340, 74.575701,   33, 1.00,   10, 0.000, 0.000, 0.164, 40
update,   1340,  134,  83931, 113.210391, 0.000000
train,    1341, 128.148131,   67, 1.00,   11, 0.000, 0.000, 0.164, 40
train,    1342, 218.822389,  107, 0.00,   15, 0.000, 0.000, 0.164, 40
train,    1343, 220.857894,  102, 0.00,   15, 0.000, 0.000, 0.164, 40
train,    1344, 109.988768,   40, 1.00,   10, 0.000, 0.000, 0.164, 40
train,    1345, 225.039188,  110, 0.00,   15, 0.000, 0.000, 0.163, 40
train,    1346, 77.538940,   48, 1.00,   14, 0.000, 0.000, 0.163, 40
train,    1347, 236.016153,  110, 0.00,   15, 0.000, 0.000, 0.163, 40
train,    1348, 227.479780,   92, 0.00,   12, 0.000, 0.000, 0.163, 40
train,    1349, 100.816966,   40, 1.00,    9, 0.000, 0.000, 0.163, 40
train,    1350, 239.295484,  106, 0.00,   14, 0.000, 0.000, 0.163, 40
update,   1350,  135,  84753, 89.082007, 0.000000
train,    1351, 244.294673,  107, 0.00,   15, 0.000, 0.000, 0.163, 40
train,    1352, 218.805845,   96, 0.00,   13, 0.000, 0.000, 0.163, 40
train,    1353, 149.135273,   64, 1.00,   11, 0.000, 0.000, 0.163, 40
train,    1354, 213.152894,  108, 0.00,   15, 0.000, 0.000, 0.163, 40
train,    1355, 215.752046,   90, 0.00,   13, 0.000, 0.000, 0.163, 40
train,    1356, 238.267899,  102, 0.00,   14, 0.000, 0.000, 0.163, 40
train,    1357, 53.347473,   21, 1.00,    8, 0.000, 0.000, 0.163, 40
train,    1358, 204.036390,   89, 0.00,   14, 0.000, 0.000, 0.163, 40
train,    1359, 114.901460,   63, 1.00,   12, 0.000, 0.000, 0.163, 40
train,    1360, 231.284778,   90, 0.00,   13, 0.000, 0.000, 0.163, 40
update,   1360,  136,  85583, 100.918184, 0.000000
train,    1361, 16.082915,   18, 1.00,    9, 0.000, 0.000, 0.162, 40
train,    1362, 238.250244,  117, 0.00,   15, 0.000, 0.000, 0.162, 40
train,    1363, 242.840060,  104, 0.00,   13, 0.000, 0.000, 0.162, 40
train,    1364, 232.950013,  120, 0.00,   15, 0.000, 0.000, 0.162, 40
train,    1365, 130.955051,   40, 1.00,    9, 0.000, 0.000, 0.162, 40
train,    1366, 199.833333,   99, 0.00,   15, 0.000, 0.000, 0.162, 40
train,    1367, 171.202331,   84, 0.00,   13, 0.000, 0.000, 0.162, 40
train,    1368, 210.933298,   95, 0.00,   14, 0.000, 0.000, 0.162, 40
train,    1369, 210.954975,  104, 0.00,   13, 0.000, 0.000, 0.162, 40
train,    1370, 172.532347,   84, 0.00,   13, 0.000, 0.000, 0.162, 40
update,   1370,  137,  86448, 118.684465, 0.000000
train,    1371, 111.383372,   69, 1.00,   14, 0.000, 0.000, 0.162, 40
train,    1372, 214.845649,   88, 0.00,   13, 0.000, 0.000, 0.162, 40
train,    1373, 197.607158,  102, 0.00,   12, 0.000, 0.000, 0.162, 40
train,    1374, 228.817678,   84, 0.00,   16, 0.000, 0.000, 0.162, 40
train,    1375, 123.460787,   54, 1.00,   11, 0.000, 0.000, 0.162, 40
train,    1376, 207.104965,   94, 0.00,   14, 0.000, 0.000, 0.161, 40
train,    1377, 82.498750,   50, 1.00,    9, 0.000, 0.000, 0.161, 40
train,    1378, 223.685165,  119, 0.00,   13, 0.000, 0.000, 0.161, 40
train,    1379, 183.367033,   94, 0.00,   14, 0.000, 0.000, 0.161, 40
train,    1380, 100.331470,   56, 1.00,   11, 0.000, 0.000, 0.161, 40
update,   1380,  138,  87258, 113.257995, 0.000000
train,    1381, 201.527536,  106, 0.00,   14, 0.000, 0.000, 0.161, 40
train,    1382, 209.021184,  113, 0.00,   15, 0.000, 0.000, 0.161, 40
train,    1383, 219.902060,  105, 0.00,   12, 0.000, 0.000, 0.161, 40
train,    1384, 85.335822,   65, 1.00,    9, 0.000, 0.000, 0.161, 40
train,    1385, 212.270283,  110, 0.00,   13, 0.000, 0.000, 0.161, 40
train,    1386, 73.873224,   35, 1.00,   10, 0.000, 0.000, 0.161, 40
train,    1387, 60.665208,   48, 1.00,   11, 0.000, 0.000, 0.161, 40
train,    1388, 212.059530,   86, 0.00,   15, 0.000, 0.000, 0.161, 40
train,    1389, 74.595639,   52, 1.00,    9, 0.000, 0.000, 0.161, 40
train,    1390, 200.467526,   85, 0.00,   14, 0.000, 0.000, 0.161, 40
update,   1390,  139,  88063, 107.933015, 0.000000
train,    1391, 81.176660,   50, 1.00,   10, 0.000, 0.000, 0.160, 40
train,    1392, 232.758682,   99, 0.00,   14, 0.000, 0.000, 0.160, 40
train,    1393, 170.460136,  104, 0.00,   12, 0.000, 0.000, 0.160, 40
train,    1394, 185.641756,   99, 0.00,   13, 0.000, 0.000, 0.160, 40
train,    1395, 195.643129,  106, 0.00,   12, 0.000, 0.000, 0.160, 40
train,    1396, 217.917554,  120, 0.00,   15, 0.000, 0.000, 0.160, 40
train,    1397, 194.961654,   92, 0.00,   13, 0.000, 0.000, 0.160, 40
train,    1398, 188.901286,  111, 0.00,   13, 0.000, 0.000, 0.160, 40
train,    1399, 58.491232,   35, 1.00,   10, 0.000, 0.000, 0.160, 40
train,    1400, 210.568386,  110, 0.00,   14, 0.000, 0.000, 0.160, 40
update,   1400,  140,  88989, 114.967204, 0.000000
val_t, 1400, 88989, 86.883714, 0.2523,  59.6286,   0.1601, 0.6338,  25.0312, progress 0.7073
train,    1401, 196.699840,   85, 0.00,   15, 0.000, 0.000, 0.160, 40
train,    1402, 228.700949,  105, 0.00,   15, 0.000, 0.000, 0.160, 40
train,    1403, 185.696572,  115, 0.00,   13, 0.000, 0.000, 0.160, 40
train,    1404, 123.734442,   61, 1.00,   10, 0.000, 0.000, 0.160, 40
train,    1405, 134.416000,   67, 1.00,   11, 0.000, 0.000, 0.160, 40
train,    1406, 232.228072,   99, 0.00,   14, 0.000, 0.000, 0.160, 40
train,    1407, 215.581204,  105, 0.00,   14, 0.000, 0.000, 0.159, 40
train,    1408, 242.096450,   97, 0.00,   12, 0.000, 0.000, 0.159, 40
train,    1409, 103.250162,   28, 1.00,   10, 0.000, 0.000, 0.159, 40
train,    1410, 234.655078,   97, 0.00,   14, 0.000, 0.000, 0.159, 40
update,   1410,  141,  89848, 116.261800, 0.000000
train,    1411, 238.745080,  119, 0.00,   13, 0.000, 0.000, 0.159, 40
train,    1412, 215.777693,  101, 0.00,   13, 0.000, 0.000, 0.159, 40
train,    1413, 241.744212,  105, 0.00,   15, 0.000, 0.000, 0.159, 40
train,    1414, 60.805448,   59, 1.00,   10, 0.000, 0.000, 0.159, 40
train,    1415, 120.162350,   72, 1.00,   10, 0.000, 0.000, 0.159, 40
train,    1416, 216.935582,   97, 0.00,   14, 0.000, 0.000, 0.159, 40
train,    1417, 185.790752,   95, 0.00,   14, 0.000, 0.000, 0.159, 40
train,    1418, 176.060320,   96, 0.00,   13, 0.000, 0.000, 0.159, 40
train,    1419, 210.124893,   93, 0.00,   15, 0.000, 0.000, 0.159, 40
train,    1420, 78.175132,   53, 1.00,   12, 0.000, 0.000, 0.159, 40
update,   1420,  142,  90738, 123.890237, 0.000000
train,    1421, 212.593487,  103, 0.00,   13, 0.000, 0.000, 0.159, 40
train,    1422, 216.853754,  103, 0.00,   14, 0.000, 0.000, 0.159, 40
train,    1423, 204.571960,  117, 0.00,   13, 0.000, 0.000, 0.158, 40
train,    1424, 64.852744,   37, 1.00,    8, 0.000, 0.000, 0.158, 40
train,    1425, 189.479483,  120, 0.00,   13, 0.000, 0.000, 0.158, 40
train,    1426, 225.904887,  110, 0.00,   13, 0.000, 0.000, 0.158, 40
train,    1427, 197.050938,   98, 0.00,   13, 0.000, 0.000, 0.158, 40
train,    1428, 243.266679,  102, 0.00,   13, 0.000, 0.000, 0.158, 40
train,    1429, 143.185049,   69, 1.00,   12, 0.000, 0.000, 0.158, 40
train,    1430, 105.559475,   49, 1.00,   12, 0.000, 0.000, 0.158, 40
update,   1430,  143,  91646, 128.641744, 0.000000
train,    1431, 254.883692,  108, 0.00,   14, 0.000, 0.000, 0.158, 40
train,    1432, 231.897577,  102, 0.00,   14, 0.000, 0.000, 0.158, 40
train,    1433, 113.664000,   49, 1.00,   10, 0.000, 0.000, 0.158, 40
train,    1434, 189.068717,  107, 0.00,   12, 0.000, 0.000, 0.158, 40
train,    1435, 90.503566,   42, 1.00,    9, 0.000, 0.000, 0.158, 40
train,    1436, 184.824289,   98, 0.00,   13, 0.000, 0.000, 0.158, 40
train,    1437, 64.996283,   45, 1.00,   12, 0.000, 0.000, 0.158, 40
train,    1438, 103.045752,   53, 1.00,   12, 0.000, 0.000, 0.158, 40
train,    1439, 207.307878,   97, 0.00,   13, 0.000, 0.000, 0.157, 40
train,    1440, 219.055291,  107, 0.00,   12, 0.000, 0.000, 0.157, 41
update,   1440,  144,  92454, 137.912889, 0.000000
train,    1441, 221.281097,  107, 0.00,   12, 0.000, 0.000, 0.157, 41
train,    1442, 197.374145,  116, 0.00,   14, 0.000, 0.000, 0.157, 41
train,    1443, 201.814272,  120, 0.00,   12, 0.000, 0.000, 0.157, 41
train,    1444, 190.748341,  104, 0.00,   14, 0.000, 0.000, 0.157, 41
train,    1445, 90.610750,   56, 1.00,   13, 0.000, 0.000, 0.157, 41
train,    1446, 53.482479,   44, 1.00,    9, 0.000, 0.000, 0.157, 41
train,    1447, 210.177626,  108, 0.00,   12, 0.000, 0.000, 0.157, 41
train,    1448, 205.836916,  120, 0.00,   13, 0.000, 0.000, 0.157, 41
train,    1449, 188.348526,   98, 0.00,   13, 0.000, 0.000, 0.157, 41
train,    1450, 123.521547,   65, 1.00,   13, 0.000, 0.000, 0.157, 41
update,   1450,  145,  93392, 125.814875, 0.000000
train,    1451, 206.401168,  105, 0.00,   13, 0.000, 0.000, 0.157, 41
train,    1452, 119.451510,   54, 1.00,   10, 0.000, 0.000, 0.157, 41
train,    1453, 217.773761,  105, 0.00,   13, 0.000, 0.000, 0.157, 41
train,    1454, 191.848876,  113, 0.00,   12, 0.000, 0.000, 0.157, 41
train,    1455, 84.333231,   45, 1.00,   10, 0.000, 0.000, 0.156, 41
train,    1456, 111.963758,   56, 1.00,   11, 0.000, 0.000, 0.156, 41
train,    1457, 192.364073,  120, 0.00,   13, 0.000, 0.000, 0.156, 41
train,    1458, 175.010995,  114, 0.00,   12, 0.000, 0.000, 0.156, 41
train,    1459, 203.938538,  102, 0.00,   13, 0.000, 0.000, 0.156, 41
train,    1460, 204.356583,   84, 0.00,   13, 0.000, 0.000, 0.156, 41
update,   1460,  146,  94290, 112.728001, 0.000000
train,    1461, 224.791479,  107, 0.00,   12, 0.000, 0.000, 0.156, 41
train,    1462, 217.334210,   94, 0.00,   13, 0.000, 0.000, 0.156, 41
train,    1463, 216.287417,  116, 0.00,   14, 0.000, 0.000, 0.156, 41
train,    1464, 214.132804,   97, 0.00,   12, 0.000, 0.000, 0.156, 41
train,    1465, 221.038402,  111, 0.00,   14, 0.000, 0.000, 0.156, 41
train,    1466, 223.737812,   98, 0.00,   13, 0.000, 0.000, 0.156, 41
train,    1467, 244.165048,  118, 0.00,   14, 0.000, 0.000, 0.156, 41
train,    1468, 185.285551,   92, 0.00,   14, 0.000, 0.000, 0.156, 41
train,    1469, 210.031236,   92, 0.00,   15, 0.000, 0.000, 0.156, 41
train,    1470, 223.701853,  109, 0.00,   15, 0.000, 0.000, 0.156, 41
update,   1470,  147,  95324, 125.678089, 0.000000
train,    1471, 222.104409,  105, 0.00,   13, 0.000, 0.000, 0.155, 41
train,    1472, 145.720095,   81, 1.00,   12, 0.000, 0.000, 0.155, 41
train,    1473, 145.943922,   73, 1.00,   11, 0.000, 0.000, 0.155, 41
train,    1474, 79.701904,   49, 1.00,   10, 0.000, 0.000, 0.155, 41
train,    1475, 203.774136,  107, 0.00,   14, 0.000, 0.000, 0.155, 41
train,    1476, 129.615221,   56, 1.00,   11, 0.000, 0.000, 0.155, 41
train,    1477, 86.916927,   44, 1.00,   12, 0.000, 0.000, 0.155, 41
train,    1478, 132.321966,   62, 1.00,   11, 0.000, 0.000, 0.155, 41
train,    1479, 205.885771,  103, 0.00,   13, 0.000, 0.000, 0.155, 41
train,    1480, 205.399396,  108, 0.00,   13, 0.000, 0.000, 0.155, 41
update,   1480,  148,  96112, 108.736541, 0.000000
train,    1481, 191.170055,  102, 0.00,   14, 0.000, 0.000, 0.155, 41
train,    1482, 211.225150,  104, 0.00,   14, 0.000, 0.000, 0.155, 41
train,    1483, 201.499749,  115, 0.00,   14, 0.000, 0.000, 0.155, 41
train,    1484, 220.448177,   96, 0.00,   16, 0.000, 0.000, 0.155, 41
train,    1485, 212.151721,   85, 0.00,   14, 0.000, 0.000, 0.155, 41
train,    1486, 201.675921,  100, 0.00,   13, 0.000, 0.000, 0.155, 41
train,    1487, 195.163916,   96, 0.00,   13, 0.000, 0.000, 0.154, 41
train,    1488, 218.351175,  105, 0.00,   13, 0.000, 0.000, 0.154, 41
train,    1489, 143.349118,   67, 1.00,   11, 0.000, 0.000, 0.154, 41
train,    1490, 109.022895,   56, 1.00,   10, 0.000, 0.000, 0.154, 41
update,   1490,  149,  97038, 151.547149, 0.000000
train,    1491, 202.098494,  111, 0.00,   12, 0.000, 0.000, 0.154, 41
train,    1492, 124.161052,   73, 1.00,    9, 0.000, 0.000, 0.154, 41
train,    1493, 218.321627,  112, 0.00,   14, 0.000, 0.000, 0.154, 41
train,    1494, 95.233675,   60, 1.00,   13, 0.000, 0.000, 0.154, 41
train,    1495, 84.395629,   61, 1.00,   10, 0.000, 0.000, 0.154, 41
train,    1496, 167.556576,  119, 0.00,   13, 0.000, 0.000, 0.154, 41
train,    1497, 204.145176,  119, 0.00,   13, 0.000, 0.000, 0.154, 41
train,    1498, 218.964102,  114, 0.00,   13, 0.000, 0.000, 0.154, 41
train,    1499, 54.762834,   32, 1.00,    9, 0.000, 0.000, 0.154, 41
train,    1500, 199.108986,  120, 0.00,   13, 0.000, 0.000, 0.154, 41
update,   1500,  150,  97959, 127.109152, 0.000000
val_t, 1500, 97959, 112.081794, 0.1999,  64.6228,   0.1924, 0.5986,  25.4489, progress 0.7367
train,    1501, 198.621734,   81, 0.00,   14, 0.000, 0.000, 0.154, 41
train,    1502, 178.798050,  108, 0.00,   13, 0.000, 0.000, 0.154, 41
train,    1503, 102.979105,   64, 1.00,   12, 0.000, 0.000, 0.153, 41
train,    1504, 230.096446,  104, 0.00,   12, 0.000, 0.000, 0.153, 41
train,    1505, 242.613857,   94, 0.00,   13, 0.000, 0.000, 0.153, 41
train,    1506, 204.917813,   96, 0.00,   14, 0.000, 0.000, 0.153, 41
train,    1507, 80.517348,   56, 1.00,   10, 0.000, 0.000, 0.153, 41
train,    1508, 196.562120,  110, 0.00,   13, 0.000, 0.000, 0.153, 41
train,    1509, 89.217656,   58, 1.00,    8, 0.000, 0.000, 0.153, 41
train,    1510, 194.873269,   88, 0.00,   13, 0.000, 0.000, 0.153, 41
update,   1510,  151,  98818, 135.192645, 0.000000
train,    1511, 214.783425,  107, 0.00,   15, 0.000, 0.000, 0.153, 41
train,    1512, 120.340405,   40, 1.00,    9, 0.000, 0.000, 0.153, 41
train,    1513, 22.547117,   33, 1.00,   10, 0.000, 0.000, 0.153, 41
train,    1514, 107.724624,   57, 1.00,   13, 0.000, 0.000, 0.153, 41
train,    1515, 208.905788,   97, 0.00,   14, 0.000, 0.000, 0.153, 41
train,    1516, 147.527110,   57, 1.00,    9, 0.000, 0.000, 0.153, 41
train,    1517, 227.523722,  119, 0.00,   15, 0.000, 0.000, 0.153, 41
train,    1518, 224.465501,  120, 0.00,   14, 0.000, 0.000, 0.153, 41
train,    1519, 174.467210,   89, 0.00,   11, 0.000, 0.000, 0.152, 41
train,    1520, 216.141812,  110, 0.00,   14, 0.000, 0.000, 0.152, 41
update,   1520,  152,  99647, 136.314169, 0.000000
train,    1521, 213.812951,   97, 0.00,   13, 0.000, 0.000, 0.152, 41
train,    1522, 57.550497,   58, 1.00,   10, 0.000, 0.000, 0.152, 41
train,    1523, 190.450498,  105, 0.00,   13, 0.000, 0.000, 0.152, 41
train,    1524, 188.085223,   88, 0.00,   14, 0.000, 0.000, 0.152, 41
train,    1525, 212.725230,   96, 0.00,   15, 0.000, 0.000, 0.152, 41
train,    1526, 192.710605,  103, 0.00,   16, 0.000, 0.000, 0.152, 41
train,    1527, 72.261139,   44, 1.00,   10, 0.000, 0.000, 0.152, 41
train,    1528, 233.594250,  101, 0.00,   15, 0.000, 0.000, 0.152, 41
train,    1529, 230.751943,  120, 0.00,   12, 0.000, 0.000, 0.152, 41
train,    1530, 87.812162,   47, 1.00,   11, 0.000, 0.000, 0.152, 41
update,   1530,  153, 100506, 128.959003, 0.000000
train,    1531, 207.766535,  113, 0.00,   12, 0.000, 0.000, 0.152, 41
train,    1532, 103.069697,   47, 1.00,   12, 0.000, 0.000, 0.152, 41
train,    1533, 84.383951,   48, 1.00,   10, 0.000, 0.000, 0.152, 41
train,    1534, 92.741371,   49, 1.00,   10, 0.000, 0.000, 0.152, 41
train,    1535, 108.765284,   63, 1.00,   10, 0.000, 0.000, 0.152, 41
train,    1536, 115.994263,   55, 1.00,   12, 0.000, 0.000, 0.151, 41
train,    1537, 213.796718,  120, 0.00,   15, 0.000, 0.000, 0.151, 41
train,    1538, 89.665138,   60, 1.00,    9, 0.000, 0.000, 0.151, 41
train,    1539, 237.311990,  116, 0.00,   13, 0.000, 0.000, 0.151, 41
train,    1540, 202.526069,  120, 0.00,   13, 0.000, 0.000, 0.151, 41
update,   1540,  154, 101297, 118.526734, 0.000000
train,    1541, 86.455816,   47, 1.00,    9, 0.000, 0.000, 0.151, 41
train,    1542, 221.795777,  110, 0.00,   14, 0.000, 0.000, 0.151, 41
train,    1543, 203.510928,  104, 0.00,   13, 0.000, 0.000, 0.151, 41
train,    1544, 234.512577,  120, 0.00,   13, 0.000, 0.000, 0.151, 41
train,    1545, 219.584033,  104, 0.00,   14, 0.000, 0.000, 0.151, 41
train,    1546, 231.152435,  120, 0.00,   15, 0.000, 0.000, 0.151, 41
train,    1547, 219.568488,   85, 0.00,   14, 0.000, 0.000, 0.151, 41
train,    1548, 180.601909,  109, 0.00,   13, 0.000, 0.000, 0.151, 41
train,    1549, 120.589403,   54, 1.00,   11, 0.000, 0.000, 0.151, 41
train,    1550, 189.786815,  119, 0.00,   15, 0.000, 0.000, 0.151, 41
update,   1550,  155, 102269, 124.928458, 0.000000
train,    1551, 212.295445,  119, 0.00,   14, 0.000, 0.000, 0.151, 41
train,    1552, 77.554234,   57, 1.00,   10, 0.000, 0.000, 0.150, 41
train,    1553, 228.521183,  112, 0.00,   12, 0.000, 0.000, 0.150, 41
train,    1554, 121.749481,   48, 1.00,   12, 0.000, 0.000, 0.150, 41
train,    1555, 211.987562,   98, 0.00,   12, 0.000, 0.000, 0.150, 41
train,    1556, 185.517459,  106, 0.00,   15, 0.000, 0.000, 0.150, 41
train,    1557, 217.106836,  120, 0.00,   13, 0.000, 0.000, 0.150, 41
train,    1558, 67.755997,   45, 1.00,   11, 0.000, 0.000, 0.150, 41
train,    1559, 205.726137,  101, 0.00,   13, 0.000, 0.000, 0.150, 41
train,    1560, 189.077289,   96, 0.00,   14, 0.000, 0.000, 0.150, 41
update,   1560,  156, 103171, 114.545717, 0.000000
train,    1561, 231.286428,   94, 0.00,   15, 0.000, 0.000, 0.150, 41
train,    1562, 220.330051,  113, 0.00,   12, 0.000, 0.000, 0.150, 41
train,    1563, 198.158163,  119, 0.00,   13, 0.000, 0.000, 0.150, 41
train,    1564, 220.993534,  106, 0.00,   15, 0.000, 0.000, 0.150, 41
train,    1565, 246.780964,  108, 0.00,   14, 0.000, 0.000, 0.150, 41
train,    1566, 83.577787,   48, 1.00,   10, 0.000, 0.000, 0.150, 41
train,    1567, 190.968597,  117, 0.00,   15, 0.000, 0.000, 0.150, 41
train,    1568, 73.843093,   49, 1.00,   11, 0.000, 0.000, 0.150, 41
train,    1569, 200.228106,  118, 0.00,   13, 0.000, 0.000, 0.149, 41
train,    1570, 215.626850,  120, 0.00,   11, 0.000, 0.000, 0.149, 41
update,   1570,  157, 104163, 142.440148, 0.000000
train,    1571, 193.165910,  117, 0.00,   14, 0.000, 0.000, 0.149, 41
train,    1572, 201.104527,   95, 0.00,   13, 0.000, 0.000, 0.149, 41
train,    1573, 219.637749,  120, 0.00,   13, 0.000, 0.000, 0.149, 41
train,    1574, 207.255795,  115, 0.00,   14, 0.000, 0.000, 0.149, 41
train,    1575, 205.662500,  120, 0.00,   13, 0.000, 0.000, 0.149, 41
train,    1576, 185.432414,  101, 0.00,   14, 0.000, 0.000, 0.149, 41
train,    1577, 109.885788,   54, 1.00,   10, 0.000, 0.000, 0.149, 41
train,    1578, 78.105562,   49, 1.00,   10, 0.000, 0.000, 0.149, 41
train,    1579, 250.497629,  110, 0.00,   12, 0.000, 0.000, 0.149, 41
train,    1580, 229.916540,   98, 0.00,   13, 0.000, 0.000, 0.149, 41
update,   1580,  158, 105142, 147.831607, 0.000000
train,    1581, 100.176747,   63, 1.00,   11, 0.000, 0.000, 0.149, 41
train,    1582, 118.690272,   68, 1.00,   12, 0.000, 0.000, 0.149, 41
train,    1583, 214.611147,  120, 0.00,   13, 0.000, 0.000, 0.149, 41
train,    1584, 119.072542,   51, 1.00,   10, 0.000, 0.000, 0.149, 41
train,    1585, 184.839593,  109, 0.00,   14, 0.000, 0.000, 0.149, 41
train,    1586, 104.256758,   60, 1.00,   10, 0.000, 0.000, 0.148, 41
train,    1587, 201.712487,  101, 0.00,   13, 0.000, 0.000, 0.148, 41
train,    1588, 72.959916,   67, 1.00,   10, 0.000, 0.000, 0.148, 41
train,    1589, 237.578868,  103, 0.00,   13, 0.000, 0.000, 0.148, 41
train,    1590, 249.925284,  118, 0.00,   12, 0.000, 0.000, 0.148, 41
update,   1590,  159, 106002, 131.667995, 0.000000
train,    1591, 99.930669,   49, 1.00,    9, 0.000, 0.000, 0.148, 41
train,    1592, 113.899947,   64, 1.00,   11, 0.000, 0.000, 0.148, 41
train,    1593, 113.957530,   51, 1.00,   12, 0.000, 0.000, 0.148, 41
train,    1594, 130.432519,   73, 1.00,   11, 0.000, 0.000, 0.148, 41
train,    1595, 216.973845,  109, 0.00,   15, 0.000, 0.000, 0.148, 41
train,    1596, 232.457041,  114, 0.00,   12, 0.000, 0.000, 0.148, 41
train,    1597, 86.566236,   73, 1.00,   15, 0.000, 0.000, 0.148, 41
train,    1598, 90.425924,   40, 1.00,    9, 0.000, 0.000, 0.148, 41
train,    1599, 103.466442,   43, 1.00,   10, 0.000, 0.000, 0.148, 41
train,    1600, 39.831602,   38, 1.00,   10, 0.000, 0.000, 0.148, 42
update,   1600,  160, 106656, 120.094875, 0.000000
val_t, 1600, 106656, 119.140605, 0.1817,  63.5329,   0.1309, 0.6930,  25.8997, progress 0.7242
train,    1601, 124.326576,   55, 1.00,   11, 0.000, 0.000, 0.148, 42
train,    1602, 198.827642,  120, 0.00,   13, 0.000, 0.000, 0.148, 42
train,    1603, 84.722357,   43, 1.00,   12, 0.000, 0.000, 0.147, 42
train,    1604, 207.610134,  116, 0.00,   11, 0.000, 0.000, 0.147, 42
train,    1605, 209.345417,  113, 0.00,   13, 0.000, 0.000, 0.147, 42
train,    1606, 204.270754,  105, 0.00,   12, 0.000, 0.000, 0.147, 42
train,    1607, 180.855014,   92, 0.00,   11, 0.000, 0.000, 0.147, 42
train,    1608, 138.277221,   51, 1.00,    9, 0.000, 0.000, 0.147, 42
train,    1609, 58.284174,   37, 1.00,   10, 0.000, 0.000, 0.147, 42
train,    1610, 186.718134,  120, 0.00,   12, 0.000, 0.000, 0.147, 42
update,   1610,  161, 107508, 124.405345, 0.000000
train,    1611, 214.688370,  108, 0.00,   14, 0.000, 0.000, 0.147, 42
train,    1612, 138.960735,   78, 1.00,   12, 0.000, 0.000, 0.147, 42
train,    1613, 190.333800,  118, 0.00,   15, 0.000, 0.000, 0.147, 42
train,    1614, 244.662273,  108, 0.00,   13, 0.000, 0.000, 0.147, 42
train,    1615, 91.484165,   67, 1.00,   11, 0.000, 0.000, 0.147, 42
train,    1616, 92.679504,   55, 1.00,   11, 0.000, 0.000, 0.147, 42
train,    1617, 223.799038,   81, 0.00,   13, 0.000, 0.000, 0.147, 42
train,    1618, 86.342602,   60, 1.00,   12, 0.000, 0.000, 0.147, 42
train,    1619, 219.090999,  110, 0.00,   12, 0.000, 0.000, 0.147, 42
train,    1620, 209.418101,  120, 0.00,   12, 0.000, 0.000, 0.146, 42
update,   1620,  162, 108413, 131.245593, 0.000000
train,    1621, 233.628053,   96, 0.00,   16, 0.000, 0.000, 0.146, 42
train,    1622, 91.438230,   77, 1.00,   13, 0.000, 0.000, 0.146, 42
train,    1623, 217.190066,   97, 0.00,   13, 0.000, 0.000, 0.146, 42
train,    1624, 243.190250,  108, 0.00,   15, 0.000, 0.000, 0.146, 42
train,    1625, 203.372689,  109, 0.00,   16, 0.000, 0.000, 0.146, 42
train,    1626, 71.327029,   53, 1.00,    9, 0.000, 0.000, 0.146, 42
train,    1627, 229.590692,  105, 0.00,   16, 0.000, 0.000, 0.146, 42
train,    1628, 219.763429,  115, 0.00,   12, 0.000, 0.000, 0.146, 42
train,    1629, 123.586659,   48, 1.00,   11, 0.000, 0.000, 0.146, 42
train,    1630, 197.591899,  102, 0.00,   15, 0.000, 0.000, 0.146, 42
update,   1630,  163, 109323, 142.430523, 0.000000
train,    1631, 186.295848,  120, 0.00,   14, 0.000, 0.000, 0.146, 42
train,    1632, 239.521292,  115, 0.00,   14, 0.000, 0.000, 0.146, 42
train,    1633, 182.819949,  119, 0.00,   11, 0.000, 0.000, 0.146, 42
train,    1634, 61.767245,   24, 1.00,   10, 0.000, 0.000, 0.146, 42
train,    1635, 215.713209,   98, 0.00,   13, 0.000, 0.000, 0.146, 42
train,    1636, 227.803212,  119, 0.00,   11, 0.000, 0.000, 0.146, 42
train,    1637, 100.088552,   51, 1.00,   11, 0.000, 0.000, 0.145, 42
train,    1638, 209.577947,  108, 0.00,   14, 0.000, 0.000, 0.145, 42
train,    1639, 128.618967,   67, 1.00,   10, 0.000, 0.000, 0.145, 42
train,    1640, 106.060558,   63, 1.00,   11, 0.000, 0.000, 0.145, 42
update,   1640,  164, 110207, 114.454356, 0.000000
train,    1641, 100.272209,   56, 1.00,   10, 0.000, 0.000, 0.145, 42
train,    1642, 226.956086,   86, 0.00,   16, 0.000, 0.000, 0.145, 42
train,    1643, 199.817024,  120, 0.00,   12, 0.000, 0.000, 0.145, 42
train,    1644, 222.028908,  119, 0.00,   14, 0.000, 0.000, 0.145, 42
train,    1645, 203.706426,   88, 0.00,   14, 0.000, 0.000, 0.145, 42
train,    1646, 218.170938,  103, 0.00,   13, 0.000, 0.000, 0.145, 42
train,    1647, 228.398825,  104, 0.00,   16, 0.000, 0.000, 0.145, 42
train,    1648, 206.161497,   95, 0.00,   12, 0.000, 0.000, 0.145, 42
train,    1649, 2.957988,    4, 1.00,    9, 0.000, 0.000, 0.145, 42
train,    1650, 79.952736,   61, 1.00,   11, 0.000, 0.000, 0.145, 42
update,   1650,  165, 111043, 141.132077, 0.000000
train,    1651, 223.085096,  106, 0.00,   12, 0.000, 0.000, 0.145, 42
train,    1652, 199.268990,  120, 0.00,   13, 0.000, 0.000, 0.145, 42
train,    1653, 238.428265,  120, 0.00,   14, 0.000, 0.000, 0.145, 42
train,    1654, 207.738522,  105, 0.00,   13, 0.000, 0.000, 0.144, 42
train,    1655, 193.837043,  108, 0.00,   13, 0.000, 0.000, 0.144, 42
train,    1656, 238.698874,  114, 0.00,   14, 0.000, 0.000, 0.144, 42
train,    1657, 82.006429,   55, 1.00,   11, 0.000, 0.000, 0.144, 42
train,    1658, 198.071690,   92, 0.00,   13, 0.000, 0.000, 0.144, 42
train,    1659, 44.223302,   35, 1.00,    9, 0.000, 0.000, 0.144, 42
train,    1660, 201.995589,   85, 0.00,   14, 0.000, 0.000, 0.144, 42
update,   1660,  166, 111983, 103.367144, 0.000000
train,    1661, 201.059584,   95, 0.00,   16, 0.000, 0.000, 0.144, 42
train,    1662, 107.014904,   59, 1.00,   12, 0.000, 0.000, 0.144, 42
train,    1663, 201.614214,  120, 0.00,   13, 0.000, 0.000, 0.144, 42
train,    1664, 129.247210,   47, 1.00,   10, 0.000, 0.000, 0.144, 42
train,    1665, 229.086731,   88, 0.00,   12, 0.000, 0.000, 0.144, 42
train,    1666, 237.844600,  120, 0.00,   13, 0.000, 0.000, 0.144, 42
train,    1667, 222.402765,   86, 0.00,   13, 0.000, 0.000, 0.144, 42
train,    1668, 231.857047,   97, 0.00,   12, 0.000, 0.000, 0.144, 42
train,    1669, 211.230432,  108, 0.00,   14, 0.000, 0.000, 0.144, 42
train,    1670, 185.716659,   95, 0.00,   12, 0.000, 0.000, 0.144, 42
update,   1670,  167, 112898, 120.705519, 0.000000
train,    1671, 219.426893,  113, 0.00,   15, 0.000, 0.000, 0.143, 42
train,    1672, 8.129878,   31, 1.00,    8, 0.000, 0.000, 0.143, 42
train,    1673, 221.803263,  105, 0.00,   11, 0.000, 0.000, 0.143, 42
train,    1674, 211.102938,   96, 0.00,   12, 0.000, 0.000, 0.143, 42
train,    1675, 227.881578,  111, 0.00,   13, 0.000, 0.000, 0.143, 42
train,    1676, 213.485764,  108, 0.00,   15, 0.000, 0.000, 0.143, 42
train,    1677, 157.466912,   63, 1.00,   13, 0.000, 0.000, 0.143, 42
train,    1678, 228.950009,  101, 0.00,   16, 0.000, 0.000, 0.143, 42
train,    1679, 241.668123,  115, 0.00,   14, 0.000, 0.000, 0.143, 42
train,    1680, 207.470456,  110, 0.00,   14, 0.000, 0.000, 0.143, 42
update,   1680,  168, 113851, 119.645601, 0.000000
train,    1681, 75.598882,   49, 1.00,   13, 0.000, 0.000, 0.143, 42
train,    1682, 75.390647,   46, 1.00,   11, 0.000, 0.000, 0.143, 42
train,    1683, 192.737158,  111, 0.00,   14, 0.000, 0.000, 0.143, 42
train,    1684, 218.514101,  100, 0.00,   14, 0.000, 0.000, 0.143, 42
train,    1685, 203.554162,  100, 0.00,   15, 0.000, 0.000, 0.143, 42
train,    1686, 213.007040,  109, 0.00,   14, 0.000, 0.000, 0.143, 42
train,    1687, 113.646768,   55, 1.00,   11, 0.000, 0.000, 0.143, 42
train,    1688, 225.308867,  111, 0.00,   15, 0.000, 0.000, 0.143, 42
train,    1689, 214.886541,  104, 0.00,   14, 0.000, 0.000, 0.142, 42
train,    1690, 248.533149,   94, 0.00,   14, 0.000, 0.000, 0.142, 42
update,   1690,  169, 114730, 121.876856, 0.000000
train,    1691, 75.189856,   37, 1.00,    8, 0.000, 0.000, 0.142, 42
train,    1692, 205.831721,   88, 0.00,   13, 0.000, 0.000, 0.142, 42
train,    1693, 106.500986,   58, 1.00,   11, 0.000, 0.000, 0.142, 42
train,    1694, 230.578642,  105, 0.00,   15, 0.000, 0.000, 0.142, 42
train,    1695, 220.824753,  107, 0.00,   16, 0.000, 0.000, 0.142, 42
train,    1696, 73.159432,   50, 1.00,    9, 0.000, 0.000, 0.142, 42
train,    1697, 170.659282,   95, 0.00,   12, 0.000, 0.000, 0.142, 42
train,    1698, 63.081464,   31, 1.00,   11, 0.000, 0.000, 0.142, 42
train,    1699, 147.271338,   58, 1.00,   11, 0.000, 0.000, 0.142, 42
train,    1700, 191.856698,   99, 0.00,   12, 0.000, 0.000, 0.142, 42
update,   1700,  170, 115458, 128.558315, 0.000000
val_t, 1700, 115458, 142.061031, 0.1922,  68.7306,   0.1384, 0.6829,  25.4376, progress 0.7205
train,    1701, 226.157164,  100, 0.00,   15, 0.000, 0.000, 0.142, 42
train,    1702, 105.504875,   65, 1.00,   12, 0.000, 0.000, 0.142, 42
train,    1703, 244.137090,  107, 0.00,   15, 0.000, 0.000, 0.142, 42
train,    1704, 221.037621,  116, 0.00,   14, 0.000, 0.000, 0.142, 42
train,    1705, 133.782604,   56, 1.00,    9, 0.000, 0.000, 0.142, 42
train,    1706, 187.308147,   94, 0.00,   14, 0.000, 0.000, 0.141, 42
train,    1707, 213.684333,  102, 0.00,   13, 0.000, 0.000, 0.141, 42
train,    1708, 224.867921,   94, 0.00,   11, 0.000, 0.000, 0.141, 42
train,    1709, 218.383312,   85, 0.00,   16, 0.000, 0.000, 0.141, 42
train,    1710, 205.807714,  112, 0.00,   14, 0.000, 0.000, 0.141, 42
update,   1710,  171, 116389, 109.480322, 0.000000
train,    1711, 58.446509,   49, 1.00,   12, 0.000, 0.000, 0.141, 42
train,    1712, 194.777068,  114, 0.00,   13, 0.000, 0.000, 0.141, 42
train,    1713, 237.039000,   99, 0.00,   11, 0.000, 0.000, 0.141, 42
train,    1714, 89.564609,   44, 1.00,   11, 0.000, 0.000, 0.141, 42
train,    1715, 87.890826,   49, 1.00,    8, 0.000, 0.000, 0.141, 42
train,    1716, 214.644306,  118, 0.00,   12, 0.000, 0.000, 0.141, 42
train,    1717, 70.327541,   60, 1.00,   11, 0.000, 0.000, 0.141, 42
train,    1718, 26.735929,   20, 1.00,   14, 0.000, 0.000, 0.141, 42
train,    1719, 194.773051,   92, 0.00,   13, 0.000, 0.000, 0.141, 42
train,    1720, 206.418714,   97, 0.00,   12, 0.000, 0.000, 0.141, 42
update,   1720,  172, 117131, 111.712273, 0.000000
train,    1721, 205.756280,  103, 0.00,   13, 0.000, 0.000, 0.141, 42
train,    1722, 214.470267,  107, 0.00,   14, 0.000, 0.000, 0.141, 42
train,    1723, 213.860957,   81, 0.00,   12, 0.000, 0.000, 0.141, 42
train,    1724, 200.689167,  101, 0.00,   15, 0.000, 0.000, 0.140, 42
train,    1725, 202.809051,   82, 0.00,   11, 0.000, 0.000, 0.140, 42
train,    1726, 117.209040,   62, 1.00,   13, 0.000, 0.000, 0.140, 42
train,    1727, 173.679526,  103, 0.00,   13, 0.000, 0.000, 0.140, 42
train,    1728, 106.797303,   40, 1.00,   10, 0.000, 0.000, 0.140, 42
train,    1729, 203.915791,  105, 0.00,   13, 0.000, 0.000, 0.140, 42
train,    1730, 223.732847,  107, 0.00,   15, 0.000, 0.000, 0.140, 42
update,   1730,  173, 118022, 129.200653, 0.000000
train,    1731, 58.675470,   52, 1.00,    6, 0.000, 0.000, 0.140, 42
train,    1732, 190.430161,  110, 0.00,   12, 0.000, 0.000, 0.140, 42
train,    1733, 220.518270,   86, 0.00,   14, 0.000, 0.000, 0.140, 42
train,    1734, 232.706293,  116, 0.00,   13, 0.000, 0.000, 0.140, 42
train,    1735, 215.163255,   98, 0.00,   14, 0.000, 0.000, 0.140, 42
train,    1736, 218.454926,   98, 0.00,   14, 0.000, 0.000, 0.140, 42
train,    1737, 235.107896,  110, 0.00,   14, 0.000, 0.000, 0.140, 42
train,    1738, 203.466307,  100, 0.00,   12, 0.000, 0.000, 0.140, 42
train,    1739, 214.841906,  110, 0.00,   13, 0.000, 0.000, 0.140, 42
train,    1740, 194.284684,  100, 0.00,   15, 0.000, 0.000, 0.140, 42
update,   1740,  174, 119002, 109.886803, 0.000000
train,    1741, 89.146734,   27, 1.00,   11, 0.000, 0.000, 0.140, 42
train,    1742, 207.840769,   75, 0.00,   16, 0.000, 0.000, 0.139, 42
train,    1743, 237.379297,   71, 0.00,   13, 0.000, 0.000, 0.139, 42
train,    1744, 197.100269,   86, 0.00,   12, 0.000, 0.000, 0.139, 42
train,    1745, 188.342748,   90, 0.00,   13, 0.000, 0.000, 0.139, 42
train,    1746, 204.839288,   83, 0.00,   12, 0.000, 0.000, 0.139, 42
train,    1747, 108.692778,   64, 1.00,    9, 0.000, 0.000, 0.139, 42
train,    1748, 222.403721,  113, 0.00,   13, 0.000, 0.000, 0.139, 42
train,    1749, 213.147078,   95, 0.00,   12, 0.000, 0.000, 0.139, 42
train,    1750, 202.344657,  109, 0.00,   14, 0.000, 0.000, 0.139, 42
update,   1750,  175, 119815, 106.250672, 0.000000
train,    1751, 226.102028,  101, 0.00,   13, 0.000, 0.000, 0.139, 42
train,    1752, 98.017888,   72, 1.00,   12, 0.000, 0.000, 0.139, 42
train,    1753, 231.605190,   97, 0.00,   14, 0.000, 0.000, 0.139, 42
train,    1754, 217.582512,  100, 0.00,   13, 0.000, 0.000, 0.139, 42
train,    1755, 220.523811,   92, 0.00,   17, 0.000, 0.000, 0.139, 42
train,    1756, 122.213609,   46, 1.00,   10, 0.000, 0.000, 0.139, 42
train,    1757, 89.512658,   41, 1.00,    9, 0.000, 0.000, 0.139, 42
train,    1758, 212.636911,   93, 0.00,   15, 0.000, 0.000, 0.139, 42
train,    1759, 189.928507,   95, 0.00,   14, 0.000, 0.000, 0.139, 42
train,    1760, 226.823633,  103, 0.00,   10, 0.000, 0.000, 0.138, 43
update,   1760,  176, 120655, 121.319461, 0.000000
train,    1761, 245.732478,   75, 0.00,   14, 0.000, 0.000, 0.138, 43
train,    1762, 228.651626,   95, 0.00,   14, 0.000, 0.000, 0.138, 43
train,    1763, 211.061256,   98, 0.00,   13, 0.000, 0.000, 0.138, 43
train,    1764, 102.396458,   74, 1.00,   14, 0.000, 0.000, 0.138, 43
train,    1765, 73.233254,   65, 1.00,   13, 0.000, 0.000, 0.138, 43
train,    1766, 231.880304,  112, 0.00,   14, 0.000, 0.000, 0.138, 43
train,    1767, 132.102084,   55, 1.00,    9, 0.000, 0.000, 0.138, 43
train,    1768, 191.474657,   94, 0.00,   15, 0.000, 0.000, 0.138, 43
train,    1769, 79.235463,   17, 1.00,   11, 0.000, 0.000, 0.138, 43
train,    1770, 83.339827,   41, 1.00,   10, 0.000, 0.000, 0.138, 43
update,   1770,  177, 121381, 123.186903, 0.000000
train,    1771, 210.354392,   83, 0.00,   12, 0.000, 0.000, 0.138, 43
train,    1772, 78.510235,   49, 1.00,   10, 0.000, 0.000, 0.138, 43
train,    1773, 230.056473,   90, 0.00,   14, 0.000, 0.000, 0.138, 43
train,    1774, 111.605974,   75, 1.00,   11, 0.000, 0.000, 0.138, 43
train,    1775, 258.087932,  100, 0.00,   13, 0.000, 0.000, 0.138, 43
train,    1776, 220.775170,   98, 0.00,   15, 0.000, 0.000, 0.138, 43
train,    1777, 58.548546,   50, 1.00,    9, 0.000, 0.000, 0.138, 43
train,    1778, 87.526276,   44, 1.00,    9, 0.000, 0.000, 0.137, 43
train,    1779, 195.275432,   99, 0.00,   13, 0.000, 0.000, 0.137, 43
train,    1780, 210.580858,   97, 0.00,   13, 0.000, 0.000, 0.137, 43
update,   1780,  178, 122166, 129.263986, 0.000000
train,    1781, 233.625188,   79, 0.00,   15, 0.000, 0.000, 0.137, 43
train,    1782, 100.494708,   62, 1.00,   13, 0.000, 0.000, 0.137, 43
train,    1783, 101.727665,   59, 1.00,   11, 0.000, 0.000, 0.137, 43
train,    1784, 210.360130,   93, 0.00,   13, 0.000, 0.000, 0.137, 43
train,    1785, 199.261827,   97, 0.00,   15, 0.000, 0.000, 0.137, 43
train,    1786, 220.286867,  120, 0.00,   14, 0.000, 0.000, 0.137, 43
train,    1787, 208.693959,   90, 0.00,   14, 0.000, 0.000, 0.137, 43
train,    1788, 235.477473,   93, 0.00,   14, 0.000, 0.000, 0.137, 43
train,    1789, 131.457667,   63, 1.00,   12, 0.000, 0.000, 0.137, 43
train,    1790, 176.270916,   84, 0.00,   12, 0.000, 0.000, 0.137, 43
update,   1790,  179, 123006, 105.371013, 0.000000
train,    1791, 83.864860,   41, 1.00,   12, 0.000, 0.000, 0.137, 43
train,    1792, 93.372240,   42, 1.00,   11, 0.000, 0.000, 0.137, 43
train,    1793, 105.683231,   47, 1.00,   10, 0.000, 0.000, 0.137, 43
train,    1794, 227.892030,   92, 0.00,   15, 0.000, 0.000, 0.137, 43
train,    1795, 87.902048,   54, 1.00,   10, 0.000, 0.000, 0.137, 43
train,    1796, 222.738781,  100, 0.00,   12, 0.000, 0.000, 0.136, 43
train,    1797, 93.144625,   49, 1.00,    9, 0.000, 0.000, 0.136, 43
train,    1798, 233.838198,  101, 0.00,   12, 0.000, 0.000, 0.136, 43
train,    1799, 215.557913,   89, 0.00,   14, 0.000, 0.000, 0.136, 43
train,    1800, 93.648311,   52, 1.00,   10, 0.000, 0.000, 0.136, 43
update,   1800,  180, 123673, 117.522700, 0.000000
val_t, 1800, 123673, 141.491831, 0.2120,  69.9623,   0.1628, 0.7422,  26.0516, progress 0.7668
train,    1801, 211.737039,   96, 0.00,   14, 0.000, 0.000, 0.136, 43
train,    1802, 216.235113,   96, 0.00,   10, 0.000, 0.000, 0.136, 43
train,    1803, 215.049440,  104, 0.00,   15, 0.000, 0.000, 0.136, 43
train,    1804, 93.304987,   46, 1.00,   10, 0.000, 0.000, 0.136, 43
train,    1805, 233.613061,   94, 0.00,   13, 0.000, 0.000, 0.136, 43
train,    1806, 223.709311,  106, 0.00,   17, 0.000, 0.000, 0.136, 43
train,    1807, 209.464275,  101, 0.00,   15, 0.000, 0.000, 0.136, 43
train,    1808, 196.591087,   96, 0.00,   14, 0.000, 0.000, 0.136, 43
train,    1809, 189.345842,  101, 0.00,   15, 0.000, 0.000, 0.136, 43
train,    1810, 145.823655,   72, 1.00,   13, 0.000, 0.000, 0.136, 43
update,   1810,  181, 124585, 97.133003, 0.000000
train,    1811, 68.916728,   44, 1.00,   12, 0.000, 0.000, 0.136, 43
train,    1812, 225.085564,   77, 0.00,   12, 0.000, 0.000, 0.136, 43
train,    1813, 200.740044,   93, 0.00,   13, 0.000, 0.000, 0.136, 43
train,    1814, 203.189889,  104, 0.00,   13, 0.000, 0.000, 0.136, 43
train,    1815, 78.874354,   45, 1.00,    8, 0.000, 0.000, 0.135, 43
train,    1816, 218.095942,  105, 0.00,   11, 0.000, 0.000, 0.135, 43
train,    1817, 212.503782,   94, 0.00,   13, 0.000, 0.000, 0.135, 43
train,    1818, 104.378021,   73, 1.00,    9, 0.000, 0.000, 0.135, 43
train,    1819, 231.374117,   95, 0.00,   14, 0.000, 0.000, 0.135, 43
train,    1820, 204.057723,   96, 0.00,   14, 0.000, 0.000, 0.135, 43
update,   1820,  182, 125411, 107.398184, 0.000000
train,    1821, 206.356197,   90, 0.00,   13, 0.000, 0.000, 0.135, 43
train,    1822, 125.632979,   58, 1.00,   12, 0.000, 0.000, 0.135, 43
train,    1823, 213.711685,  112, 0.00,   13, 0.000, 0.000, 0.135, 43
train,    1824, 49.802406,   52, 1.00,    9, 0.000, 0.000, 0.135, 43
train,    1825, 211.587323,   82, 0.00,   11, 0.000, 0.000, 0.135, 43
train,    1826, 204.592751,  107, 0.00,   14, 0.000, 0.000, 0.135, 43
train,    1827, 90.287095,   40, 1.00,   10, 0.000, 0.000, 0.135, 43
train,    1828, 187.396295,   87, 0.00,   12, 0.000, 0.000, 0.135, 43
train,    1829, 208.341484,   96, 0.00,   15, 0.000, 0.000, 0.135, 43
train,    1830, 108.174740,   61, 1.00,   11, 0.000, 0.000, 0.135, 43
update,   1830,  183, 126196, 106.364338, 0.000000
train,    1831, 211.927443,   78, 0.00,   14, 0.000, 0.000, 0.135, 43
train,    1832, 120.079917,   62, 1.00,   10, 0.000, 0.000, 0.135, 43
train,    1833, 184.046934,   94, 0.00,   14, 0.000, 0.000, 0.134, 43
train,    1834, 108.491814,   67, 1.00,   12, 0.000, 0.000, 0.134, 43
train,    1835, 174.935966,  103, 0.00,   13, 0.000, 0.000, 0.134, 43
train,    1836, 187.418934,   94, 0.00,   12, 0.000, 0.000, 0.134, 43
train,    1837, 219.510272,   81, 0.00,   13, 0.000, 0.000, 0.134, 43
train,    1838, 210.909305,  100, 0.00,   12, 0.000, 0.000, 0.134, 43
train,    1839, 144.048452,   70, 1.00,   11, 0.000, 0.000, 0.134, 43
train,    1840, 200.821981,  108, 0.00,   13, 0.000, 0.000, 0.134, 43
update,   1840,  184, 127053, 100.822753, 0.000000
train,    1841, 215.272906,   76, 0.00,   14, 0.000, 0.000, 0.134, 43
train,    1842, 211.842860,   88, 0.00,   13, 0.000, 0.000, 0.134, 43
train,    1843, 183.651544,   95, 0.00,   12, 0.000, 0.000, 0.134, 43
train,    1844, 221.064792,  106, 0.00,   14, 0.000, 0.000, 0.134, 43
train,    1845, 176.103740,   96, 0.00,   12, 0.000, 0.000, 0.134, 43
train,    1846, 212.909616,   82, 0.00,   14, 0.000, 0.000, 0.134, 43
train,    1847, 231.776112,   85, 0.00,   13, 0.000, 0.000, 0.134, 43
train,    1848, 195.516721,  115, 0.00,   13, 0.000, 0.000, 0.134, 43
train,    1849, 111.261593,   72, 1.00,   13, 0.000, 0.000, 0.134, 43
train,    1850, 240.492341,   96, 0.00,   14, 0.000, 0.000, 0.134, 43
update,   1850,  185, 127964, 122.465858, 0.000000
train,    1851, 213.335621,   91, 0.00,   15, 0.000, 0.000, 0.134, 43
train,    1852, 196.341872,  102, 0.00,   14, 0.000, 0.000, 0.133, 43
train,    1853, 200.913955,   97, 0.00,   13, 0.000, 0.000, 0.133, 43
train,    1854, 218.764759,   87, 0.00,   14, 0.000, 0.000, 0.133, 43
train,    1855, 216.994471,   87, 0.00,   14, 0.000, 0.000, 0.133, 43
train,    1856, 94.172858,   53, 1.00,   11, 0.000, 0.000, 0.133, 43
train,    1857, 211.857262,   93, 0.00,   13, 0.000, 0.000, 0.133, 43
train,    1858, 215.867153,   82, 0.00,   15, 0.000, 0.000, 0.133, 43
train,    1859, 235.147365,  108, 0.00,   14, 0.000, 0.000, 0.133, 43
train,    1860, 203.927176,  103, 0.00,   15, 0.000, 0.000, 0.133, 43
update,   1860,  186, 128867, 99.877937, 0.000000
train,    1861, 247.918403,   99, 0.00,   15, 0.000, 0.000, 0.133, 43
train,    1862, 230.203735,   94, 0.00,   12, 0.000, 0.000, 0.133, 43
train,    1863, 210.262437,   94, 0.00,   13, 0.000, 0.000, 0.133, 43
train,    1864, 209.790534,   70, 0.00,   13, 0.000, 0.000, 0.133, 43
train,    1865, 94.202942,   36, 1.00,   10, 0.000, 0.000, 0.133, 43
train,    1866, 115.585460,   48, 1.00,   10, 0.000, 0.000, 0.133, 43
train,    1867, 217.717135,   86, 0.00,   14, 0.000, 0.000, 0.133, 43
train,    1868, 214.372844,   83, 0.00,   13, 0.000, 0.000, 0.133, 43
train,    1869, 219.493536,   81, 0.00,   13, 0.000, 0.000, 0.133, 43
train,    1870, 232.922048,   75, 0.00,   13, 0.000, 0.000, 0.133, 43
update,   1870,  187, 129633, 119.556517, 0.000000
train,    1871, 231.907019,   95, 0.00,   15, 0.000, 0.000, 0.132, 43
train,    1872, 212.280115,  109, 0.00,   14, 0.000, 0.000, 0.132, 43
train,    1873, 199.185133,   74, 0.00,   13, 0.000, 0.000, 0.132, 43
train,    1874, 138.890513,   69, 1.00,   11, 0.000, 0.000, 0.132, 43
train,    1875, 200.132802,   82, 0.00,   15, 0.000, 0.000, 0.132, 43
train,    1876, 169.640389,   87, 0.00,   15, 0.000, 0.000, 0.132, 43
train,    1877, 86.170011,   42, 1.00,    8, 0.000, 0.000, 0.132, 43
train,    1878, 230.920641,   92, 0.00,   14, 0.000, 0.000, 0.132, 43
train,    1879, 245.615038,  108, 0.00,   14, 0.000, 0.000, 0.132, 43
train,    1880, 76.354211,   46, 1.00,   10, 0.000, 0.000, 0.132, 43
update,   1880,  188, 130437, 115.872550, 0.000000
train,    1881, 194.140502,   91, 0.00,   13, 0.000, 0.000, 0.132, 43
train,    1882, 219.984328,   75, 0.00,   11, 0.000, 0.000, 0.132, 43
train,    1883, 111.023522,   42, 1.00,   11, 0.000, 0.000, 0.132, 43
train,    1884, 221.128447,  105, 0.00,   16, 0.000, 0.000, 0.132, 43
train,    1885, 210.573277,  107, 0.00,   14, 0.000, 0.000, 0.132, 43
train,    1886, 105.449080,   62, 1.00,   12, 0.000, 0.000, 0.132, 43
train,    1887, 204.754879,   97, 0.00,   12, 0.000, 0.000, 0.132, 43
train,    1888, 234.870004,   80, 0.00,   14, 0.000, 0.000, 0.132, 43
train,    1889, 219.211509,   94, 0.00,   14, 0.000, 0.000, 0.132, 43
train,    1890, 225.720948,   73, 0.00,   14, 0.000, 0.000, 0.131, 43
update,   1890,  189, 131263, 110.535099, 0.000000
train,    1891, 202.911307,   83, 0.00,   13, 0.000, 0.000, 0.131, 43
train,    1892, 205.419611,   84, 0.00,   14, 0.000, 0.000, 0.131, 43
train,    1893, 202.569690,  106, 0.00,   14, 0.000, 0.000, 0.131, 43
train,    1894, 210.093797,   87, 0.00,   14, 0.000, 0.000, 0.131, 43
train,    1895, 219.033520,  102, 0.00,   14, 0.000, 0.000, 0.131, 43
train,    1896, 209.838026,   86, 0.00,   13, 0.000, 0.000, 0.131, 43
train,    1897, 115.154799,   59, 1.00,   11, 0.000, 0.000, 0.131, 43
train,    1898, 201.670579,   84, 0.00,   14, 0.000, 0.000, 0.131, 43
train,    1899, 216.958102,  102, 0.00,   14, 0.000, 0.000, 0.131, 43
train,    1900, 190.252779,   90, 0.00,   14, 0.000, 0.000, 0.131, 43
update,   1900,  190, 132146, 115.010962, 0.000000
val_t, 1900, 132146, 139.503304, 0.2200,  66.1166,   0.1509, 0.7272,  26.0419, progress 0.7467
train,    1901, 216.825029,   82, 0.00,   13, 0.000, 0.000, 0.131, 43
train,    1902, 94.745613,   52, 1.00,   11, 0.000, 0.000, 0.131, 43
train,    1903, 234.722517,   85, 0.00,   14, 0.000, 0.000, 0.131, 43
train,    1904, 204.646090,   94, 0.00,   15, 0.000, 0.000, 0.131, 43
train,    1905, 216.680255,   89, 0.00,   17, 0.000, 0.000, 0.131, 43
train,    1906, 220.448114,   85, 0.00,   13, 0.000, 0.000, 0.131, 43
train,    1907, 217.648197,   94, 0.00,   12, 0.000, 0.000, 0.131, 43
train,    1908, 193.714136,   97, 0.00,   14, 0.000, 0.000, 0.131, 43
train,    1909, 222.830826,   79, 0.00,   16, 0.000, 0.000, 0.130, 43
train,    1910, 106.497250,   56, 1.00,   13, 0.000, 0.000, 0.130, 43
update,   1910,  191, 132959, 121.246863, 0.000000
train,    1911, 218.626242,   71, 0.00,   13, 0.000, 0.000, 0.130, 43
train,    1912, 89.277525,   61, 1.00,   10, 0.000, 0.000, 0.130, 43
train,    1913, 111.554767,   73, 1.00,   11, 0.000, 0.000, 0.130, 43
train,    1914, 206.467009,   87, 0.00,   14, 0.000, 0.000, 0.130, 43
train,    1915, 216.042551,   86, 0.00,   12, 0.000, 0.000, 0.130, 43
train,    1916, 201.827864,  112, 0.00,   13, 0.000, 0.000, 0.130, 43
train,    1917, 234.046522,  100, 0.00,   12, 0.000, 0.000, 0.130, 43
train,    1918, 228.469466,   73, 0.00,   13, 0.000, 0.000, 0.130, 43
train,    1919, 92.652114,   64, 1.00,   13, 0.000, 0.000, 0.130, 43
train,    1920, 196.799428,   97, 0.00,   12, 0.000, 0.000, 0.130, 44
update,   1920,  192, 133783, 122.929230, 0.000000
train,    1921, 77.210421,   32, 1.00,   11, 0.000, 0.000, 0.130, 44
train,    1922, 212.245967,   94, 0.00,   15, 0.000, 0.000, 0.130, 44
train,    1923, 228.540803,   91, 0.00,   14, 0.000, 0.000, 0.130, 44
train,    1924, 89.007874,   45, 1.00,   10, 0.000, 0.000, 0.130, 44
train,    1925, 189.658126,   99, 0.00,   14, 0.000, 0.000, 0.130, 44
train,    1926, 82.223115,   67, 1.00,   11, 0.000, 0.000, 0.130, 44
train,    1927, 229.761645,  104, 0.00,   13, 0.000, 0.000, 0.130, 44
train,    1928, 215.941717,   99, 0.00,   14, 0.000, 0.000, 0.129, 44
train,    1929, 230.845944,  111, 0.00,   15, 0.000, 0.000, 0.129, 44
train,    1930, 227.665555,   95, 0.00,   14, 0.000, 0.000, 0.129, 44
update,   1930,  193, 134620, 144.109423, 0.000000
train,    1931, 169.866316,   97, 0.00,   12, 0.000, 0.000, 0.129, 44
train,    1932, 248.186342,   90, 0.00,   13, 0.000, 0.000, 0.129, 44
train,    1933, 217.001899,   90, 0.00,   16, 0.000, 0.000, 0.129, 44
train,    1934, 205.371669,  105, 0.00,   14, 0.000, 0.000, 0.129, 44
train,    1935, 191.748906,   79, 0.00,   14, 0.000, 0.000, 0.129, 44
train,    1936, 211.681887,   85, 0.00,   13, 0.000, 0.000, 0.129, 44
train,    1937, 196.117242,   98, 0.00,   13, 0.000, 0.000, 0.129, 44
train,    1938, 196.096486,   94, 0.00,   14, 0.000, 0.000, 0.129, 44
train,    1939, 115.103923,   77, 1.00,   14, 0.000, 0.000, 0.129, 44
train,    1940, 231.431606,  102, 0.00,   13, 0.000, 0.000, 0.129, 44
update,   1940,  194, 135537, 120.405962, 0.000000
train,    1941, 240.503044,   87, 0.00,   15, 0.000, 0.000, 0.129, 44
train,    1942, 190.048473,   79, 0.00,   13, 0.000, 0.000, 0.129, 44
train,    1943, 97.208125,   49, 1.00,   12, 0.000, 0.000, 0.129, 44
train,    1944, 186.097980,  105, 0.00,   10, 0.000, 0.000, 0.129, 44
train,    1945, 123.958326,   48, 1.00,   12, 0.000, 0.000, 0.129, 44
train,    1946, 240.802561,   88, 0.00,   12, 0.000, 0.000, 0.129, 44
train,    1947, 224.032579,   78, 0.00,   16, 0.000, 0.000, 0.128, 44
train,    1948, 229.751008,  104, 0.00,   13, 0.000, 0.000, 0.128, 44
train,    1949, 198.227018,   85, 0.00,   14, 0.000, 0.000, 0.128, 44
train,    1950, 81.386207,   33, 1.00,    8, 0.000, 0.000, 0.128, 44
update,   1950,  195, 136293, 115.339629, 0.000000
train,    1951, 234.349756,  107, 0.00,   15, 0.000, 0.000, 0.128, 44
train,    1952, 239.576952,   85, 0.00,   13, 0.000, 0.000, 0.128, 44
train,    1953, 205.317700,   88, 0.00,   15, 0.000, 0.000, 0.128, 44
train,    1954, 204.905822,   84, 0.00,   14, 0.000, 0.000, 0.128, 44
train,    1955, 203.983105,   94, 0.00,   15, 0.000, 0.000, 0.128, 44
train,    1956, 201.793094,   92, 0.00,   12, 0.000, 0.000, 0.128, 44
train,    1957, 196.487058,   88, 0.00,   13, 0.000, 0.000, 0.128, 44
train,    1958, 229.743445,   96, 0.00,   14, 0.000, 0.000, 0.128, 44
train,    1959, 219.726458,  115, 0.00,   13, 0.000, 0.000, 0.128, 44
train,    1960, 213.013495,  120, 0.00,   14, 0.000, 0.000, 0.128, 44
update,   1960,  196, 137262, 134.080504, 0.000000
train,    1961, 240.911621,  103, 0.00,   13, 0.000, 0.000, 0.128, 44
train,    1962, 205.256974,  116, 0.00,   11, 0.000, 0.000, 0.128, 44
train,    1963, 83.165104,   15, 1.00,   11, 0.000, 0.000, 0.128, 44
train,    1964, 236.372696,   73, 0.00,   15, 0.000, 0.000, 0.128, 44
train,    1965, 222.558987,   94, 0.00,   12, 0.000, 0.000, 0.128, 44
train,    1966, 144.031560,   64, 1.00,   12, 0.000, 0.000, 0.128, 44
train,    1967, 248.064187,   78, 0.00,   13, 0.000, 0.000, 0.127, 44
train,    1968, 216.497555,   94, 0.00,   12, 0.000, 0.000, 0.127, 44
train,    1969, 216.366916,  100, 0.00,   13, 0.000, 0.000, 0.127, 44
train,    1970, 216.482609,  100, 0.00,   13, 0.000, 0.000, 0.127, 44
update,   1970,  197, 138099, 135.360467, 0.000000
train,    1971, 218.621976,   99, 0.00,   11, 0.000, 0.000, 0.127, 44
train,    1972, 207.640312,   75, 0.00,   14, 0.000, 0.000, 0.127, 44
train,    1973, 242.625825,   95, 0.00,   12, 0.000, 0.000, 0.127, 44
train,    1974, 194.245045,   94, 0.00,   13, 0.000, 0.000, 0.127, 44
train,    1975, 202.391448,  110, 0.00,   16, 0.000, 0.000, 0.127, 44
train,    1976, 190.644233,   88, 0.00,   15, 0.000, 0.000, 0.127, 44
train,    1977, 238.606462,  101, 0.00,   13, 0.000, 0.000, 0.127, 44
train,    1978, 201.454976,   79, 0.00,   13, 0.000, 0.000, 0.127, 44
train,    1979, 225.345979,   84, 0.00,   13, 0.000, 0.000, 0.127, 44
train,    1980, 193.475951,   95, 0.00,   12, 0.000, 0.000, 0.127, 44
update,   1980,  198, 139019, 111.362920, 0.000000
train,    1981, 124.953535,   66, 1.00,   10, 0.000, 0.000, 0.127, 44
train,    1982, 197.638909,   95, 0.00,   13, 0.000, 0.000, 0.127, 44
train,    1983, 54.393581,   42, 1.00,    9, 0.000, 0.000, 0.127, 44
train,    1984, 230.368489,   97, 0.00,   13, 0.000, 0.000, 0.127, 44
train,    1985, 200.575232,   85, 0.00,   15, 0.000, 0.000, 0.127, 44
train,    1986, 89.089009,   41, 1.00,   10, 0.000, 0.000, 0.126, 44
train,    1987, 208.045199,  104, 0.00,   13, 0.000, 0.000, 0.126, 44
train,    1988, 151.843174,   75, 1.00,   12, 0.000, 0.000, 0.126, 44
train,    1989, 242.151981,   89, 0.00,   12, 0.000, 0.000, 0.126, 44
train,    1990, 214.155851,  118, 0.00,   13, 0.000, 0.000, 0.126, 44
update,   1990,  199, 139831, 152.943778, 0.000000
train,    1991, 207.820198,  108, 0.00,   13, 0.000, 0.000, 0.126, 44
train,    1992, 193.303275,   70, 0.00,   14, 0.000, 0.000, 0.126, 44
train,    1993, 207.553346,  104, 0.00,   11, 0.000, 0.000, 0.126, 44
train,    1994, 198.823575,   85, 0.00,   14, 0.000, 0.000, 0.126, 44
train,    1995, 214.862045,  102, 0.00,   13, 0.000, 0.000, 0.126, 44
train,    1996, 233.877903,  120, 0.00,   14, 0.000, 0.000, 0.126, 44
train,    1997, 235.322629,   74, 0.00,   14, 0.000, 0.000, 0.126, 44
train,    1998, 197.545035,   93, 0.00,   13, 0.000, 0.000, 0.126, 44
train,    1999, 213.998918,   87, 0.00,   14, 0.000, 0.000, 0.126, 44
train,    2000, 212.822182,   96, 0.00,   15, 0.000, 0.000, 0.126, 44
update,   2000,  200, 140770, 115.048850, 0.000000
val_t, 2000, 140770, 132.396362, 0.1610,  72.0626,   0.1460, 0.7421,  25.7776, progress 0.7812
train,    2001, 241.616365,   87, 0.00,   12, 0.000, 0.000, 0.126, 44
train,    2002, 233.867489,   86, 0.00,   13, 0.000, 0.000, 0.126, 44
train,    2003, 244.778700,  105, 0.00,   12, 0.000, 0.000, 0.126, 44
train,    2004, 205.880119,   96, 0.00,   13, 0.000, 0.000, 0.126, 44
train,    2005, 182.544944,  120, 0.00,   14, 0.000, 0.000, 0.126, 44
train,    2006, 234.021672,  107, 0.00,   13, 0.000, 0.000, 0.125, 44
train,    2007, 91.888660,   38, 1.00,   11, 0.000, 0.000, 0.125, 44
train,    2008, 209.663170,   85, 0.00,   13, 0.000, 0.000, 0.125, 44
train,    2009, 58.082896,   37, 1.00,    9, 0.000, 0.000, 0.125, 44
train,    2010, 190.987915,   91, 0.00,   13, 0.000, 0.000, 0.125, 44
update,   2010,  201, 141622, 128.995867, 0.000000
train,    2011, 154.540641,  102, 0.00,   11, 0.000, 0.000, 0.125, 44
train,    2012, 204.258558,  100, 0.00,   12, 0.000, 0.000, 0.125, 44
train,    2013, 229.342175,  107, 0.00,   10, 0.000, 0.000, 0.125, 44
train,    2014, 203.402972,  114, 0.00,   14, 0.000, 0.000, 0.125, 44
train,    2015, 214.821478,   80, 0.00,   12, 0.000, 0.000, 0.125, 44
train,    2016, 192.350901,  101, 0.00,   14, 0.000, 0.000, 0.125, 44
train,    2017, 89.303947,   67, 1.00,   10, 0.000, 0.000, 0.125, 44
train,    2018, 225.007269,  105, 0.00,   15, 0.000, 0.000, 0.125, 44
train,    2019, 124.024930,   46, 1.00,   11, 0.000, 0.000, 0.125, 44
train,    2020, 105.106089,   88, 1.00,   10, 0.000, 0.000, 0.125, 44
update,   2020,  202, 142532, 160.662725, 0.000000
train,    2021, 211.250172,   97, 0.00,   14, 0.000, 0.000, 0.125, 44
train,    2022, 231.103149,  109, 0.00,   11, 0.000, 0.000, 0.125, 44
train,    2023, 208.725276,   95, 0.00,   12, 0.000, 0.000, 0.125, 44
train,    2024, 189.674100,   98, 0.00,   12, 0.000, 0.000, 0.125, 44
train,    2025, 133.995637,   60, 1.00,   12, 0.000, 0.000, 0.125, 44
train,    2026, 225.498463,   85, 0.00,   13, 0.000, 0.000, 0.124, 44
train,    2027, 209.197007,   93, 0.00,   15, 0.000, 0.000, 0.124, 44
train,    2028, 53.776434,   43, 1.00,   10, 0.000, 0.000, 0.124, 44
train,    2029, 191.034285,   91, 0.00,   16, 0.000, 0.000, 0.124, 44
train,    2030, 237.833203,  107, 0.00,   13, 0.000, 0.000, 0.124, 44
update,   2030,  203, 143410, 124.532294, 0.000000
train,    2031, 258.665561,   96, 0.00,   12, 0.000, 0.000, 0.124, 44
train,    2032, 75.918563,   35, 1.00,   10, 0.000, 0.000, 0.124, 44
train,    2033, 244.660637,   80, 0.00,   11, 0.000, 0.000, 0.124, 44
train,    2034, 124.427262,   70, 1.00,   12, 0.000, 0.000, 0.124, 44
train,    2035, 236.394192,   91, 0.00,   11, 0.000, 0.000, 0.124, 44
train,    2036, 215.566439,   95, 0.00,   11, 0.000, 0.000, 0.124, 44
train,    2037, 205.504677,  117, 0.00,   13, 0.000, 0.000, 0.124, 44
train,    2038, 246.671829,   89, 0.00,   15, 0.000, 0.000, 0.124, 44
train,    2039, 181.557435,   93, 0.00,   14, 0.000, 0.000, 0.124, 44
train,    2040, 207.540412,  109, 0.00,   15, 0.000, 0.000, 0.124, 44
update,   2040,  204, 144285, 131.479691, 0.000000
train,    2041, 117.948318,   59, 1.00,   10, 0.000, 0.000, 0.124, 44
train,    2042, 199.331732,   91, 0.00,   12, 0.000, 0.000, 0.124, 44
train,    2043, 206.610700,   86, 0.00,   13, 0.000, 0.000, 0.124, 44
train,    2044, 190.660668,   86, 0.00,   15, 0.000, 0.000, 0.124, 44
train,    2045, 219.889055,   89, 0.00,   13, 0.000, 0.000, 0.124, 44
train,    2046, 232.835361,   79, 0.00,   16, 0.000, 0.000, 0.123, 44
train,    2047, 95.892424,   66, 1.00,   14, 0.000, 0.000, 0.123, 44
train,    2048, 89.018043,   73, 1.00,   12, 0.000, 0.000, 0.123, 44
train,    2049, 209.305848,   96, 0.00,   14, 0.000, 0.000, 0.123, 44
train,    2050, 169.175001,  106, 0.00,   13, 0.000, 0.000, 0.123, 44
update,   2050,  205, 145116, 152.760074, 0.000000
train,    2051, 198.295368,   98, 0.00,   13, 0.000, 0.000, 0.123, 44
train,    2052, 202.845074,  120, 0.00,   15, 0.000, 0.000, 0.123, 44
train,    2053, 222.679829,   85, 0.00,   14, 0.000, 0.000, 0.123, 44
train,    2054, 180.065381,   85, 0.00,   12, 0.000, 0.000, 0.123, 44
train,    2055, 106.394821,   59, 1.00,    9, 0.000, 0.000, 0.123, 44
train,    2056, 75.425778,   82, 1.00,   12, 0.000, 0.000, 0.123, 44
train,    2057, 112.564288,   66, 1.00,   11, 0.000, 0.000, 0.123, 44
train,    2058, 219.307628,   96, 0.00,   14, 0.000, 0.000, 0.123, 44
train,    2059, 253.003016,  100, 0.00,   13, 0.000, 0.000, 0.123, 44
train,    2060, 216.744605,  103, 0.00,   13, 0.000, 0.000, 0.123, 44
update,   2060,  206, 146010, 150.808709, 0.000000
train,    2061, 219.430674,  103, 0.00,   15, 0.000, 0.000, 0.123, 44
train,    2062, 87.050382,   57, 1.00,    9, 0.000, 0.000, 0.123, 44
train,    2063, 227.858054,  108, 0.00,   15, 0.000, 0.000, 0.123, 44
train,    2064, 127.287561,   78, 1.00,   14, 0.000, 0.000, 0.123, 44
train,    2065, 220.858619,   91, 0.00,   13, 0.000, 0.000, 0.123, 44
train,    2066, 107.088287,   36, 1.00,   10, 0.000, 0.000, 0.123, 44
train,    2067, 94.827471,   29, 1.00,   12, 0.000, 0.000, 0.122, 44
train,    2068, 204.930000,  111, 0.00,   16, 0.000, 0.000, 0.122, 44
train,    2069, 202.114065,   90, 0.00,   15, 0.000, 0.000, 0.122, 44
train,    2070, 230.277614,   98, 0.00,   12, 0.000, 0.000, 0.122, 44
update,   2070,  207, 146811, 151.581770, 0.000000
train,    2071, 219.834732,   97, 0.00,   13, 0.000, 0.000, 0.122, 44
train,    2072, 124.282236,   73, 1.00,   11, 0.000, 0.000, 0.122, 44
train,    2073, 135.189242,   64, 1.00,   11, 0.000, 0.000, 0.122, 44
train,    2074, 226.563120,  102, 0.00,   13, 0.000, 0.000, 0.122, 44
train,    2075, 231.378441,  106, 0.00,   13, 0.000, 0.000, 0.122, 44
train,    2076, 227.547291,   85, 0.00,   15, 0.000, 0.000, 0.122, 44
train,    2077, 176.875401,   90, 0.00,   14, 0.000, 0.000, 0.122, 44
train,    2078, 199.014123,   86, 0.00,   14, 0.000, 0.000, 0.122, 44
train,    2079, 108.947403,   48, 1.00,   11, 0.000, 0.000, 0.122, 44
train,    2080, 218.543533,   91, 0.00,   13, 0.000, 0.000, 0.122, 45
update,   2080,  208, 147653, 130.851142, 0.000000
train,    2081, 234.137242,   93, 0.00,   14, 0.000, 0.000, 0.122, 45
train,    2082, 212.906450,   99, 0.00,   14, 0.000, 0.000, 0.122, 45
train,    2083, 213.345072,   84, 0.00,   14, 0.000, 0.000, 0.122, 45
train,    2084, 202.399525,  108, 0.00,   14, 0.000, 0.000, 0.122, 45
train,    2085, 107.381184,   66, 1.00,   12, 0.000, 0.000, 0.122, 45
train,    2086, 176.677661,  112, 0.00,   12, 0.000, 0.000, 0.122, 45
train,    2087, 203.267165,  103, 0.00,   13, 0.000, 0.000, 0.121, 45
train,    2088, 150.159825,   60, 1.00,   14, 0.000, 0.000, 0.121, 45
train,    2089, 219.375563,   99, 0.00,   16, 0.000, 0.000, 0.121, 45
train,    2090, 134.642008,   74, 1.00,   13, 0.000, 0.000, 0.121, 45
update,   2090,  209, 148551, 139.615568, 0.000000
train,    2091, 227.689638,  105, 0.00,   15, 0.000, 0.000, 0.121, 45
train,    2092, 87.781575,   35, 1.00,    7, 0.000, 0.000, 0.121, 45
train,    2093, 209.754959,  114, 0.00,   13, 0.000, 0.000, 0.121, 45
train,    2094, 89.629933,   70, 1.00,   12, 0.000, 0.000, 0.121, 45
train,    2095, 96.676851,   52, 1.00,   11, 0.000, 0.000, 0.121, 45
train,    2096, 189.151326,  117, 0.00,   12, 0.000, 0.000, 0.121, 45
train,    2097, 238.765035,   95, 0.00,   12, 0.000, 0.000, 0.121, 45
train,    2098, 123.259308,   74, 1.00,   11, 0.000, 0.000, 0.121, 45
train,    2099, 222.012270,   97, 0.00,   16, 0.000, 0.000, 0.121, 45
train,    2100, 244.144167,   91, 0.00,   15, 0.000, 0.000, 0.121, 45
update,   2100,  210, 149401, 121.091784, 0.000000
val_t, 2100, 149401, 130.371935, 0.1702,  73.4074,   0.1280, 0.7119,  26.3209, progress 0.7871
train,    2101, 86.565365,   46, 1.00,   10, 0.000, 0.000, 0.121, 45
train,    2102, 237.330514,  111, 0.00,   16, 0.000, 0.000, 0.121, 45
train,    2103, 217.752284,  114, 0.00,   16, 0.000, 0.000, 0.121, 45
train,    2104, 220.267041,  102, 0.00,   12, 0.000, 0.000, 0.121, 45
train,    2105, 201.953449,  108, 0.00,   13, 0.000, 0.000, 0.121, 45
train,    2106, 105.440209,   68, 1.00,   12, 0.000, 0.000, 0.121, 45
train,    2107, 193.617268,   96, 0.00,   14, 0.000, 0.000, 0.121, 45
train,    2108, 232.089168,  101, 0.00,   13, 0.000, 0.000, 0.120, 45
train,    2109, 211.571345,  100, 0.00,   15, 0.000, 0.000, 0.120, 45
train,    2110, 237.513384,   99, 0.00,   12, 0.000, 0.000, 0.120, 45
update,   2110,  211, 150346, 143.400249, 0.000000
train,    2111, 221.671088,  102, 0.00,   12, 0.000, 0.000, 0.120, 45
train,    2112, 236.442356,   87, 0.00,   14, 0.000, 0.000, 0.120, 45
train,    2113, 223.226503,  120, 0.00,   15, 0.000, 0.000, 0.120, 45
train,    2114, 53.354475,   47, 1.00,   12, 0.000, 0.000, 0.120, 45
train,    2115, 224.457076,  110, 0.00,   13, 0.000, 0.000, 0.120, 45
train,    2116, 96.697902,   59, 1.00,   11, 0.000, 0.000, 0.120, 45
train,    2117, 210.572475,  100, 0.00,   14, 0.000, 0.000, 0.120, 45
train,    2118, 183.073505,   91, 0.00,   12, 0.000, 0.000, 0.120, 45
train,    2119, 208.065401,   97, 0.00,   14, 0.000, 0.000, 0.120, 45
train,    2120, 230.811477,  106, 0.00,   14, 0.000, 0.000, 0.120, 45
update,   2120,  212, 151265, 122.744737, 0.000000
train,    2121, 189.833209,  106, 0.00,   14, 0.000, 0.000, 0.120, 45
train,    2122, 211.361981,  105, 0.00,   13, 0.000, 0.000, 0.120, 45
train,    2123, 107.605223,   53, 1.00,    9, 0.000, 0.000, 0.120, 45
train,    2124, 213.538410,  109, 0.00,   15, 0.000, 0.000, 0.120, 45
train,    2125, 206.484608,  107, 0.00,   14, 0.000, 0.000, 0.120, 45
train,    2126, 197.608940,  101, 0.00,   13, 0.000, 0.000, 0.120, 45
train,    2127, 88.503517,   41, 1.00,    9, 0.000, 0.000, 0.120, 45
train,    2128, 226.563592,  112, 0.00,   12, 0.000, 0.000, 0.120, 45
train,    2129, 195.145077,   96, 0.00,   12, 0.000, 0.000, 0.119, 45
train,    2130, 141.765648,   68, 1.00,   14, 0.000, 0.000, 0.119, 45
update,   2130,  213, 152163, 132.533250, 0.000000
train,    2131, 98.311944,   65, 1.00,   10, 0.000, 0.000, 0.119, 45
train,    2132, 228.676750,   82, 0.00,   11, 0.000, 0.000, 0.119, 45
train,    2133, 128.328304,   59, 1.00,   10, 0.000, 0.000, 0.119, 45
train,    2134, 208.077053,  102, 0.00,   14, 0.000, 0.000, 0.119, 45
train,    2135, 102.436522,   42, 1.00,   10, 0.000, 0.000, 0.119, 45
train,    2136, 76.515258,   40, 1.00,   11, 0.000, 0.000, 0.119, 45
train,    2137, 209.858542,  113, 0.00,   14, 0.000, 0.000, 0.119, 45
train,    2138, 221.063800,   96, 0.00,   12, 0.000, 0.000, 0.119, 45
train,    2139, 200.447662,  101, 0.00,   14, 0.000, 0.000, 0.119, 45
train,    2140, 223.569119,  102, 0.00,   14, 0.000, 0.000, 0.119, 45
update,   2140,  214, 152965, 113.182904, 0.000000
train,    2141, 82.206473,   51, 1.00,   11, 0.000, 0.000, 0.119, 45
train,    2142, 205.140192,  102, 0.00,   13, 0.000, 0.000, 0.119, 45
train,    2143, 220.784292,  120, 0.00,   17, 0.000, 0.000, 0.119, 45
train,    2144, 220.282311,  108, 0.00,   12, 0.000, 0.000, 0.119, 45
train,    2145, 204.861020,   97, 0.00,   13, 0.000, 0.000, 0.119, 45
train,    2146, 221.388780,  120, 0.00,   12, 0.000, 0.000, 0.119, 45
train,    2147, 225.914098,   94, 0.00,   13, 0.000, 0.000, 0.119, 45
train,    2148, 211.980942,  118, 0.00,   14, 0.000, 0.000, 0.119, 45
train,    2149, 104.079588,   45, 1.00,   12, 0.000, 0.000, 0.119, 45
train,    2150, 222.123982,   82, 0.00,   12, 0.000, 0.000, 0.118, 45
update,   2150,  215, 153902, 140.869582, 0.000000
train,    2151, 214.731784,  101, 0.00,   13, 0.000, 0.000, 0.118, 45
train,    2152, 104.618114,   55, 1.00,   14, 0.000, 0.000, 0.118, 45
train,    2153, 202.468901,  112, 0.00,   12, 0.000, 0.000, 0.118, 45
train,    2154, 162.165041,   81, 1.00,   16, 0.000, 0.000, 0.118, 45
train,    2155, 213.851477,  116, 0.00,   15, 0.000, 0.000, 0.118, 45
train,    2156, 229.602937,   96, 0.00,   13, 0.000, 0.000, 0.118, 45
train,    2157, 130.378463,   54, 1.00,   12, 0.000, 0.000, 0.118, 45
train,    2158, 260.000000,  111, 0.00,   13, 0.000, 0.000, 0.118, 45
train,    2159, 214.807629,  117, 0.00,   14, 0.000, 0.000, 0.118, 45
train,    2160, 48.602874,   42, 1.00,   12, 0.000, 0.000, 0.118, 45
update,   2160,  216, 154787, 126.066331, 0.000000
train,    2161, 222.703153,   90, 0.00,   11, 0.000, 0.000, 0.118, 45
train,    2162, 179.365381,   93, 0.00,   13, 0.000, 0.000, 0.118, 45
train,    2163, 221.284215,  108, 0.00,   13, 0.000, 0.000, 0.118, 45
train,    2164, 224.174645,  119, 0.00,   14, 0.000, 0.000, 0.118, 45
train,    2165, 189.767520,   92, 0.00,   11, 0.000, 0.000, 0.118, 45
train,    2166, 246.009929,   95, 0.00,   14, 0.000, 0.000, 0.118, 45
train,    2167, 196.952280,  102, 0.00,   13, 0.000, 0.000, 0.118, 45
train,    2168, 106.666794,   64, 1.00,   12, 0.000, 0.000, 0.118, 45
train,    2169, 215.169974,  103, 0.00,   13, 0.000, 0.000, 0.118, 45
train,    2170, 150.531899,   64, 1.00,   11, 0.000, 0.000, 0.118, 45
update,   2170,  217, 155717, 108.610108, 0.000000
train,    2171, 196.148665,   95, 0.00,   15, 0.000, 0.000, 0.117, 45
train,    2172, 203.166499,  116, 0.00,   13, 0.000, 0.000, 0.117, 45
train,    2173, 69.204346,   51, 1.00,    9, 0.000, 0.000, 0.117, 45
train,    2174, 188.702185,  113, 0.00,   13, 0.000, 0.000, 0.117, 45
train,    2175, 60.227986,   48, 1.00,   10, 0.000, 0.000, 0.117, 45
train,    2176, 206.981685,  103, 0.00,   16, 0.000, 0.000, 0.117, 45
train,    2177, 204.688206,  104, 0.00,   14, 0.000, 0.000, 0.117, 45
train,    2178, 206.420318,  118, 0.00,   15, 0.000, 0.000, 0.117, 45
train,    2179, 187.184540,  103, 0.00,   15, 0.000, 0.000, 0.117, 45
train,    2180, 199.145780,  100, 0.00,   12, 0.000, 0.000, 0.117, 45
update,   2180,  218, 156668, 134.239621, 0.000000
train,    2181, 108.773580,   61, 1.00,   10, 0.000, 0.000, 0.117, 45
train,    2182, 217.925065,   98, 0.00,   15, 0.000, 0.000, 0.117, 45
train,    2183, 220.015155,  102, 0.00,   14, 0.000, 0.000, 0.117, 45
train,    2184, 221.891090,  109, 0.00,   13, 0.000, 0.000, 0.117, 45
train,    2185, 196.032987,   88, 0.00,   13, 0.000, 0.000, 0.117, 45
train,    2186, 220.688411,  120, 0.00,   14, 0.000, 0.000, 0.117, 45
train,    2187, 66.175769,   66, 1.00,   13, 0.000, 0.000, 0.117, 45
train,    2188, 218.041020,   86, 0.00,   13, 0.000, 0.000, 0.117, 45
train,    2189, 92.137242,   50, 1.00,   10, 0.000, 0.000, 0.117, 45
train,    2190, 222.615323,  107, 0.00,   15, 0.000, 0.000, 0.117, 45
update,   2190,  219, 157555, 124.679452, 0.000000
train,    2191, 216.373556,   97, 0.00,   12, 0.000, 0.000, 0.117, 45
train,    2192, 224.461672,  111, 0.00,   16, 0.000, 0.000, 0.116, 45
train,    2193, 86.289335,   52, 1.00,   10, 0.000, 0.000, 0.116, 45
train,    2194, 206.714190,   94, 0.00,   15, 0.000, 0.000, 0.116, 45
train,    2195, 188.578271,  120, 0.00,   13, 0.000, 0.000, 0.116, 45
train,    2196, 214.843108,  118, 0.00,   13, 0.000, 0.000, 0.116, 45
train,    2197, 208.783173,  114, 0.00,   14, 0.000, 0.000, 0.116, 45
train,    2198, 227.059870,  105, 0.00,   14, 0.000, 0.000, 0.116, 45
train,    2199, 216.724768,   93, 0.00,   12, 0.000, 0.000, 0.116, 45
train,    2200, 217.909578,  120, 0.00,   12, 0.000, 0.000, 0.116, 45
update,   2200,  220, 158579, 137.592131, 0.000000
val_t, 2200, 158579, 133.748168, 0.1705,  70.1598,   0.1325, 0.7617,  26.3731, progress 0.8069
train,    2201, 223.427989,  104, 0.00,   14, 0.000, 0.000, 0.116, 45
train,    2202, 222.810833,   99, 0.00,   13, 0.000, 0.000, 0.116, 45
train,    2203, 108.034740,   41, 1.00,   10, 0.000, 0.000, 0.116, 45
train,    2204, 244.904400,  110, 0.00,   15, 0.000, 0.000, 0.116, 45
train,    2205, 178.892416,  119, 0.00,   16, 0.000, 0.000, 0.116, 45
train,    2206, 102.458378,   59, 1.00,   10, 0.000, 0.000, 0.116, 45
train,    2207, 226.735751,  108, 0.00,   14, 0.000, 0.000, 0.116, 45
train,    2208, 220.027051,  101, 0.00,   15, 0.000, 0.000, 0.116, 45
train,    2209, 209.055158,  108, 0.00,   14, 0.000, 0.000, 0.116, 45
train,    2210, 114.108542,   78, 1.00,   12, 0.000, 0.000, 0.116, 45
update,   2210,  221, 159506, 114.108866, 0.000000
train,    2211, 211.827974,  107, 0.00,   13, 0.000, 0.000, 0.116, 45
train,    2212, 161.441878,   78, 1.00,   13, 0.000, 0.000, 0.116, 45
train,    2213, 234.651020,  113, 0.00,   14, 0.000, 0.000, 0.116, 45
train,    2214, 220.303938,   89, 0.00,   14, 0.000, 0.000, 0.115, 45
train,    2215, 207.428197,  102, 0.00,   13, 0.000, 0.000, 0.115, 45
train,    2216, 200.323897,   79, 0.00,   15, 0.000, 0.000, 0.115, 45
train,    2217, 203.506757,  102, 0.00,   12, 0.000, 0.000, 0.115, 45
train,    2218, 210.246852,  117, 0.00,   11, 0.000, 0.000, 0.115, 45
train,    2219, 218.432383,  111, 0.00,   16, 0.000, 0.000, 0.115, 45
train,    2220, 215.010932,  115, 0.00,   15, 0.000, 0.000, 0.115, 45
update,   2220,  222, 160519, 134.308926, 0.000000
train,    2221, 181.562597,  101, 0.00,   14, 0.000, 0.000, 0.115, 45
train,    2222, 93.290216,   65, 1.00,   12, 0.000, 0.000, 0.115, 45
train,    2223, 218.740971,  114, 0.00,   13, 0.000, 0.000, 0.115, 45
train,    2224, 101.992141,   53, 1.00,   11, 0.000, 0.000, 0.115, 45
train,    2225, 225.569034,  103, 0.00,   13, 0.000, 0.000, 0.115, 45
train,    2226, 223.420469,  111, 0.00,   15, 0.000, 0.000, 0.115, 45
train,    2227, 217.298653,  112, 0.00,   11, 0.000, 0.000, 0.115, 45
train,    2228, 232.762617,  110, 0.00,   15, 0.000, 0.000, 0.115, 45
train,    2229, 231.089959,   94, 0.00,   12, 0.000, 0.000, 0.115, 45
train,    2230, 203.785872,  117, 0.00,   17, 0.000, 0.000, 0.115, 45
update,   2230,  223, 161499, 141.663394, 0.000000
train,    2231, 231.463356,  100, 0.00,   13, 0.000, 0.000, 0.115, 45
train,    2232, 123.439580,   52, 1.00,   13, 0.000, 0.000, 0.115, 45
train,    2233, 215.427682,   99, 0.00,   15, 0.000, 0.000, 0.115, 45
train,    2234, 216.793488,  106, 0.00,   14, 0.000, 0.000, 0.115, 45
train,    2235, 237.118066,  108, 0.00,   13, 0.000, 0.000, 0.115, 45
train,    2236, 65.866664,   40, 1.00,   10, 0.000, 0.000, 0.114, 45
train,    2237, 223.231903,  102, 0.00,   14, 0.000, 0.000, 0.114, 45
train,    2238, 199.574469,  101, 0.00,   14, 0.000, 0.000, 0.114, 45
train,    2239, 247.699196,  102, 0.00,   14, 0.000, 0.000, 0.114, 45
train,    2240, 213.556380,  113, 0.00,   13, 0.000, 0.000, 0.114, 46
update,   2240,  224, 162422, 117.442090, 0.000000
train,    2241, 226.870336,  120, 0.00,   12, 0.000, 0.000, 0.114, 46
train,    2242, 229.409700,   93, 0.00,   12, 0.000, 0.000, 0.114, 46
train,    2243, 190.881525,  110, 0.00,   14, 0.000, 0.000, 0.114, 46
train,    2244, 133.437947,   69, 1.00,   15, 0.000, 0.000, 0.114, 46
train,    2245, 221.481326,  117, 0.00,   13, 0.000, 0.000, 0.114, 46
train,    2246, 214.809404,  116, 0.00,   15, 0.000, 0.000, 0.114, 46
train,    2247, 205.851447,  107, 0.00,   15, 0.000, 0.000, 0.114, 46
train,    2248, 211.310801,   99, 0.00,   14, 0.000, 0.000, 0.114, 46
train,    2249, 224.163791,  108, 0.00,   13, 0.000, 0.000, 0.114, 46
train,    2250, 251.553323,   85, 0.00,   13, 0.000, 0.000, 0.114, 46
update,   2250,  225, 163446, 145.156973, 0.000000
train,    2251, 208.988782,   95, 0.00,   11, 0.000, 0.000, 0.114, 46
train,    2252, 216.360891,   92, 0.00,   13, 0.000, 0.000, 0.114, 46
train,    2253, 181.661949,  112, 0.00,   15, 0.000, 0.000, 0.114, 46
train,    2254, 242.467742,   91, 0.00,   14, 0.000, 0.000, 0.114, 46
train,    2255, 228.581942,   99, 0.00,   10, 0.000, 0.000, 0.114, 46
train,    2256, 211.349964,  104, 0.00,   13, 0.000, 0.000, 0.114, 46
train,    2257, 131.370489,   77, 1.00,   11, 0.000, 0.000, 0.114, 46
train,    2258, 224.231037,  101, 0.00,   14, 0.000, 0.000, 0.113, 46
train,    2259, 121.817646,   56, 1.00,   11, 0.000, 0.000, 0.113, 46
train,    2260, 106.436518,   62, 1.00,   11, 0.000, 0.000, 0.113, 46
update,   2260,  226, 164335, 151.947982, 0.000000
train,    2261, 189.224092,  114, 0.00,   14, 0.000, 0.000, 0.113, 46
train,    2262, 238.357355,   92, 0.00,   13, 0.000, 0.000, 0.113, 46
train,    2263, 184.391017,  100, 0.00,   14, 0.000, 0.000, 0.113, 46
train,    2264, 212.465518,   98, 0.00,   13, 0.000, 0.000, 0.113, 46
train,    2265, 214.605391,   95, 0.00,   12, 0.000, 0.000, 0.113, 46
train,    2266, 232.078187,  108, 0.00,   15, 0.000, 0.000, 0.113, 46
train,    2267, 200.109637,  109, 0.00,   12, 0.000, 0.000, 0.113, 46
train,    2268, 229.575034,  111, 0.00,   13, 0.000, 0.000, 0.113, 46
train,    2269, 126.519884,   55, 1.00,    8, 0.000, 0.000, 0.113, 46
train,    2270, 232.883144,   92, 0.00,   12, 0.000, 0.000, 0.113, 46
update,   2270,  227, 165309, 152.190759, 0.000000
train,    2271, 51.037937,   22, 1.00,    8, 0.000, 0.000, 0.113, 46
train,    2272, 106.773998,   52, 1.00,    9, 0.000, 0.000, 0.113, 46
train,    2273, 50.738908,   41, 1.00,   10, 0.000, 0.000, 0.113, 46
train,    2274, 257.078503,  110, 0.00,   14, 0.000, 0.000, 0.113, 46
train,    2275, 254.691242,  107, 0.00,   14, 0.000, 0.000, 0.113, 46
train,    2276, 91.298322,   39, 1.00,    8, 0.000, 0.000, 0.113, 46
train,    2277, 77.114361,   59, 1.00,   12, 0.000, 0.000, 0.113, 46
train,    2278, 214.050184,  106, 0.00,   14, 0.000, 0.000, 0.113, 46
train,    2279, 223.341391,  120, 0.00,   13, 0.000, 0.000, 0.113, 46
train,    2280, 221.082504,  109, 0.00,   12, 0.000, 0.000, 0.112, 46
update,   2280,  228, 166074, 124.996816, 0.000000
train,    2281, 199.714375,   87, 0.00,   14, 0.000, 0.000, 0.112, 46
train,    2282, 209.149164,  114, 0.00,   11, 0.000, 0.000, 0.112, 46
train,    2283, 224.539595,   95, 0.00,   16, 0.000, 0.000, 0.112, 46
train,    2284, 198.116718,  105, 0.00,   13, 0.000, 0.000, 0.112, 46
train,    2285, 209.788203,   99, 0.00,   12, 0.000, 0.000, 0.112, 46
train,    2286, 221.620941,  110, 0.00,   14, 0.000, 0.000, 0.112, 46
train,    2287, 208.456374,  120, 0.00,   13, 0.000, 0.000, 0.112, 46
train,    2288, 211.007173,  111, 0.00,   15, 0.000, 0.000, 0.112, 46
train,    2289, 244.622547,  101, 0.00,   13, 0.000, 0.000, 0.112, 46
train,    2290, 247.901029,  120, 0.00,   13, 0.000, 0.000, 0.112, 46
update,   2290,  229, 167136, 115.099530, 0.000000
train,    2291, 238.007616,  102, 0.00,   13, 0.000, 0.000, 0.112, 46
train,    2292, 199.491133,  117, 0.00,   12, 0.000, 0.000, 0.112, 46
train,    2293, 211.215642,  113, 0.00,   14, 0.000, 0.000, 0.112, 46
train,    2294, 194.070379,   98, 0.00,   13, 0.000, 0.000, 0.112, 46
train,    2295, 221.701427,   93, 0.00,   15, 0.000, 0.000, 0.112, 46
train,    2296, 219.076220,  100, 0.00,   14, 0.000, 0.000, 0.112, 46
train,    2297, 33.408985,   30, 1.00,    9, 0.000, 0.000, 0.112, 46
train,    2298, 203.229528,  110, 0.00,   13, 0.000, 0.000, 0.112, 46
train,    2299, 229.417344,  105, 0.00,   14, 0.000, 0.000, 0.112, 46
train,    2300, 201.123924,  114, 0.00,   13, 0.000, 0.000, 0.112, 46
update,   2300,  230, 168118, 129.053379, 0.000000
val_t, 2300, 168118, 159.921127, 0.1717,  71.2732,   0.1166, 0.7734,  26.2608, progress 0.8429
train,    2301, 225.792838,   97, 0.00,   12, 0.000, 0.000, 0.112, 46
train,    2302, 210.530259,  106, 0.00,   12, 0.000, 0.000, 0.111, 46
train,    2303, 220.977749,  120, 0.00,   14, 0.000, 0.000, 0.111, 46
train,    2304, 222.339186,   98, 0.00,   13, 0.000, 0.000, 0.111, 46
train,    2305, 194.823549,  105, 0.00,   12, 0.000, 0.000, 0.111, 46
train,    2306, 232.908863,  100, 0.00,   14, 0.000, 0.000, 0.111, 46
train,    2307, 198.930248,  107, 0.00,   14, 0.000, 0.000, 0.111, 46
train,    2308, 219.627788,  114, 0.00,   15, 0.000, 0.000, 0.111, 46
train,    2309, 220.995594,   93, 0.00,   10, 0.000, 0.000, 0.111, 46
train,    2310, 209.704464,  103, 0.00,   15, 0.000, 0.000, 0.111, 46
update,   2310,  231, 169161, 128.033459, 0.000000
train,    2311, 247.311022,  102, 0.00,   16, 0.000, 0.000, 0.111, 46
train,    2312, 216.712645,   92, 0.00,   13, 0.000, 0.000, 0.111, 46
train,    2313, 224.380391,  120, 0.00,   13, 0.000, 0.000, 0.111, 46
train,    2314, 186.495643,  103, 0.00,   12, 0.000, 0.000, 0.111, 46
train,    2315, 234.815439,  108, 0.00,   13, 0.000, 0.000, 0.111, 46
train,    2316, 229.508721,   92, 0.00,   13, 0.000, 0.000, 0.111, 46
train,    2317, 230.452787,  112, 0.00,   12, 0.000, 0.000, 0.111, 46
train,    2318, 197.044058,  101, 0.00,   12, 0.000, 0.000, 0.111, 46
train,    2319, 221.076099,  106, 0.00,   14, 0.000, 0.000, 0.111, 46
train,    2320, 211.868462,  107, 0.00,   12, 0.000, 0.000, 0.111, 46
update,   2320,  232, 170204, 135.545177, 0.000000
train,    2321, 180.000000,   90, 1.00,   13, 0.000, 0.000, 0.111, 46
train,    2322, 218.894366,  110, 0.00,   14, 0.000, 0.000, 0.111, 46
train,    2323, 227.976017,  102, 0.00,   15, 0.000, 0.000, 0.111, 46
train,    2324, 200.292716,  100, 0.00,   13, 0.000, 0.000, 0.110, 46
train,    2325, 98.942742,   65, 1.00,    9, 0.000, 0.000, 0.110, 46
train,    2326, 217.677784,  110, 0.00,   15, 0.000, 0.000, 0.110, 46
train,    2327, 116.747588,   69, 1.00,   10, 0.000, 0.000, 0.110, 46
train,    2328, 224.594272,   97, 0.00,   16, 0.000, 0.000, 0.110, 46
train,    2329, 256.055144,  110, 0.00,   12, 0.000, 0.000, 0.110, 46
train,    2330, 189.862536,  107, 0.00,   13, 0.000, 0.000, 0.110, 46
update,   2330,  233, 171164, 106.463690, 0.000000
train,    2331, 233.302916,  106, 0.00,   12, 0.000, 0.000, 0.110, 46
train,    2332, 149.982439,   55, 1.00,   10, 0.000, 0.000, 0.110, 46
train,    2333, 201.436941,   99, 0.00,   15, 0.000, 0.000, 0.110, 46
train,    2334, 241.184485,  108, 0.00,   15, 0.000, 0.000, 0.110, 46
train,    2335, 221.417050,  106, 0.00,   12, 0.000, 0.000, 0.110, 46
train,    2336, 205.754876,   95, 0.00,   13, 0.000, 0.000, 0.110, 46
train,    2337, 221.519953,  117, 0.00,   15, 0.000, 0.000, 0.110, 46
train,    2338, 224.976924,  106, 0.00,   13, 0.000, 0.000, 0.110, 46
train,    2339, 224.250981,   91, 0.00,   13, 0.000, 0.000, 0.110, 46
train,    2340, 213.959015,  109, 0.00,   11, 0.000, 0.000, 0.110, 46
update,   2340,  234, 172156, 139.685857, 0.000000
train,    2341, 204.596695,   88, 0.00,   15, 0.000, 0.000, 0.110, 46
train,    2342, 113.579072,   57, 1.00,   10, 0.000, 0.000, 0.110, 46
train,    2343, 192.313526,  101, 0.00,   15, 0.000, 0.000, 0.110, 46
train,    2344, 200.976857,   87, 0.00,   12, 0.000, 0.000, 0.110, 46
train,    2345, 103.736777,   73, 1.00,   13, 0.000, 0.000, 0.110, 46
train,    2346, 46.687050,   21, 1.00,    8, 0.000, 0.000, 0.110, 46
train,    2347, 219.167283,   85, 0.00,   14, 0.000, 0.000, 0.109, 46
train,    2348, 104.514931,   70, 1.00,   11, 0.000, 0.000, 0.109, 46
train,    2349, 117.115257,   68, 1.00,   11, 0.000, 0.000, 0.109, 46
train,    2350, 69.600978,   59, 1.00,   11, 0.000, 0.000, 0.109, 46
update,   2350,  235, 172865, 112.120660, 0.000000
train,    2351, 210.987244,   88, 0.00,   13, 0.000, 0.000, 0.109, 46
train,    2352, 210.445008,  102, 0.00,   12, 0.000, 0.000, 0.109, 46
train,    2353, 225.083456,   99, 0.00,   13, 0.000, 0.000, 0.109, 46
train,    2354, 46.608332,   57, 1.00,    9, 0.000, 0.000, 0.109, 46
train,    2355, 148.345059,   62, 1.00,   12, 0.000, 0.000, 0.109, 46
train,    2356, 214.395217,  118, 0.00,   14, 0.000, 0.000, 0.109, 46
train,    2357, 122.897111,   87, 1.00,   11, 0.000, 0.000, 0.109, 46
train,    2358, 237.015175,   97, 0.00,   15, 0.000, 0.000, 0.109, 46
train,    2359, 216.785570,  113, 0.00,   14, 0.000, 0.000, 0.109, 46
train,    2360, 128.122657,   73, 1.00,   10, 0.000, 0.000, 0.109, 46
update,   2360,  236, 173761, 144.341939, 0.000000
train,    2361, 221.864295,  113, 0.00,   14, 0.000, 0.000, 0.109, 46
train,    2362, 218.419054,  103, 0.00,   15, 0.000, 0.000, 0.109, 46
train,    2363, 225.695628,   97, 0.00,   14, 0.000, 0.000, 0.109, 46
train,    2364, 103.171150,   61, 1.00,   12, 0.000, 0.000, 0.109, 46
train,    2365, 229.291455,  116, 0.00,   15, 0.000, 0.000, 0.109, 46
train,    2366, 239.556520,   99, 0.00,   15, 0.000, 0.000, 0.109, 46
train,    2367, 212.012117,  115, 0.00,   14, 0.000, 0.000, 0.109, 46
train,    2368, 186.788403,  107, 0.00,   12, 0.000, 0.000, 0.109, 46
train,    2369, 221.605074,  119, 0.00,   16, 0.000, 0.000, 0.109, 46
train,    2370, 234.485540,  108, 0.00,   14, 0.000, 0.000, 0.108, 46
update,   2370,  237, 174799, 120.575695, 0.000000
train,    2371, 144.387707,   72, 1.00,   11, 0.000, 0.000, 0.108, 46
train,    2372, 141.297947,   93, 1.00,   11, 0.000, 0.000, 0.108, 46
train,    2373, 226.197097,  106, 0.00,   11, 0.000, 0.000, 0.108, 46
train,    2374, 61.537216,   47, 1.00,    9, 0.000, 0.000, 0.108, 46
train,    2375, 232.103640,   85, 0.00,   14, 0.000, 0.000, 0.108, 46
train,    2376, 110.894598,   50, 1.00,   14, 0.000, 0.000, 0.108, 46
train,    2377, 78.220280,   69, 1.00,   11, 0.000, 0.000, 0.108, 46
train,    2378, 101.337240,   72, 1.00,   14, 0.000, 0.000, 0.108, 46
train,    2379, 235.690124,  108, 0.00,   15, 0.000, 0.000, 0.108, 46
train,    2380, 241.372773,   99, 0.00,   15, 0.000, 0.000, 0.108, 46
update,   2380,  238, 175600, 129.539851, 0.000000
train,    2381, 210.588123,  120, 0.00,   15, 0.000, 0.000, 0.108, 46
train,    2382, 200.760180,   95, 0.00,   12, 0.000, 0.000, 0.108, 46
train,    2383, 100.576364,   59, 1.00,   11, 0.000, 0.000, 0.108, 46
train,    2384, 208.782042,   80, 0.00,   14, 0.000, 0.000, 0.108, 46
train,    2385, 215.857457,  105, 0.00,   13, 0.000, 0.000, 0.108, 46
train,    2386, 114.773684,   69, 1.00,   10, 0.000, 0.000, 0.108, 46
train,    2387, 219.302247,   95, 0.00,   13, 0.000, 0.000, 0.108, 46
train,    2388, 216.444539,  111, 0.00,   14, 0.000, 0.000, 0.108, 46
train,    2389, 214.682933,  107, 0.00,   15, 0.000, 0.000, 0.108, 46
train,    2390, 257.317314,  117, 0.00,   11, 0.000, 0.000, 0.108, 46
update,   2390,  239, 176558, 104.069403, 0.000000
train,    2391, 195.014660,   96, 0.00,   11, 0.000, 0.000, 0.108, 46
train,    2392, 222.699051,  117, 0.00,   12, 0.000, 0.000, 0.108, 46
train,    2393, 227.454719,   92, 0.00,   13, 0.000, 0.000, 0.107, 46
train,    2394, 47.165593,   54, 1.00,    9, 0.000, 0.000, 0.107, 46
train,    2395, 222.166898,  114, 0.00,   13, 0.000, 0.000, 0.107, 46
train,    2396, 234.021160,   83, 0.00,   14, 0.000, 0.000, 0.107, 46
train,    2397, 228.939982,  113, 0.00,   13, 0.000, 0.000, 0.107, 46
train,    2398, 218.989510,   98, 0.00,   12, 0.000, 0.000, 0.107, 46
train,    2399, 208.598440,   94, 0.00,   15, 0.000, 0.000, 0.107, 46
train,    2400, 203.507430,   93, 0.00,   13, 0.000, 0.000, 0.107, 47
update,   2400,  240, 177512, 98.714221, 0.000000
val_t, 2400, 177512, 137.290446, 0.1281,  74.1211,   0.1112, 0.8121,  26.2637, progress 0.8252
train,    2401, 216.896285,  110, 0.00,   14, 0.000, 0.000, 0.107, 47
train,    2402, 184.479106,  111, 0.00,   14, 0.000, 0.000, 0.107, 47
train,    2403, 133.841101,   41, 1.00,   10, 0.000, 0.000, 0.107, 47
train,    2404, 206.832769,  104, 0.00,   14, 0.000, 0.000, 0.107, 47
train,    2405, 182.532736,   89, 0.00,   15, 0.000, 0.000, 0.107, 47
train,    2406, 231.860418,  105, 0.00,   15, 0.000, 0.000, 0.107, 47
train,    2407, 140.881344,   52, 1.00,    9, 0.000, 0.000, 0.107, 47
train,    2408, 196.852323,  110, 0.00,   15, 0.000, 0.000, 0.107, 47
train,    2409, 223.688614,   93, 0.00,   13, 0.000, 0.000, 0.107, 47
train,    2410, 143.872716,   74, 1.00,   11, 0.000, 0.000, 0.107, 47
update,   2410,  241, 178401, 136.366674, 0.000000
train,    2411, 203.297158,  117, 0.00,   14, 0.000, 0.000, 0.107, 47
train,    2412, 225.615631,   92, 0.00,   14, 0.000, 0.000, 0.107, 47
train,    2413, 214.287842,  103, 0.00,   14, 0.000, 0.000, 0.107, 47
train,    2414, 196.661523,   87, 0.00,   11, 0.000, 0.000, 0.107, 47
train,    2415, 228.860412,  106, 0.00,   14, 0.000, 0.000, 0.107, 47
train,    2416, 117.184503,   66, 1.00,   12, 0.000, 0.000, 0.107, 47
train,    2417, 222.744139,  107, 0.00,   13, 0.000, 0.000, 0.106, 47
train,    2418, 219.062316,   91, 0.00,   14, 0.000, 0.000, 0.106, 47
train,    2419, 218.758491,   88, 0.00,   16, 0.000, 0.000, 0.106, 47
train,    2420, 221.457871,  106, 0.00,   15, 0.000, 0.000, 0.106, 47
update,   2420,  242, 179364, 137.052049, 0.000000
train,    2421, 150.655132,   73, 1.00,   11, 0.000, 0.000, 0.106, 47
train,    2422, 217.904469,  109, 0.00,   13, 0.000, 0.000, 0.106, 47
train,    2423, 205.113956,   97, 0.00,   14, 0.000, 0.000, 0.106, 47
train,    2424, 201.166640,  103, 0.00,   11, 0.000, 0.000, 0.106, 47
train,    2425, 202.274551,  115, 0.00,   14, 0.000, 0.000, 0.106, 47
train,    2426, 238.925814,   87, 0.00,   13, 0.000, 0.000, 0.106, 47
train,    2427, 117.553887,   62, 1.00,   10, 0.000, 0.000, 0.106, 47
train,    2428, 94.263270,   57, 1.00,   10, 0.000, 0.000, 0.106, 47
train,    2429, 215.736268,   88, 0.00,   12, 0.000, 0.000, 0.106, 47
train,    2430, 191.905349,   92, 0.00,   15, 0.000, 0.000, 0.106, 47
update,   2430,  243, 180247, 129.591832, 0.000000
train,    2431, 225.146316,  111, 0.00,   13, 0.000, 0.000, 0.106, 47
train,    2432, 218.756346,  100, 0.00,   13, 0.000, 0.000, 0.106, 47
train,    2433, 215.150770,  102, 0.00,   15, 0.000, 0.000, 0.106, 47
train,    2434, 243.456750,   94, 0.00,   13, 0.000, 0.000, 0.106, 47
train,    2435, 194.841892,   82, 0.00,   13, 0.000, 0.000, 0.106, 47
train,    2436, 103.538256,   61, 1.00,    9, 0.000, 0.000, 0.106, 47
train,    2437, 210.685302,   81, 0.00,   15, 0.000, 0.000, 0.106, 47
train,    2438, 208.516336,  117, 0.00,   14, 0.000, 0.000, 0.106, 47
train,    2439, 229.389565,   85, 0.00,   14, 0.000, 0.000, 0.106, 47
train,    2440, 212.602713,   87, 0.00,   14, 0.000, 0.000, 0.105, 47
update,   2440,  244, 181167, 149.456986, 0.000000
train,    2441, 195.346035,  102, 0.00,   13, 0.000, 0.000, 0.105, 47
train,    2442, 238.754250,   94, 0.00,   14, 0.000, 0.000, 0.105, 47
train,    2443, 218.754278,   87, 0.00,   13, 0.000, 0.000, 0.105, 47
train,    2444, 225.096839,  101, 0.00,   14, 0.000, 0.000, 0.105, 47
train,    2445, 96.211834,   72, 1.00,   11, 0.000, 0.000, 0.105, 47
train,    2446, 210.429408,   98, 0.00,   13, 0.000, 0.000, 0.105, 47
train,    2447, 253.507605,  104, 0.00,   14, 0.000, 0.000, 0.105, 47
train,    2448, 240.672942,   98, 0.00,   13, 0.000, 0.000, 0.105, 47
train,    2449, 240.625506,  109, 0.00,   15, 0.000, 0.000, 0.105, 47
train,    2450, 217.773548,  111, 0.00,   14, 0.000, 0.000, 0.105, 47
update,   2450,  245, 182143, 142.918638, 0.000000
train,    2451, 219.312833,  102, 0.00,   14, 0.000, 0.000, 0.105, 47
train,    2452, 120.199932,   85, 1.00,   12, 0.000, 0.000, 0.105, 47
train,    2453, 192.350238,   88, 0.00,   14, 0.000, 0.000, 0.105, 47
train,    2454, 225.725830,   98, 0.00,   14, 0.000, 0.000, 0.105, 47
train,    2455, 208.914060,   96, 0.00,   14, 0.000, 0.000, 0.105, 47
train,    2456, 203.641045,  100, 0.00,   14, 0.000, 0.000, 0.105, 47
train,    2457, 197.942223,   84, 0.00,   13, 0.000, 0.000, 0.105, 47
train,    2458, 209.048862,  108, 0.00,   15, 0.000, 0.000, 0.105, 47
train,    2459, 85.736059,   52, 1.00,    7, 0.000, 0.000, 0.105, 47
train,    2460, 216.678065,   89, 0.00,   13, 0.000, 0.000, 0.105, 47
update,   2460,  246, 183045, 137.984770, 0.000000
train,    2461, 201.889956,   87, 0.00,   13, 0.000, 0.000, 0.105, 47
train,    2462, 141.976469,   83, 1.00,   11, 0.000, 0.000, 0.105, 47
train,    2463, 193.890621,   80, 0.00,   15, 0.000, 0.000, 0.105, 47
train,    2464, 108.193036,   67, 1.00,   13, 0.000, 0.000, 0.104, 47
train,    2465, 235.744695,   97, 0.00,   13, 0.000, 0.000, 0.104, 47
train,    2466, 233.537439,   81, 0.00,   13, 0.000, 0.000, 0.104, 47
train,    2467, 59.528966,   38, 1.00,   11, 0.000, 0.000, 0.104, 47
train,    2468, 203.282196,  101, 0.00,   13, 0.000, 0.000, 0.104, 47
train,    2469, 228.262455,  104, 0.00,   17, 0.000, 0.000, 0.104, 47
train,    2470, 95.974888,   46, 1.00,   12, 0.000, 0.000, 0.104, 47
update,   2470,  247, 183829, 147.102368, 0.000000
train,    2471, 233.460052,   86, 0.00,   13, 0.000, 0.000, 0.104, 47
train,    2472, 59.173355,   50, 1.00,    9, 0.000, 0.000, 0.104, 47
train,    2473, 202.301635,   93, 0.00,   13, 0.000, 0.000, 0.104, 47
train,    2474, 244.360416,   96, 0.00,   13, 0.000, 0.000, 0.104, 47
train,    2475, 231.199750,   86, 0.00,   13, 0.000, 0.000, 0.104, 47
train,    2476, 197.904353,  100, 0.00,   15, 0.000, 0.000, 0.104, 47
train,    2477, 215.629861,   90, 0.00,   15, 0.000, 0.000, 0.104, 47
train,    2478, 196.464494,   93, 0.00,   13, 0.000, 0.000, 0.104, 47
train,    2479, 199.242314,  108, 0.00,   16, 0.000, 0.000, 0.104, 47
train,    2480, 228.709925,   97, 0.00,   14, 0.000, 0.000, 0.104, 47
update,   2480,  248, 184728, 149.255682, 0.000000
train,    2481, 232.939901,  112, 0.00,   13, 0.000, 0.000, 0.104, 47
train,    2482, 178.129445,   91, 0.00,   14, 0.000, 0.000, 0.104, 47
train,    2483, 228.943842,   93, 0.00,   13, 0.000, 0.000, 0.104, 47
train,    2484, 241.711146,   93, 0.00,   13, 0.000, 0.000, 0.104, 47
train,    2485, 84.774878,   62, 1.00,   10, 0.000, 0.000, 0.104, 47
train,    2486, 218.820544,  102, 0.00,   15, 0.000, 0.000, 0.104, 47
train,    2487, 228.058671,   84, 0.00,   13, 0.000, 0.000, 0.104, 47
train,    2488, 110.217075,   79, 1.00,   13, 0.000, 0.000, 0.103, 47
train,    2489, 205.552482,   80, 0.00,   12, 0.000, 0.000, 0.103, 47
train,    2490, 90.825636,   52, 1.00,    9, 0.000, 0.000, 0.103, 47
update,   2490,  249, 185576, 133.547387, 0.000000
train,    2491, 204.512761,   88, 0.00,   13, 0.000, 0.000, 0.103, 47
train,    2492, 105.871126,   57, 1.00,   13, 0.000, 0.000, 0.103, 47
train,    2493, 180.565713,  107, 0.00,   12, 0.000, 0.000, 0.103, 47
train,    2494, 231.160633,   70, 0.00,   13, 0.000, 0.000, 0.103, 47
train,    2495, 187.018036,  107, 0.00,   12, 0.000, 0.000, 0.103, 47
train,    2496, 197.382834,   82, 0.00,   14, 0.000, 0.000, 0.103, 47
train,    2497, 96.919208,   64, 1.00,   11, 0.000, 0.000, 0.103, 47
train,    2498, 112.421734,   56, 1.00,   10, 0.000, 0.000, 0.103, 47
train,    2499, 213.843230,   85, 0.00,   13, 0.000, 0.000, 0.103, 47
train,    2500, 91.744191,   55, 1.00,    9, 0.000, 0.000, 0.103, 47
update,   2500,  250, 186347, 149.866268, 0.000000
val_t, 2500, 186347, 116.312797, 0.1567,  75.9552,   0.1011, 0.7879,  26.8148, progress 0.8325
train,    2501, 233.051930,  100, 0.00,   16, 0.000, 0.000, 0.103, 47
train,    2502, 239.150362,  111, 0.00,   12, 0.000, 0.000, 0.103, 47
train,    2503, 205.814105,   79, 0.00,   14, 0.000, 0.000, 0.103, 47
train,    2504, 221.350859,   99, 0.00,   14, 0.000, 0.000, 0.103, 47
train,    2505, 251.540626,   70, 0.00,   15, 0.000, 0.000, 0.103, 47
train,    2506, 243.683339,   86, 0.00,   14, 0.000, 0.000, 0.103, 47
train,    2507, 244.320760,  109, 0.00,   14, 0.000, 0.000, 0.103, 47
train,    2508, 220.482125,   78, 0.00,   14, 0.000, 0.000, 0.103, 47
train,    2509, 75.380886,   44, 1.00,    6, 0.000, 0.000, 0.103, 47
train,    2510, 218.151759,   91, 0.00,   13, 0.000, 0.000, 0.103, 47
update,   2510,  251, 187214, 161.053088, 0.000000
train,    2511, 134.352635,   80, 1.00,   11, 0.000, 0.000, 0.103, 47
train,    2512, 219.239060,   82, 0.00,   14, 0.000, 0.000, 0.102, 47
train,    2513, 227.791814,   94, 0.00,   14, 0.000, 0.000, 0.102, 47
train,    2514, 212.693351,   86, 0.00,   13, 0.000, 0.000, 0.102, 47
train,    2515, 229.003640,  101, 0.00,   14, 0.000, 0.000, 0.102, 47
train,    2516, 175.904257,  100, 0.00,   12, 0.000, 0.000, 0.102, 47
train,    2517, 232.907059,   90, 0.00,   13, 0.000, 0.000, 0.102, 47
train,    2518, 217.102532,   89, 0.00,   14, 0.000, 0.000, 0.102, 47
train,    2519, 210.659176,  104, 0.00,   14, 0.000, 0.000, 0.102, 47
train,    2520, 195.160571,   84, 0.00,   12, 0.000, 0.000, 0.102, 47
update,   2520,  252, 188124, 152.885158, 0.000000
train,    2521, 217.625536,   92, 0.00,   12, 0.000, 0.000, 0.102, 47
train,    2522, 89.082975,   64, 1.00,   13, 0.000, 0.000, 0.102, 47
train,    2523, 233.539025,  120, 0.00,   12, 0.000, 0.000, 0.102, 47
train,    2524, 67.325922,   38, 1.00,   10, 0.000, 0.000, 0.102, 47
train,    2525, 125.588835,   61, 1.00,   11, 0.000, 0.000, 0.102, 47
train,    2526, 200.004824,   91, 0.00,   13, 0.000, 0.000, 0.102, 47
train,    2527, 224.274583,  102, 0.00,   13, 0.000, 0.000, 0.102, 47
train,    2528, 247.256024,  101, 0.00,   13, 0.000, 0.000, 0.102, 47
train,    2529, 225.861657,   80, 0.00,   15, 0.000, 0.000, 0.102, 47
train,    2530, 239.503333,   92, 0.00,   15, 0.000, 0.000, 0.102, 47
update,   2530,  253, 188965, 167.389108, 0.000000
train,    2531, 216.811992,   83, 0.00,   15, 0.000, 0.000, 0.102, 47
train,    2532, 222.535084,   85, 0.00,   13, 0.000, 0.000, 0.102, 47
train,    2533, 225.142115,   86, 0.00,   13, 0.000, 0.000, 0.102, 47
train,    2534, 194.125789,   91, 0.00,   14, 0.000, 0.000, 0.102, 47
train,    2535, 107.395192,   54, 1.00,   10, 0.000, 0.000, 0.102, 47
train,    2536, 226.189955,   90, 0.00,   13, 0.000, 0.000, 0.102, 47
train,    2537, 237.904543,  101, 0.00,   13, 0.000, 0.000, 0.101, 47
train,    2538, 227.553472,   93, 0.00,   13, 0.000, 0.000, 0.101, 47
train,    2539, 203.512683,   98, 0.00,   13, 0.000, 0.000, 0.101, 47
train,    2540, 196.915732,   85, 0.00,   13, 0.000, 0.000, 0.101, 47
update,   2540,  254, 189831, 138.639891, 0.000000
train,    2541, 179.310807,   99, 0.00,   11, 0.000, 0.000, 0.101, 47
train,    2542, 231.532936,   98, 0.00,   13, 0.000, 0.000, 0.101, 47
train,    2543, 217.953186,   98, 0.00,   13, 0.000, 0.000, 0.101, 47
train,    2544, 107.044542,   53, 1.00,    9, 0.000, 0.000, 0.101, 47
train,    2545, 223.338440,  103, 0.00,   13, 0.000, 0.000, 0.101, 47
train,    2546, 196.381221,   74, 0.00,   13, 0.000, 0.000, 0.101, 47
train,    2547, 175.927420,   76, 0.00,   14, 0.000, 0.000, 0.101, 47
train,    2548, 216.420609,  108, 0.00,   13, 0.000, 0.000, 0.101, 47
train,    2549, 235.947315,  113, 0.00,   12, 0.000, 0.000, 0.101, 47
train,    2550, 213.264803,   98, 0.00,   14, 0.000, 0.000, 0.101, 47
update,   2550,  255, 190751, 148.198977, 0.000000
train,    2551, 230.977236,   77, 0.00,   14, 0.000, 0.000, 0.101, 47
train,    2552, 212.509030,   83, 0.00,   15, 0.000, 0.000, 0.101, 47
train,    2553, 142.934045,   81, 1.00,   13, 0.000, 0.000, 0.101, 47
train,    2554, 74.284699,   48, 1.00,   11, 0.000, 0.000, 0.101, 47
train,    2555, 206.419638,   91, 0.00,   14, 0.000, 0.000, 0.101, 47
train,    2556, 130.686422,   68, 1.00,   10, 0.000, 0.000, 0.101, 47
train,    2557, 248.258312,   96, 0.00,   15, 0.000, 0.000, 0.101, 47
train,    2558, 100.531149,   63, 1.00,   11, 0.000, 0.000, 0.101, 47
train,    2559, 218.455726,   86, 0.00,   12, 0.000, 0.000, 0.101, 47
train,    2560, 212.314745,   92, 0.00,   14, 0.000, 0.000, 0.101, 48
update,   2560,  256, 191536, 151.905575, 0.000000
train,    2561, 234.381127,   87, 0.00,   14, 0.000, 0.000, 0.101, 48
train,    2562, 229.889177,  100, 0.00,   12, 0.000, 0.000, 0.100, 48
train,    2563, 213.677977,   87, 0.00,   13, 0.000, 0.000, 0.100, 48
train,    2564, 205.667310,   79, 0.00,   14, 0.000, 0.000, 0.100, 48
train,    2565, 207.542371,   92, 0.00,   13, 0.000, 0.000, 0.100, 48
train,    2566, 213.244724,   98, 0.00,   12, 0.000, 0.000, 0.100, 48
train,    2567, 213.234823,   96, 0.00,   16, 0.000, 0.000, 0.100, 48
train,    2568, 145.620665,   60, 1.00,   10, 0.000, 0.000, 0.100, 48
train,    2569, 224.615756,   94, 0.00,   14, 0.000, 0.000, 0.100, 48
train,    2570, 201.060712,  105, 0.00,   11, 0.000, 0.000, 0.100, 48
update,   2570,  257, 192434, 145.345121, 0.000000
train,    2571, 210.331606,   84, 0.00,   13, 0.000, 0.000, 0.100, 48
train,    2572, 216.353905,   86, 0.00,   11, 0.000, 0.000, 0.100, 48
train,    2573, 206.038510,   85, 0.00,   15, 0.000, 0.000, 0.100, 48
train,    2574, 221.575801,   81, 0.00,   13, 0.000, 0.000, 0.100, 48
train,    2575, 230.505305,  104, 0.00,   12, 0.000, 0.000, 0.100, 48
train,    2576, 222.968446,   89, 0.00,   11, 0.000, 0.000, 0.100, 48
train,    2577, 235.754086,   94, 0.00,   14, 0.000, 0.000, 0.100, 48
train,    2578, 40.090491,   14, 1.00,   11, 0.000, 0.000, 0.100, 48
train,    2579, 179.996819,   90, 0.00,   13, 0.000, 0.000, 0.100, 48
train,    2580, 245.635666,   95, 0.00,   14, 0.000, 0.000, 0.100, 48
update,   2580,  258, 193256, 158.325037, 0.000000
train,    2581, 210.827805,   99, 0.00,   16, 0.000, 0.000, 0.100, 48
train,    2582, 141.203538,   93, 1.00,   12, 0.000, 0.000, 0.100, 48
train,    2583, 212.435104,  104, 0.00,   13, 0.000, 0.000, 0.100, 48
train,    2584, 168.069781,   87, 0.00,   15, 0.000, 0.000, 0.100, 48
train,    2585, 76.610687,   65, 1.00,   11, 0.000, 0.000, 0.100, 48
train,    2586, 198.562705,   86, 0.00,   14, 0.000, 0.000, 0.100, 48
train,    2587, 174.739738,   93, 0.00,   14, 0.000, 0.000, 0.099, 48
train,    2588, 107.208882,   59, 1.00,   12, 0.000, 0.000, 0.099, 48
train,    2589, 246.455854,   95, 0.00,   14, 0.000, 0.000, 0.099, 48
train,    2590, 239.806846,   94, 0.00,   14, 0.000, 0.000, 0.099, 48
update,   2590,  259, 194131, 132.640622, 0.000000
train,    2591, 225.338847,  115, 0.00,   12, 0.000, 0.000, 0.099, 48
train,    2592, 179.232877,   98, 0.00,   12, 0.000, 0.000, 0.099, 48
train,    2593, 197.707947,   97, 0.00,   16, 0.000, 0.000, 0.099, 48
train,    2594, 214.487571,   76, 0.00,   13, 0.000, 0.000, 0.099, 48
train,    2595, 213.458916,  104, 0.00,   13, 0.000, 0.000, 0.099, 48
train,    2596, 197.628006,   84, 0.00,   15, 0.000, 0.000, 0.099, 48
train,    2597, 207.813982,   70, 0.00,   13, 0.000, 0.000, 0.099, 48
train,    2598, 230.697106,  101, 0.00,   14, 0.000, 0.000, 0.099, 48
train,    2599, 227.832620,  101, 0.00,   14, 0.000, 0.000, 0.099, 48
train,    2600, 209.916091,   94, 0.00,   12, 0.000, 0.000, 0.099, 48
update,   2600,  260, 195071, 147.031188, 0.000000
val_t, 2600, 195071, 133.386030, 0.1152,  76.3597,   0.0946, 0.7610,  26.3007, progress 0.8405
train,    2601, 198.336452,   95, 0.00,   15, 0.000, 0.000, 0.099, 48
train,    2602, 197.393646,  104, 0.00,   12, 0.000, 0.000, 0.099, 48
train,    2603, 246.598207,   88, 0.00,   16, 0.000, 0.000, 0.099, 48
train,    2604, 212.440161,   93, 0.00,   13, 0.000, 0.000, 0.099, 48
train,    2605, 206.682720,  100, 0.00,   13, 0.000, 0.000, 0.099, 48
train,    2606, 232.385842,   97, 0.00,   15, 0.000, 0.000, 0.099, 48
train,    2607, 127.445152,   59, 1.00,   10, 0.000, 0.000, 0.099, 48
train,    2608, 229.542532,  102, 0.00,   14, 0.000, 0.000, 0.099, 48
train,    2609, 215.149313,   88, 0.00,   16, 0.000, 0.000, 0.099, 48
train,    2610, 190.315206,   80, 0.00,   14, 0.000, 0.000, 0.099, 48
update,   2610,  261, 195977, 155.904544, 0.000000
train,    2611, 220.699569,   79, 0.00,   12, 0.000, 0.000, 0.099, 48
train,    2612, 253.602949,   89, 0.00,   13, 0.000, 0.000, 0.098, 48
train,    2613, 206.911477,  102, 0.00,   13, 0.000, 0.000, 0.098, 48
train,    2614, 189.934568,   93, 0.00,   12, 0.000, 0.000, 0.098, 48
train,    2615, 225.207628,   96, 0.00,   15, 0.000, 0.000, 0.098, 48
train,    2616, 246.017176,  108, 0.00,   12, 0.000, 0.000, 0.098, 48
train,    2617, 231.269041,   88, 0.00,   13, 0.000, 0.000, 0.098, 48
train,    2618, 242.956628,   84, 0.00,   13, 0.000, 0.000, 0.098, 48
train,    2619, 227.815626,  107, 0.00,   13, 0.000, 0.000, 0.098, 48
train,    2620, 219.036667,   70, 0.00,   13, 0.000, 0.000, 0.098, 48
update,   2620,  262, 196893, 173.976746, 0.000000
train,    2621, 250.071525,   79, 0.00,   15, 0.000, 0.000, 0.098, 48
train,    2622, 232.106004,   90, 0.00,   15, 0.000, 0.000, 0.098, 48
train,    2623, 201.285495,  100, 0.00,   15, 0.000, 0.000, 0.098, 48
train,    2624, 212.285542,   79, 0.00,   11, 0.000, 0.000, 0.098, 48
train,    2625, 211.760102,  105, 0.00,   13, 0.000, 0.000, 0.098, 48
train,    2626, 195.834108,   97, 0.00,   14, 0.000, 0.000, 0.098, 48
train,    2627, 179.269699,   94, 0.00,   12, 0.000, 0.000, 0.098, 48
train,    2628, 189.541298,   80, 0.00,   14, 0.000, 0.000, 0.098, 48
train,    2629, 209.157092,   75, 0.00,   13, 0.000, 0.000, 0.098, 48
train,    2630, 182.010101,   73, 0.00,   12, 0.000, 0.000, 0.098, 48
update,   2630,  263, 197765, 161.368728, 0.000000
train,    2631, 212.215021,   98, 0.00,   13, 0.000, 0.000, 0.098, 48
train,    2632, 235.606222,  111, 0.00,   12, 0.000, 0.000, 0.098, 48
train,    2633, 218.695143,   96, 0.00,   11, 0.000, 0.000, 0.098, 48
train,    2634, 204.842246,  105, 0.00,   14, 0.000, 0.000, 0.098, 48
train,    2635, 226.063792,   74, 0.00,   14, 0.000, 0.000, 0.098, 48
train,    2636, 108.086206,   48, 1.00,    8, 0.000, 0.000, 0.098, 48
train,    2637, 214.095788,  108, 0.00,   13, 0.000, 0.000, 0.097, 48
train,    2638, 221.918175,   74, 0.00,   15, 0.000, 0.000, 0.097, 48
train,    2639, 219.412714,   76, 0.00,   13, 0.000, 0.000, 0.097, 48
train,    2640, 188.273756,   99, 0.00,   12, 0.000, 0.000, 0.097, 48
update,   2640,  264, 198654, 179.120787, 0.000000
train,    2641, 225.764721,   84, 0.00,   13, 0.000, 0.000, 0.097, 48
train,    2642, 176.400631,   93, 0.00,   14, 0.000, 0.000, 0.097, 48
train,    2643, 211.936932,   91, 0.00,   16, 0.000, 0.000, 0.097, 48
train,    2644, 133.776566,   65, 1.00,   11, 0.000, 0.000, 0.097, 48
train,    2645, 199.978946,   96, 0.00,   13, 0.000, 0.000, 0.097, 48
train,    2646, 223.249254,   81, 0.00,   12, 0.000, 0.000, 0.097, 48
train,    2647, 179.714109,   95, 0.00,   12, 0.000, 0.000, 0.097, 48
train,    2648, 224.899374,  107, 0.00,   14, 0.000, 0.000, 0.097, 48
train,    2649, 233.301538,   95, 0.00,   14, 0.000, 0.000, 0.097, 48
train,    2650, 199.220803,   99, 0.00,   13, 0.000, 0.000, 0.097, 48
update,   2650,  265, 199560, 165.602147, 0.000000
train,    2651, 219.820479,   95, 0.00,   15, 0.000, 0.000, 0.097, 48
train,    2652, 149.521322,   71, 1.00,   13, 0.000, 0.000, 0.097, 48
train,    2653, 195.422698,  103, 0.00,   14, 0.000, 0.000, 0.097, 48
train,    2654, 200.294151,   96, 0.00,   13, 0.000, 0.000, 0.097, 48
train,    2655, 109.041914,   81, 1.00,   12, 0.000, 0.000, 0.097, 48
train,    2656, 224.587871,   77, 0.00,   13, 0.000, 0.000, 0.097, 48
train,    2657, 199.804765,   84, 0.00,   12, 0.000, 0.000, 0.097, 48
train,    2658, 202.449835,  118, 0.00,   15, 0.000, 0.000, 0.097, 48
train,    2659, 211.617643,   80, 0.00,   14, 0.000, 0.000, 0.097, 48
train,    2660, 226.793854,  102, 0.00,   12, 0.000, 0.000, 0.097, 48
update,   2660,  266, 200467, 170.425140, 0.000000
train,    2661, 189.474032,   99, 0.00,   12, 0.000, 0.000, 0.097, 48
train,    2662, 232.866639,   82, 0.00,   15, 0.000, 0.000, 0.097, 48
train,    2663, 179.601588,   75, 0.00,   10, 0.000, 0.000, 0.096, 48
train,    2664, 243.017123,  105, 0.00,   13, 0.000, 0.000, 0.096, 48
train,    2665, 66.576956,   54, 1.00,    9, 0.000, 0.000, 0.096, 48
train,    2666, 217.160274,   84, 0.00,   12, 0.000, 0.000, 0.096, 48
train,    2667, 205.716403,   85, 0.00,   14, 0.000, 0.000, 0.096, 48
train,    2668, 116.549491,   57, 1.00,    9, 0.000, 0.000, 0.096, 48
train,    2669, 99.392674,   82, 1.00,   11, 0.000, 0.000, 0.096, 48
train,    2670, 207.002060,  100, 0.00,   13, 0.000, 0.000, 0.096, 48
update,   2670,  267, 201290, 186.899318, 0.000000
train,    2671, 239.737390,   74, 0.00,   15, 0.000, 0.000, 0.096, 48
train,    2672, 218.427073,  115, 0.00,   13, 0.000, 0.000, 0.096, 48
train,    2673, 117.009089,   69, 1.00,   11, 0.000, 0.000, 0.096, 48
train,    2674, 221.260189,   91, 0.00,   13, 0.000, 0.000, 0.096, 48
train,    2675, 239.323887,  120, 0.00,   15, 0.000, 0.000, 0.096, 48
train,    2676, 214.922506,  102, 0.00,   13, 0.000, 0.000, 0.096, 48
train,    2677, 216.543681,   98, 0.00,   12, 0.000, 0.000, 0.096, 48
train,    2678, 154.145030,   74, 1.00,   13, 0.000, 0.000, 0.096, 48
train,    2679, 90.915391,   46, 1.00,   10, 0.000, 0.000, 0.096, 48
train,    2680, 203.823172,  108, 0.00,   14, 0.000, 0.000, 0.096, 48
update,   2680,  268, 202187, 147.562407, 0.000000
train,    2681, 222.166349,   88, 0.00,   15, 0.000, 0.000, 0.096, 48
train,    2682, 184.002066,  106, 0.00,   12, 0.000, 0.000, 0.096, 48
train,    2683, 204.491044,  109, 0.00,   14, 0.000, 0.000, 0.096, 48
train,    2684, 210.443699,  107, 0.00,   15, 0.000, 0.000, 0.096, 48
train,    2685, 219.072334,   85, 0.00,   15, 0.000, 0.000, 0.096, 48
train,    2686, 236.592509,  109, 0.00,   15, 0.000, 0.000, 0.096, 48
train,    2687, 226.527047,   94, 0.00,   13, 0.000, 0.000, 0.096, 48
train,    2688, 215.497131,   93, 0.00,   13, 0.000, 0.000, 0.096, 48
train,    2689, 70.499500,   46, 1.00,   11, 0.000, 0.000, 0.095, 48
train,    2690, 233.714107,   92, 0.00,   13, 0.000, 0.000, 0.095, 48
update,   2690,  269, 203116, 140.433436, 0.000000
train,    2691, 215.058114,   97, 0.00,   15, 0.000, 0.000, 0.095, 48
train,    2692, 207.779189,   96, 0.00,   13, 0.000, 0.000, 0.095, 48
train,    2693, 219.921317,   95, 0.00,   12, 0.000, 0.000, 0.095, 48
train,    2694, 76.494011,   68, 1.00,    9, 0.000, 0.000, 0.095, 48
train,    2695, 240.129472,   90, 0.00,   12, 0.000, 0.000, 0.095, 48
train,    2696, 96.426472,   78, 1.00,   10, 0.000, 0.000, 0.095, 48
train,    2697, 235.304118,   96, 0.00,   15, 0.000, 0.000, 0.095, 48
train,    2698, 187.679111,   79, 0.00,   12, 0.000, 0.000, 0.095, 48
train,    2699, 240.531449,  104, 0.00,   14, 0.000, 0.000, 0.095, 48
train,    2700, 250.833932,   89, 0.00,   15, 0.000, 0.000, 0.095, 48
update,   2700,  270, 204008, 141.472975, 0.000000
val_t, 2700, 204008, 135.348711, 0.1286,  80.4616,   0.1064, 0.8518,  26.9506, progress 0.8352
train,    2701, 230.759190,   87, 0.00,   11, 0.000, 0.000, 0.095, 48
train,    2702, 220.995198,   86, 0.00,   15, 0.000, 0.000, 0.095, 48
train,    2703, 224.380134,  102, 0.00,   12, 0.000, 0.000, 0.095, 48
train,    2704, 205.292750,  119, 0.00,   12, 0.000, 0.000, 0.095, 48
train,    2705, 206.097435,   97, 0.00,   13, 0.000, 0.000, 0.095, 48
train,    2706, 232.327625,  103, 0.00,   11, 0.000, 0.000, 0.095, 48
train,    2707, 201.085736,  100, 0.00,   14, 0.000, 0.000, 0.095, 48
train,    2708, 243.581261,   87, 0.00,   14, 0.000, 0.000, 0.095, 48
train,    2709, 228.093916,   93, 0.00,   14, 0.000, 0.000, 0.095, 48
train,    2710, 239.823047,   98, 0.00,   13, 0.000, 0.000, 0.095, 48
update,   2710,  271, 204980, 159.925339, 0.000000
train,    2711, 150.775860,   67, 1.00,   11, 0.000, 0.000, 0.095, 48
train,    2712, 74.699357,   40, 1.00,   11, 0.000, 0.000, 0.095, 48
train,    2713, 207.940755,  109, 0.00,   14, 0.000, 0.000, 0.095, 48
train,    2714, 225.705761,  111, 0.00,   12, 0.000, 0.000, 0.095, 48
train,    2715, 236.421393,   93, 0.00,   15, 0.000, 0.000, 0.094, 48
train,    2716, 223.039354,   97, 0.00,   13, 0.000, 0.000, 0.094, 48
train,    2717, 224.533471,  120, 0.00,   11, 0.000, 0.000, 0.094, 48
train,    2718, 250.303214,   84, 0.00,   15, 0.000, 0.000, 0.094, 48
train,    2719, 112.177316,   61, 1.00,   11, 0.000, 0.000, 0.094, 48
train,    2720, 89.559351,   57, 1.00,   12, 0.000, 0.000, 0.094, 48
update,   2720,  272, 205819, 160.193246, 0.000000
train,    2721, 123.908520,   65, 1.00,   13, 0.000, 0.000, 0.094, 48
train,    2722, 74.535831,   77, 1.00,   11, 0.000, 0.000, 0.094, 48
train,    2723, 196.177140,  120, 0.00,   14, 0.000, 0.000, 0.094, 48
train,    2724, 226.173335,   90, 0.00,   14, 0.000, 0.000, 0.094, 48
train,    2725, 133.620064,   64, 1.00,   13, 0.000, 0.000, 0.094, 48
train,    2726, 190.458672,  114, 0.00,   16, 0.000, 0.000, 0.094, 48
train,    2727, 232.134981,   83, 0.00,   15, 0.000, 0.000, 0.094, 48
train,    2728, 244.064598,   81, 0.00,   13, 0.000, 0.000, 0.094, 48
train,    2729, 204.199165,  104, 0.00,   13, 0.000, 0.000, 0.094, 48
train,    2730, 203.124679,   89, 0.00,   12, 0.000, 0.000, 0.094, 48
update,   2730,  273, 206706, 147.740648, 0.000000
train,    2731, 229.142378,  102, 0.00,   15, 0.000, 0.000, 0.094, 48
train,    2732, 219.530408,   96, 0.00,   13, 0.000, 0.000, 0.094, 48
train,    2733, 229.592312,  107, 0.00,   15, 0.000, 0.000, 0.094, 48
train,    2734, 213.954151,  112, 0.00,   15, 0.000, 0.000, 0.094, 48
train,    2735, 217.960273,  120, 0.00,   14, 0.000, 0.000, 0.094, 48
train,    2736, 230.803352,  105, 0.00,   11, 0.000, 0.000, 0.094, 48
train,    2737, 213.369912,   98, 0.00,   14, 0.000, 0.000, 0.094, 48
train,    2738, 196.746114,   97, 0.00,   15, 0.000, 0.000, 0.094, 48
train,    2739, 134.877243,   63, 1.00,   12, 0.000, 0.000, 0.094, 48
train,    2740, 195.386784,   85, 0.00,   14, 0.000, 0.000, 0.094, 48
update,   2740,  274, 207691, 132.574950, 0.000000
train,    2741, 172.774066,   88, 1.00,   12, 0.000, 0.000, 0.094, 48
train,    2742, 231.478336,   72, 0.00,   12, 0.000, 0.000, 0.093, 48
train,    2743, 213.561611,  106, 0.00,   12, 0.000, 0.000, 0.093, 48
train,    2744, 132.696142,   65, 1.00,   10, 0.000, 0.000, 0.093, 48
train,    2745, 207.736984,  119, 0.00,   15, 0.000, 0.000, 0.093, 48
train,    2746, 210.804909,   82, 0.00,   14, 0.000, 0.000, 0.093, 48
train,    2747, 184.173105,  102, 0.00,   13, 0.000, 0.000, 0.093, 48
train,    2748, 205.131930,   89, 0.00,   12, 0.000, 0.000, 0.093, 48
train,    2749, 197.833164,  113, 0.00,   13, 0.000, 0.000, 0.093, 48
train,    2750, 213.627267,   82, 0.00,   14, 0.000, 0.000, 0.093, 48
update,   2750,  275, 208609, 145.046887, 0.000000
train,    2751, 191.871316,  120, 0.00,   14, 0.000, 0.000, 0.093, 48
train,    2752, 230.666214,  120, 0.00,   14, 0.000, 0.000, 0.093, 48
train,    2753, 198.764989,  105, 0.00,   12, 0.000, 0.000, 0.093, 48
train,    2754, 243.848483,   85, 0.00,   14, 0.000, 0.000, 0.093, 48
train,    2755, 112.195791,   57, 1.00,   10, 0.000, 0.000, 0.093, 48
train,    2756, 246.727761,   91, 0.00,   15, 0.000, 0.000, 0.093, 48
train,    2757, 231.518014,  114, 0.00,   13, 0.000, 0.000, 0.093, 48
train,    2758, 222.451628,  102, 0.00,   16, 0.000, 0.000, 0.093, 48
train,    2759, 223.200668,  111, 0.00,   15, 0.000, 0.000, 0.093, 48
train,    2760, 200.199771,  104, 0.00,   13, 0.000, 0.000, 0.093, 48
update,   2760,  276, 209618, 160.778322, 0.000000
train,    2761, 197.359711,  103, 0.00,   14, 0.000, 0.000, 0.093, 48
train,    2762, 228.920093,   83, 0.00,   14, 0.000, 0.000, 0.093, 48
train,    2763, 247.674333,  117, 0.00,   14, 0.000, 0.000, 0.093, 48
train,    2764, 224.324714,   98, 0.00,   13, 0.000, 0.000, 0.093, 48
train,    2765, 214.724741,  106, 0.00,   16, 0.000, 0.000, 0.093, 48
train,    2766, 233.332128,   98, 0.00,   15, 0.000, 0.000, 0.093, 48
train,    2767, 243.324977,  110, 0.00,   13, 0.000, 0.000, 0.093, 48
train,    2768, 130.041693,   59, 1.00,   14, 0.000, 0.000, 0.093, 48
train,    2769, 242.508701,   89, 0.00,   13, 0.000, 0.000, 0.092, 48
train,    2770, 183.563184,  104, 0.00,   13, 0.000, 0.000, 0.092, 48
update,   2770,  277, 210585, 160.986117, 0.000000
train,    2771, 213.411994,   95, 0.00,   16, 0.000, 0.000, 0.092, 48
train,    2772, 209.925901,  120, 0.00,   14, 0.000, 0.000, 0.092, 48
train,    2773, 237.045013,   87, 0.00,   13, 0.000, 0.000, 0.092, 48
train,    2774, 180.047867,   98, 0.00,   13, 0.000, 0.000, 0.092, 48
train,    2775, 227.735747,  100, 0.00,   14, 0.000, 0.000, 0.092, 48
train,    2776, 205.203765,   90, 0.00,   14, 0.000, 0.000, 0.092, 48
train,    2777, 218.059350,  106, 0.00,   13, 0.000, 0.000, 0.092, 48
train,    2778, 217.487210,   93, 0.00,   14, 0.000, 0.000, 0.092, 48
train,    2779, 239.840537,  115, 0.00,   15, 0.000, 0.000, 0.092, 48
train,    2780, 233.232640,   97, 0.00,   15, 0.000, 0.000, 0.092, 48
update,   2780,  278, 211586, 148.820551, 0.000000
train,    2781, 214.412168,   94, 0.00,   14, 0.000, 0.000, 0.092, 48
train,    2782, 75.989494,   53, 1.00,   11, 0.000, 0.000, 0.092, 48
train,    2783, 237.685763,  119, 0.00,   14, 0.000, 0.000, 0.092, 48
train,    2784, 207.244893,   87, 0.00,   12, 0.000, 0.000, 0.092, 48
train,    2785, 203.547756,   99, 0.00,   15, 0.000, 0.000, 0.092, 48
train,    2786, 198.729893,   97, 0.00,   14, 0.000, 0.000, 0.092, 48
train,    2787, 185.790773,  103, 0.00,   13, 0.000, 0.000, 0.092, 48
train,    2788, 210.630745,  115, 0.00,   13, 0.000, 0.000, 0.092, 48
train,    2789, 238.877116,   94, 0.00,   14, 0.000, 0.000, 0.092, 48
train,    2790, 243.065225,  103, 0.00,   14, 0.000, 0.000, 0.092, 48
update,   2790,  279, 212550, 142.278201, 0.000000
train,    2791, 203.739322,   87, 0.00,   15, 0.000, 0.000, 0.092, 48
train,    2792, 96.030536,   55, 1.00,   12, 0.000, 0.000, 0.092, 48
train,    2793, 198.274852,   91, 0.00,   15, 0.000, 0.000, 0.092, 48
train,    2794, 203.341243,  107, 0.00,   15, 0.000, 0.000, 0.092, 48
train,    2795, 220.810458,   98, 0.00,   13, 0.000, 0.000, 0.092, 48
train,    2796, 224.959383,  103, 0.00,   12, 0.000, 0.000, 0.091, 48
train,    2797, 190.525926,   90, 0.00,   16, 0.000, 0.000, 0.091, 48
train,    2798, 184.376701,  106, 0.00,   13, 0.000, 0.000, 0.091, 48
train,    2799, 255.070786,   87, 0.00,   14, 0.000, 0.000, 0.091, 48
train,    2800, 210.637927,   82, 0.00,   12, 0.000, 0.000, 0.091, 48
update,   2800,  280, 213456, 148.723457, 0.000000
val_t, 2800, 213456, 143.900528, 0.1138,  70.8824,   0.1156, 0.8684,  26.5482, progress 0.8605
train,    2801, 217.116631,   93, 0.00,   16, 0.000, 0.000, 0.091, 48
train,    2802, 230.531914,  113, 0.00,   16, 0.000, 0.000, 0.091, 48
train,    2803, 149.950243,   66, 1.00,   11, 0.000, 0.000, 0.091, 48
train,    2804, 220.556869,  109, 0.00,   13, 0.000, 0.000, 0.091, 48
train,    2805, 203.506134,  117, 0.00,   13, 0.000, 0.000, 0.091, 48
train,    2806, 233.440013,  107, 0.00,   12, 0.000, 0.000, 0.091, 48
train,    2807, 189.786186,  109, 0.00,   13, 0.000, 0.000, 0.091, 48
train,    2808, 255.857163,   95, 0.00,   14, 0.000, 0.000, 0.091, 48
train,    2809, 161.805014,   89, 1.00,   13, 0.000, 0.000, 0.091, 48
train,    2810, 216.860268,  114, 0.00,   14, 0.000, 0.000, 0.091, 48
update,   2810,  281, 214468, 148.334168, 0.000000
train,    2811, 210.514263,  113, 0.00,   15, 0.000, 0.000, 0.091, 48
train,    2812, 181.101997,  120, 0.00,   12, 0.000, 0.000, 0.091, 48
train,    2813, 244.772523,  112, 0.00,   14, 0.000, 0.000, 0.091, 48
train,    2814, 207.628108,   91, 0.00,   13, 0.000, 0.000, 0.091, 48
train,    2815, 226.396822,  100, 0.00,   16, 0.000, 0.000, 0.091, 48
train,    2816, 210.879486,   96, 0.00,   13, 0.000, 0.000, 0.091, 48
train,    2817, 235.970605,  113, 0.00,   11, 0.000, 0.000, 0.091, 48
train,    2818, 70.426787,   72, 1.00,   11, 0.000, 0.000, 0.091, 48
train,    2819, 212.457714,   95, 0.00,   13, 0.000, 0.000, 0.091, 48
train,    2820, 248.675952,   88, 0.00,   13, 0.000, 0.000, 0.091, 48
update,   2820,  282, 215468, 139.516050, 0.000000
train,    2821, 224.466667,  113, 0.00,   14, 0.000, 0.000, 0.091, 48
train,    2822, 219.088044,  101, 0.00,   14, 0.000, 0.000, 0.091, 48
train,    2823, 248.756261,   97, 0.00,   16, 0.000, 0.000, 0.091, 48
train,    2824, 211.711243,  103, 0.00,   14, 0.000, 0.000, 0.090, 48
train,    2825, 223.527142,  110, 0.00,   14, 0.000, 0.000, 0.090, 48
train,    2826, 229.459149,  104, 0.00,   16, 0.000, 0.000, 0.090, 48
train,    2827, 218.756197,  117, 0.00,   11, 0.000, 0.000, 0.090, 48
train,    2828, 227.437961,  119, 0.00,   12, 0.000, 0.000, 0.090, 48
train,    2829, 246.605155,   95, 0.00,   12, 0.000, 0.000, 0.090, 48
train,    2830, 98.135987,   68, 1.00,   12, 0.000, 0.000, 0.090, 48
update,   2830,  283, 216495, 162.963239, 0.000000
train,    2831, 206.951181,   93, 0.00,   15, 0.000, 0.000, 0.090, 48
train,    2832, 136.427932,   77, 1.00,   13, 0.000, 0.000, 0.090, 48
train,    2833, 217.343317,  106, 0.00,   15, 0.000, 0.000, 0.090, 48
train,    2834, 214.541791,  107, 0.00,   15, 0.000, 0.000, 0.090, 48
train,    2835, 247.904221,   96, 0.00,   13, 0.000, 0.000, 0.090, 48
train,    2836, 201.146890,  108, 0.00,   14, 0.000, 0.000, 0.090, 48
train,    2837, 184.822166,   92, 0.00,   15, 0.000, 0.000, 0.090, 48
train,    2838, 214.167747,  111, 0.00,   14, 0.000, 0.000, 0.090, 48
train,    2839, 212.090064,   90, 0.00,   14, 0.000, 0.000, 0.090, 48
train,    2840, 233.520648,  106, 0.00,   13, 0.000, 0.000, 0.090, 48
update,   2840,  284, 217481, 160.494433, 0.000000
train,    2841, 236.917006,   99, 0.00,   15, 0.000, 0.000, 0.090, 48
train,    2842, 212.735479,   96, 0.00,   13, 0.000, 0.000, 0.090, 48
train,    2843, 211.405764,  107, 0.00,   12, 0.000, 0.000, 0.090, 48
train,    2844, 236.369830,   95, 0.00,   13, 0.000, 0.000, 0.090, 48
train,    2845, 238.836013,  112, 0.00,   14, 0.000, 0.000, 0.090, 48
train,    2846, 191.576498,   95, 0.00,   12, 0.000, 0.000, 0.090, 48
train,    2847, 215.558084,  103, 0.00,   12, 0.000, 0.000, 0.090, 48
train,    2848, 227.577405,  100, 0.00,   14, 0.000, 0.000, 0.090, 48
train,    2849, 201.327849,  100, 0.00,   12, 0.000, 0.000, 0.090, 48
train,    2850, 216.756103,  120, 0.00,   13, 0.000, 0.000, 0.090, 48
update,   2850,  285, 218508, 155.185175, 0.000000
train,    2851, 220.511059,   94, 0.00,   13, 0.000, 0.000, 0.089, 48
train,    2852, 219.888903,   93, 0.00,   15, 0.000, 0.000, 0.089, 48
train,    2853, 195.437847,  101, 0.00,   12, 0.000, 0.000, 0.089, 48
train,    2854, 123.628283,   58, 1.00,   13, 0.000, 0.000, 0.089, 48
train,    2855, 224.435111,   95, 0.00,   12, 0.000, 0.000, 0.089, 48
train,    2856, 206.374604,  103, 0.00,   12, 0.000, 0.000, 0.089, 48
train,    2857, 186.317041,  110, 0.00,   15, 0.000, 0.000, 0.089, 48
train,    2858, 231.366232,  109, 0.00,   12, 0.000, 0.000, 0.089, 48
train,    2859, 124.956415,   90, 1.00,   12, 0.000, 0.000, 0.089, 48
train,    2860, 79.399150,   41, 1.00,   11, 0.000, 0.000, 0.089, 48
update,   2860,  286, 219402, 146.698283, 0.000000
train,    2861, 243.413041,  102, 0.00,   14, 0.000, 0.000, 0.089, 48
train,    2862, 212.543798,  100, 0.00,   13, 0.000, 0.000, 0.089, 48
train,    2863, 210.044123,  107, 0.00,   16, 0.000, 0.000, 0.089, 48
train,    2864, 248.161154,  120, 0.00,   16, 0.000, 0.000, 0.089, 48
train,    2865, 257.567405,  105, 0.00,   13, 0.000, 0.000, 0.089, 48
train,    2866, 206.796532,  105, 0.00,   15, 0.000, 0.000, 0.089, 48
train,    2867, 241.727176,  100, 0.00,   13, 0.000, 0.000, 0.089, 48
train,    2868, 191.118327,  109, 0.00,   11, 0.000, 0.000, 0.089, 48
train,    2869, 213.091178,  109, 0.00,   13, 0.000, 0.000, 0.089, 48
train,    2870, 210.424108,   92, 0.00,   15, 0.000, 0.000, 0.089, 48
update,   2870,  287, 220451, 153.455710, 0.000000
train,    2871, 211.265918,  120, 0.00,   11, 0.000, 0.000, 0.089, 48
train,    2872, 196.019126,  112, 0.00,   13, 0.000, 0.000, 0.089, 48
train,    2873, 189.912901,  120, 0.00,   13, 0.000, 0.000, 0.089, 48
train,    2874, 222.794350,   95, 0.00,   15, 0.000, 0.000, 0.089, 48
train,    2875, 224.546800,  117, 0.00,   14, 0.000, 0.000, 0.089, 48
train,    2876, 209.251533,  120, 0.00,   12, 0.000, 0.000, 0.089, 48
train,    2877, 228.622718,  101, 0.00,   12, 0.000, 0.000, 0.089, 48
train,    2878, 186.422559,   98, 0.00,   13, 0.000, 0.000, 0.089, 48
train,    2879, 196.626237,  101, 0.00,   13, 0.000, 0.000, 0.088, 48
train,    2880, 238.121815,   90, 0.00,   13, 0.000, 0.000, 0.088, 48
update,   2880,  288, 221525, 143.878318, 0.000000
train,    2881, 224.563655,  115, 0.00,   12, 0.000, 0.000, 0.088, 48
train,    2882, 231.026121,  107, 0.00,   11, 0.000, 0.000, 0.088, 48
train,    2883, 112.630995,   67, 1.00,   10, 0.000, 0.000, 0.088, 48
train,    2884, 229.943191,  120, 0.00,   13, 0.000, 0.000, 0.088, 48
train,    2885, 119.049507,   68, 1.00,   12, 0.000, 0.000, 0.088, 48
train,    2886, 205.444810,  102, 0.00,   12, 0.000, 0.000, 0.088, 48
train,    2887, 175.874073,   94, 1.00,   13, 0.000, 0.000, 0.088, 48
train,    2888, 182.496209,  116, 0.00,   11, 0.000, 0.000, 0.088, 48
train,    2889, 203.094935,  107, 0.00,   13, 0.000, 0.000, 0.088, 48
train,    2890, 196.059929,  106, 0.00,   15, 0.000, 0.000, 0.088, 48
update,   2890,  289, 222527, 154.527241, 0.000000
train,    2891, 141.030807,   61, 1.00,   12, 0.000, 0.000, 0.088, 48
train,    2892, 210.922177,   99, 0.00,   15, 0.000, 0.000, 0.088, 48
train,    2893, 195.860570,   98, 0.00,   12, 0.000, 0.000, 0.088, 48
train,    2894, 115.885348,   56, 1.00,   11, 0.000, 0.000, 0.088, 48
train,    2895, 221.754994,  120, 0.00,   14, 0.000, 0.000, 0.088, 48
train,    2896, 212.047364,  109, 0.00,   11, 0.000, 0.000, 0.088, 48
train,    2897, 209.224532,  108, 0.00,   13, 0.000, 0.000, 0.088, 48
train,    2898, 219.374046,  103, 0.00,   14, 0.000, 0.000, 0.088, 48
train,    2899, 209.712923,  120, 0.00,   11, 0.000, 0.000, 0.088, 48
train,    2900, 205.343268,  106, 0.00,   15, 0.000, 0.000, 0.088, 48
update,   2900,  290, 223507, 161.163058, 0.000000
val_t, 2900, 223507, 127.012018, 0.1130,  75.8393,   0.0898, 0.8140,  26.8503, progress 0.8779
train,    2901, 77.953379,   56, 1.00,   11, 0.000, 0.000, 0.088, 48
train,    2902, 239.383928,  107, 0.00,   14, 0.000, 0.000, 0.088, 48
train,    2903, 225.431305,  106, 0.00,   11, 0.000, 0.000, 0.088, 48
train,    2904, 71.826906,   69, 1.00,   10, 0.000, 0.000, 0.088, 48
train,    2905, 208.110935,   90, 0.00,   15, 0.000, 0.000, 0.088, 48
train,    2906, 212.065992,  120, 0.00,   13, 0.000, 0.000, 0.088, 48
train,    2907, 226.902813,  120, 0.00,   13, 0.000, 0.000, 0.088, 48
train,    2908, 212.899346,  107, 0.00,   14, 0.000, 0.000, 0.087, 48
train,    2909, 215.682193,  100, 0.00,   13, 0.000, 0.000, 0.087, 48
train,    2910, 120.183480,   61, 1.00,   10, 0.000, 0.000, 0.087, 48
update,   2910,  291, 224443, 144.170110, 0.000000
train,    2911, 205.980554,  110, 0.00,   11, 0.000, 0.000, 0.087, 48
train,    2912, 241.050431,   90, 0.00,   11, 0.000, 0.000, 0.087, 48
train,    2913, 180.370541,  106, 0.00,   14, 0.000, 0.000, 0.087, 48
train,    2914, 222.771059,  103, 0.00,   15, 0.000, 0.000, 0.087, 48
train,    2915, 230.768210,   92, 0.00,   16, 0.000, 0.000, 0.087, 48
train,    2916, 186.980236,  120, 0.00,   15, 0.000, 0.000, 0.087, 48
train,    2917, 256.858632,   70, 0.00,   15, 0.000, 0.000, 0.087, 48
train,    2918, 138.234491,   73, 1.00,   12, 0.000, 0.000, 0.087, 48
train,    2919, 214.071030,  101, 0.00,   11, 0.000, 0.000, 0.087, 48
train,    2920, 227.804737,   96, 0.00,   14, 0.000, 0.000, 0.087, 48
update,   2920,  292, 225404, 173.427266, 0.000000
train,    2921, 232.315895,   99, 0.00,   14, 0.000, 0.000, 0.087, 48
train,    2922, 213.452370,   98, 0.00,   15, 0.000, 0.000, 0.087, 48
train,    2923, 127.743798,   91, 1.00,   12, 0.000, 0.000, 0.087, 48
train,    2924, 154.023936,   83, 1.00,   15, 0.000, 0.000, 0.087, 48
train,    2925, 222.862833,   98, 0.00,   13, 0.000, 0.000, 0.087, 48
train,    2926, 193.685276,  103, 0.00,   15, 0.000, 0.000, 0.087, 48
train,    2927, 113.755454,   66, 1.00,   10, 0.000, 0.000, 0.087, 48
train,    2928, 167.320235,  113, 0.00,   12, 0.000, 0.000, 0.087, 48
train,    2929, 195.237734,   85, 0.00,   15, 0.000, 0.000, 0.087, 48
train,    2930, 228.776486,  120, 0.00,   13, 0.000, 0.000, 0.087, 48
update,   2930,  293, 226360, 151.871303, 0.000000
train,    2931, 199.056298,  120, 0.00,   12, 0.000, 0.000, 0.087, 48
train,    2932, 224.167582,  107, 0.00,   12, 0.000, 0.000, 0.087, 48
train,    2933, 242.983919,  110, 0.00,   10, 0.000, 0.000, 0.087, 48
train,    2934, 223.134297,  100, 0.00,   17, 0.000, 0.000, 0.087, 48
train,    2935, 219.095886,   95, 0.00,   15, 0.000, 0.000, 0.087, 48
train,    2936, 172.475574,  118, 0.00,   13, 0.000, 0.000, 0.087, 48
train,    2937, 219.208818,   93, 0.00,   12, 0.000, 0.000, 0.086, 48
train,    2938, 204.728098,  119, 0.00,   11, 0.000, 0.000, 0.086, 48
train,    2939, 185.222628,  120, 0.00,   14, 0.000, 0.000, 0.086, 48
train,    2940, 109.243788,   64, 1.00,   11, 0.000, 0.000, 0.086, 48
update,   2940,  294, 227406, 152.558682, 0.000000
train,    2941, 120.970480,   66, 1.00,   11, 0.000, 0.000, 0.086, 48
train,    2942, 234.800150,  108, 0.00,   15, 0.000, 0.000, 0.086, 48
train,    2943, 219.418549,  117, 0.00,   13, 0.000, 0.000, 0.086, 48
train,    2944, 222.166877,  102, 0.00,   13, 0.000, 0.000, 0.086, 48
train,    2945, 230.020780,   96, 0.00,   14, 0.000, 0.000, 0.086, 48
train,    2946, 196.640271,  104, 0.00,   14, 0.000, 0.000, 0.086, 48
train,    2947, 225.324676,  105, 0.00,   14, 0.000, 0.000, 0.086, 48
train,    2948, 207.794143,   99, 0.00,   14, 0.000, 0.000, 0.086, 48
train,    2949, 205.531797,  120, 0.00,   12, 0.000, 0.000, 0.086, 48
train,    2950, 192.189874,   91, 0.00,   15, 0.000, 0.000, 0.086, 48
update,   2950,  295, 228414, 119.957996, 0.000000
train,    2951, 225.429764,  106, 0.00,   15, 0.000, 0.000, 0.086, 48
train,    2952, 199.358272,   98, 0.00,   16, 0.000, 0.000, 0.086, 48
train,    2953, 111.657327,   65, 1.00,   11, 0.000, 0.000, 0.086, 48
train,    2954, 224.733533,  108, 0.00,   12, 0.000, 0.000, 0.086, 48
train,    2955, 229.477955,  120, 0.00,   13, 0.000, 0.000, 0.086, 48
train,    2956, 184.247445,   98, 0.00,   15, 0.000, 0.000, 0.086, 48
train,    2957, 214.692926,  101, 0.00,   13, 0.000, 0.000, 0.086, 48
train,    2958, 228.590726,  112, 0.00,   13, 0.000, 0.000, 0.086, 48
train,    2959, 196.251128,   95, 0.00,   12, 0.000, 0.000, 0.086, 48
train,    2960, 225.923638,   96, 0.00,   15, 0.000, 0.000, 0.086, 48
update,   2960,  296, 229413, 132.143886, 0.000000
train,    2961, 178.686474,   84, 1.00,   12, 0.000, 0.000, 0.086, 48
train,    2962, 195.256835,  102, 0.00,   14, 0.000, 0.000, 0.086, 48
train,    2963, 197.217911,  111, 0.00,   12, 0.000, 0.000, 0.086, 48
train,    2964, 204.956992,  116, 0.00,   14, 0.000, 0.000, 0.086, 48
train,    2965, 196.664491,  102, 0.00,   11, 0.000, 0.000, 0.086, 48
train,    2966, 241.511933,   92, 0.00,   13, 0.000, 0.000, 0.085, 48
train,    2967, 219.604060,  114, 0.00,   14, 0.000, 0.000, 0.085, 48
train,    2968, 75.225070,   54, 1.00,    9, 0.000, 0.000, 0.085, 48
train,    2969, 208.262231,   93, 0.00,   15, 0.000, 0.000, 0.085, 48
train,    2970, 200.758297,  112, 0.00,   10, 0.000, 0.000, 0.085, 48
update,   2970,  297, 230393, 157.987032, 0.000000
train,    2971, 212.239812,   88, 0.00,   13, 0.000, 0.000, 0.085, 48
train,    2972, 223.572151,  111, 0.00,   12, 0.000, 0.000, 0.085, 48
train,    2973, 233.439014,  110, 0.00,   13, 0.000, 0.000, 0.085, 48
train,    2974, 200.923971,  102, 0.00,   13, 0.000, 0.000, 0.085, 48
train,    2975, 189.405116,  101, 0.00,   13, 0.000, 0.000, 0.085, 48
train,    2976, 224.002924,   97, 0.00,   15, 0.000, 0.000, 0.085, 48
train,    2977, 185.841795,  104, 0.00,   12, 0.000, 0.000, 0.085, 48
train,    2978, 111.702828,   65, 1.00,    9, 0.000, 0.000, 0.085, 48
train,    2979, 256.306212,  120, 0.00,   14, 0.000, 0.000, 0.085, 48
train,    2980, 240.188260,   79, 0.00,   15, 0.000, 0.000, 0.085, 48
update,   2980,  298, 231370, 135.601291, 0.000000
train,    2981, 218.002771,  107, 0.00,   16, 0.000, 0.000, 0.085, 48
train,    2982, 141.233895,   77, 1.00,   13, 0.000, 0.000, 0.085, 48
train,    2983, 194.458637,  111, 0.00,   14, 0.000, 0.000, 0.085, 48
train,    2984, 260.000000,  104, 0.00,   13, 0.000, 0.000, 0.085, 48
train,    2985, 217.241497,  107, 0.00,   15, 0.000, 0.000, 0.085, 48
train,    2986, 212.498620,   92, 0.00,   13, 0.000, 0.000, 0.085, 48
train,    2987, 128.323552,   48, 1.00,   11, 0.000, 0.000, 0.085, 48
train,    2988, 208.529073,  112, 0.00,   14, 0.000, 0.000, 0.085, 48
train,    2989, 227.686794,  106, 0.00,   13, 0.000, 0.000, 0.085, 48
train,    2990, 206.137680,  118, 0.00,   15, 0.000, 0.000, 0.085, 48
update,   2990,  299, 232352, 150.713520, 0.000000
train,    2991, 199.933260,   98, 0.00,   12, 0.000, 0.000, 0.085, 48
train,    2992, 206.014907,  114, 0.00,   13, 0.000, 0.000, 0.085, 48
train,    2993, 219.012874,   97, 0.00,   13, 0.000, 0.000, 0.085, 48
train,    2994, 245.102415,  110, 0.00,   16, 0.000, 0.000, 0.085, 48
train,    2995, 228.413270,   95, 0.00,   14, 0.000, 0.000, 0.084, 48
train,    2996, 216.981190,  108, 0.00,   13, 0.000, 0.000, 0.084, 48
train,    2997, 194.490810,  109, 0.00,   15, 0.000, 0.000, 0.084, 48
train,    2998, 224.795457,  102, 0.00,   12, 0.000, 0.000, 0.084, 48
train,    2999, 117.740828,   71, 1.00,   11, 0.000, 0.000, 0.084, 48
train,    3000, 252.453844,   89, 0.00,   12, 0.000, 0.000, 0.084, 48
update,   3000,  300, 233345, 160.098781, 0.000000
val_t, 3000, 233345, 145.323494, 0.0899,  79.5970,   0.1031, 0.8571,  27.2082, progress 0.8895
train,    3001, 218.865102,  101, 0.00,   13, 0.000, 0.000, 0.084, 48
train,    3002, 230.140987,  110, 0.00,   14, 0.000, 0.000, 0.084, 48
train,    3003, 203.680737,  120, 0.00,   11, 0.000, 0.000, 0.084, 48
train,    3004, 232.614045,  110, 0.00,   14, 0.000, 0.000, 0.084, 48
train,    3005, 202.752413,   93, 0.00,   14, 0.000, 0.000, 0.084, 48
train,    3006, 245.730011,  100, 0.00,   14, 0.000, 0.000, 0.084, 48
train,    3007, 220.610812,  115, 0.00,   12, 0.000, 0.000, 0.084, 48
train,    3008, 216.380957,  106, 0.00,   13, 0.000, 0.000, 0.084, 48
train,    3009, 222.576628,  120, 0.00,   14, 0.000, 0.000, 0.084, 48
train,    3010, 238.882950,   95, 0.00,   16, 0.000, 0.000, 0.084, 48
update,   3010,  301, 234415, 177.229116, 0.000000
train,    3011, 211.190436,  101, 0.00,   15, 0.000, 0.000, 0.084, 48
train,    3012, 205.414069,  112, 0.00,   15, 0.000, 0.000, 0.084, 48
train,    3013, 196.331778,  113, 0.00,   11, 0.000, 0.000, 0.084, 48
train,    3014, 192.961681,  102, 0.00,   13, 0.000, 0.000, 0.084, 48
train,    3015, 226.759395,  115, 0.00,   13, 0.000, 0.000, 0.084, 48
train,    3016, 75.226532,   47, 1.00,   10, 0.000, 0.000, 0.084, 48
train,    3017, 218.076043,  112, 0.00,   17, 0.000, 0.000, 0.084, 48
train,    3018, 224.997374,   97, 0.00,   14, 0.000, 0.000, 0.084, 48
train,    3019, 182.095875,  106, 0.00,   13, 0.000, 0.000, 0.084, 48
train,    3020, 115.021584,   69, 1.00,   11, 0.000, 0.000, 0.084, 48
update,   3020,  302, 235389, 149.931167, 0.000000
train,    3021, 211.980283,  120, 0.00,   14, 0.000, 0.000, 0.084, 48
train,    3022, 235.766363,  106, 0.00,   14, 0.000, 0.000, 0.084, 48
train,    3023, 147.741446,   76, 1.00,   14, 0.000, 0.000, 0.084, 48
train,    3024, 99.228561,   53, 1.00,    9, 0.000, 0.000, 0.084, 48
train,    3025, 110.598260,   75, 1.00,   11, 0.000, 0.000, 0.083, 48
train,    3026, 184.124040,  108, 0.00,   13, 0.000, 0.000, 0.083, 48
train,    3027, 215.408765,  117, 0.00,   14, 0.000, 0.000, 0.083, 48
train,    3028, 127.989818,   55, 1.00,   12, 0.000, 0.000, 0.083, 48
train,    3029, 224.583430,  103, 0.00,   13, 0.000, 0.000, 0.083, 48
train,    3030, 212.681805,  101, 0.00,   14, 0.000, 0.000, 0.083, 48
update,   3030,  303, 236303, 177.276021, 0.000000
train,    3031, 206.720603,  120, 0.00,    9, 0.000, 0.000, 0.083, 48
train,    3032, 204.055232,  119, 0.00,   14, 0.000, 0.000, 0.083, 48
train,    3033, 230.033974,   95, 0.00,   14, 0.000, 0.000, 0.083, 48
train,    3034, 218.999654,  107, 0.00,   15, 0.000, 0.000, 0.083, 48
train,    3035, 250.814892,  120, 0.00,   13, 0.000, 0.000, 0.083, 48
train,    3036, 231.184289,  108, 0.00,   15, 0.000, 0.000, 0.083, 48
train,    3037, 229.638443,  112, 0.00,   15, 0.000, 0.000, 0.083, 48
train,    3038, 198.404602,  101, 0.00,   12, 0.000, 0.000, 0.083, 48
train,    3039, 209.943285,  119, 0.00,   12, 0.000, 0.000, 0.083, 48
train,    3040, 127.999363,   74, 1.00,   12, 0.000, 0.000, 0.083, 48
update,   3040,  304, 237378, 164.151919, 0.000000
train,    3041, 234.515963,  101, 0.00,   15, 0.000, 0.000, 0.083, 48
train,    3042, 189.273227,  119, 0.00,   15, 0.000, 0.000, 0.083, 48
train,    3043, 254.867477,  120, 0.00,   14, 0.000, 0.000, 0.083, 48
train,    3044, 116.441158,   71, 1.00,   12, 0.000, 0.000, 0.083, 48
train,    3045, 260.000000,  113, 0.00,   12, 0.000, 0.000, 0.083, 48
train,    3046, 221.285601,   93, 0.00,   13, 0.000, 0.000, 0.083, 48
train,    3047, 134.636186,   78, 1.00,   13, 0.000, 0.000, 0.083, 48
train,    3048, 78.508493,   59, 1.00,    8, 0.000, 0.000, 0.083, 48
train,    3049, 177.622399,   86, 1.00,   13, 0.000, 0.000, 0.083, 48
train,    3050, 236.535999,  108, 0.00,   15, 0.000, 0.000, 0.083, 48
update,   3050,  305, 238326, 161.557971, 0.000000
train,    3051, 252.384958,  111, 0.00,   13, 0.000, 0.000, 0.083, 48
train,    3052, 178.429284,  102, 0.00,   15, 0.000, 0.000, 0.083, 48
train,    3053, 213.521804,  105, 0.00,   13, 0.000, 0.000, 0.083, 48
train,    3054, 196.995313,  104, 0.00,   13, 0.000, 0.000, 0.083, 48
train,    3055, 248.955385,  120, 0.00,   13, 0.000, 0.000, 0.082, 48
train,    3056, 189.497662,  102, 0.00,   13, 0.000, 0.000, 0.082, 48
train,    3057, 241.309565,  109, 0.00,   13, 0.000, 0.000, 0.082, 48
train,    3058, 227.589332,  107, 0.00,   11, 0.000, 0.000, 0.082, 48
train,    3059, 127.656351,   71, 1.00,   12, 0.000, 0.000, 0.082, 48
train,    3060, 180.000000,   97, 1.00,   15, 0.000, 0.000, 0.082, 48
update,   3060,  306, 239354, 163.795124, 0.000000
train,    3061, 260.000000,   96, 0.00,   13, 0.000, 0.000, 0.082, 48
train,    3062, 194.728927,  104, 0.00,   14, 0.000, 0.000, 0.082, 48
train,    3063, 236.378896,  115, 0.00,   14, 0.000, 0.000, 0.082, 48
train,    3064, 227.485784,  120, 0.00,   14, 0.000, 0.000, 0.082, 48
train,    3065, 225.467759,   92, 0.00,   16, 0.000, 0.000, 0.082, 48
train,    3066, 201.754460,  119, 0.00,   14, 0.000, 0.000, 0.082, 48
train,    3067, 211.134224,  107, 0.00,   12, 0.000, 0.000, 0.082, 48
train,    3068, 199.857860,   92, 0.00,   16, 0.000, 0.000, 0.082, 48
train,    3069, 222.486224,  109, 0.00,   16, 0.000, 0.000, 0.082, 48
train,    3070, 187.176860,  107, 0.00,   13, 0.000, 0.000, 0.082, 48
update,   3070,  307, 240415, 175.403817, 0.000000
train,    3071, 211.226680,   89, 0.00,   13, 0.000, 0.000, 0.082, 48
train,    3072, 212.256418,  106, 0.00,   14, 0.000, 0.000, 0.082, 48
train,    3073, 212.919272,  107, 0.00,   12, 0.000, 0.000, 0.082, 48
train,    3074, 219.625859,   97, 0.00,   13, 0.000, 0.000, 0.082, 48
train,    3075, 205.928232,   92, 0.00,   15, 0.000, 0.000, 0.082, 48
train,    3076, 236.173289,  118, 0.00,   16, 0.000, 0.000, 0.082, 48
train,    3077, 204.818817,  107, 0.00,   11, 0.000, 0.000, 0.082, 48
train,    3078, 213.245182,  114, 0.00,   14, 0.000, 0.000, 0.082, 48
train,    3079, 206.111798,   96, 0.00,   13, 0.000, 0.000, 0.082, 48
train,    3080, 215.507221,  104, 0.00,   12, 0.000, 0.000, 0.082, 48
update,   3080,  308, 241445, 170.380524, 0.000000
train,    3081, 228.029190,  105, 0.00,   11, 0.000, 0.000, 0.082, 48
train,    3082, 209.996989,   91, 0.00,   14, 0.000, 0.000, 0.082, 48
train,    3083, 115.543378,   80, 1.00,   11, 0.000, 0.000, 0.082, 48
train,    3084, 245.737543,   87, 0.00,   15, 0.000, 0.000, 0.082, 48
train,    3085, 209.836599,   98, 0.00,   15, 0.000, 0.000, 0.081, 48
train,    3086, 205.634068,  102, 0.00,   12, 0.000, 0.000, 0.081, 48
train,    3087, 79.491524,   59, 1.00,   12, 0.000, 0.000, 0.081, 48
train,    3088, 199.605297,   94, 0.00,   17, 0.000, 0.000, 0.081, 48
train,    3089, 223.027111,  106, 0.00,   13, 0.000, 0.000, 0.081, 48
train,    3090, 215.423190,  103, 0.00,   15, 0.000, 0.000, 0.081, 48
update,   3090,  309, 242370, 170.969137, 0.000000
train,    3091, 235.818410,   70, 0.00,   14, 0.000, 0.000, 0.081, 48
train,    3092, 183.786525,   97, 0.00,   14, 0.000, 0.000, 0.081, 48
train,    3093, 238.466257,   93, 0.00,   15, 0.000, 0.000, 0.081, 48
train,    3094, 240.120217,  106, 0.00,   13, 0.000, 0.000, 0.081, 48
train,    3095, 187.111132,  101, 0.00,   16, 0.000, 0.000, 0.081, 48
train,    3096, 209.447546,   97, 0.00,   14, 0.000, 0.000, 0.081, 48
train,    3097, 215.300252,   95, 0.00,   13, 0.000, 0.000, 0.081, 48
train,    3098, 251.909334,  120, 0.00,   13, 0.000, 0.000, 0.081, 48
train,    3099, 215.955636,  107, 0.00,   15, 0.000, 0.000, 0.081, 48
train,    3100, 119.055766,   62, 1.00,   11, 0.000, 0.000, 0.081, 48
update,   3100,  310, 243318, 161.311182, 0.000000
val_t, 3100, 243318, 133.270828, 0.1206,  79.7997,   0.0854, 0.8426,  27.9023, progress 0.8749
train,    3101, 231.420930,   88, 0.00,   14, 0.000, 0.000, 0.081, 48
train,    3102, 219.297128,  120, 0.00,   15, 0.000, 0.000, 0.081, 48
train,    3103, 215.499652,   80, 0.00,   15, 0.000, 0.000, 0.081, 48
train,    3104, 260.000000,  102, 0.00,   15, 0.000, 0.000, 0.081, 48
train,    3105, 229.031830,  120, 0.00,   13, 0.000, 0.000, 0.081, 48
train,    3106, 100.698726,   57, 1.00,   10, 0.000, 0.000, 0.081, 48
train,    3107, 220.480369,   99, 0.00,   13, 0.000, 0.000, 0.081, 48
train,    3108, 212.427807,  112, 0.00,   12, 0.000, 0.000, 0.081, 48
train,    3109, 224.658721,   99, 0.00,   11, 0.000, 0.000, 0.081, 48
train,    3110, 224.272952,   93, 0.00,   14, 0.000, 0.000, 0.081, 48
update,   3110,  311, 244288, 153.933307, 0.000000
train,    3111, 222.776989,  113, 0.00,   13, 0.000, 0.000, 0.081, 48
train,    3112, 229.297362,   98, 0.00,   14, 0.000, 0.000, 0.081, 48
train,    3113, 232.654464,   92, 0.00,   14, 0.000, 0.000, 0.081, 48
train,    3114, 232.673099,   99, 0.00,   14, 0.000, 0.000, 0.081, 48
train,    3115, 233.143361,  119, 0.00,   15, 0.000, 0.000, 0.081, 48
train,    3116, 207.048547,   94, 0.00,   12, 0.000, 0.000, 0.080, 48
train,    3117, 227.981286,  107, 0.00,   13, 0.000, 0.000, 0.080, 48
train,    3118, 217.171680,  104, 0.00,   16, 0.000, 0.000, 0.080, 48
train,    3119, 79.591559,   57, 1.00,   11, 0.000, 0.000, 0.080, 48
train,    3120, 221.391807,   93, 0.00,   12, 0.000, 0.000, 0.080, 48
update,   3120,  312, 245264, 181.511062, 0.000000
train,    3121, 231.822848,   97, 0.00,   13, 0.000, 0.000, 0.080, 48
train,    3122, 180.000000,   97, 1.00,   15, 0.000, 0.000, 0.080, 48
train,    3123, 210.891671,   89, 0.00,   13, 0.000, 0.000, 0.080, 48
train,    3124, 235.877246,   96, 0.00,   14, 0.000, 0.000, 0.080, 48
train,    3125, 234.498508,  108, 0.00,   14, 0.000, 0.000, 0.080, 48
train,    3126, 218.392430,  103, 0.00,   16, 0.000, 0.000, 0.080, 48
train,    3127, 154.284380,   73, 1.00,    9, 0.000, 0.000, 0.080, 48
train,    3128, 231.419300,  108, 0.00,   14, 0.000, 0.000, 0.080, 48
train,    3129, 228.042969,   96, 0.00,   16, 0.000, 0.000, 0.080, 48
train,    3130, 222.546814,   94, 0.00,   13, 0.000, 0.000, 0.080, 48
update,   3130,  313, 246225, 188.674339, 0.000000
train,    3131, 204.975962,   81, 0.00,   16, 0.000, 0.000, 0.080, 48
train,    3132, 205.438925,   88, 0.00,   15, 0.000, 0.000, 0.080, 48
train,    3133, 212.893355,   97, 0.00,   12, 0.000, 0.000, 0.080, 48
train,    3134, 125.423318,   71, 1.00,   14, 0.000, 0.000, 0.080, 48
train,    3135, 212.197270,   96, 0.00,   12, 0.000, 0.000, 0.080, 48
train,    3136, 214.951808,   96, 0.00,   13, 0.000, 0.000, 0.080, 48
train,    3137, 216.849193,  120, 0.00,   13, 0.000, 0.000, 0.080, 48
train,    3138, 48.518549,   61, 1.00,    9, 0.000, 0.000, 0.080, 48
train,    3139, 237.332716,  100, 0.00,   15, 0.000, 0.000, 0.080, 48
train,    3140, 226.367324,  106, 0.00,   14, 0.000, 0.000, 0.080, 48
update,   3140,  314, 247141, 169.094989, 0.000000
train,    3141, 184.019275,  108, 0.00,   14, 0.000, 0.000, 0.080, 48
train,    3142, 233.598445,  110, 0.00,   11, 0.000, 0.000, 0.080, 48
train,    3143, 199.230843,   89, 0.00,   13, 0.000, 0.000, 0.080, 48
train,    3144, 203.956794,   92, 0.00,   10, 0.000, 0.000, 0.080, 48
train,    3145, 212.050678,   97, 0.00,   16, 0.000, 0.000, 0.080, 48
train,    3146, 205.803444,   99, 0.00,   13, 0.000, 0.000, 0.080, 48
train,    3147, 260.000000,   99, 0.00,   14, 0.000, 0.000, 0.079, 48
train,    3148, 226.187970,   93, 0.00,   15, 0.000, 0.000, 0.079, 48
train,    3149, 217.491302,   94, 0.00,   12, 0.000, 0.000, 0.079, 48
train,    3150, 210.150310,   96, 0.00,   15, 0.000, 0.000, 0.079, 48
update,   3150,  315, 248118, 166.784112, 0.000000
train,    3151, 216.926235,   90, 0.00,   13, 0.000, 0.000, 0.079, 48
train,    3152, 226.446652,  104, 0.00,   14, 0.000, 0.000, 0.079, 48
train,    3153, 225.353803,  109, 0.00,   15, 0.000, 0.000, 0.079, 48
train,    3154, 245.649011,  107, 0.00,   13, 0.000, 0.000, 0.079, 48
train,    3155, 256.456531,  117, 0.00,   14, 0.000, 0.000, 0.079, 48
train,    3156, 239.405711,   92, 0.00,   15, 0.000, 0.000, 0.079, 48
train,    3157, 190.615612,   95, 0.00,   12, 0.000, 0.000, 0.079, 48
train,    3158, 203.369057,   76, 0.00,   14, 0.000, 0.000, 0.079, 48
train,    3159, 115.375269,   75, 1.00,   10, 0.000, 0.000, 0.079, 48
train,    3160, 224.760006,   80, 0.00,   11, 0.000, 0.000, 0.079, 48
update,   3160,  316, 249063, 150.153866, 0.000000
train,    3161, 126.567300,   65, 1.00,   13, 0.000, 0.000, 0.079, 48
train,    3162, 139.809209,   57, 1.00,   13, 0.000, 0.000, 0.079, 48
train,    3163, 203.697721,  101, 0.00,   13, 0.000, 0.000, 0.079, 48
train,    3164, 194.629205,   98, 0.00,   14, 0.000, 0.000, 0.079, 48
train,    3165, 111.352067,   75, 1.00,   10, 0.000, 0.000, 0.079, 48
train,    3166, 241.376408,   88, 0.00,   15, 0.000, 0.000, 0.079, 48
train,    3167, 182.060266,   92, 0.00,   14, 0.000, 0.000, 0.079, 48
train,    3168, 237.445303,   93, 0.00,   13, 0.000, 0.000, 0.079, 48
train,    3169, 192.735151,   90, 0.00,   12, 0.000, 0.000, 0.079, 48
train,    3170, 227.590311,   98, 0.00,   15, 0.000, 0.000, 0.079, 48
update,   3170,  317, 249920, 168.817578, 0.000000
train,    3171, 205.936700,   99, 0.00,   16, 0.000, 0.000, 0.079, 48
train,    3172, 229.040028,   88, 0.00,   13, 0.000, 0.000, 0.079, 48
train,    3173, 160.718375,   84, 1.00,   10, 0.000, 0.000, 0.079, 48
train,    3174, 165.791444,   83, 0.00,   13, 0.000, 0.000, 0.079, 48
train,    3175, 241.292995,  108, 0.00,   15, 0.000, 0.000, 0.079, 48
train,    3176, 190.315967,   92, 0.00,   14, 0.000, 0.000, 0.079, 48
train,    3177, 226.816311,  106, 0.00,   12, 0.000, 0.000, 0.079, 48
train,    3178, 207.565615,  103, 0.00,   15, 0.000, 0.000, 0.079, 48
train,    3179, 212.988562,   91, 0.00,   11, 0.000, 0.000, 0.078, 48
train,    3180, 154.020894,   77, 1.00,   11, 0.000, 0.000, 0.078, 48
update,   3180,  318, 250851, 157.114045, 0.000000
train,    3181, 196.055282,   89, 0.00,   13, 0.000, 0.000, 0.078, 48
train,    3182, 208.394847,   87, 0.00,   12, 0.000, 0.000, 0.078, 48
train,    3183, 224.478021,   94, 0.00,   13, 0.000, 0.000, 0.078, 48
train,    3184, 185.300118,   81, 0.00,   12, 0.000, 0.000, 0.078, 48
train,    3185, 215.097671,   82, 0.00,   15, 0.000, 0.000, 0.078, 48
train,    3186, 243.074875,   92, 0.00,   14, 0.000, 0.000, 0.078, 48
train,    3187, 206.316185,   98, 0.00,   12, 0.000, 0.000, 0.078, 48
train,    3188, 220.079727,   73, 0.00,   12, 0.000, 0.000, 0.078, 48
train,    3189, 220.478557,   99, 0.00,   13, 0.000, 0.000, 0.078, 48
train,    3190, 225.816087,   99, 0.00,   14, 0.000, 0.000, 0.078, 48
update,   3190,  319, 251745, 161.452737, 0.000000
train,    3191, 103.642168,   61, 1.00,   12, 0.000, 0.000, 0.078, 48
train,    3192, 203.772066,   83, 0.00,   14, 0.000, 0.000, 0.078, 48
train,    3193, 199.586372,   75, 0.00,   12, 0.000, 0.000, 0.078, 48
train,    3194, 205.470602,   94, 0.00,   15, 0.000, 0.000, 0.078, 48
train,    3195, 207.558696,   90, 0.00,   17, 0.000, 0.000, 0.078, 48
train,    3196, 199.151132,   87, 0.00,   14, 0.000, 0.000, 0.078, 48
train,    3197, 234.261585,  103, 0.00,   15, 0.000, 0.000, 0.078, 48
train,    3198, 215.775082,   91, 0.00,   12, 0.000, 0.000, 0.078, 48
train,    3199, 227.601361,   84, 0.00,   14, 0.000, 0.000, 0.078, 48
train,    3200, 162.886508,   89, 1.00,   11, 0.000, 0.000, 0.078, 48
update,   3200,  320, 252602, 166.833254, 0.000000
val_t, 3200, 252602, 154.828272, 0.0559,  75.2532,   0.1040, 0.8573,  27.4643, progress 0.9110
train,    3201, 231.649803,  108, 0.00,   14, 0.000, 0.000, 0.078, 48
train,    3202, 123.256539,   48, 1.00,   12, 0.000, 0.000, 0.078, 48
train,    3203, 236.669646,   94, 0.00,   14, 0.000, 0.000, 0.078, 48
train,    3204, 78.550619,   47, 1.00,   11, 0.000, 0.000, 0.078, 48
train,    3205, 124.114021,   62, 1.00,   11, 0.000, 0.000, 0.078, 48
train,    3206, 208.449808,  113, 0.00,   14, 0.000, 0.000, 0.078, 48
train,    3207, 138.049977,   78, 1.00,   11, 0.000, 0.000, 0.078, 48
train,    3208, 150.736594,   84, 1.00,   10, 0.000, 0.000, 0.078, 48
train,    3209, 228.011931,  108, 0.00,   14, 0.000, 0.000, 0.078, 48
train,    3210, 213.352896,  116, 0.00,   14, 0.000, 0.000, 0.078, 48
update,   3210,  321, 253460, 158.067633, 0.000000
train,    3211, 199.941035,  103, 0.00,   14, 0.000, 0.000, 0.077, 48
train,    3212, 191.023868,   96, 0.00,   12, 0.000, 0.000, 0.077, 48
train,    3213, 233.368238,   96, 0.00,   13, 0.000, 0.000, 0.077, 48
train,    3214, 203.456881,  117, 0.00,   15, 0.000, 0.000, 0.077, 48
train,    3215, 233.882638,  115, 0.00,   12, 0.000, 0.000, 0.077, 48
train,    3216, 208.367360,   81, 0.00,   14, 0.000, 0.000, 0.077, 48
train,    3217, 225.693436,   97, 0.00,   14, 0.000, 0.000, 0.077, 48
train,    3218, 179.660019,   86, 0.00,   11, 0.000, 0.000, 0.077, 48
train,    3219, 205.898142,   71, 0.00,   13, 0.000, 0.000, 0.077, 48
train,    3220, 240.539280,   88, 0.00,   13, 0.000, 0.000, 0.077, 48
update,   3220,  322, 254410, 163.098588, 0.000000
train,    3221, 248.661138,  120, 0.00,   14, 0.000, 0.000, 0.077, 48
train,    3222, 109.796265,   75, 1.00,   10, 0.000, 0.000, 0.077, 48
train,    3223, 210.859160,   92, 0.00,   14, 0.000, 0.000, 0.077, 48
train,    3224, 224.114984,   91, 0.00,   14, 0.000, 0.000, 0.077, 48
train,    3225, 204.769098,  101, 0.00,   12, 0.000, 0.000, 0.077, 48
train,    3226, 246.953429,   70, 0.00,   14, 0.000, 0.000, 0.077, 48
train,    3227, 233.362589,   78, 0.00,   12, 0.000, 0.000, 0.077, 48
train,    3228, 111.747403,   78, 1.00,   13, 0.000, 0.000, 0.077, 48
train,    3229, 205.951362,   82, 0.00,   12, 0.000, 0.000, 0.077, 48
train,    3230, 258.907736,   83, 0.00,   11, 0.000, 0.000, 0.077, 48
update,   3230,  323, 255280, 167.128512, 0.000000
train,    3231, 187.937771,   86, 0.00,   14, 0.000, 0.000, 0.077, 48
train,    3232, 220.719162,   87, 0.00,   12, 0.000, 0.000, 0.077, 48
train,    3233, 235.217520,  109, 0.00,   13, 0.000, 0.000, 0.077, 48
train,    3234, 222.437651,   76, 0.00,   15, 0.000, 0.000, 0.077, 48
train,    3235, 246.458515,  103, 0.00,   12, 0.000, 0.000, 0.077, 48
train,    3236, 232.724459,   87, 0.00,   12, 0.000, 0.000, 0.077, 48
train,    3237, 218.696568,  109, 0.00,   13, 0.000, 0.000, 0.077, 48
train,    3238, 141.882916,   82, 1.00,   10, 0.000, 0.000, 0.077, 48
train,    3239, 96.929513,   67, 1.00,   12, 0.000, 0.000, 0.077, 48
train,    3240, 249.997003,   90, 0.00,   12, 0.000, 0.000, 0.077, 48
update,   3240,  324, 256176, 177.625730, 0.000000
train,    3241, 101.661700,   57, 1.00,    9, 0.000, 0.000, 0.077, 48
train,    3242, 224.486029,   92, 0.00,   13, 0.000, 0.000, 0.077, 48
train,    3243, 224.514719,  101, 0.00,   13, 0.000, 0.000, 0.077, 48
train,    3244, 116.576605,   66, 1.00,   13, 0.000, 0.000, 0.076, 48
train,    3245, 232.772108,   91, 0.00,   15, 0.000, 0.000, 0.076, 48
train,    3246, 187.251311,   94, 0.00,   15, 0.000, 0.000, 0.076, 48
train,    3247, 190.171383,   90, 0.00,   14, 0.000, 0.000, 0.076, 48
train,    3248, 202.735705,   83, 0.00,   14, 0.000, 0.000, 0.076, 48
train,    3249, 109.221506,   56, 1.00,   10, 0.000, 0.000, 0.076, 48
train,    3250, 212.951355,   89, 0.00,   14, 0.000, 0.000, 0.076, 48
update,   3250,  325, 256995, 161.113842, 0.000000
train,    3251, 232.214834,   89, 0.00,   14, 0.000, 0.000, 0.076, 48
train,    3252, 219.071690,   89, 0.00,   14, 0.000, 0.000, 0.076, 48
train,    3253, 132.859922,   92, 1.00,   14, 0.000, 0.000, 0.076, 48
train,    3254, 245.987159,  105, 0.00,   15, 0.000, 0.000, 0.076, 48
train,    3255, 136.015527,   62, 1.00,   10, 0.000, 0.000, 0.076, 48
train,    3256, 199.528426,   97, 0.00,   15, 0.000, 0.000, 0.076, 48
train,    3257, 243.840931,   74, 0.00,   14, 0.000, 0.000, 0.076, 48
train,    3258, 222.612742,   88, 0.00,   13, 0.000, 0.000, 0.076, 48
train,    3259, 166.241843,   81, 1.00,   13, 0.000, 0.000, 0.076, 48
train,    3260, 133.238405,   74, 1.00,   14, 0.000, 0.000, 0.076, 48
update,   3260,  326, 257846, 155.758912, 0.000000
train,    3261, 235.908497,   85, 0.00,   13, 0.000, 0.000, 0.076, 48
train,    3262, 202.916363,   99, 0.00,   13, 0.000, 0.000, 0.076, 48
train,    3263, 193.489709,   94, 0.00,   13, 0.000, 0.000, 0.076, 48
train,    3264, 203.053910,   72, 0.00,   14, 0.000, 0.000, 0.076, 48
train,    3265, 214.685774,   90, 0.00,   15, 0.000, 0.000, 0.076, 48
train,    3266, 183.003523,  104, 0.00,   15, 0.000, 0.000, 0.076, 48
train,    3267, 90.781334,   77, 1.00,   11, 0.000, 0.000, 0.076, 48
train,    3268, 216.203432,  112, 0.00,   15, 0.000, 0.000, 0.076, 48
train,    3269, 77.145969,   48, 1.00,    9, 0.000, 0.000, 0.076, 48
train,    3270, 196.176445,   96, 0.00,   13, 0.000, 0.000, 0.076, 48
update,   3270,  327, 258723, 171.750743, 0.000000
train,    3271, 212.283076,   88, 0.00,   14, 0.000, 0.000, 0.076, 48
train,    3272, 225.439084,   70, 0.00,   15, 0.000, 0.000, 0.076, 48
train,    3273, 217.346217,   78, 0.00,   13, 0.000, 0.000, 0.076, 48
train,    3274, 208.336099,  104, 0.00,   14, 0.000, 0.000, 0.076, 48
train,    3275, 228.878981,   85, 0.00,   14, 0.000, 0.000, 0.076, 48
train,    3276, 213.155254,   81, 0.00,   12, 0.000, 0.000, 0.075, 48
train,    3277, 235.313897,  102, 0.00,   14, 0.000, 0.000, 0.075, 48
train,    3278, 197.078651,   80, 0.00,   13, 0.000, 0.000, 0.075, 48
train,    3279, 110.443460,   69, 1.00,   12, 0.000, 0.000, 0.075, 48
train,    3280, 200.571768,   90, 0.00,   13, 0.000, 0.000, 0.075, 48
update,   3280,  328, 259570, 153.732409, 0.000000
train,    3281, 199.620138,   87, 0.00,   14, 0.000, 0.000, 0.075, 48
train,    3282, 192.203143,   74, 0.00,   14, 0.000, 0.000, 0.075, 48
train,    3283, 209.467200,   97, 0.00,   15, 0.000, 0.000, 0.075, 48
train,    3284, 202.034089,   94, 0.00,   13, 0.000, 0.000, 0.075, 48
train,    3285, 214.988149,   95, 0.00,   13, 0.000, 0.000, 0.075, 48
train,    3286, 220.741512,   78, 0.00,   13, 0.000, 0.000, 0.075, 48
train,    3287, 229.723491,   83, 0.00,   15, 0.000, 0.000, 0.075, 48
train,    3288, 135.225469,   92, 1.00,   12, 0.000, 0.000, 0.075, 48
train,    3289, 210.521736,   96, 0.00,   14, 0.000, 0.000, 0.075, 48
train,    3290, 172.862326,   79, 0.00,   15, 0.000, 0.000, 0.075, 48
update,   3290,  329, 260445, 172.944702, 0.000000
train,    3291, 205.314310,   94, 0.00,   15, 0.000, 0.000, 0.075, 48
train,    3292, 226.299435,   82, 0.00,   13, 0.000, 0.000, 0.075, 48
train,    3293, 221.227461,  104, 0.00,   12, 0.000, 0.000, 0.075, 48
train,    3294, 219.236202,   78, 0.00,   13, 0.000, 0.000, 0.075, 48
train,    3295, 195.834806,   80, 0.00,   14, 0.000, 0.000, 0.075, 48
train,    3296, 195.979889,   97, 0.00,   15, 0.000, 0.000, 0.075, 48
train,    3297, 152.650740,   88, 1.00,   12, 0.000, 0.000, 0.075, 48
train,    3298, 187.299114,   92, 0.00,   13, 0.000, 0.000, 0.075, 48
train,    3299, 220.404271,   89, 0.00,   15, 0.000, 0.000, 0.075, 48
train,    3300, 229.425816,   91, 0.00,   12, 0.000, 0.000, 0.075, 48
update,   3300,  330, 261340, 153.254650, 0.000000
val_t, 3300, 261340, 180.183272, 0.0748,  83.0779,   0.0918, 0.8974,  27.4578, progress 0.8947
train,    3301, 219.210675,   87, 0.00,   13, 0.000, 0.000, 0.075, 48
train,    3302, 217.970634,   88, 0.00,   14, 0.000, 0.000, 0.075, 48
train,    3303, 200.172377,   89, 0.00,   12, 0.000, 0.000, 0.075, 48
train,    3304, 237.183342,  103, 0.00,   13, 0.000, 0.000, 0.075, 48
train,    3305, 215.493620,   78, 0.00,   11, 0.000, 0.000, 0.075, 48
train,    3306, 214.842104,   95, 0.00,   14, 0.000, 0.000, 0.075, 48
train,    3307, 118.350560,   78, 1.00,   11, 0.000, 0.000, 0.075, 48
train,    3308, 214.181492,  110, 0.00,   12, 0.000, 0.000, 0.075, 48
train,    3309, 225.608426,   82, 0.00,   13, 0.000, 0.000, 0.075, 48
train,    3310, 228.662591,   93, 0.00,   14, 0.000, 0.000, 0.074, 48
update,   3310,  331, 262243, 177.254813, 0.000000
train,    3311, 201.161254,   91, 0.00,   13, 0.000, 0.000, 0.074, 48
train,    3312, 237.647165,   87, 0.00,   14, 0.000, 0.000, 0.074, 48
train,    3313, 189.990523,   99, 0.00,   14, 0.000, 0.000, 0.074, 48
train,    3314, 227.615591,   96, 0.00,   13, 0.000, 0.000, 0.074, 48
train,    3315, 216.526878,   98, 0.00,   14, 0.000, 0.000, 0.074, 48
train,    3316, 243.141625,  102, 0.00,   13, 0.000, 0.000, 0.074, 48
train,    3317, 233.552307,  118, 0.00,   12, 0.000, 0.000, 0.074, 48
train,    3318, 199.166552,   86, 0.00,   14, 0.000, 0.000, 0.074, 48
train,    3319, 228.042907,  105, 0.00,   13, 0.000, 0.000, 0.074, 48
train,    3320, 192.973421,   82, 0.00,   16, 0.000, 0.000, 0.074, 48
update,   3320,  332, 263207, 149.868039, 0.000000
train,    3321, 243.012940,  104, 0.00,   13, 0.000, 0.000, 0.074, 48
train,    3322, 231.512863,   98, 0.00,   16, 0.000, 0.000, 0.074, 48
train,    3323, 259.547874,   83, 0.00,   15, 0.000, 0.000, 0.074, 48
train,    3324, 213.233879,   86, 0.00,   13, 0.000, 0.000, 0.074, 48
train,    3325, 210.573942,   88, 0.00,   14, 0.000, 0.000, 0.074, 48
train,    3326, 228.884545,   91, 0.00,   11, 0.000, 0.000, 0.074, 48
train,    3327, 253.033281,   96, 0.00,   14, 0.000, 0.000, 0.074, 48
train,    3328, 217.987509,   85, 0.00,   13, 0.000, 0.000, 0.074, 48
train,    3329, 160.243908,   80, 1.00,   13, 0.000, 0.000, 0.074, 48
train,    3330, 198.003770,   96, 0.00,   14, 0.000, 0.000, 0.074, 48
update,   3330,  333, 264114, 169.378375, 0.000000
train,    3331, 210.456343,  103, 0.00,   16, 0.000, 0.000, 0.074, 48
train,    3332, 240.703815,   85, 0.00,   13, 0.000, 0.000, 0.074, 48
train,    3333, 102.365817,   58, 1.00,   10, 0.000, 0.000, 0.074, 48
train,    3334, 229.329495,   82, 0.00,   13, 0.000, 0.000, 0.074, 48
train,    3335, 228.181294,   99, 0.00,   16, 0.000, 0.000, 0.074, 48
train,    3336, 217.558744,   87, 0.00,   16, 0.000, 0.000, 0.074, 48
train,    3337, 230.652223,   86, 0.00,   15, 0.000, 0.000, 0.074, 48
train,    3338, 212.161033,  107, 0.00,   12, 0.000, 0.000, 0.074, 48
train,    3339, 232.436453,  113, 0.00,   14, 0.000, 0.000, 0.074, 48
train,    3340, 238.046646,   75, 0.00,   16, 0.000, 0.000, 0.074, 48
update,   3340,  334, 265009, 142.977427, 0.000000
train,    3341, 236.716731,   85, 0.00,   11, 0.000, 0.000, 0.074, 48
train,    3342, 216.240199,   89, 0.00,   14, 0.000, 0.000, 0.074, 48
train,    3343, 195.733835,  107, 0.00,   12, 0.000, 0.000, 0.074, 48
train,    3344, 237.691785,   90, 0.00,   13, 0.000, 0.000, 0.073, 48
train,    3345, 214.511817,   82, 0.00,   11, 0.000, 0.000, 0.073, 48
train,    3346, 223.701645,   87, 0.00,   15, 0.000, 0.000, 0.073, 48
train,    3347, 217.136213,   90, 0.00,   14, 0.000, 0.000, 0.073, 48
train,    3348, 126.253588,   75, 1.00,   12, 0.000, 0.000, 0.073, 48
train,    3349, 201.268581,   82, 0.00,   11, 0.000, 0.000, 0.073, 48
train,    3350, 182.580027,  112, 0.00,   13, 0.000, 0.000, 0.073, 48
update,   3350,  335, 265908, 146.182615, 0.000000
train,    3351, 230.144637,   98, 0.00,   13, 0.000, 0.000, 0.073, 48
train,    3352, 216.874806,   99, 0.00,   14, 0.000, 0.000, 0.073, 48
train,    3353, 108.736029,   65, 1.00,   12, 0.000, 0.000, 0.073, 48
train,    3354, 226.226124,  112, 0.00,   18, 0.000, 0.000, 0.073, 48
train,    3355, 203.824736,  111, 0.00,   13, 0.000, 0.000, 0.073, 48
train,    3356, 211.915052,   97, 0.00,   13, 0.000, 0.000, 0.073, 48
train,    3357, 226.336931,   91, 0.00,   14, 0.000, 0.000, 0.073, 48
train,    3358, 226.382428,   79, 0.00,   13, 0.000, 0.000, 0.073, 48
train,    3359, 131.055900,   82, 1.00,   11, 0.000, 0.000, 0.073, 48
train,    3360, 237.333948,  108, 0.00,   15, 0.000, 0.000, 0.073, 48
update,   3360,  336, 266850, 151.793498, 0.000000
train,    3361, 237.004617,  110, 0.00,   13, 0.000, 0.000, 0.073, 48
train,    3362, 232.453619,   75, 0.00,   10, 0.000, 0.000, 0.073, 48
train,    3363, 221.965884,   96, 0.00,   15, 0.000, 0.000, 0.073, 48
train,    3364, 217.843336,   85, 0.00,   14, 0.000, 0.000, 0.073, 48
train,    3365, 142.953176,   88, 1.00,   11, 0.000, 0.000, 0.073, 48
train,    3366, 231.035859,   83, 0.00,   17, 0.000, 0.000, 0.073, 48
train,    3367, 132.223116,   69, 1.00,   13, 0.000, 0.000, 0.073, 48
train,    3368, 224.521440,   78, 0.00,   14, 0.000, 0.000, 0.073, 48
train,    3369, 230.173163,   95, 0.00,   14, 0.000, 0.000, 0.073, 48
train,    3370, 109.402470,   63, 1.00,   10, 0.000, 0.000, 0.073, 48
update,   3370,  337, 267692, 139.364377, 0.000000
train,    3371, 56.186720,   51, 1.00,    7, 0.000, 0.000, 0.073, 48
train,    3372, 214.260093,  108, 0.00,   16, 0.000, 0.000, 0.073, 48
train,    3373, 238.526413,   92, 0.00,   15, 0.000, 0.000, 0.073, 48
train,    3374, 228.919375,   95, 0.00,   14, 0.000, 0.000, 0.073, 48
train,    3375, 36.672101,   50, 1.00,   10, 0.000, 0.000, 0.073, 48
train,    3376, 189.531894,   98, 0.00,   11, 0.000, 0.000, 0.073, 48
train,    3377, 224.426832,   88, 0.00,   14, 0.000, 0.000, 0.073, 48
train,    3378, 202.161954,  111, 0.00,   14, 0.000, 0.000, 0.072, 48
train,    3379, 216.795497,  115, 0.00,   14, 0.000, 0.000, 0.072, 48
train,    3380, 199.842802,  105, 0.00,   13, 0.000, 0.000, 0.072, 48
update,   3380,  338, 268605, 121.376628, 0.000000
train,    3381, 236.414631,   93, 0.00,   15, 0.000, 0.000, 0.072, 48
train,    3382, 205.868855,  103, 0.00,   13, 0.000, 0.000, 0.072, 48
train,    3383, 166.825979,  116, 0.00,   14, 0.000, 0.000, 0.072, 48
train,    3384, 244.324666,  116, 0.00,   14, 0.000, 0.000, 0.072, 48
train,    3385, 245.638219,   96, 0.00,   13, 0.000, 0.000, 0.072, 48
train,    3386, 232.243675,   95, 0.00,   15, 0.000, 0.000, 0.072, 48
train,    3387, 202.927579,  104, 0.00,   13, 0.000, 0.000, 0.072, 48
train,    3388, 241.109735,   84, 0.00,   13, 0.000, 0.000, 0.072, 48
train,    3389, 203.826760,   94, 0.00,   12, 0.000, 0.000, 0.072, 48
train,    3390, 203.887691,  115, 0.00,   11, 0.000, 0.000, 0.072, 48
update,   3390,  339, 269621, 128.161347, 0.000000
train,    3391, 209.168151,   98, 0.00,   14, 0.000, 0.000, 0.072, 48
train,    3392, 183.923783,  110, 0.00,   13, 0.000, 0.000, 0.072, 48
train,    3393, 202.451016,  102, 0.00,   11, 0.000, 0.000, 0.072, 48
train,    3394, 223.255178,  108, 0.00,   15, 0.000, 0.000, 0.072, 48
train,    3395, 233.524602,  114, 0.00,   14, 0.000, 0.000, 0.072, 48
train,    3396, 233.764492,   98, 0.00,   15, 0.000, 0.000, 0.072, 48
train,    3397, 226.436144,   98, 0.00,   14, 0.000, 0.000, 0.072, 48
train,    3398, 223.727722,   77, 0.00,   14, 0.000, 0.000, 0.072, 48
train,    3399, 205.810182,   80, 0.00,   12, 0.000, 0.000, 0.072, 48
train,    3400, 193.303920,   95, 0.00,   15, 0.000, 0.000, 0.072, 48
update,   3400,  340, 270601, 147.576521, 0.000000
val_t, 3400, 270601, 170.046004, 0.0824,  81.5886,   0.0669, 0.8457,  27.5218, progress 0.8959
train,    3401, 208.499576,   88, 0.00,   15, 0.000, 0.000, 0.072, 48
train,    3402, 102.593727,   57, 1.00,   10, 0.000, 0.000, 0.072, 48
train,    3403, 218.327899,   82, 0.00,   16, 0.000, 0.000, 0.072, 48
train,    3404, 210.284103,   92, 0.00,   13, 0.000, 0.000, 0.072, 48
train,    3405, 196.423553,   85, 0.00,   12, 0.000, 0.000, 0.072, 48
train,    3406, 237.312683,   99, 0.00,   13, 0.000, 0.000, 0.072, 48
train,    3407, 206.253769,   89, 0.00,   15, 0.000, 0.000, 0.072, 48
train,    3408, 229.993643,  109, 0.00,   15, 0.000, 0.000, 0.072, 48
train,    3409, 220.510831,  109, 0.00,   14, 0.000, 0.000, 0.072, 48
train,    3410, 236.079422,   77, 0.00,   15, 0.000, 0.000, 0.072, 48
update,   3410,  341, 271488, 160.687060, 0.000000
train,    3411, 207.630438,  113, 0.00,   11, 0.000, 0.000, 0.072, 48
train,    3412, 219.511870,   99, 0.00,   13, 0.000, 0.000, 0.072, 48
train,    3413, 228.687775,   95, 0.00,   14, 0.000, 0.000, 0.071, 48
train,    3414, 132.131502,   68, 1.00,   12, 0.000, 0.000, 0.071, 48
train,    3415, 246.053965,   95, 0.00,   12, 0.000, 0.000, 0.071, 48
train,    3416, 198.277932,   96, 0.00,   14, 0.000, 0.000, 0.071, 48
train,    3417, 211.898446,   96, 0.00,   12, 0.000, 0.000, 0.071, 48
train,    3418, 231.165013,   96, 0.00,   14, 0.000, 0.000, 0.071, 48
train,    3419, 236.164599,  104, 0.00,   14, 0.000, 0.000, 0.071, 48
train,    3420, 101.016254,   49, 1.00,   13, 0.000, 0.000, 0.071, 48
update,   3420,  342, 272399, 147.868947, 0.000000
train,    3421, 214.000503,   92, 0.00,   11, 0.000, 0.000, 0.071, 48
train,    3422, 208.148968,   83, 0.00,   10, 0.000, 0.000, 0.071, 48
train,    3423, 223.367482,  103, 0.00,   13, 0.000, 0.000, 0.071, 48
train,    3424, 231.823227,   93, 0.00,   12, 0.000, 0.000, 0.071, 48
train,    3425, 175.158490,  110, 0.00,   13, 0.000, 0.000, 0.071, 48
train,    3426, 94.757412,   65, 1.00,   10, 0.000, 0.000, 0.071, 48
train,    3427, 185.520265,  109, 0.00,   12, 0.000, 0.000, 0.071, 48
train,    3428, 195.767338,  120, 0.00,   14, 0.000, 0.000, 0.071, 48
train,    3429, 216.155792,   92, 0.00,   13, 0.000, 0.000, 0.071, 48
train,    3430, 124.829225,   72, 1.00,    9, 0.000, 0.000, 0.071, 48
update,   3430,  343, 273338, 145.660313, 0.000000
train,    3431, 148.710484,   93, 1.00,   16, 0.000, 0.000, 0.071, 48
train,    3432, 250.459940,  107, 0.00,   17, 0.000, 0.000, 0.071, 48
train,    3433, 244.776898,   99, 0.00,   14, 0.000, 0.000, 0.071, 48
train,    3434, 190.061540,  118, 0.00,   14, 0.000, 0.000, 0.071, 48
train,    3435, 232.607913,  117, 0.00,   14, 0.000, 0.000, 0.071, 48
train,    3436, 190.197054,  106, 0.00,   13, 0.000, 0.000, 0.071, 48
train,    3437, 194.106453,   84, 0.00,   12, 0.000, 0.000, 0.071, 48
train,    3438, 220.791401,  105, 0.00,   12, 0.000, 0.000, 0.071, 48
train,    3439, 120.939033,   63, 1.00,   10, 0.000, 0.000, 0.071, 48
train,    3440, 222.367854,  120, 0.00,   14, 0.000, 0.000, 0.071, 48
update,   3440,  344, 274350, 151.234796, 0.000000
train,    3441, 229.779487,   95, 0.00,   15, 0.000, 0.000, 0.071, 48
train,    3442, 199.919573,  100, 0.00,   13, 0.000, 0.000, 0.071, 48
train,    3443, 238.233130,  105, 0.00,   13, 0.000, 0.000, 0.071, 48
train,    3444, 220.781541,  114, 0.00,   13, 0.000, 0.000, 0.071, 48
train,    3445, 222.364487,   83, 0.00,    9, 0.000, 0.000, 0.071, 48
train,    3446, 247.547360,  114, 0.00,   14, 0.000, 0.000, 0.071, 48
train,    3447, 214.175857,  107, 0.00,   12, 0.000, 0.000, 0.071, 48
train,    3448, 225.177264,  113, 0.00,   14, 0.000, 0.000, 0.070, 48
train,    3449, 216.974728,  111, 0.00,   15, 0.000, 0.000, 0.070, 48
train,    3450, 184.803178,   82, 0.00,   11, 0.000, 0.000, 0.070, 48
update,   3450,  345, 275374, 143.988454, 0.000000
train,    3451, 113.508822,   58, 1.00,    7, 0.000, 0.000, 0.070, 48
train,    3452, 220.019745,   91, 0.00,   13, 0.000, 0.000, 0.070, 48
train,    3453, 231.448911,  106, 0.00,   12, 0.000, 0.000, 0.070, 48
train,    3454, 237.203929,  108, 0.00,   13, 0.000, 0.000, 0.070, 48
train,    3455, 108.769301,   60, 1.00,   12, 0.000, 0.000, 0.070, 48
train,    3456, 93.855003,   64, 1.00,   12, 0.000, 0.000, 0.070, 48
train,    3457, 128.939352,   79, 1.00,   12, 0.000, 0.000, 0.070, 48
train,    3458, 243.438867,   97, 0.00,   12, 0.000, 0.000, 0.070, 48
train,    3459, 203.306731,  120, 0.00,   14, 0.000, 0.000, 0.070, 48
train,    3460, 189.058907,   99, 0.00,   15, 0.000, 0.000, 0.070, 48
update,   3460,  346, 276256, 140.531517, 0.000000
train,    3461, 228.547390,   89, 0.00,   13, 0.000, 0.000, 0.070, 48
train,    3462, 232.141115,  117, 0.00,   13, 0.000, 0.000, 0.070, 48
train,    3463, 135.010647,   70, 1.00,   13, 0.000, 0.000, 0.070, 48
train,    3464, 199.514950,   89, 0.00,   14, 0.000, 0.000, 0.070, 48
train,    3465, 219.282674,  116, 0.00,   14, 0.000, 0.000, 0.070, 48
train,    3466, 197.372728,  105, 0.00,   12, 0.000, 0.000, 0.070, 48
train,    3467, 218.592616,   88, 0.00,   16, 0.000, 0.000, 0.070, 48
train,    3468, 218.917545,   94, 0.00,   12, 0.000, 0.000, 0.070, 48
train,    3469, 186.119564,  102, 0.00,   14, 0.000, 0.000, 0.070, 48
train,    3470, 235.460733,  105, 0.00,   14, 0.000, 0.000, 0.070, 48
update,   3470,  347, 277231, 176.286238, 0.000000
train,    3471, 227.222197,   74, 0.00,   15, 0.000, 0.000, 0.070, 48
train,    3472, 233.593889,  102, 0.00,   13, 0.000, 0.000, 0.070, 48
train,    3473, 212.738688,   83, 0.00,   14, 0.000, 0.000, 0.070, 48
train,    3474, 212.755112,   99, 0.00,   11, 0.000, 0.000, 0.070, 48
train,    3475, 207.986576,   75, 0.00,   15, 0.000, 0.000, 0.070, 48
train,    3476, 216.882062,   96, 0.00,   11, 0.000, 0.000, 0.070, 48
train,    3477, 227.608947,   99, 0.00,   14, 0.000, 0.000, 0.070, 48
train,    3478, 228.810270,  106, 0.00,   12, 0.000, 0.000, 0.070, 48
train,    3479, 191.246008,  107, 0.00,   14, 0.000, 0.000, 0.070, 48
train,    3480, 202.665844,   82, 0.00,   12, 0.000, 0.000, 0.070, 48
update,   3480,  348, 278154, 158.734458, 0.000000
train,    3481, 194.039360,   94, 0.00,   13, 0.000, 0.000, 0.070, 48
train,    3482, 238.777890,  108, 0.00,   14, 0.000, 0.000, 0.070, 48
train,    3483, 232.198524,  118, 0.00,   14, 0.000, 0.000, 0.069, 48
train,    3484, 206.290104,  120, 0.00,   15, 0.000, 0.000, 0.069, 48
train,    3485, 235.972857,  120, 0.00,   15, 0.000, 0.000, 0.069, 48
train,    3486, 224.866537,  106, 0.00,   17, 0.000, 0.000, 0.069, 48
train,    3487, 241.964559,  111, 0.00,   13, 0.000, 0.000, 0.069, 48
train,    3488, 233.753291,  109, 0.00,   14, 0.000, 0.000, 0.069, 48
train,    3489, 216.134517,  120, 0.00,   13, 0.000, 0.000, 0.069, 48
train,    3490, 185.967357,  100, 0.00,   14, 0.000, 0.000, 0.069, 48
update,   3490,  349, 279260, 139.800092, 0.000000
train,    3491, 243.055770,   94, 0.00,   13, 0.000, 0.000, 0.069, 48
train,    3492, 250.763432,  120, 0.00,   12, 0.000, 0.000, 0.069, 48
train,    3493, 220.641732,   92, 0.00,   13, 0.000, 0.000, 0.069, 48
train,    3494, 215.177465,  110, 0.00,   15, 0.000, 0.000, 0.069, 48
train,    3495, 231.194266,  111, 0.00,   12, 0.000, 0.000, 0.069, 48
train,    3496, 230.462052,  103, 0.00,   13, 0.000, 0.000, 0.069, 48
train,    3497, 230.076258,  101, 0.00,   13, 0.000, 0.000, 0.069, 48
train,    3498, 223.561699,  111, 0.00,   13, 0.000, 0.000, 0.069, 48
train,    3499, 238.143222,   94, 0.00,   12, 0.000, 0.000, 0.069, 48
train,    3500, 236.926823,  100, 0.00,   12, 0.000, 0.000, 0.069, 48
update,   3500,  350, 280296, 153.634673, 0.000000
val_t, 3500, 280296, 161.489370, 0.0689,  77.3866,   0.0854, 0.8776,  27.5070, progress 0.9282
train,    3501, 226.275441,   86, 0.00,   14, 0.000, 0.000, 0.069, 48
train,    3502, 230.141260,   97, 0.00,   12, 0.000, 0.000, 0.069, 48
train,    3503, 221.239954,  108, 0.00,   14, 0.000, 0.000, 0.069, 48
train,    3504, 235.027496,  109, 0.00,   14, 0.000, 0.000, 0.069, 48
train,    3505, 193.104849,  101, 0.00,   13, 0.000, 0.000, 0.069, 48
train,    3506, 214.926766,   94, 0.00,   14, 0.000, 0.000, 0.069, 48
train,    3507, 181.539533,   84, 0.00,   11, 0.000, 0.000, 0.069, 48
train,    3508, 206.013709,  103, 0.00,   13, 0.000, 0.000, 0.069, 48
train,    3509, 208.313978,   90, 0.00,   13, 0.000, 0.000, 0.069, 48
train,    3510, 218.513720,  101, 0.00,   13, 0.000, 0.000, 0.069, 48
update,   3510,  351, 281269, 149.966810, 0.000000
train,    3511, 260.000000,  120, 0.00,   13, 0.000, 0.000, 0.069, 48
train,    3512, 195.657550,  104, 0.00,   12, 0.000, 0.000, 0.069, 48
train,    3513, 212.057919,  109, 0.00,   13, 0.000, 0.000, 0.069, 48
train,    3514, 227.534714,   78, 0.00,   14, 0.000, 0.000, 0.069, 48
train,    3515, 260.000000,  101, 0.00,   14, 0.000, 0.000, 0.069, 48
train,    3516, 220.912937,   95, 0.00,   14, 0.000, 0.000, 0.069, 48
train,    3517, 219.018894,  107, 0.00,   15, 0.000, 0.000, 0.069, 48
train,    3518, 208.381902,   92, 0.00,   14, 0.000, 0.000, 0.069, 48
train,    3519, 218.124973,  102, 0.00,   13, 0.000, 0.000, 0.069, 48
train,    3520, 205.290786,  116, 0.00,   13, 0.000, 0.000, 0.068, 48
update,   3520,  352, 282293, 165.013261, 0.000000
train,    3521, 230.818585,   89, 0.00,   14, 0.000, 0.000, 0.068, 48
train,    3522, 202.454238,   98, 0.00,   13, 0.000, 0.000, 0.068, 48
train,    3523, 115.065395,   69, 1.00,   11, 0.000, 0.000, 0.068, 48
train,    3524, 114.056133,   55, 1.00,   10, 0.000, 0.000, 0.068, 48
train,    3525, 208.477492,   98, 0.00,   15, 0.000, 0.000, 0.068, 48
train,    3526, 200.139007,  109, 0.00,   13, 0.000, 0.000, 0.068, 48
train,    3527, 211.052608,  116, 0.00,   13, 0.000, 0.000, 0.068, 48
train,    3528, 213.769433,   98, 0.00,   12, 0.000, 0.000, 0.068, 48
train,    3529, 164.000273,   94, 1.00,   10, 0.000, 0.000, 0.068, 48
train,    3530, 216.581647,  119, 0.00,   13, 0.000, 0.000, 0.068, 48
update,   3530,  353, 283238, 139.913742, 0.000000
train,    3531, 204.455886,  108, 0.00,   13, 0.000, 0.000, 0.068, 48
train,    3532, 219.842353,   96, 0.00,   14, 0.000, 0.000, 0.068, 48
train,    3533, 245.295412,   87, 0.00,   14, 0.000, 0.000, 0.068, 48
train,    3534, 240.776539,   91, 0.00,   14, 0.000, 0.000, 0.068, 48
train,    3535, 213.331678,  109, 0.00,   14, 0.000, 0.000, 0.068, 48
train,    3536, 196.236556,   98, 0.00,   14, 0.000, 0.000, 0.068, 48
train,    3537, 230.249923,  116, 0.00,   13, 0.000, 0.000, 0.068, 48
train,    3538, 97.607056,   78, 1.00,    9, 0.000, 0.000, 0.068, 48
train,    3539, 220.926513,   96, 0.00,   14, 0.000, 0.000, 0.068, 48
train,    3540, 248.838012,   89, 0.00,   15, 0.000, 0.000, 0.068, 48
update,   3540,  354, 284206, 146.932671, 0.000000
train,    3541, 247.533412,  105, 0.00,   12, 0.000, 0.000, 0.068, 48
train,    3542, 241.165836,   91, 0.00,   15, 0.000, 0.000, 0.068, 48
train,    3543, 212.851522,   81, 0.00,   15, 0.000, 0.000, 0.068, 48
train,    3544, 225.482513,   99, 0.00,   14, 0.000, 0.000, 0.068, 48
train,    3545, 231.391319,  107, 0.00,   11, 0.000, 0.000, 0.068, 48
train,    3546, 136.303802,   74, 1.00,   12, 0.000, 0.000, 0.068, 48
train,    3547, 218.268088,   94, 0.00,   15, 0.000, 0.000, 0.068, 48
train,    3548, 198.575925,  110, 0.00,   14, 0.000, 0.000, 0.068, 48
train,    3549, 239.370541,  120, 0.00,   13, 0.000, 0.000, 0.068, 48
train,    3550, 207.720870,  114, 0.00,   14, 0.000, 0.000, 0.068, 48
update,   3550,  355, 285201, 137.352301, 0.000000
train,    3551, 201.011768,  120, 0.00,   12, 0.000, 0.000, 0.068, 48
train,    3552, 223.747884,  109, 0.00,   15, 0.000, 0.000, 0.068, 48
train,    3553, 209.161590,  114, 0.00,   13, 0.000, 0.000, 0.068, 48
train,    3554, 197.495709,  106, 0.00,   15, 0.000, 0.000, 0.068, 48
train,    3555, 218.795635,  107, 0.00,   14, 0.000, 0.000, 0.068, 48
train,    3556, 217.395458,  110, 0.00,   15, 0.000, 0.000, 0.067, 48
train,    3557, 242.135629,  107, 0.00,   11, 0.000, 0.000, 0.067, 48
train,    3558, 213.099225,  108, 0.00,   13, 0.000, 0.000, 0.067, 48
train,    3559, 211.502500,  111, 0.00,   12, 0.000, 0.000, 0.067, 48
train,    3560, 210.970527,  120, 0.00,   14, 0.000, 0.000, 0.067, 48
update,   3560,  356, 286313, 166.477017, 0.000000
train,    3561, 255.890743,  113, 0.00,   12, 0.000, 0.000, 0.067, 48
train,    3562, 184.847138,  101, 0.00,   13, 0.000, 0.000, 0.067, 48
train,    3563, 210.886753,   91, 0.00,   13, 0.000, 0.000, 0.067, 48
train,    3564, 143.979536,   91, 1.00,   14, 0.000, 0.000, 0.067, 48
train,    3565, 238.245407,  101, 0.00,   15, 0.000, 0.000, 0.067, 48
train,    3566, 232.837105,  113, 0.00,   11, 0.000, 0.000, 0.067, 48
train,    3567, 218.129552,  101, 0.00,   15, 0.000, 0.000, 0.067, 48
train,    3568, 207.020545,  120, 0.00,   12, 0.000, 0.000, 0.067, 48
train,    3569, 227.876818,  100, 0.00,   11, 0.000, 0.000, 0.067, 48
train,    3570, 226.488228,  108, 0.00,   13, 0.000, 0.000, 0.067, 48
update,   3570,  357, 287352, 141.387079, 0.000000
train,    3571, 122.605049,   80, 1.00,   12, 0.000, 0.000, 0.067, 48
train,    3572, 208.609205,  118, 0.00,   14, 0.000, 0.000, 0.067, 48
train,    3573, 107.502854,   57, 1.00,    9, 0.000, 0.000, 0.067, 48
train,    3574, 220.079965,  120, 0.00,   13, 0.000, 0.000, 0.067, 48
train,    3575, 196.071024,  102, 0.00,   14, 0.000, 0.000, 0.067, 48
train,    3576, 150.801994,   77, 1.00,   11, 0.000, 0.000, 0.067, 48
train,    3577, 196.487838,   95, 0.00,   12, 0.000, 0.000, 0.067, 48
train,    3578, 242.034597,   91, 0.00,   13, 0.000, 0.000, 0.067, 48
train,    3579, 250.681010,  112, 0.00,   15, 0.000, 0.000, 0.067, 48
train,    3580, 235.302856,  110, 0.00,   15, 0.000, 0.000, 0.067, 48
update,   3580,  358, 288314, 174.090517, 0.000000
train,    3581, 214.103712,   87, 0.00,   16, 0.000, 0.000, 0.067, 48
train,    3582, 199.860964,  104, 0.00,   14, 0.000, 0.000, 0.067, 48
train,    3583, 200.410651,  110, 0.00,   10, 0.000, 0.000, 0.067, 48
train,    3584, 216.807148,   95, 0.00,   16, 0.000, 0.000, 0.067, 48
train,    3585, 236.120070,  102, 0.00,   15, 0.000, 0.000, 0.067, 48
train,    3586, 210.812096,  120, 0.00,   12, 0.000, 0.000, 0.067, 48
train,    3587, 200.581768,  112, 0.00,   14, 0.000, 0.000, 0.067, 48
train,    3588, 203.534346,  102, 0.00,   15, 0.000, 0.000, 0.067, 48
train,    3589, 202.968400,  120, 0.00,   12, 0.000, 0.000, 0.067, 48
train,    3590, 204.207811,  104, 0.00,   15, 0.000, 0.000, 0.067, 48
update,   3590,  359, 289370, 179.507664, 0.000000
train,    3591, 213.958453,   99, 0.00,   13, 0.000, 0.000, 0.067, 48
train,    3592, 209.571095,  113, 0.00,   16, 0.000, 0.000, 0.067, 48
train,    3593, 231.267022,   89, 0.00,   16, 0.000, 0.000, 0.067, 48
train,    3594, 212.789180,  119, 0.00,   14, 0.000, 0.000, 0.066, 48
train,    3595, 219.171900,  115, 0.00,   13, 0.000, 0.000, 0.066, 48
train,    3596, 230.672786,  119, 0.00,   13, 0.000, 0.000, 0.066, 48
train,    3597, 211.741077,  112, 0.00,   14, 0.000, 0.000, 0.066, 48
train,    3598, 232.280687,   97, 0.00,   12, 0.000, 0.000, 0.066, 48
train,    3599, 218.562579,   99, 0.00,   13, 0.000, 0.000, 0.066, 48
train,    3600, 196.998046,  105, 0.00,   12, 0.000, 0.000, 0.066, 48
update,   3600,  360, 290437, 152.602210, 0.000000
val_t, 3600, 290437, 163.490764, 0.1088,  84.6579,   0.0898, 0.9026,  27.8575, progress 0.9236
train,    3601, 221.067779,  109, 0.00,   13, 0.000, 0.000, 0.066, 48
train,    3602, 194.512688,  112, 0.00,   12, 0.000, 0.000, 0.066, 48
train,    3603, 157.001260,   85, 1.00,   12, 0.000, 0.000, 0.066, 48
train,    3604, 135.680970,   87, 1.00,   12, 0.000, 0.000, 0.066, 48
train,    3605, 209.116540,  119, 0.00,   16, 0.000, 0.000, 0.066, 48
train,    3606, 215.218782,  101, 0.00,   14, 0.000, 0.000, 0.066, 48
train,    3607, 210.538855,   98, 0.00,   13, 0.000, 0.000, 0.066, 48
train,    3608, 210.168483,  103, 0.00,   11, 0.000, 0.000, 0.066, 48
train,    3609, 214.874036,  107, 0.00,   15, 0.000, 0.000, 0.066, 48
train,    3610, 197.116413,  103, 0.00,   13, 0.000, 0.000, 0.066, 48
update,   3610,  361, 291461, 168.642196, 0.000000
train,    3611, 204.300498,  114, 0.00,   15, 0.000, 0.000, 0.066, 48
train,    3612, 224.918662,   94, 0.00,   14, 0.000, 0.000, 0.066, 48
train,    3613, 204.708706,  116, 0.00,   14, 0.000, 0.000, 0.066, 48
train,    3614, 230.139858,  102, 0.00,   11, 0.000, 0.000, 0.066, 48
train,    3615, 200.717810,  102, 0.00,   13, 0.000, 0.000, 0.066, 48
train,    3616, 217.099948,  106, 0.00,   15, 0.000, 0.000, 0.066, 48
train,    3617, 213.375403,  120, 0.00,   15, 0.000, 0.000, 0.066, 48
train,    3618, 228.430163,  106, 0.00,   13, 0.000, 0.000, 0.066, 48
train,    3619, 128.459734,   75, 1.00,   12, 0.000, 0.000, 0.066, 48
train,    3620, 212.464613,   98, 0.00,   14, 0.000, 0.000, 0.066, 48
update,   3620,  362, 292494, 184.303443, 0.000000
train,    3621, 229.090881,  100, 0.00,   16, 0.000, 0.000, 0.066, 48
train,    3622, 234.420336,   89, 0.00,   15, 0.000, 0.000, 0.066, 48
train,    3623, 230.918584,  100, 0.00,   12, 0.000, 0.000, 0.066, 48
train,    3624, 208.056383,   97, 0.00,   14, 0.000, 0.000, 0.066, 48
train,    3625, 100.456685,   75, 1.00,   11, 0.000, 0.000, 0.066, 48
train,    3626, 247.210233,   99, 0.00,   10, 0.000, 0.000, 0.066, 48
train,    3627, 215.684979,  113, 0.00,   14, 0.000, 0.000, 0.066, 48
train,    3628, 216.151407,  120, 0.00,   12, 0.000, 0.000, 0.066, 48
train,    3629, 229.722757,  117, 0.00,   13, 0.000, 0.000, 0.066, 48
train,    3630, 198.901232,  120, 0.00,   11, 0.000, 0.000, 0.066, 48
update,   3630,  363, 293524, 183.111004, 0.000000
train,    3631, 233.990706,  120, 0.00,   17, 0.000, 0.000, 0.066, 48
train,    3632, 226.321973,   80, 0.00,   11, 0.000, 0.000, 0.065, 48
train,    3633, 207.157668,  116, 0.00,   11, 0.000, 0.000, 0.065, 48
train,    3634, 225.792785,  112, 0.00,   14, 0.000, 0.000, 0.065, 48
train,    3635, 202.718715,   98, 0.00,   16, 0.000, 0.000, 0.065, 48
train,    3636, 198.548342,  120, 0.00,   15, 0.000, 0.000, 0.065, 48
train,    3637, 244.079860,   98, 0.00,   13, 0.000, 0.000, 0.065, 48
train,    3638, 218.946493,  110, 0.00,   13, 0.000, 0.000, 0.065, 48
train,    3639, 172.159633,  108, 0.00,   11, 0.000, 0.000, 0.065, 48
train,    3640, 204.336567,  110, 0.00,   14, 0.000, 0.000, 0.065, 48
update,   3640,  364, 294596, 172.403887, 0.000000
train,    3641, 176.643597,  117, 0.00,   10, 0.000, 0.000, 0.065, 48
train,    3642, 145.505041,   64, 1.00,   13, 0.000, 0.000, 0.065, 48
train,    3643, 203.629697,  106, 0.00,   15, 0.000, 0.000, 0.065, 48
train,    3644, 246.859838,  115, 0.00,   15, 0.000, 0.000, 0.065, 48
train,    3645, 227.513933,  106, 0.00,   16, 0.000, 0.000, 0.065, 48
train,    3646, 212.013711,  120, 0.00,   15, 0.000, 0.000, 0.065, 48
train,    3647, 227.699010,  120, 0.00,   13, 0.000, 0.000, 0.065, 48
train,    3648, 209.976019,   87, 0.00,   11, 0.000, 0.000, 0.065, 48
train,    3649, 198.184068,  106, 0.00,   13, 0.000, 0.000, 0.065, 48
train,    3650, 207.492146,  110, 0.00,   13, 0.000, 0.000, 0.065, 48
update,   3650,  365, 295647, 160.640119, 0.000000
train,    3651, 232.366099,  110, 0.00,   16, 0.000, 0.000, 0.065, 48
train,    3652, 215.090425,  116, 0.00,   11, 0.000, 0.000, 0.065, 48
train,    3653, 260.000000,   98, 0.00,   14, 0.000, 0.000, 0.065, 48
train,    3654, 241.088811,  101, 0.00,   14, 0.000, 0.000, 0.065, 48
train,    3655, 226.758948,  120, 0.00,   15, 0.000, 0.000, 0.065, 48
train,    3656, 227.479158,  111, 0.00,   13, 0.000, 0.000, 0.065, 48
train,    3657, 252.679862,   97, 0.00,   14, 0.000, 0.000, 0.065, 48
train,    3658, 238.204315,  103, 0.00,   13, 0.000, 0.000, 0.065, 48
train,    3659, 214.494053,  120, 0.00,   14, 0.000, 0.000, 0.065, 48
train,    3660, 147.344858,   91, 1.00,   15, 0.000, 0.000, 0.065, 48
update,   3660,  366, 296714, 188.722893, 0.000000
train,    3661, 109.523737,   58, 1.00,   11, 0.000, 0.000, 0.065, 48
train,    3662, 201.285968,  104, 0.00,   15, 0.000, 0.000, 0.065, 48
train,    3663, 198.153851,  112, 0.00,   16, 0.000, 0.000, 0.065, 48
train,    3664, 221.924252,  120, 0.00,   15, 0.000, 0.000, 0.065, 48
train,    3665, 213.571891,   87, 0.00,   13, 0.000, 0.000, 0.065, 48
train,    3666, 139.127546,   57, 1.00,    9, 0.000, 0.000, 0.065, 48
train,    3667, 255.889051,  107, 0.00,   15, 0.000, 0.000, 0.065, 48
train,    3668, 216.402936,  107, 0.00,   13, 0.000, 0.000, 0.065, 48
train,    3669, 219.351181,  117, 0.00,   14, 0.000, 0.000, 0.065, 48
train,    3670, 250.314103,  101, 0.00,   16, 0.000, 0.000, 0.064, 48
update,   3670,  367, 297684, 171.133575, 0.000000
train,    3671, 227.262502,  114, 0.00,   13, 0.000, 0.000, 0.064, 48
train,    3672, 255.358987,  110, 0.00,   13, 0.000, 0.000, 0.064, 48
train,    3673, 225.129348,  101, 0.00,   15, 0.000, 0.000, 0.064, 48
train,    3674, 237.528422,  113, 0.00,   14, 0.000, 0.000, 0.064, 48
train,    3675, 225.981256,  101, 0.00,   14, 0.000, 0.000, 0.064, 48
train,    3676, 217.452966,   99, 0.00,   12, 0.000, 0.000, 0.064, 48
train,    3677, 222.253329,  106, 0.00,   13, 0.000, 0.000, 0.064, 48
train,    3678, 214.302555,   97, 0.00,   11, 0.000, 0.000, 0.064, 48
train,    3679, 193.584929,  108, 0.00,   13, 0.000, 0.000, 0.064, 48
train,    3680, 238.906208,  119, 0.00,   13, 0.000, 0.000, 0.064, 48
update,   3680,  368, 298752, 163.254800, 0.000000
train,    3681, 215.940980,   87, 0.00,   14, 0.000, 0.000, 0.064, 48
train,    3682, 228.322099,  117, 0.00,   14, 0.000, 0.000, 0.064, 48
train,    3683, 238.914075,  108, 0.00,   12, 0.000, 0.000, 0.064, 48
train,    3684, 253.384269,  119, 0.00,   15, 0.000, 0.000, 0.064, 48
train,    3685, 228.245261,   96, 0.00,   13, 0.000, 0.000, 0.064, 48
train,    3686, 218.307088,  120, 0.00,   16, 0.000, 0.000, 0.064, 48
train,    3687, 222.951207,  119, 0.00,   14, 0.000, 0.000, 0.064, 48
train,    3688, 113.443174,   85, 1.00,   11, 0.000, 0.000, 0.064, 48
train,    3689, 205.322750,   95, 0.00,   17, 0.000, 0.000, 0.064, 48
train,    3690, 222.448591,  120, 0.00,   13, 0.000, 0.000, 0.064, 48
update,   3690,  369, 299818, 164.775113, 0.000000
train,    3691, 234.690101,  120, 0.00,   13, 0.000, 0.000, 0.064, 48
train,    3692, 191.536552,  109, 0.00,   15, 0.000, 0.000, 0.064, 48
train,    3693, 147.484857,   78, 1.00,   11, 0.000, 0.000, 0.064, 48
train,    3694, 217.952544,  120, 0.00,   13, 0.000, 0.000, 0.064, 48
train,    3695, 241.727906,  118, 0.00,   13, 0.000, 0.000, 0.064, 48
train,    3696, 198.328619,  106, 0.00,   15, 0.000, 0.000, 0.064, 48
train,    3697, 248.953425,  120, 0.00,   13, 0.000, 0.000, 0.064, 48
train,    3698, 235.483004,  117, 0.00,   14, 0.000, 0.000, 0.064, 48
train,    3699, 231.559226,  113, 0.00,   12, 0.000, 0.000, 0.064, 48
train,    3700, 183.769766,  115, 0.00,   14, 0.000, 0.000, 0.064, 48
update,   3700,  370, 300934, 162.094318, 0.000000
val_t, 3700, 300934, 175.694291, 0.0708,  84.0961,   0.1029, 0.9206,  27.8987, progress 0.9259
train,    3701, 250.975747,  105, 0.00,   16, 0.000, 0.000, 0.064, 48
train,    3702, 199.514393,  107, 0.00,   13, 0.000, 0.000, 0.064, 48
train,    3703, 241.989599,   89, 0.00,   14, 0.000, 0.000, 0.064, 48
train,    3704, 211.350915,  102, 0.00,   14, 0.000, 0.000, 0.064, 48
train,    3705, 107.228413,   73, 1.00,   10, 0.000, 0.000, 0.064, 48
train,    3706, 222.412267,   98, 0.00,   14, 0.000, 0.000, 0.064, 48
train,    3707, 220.026019,  117, 0.00,   12, 0.000, 0.000, 0.064, 48
train,    3708, 217.558458,  111, 0.00,   12, 0.000, 0.000, 0.064, 48
train,    3709, 112.781673,   64, 1.00,   11, 0.000, 0.000, 0.063, 48
train,    3710, 158.604290,   92, 1.00,   13, 0.000, 0.000, 0.063, 48
update,   3710,  371, 301892, 182.065576, 0.000000
train,    3711, 228.454116,   96, 0.00,   14, 0.000, 0.000, 0.063, 48
train,    3712, 209.153548,  120, 0.00,   13, 0.000, 0.000, 0.063, 48
train,    3713, 125.110654,   65, 1.00,   12, 0.000, 0.000, 0.063, 48
train,    3714, 209.271137,  102, 0.00,   15, 0.000, 0.000, 0.063, 48
train,    3715, 116.310449,   61, 1.00,   10, 0.000, 0.000, 0.063, 48
train,    3716, 203.571908,  102, 0.00,   14, 0.000, 0.000, 0.063, 48
train,    3717, 209.760864,   94, 0.00,   13, 0.000, 0.000, 0.063, 48
train,    3718, 192.278118,  108, 0.00,   12, 0.000, 0.000, 0.063, 48
train,    3719, 209.031924,  103, 0.00,   17, 0.000, 0.000, 0.063, 48
train,    3720, 225.602448,  103, 0.00,   14, 0.000, 0.000, 0.063, 48
update,   3720,  372, 302846, 202.118421, 0.000000
train,    3721, 208.187281,   96, 0.00,   13, 0.000, 0.000, 0.063, 48
train,    3722, 221.469480,   97, 0.00,   13, 0.000, 0.000, 0.063, 48
train,    3723, 203.033475,  120, 0.00,   14, 0.000, 0.000, 0.063, 48
train,    3724, 211.678276,  101, 0.00,   15, 0.000, 0.000, 0.063, 48
train,    3725, 225.395470,   75, 0.00,   13, 0.000, 0.000, 0.063, 48
train,    3726, 213.069186,  118, 0.00,   13, 0.000, 0.000, 0.063, 48
train,    3727, 123.489906,   87, 1.00,   13, 0.000, 0.000, 0.063, 48
train,    3728, 188.871072,  104, 0.00,   15, 0.000, 0.000, 0.063, 48
train,    3729, 213.236895,  106, 0.00,   15, 0.000, 0.000, 0.063, 48
train,    3730, 227.089192,  119, 0.00,   14, 0.000, 0.000, 0.063, 48
update,   3730,  373, 303869, 161.074345, 0.000000
train,    3731, 259.142735,  104, 0.00,   14, 0.000, 0.000, 0.063, 48
train,    3732, 167.285606,   74, 1.00,   13, 0.000, 0.000, 0.063, 48
train,    3733, 212.027362,  120, 0.00,   12, 0.000, 0.000, 0.063, 48
train,    3734, 243.377652,  110, 0.00,   13, 0.000, 0.000, 0.063, 48
train,    3735, 191.149115,   92, 0.00,   14, 0.000, 0.000, 0.063, 48
train,    3736, 238.324680,   98, 0.00,   12, 0.000, 0.000, 0.063, 48
train,    3737, 244.046236,   98, 0.00,   12, 0.000, 0.000, 0.063, 48
train,    3738, 230.372951,  110, 0.00,   14, 0.000, 0.000, 0.063, 48
train,    3739, 247.399718,   82, 0.00,   13, 0.000, 0.000, 0.063, 48
train,    3740, 153.418329,   77, 1.00,   13, 0.000, 0.000, 0.063, 48
update,   3740,  374, 304834, 170.291000, 0.000000
train,    3741, 205.991178,  120, 0.00,   13, 0.000, 0.000, 0.063, 48
train,    3742, 188.984425,  117, 0.00,   14, 0.000, 0.000, 0.063, 48
train,    3743, 258.461137,  120, 0.00,   12, 0.000, 0.000, 0.063, 48
train,    3744, 246.155429,   89, 0.00,   14, 0.000, 0.000, 0.063, 48
train,    3745, 216.008730,   79, 0.00,   14, 0.000, 0.000, 0.063, 48
train,    3746, 224.736618,  106, 0.00,   15, 0.000, 0.000, 0.063, 48
train,    3747, 212.275314,  104, 0.00,   14, 0.000, 0.000, 0.063, 48
train,    3748, 233.455057,  101, 0.00,   15, 0.000, 0.000, 0.063, 48
train,    3749, 254.856696,  108, 0.00,   13, 0.000, 0.000, 0.062, 48
train,    3750, 202.076318,   98, 0.00,   13, 0.000, 0.000, 0.062, 48
update,   3750,  375, 305876, 187.990367, 0.000000
train,    3751, 212.428802,  111, 0.00,   13, 0.000, 0.000, 0.062, 48
train,    3752, 231.022092,   94, 0.00,   12, 0.000, 0.000, 0.062, 48
train,    3753, 205.473949,  102, 0.00,   12, 0.000, 0.000, 0.062, 48
train,    3754, 241.691439,  104, 0.00,   12, 0.000, 0.000, 0.062, 48
train,    3755, 229.120011,   83, 0.00,   15, 0.000, 0.000, 0.062, 48
train,    3756, 208.593036,  117, 0.00,   14, 0.000, 0.000, 0.062, 48
train,    3757, 226.422044,  113, 0.00,   13, 0.000, 0.000, 0.062, 48
train,    3758, 218.426284,   86, 0.00,   12, 0.000, 0.000, 0.062, 48
train,    3759, 249.270404,   91, 0.00,   12, 0.000, 0.000, 0.062, 48
train,    3760, 212.081595,   96, 0.00,   13, 0.000, 0.000, 0.062, 48
update,   3760,  376, 306873, 182.291306, 0.000000
train,    3761, 217.071148,  107, 0.00,   15, 0.000, 0.000, 0.062, 48
train,    3762, 206.651425,  110, 0.00,   15, 0.000, 0.000, 0.062, 48
train,    3763, 144.822876,   66, 1.00,   14, 0.000, 0.000, 0.062, 48
train,    3764, 140.790805,   86, 1.00,   13, 0.000, 0.000, 0.062, 48
train,    3765, 202.844761,  103, 0.00,   13, 0.000, 0.000, 0.062, 48
train,    3766, 211.458848,  102, 0.00,   14, 0.000, 0.000, 0.062, 48
train,    3767, 215.206466,  104, 0.00,   15, 0.000, 0.000, 0.062, 48
train,    3768, 217.367358,   95, 0.00,   15, 0.000, 0.000, 0.062, 48
train,    3769, 194.552562,  104, 0.00,   14, 0.000, 0.000, 0.062, 48
train,    3770, 199.429932,  104, 0.00,   13, 0.000, 0.000, 0.062, 48
update,   3770,  377, 307854, 158.665364, 0.000000
train,    3771, 211.999023,   93, 0.00,   12, 0.000, 0.000, 0.062, 48
train,    3772, 211.758820,   88, 0.00,   12, 0.000, 0.000, 0.062, 48
train,    3773, 218.640734,   95, 0.00,   14, 0.000, 0.000, 0.062, 48
train,    3774, 216.739010,  100, 0.00,   13, 0.000, 0.000, 0.062, 48
train,    3775, 243.306602,   92, 0.00,   16, 0.000, 0.000, 0.062, 48
train,    3776, 237.474903,   96, 0.00,   15, 0.000, 0.000, 0.062, 48
train,    3777, 219.130119,   92, 0.00,   12, 0.000, 0.000, 0.062, 48
train,    3778, 211.487251,   90, 0.00,   15, 0.000, 0.000, 0.062, 48
train,    3779, 211.788619,  103, 0.00,   13, 0.000, 0.000, 0.062, 48
train,    3780, 126.527515,   91, 1.00,   11, 0.000, 0.000, 0.062, 48
update,   3780,  378, 308794, 169.889884, 0.000000
train,    3781, 208.309378,  103, 0.00,   14, 0.000, 0.000, 0.062, 48
train,    3782, 195.287390,   86, 0.00,   13, 0.000, 0.000, 0.062, 48
train,    3783, 217.647119,  100, 0.00,   13, 0.000, 0.000, 0.062, 48
train,    3784, 249.867385,  120, 0.00,   14, 0.000, 0.000, 0.062, 48
train,    3785, 215.725467,  102, 0.00,   16, 0.000, 0.000, 0.062, 48
train,    3786, 224.268239,   92, 0.00,   15, 0.000, 0.000, 0.062, 48
train,    3787, 173.291710,  107, 0.00,   13, 0.000, 0.000, 0.062, 48
train,    3788, 206.752411,  111, 0.00,   10, 0.000, 0.000, 0.062, 48
train,    3789, 230.512448,   93, 0.00,   14, 0.000, 0.000, 0.061, 48
train,    3790, 210.560195,  114, 0.00,   13, 0.000, 0.000, 0.061, 48
update,   3790,  379, 309822, 165.740584, 0.000000
train,    3791, 206.204660,   84, 0.00,   12, 0.000, 0.000, 0.061, 48
train,    3792, 228.084219,   94, 0.00,   11, 0.000, 0.000, 0.061, 48
train,    3793, 127.865997,   90, 1.00,   12, 0.000, 0.000, 0.061, 48
train,    3794, 235.570621,  118, 0.00,   14, 0.000, 0.000, 0.061, 48
train,    3795, 202.031226,  103, 0.00,   13, 0.000, 0.000, 0.061, 48
train,    3796, 152.454968,   69, 1.00,   12, 0.000, 0.000, 0.061, 48
train,    3797, 224.760305,  108, 0.00,   12, 0.000, 0.000, 0.061, 48
train,    3798, 210.965697,  100, 0.00,   12, 0.000, 0.000, 0.061, 48
train,    3799, 205.671179,   94, 0.00,   15, 0.000, 0.000, 0.061, 48
train,    3800, 194.091953,  106, 0.00,   15, 0.000, 0.000, 0.061, 48
update,   3800,  380, 310788, 157.212351, 0.000000
val_t, 3800, 310788, 169.574007, 0.0741,  85.2968,   0.0906, 0.8768,  28.0945, progress 0.9021
train,    3801, 216.832871,   84, 0.00,   14, 0.000, 0.000, 0.061, 48
train,    3802, 227.695165,  103, 0.00,   16, 0.000, 0.000, 0.061, 48
train,    3803, 168.591969,   97, 0.00,   13, 0.000, 0.000, 0.061, 48
train,    3804, 240.275016,  101, 0.00,   15, 0.000, 0.000, 0.061, 48
train,    3805, 194.098651,  107, 0.00,   14, 0.000, 0.000, 0.061, 48
train,    3806, 237.178036,   94, 0.00,   12, 0.000, 0.000, 0.061, 48
train,    3807, 210.876873,   91, 0.00,   14, 0.000, 0.000, 0.061, 48
train,    3808, 136.570756,   96, 1.00,   12, 0.000, 0.000, 0.061, 48
train,    3809, 206.348067,  120, 0.00,   12, 0.000, 0.000, 0.061, 48
train,    3810, 226.482246,  102, 0.00,   15, 0.000, 0.000, 0.061, 48
update,   3810,  381, 311783, 163.102913, 0.000000
train,    3811, 219.662235,  120, 0.00,   12, 0.000, 0.000, 0.061, 48
train,    3812, 219.063439,  101, 0.00,   15, 0.000, 0.000, 0.061, 48
train,    3813, 137.780078,   64, 1.00,   12, 0.000, 0.000, 0.061, 48
train,    3814, 229.356657,  105, 0.00,   13, 0.000, 0.000, 0.061, 48
train,    3815, 222.657424,  120, 0.00,   14, 0.000, 0.000, 0.061, 48
train,    3816, 239.879682,   80, 0.00,   13, 0.000, 0.000, 0.061, 48
train,    3817, 202.391269,  118, 0.00,   15, 0.000, 0.000, 0.061, 48
train,    3818, 235.542000,  118, 0.00,   14, 0.000, 0.000, 0.061, 48
train,    3819, 216.823709,   92, 0.00,   14, 0.000, 0.000, 0.061, 48
train,    3820, 238.726090,  109, 0.00,   13, 0.000, 0.000, 0.061, 48
update,   3820,  382, 312810, 166.522098, 0.000000
train,    3821, 197.640983,   96, 0.00,   14, 0.000, 0.000, 0.061, 48
train,    3822, 205.025516,  112, 0.00,   13, 0.000, 0.000, 0.061, 48
train,    3823, 100.919039,   74, 1.00,   12, 0.000, 0.000, 0.061, 48
train,    3824, 254.380136,  101, 0.00,   15, 0.000, 0.000, 0.061, 48
train,    3825, 228.007291,   89, 0.00,   14, 0.000, 0.000, 0.061, 48
train,    3826, 240.081973,   99, 0.00,   15, 0.000, 0.000, 0.061, 48
train,    3827, 226.473696,   96, 0.00,   13, 0.000, 0.000, 0.061, 48
train,    3828, 228.054105,   96, 0.00,   13, 0.000, 0.000, 0.061, 48
train,    3829, 181.900637,   94, 0.00,   17, 0.000, 0.000, 0.061, 48
train,    3830, 138.311612,   97, 1.00,   12, 0.000, 0.000, 0.060, 48
update,   3830,  383, 313764, 171.143079, 0.000000
train,    3831, 260.000000,  102, 0.00,   14, 0.000, 0.000, 0.060, 48
train,    3832, 101.660947,   62, 1.00,   11, 0.000, 0.000, 0.060, 48
train,    3833, 204.001653,  114, 0.00,   13, 0.000, 0.000, 0.060, 48
train,    3834, 187.590756,   95, 0.00,   13, 0.000, 0.000, 0.060, 48
train,    3835, 203.433787,   81, 0.00,   11, 0.000, 0.000, 0.060, 48
train,    3836, 220.835196,   94, 0.00,   14, 0.000, 0.000, 0.060, 48
train,    3837, 153.308956,   78, 1.00,   11, 0.000, 0.000, 0.060, 48
train,    3838, 194.020790,  106, 0.00,   13, 0.000, 0.000, 0.060, 48
train,    3839, 196.204993,  103, 0.00,   12, 0.000, 0.000, 0.060, 48
train,    3840, 219.118838,   89, 0.00,   14, 0.000, 0.000, 0.060, 48
update,   3840,  384, 314688, 167.310695, 0.000000
train,    3841, 226.993312,   86, 0.00,   13, 0.000, 0.000, 0.060, 48
train,    3842, 106.120727,   76, 1.00,   12, 0.000, 0.000, 0.060, 48
train,    3843, 200.588549,   94, 0.00,   15, 0.000, 0.000, 0.060, 48
train,    3844, 193.894531,  106, 0.00,   14, 0.000, 0.000, 0.060, 48
train,    3845, 220.540944,   94, 0.00,   13, 0.000, 0.000, 0.060, 48
train,    3846, 191.786736,  105, 0.00,   16, 0.000, 0.000, 0.060, 48
train,    3847, 206.140590,  120, 0.00,   16, 0.000, 0.000, 0.060, 48
train,    3848, 198.871253,   87, 0.00,   15, 0.000, 0.000, 0.060, 48
train,    3849, 190.096183,  117, 0.00,   14, 0.000, 0.000, 0.060, 48
train,    3850, 155.948997,   88, 1.00,   13, 0.000, 0.000, 0.060, 48
update,   3850,  385, 315661, 157.038677, 0.000000
train,    3851, 205.195753,   97, 0.00,   16, 0.000, 0.000, 0.060, 48
train,    3852, 235.834539,  113, 0.00,   15, 0.000, 0.000, 0.060, 48
train,    3853, 198.542749,  103, 0.00,   15, 0.000, 0.000, 0.060, 48
train,    3854, 148.037320,   78, 1.00,   13, 0.000, 0.000, 0.060, 48
train,    3855, 233.036341,  102, 0.00,   14, 0.000, 0.000, 0.060, 48
train,    3856, 212.024537,  118, 0.00,   15, 0.000, 0.000, 0.060, 48
train,    3857, 225.208814,   91, 0.00,   16, 0.000, 0.000, 0.060, 48
train,    3858, 211.182467,  105, 0.00,   14, 0.000, 0.000, 0.060, 48
train,    3859, 230.530445,   88, 0.00,   13, 0.000, 0.000, 0.060, 48
train,    3860, 210.994519,  102, 0.00,   12, 0.000, 0.000, 0.060, 48
update,   3860,  386, 316658, 155.975127, 0.000000
train,    3861, 218.022366,  102, 0.00,   13, 0.000, 0.000, 0.060, 48
train,    3862, 139.156692,   78, 1.00,   13, 0.000, 0.000, 0.060, 48
train,    3863, 202.791399,   89, 0.00,   13, 0.000, 0.000, 0.060, 48
train,    3864, 176.615405,  101, 0.00,   14, 0.000, 0.000, 0.060, 48
train,    3865, 236.152411,   89, 0.00,   15, 0.000, 0.000, 0.060, 48
train,    3866, 223.611356,   93, 0.00,   14, 0.000, 0.000, 0.060, 48
train,    3867, 212.064996,   90, 0.00,   13, 0.000, 0.000, 0.060, 48
train,    3868, 223.419013,   95, 0.00,   13, 0.000, 0.000, 0.060, 48
train,    3869, 234.325938,   87, 0.00,   13, 0.000, 0.000, 0.060, 48
train,    3870, 135.290414,   64, 1.00,   13, 0.000, 0.000, 0.060, 48
update,   3870,  387, 317546, 173.052571, 0.000000
train,    3871, 232.873237,   99, 0.00,   15, 0.000, 0.000, 0.060, 48
train,    3872, 243.481930,   73, 0.00,   13, 0.000, 0.000, 0.059, 48
train,    3873, 245.025722,  102, 0.00,   14, 0.000, 0.000, 0.059, 48
train,    3874, 214.731543,   87, 0.00,   15, 0.000, 0.000, 0.059, 48
train,    3875, 212.166484,  101, 0.00,   14, 0.000, 0.000, 0.059, 48
train,    3876, 203.936185,  103, 0.00,   13, 0.000, 0.000, 0.059, 48
train,    3877, 113.735947,   70, 1.00,   12, 0.000, 0.000, 0.059, 48
train,    3878, 225.567257,   91, 0.00,   13, 0.000, 0.000, 0.059, 48
train,    3879, 59.747558,   40, 1.00,   11, 0.000, 0.000, 0.059, 48
train,    3880, 199.063147,   90, 0.00,   13, 0.000, 0.000, 0.059, 48
update,   3880,  388, 318402, 154.864683, 0.000000
train,    3881, 201.553823,  109, 0.00,   12, 0.000, 0.000, 0.059, 48
train,    3882, 203.203195,   92, 0.00,   15, 0.000, 0.000, 0.059, 48
train,    3883, 220.952297,  111, 0.00,   14, 0.000, 0.000, 0.059, 48
train,    3884, 219.392338,  100, 0.00,   14, 0.000, 0.000, 0.059, 48
train,    3885, 208.543508,  108, 0.00,   12, 0.000, 0.000, 0.059, 48
train,    3886, 228.428800,   85, 0.00,   12, 0.000, 0.000, 0.059, 48
train,    3887, 250.657827,   83, 0.00,   15, 0.000, 0.000, 0.059, 48
train,    3888, 195.582328,   90, 0.00,   15, 0.000, 0.000, 0.059, 48
train,    3889, 216.552026,  100, 0.00,   14, 0.000, 0.000, 0.059, 48
train,    3890, 218.989186,  104, 0.00,   13, 0.000, 0.000, 0.059, 48
update,   3890,  389, 319384, 141.307600, 0.000000
train,    3891, 229.339595,   96, 0.00,   14, 0.000, 0.000, 0.059, 48
train,    3892, 239.087230,   88, 0.00,   11, 0.000, 0.000, 0.059, 48
train,    3893, 217.867173,   99, 0.00,   11, 0.000, 0.000, 0.059, 48
train,    3894, 240.509952,   85, 0.00,   12, 0.000, 0.000, 0.059, 48
train,    3895, 132.239015,   65, 1.00,   13, 0.000, 0.000, 0.059, 48
train,    3896, 230.098495,   92, 0.00,   14, 0.000, 0.000, 0.059, 48
train,    3897, 219.824188,  103, 0.00,   13, 0.000, 0.000, 0.059, 48
train,    3898, 233.741854,   93, 0.00,   12, 0.000, 0.000, 0.059, 48
train,    3899, 244.295475,   92, 0.00,   12, 0.000, 0.000, 0.059, 48
train,    3900, 187.028116,   94, 0.00,   15, 0.000, 0.000, 0.059, 48
update,   3900,  390, 320291, 156.536998, 0.000000
val_t, 3900, 320291, 181.835594, 0.0508,  85.5001,   0.0865, 0.8940,  27.5859, progress 0.9136
train,    3901, 124.702111,   71, 1.00,   10, 0.000, 0.000, 0.059, 48
train,    3902, 232.083181,  105, 0.00,   14, 0.000, 0.000, 0.059, 48
train,    3903, 230.959337,   93, 0.00,   13, 0.000, 0.000, 0.059, 48
train,    3904, 221.066184,   92, 0.00,   14, 0.000, 0.000, 0.059, 48
train,    3905, 191.208734,  117, 0.00,   14, 0.000, 0.000, 0.059, 48
train,    3906, 227.754715,   96, 0.00,   15, 0.000, 0.000, 0.059, 48
train,    3907, 226.678838,   74, 0.00,   16, 0.000, 0.000, 0.059, 48
train,    3908, 248.041182,   86, 0.00,   13, 0.000, 0.000, 0.059, 48
train,    3909, 218.438862,   89, 0.00,   13, 0.000, 0.000, 0.059, 48
train,    3910, 217.597996,   97, 0.00,   15, 0.000, 0.000, 0.059, 48
update,   3910,  391, 321211, 187.033209, 0.000000
train,    3911, 84.367885,   62, 1.00,   11, 0.000, 0.000, 0.059, 48
train,    3912, 235.792914,   97, 0.00,   13, 0.000, 0.000, 0.059, 48
train,    3913, 243.915957,   88, 0.00,   15, 0.000, 0.000, 0.059, 48
train,    3914, 223.078353,   92, 0.00,   14, 0.000, 0.000, 0.058, 48
train,    3915, 226.809569,  100, 0.00,   14, 0.000, 0.000, 0.058, 48
train,    3916, 149.447046,   72, 1.00,   14, 0.000, 0.000, 0.058, 48
train,    3917, 226.361383,  105, 0.00,   13, 0.000, 0.000, 0.058, 48
train,    3918, 221.819117,  104, 0.00,   14, 0.000, 0.000, 0.058, 48
train,    3919, 234.123008,   83, 0.00,   11, 0.000, 0.000, 0.058, 48
train,    3920, 218.600852,   77, 0.00,   13, 0.000, 0.000, 0.058, 48
update,   3920,  392, 322091, 154.868344, 0.000000
train,    3921, 221.359037,  101, 0.00,   13, 0.000, 0.000, 0.058, 48
train,    3922, 192.310969,   77, 0.00,   14, 0.000, 0.000, 0.058, 48
train,    3923, 255.610800,   98, 0.00,   14, 0.000, 0.000, 0.058, 48
train,    3924, 248.191635,   76, 0.00,   12, 0.000, 0.000, 0.058, 48
train,    3925, 229.558101,  101, 0.00,   13, 0.000, 0.000, 0.058, 48
train,    3926, 156.808507,   72, 1.00,   13, 0.000, 0.000, 0.058, 48
train,    3927, 211.760590,  120, 0.00,   16, 0.000, 0.000, 0.058, 48
train,    3928, 219.516965,  109, 0.00,   13, 0.000, 0.000, 0.058, 48
train,    3929, 194.902986,  100, 0.00,   11, 0.000, 0.000, 0.058, 48
train,    3930, 219.203721,   99, 0.00,   15, 0.000, 0.000, 0.058, 48
update,   3930,  393, 323044, 170.350186, 0.000000
train,    3931, 230.179996,   71, 0.00,   14, 0.000, 0.000, 0.058, 48
train,    3932, 184.679444,  108, 0.00,   12, 0.000, 0.000, 0.058, 48
train,    3933, 209.702047,   92, 0.00,   12, 0.000, 0.000, 0.058, 48
train,    3934, 231.550980,   89, 0.00,   13, 0.000, 0.000, 0.058, 48
train,    3935, 218.773053,   73, 0.00,   11, 0.000, 0.000, 0.058, 48
train,    3936, 219.348671,  102, 0.00,   13, 0.000, 0.000, 0.058, 48
train,    3937, 212.520328,   85, 0.00,   14, 0.000, 0.000, 0.058, 48
train,    3938, 201.807111,   92, 0.00,   13, 0.000, 0.000, 0.058, 48
train,    3939, 216.329609,   90, 0.00,   14, 0.000, 0.000, 0.058, 48
train,    3940, 211.190358,  102, 0.00,   14, 0.000, 0.000, 0.058, 48
update,   3940,  394, 323948, 138.967698, 0.000000
train,    3941, 145.001557,   93, 1.00,   13, 0.000, 0.000, 0.058, 48
train,    3942, 233.723302,   99, 0.00,   12, 0.000, 0.000, 0.058, 48
train,    3943, 201.461782,   84, 0.00,   15, 0.000, 0.000, 0.058, 48
train,    3944, 240.017365,  110, 0.00,   12, 0.000, 0.000, 0.058, 48
train,    3945, 231.154747,   79, 0.00,   14, 0.000, 0.000, 0.058, 48
train,    3946, 191.802983,   96, 0.00,   13, 0.000, 0.000, 0.058, 48
train,    3947, 217.402178,   89, 0.00,   12, 0.000, 0.000, 0.058, 48
train,    3948, 229.094871,   83, 0.00,   12, 0.000, 0.000, 0.058, 48
train,    3949, 217.826342,   77, 0.00,   11, 0.000, 0.000, 0.058, 48
train,    3950, 215.972527,  116, 0.00,   13, 0.000, 0.000, 0.058, 48
update,   3950,  395, 324874, 163.647358, 0.000000
train,    3951, 203.657660,  112, 0.00,   13, 0.000, 0.000, 0.058, 48
train,    3952, 219.599483,   99, 0.00,   13, 0.000, 0.000, 0.058, 48
train,    3953, 215.973734,   98, 0.00,   12, 0.000, 0.000, 0.058, 48
train,    3954, 205.217944,  108, 0.00,   12, 0.000, 0.000, 0.058, 48
train,    3955, 196.852125,   85, 0.00,   13, 0.000, 0.000, 0.058, 48
train,    3956, 225.748967,   71, 0.00,   16, 0.000, 0.000, 0.058, 48
train,    3957, 237.026410,   81, 0.00,   16, 0.000, 0.000, 0.057, 48
train,    3958, 237.315184,   77, 0.00,   11, 0.000, 0.000, 0.057, 48
train,    3959, 251.011311,   95, 0.00,   15, 0.000, 0.000, 0.057, 48
train,    3960, 201.745437,   96, 0.00,   13, 0.000, 0.000, 0.057, 48
update,   3960,  396, 325796, 159.034063, 0.000000
train,    3961, 219.901328,   89, 0.00,   17, 0.000, 0.000, 0.057, 48
train,    3962, 237.175522,   94, 0.00,   14, 0.000, 0.000, 0.057, 48
train,    3963, 221.353755,   87, 0.00,   14, 0.000, 0.000, 0.057, 48
train,    3964, 237.511781,   92, 0.00,   14, 0.000, 0.000, 0.057, 48
train,    3965, 222.264992,   87, 0.00,   13, 0.000, 0.000, 0.057, 48
train,    3966, 221.952565,   93, 0.00,   13, 0.000, 0.000, 0.057, 48
train,    3967, 253.051309,   98, 0.00,   13, 0.000, 0.000, 0.057, 48
train,    3968, 204.459206,  100, 0.00,   11, 0.000, 0.000, 0.057, 48
train,    3969, 244.470308,  109, 0.00,   14, 0.000, 0.000, 0.057, 48
train,    3970, 242.528763,   86, 0.00,   15, 0.000, 0.000, 0.057, 48
update,   3970,  397, 326731, 168.223791, 0.000000
train,    3971, 203.094207,   86, 0.00,   13, 0.000, 0.000, 0.057, 48
train,    3972, 225.920929,  107, 0.00,   15, 0.000, 0.000, 0.057, 48
train,    3973, 199.227187,   70, 0.00,   13, 0.000, 0.000, 0.057, 48
train,    3974, 232.975080,   85, 0.00,   14, 0.000, 0.000, 0.057, 48
train,    3975, 234.444701,   87, 0.00,   12, 0.000, 0.000, 0.057, 48
train,    3976, 222.776573,   97, 0.00,   14, 0.000, 0.000, 0.057, 48
train,    3977, 212.058025,   94, 0.00,   14, 0.000, 0.000, 0.057, 48
train,    3978, 200.115625,   95, 0.00,   13, 0.000, 0.000, 0.057, 48
train,    3979, 207.985240,   94, 0.00,   13, 0.000, 0.000, 0.057, 48
train,    3980, 215.011160,   90, 0.00,   14, 0.000, 0.000, 0.057, 48
update,   3980,  398, 327636, 167.126808, 0.000000
train,    3981, 239.301125,   98, 0.00,   15, 0.000, 0.000, 0.057, 48
train,    3982, 242.147978,   90, 0.00,   13, 0.000, 0.000, 0.057, 48
train,    3983, 232.228532,   90, 0.00,   13, 0.000, 0.000, 0.057, 48
train,    3984, 209.676738,  100, 0.00,   14, 0.000, 0.000, 0.057, 48
train,    3985, 217.466429,   82, 0.00,   12, 0.000, 0.000, 0.057, 48
train,    3986, 234.018136,   90, 0.00,   13, 0.000, 0.000, 0.057, 48
train,    3987, 215.302658,   95, 0.00,   12, 0.000, 0.000, 0.057, 48
train,    3988, 198.964475,   82, 0.00,   14, 0.000, 0.000, 0.057, 48
train,    3989, 205.430136,   74, 0.00,   13, 0.000, 0.000, 0.057, 48
train,    3990, 213.404279,   84, 0.00,   13, 0.000, 0.000, 0.057, 48
update,   3990,  399, 328521, 166.242615, 0.000000
train,    3991, 256.349402,   84, 0.00,   13, 0.000, 0.000, 0.057, 48
train,    3992, 208.538058,  100, 0.00,   14, 0.000, 0.000, 0.057, 48
train,    3993, 217.578624,   73, 0.00,   14, 0.000, 0.000, 0.057, 48
train,    3994, 210.720781,  110, 0.00,   13, 0.000, 0.000, 0.057, 48
train,    3995, 109.363821,   65, 1.00,   14, 0.000, 0.000, 0.057, 48
train,    3996, 62.066211,   49, 1.00,   11, 0.000, 0.000, 0.057, 48
train,    3997, 76.642608,   46, 1.00,   11, 0.000, 0.000, 0.057, 48
train,    3998, 222.120729,   94, 0.00,   15, 0.000, 0.000, 0.057, 48
train,    3999, 218.595979,   99, 0.00,   13, 0.000, 0.000, 0.057, 48
train,    4000, 228.045788,   81, 0.00,   12, 0.000, 0.000, 0.057, 48
update,   4000,  400, 329322, 170.912390, 0.000000
val_t, 4000, 329322, 170.885539, 0.0359,  81.4327,   0.0893, 0.9055,  27.6735, progress 0.9272
train,    4001, 243.370912,   95, 0.00,   13, 0.000, 0.000, 0.056, 48
train,    4002, 212.476047,   99, 0.00,   15, 0.000, 0.000, 0.056, 48
train,    4003, 236.425075,   92, 0.00,   14, 0.000, 0.000, 0.056, 48
train,    4004, 210.146918,   77, 0.00,   13, 0.000, 0.000, 0.056, 48
train,    4005, 225.582290,   98, 0.00,   14, 0.000, 0.000, 0.056, 48
train,    4006, 201.882429,   81, 0.00,   13, 0.000, 0.000, 0.056, 48
train,    4007, 232.301754,   81, 0.00,   14, 0.000, 0.000, 0.056, 48
train,    4008, 186.247085,   75, 0.00,   11, 0.000, 0.000, 0.056, 48
train,    4009, 238.741107,   92, 0.00,   14, 0.000, 0.000, 0.056, 48
train,    4010, 232.477118,  120, 0.00,   14, 0.000, 0.000, 0.056, 48
update,   4010,  401, 330232, 165.778056, 0.000000
train,    4011, 222.805672,   93, 0.00,   13, 0.000, 0.000, 0.056, 48
train,    4012, 195.999052,  111, 0.00,   14, 0.000, 0.000, 0.056, 48
train,    4013, 228.034880,  104, 0.00,   13, 0.000, 0.000, 0.056, 48
train,    4014, 98.282127,   79, 1.00,   12, 0.000, 0.000, 0.056, 48
train,    4015, 193.354396,   90, 0.00,   12, 0.000, 0.000, 0.056, 48
train,    4016, 236.921368,  101, 0.00,   15, 0.000, 0.000, 0.056, 48
train,    4017, 203.585352,   96, 0.00,   12, 0.000, 0.000, 0.056, 48
train,    4018, 198.729591,   98, 0.00,   11, 0.000, 0.000, 0.056, 48
train,    4019, 244.193683,   92, 0.00,   13, 0.000, 0.000, 0.056, 48
train,    4020, 230.184712,  105, 0.00,   13, 0.000, 0.000, 0.056, 48
update,   4020,  402, 331201, 181.277612, 0.000000
train,    4021, 218.721532,  106, 0.00,   14, 0.000, 0.000, 0.056, 48
train,    4022, 229.188571,   87, 0.00,   12, 0.000, 0.000, 0.056, 48
train,    4023, 211.193126,   91, 0.00,   13, 0.000, 0.000, 0.056, 48
train,    4024, 238.309016,   89, 0.00,   13, 0.000, 0.000, 0.056, 48
train,    4025, 182.648688,   79, 0.00,   14, 0.000, 0.000, 0.056, 48
train,    4026, 235.466883,   90, 0.00,   15, 0.000, 0.000, 0.056, 48
train,    4027, 210.149183,  103, 0.00,   14, 0.000, 0.000, 0.056, 48
train,    4028, 231.101348,   85, 0.00,   13, 0.000, 0.000, 0.056, 48
train,    4029, 189.589348,  100, 0.00,   15, 0.000, 0.000, 0.056, 48
train,    4030, 219.013949,   86, 0.00,   15, 0.000, 0.000, 0.056, 48
update,   4030,  403, 332117, 172.061528, 0.000000
train,    4031, 218.976308,  118, 0.00,   14, 0.000, 0.000, 0.056, 48
train,    4032, 226.278953,   81, 0.00,   12, 0.000, 0.000, 0.056, 48
train,    4033, 230.336018,   94, 0.00,   15, 0.000, 0.000, 0.056, 48
train,    4034, 187.463107,   91, 0.00,   13, 0.000, 0.000, 0.056, 48
train,    4035, 223.597293,  110, 0.00,   15, 0.000, 0.000, 0.056, 48
train,    4036, 164.043871,   88, 1.00,   13, 0.000, 0.000, 0.056, 48
train,    4037, 226.113622,   76, 0.00,   12, 0.000, 0.000, 0.056, 48
train,    4038, 228.672248,   90, 0.00,   16, 0.000, 0.000, 0.056, 48
train,    4039, 198.256674,  105, 0.00,   12, 0.000, 0.000, 0.056, 48
train,    4040, 219.671069,  114, 0.00,   15, 0.000, 0.000, 0.056, 48
update,   4040,  404, 333084, 155.814766, 0.000000
train,    4041, 216.272143,   74, 0.00,   13, 0.000, 0.000, 0.056, 48
train,    4042, 105.058737,   76, 1.00,   12, 0.000, 0.000, 0.056, 48
train,    4043, 194.245305,   85, 0.00,   14, 0.000, 0.000, 0.056, 48
train,    4044, 212.879993,   92, 0.00,   14, 0.000, 0.000, 0.056, 48
train,    4045, 215.388730,   90, 0.00,   14, 0.000, 0.000, 0.056, 48
train,    4046, 226.596814,   94, 0.00,   12, 0.000, 0.000, 0.055, 48
train,    4047, 217.874122,   85, 0.00,   11, 0.000, 0.000, 0.055, 48
train,    4048, 215.939983,   89, 0.00,   13, 0.000, 0.000, 0.055, 48
train,    4049, 203.380319,   91, 0.00,   12, 0.000, 0.000, 0.055, 48
train,    4050, 226.090051,   85, 0.00,   13, 0.000, 0.000, 0.055, 48
update,   4050,  405, 333945, 167.228930, 0.000000
train,    4051, 183.802188,   82, 0.00,   12, 0.000, 0.000, 0.055, 48
train,    4052, 215.568232,   90, 0.00,   13, 0.000, 0.000, 0.055, 48
train,    4053, 190.075931,   77, 0.00,   14, 0.000, 0.000, 0.055, 48
train,    4054, 199.770456,  118, 0.00,   13, 0.000, 0.000, 0.055, 48
train,    4055, 192.028811,  110, 0.00,   13, 0.000, 0.000, 0.055, 48
train,    4056, 242.437130,  100, 0.00,   15, 0.000, 0.000, 0.055, 48
train,    4057, 118.577564,   73, 1.00,   11, 0.000, 0.000, 0.055, 48
train,    4058, 222.832774,   96, 0.00,   15, 0.000, 0.000, 0.055, 48
train,    4059, 230.852156,  105, 0.00,   12, 0.000, 0.000, 0.055, 48
train,    4060, 225.871129,   78, 0.00,   15, 0.000, 0.000, 0.055, 48
update,   4060,  406, 334874, 170.086629, 0.000000
train,    4061, 215.439299,   98, 0.00,   13, 0.000, 0.000, 0.055, 48
train,    4062, 219.648627,   97, 0.00,   11, 0.000, 0.000, 0.055, 48
train,    4063, 209.492351,   96, 0.00,   14, 0.000, 0.000, 0.055, 48
train,    4064, 133.348954,   80, 1.00,   11, 0.000, 0.000, 0.055, 48
train,    4065, 215.670437,  120, 0.00,   11, 0.000, 0.000, 0.055, 48
train,    4066, 212.161067,   75, 0.00,   15, 0.000, 0.000, 0.055, 48
train,    4067, 231.944463,  101, 0.00,   16, 0.000, 0.000, 0.055, 48
train,    4068, 225.834872,   98, 0.00,   11, 0.000, 0.000, 0.055, 48
train,    4069, 195.720444,   83, 0.00,   16, 0.000, 0.000, 0.055, 48
train,    4070, 250.703162,  100, 0.00,   16, 0.000, 0.000, 0.055, 48
update,   4070,  407, 335822, 176.305872, 0.000000
train,    4071, 194.760037,   85, 0.00,   13, 0.000, 0.000, 0.055, 48
train,    4072, 228.666132,   81, 0.00,   15, 0.000, 0.000, 0.055, 48
train,    4073, 223.233404,   83, 0.00,   14, 0.000, 0.000, 0.055, 48
train,    4074, 202.950087,   70, 0.00,   14, 0.000, 0.000, 0.055, 48
train,    4075, 201.254083,   81, 0.00,   13, 0.000, 0.000, 0.055, 48
train,    4076, 227.121200,   83, 0.00,   15, 0.000, 0.000, 0.055, 48
train,    4077, 217.588377,   86, 0.00,   13, 0.000, 0.000, 0.055, 48
train,    4078, 219.338346,  109, 0.00,   15, 0.000, 0.000, 0.055, 48
train,    4079, 224.094315,  110, 0.00,   14, 0.000, 0.000, 0.055, 48
train,    4080, 229.754479,   74, 0.00,   13, 0.000, 0.000, 0.055, 48
update,   4080,  408, 336684, 176.354308, 0.000000
train,    4081, 222.105301,  106, 0.00,   13, 0.000, 0.000, 0.055, 48
train,    4082, 195.328717,   95, 0.00,   13, 0.000, 0.000, 0.055, 48
train,    4083, 225.652619,   89, 0.00,   14, 0.000, 0.000, 0.055, 48
train,    4084, 208.518317,  102, 0.00,   13, 0.000, 0.000, 0.055, 48
train,    4085, 185.564956,   89, 0.00,   13, 0.000, 0.000, 0.055, 48
train,    4086, 232.421316,   94, 0.00,   13, 0.000, 0.000, 0.055, 48
train,    4087, 207.313685,   95, 0.00,   14, 0.000, 0.000, 0.055, 48
train,    4088, 219.501452,   82, 0.00,   12, 0.000, 0.000, 0.055, 48
train,    4089, 207.212274,  102, 0.00,   14, 0.000, 0.000, 0.055, 48
train,    4090, 236.938442,  120, 0.00,   13, 0.000, 0.000, 0.055, 48
update,   4090,  409, 337658, 173.038263, 0.000000
train,    4091, 220.429974,   93, 0.00,   15, 0.000, 0.000, 0.054, 48
train,    4092, 167.024825,   93, 1.00,   13, 0.000, 0.000, 0.054, 48
train,    4093, 208.849567,   96, 0.00,   12, 0.000, 0.000, 0.054, 48
train,    4094, 230.336093,   85, 0.00,   14, 0.000, 0.000, 0.054, 48
train,    4095, 260.000000,   96, 0.00,   13, 0.000, 0.000, 0.054, 48
train,    4096, 209.441102,  102, 0.00,   13, 0.000, 0.000, 0.054, 48
train,    4097, 216.780904,   99, 0.00,   14, 0.000, 0.000, 0.054, 48
train,    4098, 228.500133,   94, 0.00,   14, 0.000, 0.000, 0.054, 48
train,    4099, 204.938376,   87, 0.00,   12, 0.000, 0.000, 0.054, 48
train,    4100, 233.355258,   84, 0.00,   14, 0.000, 0.000, 0.054, 48
update,   4100,  410, 338587, 205.393312, 0.000000
val_t, 4100, 338587, 173.135671, 0.0432,  82.2269,   0.0817, 0.8987,  27.8709, progress 0.9585
train,    4101, 187.118288,  113, 0.00,   15, 0.000, 0.000, 0.054, 48
train,    4102, 216.709055,   94, 0.00,   13, 0.000, 0.000, 0.054, 48
train,    4103, 189.217232,   96, 0.00,   11, 0.000, 0.000, 0.054, 48
train,    4104, 260.000000,  101, 0.00,   15, 0.000, 0.000, 0.054, 48
train,    4105, 237.908214,  106, 0.00,   14, 0.000, 0.000, 0.054, 48
train,    4106, 229.217213,   95, 0.00,   13, 0.000, 0.000, 0.054, 48
train,    4107, 195.914067,  107, 0.00,   13, 0.000, 0.000, 0.054, 48
train,    4108, 216.160139,   84, 0.00,   14, 0.000, 0.000, 0.054, 48
train,    4109, 208.845354,  104, 0.00,   12, 0.000, 0.000, 0.054, 48
train,    4110, 122.258097,   70, 1.00,   12, 0.000, 0.000, 0.054, 48
update,   4110,  411, 339557, 189.131897, 0.000000
train,    4111, 224.722696,   96, 0.00,   14, 0.000, 0.000, 0.054, 48
train,    4112, 218.497283,  101, 0.00,   15, 0.000, 0.000, 0.054, 48
train,    4113, 236.396001,  105, 0.00,   12, 0.000, 0.000, 0.054, 48
train,    4114, 180.638014,   97, 0.00,   13, 0.000, 0.000, 0.054, 48
train,    4115, 218.524689,   88, 0.00,   16, 0.000, 0.000, 0.054, 48
train,    4116, 212.056976,  114, 0.00,   15, 0.000, 0.000, 0.054, 48
train,    4117, 212.744897,   99, 0.00,   12, 0.000, 0.000, 0.054, 48
train,    4118, 248.922841,   87, 0.00,   14, 0.000, 0.000, 0.054, 48
train,    4119, 231.842035,  107, 0.00,   15, 0.000, 0.000, 0.054, 48
train,    4120, 203.140883,   92, 0.00,   11, 0.000, 0.000, 0.054, 48
update,   4120,  412, 340543, 201.662083, 0.000000
train,    4121, 100.499764,   61, 1.00,   11, 0.000, 0.000, 0.054, 48
train,    4122, 122.124921,   90, 1.00,   14, 0.000, 0.000, 0.054, 48
train,    4123, 245.322269,   92, 0.00,   15, 0.000, 0.000, 0.054, 48
train,    4124, 219.495558,  102, 0.00,   13, 0.000, 0.000, 0.054, 48
train,    4125, 197.307290,  120, 0.00,   13, 0.000, 0.000, 0.054, 48
train,    4126, 228.849547,   99, 0.00,   15, 0.000, 0.000, 0.054, 48
train,    4127, 207.597865,   87, 0.00,   15, 0.000, 0.000, 0.054, 48
train,    4128, 228.097201,  107, 0.00,   13, 0.000, 0.000, 0.054, 48
train,    4129, 244.014174,  106, 0.00,   14, 0.000, 0.000, 0.054, 48
train,    4130, 209.137870,  106, 0.00,   12, 0.000, 0.000, 0.054, 48
update,   4130,  413, 341513, 192.822057, 0.000000
train,    4131, 225.886467,   84, 0.00,   15, 0.000, 0.000, 0.054, 48
train,    4132, 209.569891,   88, 0.00,   14, 0.000, 0.000, 0.054, 48
train,    4133, 216.160266,   93, 0.00,   15, 0.000, 0.000, 0.054, 48
train,    4134, 205.724846,  120, 0.00,   11, 0.000, 0.000, 0.054, 48
train,    4135, 198.365667,  120, 0.00,   13, 0.000, 0.000, 0.054, 48
train,    4136, 215.541930,   99, 0.00,   13, 0.000, 0.000, 0.054, 48
train,    4137, 214.698132,   97, 0.00,   12, 0.000, 0.000, 0.053, 48
train,    4138, 210.071979,  104, 0.00,   11, 0.000, 0.000, 0.053, 48
train,    4139, 200.214033,  108, 0.00,   14, 0.000, 0.000, 0.053, 48
train,    4140, 137.983352,   64, 1.00,   11, 0.000, 0.000, 0.053, 48
update,   4140,  414, 342490, 156.070699, 0.000000
train,    4141, 249.675447,  113, 0.00,   14, 0.000, 0.000, 0.053, 48
train,    4142, 226.141495,   94, 0.00,   14, 0.000, 0.000, 0.053, 48
train,    4143, 134.662060,   85, 1.00,   12, 0.000, 0.000, 0.053, 48
train,    4144, 221.289363,  107, 0.00,   11, 0.000, 0.000, 0.053, 48
train,    4145, 251.932482,  104, 0.00,   14, 0.000, 0.000, 0.053, 48
train,    4146, 233.201278,   87, 0.00,   13, 0.000, 0.000, 0.053, 48
train,    4147, 226.459503,  104, 0.00,   14, 0.000, 0.000, 0.053, 48
train,    4148, 222.887260,  108, 0.00,   12, 0.000, 0.000, 0.053, 48
train,    4149, 235.982702,  120, 0.00,   14, 0.000, 0.000, 0.053, 48
train,    4150, 196.087570,   92, 0.00,   15, 0.000, 0.000, 0.053, 48
update,   4150,  415, 343504, 167.603538, 0.000000
train,    4151, 200.177163,  105, 0.00,   13, 0.000, 0.000, 0.053, 48
train,    4152, 224.791597,   94, 0.00,   14, 0.000, 0.000, 0.053, 48
train,    4153, 227.469901,  106, 0.00,   12, 0.000, 0.000, 0.053, 48
train,    4154, 208.386763,  112, 0.00,   17, 0.000, 0.000, 0.053, 48
train,    4155, 148.735279,   81, 1.00,   11, 0.000, 0.000, 0.053, 48
train,    4156, 110.343201,   68, 1.00,   12, 0.000, 0.000, 0.053, 48
train,    4157, 206.133363,  113, 0.00,   13, 0.000, 0.000, 0.053, 48
train,    4158, 87.670877,   61, 1.00,   10, 0.000, 0.000, 0.053, 48
train,    4159, 213.312734,   96, 0.00,   13, 0.000, 0.000, 0.053, 48
train,    4160, 232.545624,   85, 0.00,   15, 0.000, 0.000, 0.053, 48
update,   4160,  416, 344425, 191.129732, 0.000000
train,    4161, 225.210158,   93, 0.00,   15, 0.000, 0.000, 0.053, 48
train,    4162, 215.762796,  113, 0.00,   15, 0.000, 0.000, 0.053, 48
train,    4163, 206.058396,   93, 0.00,   15, 0.000, 0.000, 0.053, 48
train,    4164, 235.167620,   99, 0.00,   14, 0.000, 0.000, 0.053, 48
train,    4165, 223.855540,  112, 0.00,   15, 0.000, 0.000, 0.053, 48
train,    4166, 228.691885,  107, 0.00,   12, 0.000, 0.000, 0.053, 48
train,    4167, 240.097374,   81, 0.00,   14, 0.000, 0.000, 0.053, 48
train,    4168, 229.908151,   97, 0.00,   10, 0.000, 0.000, 0.053, 48
train,    4169, 213.739920,   99, 0.00,   13, 0.000, 0.000, 0.053, 48
train,    4170, 205.292228,   86, 0.00,   15, 0.000, 0.000, 0.053, 48
update,   4170,  417, 345405, 186.823325, 0.000000
train,    4171, 216.357994,  115, 0.00,   14, 0.000, 0.000, 0.053, 48
train,    4172, 224.094892,  116, 0.00,   14, 0.000, 0.000, 0.053, 48
train,    4173, 215.637419,  109, 0.00,   15, 0.000, 0.000, 0.053, 48
train,    4174, 229.900520,   99, 0.00,   14, 0.000, 0.000, 0.053, 48
train,    4175, 223.419894,  114, 0.00,   14, 0.000, 0.000, 0.053, 48
train,    4176, 220.083107,   97, 0.00,   14, 0.000, 0.000, 0.053, 48
train,    4177, 213.158630,  102, 0.00,   14, 0.000, 0.000, 0.053, 48
train,    4178, 260.000000,  120, 0.00,   15, 0.000, 0.000, 0.053, 48
train,    4179, 78.656623,   59, 1.00,   11, 0.000, 0.000, 0.053, 48
train,    4180, 225.831056,  109, 0.00,   14, 0.000, 0.000, 0.053, 48
update,   4180,  418, 346445, 177.840015, 0.000000
train,    4181, 239.617762,  119, 0.00,   12, 0.000, 0.000, 0.053, 48
train,    4182, 203.475300,   96, 0.00,   14, 0.000, 0.000, 0.053, 48
train,    4183, 220.696091,  107, 0.00,   15, 0.000, 0.000, 0.053, 48
train,    4184, 222.771614,   98, 0.00,   14, 0.000, 0.000, 0.053, 48
train,    4185, 241.200543,  112, 0.00,   15, 0.000, 0.000, 0.052, 48
train,    4186, 218.263757,  103, 0.00,   14, 0.000, 0.000, 0.052, 48
train,    4187, 244.914087,  115, 0.00,   14, 0.000, 0.000, 0.052, 48
train,    4188, 226.392227,  107, 0.00,   14, 0.000, 0.000, 0.052, 48
train,    4189, 236.640779,  113, 0.00,   15, 0.000, 0.000, 0.052, 48
train,    4190, 195.389179,  100, 0.00,   14, 0.000, 0.000, 0.052, 48
update,   4190,  419, 347515, 193.862335, 0.000000
train,    4191, 218.480561,  100, 0.00,   14, 0.000, 0.000, 0.052, 48
train,    4192, 226.685331,   91, 0.00,   11, 0.000, 0.000, 0.052, 48
train,    4193, 218.415782,   89, 0.00,   13, 0.000, 0.000, 0.052, 48
train,    4194, 238.882236,  120, 0.00,   13, 0.000, 0.000, 0.052, 48
train,    4195, 226.943811,  101, 0.00,   15, 0.000, 0.000, 0.052, 48
train,    4196, 200.621327,  111, 0.00,   16, 0.000, 0.000, 0.052, 48
train,    4197, 225.346238,  103, 0.00,   15, 0.000, 0.000, 0.052, 48
train,    4198, 247.227506,   87, 0.00,   13, 0.000, 0.000, 0.052, 48
train,    4199, 207.857120,   89, 0.00,   14, 0.000, 0.000, 0.052, 48
train,    4200, 161.111689,   66, 1.00,   12, 0.000, 0.000, 0.052, 48
update,   4200,  420, 348472, 196.781248, 0.000000
val_t, 4200, 348472, 166.745194, 0.0736,  84.5234,   0.0895, 0.9181,  27.8789, progress 0.9141
train,    4201, 207.965172,  107, 0.00,   11, 0.000, 0.000, 0.052, 48
train,    4202, 230.639040,  104, 0.00,   13, 0.000, 0.000, 0.052, 48
train,    4203, 220.025310,   82, 0.00,   14, 0.000, 0.000, 0.052, 48
train,    4204, 206.533859,  108, 0.00,   13, 0.000, 0.000, 0.052, 48
train,    4205, 214.050518,   97, 0.00,   13, 0.000, 0.000, 0.052, 48
train,    4206, 102.638250,   78, 1.00,   12, 0.000, 0.000, 0.052, 48
train,    4207, 213.900298,   91, 0.00,   14, 0.000, 0.000, 0.052, 48
train,    4208, 203.045988,  107, 0.00,   13, 0.000, 0.000, 0.052, 48
train,    4209, 221.966527,  105, 0.00,   12, 0.000, 0.000, 0.052, 48
train,    4210, 214.180323,   97, 0.00,   14, 0.000, 0.000, 0.052, 48
update,   4210,  421, 349448, 205.338787, 0.000000
train,    4211, 207.542918,   94, 0.00,   12, 0.000, 0.000, 0.052, 48
train,    4212, 218.037139,  105, 0.00,   13, 0.000, 0.000, 0.052, 48
train,    4213, 220.635685,  119, 0.00,   14, 0.000, 0.000, 0.052, 48
train,    4214, 221.826362,   91, 0.00,   13, 0.000, 0.000, 0.052, 48
train,    4215, 241.585189,  114, 0.00,   14, 0.000, 0.000, 0.052, 48
train,    4216, 215.192271,  107, 0.00,   14, 0.000, 0.000, 0.052, 48
train,    4217, 205.681115,   98, 0.00,   12, 0.000, 0.000, 0.052, 48
train,    4218, 196.405077,  103, 0.00,   12, 0.000, 0.000, 0.052, 48
train,    4219, 218.642747,  106, 0.00,   12, 0.000, 0.000, 0.052, 48
train,    4220, 216.385991,   89, 0.00,   13, 0.000, 0.000, 0.052, 48
update,   4220,  422, 350474, 178.193832, 0.000000
train,    4221, 238.480923,  104, 0.00,   14, 0.000, 0.000, 0.052, 48
train,    4222, 240.219995,  120, 0.00,   12, 0.000, 0.000, 0.052, 48
train,    4223, 211.829107,   96, 0.00,   15, 0.000, 0.000, 0.052, 48
train,    4224, 236.934024,  112, 0.00,   15, 0.000, 0.000, 0.052, 48
train,    4225, 212.898787,   91, 0.00,   14, 0.000, 0.000, 0.052, 48
train,    4226, 207.909167,  102, 0.00,   13, 0.000, 0.000, 0.052, 48
train,    4227, 243.118807,  111, 0.00,   11, 0.000, 0.000, 0.052, 48
train,    4228, 227.224545,  114, 0.00,   14, 0.000, 0.000, 0.052, 48
train,    4229, 260.000000,  112, 0.00,   15, 0.000, 0.000, 0.052, 48
train,    4230, 253.138850,  103, 0.00,   13, 0.000, 0.000, 0.052, 48
update,   4230,  423, 351539, 181.243983, 0.000000
train,    4231, 238.482341,   91, 0.00,   16, 0.000, 0.000, 0.052, 48
train,    4232, 220.564714,  109, 0.00,   12, 0.000, 0.000, 0.052, 48
train,    4233, 207.530073,   92, 0.00,   12, 0.000, 0.000, 0.051, 48
train,    4234, 130.402680,   84, 1.00,   14, 0.000, 0.000, 0.051, 48
train,    4235, 233.962675,  104, 0.00,   15, 0.000, 0.000, 0.051, 48
train,    4236, 220.271474,  101, 0.00,   13, 0.000, 0.000, 0.051, 48
train,    4237, 239.550432,  103, 0.00,   13, 0.000, 0.000, 0.051, 48
train,    4238, 216.805064,  120, 0.00,   15, 0.000, 0.000, 0.051, 48
train,    4239, 211.545112,  105, 0.00,   14, 0.000, 0.000, 0.051, 48
train,    4240, 205.879415,   90, 0.00,   13, 0.000, 0.000, 0.051, 48
update,   4240,  424, 352538, 184.771641, 0.000000
train,    4241, 260.000000,  120, 0.00,   15, 0.000, 0.000, 0.051, 48
train,    4242, 219.497106,  109, 0.00,   14, 0.000, 0.000, 0.051, 48
train,    4243, 219.850173,   93, 0.00,   15, 0.000, 0.000, 0.051, 48
train,    4244, 198.249372,  101, 0.00,   11, 0.000, 0.000, 0.051, 48
train,    4245, 229.878967,  110, 0.00,   14, 0.000, 0.000, 0.051, 48
train,    4246, 231.580639,  105, 0.00,   14, 0.000, 0.000, 0.051, 48
train,    4247, 228.935641,  116, 0.00,   12, 0.000, 0.000, 0.051, 48
train,    4248, 248.627056,  120, 0.00,   13, 0.000, 0.000, 0.051, 48
train,    4249, 222.191473,  107, 0.00,   13, 0.000, 0.000, 0.051, 48
train,    4250, 221.017101,  112, 0.00,   13, 0.000, 0.000, 0.051, 48
update,   4250,  425, 353631, 196.228274, 0.000000
train,    4251, 209.338514,  109, 0.00,   15, 0.000, 0.000, 0.051, 48
train,    4252, 200.314901,  107, 0.00,   14, 0.000, 0.000, 0.051, 48
train,    4253, 195.434282,  114, 0.00,   13, 0.000, 0.000, 0.051, 48
train,    4254, 184.141731,  103, 0.00,   11, 0.000, 0.000, 0.051, 48
train,    4255, 211.722821,  115, 0.00,   12, 0.000, 0.000, 0.051, 48
train,    4256, 176.971675,  111, 0.00,   12, 0.000, 0.000, 0.051, 48
train,    4257, 217.036149,  100, 0.00,   14, 0.000, 0.000, 0.051, 48
train,    4258, 225.663273,  112, 0.00,   13, 0.000, 0.000, 0.051, 48
train,    4259, 241.533808,  107, 0.00,   15, 0.000, 0.000, 0.051, 48
train,    4260, 214.941598,  120, 0.00,   14, 0.000, 0.000, 0.051, 48
update,   4260,  426, 354729, 191.400694, 0.000000
train,    4261, 228.245631,   95, 0.00,   14, 0.000, 0.000, 0.051, 48
train,    4262, 188.831079,   99, 0.00,   11, 0.000, 0.000, 0.051, 48
train,    4263, 211.933281,  109, 0.00,   13, 0.000, 0.000, 0.051, 48
train,    4264, 238.190763,  112, 0.00,   14, 0.000, 0.000, 0.051, 48
train,    4265, 241.873524,  102, 0.00,   15, 0.000, 0.000, 0.051, 48
train,    4266, 231.010373,   90, 0.00,   14, 0.000, 0.000, 0.051, 48
train,    4267, 199.814639,  102, 0.00,   12, 0.000, 0.000, 0.051, 48
train,    4268, 212.393903,  117, 0.00,   12, 0.000, 0.000, 0.051, 48
train,    4269, 213.392915,  120, 0.00,   15, 0.000, 0.000, 0.051, 48
train,    4270, 215.087439,  120, 0.00,   14, 0.000, 0.000, 0.051, 48
update,   4270,  427, 355795, 199.287753, 0.000000
train,    4271, 244.930109,   96, 0.00,   15, 0.000, 0.000, 0.051, 48
train,    4272, 219.920132,   94, 0.00,   13, 0.000, 0.000, 0.051, 48
train,    4273, 235.233943,  119, 0.00,   15, 0.000, 0.000, 0.051, 48
train,    4274, 234.751951,  112, 0.00,   13, 0.000, 0.000, 0.051, 48
train,    4275, 202.306865,  119, 0.00,   16, 0.000, 0.000, 0.051, 48
train,    4276, 150.228692,   62, 1.00,   11, 0.000, 0.000, 0.051, 48
train,    4277, 240.110845,   98, 0.00,   13, 0.000, 0.000, 0.051, 48
train,    4278, 196.733595,   97, 0.00,   14, 0.000, 0.000, 0.051, 48
train,    4279, 218.632357,  118, 0.00,   14, 0.000, 0.000, 0.051, 48
train,    4280, 230.893063,  104, 0.00,   14, 0.000, 0.000, 0.051, 48
update,   4280,  428, 356814, 185.717769, 0.000000
train,    4281, 180.996669,  120, 0.00,   12, 0.000, 0.000, 0.051, 48
train,    4282, 83.219090,   61, 1.00,   13, 0.000, 0.000, 0.050, 48
train,    4283, 220.552566,  120, 0.00,   15, 0.000, 0.000, 0.050, 48
train,    4284, 227.093812,  115, 0.00,   14, 0.000, 0.000, 0.050, 48
train,    4285, 172.954904,  120, 0.00,   13, 0.000, 0.000, 0.050, 48
train,    4286, 235.489564,  105, 0.00,   13, 0.000, 0.000, 0.050, 48
train,    4287, 217.519911,  103, 0.00,   15, 0.000, 0.000, 0.050, 48
train,    4288, 218.430665,   98, 0.00,   12, 0.000, 0.000, 0.050, 48
train,    4289, 191.206561,  106, 0.00,   14, 0.000, 0.000, 0.050, 48
train,    4290, 230.225200,  108, 0.00,   14, 0.000, 0.000, 0.050, 48
update,   4290,  429, 357870, 198.819728, 0.000000
train,    4291, 214.533166,  120, 0.00,   14, 0.000, 0.000, 0.050, 48
train,    4292, 229.590107,  120, 0.00,   13, 0.000, 0.000, 0.050, 48
train,    4293, 215.411635,   97, 0.00,   14, 0.000, 0.000, 0.050, 48
train,    4294, 216.504202,  120, 0.00,   14, 0.000, 0.000, 0.050, 48
train,    4295, 212.258917,  120, 0.00,   14, 0.000, 0.000, 0.050, 48
train,    4296, 191.172381,  118, 0.00,   13, 0.000, 0.000, 0.050, 48
train,    4297, 224.995279,  108, 0.00,   12, 0.000, 0.000, 0.050, 48
train,    4298, 201.711695,  114, 0.00,   13, 0.000, 0.000, 0.050, 48
train,    4299, 199.516828,  115, 0.00,   13, 0.000, 0.000, 0.050, 48
train,    4300, 242.253693,  112, 0.00,   13, 0.000, 0.000, 0.050, 48
update,   4300,  430, 359014, 176.053169, 0.000000
val_t, 4300, 359014, 165.122398, 0.0586,  81.0855,   0.0878, 0.9056,  27.6977, progress 0.9159
train,    4301, 219.064790,  120, 0.00,   13, 0.000, 0.000, 0.050, 48
train,    4302, 109.017853,   59, 1.00,   11, 0.000, 0.000, 0.050, 48
train,    4303, 190.851148,  104, 0.00,   12, 0.000, 0.000, 0.050, 48
train,    4304, 233.824276,   96, 0.00,   15, 0.000, 0.000, 0.050, 48
train,    4305, 226.792915,  104, 0.00,   15, 0.000, 0.000, 0.050, 48
train,    4306, 251.087361,  119, 0.00,   13, 0.000, 0.000, 0.050, 48
train,    4307, 200.077907,  116, 0.00,   13, 0.000, 0.000, 0.050, 48
train,    4308, 172.060942,  120, 0.00,   16, 0.000, 0.000, 0.050, 48
train,    4309, 181.618862,   97, 0.00,   13, 0.000, 0.000, 0.050, 48
train,    4310, 211.416173,  110, 0.00,   14, 0.000, 0.000, 0.050, 48
update,   4310,  431, 360059, 174.081333, 0.000000
train,    4311, 80.610008,   53, 1.00,   11, 0.000, 0.000, 0.050, 48
train,    4312, 249.230341,  112, 0.00,   14, 0.000, 0.000, 0.050, 48
train,    4313, 237.589427,  114, 0.00,   17, 0.000, 0.000, 0.050, 48
train,    4314, 211.758621,  100, 0.00,   15, 0.000, 0.000, 0.050, 48
train,    4315, 214.924295,  120, 0.00,   15, 0.000, 0.000, 0.050, 48
train,    4316, 208.332189,  103, 0.00,   14, 0.000, 0.000, 0.050, 48
train,    4317, 236.742614,  102, 0.00,   13, 0.000, 0.000, 0.050, 48
train,    4318, 260.000000,  115, 0.00,   14, 0.000, 0.000, 0.050, 48
train,    4319, 203.180612,  120, 0.00,   14, 0.000, 0.000, 0.050, 48
train,    4320, 223.422436,   91, 0.00,   15, 0.000, 0.000, 0.050, 48
update,   4320,  432, 361089, 168.965717, 0.000000
train,    4321, 195.514346,  107, 0.00,   14, 0.000, 0.000, 0.050, 48
train,    4322, 236.287453,  101, 0.00,   14, 0.000, 0.000, 0.050, 48
train,    4323, 205.436401,  102, 0.00,   13, 0.000, 0.000, 0.050, 48
train,    4324, 211.983914,  120, 0.00,   14, 0.000, 0.000, 0.050, 48
train,    4325, 230.881058,   96, 0.00,   13, 0.000, 0.000, 0.050, 48
train,    4326, 196.076091,  105, 0.00,   13, 0.000, 0.000, 0.050, 48
train,    4327, 232.243521,  103, 0.00,   14, 0.000, 0.000, 0.050, 48
train,    4328, 240.441806,   91, 0.00,   11, 0.000, 0.000, 0.050, 48
train,    4329, 203.201195,  105, 0.00,   12, 0.000, 0.000, 0.050, 48
train,    4330, 230.891010,  108, 0.00,   13, 0.000, 0.000, 0.050, 48
update,   4330,  433, 362127, 166.913889, 0.000000
train,    4331, 224.485781,  104, 0.00,   14, 0.000, 0.000, 0.050, 48
train,    4332, 183.774712,   90, 0.00,   13, 0.000, 0.000, 0.049, 48
train,    4333, 85.480966,   66, 1.00,   12, 0.000, 0.000, 0.049, 48
train,    4334, 203.900430,  105, 0.00,   15, 0.000, 0.000, 0.049, 48
train,    4335, 214.603193,  112, 0.00,   15, 0.000, 0.000, 0.049, 48
train,    4336, 236.456484,  108, 0.00,   16, 0.000, 0.000, 0.049, 48
train,    4337, 212.476030,  105, 0.00,   17, 0.000, 0.000, 0.049, 48
train,    4338, 195.404902,  116, 0.00,   13, 0.000, 0.000, 0.049, 48
train,    4339, 229.314273,  103, 0.00,   13, 0.000, 0.000, 0.049, 48
train,    4340, 219.259356,  106, 0.00,   14, 0.000, 0.000, 0.049, 48
update,   4340,  434, 363142, 179.281127, 0.000000
train,    4341, 219.835220,  120, 0.00,   12, 0.000, 0.000, 0.049, 48
train,    4342, 238.865253,   83, 0.00,   15, 0.000, 0.000, 0.049, 48
train,    4343, 189.929159,  112, 0.00,   12, 0.000, 0.000, 0.049, 48
train,    4344, 214.640765,  104, 0.00,   13, 0.000, 0.000, 0.049, 48
train,    4345, 220.724575,  120, 0.00,   13, 0.000, 0.000, 0.049, 48
train,    4346, 213.418552,   92, 0.00,   13, 0.000, 0.000, 0.049, 48
train,    4347, 241.048722,   91, 0.00,   14, 0.000, 0.000, 0.049, 48
train,    4348, 222.081691,   98, 0.00,   12, 0.000, 0.000, 0.049, 48
train,    4349, 212.330915,   97, 0.00,   12, 0.000, 0.000, 0.049, 48
train,    4350, 224.534431,   81, 0.00,   13, 0.000, 0.000, 0.049, 48
update,   4350,  435, 364140, 176.442685, 0.000000
train,    4351, 215.956158,  113, 0.00,   14, 0.000, 0.000, 0.049, 48
train,    4352, 222.922030,  115, 0.00,   15, 0.000, 0.000, 0.049, 48
train,    4353, 226.306120,  110, 0.00,   12, 0.000, 0.000, 0.049, 48
train,    4354, 228.058650,   94, 0.00,   11, 0.000, 0.000, 0.049, 48
train,    4355, 210.856454,  106, 0.00,   12, 0.000, 0.000, 0.049, 48
train,    4356, 202.046941,  107, 0.00,   13, 0.000, 0.000, 0.049, 48
train,    4357, 244.049460,  105, 0.00,   13, 0.000, 0.000, 0.049, 48
train,    4358, 227.484435,  120, 0.00,   16, 0.000, 0.000, 0.049, 48
train,    4359, 237.964793,   97, 0.00,   14, 0.000, 0.000, 0.049, 48
train,    4360, 188.003388,  117, 0.00,   11, 0.000, 0.000, 0.049, 48
update,   4360,  436, 365224, 185.543490, 0.000000
train,    4361, 198.636448,  120, 0.00,   14, 0.000, 0.000, 0.049, 48
train,    4362, 225.880154,  120, 0.00,   14, 0.000, 0.000, 0.049, 48
train,    4363, 136.381609,   55, 1.00,   12, 0.000, 0.000, 0.049, 48
train,    4364, 207.662297,  115, 0.00,   16, 0.000, 0.000, 0.049, 48
train,    4365, 194.893076,   94, 0.00,   14, 0.000, 0.000, 0.049, 48
train,    4366, 219.132736,  106, 0.00,   14, 0.000, 0.000, 0.049, 48
train,    4367, 236.540604,  113, 0.00,   15, 0.000, 0.000, 0.049, 48
train,    4368, 212.699251,  117, 0.00,   13, 0.000, 0.000, 0.049, 48
train,    4369, 198.255444,  119, 0.00,   14, 0.000, 0.000, 0.049, 48
train,    4370, 193.237767,  120, 0.00,   12, 0.000, 0.000, 0.049, 48
update,   4370,  437, 366303, 162.231219, 0.000000
train,    4371, 237.019530,  103, 0.00,   11, 0.000, 0.000, 0.049, 48
train,    4372, 201.853986,  110, 0.00,   14, 0.000, 0.000, 0.049, 48
train,    4373, 205.301878,  117, 0.00,   12, 0.000, 0.000, 0.049, 48
train,    4374, 228.204321,   93, 0.00,   13, 0.000, 0.000, 0.049, 48
train,    4375, 91.573591,   64, 1.00,   12, 0.000, 0.000, 0.049, 48
train,    4376, 224.875135,  118, 0.00,   13, 0.000, 0.000, 0.049, 48
train,    4377, 175.322951,   99, 0.00,   13, 0.000, 0.000, 0.049, 48
train,    4378, 181.080608,  120, 0.00,   13, 0.000, 0.000, 0.049, 48
train,    4379, 192.390838,   88, 0.00,   13, 0.000, 0.000, 0.049, 48
train,    4380, 228.304770,   93, 0.00,   11, 0.000, 0.000, 0.049, 48
update,   4380,  438, 367308, 188.714801, 0.000000
train,    4381, 225.499141,  116, 0.00,   13, 0.000, 0.000, 0.049, 48
train,    4382, 203.501459,   96, 0.00,   15, 0.000, 0.000, 0.049, 48
train,    4383, 221.137831,  105, 0.00,   13, 0.000, 0.000, 0.048, 48
train,    4384, 217.419591,  120, 0.00,   11, 0.000, 0.000, 0.048, 48
train,    4385, 214.679729,  108, 0.00,   14, 0.000, 0.000, 0.048, 48
train,    4386, 251.350524,  100, 0.00,   13, 0.000, 0.000, 0.048, 48
train,    4387, 205.203315,  105, 0.00,   14, 0.000, 0.000, 0.048, 48
train,    4388, 228.568971,   83, 0.00,   12, 0.000, 0.000, 0.048, 48
train,    4389, 247.319775,   86, 0.00,   14, 0.000, 0.000, 0.048, 48
train,    4390, 229.909958,  115, 0.00,   15, 0.000, 0.000, 0.048, 48
update,   4390,  439, 368342, 177.587036, 0.000000
train,    4391, 168.825380,   80, 1.00,   13, 0.000, 0.000, 0.048, 48
train,    4392, 170.551053,   80, 1.00,   12, 0.000, 0.000, 0.048, 48
train,    4393, 213.545747,  105, 0.00,   14, 0.000, 0.000, 0.048, 48
train,    4394, 220.372355,  113, 0.00,   11, 0.000, 0.000, 0.048, 48
train,    4395, 235.307471,  116, 0.00,   13, 0.000, 0.000, 0.048, 48
train,    4396, 224.020766,  119, 0.00,   14, 0.000, 0.000, 0.048, 48
train,    4397, 124.029630,   55, 1.00,   11, 0.000, 0.000, 0.048, 48
train,    4398, 196.294589,  104, 0.00,   13, 0.000, 0.000, 0.048, 48
train,    4399, 245.628709,  106, 0.00,   13, 0.000, 0.000, 0.048, 48
train,    4400, 218.727887,   98, 0.00,   16, 0.000, 0.000, 0.048, 48
update,   4400,  440, 369318, 194.649023, 0.000000
val_t, 4400, 369318, 188.351977, 0.0527,  84.6471,   0.0975, 0.8916,  28.0142, progress 0.9354
train,    4401, 228.662140,  103, 0.00,   13, 0.000, 0.000, 0.048, 48
train,    4402, 207.173418,  118, 0.00,   13, 0.000, 0.000, 0.048, 48
train,    4403, 218.643551,  110, 0.00,   13, 0.000, 0.000, 0.048, 48
train,    4404, 185.698553,  109, 0.00,   14, 0.000, 0.000, 0.048, 48
train,    4405, 206.115718,  120, 0.00,   13, 0.000, 0.000, 0.048, 48
train,    4406, 185.360411,  106, 0.00,   12, 0.000, 0.000, 0.048, 48
train,    4407, 245.680277,  103, 0.00,   15, 0.000, 0.000, 0.048, 48
train,    4408, 206.570862,  114, 0.00,   12, 0.000, 0.000, 0.048, 48
train,    4409, 161.499295,  113, 0.00,   14, 0.000, 0.000, 0.048, 48
train,    4410, 222.334205,  105, 0.00,   12, 0.000, 0.000, 0.048, 48
update,   4410,  441, 370419, 162.197320, 0.000000
train,    4411, 237.535118,  100, 0.00,   14, 0.000, 0.000, 0.048, 48
train,    4412, 204.472831,  105, 0.00,   13, 0.000, 0.000, 0.048, 48
train,    4413, 236.595717,   99, 0.00,   13, 0.000, 0.000, 0.048, 48
train,    4414, 233.172991,  117, 0.00,   12, 0.000, 0.000, 0.048, 48
train,    4415, 216.170829,  113, 0.00,   12, 0.000, 0.000, 0.048, 48
train,    4416, 184.106230,  113, 0.00,   14, 0.000, 0.000, 0.048, 48
train,    4417, 221.474796,  107, 0.00,   14, 0.000, 0.000, 0.048, 48
train,    4418, 232.657023,  106, 0.00,   14, 0.000, 0.000, 0.048, 48
train,    4419, 229.644414,  114, 0.00,   16, 0.000, 0.000, 0.048, 48
train,    4420, 217.400026,   99, 0.00,   12, 0.000, 0.000, 0.048, 48
update,   4420,  442, 371492, 151.026853, 0.000000
train,    4421, 222.001145,  120, 0.00,   12, 0.000, 0.000, 0.048, 48
train,    4422, 229.461812,  106, 0.00,   14, 0.000, 0.000, 0.048, 48
train,    4423, 227.270569,   98, 0.00,   13, 0.000, 0.000, 0.048, 48
train,    4424, 121.016960,   76, 1.00,   12, 0.000, 0.000, 0.048, 48
train,    4425, 216.891731,  120, 0.00,   13, 0.000, 0.000, 0.048, 48
train,    4426, 235.651034,  106, 0.00,   13, 0.000, 0.000, 0.048, 48
train,    4427, 224.217005,  120, 0.00,   13, 0.000, 0.000, 0.048, 48
train,    4428, 222.960351,  107, 0.00,   14, 0.000, 0.000, 0.048, 48
train,    4429, 129.819933,   71, 1.00,   12, 0.000, 0.000, 0.048, 48
train,    4430, 214.366875,  117, 0.00,   14, 0.000, 0.000, 0.048, 48
update,   4430,  443, 372533, 155.589028, 0.000000
train,    4431, 234.221040,  105, 0.00,   13, 0.000, 0.000, 0.048, 48
train,    4432, 202.519582,  120, 0.00,   13, 0.000, 0.000, 0.048, 48
train,    4433, 206.601354,  100, 0.00,   13, 0.000, 0.000, 0.048, 48
train,    4434, 240.920362,  107, 0.00,   13, 0.000, 0.000, 0.048, 48
train,    4435, 220.779961,  119, 0.00,   15, 0.000, 0.000, 0.047, 48
train,    4436, 250.555476,  106, 0.00,   15, 0.000, 0.000, 0.047, 48
train,    4437, 215.544399,  102, 0.00,   13, 0.000, 0.000, 0.047, 48
train,    4438, 125.400075,   88, 1.00,   11, 0.000, 0.000, 0.047, 48
train,    4439, 145.082562,   67, 1.00,   11, 0.000, 0.000, 0.047, 48
train,    4440, 218.633744,  110, 0.00,   12, 0.000, 0.000, 0.047, 48
update,   4440,  444, 373557, 175.088272, 0.000000
train,    4441, 228.590422,  104, 0.00,   13, 0.000, 0.000, 0.047, 48
train,    4442, 224.460970,  104, 0.00,   13, 0.000, 0.000, 0.047, 48
train,    4443, 227.486273,  108, 0.00,   13, 0.000, 0.000, 0.047, 48
train,    4444, 204.042861,  111, 0.00,   15, 0.000, 0.000, 0.047, 48
train,    4445, 245.612245,  103, 0.00,   14, 0.000, 0.000, 0.047, 48
train,    4446, 218.809848,  100, 0.00,   15, 0.000, 0.000, 0.047, 48
train,    4447, 218.759701,  112, 0.00,   14, 0.000, 0.000, 0.047, 48
train,    4448, 109.196266,   53, 1.00,   14, 0.000, 0.000, 0.047, 48
train,    4449, 195.764439,   91, 0.00,   12, 0.000, 0.000, 0.047, 48
train,    4450, 201.396083,  105, 0.00,   13, 0.000, 0.000, 0.047, 48
update,   4450,  445, 374548, 160.254130, 0.000000
train,    4451, 220.858372,  114, 0.00,   13, 0.000, 0.000, 0.047, 48
train,    4452, 244.247715,   98, 0.00,   13, 0.000, 0.000, 0.047, 48
train,    4453, 181.944899,  111, 0.00,   14, 0.000, 0.000, 0.047, 48
train,    4454, 214.470725,  116, 0.00,   15, 0.000, 0.000, 0.047, 48
train,    4455, 247.990161,  102, 0.00,   16, 0.000, 0.000, 0.047, 48
train,    4456, 208.002957,  115, 0.00,   12, 0.000, 0.000, 0.047, 48
train,    4457, 230.437958,  107, 0.00,   14, 0.000, 0.000, 0.047, 48
train,    4458, 204.916701,  109, 0.00,   15, 0.000, 0.000, 0.047, 48
train,    4459, 217.861406,  109, 0.00,   13, 0.000, 0.000, 0.047, 48
train,    4460, 237.577998,  108, 0.00,   14, 0.000, 0.000, 0.047, 48
update,   4460,  446, 375637, 143.116552, 0.000000
train,    4461, 230.627982,   96, 0.00,   14, 0.000, 0.000, 0.047, 48
train,    4462, 187.780769,   90, 0.00,   14, 0.000, 0.000, 0.047, 48
train,    4463, 228.278417,   94, 0.00,   15, 0.000, 0.000, 0.047, 48
train,    4464, 186.779022,  103, 0.00,   13, 0.000, 0.000, 0.047, 48
train,    4465, 197.942167,  116, 0.00,   14, 0.000, 0.000, 0.047, 48
train,    4466, 201.410115,  111, 0.00,   13, 0.000, 0.000, 0.047, 48
train,    4467, 209.229298,  109, 0.00,   15, 0.000, 0.000, 0.047, 48
train,    4468, 207.346695,  120, 0.00,   12, 0.000, 0.000, 0.047, 48
train,    4469, 229.643336,   87, 0.00,   13, 0.000, 0.000, 0.047, 48
train,    4470, 203.874632,  109, 0.00,   14, 0.000, 0.000, 0.047, 48
update,   4470,  447, 376672, 182.583263, 0.000000
train,    4471, 211.980739,  120, 0.00,   11, 0.000, 0.000, 0.047, 48
train,    4472, 193.607104,  112, 0.00,   13, 0.000, 0.000, 0.047, 48
train,    4473, 228.976610,  117, 0.00,   13, 0.000, 0.000, 0.047, 48
train,    4474, 241.704611,   99, 0.00,   15, 0.000, 0.000, 0.047, 48
train,    4475, 214.067422,   94, 0.00,   11, 0.000, 0.000, 0.047, 48
train,    4476, 239.819166,   87, 0.00,   16, 0.000, 0.000, 0.047, 48
train,    4477, 189.484693,  106, 0.00,   13, 0.000, 0.000, 0.047, 48
train,    4478, 231.516332,  105, 0.00,   15, 0.000, 0.000, 0.047, 48
train,    4479, 222.883255,  112, 0.00,   13, 0.000, 0.000, 0.047, 48
train,    4480, 180.000000,  105, 1.00,   12, 0.000, 0.000, 0.047, 48
update,   4480,  448, 377729, 172.840375, 0.000000
train,    4481, 231.090922,  103, 0.00,   15, 0.000, 0.000, 0.047, 48
train,    4482, 90.766691,   78, 1.00,   13, 0.000, 0.000, 0.047, 48
train,    4483, 211.049092,  110, 0.00,   13, 0.000, 0.000, 0.047, 48
train,    4484, 215.233869,   97, 0.00,   12, 0.000, 0.000, 0.047, 48
train,    4485, 219.929265,   92, 0.00,   14, 0.000, 0.000, 0.047, 48
train,    4486, 202.956858,   95, 0.00,   13, 0.000, 0.000, 0.047, 48
train,    4487, 229.189035,  110, 0.00,   13, 0.000, 0.000, 0.047, 48
train,    4488, 198.350991,  102, 0.00,   15, 0.000, 0.000, 0.046, 48
train,    4489, 212.967419,  119, 0.00,   14, 0.000, 0.000, 0.046, 48
train,    4490, 239.997138,  106, 0.00,   14, 0.000, 0.000, 0.046, 48
update,   4490,  449, 378741, 162.758795, 0.000000
train,    4491, 228.393839,   84, 0.00,   17, 0.000, 0.000, 0.046, 48
train,    4492, 229.174844,   96, 0.00,   15, 0.000, 0.000, 0.046, 48
train,    4493, 233.995982,  112, 0.00,   12, 0.000, 0.000, 0.046, 48
train,    4494, 231.853633,  104, 0.00,   12, 0.000, 0.000, 0.046, 48
train,    4495, 231.979483,   85, 0.00,   14, 0.000, 0.000, 0.046, 48
train,    4496, 221.642631,  100, 0.00,   13, 0.000, 0.000, 0.046, 48
train,    4497, 131.328553,   63, 1.00,   10, 0.000, 0.000, 0.046, 48
train,    4498, 213.849290,  104, 0.00,   15, 0.000, 0.000, 0.046, 48
train,    4499, 190.612700,   92, 0.00,   13, 0.000, 0.000, 0.046, 48
train,    4500, 236.279338,   96, 0.00,   13, 0.000, 0.000, 0.046, 48
update,   4500,  450, 379677, 164.113898, 0.000000
val_t, 4500, 379677, 179.180515, 0.0512,  77.6814,   0.0762, 0.9367,  28.3205, progress 0.9368
train,    4501, 221.960313,   98, 0.00,   13, 0.000, 0.000, 0.046, 48
train,    4502, 216.918451,  101, 0.00,   15, 0.000, 0.000, 0.046, 48
train,    4503, 225.809991,  105, 0.00,   15, 0.000, 0.000, 0.046, 48
train,    4504, 217.020344,   77, 0.00,   13, 0.000, 0.000, 0.046, 48
train,    4505, 202.288330,  109, 0.00,   11, 0.000, 0.000, 0.046, 48
train,    4506, 203.300361,   98, 0.00,   12, 0.000, 0.000, 0.046, 48
train,    4507, 247.533065,  102, 0.00,   16, 0.000, 0.000, 0.046, 48
train,    4508, 202.376260,   98, 0.00,   14, 0.000, 0.000, 0.046, 48
train,    4509, 191.177676,   95, 0.00,   12, 0.000, 0.000, 0.046, 48
train,    4510, 219.276691,   96, 0.00,   16, 0.000, 0.000, 0.046, 48
update,   4510,  451, 380656, 167.932078, 0.000000
train,    4511, 206.525476,   95, 0.00,   13, 0.000, 0.000, 0.046, 48
train,    4512, 164.774003,   83, 1.00,   12, 0.000, 0.000, 0.046, 48
train,    4513, 224.464778,   93, 0.00,   13, 0.000, 0.000, 0.046, 48
train,    4514, 235.419979,  109, 0.00,   14, 0.000, 0.000, 0.046, 48
train,    4515, 233.876715,  101, 0.00,   13, 0.000, 0.000, 0.046, 48
train,    4516, 206.658706,   96, 0.00,   12, 0.000, 0.000, 0.046, 48
train,    4517, 218.450962,   92, 0.00,   12, 0.000, 0.000, 0.046, 48
train,    4518, 237.669394,   80, 0.00,   15, 0.000, 0.000, 0.046, 48
train,    4519, 216.917912,  106, 0.00,   14, 0.000, 0.000, 0.046, 48
train,    4520, 246.291037,  100, 0.00,   11, 0.000, 0.000, 0.046, 48
update,   4520,  452, 381611, 178.104738, 0.000000
train,    4521, 227.800834,  104, 0.00,   13, 0.000, 0.000, 0.046, 48
train,    4522, 205.276706,  108, 0.00,   13, 0.000, 0.000, 0.046, 48
train,    4523, 218.733403,   96, 0.00,   13, 0.000, 0.000, 0.046, 48
train,    4524, 229.279501,   96, 0.00,   14, 0.000, 0.000, 0.046, 48
train,    4525, 215.804678,   99, 0.00,   14, 0.000, 0.000, 0.046, 48
train,    4526, 158.701577,  104, 1.00,   13, 0.000, 0.000, 0.046, 48
train,    4527, 208.436727,   87, 0.00,   16, 0.000, 0.000, 0.046, 48
train,    4528, 226.021804,   83, 0.00,   11, 0.000, 0.000, 0.046, 48
train,    4529, 230.558674,  120, 0.00,   13, 0.000, 0.000, 0.046, 48
train,    4530, 202.844818,  100, 0.00,   12, 0.000, 0.000, 0.046, 48
update,   4530,  453, 382608, 165.940715, 0.000000
train,    4531, 207.798710,   97, 0.00,   14, 0.000, 0.000, 0.046, 48
train,    4532, 231.281480,   96, 0.00,   15, 0.000, 0.000, 0.046, 48
train,    4533, 230.602771,  112, 0.00,   15, 0.000, 0.000, 0.046, 48
train,    4534, 219.673156,   84, 0.00,   12, 0.000, 0.000, 0.046, 48
train,    4535, 205.373458,   91, 0.00,   14, 0.000, 0.000, 0.046, 48
train,    4536, 236.744290,   94, 0.00,   13, 0.000, 0.000, 0.046, 48
train,    4537, 254.857096,  105, 0.00,   13, 0.000, 0.000, 0.046, 48
train,    4538, 195.955591,   99, 0.00,   14, 0.000, 0.000, 0.046, 48
train,    4539, 233.164350,  104, 0.00,   15, 0.000, 0.000, 0.046, 48
train,    4540, 238.567947,  120, 0.00,   16, 0.000, 0.000, 0.046, 48
update,   4540,  454, 383610, 167.521924, 0.000000
train,    4541, 212.744627,   78, 0.00,   13, 0.000, 0.000, 0.046, 48
train,    4542, 220.061249,  112, 0.00,   13, 0.000, 0.000, 0.045, 48
train,    4543, 199.641586,  108, 0.00,   13, 0.000, 0.000, 0.045, 48
train,    4544, 260.000000,   89, 0.00,   13, 0.000, 0.000, 0.045, 48
train,    4545, 204.671553,   96, 0.00,   15, 0.000, 0.000, 0.045, 48
train,    4546, 146.694008,   87, 1.00,   13, 0.000, 0.000, 0.045, 48
train,    4547, 198.507133,  101, 0.00,   14, 0.000, 0.000, 0.045, 48
train,    4548, 205.186002,   92, 0.00,   14, 0.000, 0.000, 0.045, 48
train,    4549, 208.977412,  100, 0.00,   12, 0.000, 0.000, 0.045, 48
train,    4550, 246.272474,   88, 0.00,   12, 0.000, 0.000, 0.045, 48
update,   4550,  455, 384561, 170.985397, 0.000000
train,    4551, 180.578702,  106, 0.00,   13, 0.000, 0.000, 0.045, 48
train,    4552, 198.369487,   88, 0.00,   12, 0.000, 0.000, 0.045, 48
train,    4553, 217.276802,  100, 0.00,   15, 0.000, 0.000, 0.045, 48
train,    4554, 233.113064,   81, 0.00,   12, 0.000, 0.000, 0.045, 48
train,    4555, 190.663925,   91, 0.00,   14, 0.000, 0.000, 0.045, 48
train,    4556, 215.526500,  103, 0.00,   11, 0.000, 0.000, 0.045, 48
train,    4557, 207.031636,   80, 0.00,   13, 0.000, 0.000, 0.045, 48
train,    4558, 235.130310,  106, 0.00,   16, 0.000, 0.000, 0.045, 48
train,    4559, 214.769631,   95, 0.00,   15, 0.000, 0.000, 0.045, 48
train,    4560, 207.828229,  101, 0.00,   15, 0.000, 0.000, 0.045, 48
update,   4560,  456, 385512, 186.270825, 0.000000
train,    4561, 214.979940,   99, 0.00,   16, 0.000, 0.000, 0.045, 48
train,    4562, 180.847773,  104, 0.00,   13, 0.000, 0.000, 0.045, 48
train,    4563, 226.866625,  120, 0.00,   14, 0.000, 0.000, 0.045, 48
train,    4564, 214.684658,  101, 0.00,   12, 0.000, 0.000, 0.045, 48
train,    4565, 217.459134,   89, 0.00,   14, 0.000, 0.000, 0.045, 48
train,    4566, 228.439123,  111, 0.00,   14, 0.000, 0.000, 0.045, 48
train,    4567, 218.325035,   77, 0.00,   12, 0.000, 0.000, 0.045, 48
train,    4568, 193.336830,   93, 0.00,   13, 0.000, 0.000, 0.045, 48
train,    4569, 213.482808,   96, 0.00,   14, 0.000, 0.000, 0.045, 48
train,    4570, 225.793048,  100, 0.00,   13, 0.000, 0.000, 0.045, 48
update,   4570,  457, 386502, 186.124682, 0.000000
train,    4571, 226.843907,  100, 0.00,   14, 0.000, 0.000, 0.045, 48
train,    4572, 230.359841,   97, 0.00,   14, 0.000, 0.000, 0.045, 48
train,    4573, 180.158032,   78, 0.00,   13, 0.000, 0.000, 0.045, 48
train,    4574, 215.846707,   97, 0.00,   11, 0.000, 0.000, 0.045, 48
train,    4575, 237.942444,   96, 0.00,   14, 0.000, 0.000, 0.045, 48
train,    4576, 244.068889,   92, 0.00,   12, 0.000, 0.000, 0.045, 48
train,    4577, 210.872115,   78, 0.00,   15, 0.000, 0.000, 0.045, 48
train,    4578, 244.582154,  106, 0.00,   14, 0.000, 0.000, 0.045, 48
train,    4579, 226.234648,   82, 0.00,   12, 0.000, 0.000, 0.045, 48
train,    4580, 212.635631,   85, 0.00,   11, 0.000, 0.000, 0.045, 48
update,   4580,  458, 387413, 169.864518, 0.000000
train,    4581, 209.847595,   90, 0.00,   13, 0.000, 0.000, 0.045, 48
train,    4582, 220.032461,   85, 0.00,   12, 0.000, 0.000, 0.045, 48
train,    4583, 215.589051,   94, 0.00,   14, 0.000, 0.000, 0.045, 48
train,    4584, 140.752677,   58, 1.00,    9, 0.000, 0.000, 0.045, 48
train,    4585, 239.352725,   90, 0.00,   13, 0.000, 0.000, 0.045, 48
train,    4586, 229.030694,  102, 0.00,   13, 0.000, 0.000, 0.045, 48
train,    4587, 243.225853,   78, 0.00,   16, 0.000, 0.000, 0.045, 48
train,    4588, 225.176259,   96, 0.00,   15, 0.000, 0.000, 0.045, 48
train,    4589, 242.093873,   90, 0.00,   12, 0.000, 0.000, 0.045, 48
train,    4590, 226.699275,   94, 0.00,   13, 0.000, 0.000, 0.045, 48
update,   4590,  459, 388290, 160.165894, 0.000000
train,    4591, 231.053770,  101, 0.00,   13, 0.000, 0.000, 0.045, 48
train,    4592, 234.588743,  107, 0.00,   15, 0.000, 0.000, 0.045, 48
train,    4593, 243.686553,   98, 0.00,   13, 0.000, 0.000, 0.045, 48
train,    4594, 206.165167,   96, 0.00,   14, 0.000, 0.000, 0.045, 48
train,    4595, 191.474273,   84, 0.00,   14, 0.000, 0.000, 0.045, 48
train,    4596, 155.200426,   90, 1.00,   14, 0.000, 0.000, 0.045, 48
train,    4597, 236.397921,   95, 0.00,   12, 0.000, 0.000, 0.045, 48
train,    4598, 144.042950,   93, 1.00,   11, 0.000, 0.000, 0.044, 48
train,    4599, 212.947375,   97, 0.00,   14, 0.000, 0.000, 0.044, 48
train,    4600, 218.787655,   76, 0.00,   13, 0.000, 0.000, 0.044, 48
update,   4600,  460, 389227, 159.134138, 0.000000
val_t, 4600, 389227, 191.260861, 0.0431,  93.3946,   0.0776, 0.9520,  28.1695, progress 0.9313
train,    4601, 241.966008,  100, 0.00,   14, 0.000, 0.000, 0.044, 48
train,    4602, 184.330772,   81, 0.00,   15, 0.000, 0.000, 0.044, 48
train,    4603, 213.463318,   80, 0.00,   16, 0.000, 0.000, 0.044, 48
train,    4604, 190.866234,   90, 0.00,   12, 0.000, 0.000, 0.044, 48
train,    4605, 222.363365,  100, 0.00,   14, 0.000, 0.000, 0.044, 48
train,    4606, 202.976047,  117, 0.00,   15, 0.000, 0.000, 0.044, 48
train,    4607, 201.661684,  106, 0.00,   14, 0.000, 0.000, 0.044, 48
train,    4608, 216.395589,   82, 0.00,   14, 0.000, 0.000, 0.044, 48
train,    4609, 231.795789,   90, 0.00,   14, 0.000, 0.000, 0.044, 48
train,    4610, 201.526203,  105, 0.00,   14, 0.000, 0.000, 0.044, 48
update,   4610,  461, 390178, 166.581870, 0.000000
train,    4611, 233.370486,   90, 0.00,   12, 0.000, 0.000, 0.044, 48
train,    4612, 215.323133,  104, 0.00,   11, 0.000, 0.000, 0.044, 48
train,    4613, 238.253571,  100, 0.00,   16, 0.000, 0.000, 0.044, 48
train,    4614, 221.958583,   83, 0.00,   15, 0.000, 0.000, 0.044, 48
train,    4615, 213.709340,   93, 0.00,   13, 0.000, 0.000, 0.044, 48
train,    4616, 215.345430,   76, 0.00,   14, 0.000, 0.000, 0.044, 48
train,    4617, 189.371109,   92, 0.00,   13, 0.000, 0.000, 0.044, 48
train,    4618, 231.487980,  102, 0.00,   15, 0.000, 0.000, 0.044, 48
train,    4619, 196.693483,   96, 0.00,   12, 0.000, 0.000, 0.044, 48
train,    4620, 153.825815,   81, 1.00,   14, 0.000, 0.000, 0.044, 48
update,   4620,  462, 391095, 175.282098, 0.000000
train,    4621, 100.739558,   73, 1.00,   14, 0.000, 0.000, 0.044, 48
train,    4622, 193.486648,   90, 0.00,   13, 0.000, 0.000, 0.044, 48
train,    4623, 216.277784,  110, 0.00,   14, 0.000, 0.000, 0.044, 48
train,    4624, 232.335721,  100, 0.00,   15, 0.000, 0.000, 0.044, 48
train,    4625, 207.083047,   84, 0.00,   12, 0.000, 0.000, 0.044, 48
train,    4626, 208.605552,  105, 0.00,   13, 0.000, 0.000, 0.044, 48
train,    4627, 208.096408,  103, 0.00,   14, 0.000, 0.000, 0.044, 48
train,    4628, 247.935691,  102, 0.00,   14, 0.000, 0.000, 0.044, 48
train,    4629, 142.869182,   86, 1.00,   10, 0.000, 0.000, 0.044, 48
train,    4630, 211.648743,   86, 0.00,   13, 0.000, 0.000, 0.044, 48
update,   4630,  463, 392034, 175.095750, 0.000000
train,    4631, 205.482930,   91, 0.00,   13, 0.000, 0.000, 0.044, 48
train,    4632, 224.037468,   91, 0.00,   14, 0.000, 0.000, 0.044, 48
train,    4633, 204.365916,   77, 0.00,   15, 0.000, 0.000, 0.044, 48
train,    4634, 216.734347,   91, 0.00,   13, 0.000, 0.000, 0.044, 48
train,    4635, 233.895887,   87, 0.00,   13, 0.000, 0.000, 0.044, 48
train,    4636, 207.959499,   78, 0.00,   13, 0.000, 0.000, 0.044, 48
train,    4637, 213.094897,   93, 0.00,   12, 0.000, 0.000, 0.044, 48
train,    4638, 205.179586,   89, 0.00,   13, 0.000, 0.000, 0.044, 48
train,    4639, 239.870616,   76, 0.00,   14, 0.000, 0.000, 0.044, 48
train,    4640, 206.498158,   90, 0.00,   15, 0.000, 0.000, 0.044, 48
update,   4640,  464, 392897, 158.186785, 0.000000
train,    4641, 199.230449,  115, 0.00,   15, 0.000, 0.000, 0.044, 48
train,    4642, 202.479242,   83, 0.00,   14, 0.000, 0.000, 0.044, 48
train,    4643, 230.192828,   91, 0.00,   15, 0.000, 0.000, 0.044, 48
train,    4644, 222.845165,   91, 0.00,   13, 0.000, 0.000, 0.044, 48
train,    4645, 240.499278,   94, 0.00,   15, 0.000, 0.000, 0.044, 48
train,    4646, 215.764844,  100, 0.00,   14, 0.000, 0.000, 0.044, 48
train,    4647, 195.305676,   97, 0.00,   15, 0.000, 0.000, 0.044, 48
train,    4648, 260.000000,  100, 0.00,   14, 0.000, 0.000, 0.044, 48
train,    4649, 187.531388,   98, 0.00,   13, 0.000, 0.000, 0.044, 48
train,    4650, 206.564688,   97, 0.00,   14, 0.000, 0.000, 0.044, 48
update,   4650,  465, 393863, 176.404571, 0.000000
train,    4651, 225.704790,   91, 0.00,   13, 0.000, 0.000, 0.044, 48
train,    4652, 237.505105,   85, 0.00,   16, 0.000, 0.000, 0.044, 48
train,    4653, 127.634013,   68, 1.00,   13, 0.000, 0.000, 0.044, 48
train,    4654, 142.630599,   82, 1.00,   11, 0.000, 0.000, 0.044, 48
train,    4655, 201.192046,  110, 0.00,   13, 0.000, 0.000, 0.043, 48
train,    4656, 192.429363,   95, 0.00,   12, 0.000, 0.000, 0.043, 48
train,    4657, 204.410701,   94, 0.00,   13, 0.000, 0.000, 0.043, 48
train,    4658, 194.330999,   78, 0.00,   13, 0.000, 0.000, 0.043, 48
train,    4659, 221.902153,   88, 0.00,   15, 0.000, 0.000, 0.043, 48
train,    4660, 216.071071,  103, 0.00,   13, 0.000, 0.000, 0.043, 48
update,   4660,  466, 394757, 182.541272, 0.000000
train,    4661, 213.632524,   83, 0.00,   13, 0.000, 0.000, 0.043, 48
train,    4662, 236.965944,   94, 0.00,   15, 0.000, 0.000, 0.043, 48
train,    4663, 223.321410,   89, 0.00,   14, 0.000, 0.000, 0.043, 48
train,    4664, 91.091577,   67, 1.00,   12, 0.000, 0.000, 0.043, 48
train,    4665, 247.041626,   80, 0.00,   15, 0.000, 0.000, 0.043, 48
train,    4666, 216.438421,   87, 0.00,   11, 0.000, 0.000, 0.043, 48
train,    4667, 241.671391,   78, 0.00,   12, 0.000, 0.000, 0.043, 48
train,    4668, 224.301679,   85, 0.00,   12, 0.000, 0.000, 0.043, 48
train,    4669, 226.567547,  105, 0.00,   12, 0.000, 0.000, 0.043, 48
train,    4670, 114.126599,   64, 1.00,   13, 0.000, 0.000, 0.043, 48
update,   4670,  467, 395589, 165.948812, 0.000000
train,    4671, 224.541053,   80, 0.00,   12, 0.000, 0.000, 0.043, 48
train,    4672, 233.266602,   95, 0.00,   14, 0.000, 0.000, 0.043, 48
train,    4673, 172.727678,   78, 1.00,   10, 0.000, 0.000, 0.043, 48
train,    4674, 192.476620,   95, 0.00,   13, 0.000, 0.000, 0.043, 48
train,    4675, 200.407245,   84, 0.00,   13, 0.000, 0.000, 0.043, 48
train,    4676, 198.164491,   94, 0.00,   14, 0.000, 0.000, 0.043, 48
train,    4677, 203.387737,   98, 0.00,   12, 0.000, 0.000, 0.043, 48
train,    4678, 237.567903,  100, 0.00,   12, 0.000, 0.000, 0.043, 48
train,    4679, 209.558817,   91, 0.00,   15, 0.000, 0.000, 0.043, 48
train,    4680, 198.259456,   70, 0.00,   14, 0.000, 0.000, 0.043, 48
update,   4680,  468, 396474, 196.683281, 0.000000
train,    4681, 209.930225,  101, 0.00,   15, 0.000, 0.000, 0.043, 48
train,    4682, 224.109538,   95, 0.00,   13, 0.000, 0.000, 0.043, 48
train,    4683, 139.995432,   82, 1.00,   12, 0.000, 0.000, 0.043, 48
train,    4684, 189.223577,  103, 0.00,   14, 0.000, 0.000, 0.043, 48
train,    4685, 191.869998,   79, 0.00,   15, 0.000, 0.000, 0.043, 48
train,    4686, 225.748966,   83, 0.00,   14, 0.000, 0.000, 0.043, 48
train,    4687, 195.274644,   88, 0.00,   13, 0.000, 0.000, 0.043, 48
train,    4688, 234.175259,   93, 0.00,   12, 0.000, 0.000, 0.043, 48
train,    4689, 218.521869,  104, 0.00,   14, 0.000, 0.000, 0.043, 48
train,    4690, 110.440793,   84, 1.00,   13, 0.000, 0.000, 0.043, 48
update,   4690,  469, 397386, 179.963768, 0.000000
train,    4691, 229.110515,   79, 0.00,   13, 0.000, 0.000, 0.043, 48
train,    4692, 249.584659,   90, 0.00,   13, 0.000, 0.000, 0.043, 48
train,    4693, 236.294861,   93, 0.00,   15, 0.000, 0.000, 0.043, 48
train,    4694, 211.109555,   95, 0.00,   12, 0.000, 0.000, 0.043, 48
train,    4695, 231.864634,   83, 0.00,   13, 0.000, 0.000, 0.043, 48
train,    4696, 216.663023,  108, 0.00,   13, 0.000, 0.000, 0.043, 48
train,    4697, 227.040592,   93, 0.00,   17, 0.000, 0.000, 0.043, 48
train,    4698, 221.208947,  109, 0.00,   15, 0.000, 0.000, 0.043, 48
train,    4699, 196.032981,  100, 0.00,   13, 0.000, 0.000, 0.043, 48
train,    4700, 203.629501,   96, 0.00,   15, 0.000, 0.000, 0.043, 48
update,   4700,  470, 398332, 190.284061, 0.000000
val_t, 4700, 398332, 166.312029, 0.0514,  87.3174,   0.0721, 0.9741,  27.8634, progress 0.9646
train,    4701, 200.911628,  102, 0.00,   12, 0.000, 0.000, 0.043, 48
train,    4702, 158.274442,   98, 1.00,   12, 0.000, 0.000, 0.043, 48
train,    4703, 200.526410,   94, 0.00,   13, 0.000, 0.000, 0.043, 48
train,    4704, 241.631620,   97, 0.00,   15, 0.000, 0.000, 0.043, 48
train,    4705, 227.410279,   88, 0.00,   13, 0.000, 0.000, 0.043, 48
train,    4706, 221.467661,   94, 0.00,   14, 0.000, 0.000, 0.043, 48
train,    4707, 212.471164,   96, 0.00,   12, 0.000, 0.000, 0.043, 48
train,    4708, 254.739246,   88, 0.00,   13, 0.000, 0.000, 0.043, 48
train,    4709, 224.331762,  105, 0.00,   14, 0.000, 0.000, 0.043, 48
train,    4710, 214.711447,  120, 0.00,   14, 0.000, 0.000, 0.043, 48
update,   4710,  471, 399314, 181.490297, 0.000000
train,    4711, 223.014867,   92, 0.00,   10, 0.000, 0.000, 0.043, 48
train,    4712, 182.565704,   99, 0.00,   13, 0.000, 0.000, 0.043, 48
train,    4713, 191.115907,   85, 0.00,   14, 0.000, 0.000, 0.042, 48
train,    4714, 243.775768,   88, 0.00,   13, 0.000, 0.000, 0.042, 48
train,    4715, 213.265563,  101, 0.00,   13, 0.000, 0.000, 0.042, 48
train,    4716, 78.622567,   45, 1.00,   10, 0.000, 0.000, 0.042, 48
train,    4717, 208.070320,   98, 0.00,   16, 0.000, 0.000, 0.042, 48
train,    4718, 252.515864,  120, 0.00,   15, 0.000, 0.000, 0.042, 48
train,    4719, 239.699870,   81, 0.00,   14, 0.000, 0.000, 0.042, 48
train,    4720, 208.419677,  106, 0.00,   12, 0.000, 0.000, 0.042, 48
update,   4720,  472, 400229, 190.327851, 0.000000
train,    4721, 231.201491,   73, 0.00,   13, 0.000, 0.000, 0.042, 48
train,    4722, 256.953627,   95, 0.00,   12, 0.000, 0.000, 0.042, 48
train,    4723, 132.885913,   61, 1.00,   10, 0.000, 0.000, 0.042, 48
train,    4724, 211.404637,  104, 0.00,   15, 0.000, 0.000, 0.042, 48
train,    4725, 203.771268,   87, 0.00,   15, 0.000, 0.000, 0.042, 48
train,    4726, 199.896446,  107, 0.00,   15, 0.000, 0.000, 0.042, 48
train,    4727, 237.812278,   70, 0.00,   12, 0.000, 0.000, 0.042, 48
train,    4728, 220.917068,   96, 0.00,   15, 0.000, 0.000, 0.042, 48
train,    4729, 218.095576,   99, 0.00,   14, 0.000, 0.000, 0.042, 48
train,    4730, 204.974921,   73, 0.00,   14, 0.000, 0.000, 0.042, 48
update,   4730,  473, 401094, 195.027495, 0.000000
train,    4731, 235.090221,  100, 0.00,   13, 0.000, 0.000, 0.042, 48
train,    4732, 181.455326,   82, 0.00,   14, 0.000, 0.000, 0.042, 48
train,    4733, 220.670147,   88, 0.00,   13, 0.000, 0.000, 0.042, 48
train,    4734, 207.880590,   90, 0.00,   15, 0.000, 0.000, 0.042, 48
train,    4735, 227.308233,  118, 0.00,   16, 0.000, 0.000, 0.042, 48
train,    4736, 251.962853,  115, 0.00,   16, 0.000, 0.000, 0.042, 48
train,    4737, 215.947661,  104, 0.00,   14, 0.000, 0.000, 0.042, 48
train,    4738, 209.529900,   97, 0.00,   14, 0.000, 0.000, 0.042, 48
train,    4739, 220.088606,   81, 0.00,   13, 0.000, 0.000, 0.042, 48
train,    4740, 207.967109,   95, 0.00,   13, 0.000, 0.000, 0.042, 48
update,   4740,  474, 402064, 163.249589, 0.000000
train,    4741, 218.486421,   92, 0.00,   16, 0.000, 0.000, 0.042, 48
train,    4742, 215.995577,   81, 0.00,   14, 0.000, 0.000, 0.042, 48
train,    4743, 166.063678,   84, 1.00,   13, 0.000, 0.000, 0.042, 48
train,    4744, 237.736184,   97, 0.00,   13, 0.000, 0.000, 0.042, 48
train,    4745, 243.811648,   85, 0.00,   14, 0.000, 0.000, 0.042, 48
train,    4746, 244.251836,   82, 0.00,   13, 0.000, 0.000, 0.042, 48
train,    4747, 116.175481,   57, 1.00,   10, 0.000, 0.000, 0.042, 48
train,    4748, 184.482546,   99, 0.00,   12, 0.000, 0.000, 0.042, 48
train,    4749, 204.471689,   87, 0.00,   15, 0.000, 0.000, 0.042, 48
train,    4750, 236.069465,  100, 0.00,   14, 0.000, 0.000, 0.042, 48
update,   4750,  475, 402928, 165.999210, 0.000000
train,    4751, 197.652518,  101, 0.00,   14, 0.000, 0.000, 0.042, 48
train,    4752, 204.152976,   87, 0.00,   12, 0.000, 0.000, 0.042, 48
train,    4753, 223.080530,   87, 0.00,   13, 0.000, 0.000, 0.042, 48
train,    4754, 188.908990,  105, 0.00,   13, 0.000, 0.000, 0.042, 48
train,    4755, 203.582419,   82, 0.00,   15, 0.000, 0.000, 0.042, 48
train,    4756, 184.993762,   86, 0.00,   13, 0.000, 0.000, 0.042, 48
train,    4757, 219.089650,  103, 0.00,   12, 0.000, 0.000, 0.042, 48
train,    4758, 183.685352,   94, 0.00,   15, 0.000, 0.000, 0.042, 48
train,    4759, 238.034593,   79, 0.00,   15, 0.000, 0.000, 0.042, 48
train,    4760, 223.569230,   87, 0.00,   16, 0.000, 0.000, 0.042, 48
update,   4760,  476, 403839, 176.096820, 0.000000
train,    4761, 223.025425,  106, 0.00,   16, 0.000, 0.000, 0.042, 48
train,    4762, 226.381196,   89, 0.00,   13, 0.000, 0.000, 0.042, 48
train,    4763, 235.639724,  104, 0.00,   12, 0.000, 0.000, 0.042, 48
train,    4764, 217.812539,  101, 0.00,   13, 0.000, 0.000, 0.042, 48
train,    4765, 220.891605,  103, 0.00,   14, 0.000, 0.000, 0.042, 48
train,    4766, 188.975013,   82, 0.00,   13, 0.000, 0.000, 0.042, 48
train,    4767, 207.736015,   99, 0.00,   11, 0.000, 0.000, 0.042, 48
train,    4768, 221.153149,   90, 0.00,   15, 0.000, 0.000, 0.042, 48
train,    4769, 236.890641,   90, 0.00,   15, 0.000, 0.000, 0.042, 48
train,    4770, 208.206897,  107, 0.00,   14, 0.000, 0.000, 0.042, 48
update,   4770,  477, 404810, 184.296374, 0.000000
train,    4771, 232.821928,   96, 0.00,   14, 0.000, 0.000, 0.042, 48
train,    4772, 208.802186,   92, 0.00,   14, 0.000, 0.000, 0.041, 48
train,    4773, 155.008982,   76, 1.00,   12, 0.000, 0.000, 0.041, 48
train,    4774, 204.859888,   93, 0.00,   14, 0.000, 0.000, 0.041, 48
train,    4775, 137.055294,   88, 1.00,   14, 0.000, 0.000, 0.041, 48
train,    4776, 251.578969,   89, 0.00,   15, 0.000, 0.000, 0.041, 48
train,    4777, 197.676349,   81, 0.00,   14, 0.000, 0.000, 0.041, 48
train,    4778, 239.864348,   87, 0.00,   16, 0.000, 0.000, 0.041, 48
train,    4779, 221.582031,   90, 0.00,   14, 0.000, 0.000, 0.041, 48
train,    4780, 200.306782,   84, 0.00,   11, 0.000, 0.000, 0.041, 48
update,   4780,  478, 405686, 169.080773, 0.000000
train,    4781, 201.604512,   76, 0.00,   13, 0.000, 0.000, 0.041, 48
train,    4782, 215.466113,   95, 0.00,   12, 0.000, 0.000, 0.041, 48
train,    4783, 198.338574,  113, 0.00,   13, 0.000, 0.000, 0.041, 48
train,    4784, 196.921900,   93, 0.00,   15, 0.000, 0.000, 0.041, 48
train,    4785, 229.102359,  113, 0.00,   13, 0.000, 0.000, 0.041, 48
train,    4786, 216.786805,   83, 0.00,   15, 0.000, 0.000, 0.041, 48
train,    4787, 217.437720,   80, 0.00,   15, 0.000, 0.000, 0.041, 48
train,    4788, 245.076482,  114, 0.00,   15, 0.000, 0.000, 0.041, 48
train,    4789, 221.403859,   77, 0.00,   13, 0.000, 0.000, 0.041, 48
train,    4790, 136.164914,   76, 1.00,   10, 0.000, 0.000, 0.041, 48
update,   4790,  479, 406606, 199.383184, 0.000000
train,    4791, 208.027793,  116, 0.00,   12, 0.000, 0.000, 0.041, 48
train,    4792, 188.111994,  106, 0.00,   14, 0.000, 0.000, 0.041, 48
train,    4793, 243.425944,   97, 0.00,   14, 0.000, 0.000, 0.041, 48
train,    4794, 231.456023,   95, 0.00,   15, 0.000, 0.000, 0.041, 48
train,    4795, 173.824607,  112, 0.00,   13, 0.000, 0.000, 0.041, 48
train,    4796, 225.098894,   77, 0.00,   14, 0.000, 0.000, 0.041, 48
train,    4797, 109.848412,   72, 1.00,   10, 0.000, 0.000, 0.041, 48
train,    4798, 213.340046,   98, 0.00,   13, 0.000, 0.000, 0.041, 48
train,    4799, 207.194638,  102, 0.00,   12, 0.000, 0.000, 0.041, 48
train,    4800, 228.456942,   87, 0.00,   13, 0.000, 0.000, 0.041, 48
update,   4800,  480, 407568, 177.745610, 0.000000
val_t, 4800, 407568, 159.299437, 0.0592,  92.1988,   0.0652, 0.9222,  28.4877, progress 0.9507
train,    4801, 217.050997,   93, 0.00,   12, 0.000, 0.000, 0.041, 48
train,    4802, 233.560836,   75, 0.00,   15, 0.000, 0.000, 0.041, 48
train,    4803, 237.426511,   79, 0.00,   13, 0.000, 0.000, 0.041, 48
train,    4804, 222.346791,   97, 0.00,   15, 0.000, 0.000, 0.041, 48
train,    4805, 239.798528,   91, 0.00,   16, 0.000, 0.000, 0.041, 48
train,    4806, 232.799753,  110, 0.00,   13, 0.000, 0.000, 0.041, 48
train,    4807, 202.852010,  102, 0.00,   13, 0.000, 0.000, 0.041, 48
train,    4808, 203.382928,  111, 0.00,   15, 0.000, 0.000, 0.041, 48
train,    4809, 196.372501,  108, 0.00,   12, 0.000, 0.000, 0.041, 48
train,    4810, 225.601739,  107, 0.00,   14, 0.000, 0.000, 0.041, 48
update,   4810,  481, 408541, 171.242116, 0.000000
train,    4811, 204.742681,   98, 0.00,   12, 0.000, 0.000, 0.041, 48
train,    4812, 229.732891,   98, 0.00,   14, 0.000, 0.000, 0.041, 48
train,    4813, 168.558077,   77, 1.00,   12, 0.000, 0.000, 0.041, 48
train,    4814, 223.414992,   92, 0.00,   18, 0.000, 0.000, 0.041, 48
train,    4815, 222.180073,   86, 0.00,   13, 0.000, 0.000, 0.041, 48
train,    4816, 203.200376,   83, 0.00,   13, 0.000, 0.000, 0.041, 48
train,    4817, 228.433897,  115, 0.00,   14, 0.000, 0.000, 0.041, 48
train,    4818, 196.786656,   82, 0.00,   14, 0.000, 0.000, 0.041, 48
train,    4819, 237.989822,  103, 0.00,   14, 0.000, 0.000, 0.041, 48
train,    4820, 222.851403,  103, 0.00,   17, 0.000, 0.000, 0.041, 48
update,   4820,  482, 409478, 177.841078, 0.000000
train,    4821, 221.078073,   93, 0.00,   13, 0.000, 0.000, 0.041, 48
train,    4822, 143.601877,   86, 1.00,   14, 0.000, 0.000, 0.041, 48
train,    4823, 188.780391,  107, 0.00,   13, 0.000, 0.000, 0.041, 48
train,    4824, 203.754905,  104, 0.00,   10, 0.000, 0.000, 0.041, 48
train,    4825, 222.506066,  119, 0.00,   15, 0.000, 0.000, 0.041, 48
train,    4826, 231.256500,   96, 0.00,   14, 0.000, 0.000, 0.041, 48
train,    4827, 224.553097,  120, 0.00,   11, 0.000, 0.000, 0.041, 48
train,    4828, 206.061374,  118, 0.00,   14, 0.000, 0.000, 0.041, 48
train,    4829, 213.393499,  105, 0.00,   15, 0.000, 0.000, 0.041, 48
train,    4830, 219.364448,   91, 0.00,   14, 0.000, 0.000, 0.041, 48
update,   4830,  483, 410517, 177.849874, 0.000000
train,    4831, 220.168415,  104, 0.00,   14, 0.000, 0.000, 0.041, 48
train,    4832, 216.027461,   85, 0.00,   14, 0.000, 0.000, 0.041, 48
train,    4833, 236.504133,  118, 0.00,   15, 0.000, 0.000, 0.040, 48
train,    4834, 235.720536,  118, 0.00,   13, 0.000, 0.000, 0.040, 48
train,    4835, 236.326993,   88, 0.00,   12, 0.000, 0.000, 0.040, 48
train,    4836, 198.794138,   83, 0.00,   13, 0.000, 0.000, 0.040, 48
train,    4837, 203.276516,  100, 0.00,   15, 0.000, 0.000, 0.040, 48
train,    4838, 123.186754,   60, 1.00,   11, 0.000, 0.000, 0.040, 48
train,    4839, 197.639349,  103, 0.00,   13, 0.000, 0.000, 0.040, 48
train,    4840, 229.589716,  114, 0.00,   15, 0.000, 0.000, 0.040, 48
update,   4840,  484, 411490, 163.757072, 0.000000
train,    4841, 207.561691,   89, 0.00,   16, 0.000, 0.000, 0.040, 48
train,    4842, 231.472930,   79, 0.00,   15, 0.000, 0.000, 0.040, 48
train,    4843, 230.178419,   96, 0.00,   14, 0.000, 0.000, 0.040, 48
train,    4844, 235.455008,  102, 0.00,   14, 0.000, 0.000, 0.040, 48
train,    4845, 231.235096,  102, 0.00,   12, 0.000, 0.000, 0.040, 48
train,    4846, 119.122784,   78, 1.00,   10, 0.000, 0.000, 0.040, 48
train,    4847, 147.252515,   78, 1.00,   12, 0.000, 0.000, 0.040, 48
train,    4848, 227.717309,   99, 0.00,   13, 0.000, 0.000, 0.040, 48
train,    4849, 194.365837,  103, 0.00,   12, 0.000, 0.000, 0.040, 48
train,    4850, 199.144951,   82, 0.00,   15, 0.000, 0.000, 0.040, 48
update,   4850,  485, 412398, 177.217614, 0.000000
train,    4851, 220.771931,  108, 0.00,   14, 0.000, 0.000, 0.040, 48
train,    4852, 255.419383,   85, 0.00,   14, 0.000, 0.000, 0.040, 48
train,    4853, 229.553221,  116, 0.00,   16, 0.000, 0.000, 0.040, 48
train,    4854, 210.466525,  107, 0.00,   16, 0.000, 0.000, 0.040, 48
train,    4855, 226.602776,  119, 0.00,   14, 0.000, 0.000, 0.040, 48
train,    4856, 197.149817,  116, 0.00,   12, 0.000, 0.000, 0.040, 48
train,    4857, 139.087786,   81, 1.00,   12, 0.000, 0.000, 0.040, 48
train,    4858, 205.820192,   99, 0.00,   12, 0.000, 0.000, 0.040, 48
train,    4859, 223.694314,  104, 0.00,   14, 0.000, 0.000, 0.040, 48
train,    4860, 200.504017,  102, 0.00,   12, 0.000, 0.000, 0.040, 48
update,   4860,  486, 413435, 186.615278, 0.000000
train,    4861, 229.929719,  111, 0.00,   15, 0.000, 0.000, 0.040, 48
train,    4862, 219.087341,  111, 0.00,   14, 0.000, 0.000, 0.040, 48
train,    4863, 220.981274,   90, 0.00,   15, 0.000, 0.000, 0.040, 48
train,    4864, 237.718429,   99, 0.00,   15, 0.000, 0.000, 0.040, 48
train,    4865, 224.573563,  100, 0.00,   11, 0.000, 0.000, 0.040, 48
train,    4866, 202.131556,  120, 0.00,   13, 0.000, 0.000, 0.040, 48
train,    4867, 231.285778,  104, 0.00,   13, 0.000, 0.000, 0.040, 48
train,    4868, 206.733075,   88, 0.00,   15, 0.000, 0.000, 0.040, 48
train,    4869, 205.956679,  112, 0.00,   15, 0.000, 0.000, 0.040, 48
train,    4870, 213.883410,  105, 0.00,   13, 0.000, 0.000, 0.040, 48
update,   4870,  487, 414475, 192.091046, 0.000000
train,    4871, 197.932550,  111, 0.00,   14, 0.000, 0.000, 0.040, 48
train,    4872, 194.765711,  108, 0.00,   13, 0.000, 0.000, 0.040, 48
train,    4873, 219.699225,  101, 0.00,   13, 0.000, 0.000, 0.040, 48
train,    4874, 245.071447,  109, 0.00,   14, 0.000, 0.000, 0.040, 48
train,    4875, 231.820365,   85, 0.00,   13, 0.000, 0.000, 0.040, 48
train,    4876, 194.326343,  120, 0.00,   14, 0.000, 0.000, 0.040, 48
train,    4877, 201.472914,  102, 0.00,   15, 0.000, 0.000, 0.040, 48
train,    4878, 231.430803,  107, 0.00,   14, 0.000, 0.000, 0.040, 48
train,    4879, 183.942271,  105, 0.00,   14, 0.000, 0.000, 0.040, 48
train,    4880, 210.506617,  106, 0.00,   13, 0.000, 0.000, 0.040, 48
update,   4880,  488, 415529, 177.608934, 0.000000
train,    4881, 219.391661,  117, 0.00,   11, 0.000, 0.000, 0.040, 48
train,    4882, 251.234488,   82, 0.00,   13, 0.000, 0.000, 0.040, 48
train,    4883, 223.878219,  102, 0.00,   13, 0.000, 0.000, 0.040, 48
train,    4884, 210.791032,  112, 0.00,   11, 0.000, 0.000, 0.040, 48
train,    4885, 206.535661,   88, 0.00,   14, 0.000, 0.000, 0.040, 48
train,    4886, 215.934604,  108, 0.00,   14, 0.000, 0.000, 0.040, 48
train,    4887, 235.136963,  102, 0.00,   13, 0.000, 0.000, 0.040, 48
train,    4888, 214.700491,  106, 0.00,   13, 0.000, 0.000, 0.040, 48
train,    4889, 199.662273,   83, 0.00,   15, 0.000, 0.000, 0.040, 48
train,    4890, 209.856210,  108, 0.00,   13, 0.000, 0.000, 0.040, 48
update,   4890,  489, 416537, 160.952172, 0.000000
train,    4891, 119.152061,   66, 1.00,   12, 0.000, 0.000, 0.040, 48
train,    4892, 220.090258,  105, 0.00,   14, 0.000, 0.000, 0.040, 48
train,    4893, 226.784705,   98, 0.00,   13, 0.000, 0.000, 0.040, 48
train,    4894, 217.504076,  103, 0.00,   13, 0.000, 0.000, 0.040, 48
train,    4895, 223.173482,  107, 0.00,   13, 0.000, 0.000, 0.040, 48
train,    4896, 194.534872,  118, 0.00,   14, 0.000, 0.000, 0.039, 48
train,    4897, 233.961486,   99, 0.00,   12, 0.000, 0.000, 0.039, 48
train,    4898, 200.015715,  106, 0.00,   13, 0.000, 0.000, 0.039, 48
train,    4899, 242.473434,  100, 0.00,   13, 0.000, 0.000, 0.039, 48
train,    4900, 76.748109,   72, 1.00,   11, 0.000, 0.000, 0.039, 48
update,   4900,  490, 417511, 179.175866, 0.000000
val_t, 4900, 417511, 163.508375, 0.0402,  82.1305,   0.0844, 0.9587,  28.2999, progress 0.9413
train,    4901, 216.009935,  109, 0.00,   13, 0.000, 0.000, 0.039, 48
train,    4902, 213.426860,   94, 0.00,   12, 0.000, 0.000, 0.039, 48
train,    4903, 179.501620,  113, 0.00,   14, 0.000, 0.000, 0.039, 48
train,    4904, 209.177500,   97, 0.00,   14, 0.000, 0.000, 0.039, 48
train,    4905, 218.387967,  120, 0.00,   14, 0.000, 0.000, 0.039, 48
train,    4906, 235.142523,  120, 0.00,   14, 0.000, 0.000, 0.039, 48
train,    4907, 248.316782,  118, 0.00,   14, 0.000, 0.000, 0.039, 48
train,    4908, 220.418906,  111, 0.00,   13, 0.000, 0.000, 0.039, 48
train,    4909, 183.700138,  110, 0.00,   13, 0.000, 0.000, 0.039, 48
train,    4910, 207.260358,  103, 0.00,   12, 0.000, 0.000, 0.039, 48
update,   4910,  491, 418606, 186.958529, 0.000000
train,    4911, 102.365190,   57, 1.00,   11, 0.000, 0.000, 0.039, 48
train,    4912, 247.302348,   83, 0.00,   13, 0.000, 0.000, 0.039, 48
train,    4913, 247.146486,  100, 0.00,   13, 0.000, 0.000, 0.039, 48
train,    4914, 236.887270,  111, 0.00,   12, 0.000, 0.000, 0.039, 48
train,    4915, 212.534629,  120, 0.00,   15, 0.000, 0.000, 0.039, 48
train,    4916, 223.213657,  108, 0.00,   17, 0.000, 0.000, 0.039, 48
train,    4917, 230.513303,  120, 0.00,   14, 0.000, 0.000, 0.039, 48
train,    4918, 217.964858,  101, 0.00,   14, 0.000, 0.000, 0.039, 48
train,    4919, 206.981504,  114, 0.00,   14, 0.000, 0.000, 0.039, 48
train,    4920, 238.574521,  104, 0.00,   15, 0.000, 0.000, 0.039, 48
update,   4920,  492, 419624, 169.858905, 0.000000
train,    4921, 247.226754,   97, 0.00,   13, 0.000, 0.000, 0.039, 48
train,    4922, 209.021599,   97, 0.00,   13, 0.000, 0.000, 0.039, 48
train,    4923, 193.798080,  107, 0.00,   15, 0.000, 0.000, 0.039, 48
train,    4924, 117.440599,   63, 1.00,   13, 0.000, 0.000, 0.039, 48
train,    4925, 214.287789,   91, 0.00,   14, 0.000, 0.000, 0.039, 48
train,    4926, 233.669861,  109, 0.00,   12, 0.000, 0.000, 0.039, 48
train,    4927, 226.616601,  120, 0.00,   13, 0.000, 0.000, 0.039, 48
train,    4928, 243.916433,  104, 0.00,   14, 0.000, 0.000, 0.039, 48
train,    4929, 227.604023,  106, 0.00,   16, 0.000, 0.000, 0.039, 48
train,    4930, 243.578945,  108, 0.00,   14, 0.000, 0.000, 0.039, 48
update,   4930,  493, 420626, 174.845255, 0.000000
train,    4931, 219.054928,  106, 0.00,   13, 0.000, 0.000, 0.039, 48
train,    4932, 245.733411,  102, 0.00,   14, 0.000, 0.000, 0.039, 48
train,    4933, 232.112768,  103, 0.00,   13, 0.000, 0.000, 0.039, 48
train,    4934, 219.466386,  100, 0.00,   13, 0.000, 0.000, 0.039, 48
train,    4935, 215.449500,  113, 0.00,   15, 0.000, 0.000, 0.039, 48
train,    4936, 242.090255,  119, 0.00,   12, 0.000, 0.000, 0.039, 48
train,    4937, 225.268457,  120, 0.00,   14, 0.000, 0.000, 0.039, 48
train,    4938, 219.613006,  112, 0.00,   14, 0.000, 0.000, 0.039, 48
train,    4939, 216.809742,  104, 0.00,   13, 0.000, 0.000, 0.039, 48
train,    4940, 220.872675,  107, 0.00,   12, 0.000, 0.000, 0.039, 48
update,   4940,  494, 421712, 192.102473, 0.000000
train,    4941, 235.718606,   87, 0.00,   14, 0.000, 0.000, 0.039, 48
train,    4942, 197.653767,  117, 0.00,   16, 0.000, 0.000, 0.039, 48
train,    4943, 249.486132,   97, 0.00,   15, 0.000, 0.000, 0.039, 48
train,    4944, 109.656819,   60, 1.00,   11, 0.000, 0.000, 0.039, 48
train,    4945, 213.369801,   82, 0.00,   14, 0.000, 0.000, 0.039, 48
train,    4946, 238.429890,  111, 0.00,   13, 0.000, 0.000, 0.039, 48
train,    4947, 251.684314,  106, 0.00,   14, 0.000, 0.000, 0.039, 48
train,    4948, 218.904452,  101, 0.00,   13, 0.000, 0.000, 0.039, 48
train,    4949, 218.431977,   90, 0.00,   13, 0.000, 0.000, 0.039, 48
train,    4950, 208.902816,  116, 0.00,   12, 0.000, 0.000, 0.039, 48
update,   4950,  495, 422679, 143.235724, 0.000000
train,    4951, 222.135009,  116, 0.00,   12, 0.000, 0.000, 0.039, 48
train,    4952, 192.230170,  109, 0.00,   13, 0.000, 0.000, 0.039, 48
train,    4953, 241.983384,  105, 0.00,   14, 0.000, 0.000, 0.039, 48
train,    4954, 185.085175,  102, 0.00,   16, 0.000, 0.000, 0.039, 48
train,    4955, 182.533805,  117, 0.00,   15, 0.000, 0.000, 0.039, 48
train,    4956, 210.548792,  101, 0.00,   14, 0.000, 0.000, 0.039, 48
train,    4957, 211.639138,   98, 0.00,   13, 0.000, 0.000, 0.039, 48
train,    4958, 208.134459,  106, 0.00,   13, 0.000, 0.000, 0.039, 48
train,    4959, 216.462756,  115, 0.00,   15, 0.000, 0.000, 0.039, 48
train,    4960, 235.065065,  119, 0.00,   14, 0.000, 0.000, 0.038, 48
update,   4960,  496, 423767, 182.952572, 0.000000
train,    4961, 217.488682,  103, 0.00,   14, 0.000, 0.000, 0.038, 48
train,    4962, 217.068424,  120, 0.00,   11, 0.000, 0.000, 0.038, 48
train,    4963, 134.994842,   86, 1.00,   12, 0.000, 0.000, 0.038, 48
train,    4964, 137.633686,   74, 1.00,   13, 0.000, 0.000, 0.038, 48
train,    4965, 233.633417,  103, 0.00,   15, 0.000, 0.000, 0.038, 48
train,    4966, 220.618587,  116, 0.00,   13, 0.000, 0.000, 0.038, 48
train,    4967, 199.530677,  115, 0.00,   12, 0.000, 0.000, 0.038, 48
train,    4968, 226.716337,  100, 0.00,   14, 0.000, 0.000, 0.038, 48
train,    4969, 205.072900,   99, 0.00,   15, 0.000, 0.000, 0.038, 48
train,    4970, 190.672541,  103, 0.00,   14, 0.000, 0.000, 0.038, 48
update,   4970,  497, 424786, 168.897431, 0.000000
train,    4971, 198.897047,  110, 0.00,   16, 0.000, 0.000, 0.038, 48
train,    4972, 213.029778,   99, 0.00,   14, 0.000, 0.000, 0.038, 48
train,    4973, 231.010732,   99, 0.00,   10, 0.000, 0.000, 0.038, 48
train,    4974, 227.964385,  110, 0.00,   13, 0.000, 0.000, 0.038, 48
train,    4975, 157.050532,   80, 1.00,   11, 0.000, 0.000, 0.038, 48
train,    4976, 179.722475,   88, 0.00,   14, 0.000, 0.000, 0.038, 48
train,    4977, 222.706297,   98, 0.00,   12, 0.000, 0.000, 0.038, 48
train,    4978, 109.576976,   51, 1.00,   11, 0.000, 0.000, 0.038, 48
train,    4979, 213.996865,   84, 0.00,   13, 0.000, 0.000, 0.038, 48
train,    4980, 249.957386,  105, 0.00,   13, 0.000, 0.000, 0.038, 48
update,   4980,  498, 425710, 167.074528, 0.000000
train,    4981, 225.366787,  104, 0.00,   13, 0.000, 0.000, 0.038, 48
train,    4982, 202.037525,  105, 0.00,   11, 0.000, 0.000, 0.038, 48
train,    4983, 212.020091,  100, 0.00,   16, 0.000, 0.000, 0.038, 48
train,    4984, 92.987852,   67, 1.00,   15, 0.000, 0.000, 0.038, 48
train,    4985, 216.275978,  113, 0.00,   16, 0.000, 0.000, 0.038, 48
train,    4986, 220.817778,  107, 0.00,   13, 0.000, 0.000, 0.038, 48
train,    4987, 230.176641,  117, 0.00,   13, 0.000, 0.000, 0.038, 48
train,    4988, 247.959609,   93, 0.00,   12, 0.000, 0.000, 0.038, 48
train,    4989, 217.261102,  109, 0.00,   12, 0.000, 0.000, 0.038, 48
train,    4990, 225.990275,  116, 0.00,   13, 0.000, 0.000, 0.038, 48
update,   4990,  499, 426741, 149.960357, 0.000000
train,    4991, 248.585845,  106, 0.00,   11, 0.000, 0.000, 0.038, 48
train,    4992, 211.909243,  103, 0.00,   14, 0.000, 0.000, 0.038, 48
train,    4993, 229.785547,  115, 0.00,   13, 0.000, 0.000, 0.038, 48
train,    4994, 221.501345,  112, 0.00,   12, 0.000, 0.000, 0.038, 48
train,    4995, 229.475189,  115, 0.00,   14, 0.000, 0.000, 0.038, 48
train,    4996, 214.553617,  120, 0.00,   14, 0.000, 0.000, 0.038, 48
train,    4997, 230.025682,  109, 0.00,   12, 0.000, 0.000, 0.038, 48
train,    4998, 211.819173,  105, 0.00,   13, 0.000, 0.000, 0.038, 48
train,    4999, 208.092612,  116, 0.00,   11, 0.000, 0.000, 0.038, 48
train,    5000, 222.876020,  108, 0.00,   13, 0.000, 0.000, 0.038, 48
update,   5000,  500, 427850, 159.621444, 0.000000
val_t, 5000, 427850, 179.476474, 0.0653,  88.7826,   0.0729, 0.9178,  28.4805, progress 0.9634
train,    5001, 226.581000,  110, 0.00,   15, 0.000, 0.000, 0.038, 48
train,    5002, 213.636485,  116, 0.00,   15, 0.000, 0.000, 0.038, 48
train,    5003, 201.349185,   96, 0.00,   15, 0.000, 0.000, 0.038, 48
train,    5004, 216.189620,  120, 0.00,   14, 0.000, 0.000, 0.038, 48
train,    5005, 193.948673,  120, 0.00,   13, 0.000, 0.000, 0.038, 48
train,    5006, 146.357903,   92, 1.00,   13, 0.000, 0.000, 0.038, 48
train,    5007, 189.953507,   93, 0.00,   14, 0.000, 0.000, 0.038, 48
train,    5008, 207.991393,  113, 0.00,   14, 0.000, 0.000, 0.038, 48
train,    5009, 229.062835,  104, 0.00,   12, 0.000, 0.000, 0.038, 48
train,    5010, 186.766501,  120, 0.00,   14, 0.000, 0.000, 0.038, 48
update,   5010,  501, 428934, 166.179905, 0.000000
train,    5011, 253.384408,  100, 0.00,   13, 0.000, 0.000, 0.038, 48
train,    5012, 243.685235,  109, 0.00,   15, 0.000, 0.000, 0.038, 48
train,    5013, 222.393278,  120, 0.00,   13, 0.000, 0.000, 0.038, 48
train,    5014, 251.489860,   90, 0.00,   13, 0.000, 0.000, 0.038, 48
train,    5015, 241.488435,   99, 0.00,   12, 0.000, 0.000, 0.038, 48
train,    5016, 208.372225,  111, 0.00,   13, 0.000, 0.000, 0.038, 48
train,    5017, 223.176728,  110, 0.00,   15, 0.000, 0.000, 0.038, 48
train,    5018, 235.609337,   89, 0.00,   13, 0.000, 0.000, 0.038, 48
train,    5019, 191.477686,   87, 0.00,   14, 0.000, 0.000, 0.038, 48
train,    5020, 217.175588,   92, 0.00,   12, 0.000, 0.000, 0.038, 48
update,   5020,  502, 429941, 169.802170, 0.000000
train,    5021, 258.804113,   97, 0.00,   12, 0.000, 0.000, 0.038, 48
train,    5022, 130.093895,   84, 1.00,   13, 0.000, 0.000, 0.038, 48
train,    5023, 236.733996,  113, 0.00,   15, 0.000, 0.000, 0.038, 48
train,    5024, 207.802163,  114, 0.00,   13, 0.000, 0.000, 0.038, 48
train,    5025, 217.710832,  120, 0.00,   15, 0.000, 0.000, 0.038, 48
train,    5026, 210.176576,  120, 0.00,   13, 0.000, 0.000, 0.037, 48
train,    5027, 232.816792,  104, 0.00,   14, 0.000, 0.000, 0.037, 48
train,    5028, 214.439247,   76, 0.00,   12, 0.000, 0.000, 0.037, 48
train,    5029, 209.831015,  105, 0.00,   13, 0.000, 0.000, 0.037, 48
train,    5030, 183.598022,  104, 0.00,   13, 0.000, 0.000, 0.037, 48
update,   5030,  503, 430978, 155.668369, 0.000000
train,    5031, 239.137366,   96, 0.00,   14, 0.000, 0.000, 0.037, 48
train,    5032, 215.162083,   92, 0.00,   14, 0.000, 0.000, 0.037, 48
train,    5033, 224.883226,  120, 0.00,   12, 0.000, 0.000, 0.037, 48
train,    5034, 246.354737,  109, 0.00,   15, 0.000, 0.000, 0.037, 48
train,    5035, 227.468339,   94, 0.00,   13, 0.000, 0.000, 0.037, 48
train,    5036, 200.073871,  109, 0.00,   14, 0.000, 0.000, 0.037, 48
train,    5037, 224.875305,  117, 0.00,   15, 0.000, 0.000, 0.037, 48
train,    5038, 191.849415,  111, 0.00,   13, 0.000, 0.000, 0.037, 48
train,    5039, 236.609897,  118, 0.00,   12, 0.000, 0.000, 0.037, 48
train,    5040, 198.886293,  116, 0.00,   13, 0.000, 0.000, 0.037, 48
update,   5040,  504, 432060, 177.114775, 0.000000
train,    5041, 232.835053,  107, 0.00,   14, 0.000, 0.000, 0.037, 48
train,    5042, 212.735924,  116, 0.00,   13, 0.000, 0.000, 0.037, 48
train,    5043, 229.918241,   89, 0.00,   14, 0.000, 0.000, 0.037, 48
train,    5044, 204.679143,   98, 0.00,   14, 0.000, 0.000, 0.037, 48
train,    5045, 125.552359,   82, 1.00,   13, 0.000, 0.000, 0.037, 48
train,    5046, 206.334597,  113, 0.00,   12, 0.000, 0.000, 0.037, 48
train,    5047, 238.571555,  120, 0.00,   14, 0.000, 0.000, 0.037, 48
train,    5048, 210.925810,  120, 0.00,   13, 0.000, 0.000, 0.037, 48
train,    5049, 208.601774,   96, 0.00,   12, 0.000, 0.000, 0.037, 48
train,    5050, 129.306922,   76, 1.00,   11, 0.000, 0.000, 0.037, 48
update,   5050,  505, 433077, 174.834718, 0.000000
train,    5051, 224.328057,   90, 0.00,   13, 0.000, 0.000, 0.037, 48
train,    5052, 188.975779,  101, 0.00,   13, 0.000, 0.000, 0.037, 48
train,    5053, 195.814574,  104, 0.00,   11, 0.000, 0.000, 0.037, 48
train,    5054, 220.619676,   93, 0.00,   14, 0.000, 0.000, 0.037, 48
train,    5055, 208.878982,  113, 0.00,   12, 0.000, 0.000, 0.037, 48
train,    5056, 204.583923,  102, 0.00,   13, 0.000, 0.000, 0.037, 48
train,    5057, 213.406611,  120, 0.00,   14, 0.000, 0.000, 0.037, 48
train,    5058, 211.061972,   86, 0.00,   15, 0.000, 0.000, 0.037, 48
train,    5059, 234.428845,   96, 0.00,   13, 0.000, 0.000, 0.037, 48
train,    5060, 235.415826,  120, 0.00,   14, 0.000, 0.000, 0.037, 48
update,   5060,  506, 434102, 165.967880, 0.000000
train,    5061, 228.645593,  100, 0.00,   12, 0.000, 0.000, 0.037, 48
train,    5062, 213.567061,   97, 0.00,   12, 0.000, 0.000, 0.037, 48
train,    5063, 208.404094,  112, 0.00,   14, 0.000, 0.000, 0.037, 48
train,    5064, 249.113599,  107, 0.00,   13, 0.000, 0.000, 0.037, 48
train,    5065, 226.685748,  115, 0.00,   15, 0.000, 0.000, 0.037, 48
train,    5066, 211.554474,  109, 0.00,   11, 0.000, 0.000, 0.037, 48
train,    5067, 213.571749,  115, 0.00,   12, 0.000, 0.000, 0.037, 48
train,    5068, 227.876903,  104, 0.00,   11, 0.000, 0.000, 0.037, 48
train,    5069, 200.200030,  108, 0.00,   15, 0.000, 0.000, 0.037, 48
train,    5070, 206.127359,   97, 0.00,   15, 0.000, 0.000, 0.037, 48
update,   5070,  507, 435166, 177.365038, 0.000000
train,    5071, 221.208516,  116, 0.00,   12, 0.000, 0.000, 0.037, 48
train,    5072, 213.172576,   96, 0.00,   15, 0.000, 0.000, 0.037, 48
train,    5073, 207.069602,  106, 0.00,   13, 0.000, 0.000, 0.037, 48
train,    5074, 223.222823,  111, 0.00,   13, 0.000, 0.000, 0.037, 48
train,    5075, 236.162863,   79, 0.00,   15, 0.000, 0.000, 0.037, 48
train,    5076, 210.659266,  105, 0.00,   14, 0.000, 0.000, 0.037, 48
train,    5077, 227.216231,  103, 0.00,   13, 0.000, 0.000, 0.037, 48
train,    5078, 211.824863,  107, 0.00,   16, 0.000, 0.000, 0.037, 48
train,    5079, 170.409163,  117, 0.00,   16, 0.000, 0.000, 0.037, 48
train,    5080, 214.098314,   91, 0.00,   13, 0.000, 0.000, 0.037, 48
update,   5080,  508, 436197, 175.795943, 0.000000
train,    5081, 235.980339,  120, 0.00,   14, 0.000, 0.000, 0.037, 48
train,    5082, 194.062929,   93, 0.00,   14, 0.000, 0.000, 0.037, 48
train,    5083, 211.977695,  110, 0.00,   13, 0.000, 0.000, 0.037, 48
train,    5084, 245.072034,  100, 0.00,   13, 0.000, 0.000, 0.037, 48
train,    5085, 239.941089,  120, 0.00,   13, 0.000, 0.000, 0.037, 48
train,    5086, 225.356004,   94, 0.00,   16, 0.000, 0.000, 0.037, 48
train,    5087, 211.187201,  110, 0.00,   14, 0.000, 0.000, 0.037, 48
train,    5088, 188.098300,  105, 0.00,   12, 0.000, 0.000, 0.037, 48
train,    5089, 220.952092,  101, 0.00,   11, 0.000, 0.000, 0.037, 48
train,    5090, 239.633979,  108, 0.00,   13, 0.000, 0.000, 0.037, 48
update,   5090,  509, 437258, 166.514622, 0.000000
train,    5091, 217.181730,  112, 0.00,   14, 0.000, 0.000, 0.037, 48
train,    5092, 217.228108,  100, 0.00,   12, 0.000, 0.000, 0.037, 48
train,    5093, 225.392953,   92, 0.00,   14, 0.000, 0.000, 0.036, 48
train,    5094, 213.609444,  100, 0.00,   13, 0.000, 0.000, 0.036, 48
train,    5095, 123.609762,   70, 1.00,   12, 0.000, 0.000, 0.036, 48
train,    5096, 197.892446,  104, 0.00,   14, 0.000, 0.000, 0.036, 48
train,    5097, 217.201914,  112, 0.00,   13, 0.000, 0.000, 0.036, 48
train,    5098, 226.991644,  105, 0.00,   16, 0.000, 0.000, 0.036, 48
train,    5099, 185.415724,  103, 0.00,   14, 0.000, 0.000, 0.036, 48
train,    5100, 211.373589,  120, 0.00,   13, 0.000, 0.000, 0.036, 48
update,   5100,  510, 438276, 191.112083, 0.000000
val_t, 5100, 438276, 181.512375, 0.0219,  85.4599,   0.0470, 0.9357,  28.5232, progress 0.9525
train,    5101, 217.795594,  113, 0.00,   15, 0.000, 0.000, 0.036, 48
train,    5102, 233.507585,  113, 0.00,   14, 0.000, 0.000, 0.036, 48
train,    5103, 235.147018,  107, 0.00,   14, 0.000, 0.000, 0.036, 48
train,    5104, 212.556696,  101, 0.00,   14, 0.000, 0.000, 0.036, 48
train,    5105, 225.177908,   97, 0.00,   11, 0.000, 0.000, 0.036, 48
train,    5106, 208.009886,   97, 0.00,   13, 0.000, 0.000, 0.036, 48
train,    5107, 248.075139,  100, 0.00,   13, 0.000, 0.000, 0.036, 48
train,    5108, 204.652528,  100, 0.00,   13, 0.000, 0.000, 0.036, 48
train,    5109, 236.369950,   99, 0.00,   14, 0.000, 0.000, 0.036, 48
train,    5110, 206.749929,  104, 0.00,   14, 0.000, 0.000, 0.036, 48
update,   5110,  511, 439307, 180.741653, 0.000000
train,    5111, 185.105498,  107, 0.00,   13, 0.000, 0.000, 0.036, 48
train,    5112, 192.968355,  119, 0.00,   14, 0.000, 0.000, 0.036, 48
train,    5113, 216.472289,   97, 0.00,   12, 0.000, 0.000, 0.036, 48
train,    5114, 211.316059,  110, 0.00,   13, 0.000, 0.000, 0.036, 48
train,    5115, 220.935861,  105, 0.00,   13, 0.000, 0.000, 0.036, 48
train,    5116, 207.012411,   99, 0.00,   15, 0.000, 0.000, 0.036, 48
train,    5117, 227.236346,  102, 0.00,   14, 0.000, 0.000, 0.036, 48
train,    5118, 242.049276,  100, 0.00,   13, 0.000, 0.000, 0.036, 48
train,    5119, 202.904904,  105, 0.00,   14, 0.000, 0.000, 0.036, 48
train,    5120, 200.583634,  102, 0.00,   13, 0.000, 0.000, 0.036, 48
update,   5120,  512, 440353, 161.811274, 0.000000
train,    5121, 232.516844,   93, 0.00,   13, 0.000, 0.000, 0.036, 48
train,    5122, 199.305981,  105, 0.00,   12, 0.000, 0.000, 0.036, 48
train,    5123, 190.099526,   91, 0.00,   11, 0.000, 0.000, 0.036, 48
train,    5124, 231.304776,  120, 0.00,   14, 0.000, 0.000, 0.036, 48
train,    5125, 206.398492,  120, 0.00,   15, 0.000, 0.000, 0.036, 48
train,    5126, 210.790890,   91, 0.00,   13, 0.000, 0.000, 0.036, 48
train,    5127, 206.907753,  103, 0.00,   13, 0.000, 0.000, 0.036, 48
train,    5128, 229.075828,  108, 0.00,   16, 0.000, 0.000, 0.036, 48
train,    5129, 210.110130,   96, 0.00,   15, 0.000, 0.000, 0.036, 48
train,    5130, 222.740498,  106, 0.00,   13, 0.000, 0.000, 0.036, 48
update,   5130,  513, 441386, 171.761473, 0.000000
train,    5131, 212.264343,  106, 0.00,   13, 0.000, 0.000, 0.036, 48
train,    5132, 220.131361,  120, 0.00,   13, 0.000, 0.000, 0.036, 48
train,    5133, 227.140695,  106, 0.00,   13, 0.000, 0.000, 0.036, 48
train,    5134, 206.026923,  110, 0.00,   12, 0.000, 0.000, 0.036, 48
train,    5135, 238.989140,  116, 0.00,   13, 0.000, 0.000, 0.036, 48
train,    5136, 202.985794,  111, 0.00,   13, 0.000, 0.000, 0.036, 48
train,    5137, 206.492404,  102, 0.00,   14, 0.000, 0.000, 0.036, 48
train,    5138, 239.752193,  106, 0.00,   14, 0.000, 0.000, 0.036, 48
train,    5139, 224.598765,   94, 0.00,   15, 0.000, 0.000, 0.036, 48
train,    5140, 134.266251,   87, 1.00,   11, 0.000, 0.000, 0.036, 48
update,   5140,  514, 442444, 179.707941, 0.000000
train,    5141, 226.178240,   97, 0.00,   14, 0.000, 0.000, 0.036, 48
train,    5142, 198.494949,  112, 0.00,   13, 0.000, 0.000, 0.036, 48
train,    5143, 194.404956,  106, 0.00,   13, 0.000, 0.000, 0.036, 48
train,    5144, 236.651621,  109, 0.00,   12, 0.000, 0.000, 0.036, 48
train,    5145, 235.169111,   96, 0.00,   13, 0.000, 0.000, 0.036, 48
train,    5146, 219.582335,  104, 0.00,   11, 0.000, 0.000, 0.036, 48
train,    5147, 229.899848,  103, 0.00,   13, 0.000, 0.000, 0.036, 48
train,    5148, 200.268766,  105, 0.00,   15, 0.000, 0.000, 0.036, 48
train,    5149, 226.544757,  104, 0.00,   12, 0.000, 0.000, 0.036, 48
train,    5150, 201.695781,  109, 0.00,   11, 0.000, 0.000, 0.036, 48
update,   5150,  515, 443489, 172.484316, 0.000000
train,    5151, 144.707921,   86, 1.00,   14, 0.000, 0.000, 0.036, 48
train,    5152, 246.943382,   73, 0.00,   13, 0.000, 0.000, 0.036, 48
train,    5153, 217.681932,  105, 0.00,   12, 0.000, 0.000, 0.036, 48
train,    5154, 224.918804,  106, 0.00,   13, 0.000, 0.000, 0.036, 48
train,    5155, 256.607651,  102, 0.00,   15, 0.000, 0.000, 0.036, 48
train,    5156, 233.566463,   93, 0.00,   14, 0.000, 0.000, 0.036, 48
train,    5157, 226.920273,  114, 0.00,   14, 0.000, 0.000, 0.036, 48
train,    5158, 241.205510,   94, 0.00,   12, 0.000, 0.000, 0.036, 48
train,    5159, 249.340049,  109, 0.00,   15, 0.000, 0.000, 0.036, 48
train,    5160, 221.305218,  103, 0.00,   14, 0.000, 0.000, 0.036, 48
update,   5160,  516, 444474, 187.064292, 0.000000
train,    5161, 99.753931,   71, 1.00,   10, 0.000, 0.000, 0.036, 48
train,    5162, 232.712454,  103, 0.00,   14, 0.000, 0.000, 0.036, 48
train,    5163, 208.105026,   97, 0.00,   13, 0.000, 0.000, 0.035, 48
train,    5164, 128.315654,   52, 1.00,   10, 0.000, 0.000, 0.035, 48
train,    5165, 216.748169,  103, 0.00,   15, 0.000, 0.000, 0.035, 48
train,    5166, 231.773543,   88, 0.00,   15, 0.000, 0.000, 0.035, 48
train,    5167, 215.120669,  103, 0.00,   13, 0.000, 0.000, 0.035, 48
train,    5168, 174.569452,   94, 0.00,   14, 0.000, 0.000, 0.035, 48
train,    5169, 193.313683,  115, 0.00,   12, 0.000, 0.000, 0.035, 48
train,    5170, 223.359581,  112, 0.00,   15, 0.000, 0.000, 0.035, 48
update,   5170,  517, 445412, 181.988267, 0.000000
train,    5171, 229.270902,  109, 0.00,   14, 0.000, 0.000, 0.035, 48
train,    5172, 217.376794,   93, 0.00,   16, 0.000, 0.000, 0.035, 48
train,    5173, 226.152649,   86, 0.00,   13, 0.000, 0.000, 0.035, 48
train,    5174, 245.447955,   91, 0.00,   13, 0.000, 0.000, 0.035, 48
train,    5175, 260.000000,   99, 0.00,   13, 0.000, 0.000, 0.035, 48
train,    5176, 200.293210,   99, 0.00,   14, 0.000, 0.000, 0.035, 48
train,    5177, 232.802085,   99, 0.00,   14, 0.000, 0.000, 0.035, 48
train,    5178, 243.165748,  113, 0.00,   15, 0.000, 0.000, 0.035, 48
train,    5179, 211.236782,   93, 0.00,   12, 0.000, 0.000, 0.035, 48
train,    5180, 244.984545,   93, 0.00,   14, 0.000, 0.000, 0.035, 48
update,   5180,  518, 446387, 191.962413, 0.000000
train,    5181, 220.838478,   91, 0.00,   13, 0.000, 0.000, 0.035, 48
train,    5182, 224.356176,   91, 0.00,   14, 0.000, 0.000, 0.035, 48
train,    5183, 233.030855,   89, 0.00,   13, 0.000, 0.000, 0.035, 48
train,    5184, 217.079004,  107, 0.00,   14, 0.000, 0.000, 0.035, 48
train,    5185, 251.109146,  112, 0.00,   13, 0.000, 0.000, 0.035, 48
train,    5186, 227.431810,  116, 0.00,   13, 0.000, 0.000, 0.035, 48
train,    5187, 223.952472,  108, 0.00,   14, 0.000, 0.000, 0.035, 48
train,    5188, 192.282511,  108, 0.00,   13, 0.000, 0.000, 0.035, 48
train,    5189, 208.440443,   87, 0.00,   13, 0.000, 0.000, 0.035, 48
train,    5190, 201.828045,  108, 0.00,   13, 0.000, 0.000, 0.035, 48
update,   5190,  519, 447404, 183.180888, 0.000000
train,    5191, 135.544056,   71, 1.00,   12, 0.000, 0.000, 0.035, 48
train,    5192, 223.933093,   94, 0.00,   13, 0.000, 0.000, 0.035, 48
train,    5193, 240.067270,   97, 0.00,   13, 0.000, 0.000, 0.035, 48
train,    5194, 237.765090,  111, 0.00,   14, 0.000, 0.000, 0.035, 48
train,    5195, 143.424036,   70, 1.00,   14, 0.000, 0.000, 0.035, 48
train,    5196, 255.692804,  107, 0.00,   13, 0.000, 0.000, 0.035, 48
train,    5197, 96.599095,   67, 1.00,   12, 0.000, 0.000, 0.035, 48
train,    5198, 227.872618,   92, 0.00,   14, 0.000, 0.000, 0.035, 48
train,    5199, 224.004370,  112, 0.00,   14, 0.000, 0.000, 0.035, 48
train,    5200, 221.749116,   88, 0.00,   12, 0.000, 0.000, 0.035, 48
update,   5200,  520, 448313, 195.023518, 0.000000
val_t, 5200, 448313, 186.183318, 0.0358,  84.6452,   0.0607, 0.9551,  28.4014, progress 0.9857
train,    5201, 239.447771,   90, 0.00,   13, 0.000, 0.000, 0.035, 48
train,    5202, 214.375837,   92, 0.00,   12, 0.000, 0.000, 0.035, 48
train,    5203, 195.176042,  100, 0.00,   14, 0.000, 0.000, 0.035, 48
train,    5204, 181.811712,   96, 0.00,   15, 0.000, 0.000, 0.035, 48
train,    5205, 201.442001,   95, 0.00,   12, 0.000, 0.000, 0.035, 48
train,    5206, 253.949961,  101, 0.00,   12, 0.000, 0.000, 0.035, 48
train,    5207, 215.965694,  112, 0.00,   14, 0.000, 0.000, 0.035, 48
train,    5208, 236.894642,   96, 0.00,   14, 0.000, 0.000, 0.035, 48
train,    5209, 224.346710,  103, 0.00,   16, 0.000, 0.000, 0.035, 48
train,    5210, 209.320817,   92, 0.00,   14, 0.000, 0.000, 0.035, 48
update,   5210,  521, 449290, 208.683499, 0.000000
train,    5211, 222.657879,  103, 0.00,   12, 0.000, 0.000, 0.035, 48
train,    5212, 198.722566,   98, 0.00,   13, 0.000, 0.000, 0.035, 48
train,    5213, 207.504596,  105, 0.00,   15, 0.000, 0.000, 0.035, 48
train,    5214, 213.393388,   93, 0.00,   16, 0.000, 0.000, 0.035, 48
train,    5215, 109.463161,   77, 1.00,   11, 0.000, 0.000, 0.035, 48
train,    5216, 240.499059,   98, 0.00,   15, 0.000, 0.000, 0.035, 48
train,    5217, 219.873056,   84, 0.00,   15, 0.000, 0.000, 0.035, 48
train,    5218, 223.267179,  105, 0.00,   16, 0.000, 0.000, 0.035, 48
train,    5219, 236.891442,  104, 0.00,   11, 0.000, 0.000, 0.035, 48
train,    5220, 220.867241,   89, 0.00,   12, 0.000, 0.000, 0.035, 48
update,   5220,  522, 450246, 167.426738, 0.000000
train,    5221, 214.970547,  100, 0.00,   13, 0.000, 0.000, 0.035, 48
train,    5222, 244.747651,  105, 0.00,   13, 0.000, 0.000, 0.035, 48
train,    5223, 194.972703,   80, 0.00,   15, 0.000, 0.000, 0.035, 48
train,    5224, 204.117874,   98, 0.00,   11, 0.000, 0.000, 0.035, 48
train,    5225, 256.905402,  105, 0.00,   15, 0.000, 0.000, 0.035, 48
train,    5226, 213.064962,   91, 0.00,   13, 0.000, 0.000, 0.035, 48
train,    5227, 205.262719,  106, 0.00,   13, 0.000, 0.000, 0.035, 48
train,    5228, 218.278758,  106, 0.00,   13, 0.000, 0.000, 0.035, 48
train,    5229, 211.763221,  114, 0.00,   14, 0.000, 0.000, 0.035, 48
train,    5230, 231.829989,   97, 0.00,   15, 0.000, 0.000, 0.035, 48
update,   5230,  523, 451248, 194.409397, 0.000000
train,    5231, 175.844702,  105, 0.00,   14, 0.000, 0.000, 0.035, 48
train,    5232, 196.855892,   97, 0.00,   13, 0.000, 0.000, 0.035, 48
train,    5233, 227.633989,   90, 0.00,   15, 0.000, 0.000, 0.035, 48
train,    5234, 226.948293,   95, 0.00,   15, 0.000, 0.000, 0.034, 48
train,    5235, 212.952326,  106, 0.00,   11, 0.000, 0.000, 0.034, 48
train,    5236, 223.061824,  109, 0.00,   12, 0.000, 0.000, 0.034, 48
train,    5237, 242.445384,   98, 0.00,   12, 0.000, 0.000, 0.034, 48
train,    5238, 232.794553,   91, 0.00,   15, 0.000, 0.000, 0.034, 48
train,    5239, 224.598116,   92, 0.00,   14, 0.000, 0.000, 0.034, 48
train,    5240, 233.425177,   89, 0.00,   14, 0.000, 0.000, 0.034, 48
update,   5240,  524, 452220, 192.680301, 0.000000
train,    5241, 206.689580,   99, 0.00,   14, 0.000, 0.000, 0.034, 48
train,    5242, 216.785981,   92, 0.00,   14, 0.000, 0.000, 0.034, 48
train,    5243, 239.267526,   81, 0.00,   15, 0.000, 0.000, 0.034, 48
train,    5244, 184.374908,   90, 0.00,   15, 0.000, 0.000, 0.034, 48
train,    5245, 196.704423,   92, 0.00,   13, 0.000, 0.000, 0.034, 48
train,    5246, 227.833337,  105, 0.00,   12, 0.000, 0.000, 0.034, 48
train,    5247, 238.734172,   97, 0.00,   15, 0.000, 0.000, 0.034, 48
train,    5248, 206.139256,   93, 0.00,   13, 0.000, 0.000, 0.034, 48
train,    5249, 226.465041,  102, 0.00,   14, 0.000, 0.000, 0.034, 48
train,    5250, 219.315425,   99, 0.00,   13, 0.000, 0.000, 0.034, 48
update,   5250,  525, 453170, 187.063434, 0.000000
train,    5251, 236.464560,   86, 0.00,   14, 0.000, 0.000, 0.034, 48
train,    5252, 204.295723,   92, 0.00,   14, 0.000, 0.000, 0.034, 48
train,    5253, 205.383361,   98, 0.00,   12, 0.000, 0.000, 0.034, 48
train,    5254, 229.400777,   85, 0.00,   12, 0.000, 0.000, 0.034, 48
train,    5255, 227.018880,   79, 0.00,   13, 0.000, 0.000, 0.034, 48
train,    5256, 218.664599,  117, 0.00,   11, 0.000, 0.000, 0.034, 48
train,    5257, 223.291810,   74, 0.00,   13, 0.000, 0.000, 0.034, 48
train,    5258, 196.925561,   94, 0.00,   13, 0.000, 0.000, 0.034, 48
train,    5259, 245.206869,  105, 0.00,   15, 0.000, 0.000, 0.034, 48
train,    5260, 214.612038,   99, 0.00,   15, 0.000, 0.000, 0.034, 48
update,   5260,  526, 454099, 200.852271, 0.000000
train,    5261, 229.132564,   89, 0.00,   13, 0.000, 0.000, 0.034, 48
train,    5262, 192.565299,   82, 0.00,   16, 0.000, 0.000, 0.034, 48
train,    5263, 239.426271,   84, 0.00,   12, 0.000, 0.000, 0.034, 48
train,    5264, 242.634773,   91, 0.00,   15, 0.000, 0.000, 0.034, 48
train,    5265, 214.303613,   83, 0.00,   12, 0.000, 0.000, 0.034, 48
train,    5266, 209.184745,  108, 0.00,   13, 0.000, 0.000, 0.034, 48
train,    5267, 231.183847,   94, 0.00,   12, 0.000, 0.000, 0.034, 48
train,    5268, 255.198901,  107, 0.00,   15, 0.000, 0.000, 0.034, 48
train,    5269, 218.335577,   84, 0.00,   13, 0.000, 0.000, 0.034, 48
train,    5270, 229.112451,   78, 0.00,   13, 0.000, 0.000, 0.034, 48
update,   5270,  527, 454999, 200.611335, 0.000000
train,    5271, 238.025316,   88, 0.00,   13, 0.000, 0.000, 0.034, 48
train,    5272, 158.949721,   99, 0.00,   13, 0.000, 0.000, 0.034, 48
train,    5273, 203.216703,   78, 0.00,   12, 0.000, 0.000, 0.034, 48
train,    5274, 185.805729,   87, 0.00,   12, 0.000, 0.000, 0.034, 48
train,    5275, 232.779304,   92, 0.00,   14, 0.000, 0.000, 0.034, 48
train,    5276, 225.182784,   88, 0.00,   13, 0.000, 0.000, 0.034, 48
train,    5277, 248.250430,   89, 0.00,   14, 0.000, 0.000, 0.034, 48
train,    5278, 230.958713,  109, 0.00,   13, 0.000, 0.000, 0.034, 48
train,    5279, 212.651520,   88, 0.00,   12, 0.000, 0.000, 0.034, 48
train,    5280, 250.664917,   90, 0.00,   14, 0.000, 0.000, 0.034, 48
update,   5280,  528, 455907, 199.575504, 0.000000
train,    5281, 124.371724,   85, 1.00,   13, 0.000, 0.000, 0.034, 48
train,    5282, 215.829194,  100, 0.00,   14, 0.000, 0.000, 0.034, 48
train,    5283, 223.786791,  100, 0.00,   12, 0.000, 0.000, 0.034, 48
train,    5284, 244.031500,   87, 0.00,   14, 0.000, 0.000, 0.034, 48
train,    5285, 215.594119,  106, 0.00,   12, 0.000, 0.000, 0.034, 48
train,    5286, 220.302144,   86, 0.00,   12, 0.000, 0.000, 0.034, 48
train,    5287, 189.914588,  118, 0.00,   11, 0.000, 0.000, 0.034, 48
train,    5288, 211.550844,   91, 0.00,   12, 0.000, 0.000, 0.034, 48
train,    5289, 200.773115,  105, 0.00,   14, 0.000, 0.000, 0.034, 48
train,    5290, 254.796146,   92, 0.00,   13, 0.000, 0.000, 0.034, 48
update,   5290,  529, 456877, 203.948759, 0.000000
train,    5291, 237.924219,   89, 0.00,   16, 0.000, 0.000, 0.034, 48
train,    5292, 200.795613,   89, 0.00,   12, 0.000, 0.000, 0.034, 48
train,    5293, 116.210370,   73, 1.00,   10, 0.000, 0.000, 0.034, 48
train,    5294, 205.894815,  102, 0.00,   13, 0.000, 0.000, 0.034, 48
train,    5295, 235.247328,  109, 0.00,   13, 0.000, 0.000, 0.034, 48
train,    5296, 248.612002,   95, 0.00,   14, 0.000, 0.000, 0.034, 48
train,    5297, 234.129021,   94, 0.00,   12, 0.000, 0.000, 0.034, 48
train,    5298, 219.175765,   87, 0.00,   12, 0.000, 0.000, 0.034, 48
train,    5299, 209.478614,   93, 0.00,   13, 0.000, 0.000, 0.034, 48
train,    5300, 214.136805,  102, 0.00,   14, 0.000, 0.000, 0.034, 48
update,   5300,  530, 457810, 204.746119, 0.000000
val_t, 5300, 457810, 171.837938, 0.0429,  89.2648,   0.0877, 0.9152,  28.6186, progress 0.9298
train,    5301, 216.594025,   97, 0.00,   11, 0.000, 0.000, 0.034, 48
train,    5302, 194.724721,   73, 0.00,   15, 0.000, 0.000, 0.034, 48
train,    5303, 220.239053,   89, 0.00,   15, 0.000, 0.000, 0.034, 48
train,    5304, 217.986746,   77, 0.00,   14, 0.000, 0.000, 0.034, 48
train,    5305, 230.161306,   99, 0.00,   13, 0.000, 0.000, 0.034, 48
train,    5306, 220.855868,   88, 0.00,   12, 0.000, 0.000, 0.034, 48
train,    5307, 232.754193,   79, 0.00,   14, 0.000, 0.000, 0.034, 48
train,    5308, 210.518654,  118, 0.00,   14, 0.000, 0.000, 0.033, 48
train,    5309, 132.752776,   73, 1.00,   13, 0.000, 0.000, 0.033, 48
train,    5310, 208.270312,   86, 0.00,   11, 0.000, 0.000, 0.033, 48
update,   5310,  531, 458689, 211.354271, 0.000000
train,    5311, 152.232790,   90, 1.00,   15, 0.000, 0.000, 0.033, 48
train,    5312, 193.510650,  103, 0.00,   16, 0.000, 0.000, 0.033, 48
train,    5313, 249.708360,   85, 0.00,   12, 0.000, 0.000, 0.033, 48
train,    5314, 220.809119,   98, 0.00,   13, 0.000, 0.000, 0.033, 48
train,    5315, 184.209824,  111, 0.00,   12, 0.000, 0.000, 0.033, 48
train,    5316, 200.552178,   91, 0.00,   15, 0.000, 0.000, 0.033, 48
train,    5317, 218.377848,   85, 0.00,   14, 0.000, 0.000, 0.033, 48
train,    5318, 241.125809,   89, 0.00,   17, 0.000, 0.000, 0.033, 48
train,    5319, 212.057681,  101, 0.00,   12, 0.000, 0.000, 0.033, 48
train,    5320, 203.524095,   98, 0.00,   12, 0.000, 0.000, 0.033, 48
update,   5320,  532, 459640, 197.795862, 0.000000
train,    5321, 234.096376,   86, 0.00,   15, 0.000, 0.000, 0.033, 48
train,    5322, 228.376251,   93, 0.00,   15, 0.000, 0.000, 0.033, 48
train,    5323, 210.916205,  102, 0.00,   15, 0.000, 0.000, 0.033, 48
train,    5324, 227.186946,   79, 0.00,   12, 0.000, 0.000, 0.033, 48
train,    5325, 223.780532,   96, 0.00,   15, 0.000, 0.000, 0.033, 48
train,    5326, 236.106041,   97, 0.00,   16, 0.000, 0.000, 0.033, 48
train,    5327, 237.725836,   92, 0.00,   13, 0.000, 0.000, 0.033, 48
train,    5328, 225.588930,   92, 0.00,   14, 0.000, 0.000, 0.033, 48
train,    5329, 207.583678,   83, 0.00,   14, 0.000, 0.000, 0.033, 48
train,    5330, 223.277344,   99, 0.00,   15, 0.000, 0.000, 0.033, 48
update,   5330,  533, 460559, 212.831579, 0.000000
train,    5331, 215.899466,   78, 0.00,   11, 0.000, 0.000, 0.033, 48
train,    5332, 217.685464,   90, 0.00,   16, 0.000, 0.000, 0.033, 48
train,    5333, 120.819656,   84, 1.00,   13, 0.000, 0.000, 0.033, 48
train,    5334, 126.038158,   92, 1.00,   13, 0.000, 0.000, 0.033, 48
train,    5335, 202.734926,   90, 0.00,   12, 0.000, 0.000, 0.033, 48
train,    5336, 232.180867,   90, 0.00,   12, 0.000, 0.000, 0.033, 48
train,    5337, 212.672487,   97, 0.00,   13, 0.000, 0.000, 0.033, 48
train,    5338, 211.063940,   78, 0.00,   15, 0.000, 0.000, 0.033, 48
train,    5339, 227.615544,   92, 0.00,   13, 0.000, 0.000, 0.033, 48
train,    5340, 243.511927,  107, 0.00,   13, 0.000, 0.000, 0.033, 48
update,   5340,  534, 461457, 189.594495, 0.000000
train,    5341, 217.414815,   98, 0.00,   14, 0.000, 0.000, 0.033, 48
train,    5342, 219.520197,   98, 0.00,   13, 0.000, 0.000, 0.033, 48
train,    5343, 221.675288,   79, 0.00,   15, 0.000, 0.000, 0.033, 48
train,    5344, 214.584915,  102, 0.00,   12, 0.000, 0.000, 0.033, 48
train,    5345, 231.339351,  103, 0.00,   15, 0.000, 0.000, 0.033, 48
train,    5346, 182.267226,   81, 0.00,   13, 0.000, 0.000, 0.033, 48
train,    5347, 223.352762,   93, 0.00,   12, 0.000, 0.000, 0.033, 48
train,    5348, 151.010150,   86, 1.00,   12, 0.000, 0.000, 0.033, 48
train,    5349, 210.464860,   91, 0.00,   14, 0.000, 0.000, 0.033, 48
train,    5350, 202.683781,   99, 0.00,   14, 0.000, 0.000, 0.033, 48
update,   5350,  535, 462387, 212.683364, 0.000000
train,    5351, 232.950019,   80, 0.00,   14, 0.000, 0.000, 0.033, 48
train,    5352, 207.802226,   90, 0.00,   13, 0.000, 0.000, 0.033, 48
train,    5353, 188.988177,   84, 0.00,   14, 0.000, 0.000, 0.033, 48
train,    5354, 194.312914,   93, 0.00,   12, 0.000, 0.000, 0.033, 48
train,    5355, 214.275595,  102, 0.00,   13, 0.000, 0.000, 0.033, 48
train,    5356, 198.166851,  112, 0.00,   14, 0.000, 0.000, 0.033, 48
train,    5357, 222.874843,   90, 0.00,   13, 0.000, 0.000, 0.033, 48
train,    5358, 198.983024,  104, 0.00,   14, 0.000, 0.000, 0.033, 48
train,    5359, 113.121972,   83, 1.00,   12, 0.000, 0.000, 0.033, 48
train,    5360, 151.658846,  105, 1.00,   13, 0.000, 0.000, 0.033, 48
update,   5360,  536, 463330, 187.552200, 0.000000
train,    5361, 259.493238,  107, 0.00,   14, 0.000, 0.000, 0.033, 48
train,    5362, 213.987105,   91, 0.00,   14, 0.000, 0.000, 0.033, 48
train,    5363, 237.253299,   70, 0.00,   14, 0.000, 0.000, 0.033, 48
train,    5364, 225.803791,   93, 0.00,   16, 0.000, 0.000, 0.033, 48
train,    5365, 201.406314,  103, 0.00,   14, 0.000, 0.000, 0.033, 48
train,    5366, 209.226349,   88, 0.00,   11, 0.000, 0.000, 0.033, 48
train,    5367, 249.431776,   79, 0.00,   13, 0.000, 0.000, 0.033, 48
train,    5368, 226.533776,   96, 0.00,   14, 0.000, 0.000, 0.033, 48
train,    5369, 219.884624,  104, 0.00,   13, 0.000, 0.000, 0.033, 48
train,    5370, 219.459119,   84, 0.00,   14, 0.000, 0.000, 0.033, 48
update,   5370,  537, 464245, 211.646604, 0.000000
train,    5371, 194.179995,   99, 0.00,   16, 0.000, 0.000, 0.033, 48
train,    5372, 253.102253,  105, 0.00,   15, 0.000, 0.000, 0.033, 48
train,    5373, 217.589697,   76, 0.00,   15, 0.000, 0.000, 0.033, 48
train,    5374, 230.023573,   87, 0.00,   15, 0.000, 0.000, 0.033, 48
train,    5375, 246.634135,   86, 0.00,   14, 0.000, 0.000, 0.033, 48
train,    5376, 248.994550,  106, 0.00,   15, 0.000, 0.000, 0.033, 48
train,    5377, 200.925333,   79, 0.00,   14, 0.000, 0.000, 0.033, 48
train,    5378, 212.160243,   94, 0.00,   16, 0.000, 0.000, 0.033, 48
train,    5379, 226.223223,   83, 0.00,   13, 0.000, 0.000, 0.033, 48
train,    5380, 214.811853,  112, 0.00,   15, 0.000, 0.000, 0.033, 48
update,   5380,  538, 465172, 183.665370, 0.000000
train,    5381, 160.602967,   91, 0.00,   13, 0.000, 0.000, 0.033, 48
train,    5382, 202.371632,  107, 0.00,   14, 0.000, 0.000, 0.033, 48
train,    5383, 227.743565,   95, 0.00,   13, 0.000, 0.000, 0.032, 48
train,    5384, 101.258130,   76, 1.00,   11, 0.000, 0.000, 0.032, 48
train,    5385, 190.517472,   95, 0.00,   13, 0.000, 0.000, 0.032, 48
train,    5386, 222.547021,   72, 0.00,   13, 0.000, 0.000, 0.032, 48
train,    5387, 216.349591,  101, 0.00,   12, 0.000, 0.000, 0.032, 48
train,    5388, 204.505023,  104, 0.00,   16, 0.000, 0.000, 0.032, 48
train,    5389, 194.015507,  102, 0.00,   14, 0.000, 0.000, 0.032, 48
train,    5390, 232.942574,   87, 0.00,   14, 0.000, 0.000, 0.032, 48
update,   5390,  539, 466102, 192.249408, 0.000000
train,    5391, 215.317871,   77, 0.00,   14, 0.000, 0.000, 0.032, 48
train,    5392, 207.106568,   90, 0.00,   14, 0.000, 0.000, 0.032, 48
train,    5393, 232.354704,   90, 0.00,   13, 0.000, 0.000, 0.032, 48
train,    5394, 237.346658,   95, 0.00,   16, 0.000, 0.000, 0.032, 48
train,    5395, 234.739502,   99, 0.00,   15, 0.000, 0.000, 0.032, 48
train,    5396, 203.849900,   79, 0.00,   14, 0.000, 0.000, 0.032, 48
train,    5397, 228.807744,   93, 0.00,   13, 0.000, 0.000, 0.032, 48
train,    5398, 239.580225,   95, 0.00,   13, 0.000, 0.000, 0.032, 48
train,    5399, 236.979982,   93, 0.00,   14, 0.000, 0.000, 0.032, 48
train,    5400, 200.824036,   95, 0.00,   11, 0.000, 0.000, 0.032, 48
update,   5400,  540, 467008, 194.763737, 0.000000
val_t, 5400, 467008, 177.894363, 0.0129,  88.2921,   0.0797, 0.9433,  28.4710, progress 0.9644
train,    5401, 226.009305,   79, 0.00,   13, 0.000, 0.000, 0.032, 48
train,    5402, 233.163136,  118, 0.00,   14, 0.000, 0.000, 0.032, 48
train,    5403, 207.066157,   85, 0.00,   15, 0.000, 0.000, 0.032, 48
train,    5404, 229.359011,   99, 0.00,   13, 0.000, 0.000, 0.032, 48
train,    5405, 238.411045,   86, 0.00,   15, 0.000, 0.000, 0.032, 48
train,    5406, 223.291427,  116, 0.00,   13, 0.000, 0.000, 0.032, 48
train,    5407, 221.397990,   85, 0.00,   12, 0.000, 0.000, 0.032, 48
train,    5408, 214.237385,   98, 0.00,   16, 0.000, 0.000, 0.032, 48
train,    5409, 164.557748,   85, 1.00,   12, 0.000, 0.000, 0.032, 48
train,    5410, 216.143432,   82, 0.00,   14, 0.000, 0.000, 0.032, 48
update,   5410,  541, 467941, 184.263886, 0.000000
train,    5411, 248.081900,  103, 0.00,   13, 0.000, 0.000, 0.032, 48
train,    5412, 188.723869,  100, 0.00,   14, 0.000, 0.000, 0.032, 48
train,    5413, 223.578238,   70, 0.00,   12, 0.000, 0.000, 0.032, 48
train,    5414, 185.763981,  107, 0.00,   12, 0.000, 0.000, 0.032, 48
train,    5415, 194.258522,  103, 0.00,   15, 0.000, 0.000, 0.032, 48
train,    5416, 245.215273,   95, 0.00,   14, 0.000, 0.000, 0.032, 48
train,    5417, 219.120182,   79, 0.00,   12, 0.000, 0.000, 0.032, 48
train,    5418, 194.423944,  107, 0.00,   13, 0.000, 0.000, 0.032, 48
train,    5419, 217.797947,   96, 0.00,   14, 0.000, 0.000, 0.032, 48
train,    5420, 202.327176,   91, 0.00,   12, 0.000, 0.000, 0.032, 48
update,   5420,  542, 468892, 197.426366, 0.000000
train,    5421, 215.333006,   78, 0.00,   13, 0.000, 0.000, 0.032, 48
train,    5422, 207.310973,   94, 0.00,   13, 0.000, 0.000, 0.032, 48
train,    5423, 221.921480,   97, 0.00,   16, 0.000, 0.000, 0.032, 48
train,    5424, 210.148122,   85, 0.00,   11, 0.000, 0.000, 0.032, 48
train,    5425, 260.000000,  101, 0.00,   15, 0.000, 0.000, 0.032, 48
train,    5426, 230.651138,   93, 0.00,   13, 0.000, 0.000, 0.032, 48
train,    5427, 225.049229,   90, 0.00,   15, 0.000, 0.000, 0.032, 48
train,    5428, 194.433831,  111, 0.00,   10, 0.000, 0.000, 0.032, 48
train,    5429, 244.259416,  105, 0.00,   11, 0.000, 0.000, 0.032, 48
train,    5430, 186.057898,  104, 0.00,   14, 0.000, 0.000, 0.032, 48
update,   5430,  543, 469850, 186.138486, 0.000000
train,    5431, 192.103601,   97, 0.00,   12, 0.000, 0.000, 0.032, 48
train,    5432, 188.756235,   94, 0.00,   13, 0.000, 0.000, 0.032, 48
train,    5433, 215.005584,  104, 0.00,   16, 0.000, 0.000, 0.032, 48
train,    5434, 260.000000,   78, 0.00,   15, 0.000, 0.000, 0.032, 48
train,    5435, 228.326535,   75, 0.00,   12, 0.000, 0.000, 0.032, 48
train,    5436, 244.985856,   99, 0.00,   13, 0.000, 0.000, 0.032, 48
train,    5437, 221.422197,   88, 0.00,   12, 0.000, 0.000, 0.032, 48
train,    5438, 238.497550,   97, 0.00,   13, 0.000, 0.000, 0.032, 48
train,    5439, 206.835013,   95, 0.00,   13, 0.000, 0.000, 0.032, 48
train,    5440, 225.274833,  104, 0.00,   13, 0.000, 0.000, 0.032, 48
update,   5440,  544, 470781, 192.532716, 0.000000
train,    5441, 203.404230,  110, 0.00,   14, 0.000, 0.000, 0.032, 48
train,    5442, 212.279921,   89, 0.00,   15, 0.000, 0.000, 0.032, 48
train,    5443, 204.041581,   83, 0.00,   13, 0.000, 0.000, 0.032, 48
train,    5444, 224.500386,   90, 0.00,   14, 0.000, 0.000, 0.032, 48
train,    5445, 228.213095,   87, 0.00,   13, 0.000, 0.000, 0.032, 48
train,    5446, 211.091033,   90, 0.00,   14, 0.000, 0.000, 0.032, 48
train,    5447, 248.221435,  100, 0.00,   12, 0.000, 0.000, 0.032, 48
train,    5448, 204.170085,   81, 0.00,   11, 0.000, 0.000, 0.032, 48
train,    5449, 202.744696,   96, 0.00,   15, 0.000, 0.000, 0.032, 48
train,    5450, 201.866174,   90, 0.00,   15, 0.000, 0.000, 0.032, 48
update,   5450,  545, 471697, 192.740819, 0.000000
train,    5451, 236.366781,   90, 0.00,   13, 0.000, 0.000, 0.032, 48
train,    5452, 234.239501,   86, 0.00,   13, 0.000, 0.000, 0.032, 48
train,    5453, 121.494662,  100, 1.00,   12, 0.000, 0.000, 0.032, 48
train,    5454, 226.432780,   86, 0.00,   12, 0.000, 0.000, 0.032, 48
train,    5455, 231.673424,   95, 0.00,   11, 0.000, 0.000, 0.032, 48
train,    5456, 221.944373,   87, 0.00,   17, 0.000, 0.000, 0.032, 48
train,    5457, 222.129780,   93, 0.00,   13, 0.000, 0.000, 0.032, 48
train,    5458, 212.287067,   97, 0.00,   12, 0.000, 0.000, 0.032, 48
train,    5459, 208.444655,   83, 0.00,   14, 0.000, 0.000, 0.032, 48
train,    5460, 198.657405,   84, 0.00,   12, 0.000, 0.000, 0.032, 48
update,   5460,  546, 472598, 182.956314, 0.000000
train,    5461, 193.338445,   75, 0.00,   12, 0.000, 0.000, 0.031, 48
train,    5462, 223.100210,  107, 0.00,   15, 0.000, 0.000, 0.031, 48
train,    5463, 202.633792,  107, 0.00,   13, 0.000, 0.000, 0.031, 48
train,    5464, 240.989831,   92, 0.00,   14, 0.000, 0.000, 0.031, 48
train,    5465, 225.232882,   99, 0.00,   12, 0.000, 0.000, 0.031, 48
train,    5466, 257.360588,  107, 0.00,   12, 0.000, 0.000, 0.031, 48
train,    5467, 221.707597,   87, 0.00,   12, 0.000, 0.000, 0.031, 48
train,    5468, 259.629883,   87, 0.00,   12, 0.000, 0.000, 0.031, 48
train,    5469, 218.032801,  101, 0.00,   14, 0.000, 0.000, 0.031, 48
train,    5470, 202.983600,  114, 0.00,   14, 0.000, 0.000, 0.031, 48
update,   5470,  547, 473574, 181.871387, 0.000000
train,    5471, 204.325503,   90, 0.00,   15, 0.000, 0.000, 0.031, 48
train,    5472, 224.726058,   82, 0.00,   14, 0.000, 0.000, 0.031, 48
train,    5473, 194.632361,   87, 0.00,   14, 0.000, 0.000, 0.031, 48
train,    5474, 253.887299,   81, 0.00,   14, 0.000, 0.000, 0.031, 48
train,    5475, 222.048532,   98, 0.00,   16, 0.000, 0.000, 0.031, 48
train,    5476, 219.027539,  109, 0.00,   13, 0.000, 0.000, 0.031, 48
train,    5477, 223.116996,   84, 0.00,   12, 0.000, 0.000, 0.031, 48
train,    5478, 224.547507,   97, 0.00,   15, 0.000, 0.000, 0.031, 48
train,    5479, 208.733066,  101, 0.00,   14, 0.000, 0.000, 0.031, 48
train,    5480, 229.764217,   75, 0.00,   14, 0.000, 0.000, 0.031, 48
update,   5480,  548, 474478, 186.778607, 0.000000
train,    5481, 212.953555,  116, 0.00,   14, 0.000, 0.000, 0.031, 48
train,    5482, 207.602968,   97, 0.00,   13, 0.000, 0.000, 0.031, 48
train,    5483, 210.392212,  115, 0.00,   13, 0.000, 0.000, 0.031, 48
train,    5484, 210.089757,  114, 0.00,   13, 0.000, 0.000, 0.031, 48
train,    5485, 231.507174,  101, 0.00,   13, 0.000, 0.000, 0.031, 48
train,    5486, 198.745345,   89, 0.00,   12, 0.000, 0.000, 0.031, 48
train,    5487, 208.675202,   97, 0.00,   14, 0.000, 0.000, 0.031, 48
train,    5488, 210.343588,  105, 0.00,   14, 0.000, 0.000, 0.031, 48
train,    5489, 215.950723,   93, 0.00,   12, 0.000, 0.000, 0.031, 48
train,    5490, 243.485831,   95, 0.00,   14, 0.000, 0.000, 0.031, 48
update,   5490,  549, 475500, 198.627678, 0.000000
train,    5491, 225.078093,   92, 0.00,   12, 0.000, 0.000, 0.031, 48
train,    5492, 221.883894,   77, 0.00,   13, 0.000, 0.000, 0.031, 48
train,    5493, 219.417347,   96, 0.00,   13, 0.000, 0.000, 0.031, 48
train,    5494, 251.279211,   84, 0.00,   14, 0.000, 0.000, 0.031, 48
train,    5495, 207.352236,  101, 0.00,   14, 0.000, 0.000, 0.031, 48
train,    5496, 231.314416,   85, 0.00,   14, 0.000, 0.000, 0.031, 48
train,    5497, 214.554074,  104, 0.00,   13, 0.000, 0.000, 0.031, 48
train,    5498, 113.521150,   69, 1.00,   11, 0.000, 0.000, 0.031, 48
train,    5499, 218.370100,   95, 0.00,   15, 0.000, 0.000, 0.031, 48
train,    5500, 205.390518,  116, 0.00,   15, 0.000, 0.000, 0.031, 48
update,   5500,  550, 476419, 164.655506, 0.000000
val_t, 5500, 476419, 189.200332, 0.0359,  86.7405,   0.0710, 0.9185,  28.4758, progress 0.9629
train,    5501, 211.519325,   94, 0.00,   12, 0.000, 0.000, 0.031, 48
train,    5502, 201.757500,   93, 0.00,   15, 0.000, 0.000, 0.031, 48
train,    5503, 179.798889,  106, 0.00,   11, 0.000, 0.000, 0.031, 48
train,    5504, 144.244141,   71, 1.00,   12, 0.000, 0.000, 0.031, 48
train,    5505, 187.653902,  116, 0.00,   14, 0.000, 0.000, 0.031, 48
train,    5506, 201.354340,   88, 0.00,   13, 0.000, 0.000, 0.031, 48
train,    5507, 211.762725,  101, 0.00,   13, 0.000, 0.000, 0.031, 48
train,    5508, 236.525801,  109, 0.00,   13, 0.000, 0.000, 0.031, 48
train,    5509, 218.740621,  104, 0.00,   12, 0.000, 0.000, 0.031, 48
train,    5510, 184.966547,   77, 0.00,   14, 0.000, 0.000, 0.031, 48
update,   5510,  551, 477378, 189.941405, 0.000000
train,    5511, 239.014600,   98, 0.00,   14, 0.000, 0.000, 0.031, 48
train,    5512, 245.974698,  107, 0.00,   13, 0.000, 0.000, 0.031, 48
train,    5513, 228.277967,   93, 0.00,   13, 0.000, 0.000, 0.031, 48
train,    5514, 187.865819,  114, 0.00,   13, 0.000, 0.000, 0.031, 48
train,    5515, 225.380263,  105, 0.00,   12, 0.000, 0.000, 0.031, 48
train,    5516, 214.042906,   99, 0.00,   13, 0.000, 0.000, 0.031, 48
train,    5517, 230.117559,   92, 0.00,   13, 0.000, 0.000, 0.031, 48
train,    5518, 208.376224,  120, 0.00,   13, 0.000, 0.000, 0.031, 48
train,    5519, 243.381395,   98, 0.00,   15, 0.000, 0.000, 0.031, 48
train,    5520, 203.006777,  111, 0.00,   14, 0.000, 0.000, 0.031, 48
update,   5520,  552, 478415, 186.335166, 0.000000
train,    5521, 144.425421,   99, 1.00,   11, 0.000, 0.000, 0.031, 48
train,    5522, 204.040781,  105, 0.00,   13, 0.000, 0.000, 0.031, 48
train,    5523, 191.543369,  102, 0.00,   12, 0.000, 0.000, 0.031, 48
train,    5524, 219.935427,   86, 0.00,   13, 0.000, 0.000, 0.031, 48
train,    5525, 208.119895,   92, 0.00,   15, 0.000, 0.000, 0.031, 48
train,    5526, 200.095486,   94, 0.00,   14, 0.000, 0.000, 0.031, 48
train,    5527, 218.670032,   87, 0.00,   15, 0.000, 0.000, 0.031, 48
train,    5528, 236.738628,   86, 0.00,   14, 0.000, 0.000, 0.031, 48
train,    5529, 223.682161,  118, 0.00,   11, 0.000, 0.000, 0.031, 48
train,    5530, 200.943850,   94, 0.00,   13, 0.000, 0.000, 0.031, 48
update,   5530,  553, 479378, 182.909385, 0.000000
train,    5531, 232.488506,   91, 0.00,   15, 0.000, 0.000, 0.031, 48
train,    5532, 214.704758,   86, 0.00,   14, 0.000, 0.000, 0.031, 48
train,    5533, 198.786303,  115, 0.00,   13, 0.000, 0.000, 0.031, 48
train,    5534, 210.577525,   86, 0.00,   13, 0.000, 0.000, 0.031, 48
train,    5535, 182.294499,   92, 0.00,   10, 0.000, 0.000, 0.031, 48
train,    5536, 204.814226,  113, 0.00,   12, 0.000, 0.000, 0.031, 48
train,    5537, 231.351217,  102, 0.00,   13, 0.000, 0.000, 0.031, 48
train,    5538, 229.902097,  102, 0.00,   14, 0.000, 0.000, 0.031, 48
train,    5539, 219.662508,   91, 0.00,   11, 0.000, 0.000, 0.031, 48
train,    5540, 216.099610,  108, 0.00,   14, 0.000, 0.000, 0.031, 48
update,   5540,  554, 480364, 199.011306, 0.000000
train,    5541, 161.823227,  105, 1.00,   13, 0.000, 0.000, 0.031, 48
train,    5542, 203.584532,  101, 0.00,   12, 0.000, 0.000, 0.030, 48
train,    5543, 218.364833,   88, 0.00,   16, 0.000, 0.000, 0.030, 48
train,    5544, 232.750984,  102, 0.00,   15, 0.000, 0.000, 0.030, 48
train,    5545, 221.717753,   88, 0.00,   14, 0.000, 0.000, 0.030, 48
train,    5546, 205.767108,   75, 0.00,   12, 0.000, 0.000, 0.030, 48
train,    5547, 242.195408,  108, 0.00,   16, 0.000, 0.000, 0.030, 48
train,    5548, 225.530166,   86, 0.00,   14, 0.000, 0.000, 0.030, 48
train,    5549, 252.816791,   91, 0.00,   15, 0.000, 0.000, 0.030, 48
train,    5550, 239.886479,  100, 0.00,   12, 0.000, 0.000, 0.030, 48
update,   5550,  555, 481308, 165.119696, 0.000000
train,    5551, 243.535019,   86, 0.00,   13, 0.000, 0.000, 0.030, 48
train,    5552, 232.742746,   82, 0.00,   13, 0.000, 0.000, 0.030, 48
train,    5553, 209.252509,  120, 0.00,   11, 0.000, 0.000, 0.030, 48
train,    5554, 229.377797,   76, 0.00,   13, 0.000, 0.000, 0.030, 48
train,    5555, 166.654729,   99, 1.00,   13, 0.000, 0.000, 0.030, 48
train,    5556, 227.252686,   99, 0.00,   13, 0.000, 0.000, 0.030, 48
train,    5557, 216.666747,  120, 0.00,   14, 0.000, 0.000, 0.030, 48
train,    5558, 219.760012,   92, 0.00,   14, 0.000, 0.000, 0.030, 48
train,    5559, 228.014432,  114, 0.00,   15, 0.000, 0.000, 0.030, 48
train,    5560, 209.638572,   88, 0.00,   13, 0.000, 0.000, 0.030, 48
update,   5560,  556, 482284, 190.214944, 0.000000
train,    5561, 222.676001,   88, 0.00,   14, 0.000, 0.000, 0.030, 48
train,    5562, 201.302263,   97, 0.00,   14, 0.000, 0.000, 0.030, 48
train,    5563, 182.159001,   96, 0.00,   12, 0.000, 0.000, 0.030, 48
train,    5564, 226.131651,  119, 0.00,   12, 0.000, 0.000, 0.030, 48
train,    5565, 229.537897,  104, 0.00,   14, 0.000, 0.000, 0.030, 48
train,    5566, 197.949750,  116, 0.00,   12, 0.000, 0.000, 0.030, 48
train,    5567, 214.365195,  112, 0.00,   13, 0.000, 0.000, 0.030, 48
train,    5568, 219.119524,   84, 0.00,   13, 0.000, 0.000, 0.030, 48
train,    5569, 236.335530,  120, 0.00,   15, 0.000, 0.000, 0.030, 48
train,    5570, 205.462101,   82, 0.00,   13, 0.000, 0.000, 0.030, 48
update,   5570,  557, 483302, 189.152824, 0.000000
train,    5571, 193.279372,  103, 0.00,   13, 0.000, 0.000, 0.030, 48
train,    5572, 219.405645,  103, 0.00,   15, 0.000, 0.000, 0.030, 48
train,    5573, 198.357391,  102, 0.00,   13, 0.000, 0.000, 0.030, 48
train,    5574, 216.165561,  112, 0.00,   14, 0.000, 0.000, 0.030, 48
train,    5575, 199.596690,  120, 0.00,   13, 0.000, 0.000, 0.030, 48
train,    5576, 214.990793,  111, 0.00,   13, 0.000, 0.000, 0.030, 48
train,    5577, 236.126175,  100, 0.00,   12, 0.000, 0.000, 0.030, 48
train,    5578, 216.329494,  118, 0.00,   12, 0.000, 0.000, 0.030, 48
train,    5579, 231.366464,  100, 0.00,   13, 0.000, 0.000, 0.030, 48
train,    5580, 231.728026,   97, 0.00,   12, 0.000, 0.000, 0.030, 48
update,   5580,  558, 484368, 185.964934, 0.000000
train,    5581, 239.087364,  120, 0.00,   15, 0.000, 0.000, 0.030, 48
train,    5582, 201.445196,   94, 0.00,   17, 0.000, 0.000, 0.030, 48
train,    5583, 213.483205,   98, 0.00,   13, 0.000, 0.000, 0.030, 48
train,    5584, 226.368854,  110, 0.00,   13, 0.000, 0.000, 0.030, 48
train,    5585, 235.286653,  114, 0.00,   13, 0.000, 0.000, 0.030, 48
train,    5586, 238.015596,  119, 0.00,   14, 0.000, 0.000, 0.030, 48
train,    5587, 232.426489,   95, 0.00,   13, 0.000, 0.000, 0.030, 48
train,    5588, 211.012813,   87, 0.00,   15, 0.000, 0.000, 0.030, 48
train,    5589, 229.502061,  101, 0.00,   13, 0.000, 0.000, 0.030, 48
train,    5590, 193.182977,  113, 0.00,   15, 0.000, 0.000, 0.030, 48
update,   5590,  559, 485419, 168.710619, 0.000000
train,    5591, 225.299765,  108, 0.00,   13, 0.000, 0.000, 0.030, 48
train,    5592, 221.061082,  116, 0.00,   13, 0.000, 0.000, 0.030, 48
train,    5593, 215.507228,  105, 0.00,   15, 0.000, 0.000, 0.030, 48
train,    5594, 237.517716,  115, 0.00,   16, 0.000, 0.000, 0.030, 48
train,    5595, 202.306302,  111, 0.00,   15, 0.000, 0.000, 0.030, 48
train,    5596, 208.442176,  106, 0.00,   13, 0.000, 0.000, 0.030, 48
train,    5597, 205.602501,   73, 0.00,   13, 0.000, 0.000, 0.030, 48
train,    5598, 200.554464,  120, 0.00,   13, 0.000, 0.000, 0.030, 48
train,    5599, 200.012853,   74, 0.00,   15, 0.000, 0.000, 0.030, 48
train,    5600, 204.112746,  111, 0.00,   13, 0.000, 0.000, 0.030, 48
update,   5600,  560, 486458, 188.698815, 0.000000
val_t, 5600, 486458, 202.322008, 0.0349,  91.3902,   0.0689, 0.9654,  28.6869, progress 0.9596
train,    5601, 215.139231,  118, 0.00,   15, 0.000, 0.000, 0.030, 48
train,    5602, 250.876078,  104, 0.00,   13, 0.000, 0.000, 0.030, 48
train,    5603, 199.714593,  107, 0.00,   11, 0.000, 0.000, 0.030, 48
train,    5604, 236.098016,   99, 0.00,   13, 0.000, 0.000, 0.030, 48
train,    5605, 215.081529,  115, 0.00,   14, 0.000, 0.000, 0.030, 48
train,    5606, 219.895461,  120, 0.00,   13, 0.000, 0.000, 0.030, 48
train,    5607, 249.512198,  110, 0.00,   13, 0.000, 0.000, 0.030, 48
train,    5608, 203.774866,  116, 0.00,   14, 0.000, 0.000, 0.030, 48
train,    5609, 229.070099,  100, 0.00,   14, 0.000, 0.000, 0.030, 48
train,    5610, 222.292465,  105, 0.00,   15, 0.000, 0.000, 0.030, 48
update,   5610,  561, 487552, 194.551443, 0.000000
train,    5611, 238.634650,   92, 0.00,   12, 0.000, 0.000, 0.030, 48
train,    5612, 207.338558,  109, 0.00,   12, 0.000, 0.000, 0.030, 48
train,    5613, 221.931853,  114, 0.00,   14, 0.000, 0.000, 0.030, 48
train,    5614, 238.430137,   98, 0.00,   11, 0.000, 0.000, 0.030, 48
train,    5615, 212.207175,  112, 0.00,   13, 0.000, 0.000, 0.030, 48
train,    5616, 220.501973,  112, 0.00,   14, 0.000, 0.000, 0.030, 48
train,    5617, 186.493815,  116, 0.00,   13, 0.000, 0.000, 0.030, 48
train,    5618, 223.249528,  110, 0.00,   13, 0.000, 0.000, 0.030, 48
train,    5619, 211.630721,   96, 0.00,   12, 0.000, 0.000, 0.030, 48
train,    5620, 195.691928,  102, 0.00,   12, 0.000, 0.000, 0.030, 48
update,   5620,  562, 488613, 179.677789, 0.000000
train,    5621, 202.450124,  110, 0.00,   16, 0.000, 0.000, 0.030, 48
train,    5622, 245.070546,  112, 0.00,   14, 0.000, 0.000, 0.030, 48
train,    5623, 217.849763,  113, 0.00,   10, 0.000, 0.000, 0.030, 48
train,    5624, 221.368703,  100, 0.00,   16, 0.000, 0.000, 0.030, 48
train,    5625, 217.338519,   98, 0.00,   12, 0.000, 0.000, 0.029, 48
train,    5626, 200.951426,  120, 0.00,   14, 0.000, 0.000, 0.029, 48
train,    5627, 210.353556,  120, 0.00,   11, 0.000, 0.000, 0.029, 48
train,    5628, 260.000000,   94, 0.00,   14, 0.000, 0.000, 0.029, 48
train,    5629, 209.250429,   90, 0.00,   13, 0.000, 0.000, 0.029, 48
train,    5630, 222.718655,  109, 0.00,   13, 0.000, 0.000, 0.029, 48
update,   5630,  563, 489679, 189.397741, 0.000000
train,    5631, 214.254766,  111, 0.00,   15, 0.000, 0.000, 0.029, 48
train,    5632, 220.795177,   89, 0.00,   12, 0.000, 0.000, 0.029, 48
train,    5633, 233.169204,  119, 0.00,   15, 0.000, 0.000, 0.029, 48
train,    5634, 220.264593,   98, 0.00,   13, 0.000, 0.000, 0.029, 48
train,    5635, 237.570432,  120, 0.00,   12, 0.000, 0.000, 0.029, 48
train,    5636, 222.619192,  114, 0.00,   12, 0.000, 0.000, 0.029, 48
train,    5637, 224.802621,   92, 0.00,   13, 0.000, 0.000, 0.029, 48
train,    5638, 231.176936,  116, 0.00,   15, 0.000, 0.000, 0.029, 48
train,    5639, 210.386651,   89, 0.00,   14, 0.000, 0.000, 0.029, 48
train,    5640, 234.950245,   81, 0.00,   15, 0.000, 0.000, 0.029, 48
update,   5640,  564, 490708, 185.944009, 0.000000
train,    5641, 207.943021,  118, 0.00,   15, 0.000, 0.000, 0.029, 48
train,    5642, 188.695306,  102, 0.00,   14, 0.000, 0.000, 0.029, 48
train,    5643, 207.404149,  111, 0.00,   14, 0.000, 0.000, 0.029, 48
train,    5644, 234.440872,   90, 0.00,   14, 0.000, 0.000, 0.029, 48
train,    5645, 211.749567,  115, 0.00,   10, 0.000, 0.000, 0.029, 48
train,    5646, 227.064222,   94, 0.00,   14, 0.000, 0.000, 0.029, 48
train,    5647, 234.566004,   88, 0.00,   14, 0.000, 0.000, 0.029, 48
train,    5648, 203.812723,  116, 0.00,   13, 0.000, 0.000, 0.029, 48
train,    5649, 241.514236,  105, 0.00,   15, 0.000, 0.000, 0.029, 48
train,    5650, 193.537253,  103, 0.00,   13, 0.000, 0.000, 0.029, 48
update,   5650,  565, 491750, 183.905186, 0.000000
train,    5651, 204.152259,  116, 0.00,   11, 0.000, 0.000, 0.029, 48
train,    5652, 229.886489,  110, 0.00,   12, 0.000, 0.000, 0.029, 48
train,    5653, 226.749561,  102, 0.00,   11, 0.000, 0.000, 0.029, 48
train,    5654, 242.667869,  105, 0.00,   11, 0.000, 0.000, 0.029, 48
train,    5655, 225.438581,   94, 0.00,   15, 0.000, 0.000, 0.029, 48
train,    5656, 220.223614,  118, 0.00,   13, 0.000, 0.000, 0.029, 48
train,    5657, 246.661134,  107, 0.00,   15, 0.000, 0.000, 0.029, 48
train,    5658, 191.757216,   94, 0.00,   12, 0.000, 0.000, 0.029, 48
train,    5659, 218.493954,  117, 0.00,   13, 0.000, 0.000, 0.029, 48
train,    5660, 231.432619,   98, 0.00,   14, 0.000, 0.000, 0.029, 48
update,   5660,  566, 492811, 193.468024, 0.000000
train,    5661, 200.043207,  120, 0.00,   13, 0.000, 0.000, 0.029, 48
train,    5662, 240.322380,  120, 0.00,   12, 0.000, 0.000, 0.029, 48
train,    5663, 235.502537,   92, 0.00,   15, 0.000, 0.000, 0.029, 48
train,    5664, 230.838405,  120, 0.00,   13, 0.000, 0.000, 0.029, 48
train,    5665, 223.506572,  113, 0.00,   14, 0.000, 0.000, 0.029, 48
train,    5666, 230.749743,  119, 0.00,   13, 0.000, 0.000, 0.029, 48
train,    5667, 220.311508,   93, 0.00,   12, 0.000, 0.000, 0.029, 48
train,    5668, 227.527953,   99, 0.00,   13, 0.000, 0.000, 0.029, 48
train,    5669, 224.129607,   88, 0.00,   15, 0.000, 0.000, 0.029, 48
train,    5670, 211.551160,   94, 0.00,   13, 0.000, 0.000, 0.029, 48
update,   5670,  567, 493869, 189.514595, 0.000000
train,    5671, 242.044510,  113, 0.00,   15, 0.000, 0.000, 0.029, 48
train,    5672, 242.512545,   98, 0.00,   15, 0.000, 0.000, 0.029, 48
train,    5673, 220.713050,  120, 0.00,   13, 0.000, 0.000, 0.029, 48
train,    5674, 235.434741,   84, 0.00,   14, 0.000, 0.000, 0.029, 48
train,    5675, 224.577473,   92, 0.00,   15, 0.000, 0.000, 0.029, 48
train,    5676, 251.953331,  104, 0.00,   14, 0.000, 0.000, 0.029, 48
train,    5677, 193.623251,  118, 0.00,   14, 0.000, 0.000, 0.029, 48
train,    5678, 224.573502,   93, 0.00,   15, 0.000, 0.000, 0.029, 48
train,    5679, 205.298931,   91, 0.00,   18, 0.000, 0.000, 0.029, 48
train,    5680, 215.364604,  107, 0.00,   15, 0.000, 0.000, 0.029, 48
update,   5680,  568, 494889, 193.081307, 0.000000
train,    5681, 225.700322,  116, 0.00,   14, 0.000, 0.000, 0.029, 48
train,    5682, 205.717175,  106, 0.00,   15, 0.000, 0.000, 0.029, 48
train,    5683, 208.981387,  102, 0.00,   12, 0.000, 0.000, 0.029, 48
train,    5684, 244.841489,  114, 0.00,   13, 0.000, 0.000, 0.029, 48
train,    5685, 222.704023,   94, 0.00,   14, 0.000, 0.000, 0.029, 48
train,    5686, 260.000000,  120, 0.00,   13, 0.000, 0.000, 0.029, 48
train,    5687, 207.417563,  100, 0.00,   13, 0.000, 0.000, 0.029, 48
train,    5688, 135.150553,   92, 1.00,   14, 0.000, 0.000, 0.029, 48
train,    5689, 249.071658,  104, 0.00,   14, 0.000, 0.000, 0.029, 48
train,    5690, 208.785467,  118, 0.00,   13, 0.000, 0.000, 0.029, 48
update,   5690,  569, 495955, 190.758519, 0.000000
train,    5691, 205.448458,  119, 0.00,   14, 0.000, 0.000, 0.029, 48
train,    5692, 208.165663,  109, 0.00,   12, 0.000, 0.000, 0.029, 48
train,    5693, 227.680452,  120, 0.00,   15, 0.000, 0.000, 0.029, 48
train,    5694, 220.012640,  105, 0.00,   12, 0.000, 0.000, 0.029, 48
train,    5695, 248.281215,  113, 0.00,   12, 0.000, 0.000, 0.029, 48
train,    5696, 226.164033,  103, 0.00,   14, 0.000, 0.000, 0.029, 48
train,    5697, 210.173852,  115, 0.00,   13, 0.000, 0.000, 0.029, 48
train,    5698, 187.075367,   85, 0.00,   13, 0.000, 0.000, 0.029, 48
train,    5699, 128.845112,   72, 1.00,   12, 0.000, 0.000, 0.029, 48
train,    5700, 209.452884,  120, 0.00,   14, 0.000, 0.000, 0.029, 48
update,   5700,  570, 497016, 187.570748, 0.000000
val_t, 5700, 497016, 189.241750, 0.0400,  86.2595,   0.0691, 0.9872,  27.9323, progress 0.9763
train,    5701, 241.930538,  109, 0.00,   16, 0.000, 0.000, 0.029, 48
train,    5702, 182.718181,  117, 0.00,   14, 0.000, 0.000, 0.029, 48
train,    5703, 255.253323,  110, 0.00,   11, 0.000, 0.000, 0.029, 48
train,    5704, 228.517788,   98, 0.00,   15, 0.000, 0.000, 0.029, 48
train,    5705, 214.903249,  119, 0.00,   12, 0.000, 0.000, 0.029, 48
train,    5706, 202.524248,  118, 0.00,   14, 0.000, 0.000, 0.029, 48
train,    5707, 206.376231,  101, 0.00,   13, 0.000, 0.000, 0.029, 48
train,    5708, 245.624215,  109, 0.00,   15, 0.000, 0.000, 0.029, 48
train,    5709, 118.635176,   83, 1.00,   13, 0.000, 0.000, 0.029, 48
train,    5710, 219.332854,  113, 0.00,   14, 0.000, 0.000, 0.029, 48
update,   5710,  571, 498093, 214.454293, 0.000000
train,    5711, 240.923557,  113, 0.00,   14, 0.000, 0.000, 0.029, 48
train,    5712, 221.748457,   96, 0.00,   12, 0.000, 0.000, 0.028, 48
train,    5713, 218.348680,  105, 0.00,   15, 0.000, 0.000, 0.028, 48
train,    5714, 204.149548,  112, 0.00,   12, 0.000, 0.000, 0.028, 48
train,    5715, 227.329911,  114, 0.00,   15, 0.000, 0.000, 0.028, 48
train,    5716, 241.763574,   99, 0.00,   13, 0.000, 0.000, 0.028, 48
train,    5717, 215.849913,  120, 0.00,   13, 0.000, 0.000, 0.028, 48
train,    5718, 254.609251,  102, 0.00,   14, 0.000, 0.000, 0.028, 48
train,    5719, 221.488522,  105, 0.00,   13, 0.000, 0.000, 0.028, 48
train,    5720, 190.522643,  119, 0.00,   13, 0.000, 0.000, 0.028, 48
update,   5720,  572, 499178, 190.540919, 0.000000
train,    5721, 215.238827,  120, 0.00,   12, 0.000, 0.000, 0.028, 48
train,    5722, 205.313020,  111, 0.00,   13, 0.000, 0.000, 0.028, 48
train,    5723, 217.550836,  107, 0.00,   14, 0.000, 0.000, 0.028, 48
train,    5724, 240.923541,  104, 0.00,   13, 0.000, 0.000, 0.028, 48
train,    5725, 215.782815,  100, 0.00,   14, 0.000, 0.000, 0.028, 48
train,    5726, 214.001302,   96, 0.00,   14, 0.000, 0.000, 0.028, 48
train,    5727, 246.494732,  104, 0.00,   13, 0.000, 0.000, 0.028, 48
train,    5728, 204.067157,  117, 0.00,   13, 0.000, 0.000, 0.028, 48
train,    5729, 206.866276,  105, 0.00,   15, 0.000, 0.000, 0.028, 48
train,    5730, 191.672603,   92, 0.00,   14, 0.000, 0.000, 0.028, 48
update,   5730,  573, 500234, 185.956972, 0.000000
train,    5731, 220.720110,  104, 0.00,   15, 0.000, 0.000, 0.028, 48
train,    5732, 218.731922,   77, 0.00,   14, 0.000, 0.000, 0.028, 48
train,    5733, 207.586860,   93, 0.00,   16, 0.000, 0.000, 0.028, 48
train,    5734, 203.575230,  120, 0.00,   12, 0.000, 0.000, 0.028, 48
train,    5735, 202.999246,  120, 0.00,   13, 0.000, 0.000, 0.028, 48
train,    5736, 226.636445,  117, 0.00,   14, 0.000, 0.000, 0.028, 48
train,    5737, 170.881280,  114, 0.00,   15, 0.000, 0.000, 0.028, 48
train,    5738, 237.370032,   87, 0.00,   13, 0.000, 0.000, 0.028, 48
train,    5739, 234.655643,  120, 0.00,   13, 0.000, 0.000, 0.028, 48
train,    5740, 232.140490,  116, 0.00,   15, 0.000, 0.000, 0.028, 48
update,   5740,  574, 501302, 197.110230, 0.000000
train,    5741, 230.366622,   96, 0.00,   15, 0.000, 0.000, 0.028, 48
train,    5742, 221.651494,  117, 0.00,   14, 0.000, 0.000, 0.028, 48
train,    5743, 227.369476,   90, 0.00,   12, 0.000, 0.000, 0.028, 48
train,    5744, 215.082683,  114, 0.00,   16, 0.000, 0.000, 0.028, 48
train,    5745, 209.928399,  120, 0.00,   12, 0.000, 0.000, 0.028, 48
train,    5746, 205.142778,  107, 0.00,   12, 0.000, 0.000, 0.028, 48
train,    5747, 252.358024,  114, 0.00,   13, 0.000, 0.000, 0.028, 48
train,    5748, 228.556652,  104, 0.00,   11, 0.000, 0.000, 0.028, 48
train,    5749, 213.939029,  111, 0.00,   14, 0.000, 0.000, 0.028, 48
train,    5750, 217.141048,  109, 0.00,   14, 0.000, 0.000, 0.028, 48
update,   5750,  575, 502384, 186.917532, 0.000000
train,    5751, 210.248391,  120, 0.00,   14, 0.000, 0.000, 0.028, 48
train,    5752, 224.033187,  105, 0.00,   14, 0.000, 0.000, 0.028, 48
train,    5753, 214.260519,  101, 0.00,   12, 0.000, 0.000, 0.028, 48
train,    5754, 232.344340,   99, 0.00,   13, 0.000, 0.000, 0.028, 48
train,    5755, 209.059775,  108, 0.00,   12, 0.000, 0.000, 0.028, 48
train,    5756, 233.999592,  120, 0.00,   14, 0.000, 0.000, 0.028, 48
train,    5757, 242.287883,  102, 0.00,   12, 0.000, 0.000, 0.028, 48
train,    5758, 251.018679,   76, 0.00,   13, 0.000, 0.000, 0.028, 48
train,    5759, 221.741700,  120, 0.00,   16, 0.000, 0.000, 0.028, 48
train,    5760, 217.695634,  108, 0.00,   12, 0.000, 0.000, 0.028, 48
update,   5760,  576, 503443, 210.117025, 0.000000
train,    5761, 219.336176,  114, 0.00,   14, 0.000, 0.000, 0.028, 48
train,    5762, 228.470675,  106, 0.00,   13, 0.000, 0.000, 0.028, 48
train,    5763, 227.381585,  120, 0.00,   11, 0.000, 0.000, 0.028, 48
train,    5764, 216.791603,   93, 0.00,   14, 0.000, 0.000, 0.028, 48
train,    5765, 246.005803,   98, 0.00,   15, 0.000, 0.000, 0.028, 48
train,    5766, 216.171059,  120, 0.00,   14, 0.000, 0.000, 0.028, 48
train,    5767, 224.161745,  117, 0.00,   14, 0.000, 0.000, 0.028, 48
train,    5768, 233.491866,   94, 0.00,   14, 0.000, 0.000, 0.028, 48
train,    5769, 151.012345,   88, 1.00,   11, 0.000, 0.000, 0.028, 48
train,    5770, 220.242387,  120, 0.00,   15, 0.000, 0.000, 0.028, 48
update,   5770,  577, 504513, 196.045275, 0.000000
train,    5771, 239.032722,   86, 0.00,   14, 0.000, 0.000, 0.028, 48
train,    5772, 223.874968,  105, 0.00,   14, 0.000, 0.000, 0.028, 48
train,    5773, 120.895784,   91, 1.00,   12, 0.000, 0.000, 0.028, 48
train,    5774, 219.413884,  104, 0.00,   15, 0.000, 0.000, 0.028, 48
train,    5775, 239.939756,  117, 0.00,   16, 0.000, 0.000, 0.028, 48
train,    5776, 64.587224,   54, 1.00,   10, 0.000, 0.000, 0.028, 48
train,    5777, 190.277235,  104, 0.00,   13, 0.000, 0.000, 0.028, 48
train,    5778, 197.098477,   94, 0.00,   12, 0.000, 0.000, 0.028, 48
train,    5779, 209.687910,   88, 0.00,   13, 0.000, 0.000, 0.028, 48
train,    5780, 196.592401,   94, 0.00,   11, 0.000, 0.000, 0.028, 48
update,   5780,  578, 505450, 198.712978, 0.000000
train,    5781, 233.197362,  114, 0.00,   12, 0.000, 0.000, 0.028, 48
train,    5782, 208.504925,   98, 0.00,   15, 0.000, 0.000, 0.028, 48
train,    5783, 209.185575,   92, 0.00,   14, 0.000, 0.000, 0.028, 48
train,    5784, 228.695757,  109, 0.00,   12, 0.000, 0.000, 0.028, 48
train,    5785, 211.391459,  101, 0.00,   16, 0.000, 0.000, 0.028, 48
train,    5786, 237.764603,  104, 0.00,   15, 0.000, 0.000, 0.028, 48
train,    5787, 212.999098,  108, 0.00,   12, 0.000, 0.000, 0.028, 48
train,    5788, 197.648624,   93, 0.00,   14, 0.000, 0.000, 0.028, 48
train,    5789, 252.015016,  120, 0.00,   15, 0.000, 0.000, 0.028, 48
train,    5790, 220.196115,  113, 0.00,   13, 0.000, 0.000, 0.028, 48
update,   5790,  579, 506502, 200.916278, 0.000000
train,    5791, 183.983491,  103, 0.00,   13, 0.000, 0.000, 0.028, 48
train,    5792, 215.822143,  107, 0.00,   14, 0.000, 0.000, 0.028, 48
train,    5793, 109.010930,   63, 1.00,   13, 0.000, 0.000, 0.028, 48
train,    5794, 234.526589,  106, 0.00,   14, 0.000, 0.000, 0.028, 48
train,    5795, 209.807581,  116, 0.00,   14, 0.000, 0.000, 0.028, 48
train,    5796, 201.773771,  108, 0.00,   11, 0.000, 0.000, 0.028, 48
train,    5797, 235.988288,   98, 0.00,   12, 0.000, 0.000, 0.028, 48
train,    5798, 216.931457,  111, 0.00,   13, 0.000, 0.000, 0.028, 48
train,    5799, 232.088777,  103, 0.00,   15, 0.000, 0.000, 0.028, 48
train,    5800, 232.614254,   90, 0.00,   11, 0.000, 0.000, 0.028, 48
update,   5800,  580, 507507, 192.190337, 0.000000
val_t, 5800, 507507, 181.367791, 0.0365,  90.6620,   0.0921, 0.9407,  27.9475, progress 0.9269
train,    5801, 228.699715,  120, 0.00,   14, 0.000, 0.000, 0.027, 48
train,    5802, 236.543112,   93, 0.00,   12, 0.000, 0.000, 0.027, 48
train,    5803, 205.626113,   88, 0.00,   14, 0.000, 0.000, 0.027, 48
train,    5804, 212.403117,  108, 0.00,   13, 0.000, 0.000, 0.027, 48
train,    5805, 215.753430,   98, 0.00,   14, 0.000, 0.000, 0.027, 48
train,    5806, 235.516161,  107, 0.00,   16, 0.000, 0.000, 0.027, 48
train,    5807, 235.324090,  118, 0.00,   15, 0.000, 0.000, 0.027, 48
train,    5808, 185.682372,   99, 0.00,   11, 0.000, 0.000, 0.027, 48
train,    5809, 172.183060,  103, 0.00,   15, 0.000, 0.000, 0.027, 48
train,    5810, 214.173065,   95, 0.00,   14, 0.000, 0.000, 0.027, 48
update,   5810,  581, 508536, 192.518714, 0.000000
train,    5811, 234.469910,   89, 0.00,   14, 0.000, 0.000, 0.027, 48
train,    5812, 233.640023,  100, 0.00,   13, 0.000, 0.000, 0.027, 48
train,    5813, 227.190813,   95, 0.00,   14, 0.000, 0.000, 0.027, 48
train,    5814, 184.046639,  104, 0.00,   16, 0.000, 0.000, 0.027, 48
train,    5815, 208.524227,   84, 0.00,   12, 0.000, 0.000, 0.027, 48
train,    5816, 247.538079,  111, 0.00,   13, 0.000, 0.000, 0.027, 48
train,    5817, 216.137825,  113, 0.00,   11, 0.000, 0.000, 0.027, 48
train,    5818, 207.809610,  120, 0.00,   14, 0.000, 0.000, 0.027, 48
train,    5819, 205.856840,  108, 0.00,   13, 0.000, 0.000, 0.027, 48
train,    5820, 238.773144,  102, 0.00,   13, 0.000, 0.000, 0.027, 48
update,   5820,  582, 509562, 191.122474, 0.000000
train,    5821, 206.938267,  107, 0.00,   14, 0.000, 0.000, 0.027, 48
train,    5822, 201.582646,   94, 0.00,   14, 0.000, 0.000, 0.027, 48
train,    5823, 218.839698,   99, 0.00,   14, 0.000, 0.000, 0.027, 48
train,    5824, 203.491255,  109, 0.00,   13, 0.000, 0.000, 0.027, 48
train,    5825, 226.510305,  100, 0.00,   15, 0.000, 0.000, 0.027, 48
train,    5826, 229.023919,  103, 0.00,   13, 0.000, 0.000, 0.027, 48
train,    5827, 209.193870,  107, 0.00,   12, 0.000, 0.000, 0.027, 48
train,    5828, 210.868475,  110, 0.00,   14, 0.000, 0.000, 0.027, 48
train,    5829, 162.948751,   83, 1.00,   13, 0.000, 0.000, 0.027, 48
train,    5830, 213.537735,  106, 0.00,   15, 0.000, 0.000, 0.027, 48
update,   5830,  583, 510580, 203.926374, 0.000000
train,    5831, 227.821412,  118, 0.00,   12, 0.000, 0.000, 0.027, 48
train,    5832, 210.390923,  117, 0.00,   13, 0.000, 0.000, 0.027, 48
train,    5833, 203.684367,  120, 0.00,   14, 0.000, 0.000, 0.027, 48
train,    5834, 198.600194,  116, 0.00,   13, 0.000, 0.000, 0.027, 48
train,    5835, 212.961739,  111, 0.00,   15, 0.000, 0.000, 0.027, 48
train,    5836, 216.840020,  113, 0.00,   13, 0.000, 0.000, 0.027, 48
train,    5837, 206.262009,   92, 0.00,   13, 0.000, 0.000, 0.027, 48
train,    5838, 212.752417,  115, 0.00,   12, 0.000, 0.000, 0.027, 48
train,    5839, 231.538031,  120, 0.00,   13, 0.000, 0.000, 0.027, 48
train,    5840, 217.061737,  103, 0.00,   13, 0.000, 0.000, 0.027, 48
update,   5840,  584, 511705, 172.721736, 0.000000
train,    5841, 198.552300,  106, 0.00,   12, 0.000, 0.000, 0.027, 48
train,    5842, 213.128413,   81, 0.00,   14, 0.000, 0.000, 0.027, 48
train,    5843, 209.740417,  108, 0.00,   15, 0.000, 0.000, 0.027, 48
train,    5844, 234.550641,   94, 0.00,   13, 0.000, 0.000, 0.027, 48
train,    5845, 233.326475,  104, 0.00,   15, 0.000, 0.000, 0.027, 48
train,    5846, 239.953917,  112, 0.00,   15, 0.000, 0.000, 0.027, 48
train,    5847, 241.270518,  107, 0.00,   14, 0.000, 0.000, 0.027, 48
train,    5848, 211.485798,   93, 0.00,   13, 0.000, 0.000, 0.027, 48
train,    5849, 216.895157,  116, 0.00,   13, 0.000, 0.000, 0.027, 48
train,    5850, 218.336528,  120, 0.00,   15, 0.000, 0.000, 0.027, 48
update,   5850,  585, 512746, 188.633136, 0.000000
train,    5851, 213.629353,  118, 0.00,   15, 0.000, 0.000, 0.027, 48
train,    5852, 223.977693,  119, 0.00,   13, 0.000, 0.000, 0.027, 48
train,    5853, 234.479463,  114, 0.00,   15, 0.000, 0.000, 0.027, 48
train,    5854, 204.200497,  109, 0.00,   14, 0.000, 0.000, 0.027, 48
train,    5855, 178.134502,  118, 0.00,   14, 0.000, 0.000, 0.027, 48
train,    5856, 214.351861,  108, 0.00,   15, 0.000, 0.000, 0.027, 48
train,    5857, 219.440220,  101, 0.00,   13, 0.000, 0.000, 0.027, 48
train,    5858, 214.366015,  103, 0.00,   14, 0.000, 0.000, 0.027, 48
train,    5859, 218.451075,   96, 0.00,   12, 0.000, 0.000, 0.027, 48
train,    5860, 249.786178,   96, 0.00,   12, 0.000, 0.000, 0.027, 48
update,   5860,  586, 513828, 201.212516, 0.000000
train,    5861, 210.606531,  109, 0.00,   16, 0.000, 0.000, 0.027, 48
train,    5862, 251.052445,  107, 0.00,   13, 0.000, 0.000, 0.027, 48
train,    5863, 233.289594,   84, 0.00,   12, 0.000, 0.000, 0.027, 48
train,    5864, 217.019074,  111, 0.00,   11, 0.000, 0.000, 0.027, 48
train,    5865, 223.575645,  116, 0.00,   14, 0.000, 0.000, 0.027, 48
train,    5866, 232.850680,  109, 0.00,   12, 0.000, 0.000, 0.027, 48
train,    5867, 207.995535,  114, 0.00,   11, 0.000, 0.000, 0.027, 48
train,    5868, 243.310046,  100, 0.00,   13, 0.000, 0.000, 0.027, 48
train,    5869, 207.001517,   99, 0.00,   13, 0.000, 0.000, 0.027, 48
train,    5870, 150.947533,  100, 1.00,   12, 0.000, 0.000, 0.027, 48
update,   5870,  587, 514877, 201.125126, 0.000000
train,    5871, 215.648024,  110, 0.00,   13, 0.000, 0.000, 0.027, 48
train,    5872, 234.713821,  120, 0.00,   14, 0.000, 0.000, 0.027, 48
train,    5873, 216.992700,  116, 0.00,   14, 0.000, 0.000, 0.027, 48
train,    5874, 209.787308,  120, 0.00,   12, 0.000, 0.000, 0.027, 48
train,    5875, 226.644964,   98, 0.00,   14, 0.000, 0.000, 0.027, 48
train,    5876, 201.939846,  106, 0.00,   13, 0.000, 0.000, 0.027, 48
train,    5877, 222.419725,  115, 0.00,   17, 0.000, 0.000, 0.027, 48
train,    5878, 200.866179,   87, 0.00,   13, 0.000, 0.000, 0.027, 48
train,    5879, 255.860453,  107, 0.00,   15, 0.000, 0.000, 0.027, 48
train,    5880, 212.994339,  115, 0.00,   13, 0.000, 0.000, 0.027, 48
update,   5880,  588, 515971, 185.388186, 0.000000
train,    5881, 195.975947,  110, 0.00,   12, 0.000, 0.000, 0.027, 48
train,    5882, 249.981939,   97, 0.00,   14, 0.000, 0.000, 0.027, 48
train,    5883, 228.187388,   97, 0.00,   13, 0.000, 0.000, 0.027, 48
train,    5884, 213.134174,   89, 0.00,   13, 0.000, 0.000, 0.027, 48
train,    5885, 228.683175,  100, 0.00,   15, 0.000, 0.000, 0.027, 48
train,    5886, 244.498315,   87, 0.00,   13, 0.000, 0.000, 0.027, 48
train,    5887, 218.098305,  114, 0.00,   13, 0.000, 0.000, 0.027, 48
train,    5888, 112.580527,   65, 1.00,   10, 0.000, 0.000, 0.027, 48
train,    5889, 209.945695,  104, 0.00,   13, 0.000, 0.000, 0.027, 48
train,    5890, 147.887965,   89, 1.00,   11, 0.000, 0.000, 0.027, 48
update,   5890,  589, 516923, 222.191709, 0.000000
train,    5891, 220.442169,   92, 0.00,   15, 0.000, 0.000, 0.027, 48
train,    5892, 240.455685,   81, 0.00,   14, 0.000, 0.000, 0.027, 48
train,    5893, 227.284501,   98, 0.00,   13, 0.000, 0.000, 0.026, 48
train,    5894, 242.166448,   91, 0.00,   14, 0.000, 0.000, 0.026, 48
train,    5895, 247.775616,  102, 0.00,   12, 0.000, 0.000, 0.026, 48
train,    5896, 181.367181,   94, 0.00,   13, 0.000, 0.000, 0.026, 48
train,    5897, 201.102498,   90, 0.00,   12, 0.000, 0.000, 0.026, 48
train,    5898, 217.837694,  107, 0.00,   13, 0.000, 0.000, 0.026, 48
train,    5899, 202.310693,  102, 0.00,   13, 0.000, 0.000, 0.026, 48
train,    5900, 214.503124,  107, 0.00,   13, 0.000, 0.000, 0.026, 48
update,   5900,  590, 517887, 198.763447, 0.000000
val_t, 5900, 517887, 193.718638, 0.0237,  90.6582,   0.0640, 0.9675,  28.4861, progress 0.9590
train,    5901, 204.298929,   98, 0.00,   14, 0.000, 0.000, 0.026, 48
train,    5902, 233.788269,   93, 0.00,   12, 0.000, 0.000, 0.026, 48
train,    5903, 204.859789,   98, 0.00,   15, 0.000, 0.000, 0.026, 48
train,    5904, 218.368436,   98, 0.00,   14, 0.000, 0.000, 0.026, 48
train,    5905, 233.922039,  106, 0.00,   15, 0.000, 0.000, 0.026, 48
train,    5906, 234.395551,   93, 0.00,   13, 0.000, 0.000, 0.026, 48
train,    5907, 209.063844,  104, 0.00,   12, 0.000, 0.000, 0.026, 48
train,    5908, 198.968481,   87, 0.00,   12, 0.000, 0.000, 0.026, 48
train,    5909, 226.203676,  105, 0.00,   13, 0.000, 0.000, 0.026, 48
train,    5910, 202.981271,   88, 0.00,   11, 0.000, 0.000, 0.026, 48
update,   5910,  591, 518857, 194.345341, 0.000000
train,    5911, 201.403151,  115, 0.00,   14, 0.000, 0.000, 0.026, 48
train,    5912, 202.271855,   94, 0.00,   13, 0.000, 0.000, 0.026, 48
train,    5913, 131.719454,   60, 1.00,   12, 0.000, 0.000, 0.026, 48
train,    5914, 228.222751,  120, 0.00,   12, 0.000, 0.000, 0.026, 48
train,    5915, 199.820965,  112, 0.00,   13, 0.000, 0.000, 0.026, 48
train,    5916, 222.603498,   83, 0.00,   13, 0.000, 0.000, 0.026, 48
train,    5917, 201.907081,  101, 0.00,   13, 0.000, 0.000, 0.026, 48
train,    5918, 185.674573,   79, 0.00,   14, 0.000, 0.000, 0.026, 48
train,    5919, 211.282404,   91, 0.00,   14, 0.000, 0.000, 0.026, 48
train,    5920, 213.432719,   70, 0.00,   14, 0.000, 0.000, 0.026, 48
update,   5920,  592, 519782, 188.209229, 0.000000
train,    5921, 253.237324,   93, 0.00,   13, 0.000, 0.000, 0.026, 48
train,    5922, 242.843496,   96, 0.00,   16, 0.000, 0.000, 0.026, 48
train,    5923, 211.161602,   99, 0.00,   13, 0.000, 0.000, 0.026, 48
train,    5924, 193.953673,   98, 0.00,   13, 0.000, 0.000, 0.026, 48
train,    5925, 207.063500,   99, 0.00,   14, 0.000, 0.000, 0.026, 48
train,    5926, 214.618975,   87, 0.00,   12, 0.000, 0.000, 0.026, 48
train,    5927, 206.225909,   76, 0.00,   12, 0.000, 0.000, 0.026, 48
train,    5928, 201.996483,  107, 0.00,   13, 0.000, 0.000, 0.026, 48
train,    5929, 233.589865,   96, 0.00,   12, 0.000, 0.000, 0.026, 48
train,    5930, 187.585628,   98, 0.00,   14, 0.000, 0.000, 0.026, 48
update,   5930,  593, 520731, 185.044475, 0.000000
train,    5931, 219.035200,   70, 0.00,   14, 0.000, 0.000, 0.026, 48
train,    5932, 229.390605,  106, 0.00,   14, 0.000, 0.000, 0.026, 48
train,    5933, 219.461557,  111, 0.00,   14, 0.000, 0.000, 0.026, 48
train,    5934, 223.191394,  105, 0.00,   13, 0.000, 0.000, 0.026, 48
train,    5935, 211.915520,   97, 0.00,   13, 0.000, 0.000, 0.026, 48
train,    5936, 213.031138,  104, 0.00,   13, 0.000, 0.000, 0.026, 48
train,    5937, 249.820407,   82, 0.00,   16, 0.000, 0.000, 0.026, 48
train,    5938, 206.449248,   71, 0.00,   14, 0.000, 0.000, 0.026, 48
train,    5939, 225.346362,  100, 0.00,   13, 0.000, 0.000, 0.026, 48
train,    5940, 202.473449,  102, 0.00,   12, 0.000, 0.000, 0.026, 48
update,   5940,  594, 521679, 203.606615, 0.000000
train,    5941, 230.699249,  103, 0.00,   14, 0.000, 0.000, 0.026, 48
train,    5942, 212.616381,   83, 0.00,   15, 0.000, 0.000, 0.026, 48
train,    5943, 214.254373,   81, 0.00,   12, 0.000, 0.000, 0.026, 48
train,    5944, 223.336678,  107, 0.00,   13, 0.000, 0.000, 0.026, 48
train,    5945, 201.330283,  100, 0.00,   16, 0.000, 0.000, 0.026, 48
train,    5946, 223.752587,   92, 0.00,   14, 0.000, 0.000, 0.026, 48
train,    5947, 208.634026,   98, 0.00,   14, 0.000, 0.000, 0.026, 48
train,    5948, 189.564836,  106, 0.00,   13, 0.000, 0.000, 0.026, 48
train,    5949, 212.278132,   96, 0.00,   14, 0.000, 0.000, 0.026, 48
train,    5950, 205.148826,   91, 0.00,   12, 0.000, 0.000, 0.026, 48
update,   5950,  595, 522636, 203.923600, 0.000000
train,    5951, 218.070898,  107, 0.00,   12, 0.000, 0.000, 0.026, 48
train,    5952, 206.150796,   81, 0.00,   15, 0.000, 0.000, 0.026, 48
train,    5953, 228.774977,   94, 0.00,   13, 0.000, 0.000, 0.026, 48
train,    5954, 212.494792,   92, 0.00,   16, 0.000, 0.000, 0.026, 48
train,    5955, 203.825347,   93, 0.00,   14, 0.000, 0.000, 0.026, 48
train,    5956, 185.244425,   96, 0.00,   14, 0.000, 0.000, 0.026, 48
train,    5957, 195.143430,   85, 0.00,   15, 0.000, 0.000, 0.026, 48
train,    5958, 239.625590,   94, 0.00,   16, 0.000, 0.000, 0.026, 48
train,    5959, 180.000000,   90, 1.00,   12, 0.000, 0.000, 0.026, 48
train,    5960, 246.653743,  104, 0.00,   14, 0.000, 0.000, 0.026, 48
update,   5960,  596, 523572, 197.440068, 0.000000
train,    5961, 215.107318,  100, 0.00,   15, 0.000, 0.000, 0.026, 48
train,    5962, 233.570640,  114, 0.00,   13, 0.000, 0.000, 0.026, 48
train,    5963, 210.009020,   95, 0.00,   13, 0.000, 0.000, 0.026, 48
train,    5964, 220.501513,   88, 0.00,   12, 0.000, 0.000, 0.026, 48
train,    5965, 225.048034,   85, 0.00,   14, 0.000, 0.000, 0.026, 48
train,    5966, 244.077468,   70, 0.00,   13, 0.000, 0.000, 0.026, 48
train,    5967, 211.644935,   81, 0.00,   11, 0.000, 0.000, 0.026, 48
train,    5968, 210.605304,  100, 0.00,   14, 0.000, 0.000, 0.026, 48
train,    5969, 242.576403,   95, 0.00,   14, 0.000, 0.000, 0.026, 48
train,    5970, 238.322375,   78, 0.00,   14, 0.000, 0.000, 0.026, 48
update,   5970,  597, 524478, 174.979204, 0.000000
train,    5971, 242.431055,   70, 0.00,   14, 0.000, 0.000, 0.026, 48
train,    5972, 227.680051,   78, 0.00,   12, 0.000, 0.000, 0.026, 48
train,    5973, 193.627826,   86, 0.00,   13, 0.000, 0.000, 0.026, 48
train,    5974, 229.436052,   84, 0.00,   15, 0.000, 0.000, 0.026, 48
train,    5975, 229.194863,  120, 0.00,   13, 0.000, 0.000, 0.026, 48
train,    5976, 240.792852,  110, 0.00,   14, 0.000, 0.000, 0.026, 48
train,    5977, 208.829735,   72, 0.00,   11, 0.000, 0.000, 0.026, 48
train,    5978, 199.698318,  102, 0.00,   15, 0.000, 0.000, 0.026, 48
train,    5979, 237.643385,   98, 0.00,   14, 0.000, 0.000, 0.026, 48
train,    5980, 201.369248,   93, 0.00,   11, 0.000, 0.000, 0.026, 48
update,   5980,  598, 525391, 173.938554, 0.000000
train,    5981, 203.723930,   90, 0.00,   12, 0.000, 0.000, 0.026, 48
train,    5982, 185.533759,   92, 0.00,   15, 0.000, 0.000, 0.026, 48
train,    5983, 235.548074,   88, 0.00,   15, 0.000, 0.000, 0.026, 48
train,    5984, 113.550269,   89, 1.00,   11, 0.000, 0.000, 0.026, 48
train,    5985, 112.630786,   69, 1.00,   11, 0.000, 0.000, 0.026, 48
train,    5986, 200.931135,   79, 0.00,   11, 0.000, 0.000, 0.026, 48
train,    5987, 213.204708,  105, 0.00,   15, 0.000, 0.000, 0.026, 48
train,    5988, 222.997405,  100, 0.00,   13, 0.000, 0.000, 0.026, 48
train,    5989, 220.024644,  107, 0.00,   12, 0.000, 0.000, 0.026, 48
train,    5990, 222.162374,  100, 0.00,   14, 0.000, 0.000, 0.025, 48
update,   5990,  599, 526310, 174.681989, 0.000000
train,    5991, 238.242144,   98, 0.00,   13, 0.000, 0.000, 0.025, 48
train,    5992, 244.490987,   97, 0.00,   14, 0.000, 0.000, 0.025, 48
train,    5993, 160.902353,   74, 1.00,   11, 0.000, 0.000, 0.025, 48
train,    5994, 188.774496,   84, 0.00,   12, 0.000, 0.000, 0.025, 48
train,    5995, 237.739129,   90, 0.00,   12, 0.000, 0.000, 0.025, 48
train,    5996, 211.596547,   89, 0.00,   11, 0.000, 0.000, 0.025, 48
train,    5997, 207.026580,   94, 0.00,   13, 0.000, 0.000, 0.025, 48
train,    5998, 228.164183,  108, 0.00,   12, 0.000, 0.000, 0.025, 48
train,    5999, 154.761565,   86, 1.00,   12, 0.000, 0.000, 0.025, 48
train,    6000, 230.142542,  102, 0.00,   14, 0.000, 0.000, 0.025, 48
update,   6000,  600, 527232, 191.418614, 0.000000
val_t, 6000, 527232, 200.704356, 0.0441,  97.1240,   0.0709, 0.9546,  28.3687, progress 0.9479
train,    6001, 213.654851,   77, 0.00,   13, 0.000, 0.000, 0.025, 48
train,    6002, 207.280953,   92, 0.00,   15, 0.000, 0.000, 0.025, 48
train,    6003, 214.418809,   90, 0.00,   16, 0.000, 0.000, 0.025, 48
train,    6004, 231.851519,   92, 0.00,   13, 0.000, 0.000, 0.025, 48
train,    6005, 199.586710,   97, 0.00,   14, 0.000, 0.000, 0.025, 48
train,    6006, 215.905761,   99, 0.00,   15, 0.000, 0.000, 0.025, 48
train,    6007, 212.398863,   76, 0.00,   13, 0.000, 0.000, 0.025, 48
train,    6008, 222.933398,   76, 0.00,   13, 0.000, 0.000, 0.025, 48
train,    6009, 215.129225,   81, 0.00,   14, 0.000, 0.000, 0.025, 48
train,    6010, 210.576365,   86, 0.00,   14, 0.000, 0.000, 0.025, 48
update,   6010,  601, 528098, 161.777673, 0.000000
train,    6011, 214.956156,  112, 0.00,   13, 0.000, 0.000, 0.025, 48
train,    6012, 222.425404,   91, 0.00,   14, 0.000, 0.000, 0.025, 48
train,    6013, 220.792654,   84, 0.00,   14, 0.000, 0.000, 0.025, 48
train,    6014, 222.546250,  100, 0.00,   13, 0.000, 0.000, 0.025, 48
train,    6015, 242.394736,  107, 0.00,   16, 0.000, 0.000, 0.025, 48
train,    6016, 219.781181,   89, 0.00,   13, 0.000, 0.000, 0.025, 48
train,    6017, 196.857892,   86, 0.00,   12, 0.000, 0.000, 0.025, 48
train,    6018, 204.072741,  106, 0.00,   14, 0.000, 0.000, 0.025, 48
train,    6019, 233.447083,   87, 0.00,   12, 0.000, 0.000, 0.025, 48
train,    6020, 129.066447,   90, 1.00,   13, 0.000, 0.000, 0.025, 48
update,   6020,  602, 529050, 190.094798, 0.000000
train,    6021, 205.275887,  101, 0.00,   14, 0.000, 0.000, 0.025, 48
train,    6022, 232.689948,   87, 0.00,   15, 0.000, 0.000, 0.025, 48
train,    6023, 230.493856,   76, 0.00,   11, 0.000, 0.000, 0.025, 48
train,    6024, 214.060649,   95, 0.00,   12, 0.000, 0.000, 0.025, 48
train,    6025, 240.406585,   76, 0.00,   14, 0.000, 0.000, 0.025, 48
train,    6026, 218.757482,   89, 0.00,   14, 0.000, 0.000, 0.025, 48
train,    6027, 218.783024,   91, 0.00,   16, 0.000, 0.000, 0.025, 48
train,    6028, 196.048137,   93, 0.00,   15, 0.000, 0.000, 0.025, 48
train,    6029, 253.419896,   96, 0.00,   14, 0.000, 0.000, 0.025, 48
train,    6030, 220.038166,  120, 0.00,   15, 0.000, 0.000, 0.025, 48
update,   6030,  603, 529974, 157.289554, 0.000000
train,    6031, 217.200919,   87, 0.00,   14, 0.000, 0.000, 0.025, 48
train,    6032, 252.078660,   82, 0.00,   10, 0.000, 0.000, 0.025, 48
train,    6033, 212.443779,   91, 0.00,   14, 0.000, 0.000, 0.025, 48
train,    6034, 212.195331,   88, 0.00,   11, 0.000, 0.000, 0.025, 48
train,    6035, 239.424280,   90, 0.00,   14, 0.000, 0.000, 0.025, 48
train,    6036, 195.954365,   77, 0.00,   12, 0.000, 0.000, 0.025, 48
train,    6037, 200.304108,   88, 0.00,   14, 0.000, 0.000, 0.025, 48
train,    6038, 251.331820,   82, 0.00,   13, 0.000, 0.000, 0.025, 48
train,    6039, 225.571733,   95, 0.00,   14, 0.000, 0.000, 0.025, 48
train,    6040, 163.244675,   86, 1.00,   11, 0.000, 0.000, 0.025, 48
update,   6040,  604, 530840, 169.192713, 0.000000
train,    6041, 213.137625,   88, 0.00,   14, 0.000, 0.000, 0.025, 48
train,    6042, 217.194081,   70, 0.00,   12, 0.000, 0.000, 0.025, 48
train,    6043, 207.365534,   72, 0.00,   14, 0.000, 0.000, 0.025, 48
train,    6044, 226.595169,   94, 0.00,   14, 0.000, 0.000, 0.025, 48
train,    6045, 227.538174,   95, 0.00,   14, 0.000, 0.000, 0.025, 48
train,    6046, 191.458238,   84, 0.00,   13, 0.000, 0.000, 0.025, 48
train,    6047, 210.316642,   94, 0.00,   14, 0.000, 0.000, 0.025, 48
train,    6048, 227.931945,   84, 0.00,   14, 0.000, 0.000, 0.025, 48
train,    6049, 228.696127,   99, 0.00,   15, 0.000, 0.000, 0.025, 48
train,    6050, 192.705997,   82, 0.00,   14, 0.000, 0.000, 0.025, 48
update,   6050,  605, 531702, 158.652359, 0.000000
train,    6051, 192.704837,   94, 0.00,   14, 0.000, 0.000, 0.025, 48
train,    6052, 216.200474,   80, 0.00,   14, 0.000, 0.000, 0.025, 48
train,    6053, 211.401276,  103, 0.00,   13, 0.000, 0.000, 0.025, 48
train,    6054, 239.054723,   80, 0.00,    9, 0.000, 0.000, 0.025, 48
train,    6055, 218.607503,   94, 0.00,   12, 0.000, 0.000, 0.025, 48
train,    6056, 122.374112,   95, 1.00,   12, 0.000, 0.000, 0.025, 48
train,    6057, 212.844050,   76, 0.00,   12, 0.000, 0.000, 0.025, 48
train,    6058, 192.413118,  117, 0.00,   13, 0.000, 0.000, 0.025, 48
train,    6059, 213.059227,   97, 0.00,   14, 0.000, 0.000, 0.025, 48
train,    6060, 208.115583,   76, 0.00,   12, 0.000, 0.000, 0.025, 48
update,   6060,  606, 532614, 169.840661, 0.000000
train,    6061, 199.837513,   88, 0.00,   12, 0.000, 0.000, 0.025, 48
train,    6062, 222.844477,  101, 0.00,   12, 0.000, 0.000, 0.025, 48
train,    6063, 217.608584,  102, 0.00,   13, 0.000, 0.000, 0.025, 48
train,    6064, 192.788686,   94, 0.00,   13, 0.000, 0.000, 0.025, 48
train,    6065, 229.929990,   97, 0.00,   12, 0.000, 0.000, 0.025, 48
train,    6066, 202.219661,   96, 0.00,   13, 0.000, 0.000, 0.025, 48
train,    6067, 246.071783,   91, 0.00,   13, 0.000, 0.000, 0.025, 48
train,    6068, 233.130739,   80, 0.00,   15, 0.000, 0.000, 0.025, 48
train,    6069, 230.314508,  104, 0.00,   14, 0.000, 0.000, 0.025, 48
train,    6070, 211.201335,   94, 0.00,   14, 0.000, 0.000, 0.025, 48
update,   6070,  607, 533561, 189.801515, 0.000000
train,    6071, 211.098481,   78, 0.00,   14, 0.000, 0.000, 0.025, 48
train,    6072, 227.900546,   88, 0.00,   12, 0.000, 0.000, 0.025, 48
train,    6073, 199.947799,  112, 0.00,   15, 0.000, 0.000, 0.025, 48
train,    6074, 208.386437,   80, 0.00,   14, 0.000, 0.000, 0.025, 48
train,    6075, 195.887781,  103, 0.00,   12, 0.000, 0.000, 0.025, 48
train,    6076, 223.010268,   80, 0.00,   14, 0.000, 0.000, 0.025, 48
train,    6077, 223.841252,   71, 0.00,   13, 0.000, 0.000, 0.025, 48
train,    6078, 211.694668,   98, 0.00,   13, 0.000, 0.000, 0.025, 48
train,    6079, 230.166279,  106, 0.00,   13, 0.000, 0.000, 0.025, 48
train,    6080, 232.450051,   93, 0.00,   11, 0.000, 0.000, 0.025, 48
update,   6080,  608, 534470, 164.162789, 0.000000
train,    6081, 247.079287,  108, 0.00,   16, 0.000, 0.000, 0.025, 48
train,    6082, 131.134592,   73, 1.00,   14, 0.000, 0.000, 0.025, 48
train,    6083, 201.939308,  106, 0.00,   14, 0.000, 0.000, 0.025, 48
train,    6084, 245.362011,  116, 0.00,   14, 0.000, 0.000, 0.025, 48
train,    6085, 211.896733,   87, 0.00,   17, 0.000, 0.000, 0.025, 48
train,    6086, 201.811535,   87, 0.00,   12, 0.000, 0.000, 0.025, 48
train,    6087, 242.129243,   90, 0.00,   14, 0.000, 0.000, 0.025, 48
train,    6088, 162.729697,   74, 1.00,   12, 0.000, 0.000, 0.025, 48
train,    6089, 222.356245,  100, 0.00,   14, 0.000, 0.000, 0.025, 48
train,    6090, 211.686744,   89, 0.00,   16, 0.000, 0.000, 0.024, 48
update,   6090,  609, 535400, 180.034076, 0.000000
train,    6091, 202.040226,   96, 0.00,   13, 0.000, 0.000, 0.024, 48
train,    6092, 216.947604,   83, 0.00,   14, 0.000, 0.000, 0.024, 48
train,    6093, 216.338655,   71, 0.00,   12, 0.000, 0.000, 0.024, 48
train,    6094, 223.334929,   89, 0.00,   13, 0.000, 0.000, 0.024, 48
train,    6095, 230.226945,   92, 0.00,   13, 0.000, 0.000, 0.024, 48
train,    6096, 211.199716,  101, 0.00,   14, 0.000, 0.000, 0.024, 48
train,    6097, 216.431204,   89, 0.00,   14, 0.000, 0.000, 0.024, 48
train,    6098, 216.159545,  100, 0.00,   12, 0.000, 0.000, 0.024, 48
train,    6099, 239.622741,   99, 0.00,   15, 0.000, 0.000, 0.024, 48
train,    6100, 192.686325,  109, 0.00,   14, 0.000, 0.000, 0.024, 48
update,   6100,  610, 536329, 167.361504, 0.000000
val_t, 6100, 536329, 193.610091, 0.0242,  84.5172,   0.0690, 0.9491,  28.6498, progress 0.9538
train,    6101, 237.893036,   76, 0.00,   14, 0.000, 0.000, 0.024, 48
train,    6102, 209.646033,   95, 0.00,   11, 0.000, 0.000, 0.024, 48
train,    6103, 224.809193,   85, 0.00,   12, 0.000, 0.000, 0.024, 48
train,    6104, 207.760147,   70, 0.00,   13, 0.000, 0.000, 0.024, 48
train,    6105, 208.603369,   99, 0.00,   15, 0.000, 0.000, 0.024, 48
train,    6106, 220.141891,   77, 0.00,   13, 0.000, 0.000, 0.024, 48
train,    6107, 197.460720,   80, 0.00,   13, 0.000, 0.000, 0.024, 48
train,    6108, 220.489052,  110, 0.00,   13, 0.000, 0.000, 0.024, 48
train,    6109, 225.797061,  120, 0.00,   13, 0.000, 0.000, 0.024, 48
train,    6110, 222.747590,   70, 0.00,   14, 0.000, 0.000, 0.024, 48
update,   6110,  611, 537211, 165.293200, 0.000000
train,    6111, 121.614062,  101, 1.00,   13, 0.000, 0.000, 0.024, 48
train,    6112, 230.101013,   96, 0.00,   13, 0.000, 0.000, 0.024, 48
train,    6113, 206.795492,   96, 0.00,   16, 0.000, 0.000, 0.024, 48
train,    6114, 213.385928,   88, 0.00,   14, 0.000, 0.000, 0.024, 48
train,    6115, 197.145045,  102, 0.00,   12, 0.000, 0.000, 0.024, 48
train,    6116, 204.646854,  106, 0.00,   13, 0.000, 0.000, 0.024, 48
train,    6117, 227.668334,   98, 0.00,   13, 0.000, 0.000, 0.024, 48
train,    6118, 235.684757,   99, 0.00,   14, 0.000, 0.000, 0.024, 48
train,    6119, 208.049564,   92, 0.00,   13, 0.000, 0.000, 0.024, 48
train,    6120, 205.443745,  102, 0.00,   15, 0.000, 0.000, 0.024, 48
update,   6120,  612, 538191, 172.563512, 0.000000
train,    6121, 214.003291,   77, 0.00,   12, 0.000, 0.000, 0.024, 48
train,    6122, 227.077335,  117, 0.00,   16, 0.000, 0.000, 0.024, 48
train,    6123, 100.737005,   62, 1.00,   10, 0.000, 0.000, 0.024, 48
train,    6124, 210.535843,  111, 0.00,   13, 0.000, 0.000, 0.024, 48
train,    6125, 159.521992,   77, 1.00,   12, 0.000, 0.000, 0.024, 48
train,    6126, 200.727720,  114, 0.00,   13, 0.000, 0.000, 0.024, 48
train,    6127, 203.961353,   99, 0.00,   13, 0.000, 0.000, 0.024, 48
train,    6128, 172.028177,   96, 1.00,   12, 0.000, 0.000, 0.024, 48
train,    6129, 205.904612,   82, 0.00,   17, 0.000, 0.000, 0.024, 48
train,    6130, 211.644840,   99, 0.00,   16, 0.000, 0.000, 0.024, 48
update,   6130,  613, 539125, 172.354853, 0.000000
train,    6131, 254.745102,  107, 0.00,   13, 0.000, 0.000, 0.024, 48
train,    6132, 194.100966,   98, 0.00,   14, 0.000, 0.000, 0.024, 48
train,    6133, 193.502192,   82, 0.00,   13, 0.000, 0.000, 0.024, 48
train,    6134, 218.634746,  101, 0.00,   12, 0.000, 0.000, 0.024, 48
train,    6135, 240.617724,  114, 0.00,   15, 0.000, 0.000, 0.024, 48
train,    6136, 209.051643,  105, 0.00,   15, 0.000, 0.000, 0.024, 48
train,    6137, 179.632814,  106, 0.00,   13, 0.000, 0.000, 0.024, 48
train,    6138, 231.534228,  101, 0.00,   12, 0.000, 0.000, 0.024, 48
train,    6139, 251.156407,   83, 0.00,   15, 0.000, 0.000, 0.024, 48
train,    6140, 246.998024,  104, 0.00,   14, 0.000, 0.000, 0.024, 48
update,   6140,  614, 540126, 168.539513, 0.000000
train,    6141, 211.622004,   70, 0.00,   13, 0.000, 0.000, 0.024, 48
train,    6142, 230.338739,   87, 0.00,   13, 0.000, 0.000, 0.024, 48
train,    6143, 236.844743,   99, 0.00,   16, 0.000, 0.000, 0.024, 48
train,    6144, 226.145401,   99, 0.00,   11, 0.000, 0.000, 0.024, 48
train,    6145, 215.079642,  113, 0.00,   15, 0.000, 0.000, 0.024, 48
train,    6146, 208.279245,   79, 0.00,   15, 0.000, 0.000, 0.024, 48
train,    6147, 259.621219,  109, 0.00,   13, 0.000, 0.000, 0.024, 48
train,    6148, 227.260847,   92, 0.00,   14, 0.000, 0.000, 0.024, 48
train,    6149, 229.742403,   81, 0.00,   12, 0.000, 0.000, 0.024, 48
train,    6150, 147.456562,   84, 1.00,   13, 0.000, 0.000, 0.024, 48
update,   6150,  615, 541039, 168.736578, 0.000000
train,    6151, 115.943309,   62, 1.00,   10, 0.000, 0.000, 0.024, 48
train,    6152, 210.342850,   89, 0.00,   13, 0.000, 0.000, 0.024, 48
train,    6153, 218.614275,   88, 0.00,   14, 0.000, 0.000, 0.024, 48
train,    6154, 228.952219,   82, 0.00,   15, 0.000, 0.000, 0.024, 48
train,    6155, 197.171214,  109, 0.00,   14, 0.000, 0.000, 0.024, 48
train,    6156, 206.932957,   95, 0.00,   15, 0.000, 0.000, 0.024, 48
train,    6157, 239.748157,   77, 0.00,   11, 0.000, 0.000, 0.024, 48
train,    6158, 225.122922,  106, 0.00,   13, 0.000, 0.000, 0.024, 48
train,    6159, 225.058461,   88, 0.00,   12, 0.000, 0.000, 0.024, 48
train,    6160, 197.795776,  110, 0.00,   11, 0.000, 0.000, 0.024, 48
update,   6160,  616, 541945, 142.432583, 0.000000
train,    6161, 207.872925,  103, 0.00,   13, 0.000, 0.000, 0.024, 48
train,    6162, 194.594298,  111, 0.00,   13, 0.000, 0.000, 0.024, 48
train,    6163, 204.362711,  101, 0.00,   13, 0.000, 0.000, 0.024, 48
train,    6164, 200.007018,   83, 0.00,   12, 0.000, 0.000, 0.024, 48
train,    6165, 207.183617,   98, 0.00,   13, 0.000, 0.000, 0.024, 48
train,    6166, 260.000000,   97, 0.00,   13, 0.000, 0.000, 0.024, 48
train,    6167, 254.123910,   87, 0.00,   15, 0.000, 0.000, 0.024, 48
train,    6168, 208.655079,  100, 0.00,   14, 0.000, 0.000, 0.024, 48
train,    6169, 226.799926,  106, 0.00,   12, 0.000, 0.000, 0.024, 48
train,    6170, 196.958713,  104, 0.00,   12, 0.000, 0.000, 0.024, 48
update,   6170,  617, 542935, 165.999498, 0.000000
train,    6171, 227.049542,  101, 0.00,   14, 0.000, 0.000, 0.024, 48
train,    6172, 219.858014,   97, 0.00,   13, 0.000, 0.000, 0.024, 48
train,    6173, 237.670743,  110, 0.00,   15, 0.000, 0.000, 0.024, 48
train,    6174, 214.188800,   92, 0.00,   15, 0.000, 0.000, 0.024, 48
train,    6175, 219.995706,   93, 0.00,   14, 0.000, 0.000, 0.024, 48
train,    6176, 208.774870,   96, 0.00,   13, 0.000, 0.000, 0.024, 48
train,    6177, 226.907222,   95, 0.00,   13, 0.000, 0.000, 0.024, 48
train,    6178, 220.109052,   95, 0.00,   15, 0.000, 0.000, 0.024, 48
train,    6179, 235.349539,   88, 0.00,   16, 0.000, 0.000, 0.024, 48
train,    6180, 216.797887,  103, 0.00,   15, 0.000, 0.000, 0.024, 48
update,   6180,  618, 543905, 177.227168, 0.000000
train,    6181, 200.972596,  101, 0.00,   15, 0.000, 0.000, 0.024, 48
train,    6182, 230.563204,  112, 0.00,   14, 0.000, 0.000, 0.024, 48
train,    6183, 215.881558,  102, 0.00,   13, 0.000, 0.000, 0.024, 48
train,    6184, 213.375840,   91, 0.00,   14, 0.000, 0.000, 0.024, 48
train,    6185, 238.431442,  100, 0.00,   15, 0.000, 0.000, 0.024, 48
train,    6186, 231.462059,   83, 0.00,   13, 0.000, 0.000, 0.024, 48
train,    6187, 222.915203,  100, 0.00,   15, 0.000, 0.000, 0.024, 48
train,    6188, 252.761360,   99, 0.00,   14, 0.000, 0.000, 0.024, 48
train,    6189, 206.820592,   97, 0.00,   13, 0.000, 0.000, 0.024, 48
train,    6190, 245.308123,   82, 0.00,   14, 0.000, 0.000, 0.024, 48
update,   6190,  619, 544872, 191.674130, 0.000000
train,    6191, 260.000000,  101, 0.00,   15, 0.000, 0.000, 0.024, 48
train,    6192, 214.753916,   82, 0.00,   10, 0.000, 0.000, 0.024, 48
train,    6193, 207.141955,   99, 0.00,   13, 0.000, 0.000, 0.024, 48
train,    6194, 236.603758,  102, 0.00,   14, 0.000, 0.000, 0.023, 48
train,    6195, 227.348548,   78, 0.00,   14, 0.000, 0.000, 0.023, 48
train,    6196, 244.281543,  105, 0.00,   13, 0.000, 0.000, 0.023, 48
train,    6197, 213.462646,   93, 0.00,   11, 0.000, 0.000, 0.023, 48
train,    6198, 241.738435,   96, 0.00,   14, 0.000, 0.000, 0.023, 48
train,    6199, 222.292221,   98, 0.00,   14, 0.000, 0.000, 0.023, 48
train,    6200, 221.544532,   88, 0.00,   13, 0.000, 0.000, 0.023, 48
update,   6200,  620, 545814, 186.979046, 0.000000
val_t, 6200, 545814, 190.051357, 0.0261,  87.0516,   0.0887, 0.9535,  28.6871, progress 0.9444
train,    6201, 205.243449,  110, 0.00,   12, 0.000, 0.000, 0.023, 48
train,    6202, 231.472720,  104, 0.00,   14, 0.000, 0.000, 0.023, 48
train,    6203, 226.585232,   82, 0.00,   16, 0.000, 0.000, 0.023, 48
train,    6204, 248.116798,   91, 0.00,   15, 0.000, 0.000, 0.023, 48
train,    6205, 184.934243,   90, 0.00,   13, 0.000, 0.000, 0.023, 48
train,    6206, 205.365959,   88, 0.00,   13, 0.000, 0.000, 0.023, 48
train,    6207, 227.377275,  106, 0.00,   12, 0.000, 0.000, 0.023, 48
train,    6208, 237.748762,   94, 0.00,   16, 0.000, 0.000, 0.023, 48
train,    6209, 233.290623,  115, 0.00,   13, 0.000, 0.000, 0.023, 48
train,    6210, 229.484919,   88, 0.00,   14, 0.000, 0.000, 0.023, 48
update,   6210,  621, 546782, 175.270873, 0.000000
train,    6211, 218.566502,  112, 0.00,   12, 0.000, 0.000, 0.023, 48
train,    6212, 208.361158,  101, 0.00,   13, 0.000, 0.000, 0.023, 48
train,    6213, 217.941913,  102, 0.00,   14, 0.000, 0.000, 0.023, 48
train,    6214, 227.475020,   88, 0.00,   14, 0.000, 0.000, 0.023, 48
train,    6215, 230.209289,   90, 0.00,   13, 0.000, 0.000, 0.023, 48
train,    6216, 250.386305,   98, 0.00,   16, 0.000, 0.000, 0.023, 48
train,    6217, 224.004151,   89, 0.00,   13, 0.000, 0.000, 0.023, 48
train,    6218, 250.671250,  102, 0.00,   14, 0.000, 0.000, 0.023, 48
train,    6219, 231.561307,   97, 0.00,   14, 0.000, 0.000, 0.023, 48
train,    6220, 194.421731,   84, 0.00,   14, 0.000, 0.000, 0.023, 48
update,   6220,  622, 547745, 195.931910, 0.000000
train,    6221, 205.464451,   95, 0.00,   11, 0.000, 0.000, 0.023, 48
train,    6222, 174.299685,   72, 1.00,   12, 0.000, 0.000, 0.023, 48
train,    6223, 203.143934,  103, 0.00,   14, 0.000, 0.000, 0.023, 48
train,    6224, 206.751021,   97, 0.00,   13, 0.000, 0.000, 0.023, 48
train,    6225, 224.350307,  111, 0.00,   11, 0.000, 0.000, 0.023, 48
train,    6226, 217.920030,  106, 0.00,   14, 0.000, 0.000, 0.023, 48
train,    6227, 193.262709,  103, 0.00,   13, 0.000, 0.000, 0.023, 48
train,    6228, 188.262067,  106, 0.00,   13, 0.000, 0.000, 0.023, 48
train,    6229, 212.063743,  108, 0.00,   13, 0.000, 0.000, 0.023, 48
train,    6230, 203.670199,   82, 0.00,   15, 0.000, 0.000, 0.023, 48
update,   6230,  623, 548728, 182.799088, 0.000000
train,    6231, 107.980811,   68, 1.00,   13, 0.000, 0.000, 0.023, 48
train,    6232, 218.732339,   97, 0.00,   15, 0.000, 0.000, 0.023, 48
train,    6233, 258.413141,  114, 0.00,   16, 0.000, 0.000, 0.023, 48
train,    6234, 227.896068,   99, 0.00,   14, 0.000, 0.000, 0.023, 48
train,    6235, 213.245998,  107, 0.00,   14, 0.000, 0.000, 0.023, 48
train,    6236, 219.796799,  120, 0.00,   12, 0.000, 0.000, 0.023, 48
train,    6237, 203.837144,  112, 0.00,   15, 0.000, 0.000, 0.023, 48
train,    6238, 231.724658,  102, 0.00,   14, 0.000, 0.000, 0.023, 48
train,    6239, 212.790348,  108, 0.00,   15, 0.000, 0.000, 0.023, 48
train,    6240, 209.559994,  103, 0.00,   16, 0.000, 0.000, 0.023, 48
update,   6240,  624, 549758, 204.597012, 0.000000
train,    6241, 77.591725,   77, 1.00,   14, 0.000, 0.000, 0.023, 48
train,    6242, 234.133974,   94, 0.00,   14, 0.000, 0.000, 0.023, 48
train,    6243, 200.179580,   83, 0.00,   14, 0.000, 0.000, 0.023, 48
train,    6244, 174.949858,  106, 0.00,   14, 0.000, 0.000, 0.023, 48
train,    6245, 241.369382,  102, 0.00,   12, 0.000, 0.000, 0.023, 48
train,    6246, 218.507870,  100, 0.00,   14, 0.000, 0.000, 0.023, 48
train,    6247, 239.862040,  102, 0.00,   12, 0.000, 0.000, 0.023, 48
train,    6248, 219.199831,  109, 0.00,   13, 0.000, 0.000, 0.023, 48
train,    6249, 216.643646,  102, 0.00,   15, 0.000, 0.000, 0.023, 48
train,    6250, 221.838551,  118, 0.00,   15, 0.000, 0.000, 0.023, 48
update,   6250,  625, 550751, 174.880344, 0.000000
train,    6251, 176.709549,   96, 0.00,   14, 0.000, 0.000, 0.023, 48
train,    6252, 224.941547,  100, 0.00,   12, 0.000, 0.000, 0.023, 48
train,    6253, 199.606675,  107, 0.00,   14, 0.000, 0.000, 0.023, 48
train,    6254, 214.315145,   99, 0.00,   13, 0.000, 0.000, 0.023, 48
train,    6255, 233.997443,   89, 0.00,   14, 0.000, 0.000, 0.023, 48
train,    6256, 242.932795,   98, 0.00,   13, 0.000, 0.000, 0.023, 48
train,    6257, 187.061642,  113, 0.00,   15, 0.000, 0.000, 0.023, 48
train,    6258, 220.246183,  101, 0.00,   14, 0.000, 0.000, 0.023, 48
train,    6259, 238.819188,  112, 0.00,   15, 0.000, 0.000, 0.023, 48
train,    6260, 219.492630,   86, 0.00,   13, 0.000, 0.000, 0.023, 48
update,   6260,  626, 551752, 185.211614, 0.000000
train,    6261, 215.049999,  107, 0.00,   13, 0.000, 0.000, 0.023, 48
train,    6262, 224.344479,  120, 0.00,   13, 0.000, 0.000, 0.023, 48
train,    6263, 217.244552,  104, 0.00,   14, 0.000, 0.000, 0.023, 48
train,    6264, 217.905194,   99, 0.00,   12, 0.000, 0.000, 0.023, 48
train,    6265, 196.152236,  110, 0.00,   11, 0.000, 0.000, 0.023, 48
train,    6266, 193.640835,  120, 0.00,   13, 0.000, 0.000, 0.023, 48
train,    6267, 222.521383,  108, 0.00,   12, 0.000, 0.000, 0.023, 48
train,    6268, 215.596218,  120, 0.00,   14, 0.000, 0.000, 0.023, 48
train,    6269, 206.927876,   92, 0.00,   13, 0.000, 0.000, 0.023, 48
train,    6270, 229.159225,  107, 0.00,   13, 0.000, 0.000, 0.023, 48
update,   6270,  627, 552839, 214.367852, 0.000000
train,    6271, 119.550464,   85, 1.00,   12, 0.000, 0.000, 0.023, 48
train,    6272, 228.560715,   98, 0.00,   13, 0.000, 0.000, 0.023, 48
train,    6273, 204.508517,  102, 0.00,   14, 0.000, 0.000, 0.023, 48
train,    6274, 210.111878,  107, 0.00,   15, 0.000, 0.000, 0.023, 48
train,    6275, 237.636685,  109, 0.00,   14, 0.000, 0.000, 0.023, 48
train,    6276, 260.000000,  106, 0.00,   12, 0.000, 0.000, 0.023, 48
train,    6277, 233.890019,  103, 0.00,   13, 0.000, 0.000, 0.023, 48
train,    6278, 190.673850,  119, 0.00,   13, 0.000, 0.000, 0.023, 48
train,    6279, 194.470098,  108, 0.00,   14, 0.000, 0.000, 0.023, 48
train,    6280, 171.563071,  105, 0.00,   13, 0.000, 0.000, 0.023, 48
update,   6280,  628, 553881, 200.526992, 0.000000
train,    6281, 195.502215,  107, 0.00,   13, 0.000, 0.000, 0.023, 48
train,    6282, 236.761236,   96, 0.00,   13, 0.000, 0.000, 0.023, 48
train,    6283, 233.521586,  107, 0.00,   13, 0.000, 0.000, 0.023, 48
train,    6284, 223.960669,  104, 0.00,   11, 0.000, 0.000, 0.023, 48
train,    6285, 234.710672,  118, 0.00,   14, 0.000, 0.000, 0.023, 48
train,    6286, 211.716760,  118, 0.00,   12, 0.000, 0.000, 0.023, 48
train,    6287, 239.199158,   98, 0.00,   12, 0.000, 0.000, 0.023, 48
train,    6288, 213.707650,  110, 0.00,   11, 0.000, 0.000, 0.023, 48
train,    6289, 219.666606,   83, 0.00,   14, 0.000, 0.000, 0.023, 48
train,    6290, 227.792570,  100, 0.00,   14, 0.000, 0.000, 0.023, 48
update,   6290,  629, 554922, 198.964315, 0.000000
train,    6291, 194.319314,  116, 0.00,   13, 0.000, 0.000, 0.023, 48
train,    6292, 194.793749,  104, 0.00,   16, 0.000, 0.000, 0.023, 48
train,    6293, 218.576120,  105, 0.00,   13, 0.000, 0.000, 0.023, 48
train,    6294, 230.327427,   95, 0.00,   15, 0.000, 0.000, 0.023, 48
train,    6295, 203.652780,  101, 0.00,   13, 0.000, 0.000, 0.023, 48
train,    6296, 227.244565,  101, 0.00,   14, 0.000, 0.000, 0.023, 48
train,    6297, 242.342554,   92, 0.00,   16, 0.000, 0.000, 0.023, 48
train,    6298, 222.647956,  117, 0.00,   13, 0.000, 0.000, 0.023, 48
train,    6299, 217.613893,   96, 0.00,   13, 0.000, 0.000, 0.023, 48
train,    6300, 201.091404,  107, 0.00,   13, 0.000, 0.000, 0.023, 48
update,   6300,  630, 555956, 184.752688, 0.000000
val_t, 6300, 555956, 194.016069, 0.0125,  85.7870,   0.0720, 0.9678,  28.1779, progress 0.9690
train,    6301, 241.740778,  117, 0.00,   13, 0.000, 0.000, 0.023, 48
train,    6302, 230.117044,   85, 0.00,   13, 0.000, 0.000, 0.022, 48
train,    6303, 239.324686,   78, 0.00,   13, 0.000, 0.000, 0.022, 48
train,    6304, 203.531144,  100, 0.00,   15, 0.000, 0.000, 0.022, 48
train,    6305, 235.727596,   89, 0.00,   14, 0.000, 0.000, 0.022, 48
train,    6306, 230.324867,  107, 0.00,   14, 0.000, 0.000, 0.022, 48
train,    6307, 249.829859,  101, 0.00,   14, 0.000, 0.000, 0.022, 48
train,    6308, 220.920792,  104, 0.00,   13, 0.000, 0.000, 0.022, 48
train,    6309, 205.359205,  107, 0.00,   12, 0.000, 0.000, 0.022, 48
train,    6310, 207.300231,   90, 0.00,   15, 0.000, 0.000, 0.022, 48
update,   6310,  631, 556934, 188.801945, 0.000000
train,    6311, 200.561788,  114, 0.00,   15, 0.000, 0.000, 0.022, 48
train,    6312, 218.008166,   93, 0.00,   12, 0.000, 0.000, 0.022, 48
train,    6313, 209.512045,   99, 0.00,   13, 0.000, 0.000, 0.022, 48
train,    6314, 198.761184,  104, 0.00,   10, 0.000, 0.000, 0.022, 48
train,    6315, 224.431196,  120, 0.00,   14, 0.000, 0.000, 0.022, 48
train,    6316, 180.934027,  101, 0.00,   13, 0.000, 0.000, 0.022, 48
train,    6317, 234.481436,  120, 0.00,   14, 0.000, 0.000, 0.022, 48
train,    6318, 231.095554,  120, 0.00,   16, 0.000, 0.000, 0.022, 48
train,    6319, 242.029504,  104, 0.00,   13, 0.000, 0.000, 0.022, 48
train,    6320, 245.047018,  101, 0.00,   15, 0.000, 0.000, 0.022, 48
update,   6320,  632, 558010, 217.526959, 0.000000
train,    6321, 253.519386,  115, 0.00,   11, 0.000, 0.000, 0.022, 48
train,    6322, 213.939647,  120, 0.00,   15, 0.000, 0.000, 0.022, 48
train,    6323, 222.116696,  120, 0.00,   14, 0.000, 0.000, 0.022, 48
train,    6324, 241.493660,  107, 0.00,   14, 0.000, 0.000, 0.022, 48
train,    6325, 208.752952,  115, 0.00,   14, 0.000, 0.000, 0.022, 48
train,    6326, 213.602672,  112, 0.00,   13, 0.000, 0.000, 0.022, 48
train,    6327, 226.386036,  115, 0.00,   14, 0.000, 0.000, 0.022, 48
train,    6328, 226.120726,  106, 0.00,   15, 0.000, 0.000, 0.022, 48
train,    6329, 151.799156,   85, 1.00,   15, 0.000, 0.000, 0.022, 48
train,    6330, 207.838466,   99, 0.00,   13, 0.000, 0.000, 0.022, 48
update,   6330,  633, 559104, 211.054956, 0.000000
train,    6331, 219.834510,   97, 0.00,   15, 0.000, 0.000, 0.022, 48
train,    6332, 212.009332,   99, 0.00,   13, 0.000, 0.000, 0.022, 48
train,    6333, 224.557616,  107, 0.00,   12, 0.000, 0.000, 0.022, 48
train,    6334, 214.368484,  113, 0.00,   15, 0.000, 0.000, 0.022, 48
train,    6335, 228.024511,  111, 0.00,   14, 0.000, 0.000, 0.022, 48
train,    6336, 194.097793,  117, 0.00,   13, 0.000, 0.000, 0.022, 48
train,    6337, 216.734436,   91, 0.00,   12, 0.000, 0.000, 0.022, 48
train,    6338, 242.512903,  118, 0.00,   13, 0.000, 0.000, 0.022, 48
train,    6339, 187.337650,  106, 0.00,   13, 0.000, 0.000, 0.022, 48
train,    6340, 182.846406,   87, 0.00,   13, 0.000, 0.000, 0.022, 48
update,   6340,  634, 560150, 175.941151, 0.000000
train,    6341, 201.387717,  120, 0.00,   16, 0.000, 0.000, 0.022, 48
train,    6342, 223.116650,  103, 0.00,   15, 0.000, 0.000, 0.022, 48
train,    6343, 222.237665,   99, 0.00,   13, 0.000, 0.000, 0.022, 48
train,    6344, 217.646339,  112, 0.00,   15, 0.000, 0.000, 0.022, 48
train,    6345, 221.774612,  109, 0.00,   16, 0.000, 0.000, 0.022, 48
train,    6346, 237.709055,   96, 0.00,   18, 0.000, 0.000, 0.022, 48
train,    6347, 234.068854,  120, 0.00,   13, 0.000, 0.000, 0.022, 48
train,    6348, 119.272778,   66, 1.00,    9, 0.000, 0.000, 0.022, 48
train,    6349, 228.211088,  109, 0.00,   14, 0.000, 0.000, 0.022, 48
train,    6350, 161.392209,   82, 1.00,   13, 0.000, 0.000, 0.022, 48
update,   6350,  635, 561166, 200.809123, 0.000000
train,    6351, 230.523843,  106, 0.00,   16, 0.000, 0.000, 0.022, 48
train,    6352, 211.585129,  120, 0.00,   14, 0.000, 0.000, 0.022, 48
train,    6353, 228.919844,  117, 0.00,   15, 0.000, 0.000, 0.022, 48
train,    6354, 225.028058,  116, 0.00,   15, 0.000, 0.000, 0.022, 48
train,    6355, 248.854878,  102, 0.00,   13, 0.000, 0.000, 0.022, 48
train,    6356, 225.701971,  109, 0.00,   15, 0.000, 0.000, 0.022, 48
train,    6357, 245.037835,   81, 0.00,   17, 0.000, 0.000, 0.022, 48
train,    6358, 212.430264,  100, 0.00,   14, 0.000, 0.000, 0.022, 48
train,    6359, 214.723935,   96, 0.00,   16, 0.000, 0.000, 0.022, 48
train,    6360, 215.226939,  118, 0.00,   12, 0.000, 0.000, 0.022, 48
update,   6360,  636, 562231, 202.621175, 0.000000
train,    6361, 199.646768,  114, 0.00,   13, 0.000, 0.000, 0.022, 48
train,    6362, 248.695780,  120, 0.00,   17, 0.000, 0.000, 0.022, 48
train,    6363, 215.724587,  105, 0.00,   14, 0.000, 0.000, 0.022, 48
train,    6364, 201.010026,   83, 0.00,   13, 0.000, 0.000, 0.022, 48
train,    6365, 232.632985,  120, 0.00,   14, 0.000, 0.000, 0.022, 48
train,    6366, 211.565099,  115, 0.00,   12, 0.000, 0.000, 0.022, 48
train,    6367, 234.974348,  103, 0.00,   14, 0.000, 0.000, 0.022, 48
train,    6368, 219.350132,  120, 0.00,   15, 0.000, 0.000, 0.022, 48
train,    6369, 226.926730,  120, 0.00,   11, 0.000, 0.000, 0.022, 48
train,    6370, 206.108938,   86, 0.00,   12, 0.000, 0.000, 0.022, 48
update,   6370,  637, 563317, 198.112671, 0.000000
train,    6371, 105.797080,   59, 1.00,   13, 0.000, 0.000, 0.022, 48
train,    6372, 220.301981,  110, 0.00,   12, 0.000, 0.000, 0.022, 48
train,    6373, 239.637560,  112, 0.00,   14, 0.000, 0.000, 0.022, 48
train,    6374, 260.000000,   97, 0.00,   12, 0.000, 0.000, 0.022, 48
train,    6375, 225.612527,  109, 0.00,   11, 0.000, 0.000, 0.022, 48
train,    6376, 221.325511,  119, 0.00,   12, 0.000, 0.000, 0.022, 48
train,    6377, 208.451023,  100, 0.00,   13, 0.000, 0.000, 0.022, 48
train,    6378, 232.847142,  113, 0.00,   16, 0.000, 0.000, 0.022, 48
train,    6379, 247.800670,  120, 0.00,   16, 0.000, 0.000, 0.022, 48
train,    6380, 199.578435,  114, 0.00,   11, 0.000, 0.000, 0.022, 48
update,   6380,  638, 564370, 187.783412, 0.000000
train,    6381, 214.923121,  109, 0.00,   14, 0.000, 0.000, 0.022, 48
train,    6382, 233.505146,  109, 0.00,   13, 0.000, 0.000, 0.022, 48
train,    6383, 220.079481,   92, 0.00,   13, 0.000, 0.000, 0.022, 48
train,    6384, 229.601272,   84, 0.00,   11, 0.000, 0.000, 0.022, 48
train,    6385, 220.354284,  111, 0.00,   11, 0.000, 0.000, 0.022, 48
train,    6386, 227.134020,  120, 0.00,   11, 0.000, 0.000, 0.022, 48
train,    6387, 255.591472,  112, 0.00,   14, 0.000, 0.000, 0.022, 48
train,    6388, 212.390426,  109, 0.00,   14, 0.000, 0.000, 0.022, 48
train,    6389, 206.124406,  106, 0.00,   13, 0.000, 0.000, 0.022, 48
train,    6390, 231.817601,  109, 0.00,   13, 0.000, 0.000, 0.022, 48
update,   6390,  639, 565431, 196.356630, 0.000000
train,    6391, 151.019853,   92, 1.00,   13, 0.000, 0.000, 0.022, 48
train,    6392, 213.633991,  120, 0.00,   13, 0.000, 0.000, 0.022, 48
train,    6393, 214.836332,  110, 0.00,   15, 0.000, 0.000, 0.022, 48
train,    6394, 222.744159,   97, 0.00,   13, 0.000, 0.000, 0.022, 48
train,    6395, 199.442211,  114, 0.00,   13, 0.000, 0.000, 0.022, 48
train,    6396, 226.324100,  114, 0.00,   14, 0.000, 0.000, 0.022, 48
train,    6397, 222.815409,  101, 0.00,   13, 0.000, 0.000, 0.022, 48
train,    6398, 234.902715,  106, 0.00,   14, 0.000, 0.000, 0.022, 48
train,    6399, 227.830368,  105, 0.00,   14, 0.000, 0.000, 0.022, 48
train,    6400, 260.000000,  102, 0.00,   13, 0.000, 0.000, 0.022, 48
update,   6400,  640, 566492, 191.610986, 0.000000
val_t, 6400, 566492, 180.250915, 0.0174,  90.8357,   0.0755, 0.9579,  28.9754, progress 0.9667
train,    6401, 220.136095,   92, 0.00,   12, 0.000, 0.000, 0.022, 48
train,    6402, 233.149180,   96, 0.00,   14, 0.000, 0.000, 0.022, 48
train,    6403, 222.925082,  100, 0.00,   14, 0.000, 0.000, 0.022, 48
train,    6404, 240.560377,  116, 0.00,   14, 0.000, 0.000, 0.022, 48
train,    6405, 125.804081,   73, 1.00,   11, 0.000, 0.000, 0.022, 48
train,    6406, 222.883018,  115, 0.00,   13, 0.000, 0.000, 0.022, 48
train,    6407, 214.078168,   92, 0.00,   13, 0.000, 0.000, 0.022, 48
train,    6408, 220.094293,  108, 0.00,   13, 0.000, 0.000, 0.022, 48
train,    6409, 125.970989,   54, 1.00,   11, 0.000, 0.000, 0.022, 48
train,    6410, 214.401577,  119, 0.00,   14, 0.000, 0.000, 0.022, 48
update,   6410,  641, 567457, 189.131934, 0.000000
train,    6411, 205.365833,  100, 0.00,   12, 0.000, 0.000, 0.022, 48
train,    6412, 194.198056,   94, 0.00,   14, 0.000, 0.000, 0.022, 48
train,    6413, 198.934273,  103, 0.00,   16, 0.000, 0.000, 0.022, 48
train,    6414, 220.203820,   92, 0.00,   13, 0.000, 0.000, 0.022, 48
train,    6415, 121.659422,   86, 1.00,   13, 0.000, 0.000, 0.022, 48
train,    6416, 218.487578,  101, 0.00,   13, 0.000, 0.000, 0.021, 48
train,    6417, 186.189225,   96, 0.00,   15, 0.000, 0.000, 0.021, 48
train,    6418, 209.043165,   90, 0.00,   12, 0.000, 0.000, 0.021, 48
train,    6419, 223.917053,  108, 0.00,   15, 0.000, 0.000, 0.021, 48
train,    6420, 202.169328,  116, 0.00,   11, 0.000, 0.000, 0.021, 48
update,   6420,  642, 568443, 188.838150, 0.000000
train,    6421, 222.486179,  104, 0.00,   13, 0.000, 0.000, 0.021, 48
train,    6422, 233.166211,  111, 0.00,   14, 0.000, 0.000, 0.021, 48
train,    6423, 229.814442,   95, 0.00,   13, 0.000, 0.000, 0.021, 48
train,    6424, 201.597116,  115, 0.00,   13, 0.000, 0.000, 0.021, 48
train,    6425, 196.378633,  110, 0.00,   13, 0.000, 0.000, 0.021, 48
train,    6426, 248.461754,  120, 0.00,   14, 0.000, 0.000, 0.021, 48
train,    6427, 167.013997,  101, 0.00,   12, 0.000, 0.000, 0.021, 48
train,    6428, 117.071546,   63, 1.00,   11, 0.000, 0.000, 0.021, 48
train,    6429, 217.942244,  113, 0.00,   14, 0.000, 0.000, 0.021, 48
train,    6430, 239.220640,   90, 0.00,   14, 0.000, 0.000, 0.021, 48
update,   6430,  643, 569465, 194.512943, 0.000000
train,    6431, 224.364118,   93, 0.00,   14, 0.000, 0.000, 0.021, 48
train,    6432, 235.814601,   82, 0.00,   15, 0.000, 0.000, 0.021, 48
train,    6433, 229.276356,   94, 0.00,   13, 0.000, 0.000, 0.021, 48
train,    6434, 221.951106,  112, 0.00,   12, 0.000, 0.000, 0.021, 48
train,    6435, 209.572024,  106, 0.00,   13, 0.000, 0.000, 0.021, 48
train,    6436, 196.484439,  110, 0.00,   13, 0.000, 0.000, 0.021, 48
train,    6437, 219.364009,  111, 0.00,   14, 0.000, 0.000, 0.021, 48
train,    6438, 213.443567,  104, 0.00,   12, 0.000, 0.000, 0.021, 48
train,    6439, 195.317587,  105, 0.00,   13, 0.000, 0.000, 0.021, 48
train,    6440, 226.195772,  107, 0.00,   14, 0.000, 0.000, 0.021, 48
update,   6440,  644, 570489, 176.611896, 0.000000
train,    6441, 217.668859,  120, 0.00,   15, 0.000, 0.000, 0.021, 48
train,    6442, 194.867371,  109, 0.00,   14, 0.000, 0.000, 0.021, 48
train,    6443, 200.170317,  104, 0.00,   12, 0.000, 0.000, 0.021, 48
train,    6444, 228.224553,  112, 0.00,   13, 0.000, 0.000, 0.021, 48
train,    6445, 196.181507,  103, 0.00,   12, 0.000, 0.000, 0.021, 48
train,    6446, 231.835498,   93, 0.00,   14, 0.000, 0.000, 0.021, 48
train,    6447, 229.735519,  102, 0.00,   13, 0.000, 0.000, 0.021, 48
train,    6448, 230.063973,  100, 0.00,   12, 0.000, 0.000, 0.021, 48
train,    6449, 206.502107,  120, 0.00,   15, 0.000, 0.000, 0.021, 48
train,    6450, 225.600480,   95, 0.00,   15, 0.000, 0.000, 0.021, 48
update,   6450,  645, 571547, 195.992113, 0.000000
train,    6451, 216.333919,  101, 0.00,   12, 0.000, 0.000, 0.021, 48
train,    6452, 199.917570,  120, 0.00,   13, 0.000, 0.000, 0.021, 48
train,    6453, 222.707183,  111, 0.00,   12, 0.000, 0.000, 0.021, 48
train,    6454, 212.786130,  113, 0.00,   13, 0.000, 0.000, 0.021, 48
train,    6455, 200.941041,  118, 0.00,   14, 0.000, 0.000, 0.021, 48
train,    6456, 224.799162,  104, 0.00,   15, 0.000, 0.000, 0.021, 48
train,    6457, 206.343461,  120, 0.00,   14, 0.000, 0.000, 0.021, 48
train,    6458, 207.071701,  107, 0.00,   13, 0.000, 0.000, 0.021, 48
train,    6459, 232.666841,  120, 0.00,   14, 0.000, 0.000, 0.021, 48
train,    6460, 240.340589,   98, 0.00,   14, 0.000, 0.000, 0.021, 48
update,   6460,  646, 572659, 209.231018, 0.000000
train,    6461, 222.525608,  118, 0.00,   15, 0.000, 0.000, 0.021, 48
train,    6462, 221.713421,  111, 0.00,   16, 0.000, 0.000, 0.021, 48
train,    6463, 219.867806,  111, 0.00,   14, 0.000, 0.000, 0.021, 48
train,    6464, 205.780081,  120, 0.00,   14, 0.000, 0.000, 0.021, 48
train,    6465, 229.555328,  112, 0.00,   13, 0.000, 0.000, 0.021, 48
train,    6466, 251.459165,  120, 0.00,   14, 0.000, 0.000, 0.021, 48
train,    6467, 198.906111,  100, 0.00,   13, 0.000, 0.000, 0.021, 48
train,    6468, 219.990218,  109, 0.00,   15, 0.000, 0.000, 0.021, 48
train,    6469, 239.631530,   90, 0.00,   13, 0.000, 0.000, 0.021, 48
train,    6470, 224.038914,  114, 0.00,   13, 0.000, 0.000, 0.021, 48
update,   6470,  647, 573764, 191.978320, 0.000000
train,    6471, 192.721163,   99, 0.00,   13, 0.000, 0.000, 0.021, 48
train,    6472, 162.547772,  120, 0.00,   13, 0.000, 0.000, 0.021, 48
train,    6473, 230.674332,  101, 0.00,   14, 0.000, 0.000, 0.021, 48
train,    6474, 201.298527,   98, 0.00,   13, 0.000, 0.000, 0.021, 48
train,    6475, 230.166140,   88, 0.00,   13, 0.000, 0.000, 0.021, 48
train,    6476, 231.670485,  104, 0.00,   13, 0.000, 0.000, 0.021, 48
train,    6477, 231.004737,  111, 0.00,   13, 0.000, 0.000, 0.021, 48
train,    6478, 232.895705,  110, 0.00,   15, 0.000, 0.000, 0.021, 48
train,    6479, 204.976877,   94, 0.00,   12, 0.000, 0.000, 0.021, 48
train,    6480, 212.930063,  120, 0.00,   12, 0.000, 0.000, 0.021, 48
update,   6480,  648, 574809, 209.440013, 0.000000
train,    6481, 236.803459,  103, 0.00,   14, 0.000, 0.000, 0.021, 48
train,    6482, 224.381113,   98, 0.00,   15, 0.000, 0.000, 0.021, 48
train,    6483, 214.920305,  116, 0.00,   14, 0.000, 0.000, 0.021, 48
train,    6484, 228.612738,  106, 0.00,   15, 0.000, 0.000, 0.021, 48
train,    6485, 114.242964,   81, 1.00,   13, 0.000, 0.000, 0.021, 48
train,    6486, 219.886670,  101, 0.00,   13, 0.000, 0.000, 0.021, 48
train,    6487, 218.868273,  105, 0.00,   12, 0.000, 0.000, 0.021, 48
train,    6488, 209.416214,  102, 0.00,   12, 0.000, 0.000, 0.021, 48
train,    6489, 213.849606,  110, 0.00,   15, 0.000, 0.000, 0.021, 48
train,    6490, 232.692894,   99, 0.00,   13, 0.000, 0.000, 0.021, 48
update,   6490,  649, 575830, 195.519674, 0.000000
train,    6491, 212.877111,  117, 0.00,   15, 0.000, 0.000, 0.021, 48
train,    6492, 133.780711,   80, 1.00,   10, 0.000, 0.000, 0.021, 48
train,    6493, 216.707356,  100, 0.00,   13, 0.000, 0.000, 0.021, 48
train,    6494, 210.139146,  113, 0.00,   13, 0.000, 0.000, 0.021, 48
train,    6495, 135.850558,   71, 1.00,   13, 0.000, 0.000, 0.021, 48
train,    6496, 217.800883,   89, 0.00,   15, 0.000, 0.000, 0.021, 48
train,    6497, 224.954808,  110, 0.00,   14, 0.000, 0.000, 0.021, 48
train,    6498, 224.872128,   99, 0.00,   13, 0.000, 0.000, 0.021, 48
train,    6499, 210.187415,  120, 0.00,   15, 0.000, 0.000, 0.021, 48
train,    6500, 214.320027,   82, 0.00,   14, 0.000, 0.000, 0.021, 48
update,   6500,  650, 576811, 213.559386, 0.000000
val_t, 6500, 576811, 195.101714, 0.0201,  91.2329,   0.0729, 0.9707,  28.8777, progress 0.9685
train,    6501, 214.697012,  111, 0.00,   13, 0.000, 0.000, 0.021, 48
train,    6502, 213.364367,  106, 0.00,   10, 0.000, 0.000, 0.021, 48
train,    6503, 232.505666,  114, 0.00,   14, 0.000, 0.000, 0.021, 48
train,    6504, 218.296234,  110, 0.00,   12, 0.000, 0.000, 0.021, 48
train,    6505, 180.060626,   96, 0.00,   12, 0.000, 0.000, 0.021, 48
train,    6506, 233.995957,  103, 0.00,   14, 0.000, 0.000, 0.021, 48
train,    6507, 207.720466,   96, 0.00,   13, 0.000, 0.000, 0.021, 48
train,    6508, 201.740978,   91, 0.00,   15, 0.000, 0.000, 0.021, 48
train,    6509, 209.506380,   92, 0.00,   12, 0.000, 0.000, 0.021, 48
train,    6510, 218.012414,  107, 0.00,   14, 0.000, 0.000, 0.021, 48
update,   6510,  651, 577837, 193.178190, 0.000000
train,    6511, 212.292587,   98, 0.00,   14, 0.000, 0.000, 0.021, 48
train,    6512, 189.262051,   98, 0.00,   12, 0.000, 0.000, 0.021, 48
train,    6513, 232.982236,   98, 0.00,   15, 0.000, 0.000, 0.021, 48
train,    6514, 234.375251,   90, 0.00,   15, 0.000, 0.000, 0.021, 48
train,    6515, 237.937197,  108, 0.00,   14, 0.000, 0.000, 0.021, 48
train,    6516, 200.057101,  106, 0.00,   14, 0.000, 0.000, 0.021, 48
train,    6517, 208.411790,  102, 0.00,   15, 0.000, 0.000, 0.021, 48
train,    6518, 232.815742,  106, 0.00,   14, 0.000, 0.000, 0.021, 48
train,    6519, 235.816376,  104, 0.00,   12, 0.000, 0.000, 0.021, 48
train,    6520, 216.068465,  107, 0.00,   19, 0.000, 0.000, 0.021, 48
update,   6520,  652, 578854, 202.333214, 0.000000
train,    6521, 208.884158,   92, 0.00,   14, 0.000, 0.000, 0.021, 48
train,    6522, 127.674632,   64, 1.00,   11, 0.000, 0.000, 0.021, 48
train,    6523, 199.361262,  120, 0.00,   14, 0.000, 0.000, 0.021, 48
train,    6524, 232.564551,   98, 0.00,   14, 0.000, 0.000, 0.021, 48
train,    6525, 200.812176,   85, 0.00,   14, 0.000, 0.000, 0.021, 48
train,    6526, 249.962616,  106, 0.00,   14, 0.000, 0.000, 0.021, 48
train,    6527, 229.333780,  101, 0.00,   10, 0.000, 0.000, 0.021, 48
train,    6528, 215.421012,  100, 0.00,   13, 0.000, 0.000, 0.021, 48
train,    6529, 213.788235,  105, 0.00,   15, 0.000, 0.000, 0.021, 48
train,    6530, 245.005281,  101, 0.00,   15, 0.000, 0.000, 0.021, 48
update,   6530,  653, 579826, 200.502245, 0.000000
train,    6531, 228.753673,  104, 0.00,   14, 0.000, 0.000, 0.021, 48
train,    6532, 222.336828,   99, 0.00,   13, 0.000, 0.000, 0.021, 48
train,    6533, 205.587390,   93, 0.00,   13, 0.000, 0.000, 0.021, 48
train,    6534, 225.001952,  109, 0.00,   14, 0.000, 0.000, 0.021, 48
train,    6535, 153.661456,   87, 1.00,   14, 0.000, 0.000, 0.020, 48
train,    6536, 212.688168,  110, 0.00,   12, 0.000, 0.000, 0.020, 48
train,    6537, 246.461950,  105, 0.00,   15, 0.000, 0.000, 0.020, 48
train,    6538, 221.378515,  101, 0.00,   14, 0.000, 0.000, 0.020, 48
train,    6539, 216.410889,   99, 0.00,   13, 0.000, 0.000, 0.020, 48
train,    6540, 230.203587,   90, 0.00,   13, 0.000, 0.000, 0.020, 48
update,   6540,  654, 580823, 194.724477, 0.000000
train,    6541, 178.778660,   98, 0.00,   12, 0.000, 0.000, 0.020, 48
train,    6542, 238.571480,  104, 0.00,   15, 0.000, 0.000, 0.020, 48
train,    6543, 212.521816,   95, 0.00,   14, 0.000, 0.000, 0.020, 48
train,    6544, 203.123360,  105, 0.00,   11, 0.000, 0.000, 0.020, 48
train,    6545, 235.569382,   95, 0.00,   14, 0.000, 0.000, 0.020, 48
train,    6546, 220.631362,   99, 0.00,   12, 0.000, 0.000, 0.020, 48
train,    6547, 172.964123,   84, 0.00,   13, 0.000, 0.000, 0.020, 48
train,    6548, 245.195761,   90, 0.00,   13, 0.000, 0.000, 0.020, 48
train,    6549, 247.055003,  111, 0.00,   13, 0.000, 0.000, 0.020, 48
train,    6550, 206.808125,  120, 0.00,   13, 0.000, 0.000, 0.020, 48
update,   6550,  655, 581824, 191.795895, 0.000000
train,    6551, 207.802226,   97, 0.00,   14, 0.000, 0.000, 0.020, 48
train,    6552, 223.185792,  117, 0.00,   14, 0.000, 0.000, 0.020, 48
train,    6553, 229.929035,   95, 0.00,   12, 0.000, 0.000, 0.020, 48
train,    6554, 244.231475,   86, 0.00,   16, 0.000, 0.000, 0.020, 48
train,    6555, 214.839728,  103, 0.00,   14, 0.000, 0.000, 0.020, 48
train,    6556, 213.316051,   89, 0.00,   14, 0.000, 0.000, 0.020, 48
train,    6557, 241.599144,  100, 0.00,   13, 0.000, 0.000, 0.020, 48
train,    6558, 214.123611,  116, 0.00,   15, 0.000, 0.000, 0.020, 48
train,    6559, 254.975566,  100, 0.00,   15, 0.000, 0.000, 0.020, 48
train,    6560, 217.072575,  106, 0.00,   14, 0.000, 0.000, 0.020, 48
update,   6560,  656, 582833, 189.178439, 0.000000
train,    6561, 208.698623,   86, 0.00,   14, 0.000, 0.000, 0.020, 48
train,    6562, 239.332086,   89, 0.00,   13, 0.000, 0.000, 0.020, 48
train,    6563, 239.799598,   95, 0.00,   13, 0.000, 0.000, 0.020, 48
train,    6564, 228.086741,   84, 0.00,   13, 0.000, 0.000, 0.020, 48
train,    6565, 186.080287,  120, 0.00,   15, 0.000, 0.000, 0.020, 48
train,    6566, 191.116910,  104, 0.00,   14, 0.000, 0.000, 0.020, 48
train,    6567, 252.364244,   94, 0.00,   12, 0.000, 0.000, 0.020, 48
train,    6568, 201.550384,  101, 0.00,   14, 0.000, 0.000, 0.020, 48
train,    6569, 239.281699,  100, 0.00,   17, 0.000, 0.000, 0.020, 48
train,    6570, 227.611908,  100, 0.00,   12, 0.000, 0.000, 0.020, 48
update,   6570,  657, 583806, 175.625917, 0.000000
train,    6571, 222.854408,   95, 0.00,   11, 0.000, 0.000, 0.020, 48
train,    6572, 228.671390,  110, 0.00,   12, 0.000, 0.000, 0.020, 48
train,    6573, 230.999507,  111, 0.00,   14, 0.000, 0.000, 0.020, 48
train,    6574, 207.070731,   99, 0.00,   13, 0.000, 0.000, 0.020, 48
train,    6575, 227.298293,   91, 0.00,   14, 0.000, 0.000, 0.020, 48
train,    6576, 260.000000,  108, 0.00,   15, 0.000, 0.000, 0.020, 48
train,    6577, 237.158731,  100, 0.00,   16, 0.000, 0.000, 0.020, 48
train,    6578, 253.616254,  102, 0.00,   12, 0.000, 0.000, 0.020, 48
train,    6579, 99.995801,   61, 1.00,    9, 0.000, 0.000, 0.020, 48
train,    6580, 231.007615,   80, 0.00,   14, 0.000, 0.000, 0.020, 48
update,   6580,  658, 584763, 175.432104, 0.000000
train,    6581, 215.562218,  106, 0.00,   12, 0.000, 0.000, 0.020, 48
train,    6582, 220.468825,  117, 0.00,   12, 0.000, 0.000, 0.020, 48
train,    6583, 219.909113,  100, 0.00,   14, 0.000, 0.000, 0.020, 48
train,    6584, 241.955334,   97, 0.00,   12, 0.000, 0.000, 0.020, 48
train,    6585, 257.134450,   99, 0.00,   11, 0.000, 0.000, 0.020, 48
train,    6586, 233.662567,  106, 0.00,   16, 0.000, 0.000, 0.020, 48
train,    6587, 230.800310,   87, 0.00,   12, 0.000, 0.000, 0.020, 48
train,    6588, 239.228213,   80, 0.00,   11, 0.000, 0.000, 0.020, 48
train,    6589, 252.260614,   95, 0.00,   14, 0.000, 0.000, 0.020, 48
train,    6590, 204.610175,  110, 0.00,   15, 0.000, 0.000, 0.020, 48
update,   6590,  659, 585760, 176.942377, 0.000000
train,    6591, 226.380871,  100, 0.00,   13, 0.000, 0.000, 0.020, 48
train,    6592, 183.994110,   93, 0.00,   12, 0.000, 0.000, 0.020, 48
train,    6593, 228.480981,   99, 0.00,   18, 0.000, 0.000, 0.020, 48
train,    6594, 211.146017,   95, 0.00,   12, 0.000, 0.000, 0.020, 48
train,    6595, 225.024105,   87, 0.00,   13, 0.000, 0.000, 0.020, 48
train,    6596, 213.215169,   86, 0.00,   14, 0.000, 0.000, 0.020, 48
train,    6597, 188.048383,  109, 0.00,   14, 0.000, 0.000, 0.020, 48
train,    6598, 221.751465,  107, 0.00,   14, 0.000, 0.000, 0.020, 48
train,    6599, 223.876428,  108, 0.00,    9, 0.000, 0.000, 0.020, 48
train,    6600, 185.498305,  103, 0.00,   15, 0.000, 0.000, 0.020, 48
update,   6600,  660, 586747, 171.621627, 0.000000
val_t, 6600, 586747, 177.234067, 0.0245,  87.5680,   0.0626, 0.9452,  28.6003, progress 0.9794
train,    6601, 219.613088,   89, 0.00,   14, 0.000, 0.000, 0.020, 48
train,    6602, 202.417484,   98, 0.00,   13, 0.000, 0.000, 0.020, 48
train,    6603, 198.836717,   91, 0.00,   14, 0.000, 0.000, 0.020, 48
train,    6604, 214.125890,   92, 0.00,   12, 0.000, 0.000, 0.020, 48
train,    6605, 214.510163,  104, 0.00,   12, 0.000, 0.000, 0.020, 48
train,    6606, 242.531601,   96, 0.00,   15, 0.000, 0.000, 0.020, 48
train,    6607, 203.070819,   96, 0.00,   12, 0.000, 0.000, 0.020, 48
train,    6608, 205.706790,   90, 0.00,   14, 0.000, 0.000, 0.020, 48
train,    6609, 218.358642,   95, 0.00,   14, 0.000, 0.000, 0.020, 48
train,    6610, 223.342838,   95, 0.00,   13, 0.000, 0.000, 0.020, 48
update,   6610,  661, 587693, 177.148334, 0.000000
train,    6611, 225.308953,  105, 0.00,   13, 0.000, 0.000, 0.020, 48
train,    6612, 246.051283,   84, 0.00,   13, 0.000, 0.000, 0.020, 48
train,    6613, 180.734059,  108, 0.00,   14, 0.000, 0.000, 0.020, 48
train,    6614, 223.542554,  107, 0.00,   13, 0.000, 0.000, 0.020, 48
train,    6615, 184.741505,   80, 0.00,   12, 0.000, 0.000, 0.020, 48
train,    6616, 131.947578,   64, 1.00,   13, 0.000, 0.000, 0.020, 48
train,    6617, 198.232149,   89, 0.00,   11, 0.000, 0.000, 0.020, 48
train,    6618, 211.593169,   96, 0.00,   11, 0.000, 0.000, 0.020, 48
train,    6619, 177.531618,   85, 0.00,   13, 0.000, 0.000, 0.020, 48
train,    6620, 238.412461,   98, 0.00,   15, 0.000, 0.000, 0.020, 48
update,   6620,  662, 588609, 181.038475, 0.000000
train,    6621, 207.417712,  111, 0.00,   15, 0.000, 0.000, 0.020, 48
train,    6622, 223.751743,  112, 0.00,   14, 0.000, 0.000, 0.020, 48
train,    6623, 203.689057,   95, 0.00,   15, 0.000, 0.000, 0.020, 48
train,    6624, 182.001946,   98, 0.00,   12, 0.000, 0.000, 0.020, 48
train,    6625, 217.810668,  101, 0.00,   15, 0.000, 0.000, 0.020, 48
train,    6626, 213.326731,  106, 0.00,   13, 0.000, 0.000, 0.020, 48
train,    6627, 227.864913,   88, 0.00,   11, 0.000, 0.000, 0.020, 48
train,    6628, 241.825835,  108, 0.00,   13, 0.000, 0.000, 0.020, 48
train,    6629, 240.850287,   97, 0.00,   14, 0.000, 0.000, 0.020, 48
train,    6630, 212.690895,   98, 0.00,   11, 0.000, 0.000, 0.020, 48
update,   6630,  663, 589623, 190.399948, 0.000000
train,    6631, 238.043397,   89, 0.00,   13, 0.000, 0.000, 0.020, 48
train,    6632, 222.649362,   89, 0.00,   13, 0.000, 0.000, 0.020, 48
train,    6633, 233.869131,  110, 0.00,   15, 0.000, 0.000, 0.020, 48
train,    6634, 221.524672,   90, 0.00,   14, 0.000, 0.000, 0.020, 48
train,    6635, 224.398465,   81, 0.00,   13, 0.000, 0.000, 0.020, 48
train,    6636, 218.018290,   89, 0.00,   14, 0.000, 0.000, 0.020, 48
train,    6637, 236.357569,   81, 0.00,   14, 0.000, 0.000, 0.020, 48
train,    6638, 212.220155,   95, 0.00,   14, 0.000, 0.000, 0.020, 48
train,    6639, 227.172618,  100, 0.00,   15, 0.000, 0.000, 0.020, 48
train,    6640, 189.424001,  106, 0.00,   13, 0.000, 0.000, 0.020, 48
update,   6640,  664, 590553, 189.116101, 0.000000
train,    6641, 208.565037,   89, 0.00,   14, 0.000, 0.000, 0.020, 48
train,    6642, 220.427841,  115, 0.00,   13, 0.000, 0.000, 0.020, 48
train,    6643, 216.388282,   79, 0.00,   14, 0.000, 0.000, 0.020, 48
train,    6644, 198.056199,   85, 0.00,   13, 0.000, 0.000, 0.020, 48
train,    6645, 200.558339,   70, 0.00,   13, 0.000, 0.000, 0.020, 48
train,    6646, 229.187598,   90, 0.00,   11, 0.000, 0.000, 0.020, 48
train,    6647, 205.759686,   79, 0.00,   14, 0.000, 0.000, 0.020, 48
train,    6648, 200.517708,   99, 0.00,   15, 0.000, 0.000, 0.020, 48
train,    6649, 85.774843,   63, 1.00,   11, 0.000, 0.000, 0.020, 48
train,    6650, 215.924073,  108, 0.00,   12, 0.000, 0.000, 0.020, 48
update,   6650,  665, 591430, 188.638917, 0.000000
train,    6651, 210.199555,   85, 0.00,   14, 0.000, 0.000, 0.020, 48
train,    6652, 222.278673,   76, 0.00,   15, 0.000, 0.000, 0.020, 48
train,    6653, 207.144009,   97, 0.00,   15, 0.000, 0.000, 0.020, 48
train,    6654, 217.257844,   91, 0.00,   14, 0.000, 0.000, 0.020, 48
train,    6655, 255.384483,   74, 0.00,   14, 0.000, 0.000, 0.020, 48
train,    6656, 238.279582,  112, 0.00,   13, 0.000, 0.000, 0.020, 48
train,    6657, 210.268933,   91, 0.00,   15, 0.000, 0.000, 0.020, 48
train,    6658, 234.365825,   80, 0.00,   13, 0.000, 0.000, 0.020, 48
train,    6659, 233.946003,   86, 0.00,   13, 0.000, 0.000, 0.020, 48
train,    6660, 204.804651,   89, 0.00,   13, 0.000, 0.000, 0.019, 48
update,   6660,  666, 592311, 190.604820, 0.000000
train,    6661, 186.312889,   87, 0.00,   13, 0.000, 0.000, 0.019, 48
train,    6662, 141.312422,   74, 1.00,   11, 0.000, 0.000, 0.019, 48
train,    6663, 242.859952,   96, 0.00,   13, 0.000, 0.000, 0.019, 48
train,    6664, 245.626459,   70, 0.00,   15, 0.000, 0.000, 0.019, 48
train,    6665, 214.220981,  106, 0.00,   14, 0.000, 0.000, 0.019, 48
train,    6666, 208.140446,  108, 0.00,   13, 0.000, 0.000, 0.019, 48
train,    6667, 238.685528,   94, 0.00,   15, 0.000, 0.000, 0.019, 48
train,    6668, 215.364029,   87, 0.00,   15, 0.000, 0.000, 0.019, 48
train,    6669, 205.271915,  102, 0.00,   12, 0.000, 0.000, 0.019, 48
train,    6670, 240.932315,   98, 0.00,   13, 0.000, 0.000, 0.019, 48
update,   6670,  667, 593233, 184.524384, 0.000000
train,    6671, 203.065140,   80, 0.00,   12, 0.000, 0.000, 0.019, 48
train,    6672, 209.849428,   91, 0.00,   13, 0.000, 0.000, 0.019, 48
train,    6673, 226.259511,   83, 0.00,   14, 0.000, 0.000, 0.019, 48
train,    6674, 209.037710,   94, 0.00,   13, 0.000, 0.000, 0.019, 48
train,    6675, 207.759210,   99, 0.00,   14, 0.000, 0.000, 0.019, 48
train,    6676, 224.400115,  106, 0.00,   13, 0.000, 0.000, 0.019, 48
train,    6677, 228.434416,   99, 0.00,   13, 0.000, 0.000, 0.019, 48
train,    6678, 206.189447,   90, 0.00,   13, 0.000, 0.000, 0.019, 48
train,    6679, 212.135161,   77, 0.00,   13, 0.000, 0.000, 0.019, 48
train,    6680, 232.211615,   78, 0.00,   13, 0.000, 0.000, 0.019, 48
update,   6680,  668, 594130, 198.343068, 0.000000
train,    6681, 207.445670,   92, 0.00,   12, 0.000, 0.000, 0.019, 48
train,    6682, 254.604176,   85, 0.00,   13, 0.000, 0.000, 0.019, 48
train,    6683, 187.368199,   89, 0.00,   12, 0.000, 0.000, 0.019, 48
train,    6684, 222.850959,   77, 0.00,   13, 0.000, 0.000, 0.019, 48
train,    6685, 221.814091,   86, 0.00,   14, 0.000, 0.000, 0.019, 48
train,    6686, 235.879017,  100, 0.00,   14, 0.000, 0.000, 0.019, 48
train,    6687, 207.028072,   96, 0.00,   15, 0.000, 0.000, 0.019, 48
train,    6688, 218.099421,   95, 0.00,   11, 0.000, 0.000, 0.019, 48
train,    6689, 204.227453,   78, 0.00,   12, 0.000, 0.000, 0.019, 48
train,    6690, 225.399779,  109, 0.00,   15, 0.000, 0.000, 0.019, 48
update,   6690,  669, 595037, 206.339796, 0.000000
train,    6691, 248.764204,   92, 0.00,   12, 0.000, 0.000, 0.019, 48
train,    6692, 225.862019,   91, 0.00,   12, 0.000, 0.000, 0.019, 48
train,    6693, 230.096689,   91, 0.00,   12, 0.000, 0.000, 0.019, 48
train,    6694, 150.093707,   88, 1.00,   13, 0.000, 0.000, 0.019, 48
train,    6695, 214.003411,   93, 0.00,   12, 0.000, 0.000, 0.019, 48
train,    6696, 252.373688,   91, 0.00,   14, 0.000, 0.000, 0.019, 48
train,    6697, 220.426097,  100, 0.00,   15, 0.000, 0.000, 0.019, 48
train,    6698, 233.250933,   74, 0.00,   13, 0.000, 0.000, 0.019, 48
train,    6699, 209.913598,   84, 0.00,   15, 0.000, 0.000, 0.019, 48
train,    6700, 229.535675,   93, 0.00,   13, 0.000, 0.000, 0.019, 48
update,   6700,  670, 595934, 198.385562, 0.000000
val_t, 6700, 595934, 180.356581, 0.0148,  85.1385,   0.0495, 0.9639,  28.3143, progress 0.9605
train,    6701, 226.649488,   93, 0.00,   12, 0.000, 0.000, 0.019, 48
train,    6702, 248.628055,   91, 0.00,   13, 0.000, 0.000, 0.019, 48
train,    6703, 203.970464,   82, 0.00,   14, 0.000, 0.000, 0.019, 48
train,    6704, 233.707923,   90, 0.00,   14, 0.000, 0.000, 0.019, 48
train,    6705, 203.026737,  105, 0.00,   11, 0.000, 0.000, 0.019, 48
train,    6706, 209.437275,   97, 0.00,   11, 0.000, 0.000, 0.019, 48
train,    6707, 217.355020,   88, 0.00,   14, 0.000, 0.000, 0.019, 48
train,    6708, 225.393862,   92, 0.00,   13, 0.000, 0.000, 0.019, 48
train,    6709, 192.083348,   94, 0.00,   13, 0.000, 0.000, 0.019, 48
train,    6710, 202.118376,  108, 0.00,   13, 0.000, 0.000, 0.019, 48
update,   6710,  671, 596874, 181.661104, 0.000000
train,    6711, 218.097588,   99, 0.00,   14, 0.000, 0.000, 0.019, 48
train,    6712, 102.439684,   55, 1.00,   10, 0.000, 0.000, 0.019, 48
train,    6713, 196.709284,   87, 0.00,   12, 0.000, 0.000, 0.019, 48
train,    6714, 228.642740,   92, 0.00,   12, 0.000, 0.000, 0.019, 48
train,    6715, 202.012196,  102, 0.00,   11, 0.000, 0.000, 0.019, 48
train,    6716, 245.497766,   99, 0.00,   13, 0.000, 0.000, 0.019, 48
train,    6717, 226.102085,   85, 0.00,   14, 0.000, 0.000, 0.019, 48
train,    6718, 202.342936,  106, 0.00,   14, 0.000, 0.000, 0.019, 48
train,    6719, 205.859099,   86, 0.00,   11, 0.000, 0.000, 0.019, 48
train,    6720, 201.675539,   96, 0.00,   14, 0.000, 0.000, 0.019, 48
update,   6720,  672, 597781, 193.199346, 0.000000
train,    6721, 190.461273,   84, 0.00,   13, 0.000, 0.000, 0.019, 48
train,    6722, 229.851511,   95, 0.00,   14, 0.000, 0.000, 0.019, 48
train,    6723, 231.404429,   84, 0.00,   14, 0.000, 0.000, 0.019, 48
train,    6724, 223.593795,  100, 0.00,   14, 0.000, 0.000, 0.019, 48
train,    6725, 200.450699,   83, 0.00,   12, 0.000, 0.000, 0.019, 48
train,    6726, 211.574487,  113, 0.00,   13, 0.000, 0.000, 0.019, 48
train,    6727, 216.248995,  109, 0.00,   13, 0.000, 0.000, 0.019, 48
train,    6728, 200.018162,   98, 0.00,   12, 0.000, 0.000, 0.019, 48
train,    6729, 237.600945,   83, 0.00,   14, 0.000, 0.000, 0.019, 48
train,    6730, 237.478694,   76, 0.00,   13, 0.000, 0.000, 0.019, 48
update,   6730,  673, 598706, 194.364631, 0.000000
train,    6731, 219.371727,   98, 0.00,   14, 0.000, 0.000, 0.019, 48
train,    6732, 227.739249,   99, 0.00,   11, 0.000, 0.000, 0.019, 48
train,    6733, 206.469414,   95, 0.00,   12, 0.000, 0.000, 0.019, 48
train,    6734, 214.646471,   84, 0.00,   15, 0.000, 0.000, 0.019, 48
train,    6735, 245.104273,   80, 0.00,   12, 0.000, 0.000, 0.019, 48
train,    6736, 223.291372,   89, 0.00,   12, 0.000, 0.000, 0.019, 48
train,    6737, 205.984422,  101, 0.00,   12, 0.000, 0.000, 0.019, 48
train,    6738, 199.590854,   96, 0.00,   14, 0.000, 0.000, 0.019, 48
train,    6739, 224.291908,   77, 0.00,   13, 0.000, 0.000, 0.019, 48
train,    6740, 235.457222,   90, 0.00,   14, 0.000, 0.000, 0.019, 48
update,   6740,  674, 599615, 201.338681, 0.000000
train,    6741, 234.990372,  103, 0.00,   13, 0.000, 0.000, 0.019, 48
train,    6742, 211.726228,   99, 0.00,   12, 0.000, 0.000, 0.019, 48
train,    6743, 198.077105,  102, 0.00,   12, 0.000, 0.000, 0.019, 48
train,    6744, 252.812330,   88, 0.00,   13, 0.000, 0.000, 0.019, 48
train,    6745, 162.730748,   76, 1.00,   12, 0.000, 0.000, 0.019, 48
train,    6746, 209.095697,   77, 0.00,   13, 0.000, 0.000, 0.019, 48
train,    6747, 228.615728,   92, 0.00,   13, 0.000, 0.000, 0.019, 48
train,    6748, 216.532276,  101, 0.00,   11, 0.000, 0.000, 0.019, 48
train,    6749, 205.919533,   76, 0.00,   12, 0.000, 0.000, 0.019, 48
train,    6750, 193.625898,   95, 0.00,   11, 0.000, 0.000, 0.019, 48
update,   6750,  675, 600524, 196.754090, 0.000000
train,    6751, 226.876361,  101, 0.00,   14, 0.000, 0.000, 0.019, 48
train,    6752, 206.844924,   97, 0.00,   14, 0.000, 0.000, 0.019, 48
train,    6753, 232.959469,   72, 0.00,   12, 0.000, 0.000, 0.019, 48
train,    6754, 206.507849,   76, 0.00,   13, 0.000, 0.000, 0.019, 48
train,    6755, 253.948324,   77, 0.00,   13, 0.000, 0.000, 0.019, 48
train,    6756, 226.664292,  110, 0.00,   12, 0.000, 0.000, 0.019, 48
train,    6757, 112.852383,   64, 1.00,   11, 0.000, 0.000, 0.019, 48
train,    6758, 210.990813,   70, 0.00,   13, 0.000, 0.000, 0.019, 48
train,    6759, 239.210377,   82, 0.00,   15, 0.000, 0.000, 0.019, 48
train,    6760, 212.536296,   85, 0.00,   15, 0.000, 0.000, 0.019, 48
update,   6760,  676, 601358, 199.242015, 0.000000
train,    6761, 216.331534,  102, 0.00,   12, 0.000, 0.000, 0.019, 48
train,    6762, 165.934844,   86, 1.00,   10, 0.000, 0.000, 0.019, 48
train,    6763, 225.625077,  112, 0.00,   13, 0.000, 0.000, 0.019, 48
train,    6764, 131.825160,   79, 1.00,   12, 0.000, 0.000, 0.019, 48
train,    6765, 215.144949,  110, 0.00,   13, 0.000, 0.000, 0.019, 48
train,    6766, 218.171169,  104, 0.00,   13, 0.000, 0.000, 0.019, 48
train,    6767, 222.783354,   90, 0.00,   13, 0.000, 0.000, 0.019, 48
train,    6768, 215.715168,  106, 0.00,   13, 0.000, 0.000, 0.019, 48
train,    6769, 215.311323,  104, 0.00,   14, 0.000, 0.000, 0.019, 48
train,    6770, 206.735190,  111, 0.00,   12, 0.000, 0.000, 0.019, 48
update,   6770,  677, 602362, 210.168192, 0.000000
train,    6771, 241.134140,  103, 0.00,   13, 0.000, 0.000, 0.019, 48
train,    6772, 210.824928,   93, 0.00,   16, 0.000, 0.000, 0.019, 48
train,    6773, 212.491465,   85, 0.00,   12, 0.000, 0.000, 0.019, 48
train,    6774, 254.627005,   91, 0.00,   15, 0.000, 0.000, 0.019, 48
train,    6775, 222.267635,  100, 0.00,   11, 0.000, 0.000, 0.019, 48
train,    6776, 218.900764,  117, 0.00,   13, 0.000, 0.000, 0.019, 48
train,    6777, 243.210177,  109, 0.00,   16, 0.000, 0.000, 0.019, 48
train,    6778, 213.490316,   83, 0.00,   14, 0.000, 0.000, 0.019, 48
train,    6779, 199.936320,   79, 0.00,   14, 0.000, 0.000, 0.019, 48
train,    6780, 231.387097,  105, 0.00,   15, 0.000, 0.000, 0.019, 48
update,   6780,  678, 603327, 202.475238, 0.000000
train,    6781, 242.143119,   84, 0.00,   14, 0.000, 0.000, 0.019, 48
train,    6782, 236.095164,   96, 0.00,   16, 0.000, 0.000, 0.019, 48
train,    6783, 216.669477,   83, 0.00,   13, 0.000, 0.000, 0.019, 48
train,    6784, 217.249002,   99, 0.00,   15, 0.000, 0.000, 0.019, 48
train,    6785, 205.031048,  105, 0.00,   12, 0.000, 0.000, 0.019, 48
train,    6786, 228.476658,  111, 0.00,   13, 0.000, 0.000, 0.019, 48
train,    6787, 221.640988,   99, 0.00,   11, 0.000, 0.000, 0.019, 48
train,    6788, 245.287271,   91, 0.00,   13, 0.000, 0.000, 0.019, 48
train,    6789, 189.639280,   78, 0.00,   12, 0.000, 0.000, 0.019, 48
train,    6790, 244.468036,   84, 0.00,   14, 0.000, 0.000, 0.019, 48
update,   6790,  679, 604257, 179.103676, 0.000000
train,    6791, 246.733359,   78, 0.00,   14, 0.000, 0.000, 0.019, 48
train,    6792, 220.486142,   94, 0.00,   15, 0.000, 0.000, 0.018, 48
train,    6793, 165.870266,   98, 1.00,   15, 0.000, 0.000, 0.018, 48
train,    6794, 217.395135,   90, 0.00,   13, 0.000, 0.000, 0.018, 48
train,    6795, 187.924646,   88, 0.00,   13, 0.000, 0.000, 0.018, 48
train,    6796, 144.020762,   84, 1.00,   11, 0.000, 0.000, 0.018, 48
train,    6797, 208.771515,   81, 0.00,   13, 0.000, 0.000, 0.018, 48
train,    6798, 239.872766,  101, 0.00,   16, 0.000, 0.000, 0.018, 48
train,    6799, 195.655591,   98, 0.00,   11, 0.000, 0.000, 0.018, 48
train,    6800, 118.203310,   70, 1.00,   11, 0.000, 0.000, 0.018, 48
update,   6800,  680, 605139, 196.896892, 0.000000
val_t, 6800, 605139, 182.455465, 0.0369,  87.8985,   0.0787, 0.9649,  28.8587, progress 0.9924
train,    6801, 208.036580,   98, 0.00,   12, 0.000, 0.000, 0.018, 48
train,    6802, 228.473372,   91, 0.00,   13, 0.000, 0.000, 0.018, 48
train,    6803, 234.600423,   93, 0.00,   14, 0.000, 0.000, 0.018, 48
train,    6804, 212.932903,   86, 0.00,   12, 0.000, 0.000, 0.018, 48
train,    6805, 222.426317,   95, 0.00,   15, 0.000, 0.000, 0.018, 48
train,    6806, 240.054985,  106, 0.00,   11, 0.000, 0.000, 0.018, 48
train,    6807, 208.868244,   72, 0.00,   13, 0.000, 0.000, 0.018, 48
train,    6808, 202.083453,  103, 0.00,   14, 0.000, 0.000, 0.018, 48
train,    6809, 207.228674,   91, 0.00,   11, 0.000, 0.000, 0.018, 48
train,    6810, 242.927003,   90, 0.00,   14, 0.000, 0.000, 0.018, 48
update,   6810,  681, 606064, 214.236335, 0.000000
train,    6811, 216.007484,   81, 0.00,   15, 0.000, 0.000, 0.018, 48
train,    6812, 211.638301,   99, 0.00,   15, 0.000, 0.000, 0.018, 48
train,    6813, 221.659520,   98, 0.00,   14, 0.000, 0.000, 0.018, 48
train,    6814, 220.854153,  117, 0.00,   15, 0.000, 0.000, 0.018, 48
train,    6815, 201.082527,  100, 0.00,   13, 0.000, 0.000, 0.018, 48
train,    6816, 169.904350,   90, 1.00,   12, 0.000, 0.000, 0.018, 48
train,    6817, 241.767881,   97, 0.00,   15, 0.000, 0.000, 0.018, 48
train,    6818, 215.296645,   81, 0.00,   14, 0.000, 0.000, 0.018, 48
train,    6819, 204.778529,  111, 0.00,   13, 0.000, 0.000, 0.018, 48
train,    6820, 209.300601,   82, 0.00,   13, 0.000, 0.000, 0.018, 48
update,   6820,  682, 607020, 210.658844, 0.000000
train,    6821, 221.974553,   99, 0.00,   15, 0.000, 0.000, 0.018, 48
train,    6822, 243.481745,   96, 0.00,   13, 0.000, 0.000, 0.018, 48
train,    6823, 243.306943,   98, 0.00,   14, 0.000, 0.000, 0.018, 48
train,    6824, 239.570696,   85, 0.00,   12, 0.000, 0.000, 0.018, 48
train,    6825, 220.567898,  100, 0.00,   14, 0.000, 0.000, 0.018, 48
train,    6826, 99.551242,   67, 1.00,   12, 0.000, 0.000, 0.018, 48
train,    6827, 219.925246,   79, 0.00,   10, 0.000, 0.000, 0.018, 48
train,    6828, 234.200337,   83, 0.00,   15, 0.000, 0.000, 0.018, 48
train,    6829, 194.560850,  102, 0.00,   13, 0.000, 0.000, 0.018, 48
train,    6830, 240.457439,  111, 0.00,   14, 0.000, 0.000, 0.018, 48
update,   6830,  683, 607940, 212.547362, 0.000000
train,    6831, 233.330064,  102, 0.00,   12, 0.000, 0.000, 0.018, 48
train,    6832, 222.836122,  106, 0.00,   14, 0.000, 0.000, 0.018, 48
train,    6833, 180.000000,  105, 1.00,   12, 0.000, 0.000, 0.018, 48
train,    6834, 229.589488,   77, 0.00,   13, 0.000, 0.000, 0.018, 48
train,    6835, 211.220039,  116, 0.00,   13, 0.000, 0.000, 0.018, 48
train,    6836, 222.005605,   93, 0.00,   10, 0.000, 0.000, 0.018, 48
train,    6837, 249.385733,   99, 0.00,   14, 0.000, 0.000, 0.018, 48
train,    6838, 243.089767,  100, 0.00,   14, 0.000, 0.000, 0.018, 48
train,    6839, 216.745367,   97, 0.00,   16, 0.000, 0.000, 0.018, 48
train,    6840, 213.228129,  111, 0.00,   14, 0.000, 0.000, 0.018, 48
update,   6840,  684, 608946, 221.682030, 0.000000
train,    6841, 120.258858,   69, 1.00,    9, 0.000, 0.000, 0.018, 48
train,    6842, 206.340578,   83, 0.00,   16, 0.000, 0.000, 0.018, 48
train,    6843, 153.454606,   81, 1.00,   12, 0.000, 0.000, 0.018, 48
train,    6844, 127.893377,   74, 1.00,   10, 0.000, 0.000, 0.018, 48
train,    6845, 199.856530,   99, 0.00,   13, 0.000, 0.000, 0.018, 48
train,    6846, 216.747822,   92, 0.00,   12, 0.000, 0.000, 0.018, 48
train,    6847, 260.000000,   94, 0.00,   14, 0.000, 0.000, 0.018, 48
train,    6848, 200.480775,  105, 0.00,   11, 0.000, 0.000, 0.018, 48
train,    6849, 210.544157,   81, 0.00,   13, 0.000, 0.000, 0.018, 48
train,    6850, 184.866397,   98, 0.00,   11, 0.000, 0.000, 0.018, 48
update,   6850,  685, 609822, 194.117988, 0.000000
train,    6851, 223.785604,  100, 0.00,   12, 0.000, 0.000, 0.018, 48
train,    6852, 197.121488,  100, 0.00,   15, 0.000, 0.000, 0.018, 48
train,    6853, 231.717651,   82, 0.00,   15, 0.000, 0.000, 0.018, 48
train,    6854, 193.286267,  101, 0.00,   15, 0.000, 0.000, 0.018, 48
train,    6855, 217.148569,  111, 0.00,   13, 0.000, 0.000, 0.018, 48
train,    6856, 212.752425,   93, 0.00,   15, 0.000, 0.000, 0.018, 48
train,    6857, 190.830219,   89, 0.00,   14, 0.000, 0.000, 0.018, 48
train,    6858, 194.075215,  104, 0.00,   15, 0.000, 0.000, 0.018, 48
train,    6859, 181.783466,   93, 0.00,   13, 0.000, 0.000, 0.018, 48
train,    6860, 236.329133,   89, 0.00,   13, 0.000, 0.000, 0.018, 48
update,   6860,  686, 610784, 197.794601, 0.000000
train,    6861, 218.802590,   82, 0.00,   15, 0.000, 0.000, 0.018, 48
train,    6862, 231.380587,   90, 0.00,   14, 0.000, 0.000, 0.018, 48
train,    6863, 230.116505,  119, 0.00,   14, 0.000, 0.000, 0.018, 48
train,    6864, 185.167645,  114, 0.00,   14, 0.000, 0.000, 0.018, 48
train,    6865, 188.863432,   98, 0.00,   13, 0.000, 0.000, 0.018, 48
train,    6866, 257.959745,   92, 0.00,   14, 0.000, 0.000, 0.018, 48
train,    6867, 260.000000,   87, 0.00,   15, 0.000, 0.000, 0.018, 48
train,    6868, 221.403619,  104, 0.00,   14, 0.000, 0.000, 0.018, 48
train,    6869, 224.926109,  100, 0.00,   14, 0.000, 0.000, 0.018, 48
train,    6870, 200.901423,   93, 0.00,   12, 0.000, 0.000, 0.018, 48
update,   6870,  687, 611763, 185.697407, 0.000000
train,    6871, 239.482428,   95, 0.00,   13, 0.000, 0.000, 0.018, 48
train,    6872, 236.697713,   92, 0.00,   15, 0.000, 0.000, 0.018, 48
train,    6873, 103.443348,   61, 1.00,   11, 0.000, 0.000, 0.018, 48
train,    6874, 211.616856,   78, 0.00,   13, 0.000, 0.000, 0.018, 48
train,    6875, 213.459058,   95, 0.00,   14, 0.000, 0.000, 0.018, 48
train,    6876, 229.219336,  101, 0.00,   12, 0.000, 0.000, 0.018, 48
train,    6877, 195.804280,  110, 0.00,   14, 0.000, 0.000, 0.018, 48
train,    6878, 232.811261,   70, 0.00,   14, 0.000, 0.000, 0.018, 48
train,    6879, 198.278629,  120, 0.00,   14, 0.000, 0.000, 0.018, 48
train,    6880, 207.834623,  106, 0.00,   11, 0.000, 0.000, 0.018, 48
update,   6880,  688, 612691, 203.265276, 0.000000
train,    6881, 206.409269,   95, 0.00,   16, 0.000, 0.000, 0.018, 48
train,    6882, 239.819210,   93, 0.00,   13, 0.000, 0.000, 0.018, 48
train,    6883, 181.492216,   74, 0.00,   11, 0.000, 0.000, 0.018, 48
train,    6884, 238.974089,   89, 0.00,   13, 0.000, 0.000, 0.018, 48
train,    6885, 222.296533,   99, 0.00,   14, 0.000, 0.000, 0.018, 48
train,    6886, 230.246064,   95, 0.00,   12, 0.000, 0.000, 0.018, 48
train,    6887, 229.029263,  101, 0.00,   13, 0.000, 0.000, 0.018, 48
train,    6888, 214.498691,   83, 0.00,   13, 0.000, 0.000, 0.018, 48
train,    6889, 225.983146,  108, 0.00,   17, 0.000, 0.000, 0.018, 48
train,    6890, 243.807394,  110, 0.00,   14, 0.000, 0.000, 0.018, 48
update,   6890,  689, 613638, 216.167843, 0.000000
train,    6891, 203.981667,  112, 0.00,   13, 0.000, 0.000, 0.018, 48
train,    6892, 235.570387,  112, 0.00,   12, 0.000, 0.000, 0.018, 48
train,    6893, 235.234835,  113, 0.00,   13, 0.000, 0.000, 0.018, 48
train,    6894, 226.487657,  106, 0.00,   14, 0.000, 0.000, 0.018, 48
train,    6895, 223.131611,  114, 0.00,   15, 0.000, 0.000, 0.018, 48
train,    6896, 226.173729,   91, 0.00,   13, 0.000, 0.000, 0.018, 48
train,    6897, 233.899745,  102, 0.00,   15, 0.000, 0.000, 0.018, 48
train,    6898, 190.451045,   88, 0.00,   13, 0.000, 0.000, 0.018, 48
train,    6899, 215.901213,  104, 0.00,   15, 0.000, 0.000, 0.018, 48
train,    6900, 211.428113,   93, 0.00,   13, 0.000, 0.000, 0.018, 48
update,   6900,  690, 614673, 210.468426, 0.000000
val_t, 6900, 614673, 180.829235, 0.0152,  87.0130,   0.0645, 0.9743,  28.6789, progress 0.9882
train,    6901, 216.947930,  101, 0.00,   12, 0.000, 0.000, 0.018, 48
train,    6902, 217.094033,   93, 0.00,   12, 0.000, 0.000, 0.018, 48
train,    6903, 208.921774,   99, 0.00,   13, 0.000, 0.000, 0.018, 48
train,    6904, 199.569890,  116, 0.00,   13, 0.000, 0.000, 0.018, 48
train,    6905, 224.004497,   99, 0.00,   12, 0.000, 0.000, 0.018, 48
train,    6906, 228.181225,  108, 0.00,   14, 0.000, 0.000, 0.018, 48
train,    6907, 214.766115,  104, 0.00,   13, 0.000, 0.000, 0.018, 48
train,    6908, 249.421918,   90, 0.00,   13, 0.000, 0.000, 0.018, 48
train,    6909, 222.794611,   96, 0.00,   11, 0.000, 0.000, 0.018, 48
train,    6910, 226.532760,  101, 0.00,   12, 0.000, 0.000, 0.018, 48
update,   6910,  691, 615680, 214.888087, 0.000000
train,    6911, 215.804420,  111, 0.00,   14, 0.000, 0.000, 0.018, 48
train,    6912, 204.538346,  120, 0.00,   14, 0.000, 0.000, 0.018, 48
train,    6913, 201.825220,   96, 0.00,   14, 0.000, 0.000, 0.018, 48
train,    6914, 238.500690,   90, 0.00,   15, 0.000, 0.000, 0.018, 48
train,    6915, 210.963421,   86, 0.00,   13, 0.000, 0.000, 0.018, 48
train,    6916, 211.851141,  103, 0.00,   12, 0.000, 0.000, 0.018, 48
train,    6917, 239.185366,  120, 0.00,   17, 0.000, 0.000, 0.018, 48
train,    6918, 196.643188,  111, 0.00,   14, 0.000, 0.000, 0.018, 48
train,    6919, 237.641865,  107, 0.00,   15, 0.000, 0.000, 0.018, 48
train,    6920, 259.499391,  100, 0.00,   14, 0.000, 0.000, 0.018, 48
update,   6920,  692, 616724, 199.428057, 0.000000
train,    6921, 210.686131,   97, 0.00,   14, 0.000, 0.000, 0.018, 48
train,    6922, 230.135586,  100, 0.00,   13, 0.000, 0.000, 0.018, 48
train,    6923, 237.178333,   98, 0.00,   14, 0.000, 0.000, 0.018, 48
train,    6924, 213.415584,  110, 0.00,   13, 0.000, 0.000, 0.018, 48
train,    6925, 195.653524,   93, 0.00,   14, 0.000, 0.000, 0.018, 48
train,    6926, 221.742172,   77, 0.00,   10, 0.000, 0.000, 0.018, 48
train,    6927, 242.200790,   92, 0.00,   13, 0.000, 0.000, 0.018, 48
train,    6928, 148.235712,   93, 1.00,   14, 0.000, 0.000, 0.018, 48
train,    6929, 212.906767,  113, 0.00,   10, 0.000, 0.000, 0.018, 48
train,    6930, 242.852144,  117, 0.00,   14, 0.000, 0.000, 0.018, 48
update,   6930,  693, 617714, 194.423314, 0.000000
train,    6931, 206.037780,   88, 0.00,   14, 0.000, 0.000, 0.017, 48
train,    6932, 219.157263,  109, 0.00,   12, 0.000, 0.000, 0.017, 48
train,    6933, 258.261864,   95, 0.00,   13, 0.000, 0.000, 0.017, 48
train,    6934, 209.526474,   90, 0.00,   18, 0.000, 0.000, 0.017, 48
train,    6935, 213.126035,  106, 0.00,   13, 0.000, 0.000, 0.017, 48
train,    6936, 218.869283,  105, 0.00,   12, 0.000, 0.000, 0.017, 48
train,    6937, 221.347063,   99, 0.00,   14, 0.000, 0.000, 0.017, 48
train,    6938, 231.838258,  102, 0.00,   12, 0.000, 0.000, 0.017, 48
train,    6939, 204.711295,  106, 0.00,   12, 0.000, 0.000, 0.017, 48
train,    6940, 227.006494,  102, 0.00,   13, 0.000, 0.000, 0.017, 48
update,   6940,  694, 618716, 206.786150, 0.000000
train,    6941, 225.091870,   99, 0.00,   14, 0.000, 0.000, 0.017, 48
train,    6942, 194.846508,   91, 0.00,   14, 0.000, 0.000, 0.017, 48
train,    6943, 213.778267,  109, 0.00,   13, 0.000, 0.000, 0.017, 48
train,    6944, 208.868162,   94, 0.00,   14, 0.000, 0.000, 0.017, 48
train,    6945, 227.330595,   89, 0.00,   15, 0.000, 0.000, 0.017, 48
train,    6946, 208.422704,  120, 0.00,   14, 0.000, 0.000, 0.017, 48
train,    6947, 212.086001,   96, 0.00,   15, 0.000, 0.000, 0.017, 48
train,    6948, 220.026617,  120, 0.00,   12, 0.000, 0.000, 0.017, 48
train,    6949, 230.438102,   95, 0.00,   13, 0.000, 0.000, 0.017, 48
train,    6950, 239.296309,  110, 0.00,   12, 0.000, 0.000, 0.017, 48
update,   6950,  695, 619739, 207.334356, 0.000000
train,    6951, 229.769048,   92, 0.00,   13, 0.000, 0.000, 0.017, 48
train,    6952, 164.862303,  103, 0.00,   13, 0.000, 0.000, 0.017, 48
train,    6953, 219.666417,   87, 0.00,   13, 0.000, 0.000, 0.017, 48
train,    6954, 160.439440,   87, 1.00,   12, 0.000, 0.000, 0.017, 48
train,    6955, 147.857139,   82, 1.00,   11, 0.000, 0.000, 0.017, 48
train,    6956, 236.747440,  120, 0.00,   14, 0.000, 0.000, 0.017, 48
train,    6957, 133.404350,   69, 1.00,   12, 0.000, 0.000, 0.017, 48
train,    6958, 220.869566,  104, 0.00,   13, 0.000, 0.000, 0.017, 48
train,    6959, 239.105968,  101, 0.00,   15, 0.000, 0.000, 0.017, 48
train,    6960, 222.267021,   90, 0.00,   15, 0.000, 0.000, 0.017, 48
update,   6960,  696, 620674, 209.659434, 0.000000
train,    6961, 214.379667,  105, 0.00,   12, 0.000, 0.000, 0.017, 48
train,    6962, 221.672868,  106, 0.00,   14, 0.000, 0.000, 0.017, 48
train,    6963, 260.000000,   92, 0.00,   12, 0.000, 0.000, 0.017, 48
train,    6964, 214.664330,  113, 0.00,   13, 0.000, 0.000, 0.017, 48
train,    6965, 216.476057,  106, 0.00,   15, 0.000, 0.000, 0.017, 48
train,    6966, 250.987841,   95, 0.00,   16, 0.000, 0.000, 0.017, 48
train,    6967, 217.419558,  120, 0.00,   13, 0.000, 0.000, 0.017, 48
train,    6968, 219.769716,  106, 0.00,   12, 0.000, 0.000, 0.017, 48
train,    6969, 216.982101,  101, 0.00,   12, 0.000, 0.000, 0.017, 48
train,    6970, 223.853895,  107, 0.00,   15, 0.000, 0.000, 0.017, 48
update,   6970,  697, 621725, 198.359345, 0.000000
train,    6971, 196.725702,   97, 0.00,   15, 0.000, 0.000, 0.017, 48
train,    6972, 216.756915,  111, 0.00,   14, 0.000, 0.000, 0.017, 48
train,    6973, 188.233105,   99, 0.00,   14, 0.000, 0.000, 0.017, 48
train,    6974, 227.494821,  100, 0.00,   14, 0.000, 0.000, 0.017, 48
train,    6975, 230.694873,   97, 0.00,   14, 0.000, 0.000, 0.017, 48
train,    6976, 222.817533,   91, 0.00,   14, 0.000, 0.000, 0.017, 48
train,    6977, 229.496240,   91, 0.00,   12, 0.000, 0.000, 0.017, 48
train,    6978, 205.800671,   93, 0.00,   15, 0.000, 0.000, 0.017, 48
train,    6979, 226.495414,  103, 0.00,   16, 0.000, 0.000, 0.017, 48
train,    6980, 227.249645,  109, 0.00,   15, 0.000, 0.000, 0.017, 48
update,   6980,  698, 622716, 192.038792, 0.000000
train,    6981, 219.634591,  106, 0.00,   15, 0.000, 0.000, 0.017, 48
train,    6982, 216.460556,  102, 0.00,   14, 0.000, 0.000, 0.017, 48
train,    6983, 225.642339,   92, 0.00,   13, 0.000, 0.000, 0.017, 48
train,    6984, 204.735309,  116, 0.00,   15, 0.000, 0.000, 0.017, 48
train,    6985, 195.390069,  108, 0.00,   13, 0.000, 0.000, 0.017, 48
train,    6986, 224.072564,  101, 0.00,   10, 0.000, 0.000, 0.017, 48
train,    6987, 218.356666,  103, 0.00,   13, 0.000, 0.000, 0.017, 48
train,    6988, 210.567412,  102, 0.00,   15, 0.000, 0.000, 0.017, 48
train,    6989, 227.346285,  102, 0.00,   13, 0.000, 0.000, 0.017, 48
train,    6990, 213.973646,  102, 0.00,   14, 0.000, 0.000, 0.017, 48
update,   6990,  699, 623750, 195.503662, 0.000000
train,    6991, 226.841163,   85, 0.00,   11, 0.000, 0.000, 0.017, 48
train,    6992, 199.480378,   88, 0.00,   13, 0.000, 0.000, 0.017, 48
train,    6993, 232.737107,  100, 0.00,   12, 0.000, 0.000, 0.017, 48
train,    6994, 233.122049,  107, 0.00,   14, 0.000, 0.000, 0.017, 48
train,    6995, 231.564987,   92, 0.00,   16, 0.000, 0.000, 0.017, 48
train,    6996, 221.884743,  103, 0.00,   12, 0.000, 0.000, 0.017, 48
train,    6997, 204.308655,   85, 0.00,   13, 0.000, 0.000, 0.017, 48
train,    6998, 218.865652,   93, 0.00,   14, 0.000, 0.000, 0.017, 48
train,    6999, 217.076910,  113, 0.00,   13, 0.000, 0.000, 0.017, 48
train,    7000, 161.174113,   97, 0.00,   15, 0.000, 0.000, 0.017, 48
update,   7000,  700, 624713, 182.517499, 0.000000
val_t, 7000, 624713, 179.347105, 0.0247,  92.4198,   0.0704, 0.9759,  28.2725, progress 0.9616
train,    7001, 203.347701,  101, 0.00,   15, 0.000, 0.000, 0.017, 48
train,    7002, 230.410276,  102, 0.00,   12, 0.000, 0.000, 0.017, 48
train,    7003, 170.422621,   92, 0.00,   12, 0.000, 0.000, 0.017, 48
train,    7004, 216.246845,   99, 0.00,   11, 0.000, 0.000, 0.017, 48
train,    7005, 247.902446,  104, 0.00,   13, 0.000, 0.000, 0.017, 48
train,    7006, 194.665247,  110, 0.00,   15, 0.000, 0.000, 0.017, 48
train,    7007, 225.732602,  104, 0.00,   14, 0.000, 0.000, 0.017, 48
train,    7008, 202.124296,   96, 0.00,   13, 0.000, 0.000, 0.017, 48
train,    7009, 224.527933,  105, 0.00,   15, 0.000, 0.000, 0.017, 48
train,    7010, 206.307838,  116, 0.00,   14, 0.000, 0.000, 0.017, 48
update,   7010,  701, 625742, 200.573534, 0.000000
train,    7011, 209.238932,  120, 0.00,   11, 0.000, 0.000, 0.017, 48
train,    7012, 240.236908,  110, 0.00,   15, 0.000, 0.000, 0.017, 48
train,    7013, 211.344773,  120, 0.00,   13, 0.000, 0.000, 0.017, 48
train,    7014, 217.255579,  117, 0.00,   15, 0.000, 0.000, 0.017, 48
train,    7015, 233.136294,  113, 0.00,   12, 0.000, 0.000, 0.017, 48
train,    7016, 213.891093,  115, 0.00,   15, 0.000, 0.000, 0.017, 48
train,    7017, 213.169328,  100, 0.00,   12, 0.000, 0.000, 0.017, 48
train,    7018, 196.157992,  106, 0.00,   14, 0.000, 0.000, 0.017, 48
train,    7019, 206.122105,   88, 0.00,   13, 0.000, 0.000, 0.017, 48
train,    7020, 215.131003,   92, 0.00,   14, 0.000, 0.000, 0.017, 48
update,   7020,  702, 626823, 202.794572, 0.000000
train,    7021, 206.778856,   99, 0.00,   13, 0.000, 0.000, 0.017, 48
train,    7022, 216.304389,   85, 0.00,   15, 0.000, 0.000, 0.017, 48
train,    7023, 144.316494,   83, 1.00,   15, 0.000, 0.000, 0.017, 48
train,    7024, 192.727586,   97, 0.00,   12, 0.000, 0.000, 0.017, 48
train,    7025, 217.129252,  117, 0.00,   14, 0.000, 0.000, 0.017, 48
train,    7026, 194.239496,   91, 0.00,   12, 0.000, 0.000, 0.017, 48
train,    7027, 201.939548,  102, 0.00,   13, 0.000, 0.000, 0.017, 48
train,    7028, 229.098891,   89, 0.00,   17, 0.000, 0.000, 0.017, 48
train,    7029, 223.810716,  112, 0.00,   15, 0.000, 0.000, 0.017, 48
train,    7030, 208.326358,  105, 0.00,   13, 0.000, 0.000, 0.017, 48
update,   7030,  703, 627803, 186.926771, 0.000000
train,    7031, 226.940419,  103, 0.00,   13, 0.000, 0.000, 0.017, 48
train,    7032, 181.214741,  112, 0.00,   11, 0.000, 0.000, 0.017, 48
train,    7033, 223.592491,  106, 0.00,   15, 0.000, 0.000, 0.017, 48
train,    7034, 215.799107,  118, 0.00,   12, 0.000, 0.000, 0.017, 48
train,    7035, 211.000085,   98, 0.00,   14, 0.000, 0.000, 0.017, 48
train,    7036, 219.628644,   97, 0.00,   12, 0.000, 0.000, 0.017, 48
train,    7037, 234.019572,  118, 0.00,   15, 0.000, 0.000, 0.017, 48
train,    7038, 254.378211,  114, 0.00,   12, 0.000, 0.000, 0.017, 48
train,    7039, 203.139411,   97, 0.00,   13, 0.000, 0.000, 0.017, 48
train,    7040, 230.098193,   91, 0.00,   14, 0.000, 0.000, 0.017, 48
update,   7040,  704, 628857, 201.716018, 0.000000
train,    7041, 220.719997,  117, 0.00,   15, 0.000, 0.000, 0.017, 48
train,    7042, 195.978693,  100, 0.00,   13, 0.000, 0.000, 0.017, 48
train,    7043, 238.610555,  120, 0.00,   12, 0.000, 0.000, 0.017, 48
train,    7044, 197.397401,  119, 0.00,   13, 0.000, 0.000, 0.017, 48
train,    7045, 239.665358,  100, 0.00,   11, 0.000, 0.000, 0.017, 48
train,    7046, 213.118659,  108, 0.00,   12, 0.000, 0.000, 0.017, 48
train,    7047, 197.479733,   85, 0.00,   12, 0.000, 0.000, 0.017, 48
train,    7048, 138.081040,   87, 1.00,   13, 0.000, 0.000, 0.017, 48
train,    7049, 206.239084,   96, 0.00,   11, 0.000, 0.000, 0.017, 48
train,    7050, 224.189372,  120, 0.00,   14, 0.000, 0.000, 0.017, 48
update,   7050,  705, 629909, 187.195926, 0.000000
train,    7051, 222.119653,  105, 0.00,   14, 0.000, 0.000, 0.017, 48
train,    7052, 241.339245,  109, 0.00,   17, 0.000, 0.000, 0.017, 48
train,    7053, 251.158062,  111, 0.00,   17, 0.000, 0.000, 0.017, 48
train,    7054, 228.828073,  103, 0.00,   11, 0.000, 0.000, 0.017, 48
train,    7055, 215.554941,  101, 0.00,   14, 0.000, 0.000, 0.017, 48
train,    7056, 210.140694,  120, 0.00,   14, 0.000, 0.000, 0.017, 48
train,    7057, 198.967937,  111, 0.00,   12, 0.000, 0.000, 0.017, 48
train,    7058, 220.803292,  118, 0.00,   12, 0.000, 0.000, 0.017, 48
train,    7059, 260.000000,  120, 0.00,   14, 0.000, 0.000, 0.017, 48
train,    7060, 237.410040,  110, 0.00,   17, 0.000, 0.000, 0.017, 48
update,   7060,  706, 631017, 184.021145, 0.000000
train,    7061, 218.868434,  117, 0.00,   10, 0.000, 0.000, 0.017, 48
train,    7062, 228.364834,  103, 0.00,   11, 0.000, 0.000, 0.017, 48
train,    7063, 188.610371,  112, 0.00,   13, 0.000, 0.000, 0.017, 48
train,    7064, 223.716633,  105, 0.00,   11, 0.000, 0.000, 0.017, 48
train,    7065, 242.298005,  112, 0.00,   15, 0.000, 0.000, 0.017, 48
train,    7066, 251.264149,  112, 0.00,   12, 0.000, 0.000, 0.017, 48
train,    7067, 155.770330,   87, 1.00,   13, 0.000, 0.000, 0.017, 48
train,    7068, 185.588420,  115, 0.00,   13, 0.000, 0.000, 0.017, 48
train,    7069, 205.361549,  106, 0.00,   14, 0.000, 0.000, 0.017, 48
train,    7070, 214.903371,  120, 0.00,   13, 0.000, 0.000, 0.017, 48
update,   7070,  707, 632106, 184.311707, 0.000000
train,    7071, 211.190298,  117, 0.00,   13, 0.000, 0.000, 0.017, 48
train,    7072, 206.226637,   90, 0.00,   13, 0.000, 0.000, 0.017, 48
train,    7073, 226.282756,  101, 0.00,   15, 0.000, 0.000, 0.017, 48
train,    7074, 227.767644,   84, 0.00,   13, 0.000, 0.000, 0.017, 48
train,    7075, 203.816416,  113, 0.00,   14, 0.000, 0.000, 0.017, 48
train,    7076, 215.936990,   99, 0.00,   13, 0.000, 0.000, 0.017, 48
train,    7077, 198.912733,  120, 0.00,   12, 0.000, 0.000, 0.017, 48
train,    7078, 217.490930,  100, 0.00,   16, 0.000, 0.000, 0.016, 48
train,    7079, 224.576428,   91, 0.00,   13, 0.000, 0.000, 0.016, 48
train,    7080, 220.984205,   99, 0.00,   13, 0.000, 0.000, 0.016, 48
update,   7080,  708, 633120, 182.295189, 0.000000
train,    7081, 218.935793,  117, 0.00,   13, 0.000, 0.000, 0.016, 48
train,    7082, 142.569967,   85, 1.00,   14, 0.000, 0.000, 0.016, 48
train,    7083, 207.580886,   93, 0.00,   13, 0.000, 0.000, 0.016, 48
train,    7084, 190.543171,   99, 0.00,   13, 0.000, 0.000, 0.016, 48
train,    7085, 218.588912,  102, 0.00,   13, 0.000, 0.000, 0.016, 48
train,    7086, 196.949899,  103, 0.00,   16, 0.000, 0.000, 0.016, 48
train,    7087, 217.016543,  102, 0.00,   13, 0.000, 0.000, 0.016, 48
train,    7088, 237.671621,  105, 0.00,   13, 0.000, 0.000, 0.016, 48
train,    7089, 220.387516,   99, 0.00,   12, 0.000, 0.000, 0.016, 48
train,    7090, 222.437447,  104, 0.00,   14, 0.000, 0.000, 0.016, 48
update,   7090,  709, 634129, 185.003224, 0.000000
train,    7091, 216.063433,  101, 0.00,   14, 0.000, 0.000, 0.016, 48
train,    7092, 183.868815,  100, 0.00,   15, 0.000, 0.000, 0.016, 48
train,    7093, 222.020665,  115, 0.00,   14, 0.000, 0.000, 0.016, 48
train,    7094, 211.678827,  116, 0.00,   13, 0.000, 0.000, 0.016, 48
train,    7095, 247.259851,  110, 0.00,   14, 0.000, 0.000, 0.016, 48
train,    7096, 212.091445,  117, 0.00,   14, 0.000, 0.000, 0.016, 48
train,    7097, 206.351634,  108, 0.00,   11, 0.000, 0.000, 0.016, 48
train,    7098, 232.884023,  100, 0.00,   15, 0.000, 0.000, 0.016, 48
train,    7099, 197.800849,  101, 0.00,   12, 0.000, 0.000, 0.016, 48
train,    7100, 206.200065,  120, 0.00,   16, 0.000, 0.000, 0.016, 48
update,   7100,  710, 635217, 181.551311, 0.000000
val_t, 7100, 635217, 190.054933, 0.0204,  91.5788,   0.0657, 0.9504,  28.6161, progress 0.9545
train,    7101, 215.276597,  112, 0.00,   14, 0.000, 0.000, 0.016, 48
train,    7102, 228.902992,  102, 0.00,   14, 0.000, 0.000, 0.016, 48
train,    7103, 96.457380,   65, 1.00,   11, 0.000, 0.000, 0.016, 48
train,    7104, 200.119753,   87, 0.00,   12, 0.000, 0.000, 0.016, 48
train,    7105, 235.409361,  100, 0.00,   14, 0.000, 0.000, 0.016, 48
train,    7106, 249.463655,  118, 0.00,   12, 0.000, 0.000, 0.016, 48
train,    7107, 204.260713,  120, 0.00,   12, 0.000, 0.000, 0.016, 48
train,    7108, 214.252267,  113, 0.00,   14, 0.000, 0.000, 0.016, 48
train,    7109, 252.042885,  108, 0.00,   11, 0.000, 0.000, 0.016, 48
train,    7110, 204.892697,  118, 0.00,   16, 0.000, 0.000, 0.016, 48
update,   7110,  711, 636260, 185.888772, 0.000000
train,    7111, 209.333287,   98, 0.00,   11, 0.000, 0.000, 0.016, 48
train,    7112, 229.715697,  110, 0.00,   15, 0.000, 0.000, 0.016, 48
train,    7113, 207.351810,  105, 0.00,   15, 0.000, 0.000, 0.016, 48
train,    7114, 199.901471,  113, 0.00,   14, 0.000, 0.000, 0.016, 48
train,    7115, 227.160414,  117, 0.00,   11, 0.000, 0.000, 0.016, 48
train,    7116, 221.040034,  118, 0.00,   13, 0.000, 0.000, 0.016, 48
train,    7117, 233.468202,  114, 0.00,   15, 0.000, 0.000, 0.016, 48
train,    7118, 188.973631,  120, 0.00,   14, 0.000, 0.000, 0.016, 48
train,    7119, 236.806594,  120, 0.00,   13, 0.000, 0.000, 0.016, 48
train,    7120, 169.440148,   92, 1.00,   12, 0.000, 0.000, 0.016, 48
update,   7120,  712, 637367, 201.244256, 0.000000
train,    7121, 213.743854,  107, 0.00,   13, 0.000, 0.000, 0.016, 48
train,    7122, 217.920251,  116, 0.00,   13, 0.000, 0.000, 0.016, 48
train,    7123, 203.332109,  120, 0.00,   17, 0.000, 0.000, 0.016, 48
train,    7124, 245.775953,  103, 0.00,   14, 0.000, 0.000, 0.016, 48
train,    7125, 216.409465,  108, 0.00,   15, 0.000, 0.000, 0.016, 48
train,    7126, 204.398154,  111, 0.00,   12, 0.000, 0.000, 0.016, 48
train,    7127, 227.080970,  101, 0.00,   13, 0.000, 0.000, 0.016, 48
train,    7128, 233.126681,  110, 0.00,   13, 0.000, 0.000, 0.016, 48
train,    7129, 217.533290,  116, 0.00,   13, 0.000, 0.000, 0.016, 48
train,    7130, 211.303910,  116, 0.00,   12, 0.000, 0.000, 0.016, 48
update,   7130,  713, 638475, 170.325531, 0.000000
train,    7131, 234.569571,  111, 0.00,   14, 0.000, 0.000, 0.016, 48
train,    7132, 200.721093,  114, 0.00,   13, 0.000, 0.000, 0.016, 48
train,    7133, 233.992693,   91, 0.00,   14, 0.000, 0.000, 0.016, 48
train,    7134, 219.872183,  106, 0.00,   14, 0.000, 0.000, 0.016, 48
train,    7135, 247.692853,  110, 0.00,   14, 0.000, 0.000, 0.016, 48
train,    7136, 216.697698,  107, 0.00,   14, 0.000, 0.000, 0.016, 48
train,    7137, 194.001454,  108, 0.00,   13, 0.000, 0.000, 0.016, 48
train,    7138, 232.368493,  115, 0.00,   12, 0.000, 0.000, 0.016, 48
train,    7139, 240.042864,  102, 0.00,   12, 0.000, 0.000, 0.016, 48
train,    7140, 238.226962,  117, 0.00,   16, 0.000, 0.000, 0.016, 48
update,   7140,  714, 639556, 170.187012, 0.000000
train,    7141, 195.815040,  120, 0.00,   17, 0.000, 0.000, 0.016, 48
train,    7142, 222.399134,  109, 0.00,   13, 0.000, 0.000, 0.016, 48
train,    7143, 208.412429,   88, 0.00,   15, 0.000, 0.000, 0.016, 48
train,    7144, 246.840973,  112, 0.00,   13, 0.000, 0.000, 0.016, 48
train,    7145, 223.807585,  107, 0.00,   14, 0.000, 0.000, 0.016, 48
train,    7146, 225.586357,  107, 0.00,   10, 0.000, 0.000, 0.016, 48
train,    7147, 215.339202,   95, 0.00,   13, 0.000, 0.000, 0.016, 48
train,    7148, 190.219913,  119, 0.00,   13, 0.000, 0.000, 0.016, 48
train,    7149, 206.815653,  102, 0.00,   13, 0.000, 0.000, 0.016, 48
train,    7150, 209.838539,  120, 0.00,   13, 0.000, 0.000, 0.016, 48
update,   7150,  715, 640635, 189.566754, 0.000000
train,    7151, 115.290043,   71, 1.00,   10, 0.000, 0.000, 0.016, 48
train,    7152, 233.802702,   98, 0.00,   15, 0.000, 0.000, 0.016, 48
train,    7153, 220.619340,  108, 0.00,   14, 0.000, 0.000, 0.016, 48
train,    7154, 206.645028,   96, 0.00,   12, 0.000, 0.000, 0.016, 48
train,    7155, 203.604024,  120, 0.00,   12, 0.000, 0.000, 0.016, 48
train,    7156, 188.621236,  101, 0.00,   13, 0.000, 0.000, 0.016, 48
train,    7157, 249.661972,  103, 0.00,   14, 0.000, 0.000, 0.016, 48
train,    7158, 115.025601,   68, 1.00,   12, 0.000, 0.000, 0.016, 48
train,    7159, 242.630015,  112, 0.00,   13, 0.000, 0.000, 0.016, 48
train,    7160, 233.748316,  116, 0.00,   16, 0.000, 0.000, 0.016, 48
update,   7160,  716, 641628, 181.422242, 0.000000
train,    7161, 214.882843,  104, 0.00,   15, 0.000, 0.000, 0.016, 48
train,    7162, 209.416131,  119, 0.00,   12, 0.000, 0.000, 0.016, 48
train,    7163, 222.699996,  105, 0.00,   15, 0.000, 0.000, 0.016, 48
train,    7164, 232.222140,  112, 0.00,   12, 0.000, 0.000, 0.016, 48
train,    7165, 213.503339,   96, 0.00,   14, 0.000, 0.000, 0.016, 48
train,    7166, 226.121685,  110, 0.00,   13, 0.000, 0.000, 0.016, 48
train,    7167, 249.027067,  120, 0.00,   15, 0.000, 0.000, 0.016, 48
train,    7168, 226.086665,  120, 0.00,   13, 0.000, 0.000, 0.016, 48
train,    7169, 220.679125,  109, 0.00,   14, 0.000, 0.000, 0.016, 48
train,    7170, 224.121317,   83, 0.00,   13, 0.000, 0.000, 0.016, 48
update,   7170,  717, 642706, 179.183188, 0.000000
train,    7171, 219.856315,  102, 0.00,   13, 0.000, 0.000, 0.016, 48
train,    7172, 221.767788,  103, 0.00,   13, 0.000, 0.000, 0.016, 48
train,    7173, 226.625194,   88, 0.00,   14, 0.000, 0.000, 0.016, 48
train,    7174, 214.146454,   87, 0.00,   12, 0.000, 0.000, 0.016, 48
train,    7175, 213.158575,  109, 0.00,   15, 0.000, 0.000, 0.016, 48
train,    7176, 225.632866,  120, 0.00,   15, 0.000, 0.000, 0.016, 48
train,    7177, 222.033189,  104, 0.00,   16, 0.000, 0.000, 0.016, 48
train,    7178, 234.303072,   91, 0.00,   11, 0.000, 0.000, 0.016, 48
train,    7179, 242.297727,  111, 0.00,   13, 0.000, 0.000, 0.016, 48
train,    7180, 211.143110,  116, 0.00,   14, 0.000, 0.000, 0.016, 48
update,   7180,  718, 643737, 170.966137, 0.000000
train,    7181, 230.502047,  113, 0.00,   13, 0.000, 0.000, 0.016, 48
train,    7182, 220.508372,  111, 0.00,   10, 0.000, 0.000, 0.016, 48
train,    7183, 222.688361,   90, 0.00,   13, 0.000, 0.000, 0.016, 48
train,    7184, 222.041266,  109, 0.00,   15, 0.000, 0.000, 0.016, 48
train,    7185, 213.136275,   98, 0.00,   15, 0.000, 0.000, 0.016, 48
train,    7186, 183.349953,  103, 0.00,   12, 0.000, 0.000, 0.016, 48
train,    7187, 227.070739,  114, 0.00,   16, 0.000, 0.000, 0.016, 48
train,    7188, 184.887202,  109, 0.00,   14, 0.000, 0.000, 0.016, 48
train,    7189, 209.527998,   92, 0.00,   13, 0.000, 0.000, 0.016, 48
train,    7190, 216.765692,  111, 0.00,   14, 0.000, 0.000, 0.016, 48
update,   7190,  719, 644787, 179.741470, 0.000000
train,    7191, 217.201136,  110, 0.00,   14, 0.000, 0.000, 0.016, 48
train,    7192, 203.054570,  108, 0.00,   12, 0.000, 0.000, 0.016, 48
train,    7193, 224.205639,   97, 0.00,   13, 0.000, 0.000, 0.016, 48
train,    7194, 214.751535,  105, 0.00,   14, 0.000, 0.000, 0.016, 48
train,    7195, 238.228651,  111, 0.00,   15, 0.000, 0.000, 0.016, 48
train,    7196, 199.898217,  120, 0.00,   16, 0.000, 0.000, 0.016, 48
train,    7197, 229.429837,  109, 0.00,   12, 0.000, 0.000, 0.016, 48
train,    7198, 176.279705,  105, 0.00,   12, 0.000, 0.000, 0.016, 48
train,    7199, 215.264043,  112, 0.00,   14, 0.000, 0.000, 0.016, 48
train,    7200, 199.614409,   97, 0.00,   14, 0.000, 0.000, 0.016, 48
update,   7200,  720, 645861, 194.857427, 0.000000
val_t, 7200, 645861, 201.990647, 0.0191,  93.8839,   0.0631, 0.9712,  28.5271, progress 0.9769
train,    7201, 197.799253,   98, 0.00,   13, 0.000, 0.000, 0.016, 48
train,    7202, 231.698189,  120, 0.00,   15, 0.000, 0.000, 0.016, 48
train,    7203, 222.749672,  110, 0.00,   13, 0.000, 0.000, 0.016, 48
train,    7204, 222.177888,  102, 0.00,   12, 0.000, 0.000, 0.016, 48
train,    7205, 223.745863,  114, 0.00,   12, 0.000, 0.000, 0.016, 48
train,    7206, 228.639791,  106, 0.00,   13, 0.000, 0.000, 0.016, 48
train,    7207, 227.368118,  107, 0.00,   15, 0.000, 0.000, 0.016, 48
train,    7208, 242.258699,  120, 0.00,   12, 0.000, 0.000, 0.016, 48
train,    7209, 213.156383,  114, 0.00,   13, 0.000, 0.000, 0.016, 48
train,    7210, 230.999855,   98, 0.00,   14, 0.000, 0.000, 0.016, 48
update,   7210,  721, 646950, 180.885574, 0.000000
train,    7211, 209.411759,  111, 0.00,   14, 0.000, 0.000, 0.016, 48
train,    7212, 199.056041,   99, 0.00,   14, 0.000, 0.000, 0.016, 48
train,    7213, 235.228327,  115, 0.00,   13, 0.000, 0.000, 0.016, 48
train,    7214, 210.787002,  100, 0.00,   13, 0.000, 0.000, 0.016, 48
train,    7215, 216.442020,  112, 0.00,   15, 0.000, 0.000, 0.016, 48
train,    7216, 206.088996,   95, 0.00,   13, 0.000, 0.000, 0.016, 48
train,    7217, 233.797941,  100, 0.00,   14, 0.000, 0.000, 0.016, 48
train,    7218, 252.487785,   95, 0.00,   13, 0.000, 0.000, 0.016, 48
train,    7219, 244.384847,  116, 0.00,   11, 0.000, 0.000, 0.016, 48
train,    7220, 235.934620,   75, 0.00,   13, 0.000, 0.000, 0.016, 48
update,   7220,  722, 647968, 188.482779, 0.000000
train,    7221, 220.501722,   86, 0.00,   13, 0.000, 0.000, 0.016, 48
train,    7222, 210.898828,   83, 0.00,   13, 0.000, 0.000, 0.016, 48
train,    7223, 197.456931,  108, 0.00,   15, 0.000, 0.000, 0.016, 48
train,    7224, 237.210375,   83, 0.00,   13, 0.000, 0.000, 0.016, 48
train,    7225, 228.827130,  101, 0.00,   15, 0.000, 0.000, 0.016, 48
train,    7226, 220.453548,   87, 0.00,   12, 0.000, 0.000, 0.016, 48
train,    7227, 186.760488,  101, 0.00,   13, 0.000, 0.000, 0.016, 48
train,    7228, 209.415455,  100, 0.00,   15, 0.000, 0.000, 0.016, 48
train,    7229, 238.108059,   92, 0.00,   13, 0.000, 0.000, 0.016, 48
train,    7230, 240.759936,   98, 0.00,   11, 0.000, 0.000, 0.016, 48
update,   7230,  723, 648907, 185.877088, 0.000000
train,    7231, 221.006727,   99, 0.00,   15, 0.000, 0.000, 0.016, 48
train,    7232, 234.435112,  120, 0.00,   15, 0.000, 0.000, 0.016, 48
train,    7233, 222.246335,   93, 0.00,   14, 0.000, 0.000, 0.016, 48
train,    7234, 209.141796,   94, 0.00,   11, 0.000, 0.000, 0.015, 48
train,    7235, 216.435032,  108, 0.00,   13, 0.000, 0.000, 0.015, 48
train,    7236, 196.256942,   87, 0.00,   13, 0.000, 0.000, 0.015, 48
train,    7237, 221.790929,  102, 0.00,   11, 0.000, 0.000, 0.015, 48
train,    7238, 219.988315,  107, 0.00,   13, 0.000, 0.000, 0.015, 48
train,    7239, 207.092615,   89, 0.00,   12, 0.000, 0.000, 0.015, 48
train,    7240, 231.431788,  117, 0.00,   12, 0.000, 0.000, 0.015, 48
update,   7240,  724, 649923, 184.712151, 0.000000
train,    7241, 226.647975,   85, 0.00,   12, 0.000, 0.000, 0.015, 48
train,    7242, 250.159600,  100, 0.00,   13, 0.000, 0.000, 0.015, 48
train,    7243, 198.427242,   99, 0.00,   14, 0.000, 0.000, 0.015, 48
train,    7244, 236.881037,   94, 0.00,   11, 0.000, 0.000, 0.015, 48
train,    7245, 203.628378,  107, 0.00,   14, 0.000, 0.000, 0.015, 48
train,    7246, 208.665944,  102, 0.00,   13, 0.000, 0.000, 0.015, 48
train,    7247, 206.726126,  110, 0.00,   10, 0.000, 0.000, 0.015, 48
train,    7248, 193.552628,  115, 0.00,   13, 0.000, 0.000, 0.015, 48
train,    7249, 207.381207,  110, 0.00,   13, 0.000, 0.000, 0.015, 48
train,    7250, 227.692781,  116, 0.00,   15, 0.000, 0.000, 0.015, 48
update,   7250,  725, 650961, 184.368731, 0.000000
train,    7251, 237.626031,   80, 0.00,   15, 0.000, 0.000, 0.015, 48
train,    7252, 203.628112,   93, 0.00,   13, 0.000, 0.000, 0.015, 48
train,    7253, 203.316228,   95, 0.00,   14, 0.000, 0.000, 0.015, 48
train,    7254, 222.723386,  104, 0.00,   13, 0.000, 0.000, 0.015, 48
train,    7255, 216.184778,   95, 0.00,   15, 0.000, 0.000, 0.015, 48
train,    7256, 197.244011,   98, 0.00,   11, 0.000, 0.000, 0.015, 48
train,    7257, 232.453756,   98, 0.00,   12, 0.000, 0.000, 0.015, 48
train,    7258, 238.581638,  104, 0.00,   14, 0.000, 0.000, 0.015, 48
train,    7259, 142.136016,   77, 1.00,   12, 0.000, 0.000, 0.015, 48
train,    7260, 223.339063,  108, 0.00,   14, 0.000, 0.000, 0.015, 48
update,   7260,  726, 651913, 179.961960, 0.000000
train,    7261, 246.300038,   93, 0.00,   15, 0.000, 0.000, 0.015, 48
train,    7262, 223.939209,   93, 0.00,   14, 0.000, 0.000, 0.015, 48
train,    7263, 228.225588,   99, 0.00,   13, 0.000, 0.000, 0.015, 48
train,    7264, 250.230329,   87, 0.00,   16, 0.000, 0.000, 0.015, 48
train,    7265, 153.666304,   95, 1.00,   12, 0.000, 0.000, 0.015, 48
train,    7266, 242.111008,   91, 0.00,   14, 0.000, 0.000, 0.015, 48
train,    7267, 223.065047,  106, 0.00,   12, 0.000, 0.000, 0.015, 48
train,    7268, 178.365287,  104, 0.00,   13, 0.000, 0.000, 0.015, 48
train,    7269, 217.240264,   88, 0.00,   12, 0.000, 0.000, 0.015, 48
train,    7270, 220.889944,   77, 0.00,   13, 0.000, 0.000, 0.015, 48
update,   7270,  727, 652846, 210.302491, 0.000000
train,    7271, 215.174454,  108, 0.00,   13, 0.000, 0.000, 0.015, 48
train,    7272, 209.284130,   87, 0.00,   12, 0.000, 0.000, 0.015, 48
train,    7273, 235.674566,  108, 0.00,   12, 0.000, 0.000, 0.015, 48
train,    7274, 223.902426,  111, 0.00,   13, 0.000, 0.000, 0.015, 48
train,    7275, 234.147447,   81, 0.00,   14, 0.000, 0.000, 0.015, 48
train,    7276, 206.516042,  101, 0.00,   14, 0.000, 0.000, 0.015, 48
train,    7277, 223.452871,  115, 0.00,   13, 0.000, 0.000, 0.015, 48
train,    7278, 260.000000,  120, 0.00,   14, 0.000, 0.000, 0.015, 48
train,    7279, 211.683687,  103, 0.00,   16, 0.000, 0.000, 0.015, 48
train,    7280, 211.990231,  102, 0.00,   14, 0.000, 0.000, 0.015, 48
update,   7280,  728, 653882, 195.740592, 0.000000
train,    7281, 211.430213,  101, 0.00,   15, 0.000, 0.000, 0.015, 48
train,    7282, 208.441782,  101, 0.00,   13, 0.000, 0.000, 0.015, 48
train,    7283, 219.447519,   89, 0.00,   11, 0.000, 0.000, 0.015, 48
train,    7284, 225.017806,  101, 0.00,   12, 0.000, 0.000, 0.015, 48
train,    7285, 214.083397,  103, 0.00,   16, 0.000, 0.000, 0.015, 48
train,    7286, 201.235325,   96, 0.00,   10, 0.000, 0.000, 0.015, 48
train,    7287, 232.367781,   73, 0.00,   14, 0.000, 0.000, 0.015, 48
train,    7288, 225.873792,   99, 0.00,   13, 0.000, 0.000, 0.015, 48
train,    7289, 174.922061,   74, 0.00,   13, 0.000, 0.000, 0.015, 48
train,    7290, 208.229759,  118, 0.00,   15, 0.000, 0.000, 0.015, 48
update,   7290,  729, 654837, 195.830788, 0.000000
train,    7291, 148.913133,   84, 1.00,   12, 0.000, 0.000, 0.015, 48
train,    7292, 199.921527,   99, 0.00,   13, 0.000, 0.000, 0.015, 48
train,    7293, 210.920244,   94, 0.00,   13, 0.000, 0.000, 0.015, 48
train,    7294, 219.765621,   90, 0.00,   14, 0.000, 0.000, 0.015, 48
train,    7295, 235.434941,   92, 0.00,   12, 0.000, 0.000, 0.015, 48
train,    7296, 234.613849,  106, 0.00,   14, 0.000, 0.000, 0.015, 48
train,    7297, 225.201678,  100, 0.00,   13, 0.000, 0.000, 0.015, 48
train,    7298, 203.308964,   92, 0.00,   13, 0.000, 0.000, 0.015, 48
train,    7299, 210.091611,   84, 0.00,   14, 0.000, 0.000, 0.015, 48
train,    7300, 223.092839,  107, 0.00,   15, 0.000, 0.000, 0.015, 48
update,   7300,  730, 655785, 192.247311, 0.000000
val_t, 7300, 655785, 188.894123, 0.0037,  91.7767,   0.0736, 0.9633,  28.6872, progress 0.9570
train,    7301, 228.964286,   94, 0.00,   15, 0.000, 0.000, 0.015, 48
train,    7302, 219.177926,   91, 0.00,   14, 0.000, 0.000, 0.015, 48
train,    7303, 198.703455,   82, 0.00,   13, 0.000, 0.000, 0.015, 48
train,    7304, 210.090409,   91, 0.00,   15, 0.000, 0.000, 0.015, 48
train,    7305, 233.981069,   99, 0.00,   13, 0.000, 0.000, 0.015, 48
train,    7306, 226.335174,   99, 0.00,   13, 0.000, 0.000, 0.015, 48
train,    7307, 209.944804,  106, 0.00,   11, 0.000, 0.000, 0.015, 48
train,    7308, 205.155391,  107, 0.00,   11, 0.000, 0.000, 0.015, 48
train,    7309, 208.598496,  109, 0.00,   15, 0.000, 0.000, 0.015, 48
train,    7310, 231.890662,   99, 0.00,   13, 0.000, 0.000, 0.015, 48
update,   7310,  731, 656762, 202.771284, 0.000000
train,    7311, 212.518666,   88, 0.00,   15, 0.000, 0.000, 0.015, 48
train,    7312, 231.237345,  102, 0.00,   14, 0.000, 0.000, 0.015, 48
train,    7313, 237.869438,  107, 0.00,   12, 0.000, 0.000, 0.015, 48
train,    7314, 246.510036,   95, 0.00,   10, 0.000, 0.000, 0.015, 48
train,    7315, 181.549442,   70, 0.00,   11, 0.000, 0.000, 0.015, 48
train,    7316, 219.372711,  109, 0.00,   13, 0.000, 0.000, 0.015, 48
train,    7317, 211.702373,   88, 0.00,   11, 0.000, 0.000, 0.015, 48
train,    7318, 216.048345,  109, 0.00,   15, 0.000, 0.000, 0.015, 48
train,    7319, 224.787235,   93, 0.00,   13, 0.000, 0.000, 0.015, 48
train,    7320, 205.414180,   91, 0.00,   12, 0.000, 0.000, 0.015, 48
update,   7320,  732, 657714, 195.806387, 0.000000
train,    7321, 172.064683,   99, 0.00,   13, 0.000, 0.000, 0.015, 48
train,    7322, 231.386843,  103, 0.00,   12, 0.000, 0.000, 0.015, 48
train,    7323, 235.151112,   90, 0.00,   13, 0.000, 0.000, 0.015, 48
train,    7324, 223.103145,   81, 0.00,   13, 0.000, 0.000, 0.015, 48
train,    7325, 219.097766,  102, 0.00,   14, 0.000, 0.000, 0.015, 48
train,    7326, 223.965529,  120, 0.00,   11, 0.000, 0.000, 0.015, 48
train,    7327, 197.610604,   98, 0.00,   13, 0.000, 0.000, 0.015, 48
train,    7328, 141.393937,   81, 1.00,   13, 0.000, 0.000, 0.015, 48
train,    7329, 228.414049,  108, 0.00,   14, 0.000, 0.000, 0.015, 48
train,    7330, 231.622793,   87, 0.00,   13, 0.000, 0.000, 0.015, 48
update,   7330,  733, 658683, 209.168359, 0.000000
train,    7331, 147.996886,   81, 1.00,   13, 0.000, 0.000, 0.015, 48
train,    7332, 199.311836,   97, 0.00,   13, 0.000, 0.000, 0.015, 48
train,    7333, 211.039558,   90, 0.00,   12, 0.000, 0.000, 0.015, 48
train,    7334, 235.244464,   92, 0.00,   14, 0.000, 0.000, 0.015, 48
train,    7335, 254.665674,   89, 0.00,   12, 0.000, 0.000, 0.015, 48
train,    7336, 227.158302,  108, 0.00,   14, 0.000, 0.000, 0.015, 48
train,    7337, 235.886203,  106, 0.00,   15, 0.000, 0.000, 0.015, 48
train,    7338, 209.155316,   77, 0.00,   14, 0.000, 0.000, 0.015, 48
train,    7339, 201.077692,   96, 0.00,   15, 0.000, 0.000, 0.015, 48
train,    7340, 226.169668,   92, 0.00,   13, 0.000, 0.000, 0.015, 48
update,   7340,  734, 659611, 201.968127, 0.000000
train,    7341, 223.958181,   97, 0.00,   15, 0.000, 0.000, 0.015, 48
train,    7342, 237.916604,  106, 0.00,   13, 0.000, 0.000, 0.015, 48
train,    7343, 230.679830,   78, 0.00,   15, 0.000, 0.000, 0.015, 48
train,    7344, 220.275609,   88, 0.00,   14, 0.000, 0.000, 0.015, 48
train,    7345, 203.169010,  113, 0.00,   12, 0.000, 0.000, 0.015, 48
train,    7346, 214.165323,  118, 0.00,   16, 0.000, 0.000, 0.015, 48
train,    7347, 257.261485,  104, 0.00,   10, 0.000, 0.000, 0.015, 48
train,    7348, 247.827829,   74, 0.00,   13, 0.000, 0.000, 0.015, 48
train,    7349, 219.053996,   94, 0.00,   17, 0.000, 0.000, 0.015, 48
train,    7350, 201.193169,   93, 0.00,   14, 0.000, 0.000, 0.015, 48
update,   7350,  735, 660576, 180.900546, 0.000000
train,    7351, 204.067102,   85, 0.00,   13, 0.000, 0.000, 0.015, 48
train,    7352, 224.799008,  116, 0.00,   13, 0.000, 0.000, 0.015, 48
train,    7353, 242.764660,   98, 0.00,   12, 0.000, 0.000, 0.015, 48
train,    7354, 99.334587,   68, 1.00,   12, 0.000, 0.000, 0.015, 48
train,    7355, 230.794778,   97, 0.00,   14, 0.000, 0.000, 0.015, 48
train,    7356, 207.772193,   87, 0.00,   14, 0.000, 0.000, 0.015, 48
train,    7357, 248.631150,   93, 0.00,   15, 0.000, 0.000, 0.015, 48
train,    7358, 222.569610,   82, 0.00,   14, 0.000, 0.000, 0.015, 48
train,    7359, 247.308103,  119, 0.00,   14, 0.000, 0.000, 0.015, 48
train,    7360, 215.979380,   97, 0.00,   13, 0.000, 0.000, 0.015, 48
update,   7360,  736, 661518, 203.712961, 0.000000
train,    7361, 234.714444,  107, 0.00,   15, 0.000, 0.000, 0.015, 48
train,    7362, 211.108519,   83, 0.00,   14, 0.000, 0.000, 0.015, 48
train,    7363, 219.816071,   95, 0.00,   11, 0.000, 0.000, 0.015, 48
train,    7364, 207.698266,  104, 0.00,   10, 0.000, 0.000, 0.015, 48
train,    7365, 197.086976,   96, 0.00,   15, 0.000, 0.000, 0.015, 48
train,    7366, 217.815317,   81, 0.00,   14, 0.000, 0.000, 0.015, 48
train,    7367, 215.804435,   90, 0.00,   14, 0.000, 0.000, 0.015, 48
train,    7368, 260.000000,   79, 0.00,   12, 0.000, 0.000, 0.015, 48
train,    7369, 203.600190,   79, 0.00,   15, 0.000, 0.000, 0.015, 48
train,    7370, 235.500644,  120, 0.00,   12, 0.000, 0.000, 0.015, 48
update,   7370,  737, 662452, 191.393625, 0.000000
train,    7371, 234.686178,  108, 0.00,   14, 0.000, 0.000, 0.015, 48
train,    7372, 228.246748,   79, 0.00,   13, 0.000, 0.000, 0.015, 48
train,    7373, 239.667983,   94, 0.00,   15, 0.000, 0.000, 0.015, 48
train,    7374, 231.708131,   92, 0.00,   14, 0.000, 0.000, 0.015, 48
train,    7375, 195.412462,   83, 0.00,   16, 0.000, 0.000, 0.015, 48
train,    7376, 223.417368,  105, 0.00,   16, 0.000, 0.000, 0.015, 48
train,    7377, 247.475693,   87, 0.00,   12, 0.000, 0.000, 0.015, 48
train,    7378, 210.938413,   74, 0.00,   15, 0.000, 0.000, 0.015, 48
train,    7379, 215.556372,   94, 0.00,   13, 0.000, 0.000, 0.015, 48
train,    7380, 228.160654,   92, 0.00,   13, 0.000, 0.000, 0.015, 48
update,   7380,  738, 663360, 220.081148, 0.000000
train,    7381, 201.281977,   99, 0.00,   10, 0.000, 0.000, 0.015, 48
train,    7382, 173.383234,   85, 0.00,   12, 0.000, 0.000, 0.015, 48
train,    7383, 140.638635,   91, 1.00,   13, 0.000, 0.000, 0.015, 48
train,    7384, 149.608475,   74, 1.00,   12, 0.000, 0.000, 0.015, 48
train,    7385, 247.582619,   84, 0.00,   14, 0.000, 0.000, 0.015, 48
train,    7386, 196.422768,  103, 0.00,   13, 0.000, 0.000, 0.015, 48
train,    7387, 219.611616,   83, 0.00,   12, 0.000, 0.000, 0.015, 48
train,    7388, 209.701710,  102, 0.00,   13, 0.000, 0.000, 0.015, 48
train,    7389, 212.469929,   96, 0.00,   11, 0.000, 0.000, 0.015, 48
train,    7390, 212.980444,   96, 0.00,   14, 0.000, 0.000, 0.015, 48
update,   7390,  739, 664273, 193.353948, 0.000000
train,    7391, 224.815928,   91, 0.00,   14, 0.000, 0.000, 0.015, 48
train,    7392, 208.161051,  111, 0.00,   11, 0.000, 0.000, 0.015, 48
train,    7393, 251.842623,   83, 0.00,   16, 0.000, 0.000, 0.015, 48
train,    7394, 208.342476,  111, 0.00,   13, 0.000, 0.000, 0.015, 48
train,    7395, 239.802557,   98, 0.00,   13, 0.000, 0.000, 0.015, 48
train,    7396, 224.244154,  104, 0.00,   13, 0.000, 0.000, 0.015, 48
train,    7397, 213.027688,  101, 0.00,   11, 0.000, 0.000, 0.015, 48
train,    7398, 197.757491,   82, 0.00,   14, 0.000, 0.000, 0.015, 48
train,    7399, 202.879545,  101, 0.00,   15, 0.000, 0.000, 0.015, 48
train,    7400, 190.505830,   81, 0.00,   13, 0.000, 0.000, 0.015, 48
update,   7400,  740, 665236, 191.056050, 0.000000
val_t, 7400, 665236, 190.809670, 0.0145,  83.2846,   0.0873, 1.0000,  28.9833, progress 0.9499
train,    7401, 233.930398,   77, 0.00,   14, 0.000, 0.000, 0.014, 48
train,    7402, 191.890667,  107, 0.00,   14, 0.000, 0.000, 0.014, 48
train,    7403, 199.278126,   95, 0.00,   13, 0.000, 0.000, 0.014, 48
train,    7404, 202.826942,   70, 0.00,   13, 0.000, 0.000, 0.014, 48
train,    7405, 204.955364,   74, 0.00,   13, 0.000, 0.000, 0.014, 48
train,    7406, 199.616380,  107, 0.00,   14, 0.000, 0.000, 0.014, 48
train,    7407, 221.360431,  118, 0.00,   14, 0.000, 0.000, 0.014, 48
train,    7408, 208.262526,   84, 0.00,   15, 0.000, 0.000, 0.014, 48
train,    7409, 139.449493,   78, 1.00,   10, 0.000, 0.000, 0.014, 48
train,    7410, 207.898002,   95, 0.00,   12, 0.000, 0.000, 0.014, 48
update,   7410,  741, 666141, 213.281570, 0.000000
train,    7411, 219.075458,   93, 0.00,   11, 0.000, 0.000, 0.014, 48
train,    7412, 232.147796,   96, 0.00,   16, 0.000, 0.000, 0.014, 48
train,    7413, 229.574750,   97, 0.00,   13, 0.000, 0.000, 0.014, 48
train,    7414, 225.615567,  105, 0.00,   11, 0.000, 0.000, 0.014, 48
train,    7415, 244.357499,   88, 0.00,   13, 0.000, 0.000, 0.014, 48
train,    7416, 197.008820,   92, 0.00,   12, 0.000, 0.000, 0.014, 48
train,    7417, 251.340628,   79, 0.00,   14, 0.000, 0.000, 0.014, 48
train,    7418, 128.815398,   86, 1.00,   12, 0.000, 0.000, 0.014, 48
train,    7419, 218.991363,  104, 0.00,   13, 0.000, 0.000, 0.014, 48
train,    7420, 251.988825,   83, 0.00,   14, 0.000, 0.000, 0.014, 48
update,   7420,  742, 667064, 188.686064, 0.000000
train,    7421, 182.277589,   86, 0.00,   15, 0.000, 0.000, 0.014, 48
train,    7422, 129.377037,   61, 1.00,   11, 0.000, 0.000, 0.014, 48
train,    7423, 222.677764,   87, 0.00,   15, 0.000, 0.000, 0.014, 48
train,    7424, 232.127264,  116, 0.00,   14, 0.000, 0.000, 0.014, 48
train,    7425, 239.889664,   83, 0.00,   13, 0.000, 0.000, 0.014, 48
train,    7426, 198.034832,   94, 0.00,   13, 0.000, 0.000, 0.014, 48
train,    7427, 230.253485,   91, 0.00,   13, 0.000, 0.000, 0.014, 48
train,    7428, 214.851705,   84, 0.00,   13, 0.000, 0.000, 0.014, 48
train,    7429, 212.821792,  106, 0.00,   12, 0.000, 0.000, 0.014, 48
train,    7430, 200.300512,  100, 0.00,   13, 0.000, 0.000, 0.014, 48
update,   7430,  743, 667972, 188.203159, 0.000000
train,    7431, 199.645248,   88, 0.00,   14, 0.000, 0.000, 0.014, 48
train,    7432, 260.000000,   88, 0.00,   15, 0.000, 0.000, 0.014, 48
train,    7433, 254.626413,  107, 0.00,   12, 0.000, 0.000, 0.014, 48
train,    7434, 224.031747,  108, 0.00,   15, 0.000, 0.000, 0.014, 48
train,    7435, 260.000000,   83, 0.00,   13, 0.000, 0.000, 0.014, 48
train,    7436, 226.011071,   90, 0.00,   16, 0.000, 0.000, 0.014, 48
train,    7437, 185.604911,   81, 0.00,   13, 0.000, 0.000, 0.014, 48
train,    7438, 226.966794,   88, 0.00,   12, 0.000, 0.000, 0.014, 48
train,    7439, 216.085884,   85, 0.00,   13, 0.000, 0.000, 0.014, 48
train,    7440, 208.927677,   91, 0.00,   10, 0.000, 0.000, 0.014, 48
update,   7440,  744, 668881, 208.338635, 0.000000
train,    7441, 189.946787,   86, 0.00,   15, 0.000, 0.000, 0.014, 48
train,    7442, 242.313673,   86, 0.00,   16, 0.000, 0.000, 0.014, 48
train,    7443, 218.582459,   70, 0.00,   12, 0.000, 0.000, 0.014, 48
train,    7444, 199.849941,  103, 0.00,   12, 0.000, 0.000, 0.014, 48
train,    7445, 228.077755,   82, 0.00,   13, 0.000, 0.000, 0.014, 48
train,    7446, 230.782534,  106, 0.00,   15, 0.000, 0.000, 0.014, 48
train,    7447, 210.367852,   90, 0.00,   14, 0.000, 0.000, 0.014, 48
train,    7448, 198.968535,   95, 0.00,   13, 0.000, 0.000, 0.014, 48
train,    7449, 233.723426,  101, 0.00,   14, 0.000, 0.000, 0.014, 48
train,    7450, 208.051418,   79, 0.00,   14, 0.000, 0.000, 0.014, 48
update,   7450,  745, 669779, 184.174882, 0.000000
train,    7451, 196.397876,   80, 0.00,   15, 0.000, 0.000, 0.014, 48
train,    7452, 213.329920,  101, 0.00,   13, 0.000, 0.000, 0.014, 48
train,    7453, 196.470442,   96, 0.00,   12, 0.000, 0.000, 0.014, 48
train,    7454, 203.282196,   96, 0.00,   15, 0.000, 0.000, 0.014, 48
train,    7455, 226.244859,   81, 0.00,   16, 0.000, 0.000, 0.014, 48
train,    7456, 193.746831,   87, 0.00,   13, 0.000, 0.000, 0.014, 48
train,    7457, 219.046823,   93, 0.00,   13, 0.000, 0.000, 0.014, 48
train,    7458, 221.942788,   95, 0.00,   12, 0.000, 0.000, 0.014, 48
train,    7459, 223.122979,   75, 0.00,   13, 0.000, 0.000, 0.014, 48
train,    7460, 211.519114,   99, 0.00,   14, 0.000, 0.000, 0.014, 48
update,   7460,  746, 670682, 201.433909, 0.000000
train,    7461, 223.678935,  120, 0.00,   16, 0.000, 0.000, 0.014, 48
train,    7462, 205.344431,   86, 0.00,   12, 0.000, 0.000, 0.014, 48
train,    7463, 233.846169,  105, 0.00,   12, 0.000, 0.000, 0.014, 48
train,    7464, 225.630828,   91, 0.00,   12, 0.000, 0.000, 0.014, 48
train,    7465, 225.660777,   93, 0.00,   14, 0.000, 0.000, 0.014, 48
train,    7466, 224.543749,   99, 0.00,   15, 0.000, 0.000, 0.014, 48
train,    7467, 220.270114,   98, 0.00,   12, 0.000, 0.000, 0.014, 48
train,    7468, 227.116382,   79, 0.00,   13, 0.000, 0.000, 0.014, 48
train,    7469, 199.632439,   91, 0.00,   14, 0.000, 0.000, 0.014, 48
train,    7470, 214.350879,  103, 0.00,   14, 0.000, 0.000, 0.014, 48
update,   7470,  747, 671647, 200.272692, 0.000000
train,    7471, 222.652915,   81, 0.00,   14, 0.000, 0.000, 0.014, 48
train,    7472, 224.943420,   77, 0.00,   14, 0.000, 0.000, 0.014, 48
train,    7473, 218.362957,   83, 0.00,   14, 0.000, 0.000, 0.014, 48
train,    7474, 238.177683,   96, 0.00,   14, 0.000, 0.000, 0.014, 48
train,    7475, 241.318670,   83, 0.00,   13, 0.000, 0.000, 0.014, 48
train,    7476, 255.267251,  108, 0.00,   12, 0.000, 0.000, 0.014, 48
train,    7477, 229.800591,   88, 0.00,   14, 0.000, 0.000, 0.014, 48
train,    7478, 220.672198,  101, 0.00,   14, 0.000, 0.000, 0.014, 48
train,    7479, 219.890920,  113, 0.00,   11, 0.000, 0.000, 0.014, 48
train,    7480, 157.941738,   93, 1.00,   13, 0.000, 0.000, 0.014, 48
update,   7480,  748, 672570, 196.275206, 0.000000
train,    7481, 213.830145,   90, 0.00,   12, 0.000, 0.000, 0.014, 48
train,    7482, 208.891019,   87, 0.00,   14, 0.000, 0.000, 0.014, 48
train,    7483, 208.017530,  103, 0.00,   11, 0.000, 0.000, 0.014, 48
train,    7484, 245.109216,   80, 0.00,   14, 0.000, 0.000, 0.014, 48
train,    7485, 213.535546,   94, 0.00,   16, 0.000, 0.000, 0.014, 48
train,    7486, 248.217465,   82, 0.00,   13, 0.000, 0.000, 0.014, 48
train,    7487, 205.327076,   78, 0.00,   13, 0.000, 0.000, 0.014, 48
train,    7488, 243.100507,   86, 0.00,   15, 0.000, 0.000, 0.014, 48
train,    7489, 185.970012,   85, 0.00,   13, 0.000, 0.000, 0.014, 48
train,    7490, 219.730183,   98, 0.00,   13, 0.000, 0.000, 0.014, 48
update,   7490,  749, 673453, 180.871835, 0.000000
train,    7491, 179.540567,   84, 0.00,   14, 0.000, 0.000, 0.014, 48
train,    7492, 210.273568,   87, 0.00,   13, 0.000, 0.000, 0.014, 48
train,    7493, 219.833950,  101, 0.00,   14, 0.000, 0.000, 0.014, 48
train,    7494, 203.774410,   98, 0.00,   13, 0.000, 0.000, 0.014, 48
train,    7495, 174.785755,  103, 0.00,   14, 0.000, 0.000, 0.014, 48
train,    7496, 227.500527,   81, 0.00,   14, 0.000, 0.000, 0.014, 48
train,    7497, 248.249621,   99, 0.00,   14, 0.000, 0.000, 0.014, 48
train,    7498, 216.049231,  101, 0.00,   14, 0.000, 0.000, 0.014, 48
train,    7499, 206.588607,   91, 0.00,   12, 0.000, 0.000, 0.014, 48
train,    7500, 210.116152,   85, 0.00,   14, 0.000, 0.000, 0.014, 48
update,   7500,  750, 674383, 200.282932, 0.000000
val_t, 7500, 674383, 183.567159, 0.0157,  93.7688,   0.0694, 0.9622,  28.6654, progress 0.9973
train,    7501, 240.330320,   90, 0.00,   14, 0.000, 0.000, 0.014, 48
train,    7502, 218.576406,   84, 0.00,   13, 0.000, 0.000, 0.014, 48
train,    7503, 225.896820,  120, 0.00,   14, 0.000, 0.000, 0.014, 48
train,    7504, 239.218227,   88, 0.00,   13, 0.000, 0.000, 0.014, 48
train,    7505, 260.000000,   90, 0.00,   16, 0.000, 0.000, 0.014, 48
train,    7506, 213.993932,  100, 0.00,   14, 0.000, 0.000, 0.014, 48
train,    7507, 149.354715,   75, 1.00,   13, 0.000, 0.000, 0.014, 48
train,    7508, 199.004569,   99, 0.00,   12, 0.000, 0.000, 0.014, 48
train,    7509, 230.287558,  101, 0.00,   13, 0.000, 0.000, 0.014, 48
train,    7510, 216.884777,   97, 0.00,   14, 0.000, 0.000, 0.014, 48
update,   7510,  751, 675327, 211.232262, 0.000000
train,    7511, 185.520797,  114, 0.00,   11, 0.000, 0.000, 0.014, 48
train,    7512, 143.450664,   72, 1.00,   11, 0.000, 0.000, 0.014, 48
train,    7513, 200.709379,  102, 0.00,   11, 0.000, 0.000, 0.014, 48
train,    7514, 180.000000,   93, 1.00,   12, 0.000, 0.000, 0.014, 48
train,    7515, 239.061763,  113, 0.00,   15, 0.000, 0.000, 0.014, 48
train,    7516, 221.733768,  102, 0.00,   12, 0.000, 0.000, 0.014, 48
train,    7517, 230.401382,  106, 0.00,   15, 0.000, 0.000, 0.014, 48
train,    7518, 179.604733,   75, 0.00,   14, 0.000, 0.000, 0.014, 48
train,    7519, 225.102901,  108, 0.00,   14, 0.000, 0.000, 0.014, 48
train,    7520, 236.571167,   70, 0.00,   14, 0.000, 0.000, 0.014, 48
update,   7520,  752, 676282, 204.897223, 0.000000
train,    7521, 228.894026,   94, 0.00,   15, 0.000, 0.000, 0.014, 48
train,    7522, 213.912221,  102, 0.00,   15, 0.000, 0.000, 0.014, 48
train,    7523, 215.447670,   94, 0.00,   12, 0.000, 0.000, 0.014, 48
train,    7524, 190.162359,   84, 0.00,   14, 0.000, 0.000, 0.014, 48
train,    7525, 217.144219,   82, 0.00,   13, 0.000, 0.000, 0.014, 48
train,    7526, 239.745904,   97, 0.00,   11, 0.000, 0.000, 0.014, 48
train,    7527, 226.248375,   95, 0.00,   15, 0.000, 0.000, 0.014, 48
train,    7528, 222.845956,   83, 0.00,   13, 0.000, 0.000, 0.014, 48
train,    7529, 255.830385,   91, 0.00,   15, 0.000, 0.000, 0.014, 48
train,    7530, 218.667343,   96, 0.00,   15, 0.000, 0.000, 0.014, 48
update,   7530,  753, 677200, 199.674948, 0.000000
train,    7531, 202.396502,   93, 0.00,   13, 0.000, 0.000, 0.014, 48
train,    7532, 229.093118,   86, 0.00,   13, 0.000, 0.000, 0.014, 48
train,    7533, 248.025250,  115, 0.00,   14, 0.000, 0.000, 0.014, 48
train,    7534, 242.749666,   89, 0.00,   14, 0.000, 0.000, 0.014, 48
train,    7535, 213.433034,   89, 0.00,   13, 0.000, 0.000, 0.014, 48
train,    7536, 194.585627,  109, 0.00,   15, 0.000, 0.000, 0.014, 48
train,    7537, 142.360071,   87, 1.00,   13, 0.000, 0.000, 0.014, 48
train,    7538, 202.677753,  105, 0.00,   13, 0.000, 0.000, 0.014, 48
train,    7539, 240.903310,  101, 0.00,   13, 0.000, 0.000, 0.014, 48
train,    7540, 225.063322,   86, 0.00,   13, 0.000, 0.000, 0.014, 48
update,   7540,  754, 678160, 188.956538, 0.000000
train,    7541, 243.665219,  114, 0.00,   14, 0.000, 0.000, 0.014, 48
train,    7542, 207.567891,  114, 0.00,   12, 0.000, 0.000, 0.014, 48
train,    7543, 116.538053,   79, 1.00,   12, 0.000, 0.000, 0.014, 48
train,    7544, 218.928949,  104, 0.00,   11, 0.000, 0.000, 0.014, 48
train,    7545, 229.451115,   87, 0.00,   13, 0.000, 0.000, 0.014, 48
train,    7546, 220.315311,   93, 0.00,   14, 0.000, 0.000, 0.014, 48
train,    7547, 221.064686,   70, 0.00,   15, 0.000, 0.000, 0.014, 48
train,    7548, 205.561948,   87, 0.00,   14, 0.000, 0.000, 0.014, 48
train,    7549, 241.550355,   95, 0.00,   13, 0.000, 0.000, 0.014, 48
train,    7550, 214.187013,  109, 0.00,   15, 0.000, 0.000, 0.014, 48
update,   7550,  755, 679112, 187.091050, 0.000000
train,    7551, 190.456523,   99, 0.00,   13, 0.000, 0.000, 0.014, 48
train,    7552, 214.131214,  110, 0.00,   13, 0.000, 0.000, 0.014, 48
train,    7553, 207.979733,   86, 0.00,   12, 0.000, 0.000, 0.014, 48
train,    7554, 235.107369,  108, 0.00,   14, 0.000, 0.000, 0.014, 48
train,    7555, 210.677687,   90, 0.00,   13, 0.000, 0.000, 0.014, 48
train,    7556, 219.830248,   88, 0.00,   13, 0.000, 0.000, 0.014, 48
train,    7557, 216.557554,  108, 0.00,   14, 0.000, 0.000, 0.014, 48
train,    7558, 212.247951,   88, 0.00,   14, 0.000, 0.000, 0.014, 48
train,    7559, 236.587748,   88, 0.00,   15, 0.000, 0.000, 0.014, 48
train,    7560, 134.748223,   76, 1.00,   12, 0.000, 0.000, 0.014, 48
update,   7560,  756, 680053, 172.279592, 0.000000
train,    7561, 241.202224,   88, 0.00,   12, 0.000, 0.000, 0.014, 48
train,    7562, 198.956892,  107, 0.00,   14, 0.000, 0.000, 0.014, 48
train,    7563, 202.518492,  104, 0.00,   13, 0.000, 0.000, 0.014, 48
train,    7564, 234.182573,  102, 0.00,   15, 0.000, 0.000, 0.014, 48
train,    7565, 202.204572,   99, 0.00,   15, 0.000, 0.000, 0.014, 48
train,    7566, 186.649677,  119, 0.00,   16, 0.000, 0.000, 0.014, 48
train,    7567, 260.000000,   88, 0.00,   13, 0.000, 0.000, 0.014, 48
train,    7568, 150.942034,   79, 1.00,   11, 0.000, 0.000, 0.014, 48
train,    7569, 211.943017,   85, 0.00,   13, 0.000, 0.000, 0.014, 48
train,    7570, 208.253894,   76, 0.00,   16, 0.000, 0.000, 0.014, 48
update,   7570,  757, 681000, 182.674241, 0.000000
train,    7571, 219.547540,  112, 0.00,   12, 0.000, 0.000, 0.014, 48
train,    7572, 224.376748,   85, 0.00,   13, 0.000, 0.000, 0.014, 48
train,    7573, 212.604305,  101, 0.00,   11, 0.000, 0.000, 0.014, 48
train,    7574, 243.154422,   84, 0.00,   13, 0.000, 0.000, 0.014, 48
train,    7575, 243.068747,   86, 0.00,   15, 0.000, 0.000, 0.014, 48
train,    7576, 220.102253,   96, 0.00,   14, 0.000, 0.000, 0.014, 48
train,    7577, 243.326591,   90, 0.00,   13, 0.000, 0.000, 0.014, 48
train,    7578, 246.282438,  103, 0.00,   13, 0.000, 0.000, 0.014, 48
train,    7579, 222.621239,   84, 0.00,   12, 0.000, 0.000, 0.013, 48
train,    7580, 190.251400,  113, 0.00,   15, 0.000, 0.000, 0.013, 48
update,   7580,  758, 681954, 171.777561, 0.000000
train,    7581, 233.433594,   86, 0.00,   12, 0.000, 0.000, 0.013, 48
train,    7582, 212.431387,   84, 0.00,   15, 0.000, 0.000, 0.013, 48
train,    7583, 190.181613,   82, 0.00,   12, 0.000, 0.000, 0.013, 48
train,    7584, 205.332762,  103, 0.00,   15, 0.000, 0.000, 0.013, 48
train,    7585, 202.708816,  109, 0.00,   10, 0.000, 0.000, 0.013, 48
train,    7586, 219.278096,  108, 0.00,   15, 0.000, 0.000, 0.013, 48
train,    7587, 201.975966,   83, 0.00,   14, 0.000, 0.000, 0.013, 48
train,    7588, 206.866397,  110, 0.00,   11, 0.000, 0.000, 0.013, 48
train,    7589, 235.989221,   88, 0.00,   14, 0.000, 0.000, 0.013, 48
train,    7590, 226.596703,  100, 0.00,   15, 0.000, 0.000, 0.013, 48
update,   7590,  759, 682907, 194.667655, 0.000000
train,    7591, 222.310460,  104, 0.00,   12, 0.000, 0.000, 0.013, 48
train,    7592, 225.237566,  111, 0.00,   13, 0.000, 0.000, 0.013, 48
train,    7593, 196.318188,  112, 0.00,   13, 0.000, 0.000, 0.013, 48
train,    7594, 221.813998,   96, 0.00,   14, 0.000, 0.000, 0.013, 48
train,    7595, 220.450500,   99, 0.00,   12, 0.000, 0.000, 0.013, 48
train,    7596, 195.994040,  119, 0.00,   14, 0.000, 0.000, 0.013, 48
train,    7597, 203.968115,  113, 0.00,   14, 0.000, 0.000, 0.013, 48
train,    7598, 222.334275,  100, 0.00,   14, 0.000, 0.000, 0.013, 48
train,    7599, 228.515035,  102, 0.00,   14, 0.000, 0.000, 0.013, 48
train,    7600, 111.850101,   64, 1.00,   12, 0.000, 0.000, 0.013, 48
update,   7600,  760, 683927, 179.815450, 0.000000
val_t, 7600, 683927, 203.809976, 0.0403,  83.8515,   0.0604, 0.9490,  28.5500, progress 0.9766
train,    7601, 199.547790,  105, 0.00,   12, 0.000, 0.000, 0.013, 48
train,    7602, 226.995112,   83, 0.00,   15, 0.000, 0.000, 0.013, 48
train,    7603, 216.411600,  100, 0.00,   14, 0.000, 0.000, 0.013, 48
train,    7604, 236.454073,  111, 0.00,   13, 0.000, 0.000, 0.013, 48
train,    7605, 223.617684,   99, 0.00,   15, 0.000, 0.000, 0.013, 48
train,    7606, 199.167176,   96, 0.00,   13, 0.000, 0.000, 0.013, 48
train,    7607, 133.682085,   63, 1.00,   12, 0.000, 0.000, 0.013, 48
train,    7608, 247.183408,   85, 0.00,   15, 0.000, 0.000, 0.013, 48
train,    7609, 224.259190,  104, 0.00,   13, 0.000, 0.000, 0.013, 48
train,    7610, 215.378679,   95, 0.00,   12, 0.000, 0.000, 0.013, 48
update,   7610,  761, 684868, 182.287559, 0.000000
train,    7611, 239.239103,   77, 0.00,   11, 0.000, 0.000, 0.013, 48
train,    7612, 236.411665,   95, 0.00,   15, 0.000, 0.000, 0.013, 48
train,    7613, 213.238001,   99, 0.00,   14, 0.000, 0.000, 0.013, 48
train,    7614, 204.957848,   89, 0.00,   15, 0.000, 0.000, 0.013, 48
train,    7615, 53.088114,   64, 1.00,   10, 0.000, 0.000, 0.013, 48
train,    7616, 249.212425,  107, 0.00,   12, 0.000, 0.000, 0.013, 48
train,    7617, 197.414833,  108, 0.00,   12, 0.000, 0.000, 0.013, 48
train,    7618, 214.342344,  112, 0.00,   13, 0.000, 0.000, 0.013, 48
train,    7619, 212.950621,   78, 0.00,   14, 0.000, 0.000, 0.013, 48
train,    7620, 211.048805,   70, 0.00,   13, 0.000, 0.000, 0.013, 48
update,   7620,  762, 685767, 156.640252, 0.000000
train,    7621, 229.181747,   95, 0.00,   13, 0.000, 0.000, 0.013, 48
train,    7622, 149.879201,   73, 1.00,   12, 0.000, 0.000, 0.013, 48
train,    7623, 235.257443,   94, 0.00,   15, 0.000, 0.000, 0.013, 48
train,    7624, 247.239452,  106, 0.00,   12, 0.000, 0.000, 0.013, 48
train,    7625, 197.784571,  110, 0.00,   13, 0.000, 0.000, 0.013, 48
train,    7626, 237.377130,   89, 0.00,   15, 0.000, 0.000, 0.013, 48
train,    7627, 220.462470,  101, 0.00,   15, 0.000, 0.000, 0.013, 48
train,    7628, 206.912061,   87, 0.00,   13, 0.000, 0.000, 0.013, 48
train,    7629, 236.006959,  102, 0.00,   15, 0.000, 0.000, 0.013, 48
train,    7630, 233.592670,  102, 0.00,   13, 0.000, 0.000, 0.013, 48
update,   7630,  763, 686726, 187.612719, 0.000000
train,    7631, 215.971834,   95, 0.00,   14, 0.000, 0.000, 0.013, 48
train,    7632, 215.970218,   99, 0.00,   12, 0.000, 0.000, 0.013, 48
train,    7633, 234.496644,  104, 0.00,   14, 0.000, 0.000, 0.013, 48
train,    7634, 134.065819,   86, 1.00,   11, 0.000, 0.000, 0.013, 48
train,    7635, 239.407417,  113, 0.00,   15, 0.000, 0.000, 0.013, 48
train,    7636, 219.969380,   96, 0.00,   13, 0.000, 0.000, 0.013, 48
train,    7637, 212.266765,   99, 0.00,   13, 0.000, 0.000, 0.013, 48
train,    7638, 226.706520,  111, 0.00,   13, 0.000, 0.000, 0.013, 48
train,    7639, 195.185119,   91, 0.00,   13, 0.000, 0.000, 0.013, 48
train,    7640, 236.646160,   95, 0.00,   12, 0.000, 0.000, 0.013, 48
update,   7640,  764, 687715, 185.450459, 0.000000
train,    7641, 201.294425,  111, 0.00,   12, 0.000, 0.000, 0.013, 48
train,    7642, 186.892711,  120, 0.00,   14, 0.000, 0.000, 0.013, 48
train,    7643, 211.114827,   96, 0.00,   13, 0.000, 0.000, 0.013, 48
train,    7644, 197.755862,   84, 0.00,   13, 0.000, 0.000, 0.013, 48
train,    7645, 201.502951,  103, 0.00,   13, 0.000, 0.000, 0.013, 48
train,    7646, 211.388530,  114, 0.00,   14, 0.000, 0.000, 0.013, 48
train,    7647, 212.380110,   94, 0.00,   13, 0.000, 0.000, 0.013, 48
train,    7648, 192.529270,  100, 0.00,   10, 0.000, 0.000, 0.013, 48
train,    7649, 193.400820,   95, 0.00,   14, 0.000, 0.000, 0.013, 48
train,    7650, 195.788719,  108, 0.00,   12, 0.000, 0.000, 0.013, 48
update,   7650,  765, 688740, 168.927958, 0.000000
train,    7651, 189.674882,  103, 0.00,   11, 0.000, 0.000, 0.013, 48
train,    7652, 201.278118,  111, 0.00,   12, 0.000, 0.000, 0.013, 48
train,    7653, 198.364454,   88, 0.00,   13, 0.000, 0.000, 0.013, 48
train,    7654, 236.291323,  110, 0.00,   14, 0.000, 0.000, 0.013, 48
train,    7655, 201.634676,  101, 0.00,   14, 0.000, 0.000, 0.013, 48
train,    7656, 209.101425,  101, 0.00,   13, 0.000, 0.000, 0.013, 48
train,    7657, 241.734660,  103, 0.00,   14, 0.000, 0.000, 0.013, 48
train,    7658, 199.188481,   96, 0.00,   11, 0.000, 0.000, 0.013, 48
train,    7659, 201.182247,  102, 0.00,   12, 0.000, 0.000, 0.013, 48
train,    7660, 206.085991,  110, 0.00,   12, 0.000, 0.000, 0.013, 48
update,   7660,  766, 689765, 163.069581, 0.000000
train,    7661, 235.931250,  102, 0.00,   12, 0.000, 0.000, 0.013, 48
train,    7662, 223.123194,  107, 0.00,   12, 0.000, 0.000, 0.013, 48
train,    7663, 212.674140,   90, 0.00,   14, 0.000, 0.000, 0.013, 48
train,    7664, 216.992165,   90, 0.00,   14, 0.000, 0.000, 0.013, 48
train,    7665, 209.715199,  120, 0.00,   15, 0.000, 0.000, 0.013, 48
train,    7666, 207.675466,  117, 0.00,   13, 0.000, 0.000, 0.013, 48
train,    7667, 200.570230,  106, 0.00,   14, 0.000, 0.000, 0.013, 48
train,    7668, 227.353054,   98, 0.00,   14, 0.000, 0.000, 0.013, 48
train,    7669, 235.344432,  112, 0.00,   14, 0.000, 0.000, 0.013, 48
train,    7670, 215.254031,   98, 0.00,   14, 0.000, 0.000, 0.013, 48
update,   7670,  767, 690805, 174.802693, 0.000000
train,    7671, 245.118782,   99, 0.00,   15, 0.000, 0.000, 0.013, 48
train,    7672, 212.305403,  102, 0.00,   14, 0.000, 0.000, 0.013, 48
train,    7673, 233.704225,  117, 0.00,   14, 0.000, 0.000, 0.013, 48
train,    7674, 223.553189,   91, 0.00,   12, 0.000, 0.000, 0.013, 48
train,    7675, 210.759177,  102, 0.00,   15, 0.000, 0.000, 0.013, 48
train,    7676, 199.792157,  107, 0.00,   13, 0.000, 0.000, 0.013, 48
train,    7677, 240.410920,  115, 0.00,   14, 0.000, 0.000, 0.013, 48
train,    7678, 221.677691,  108, 0.00,   14, 0.000, 0.000, 0.013, 48
train,    7679, 239.297294,  110, 0.00,   13, 0.000, 0.000, 0.013, 48
train,    7680, 193.817821,   80, 0.00,   14, 0.000, 0.000, 0.013, 48
update,   7680,  768, 691836, 172.050643, 0.000000
train,    7681, 228.739896,   95, 0.00,   14, 0.000, 0.000, 0.013, 48
train,    7682, 202.370596,   91, 0.00,   14, 0.000, 0.000, 0.013, 48
train,    7683, 202.243577,  103, 0.00,   13, 0.000, 0.000, 0.013, 48
train,    7684, 179.455489,  102, 0.00,   14, 0.000, 0.000, 0.013, 48
train,    7685, 172.277985,  113, 0.00,   11, 0.000, 0.000, 0.013, 48
train,    7686, 214.869312,  108, 0.00,   14, 0.000, 0.000, 0.013, 48
train,    7687, 137.793169,   79, 1.00,   11, 0.000, 0.000, 0.013, 48
train,    7688, 220.140930,   90, 0.00,   15, 0.000, 0.000, 0.013, 48
train,    7689, 222.506256,  105, 0.00,   14, 0.000, 0.000, 0.013, 48
train,    7690, 239.032647,  106, 0.00,   15, 0.000, 0.000, 0.013, 48
update,   7690,  769, 692828, 184.365018, 0.000000
train,    7691, 187.242294,  109, 0.00,   13, 0.000, 0.000, 0.013, 48
train,    7692, 243.292696,  110, 0.00,   15, 0.000, 0.000, 0.013, 48
train,    7693, 234.326395,  111, 0.00,   13, 0.000, 0.000, 0.013, 48
train,    7694, 215.138066,   95, 0.00,   14, 0.000, 0.000, 0.013, 48
train,    7695, 209.565772,  115, 0.00,   12, 0.000, 0.000, 0.013, 48
train,    7696, 212.746614,  110, 0.00,   14, 0.000, 0.000, 0.013, 48
train,    7697, 204.361635,  101, 0.00,   13, 0.000, 0.000, 0.013, 48
train,    7698, 244.525810,  108, 0.00,   15, 0.000, 0.000, 0.013, 48
train,    7699, 218.582756,  118, 0.00,   14, 0.000, 0.000, 0.013, 48
train,    7700, 205.118134,  118, 0.00,   11, 0.000, 0.000, 0.013, 48
update,   7700,  770, 693923, 185.751912, 0.000000
val_t, 7700, 693923, 207.221003, 0.0344,  84.4822,   0.0638, 0.9990,  28.3018, progress 0.9621
train,    7701, 229.357101,  113, 0.00,   14, 0.000, 0.000, 0.013, 48
train,    7702, 213.127645,  108, 0.00,   13, 0.000, 0.000, 0.013, 48
train,    7703, 209.180387,  105, 0.00,   15, 0.000, 0.000, 0.013, 48
train,    7704, 202.769461,  120, 0.00,   13, 0.000, 0.000, 0.013, 48
train,    7705, 249.177088,  120, 0.00,   13, 0.000, 0.000, 0.013, 48
train,    7706, 196.335327,  119, 0.00,   14, 0.000, 0.000, 0.013, 48
train,    7707, 214.629947,   95, 0.00,   14, 0.000, 0.000, 0.013, 48
train,    7708, 217.925630,  103, 0.00,   13, 0.000, 0.000, 0.013, 48
train,    7709, 174.414475,   98, 0.00,   13, 0.000, 0.000, 0.013, 48
train,    7710, 204.763942,   88, 0.00,   13, 0.000, 0.000, 0.013, 48
update,   7710,  771, 694992, 186.776146, 0.000000
train,    7711, 220.048891,   93, 0.00,   15, 0.000, 0.000, 0.013, 48
train,    7712, 222.063527,  102, 0.00,   13, 0.000, 0.000, 0.013, 48
train,    7713, 223.230582,  111, 0.00,   11, 0.000, 0.000, 0.013, 48
train,    7714, 254.520836,  100, 0.00,   14, 0.000, 0.000, 0.013, 48
train,    7715, 233.584755,  101, 0.00,   14, 0.000, 0.000, 0.013, 48
train,    7716, 205.656774,   96, 0.00,   15, 0.000, 0.000, 0.013, 48
train,    7717, 216.580442,  120, 0.00,   14, 0.000, 0.000, 0.013, 48
train,    7718, 229.781482,  106, 0.00,   13, 0.000, 0.000, 0.013, 48
train,    7719, 224.805293,  107, 0.00,   14, 0.000, 0.000, 0.013, 48
train,    7720, 233.089021,   95, 0.00,   11, 0.000, 0.000, 0.013, 48
update,   7720,  772, 696023, 207.348372, 0.000000
train,    7721, 195.121111,   94, 0.00,   15, 0.000, 0.000, 0.013, 48
train,    7722, 229.629909,  117, 0.00,   15, 0.000, 0.000, 0.013, 48
train,    7723, 220.461256,   95, 0.00,   14, 0.000, 0.000, 0.013, 48
train,    7724, 219.528858,  112, 0.00,   13, 0.000, 0.000, 0.013, 48
train,    7725, 260.000000,   94, 0.00,   16, 0.000, 0.000, 0.013, 48
train,    7726, 225.204970,   89, 0.00,   14, 0.000, 0.000, 0.013, 48
train,    7727, 190.674401,  110, 0.00,   14, 0.000, 0.000, 0.013, 48
train,    7728, 227.192147,   98, 0.00,   12, 0.000, 0.000, 0.013, 48
train,    7729, 227.612423,  120, 0.00,   14, 0.000, 0.000, 0.013, 48
train,    7730, 116.191606,   67, 1.00,   10, 0.000, 0.000, 0.013, 48
update,   7730,  773, 697019, 173.456094, 0.000000
train,    7731, 230.437377,  118, 0.00,   15, 0.000, 0.000, 0.013, 48
train,    7732, 227.413675,   79, 0.00,   11, 0.000, 0.000, 0.013, 48
train,    7733, 224.603829,  101, 0.00,   14, 0.000, 0.000, 0.013, 48
train,    7734, 226.590281,   97, 0.00,   14, 0.000, 0.000, 0.013, 48
train,    7735, 206.200909,   98, 0.00,   14, 0.000, 0.000, 0.013, 48
train,    7736, 126.354820,   89, 1.00,   14, 0.000, 0.000, 0.013, 48
train,    7737, 250.200672,   99, 0.00,   15, 0.000, 0.000, 0.013, 48
train,    7738, 226.779337,   98, 0.00,   14, 0.000, 0.000, 0.013, 48
train,    7739, 206.593054,  104, 0.00,   14, 0.000, 0.000, 0.013, 48
train,    7740, 220.225921,   98, 0.00,   14, 0.000, 0.000, 0.013, 48
update,   7740,  774, 698000, 183.613580, 0.000000
train,    7741, 228.585534,  101, 0.00,   14, 0.000, 0.000, 0.013, 48
train,    7742, 189.337663,  119, 0.00,   13, 0.000, 0.000, 0.013, 48
train,    7743, 210.122866,  105, 0.00,   14, 0.000, 0.000, 0.013, 48
train,    7744, 198.493670,  117, 0.00,   13, 0.000, 0.000, 0.013, 48
train,    7745, 233.896258,  112, 0.00,   12, 0.000, 0.000, 0.013, 48
train,    7746, 210.927059,  117, 0.00,   13, 0.000, 0.000, 0.013, 48
train,    7747, 204.665060,  120, 0.00,   14, 0.000, 0.000, 0.013, 48
train,    7748, 243.308237,   99, 0.00,   13, 0.000, 0.000, 0.013, 48
train,    7749, 201.089433,  107, 0.00,   14, 0.000, 0.000, 0.013, 48
train,    7750, 239.424547,  110, 0.00,   15, 0.000, 0.000, 0.013, 48
update,   7750,  775, 699107, 170.211662, 0.000000
train,    7751, 223.676365,   92, 0.00,   14, 0.000, 0.000, 0.013, 48
train,    7752, 232.793060,  120, 0.00,   11, 0.000, 0.000, 0.013, 48
train,    7753, 200.770921,   96, 0.00,   14, 0.000, 0.000, 0.013, 48
train,    7754, 229.045981,   93, 0.00,   14, 0.000, 0.000, 0.013, 48
train,    7755, 211.217737,  110, 0.00,   15, 0.000, 0.000, 0.013, 48
train,    7756, 254.989796,   94, 0.00,   12, 0.000, 0.000, 0.013, 48
train,    7757, 229.730068,  115, 0.00,   14, 0.000, 0.000, 0.013, 48
train,    7758, 222.315305,   91, 0.00,   13, 0.000, 0.000, 0.013, 48
train,    7759, 221.113120,  101, 0.00,   13, 0.000, 0.000, 0.013, 48
train,    7760, 205.055535,  103, 0.00,   15, 0.000, 0.000, 0.013, 48
update,   7760,  776, 700122, 186.586287, 0.000000
train,    7761, 242.420352,  108, 0.00,   16, 0.000, 0.000, 0.013, 48
train,    7762, 198.169248,  111, 0.00,   12, 0.000, 0.000, 0.013, 48
train,    7763, 196.105107,   96, 0.00,   14, 0.000, 0.000, 0.013, 48
train,    7764, 244.980188,  110, 0.00,   11, 0.000, 0.000, 0.013, 48
train,    7765, 223.255966,  105, 0.00,   15, 0.000, 0.000, 0.013, 48
train,    7766, 218.609647,  120, 0.00,   14, 0.000, 0.000, 0.013, 48
train,    7767, 232.482616,  101, 0.00,   12, 0.000, 0.000, 0.013, 48
train,    7768, 227.631049,  104, 0.00,   14, 0.000, 0.000, 0.013, 48
train,    7769, 223.219050,  105, 0.00,   13, 0.000, 0.000, 0.013, 48
train,    7770, 227.096665,   93, 0.00,   13, 0.000, 0.000, 0.013, 48
update,   7770,  777, 701175, 198.915454, 0.000000
train,    7771, 204.311115,  120, 0.00,   11, 0.000, 0.000, 0.013, 48
train,    7772, 211.615512,  115, 0.00,   14, 0.000, 0.000, 0.012, 48
train,    7773, 232.066413,  111, 0.00,   13, 0.000, 0.000, 0.012, 48
train,    7774, 209.569128,  109, 0.00,   13, 0.000, 0.000, 0.012, 48
train,    7775, 235.031447,   81, 0.00,   16, 0.000, 0.000, 0.012, 48
train,    7776, 213.941985,   97, 0.00,   14, 0.000, 0.000, 0.012, 48
train,    7777, 231.129224,  116, 0.00,   16, 0.000, 0.000, 0.012, 48
train,    7778, 237.014466,  108, 0.00,   14, 0.000, 0.000, 0.012, 48
train,    7779, 104.914134,   82, 1.00,   13, 0.000, 0.000, 0.012, 48
train,    7780, 218.934470,  104, 0.00,   13, 0.000, 0.000, 0.012, 48
update,   7780,  778, 702218, 200.340681, 0.000000
train,    7781, 238.660885,  114, 0.00,   15, 0.000, 0.000, 0.012, 48
train,    7782, 176.336058,  101, 0.00,   12, 0.000, 0.000, 0.012, 48
train,    7783, 209.711088,  118, 0.00,   15, 0.000, 0.000, 0.012, 48
train,    7784, 247.724779,  117, 0.00,   13, 0.000, 0.000, 0.012, 48
train,    7785, 228.546759,  113, 0.00,   14, 0.000, 0.000, 0.012, 48
train,    7786, 216.034439,  120, 0.00,   13, 0.000, 0.000, 0.012, 48
train,    7787, 199.924378,   98, 0.00,   14, 0.000, 0.000, 0.012, 48
train,    7788, 232.151561,  109, 0.00,   12, 0.000, 0.000, 0.012, 48
train,    7789, 233.115599,  114, 0.00,   15, 0.000, 0.000, 0.012, 48
train,    7790, 213.889209,  110, 0.00,   13, 0.000, 0.000, 0.012, 48
update,   7790,  779, 703332, 189.042878, 0.000000
train,    7791, 214.263778,  102, 0.00,   13, 0.000, 0.000, 0.012, 48
train,    7792, 236.925961,  107, 0.00,   14, 0.000, 0.000, 0.012, 48
train,    7793, 220.293888,  107, 0.00,   13, 0.000, 0.000, 0.012, 48
train,    7794, 222.389325,  117, 0.00,   12, 0.000, 0.000, 0.012, 48
train,    7795, 210.638636,   98, 0.00,   13, 0.000, 0.000, 0.012, 48
train,    7796, 260.000000,  112, 0.00,   14, 0.000, 0.000, 0.012, 48
train,    7797, 239.190583,  107, 0.00,   12, 0.000, 0.000, 0.012, 48
train,    7798, 233.788141,   77, 0.00,   14, 0.000, 0.000, 0.012, 48
train,    7799, 236.577501,  120, 0.00,   13, 0.000, 0.000, 0.012, 48
train,    7800, 217.219469,  109, 0.00,   15, 0.000, 0.000, 0.012, 48
update,   7800,  780, 704388, 189.702150, 0.000000
val_t, 7800, 704388, 198.912168, 0.0317,  94.7121,   0.0671, 0.9506,  29.0558, progress 0.9709
train,    7801, 151.711937,   88, 1.00,   12, 0.000, 0.000, 0.012, 48
train,    7802, 202.274423,  100, 0.00,   13, 0.000, 0.000, 0.012, 48
train,    7803, 231.501931,  106, 0.00,   12, 0.000, 0.000, 0.012, 48
train,    7804, 224.269558,  111, 0.00,   15, 0.000, 0.000, 0.012, 48
train,    7805, 226.303691,  118, 0.00,   14, 0.000, 0.000, 0.012, 48
train,    7806, 199.376319,  120, 0.00,   14, 0.000, 0.000, 0.012, 48
train,    7807, 251.033616,  120, 0.00,   12, 0.000, 0.000, 0.012, 48
train,    7808, 218.971210,  117, 0.00,   12, 0.000, 0.000, 0.012, 48
train,    7809, 222.246487,  117, 0.00,   13, 0.000, 0.000, 0.012, 48
train,    7810, 213.812715,   87, 0.00,   14, 0.000, 0.000, 0.012, 48
update,   7810,  781, 705472, 207.465502, 0.000000
train,    7811, 224.711772,  120, 0.00,   13, 0.000, 0.000, 0.012, 48
train,    7812, 218.907401,  106, 0.00,   13, 0.000, 0.000, 0.012, 48
train,    7813, 220.469317,  105, 0.00,   14, 0.000, 0.000, 0.012, 48
train,    7814, 258.356256,   89, 0.00,   14, 0.000, 0.000, 0.012, 48
train,    7815, 208.441794,   97, 0.00,   11, 0.000, 0.000, 0.012, 48
train,    7816, 245.981241,  106, 0.00,   13, 0.000, 0.000, 0.012, 48
train,    7817, 217.465017,  114, 0.00,   13, 0.000, 0.000, 0.012, 48
train,    7818, 236.512407,  112, 0.00,   13, 0.000, 0.000, 0.012, 48
train,    7819, 246.056512,  113, 0.00,   15, 0.000, 0.000, 0.012, 48
train,    7820, 205.633417,   96, 0.00,   14, 0.000, 0.000, 0.012, 48
update,   7820,  782, 706530, 199.716550, 0.000000
train,    7821, 222.658229,  101, 0.00,   15, 0.000, 0.000, 0.012, 48
train,    7822, 140.072535,   87, 1.00,   14, 0.000, 0.000, 0.012, 48
train,    7823, 229.291615,   86, 0.00,   14, 0.000, 0.000, 0.012, 48
train,    7824, 233.822381,  120, 0.00,   11, 0.000, 0.000, 0.012, 48
train,    7825, 231.982271,  119, 0.00,   13, 0.000, 0.000, 0.012, 48
train,    7826, 200.016352,  120, 0.00,   12, 0.000, 0.000, 0.012, 48
train,    7827, 192.897648,  106, 0.00,   12, 0.000, 0.000, 0.012, 48
train,    7828, 236.835368,  106, 0.00,   13, 0.000, 0.000, 0.012, 48
train,    7829, 231.833749,  104, 0.00,   12, 0.000, 0.000, 0.012, 48
train,    7830, 239.990411,  112, 0.00,   13, 0.000, 0.000, 0.012, 48
update,   7830,  783, 707591, 201.731696, 0.000000
train,    7831, 227.267344,  114, 0.00,   14, 0.000, 0.000, 0.012, 48
train,    7832, 224.719441,  109, 0.00,   13, 0.000, 0.000, 0.012, 48
train,    7833, 238.015053,  101, 0.00,   14, 0.000, 0.000, 0.012, 48
train,    7834, 200.064557,   97, 0.00,   14, 0.000, 0.000, 0.012, 48
train,    7835, 213.825356,  105, 0.00,   12, 0.000, 0.000, 0.012, 48
train,    7836, 201.042700,  120, 0.00,   15, 0.000, 0.000, 0.012, 48
train,    7837, 156.867420,  104, 1.00,   13, 0.000, 0.000, 0.012, 48
train,    7838, 153.783892,   81, 1.00,   11, 0.000, 0.000, 0.012, 48
train,    7839, 222.355110,  102, 0.00,   12, 0.000, 0.000, 0.012, 48
train,    7840, 228.479606,   91, 0.00,   12, 0.000, 0.000, 0.012, 48
update,   7840,  784, 708615, 201.775214, 0.000000
train,    7841, 221.502198,  110, 0.00,   12, 0.000, 0.000, 0.012, 48
train,    7842, 230.959776,  103, 0.00,   13, 0.000, 0.000, 0.012, 48
train,    7843, 216.012728,  111, 0.00,   13, 0.000, 0.000, 0.012, 48
train,    7844, 230.587215,  106, 0.00,   13, 0.000, 0.000, 0.012, 48
train,    7845, 227.913286,   94, 0.00,   13, 0.000, 0.000, 0.012, 48
train,    7846, 239.662968,  118, 0.00,   14, 0.000, 0.000, 0.012, 48
train,    7847, 223.323468,  104, 0.00,   12, 0.000, 0.000, 0.012, 48
train,    7848, 226.797204,  103, 0.00,   15, 0.000, 0.000, 0.012, 48
train,    7849, 229.258557,  120, 0.00,   15, 0.000, 0.000, 0.012, 48
train,    7850, 227.372435,  116, 0.00,   12, 0.000, 0.000, 0.012, 48
update,   7850,  785, 709700, 187.650410, 0.000000
train,    7851, 226.633931,   97, 0.00,   14, 0.000, 0.000, 0.012, 48
train,    7852, 232.464488,  107, 0.00,   12, 0.000, 0.000, 0.012, 48
train,    7853, 226.006308,  105, 0.00,   13, 0.000, 0.000, 0.012, 48
train,    7854, 204.728603,   96, 0.00,   14, 0.000, 0.000, 0.012, 48
train,    7855, 247.142601,   91, 0.00,   14, 0.000, 0.000, 0.012, 48
train,    7856, 239.609302,   84, 0.00,   10, 0.000, 0.000, 0.012, 48
train,    7857, 216.205546,  113, 0.00,   14, 0.000, 0.000, 0.012, 48
train,    7858, 207.691676,  111, 0.00,   14, 0.000, 0.000, 0.012, 48
train,    7859, 211.705885,   93, 0.00,   13, 0.000, 0.000, 0.012, 48
train,    7860, 248.176988,  114, 0.00,   16, 0.000, 0.000, 0.012, 48
update,   7860,  786, 710711, 204.746328, 0.000000
train,    7861, 254.407457,  107, 0.00,   14, 0.000, 0.000, 0.012, 48
train,    7862, 223.412974,  120, 0.00,   13, 0.000, 0.000, 0.012, 48
train,    7863, 219.080364,   99, 0.00,   14, 0.000, 0.000, 0.012, 48
train,    7864, 234.491338,  114, 0.00,   14, 0.000, 0.000, 0.012, 48
train,    7865, 193.338453,  110, 0.00,   12, 0.000, 0.000, 0.012, 48
train,    7866, 202.981322,  103, 0.00,   13, 0.000, 0.000, 0.012, 48
train,    7867, 198.182819,  108, 0.00,   12, 0.000, 0.000, 0.012, 48
train,    7868, 203.819253,  116, 0.00,   14, 0.000, 0.000, 0.012, 48
train,    7869, 229.329614,  107, 0.00,   14, 0.000, 0.000, 0.012, 48
train,    7870, 210.003709,   97, 0.00,   12, 0.000, 0.000, 0.012, 48
update,   7870,  787, 711792, 214.635309, 0.000000
train,    7871, 208.709473,  104, 0.00,   12, 0.000, 0.000, 0.012, 48
train,    7872, 205.191203,   98, 0.00,   14, 0.000, 0.000, 0.012, 48
train,    7873, 229.510317,  102, 0.00,   14, 0.000, 0.000, 0.012, 48
train,    7874, 237.966997,   90, 0.00,   14, 0.000, 0.000, 0.012, 48
train,    7875, 211.167697,  102, 0.00,   13, 0.000, 0.000, 0.012, 48
train,    7876, 239.367596,   96, 0.00,   14, 0.000, 0.000, 0.012, 48
train,    7877, 209.800542,   84, 0.00,   13, 0.000, 0.000, 0.012, 48
train,    7878, 232.595641,   92, 0.00,   14, 0.000, 0.000, 0.012, 48
train,    7879, 241.373212,  106, 0.00,   13, 0.000, 0.000, 0.012, 48
train,    7880, 179.320390,  105, 0.00,   14, 0.000, 0.000, 0.012, 48
update,   7880,  788, 712771, 200.722936, 0.000000
train,    7881, 185.711411,  108, 0.00,   14, 0.000, 0.000, 0.012, 48
train,    7882, 242.800824,  104, 0.00,   15, 0.000, 0.000, 0.012, 48
train,    7883, 239.945592,  104, 0.00,   14, 0.000, 0.000, 0.012, 48
train,    7884, 232.666754,  100, 0.00,   14, 0.000, 0.000, 0.012, 48
train,    7885, 211.431998,  107, 0.00,   13, 0.000, 0.000, 0.012, 48
train,    7886, 243.285236,  115, 0.00,   15, 0.000, 0.000, 0.012, 48
train,    7887, 228.874037,  114, 0.00,   14, 0.000, 0.000, 0.012, 48
train,    7888, 212.517410,   99, 0.00,   10, 0.000, 0.000, 0.012, 48
train,    7889, 224.645259,  101, 0.00,   14, 0.000, 0.000, 0.012, 48
train,    7890, 217.446478,   91, 0.00,   16, 0.000, 0.000, 0.012, 48
update,   7890,  789, 713814, 217.787713, 0.000000
train,    7891, 159.627481,   85, 1.00,   11, 0.000, 0.000, 0.012, 48
train,    7892, 212.367263,  104, 0.00,   14, 0.000, 0.000, 0.012, 48
train,    7893, 170.396875,  103, 1.00,   15, 0.000, 0.000, 0.012, 48
train,    7894, 243.109460,  103, 0.00,   15, 0.000, 0.000, 0.012, 48
train,    7895, 226.800345,   99, 0.00,   13, 0.000, 0.000, 0.012, 48
train,    7896, 260.000000,  110, 0.00,   15, 0.000, 0.000, 0.012, 48
train,    7897, 211.916451,  100, 0.00,   13, 0.000, 0.000, 0.012, 48
train,    7898, 215.313785,   96, 0.00,   15, 0.000, 0.000, 0.012, 48
train,    7899, 218.164235,  104, 0.00,   14, 0.000, 0.000, 0.012, 48
train,    7900, 220.270484,   94, 0.00,   14, 0.000, 0.000, 0.012, 48
update,   7900,  790, 714812, 204.401606, 0.000000
val_t, 7900, 714812, 203.604841, 0.0100,  89.0303,   0.0651, 0.9670,  28.6906, progress 0.9830
train,    7901, 216.298943,  100, 0.00,   13, 0.000, 0.000, 0.012, 48
train,    7902, 217.255440,   94, 0.00,   13, 0.000, 0.000, 0.012, 48
train,    7903, 233.552313,   90, 0.00,   14, 0.000, 0.000, 0.012, 48
train,    7904, 229.688382,   95, 0.00,   14, 0.000, 0.000, 0.012, 48
train,    7905, 243.074961,  116, 0.00,   12, 0.000, 0.000, 0.012, 48
train,    7906, 234.217124,   97, 0.00,   13, 0.000, 0.000, 0.012, 48
train,    7907, 199.490737,  111, 0.00,   13, 0.000, 0.000, 0.012, 48
train,    7908, 232.144156,  106, 0.00,   14, 0.000, 0.000, 0.012, 48
train,    7909, 224.083793,  115, 0.00,   16, 0.000, 0.000, 0.012, 48
train,    7910, 208.085621,  120, 0.00,   14, 0.000, 0.000, 0.012, 48
update,   7910,  791, 715856, 204.062570, 0.000000
train,    7911, 210.198648,  120, 0.00,   15, 0.000, 0.000, 0.012, 48
train,    7912, 245.300075,   92, 0.00,   12, 0.000, 0.000, 0.012, 48
train,    7913, 222.259677,  103, 0.00,   15, 0.000, 0.000, 0.012, 48
train,    7914, 237.512082,  109, 0.00,   15, 0.000, 0.000, 0.012, 48
train,    7915, 146.915738,   85, 1.00,   11, 0.000, 0.000, 0.012, 48
train,    7916, 217.817024,   93, 0.00,   16, 0.000, 0.000, 0.012, 48
train,    7917, 233.427736,   89, 0.00,   13, 0.000, 0.000, 0.012, 48
train,    7918, 217.463775,   81, 0.00,   14, 0.000, 0.000, 0.012, 48
train,    7919, 199.306035,   80, 0.00,   15, 0.000, 0.000, 0.012, 48
train,    7920, 232.394239,  109, 0.00,   14, 0.000, 0.000, 0.012, 48
update,   7920,  792, 716817, 197.220605, 0.000000
train,    7921, 234.152595,   99, 0.00,   15, 0.000, 0.000, 0.012, 48
train,    7922, 221.129350,   99, 0.00,   13, 0.000, 0.000, 0.012, 48
train,    7923, 201.055671,  107, 0.00,   12, 0.000, 0.000, 0.012, 48
train,    7924, 205.089124,  112, 0.00,   15, 0.000, 0.000, 0.012, 48
train,    7925, 134.517088,   89, 1.00,   11, 0.000, 0.000, 0.012, 48
train,    7926, 226.480967,   95, 0.00,   15, 0.000, 0.000, 0.012, 48
train,    7927, 218.612024,  107, 0.00,   13, 0.000, 0.000, 0.012, 48
train,    7928, 232.633181,  108, 0.00,   14, 0.000, 0.000, 0.012, 48
train,    7929, 194.404621,   86, 0.00,   10, 0.000, 0.000, 0.012, 48
train,    7930, 202.710085,   91, 0.00,   14, 0.000, 0.000, 0.012, 48
update,   7930,  793, 717810, 216.248613, 0.000000
train,    7931, 232.388194,  100, 0.00,   13, 0.000, 0.000, 0.012, 48
train,    7932, 200.922230,  111, 0.00,   14, 0.000, 0.000, 0.012, 48
train,    7933, 225.714572,   84, 0.00,   15, 0.000, 0.000, 0.012, 48
train,    7934, 245.905199,  108, 0.00,   14, 0.000, 0.000, 0.012, 48
train,    7935, 195.314342,   80, 0.00,   15, 0.000, 0.000, 0.012, 48
train,    7936, 257.290337,   93, 0.00,   15, 0.000, 0.000, 0.012, 48
train,    7937, 221.559635,   99, 0.00,   16, 0.000, 0.000, 0.012, 48
train,    7938, 221.429942,   90, 0.00,   13, 0.000, 0.000, 0.012, 48
train,    7939, 204.229833,   87, 0.00,   13, 0.000, 0.000, 0.012, 48
train,    7940, 179.996409,  100, 0.00,   15, 0.000, 0.000, 0.012, 48
update,   7940,  794, 718762, 206.868093, 0.000000
train,    7941, 207.016499,  120, 0.00,   15, 0.000, 0.000, 0.012, 48
train,    7942, 204.861371,  114, 0.00,   15, 0.000, 0.000, 0.012, 48
train,    7943, 195.935391,   95, 0.00,   14, 0.000, 0.000, 0.012, 48
train,    7944, 217.966012,   91, 0.00,   13, 0.000, 0.000, 0.012, 48
train,    7945, 191.735618,  101, 0.00,   15, 0.000, 0.000, 0.012, 48
train,    7946, 214.019624,  120, 0.00,   15, 0.000, 0.000, 0.012, 48
train,    7947, 221.782482,  107, 0.00,   13, 0.000, 0.000, 0.012, 48
train,    7948, 224.584349,  117, 0.00,   13, 0.000, 0.000, 0.012, 48
train,    7949, 172.818859,   87, 0.00,   12, 0.000, 0.000, 0.012, 48
train,    7950, 190.601346,   97, 0.00,   12, 0.000, 0.000, 0.012, 48
update,   7950,  795, 719811, 217.739565, 0.000000
train,    7951, 226.925200,  103, 0.00,   15, 0.000, 0.000, 0.012, 48
train,    7952, 211.807075,   88, 0.00,   14, 0.000, 0.000, 0.012, 48
train,    7953, 207.224468,   96, 0.00,   14, 0.000, 0.000, 0.012, 48
train,    7954, 241.042176,  102, 0.00,   12, 0.000, 0.000, 0.012, 48
train,    7955, 212.586180,  111, 0.00,   13, 0.000, 0.000, 0.012, 48
train,    7956, 212.975326,  102, 0.00,   14, 0.000, 0.000, 0.012, 48
train,    7957, 222.005961,   98, 0.00,   14, 0.000, 0.000, 0.012, 48
train,    7958, 222.102391,   90, 0.00,   12, 0.000, 0.000, 0.012, 48
train,    7959, 169.332348,   82, 1.00,   11, 0.000, 0.000, 0.012, 48
train,    7960, 224.179865,   88, 0.00,   12, 0.000, 0.000, 0.012, 48
update,   7960,  796, 720771, 222.161048, 0.000000
train,    7961, 203.861465,  108, 0.00,   12, 0.000, 0.000, 0.012, 48
train,    7962, 191.116290,  120, 0.00,   13, 0.000, 0.000, 0.012, 48
train,    7963, 204.607521,   94, 0.00,   13, 0.000, 0.000, 0.012, 48
train,    7964, 222.003524,  106, 0.00,   14, 0.000, 0.000, 0.012, 48
train,    7965, 229.281352,   77, 0.00,   11, 0.000, 0.000, 0.012, 48
train,    7966, 212.898943,   84, 0.00,   12, 0.000, 0.000, 0.012, 48
train,    7967, 239.557720,   99, 0.00,   14, 0.000, 0.000, 0.012, 48
train,    7968, 222.009473,   94, 0.00,   15, 0.000, 0.000, 0.012, 48
train,    7969, 222.114217,   93, 0.00,   13, 0.000, 0.000, 0.012, 48
train,    7970, 182.639578,   86, 0.00,   12, 0.000, 0.000, 0.012, 48
update,   7970,  797, 721732, 213.053092, 0.000000
train,    7971, 201.263297,   99, 0.00,   13, 0.000, 0.000, 0.012, 48
train,    7972, 224.338453,   88, 0.00,   12, 0.000, 0.000, 0.012, 48
train,    7973, 187.271790,   98, 0.00,   12, 0.000, 0.000, 0.012, 48
train,    7974, 124.686789,   70, 1.00,   12, 0.000, 0.000, 0.012, 48
train,    7975, 228.608731,  110, 0.00,   12, 0.000, 0.000, 0.012, 48
train,    7976, 211.709632,  114, 0.00,   15, 0.000, 0.000, 0.012, 48
train,    7977, 210.691325,  120, 0.00,   14, 0.000, 0.000, 0.012, 48
train,    7978, 240.088390,   88, 0.00,   13, 0.000, 0.000, 0.012, 48
train,    7979, 208.280325,   89, 0.00,   12, 0.000, 0.000, 0.012, 48
train,    7980, 201.261144,   77, 0.00,   15, 0.000, 0.000, 0.011, 48
update,   7980,  798, 722685, 218.264777, 0.000000
train,    7981, 207.592260,   88, 0.00,   12, 0.000, 0.000, 0.011, 48
train,    7982, 260.000000,   93, 0.00,   13, 0.000, 0.000, 0.011, 48
train,    7983, 227.961081,  117, 0.00,   12, 0.000, 0.000, 0.011, 48
train,    7984, 221.897480,  119, 0.00,   12, 0.000, 0.000, 0.011, 48
train,    7985, 197.822342,   85, 0.00,   15, 0.000, 0.000, 0.011, 48
train,    7986, 232.711899,   90, 0.00,   14, 0.000, 0.000, 0.011, 48
train,    7987, 255.069296,  117, 0.00,   15, 0.000, 0.000, 0.011, 48
train,    7988, 221.694022,   93, 0.00,   12, 0.000, 0.000, 0.011, 48
train,    7989, 192.601809,  107, 0.00,   11, 0.000, 0.000, 0.011, 48
train,    7990, 245.949229,  106, 0.00,   14, 0.000, 0.000, 0.011, 48
update,   7990,  799, 723700, 199.557133, 0.000000
train,    7991, 246.514571,   97, 0.00,   15, 0.000, 0.000, 0.011, 48
train,    7992, 225.516067,   92, 0.00,   14, 0.000, 0.000, 0.011, 48
train,    7993, 244.278087,   91, 0.00,   14, 0.000, 0.000, 0.011, 48
train,    7994, 202.241106,   91, 0.00,   14, 0.000, 0.000, 0.011, 48
train,    7995, 208.971144,   90, 0.00,   14, 0.000, 0.000, 0.011, 48
train,    7996, 208.310660,   97, 0.00,   14, 0.000, 0.000, 0.011, 48
train,    7997, 223.140649,  120, 0.00,   14, 0.000, 0.000, 0.011, 48
train,    7998, 166.154292,   92, 0.00,   15, 0.000, 0.000, 0.011, 48
train,    7999, 228.057980,   93, 0.00,   14, 0.000, 0.000, 0.011, 48
train,    8000, 236.824649,  103, 0.00,   12, 0.000, 0.000, 0.011, 48
update,   8000,  800, 724666, 214.637712, 0.000000
val_t, 8000, 724666, 194.001210, 0.0161,  84.8564,   0.0707, 0.9513,  28.9248, progress 0.9656