init,     2026-04-09 13:35:39.476506
note,     SYNTHETIC DEMO LOG - same-seed synthetic counterpart for plotting; not a real training run
arguments,Namespace(PPO_epochs=4, adv_norm=1, alg='ppo', cuda=0, curriculum_clean_ratio=0.8, curriculum_entropy_decay=0.9, curriculum_mode='adaptive', curriculum_noise_step=0.02, curriculum_patience=2, entropy=2.0, entropy_min=0.1, eps_clip=0.15, gae_lambda=0.97, gamma=0.995, grad_clip=0.5, gymip_train_xml='inverted_pendulum_ChangeThk_0.050000.xml', hid_group_num=8, hid_group_size=8, hidden_num=64, ignore_checkpoint=True, lane_profile='auto', lr=0.0005, max_noise=0.08, mini_batch_size=128, model='rwtaspk', monitor_time=False, optimizer='rmsprop', rep=11, response_window=40, reward_scale=1.0, road_scenario='highway', rollout_steps=512, rwta_del_connection='none', seed=31, snn_num_steps=15, task='gymip', thread=1, traffic_level='standard', train_num=8000, warm_start_kind='none', warm_start_prefix='')
seed,     31
model_dir,/root/autodl-tmp/SVPG2023/LANE/training_runs/ours/highway_standard/models
log_dir,  /root/autodl-tmp/SVPG2023/LANE/training_runs/ours/highway_standard/logs
profile,  lane auto-stabilize: lr->0.0005, gamma->0.995, PPO_epochs->4, eps_clip->0.15, rollout_steps->512, mini_batch_size->128, gae_lambda->0.97, grad_clip->0.5, curriculum_clean_ratio->0.8, max_noise->0.08, curriculum_noise_step->0.02
train,    1, -27.447310,    6, 0.59,    3, 0.000, 0.000, 0.280, 32
train,    2, -27.356405,    6, 0.65,    3, 0.000, 0.000, 0.280, 32
train,    3, -24.059773,    6, 0.70,    1, 0.000, 0.000, 0.280, 32
train,    4, -25.248537,    6, 0.61,    2, 0.000, 0.000, 0.280, 32
train,    5, -21.356141,    6, 0.63,    2, 0.000, 0.000, 0.280, 32
train,    6, -25.875036,    6, 0.69,    3, 0.000, 0.000, 0.280, 32
train,    7, -26.206402,    5, 0.67,    3, 0.000, 0.000, 0.280, 32
train,    8, -28.136342,    7, 0.67,    2, 0.000, 0.000, 0.280, 32
train,    9, -23.815298,    7, 0.68,    2, 0.000, 0.000, 0.280, 32
train,    10, -26.639015,   10, 0.63,    2, 0.000, 0.000, 0.280, 32
train,    11, -27.411597,    7, 0.66,    2, 0.000, 0.000, 0.280, 32
train,    12, -25.168829,    5, 0.63,    2, 0.000, 0.000, 0.280, 32
train,    13, -28.365432,    9, 0.69,    2, 0.000, 0.000, 0.280, 32
train,    14, -26.596086,   11, 0.67,    3, 0.000, 0.000, 0.280, 32
train,    15, -26.639816,    7, 0.65,    2, 0.000, 0.000, 0.280, 32
train,    16, -26.550818,   10, 0.66,    2, 0.000, 0.000, 0.280, 32
train,    17, -24.898190,   10, 0.64,    3, 0.000, 0.000, 0.280, 32
train,    18, -24.938439,    6, 0.65,    3, 0.000, 0.000, 0.280, 32
train,    19, -27.209155,    8, 0.65,    2, 0.000, 0.000, 0.280, 32
train,    20, -23.930132,    8, 0.64,    2, 0.000, 0.000, 0.280, 32
train,    21, -27.440705,    9, 0.67,    2, 0.000, 0.000, 0.280, 32
train,    22, -29.788409,    7, 0.64,    2, 0.000, 0.000, 0.280, 32
train,    23, -27.735382,   10, 0.64,    2, 0.000, 0.000, 0.280, 32
train,    24, -29.192850,    6, 0.65,    2, 0.000, 0.000, 0.280, 32
train,    25, -28.293255,    9, 0.64,    3, 0.000, 0.000, 0.280, 32
train,    26, -25.058228,   11, 0.61,    2, 0.000, 0.000, 0.280, 32
train,    27, -24.815195,   10, 0.64,    2, 0.000, 0.000, 0.280, 32
train,    28, -25.737423,    8, 0.62,    2, 0.000, 0.000, 0.280, 32
train,    29, -25.688364,   10, 0.65,    2, 0.000, 0.000, 0.280, 32
train,    30, -27.720175,    9, 0.63,    3, 0.000, 0.000, 0.280, 32
train,    31, -25.874861,   11, 0.67,    1, 0.000, 0.000, 0.280, 32
train,    32, -24.911747,    8, 0.66,    2, 0.000, 0.000, 0.280, 32
train,    33, -25.913144,    9, 0.64,    2, 0.000, 0.000, 0.280, 32
train,    34, -23.046855,    7, 0.64,    2, 0.000, 0.000, 0.280, 32
train,    35, -24.598062,    8, 0.66,    3, 0.000, 0.000, 0.280, 32
train,    36, -26.163913,    8, 0.62,    3, 0.000, 0.000, 0.280, 32
train,    37, -23.004831,    9, 0.65,    2, 0.000, 0.000, 0.280, 32
train,    38, -23.597947,    8, 0.62,    2, 0.000, 0.000, 0.280, 32
train,    39, -27.584362,   12, 0.62,    2, 0.000, 0.000, 0.280, 32
train,    40, -27.238095,    5, 0.66,    2, 0.000, 0.000, 0.280, 32
train,    41, -26.551428,    8, 0.62,    1, 0.000, 0.000, 0.280, 32
train,    42, -28.381554,   13, 0.68,    3, 0.000, 0.000, 0.280, 32
train,    43, -27.256495,   10, 0.62,    2, 0.000, 0.000, 0.280, 32
train,    44, -25.223740,   10, 0.66,    1, 0.000, 0.000, 0.280, 32
train,    45, -26.978992,   11, 0.65,    2, 0.000, 0.000, 0.280, 32
train,    46, -23.888189,    7, 0.67,    3, 0.000, 0.000, 0.280, 32
train,    47, -24.292217,    8, 0.61,    2, 0.000, 0.000, 0.280, 32
train,    48, -26.725492,   11, 0.63,    2, 0.000, 0.000, 0.280, 32
train,    49, -26.828663,    9, 0.65,    3, 0.000, 0.000, 0.280, 32
train,    50, -27.012370,   11, 0.64,    3, 0.000, 0.000, 0.280, 32
train,    51, -25.988394,    9, 0.60,    3, 0.000, 0.000, 0.280, 32
train,    52, -25.189200,   11, 0.63,    2, 0.000, 0.000, 0.280, 32
train,    53, -25.585886,    9, 0.64,    3, 0.000, 0.000, 0.280, 32
train,    54, -26.342248,    8, 0.64,    2, 0.000, 0.000, 0.280, 32
train,    55, -25.752278,   11, 0.60,    2, 0.000, 0.000, 0.280, 32
train,    56, -24.786743,   10, 0.60,    1, 0.000, 0.000, 0.280, 32
train,    57, -25.852359,    7, 0.60,    2, 0.000, 0.000, 0.280, 32
train,    58, -26.543474,    9, 0.64,    2, 0.000, 0.000, 0.280, 32
train,    59, -23.368813,   13, 0.61,    2, 0.000, 0.000, 0.280, 32
train,    60, -23.918164,   10, 0.63,    2, 0.000, 0.000, 0.280, 32
train,    61, -25.654881,    8, 0.66,    3, 0.000, 0.000, 0.280, 32
train,    62, -23.648254,   13, 0.63,    2, 0.000, 0.000, 0.280, 32
train,    63, -27.342388,   11, 0.63,    2, 0.000, 0.000, 0.280, 32
train,    64, -28.841358,   14, 0.61,    2, 0.000, 0.000, 0.280, 32
train,    65, -25.230111,   12, 0.61,    2, 0.000, 0.000, 0.280, 32
train,    66, -24.334130,   12, 0.58,    3, 0.000, 0.000, 0.280, 32
train,    67, -24.053426,    6, 0.62,    2, 0.000, 0.000, 0.280, 32
train,    68, -25.027757,   11, 0.62,    2, 0.000, 0.000, 0.280, 32
train,    69, -26.266295,   16, 0.63,    3, 0.000, 0.000, 0.280, 32
train,    70, -25.903170,    8, 0.60,    2, 0.000, 0.000, 0.280, 32
train,    71, -26.306834,   10, 0.59,    3, 0.000, 0.000, 0.280, 32
train,    72, -22.759003,   12, 0.68,    3, 0.000, 0.000, 0.280, 32
train,    73, -25.579300,    9, 0.59,    1, 0.000, 0.000, 0.280, 32
train,    74, -25.260341,   13, 0.60,    1, 0.000, 0.000, 0.280, 32
train,    75, -25.844113,   12, 0.57,    2, 0.000, 0.000, 0.280, 32
train,    76, -25.950562,    7, 0.59,    1, 0.000, 0.000, 0.280, 32
train,    77, -26.238039,   13, 0.59,    2, 0.000, 0.000, 0.280, 32
train,    78, -28.144983,   11, 0.62,    2, 0.000, 0.000, 0.280, 32
train,    79, -25.056464,   12, 0.62,    3, 0.000, 0.000, 0.280, 32
train,    80, -25.700029,    8, 0.56,    2, 0.000, 0.000, 0.280, 32
train,    81, -28.429599,   13, 0.60,    2, 0.000, 0.000, 0.280, 32
train,    82, -25.158547,   13, 0.63,    3, 0.000, 0.000, 0.280, 32
train,    83, -25.314720,   12, 0.63,    3, 0.000, 0.000, 0.280, 32
train,    84, -25.070377,   11, 0.58,    2, 0.000, 0.000, 0.280, 32
train,    85, -28.173595,   14, 0.63,    3, 0.000, 0.000, 0.280, 32
train,    86, -25.870926,   10, 0.60,    2, 0.000, 0.000, 0.280, 32
train,    87, -27.615593,   12, 0.61,    3, 0.000, 0.000, 0.280, 32
train,    88, -26.834206,   14, 0.62,    3, 0.000, 0.000, 0.280, 32
train,    89, -27.591909,   16, 0.60,    3, 0.000, 0.000, 0.280, 32
train,    90, -23.950216,   13, 0.58,    2, 0.000, 0.000, 0.280, 32
train,    91, -25.917988,   13, 0.59,    3, 0.000, 0.000, 0.280, 32
train,    92, -22.484352,   12, 0.61,    2, 0.000, 0.000, 0.280, 32
train,    93, -26.592266,   15, 0.60,    2, 0.000, 0.000, 0.280, 32
train,    94, -23.633876,   11, 0.63,    2, 0.000, 0.000, 0.280, 32
train,    95, -26.447383,   11, 0.61,    2, 0.000, 0.000, 0.280, 32
train,    96, -23.693119,   11, 0.61,    4, 0.000, 0.000, 0.280, 32
train,    97, -26.194863,    9, 0.59,    2, 0.000, 0.000, 0.280, 32
train,    98, -26.103692,   15, 0.57,    3, 0.000, 0.000, 0.280, 32
train,    99, -23.403222,    9, 0.60,    3, 0.000, 0.000, 0.280, 32
train,    100, -27.355837,   15, 0.57,    3, 0.000, 0.000, 0.280, 32
update,   100,    1,  100, -8.519614, 0.000000
val_save_t, 100, 100, -22.032059, 0.6087,  38.3532,   0.2191, 0.1766,  20.8251, progress 0.2496
train,    101, -24.091087,   14, 0.57,    3, 0.000, 0.000, 0.280, 32
train,    102, -27.281951,   13, 0.60,    2, 0.000, 0.000, 0.280, 32
train,    103, -24.331552,   14, 0.61,    2, 0.000, 0.000, 0.280, 32
train,    104, -23.435449,   16, 0.63,    2, 0.000, 0.000, 0.280, 32
train,    105, -23.530553,   15, 0.58,    3, 0.000, 0.000, 0.280, 32
train,    106, -24.973544,   13, 0.60,    2, 0.000, 0.000, 0.280, 32
train,    107, -24.385583,   14, 0.62,    2, 0.000, 0.000, 0.280, 32
train,    108, -22.545722,   12, 0.60,    3, 0.000, 0.000, 0.280, 32
train,    109, -24.377532,   14, 0.59,    3, 0.000, 0.000, 0.280, 32
train,    110, -25.963818,   17, 0.59,    2, 0.000, 0.000, 0.280, 32
train,    111, -24.635335,   14, 0.63,    3, 0.000, 0.000, 0.280, 32
train,    112, -24.803116,   11, 0.62,    3, 0.000, 0.000, 0.280, 32
train,    113, -25.013760,   11, 0.57,    3, 0.000, 0.000, 0.280, 32
train,    114, -23.038916,   13, 0.63,    3, 0.000, 0.000, 0.280, 32
train,    115, -22.336087,   16, 0.57,    3, 0.000, 0.000, 0.280, 32
train,    116, -27.158538,   14, 0.56,    3, 0.000, 0.000, 0.280, 32
train,    117, -22.586150,   17, 0.61,    3, 0.000, 0.000, 0.280, 32
train,    118, -23.435821,   15, 0.62,    2, 0.000, 0.000, 0.280, 32
train,    119, -23.041921,   15, 0.59,    2, 0.000, 0.000, 0.280, 32
train,    120, -25.881328,   13, 0.58,    3, 0.000, 0.000, 0.280, 32
train,    121, -23.090106,   13, 0.62,    3, 0.000, 0.000, 0.280, 32
train,    122, -24.018969,   13, 0.61,    2, 0.000, 0.000, 0.280, 32
train,    123, -24.167791,   11, 0.61,    3, 0.000, 0.000, 0.280, 32
train,    124, -24.730021,   13, 0.55,    3, 0.000, 0.000, 0.280, 32
train,    125, -23.586903,   17, 0.58,    2, 0.000, 0.000, 0.280, 32
train,    126, -24.049636,   11, 0.58,    2, 0.000, 0.000, 0.280, 32
train,    127, -26.027276,   14, 0.56,    2, 0.000, 0.000, 0.280, 32
train,    128, -26.187597,   13, 0.59,    3, 0.000, 0.000, 0.280, 32
train,    129, -24.892876,   14, 0.61,    3, 0.000, 0.000, 0.280, 32
train,    130, -23.172096,   12, 0.55,    2, 0.000, 0.000, 0.280, 32
train,    131, -24.359009,   16, 0.58,    2, 0.000, 0.000, 0.280, 32
train,    132, -25.854567,   14, 0.59,    3, 0.000, 0.000, 0.280, 32
train,    133, -21.373875,   16, 0.58,    2, 0.000, 0.000, 0.280, 32
train,    134, -24.308315,   13, 0.59,    2, 0.000, 0.000, 0.280, 32
train,    135, -22.919510,   17, 0.59,    3, 0.000, 0.000, 0.280, 32
train,    136, -26.315363,   14, 0.61,    2, 0.000, 0.000, 0.280, 32
train,    137, -25.930364,   15, 0.60,    3, 0.000, 0.000, 0.280, 32
train,    138, -26.101441,   15, 0.59,    2, 0.000, 0.000, 0.280, 32
train,    139, -23.436078,   15, 0.57,    3, 0.000, 0.000, 0.280, 32
train,    140, -23.344354,   18, 0.59,    3, 0.000, 0.000, 0.280, 32
train,    141, -23.260748,   12, 0.55,    2, 0.000, 0.000, 0.280, 32
train,    142, -26.047220,   19, 0.60,    3, 0.000, 0.000, 0.280, 32
train,    143, -24.873945,   11, 0.55,    3, 0.000, 0.000, 0.280, 32
train,    144, -24.516984,   14, 0.52,    3, 0.000, 0.000, 0.280, 32
train,    145, -24.357569,   16, 0.58,    3, 0.000, 0.000, 0.280, 32
train,    146, -23.122089,   16, 0.63,    2, 0.000, 0.000, 0.280, 32
train,    147, -25.104230,   11, 0.59,    2, 0.000, 0.000, 0.280, 32
train,    148, -24.131819,   13, 0.57,    3, 0.000, 0.000, 0.280, 32
train,    149, -23.950791,   16, 0.59,    3, 0.000, 0.000, 0.280, 32
train,    150, -25.461837,   14, 0.60,    3, 0.000, 0.000, 0.280, 32
train,    151, -21.258153,   19, 0.58,    3, 0.000, 0.000, 0.280, 32
train,    152, -25.633370,   17, 0.58,    3, 0.000, 0.000, 0.280, 32
train,    153, -24.036784,   13, 0.54,    2, 0.000, 0.000, 0.280, 32
train,    154, -23.943740,   16, 0.59,    3, 0.000, 0.000, 0.280, 32
train,    155, -23.722995,   15, 0.58,    4, 0.000, 0.000, 0.280, 32
train,    156, -23.922631,   17, 0.59,    3, 0.000, 0.000, 0.280, 32
train,    157, -22.798053,   16, 0.59,    3, 0.000, 0.000, 0.280, 32
train,    158, -23.786437,   15, 0.55,    3, 0.000, 0.000, 0.280, 32
train,    159, -23.600625,   12, 0.57,    3, 0.000, 0.000, 0.280, 32
train,    160, -21.690296,   19, 0.56,    2, 0.000, 0.000, 0.280, 33
train,    161, -25.123867,   16, 0.60,    3, 0.000, 0.000, 0.280, 33
train,    162, -25.448450,   14, 0.56,    3, 0.000, 0.000, 0.280, 33
train,    163, -24.063614,   13, 0.59,    3, 0.000, 0.000, 0.280, 33
train,    164, -26.915614,   15, 0.56,    2, 0.000, 0.000, 0.280, 33
train,    165, -23.815625,   16, 0.56,    4, 0.000, 0.000, 0.280, 33
train,    166, -23.763708,   15, 0.55,    3, 0.000, 0.000, 0.280, 33
train,    167, -25.532961,   17, 0.57,    3, 0.000, 0.000, 0.280, 33
train,    168, -27.059813,   18, 0.55,    3, 0.000, 0.000, 0.280, 33
train,    169, -23.657102,   16, 0.55,    2, 0.000, 0.000, 0.280, 33
train,    170, -23.784120,   16, 0.57,    3, 0.000, 0.000, 0.280, 33
train,    171, -22.934379,   19, 0.55,    3, 0.000, 0.000, 0.280, 33
train,    172, -23.785078,   15, 0.57,    4, 0.000, 0.000, 0.280, 33
train,    173, -22.969170,   14, 0.57,    3, 0.000, 0.000, 0.280, 33
train,    174, -24.488419,   17, 0.55,    2, 0.000, 0.000, 0.280, 33
train,    175, -21.360636,   17, 0.58,    3, 0.000, 0.000, 0.280, 33
train,    176, -23.003477,   16, 0.56,    2, 0.000, 0.000, 0.280, 33
train,    177, -20.717183,   19, 0.59,    2, 0.000, 0.000, 0.280, 33
train,    178, -22.822968,   16, 0.56,    4, 0.000, 0.000, 0.280, 33
train,    179, -26.363338,   17, 0.57,    3, 0.000, 0.000, 0.280, 33
train,    180, -24.459894,   13, 0.58,    4, 0.000, 0.000, 0.280, 33
train,    181, -22.120603,   12, 0.57,    2, 0.000, 0.000, 0.280, 33
train,    182, -22.769817,   16, 0.57,    3, 0.000, 0.000, 0.280, 33
train,    183, -23.186848,   16, 0.57,    2, 0.000, 0.000, 0.280, 33
train,    184, -22.146053,   19, 0.57,    3, 0.000, 0.000, 0.280, 33
train,    185, -24.825166,   15, 0.54,    2, 0.000, 0.000, 0.280, 33
train,    186, -26.149346,   18, 0.55,    4, 0.000, 0.000, 0.280, 33
train,    187, -22.398280,   18, 0.54,    2, 0.000, 0.000, 0.280, 33
train,    188, -23.217305,   15, 0.56,    3, 0.000, 0.000, 0.280, 33
train,    189, -22.648639,   16, 0.55,    2, 0.000, 0.000, 0.280, 33
train,    190, -22.959478,   19, 0.53,    3, 0.000, 0.000, 0.280, 33
train,    191, -23.150154,   18, 0.60,    4, 0.000, 0.000, 0.280, 33
train,    192, -23.063425,   19, 0.57,    3, 0.000, 0.000, 0.280, 33
train,    193, -22.869172,   16, 0.57,    3, 0.000, 0.000, 0.280, 33
train,    194, -20.569790,   17, 0.58,    3, 0.000, 0.000, 0.280, 33
train,    195, -22.299118,   15, 0.55,    4, 0.000, 0.000, 0.280, 33
train,    196, -23.600331,   21, 0.56,    3, 0.000, 0.000, 0.280, 33
train,    197, -23.981434,   18, 0.52,    3, 0.000, 0.000, 0.280, 33
train,    198, -23.302683,   18, 0.56,    4, 0.000, 0.000, 0.280, 33
train,    199, -21.370935,   19, 0.53,    4, 0.000, 0.000, 0.280, 33
train,    200, -22.740183,   17, 0.52,    3, 0.000, 0.000, 0.280, 33
update,   200,    2,  200, -7.052326, 0.000000
val_t, 200, 200, -20.452418, 0.5225,  42.3810,   0.2023, 0.2664,  21.6313, progress 0.3021
train,    201, -23.832769,   16, 0.56,    3, 0.000, 0.000, 0.280, 33
train,    202, -23.945041,   17, 0.54,    3, 0.000, 0.000, 0.280, 33
train,    203, -23.829357,   19, 0.54,    4, 0.000, 0.000, 0.280, 33
train,    204, -24.043365,   16, 0.55,    3, 0.000, 0.000, 0.280, 33
train,    205, -24.525248,   15, 0.54,    3, 0.000, 0.000, 0.280, 33
train,    206, -23.579938,   18, 0.50,    4, 0.000, 0.000, 0.280, 33
train,    207, -22.950563,   19, 0.57,    4, 0.000, 0.000, 0.280, 33
train,    208, -20.219818,   18, 0.51,    3, 0.000, 0.000, 0.280, 33
train,    209, -22.440130,   19, 0.54,    3, 0.000, 0.000, 0.280, 33
train,    210, -22.021157,   16, 0.55,    4, 0.000, 0.000, 0.280, 33
train,    211, -24.196794,   18, 0.53,    3, 0.000, 0.000, 0.280, 33
train,    212, -22.045683,   15, 0.55,    3, 0.000, 0.000, 0.280, 33
train,    213, -23.942208,   15, 0.53,    3, 0.000, 0.000, 0.280, 33
train,    214, -24.543501,   18, 0.56,    3, 0.000, 0.000, 0.280, 33
train,    215, -24.518664,   19, 0.58,    3, 0.000, 0.000, 0.280, 33
train,    216, -23.308951,   20, 0.51,    3, 0.000, 0.000, 0.280, 33
train,    217, -21.413001,   20, 0.55,    3, 0.000, 0.000, 0.280, 33
train,    218, -21.310975,   17, 0.58,    2, 0.000, 0.000, 0.280, 33
train,    219, -22.041679,   16, 0.54,    2, 0.000, 0.000, 0.280, 33
train,    220, -21.225120,   17, 0.56,    4, 0.000, 0.000, 0.280, 33
train,    221, -21.907882,   23, 0.54,    4, 0.000, 0.000, 0.280, 33
train,    222, -24.689698,   16, 0.53,    4, 0.000, 0.000, 0.280, 33
train,    223, -24.112740,   17, 0.54,    3, 0.000, 0.000, 0.280, 33
train,    224, -20.967213,   20, 0.56,    4, 0.000, 0.000, 0.280, 33
train,    225, -21.489009,   17, 0.54,    3, 0.000, 0.000, 0.280, 33
train,    226, -24.964509,   21, 0.54,    4, 0.000, 0.000, 0.280, 33
train,    227, -20.166058,   19, 0.52,    3, 0.000, 0.000, 0.280, 33
train,    228, -23.277864,   20, 0.48,    2, 0.000, 0.000, 0.280, 33
train,    229, -24.514834,   19, 0.50,    4, 0.000, 0.000, 0.280, 33
train,    230, -22.658087,   22, 0.52,    3, 0.000, 0.000, 0.280, 33
train,    231, -24.829181,   22, 0.56,    3, 0.000, 0.000, 0.280, 33
train,    232, -22.530022,   22, 0.54,    4, 0.000, 0.000, 0.280, 33
train,    233, -21.367100,   21, 0.58,    3, 0.000, 0.000, 0.280, 33
train,    234, -22.924057,   17, 0.56,    3, 0.000, 0.000, 0.280, 33
train,    235, -21.925347,   20, 0.52,    3, 0.000, 0.000, 0.280, 33
train,    236, -22.229175,   20, 0.54,    3, 0.000, 0.000, 0.280, 33
train,    237, -23.080107,   19, 0.57,    3, 0.000, 0.000, 0.280, 33
train,    238, -24.558032,   20, 0.52,    5, 0.000, 0.000, 0.280, 33
train,    239, -22.854717,   20, 0.56,    3, 0.000, 0.000, 0.280, 33
train,    240, -22.574964,   25, 0.50,    4, 0.000, 0.000, 0.280, 33
train,    241, -21.563604,   18, 0.53,    3, 0.000, 0.000, 0.280, 33
train,    242, -20.874170,   21, 0.53,    3, 0.000, 0.000, 0.280, 33
train,    243, -23.333679,   18, 0.56,    3, 0.000, 0.000, 0.280, 33
train,    244, -21.385182,   18, 0.51,    4, 0.000, 0.000, 0.280, 33
train,    245, -20.721400,   22, 0.53,    3, 0.000, 0.000, 0.280, 33
train,    246, -20.803380,   21, 0.49,    3, 0.000, 0.000, 0.280, 33
train,    247, -23.406367,   20, 0.53,    4, 0.000, 0.000, 0.280, 33
train,    248, -19.349466,   22, 0.54,    4, 0.000, 0.000, 0.280, 33
train,    249, -19.648002,   22, 0.52,    4, 0.000, 0.000, 0.280, 33
train,    250, -21.504845,   20, 0.51,    3, 0.000, 0.000, 0.280, 33
train,    251, -22.509342,   19, 0.51,    3, 0.000, 0.000, 0.280, 33
train,    252, -21.806555,   21, 0.55,    3, 0.000, 0.000, 0.280, 33
train,    253, -20.666668,   20, 0.50,    4, 0.000, 0.000, 0.280, 33
train,    254, -19.840267,   20, 0.55,    3, 0.000, 0.000, 0.280, 33
train,    255, -21.811699,   21, 0.55,    4, 0.000, 0.000, 0.280, 33
train,    256, -22.454234,   20, 0.53,    4, 0.000, 0.000, 0.280, 33
train,    257, -20.983520,   21, 0.53,    3, 0.000, 0.000, 0.280, 33
train,    258, -19.373631,   20, 0.51,    3, 0.000, 0.000, 0.280, 33
train,    259, -21.294455,   22, 0.54,    3, 0.000, 0.000, 0.280, 33
train,    260, -23.800609,   22, 0.54,    4, 0.000, 0.000, 0.280, 33
train,    261, -21.575197,   20, 0.50,    3, 0.000, 0.000, 0.280, 33
train,    262, -19.062663,   22, 0.53,    3, 0.000, 0.000, 0.280, 33
train,    263, -19.199371,   20, 0.52,    4, 0.000, 0.000, 0.280, 33
train,    264, -22.146021,   20, 0.55,    3, 0.000, 0.000, 0.280, 33
train,    265, -22.484390,   23, 0.52,    4, 0.000, 0.000, 0.280, 33
train,    266, -23.019224,   19, 0.52,    3, 0.000, 0.000, 0.280, 33
train,    267, -21.192853,   22, 0.51,    3, 0.000, 0.000, 0.280, 33
train,    268, -21.012110,   18, 0.53,    4, 0.000, 0.000, 0.280, 33
train,    269, -21.181453,   22, 0.50,    4, 0.000, 0.000, 0.280, 33
train,    270, -19.524460,   21, 0.54,    4, 0.000, 0.000, 0.280, 33
train,    271, -22.445885,   18, 0.52,    4, 0.000, 0.000, 0.280, 33
train,    272, -20.442832,   22, 0.51,    4, 0.000, 0.000, 0.280, 33
train,    273, -18.846763,   25, 0.52,    4, 0.000, 0.000, 0.280, 33
train,    274, -19.356069,   17, 0.53,    4, 0.000, 0.000, 0.280, 33
train,    275, -20.516318,   20, 0.50,    3, 0.000, 0.000, 0.280, 33
train,    276, -21.291570,   23, 0.54,    4, 0.000, 0.000, 0.280, 33
train,    277, -20.747314,   23, 0.53,    3, 0.000, 0.000, 0.280, 33
train,    278, -17.994144,   21, 0.53,    4, 0.000, 0.000, 0.280, 33
train,    279, -19.745374,   18, 0.52,    3, 0.000, 0.000, 0.280, 33
train,    280, -20.690617,   22, 0.53,    4, 0.000, 0.000, 0.280, 33
train,    281, -20.824769,   19, 0.49,    4, 0.000, 0.000, 0.280, 33
train,    282, -22.037393,   25, 0.48,    3, 0.000, 0.000, 0.280, 33
train,    283, -20.188047,   20, 0.51,    3, 0.000, 0.000, 0.280, 33
train,    284, -21.152114,   23, 0.52,    3, 0.000, 0.000, 0.280, 33
train,    285, -16.500639,   24, 0.47,    4, 0.000, 0.000, 0.280, 33
train,    286, -18.743867,   21, 0.54,    4, 0.000, 0.000, 0.280, 33
train,    287, -18.852125,   23, 0.55,    3, 0.000, 0.000, 0.280, 33
train,    288, -19.418465,   22, 0.49,    3, 0.000, 0.000, 0.280, 33
train,    289, -19.690617,   22, 0.52,    4, 0.000, 0.000, 0.280, 33
train,    290, -21.019050,   20, 0.46,    4, 0.000, 0.000, 0.280, 33
train,    291, -21.208596,   19, 0.50,    3, 0.000, 0.000, 0.280, 33
train,    292, -19.900813,   24, 0.48,    4, 0.000, 0.000, 0.280, 33
train,    293, -18.996975,   24, 0.51,    5, 0.000, 0.000, 0.280, 33
train,    294, -19.366490,   23, 0.51,    4, 0.000, 0.000, 0.280, 33
train,    295, -17.420614,   22, 0.51,    5, 0.000, 0.000, 0.280, 33
train,    296, -18.579527,   28, 0.54,    5, 0.000, 0.000, 0.280, 33
train,    297, -21.470709,   27, 0.51,    3, 0.000, 0.000, 0.280, 33
train,    298, -19.947245,   21, 0.51,    4, 0.000, 0.000, 0.280, 33
train,    299, -18.960822,   19, 0.48,    3, 0.000, 0.000, 0.280, 33
train,    300, -18.077321,   22, 0.53,    4, 0.000, 0.000, 0.280, 33
update,   300,    3,  300, -5.702658, 0.000000
val_t, 300, 300, -18.049993, 0.4710,  41.0273,   0.2043, 0.2860,  22.1244, progress 0.3517
train,    301, -17.697605,   20, 0.50,    4, 0.000, 0.000, 0.280, 33
train,    302, -20.879195,   21, 0.52,    2, 0.000, 0.000, 0.280, 33
train,    303, -20.440423,   24, 0.50,    4, 0.000, 0.000, 0.280, 33
train,    304, -20.807340,   20, 0.48,    3, 0.000, 0.000, 0.280, 33
train,    305, -19.135539,   19, 0.49,    4, 0.000, 0.000, 0.280, 33
train,    306, -20.697885,   21, 0.49,    4, 0.000, 0.000, 0.280, 33
train,    307, -19.502512,   20, 0.54,    4, 0.000, 0.000, 0.280, 33
train,    308, -16.928514,   22, 0.49,    4, 0.000, 0.000, 0.280, 33
train,    309, -19.891601,   21, 0.51,    3, 0.000, 0.000, 0.280, 33
train,    310, -18.610785,   23, 0.47,    3, 0.000, 0.000, 0.280, 33
train,    311, -18.782964,   24, 0.49,    4, 0.000, 0.000, 0.280, 33
train,    312, -17.581276,   18, 0.48,    4, 0.000, 0.000, 0.280, 33
train,    313, -19.570969,   22, 0.49,    4, 0.000, 0.000, 0.280, 33
train,    314, -18.537872,   23, 0.52,    4, 0.000, 0.000, 0.280, 33
train,    315, -19.528508,   25, 0.51,    4, 0.000, 0.000, 0.280, 33
train,    316, -21.303702,   23, 0.48,    4, 0.000, 0.000, 0.280, 33
train,    317, -17.473963,   22, 0.47,    4, 0.000, 0.000, 0.280, 33
train,    318, -18.895760,   26, 0.48,    4, 0.000, 0.000, 0.280, 33
train,    319, -16.691981,   23, 0.48,    4, 0.000, 0.000, 0.280, 33
train,    320, -19.058288,   24, 0.46,    4, 0.000, 0.000, 0.280, 34
train,    321, -19.726787,   25, 0.47,    6, 0.000, 0.000, 0.280, 34
train,    322, -19.287691,   24, 0.48,    4, 0.000, 0.000, 0.280, 34
train,    323, -16.400418,   23, 0.48,    3, 0.000, 0.000, 0.280, 34
train,    324, -18.178571,   24, 0.48,    4, 0.000, 0.000, 0.280, 34
train,    325, -19.562081,   24, 0.48,    4, 0.000, 0.000, 0.280, 34
train,    326, -20.136957,   21, 0.47,    3, 0.000, 0.000, 0.280, 34
train,    327, -17.602895,   25, 0.44,    4, 0.000, 0.000, 0.280, 34
train,    328, -17.752422,   18, 0.47,    3, 0.000, 0.000, 0.280, 34
train,    329, -17.695059,   24, 0.50,    5, 0.000, 0.000, 0.280, 34
train,    330, -18.928185,   26, 0.49,    4, 0.000, 0.000, 0.280, 34
train,    331, -15.971535,   23, 0.46,    3, 0.000, 0.000, 0.280, 34
train,    332, -17.102728,   22, 0.48,    5, 0.000, 0.000, 0.280, 34
train,    333, -17.537310,   25, 0.47,    5, 0.000, 0.000, 0.280, 34
train,    334, -16.822987,   24, 0.51,    4, 0.000, 0.000, 0.280, 34
train,    335, -19.109311,   22, 0.49,    3, 0.000, 0.000, 0.280, 34
train,    336, -18.414994,   26, 0.49,    4, 0.000, 0.000, 0.280, 34
train,    337, -17.195763,   26, 0.49,    4, 0.000, 0.000, 0.280, 34
train,    338, -15.939298,   26, 0.49,    4, 0.000, 0.000, 0.280, 34
train,    339, -17.720378,   23, 0.50,    3, 0.000, 0.000, 0.280, 34
train,    340, -15.169733,   24, 0.49,    4, 0.000, 0.000, 0.280, 34
train,    341, -16.873328,   25, 0.48,    4, 0.000, 0.000, 0.280, 34
train,    342, -17.596736,   24, 0.47,    4, 0.000, 0.000, 0.280, 34
train,    343, -16.603798,   22, 0.48,    4, 0.000, 0.000, 0.280, 34
train,    344, -17.486761,   25, 0.50,    4, 0.000, 0.000, 0.280, 34
train,    345, -17.647606,   26, 0.49,    4, 0.000, 0.000, 0.280, 34
train,    346, -17.667481,   25, 0.49,    4, 0.000, 0.000, 0.280, 34
train,    347, -18.010740,   27, 0.46,    5, 0.000, 0.000, 0.280, 34
train,    348, -15.398223,   28, 0.51,    3, 0.000, 0.000, 0.280, 34
train,    349, -18.149984,   27, 0.48,    4, 0.000, 0.000, 0.280, 34
train,    350, -15.366029,   26, 0.46,    5, 0.000, 0.000, 0.280, 34
train,    351, -17.064799,   25, 0.47,    4, 0.000, 0.000, 0.280, 34
train,    352, -17.576776,   26, 0.48,    4, 0.000, 0.000, 0.280, 34
train,    353, -16.070774,   26, 0.45,    4, 0.000, 0.000, 0.280, 34
train,    354, -14.466447,   25, 0.49,    4, 0.000, 0.000, 0.280, 34
train,    355, -16.302329,   29, 0.47,    3, 0.000, 0.000, 0.280, 34
train,    356, -15.769110,   23, 0.47,    3, 0.000, 0.000, 0.280, 34
train,    357, -16.503001,   24, 0.44,    4, 0.000, 0.000, 0.280, 34
train,    358, -15.999038,   22, 0.48,    4, 0.000, 0.000, 0.280, 34
train,    359, -16.223344,   24, 0.50,    2, 0.000, 0.000, 0.280, 34
train,    360, -16.229291,   27, 0.50,    3, 0.000, 0.000, 0.280, 34
train,    361, -19.880522,   28, 0.44,    4, 0.000, 0.000, 0.280, 34
train,    362, -16.010857,   28, 0.47,    4, 0.000, 0.000, 0.280, 34
train,    363, -17.086780,   23, 0.48,    4, 0.000, 0.000, 0.280, 34
train,    364, -13.713070,   24, 0.45,    3, 0.000, 0.000, 0.280, 34
train,    365, -17.186473,   24, 0.45,    4, 0.000, 0.000, 0.280, 34
train,    366, -16.310564,   29, 0.50,    4, 0.000, 0.000, 0.280, 34
train,    367, -16.056784,   27, 0.49,    3, 0.000, 0.000, 0.280, 34
train,    368, -12.696245,   27, 0.50,    3, 0.000, 0.000, 0.280, 34
train,    369, -15.856838,   27, 0.43,    4, 0.000, 0.000, 0.280, 34
train,    370, -17.281434,   26, 0.47,    4, 0.000, 0.000, 0.280, 34
train,    371, -15.025079,   29, 0.46,    5, 0.000, 0.000, 0.280, 34
train,    372, -16.056479,   26, 0.46,    4, 0.000, 0.000, 0.280, 34
train,    373, -15.673781,   23, 0.49,    4, 0.000, 0.000, 0.280, 34
train,    374, -15.400921,   24, 0.47,    4, 0.000, 0.000, 0.280, 34
train,    375, -15.374831,   20, 0.50,    4, 0.000, 0.000, 0.280, 34
train,    376, -16.327195,   23, 0.49,    4, 0.000, 0.000, 0.280, 34
train,    377, -15.523861,   30, 0.48,    5, 0.000, 0.000, 0.280, 34
train,    378, -16.174913,   24, 0.48,    4, 0.000, 0.000, 0.280, 34
train,    379, -16.157084,   27, 0.50,    4, 0.000, 0.000, 0.280, 34
train,    380, -14.935652,   24, 0.51,    5, 0.000, 0.000, 0.280, 34
train,    381, -15.189575,   27, 0.49,    5, 0.000, 0.000, 0.280, 34
train,    382, -17.751688,   28, 0.51,    4, 0.000, 0.000, 0.280, 34
train,    383, -12.593152,   25, 0.45,    3, 0.000, 0.000, 0.280, 34
train,    384, -15.143456,   24, 0.46,    4, 0.000, 0.000, 0.280, 34
train,    385, -14.425088,   25, 0.45,    5, 0.000, 0.000, 0.280, 34
train,    386, -16.082421,   28, 0.47,    4, 0.000, 0.000, 0.280, 34
train,    387, -14.593384,   29, 0.48,    4, 0.000, 0.000, 0.280, 34
train,    388, -14.761650,   30, 0.46,    4, 0.000, 0.000, 0.280, 34
train,    389, -13.954383,   24, 0.48,    4, 0.000, 0.000, 0.280, 34
train,    390, -14.178719,   28, 0.50,    4, 0.000, 0.000, 0.280, 34
train,    391, -18.279552,   28, 0.44,    5, 0.000, 0.000, 0.280, 34
train,    392, -14.120037,   27, 0.49,    4, 0.000, 0.000, 0.280, 34
train,    393, -15.059117,   29, 0.46,    5, 0.000, 0.000, 0.280, 34
train,    394, -13.054758,   27, 0.45,    4, 0.000, 0.000, 0.280, 34
train,    395, -12.741481,   27, 0.45,    4, 0.000, 0.000, 0.280, 34
train,    396, -15.898461,   28, 0.45,    5, 0.000, 0.000, 0.280, 34
train,    397, -16.397787,   23, 0.48,    4, 0.000, 0.000, 0.280, 34
train,    398, -16.062309,   28, 0.45,    5, 0.000, 0.000, 0.280, 34
train,    399, -13.827064,   27, 0.47,    4, 0.000, 0.000, 0.280, 34
train,    400, -14.957757,   28, 0.46,    4, 0.000, 0.000, 0.280, 34
update,   400,    4,  400, -3.483078, 0.000000
val_t, 400, 400, -14.460653, 0.4251,  45.3481,   0.1978, 0.3424,  23.4776, progress 0.4078
train,    401, -13.404253,   28, 0.45,    4, 0.000, 0.000, 0.280, 34
train,    402, -14.984951,   26, 0.43,    5, 0.000, 0.000, 0.280, 34
train,    403, -14.845866,   26, 0.47,    5, 0.000, 0.000, 0.280, 34
train,    404, -12.978888,   30, 0.47,    3, 0.000, 0.000, 0.280, 34
train,    405, -14.637369,   27, 0.44,    4, 0.000, 0.000, 0.280, 34
train,    406, -13.441558,   24, 0.47,    4, 0.000, 0.000, 0.280, 34
train,    407, -13.867673,   28, 0.45,    5, 0.000, 0.000, 0.280, 34
train,    408, -15.203317,   28, 0.44,    5, 0.000, 0.000, 0.280, 34
train,    409, -14.259188,   24, 0.45,    4, 0.000, 0.000, 0.280, 34
train,    410, -14.099354,   31, 0.45,    5, 0.000, 0.000, 0.280, 34
train,    411, -12.310501,   27, 0.44,    3, 0.000, 0.000, 0.280, 34
train,    412, -13.647636,   29, 0.46,    4, 0.000, 0.000, 0.280, 34
train,    413, -14.989999,   28, 0.50,    4, 0.000, 0.000, 0.280, 34
train,    414, -14.914733,   28, 0.44,    4, 0.000, 0.000, 0.280, 34
train,    415, -13.824463,   25, 0.44,    3, 0.000, 0.000, 0.280, 34
train,    416, -13.944667,   32, 0.44,    5, 0.000, 0.000, 0.280, 34
train,    417, -15.257395,   28, 0.49,    4, 0.000, 0.000, 0.280, 34
train,    418, -12.905456,   28, 0.42,    4, 0.000, 0.000, 0.280, 34
train,    419, -14.216817,   27, 0.42,    4, 0.000, 0.000, 0.280, 34
train,    420, -13.700014,   28, 0.49,    4, 0.000, 0.000, 0.280, 34
train,    421, -15.755797,   29, 0.42,    5, 0.000, 0.000, 0.280, 34
train,    422, -15.140217,   28, 0.42,    3, 0.000, 0.000, 0.280, 34
train,    423, -16.825072,   28, 0.47,    4, 0.000, 0.000, 0.280, 34
train,    424, -15.410891,   27, 0.45,    5, 0.000, 0.000, 0.280, 34
train,    425, -12.956241,   29, 0.46,    4, 0.000, 0.000, 0.280, 34
train,    426, -13.123182,   27, 0.44,    4, 0.000, 0.000, 0.280, 34
train,    427, -14.036049,   30, 0.43,    5, 0.000, 0.000, 0.280, 34
train,    428, -13.936129,   26, 0.45,    5, 0.000, 0.000, 0.280, 34
train,    429, -15.700224,   29, 0.45,    5, 0.000, 0.000, 0.280, 34
train,    430, -12.670385,   28, 0.46,    4, 0.000, 0.000, 0.280, 34
train,    431, -11.912826,   25, 0.46,    4, 0.000, 0.000, 0.280, 34
train,    432, -13.085564,   27, 0.44,    4, 0.000, 0.000, 0.280, 34
train,    433, -11.035702,   28, 0.44,    4, 0.000, 0.000, 0.280, 34
train,    434, -12.528597,   30, 0.44,    4, 0.000, 0.000, 0.280, 34
train,    435, -11.213877,   29, 0.45,    4, 0.000, 0.000, 0.280, 34
train,    436, -14.683158,   30, 0.45,    5, 0.000, 0.000, 0.280, 34
train,    437, -13.585358,   31, 0.47,    5, 0.000, 0.000, 0.280, 34
train,    438, -12.115228,   29, 0.46,    4, 0.000, 0.000, 0.280, 34
train,    439, -11.400582,   29, 0.42,    4, 0.000, 0.000, 0.280, 34
train,    440, -13.685334,   31, 0.42,    5, 0.000, 0.000, 0.280, 34
train,    441, -12.129706,   28, 0.44,    4, 0.000, 0.000, 0.280, 34
train,    442, -12.046160,   28, 0.43,    5, 0.000, 0.000, 0.280, 34
train,    443, -13.399626,   27, 0.44,    5, 0.000, 0.000, 0.280, 34
train,    444, -11.220666,   29, 0.41,    4, 0.000, 0.000, 0.280, 34
train,    445, -11.177470,   27, 0.41,    5, 0.000, 0.000, 0.280, 34
train,    446, -11.450481,   31, 0.44,    4, 0.000, 0.000, 0.280, 34
train,    447, -12.842691,   34, 0.39,    5, 0.000, 0.000, 0.280, 34
train,    448, -13.007154,   31, 0.47,    4, 0.000, 0.000, 0.280, 34
train,    449, -13.809232,   29, 0.43,    4, 0.000, 0.000, 0.280, 34
train,    450, -12.549594,   27, 0.42,    4, 0.000, 0.000, 0.280, 34
train,    451, -11.867919,   32, 0.42,    5, 0.000, 0.000, 0.280, 34
train,    452, -12.821681,   34, 0.46,    4, 0.000, 0.000, 0.280, 34
train,    453, -12.748697,   28, 0.44,    4, 0.000, 0.000, 0.280, 34
train,    454, -13.166846,   29, 0.44,    4, 0.000, 0.000, 0.280, 34
train,    455, -12.301154,   30, 0.44,    5, 0.000, 0.000, 0.280, 34
train,    456, -15.274118,   30, 0.48,    4, 0.000, 0.000, 0.280, 34
train,    457, -14.675865,   33, 0.44,    5, 0.000, 0.000, 0.280, 34
train,    458, -14.853258,   30, 0.42,    4, 0.000, 0.000, 0.280, 34
train,    459, -12.022683,   30, 0.45,    5, 0.000, 0.000, 0.280, 34
train,    460, -13.977944,   30, 0.44,    3, 0.000, 0.000, 0.280, 34
train,    461, -11.224212,   28, 0.46,    5, 0.000, 0.000, 0.280, 34
train,    462, -13.237901,   27, 0.45,    5, 0.000, 0.000, 0.280, 34
train,    463, -10.879239,   30, 0.44,    4, 0.000, 0.000, 0.280, 34
train,    464, -13.997886,   32, 0.45,    4, 0.000, 0.000, 0.280, 34
train,    465, -10.801025,   32, 0.46,    5, 0.000, 0.000, 0.280, 34
train,    466, -14.449824,   29, 0.42,    5, 0.000, 0.000, 0.280, 34
train,    467, -12.240133,   29, 0.43,    4, 0.000, 0.000, 0.280, 34
train,    468, -12.125854,   33, 0.44,    4, 0.000, 0.000, 0.280, 34
train,    469, -14.799086,   32, 0.40,    4, 0.000, 0.000, 0.280, 34
train,    470, -11.754045,   30, 0.43,    5, 0.000, 0.000, 0.280, 34
train,    471, -14.709154,   31, 0.42,    5, 0.000, 0.000, 0.280, 34
train,    472, -11.799522,   31, 0.41,    4, 0.000, 0.000, 0.280, 34
train,    473, -11.298014,   31, 0.44,    4, 0.000, 0.000, 0.280, 34
train,    474, -11.587335,   32, 0.42,    4, 0.000, 0.000, 0.280, 34
train,    475, -12.562308,   31, 0.41,    4, 0.000, 0.000, 0.280, 34
train,    476, -13.155453,   30, 0.48,    5, 0.000, 0.000, 0.280, 34
train,    477, -12.545455,   31, 0.44,    5, 0.000, 0.000, 0.280, 34
train,    478, -13.501817,   30, 0.39,    5, 0.000, 0.000, 0.280, 34
train,    479, -11.972973,   30, 0.45,    5, 0.000, 0.000, 0.280, 34
train,    480, -11.375409,   30, 0.42,    5, 0.000, 0.000, 0.280, 35
train,    481, -13.108509,   28, 0.38,    6, 0.000, 0.000, 0.280, 35
train,    482, -11.419642,   29, 0.41,    4, 0.000, 0.000, 0.280, 35
train,    483, -11.856882,   30, 0.45,    6, 0.000, 0.000, 0.280, 35
train,    484, -14.006575,   31, 0.41,    4, 0.000, 0.000, 0.280, 35
train,    485, -11.963200,   28, 0.43,    5, 0.000, 0.000, 0.280, 35
train,    486, -11.574077,   35, 0.43,    5, 0.000, 0.000, 0.280, 35
train,    487, -13.779258,   26, 0.39,    5, 0.000, 0.000, 0.280, 35
train,    488, -11.911565,   26, 0.45,    4, 0.000, 0.000, 0.280, 35
train,    489, -9.297784,   30, 0.41,    5, 0.000, 0.000, 0.280, 35
train,    490, -9.381551,   29, 0.46,    5, 0.000, 0.000, 0.280, 35
train,    491, -13.347619,   33, 0.44,    4, 0.000, 0.000, 0.280, 35
train,    492, -10.847751,   31, 0.43,    5, 0.000, 0.000, 0.280, 35
train,    493, -12.860615,   32, 0.41,    4, 0.000, 0.000, 0.280, 35
train,    494, -12.021847,   30, 0.42,    5, 0.000, 0.000, 0.280, 35
train,    495, -11.777170,   31, 0.43,    4, 0.000, 0.000, 0.280, 35
train,    496, -11.064932,   32, 0.39,    5, 0.000, 0.000, 0.280, 35
train,    497, -9.112375,   30, 0.45,    4, 0.000, 0.000, 0.280, 35
train,    498, -10.592799,   26, 0.40,    5, 0.000, 0.000, 0.280, 35
train,    499, -10.939763,   27, 0.39,    4, 0.000, 0.000, 0.280, 35
train,    500, -9.675450,   32, 0.41,    5, 0.000, 0.000, 0.280, 35
update,   500,    5,  500, -1.603672, 0.000000
val_t, 500, 500, -11.596072, 0.3594,  48.5129,   0.1776, 0.4412,  23.3665, progress 0.4566
train,    501, -10.383744,   31, 0.41,    4, 0.000, 0.000, 0.280, 35
train,    502, -12.085983,   30, 0.40,    4, 0.000, 0.000, 0.280, 35
train,    503, -11.623396,   31, 0.44,    4, 0.000, 0.000, 0.280, 35
train,    504, -11.619577,   35, 0.37,    4, 0.000, 0.000, 0.280, 35
train,    505, -11.838586,   39, 0.43,    5, 0.000, 0.000, 0.280, 35
train,    506, -11.052515,   31, 0.39,    5, 0.000, 0.000, 0.280, 35
train,    507, -12.725750,   37, 0.41,    4, 0.000, 0.000, 0.280, 35
train,    508, -11.310860,   32, 0.38,    5, 0.000, 0.000, 0.280, 35
train,    509, -11.475714,   31, 0.47,    5, 0.000, 0.000, 0.280, 35
train,    510, -13.497537,   28, 0.42,    4, 0.000, 0.000, 0.280, 35
train,    511, -10.354583,   32, 0.39,    4, 0.000, 0.000, 0.280, 35
train,    512, -11.760767,   34, 0.42,    5, 0.000, 0.000, 0.280, 35
train,    513, -10.338706,   30, 0.40,    4, 0.000, 0.000, 0.280, 35
train,    514, -12.873764,   36, 0.40,    5, 0.000, 0.000, 0.280, 35
train,    515, -11.371534,   33, 0.40,    5, 0.000, 0.000, 0.280, 35
train,    516, -11.269558,   28, 0.43,    5, 0.000, 0.000, 0.280, 35
train,    517, -12.022770,   31, 0.42,    5, 0.000, 0.000, 0.280, 35
train,    518, -9.966794,   30, 0.40,    6, 0.000, 0.000, 0.280, 35
train,    519, -10.417944,   30, 0.40,    4, 0.000, 0.000, 0.280, 35
train,    520, -9.655621,   35, 0.41,    4, 0.000, 0.000, 0.280, 35
train,    521, -10.669257,   32, 0.45,    6, 0.000, 0.000, 0.280, 35
train,    522, -11.698001,   31, 0.39,    5, 0.000, 0.000, 0.280, 35
train,    523, -11.657894,   30, 0.41,    4, 0.000, 0.000, 0.280, 35
train,    524, -12.378472,   30, 0.42,    5, 0.000, 0.000, 0.280, 35
train,    525, -11.887844,   32, 0.38,    6, 0.000, 0.000, 0.280, 35
train,    526, -13.033568,   32, 0.41,    5, 0.000, 0.000, 0.280, 35
train,    527, -10.783922,   32, 0.42,    5, 0.000, 0.000, 0.280, 35
train,    528, -10.665499,   32, 0.39,    5, 0.000, 0.000, 0.280, 35
train,    529, -10.966494,   35, 0.38,    4, 0.000, 0.000, 0.280, 35
train,    530, -11.536693,   35, 0.40,    4, 0.000, 0.000, 0.280, 35
train,    531, -10.474113,   33, 0.43,    5, 0.000, 0.000, 0.280, 35
train,    532, -12.904714,   34, 0.39,    4, 0.000, 0.000, 0.280, 35
train,    533, -11.662944,   30, 0.39,    4, 0.000, 0.000, 0.280, 35
train,    534, -11.721257,   29, 0.42,    4, 0.000, 0.000, 0.280, 35
train,    535, -9.559484,   34, 0.40,    5, 0.000, 0.000, 0.280, 35
train,    536, -12.203475,   33, 0.39,    6, 0.000, 0.000, 0.280, 35
train,    537, -9.539999,   34, 0.39,    5, 0.000, 0.000, 0.280, 35
train,    538, -10.036927,   37, 0.40,    5, 0.000, 0.000, 0.280, 35
train,    539, -9.974857,   34, 0.38,    6, 0.000, 0.000, 0.280, 35
train,    540, -13.141221,   35, 0.40,    4, 0.000, 0.000, 0.280, 35
train,    541, -11.783169,   31, 0.44,    5, 0.000, 0.000, 0.280, 35
train,    542, -12.361892,   35, 0.41,    4, 0.000, 0.000, 0.280, 35
train,    543, -8.685587,   32, 0.41,    4, 0.000, 0.000, 0.280, 35
train,    544, -10.847912,   33, 0.43,    4, 0.000, 0.000, 0.280, 35
train,    545, -11.513414,   33, 0.42,    5, 0.000, 0.000, 0.280, 35
train,    546, -10.244134,   35, 0.39,    4, 0.000, 0.000, 0.280, 35
train,    547, -8.699044,   31, 0.42,    5, 0.000, 0.000, 0.280, 35
train,    548, -11.933610,   34, 0.42,    4, 0.000, 0.000, 0.280, 35
train,    549, -11.553197,   35, 0.38,    5, 0.000, 0.000, 0.280, 35
train,    550, -9.608421,   34, 0.42,    5, 0.000, 0.000, 0.280, 35
train,    551, -11.526390,   32, 0.40,    5, 0.000, 0.000, 0.280, 35
train,    552, -13.073548,   35, 0.38,    5, 0.000, 0.000, 0.280, 35
train,    553, -8.757195,   35, 0.41,    5, 0.000, 0.000, 0.280, 35
train,    554, -10.415453,   35, 0.41,    4, 0.000, 0.000, 0.280, 35
train,    555, -13.737894,   31, 0.38,    5, 0.000, 0.000, 0.280, 35
train,    556, -8.531381,   35, 0.40,    5, 0.000, 0.000, 0.280, 35
train,    557, -12.794087,   28, 0.42,    5, 0.000, 0.000, 0.280, 35
train,    558, -13.074524,   39, 0.40,    5, 0.000, 0.000, 0.280, 35
train,    559, -11.206392,   33, 0.44,    5, 0.000, 0.000, 0.280, 35
train,    560, -11.214607,   32, 0.41,    5, 0.000, 0.000, 0.280, 35
train,    561, -9.645189,   32, 0.37,    5, 0.000, 0.000, 0.280, 35
train,    562, -11.409766,   33, 0.38,    5, 0.000, 0.000, 0.280, 35
train,    563, -10.358417,   34, 0.43,    5, 0.000, 0.000, 0.280, 35
train,    564, -9.035985,   37, 0.39,    5, 0.000, 0.000, 0.280, 35
train,    565, -11.902257,   34, 0.39,    5, 0.000, 0.000, 0.280, 35
train,    566, -11.376962,   37, 0.40,    5, 0.000, 0.000, 0.280, 35
train,    567, -10.879164,   36, 0.39,    5, 0.000, 0.000, 0.280, 35
train,    568, -11.377211,   32, 0.42,    5, 0.000, 0.000, 0.280, 35
train,    569, -9.997340,   38, 0.41,    5, 0.000, 0.000, 0.280, 35
train,    570, -9.811569,   36, 0.38,    5, 0.000, 0.000, 0.280, 35
train,    571, -11.142002,   38, 0.38,    4, 0.000, 0.000, 0.280, 35
train,    572, -10.457800,   36, 0.38,    5, 0.000, 0.000, 0.280, 35
train,    573, -10.747134,   37, 0.36,    5, 0.000, 0.000, 0.280, 35
train,    574, -11.170727,   34, 0.39,    5, 0.000, 0.000, 0.280, 35
train,    575, -11.324341,   32, 0.43,    5, 0.000, 0.000, 0.280, 35
train,    576, -11.023010,   35, 0.39,    5, 0.000, 0.000, 0.280, 35
train,    577, -9.793840,   34, 0.37,    6, 0.000, 0.000, 0.280, 35
train,    578, -11.656359,   34, 0.39,    5, 0.000, 0.000, 0.280, 35
train,    579, -12.508003,   31, 0.41,    5, 0.000, 0.000, 0.280, 35
train,    580, -12.282888,   38, 0.40,    4, 0.000, 0.000, 0.280, 35
train,    581, -10.579408,   32, 0.37,    4, 0.000, 0.000, 0.280, 35
train,    582, -10.289907,   35, 0.37,    5, 0.000, 0.000, 0.280, 35
train,    583, -9.623482,   35, 0.35,    6, 0.000, 0.000, 0.280, 35
train,    584, -11.309169,   37, 0.39,    4, 0.000, 0.000, 0.280, 35
train,    585, -11.806238,   35, 0.38,    5, 0.000, 0.000, 0.280, 35
train,    586, -10.687982,   38, 0.38,    5, 0.000, 0.000, 0.280, 35
train,    587, -12.571735,   36, 0.38,    5, 0.000, 0.000, 0.280, 35
train,    588, -10.633971,   35, 0.38,    5, 0.000, 0.000, 0.280, 35
train,    589, -10.772668,   33, 0.39,    5, 0.000, 0.000, 0.280, 35
train,    590, -11.909085,   39, 0.36,    5, 0.000, 0.000, 0.280, 35
train,    591, -12.702911,   35, 0.38,    4, 0.000, 0.000, 0.280, 35
train,    592, -10.348184,   33, 0.36,    6, 0.000, 0.000, 0.280, 35
train,    593, -12.171320,   35, 0.36,    6, 0.000, 0.000, 0.280, 35
train,    594, -9.562328,   37, 0.41,    4, 0.000, 0.000, 0.280, 35
train,    595, -11.072466,   37, 0.38,    5, 0.000, 0.000, 0.280, 35
train,    596, -9.524669,   39, 0.36,    5, 0.000, 0.000, 0.280, 35
train,    597, -13.607311,   35, 0.40,    4, 0.000, 0.000, 0.280, 35
train,    598, -13.478267,   29, 0.40,    6, 0.000, 0.000, 0.280, 35
train,    599, -11.178018,   38, 0.39,    6, 0.000, 0.000, 0.280, 35
train,    600, -8.788816,   35, 0.38,    5, 0.000, 0.000, 0.280, 35
update,   600,    6,  600, -1.167994, 0.000000
val_t, 600, 600, -8.855247, 0.2934,  49.4042,   0.1685, 0.4690,  24.3965, progress 0.4884
train,    601, -9.788926,   38, 0.40,    5, 0.000, 0.000, 0.280, 35
train,    602, -11.720820,   35, 0.35,    6, 0.000, 0.000, 0.280, 35
train,    603, -11.822687,   37, 0.38,    5, 0.000, 0.000, 0.280, 35
train,    604, -10.598618,   33, 0.37,    5, 0.000, 0.000, 0.280, 35
train,    605, -11.303757,   34, 0.39,    6, 0.000, 0.000, 0.280, 35
train,    606, -10.655777,   34, 0.37,    5, 0.000, 0.000, 0.280, 35
train,    607, -11.785435,   36, 0.38,    4, 0.000, 0.000, 0.280, 35
train,    608, -10.057637,   35, 0.36,    5, 0.000, 0.000, 0.280, 35
train,    609, -10.208013,   39, 0.39,    5, 0.000, 0.000, 0.280, 35
train,    610, -10.515275,   36, 0.37,    4, 0.000, 0.000, 0.280, 35
train,    611, -9.623322,   32, 0.39,    5, 0.000, 0.000, 0.280, 35
train,    612, -12.230984,   37, 0.37,    6, 0.000, 0.000, 0.280, 35
train,    613, -11.268343,   40, 0.38,    4, 0.000, 0.000, 0.280, 35
train,    614, -10.970105,   35, 0.37,    6, 0.000, 0.000, 0.280, 35
train,    615, -11.874584,   38, 0.38,    6, 0.000, 0.000, 0.280, 35
train,    616, -9.500354,   36, 0.39,    6, 0.000, 0.000, 0.280, 35
train,    617, -7.384014,   36, 0.37,    6, 0.000, 0.000, 0.280, 35
train,    618, -9.635495,   35, 0.38,    5, 0.000, 0.000, 0.280, 35
train,    619, -10.378407,   34, 0.37,    5, 0.000, 0.000, 0.280, 35
train,    620, -12.169641,   37, 0.37,    5, 0.000, 0.000, 0.280, 35
train,    621, -11.261917,   34, 0.41,    5, 0.000, 0.000, 0.280, 35
train,    622, -8.908984,   38, 0.37,    5, 0.000, 0.000, 0.280, 35
train,    623, -9.707571,   37, 0.37,    6, 0.000, 0.000, 0.280, 35
train,    624, -11.274238,   35, 0.36,    5, 0.000, 0.000, 0.280, 35
train,    625, -10.434070,   34, 0.37,    6, 0.000, 0.000, 0.280, 35
train,    626, -11.521352,   36, 0.38,    4, 0.000, 0.000, 0.280, 35
train,    627, -11.032741,   35, 0.36,    5, 0.000, 0.000, 0.280, 35
train,    628, -8.797160,   37, 0.38,    6, 0.000, 0.000, 0.280, 35
train,    629, -9.337972,   34, 0.39,    5, 0.000, 0.000, 0.280, 35
train,    630, -10.098747,   40, 0.39,    5, 0.000, 0.000, 0.280, 35
train,    631, -10.469718,   35, 0.36,    5, 0.000, 0.000, 0.280, 35
train,    632, -10.371843,   32, 0.38,    5, 0.000, 0.000, 0.280, 35
train,    633, -12.448498,   36, 0.38,    5, 0.000, 0.000, 0.280, 35
train,    634, -11.191000,   39, 0.37,    5, 0.000, 0.000, 0.280, 35
train,    635, -12.376367,   37, 0.35,    6, 0.000, 0.000, 0.280, 35
train,    636, -10.934448,   41, 0.37,    6, 0.000, 0.000, 0.280, 35
train,    637, -9.754157,   38, 0.33,    6, 0.000, 0.000, 0.280, 35
train,    638, -13.393318,   36, 0.38,    4, 0.000, 0.000, 0.280, 35
train,    639, -9.512461,   37, 0.34,    6, 0.000, 0.000, 0.280, 35
train,    640, -12.254641,   36, 0.37,    5, 0.000, 0.000, 0.280, 36
train,    641, -8.674425,   37, 0.32,    5, 0.000, 0.000, 0.280, 36
train,    642, -9.794473,   41, 0.37,    5, 0.000, 0.000, 0.280, 36
train,    643, -8.376717,   36, 0.37,    6, 0.000, 0.000, 0.280, 36
train,    644, -12.266854,   37, 0.36,    5, 0.000, 0.000, 0.280, 36
train,    645, -13.167998,   37, 0.36,    5, 0.000, 0.000, 0.280, 36
train,    646, -11.575713,   39, 0.37,    5, 0.000, 0.000, 0.280, 36
train,    647, -9.901796,   36, 0.38,    5, 0.000, 0.000, 0.280, 36
train,    648, -10.096292,   40, 0.39,    4, 0.000, 0.000, 0.280, 36
train,    649, -11.202253,   39, 0.35,    6, 0.000, 0.000, 0.280, 36
train,    650, -10.193406,   35, 0.39,    5, 0.000, 0.000, 0.280, 36
train,    651, -11.917838,   37, 0.34,    6, 0.000, 0.000, 0.280, 36
train,    652, -11.675860,   37, 0.38,    5, 0.000, 0.000, 0.280, 36
train,    653, -10.290800,   36, 0.39,    5, 0.000, 0.000, 0.280, 36
train,    654, -12.618460,   37, 0.34,    5, 0.000, 0.000, 0.280, 36
train,    655, -13.229160,   42, 0.37,    4, 0.000, 0.000, 0.280, 36
train,    656, -11.795630,   35, 0.36,    5, 0.000, 0.000, 0.280, 36
train,    657, -12.337131,   41, 0.36,    5, 0.000, 0.000, 0.280, 36
train,    658, -11.145202,   36, 0.33,    6, 0.000, 0.000, 0.280, 36
train,    659, -12.194867,   34, 0.36,    5, 0.000, 0.000, 0.280, 36
train,    660, -12.231601,   39, 0.39,    5, 0.000, 0.000, 0.280, 36
train,    661, -12.385633,   39, 0.39,    5, 0.000, 0.000, 0.280, 36
train,    662, -11.970120,   39, 0.39,    5, 0.000, 0.000, 0.280, 36
train,    663, -12.129630,   40, 0.36,    6, 0.000, 0.000, 0.280, 36
train,    664, -13.182361,   41, 0.39,    6, 0.000, 0.000, 0.280, 36
train,    665, -11.793890,   36, 0.39,    6, 0.000, 0.000, 0.280, 36
train,    666, -10.216582,   35, 0.37,    5, 0.000, 0.000, 0.280, 36
train,    667, -11.524663,   37, 0.35,    4, 0.000, 0.000, 0.280, 36
train,    668, -12.758913,   36, 0.38,    5, 0.000, 0.000, 0.280, 36
train,    669, -10.455504,   38, 0.36,    6, 0.000, 0.000, 0.280, 36
train,    670, -10.986391,   34, 0.36,    5, 0.000, 0.000, 0.280, 36
train,    671, -10.295237,   40, 0.35,    5, 0.000, 0.000, 0.280, 36
train,    672, -11.276266,   39, 0.35,    6, 0.000, 0.000, 0.280, 36
train,    673, -11.570732,   39, 0.36,    5, 0.000, 0.000, 0.280, 36
train,    674, -13.487473,   38, 0.34,    6, 0.000, 0.000, 0.280, 36
train,    675, -11.721717,   36, 0.34,    5, 0.000, 0.000, 0.280, 36
train,    676, -11.683910,   33, 0.34,    5, 0.000, 0.000, 0.280, 36
train,    677, -11.841519,   39, 0.34,    5, 0.000, 0.000, 0.280, 36
train,    678, -10.977681,   41, 0.33,    6, 0.000, 0.000, 0.280, 36
train,    679, -11.614464,   36, 0.38,    5, 0.000, 0.000, 0.280, 36
train,    680, -7.194459,   35, 0.38,    5, 0.000, 0.000, 0.280, 36
train,    681, -12.178722,   39, 0.37,    5, 0.000, 0.000, 0.280, 36
train,    682, -11.456321,   37, 0.38,    5, 0.000, 0.000, 0.280, 36
train,    683, -10.844179,   33, 0.35,    5, 0.000, 0.000, 0.280, 36
train,    684, -11.034297,   38, 0.35,    5, 0.000, 0.000, 0.280, 36
train,    685, -11.664656,   37, 0.37,    5, 0.000, 0.000, 0.280, 36
train,    686, -13.447580,   37, 0.34,    4, 0.000, 0.000, 0.280, 36
train,    687, -10.938115,   38, 0.39,    6, 0.000, 0.000, 0.280, 36
train,    688, -11.816188,   40, 0.33,    5, 0.000, 0.000, 0.280, 36
train,    689, -10.375572,   40, 0.34,    5, 0.000, 0.000, 0.280, 36
train,    690, -10.786369,   40, 0.35,    5, 0.000, 0.000, 0.280, 36
train,    691, -12.645141,   39, 0.31,    6, 0.000, 0.000, 0.280, 36
train,    692, -12.733598,   40, 0.36,    5, 0.000, 0.000, 0.280, 36
train,    693, -12.231700,   37, 0.34,    5, 0.000, 0.000, 0.280, 36
train,    694, -10.419338,   40, 0.36,    5, 0.000, 0.000, 0.280, 36
train,    695, -12.056661,   40, 0.36,    5, 0.000, 0.000, 0.280, 36
train,    696, -11.464888,   35, 0.34,    5, 0.000, 0.000, 0.280, 36
train,    697, -11.622538,   35, 0.35,    6, 0.000, 0.000, 0.280, 36
train,    698, -13.095272,   38, 0.32,    6, 0.000, 0.000, 0.280, 36
train,    699, -11.636355,   38, 0.33,    5, 0.000, 0.000, 0.280, 36
train,    700, -10.917911,   41, 0.33,    5, 0.000, 0.000, 0.280, 36
update,   700,    7,  700, 0.876231, 0.000000
val_t, 700, 700, -7.399286, 0.3270,  55.0981,   0.1657, 0.5070,  24.8408, progress 0.5626
train,    701, -14.217728,   37, 0.35,    6, 0.000, 0.000, 0.280, 36
train,    702, -11.588138,   40, 0.32,    6, 0.000, 0.000, 0.280, 36
train,    703, -11.857500,   37, 0.34,    6, 0.000, 0.000, 0.280, 36
train,    704, -9.668372,   37, 0.39,    6, 0.000, 0.000, 0.280, 36
train,    705, -11.482992,   39, 0.36,    5, 0.000, 0.000, 0.280, 36
train,    706, -12.571622,   37, 0.32,    6, 0.000, 0.000, 0.280, 36
train,    707, -11.117253,   43, 0.33,    6, 0.000, 0.000, 0.280, 36
train,    708, -12.795902,   38, 0.34,    6, 0.000, 0.000, 0.280, 36
train,    709, -10.120857,   38, 0.35,    7, 0.000, 0.000, 0.280, 36
train,    710, -12.943855,   37, 0.30,    6, 0.000, 0.000, 0.280, 36
train,    711, -10.917846,   40, 0.34,    6, 0.000, 0.000, 0.280, 36
train,    712, -12.820097,   40, 0.36,    6, 0.000, 0.000, 0.280, 36
train,    713, -12.967203,   40, 0.34,    5, 0.000, 0.000, 0.280, 36
train,    714, -14.022517,   36, 0.31,    6, 0.000, 0.000, 0.280, 36
train,    715, -11.541016,   39, 0.34,    6, 0.000, 0.000, 0.280, 36
train,    716, -13.836403,   39, 0.37,    6, 0.000, 0.000, 0.280, 36
train,    717, -11.002478,   41, 0.33,    6, 0.000, 0.000, 0.280, 36
train,    718, -11.629660,   39, 0.32,    6, 0.000, 0.000, 0.280, 36
train,    719, -12.379052,   43, 0.35,    5, 0.000, 0.000, 0.280, 36
train,    720, -12.074850,   40, 0.29,    6, 0.000, 0.000, 0.280, 36
train,    721, -10.980711,   41, 0.33,    6, 0.000, 0.000, 0.280, 36
train,    722, -11.808256,   40, 0.32,    6, 0.000, 0.000, 0.280, 36
train,    723, -10.681286,   37, 0.35,    5, 0.000, 0.000, 0.280, 36
train,    724, -11.870760,   43, 0.31,    6, 0.000, 0.000, 0.280, 36
train,    725, -12.835559,   42, 0.37,    6, 0.000, 0.000, 0.280, 36
train,    726, -9.893036,   48, 0.33,    6, 0.000, 0.000, 0.280, 36
train,    727, -12.051388,   41, 0.33,    6, 0.000, 0.000, 0.280, 36
train,    728, -11.449245,   41, 0.32,    5, 0.000, 0.000, 0.280, 36
train,    729, -11.391628,   39, 0.35,    6, 0.000, 0.000, 0.280, 36
train,    730, -10.246319,   41, 0.34,    5, 0.000, 0.000, 0.280, 36
train,    731, -9.511997,   39, 0.31,    6, 0.000, 0.000, 0.280, 36
train,    732, -8.700965,   42, 0.33,    5, 0.000, 0.000, 0.280, 36
train,    733, -11.145757,   42, 0.33,    6, 0.000, 0.000, 0.280, 36
train,    734, -12.528407,   37, 0.30,    7, 0.000, 0.000, 0.280, 36
train,    735, -11.379856,   39, 0.33,    5, 0.000, 0.000, 0.280, 36
train,    736, -9.674002,   45, 0.33,    5, 0.000, 0.000, 0.280, 36
train,    737, -11.464796,   37, 0.34,    5, 0.000, 0.000, 0.280, 36
train,    738, -12.169739,   42, 0.33,    6, 0.000, 0.000, 0.280, 36
train,    739, -11.652996,   42, 0.30,    6, 0.000, 0.000, 0.280, 36
train,    740, -12.013326,   38, 0.32,    6, 0.000, 0.000, 0.280, 36
train,    741, -11.624483,   39, 0.33,    6, 0.000, 0.000, 0.280, 36
train,    742, -11.851157,   42, 0.35,    5, 0.000, 0.000, 0.280, 36
train,    743, -12.358881,   41, 0.35,    6, 0.000, 0.000, 0.280, 36
train,    744, -11.402671,   42, 0.31,    5, 0.000, 0.000, 0.280, 36
train,    745, -10.652074,   41, 0.33,    6, 0.000, 0.000, 0.280, 36
train,    746, -12.096715,   38, 0.33,    5, 0.000, 0.000, 0.280, 36
train,    747, -9.802522,   40, 0.32,    6, 0.000, 0.000, 0.280, 36
train,    748, -10.477781,   44, 0.36,    5, 0.000, 0.000, 0.280, 36
train,    749, -12.296602,   43, 0.37,    6, 0.000, 0.000, 0.280, 36
train,    750, -11.377575,   42, 0.32,    5, 0.000, 0.000, 0.280, 36
train,    751, -10.819478,   43, 0.34,    6, 0.000, 0.000, 0.280, 36
train,    752, -10.861882,   41, 0.32,    5, 0.000, 0.000, 0.280, 36
train,    753, -10.662557,   42, 0.33,    6, 0.000, 0.000, 0.280, 36
train,    754, -9.256723,   44, 0.31,    5, 0.000, 0.000, 0.280, 36
train,    755, -10.141119,   43, 0.31,    5, 0.000, 0.000, 0.280, 36
train,    756, -11.589384,   43, 0.34,    6, 0.000, 0.000, 0.280, 36
train,    757, -11.696611,   39, 0.34,    6, 0.000, 0.000, 0.280, 36
train,    758, -12.500788,   41, 0.30,    6, 0.000, 0.000, 0.280, 36
train,    759, -11.008588,   40, 0.32,    6, 0.000, 0.000, 0.280, 36
train,    760, -10.639458,   40, 0.33,    5, 0.000, 0.000, 0.280, 36
train,    761, -12.419370,   41, 0.32,    6, 0.000, 0.000, 0.280, 36
train,    762, -9.984261,   43, 0.34,    7, 0.000, 0.000, 0.280, 36
train,    763, -13.147321,   40, 0.30,    6, 0.000, 0.000, 0.280, 36
train,    764, -9.861963,   38, 0.33,    5, 0.000, 0.000, 0.280, 36
train,    765, -10.272009,   41, 0.32,    6, 0.000, 0.000, 0.280, 36
train,    766, -11.469576,   44, 0.33,    5, 0.000, 0.000, 0.280, 36
train,    767, -8.940085,   42, 0.34,    5, 0.000, 0.000, 0.280, 36
train,    768, -11.852100,   44, 0.34,    6, 0.000, 0.000, 0.280, 36
train,    769, -11.461183,   43, 0.34,    5, 0.000, 0.000, 0.280, 36
train,    770, -10.009720,   42, 0.29,    6, 0.000, 0.000, 0.280, 36
train,    771, -13.349144,   42, 0.34,    6, 0.000, 0.000, 0.280, 36
train,    772, -8.349317,   44, 0.31,    6, 0.000, 0.000, 0.280, 36
train,    773, -11.771933,   42, 0.32,    6, 0.000, 0.000, 0.280, 36
train,    774, -12.905252,   42, 0.33,    7, 0.000, 0.000, 0.280, 36
train,    775, -13.410427,   42, 0.36,    6, 0.000, 0.000, 0.280, 36
train,    776, -11.285711,   41, 0.32,    6, 0.000, 0.000, 0.280, 36
train,    777, -11.822983,   44, 0.30,    6, 0.000, 0.000, 0.280, 36
train,    778, -9.940311,   46, 0.36,    7, 0.000, 0.000, 0.280, 36
train,    779, -10.821290,   44, 0.32,    7, 0.000, 0.000, 0.280, 36
train,    780, -9.690213,   43, 0.31,    6, 0.000, 0.000, 0.280, 36
train,    781, -12.241768,   39, 0.34,    6, 0.000, 0.000, 0.280, 36
train,    782, -11.241965,   37, 0.31,    5, 0.000, 0.000, 0.280, 36
train,    783, -8.743893,   44, 0.33,    6, 0.000, 0.000, 0.280, 36
train,    784, -10.893702,   40, 0.32,    6, 0.000, 0.000, 0.280, 36
train,    785, -10.623971,   39, 0.30,    6, 0.000, 0.000, 0.280, 36
train,    786, -10.982842,   41, 0.34,    6, 0.000, 0.000, 0.280, 36
train,    787, -9.000731,   43, 0.29,    5, 0.000, 0.000, 0.280, 36
train,    788, -12.018596,   39, 0.33,    6, 0.000, 0.000, 0.280, 36
train,    789, -12.317687,   42, 0.32,    6, 0.000, 0.000, 0.280, 36
train,    790, -12.463108,   45, 0.31,    5, 0.000, 0.000, 0.280, 36
train,    791, -9.866904,   42, 0.28,    6, 0.000, 0.000, 0.280, 36
train,    792, -12.215242,   39, 0.32,    6, 0.000, 0.000, 0.280, 36
train,    793, -11.378599,   46, 0.31,    5, 0.000, 0.000, 0.280, 36
train,    794, -10.618216,   41, 0.34,    5, 0.000, 0.000, 0.280, 36
train,    795, -10.632374,   43, 0.33,    6, 0.000, 0.000, 0.280, 36
train,    796, -12.220708,   50, 0.32,    5, 0.000, 0.000, 0.280, 36
train,    797, -10.486292,   42, 0.32,    5, 0.000, 0.000, 0.280, 36
train,    798, -11.464698,   41, 0.32,    5, 0.000, 0.000, 0.280, 36
train,    799, -9.389592,   47, 0.31,    7, 0.000, 0.000, 0.280, 36
train,    800, -10.218622,   43, 0.27,    6, 0.000, 0.000, 0.280, 37
update,   800,    8,  800, 0.585310, 0.000000
val_t, 800, 800, -6.865798, 0.2870,  56.3891,   0.1528, 0.5656,  24.5965, progress 0.5949
train,    801, -11.447979,   46, 0.32,    6, 0.000, 0.000, 0.280, 37
train,    802, -11.940581,   44, 0.31,    5, 0.000, 0.000, 0.280, 37
train,    803, -11.479268,   45, 0.34,    7, 0.000, 0.000, 0.280, 37
train,    804, -10.472866,   42, 0.31,    7, 0.000, 0.000, 0.280, 37
train,    805, -10.556044,   44, 0.33,    5, 0.000, 0.000, 0.280, 37
train,    806, -9.850292,   43, 0.32,    5, 0.000, 0.000, 0.280, 37
train,    807, -9.000433,   45, 0.30,    6, 0.000, 0.000, 0.280, 37
train,    808, -8.721072,   40, 0.29,    5, 0.000, 0.000, 0.280, 37
train,    809, -10.387963,   44, 0.31,    6, 0.000, 0.000, 0.280, 37
train,    810, -10.992722,   43, 0.31,    7, 0.000, 0.000, 0.280, 37
train,    811, -10.482807,   42, 0.33,    6, 0.000, 0.000, 0.280, 37
train,    812, -11.138502,   43, 0.31,    5, 0.000, 0.000, 0.280, 37
train,    813, -10.477835,   44, 0.31,    5, 0.000, 0.000, 0.280, 37
train,    814, -9.406735,   42, 0.32,    6, 0.000, 0.000, 0.280, 37
train,    815, -8.051991,   40, 0.32,    5, 0.000, 0.000, 0.280, 37
train,    816, -11.186627,   41, 0.33,    6, 0.000, 0.000, 0.280, 37
train,    817, -11.113904,   46, 0.32,    6, 0.000, 0.000, 0.280, 37
train,    818, -10.293793,   45, 0.31,    5, 0.000, 0.000, 0.280, 37
train,    819, -10.783869,   44, 0.31,    6, 0.000, 0.000, 0.280, 37
train,    820, -10.666757,   41, 0.30,    6, 0.000, 0.000, 0.280, 37
train,    821, -11.363711,   41, 0.30,    6, 0.000, 0.000, 0.280, 37
train,    822, -10.059171,   43, 0.32,    6, 0.000, 0.000, 0.280, 37
train,    823, -10.179021,   45, 0.31,    6, 0.000, 0.000, 0.280, 37
train,    824, -9.416580,   41, 0.32,    6, 0.000, 0.000, 0.280, 37
train,    825, -12.865402,   46, 0.31,    7, 0.000, 0.000, 0.280, 37
train,    826, -10.910505,   39, 0.32,    6, 0.000, 0.000, 0.280, 37
train,    827, -11.736485,   43, 0.31,    6, 0.000, 0.000, 0.280, 37
train,    828, -9.047201,   40, 0.33,    6, 0.000, 0.000, 0.280, 37
train,    829, -11.564930,   43, 0.30,    6, 0.000, 0.000, 0.280, 37
train,    830, -9.808215,   45, 0.33,    7, 0.000, 0.000, 0.280, 37
train,    831, -11.075012,   44, 0.32,    6, 0.000, 0.000, 0.280, 37
train,    832, -9.651978,   45, 0.34,    6, 0.000, 0.000, 0.280, 37
train,    833, -9.275625,   43, 0.32,    6, 0.000, 0.000, 0.280, 37
train,    834, -11.213449,   43, 0.32,    7, 0.000, 0.000, 0.280, 37
train,    835, -9.103639,   45, 0.29,    6, 0.000, 0.000, 0.280, 37
train,    836, -9.037849,   43, 0.31,    6, 0.000, 0.000, 0.280, 37
train,    837, -10.533768,   44, 0.33,    6, 0.000, 0.000, 0.280, 37
train,    838, -9.763227,   41, 0.31,    5, 0.000, 0.000, 0.280, 37
train,    839, -10.457786,   43, 0.30,    5, 0.000, 0.000, 0.280, 37
train,    840, -9.608804,   47, 0.28,    6, 0.000, 0.000, 0.280, 37
train,    841, -10.857846,   46, 0.33,    5, 0.000, 0.000, 0.280, 37
train,    842, -7.158656,   40, 0.30,    7, 0.000, 0.000, 0.280, 37
train,    843, -6.923196,   44, 0.34,    6, 0.000, 0.000, 0.280, 37
train,    844, -10.439185,   49, 0.32,    5, 0.000, 0.000, 0.280, 37
train,    845, -9.026428,   48, 0.30,    5, 0.000, 0.000, 0.280, 37
train,    846, -9.212778,   44, 0.32,    6, 0.000, 0.000, 0.280, 37
train,    847, -9.091242,   44, 0.30,    5, 0.000, 0.000, 0.280, 37
train,    848, -8.722741,   48, 0.31,    5, 0.000, 0.000, 0.280, 37
train,    849, -10.519713,   44, 0.29,    5, 0.000, 0.000, 0.280, 37
train,    850, -8.891479,   47, 0.32,    6, 0.000, 0.000, 0.280, 37
train,    851, -10.617445,   44, 0.29,    6, 0.000, 0.000, 0.280, 37
train,    852, -9.661912,   48, 0.28,    7, 0.000, 0.000, 0.280, 37
train,    853, -10.356030,   42, 0.30,    7, 0.000, 0.000, 0.280, 37
train,    854, -8.580374,   43, 0.30,    6, 0.000, 0.000, 0.280, 37
train,    855, -8.525793,   42, 0.31,    6, 0.000, 0.000, 0.280, 37
train,    856, -9.893708,   46, 0.29,    6, 0.000, 0.000, 0.280, 37
train,    857, -9.713618,   42, 0.33,    6, 0.000, 0.000, 0.280, 37
train,    858, -10.519989,   47, 0.33,    5, 0.000, 0.000, 0.280, 37
train,    859, -9.609846,   43, 0.29,    5, 0.000, 0.000, 0.280, 37
train,    860, -8.154122,   45, 0.33,    6, 0.000, 0.000, 0.280, 37
train,    861, -8.859792,   46, 0.28,    7, 0.000, 0.000, 0.280, 37
train,    862, -12.842543,   44, 0.31,    6, 0.000, 0.000, 0.280, 37
train,    863, -8.072360,   48, 0.29,    7, 0.000, 0.000, 0.280, 37
train,    864, -8.058680,   43, 0.31,    7, 0.000, 0.000, 0.280, 37
train,    865, -8.463113,   47, 0.31,    6, 0.000, 0.000, 0.280, 37
train,    866, -10.012439,   44, 0.30,    7, 0.000, 0.000, 0.280, 37
train,    867, -8.174051,   47, 0.30,    7, 0.000, 0.000, 0.280, 37
train,    868, -5.953591,   41, 0.27,    6, 0.000, 0.000, 0.280, 37
train,    869, -7.638626,   44, 0.30,    5, 0.000, 0.000, 0.280, 37
train,    870, -9.393155,   46, 0.32,    6, 0.000, 0.000, 0.280, 37
train,    871, -10.054073,   44, 0.30,    7, 0.000, 0.000, 0.280, 37
train,    872, -8.479434,   45, 0.27,    6, 0.000, 0.000, 0.280, 37
train,    873, -8.199963,   45, 0.30,    6, 0.000, 0.000, 0.280, 37
train,    874, -7.670154,   42, 0.28,    6, 0.000, 0.000, 0.280, 37
train,    875, -8.482067,   47, 0.31,    6, 0.000, 0.000, 0.280, 37
train,    876, -8.326403,   41, 0.31,    5, 0.000, 0.000, 0.280, 37
train,    877, -8.176744,   49, 0.30,    5, 0.000, 0.000, 0.280, 37
train,    878, -8.094573,   46, 0.28,    6, 0.000, 0.000, 0.280, 37
train,    879, -6.696281,   44, 0.30,    7, 0.000, 0.000, 0.280, 37
train,    880, -8.474383,   41, 0.29,    7, 0.000, 0.000, 0.280, 37
train,    881, -10.235004,   41, 0.33,    6, 0.000, 0.000, 0.280, 37
train,    882, -9.853590,   47, 0.33,    6, 0.000, 0.000, 0.280, 37
train,    883, -8.393772,   49, 0.31,    6, 0.000, 0.000, 0.280, 37
train,    884, -8.042014,   45, 0.26,    5, 0.000, 0.000, 0.280, 37
train,    885, -7.588569,   44, 0.27,    6, 0.000, 0.000, 0.280, 37
train,    886, -7.911555,   47, 0.30,    6, 0.000, 0.000, 0.280, 37
train,    887, -7.254802,   46, 0.29,    6, 0.000, 0.000, 0.280, 37
train,    888, -6.764033,   44, 0.29,    6, 0.000, 0.000, 0.280, 37
train,    889, -7.186773,   47, 0.30,    7, 0.000, 0.000, 0.280, 37
train,    890, -8.975858,   46, 0.28,    6, 0.000, 0.000, 0.280, 37
train,    891, -6.813449,   46, 0.30,    6, 0.000, 0.000, 0.280, 37
train,    892, -5.632594,   43, 0.28,    7, 0.000, 0.000, 0.280, 37
train,    893, -7.362324,   45, 0.30,    6, 0.000, 0.000, 0.280, 37
train,    894, -8.971096,   43, 0.28,    6, 0.000, 0.000, 0.280, 37
train,    895, -5.773352,   45, 0.29,    6, 0.000, 0.000, 0.280, 37
train,    896, -7.285579,   44, 0.29,    7, 0.000, 0.000, 0.280, 37
train,    897, -7.643859,   46, 0.32,    6, 0.000, 0.000, 0.280, 37
train,    898, -8.090562,   49, 0.30,    6, 0.000, 0.000, 0.280, 37
train,    899, -8.914629,   48, 0.29,    6, 0.000, 0.000, 0.280, 37
train,    900, -8.856142,   47, 0.31,    5, 0.000, 0.000, 0.280, 37
update,   900,    9,  900, 0.345871, 0.000000
val_t, 900, 900, -6.835324, 0.2521,  55.4362,   0.1563, 0.5815,  25.4108, progress 0.6025
train,    901, -8.412804,   47, 0.25,    7, 0.000, 0.000, 0.280, 37
train,    902, -8.486979,   45, 0.28,    6, 0.000, 0.000, 0.280, 37
train,    903, -7.233034,   46, 0.30,    7, 0.000, 0.000, 0.280, 37
train,    904, -7.993262,   45, 0.28,    5, 0.000, 0.000, 0.280, 37
train,    905, -6.651409,   48, 0.29,    5, 0.000, 0.000, 0.280, 37
train,    906, -7.357436,   48, 0.27,    7, 0.000, 0.000, 0.280, 37
train,    907, -6.811327,   45, 0.27,    6, 0.000, 0.000, 0.280, 37
train,    908, -7.588135,   47, 0.29,    6, 0.000, 0.000, 0.280, 37
train,    909, -8.821467,   52, 0.31,    6, 0.000, 0.000, 0.280, 37
train,    910, -7.003343,   48, 0.26,    6, 0.000, 0.000, 0.280, 37
train,    911, -8.436244,   50, 0.31,    6, 0.000, 0.000, 0.280, 37
train,    912, -8.448500,   45, 0.33,    6, 0.000, 0.000, 0.280, 37
train,    913, -6.905883,   45, 0.30,    7, 0.000, 0.000, 0.280, 37
train,    914, -6.252078,   45, 0.28,    6, 0.000, 0.000, 0.280, 37
train,    915, -7.647027,   48, 0.27,    6, 0.000, 0.000, 0.280, 37
train,    916, -6.719395,   47, 0.30,    7, 0.000, 0.000, 0.280, 37
train,    917, -6.894215,   49, 0.30,    6, 0.000, 0.000, 0.280, 37
train,    918, -7.467614,   46, 0.28,    7, 0.000, 0.000, 0.280, 37
train,    919, -7.871881,   46, 0.29,    7, 0.000, 0.000, 0.280, 37
train,    920, -6.026619,   45, 0.27,    6, 0.000, 0.000, 0.280, 37
train,    921, -6.801422,   48, 0.27,    7, 0.000, 0.000, 0.280, 37
train,    922, -5.937706,   47, 0.29,    6, 0.000, 0.000, 0.280, 37
train,    923, -5.964128,   48, 0.27,    6, 0.000, 0.000, 0.280, 37
train,    924, -6.301821,   45, 0.29,    6, 0.000, 0.000, 0.280, 37
train,    925, -5.194162,   45, 0.28,    7, 0.000, 0.000, 0.280, 37
train,    926, -6.415079,   48, 0.27,    7, 0.000, 0.000, 0.280, 37
train,    927, -6.995331,   45, 0.33,    6, 0.000, 0.000, 0.280, 37
train,    928, -5.733156,   48, 0.26,    6, 0.000, 0.000, 0.280, 37
train,    929, -6.351612,   46, 0.29,    6, 0.000, 0.000, 0.280, 37
train,    930, -7.135692,   51, 0.25,    6, 0.000, 0.000, 0.280, 37
train,    931, -4.796929,   51, 0.28,    7, 0.000, 0.000, 0.280, 37
train,    932, -3.786760,   44, 0.29,    6, 0.000, 0.000, 0.280, 37
train,    933, -6.161737,   45, 0.32,    6, 0.000, 0.000, 0.280, 37
train,    934, -7.051618,   50, 0.27,    6, 0.000, 0.000, 0.280, 37
train,    935, -5.070427,   51, 0.31,    6, 0.000, 0.000, 0.280, 37
train,    936, -7.533344,   46, 0.31,    6, 0.000, 0.000, 0.280, 37
train,    937, -5.943239,   42, 0.31,    8, 0.000, 0.000, 0.280, 37
train,    938, -6.503808,   49, 0.30,    7, 0.000, 0.000, 0.280, 37
train,    939, -6.214514,   46, 0.25,    7, 0.000, 0.000, 0.280, 37
train,    940, -5.362801,   45, 0.26,    6, 0.000, 0.000, 0.280, 37
train,    941, -5.022674,   49, 0.28,    6, 0.000, 0.000, 0.280, 37
train,    942, -6.554035,   43, 0.28,    6, 0.000, 0.000, 0.280, 37
train,    943, -5.250550,   49, 0.28,    5, 0.000, 0.000, 0.280, 37
train,    944, -4.761535,   46, 0.31,    7, 0.000, 0.000, 0.280, 37
train,    945, -7.007227,   51, 0.31,    6, 0.000, 0.000, 0.280, 37
train,    946, -6.440741,   47, 0.31,    6, 0.000, 0.000, 0.280, 37
train,    947, -6.858205,   47, 0.30,    6, 0.000, 0.000, 0.280, 37
train,    948, -7.102755,   48, 0.28,    6, 0.000, 0.000, 0.280, 37
train,    949, -7.367221,   48, 0.30,    6, 0.000, 0.000, 0.280, 37
train,    950, -5.961434,   46, 0.26,    7, 0.000, 0.000, 0.280, 37
train,    951, -6.408871,   48, 0.30,    6, 0.000, 0.000, 0.280, 37
train,    952, -8.122205,   48, 0.32,    6, 0.000, 0.000, 0.280, 37
train,    953, -6.065484,   46, 0.28,    6, 0.000, 0.000, 0.280, 37
train,    954, -3.875994,   52, 0.29,    7, 0.000, 0.000, 0.280, 37
train,    955, -6.269353,   50, 0.30,    7, 0.000, 0.000, 0.280, 37
train,    956, -4.854573,   51, 0.29,    6, 0.000, 0.000, 0.280, 37
train,    957, -5.491395,   48, 0.28,    7, 0.000, 0.000, 0.280, 37
train,    958, -3.155902,   54, 0.29,    7, 0.000, 0.000, 0.280, 37
train,    959, -4.115582,   48, 0.31,    6, 0.000, 0.000, 0.280, 37
train,    960, -4.749259,   46, 0.27,    7, 0.000, 0.000, 0.280, 38
train,    961, -5.735186,   50, 0.28,    7, 0.000, 0.000, 0.280, 38
train,    962, -4.829732,   47, 0.25,    6, 0.000, 0.000, 0.280, 38
train,    963, -4.971991,   49, 0.28,    6, 0.000, 0.000, 0.280, 38
train,    964, -3.905351,   45, 0.25,    7, 0.000, 0.000, 0.280, 38
train,    965, -6.765056,   49, 0.30,    7, 0.000, 0.000, 0.280, 38
train,    966, -5.978218,   48, 0.25,    7, 0.000, 0.000, 0.280, 38
train,    967, -5.081986,   43, 0.29,    6, 0.000, 0.000, 0.280, 38
train,    968, -6.530386,   48, 0.29,    7, 0.000, 0.000, 0.280, 38
train,    969, -6.026000,   48, 0.24,    5, 0.000, 0.000, 0.280, 38
train,    970, -5.743090,   47, 0.27,    6, 0.000, 0.000, 0.280, 38
train,    971, -4.126553,   47, 0.26,    6, 0.000, 0.000, 0.280, 38
train,    972, -3.568856,   48, 0.30,    6, 0.000, 0.000, 0.280, 38
train,    973, -4.616838,   48, 0.28,    6, 0.000, 0.000, 0.280, 38
train,    974, -4.569961,   49, 0.28,    6, 0.000, 0.000, 0.280, 38
train,    975, -6.578509,   46, 0.26,    8, 0.000, 0.000, 0.280, 38
train,    976, -4.919160,   45, 0.27,    7, 0.000, 0.000, 0.280, 38
train,    977, -3.179754,   52, 0.28,    7, 0.000, 0.000, 0.280, 38
train,    978, -5.754514,   49, 0.26,    6, 0.000, 0.000, 0.280, 38
train,    979, -4.857950,   46, 0.27,    5, 0.000, 0.000, 0.280, 38
train,    980, -4.826350,   51, 0.26,    6, 0.000, 0.000, 0.280, 38
train,    981, -5.191444,   50, 0.28,    7, 0.000, 0.000, 0.280, 38
train,    982, -5.130578,   50, 0.26,    7, 0.000, 0.000, 0.280, 38
train,    983, -3.742938,   44, 0.27,    6, 0.000, 0.000, 0.280, 38
train,    984, -5.880500,   44, 0.26,    6, 0.000, 0.000, 0.280, 38
train,    985, -4.550084,   51, 0.26,    6, 0.000, 0.000, 0.280, 38
train,    986, -4.439542,   45, 0.29,    7, 0.000, 0.000, 0.280, 38
train,    987, -4.326088,   50, 0.24,    6, 0.000, 0.000, 0.280, 38
train,    988, -6.297236,   46, 0.28,    7, 0.000, 0.000, 0.280, 38
train,    989, -4.725748,   47, 0.28,    6, 0.000, 0.000, 0.280, 38
train,    990, -3.286034,   49, 0.25,    7, 0.000, 0.000, 0.280, 38
train,    991, -4.720512,   51, 0.27,    7, 0.000, 0.000, 0.280, 38
train,    992, -3.449849,   50, 0.28,    6, 0.000, 0.000, 0.280, 38
train,    993, -4.292969,   45, 0.26,    7, 0.000, 0.000, 0.280, 38
train,    994, -5.823487,   47, 0.25,    6, 0.000, 0.000, 0.280, 38
train,    995, -4.020710,   47, 0.26,    6, 0.000, 0.000, 0.280, 38
train,    996, -3.109832,   49, 0.26,    7, 0.000, 0.000, 0.280, 38
train,    997, -3.611254,   49, 0.28,    6, 0.000, 0.000, 0.280, 38
train,    998, -5.160033,   47, 0.25,    7, 0.000, 0.000, 0.280, 38
train,    999, -4.416704,   49, 0.26,    7, 0.000, 0.000, 0.280, 38
train,    1000, -3.034229,   48, 0.27,    8, 0.000, 0.000, 0.280, 38
update,   1000,   10, 1000, 3.304828, 0.000000
val_t, 1000, 1000, -5.865689, 0.2356,  60.6909,   0.1634, 0.6350,  26.1511, progress 0.6549
train,    1001, -4.170790,   47, 0.28,    7, 0.000, 0.000, 0.280, 38
train,    1002, -3.376831,   48, 0.27,    7, 0.000, 0.000, 0.280, 38
train,    1003, -3.837797,   46, 0.27,    7, 0.000, 0.000, 0.280, 38
train,    1004, -4.220678,   50, 0.29,    7, 0.000, 0.000, 0.280, 38
train,    1005, -3.327262,   51, 0.28,    7, 0.000, 0.000, 0.280, 38
train,    1006, -4.750154,   48, 0.26,    7, 0.000, 0.000, 0.280, 38
train,    1007, -5.660283,   46, 0.31,    6, 0.000, 0.000, 0.280, 38
train,    1008, -3.736762,   53, 0.28,    7, 0.000, 0.000, 0.280, 38
train,    1009, -3.414777,   50, 0.29,    6, 0.000, 0.000, 0.280, 38
train,    1010, -3.753797,   47, 0.24,    6, 0.000, 0.000, 0.280, 38
train,    1011, -4.011197,   45, 0.25,    5, 0.000, 0.000, 0.280, 38
train,    1012, -2.407219,   48, 0.25,    6, 0.000, 0.000, 0.280, 38
train,    1013, -4.178402,   50, 0.25,    6, 0.000, 0.000, 0.280, 38
train,    1014, -1.917322,   48, 0.30,    7, 0.000, 0.000, 0.280, 38
train,    1015, -4.313948,   49, 0.27,    6, 0.000, 0.000, 0.280, 38
train,    1016, -4.288511,   48, 0.24,    6, 0.000, 0.000, 0.280, 38
train,    1017, -4.670723,   49, 0.26,    7, 0.000, 0.000, 0.280, 38
train,    1018, -4.186778,   52, 0.25,    6, 0.000, 0.000, 0.280, 38
train,    1019, -3.824479,   48, 0.26,    8, 0.000, 0.000, 0.280, 38
train,    1020, -3.765229,   51, 0.27,    6, 0.000, 0.000, 0.280, 38
train,    1021, -3.703478,   53, 0.24,    7, 0.000, 0.000, 0.280, 38
train,    1022, -2.737433,   50, 0.25,    7, 0.000, 0.000, 0.280, 38
train,    1023, -3.670125,   50, 0.26,    7, 0.000, 0.000, 0.280, 38
train,    1024, -5.152441,   53, 0.28,    7, 0.000, 0.000, 0.280, 38
train,    1025, -4.666003,   51, 0.25,    7, 0.000, 0.000, 0.280, 38
train,    1026, -4.232522,   49, 0.26,    5, 0.000, 0.000, 0.280, 38
train,    1027, -3.899768,   49, 0.24,    7, 0.000, 0.000, 0.280, 38
train,    1028, -3.283901,   53, 0.27,    5, 0.000, 0.000, 0.280, 38
train,    1029, -3.166895,   50, 0.27,    7, 0.000, 0.000, 0.280, 38
train,    1030, -3.752163,   51, 0.26,    6, 0.000, 0.000, 0.280, 38
train,    1031, -3.012965,   50, 0.26,    7, 0.000, 0.000, 0.280, 38
train,    1032, -1.585686,   51, 0.26,    6, 0.000, 0.000, 0.280, 38
train,    1033, -3.829307,   49, 0.24,    5, 0.000, 0.000, 0.280, 38
train,    1034, -2.388922,   57, 0.26,    6, 0.000, 0.000, 0.280, 38
train,    1035, -5.532680,   56, 0.21,    7, 0.000, 0.000, 0.280, 38
train,    1036, -3.659608,   52, 0.25,    6, 0.000, 0.000, 0.280, 38
train,    1037, -2.590318,   52, 0.27,    7, 0.000, 0.000, 0.280, 38
train,    1038, -3.129420,   53, 0.26,    7, 0.000, 0.000, 0.280, 38
train,    1039, -3.994447,   52, 0.25,    5, 0.000, 0.000, 0.280, 38
train,    1040, -3.093566,   48, 0.25,    7, 0.000, 0.000, 0.280, 38
train,    1041, -5.353518,   50, 0.26,    7, 0.000, 0.000, 0.280, 38
train,    1042, -2.556383,   53, 0.26,    7, 0.000, 0.000, 0.280, 38
train,    1043, -4.331506,   50, 0.25,    7, 0.000, 0.000, 0.280, 38
train,    1044, -3.189635,   51, 0.26,    7, 0.000, 0.000, 0.280, 38
train,    1045, -3.461121,   52, 0.28,    7, 0.000, 0.000, 0.280, 38
train,    1046, -3.082401,   50, 0.27,    7, 0.000, 0.000, 0.280, 38
train,    1047, -2.435255,   55, 0.26,    6, 0.000, 0.000, 0.280, 38
train,    1048, -5.064575,   54, 0.30,    7, 0.000, 0.000, 0.280, 38
train,    1049, -3.004024,   50, 0.25,    7, 0.000, 0.000, 0.280, 38
train,    1050, -2.096199,   49, 0.27,    7, 0.000, 0.000, 0.280, 38
train,    1051, -2.730244,   48, 0.23,    7, 0.000, 0.000, 0.280, 38
train,    1052, -2.620509,   51, 0.24,    6, 0.000, 0.000, 0.280, 38
train,    1053, -3.454955,   54, 0.25,    6, 0.000, 0.000, 0.280, 38
train,    1054, -3.784288,   49, 0.25,    7, 0.000, 0.000, 0.280, 38
train,    1055, -2.667524,   52, 0.23,    8, 0.000, 0.000, 0.280, 38
train,    1056, -3.559750,   49, 0.28,    7, 0.000, 0.000, 0.280, 38
train,    1057, -1.666041,   48, 0.26,    6, 0.000, 0.000, 0.280, 38
train,    1058, -1.422731,   50, 0.27,    8, 0.000, 0.000, 0.280, 38
train,    1059, -2.494114,   47, 0.26,    6, 0.000, 0.000, 0.280, 38
train,    1060, -3.219608,   48, 0.26,    6, 0.000, 0.000, 0.280, 38
train,    1061, -2.543605,   51, 0.25,    7, 0.000, 0.000, 0.280, 38
train,    1062, -3.689282,   53, 0.28,    7, 0.000, 0.000, 0.280, 38
train,    1063, -2.723560,   52, 0.22,    6, 0.000, 0.000, 0.280, 38
train,    1064, -5.001576,   53, 0.23,    7, 0.000, 0.000, 0.280, 38
train,    1065, -2.034159,   53, 0.23,    7, 0.000, 0.000, 0.280, 38
train,    1066, -3.725761,   54, 0.25,    6, 0.000, 0.000, 0.280, 38
train,    1067, -1.440510,   52, 0.24,    6, 0.000, 0.000, 0.280, 38
train,    1068, -3.743010,   54, 0.25,    7, 0.000, 0.000, 0.280, 38
train,    1069, -1.657301,   46, 0.21,    7, 0.000, 0.000, 0.280, 38
train,    1070, -2.056606,   51, 0.28,    8, 0.000, 0.000, 0.280, 38
train,    1071, -1.358074,   51, 0.28,    7, 0.000, 0.000, 0.280, 38
train,    1072, -3.242786,   50, 0.23,    6, 0.000, 0.000, 0.280, 38
train,    1073, -2.044390,   54, 0.23,    7, 0.000, 0.000, 0.280, 38
train,    1074, -1.653128,   48, 0.26,    7, 0.000, 0.000, 0.280, 38
train,    1075, -3.538391,   53, 0.23,    7, 0.000, 0.000, 0.280, 38
train,    1076, -2.742367,   48, 0.22,    7, 0.000, 0.000, 0.280, 38
train,    1077, -3.049601,   51, 0.26,    6, 0.000, 0.000, 0.280, 38
train,    1078, -1.859840,   50, 0.27,    8, 0.000, 0.000, 0.280, 38
train,    1079, -5.192987,   47, 0.26,    7, 0.000, 0.000, 0.280, 38
train,    1080, -4.620283,   49, 0.23,    7, 0.000, 0.000, 0.280, 38
train,    1081, -2.701942,   53, 0.26,    7, 0.000, 0.000, 0.280, 38
train,    1082, -0.955379,   50, 0.24,    7, 0.000, 0.000, 0.280, 38
train,    1083, -1.531914,   52, 0.27,    6, 0.000, 0.000, 0.280, 38
train,    1084, -3.336516,   48, 0.27,    7, 0.000, 0.000, 0.280, 38
train,    1085, -1.131621,   52, 0.25,    7, 0.000, 0.000, 0.280, 38
train,    1086, -2.952833,   50, 0.26,    8, 0.000, 0.000, 0.280, 38
train,    1087, -1.883555,   49, 0.24,    7, 0.000, 0.000, 0.280, 38
train,    1088, -3.616339,   53, 0.23,    7, 0.000, 0.000, 0.280, 38
train,    1089, -1.008573,   51, 0.25,    7, 0.000, 0.000, 0.280, 38
train,    1090, -2.751085,   56, 0.28,    7, 0.000, 0.000, 0.280, 38
train,    1091, -4.432007,   53, 0.24,    6, 0.000, 0.000, 0.280, 38
train,    1092, -2.181616,   52, 0.25,    7, 0.000, 0.000, 0.280, 38
train,    1093, -2.542425,   55, 0.25,    7, 0.000, 0.000, 0.280, 38
train,    1094, -1.546935,   48, 0.28,    7, 0.000, 0.000, 0.280, 38
train,    1095, -3.111089,   54, 0.23,    7, 0.000, 0.000, 0.280, 38
train,    1096, -2.884328,   52, 0.24,    7, 0.000, 0.000, 0.280, 38
train,    1097, -4.406384,   50, 0.26,    8, 0.000, 0.000, 0.280, 38
train,    1098, -1.211079,   56, 0.21,    7, 0.000, 0.000, 0.280, 38
train,    1099, -4.297752,   50, 0.23,    8, 0.000, 0.000, 0.280, 38
train,    1100, -3.756719,   50, 0.21,    7, 0.000, 0.000, 0.280, 38
update,   1100,   11, 1100, 4.764094, 0.000000
val_t, 1100, 1100, -5.004735, 0.2287,  61.7210,   0.1418, 0.7011,  25.3607, progress 0.6435
train,    1101, -1.590334,   54, 0.23,    7, 0.000, 0.000, 0.280, 38
train,    1102, -3.011993,   54, 0.24,    7, 0.000, 0.000, 0.280, 38
train,    1103, -2.965032,   54, 0.24,    7, 0.000, 0.000, 0.280, 38
train,    1104, -1.109214,   50, 0.23,    7, 0.000, 0.000, 0.280, 38
train,    1105, -2.155192,   50, 0.25,    6, 0.000, 0.000, 0.280, 38
train,    1106, -1.498628,   51, 0.26,    7, 0.000, 0.000, 0.280, 38
train,    1107, -1.933447,   56, 0.23,    6, 0.000, 0.000, 0.280, 38
train,    1108, -2.819365,   52, 0.24,    6, 0.000, 0.000, 0.280, 38
train,    1109, -1.739490,   54, 0.26,    8, 0.000, 0.000, 0.280, 38
train,    1110, -2.775349,   52, 0.25,    8, 0.000, 0.000, 0.280, 38
train,    1111, -3.812354,   52, 0.24,    7, 0.000, 0.000, 0.280, 38
train,    1112, -3.492463,   54, 0.24,    8, 0.000, 0.000, 0.280, 38
train,    1113, -0.659565,   52, 0.24,    7, 0.000, 0.000, 0.280, 38
train,    1114, -2.243037,   56, 0.22,    7, 0.000, 0.000, 0.280, 38
train,    1115, -2.449907,   50, 0.25,    6, 0.000, 0.000, 0.280, 38
train,    1116, -3.767228,   55, 0.23,    6, 0.000, 0.000, 0.280, 38
train,    1117, -4.499426,   52, 0.23,    7, 0.000, 0.000, 0.280, 38
train,    1118, -3.259303,   54, 0.25,    7, 0.000, 0.000, 0.280, 38
train,    1119, -3.417107,   57, 0.23,    6, 0.000, 0.000, 0.280, 38
train,    1120, -1.528444,   53, 0.22,    6, 0.000, 0.000, 0.280, 39
train,    1121, -1.516435,   56, 0.27,    6, 0.000, 0.000, 0.280, 39
train,    1122, -1.781865,   51, 0.24,    7, 0.000, 0.000, 0.280, 39
train,    1123, -4.045930,   50, 0.22,    6, 0.000, 0.000, 0.280, 39
train,    1124, -3.544228,   52, 0.23,    8, 0.000, 0.000, 0.280, 39
train,    1125, -1.463006,   53, 0.23,    6, 0.000, 0.000, 0.280, 39
train,    1126, -3.083724,   56, 0.24,    6, 0.000, 0.000, 0.280, 39
train,    1127, -3.054856,   53, 0.23,    8, 0.000, 0.000, 0.280, 39
train,    1128, -3.321213,   55, 0.24,    7, 0.000, 0.000, 0.280, 39
train,    1129, -2.789401,   56, 0.23,    7, 0.000, 0.000, 0.280, 39
train,    1130, -1.988447,   53, 0.26,    7, 0.000, 0.000, 0.280, 39
train,    1131, -4.307621,   56, 0.25,    6, 0.000, 0.000, 0.280, 39
train,    1132, -2.623826,   52, 0.26,    8, 0.000, 0.000, 0.280, 39
train,    1133, -3.414786,   56, 0.23,    7, 0.000, 0.000, 0.280, 39
train,    1134, -4.158195,   52, 0.26,    7, 0.000, 0.000, 0.280, 39
train,    1135, -2.616367,   54, 0.24,    6, 0.000, 0.000, 0.280, 39
train,    1136, -0.267854,   55, 0.24,    7, 0.000, 0.000, 0.280, 39
train,    1137, -4.035679,   55, 0.26,    7, 0.000, 0.000, 0.280, 39
train,    1138, -1.821491,   52, 0.22,    7, 0.000, 0.000, 0.280, 39
train,    1139, -1.899133,   52, 0.26,    7, 0.000, 0.000, 0.280, 39
train,    1140, -3.468992,   53, 0.22,    6, 0.000, 0.000, 0.280, 39
train,    1141, -3.285915,   51, 0.21,    6, 0.000, 0.000, 0.280, 39
train,    1142, -2.451346,   52, 0.25,    7, 0.000, 0.000, 0.280, 39
train,    1143, -2.938995,   54, 0.22,    7, 0.000, 0.000, 0.280, 39
train,    1144, -2.407490,   52, 0.23,    6, 0.000, 0.000, 0.280, 39
train,    1145, -4.637347,   52, 0.25,    7, 0.000, 0.000, 0.280, 39
train,    1146, -1.921208,   52, 0.23,    8, 0.000, 0.000, 0.280, 39
train,    1147, -3.987665,   55, 0.24,    7, 0.000, 0.000, 0.280, 39
train,    1148, -3.522402,   53, 0.24,    7, 0.000, 0.000, 0.280, 39
train,    1149, -1.503644,   57, 0.25,    7, 0.000, 0.000, 0.280, 39
train,    1150, -3.576314,   55, 0.25,    6, 0.000, 0.000, 0.280, 39
train,    1151, -3.245928,   53, 0.25,    7, 0.000, 0.000, 0.280, 39
train,    1152, -3.301504,   51, 0.26,    7, 0.000, 0.000, 0.280, 39
train,    1153, -3.240538,   54, 0.23,    7, 0.000, 0.000, 0.280, 39
train,    1154, -4.615794,   56, 0.25,    7, 0.000, 0.000, 0.280, 39
train,    1155, -2.324052,   53, 0.23,    7, 0.000, 0.000, 0.280, 39
train,    1156, -2.934603,   55, 0.22,    7, 0.000, 0.000, 0.280, 39
train,    1157, -2.108139,   46, 0.25,    7, 0.000, 0.000, 0.280, 39
train,    1158, -2.936130,   52, 0.23,    6, 0.000, 0.000, 0.280, 39
train,    1159, -1.809004,   54, 0.26,    7, 0.000, 0.000, 0.280, 39
train,    1160, -0.739853,   54, 0.23,    7, 0.000, 0.000, 0.280, 39
train,    1161, -2.155157,   53, 0.20,    7, 0.000, 0.000, 0.280, 39
train,    1162, -2.651209,   49, 0.25,    6, 0.000, 0.000, 0.280, 39
train,    1163, -2.996729,   54, 0.23,    6, 0.000, 0.000, 0.280, 39
train,    1164, -2.377794,   55, 0.23,    7, 0.000, 0.000, 0.280, 39
train,    1165, -2.388876,   55, 0.24,    8, 0.000, 0.000, 0.280, 39
train,    1166, -1.957854,   54, 0.20,    7, 0.000, 0.000, 0.280, 39
train,    1167, -3.713173,   57, 0.19,    6, 0.000, 0.000, 0.280, 39
train,    1168, -2.534428,   57, 0.18,    7, 0.000, 0.000, 0.280, 39
train,    1169, -1.188679,   49, 0.25,    7, 0.000, 0.000, 0.280, 39
train,    1170, -2.952468,   58, 0.21,    8, 0.000, 0.000, 0.280, 39
train,    1171, -1.525566,   52, 0.23,    7, 0.000, 0.000, 0.280, 39
train,    1172, -3.134473,   55, 0.25,    6, 0.000, 0.000, 0.280, 39
train,    1173, -2.677167,   56, 0.19,    7, 0.000, 0.000, 0.280, 39
train,    1174, -2.346103,   56, 0.23,    8, 0.000, 0.000, 0.280, 39
train,    1175, -2.385745,   51, 0.24,    7, 0.000, 0.000, 0.280, 39
train,    1176, -3.387220,   53, 0.25,    7, 0.000, 0.000, 0.280, 39
train,    1177, -2.407880,   57, 0.24,    7, 0.000, 0.000, 0.280, 39
train,    1178, -2.382590,   53, 0.26,    8, 0.000, 0.000, 0.280, 39
train,    1179, -3.932575,   52, 0.21,    6, 0.000, 0.000, 0.280, 39
train,    1180, -2.538531,   53, 0.24,    6, 0.000, 0.000, 0.280, 39
train,    1181, -0.655248,   55, 0.23,    7, 0.000, 0.000, 0.280, 39
train,    1182, -2.762978,   55, 0.24,    7, 0.000, 0.000, 0.280, 39
train,    1183, -3.130028,   57, 0.22,    7, 0.000, 0.000, 0.280, 39
train,    1184, -3.827183,   52, 0.22,    7, 0.000, 0.000, 0.280, 39
train,    1185, -3.102599,   52, 0.22,    8, 0.000, 0.000, 0.280, 39
train,    1186, -3.213258,   53, 0.19,    7, 0.000, 0.000, 0.280, 39
train,    1187, -1.491353,   55, 0.25,    8, 0.000, 0.000, 0.280, 39
train,    1188, -2.048278,   54, 0.23,    7, 0.000, 0.000, 0.280, 39
train,    1189, -3.000280,   60, 0.22,    7, 0.000, 0.000, 0.280, 39
train,    1190, -1.685938,   53, 0.23,    8, 0.000, 0.000, 0.280, 39
train,    1191, -2.140882,   54, 0.23,    7, 0.000, 0.000, 0.280, 39
train,    1192, -2.840175,   54, 0.22,    7, 0.000, 0.000, 0.280, 39
train,    1193, -3.154078,   58, 0.23,    8, 0.000, 0.000, 0.280, 39
train,    1194, -3.201799,   52, 0.24,    7, 0.000, 0.000, 0.280, 39
train,    1195, -2.971946,   50, 0.18,    7, 0.000, 0.000, 0.280, 39
train,    1196, -4.166072,   58, 0.23,    8, 0.000, 0.000, 0.280, 39
train,    1197, -3.998567,   54, 0.23,    8, 0.000, 0.000, 0.280, 39
train,    1198, -3.825246,   57, 0.19,    7, 0.000, 0.000, 0.280, 39
train,    1199, -1.175094,   53, 0.20,    8, 0.000, 0.000, 0.280, 39
train,    1200, -2.072864,   52, 0.23,    7, 0.000, 0.000, 0.280, 39
update,   1200,   12, 1200, 5.191375, 0.000000
val_t, 1200, 1200, -0.450892, 0.2218,  61.5885,   0.1271, 0.6897,  25.3966, progress 0.7256
train,    1201, -1.466074,   51, 0.21,    8, 0.000, 0.000, 0.280, 39
train,    1202, -3.012505,   60, 0.23,    8, 0.000, 0.000, 0.280, 39
train,    1203, -2.437431,   60, 0.21,    7, 0.000, 0.000, 0.280, 39
train,    1204, -0.652815,   58, 0.22,    7, 0.000, 0.000, 0.280, 39
train,    1205, -1.677417,   56, 0.24,    7, 0.000, 0.000, 0.280, 39
train,    1206, -3.477602,   56, 0.23,    7, 0.000, 0.000, 0.280, 39
train,    1207, -6.161974,   56, 0.21,    8, 0.000, 0.000, 0.280, 39
train,    1208, -3.586490,   54, 0.23,    8, 0.000, 0.000, 0.280, 39
train,    1209, -4.039373,   56, 0.24,    8, 0.000, 0.000, 0.280, 39
train,    1210, -4.152936,   57, 0.22,    6, 0.000, 0.000, 0.280, 39
train,    1211, -2.012052,   51, 0.22,    7, 0.000, 0.000, 0.280, 39
train,    1212, -3.215812,   60, 0.22,    6, 0.000, 0.000, 0.280, 39
train,    1213, -3.195165,   58, 0.22,    7, 0.000, 0.000, 0.280, 39
train,    1214, -4.229136,   56, 0.22,    8, 0.000, 0.000, 0.280, 39
train,    1215, -3.703309,   51, 0.23,    8, 0.000, 0.000, 0.280, 39
train,    1216, -3.441770,   51, 0.20,    7, 0.000, 0.000, 0.280, 39
train,    1217, -3.049899,   57, 0.21,    6, 0.000, 0.000, 0.280, 39
train,    1218, -4.592426,   53, 0.25,    8, 0.000, 0.000, 0.280, 39
train,    1219, -4.782379,   57, 0.23,    7, 0.000, 0.000, 0.280, 39
train,    1220, -2.982743,   56, 0.19,    6, 0.000, 0.000, 0.280, 39
train,    1221, -2.956490,   54, 0.22,    8, 0.000, 0.000, 0.280, 39
train,    1222, -2.299670,   56, 0.22,    8, 0.000, 0.000, 0.280, 39
train,    1223, -3.148661,   51, 0.24,    7, 0.000, 0.000, 0.280, 39
train,    1224, -2.189959,   62, 0.25,    7, 0.000, 0.000, 0.280, 39
train,    1225, -2.556031,   60, 0.22,    7, 0.000, 0.000, 0.280, 39
train,    1226, -2.951796,   60, 0.21,    8, 0.000, 0.000, 0.280, 39
train,    1227, -2.959117,   53, 0.20,    7, 0.000, 0.000, 0.280, 39
train,    1228, -3.128638,   56, 0.16,    7, 0.000, 0.000, 0.280, 39
train,    1229, -3.263903,   57, 0.21,    7, 0.000, 0.000, 0.280, 39
train,    1230, -2.079684,   55, 0.19,    6, 0.000, 0.000, 0.280, 39
train,    1231, -2.620329,   51, 0.21,    7, 0.000, 0.000, 0.280, 39
train,    1232, -5.317405,   55, 0.25,    7, 0.000, 0.000, 0.280, 39
train,    1233, -4.528460,   59, 0.22,    6, 0.000, 0.000, 0.280, 39
train,    1234, -3.276915,   58, 0.23,    8, 0.000, 0.000, 0.280, 39
train,    1235, -4.131607,   53, 0.22,    7, 0.000, 0.000, 0.280, 39
train,    1236, -2.822198,   54, 0.25,    8, 0.000, 0.000, 0.280, 39
train,    1237, -4.815218,   57, 0.20,    6, 0.000, 0.000, 0.280, 39
train,    1238, -2.894113,   58, 0.23,    8, 0.000, 0.000, 0.280, 39
train,    1239, -2.650018,   53, 0.20,    8, 0.000, 0.000, 0.280, 39
train,    1240, -2.814562,   56, 0.22,    7, 0.000, 0.000, 0.280, 39
train,    1241, -2.770820,   57, 0.21,    8, 0.000, 0.000, 0.280, 39
train,    1242, -1.373771,   59, 0.22,    6, 0.000, 0.000, 0.280, 39
train,    1243, -2.525665,   56, 0.20,    6, 0.000, 0.000, 0.280, 39
train,    1244, -1.654217,   56, 0.20,    7, 0.000, 0.000, 0.280, 39
train,    1245, -2.775315,   60, 0.22,    8, 0.000, 0.000, 0.280, 39
train,    1246, -2.032206,   52, 0.19,    7, 0.000, 0.000, 0.280, 39
train,    1247, -3.063954,   53, 0.21,    8, 0.000, 0.000, 0.280, 39
train,    1248, -4.020482,   54, 0.21,    7, 0.000, 0.000, 0.280, 39
train,    1249, -3.911724,   60, 0.20,    7, 0.000, 0.000, 0.280, 39
train,    1250, -3.188520,   52, 0.22,    8, 0.000, 0.000, 0.280, 39
train,    1251, -3.330060,   59, 0.25,    7, 0.000, 0.000, 0.280, 39
train,    1252, -1.684143,   54, 0.20,    7, 0.000, 0.000, 0.280, 39
train,    1253, -3.754737,   53, 0.21,    7, 0.000, 0.000, 0.280, 39
train,    1254, -4.271219,   57, 0.26,    7, 0.000, 0.000, 0.280, 39
train,    1255, -3.410834,   58, 0.23,    7, 0.000, 0.000, 0.280, 39
train,    1256, -1.307198,   60, 0.22,    7, 0.000, 0.000, 0.280, 39
train,    1257, -2.958799,   56, 0.23,    8, 0.000, 0.000, 0.280, 39
train,    1258, -4.090407,   54, 0.20,    7, 0.000, 0.000, 0.280, 39
train,    1259, -2.630103,   59, 0.22,    8, 0.000, 0.000, 0.280, 39
train,    1260, -2.861572,   57, 0.21,    8, 0.000, 0.000, 0.280, 39
train,    1261, -2.652377,   55, 0.24,    7, 0.000, 0.000, 0.280, 39
train,    1262, -3.615800,   55, 0.24,    8, 0.000, 0.000, 0.280, 39
train,    1263, -2.896413,   60, 0.20,    8, 0.000, 0.000, 0.280, 39
train,    1264, -2.773888,   53, 0.24,    8, 0.000, 0.000, 0.280, 39
train,    1265, -1.535131,   62, 0.21,    7, 0.000, 0.000, 0.280, 39
train,    1266, -2.764888,   55, 0.24,    8, 0.000, 0.000, 0.280, 39
train,    1267, -3.992952,   55, 0.24,    7, 0.000, 0.000, 0.280, 39
train,    1268, -2.888473,   59, 0.21,    6, 0.000, 0.000, 0.280, 39
train,    1269, -3.012426,   58, 0.22,    7, 0.000, 0.000, 0.280, 39
train,    1270, -2.420465,   60, 0.22,    8, 0.000, 0.000, 0.280, 39
train,    1271, -2.249232,   55, 0.17,    7, 0.000, 0.000, 0.280, 39
train,    1272, -2.502328,   59, 0.21,    8, 0.000, 0.000, 0.280, 39
train,    1273, -2.516952,   60, 0.21,    8, 0.000, 0.000, 0.280, 39
train,    1274, -2.899426,   55, 0.22,    7, 0.000, 0.000, 0.280, 39
train,    1275, -2.691169,   59, 0.21,    8, 0.000, 0.000, 0.280, 39
train,    1276, -2.852271,   58, 0.23,    7, 0.000, 0.000, 0.280, 39
train,    1277, -5.620690,   59, 0.20,    7, 0.000, 0.000, 0.280, 39
train,    1278, -4.283259,   56, 0.25,    9, 0.000, 0.000, 0.280, 39
train,    1279, -1.556959,   59, 0.23,    6, 0.000, 0.000, 0.280, 39
train,    1280, -1.766249,   58, 0.22,    6, 0.000, 0.000, 0.280, 40
train,    1281, -3.597117,   56, 0.20,    7, 0.000, 0.000, 0.280, 40
train,    1282, -3.643028,   56, 0.22,    8, 0.000, 0.000, 0.280, 40
train,    1283, -3.007896,   59, 0.22,    7, 0.000, 0.000, 0.280, 40
train,    1284, -4.221542,   58, 0.20,    8, 0.000, 0.000, 0.280, 40
train,    1285, -5.081467,   57, 0.18,    7, 0.000, 0.000, 0.280, 40
train,    1286, -3.584806,   56, 0.19,    8, 0.000, 0.000, 0.280, 40
train,    1287, -2.981667,   57, 0.20,    7, 0.000, 0.000, 0.280, 40
train,    1288, -1.665914,   55, 0.20,    7, 0.000, 0.000, 0.280, 40
train,    1289, -2.638444,   62, 0.23,    8, 0.000, 0.000, 0.280, 40
train,    1290, -3.258111,   58, 0.25,    7, 0.000, 0.000, 0.280, 40
train,    1291, -3.246614,   57, 0.23,    8, 0.000, 0.000, 0.280, 40
train,    1292, -1.887553,   53, 0.20,    8, 0.000, 0.000, 0.280, 40
train,    1293, -3.586734,   60, 0.20,    7, 0.000, 0.000, 0.280, 40
train,    1294, -3.318832,   57, 0.23,    8, 0.000, 0.000, 0.280, 40
train,    1295, -3.411571,   58, 0.23,    7, 0.000, 0.000, 0.280, 40
train,    1296, -3.209174,   56, 0.21,    8, 0.000, 0.000, 0.280, 40
train,    1297, -2.311463,   56, 0.19,    7, 0.000, 0.000, 0.280, 40
train,    1298, -4.260270,   58, 0.21,    8, 0.000, 0.000, 0.280, 40
train,    1299, -3.840750,   57, 0.19,    7, 0.000, 0.000, 0.280, 40
train,    1300, -5.521828,   57, 0.20,    7, 0.000, 0.000, 0.280, 40
update,   1300,   13, 1300, 4.824273, 0.000000
val_t, 1300, 1300, 1.634624, 0.1789,  61.1983,   0.1171, 0.6965,  25.6806, progress 0.7003
train,    1301, -3.276744,   51, 0.22,    7, 0.000, 0.000, 0.280, 40
train,    1302, -2.902414,   60, 0.22,    7, 0.000, 0.000, 0.280, 40
train,    1303, -2.639550,   57, 0.20,    8, 0.000, 0.000, 0.280, 40
train,    1304, -2.059089,   53, 0.21,    7, 0.000, 0.000, 0.280, 40
train,    1305, -3.486886,   56, 0.20,    8, 0.000, 0.000, 0.280, 40
train,    1306, -1.537299,   57, 0.22,    8, 0.000, 0.000, 0.280, 40
train,    1307, -2.520607,   57, 0.19,    8, 0.000, 0.000, 0.280, 40
train,    1308, -2.696429,   61, 0.21,    8, 0.000, 0.000, 0.280, 40
train,    1309, -3.383637,   58, 0.21,    7, 0.000, 0.000, 0.280, 40
train,    1310, -3.135297,   58, 0.20,    6, 0.000, 0.000, 0.280, 40
train,    1311, -2.994168,   55, 0.21,    8, 0.000, 0.000, 0.280, 40
train,    1312, -3.090092,   59, 0.19,    8, 0.000, 0.000, 0.280, 40
train,    1313, -2.123741,   56, 0.19,    8, 0.000, 0.000, 0.280, 40
train,    1314, -1.663931,   57, 0.20,    7, 0.000, 0.000, 0.280, 40
train,    1315, -2.580378,   56, 0.23,    7, 0.000, 0.000, 0.280, 40
train,    1316, -2.843516,   55, 0.18,    8, 0.000, 0.000, 0.280, 40
train,    1317, -3.109891,   60, 0.23,    8, 0.000, 0.000, 0.280, 40
train,    1318, -2.016687,   57, 0.20,    7, 0.000, 0.000, 0.280, 40
train,    1319, -1.852863,   55, 0.19,    7, 0.000, 0.000, 0.280, 40
train,    1320, -1.324833,   59, 0.20,    9, 0.000, 0.000, 0.280, 40
train,    1321, -4.613351,   60, 0.18,    8, 0.000, 0.000, 0.280, 40
train,    1322, -2.627402,   56, 0.22,    8, 0.000, 0.000, 0.280, 40
train,    1323, -1.058144,   59, 0.20,    8, 0.000, 0.000, 0.280, 40
train,    1324, -4.624444,   61, 0.20,    7, 0.000, 0.000, 0.280, 40
train,    1325, -2.820069,   61, 0.21,    8, 0.000, 0.000, 0.280, 40
train,    1326, -2.152417,   60, 0.19,    9, 0.000, 0.000, 0.280, 40
train,    1327, -1.936536,   57, 0.16,    8, 0.000, 0.000, 0.280, 40
train,    1328, -1.942663,   54, 0.21,    7, 0.000, 0.000, 0.280, 40
train,    1329, -3.255672,   58, 0.20,    7, 0.000, 0.000, 0.280, 40
train,    1330, -3.603524,   60, 0.21,    8, 0.000, 0.000, 0.280, 40
train,    1331, -1.979498,   59, 0.19,    8, 0.000, 0.000, 0.280, 40
train,    1332, -2.388584,   56, 0.21,    8, 0.000, 0.000, 0.280, 40
train,    1333, -1.357314,   57, 0.23,    8, 0.000, 0.000, 0.280, 40
train,    1334, -2.269649,   57, 0.19,    9, 0.000, 0.000, 0.280, 40
train,    1335, -2.530459,   58, 0.20,    8, 0.000, 0.000, 0.280, 40
train,    1336, -2.539278,   59, 0.21,    9, 0.000, 0.000, 0.280, 40
train,    1337, -3.543366,   59, 0.19,    7, 0.000, 0.000, 0.280, 40
train,    1338, -0.939085,   62, 0.20,    8, 0.000, 0.000, 0.280, 40
train,    1339, -2.396038,   59, 0.23,    8, 0.000, 0.000, 0.280, 40
train,    1340, -3.023509,   62, 0.19,    7, 0.000, 0.000, 0.280, 40
train,    1341, -2.439557,   56, 0.20,    8, 0.000, 0.000, 0.280, 40
train,    1342, -2.357044,   55, 0.24,    7, 0.000, 0.000, 0.280, 40
train,    1343, -2.141517,   62, 0.20,    9, 0.000, 0.000, 0.280, 40
train,    1344, -2.379922,   55, 0.21,    7, 0.000, 0.000, 0.280, 40
train,    1345, -2.036336,   63, 0.22,    7, 0.000, 0.000, 0.280, 40
train,    1346, -2.499050,   56, 0.20,    8, 0.000, 0.000, 0.280, 40
train,    1347, -2.889609,   60, 0.16,    8, 0.000, 0.000, 0.280, 40
train,    1348, -4.062134,   60, 0.16,    7, 0.000, 0.000, 0.280, 40
train,    1349, -1.563218,   60, 0.16,    7, 0.000, 0.000, 0.280, 40
train,    1350, -1.766808,   61, 0.22,    8, 0.000, 0.000, 0.280, 40
train,    1351, -5.502890,   55, 0.21,    7, 0.000, 0.000, 0.280, 40
train,    1352, -1.849488,   64, 0.18,    7, 0.000, 0.000, 0.280, 40
train,    1353, -2.961536,   57, 0.21,    7, 0.000, 0.000, 0.280, 40
train,    1354, -1.759641,   60, 0.19,    8, 0.000, 0.000, 0.280, 40
train,    1355, -1.825402,   59, 0.19,    7, 0.000, 0.000, 0.280, 40
train,    1356, -2.705347,   54, 0.20,    7, 0.000, 0.000, 0.280, 40
train,    1357, -1.243155,   64, 0.20,    7, 0.000, 0.000, 0.280, 40
train,    1358, -2.524524,   58, 0.18,    7, 0.000, 0.000, 0.280, 40
train,    1359, -1.559078,   61, 0.18,    7, 0.000, 0.000, 0.280, 40
train,    1360, -3.053840,   59, 0.20,    8, 0.000, 0.000, 0.280, 40
train,    1361, -1.581130,   58, 0.18,    7, 0.000, 0.000, 0.280, 40
train,    1362, -2.691907,   62, 0.19,    7, 0.000, 0.000, 0.280, 40
train,    1363, -3.573288,   55, 0.20,    8, 0.000, 0.000, 0.280, 40
train,    1364, -2.298291,   57, 0.16,    8, 0.000, 0.000, 0.280, 40
train,    1365, -3.911448,   59, 0.22,    8, 0.000, 0.000, 0.280, 40
train,    1366, -2.836547,   61, 0.19,    8, 0.000, 0.000, 0.280, 40
train,    1367, -2.628060,   61, 0.21,    8, 0.000, 0.000, 0.280, 40
train,    1368, -0.839916,   61, 0.18,    8, 0.000, 0.000, 0.280, 40
train,    1369, -2.358583,   54, 0.23,    7, 0.000, 0.000, 0.280, 40
train,    1370, -1.636489,   59, 0.20,    7, 0.000, 0.000, 0.280, 40
train,    1371, -1.950577,   62, 0.19,    6, 0.000, 0.000, 0.280, 40
train,    1372, -3.356365,   57, 0.19,    8, 0.000, 0.000, 0.280, 40
train,    1373, -3.218345,   59, 0.17,    8, 0.000, 0.000, 0.280, 40
train,    1374, -0.988530,   55, 0.16,    8, 0.000, 0.000, 0.280, 40
train,    1375, -2.503103,   60, 0.20,    8, 0.000, 0.000, 0.280, 40
train,    1376, -1.810426,   58, 0.19,    7, 0.000, 0.000, 0.280, 40
train,    1377, -3.054487,   55, 0.19,    8, 0.000, 0.000, 0.280, 40
train,    1378, -2.345349,   60, 0.18,    7, 0.000, 0.000, 0.280, 40
train,    1379, -0.750165,   58, 0.17,    7, 0.000, 0.000, 0.280, 40
train,    1380, -4.556591,   59, 0.21,    7, 0.000, 0.000, 0.280, 40
train,    1381, 0.481395,   56, 0.21,    8, 0.000, 0.000, 0.280, 40
train,    1382, -1.422377,   57, 0.20,    7, 0.000, 0.000, 0.280, 40
train,    1383, -3.191217,   57, 0.19,    7, 0.000, 0.000, 0.280, 40
train,    1384, -0.623344,   63, 0.19,    8, 0.000, 0.000, 0.280, 40
train,    1385, -2.190185,   62, 0.18,    8, 0.000, 0.000, 0.280, 40
train,    1386, -0.832579,   65, 0.19,    7, 0.000, 0.000, 0.280, 40
train,    1387, -3.204463,   63, 0.17,    7, 0.000, 0.000, 0.280, 40
train,    1388, -1.849874,   58, 0.18,    7, 0.000, 0.000, 0.280, 40
train,    1389, -2.129618,   57, 0.19,    8, 0.000, 0.000, 0.280, 40
train,    1390, -0.227430,   58, 0.21,    7, 0.000, 0.000, 0.280, 40
train,    1391, 0.036311,   58, 0.22,    8, 0.000, 0.000, 0.280, 40
train,    1392, -2.058855,   56, 0.20,    7, 0.000, 0.000, 0.280, 40
train,    1393, -0.805701,   57, 0.19,    8, 0.000, 0.000, 0.280, 40
train,    1394, -0.505077,   61, 0.19,    7, 0.000, 0.000, 0.280, 40
train,    1395, -1.892878,   61, 0.20,    8, 0.000, 0.000, 0.280, 40
train,    1396, -1.565222,   58, 0.20,    7, 0.000, 0.000, 0.280, 40
train,    1397, -0.129141,   64, 0.19,    7, 0.000, 0.000, 0.280, 40
train,    1398, -1.165665,   59, 0.19,    8, 0.000, 0.000, 0.280, 40
train,    1399, -1.104679,   60, 0.22,    7, 0.000, 0.000, 0.280, 40
train,    1400, -1.639476,   58, 0.20,    8, 0.000, 0.000, 0.280, 40
update,   1400,   14, 1400, 7.174766, 0.000000
val_t, 1400, 1400, 1.878136, 0.1426,  67.6615,   0.1229, 0.7490,  26.9096, progress 0.7322
train,    1401, -2.058987,   59, 0.17,    7, 0.000, 0.000, 0.280, 40
train,    1402, -1.287796,   60, 0.21,    8, 0.000, 0.000, 0.280, 40
train,    1403, -0.548784,   57, 0.17,    7, 0.000, 0.000, 0.280, 40
train,    1404, -0.775489,   56, 0.17,    8, 0.000, 0.000, 0.280, 40
train,    1405, -0.827879,   59, 0.20,    9, 0.000, 0.000, 0.280, 40
train,    1406, -1.249056,   59, 0.20,    8, 0.000, 0.000, 0.280, 40
train,    1407, -0.856279,   60, 0.19,    8, 0.000, 0.000, 0.280, 40
train,    1408, -1.548928,   62, 0.21,    7, 0.000, 0.000, 0.280, 40
train,    1409, -1.348034,   56, 0.19,    9, 0.000, 0.000, 0.280, 40
train,    1410, -0.444813,   60, 0.18,    6, 0.000, 0.000, 0.280, 40
train,    1411, 0.167456,   60, 0.19,    8, 0.000, 0.000, 0.280, 40
train,    1412, -0.552948,   59, 0.19,    8, 0.000, 0.000, 0.280, 40
train,    1413, -0.089091,   61, 0.21,    8, 0.000, 0.000, 0.280, 40
train,    1414, -0.357903,   62, 0.21,    9, 0.000, 0.000, 0.280, 40
train,    1415, 0.828384,   58, 0.21,    8, 0.000, 0.000, 0.280, 40
train,    1416, -1.867207,   61, 0.17,    7, 0.000, 0.000, 0.280, 40
train,    1417, -0.318501,   62, 0.17,    7, 0.000, 0.000, 0.280, 40
train,    1418, -1.338235,   60, 0.18,    8, 0.000, 0.000, 0.280, 40
train,    1419, 0.765072,   61, 0.21,    7, 0.000, 0.000, 0.280, 40
train,    1420, 0.319426,   61, 0.17,    6, 0.000, 0.000, 0.280, 40
train,    1421, -1.441025,   61, 0.18,    8, 0.000, 0.000, 0.280, 40
train,    1422, 0.143900,   60, 0.19,    7, 0.000, 0.000, 0.280, 40
train,    1423, -1.147899,   64, 0.22,    8, 0.000, 0.000, 0.280, 40
train,    1424, -0.104968,   56, 0.19,    7, 0.000, 0.000, 0.280, 40
train,    1425, -0.732136,   60, 0.19,    8, 0.000, 0.000, 0.280, 40
train,    1426, 1.695441,   57, 0.19,    7, 0.000, 0.000, 0.280, 40
train,    1427, -0.028732,   60, 0.19,    8, 0.000, 0.000, 0.280, 40
train,    1428, 0.498108,   59, 0.19,    7, 0.000, 0.000, 0.280, 40
train,    1429, -1.663230,   64, 0.21,    8, 0.000, 0.000, 0.280, 40
train,    1430, -0.896629,   62, 0.17,    7, 0.000, 0.000, 0.280, 40
train,    1431, 0.191201,   61, 0.15,    8, 0.000, 0.000, 0.280, 40
train,    1432, 0.584850,   60, 0.20,    9, 0.000, 0.000, 0.280, 40
train,    1433, 2.064045,   62, 0.19,    8, 0.000, 0.000, 0.280, 40
train,    1434, 0.171188,   60, 0.19,    7, 0.000, 0.000, 0.280, 40
train,    1435, 2.246598,   60, 0.17,    8, 0.000, 0.000, 0.280, 40
train,    1436, 0.497999,   61, 0.18,    8, 0.000, 0.000, 0.280, 40
train,    1437, -0.217999,   55, 0.20,    7, 0.000, 0.000, 0.280, 40
train,    1438, -0.095705,   60, 0.18,    8, 0.000, 0.000, 0.280, 40
train,    1439, 0.283337,   57, 0.19,    8, 0.000, 0.000, 0.280, 40
train,    1440, -0.019911,   62, 0.17,    7, 0.000, 0.000, 0.280, 41
train,    1441, -1.032400,   61, 0.17,    7, 0.000, 0.000, 0.280, 41
train,    1442, -1.703780,   62, 0.17,    8, 0.000, 0.000, 0.280, 41
train,    1443, -0.235682,   59, 0.21,    7, 0.000, 0.000, 0.280, 41
train,    1444, -0.550596,   63, 0.19,    9, 0.000, 0.000, 0.280, 41
train,    1445, 0.237013,   63, 0.20,    7, 0.000, 0.000, 0.280, 41
train,    1446, 0.981470,   56, 0.15,    7, 0.000, 0.000, 0.280, 41
train,    1447, 1.177544,   62, 0.17,    8, 0.000, 0.000, 0.280, 41
train,    1448, 0.496883,   64, 0.20,    8, 0.000, 0.000, 0.280, 41
train,    1449, 1.686672,   59, 0.19,    7, 0.000, 0.000, 0.280, 41
train,    1450, 1.596118,   59, 0.17,    7, 0.000, 0.000, 0.280, 41
train,    1451, 2.338546,   60, 0.19,    8, 0.000, 0.000, 0.280, 41
train,    1452, 0.968678,   60, 0.17,    9, 0.000, 0.000, 0.280, 41
train,    1453, 1.155126,   58, 0.18,    8, 0.000, 0.000, 0.280, 41
train,    1454, 0.698382,   62, 0.18,    8, 0.000, 0.000, 0.280, 41
train,    1455, -0.145123,   62, 0.17,    8, 0.000, 0.000, 0.280, 41
train,    1456, 1.129549,   60, 0.17,    8, 0.000, 0.000, 0.280, 41
train,    1457, 0.652999,   64, 0.19,    8, 0.000, 0.000, 0.280, 41
train,    1458, 0.060516,   62, 0.18,    8, 0.000, 0.000, 0.280, 41
train,    1459, 0.713082,   63, 0.20,    7, 0.000, 0.000, 0.280, 41
train,    1460, 0.643678,   62, 0.20,    8, 0.000, 0.000, 0.280, 41
train,    1461, 0.392643,   61, 0.18,    8, 0.000, 0.000, 0.280, 41
train,    1462, 0.314102,   61, 0.15,    8, 0.000, 0.000, 0.280, 41
train,    1463, 0.860323,   62, 0.18,    7, 0.000, 0.000, 0.280, 41
train,    1464, 1.467696,   57, 0.20,    7, 0.000, 0.000, 0.280, 41
train,    1465, 1.198154,   60, 0.17,    9, 0.000, 0.000, 0.280, 41
train,    1466, -0.516207,   60, 0.19,    8, 0.000, 0.000, 0.280, 41
train,    1467, -0.027940,   61, 0.18,    9, 0.000, 0.000, 0.280, 41
train,    1468, 1.009123,   64, 0.18,    9, 0.000, 0.000, 0.280, 41
train,    1469, 1.907549,   62, 0.15,    9, 0.000, 0.000, 0.280, 41
train,    1470, 1.326184,   65, 0.21,    8, 0.000, 0.000, 0.280, 41
train,    1471, -1.756943,   62, 0.17,    8, 0.000, 0.000, 0.280, 41
train,    1472, 1.754239,   57, 0.18,    8, 0.000, 0.000, 0.280, 41
train,    1473, 1.141326,   59, 0.18,    7, 0.000, 0.000, 0.280, 41
train,    1474, 2.612165,   65, 0.18,    8, 0.000, 0.000, 0.280, 41
train,    1475, 1.574739,   59, 0.19,    8, 0.000, 0.000, 0.280, 41
train,    1476, 1.926644,   61, 0.18,    9, 0.000, 0.000, 0.280, 41
train,    1477, 1.115359,   62, 0.18,    9, 0.000, 0.000, 0.280, 41
train,    1478, 1.042421,   63, 0.22,    8, 0.000, 0.000, 0.280, 41
train,    1479, 0.367723,   60, 0.15,    8, 0.000, 0.000, 0.280, 41
train,    1480, 1.169922,   61, 0.18,    9, 0.000, 0.000, 0.280, 41
train,    1481, 1.780832,   66, 0.17,    8, 0.000, 0.000, 0.280, 41
train,    1482, 1.895115,   61, 0.18,    8, 0.000, 0.000, 0.280, 41
train,    1483, 3.073986,   61, 0.17,    9, 0.000, 0.000, 0.280, 41
train,    1484, 0.428400,   60, 0.17,    8, 0.000, 0.000, 0.280, 41
train,    1485, 1.403115,   57, 0.17,    8, 0.000, 0.000, 0.280, 41
train,    1486, 2.938708,   66, 0.17,    7, 0.000, 0.000, 0.280, 41
train,    1487, 1.439631,   57, 0.18,    8, 0.000, 0.000, 0.280, 41
train,    1488, 2.556546,   61, 0.17,    9, 0.000, 0.000, 0.280, 41
train,    1489, 1.815365,   64, 0.18,    8, 0.000, 0.000, 0.280, 41
train,    1490, 1.914624,   62, 0.16,    8, 0.000, 0.000, 0.280, 41
train,    1491, 1.788622,   62, 0.17,    7, 0.000, 0.000, 0.280, 41
train,    1492, 2.179593,   60, 0.21,    7, 0.000, 0.000, 0.280, 41
train,    1493, 2.302428,   61, 0.18,    9, 0.000, 0.000, 0.280, 41
train,    1494, 1.621193,   60, 0.17,    9, 0.000, 0.000, 0.280, 41
train,    1495, 0.882965,   67, 0.17,    8, 0.000, 0.000, 0.280, 41
train,    1496, 2.049526,   61, 0.18,    8, 0.000, 0.000, 0.280, 41
train,    1497, 0.552377,   60, 0.19,    8, 0.000, 0.000, 0.280, 41
train,    1498, 2.482740,   59, 0.20,    8, 0.000, 0.000, 0.280, 41
train,    1499, 1.795960,   57, 0.18,    9, 0.000, 0.000, 0.280, 41
train,    1500, 1.463664,   61, 0.18,    8, 0.000, 0.000, 0.280, 41
update,   1500,   15, 1500, 7.054795, 0.000000
val_t, 1500, 1500, 4.580965, 0.1428,  67.6348,   0.1097, 0.7441,  26.7627, progress 0.7742
train,    1501, 2.726104,   55, 0.19,    8, 0.000, 0.000, 0.280, 41
train,    1502, 2.236936,   62, 0.16,    7, 0.000, 0.000, 0.280, 41
train,    1503, 3.493801,   62, 0.18,    7, 0.000, 0.000, 0.280, 41
train,    1504, 1.629697,   61, 0.16,    8, 0.000, 0.000, 0.280, 41
train,    1505, 3.290116,   62, 0.19,    8, 0.000, 0.000, 0.280, 41
train,    1506, 0.691439,   60, 0.15,    8, 0.000, 0.000, 0.280, 41
train,    1507, 2.814641,   56, 0.18,    8, 0.000, 0.000, 0.280, 41
train,    1508, 2.219695,   60, 0.16,    8, 0.000, 0.000, 0.280, 41
train,    1509, 3.901796,   65, 0.17,    9, 0.000, 0.000, 0.280, 41
train,    1510, 2.463787,   66, 0.18,    8, 0.000, 0.000, 0.280, 41
train,    1511, 1.625758,   60, 0.17,    9, 0.000, 0.000, 0.280, 41
train,    1512, 2.119210,   62, 0.16,    8, 0.000, 0.000, 0.280, 41
train,    1513, 3.662943,   65, 0.18,    7, 0.000, 0.000, 0.280, 41
train,    1514, 2.441859,   62, 0.18,    8, 0.000, 0.000, 0.280, 41
train,    1515, 2.088677,   62, 0.16,    8, 0.000, 0.000, 0.280, 41
train,    1516, 2.935227,   59, 0.17,    9, 0.000, 0.000, 0.280, 41
train,    1517, 3.476632,   67, 0.20,    7, 0.000, 0.000, 0.280, 41
train,    1518, 2.889424,   65, 0.18,    8, 0.000, 0.000, 0.280, 41
train,    1519, 3.883502,   60, 0.18,    8, 0.000, 0.000, 0.280, 41
train,    1520, 3.602299,   65, 0.19,    8, 0.000, 0.000, 0.280, 41
train,    1521, 2.469977,   66, 0.16,    8, 0.000, 0.000, 0.280, 41
train,    1522, 2.699505,   63, 0.16,    8, 0.000, 0.000, 0.280, 41
train,    1523, 2.854388,   64, 0.19,    7, 0.000, 0.000, 0.280, 41
train,    1524, 2.447459,   59, 0.19,    8, 0.000, 0.000, 0.280, 41
train,    1525, 3.342457,   61, 0.18,    8, 0.000, 0.000, 0.280, 41
train,    1526, 4.345880,   65, 0.16,    8, 0.000, 0.000, 0.280, 41
train,    1527, 5.111590,   62, 0.17,    8, 0.000, 0.000, 0.280, 41
train,    1528, 3.613870,   64, 0.17,    8, 0.000, 0.000, 0.280, 41
train,    1529, 4.137019,   66, 0.14,    8, 0.000, 0.000, 0.280, 41
train,    1530, 3.290052,   61, 0.16,    6, 0.000, 0.000, 0.280, 41
train,    1531, 4.018184,   64, 0.16,    8, 0.000, 0.000, 0.280, 41
train,    1532, 2.911494,   61, 0.16,    8, 0.000, 0.000, 0.280, 41
train,    1533, 4.416669,   61, 0.16,    9, 0.000, 0.000, 0.280, 41
train,    1534, 2.976049,   64, 0.17,    8, 0.000, 0.000, 0.280, 41
train,    1535, 4.779087,   61, 0.15,    7, 0.000, 0.000, 0.280, 41
train,    1536, 4.059782,   62, 0.16,    8, 0.000, 0.000, 0.280, 41
train,    1537, 4.027750,   61, 0.18,    8, 0.000, 0.000, 0.280, 41
train,    1538, 3.859226,   63, 0.15,    8, 0.000, 0.000, 0.280, 41
train,    1539, 3.430323,   64, 0.16,    8, 0.000, 0.000, 0.280, 41
train,    1540, 3.139646,   60, 0.17,    8, 0.000, 0.000, 0.280, 41
train,    1541, 2.976729,   65, 0.17,    8, 0.000, 0.000, 0.280, 41
train,    1542, 5.395894,   60, 0.18,    9, 0.000, 0.000, 0.280, 41
train,    1543, 2.914382,   63, 0.15,    9, 0.000, 0.000, 0.280, 41
train,    1544, 5.333948,   63, 0.18,    8, 0.000, 0.000, 0.280, 41
train,    1545, 3.969093,   62, 0.16,    8, 0.000, 0.000, 0.280, 41
train,    1546, 4.439153,   66, 0.16,    8, 0.000, 0.000, 0.280, 41
train,    1547, 4.336558,   63, 0.18,    8, 0.000, 0.000, 0.280, 41
train,    1548, 3.322138,   61, 0.17,    8, 0.000, 0.000, 0.280, 41
train,    1549, 2.898701,   60, 0.19,    7, 0.000, 0.000, 0.280, 41
train,    1550, 4.113186,   60, 0.16,    8, 0.000, 0.000, 0.280, 41
train,    1551, 3.332026,   63, 0.16,    7, 0.000, 0.000, 0.280, 41
train,    1552, 3.559226,   63, 0.18,    8, 0.000, 0.000, 0.280, 41
train,    1553, 4.650500,   65, 0.19,    8, 0.000, 0.000, 0.280, 41
train,    1554, 3.116516,   64, 0.19,    7, 0.000, 0.000, 0.280, 41
train,    1555, 3.474361,   65, 0.17,    8, 0.000, 0.000, 0.280, 41
train,    1556, 3.411666,   64, 0.16,    7, 0.000, 0.000, 0.280, 41
train,    1557, 5.243961,   64, 0.17,    7, 0.000, 0.000, 0.280, 41
train,    1558, 5.308676,   66, 0.15,    8, 0.000, 0.000, 0.280, 41
train,    1559, 4.353348,   66, 0.17,    8, 0.000, 0.000, 0.280, 41
train,    1560, 4.012979,   60, 0.17,    8, 0.000, 0.000, 0.280, 41
train,    1561, 2.619382,   64, 0.16,    8, 0.000, 0.000, 0.280, 41
train,    1562, 4.763118,   65, 0.18,    8, 0.000, 0.000, 0.280, 41
train,    1563, 2.679757,   66, 0.14,    8, 0.000, 0.000, 0.280, 41
train,    1564, 5.712808,   62, 0.17,    8, 0.000, 0.000, 0.280, 41
train,    1565, 4.549496,   60, 0.17,    8, 0.000, 0.000, 0.280, 41
train,    1566, 5.194545,   61, 0.19,    8, 0.000, 0.000, 0.280, 41
train,    1567, 4.847178,   61, 0.18,    9, 0.000, 0.000, 0.280, 41
train,    1568, 4.327976,   63, 0.16,    8, 0.000, 0.000, 0.280, 41
train,    1569, 5.823397,   65, 0.20,    8, 0.000, 0.000, 0.280, 41
train,    1570, 4.683427,   64, 0.17,    8, 0.000, 0.000, 0.280, 41
train,    1571, 3.363599,   68, 0.19,    6, 0.000, 0.000, 0.280, 41
train,    1572, 5.022285,   62, 0.20,    8, 0.000, 0.000, 0.280, 41
train,    1573, 4.804599,   63, 0.13,    9, 0.000, 0.000, 0.280, 41
train,    1574, 4.361609,   65, 0.15,    8, 0.000, 0.000, 0.280, 41
train,    1575, 4.830239,   64, 0.19,    8, 0.000, 0.000, 0.280, 41
train,    1576, 4.663168,   62, 0.15,    7, 0.000, 0.000, 0.280, 41
train,    1577, 4.882463,   61, 0.16,    9, 0.000, 0.000, 0.280, 41
train,    1578, 4.889281,   61, 0.14,    9, 0.000, 0.000, 0.280, 41
train,    1579, 4.973316,   60, 0.17,    7, 0.000, 0.000, 0.280, 41
train,    1580, 5.212265,   61, 0.19,    8, 0.000, 0.000, 0.280, 41
train,    1581, 5.278159,   64, 0.18,    8, 0.000, 0.000, 0.280, 41
train,    1582, 5.069266,   62, 0.13,    8, 0.000, 0.000, 0.280, 41
train,    1583, 5.157216,   66, 0.19,    7, 0.000, 0.000, 0.280, 41
train,    1584, 4.410109,   68, 0.18,    8, 0.000, 0.000, 0.280, 41
train,    1585, 4.525302,   62, 0.15,    7, 0.000, 0.000, 0.280, 41
train,    1586, 5.114407,   62, 0.16,    8, 0.000, 0.000, 0.280, 41
train,    1587, 4.650073,   64, 0.17,    8, 0.000, 0.000, 0.280, 41
train,    1588, 5.955101,   60, 0.15,    8, 0.000, 0.000, 0.280, 41
train,    1589, 4.818085,   59, 0.16,    9, 0.000, 0.000, 0.280, 41
train,    1590, 3.397619,   59, 0.17,    8, 0.000, 0.000, 0.280, 41
train,    1591, 4.910391,   65, 0.18,    8, 0.000, 0.000, 0.280, 41
train,    1592, 5.326406,   63, 0.20,    8, 0.000, 0.000, 0.280, 41
train,    1593, 6.439953,   60, 0.14,    8, 0.000, 0.000, 0.280, 41
train,    1594, 5.191849,   62, 0.15,    9, 0.000, 0.000, 0.280, 41
train,    1595, 3.796257,   65, 0.16,    9, 0.000, 0.000, 0.280, 41
train,    1596, 5.053625,   66, 0.16,    7, 0.000, 0.000, 0.280, 41
train,    1597, 5.396254,   65, 0.17,    8, 0.000, 0.000, 0.280, 41
train,    1598, 4.617907,   68, 0.15,    7, 0.000, 0.000, 0.280, 41
train,    1599, 6.056012,   63, 0.15,    8, 0.000, 0.000, 0.280, 41
train,    1600, 6.691462,   68, 0.17,    8, 0.000, 0.000, 0.280, 42
update,   1600,   16, 1600, 7.630527, 0.000000
val_t, 1600, 1600, 4.161667, 0.1263,  73.6686,   0.1103, 0.8019,  27.0826, progress 0.7674
train,    1601, 5.930524,   60, 0.16,    8, 0.000, 0.000, 0.280, 42
train,    1602, 5.213839,   60, 0.17,    8, 0.000, 0.000, 0.280, 42
train,    1603, 5.071750,   62, 0.18,    8, 0.000, 0.000, 0.280, 42
train,    1604, 5.714183,   62, 0.17,    8, 0.000, 0.000, 0.280, 42
train,    1605, 5.488559,   60, 0.18,    9, 0.000, 0.000, 0.280, 42
train,    1606, 5.833006,   68, 0.16,    9, 0.000, 0.000, 0.280, 42
train,    1607, 2.858103,   66, 0.17,    7, 0.000, 0.000, 0.280, 42
train,    1608, 5.216031,   61, 0.14,    7, 0.000, 0.000, 0.280, 42
train,    1609, 6.295465,   67, 0.17,    8, 0.000, 0.000, 0.280, 42
train,    1610, 5.694347,   62, 0.16,    9, 0.000, 0.000, 0.280, 42
train,    1611, 4.866798,   68, 0.16,    9, 0.000, 0.000, 0.280, 42
train,    1612, 5.585921,   69, 0.14,    7, 0.000, 0.000, 0.280, 42
train,    1613, 6.790952,   67, 0.14,    8, 0.000, 0.000, 0.280, 42
train,    1614, 7.086482,   64, 0.15,    9, 0.000, 0.000, 0.280, 42
train,    1615, 4.234126,   65, 0.17,    9, 0.000, 0.000, 0.280, 42
train,    1616, 4.271377,   63, 0.17,    8, 0.000, 0.000, 0.280, 42
train,    1617, 5.899253,   67, 0.12,    9, 0.000, 0.000, 0.280, 42
train,    1618, 4.611405,   66, 0.15,    7, 0.000, 0.000, 0.280, 42
train,    1619, 6.122178,   68, 0.11,    7, 0.000, 0.000, 0.280, 42
train,    1620, 5.436650,   71, 0.14,    8, 0.000, 0.000, 0.280, 42
train,    1621, 6.062427,   67, 0.13,    9, 0.000, 0.000, 0.280, 42
train,    1622, 4.976077,   61, 0.17,    9, 0.000, 0.000, 0.280, 42
train,    1623, 5.550807,   63, 0.16,    9, 0.000, 0.000, 0.280, 42
train,    1624, 4.697652,   67, 0.14,    9, 0.000, 0.000, 0.280, 42
train,    1625, 4.797533,   62, 0.18,    8, 0.000, 0.000, 0.280, 42
train,    1626, 6.719825,   61, 0.15,    9, 0.000, 0.000, 0.280, 42
train,    1627, 5.421284,   69, 0.14,    8, 0.000, 0.000, 0.280, 42
train,    1628, 6.090670,   61, 0.16,    9, 0.000, 0.000, 0.280, 42
train,    1629, 4.038607,   61, 0.15,    9, 0.000, 0.000, 0.280, 42
train,    1630, 7.011240,   67, 0.18,    8, 0.000, 0.000, 0.280, 42
train,    1631, 5.201744,   63, 0.16,    8, 0.000, 0.000, 0.280, 42
train,    1632, 5.369777,   66, 0.16,    8, 0.000, 0.000, 0.280, 42
train,    1633, 4.622087,   69, 0.15,    8, 0.000, 0.000, 0.280, 42
train,    1634, 6.623289,   65, 0.18,    9, 0.000, 0.000, 0.280, 42
train,    1635, 5.765074,   67, 0.17,    9, 0.000, 0.000, 0.280, 42
train,    1636, 4.251839,   69, 0.15,    8, 0.000, 0.000, 0.280, 42
train,    1637, 5.871771,   65, 0.17,    8, 0.000, 0.000, 0.280, 42
train,    1638, 5.677748,   66, 0.15,    8, 0.000, 0.000, 0.280, 42
train,    1639, 5.324240,   65, 0.14,    9, 0.000, 0.000, 0.280, 42
train,    1640, 6.505515,   67, 0.16,    8, 0.000, 0.000, 0.280, 42
train,    1641, 5.260437,   66, 0.15,    9, 0.000, 0.000, 0.280, 42
train,    1642, 5.556550,   62, 0.16,    9, 0.000, 0.000, 0.280, 42
train,    1643, 6.854496,   65, 0.16,    9, 0.000, 0.000, 0.280, 42
train,    1644, 6.020364,   65, 0.16,    8, 0.000, 0.000, 0.280, 42
train,    1645, 5.670106,   66, 0.17,    9, 0.000, 0.000, 0.280, 42
train,    1646, 6.268448,   58, 0.14,    8, 0.000, 0.000, 0.280, 42
train,    1647, 5.005410,   67, 0.16,    8, 0.000, 0.000, 0.280, 42
train,    1648, 5.662998,   65, 0.14,    9, 0.000, 0.000, 0.280, 42
train,    1649, 6.052457,   64, 0.17,    8, 0.000, 0.000, 0.280, 42
train,    1650, 6.638460,   61, 0.15,    7, 0.000, 0.000, 0.280, 42
train,    1651, 5.196336,   65, 0.14,    8, 0.000, 0.000, 0.280, 42
train,    1652, 6.350723,   63, 0.15,    7, 0.000, 0.000, 0.280, 42
train,    1653, 6.962359,   66, 0.13,    8, 0.000, 0.000, 0.280, 42
train,    1654, 4.915700,   64, 0.17,    8, 0.000, 0.000, 0.280, 42
train,    1655, 7.096633,   65, 0.13,    9, 0.000, 0.000, 0.280, 42
train,    1656, 6.355551,   65, 0.15,    8, 0.000, 0.000, 0.280, 42
train,    1657, 6.278356,   67, 0.16,    8, 0.000, 0.000, 0.280, 42
train,    1658, 5.437013,   66, 0.18,    9, 0.000, 0.000, 0.280, 42
train,    1659, 5.645568,   67, 0.15,    8, 0.000, 0.000, 0.280, 42
train,    1660, 4.616040,   66, 0.15,    8, 0.000, 0.000, 0.280, 42
train,    1661, 5.593388,   65, 0.16,    9, 0.000, 0.000, 0.280, 42
train,    1662, 6.993134,   64, 0.14,    9, 0.000, 0.000, 0.280, 42
train,    1663, 7.909041,   65, 0.12,    9, 0.000, 0.000, 0.280, 42
train,    1664, 5.920633,   61, 0.14,    7, 0.000, 0.000, 0.280, 42
train,    1665, 5.207596,   66, 0.14,    9, 0.000, 0.000, 0.280, 42
train,    1666, 6.430889,   63, 0.12,    8, 0.000, 0.000, 0.280, 42
train,    1667, 4.865015,   63, 0.15,    9, 0.000, 0.000, 0.280, 42
train,    1668, 5.581710,   64, 0.16,    8, 0.000, 0.000, 0.280, 42
train,    1669, 5.974052,   65, 0.16,    8, 0.000, 0.000, 0.280, 42
train,    1670, 4.793732,   69, 0.15,    8, 0.000, 0.000, 0.280, 42
train,    1671, 6.447183,   65, 0.14,    8, 0.000, 0.000, 0.280, 42
train,    1672, 7.974592,   70, 0.16,    7, 0.000, 0.000, 0.280, 42
train,    1673, 5.696042,   66, 0.15,    9, 0.000, 0.000, 0.280, 42
train,    1674, 6.472139,   63, 0.19,    9, 0.000, 0.000, 0.280, 42
train,    1675, 6.554216,   69, 0.17,    8, 0.000, 0.000, 0.280, 42
train,    1676, 7.208021,   63, 0.16,    8, 0.000, 0.000, 0.280, 42
train,    1677, 5.793637,   62, 0.16,    8, 0.000, 0.000, 0.280, 42
train,    1678, 6.260356,   67, 0.17,    9, 0.000, 0.000, 0.280, 42
train,    1679, 6.413218,   66, 0.14,    8, 0.000, 0.000, 0.280, 42
train,    1680, 6.142647,   65, 0.14,    8, 0.000, 0.000, 0.280, 42
train,    1681, 5.688515,   64, 0.13,    8, 0.000, 0.000, 0.280, 42
train,    1682, 7.989910,   62, 0.16,   10, 0.000, 0.000, 0.280, 42
train,    1683, 5.401490,   62, 0.15,    8, 0.000, 0.000, 0.280, 42
train,    1684, 4.844100,   64, 0.14,    9, 0.000, 0.000, 0.280, 42
train,    1685, 5.387978,   62, 0.15,   10, 0.000, 0.000, 0.280, 42
train,    1686, 6.111384,   66, 0.13,   10, 0.000, 0.000, 0.280, 42
train,    1687, 6.419035,   62, 0.15,    8, 0.000, 0.000, 0.280, 42
train,    1688, 5.702888,   65, 0.14,    9, 0.000, 0.000, 0.280, 42
train,    1689, 6.037096,   66, 0.15,    8, 0.000, 0.000, 0.280, 42
train,    1690, 6.394988,   61, 0.15,    8, 0.000, 0.000, 0.280, 42
train,    1691, 6.974300,   65, 0.16,    9, 0.000, 0.000, 0.280, 42
train,    1692, 4.565113,   65, 0.15,    8, 0.000, 0.000, 0.280, 42
train,    1693, 6.823720,   70, 0.14,    8, 0.000, 0.000, 0.280, 42
train,    1694, 6.578614,   63, 0.12,    8, 0.000, 0.000, 0.280, 42
train,    1695, 6.607996,   65, 0.16,    8, 0.000, 0.000, 0.280, 42
train,    1696, 5.436114,   66, 0.12,    8, 0.000, 0.000, 0.280, 42
train,    1697, 5.372328,   68, 0.18,    9, 0.000, 0.000, 0.280, 42
train,    1698, 6.205316,   62, 0.13,    9, 0.000, 0.000, 0.280, 42
train,    1699, 5.719040,   69, 0.15,    7, 0.000, 0.000, 0.280, 42
train,    1700, 4.976348,   68, 0.13,   10, 0.000, 0.000, 0.280, 42
update,   1700,   17, 1700, 8.642812, 0.000000
val_t, 1700, 1700, 2.451951, 0.1236,  69.5685,   0.1130, 0.7740,  27.1625, progress 0.7780
train,    1701, 6.767782,   63, 0.16,    9, 0.000, 0.000, 0.280, 42
train,    1702, 3.991392,   66, 0.16,    8, 0.000, 0.000, 0.280, 42
train,    1703, 6.069801,   66, 0.14,    9, 0.000, 0.000, 0.280, 42
train,    1704, 5.091875,   66, 0.13,    9, 0.000, 0.000, 0.280, 42
train,    1705, 5.035027,   65, 0.15,    9, 0.000, 0.000, 0.280, 42
train,    1706, 6.521334,   63, 0.13,    9, 0.000, 0.000, 0.280, 42
train,    1707, 6.872983,   68, 0.15,   10, 0.000, 0.000, 0.280, 42
train,    1708, 6.062487,   66, 0.15,    9, 0.000, 0.000, 0.280, 42
train,    1709, 4.829859,   70, 0.16,    8, 0.000, 0.000, 0.280, 42
train,    1710, 6.375542,   62, 0.15,    8, 0.000, 0.000, 0.280, 42
train,    1711, 6.058683,   66, 0.16,    9, 0.000, 0.000, 0.280, 42
train,    1712, 5.823853,   67, 0.13,    9, 0.000, 0.000, 0.280, 42
train,    1713, 5.086546,   67, 0.16,    9, 0.000, 0.000, 0.280, 42
train,    1714, 6.007952,   64, 0.15,    7, 0.000, 0.000, 0.280, 42
train,    1715, 5.556166,   64, 0.15,    8, 0.000, 0.000, 0.280, 42
train,    1716, 5.435073,   69, 0.15,    9, 0.000, 0.000, 0.280, 42
train,    1717, 5.016539,   66, 0.15,    8, 0.000, 0.000, 0.280, 42
train,    1718, 6.477151,   68, 0.14,    8, 0.000, 0.000, 0.280, 42
train,    1719, 5.810364,   66, 0.17,    9, 0.000, 0.000, 0.280, 42
train,    1720, 6.061967,   60, 0.12,    8, 0.000, 0.000, 0.280, 42
train,    1721, 6.322209,   63, 0.16,    9, 0.000, 0.000, 0.280, 42
train,    1722, 6.672527,   64, 0.18,    9, 0.000, 0.000, 0.280, 42
train,    1723, 4.155156,   65, 0.17,    8, 0.000, 0.000, 0.280, 42
train,    1724, 4.702422,   68, 0.14,    7, 0.000, 0.000, 0.280, 42
train,    1725, 4.738284,   68, 0.14,    8, 0.000, 0.000, 0.280, 42
train,    1726, 7.050667,   63, 0.16,    8, 0.000, 0.000, 0.280, 42
train,    1727, 6.166763,   62, 0.16,    9, 0.000, 0.000, 0.280, 42
train,    1728, 5.093106,   70, 0.16,    9, 0.000, 0.000, 0.280, 42
train,    1729, 6.762056,   68, 0.14,    9, 0.000, 0.000, 0.280, 42
train,    1730, 5.480644,   69, 0.12,    9, 0.000, 0.000, 0.280, 42
train,    1731, 4.762672,   70, 0.13,    7, 0.000, 0.000, 0.280, 42
train,    1732, 5.689153,   65, 0.12,    9, 0.000, 0.000, 0.280, 42
train,    1733, 5.075289,   68, 0.14,    7, 0.000, 0.000, 0.280, 42
train,    1734, 4.676617,   67, 0.15,    8, 0.000, 0.000, 0.280, 42
train,    1735, 5.995101,   71, 0.15,    9, 0.000, 0.000, 0.280, 42
train,    1736, 4.272813,   63, 0.16,   10, 0.000, 0.000, 0.280, 42
train,    1737, 4.704982,   70, 0.13,    8, 0.000, 0.000, 0.280, 42
train,    1738, 6.191512,   64, 0.15,    8, 0.000, 0.000, 0.280, 42
train,    1739, 5.125432,   67, 0.15,    9, 0.000, 0.000, 0.280, 42
train,    1740, 5.654806,   64, 0.14,   10, 0.000, 0.000, 0.280, 42
train,    1741, 5.875809,   63, 0.13,    7, 0.000, 0.000, 0.280, 42
train,    1742, 6.377456,   66, 0.12,    9, 0.000, 0.000, 0.280, 42
train,    1743, 4.230821,   66, 0.13,    8, 0.000, 0.000, 0.280, 42
train,    1744, 6.335676,   66, 0.16,    9, 0.000, 0.000, 0.280, 42
train,    1745, 5.461837,   64, 0.14,    8, 0.000, 0.000, 0.280, 42
train,    1746, 6.060639,   72, 0.15,    8, 0.000, 0.000, 0.280, 42
train,    1747, 6.377946,   71, 0.15,    8, 0.000, 0.000, 0.280, 42
train,    1748, 6.287233,   65, 0.13,    9, 0.000, 0.000, 0.280, 42
train,    1749, 5.175235,   69, 0.14,    8, 0.000, 0.000, 0.280, 42
train,    1750, 6.218069,   65, 0.14,    8, 0.000, 0.000, 0.280, 42
train,    1751, 5.683297,   72, 0.14,    8, 0.000, 0.000, 0.280, 42
train,    1752, 4.902893,   65, 0.13,    8, 0.000, 0.000, 0.280, 42
train,    1753, 5.145241,   65, 0.15,    9, 0.000, 0.000, 0.280, 42
train,    1754, 6.287032,   71, 0.15,    8, 0.000, 0.000, 0.280, 42
train,    1755, 5.667089,   67, 0.15,    9, 0.000, 0.000, 0.280, 42
train,    1756, 4.524630,   66, 0.14,    8, 0.000, 0.000, 0.280, 42
train,    1757, 4.791479,   67, 0.13,    9, 0.000, 0.000, 0.280, 42
train,    1758, 5.221608,   67, 0.14,    8, 0.000, 0.000, 0.280, 42
train,    1759, 4.469940,   73, 0.12,    8, 0.000, 0.000, 0.280, 42
train,    1760, 4.533235,   67, 0.13,    8, 0.000, 0.000, 0.280, 43
train,    1761, 5.149248,   70, 0.16,    8, 0.000, 0.000, 0.280, 43
train,    1762, 4.420850,   68, 0.13,    8, 0.000, 0.000, 0.280, 43
train,    1763, 5.211808,   70, 0.15,   10, 0.000, 0.000, 0.280, 43
train,    1764, 4.241597,   66, 0.13,    8, 0.000, 0.000, 0.280, 43
train,    1765, 4.002258,   64, 0.13,    9, 0.000, 0.000, 0.280, 43
train,    1766, 5.788800,   69, 0.14,    8, 0.000, 0.000, 0.280, 43
train,    1767, 4.027524,   66, 0.13,   10, 0.000, 0.000, 0.280, 43
train,    1768, 5.384336,   73, 0.14,    9, 0.000, 0.000, 0.280, 43
train,    1769, 4.650772,   71, 0.14,    9, 0.000, 0.000, 0.280, 43
train,    1770, 6.196014,   64, 0.11,    9, 0.000, 0.000, 0.280, 43
train,    1771, 5.405707,   68, 0.16,    9, 0.000, 0.000, 0.280, 43
train,    1772, 4.229584,   70, 0.12,    9, 0.000, 0.000, 0.280, 43
train,    1773, 6.322039,   65, 0.15,    8, 0.000, 0.000, 0.280, 43
train,    1774, 4.830721,   67, 0.14,    9, 0.000, 0.000, 0.280, 43
train,    1775, 4.546654,   66, 0.14,    9, 0.000, 0.000, 0.280, 43
train,    1776, 4.350955,   70, 0.16,    8, 0.000, 0.000, 0.280, 43
train,    1777, 3.773893,   67, 0.13,    9, 0.000, 0.000, 0.280, 43
train,    1778, 4.991803,   65, 0.12,    9, 0.000, 0.000, 0.280, 43
train,    1779, 5.037985,   64, 0.14,    9, 0.000, 0.000, 0.280, 43
train,    1780, 3.967288,   69, 0.13,    9, 0.000, 0.000, 0.280, 43
train,    1781, 4.218290,   61, 0.16,    9, 0.000, 0.000, 0.280, 43
train,    1782, 6.214391,   62, 0.16,   10, 0.000, 0.000, 0.280, 43
train,    1783, 5.199417,   69, 0.14,    9, 0.000, 0.000, 0.280, 43
train,    1784, 4.860029,   68, 0.14,    9, 0.000, 0.000, 0.280, 43
train,    1785, 2.564689,   66, 0.13,    8, 0.000, 0.000, 0.280, 43
train,    1786, 7.118584,   71, 0.12,    8, 0.000, 0.000, 0.280, 43
train,    1787, 4.341092,   69, 0.13,    8, 0.000, 0.000, 0.280, 43
train,    1788, 4.383539,   69, 0.14,    8, 0.000, 0.000, 0.280, 43
train,    1789, 6.117265,   69, 0.14,    8, 0.000, 0.000, 0.280, 43
train,    1790, 4.851833,   69, 0.12,    8, 0.000, 0.000, 0.280, 43
train,    1791, 5.657172,   70, 0.16,    9, 0.000, 0.000, 0.280, 43
train,    1792, 5.095564,   70, 0.16,    9, 0.000, 0.000, 0.280, 43
train,    1793, 4.515398,   65, 0.12,    9, 0.000, 0.000, 0.280, 43
train,    1794, 4.257911,   69, 0.14,   10, 0.000, 0.000, 0.280, 43
train,    1795, 4.727797,   66, 0.15,    9, 0.000, 0.000, 0.280, 43
train,    1796, 5.224033,   66, 0.12,    8, 0.000, 0.000, 0.280, 43
train,    1797, 5.618230,   69, 0.15,    9, 0.000, 0.000, 0.280, 43
train,    1798, 5.495386,   62, 0.16,    8, 0.000, 0.000, 0.280, 43
train,    1799, 4.384534,   71, 0.12,    8, 0.000, 0.000, 0.280, 43
train,    1800, 4.495721,   66, 0.15,    8, 0.000, 0.000, 0.280, 43
update,   1800,   18, 1800, 9.796995, 0.000000
val_t, 1800, 1800, 4.177620, 0.1352,  73.8288,   0.1069, 0.8071,  27.0876, progress 0.7790
train,    1801, 4.602337,   65, 0.14,    8, 0.000, 0.000, 0.280, 43
train,    1802, 5.974121,   65, 0.12,    8, 0.000, 0.000, 0.280, 43
train,    1803, 4.460794,   73, 0.13,    9, 0.000, 0.000, 0.280, 43
train,    1804, 4.521520,   67, 0.11,    8, 0.000, 0.000, 0.280, 43
train,    1805, 4.914764,   67, 0.12,    8, 0.000, 0.000, 0.280, 43
train,    1806, 5.305902,   65, 0.14,    9, 0.000, 0.000, 0.280, 43
train,    1807, 4.657943,   67, 0.15,    8, 0.000, 0.000, 0.280, 43
train,    1808, 5.059228,   66, 0.13,    8, 0.000, 0.000, 0.280, 43
train,    1809, 6.130986,   69, 0.16,    8, 0.000, 0.000, 0.280, 43
train,    1810, 4.768459,   72, 0.13,    9, 0.000, 0.000, 0.280, 43
train,    1811, 4.184435,   70, 0.13,    8, 0.000, 0.000, 0.280, 43
train,    1812, 4.499880,   66, 0.12,   10, 0.000, 0.000, 0.280, 43
train,    1813, 4.196420,   66, 0.11,   10, 0.000, 0.000, 0.280, 43
train,    1814, 5.552837,   70, 0.11,    9, 0.000, 0.000, 0.280, 43
train,    1815, 5.508319,   69, 0.12,    9, 0.000, 0.000, 0.280, 43
train,    1816, 5.259773,   69, 0.16,    8, 0.000, 0.000, 0.280, 43
train,    1817, 4.426711,   68, 0.16,    9, 0.000, 0.000, 0.280, 43
train,    1818, 3.718067,   67, 0.15,    9, 0.000, 0.000, 0.280, 43
train,    1819, 4.768881,   69, 0.12,    9, 0.000, 0.000, 0.280, 43
train,    1820, 4.901998,   67, 0.13,    8, 0.000, 0.000, 0.280, 43
train,    1821, 4.745091,   64, 0.11,    9, 0.000, 0.000, 0.280, 43
train,    1822, 4.253221,   69, 0.12,    9, 0.000, 0.000, 0.280, 43
train,    1823, 5.540414,   65, 0.14,    9, 0.000, 0.000, 0.280, 43
train,    1824, 4.892937,   67, 0.13,    8, 0.000, 0.000, 0.280, 43
train,    1825, 3.517730,   68, 0.14,    8, 0.000, 0.000, 0.280, 43
train,    1826, 3.751472,   68, 0.12,    8, 0.000, 0.000, 0.280, 43
train,    1827, 4.781472,   69, 0.14,    7, 0.000, 0.000, 0.280, 43
train,    1828, 5.558575,   67, 0.13,    8, 0.000, 0.000, 0.280, 43
train,    1829, 3.898104,   63, 0.14,    8, 0.000, 0.000, 0.280, 43
train,    1830, 5.589919,   65, 0.15,    8, 0.000, 0.000, 0.280, 43
train,    1831, 4.836281,   67, 0.13,    9, 0.000, 0.000, 0.280, 43
train,    1832, 5.335769,   67, 0.15,    9, 0.000, 0.000, 0.280, 43
train,    1833, 5.718063,   68, 0.13,    9, 0.000, 0.000, 0.280, 43
train,    1834, 3.966256,   68, 0.15,    8, 0.000, 0.000, 0.280, 43
train,    1835, 4.461312,   66, 0.13,   10, 0.000, 0.000, 0.280, 43
train,    1836, 3.727377,   65, 0.12,    9, 0.000, 0.000, 0.280, 43
train,    1837, 4.128381,   66, 0.16,    7, 0.000, 0.000, 0.280, 43
train,    1838, 4.073452,   68, 0.13,    9, 0.000, 0.000, 0.280, 43
train,    1839, 4.150546,   66, 0.16,    8, 0.000, 0.000, 0.280, 43
train,    1840, 5.006090,   68, 0.11,    9, 0.000, 0.000, 0.280, 43
train,    1841, 4.288174,   67, 0.12,    8, 0.000, 0.000, 0.280, 43
train,    1842, 4.522772,   68, 0.14,    8, 0.000, 0.000, 0.280, 43
train,    1843, 3.383969,   71, 0.14,    9, 0.000, 0.000, 0.280, 43
train,    1844, 4.787821,   67, 0.14,    9, 0.000, 0.000, 0.280, 43
train,    1845, 4.320102,   71, 0.14,    8, 0.000, 0.000, 0.280, 43
train,    1846, 4.200275,   70, 0.13,    8, 0.000, 0.000, 0.280, 43
train,    1847, 4.754382,   70, 0.14,    9, 0.000, 0.000, 0.280, 43
train,    1848, 5.297991,   64, 0.17,   10, 0.000, 0.000, 0.280, 43
train,    1849, 4.135735,   69, 0.13,    8, 0.000, 0.000, 0.280, 43
train,    1850, 4.225315,   68, 0.12,    8, 0.000, 0.000, 0.280, 43
train,    1851, 3.700834,   69, 0.15,    9, 0.000, 0.000, 0.280, 43
train,    1852, 4.856008,   71, 0.14,    8, 0.000, 0.000, 0.280, 43
train,    1853, 3.388555,   70, 0.16,    9, 0.000, 0.000, 0.280, 43
train,    1854, 5.013127,   68, 0.15,    8, 0.000, 0.000, 0.280, 43
train,    1855, 5.213429,   66, 0.13,    9, 0.000, 0.000, 0.280, 43
train,    1856, 4.111043,   69, 0.15,    8, 0.000, 0.000, 0.280, 43
train,    1857, 3.908915,   66, 0.14,   10, 0.000, 0.000, 0.280, 43
train,    1858, 4.374123,   65, 0.14,    9, 0.000, 0.000, 0.280, 43
train,    1859, 3.510649,   72, 0.15,    9, 0.000, 0.000, 0.280, 43
train,    1860, 2.937006,   71, 0.12,    8, 0.000, 0.000, 0.280, 43
train,    1861, 4.310524,   70, 0.11,    9, 0.000, 0.000, 0.280, 43
train,    1862, 3.115458,   68, 0.11,    9, 0.000, 0.000, 0.280, 43
train,    1863, 3.804070,   70, 0.12,    8, 0.000, 0.000, 0.280, 43
train,    1864, 4.688528,   68, 0.14,    8, 0.000, 0.000, 0.280, 43
train,    1865, 2.701178,   74, 0.13,   10, 0.000, 0.000, 0.280, 43
train,    1866, 4.031502,   69, 0.12,    9, 0.000, 0.000, 0.280, 43
train,    1867, 5.519335,   71, 0.13,    9, 0.000, 0.000, 0.280, 43
train,    1868, 3.848727,   67, 0.15,   10, 0.000, 0.000, 0.280, 43
train,    1869, 3.700360,   70, 0.11,    9, 0.000, 0.000, 0.280, 43
train,    1870, 3.212959,   70, 0.14,   10, 0.000, 0.000, 0.280, 43
train,    1871, 3.144529,   70, 0.12,   10, 0.000, 0.000, 0.280, 43
train,    1872, 4.427628,   69, 0.14,   10, 0.000, 0.000, 0.280, 43
train,    1873, 4.126067,   69, 0.12,    8, 0.000, 0.000, 0.280, 43
train,    1874, 4.640693,   71, 0.13,    8, 0.000, 0.000, 0.280, 43
train,    1875, 4.319721,   69, 0.13,   10, 0.000, 0.000, 0.280, 43
train,    1876, 3.567675,   70, 0.14,   10, 0.000, 0.000, 0.280, 43
train,    1877, 4.232931,   65, 0.14,    8, 0.000, 0.000, 0.280, 43
train,    1878, 2.949900,   69, 0.14,    9, 0.000, 0.000, 0.280, 43
train,    1879, 3.991241,   76, 0.11,   10, 0.000, 0.000, 0.280, 43
train,    1880, 4.539590,   63, 0.16,    9, 0.000, 0.000, 0.280, 43
train,    1881, 3.878150,   70, 0.14,   10, 0.000, 0.000, 0.280, 43
train,    1882, 4.474389,   70, 0.13,    9, 0.000, 0.000, 0.280, 43
train,    1883, 5.498650,   70, 0.13,    8, 0.000, 0.000, 0.280, 43
train,    1884, 5.382857,   71, 0.13,    9, 0.000, 0.000, 0.280, 43
train,    1885, 5.662678,   68, 0.13,   10, 0.000, 0.000, 0.280, 43
train,    1886, 4.485262,   69, 0.16,    9, 0.000, 0.000, 0.280, 43
train,    1887, 4.318385,   70, 0.11,    9, 0.000, 0.000, 0.280, 43
train,    1888, 4.773676,   72, 0.13,    9, 0.000, 0.000, 0.280, 43
train,    1889, 3.119720,   72, 0.12,   10, 0.000, 0.000, 0.280, 43
train,    1890, 3.878346,   67, 0.11,    9, 0.000, 0.000, 0.280, 43
train,    1891, 4.304274,   71, 0.12,    9, 0.000, 0.000, 0.280, 43
train,    1892, 4.814497,   72, 0.13,    9, 0.000, 0.000, 0.280, 43
train,    1893, 3.938279,   71, 0.12,    9, 0.000, 0.000, 0.280, 43
train,    1894, 4.483864,   74, 0.11,    9, 0.000, 0.000, 0.280, 43
train,    1895, 5.176353,   72, 0.13,    9, 0.000, 0.000, 0.280, 43
train,    1896, 4.227686,   68, 0.15,    9, 0.000, 0.000, 0.280, 43
train,    1897, 4.014701,   70, 0.14,    9, 0.000, 0.000, 0.280, 43
train,    1898, 4.806783,   71, 0.14,    8, 0.000, 0.000, 0.280, 43
train,    1899, 4.973139,   72, 0.15,   10, 0.000, 0.000, 0.280, 43
train,    1900, 4.870489,   64, 0.14,    8, 0.000, 0.000, 0.280, 43
update,   1900,   19, 1900, 8.882025, 0.000000
val_t, 1900, 1900, 4.608928, 0.0898,  76.6342,   0.1069, 0.8273,  27.9308, progress 0.8232
train,    1901, 4.014043,   71, 0.12,   10, 0.000, 0.000, 0.280, 43
train,    1902, 3.736314,   71, 0.12,    8, 0.000, 0.000, 0.280, 43
train,    1903, 4.218933,   68, 0.12,    9, 0.000, 0.000, 0.280, 43
train,    1904, 4.967621,   71, 0.13,    9, 0.000, 0.000, 0.280, 43
train,    1905, 3.086422,   66, 0.14,    8, 0.000, 0.000, 0.280, 43
train,    1906, 5.080754,   75, 0.12,    8, 0.000, 0.000, 0.280, 43
train,    1907, 4.281362,   67, 0.12,    9, 0.000, 0.000, 0.280, 43
train,    1908, 4.313627,   73, 0.14,    8, 0.000, 0.000, 0.280, 43
train,    1909, 5.315146,   68, 0.12,   10, 0.000, 0.000, 0.280, 43
train,    1910, 5.269226,   68, 0.13,    8, 0.000, 0.000, 0.280, 43
train,    1911, 5.370729,   72, 0.13,    9, 0.000, 0.000, 0.280, 43
train,    1912, 5.857717,   68, 0.12,    9, 0.000, 0.000, 0.280, 43
train,    1913, 4.141576,   69, 0.13,   10, 0.000, 0.000, 0.280, 43
train,    1914, 5.688951,   68, 0.14,    9, 0.000, 0.000, 0.280, 43
train,    1915, 5.773958,   67, 0.13,    9, 0.000, 0.000, 0.280, 43
train,    1916, 3.532408,   69, 0.11,    9, 0.000, 0.000, 0.280, 43
train,    1917, 4.990096,   69, 0.13,    9, 0.000, 0.000, 0.280, 43
train,    1918, 4.855388,   67, 0.15,    9, 0.000, 0.000, 0.280, 43
train,    1919, 4.488443,   68, 0.11,    9, 0.000, 0.000, 0.280, 43
train,    1920, 4.716886,   75, 0.12,    8, 0.000, 0.000, 0.280, 44
train,    1921, 4.406512,   68, 0.11,    8, 0.000, 0.000, 0.280, 44
train,    1922, 5.433831,   68, 0.11,    8, 0.000, 0.000, 0.280, 44
train,    1923, 3.857343,   71, 0.13,   10, 0.000, 0.000, 0.280, 44
train,    1924, 4.978212,   69, 0.11,   10, 0.000, 0.000, 0.280, 44
train,    1925, 4.628944,   65, 0.15,    8, 0.000, 0.000, 0.280, 44
train,    1926, 3.424360,   71, 0.10,    8, 0.000, 0.000, 0.280, 44
train,    1927, 5.653235,   71, 0.15,    8, 0.000, 0.000, 0.280, 44
train,    1928, 3.413714,   72, 0.12,    9, 0.000, 0.000, 0.280, 44
train,    1929, 5.184266,   69, 0.14,    8, 0.000, 0.000, 0.280, 44
train,    1930, 4.629336,   69, 0.10,    9, 0.000, 0.000, 0.280, 44
train,    1931, 4.587137,   68, 0.13,    9, 0.000, 0.000, 0.280, 44
train,    1932, 5.166526,   70, 0.15,   11, 0.000, 0.000, 0.280, 44
train,    1933, 5.076049,   71, 0.12,   10, 0.000, 0.000, 0.280, 44
train,    1934, 4.256708,   69, 0.15,    8, 0.000, 0.000, 0.280, 44
train,    1935, 5.379266,   66, 0.12,   10, 0.000, 0.000, 0.280, 44
train,    1936, 4.826898,   73, 0.10,    9, 0.000, 0.000, 0.280, 44
train,    1937, 4.202992,   70, 0.12,    8, 0.000, 0.000, 0.280, 44
train,    1938, 3.691333,   68, 0.11,    9, 0.000, 0.000, 0.280, 44
train,    1939, 4.882435,   68, 0.12,   10, 0.000, 0.000, 0.280, 44
train,    1940, 3.995509,   71, 0.12,    8, 0.000, 0.000, 0.280, 44
train,    1941, 5.482505,   67, 0.13,    9, 0.000, 0.000, 0.280, 44
train,    1942, 3.407969,   67, 0.10,    8, 0.000, 0.000, 0.280, 44
train,    1943, 4.935301,   70, 0.12,    8, 0.000, 0.000, 0.280, 44
train,    1944, 5.228673,   73, 0.13,    8, 0.000, 0.000, 0.280, 44
train,    1945, 4.480017,   67, 0.11,    9, 0.000, 0.000, 0.280, 44
train,    1946, 5.071197,   71, 0.11,    8, 0.000, 0.000, 0.280, 44
train,    1947, 4.650873,   69, 0.12,    9, 0.000, 0.000, 0.280, 44
train,    1948, 6.082104,   73, 0.11,    8, 0.000, 0.000, 0.280, 44
train,    1949, 6.389492,   70, 0.13,    9, 0.000, 0.000, 0.280, 44
train,    1950, 5.406281,   66, 0.17,    9, 0.000, 0.000, 0.280, 44
train,    1951, 5.317562,   68, 0.09,   10, 0.000, 0.000, 0.280, 44
train,    1952, 4.561720,   71, 0.14,    8, 0.000, 0.000, 0.280, 44
train,    1953, 5.364187,   68, 0.11,    8, 0.000, 0.000, 0.280, 44
train,    1954, 6.171970,   66, 0.12,    9, 0.000, 0.000, 0.280, 44
train,    1955, 4.883500,   70, 0.12,    9, 0.000, 0.000, 0.280, 44
train,    1956, 5.894717,   71, 0.13,    9, 0.000, 0.000, 0.280, 44
train,    1957, 5.171355,   77, 0.11,   10, 0.000, 0.000, 0.280, 44
train,    1958, 5.639774,   73, 0.12,    8, 0.000, 0.000, 0.280, 44
train,    1959, 6.092755,   72, 0.12,    9, 0.000, 0.000, 0.280, 44
train,    1960, 6.278949,   70, 0.13,    9, 0.000, 0.000, 0.280, 44
train,    1961, 6.411060,   70, 0.12,   10, 0.000, 0.000, 0.280, 44
train,    1962, 5.569353,   73, 0.13,    9, 0.000, 0.000, 0.280, 44
train,    1963, 5.409360,   70, 0.12,   10, 0.000, 0.000, 0.280, 44
train,    1964, 5.722794,   70, 0.11,    9, 0.000, 0.000, 0.280, 44
train,    1965, 6.097516,   70, 0.13,   10, 0.000, 0.000, 0.280, 44
train,    1966, 5.717043,   76, 0.11,    8, 0.000, 0.000, 0.280, 44
train,    1967, 5.808062,   69, 0.13,    9, 0.000, 0.000, 0.280, 44
train,    1968, 5.940199,   73, 0.11,   10, 0.000, 0.000, 0.280, 44
train,    1969, 6.425494,   74, 0.13,    9, 0.000, 0.000, 0.280, 44
train,    1970, 5.737746,   70, 0.12,    8, 0.000, 0.000, 0.280, 44
train,    1971, 5.991763,   72, 0.13,    8, 0.000, 0.000, 0.280, 44
train,    1972, 4.487100,   73, 0.13,    7, 0.000, 0.000, 0.280, 44
train,    1973, 6.384914,   68, 0.13,    8, 0.000, 0.000, 0.280, 44
train,    1974, 5.604345,   72, 0.14,    9, 0.000, 0.000, 0.280, 44
train,    1975, 5.519481,   66, 0.10,    8, 0.000, 0.000, 0.280, 44
train,    1976, 5.999732,   71, 0.11,    8, 0.000, 0.000, 0.280, 44
train,    1977, 5.388217,   69, 0.11,   10, 0.000, 0.000, 0.280, 44
train,    1978, 4.705205,   68, 0.11,   10, 0.000, 0.000, 0.280, 44
train,    1979, 5.070983,   66, 0.10,    8, 0.000, 0.000, 0.280, 44
train,    1980, 5.154445,   70, 0.12,    8, 0.000, 0.000, 0.280, 44
train,    1981, 6.064728,   73, 0.11,    9, 0.000, 0.000, 0.280, 44
train,    1982, 7.125791,   70, 0.14,    8, 0.000, 0.000, 0.280, 44
train,    1983, 7.035758,   74, 0.11,    9, 0.000, 0.000, 0.280, 44
train,    1984, 6.285007,   72, 0.11,    8, 0.000, 0.000, 0.280, 44
train,    1985, 5.995185,   72, 0.12,    9, 0.000, 0.000, 0.280, 44
train,    1986, 5.013149,   71, 0.12,    9, 0.000, 0.000, 0.280, 44
train,    1987, 6.900761,   67, 0.10,    9, 0.000, 0.000, 0.280, 44
train,    1988, 6.804990,   72, 0.11,    9, 0.000, 0.000, 0.280, 44
train,    1989, 5.877696,   71, 0.13,    8, 0.000, 0.000, 0.280, 44
train,    1990, 5.775806,   72, 0.10,    8, 0.000, 0.000, 0.280, 44
train,    1991, 6.152090,   71, 0.12,    9, 0.000, 0.000, 0.280, 44
train,    1992, 6.297808,   66, 0.12,    9, 0.000, 0.000, 0.280, 44
train,    1993, 5.831765,   76, 0.11,    9, 0.000, 0.000, 0.280, 44
train,    1994, 6.183550,   74, 0.12,    9, 0.000, 0.000, 0.280, 44
train,    1995, 5.730132,   69, 0.12,    9, 0.000, 0.000, 0.280, 44
train,    1996, 5.559916,   73, 0.12,    8, 0.000, 0.000, 0.280, 44
train,    1997, 5.410067,   72, 0.12,    9, 0.000, 0.000, 0.280, 44
train,    1998, 6.794624,   71, 0.14,    8, 0.000, 0.000, 0.280, 44
train,    1999, 6.235112,   75, 0.13,   10, 0.000, 0.000, 0.280, 44
train,    2000, 5.366062,   70, 0.10,    9, 0.000, 0.000, 0.280, 44
update,   2000,   20, 2000, 11.297522, 0.000000
val_t, 2000, 2000, 5.824493, 0.0922,  71.4670,   0.1182, 0.8154,  27.6521, progress 0.8412
train,    2001, 8.198988,   66, 0.12,    9, 0.000, 0.000, 0.280, 44
train,    2002, 6.964889,   69, 0.15,   10, 0.000, 0.000, 0.280, 44
train,    2003, 6.226062,   74, 0.12,    9, 0.000, 0.000, 0.280, 44
train,    2004, 5.586402,   66, 0.10,    9, 0.000, 0.000, 0.280, 44
train,    2005, 6.646680,   69, 0.10,    9, 0.000, 0.000, 0.280, 44
train,    2006, 6.431999,   71, 0.14,    9, 0.000, 0.000, 0.280, 44
train,    2007, 5.322477,   72, 0.11,    9, 0.000, 0.000, 0.280, 44
train,    2008, 6.930523,   75, 0.09,    8, 0.000, 0.000, 0.280, 44
train,    2009, 6.186208,   67, 0.13,   10, 0.000, 0.000, 0.280, 44
train,    2010, 6.029575,   74, 0.12,    8, 0.000, 0.000, 0.280, 44
train,    2011, 7.213298,   77, 0.13,    9, 0.000, 0.000, 0.280, 44
train,    2012, 5.819027,   74, 0.12,    9, 0.000, 0.000, 0.280, 44
train,    2013, 6.198575,   74, 0.13,    9, 0.000, 0.000, 0.280, 44
train,    2014, 5.386811,   66, 0.12,    9, 0.000, 0.000, 0.280, 44
train,    2015, 6.014521,   68, 0.12,    9, 0.000, 0.000, 0.280, 44
train,    2016, 6.705149,   74, 0.11,    8, 0.000, 0.000, 0.280, 44
train,    2017, 5.552200,   72, 0.12,   10, 0.000, 0.000, 0.280, 44
train,    2018, 6.558822,   70, 0.12,    9, 0.000, 0.000, 0.280, 44
train,    2019, 3.915362,   70, 0.14,    9, 0.000, 0.000, 0.280, 44
train,    2020, 6.919171,   70, 0.10,    9, 0.000, 0.000, 0.280, 44
train,    2021, 7.152102,   72, 0.10,    8, 0.000, 0.000, 0.280, 44
train,    2022, 6.020457,   71, 0.13,    9, 0.000, 0.000, 0.280, 44
train,    2023, 6.109537,   71, 0.10,    9, 0.000, 0.000, 0.280, 44
train,    2024, 8.136547,   70, 0.09,    8, 0.000, 0.000, 0.280, 44
train,    2025, 6.195485,   70, 0.11,    9, 0.000, 0.000, 0.280, 44
train,    2026, 6.303696,   76, 0.11,    9, 0.000, 0.000, 0.280, 44
train,    2027, 7.176289,   68, 0.09,    9, 0.000, 0.000, 0.280, 44
train,    2028, 7.878524,   68, 0.14,    9, 0.000, 0.000, 0.280, 44
train,    2029, 7.774485,   70, 0.10,    9, 0.000, 0.000, 0.280, 44
train,    2030, 8.123508,   72, 0.11,    9, 0.000, 0.000, 0.280, 44
train,    2031, 6.895848,   71, 0.13,   10, 0.000, 0.000, 0.280, 44
train,    2032, 5.913321,   68, 0.13,   10, 0.000, 0.000, 0.280, 44
train,    2033, 6.567247,   75, 0.12,   10, 0.000, 0.000, 0.280, 44
train,    2034, 6.173261,   73, 0.11,    8, 0.000, 0.000, 0.280, 44
train,    2035, 7.765863,   70, 0.10,    9, 0.000, 0.000, 0.280, 44
train,    2036, 7.440795,   73, 0.11,    9, 0.000, 0.000, 0.280, 44
train,    2037, 6.985863,   64, 0.11,   10, 0.000, 0.000, 0.280, 44
train,    2038, 8.042103,   66, 0.16,    9, 0.000, 0.000, 0.280, 44
train,    2039, 7.002502,   73, 0.14,   10, 0.000, 0.000, 0.280, 44
train,    2040, 7.083170,   73, 0.11,    8, 0.000, 0.000, 0.280, 44
train,    2041, 7.329619,   75, 0.12,    9, 0.000, 0.000, 0.280, 44
train,    2042, 8.062623,   71, 0.13,    9, 0.000, 0.000, 0.280, 44
train,    2043, 8.535615,   73, 0.13,    9, 0.000, 0.000, 0.280, 44
train,    2044, 7.129743,   71, 0.11,    9, 0.000, 0.000, 0.280, 44
train,    2045, 7.176173,   73, 0.12,   10, 0.000, 0.000, 0.280, 44
train,    2046, 7.090767,   66, 0.10,    9, 0.000, 0.000, 0.280, 44
train,    2047, 6.758312,   73, 0.09,    9, 0.000, 0.000, 0.280, 44
train,    2048, 8.983342,   70, 0.14,    9, 0.000, 0.000, 0.280, 44
train,    2049, 7.839921,   74, 0.11,    9, 0.000, 0.000, 0.280, 44
train,    2050, 6.915981,   73, 0.09,    9, 0.000, 0.000, 0.280, 44
train,    2051, 7.065742,   75, 0.13,   10, 0.000, 0.000, 0.280, 44
train,    2052, 6.712926,   74, 0.11,    9, 0.000, 0.000, 0.280, 44
train,    2053, 7.370530,   71, 0.10,   10, 0.000, 0.000, 0.280, 44
train,    2054, 6.740211,   73, 0.12,    9, 0.000, 0.000, 0.280, 44
train,    2055, 7.287429,   70, 0.09,    8, 0.000, 0.000, 0.280, 44
train,    2056, 7.609589,   73, 0.13,    9, 0.000, 0.000, 0.280, 44
train,    2057, 7.751961,   77, 0.13,    9, 0.000, 0.000, 0.280, 44
train,    2058, 7.663441,   70, 0.12,    9, 0.000, 0.000, 0.280, 44
train,    2059, 7.400532,   74, 0.11,    9, 0.000, 0.000, 0.280, 44
train,    2060, 7.453574,   72, 0.08,    8, 0.000, 0.000, 0.280, 44
train,    2061, 7.251407,   72, 0.10,   11, 0.000, 0.000, 0.280, 44
train,    2062, 7.684710,   68, 0.09,    9, 0.000, 0.000, 0.280, 44
train,    2063, 7.289925,   71, 0.10,   10, 0.000, 0.000, 0.280, 44
train,    2064, 8.484979,   74, 0.10,    8, 0.000, 0.000, 0.280, 44
train,    2065, 7.150924,   71, 0.10,   10, 0.000, 0.000, 0.280, 44
train,    2066, 7.407500,   69, 0.11,    9, 0.000, 0.000, 0.280, 44
train,    2067, 6.057776,   71, 0.12,    9, 0.000, 0.000, 0.280, 44
train,    2068, 6.705912,   70, 0.13,    9, 0.000, 0.000, 0.280, 44
train,    2069, 8.050622,   70, 0.13,    8, 0.000, 0.000, 0.280, 44
train,    2070, 8.143386,   75, 0.11,    8, 0.000, 0.000, 0.280, 44
train,    2071, 7.413997,   73, 0.12,   10, 0.000, 0.000, 0.280, 44
train,    2072, 8.015346,   70, 0.10,   10, 0.000, 0.000, 0.280, 44
train,    2073, 8.151519,   73, 0.09,    9, 0.000, 0.000, 0.280, 44
train,    2074, 9.470397,   68, 0.09,    9, 0.000, 0.000, 0.280, 44
train,    2075, 8.544432,   71, 0.12,    9, 0.000, 0.000, 0.280, 44
train,    2076, 7.021615,   74, 0.10,    9, 0.000, 0.000, 0.280, 44
train,    2077, 8.125848,   68, 0.12,   10, 0.000, 0.000, 0.280, 44
train,    2078, 9.010689,   73, 0.10,    9, 0.000, 0.000, 0.280, 44
train,    2079, 7.570062,   69, 0.08,   10, 0.000, 0.000, 0.280, 44
train,    2080, 7.780817,   68, 0.12,    9, 0.000, 0.000, 0.280, 45
train,    2081, 7.739351,   71, 0.11,    9, 0.000, 0.000, 0.280, 45
train,    2082, 7.494283,   71, 0.11,    9, 0.000, 0.000, 0.280, 45
train,    2083, 9.067738,   74, 0.11,    8, 0.000, 0.000, 0.280, 45
train,    2084, 6.929303,   73, 0.11,    7, 0.000, 0.000, 0.280, 45
train,    2085, 8.137361,   73, 0.12,    8, 0.000, 0.000, 0.280, 45
train,    2086, 7.211315,   73, 0.09,    9, 0.000, 0.000, 0.280, 45
train,    2087, 8.613310,   72, 0.12,    9, 0.000, 0.000, 0.280, 45
train,    2088, 7.834610,   71, 0.13,   10, 0.000, 0.000, 0.280, 45
train,    2089, 8.035660,   74, 0.11,    9, 0.000, 0.000, 0.280, 45
train,    2090, 8.104295,   73, 0.12,   10, 0.000, 0.000, 0.280, 45
train,    2091, 7.592876,   74, 0.12,    9, 0.000, 0.000, 0.280, 45
train,    2092, 8.209132,   70, 0.10,   10, 0.000, 0.000, 0.280, 45
train,    2093, 7.448148,   71, 0.12,   10, 0.000, 0.000, 0.280, 45
train,    2094, 8.534165,   73, 0.11,    9, 0.000, 0.000, 0.280, 45
train,    2095, 10.085602,   76, 0.14,    9, 0.000, 0.000, 0.280, 45
train,    2096, 7.654919,   73, 0.11,    8, 0.000, 0.000, 0.280, 45
train,    2097, 7.731377,   72, 0.11,    9, 0.000, 0.000, 0.280, 45
train,    2098, 8.759324,   74, 0.13,    9, 0.000, 0.000, 0.280, 45
train,    2099, 8.532943,   76, 0.10,    9, 0.000, 0.000, 0.280, 45
train,    2100, 9.621565,   73, 0.13,    9, 0.000, 0.000, 0.280, 45
update,   2100,   21, 2100, 9.482972, 0.000000
val_t, 2100, 2100, 9.959560, 0.1092,  72.2292,   0.0996, 0.8780,  27.4698, progress 0.8589
train,    2101, 6.883809,   73, 0.10,    9, 0.000, 0.000, 0.280, 45
train,    2102, 8.254243,   69, 0.11,   10, 0.000, 0.000, 0.280, 45
train,    2103, 9.304221,   73, 0.11,   10, 0.000, 0.000, 0.280, 45
train,    2104, 8.598436,   74, 0.12,    9, 0.000, 0.000, 0.280, 45
train,    2105, 6.374362,   68, 0.11,   10, 0.000, 0.000, 0.280, 45
train,    2106, 8.788260,   70, 0.10,    9, 0.000, 0.000, 0.280, 45
train,    2107, 9.298825,   76, 0.11,   10, 0.000, 0.000, 0.280, 45
train,    2108, 9.035331,   77, 0.10,    9, 0.000, 0.000, 0.280, 45
train,    2109, 7.768727,   73, 0.13,    9, 0.000, 0.000, 0.280, 45
train,    2110, 7.948609,   72, 0.09,   10, 0.000, 0.000, 0.280, 45
train,    2111, 7.535872,   71, 0.11,    9, 0.000, 0.000, 0.280, 45
train,    2112, 7.444079,   74, 0.12,   10, 0.000, 0.000, 0.280, 45
train,    2113, 9.509284,   75, 0.09,   10, 0.000, 0.000, 0.280, 45
train,    2114, 8.350570,   72, 0.13,    9, 0.000, 0.000, 0.280, 45
train,    2115, 7.965715,   76, 0.10,   10, 0.000, 0.000, 0.280, 45
train,    2116, 8.345713,   71, 0.10,    9, 0.000, 0.000, 0.280, 45
train,    2117, 8.341998,   78, 0.13,    9, 0.000, 0.000, 0.280, 45
train,    2118, 5.874575,   72, 0.12,   11, 0.000, 0.000, 0.280, 45
train,    2119, 8.291738,   78, 0.11,   10, 0.000, 0.000, 0.280, 45
train,    2120, 8.568704,   76, 0.12,    9, 0.000, 0.000, 0.280, 45
train,    2121, 8.494085,   71, 0.10,    9, 0.000, 0.000, 0.280, 45
train,    2122, 7.644006,   72, 0.14,   10, 0.000, 0.000, 0.280, 45
train,    2123, 7.880269,   74, 0.11,   11, 0.000, 0.000, 0.280, 45
train,    2124, 8.138175,   70, 0.10,    9, 0.000, 0.000, 0.280, 45
train,    2125, 8.028179,   71, 0.12,    9, 0.000, 0.000, 0.280, 45
train,    2126, 8.481025,   76, 0.09,    8, 0.000, 0.000, 0.280, 45
train,    2127, 6.938854,   66, 0.09,    8, 0.000, 0.000, 0.280, 45
train,    2128, 8.153316,   71, 0.11,   10, 0.000, 0.000, 0.280, 45
train,    2129, 9.091418,   70, 0.12,    9, 0.000, 0.000, 0.280, 45
train,    2130, 8.781252,   71, 0.09,   10, 0.000, 0.000, 0.280, 45
train,    2131, 8.191797,   75, 0.11,    9, 0.000, 0.000, 0.280, 45
train,    2132, 9.095299,   77, 0.11,    9, 0.000, 0.000, 0.280, 45
train,    2133, 8.176250,   74, 0.10,    8, 0.000, 0.000, 0.280, 45
train,    2134, 8.181942,   77, 0.10,   10, 0.000, 0.000, 0.280, 45
train,    2135, 10.320114,   68, 0.12,    9, 0.000, 0.000, 0.280, 45
train,    2136, 9.537499,   76, 0.10,    9, 0.000, 0.000, 0.280, 45
train,    2137, 8.497389,   76, 0.13,    9, 0.000, 0.000, 0.280, 45
train,    2138, 9.443328,   76, 0.08,    9, 0.000, 0.000, 0.280, 45
train,    2139, 9.574231,   71, 0.11,   10, 0.000, 0.000, 0.280, 45
train,    2140, 8.517579,   71, 0.12,   10, 0.000, 0.000, 0.280, 45
train,    2141, 7.921245,   74, 0.10,   10, 0.000, 0.000, 0.280, 45
train,    2142, 9.080341,   75, 0.12,    9, 0.000, 0.000, 0.280, 45
train,    2143, 9.889445,   73, 0.10,    9, 0.000, 0.000, 0.280, 45
train,    2144, 8.168709,   74, 0.08,    8, 0.000, 0.000, 0.280, 45
train,    2145, 9.399475,   74, 0.09,   10, 0.000, 0.000, 0.280, 45
train,    2146, 9.900184,   75, 0.10,    9, 0.000, 0.000, 0.280, 45
train,    2147, 8.795295,   73, 0.10,   10, 0.000, 0.000, 0.280, 45
train,    2148, 10.676299,   74, 0.12,    8, 0.000, 0.000, 0.280, 45
train,    2149, 10.018681,   69, 0.12,   10, 0.000, 0.000, 0.280, 45
train,    2150, 8.975722,   76, 0.09,   10, 0.000, 0.000, 0.280, 45
train,    2151, 8.901639,   73, 0.10,   10, 0.000, 0.000, 0.280, 45
train,    2152, 8.202903,   74, 0.10,    9, 0.000, 0.000, 0.280, 45
train,    2153, 7.692526,   73, 0.11,    9, 0.000, 0.000, 0.280, 45
train,    2154, 9.087246,   72, 0.12,    9, 0.000, 0.000, 0.280, 45
train,    2155, 10.593534,   70, 0.11,   10, 0.000, 0.000, 0.280, 45
train,    2156, 8.160227,   72, 0.11,    9, 0.000, 0.000, 0.280, 45
train,    2157, 10.291718,   75, 0.10,    9, 0.000, 0.000, 0.280, 45
train,    2158, 11.088273,   70, 0.13,    9, 0.000, 0.000, 0.280, 45
train,    2159, 8.681996,   73, 0.11,   10, 0.000, 0.000, 0.280, 45
train,    2160, 8.015882,   74, 0.11,    9, 0.000, 0.000, 0.280, 45
train,    2161, 9.570144,   73, 0.12,    8, 0.000, 0.000, 0.280, 45
train,    2162, 8.934542,   72, 0.12,    9, 0.000, 0.000, 0.280, 45
train,    2163, 9.188046,   74, 0.11,   11, 0.000, 0.000, 0.280, 45
train,    2164, 9.202309,   70, 0.12,    9, 0.000, 0.000, 0.280, 45
train,    2165, 9.445364,   73, 0.14,    9, 0.000, 0.000, 0.280, 45
train,    2166, 8.630429,   67, 0.10,    9, 0.000, 0.000, 0.280, 45
train,    2167, 9.203230,   72, 0.11,    9, 0.000, 0.000, 0.280, 45
train,    2168, 8.759901,   76, 0.10,    9, 0.000, 0.000, 0.280, 45
train,    2169, 8.767409,   73, 0.09,   10, 0.000, 0.000, 0.280, 45
train,    2170, 9.891961,   73, 0.13,   10, 0.000, 0.000, 0.280, 45
train,    2171, 8.595501,   76, 0.11,    8, 0.000, 0.000, 0.280, 45
train,    2172, 10.787626,   71, 0.11,    9, 0.000, 0.000, 0.280, 45
train,    2173, 10.110234,   77, 0.11,    9, 0.000, 0.000, 0.280, 45
train,    2174, 8.567773,   72, 0.12,    9, 0.000, 0.000, 0.280, 45
train,    2175, 10.565491,   76, 0.10,    9, 0.000, 0.000, 0.280, 45
train,    2176, 8.722005,   74, 0.09,    9, 0.000, 0.000, 0.280, 45
train,    2177, 8.602749,   76, 0.11,    8, 0.000, 0.000, 0.280, 45
train,    2178, 9.109534,   75, 0.13,    9, 0.000, 0.000, 0.280, 45
train,    2179, 9.164658,   72, 0.12,    9, 0.000, 0.000, 0.280, 45
train,    2180, 10.080360,   78, 0.11,    9, 0.000, 0.000, 0.280, 45
train,    2181, 8.959060,   76, 0.11,    9, 0.000, 0.000, 0.280, 45
train,    2182, 8.797634,   74, 0.09,    9, 0.000, 0.000, 0.280, 45
train,    2183, 10.193643,   76, 0.10,    9, 0.000, 0.000, 0.280, 45
train,    2184, 9.043942,   71, 0.10,    9, 0.000, 0.000, 0.280, 45
train,    2185, 10.266283,   72, 0.12,    9, 0.000, 0.000, 0.280, 45
train,    2186, 9.658401,   74, 0.11,   10, 0.000, 0.000, 0.280, 45
train,    2187, 8.793098,   70, 0.11,    9, 0.000, 0.000, 0.280, 45
train,    2188, 9.095080,   73, 0.14,   10, 0.000, 0.000, 0.280, 45
train,    2189, 9.572903,   72, 0.11,    9, 0.000, 0.000, 0.280, 45
train,    2190, 9.040179,   77, 0.11,    9, 0.000, 0.000, 0.280, 45
train,    2191, 8.529354,   72, 0.10,    9, 0.000, 0.000, 0.280, 45
train,    2192, 11.376703,   71, 0.09,   10, 0.000, 0.000, 0.280, 45
train,    2193, 10.035869,   74, 0.09,   10, 0.000, 0.000, 0.280, 45
train,    2194, 8.874705,   76, 0.11,   10, 0.000, 0.000, 0.280, 45
train,    2195, 10.310818,   80, 0.10,   11, 0.000, 0.000, 0.280, 45
train,    2196, 8.800991,   73, 0.12,    9, 0.000, 0.000, 0.280, 45
train,    2197, 10.256200,   76, 0.10,   10, 0.000, 0.000, 0.280, 45
train,    2198, 10.018743,   74, 0.11,    8, 0.000, 0.000, 0.280, 45
train,    2199, 8.517990,   79, 0.13,   10, 0.000, 0.000, 0.280, 45
train,    2200, 9.501006,   76, 0.12,   12, 0.000, 0.000, 0.280, 45
update,   2200,   22, 2200, 9.611468, 0.000000
val_t, 2200, 2200, 10.478954, 0.0739,  81.2639,   0.0930, 0.8774,  27.4639, progress 0.8410
train,    2201, 10.389792,   71, 0.12,   10, 0.000, 0.000, 0.280, 45
train,    2202, 8.297069,   72, 0.10,    9, 0.000, 0.000, 0.280, 45
train,    2203, 10.089789,   70, 0.11,    9, 0.000, 0.000, 0.280, 45
train,    2204, 9.792890,   72, 0.07,   10, 0.000, 0.000, 0.280, 45
train,    2205, 9.252079,   75, 0.12,    9, 0.000, 0.000, 0.280, 45
train,    2206, 9.898119,   76, 0.09,    9, 0.000, 0.000, 0.280, 45
train,    2207, 9.341874,   75, 0.10,    9, 0.000, 0.000, 0.280, 45
train,    2208, 10.513212,   71, 0.10,   10, 0.000, 0.000, 0.280, 45
train,    2209, 10.083981,   75, 0.09,   10, 0.000, 0.000, 0.280, 45
train,    2210, 9.649573,   68, 0.10,    9, 0.000, 0.000, 0.280, 45
train,    2211, 9.266309,   79, 0.09,    9, 0.000, 0.000, 0.280, 45
train,    2212, 9.272271,   74, 0.12,   10, 0.000, 0.000, 0.280, 45
train,    2213, 8.833447,   74, 0.10,    9, 0.000, 0.000, 0.280, 45
train,    2214, 9.020721,   79, 0.09,    8, 0.000, 0.000, 0.280, 45
train,    2215, 9.928756,   73, 0.09,   10, 0.000, 0.000, 0.280, 45
train,    2216, 10.764105,   72, 0.11,    9, 0.000, 0.000, 0.280, 45
train,    2217, 8.612548,   70, 0.11,    9, 0.000, 0.000, 0.280, 45
train,    2218, 9.646833,   74, 0.08,   10, 0.000, 0.000, 0.280, 45
train,    2219, 9.586041,   72, 0.10,    9, 0.000, 0.000, 0.280, 45
train,    2220, 10.101972,   75, 0.10,    9, 0.000, 0.000, 0.280, 45
train,    2221, 9.845888,   73, 0.10,    8, 0.000, 0.000, 0.280, 45
train,    2222, 9.087784,   74, 0.10,   10, 0.000, 0.000, 0.280, 45
train,    2223, 8.631148,   74, 0.12,    9, 0.000, 0.000, 0.280, 45
train,    2224, 10.421823,   80, 0.12,    9, 0.000, 0.000, 0.280, 45
train,    2225, 7.881452,   80, 0.10,    9, 0.000, 0.000, 0.280, 45
train,    2226, 9.208568,   73, 0.09,   10, 0.000, 0.000, 0.280, 45
train,    2227, 10.265837,   80, 0.11,   11, 0.000, 0.000, 0.280, 45
train,    2228, 9.129435,   75, 0.13,    9, 0.000, 0.000, 0.280, 45
train,    2229, 9.313517,   77, 0.11,   10, 0.000, 0.000, 0.280, 45
train,    2230, 8.340985,   75, 0.10,    9, 0.000, 0.000, 0.280, 45
train,    2231, 10.095883,   74, 0.09,    8, 0.000, 0.000, 0.280, 45
train,    2232, 8.247092,   74, 0.13,    9, 0.000, 0.000, 0.280, 45
train,    2233, 9.722824,   73, 0.12,    9, 0.000, 0.000, 0.280, 45
train,    2234, 9.824828,   74, 0.10,   10, 0.000, 0.000, 0.280, 45
train,    2235, 9.011268,   78, 0.07,   10, 0.000, 0.000, 0.280, 45
train,    2236, 10.312100,   69, 0.14,   10, 0.000, 0.000, 0.280, 45
train,    2237, 10.155985,   78, 0.11,    9, 0.000, 0.000, 0.280, 45
train,    2238, 10.098552,   74, 0.10,    9, 0.000, 0.000, 0.280, 45
train,    2239, 10.955413,   76, 0.09,    9, 0.000, 0.000, 0.280, 45
train,    2240, 9.163660,   79, 0.08,    9, 0.000, 0.000, 0.280, 46
train,    2241, 9.722321,   74, 0.11,   10, 0.000, 0.000, 0.280, 46
train,    2242, 9.518706,   77, 0.10,   10, 0.000, 0.000, 0.280, 46
train,    2243, 9.723808,   75, 0.09,   11, 0.000, 0.000, 0.280, 46
train,    2244, 9.298504,   77, 0.09,   10, 0.000, 0.000, 0.280, 46
train,    2245, 9.310062,   76, 0.11,   10, 0.000, 0.000, 0.280, 46
train,    2246, 9.010792,   77, 0.12,   10, 0.000, 0.000, 0.280, 46
train,    2247, 9.557548,   72, 0.08,    9, 0.000, 0.000, 0.280, 46
train,    2248, 9.648043,   73, 0.07,    9, 0.000, 0.000, 0.280, 46
train,    2249, 9.693465,   75, 0.08,   10, 0.000, 0.000, 0.280, 46
train,    2250, 9.279756,   75, 0.11,   10, 0.000, 0.000, 0.280, 46
train,    2251, 8.093072,   78, 0.11,   10, 0.000, 0.000, 0.280, 46
train,    2252, 9.485001,   69, 0.10,   10, 0.000, 0.000, 0.280, 46
train,    2253, 9.726743,   76, 0.09,   11, 0.000, 0.000, 0.280, 46
train,    2254, 8.233688,   75, 0.12,   10, 0.000, 0.000, 0.280, 46
train,    2255, 9.858482,   75, 0.09,   10, 0.000, 0.000, 0.280, 46
train,    2256, 8.465921,   71, 0.08,   10, 0.000, 0.000, 0.280, 46
train,    2257, 10.583587,   77, 0.10,    9, 0.000, 0.000, 0.280, 46
train,    2258, 9.199726,   74, 0.11,    9, 0.000, 0.000, 0.280, 46
train,    2259, 9.581097,   79, 0.09,   10, 0.000, 0.000, 0.280, 46
train,    2260, 8.164055,   70, 0.07,   10, 0.000, 0.000, 0.280, 46
train,    2261, 9.536431,   75, 0.09,    9, 0.000, 0.000, 0.280, 46
train,    2262, 9.815259,   74, 0.09,    9, 0.000, 0.000, 0.280, 46
train,    2263, 8.355606,   72, 0.08,    9, 0.000, 0.000, 0.280, 46
train,    2264, 9.532523,   73, 0.09,    9, 0.000, 0.000, 0.280, 46
train,    2265, 8.974947,   72, 0.11,    9, 0.000, 0.000, 0.280, 46
train,    2266, 9.082083,   70, 0.09,    9, 0.000, 0.000, 0.280, 46
train,    2267, 8.354092,   74, 0.07,    8, 0.000, 0.000, 0.280, 46
train,    2268, 8.702003,   71, 0.10,   10, 0.000, 0.000, 0.280, 46
train,    2269, 8.352308,   70, 0.12,    9, 0.000, 0.000, 0.280, 46
train,    2270, 8.033072,   78, 0.10,   10, 0.000, 0.000, 0.280, 46
train,    2271, 8.519071,   76, 0.10,   10, 0.000, 0.000, 0.280, 46
train,    2272, 8.337248,   74, 0.11,    9, 0.000, 0.000, 0.280, 46
train,    2273, 9.303960,   77, 0.10,    9, 0.000, 0.000, 0.280, 46
train,    2274, 9.453143,   77, 0.08,   11, 0.000, 0.000, 0.280, 46
train,    2275, 8.726505,   77, 0.11,   10, 0.000, 0.000, 0.280, 46
train,    2276, 9.051007,   73, 0.09,    9, 0.000, 0.000, 0.280, 46
train,    2277, 8.284122,   72, 0.10,    9, 0.000, 0.000, 0.280, 46
train,    2278, 8.518040,   77, 0.09,    9, 0.000, 0.000, 0.280, 46
train,    2279, 8.282428,   70, 0.09,    9, 0.000, 0.000, 0.280, 46
train,    2280, 8.806511,   78, 0.10,   10, 0.000, 0.000, 0.280, 46
train,    2281, 7.768817,   74, 0.11,    9, 0.000, 0.000, 0.280, 46
train,    2282, 8.950445,   71, 0.09,    8, 0.000, 0.000, 0.280, 46
train,    2283, 8.460603,   74, 0.08,    9, 0.000, 0.000, 0.280, 46
train,    2284, 9.135913,   78, 0.08,   10, 0.000, 0.000, 0.280, 46
train,    2285, 8.683805,   76, 0.05,   11, 0.000, 0.000, 0.280, 46
train,    2286, 8.852838,   75, 0.10,   10, 0.000, 0.000, 0.280, 46
train,    2287, 9.369633,   80, 0.09,    8, 0.000, 0.000, 0.280, 46
train,    2288, 9.131603,   74, 0.10,   10, 0.000, 0.000, 0.280, 46
train,    2289, 8.952024,   72, 0.09,    9, 0.000, 0.000, 0.280, 46
train,    2290, 8.092359,   70, 0.11,   10, 0.000, 0.000, 0.280, 46
train,    2291, 9.566213,   73, 0.08,    8, 0.000, 0.000, 0.280, 46
train,    2292, 8.819162,   70, 0.10,   10, 0.000, 0.000, 0.280, 46
train,    2293, 9.192038,   79, 0.09,    8, 0.000, 0.000, 0.280, 46
train,    2294, 9.371832,   72, 0.09,    9, 0.000, 0.000, 0.280, 46
train,    2295, 8.248504,   74, 0.13,   10, 0.000, 0.000, 0.280, 46
train,    2296, 8.520348,   79, 0.12,   10, 0.000, 0.000, 0.280, 46
train,    2297, 8.932301,   69, 0.10,    9, 0.000, 0.000, 0.280, 46
train,    2298, 9.545756,   73, 0.10,    9, 0.000, 0.000, 0.280, 46
train,    2299, 8.897363,   73, 0.09,   10, 0.000, 0.000, 0.280, 46
train,    2300, 8.778106,   75, 0.08,   10, 0.000, 0.000, 0.280, 46
update,   2300,   23, 2300, 12.406364, 0.000000
val_t, 2300, 2300, 10.187714, 0.0779,  81.0354,   0.0847, 0.8647,  27.7620, progress 0.8752
train,    2301, 9.559300,   71, 0.10,   10, 0.000, 0.000, 0.280, 46
train,    2302, 8.843053,   75, 0.07,    8, 0.000, 0.000, 0.280, 46
train,    2303, 9.317977,   76, 0.09,   10, 0.000, 0.000, 0.280, 46
train,    2304, 8.347928,   74, 0.07,   10, 0.000, 0.000, 0.280, 46
train,    2305, 8.342095,   74, 0.09,    9, 0.000, 0.000, 0.280, 46
train,    2306, 8.331827,   76, 0.09,   10, 0.000, 0.000, 0.280, 46
train,    2307, 9.049136,   74, 0.13,    9, 0.000, 0.000, 0.280, 46
train,    2308, 8.065926,   76, 0.09,    8, 0.000, 0.000, 0.280, 46
train,    2309, 9.420347,   73, 0.11,    9, 0.000, 0.000, 0.280, 46
train,    2310, 8.402208,   78, 0.07,   10, 0.000, 0.000, 0.280, 46
train,    2311, 9.650222,   73, 0.08,    9, 0.000, 0.000, 0.280, 46
train,    2312, 8.037378,   74, 0.11,    8, 0.000, 0.000, 0.280, 46
train,    2313, 9.017433,   75, 0.08,   10, 0.000, 0.000, 0.280, 46
train,    2314, 7.790394,   71, 0.08,   10, 0.000, 0.000, 0.280, 46
train,    2315, 8.971574,   72, 0.11,   10, 0.000, 0.000, 0.280, 46
train,    2316, 8.070697,   77, 0.09,    9, 0.000, 0.000, 0.280, 46
train,    2317, 8.522134,   73, 0.10,   10, 0.000, 0.000, 0.280, 46
train,    2318, 9.914738,   80, 0.10,   10, 0.000, 0.000, 0.280, 46
train,    2319, 7.737895,   79, 0.08,   10, 0.000, 0.000, 0.280, 46
train,    2320, 8.530266,   71, 0.08,   10, 0.000, 0.000, 0.280, 46
train,    2321, 9.361278,   70, 0.10,    9, 0.000, 0.000, 0.280, 46
train,    2322, 7.745326,   78, 0.09,   12, 0.000, 0.000, 0.280, 46
train,    2323, 7.890538,   79, 0.09,    9, 0.000, 0.000, 0.280, 46
train,    2324, 8.876832,   76, 0.09,   10, 0.000, 0.000, 0.280, 46
train,    2325, 8.191647,   76, 0.10,    9, 0.000, 0.000, 0.280, 46
train,    2326, 7.140722,   76, 0.09,    9, 0.000, 0.000, 0.280, 46
train,    2327, 7.027015,   74, 0.09,   10, 0.000, 0.000, 0.280, 46
train,    2328, 9.305259,   76, 0.08,   10, 0.000, 0.000, 0.280, 46
train,    2329, 8.717660,   73, 0.11,    9, 0.000, 0.000, 0.280, 46
train,    2330, 8.453575,   73, 0.11,   10, 0.000, 0.000, 0.280, 46
train,    2331, 7.232460,   74, 0.10,    9, 0.000, 0.000, 0.280, 46
train,    2332, 7.613528,   77, 0.13,   10, 0.000, 0.000, 0.280, 46
train,    2333, 7.843376,   82, 0.10,   10, 0.000, 0.000, 0.280, 46
train,    2334, 7.666055,   80, 0.07,   10, 0.000, 0.000, 0.280, 46
train,    2335, 7.690245,   76, 0.12,    8, 0.000, 0.000, 0.280, 46
train,    2336, 7.934798,   72, 0.10,   11, 0.000, 0.000, 0.280, 46
train,    2337, 7.765940,   75, 0.11,    9, 0.000, 0.000, 0.280, 46
train,    2338, 7.232765,   73, 0.09,    9, 0.000, 0.000, 0.280, 46
train,    2339, 9.042012,   78, 0.11,    9, 0.000, 0.000, 0.280, 46
train,    2340, 8.223839,   74, 0.10,    9, 0.000, 0.000, 0.280, 46
train,    2341, 9.167504,   74, 0.07,    9, 0.000, 0.000, 0.280, 46
train,    2342, 7.969127,   70, 0.09,    9, 0.000, 0.000, 0.280, 46
train,    2343, 6.820127,   75, 0.09,   10, 0.000, 0.000, 0.280, 46
train,    2344, 8.385316,   78, 0.10,   10, 0.000, 0.000, 0.280, 46
train,    2345, 8.415122,   74, 0.08,   10, 0.000, 0.000, 0.280, 46
train,    2346, 7.945615,   76, 0.10,    9, 0.000, 0.000, 0.280, 46
train,    2347, 6.485082,   80, 0.09,   10, 0.000, 0.000, 0.280, 46
train,    2348, 7.069881,   76, 0.09,   10, 0.000, 0.000, 0.280, 46
train,    2349, 5.254442,   80, 0.07,   11, 0.000, 0.000, 0.280, 46
train,    2350, 8.226626,   74, 0.10,    9, 0.000, 0.000, 0.280, 46
train,    2351, 7.358593,   72, 0.09,    9, 0.000, 0.000, 0.280, 46
train,    2352, 9.161633,   76, 0.07,   10, 0.000, 0.000, 0.280, 46
train,    2353, 8.039442,   75, 0.10,   10, 0.000, 0.000, 0.280, 46
train,    2354, 8.736010,   76, 0.08,    9, 0.000, 0.000, 0.280, 46
train,    2355, 6.652514,   72, 0.11,    9, 0.000, 0.000, 0.280, 46
train,    2356, 9.133369,   75, 0.07,   10, 0.000, 0.000, 0.280, 46
train,    2357, 8.083321,   78, 0.10,    9, 0.000, 0.000, 0.280, 46
train,    2358, 6.183766,   73, 0.08,    9, 0.000, 0.000, 0.280, 46
train,    2359, 6.780840,   75, 0.11,    9, 0.000, 0.000, 0.280, 46
train,    2360, 6.899006,   76, 0.08,   10, 0.000, 0.000, 0.280, 46
train,    2361, 7.701356,   78, 0.11,   10, 0.000, 0.000, 0.280, 46
train,    2362, 7.836697,   81, 0.10,   10, 0.000, 0.000, 0.280, 46
train,    2363, 7.000064,   78, 0.08,   10, 0.000, 0.000, 0.280, 46
train,    2364, 6.313279,   81, 0.09,    9, 0.000, 0.000, 0.280, 46
train,    2365, 8.304108,   74, 0.09,   10, 0.000, 0.000, 0.280, 46
train,    2366, 7.795535,   77, 0.07,    9, 0.000, 0.000, 0.280, 46
train,    2367, 8.591386,   74, 0.11,    9, 0.000, 0.000, 0.280, 46
train,    2368, 8.413367,   80, 0.09,   10, 0.000, 0.000, 0.280, 46
train,    2369, 6.833239,   73, 0.09,    9, 0.000, 0.000, 0.280, 46
train,    2370, 8.482762,   73, 0.10,   10, 0.000, 0.000, 0.280, 46
train,    2371, 7.462046,   76, 0.10,   10, 0.000, 0.000, 0.280, 46
train,    2372, 6.586959,   77, 0.05,    9, 0.000, 0.000, 0.280, 46
train,    2373, 7.655427,   76, 0.11,    9, 0.000, 0.000, 0.280, 46
train,    2374, 6.748797,   72, 0.09,   11, 0.000, 0.000, 0.280, 46
train,    2375, 7.176118,   75, 0.10,   10, 0.000, 0.000, 0.280, 46
train,    2376, 7.178749,   78, 0.05,   10, 0.000, 0.000, 0.280, 46
train,    2377, 8.148127,   73, 0.07,    8, 0.000, 0.000, 0.280, 46
train,    2378, 6.911486,   75, 0.09,   10, 0.000, 0.000, 0.280, 46
train,    2379, 7.308064,   69, 0.09,    9, 0.000, 0.000, 0.280, 46
train,    2380, 8.338231,   78, 0.08,    9, 0.000, 0.000, 0.280, 46
train,    2381, 7.345694,   73, 0.08,   12, 0.000, 0.000, 0.280, 46
train,    2382, 6.794486,   78, 0.08,   10, 0.000, 0.000, 0.280, 46
train,    2383, 7.526558,   78, 0.09,    9, 0.000, 0.000, 0.280, 46
train,    2384, 6.307055,   75, 0.08,    9, 0.000, 0.000, 0.280, 46
train,    2385, 7.121271,   76, 0.10,   10, 0.000, 0.000, 0.280, 46
train,    2386, 7.101516,   73, 0.10,   10, 0.000, 0.000, 0.280, 46
train,    2387, 6.066878,   77, 0.09,    9, 0.000, 0.000, 0.280, 46
train,    2388, 7.127338,   76, 0.11,   10, 0.000, 0.000, 0.280, 46
train,    2389, 6.595774,   73, 0.09,    9, 0.000, 0.000, 0.280, 46
train,    2390, 6.401489,   73, 0.09,    9, 0.000, 0.000, 0.280, 46
train,    2391, 7.233071,   73, 0.08,   10, 0.000, 0.000, 0.280, 46
train,    2392, 7.226784,   80, 0.06,   10, 0.000, 0.000, 0.280, 46
train,    2393, 7.752669,   72, 0.09,    9, 0.000, 0.000, 0.280, 46
train,    2394, 6.236573,   76, 0.10,   11, 0.000, 0.000, 0.280, 46
train,    2395, 8.455808,   74, 0.07,   11, 0.000, 0.000, 0.280, 46
train,    2396, 6.572270,   72, 0.11,   10, 0.000, 0.000, 0.280, 46
train,    2397, 6.962275,   74, 0.10,   10, 0.000, 0.000, 0.280, 46
train,    2398, 7.236784,   75, 0.11,    9, 0.000, 0.000, 0.280, 46
train,    2399, 7.196490,   72, 0.11,   10, 0.000, 0.000, 0.280, 46
train,    2400, 8.130586,   82, 0.09,    9, 0.000, 0.000, 0.280, 47
update,   2400,   24, 2400, 10.407446, 0.000000
val_t, 2400, 2400, 9.383523, 0.0669,  79.2338,   0.0792, 0.8913,  27.6846, progress 0.8764
train,    2401, 6.782306,   80, 0.09,    9, 0.000, 0.000, 0.280, 47
train,    2402, 6.352755,   76, 0.09,   10, 0.000, 0.000, 0.280, 47
train,    2403, 7.102015,   78, 0.08,    9, 0.000, 0.000, 0.280, 47
train,    2404, 6.821687,   77, 0.10,   10, 0.000, 0.000, 0.280, 47
train,    2405, 7.363471,   73, 0.11,   10, 0.000, 0.000, 0.280, 47
train,    2406, 7.759971,   78, 0.07,   10, 0.000, 0.000, 0.280, 47
train,    2407, 7.267584,   77, 0.08,    9, 0.000, 0.000, 0.280, 47
train,    2408, 7.114629,   76, 0.11,    9, 0.000, 0.000, 0.280, 47
train,    2409, 8.464782,   76, 0.10,    9, 0.000, 0.000, 0.280, 47
train,    2410, 7.288980,   78, 0.08,    9, 0.000, 0.000, 0.280, 47
train,    2411, 6.903148,   73, 0.08,   10, 0.000, 0.000, 0.280, 47
train,    2412, 6.039343,   79, 0.06,   11, 0.000, 0.000, 0.280, 47
train,    2413, 6.067558,   76, 0.08,    9, 0.000, 0.000, 0.280, 47
train,    2414, 6.814190,   74, 0.10,   10, 0.000, 0.000, 0.280, 47
train,    2415, 6.962944,   75, 0.10,   10, 0.000, 0.000, 0.280, 47
train,    2416, 6.753903,   76, 0.09,    9, 0.000, 0.000, 0.280, 47
train,    2417, 6.496562,   79, 0.13,   10, 0.000, 0.000, 0.280, 47
train,    2418, 7.270309,   78, 0.07,   11, 0.000, 0.000, 0.280, 47
train,    2419, 6.238132,   74, 0.09,    9, 0.000, 0.000, 0.280, 47
train,    2420, 6.140426,   79, 0.08,   11, 0.000, 0.000, 0.280, 47
train,    2421, 6.764660,   79, 0.09,   10, 0.000, 0.000, 0.280, 47
train,    2422, 6.603915,   75, 0.08,    9, 0.000, 0.000, 0.280, 47
train,    2423, 7.830799,   72, 0.09,    9, 0.000, 0.000, 0.280, 47
train,    2424, 7.121687,   78, 0.10,    9, 0.000, 0.000, 0.280, 47
train,    2425, 6.163901,   76, 0.11,   10, 0.000, 0.000, 0.280, 47
train,    2426, 5.953737,   75, 0.11,   10, 0.000, 0.000, 0.280, 47
train,    2427, 5.791549,   74, 0.08,   10, 0.000, 0.000, 0.280, 47
train,    2428, 6.863483,   80, 0.06,   10, 0.000, 0.000, 0.280, 47
train,    2429, 6.150349,   75, 0.09,    9, 0.000, 0.000, 0.280, 47
train,    2430, 6.246258,   74, 0.08,    9, 0.000, 0.000, 0.280, 47
train,    2431, 6.584400,   76, 0.08,    9, 0.000, 0.000, 0.280, 47
train,    2432, 7.487568,   74, 0.08,    9, 0.000, 0.000, 0.280, 47
train,    2433, 6.020106,   79, 0.08,   10, 0.000, 0.000, 0.280, 47
train,    2434, 7.421343,   76, 0.09,   11, 0.000, 0.000, 0.280, 47
train,    2435, 6.349529,   76, 0.09,    9, 0.000, 0.000, 0.280, 47
train,    2436, 5.774012,   75, 0.07,   10, 0.000, 0.000, 0.280, 47
train,    2437, 7.651532,   77, 0.10,    9, 0.000, 0.000, 0.280, 47
train,    2438, 6.117976,   80, 0.10,   11, 0.000, 0.000, 0.280, 47
train,    2439, 7.309431,   78, 0.09,   10, 0.000, 0.000, 0.280, 47
train,    2440, 7.278341,   78, 0.08,   10, 0.000, 0.000, 0.280, 47
train,    2441, 9.489499,   79, 0.06,   10, 0.000, 0.000, 0.280, 47
train,    2442, 7.034296,   72, 0.06,   11, 0.000, 0.000, 0.280, 47
train,    2443, 6.989711,   81, 0.08,    9, 0.000, 0.000, 0.280, 47
train,    2444, 6.636962,   76, 0.07,   10, 0.000, 0.000, 0.280, 47
train,    2445, 5.836045,   79, 0.11,   10, 0.000, 0.000, 0.280, 47
train,    2446, 6.897185,   76, 0.10,   10, 0.000, 0.000, 0.280, 47
train,    2447, 5.088720,   78, 0.08,    9, 0.000, 0.000, 0.280, 47
train,    2448, 7.289132,   76, 0.06,   10, 0.000, 0.000, 0.280, 47
train,    2449, 5.550910,   78, 0.09,   10, 0.000, 0.000, 0.280, 47
train,    2450, 6.140192,   77, 0.11,    9, 0.000, 0.000, 0.280, 47
train,    2451, 6.678437,   81, 0.08,    9, 0.000, 0.000, 0.280, 47
train,    2452, 6.551008,   74, 0.09,    9, 0.000, 0.000, 0.280, 47
train,    2453, 7.768820,   73, 0.10,   10, 0.000, 0.000, 0.280, 47
train,    2454, 6.078360,   77, 0.09,    9, 0.000, 0.000, 0.280, 47
train,    2455, 6.935311,   82, 0.08,   10, 0.000, 0.000, 0.280, 47
train,    2456, 6.488868,   79, 0.08,   10, 0.000, 0.000, 0.280, 47
train,    2457, 7.664204,   76, 0.10,    9, 0.000, 0.000, 0.280, 47
train,    2458, 7.704543,   79, 0.08,   10, 0.000, 0.000, 0.280, 47
train,    2459, 5.840688,   81, 0.10,   11, 0.000, 0.000, 0.280, 47
train,    2460, 7.522381,   73, 0.10,   10, 0.000, 0.000, 0.280, 47
train,    2461, 7.445348,   79, 0.10,   10, 0.000, 0.000, 0.280, 47
train,    2462, 6.685187,   76, 0.08,    8, 0.000, 0.000, 0.280, 47
train,    2463, 7.035755,   74, 0.07,   10, 0.000, 0.000, 0.280, 47
train,    2464, 7.096178,   76, 0.10,   10, 0.000, 0.000, 0.280, 47
train,    2465, 7.485505,   80, 0.09,   10, 0.000, 0.000, 0.280, 47
train,    2466, 6.873690,   75, 0.09,   10, 0.000, 0.000, 0.280, 47
train,    2467, 6.279487,   77, 0.08,   10, 0.000, 0.000, 0.280, 47
train,    2468, 6.558093,   77, 0.09,    9, 0.000, 0.000, 0.280, 47
train,    2469, 6.015945,   76, 0.11,    9, 0.000, 0.000, 0.280, 47
train,    2470, 6.681808,   73, 0.09,   10, 0.000, 0.000, 0.280, 47
train,    2471, 6.732543,   74, 0.09,   10, 0.000, 0.000, 0.280, 47
train,    2472, 7.536287,   81, 0.10,   10, 0.000, 0.000, 0.280, 47
train,    2473, 6.179874,   73, 0.07,   10, 0.000, 0.000, 0.280, 47
train,    2474, 6.833277,   82, 0.08,   10, 0.000, 0.000, 0.280, 47
train,    2475, 5.786821,   79, 0.09,   11, 0.000, 0.000, 0.280, 47
train,    2476, 7.498399,   76, 0.09,   10, 0.000, 0.000, 0.280, 47
train,    2477, 6.881692,   83, 0.08,   11, 0.000, 0.000, 0.280, 47
train,    2478, 6.088011,   78, 0.06,    9, 0.000, 0.000, 0.280, 47
train,    2479, 5.628076,   79, 0.11,   11, 0.000, 0.000, 0.280, 47
train,    2480, 6.130809,   70, 0.10,    9, 0.000, 0.000, 0.280, 47
train,    2481, 6.773137,   77, 0.08,   10, 0.000, 0.000, 0.280, 47
train,    2482, 6.296958,   75, 0.08,    9, 0.000, 0.000, 0.280, 47
train,    2483, 7.792944,   81, 0.07,    8, 0.000, 0.000, 0.280, 47
train,    2484, 6.274608,   79, 0.08,   10, 0.000, 0.000, 0.280, 47
train,    2485, 7.423765,   82, 0.05,    9, 0.000, 0.000, 0.280, 47
train,    2486, 6.689806,   74, 0.11,    9, 0.000, 0.000, 0.280, 47
train,    2487, 8.311898,   76, 0.08,   11, 0.000, 0.000, 0.280, 47
train,    2488, 6.341250,   77, 0.08,   10, 0.000, 0.000, 0.280, 47
train,    2489, 6.740296,   78, 0.09,   10, 0.000, 0.000, 0.280, 47
train,    2490, 6.374014,   80, 0.09,   10, 0.000, 0.000, 0.280, 47
train,    2491, 7.380508,   77, 0.09,   10, 0.000, 0.000, 0.280, 47
train,    2492, 6.428612,   76, 0.09,   10, 0.000, 0.000, 0.280, 47
train,    2493, 7.687336,   78, 0.07,    9, 0.000, 0.000, 0.280, 47
train,    2494, 7.547609,   81, 0.09,    9, 0.000, 0.000, 0.280, 47
train,    2495, 5.728868,   78, 0.09,   10, 0.000, 0.000, 0.280, 47
train,    2496, 7.800348,   79, 0.06,   10, 0.000, 0.000, 0.280, 47
train,    2497, 8.374573,   74, 0.09,    9, 0.000, 0.000, 0.280, 47
train,    2498, 6.286214,   81, 0.09,    8, 0.000, 0.000, 0.280, 47
train,    2499, 7.191582,   80, 0.09,    9, 0.000, 0.000, 0.280, 47
train,    2500, 6.428694,   74, 0.10,   10, 0.000, 0.000, 0.280, 47
update,   2500,   25, 2500, 11.787334, 0.000000
val_t, 2500, 2500, 8.840665, 0.0695,  80.7629,   0.0873, 0.9102,  27.6458, progress 0.8981
train,    2501, 7.490033,   81, 0.10,   10, 0.000, 0.000, 0.280, 47
train,    2502, 6.119486,   78, 0.08,    9, 0.000, 0.000, 0.280, 47
train,    2503, 6.684279,   82, 0.05,   10, 0.000, 0.000, 0.280, 47
train,    2504, 8.381131,   78, 0.10,   10, 0.000, 0.000, 0.280, 47
train,    2505, 8.299283,   74, 0.09,   10, 0.000, 0.000, 0.280, 47
train,    2506, 7.404113,   73, 0.10,   10, 0.000, 0.000, 0.280, 47
train,    2507, 6.786570,   75, 0.09,    9, 0.000, 0.000, 0.280, 47
train,    2508, 7.720940,   76, 0.09,   10, 0.000, 0.000, 0.280, 47
train,    2509, 8.258975,   76, 0.07,    8, 0.000, 0.000, 0.280, 47
train,    2510, 7.321069,   81, 0.09,   10, 0.000, 0.000, 0.280, 47
train,    2511, 5.182012,   74, 0.09,    9, 0.000, 0.000, 0.280, 47
train,    2512, 8.463306,   78, 0.09,   10, 0.000, 0.000, 0.280, 47
train,    2513, 8.022238,   82, 0.09,   11, 0.000, 0.000, 0.280, 47
train,    2514, 7.122766,   78, 0.11,   10, 0.000, 0.000, 0.280, 47
train,    2515, 6.933258,   82, 0.08,   10, 0.000, 0.000, 0.280, 47
train,    2516, 8.074928,   76, 0.08,   11, 0.000, 0.000, 0.280, 47
train,    2517, 7.003167,   76, 0.07,   10, 0.000, 0.000, 0.280, 47
train,    2518, 7.901875,   73, 0.10,   10, 0.000, 0.000, 0.280, 47
train,    2519, 6.368906,   79, 0.10,    9, 0.000, 0.000, 0.280, 47
train,    2520, 8.252185,   79, 0.08,   10, 0.000, 0.000, 0.280, 47
train,    2521, 6.984534,   73, 0.08,   11, 0.000, 0.000, 0.280, 47
train,    2522, 7.591375,   76, 0.08,   11, 0.000, 0.000, 0.280, 47
train,    2523, 6.750680,   75, 0.09,   10, 0.000, 0.000, 0.280, 47
train,    2524, 6.956241,   77, 0.08,    9, 0.000, 0.000, 0.280, 47
train,    2525, 8.080196,   82, 0.08,    9, 0.000, 0.000, 0.280, 47
train,    2526, 9.268021,   74, 0.11,   11, 0.000, 0.000, 0.280, 47
train,    2527, 7.063743,   78, 0.10,    9, 0.000, 0.000, 0.280, 47
train,    2528, 6.544245,   79, 0.11,    9, 0.000, 0.000, 0.280, 47
train,    2529, 7.605400,   80, 0.09,    9, 0.000, 0.000, 0.280, 47
train,    2530, 7.186186,   82, 0.07,   10, 0.000, 0.000, 0.280, 47
train,    2531, 8.671671,   73, 0.07,    8, 0.000, 0.000, 0.280, 47
train,    2532, 8.266411,   75, 0.08,    9, 0.000, 0.000, 0.280, 47
train,    2533, 7.905881,   79, 0.06,   10, 0.000, 0.000, 0.280, 47
train,    2534, 7.317937,   81, 0.08,   10, 0.000, 0.000, 0.280, 47
train,    2535, 7.516199,   79, 0.07,    8, 0.000, 0.000, 0.280, 47
train,    2536, 7.282351,   77, 0.10,   11, 0.000, 0.000, 0.280, 47
train,    2537, 7.340195,   76, 0.07,   10, 0.000, 0.000, 0.280, 47
train,    2538, 7.822700,   79, 0.08,   10, 0.000, 0.000, 0.280, 47
train,    2539, 8.611043,   78, 0.10,    9, 0.000, 0.000, 0.280, 47
train,    2540, 7.162109,   82, 0.08,   10, 0.000, 0.000, 0.280, 47
train,    2541, 7.453066,   82, 0.09,   11, 0.000, 0.000, 0.280, 47
train,    2542, 6.721364,   82, 0.09,   10, 0.000, 0.000, 0.280, 47
train,    2543, 8.798279,   77, 0.09,   11, 0.000, 0.000, 0.280, 47
train,    2544, 8.068260,   74, 0.07,    9, 0.000, 0.000, 0.280, 47
train,    2545, 7.523830,   79, 0.06,   10, 0.000, 0.000, 0.280, 47
train,    2546, 8.850773,   82, 0.10,   10, 0.000, 0.000, 0.280, 47
train,    2547, 7.581584,   81, 0.08,    9, 0.000, 0.000, 0.280, 47
train,    2548, 7.780850,   77, 0.08,   10, 0.000, 0.000, 0.280, 47
train,    2549, 7.971013,   79, 0.09,   10, 0.000, 0.000, 0.280, 47
train,    2550, 6.549831,   77, 0.08,   10, 0.000, 0.000, 0.280, 47
train,    2551, 7.846845,   79, 0.09,   10, 0.000, 0.000, 0.280, 47
train,    2552, 8.332304,   78, 0.07,   10, 0.000, 0.000, 0.280, 47
train,    2553, 7.314423,   75, 0.08,    9, 0.000, 0.000, 0.280, 47
train,    2554, 7.074226,   76, 0.10,   10, 0.000, 0.000, 0.280, 47
train,    2555, 8.299070,   72, 0.09,   10, 0.000, 0.000, 0.280, 47
train,    2556, 7.857492,   83, 0.09,    9, 0.000, 0.000, 0.280, 47
train,    2557, 7.143064,   81, 0.08,   11, 0.000, 0.000, 0.280, 47
train,    2558, 7.467067,   81, 0.08,   10, 0.000, 0.000, 0.280, 47
train,    2559, 7.263839,   79, 0.09,    9, 0.000, 0.000, 0.280, 47
train,    2560, 9.382910,   79, 0.08,    9, 0.000, 0.000, 0.280, 48
train,    2561, 9.009239,   80, 0.08,    9, 0.000, 0.000, 0.280, 48
train,    2562, 8.168657,   79, 0.08,   10, 0.000, 0.000, 0.280, 48
train,    2563, 8.943954,   77, 0.09,    9, 0.000, 0.000, 0.280, 48
train,    2564, 8.862845,   83, 0.06,    9, 0.000, 0.000, 0.280, 48
train,    2565, 8.920015,   77, 0.08,   10, 0.000, 0.000, 0.280, 48
train,    2566, 7.648490,   76, 0.08,   10, 0.000, 0.000, 0.280, 48
train,    2567, 7.914389,   80, 0.06,   10, 0.000, 0.000, 0.280, 48
train,    2568, 9.022897,   78, 0.09,   10, 0.000, 0.000, 0.280, 48
train,    2569, 8.603600,   82, 0.09,    9, 0.000, 0.000, 0.280, 48
train,    2570, 9.246276,   72, 0.08,    9, 0.000, 0.000, 0.280, 48
train,    2571, 7.929884,   79, 0.10,   10, 0.000, 0.000, 0.280, 48
train,    2572, 8.466552,   79, 0.08,   10, 0.000, 0.000, 0.280, 48
train,    2573, 7.938266,   79, 0.09,    9, 0.000, 0.000, 0.280, 48
train,    2574, 7.634148,   75, 0.05,    9, 0.000, 0.000, 0.280, 48
train,    2575, 8.111683,   76, 0.07,   11, 0.000, 0.000, 0.280, 48
train,    2576, 8.481345,   80, 0.07,   10, 0.000, 0.000, 0.280, 48
train,    2577, 8.473696,   79, 0.07,   11, 0.000, 0.000, 0.280, 48
train,    2578, 8.054937,   86, 0.08,   11, 0.000, 0.000, 0.280, 48
train,    2579, 7.777318,   77, 0.07,   11, 0.000, 0.000, 0.280, 48
train,    2580, 9.359752,   81, 0.08,   11, 0.000, 0.000, 0.280, 48
train,    2581, 8.116802,   82, 0.08,   10, 0.000, 0.000, 0.280, 48
train,    2582, 9.153880,   78, 0.08,    9, 0.000, 0.000, 0.280, 48
train,    2583, 9.039360,   81, 0.07,   10, 0.000, 0.000, 0.280, 48
train,    2584, 8.672032,   81, 0.06,    9, 0.000, 0.000, 0.280, 48
train,    2585, 8.881583,   80, 0.05,   10, 0.000, 0.000, 0.280, 48
train,    2586, 8.384023,   83, 0.10,    9, 0.000, 0.000, 0.280, 48
train,    2587, 10.193305,   78, 0.08,   10, 0.000, 0.000, 0.280, 48
train,    2588, 8.938926,   76, 0.07,   10, 0.000, 0.000, 0.280, 48
train,    2589, 9.130828,   80, 0.11,   11, 0.000, 0.000, 0.280, 48
train,    2590, 8.755967,   79, 0.06,   10, 0.000, 0.000, 0.280, 48
train,    2591, 8.360773,   75, 0.08,   10, 0.000, 0.000, 0.280, 48
train,    2592, 8.576220,   80, 0.08,   10, 0.000, 0.000, 0.280, 48
train,    2593, 9.332414,   81, 0.08,    8, 0.000, 0.000, 0.280, 48
train,    2594, 8.112533,   79, 0.06,   10, 0.000, 0.000, 0.280, 48
train,    2595, 9.773142,   82, 0.08,   11, 0.000, 0.000, 0.280, 48
train,    2596, 8.605871,   84, 0.09,   11, 0.000, 0.000, 0.280, 48
train,    2597, 9.007314,   75, 0.07,    9, 0.000, 0.000, 0.280, 48
train,    2598, 8.132508,   79, 0.05,   11, 0.000, 0.000, 0.280, 48
train,    2599, 8.125833,   82, 0.09,    9, 0.000, 0.000, 0.280, 48
train,    2600, 8.063972,   82, 0.08,   11, 0.000, 0.000, 0.280, 48
update,   2600,   26, 2600, 12.401182, 0.000000
val_t, 2600, 2600, 8.914994, 0.0474,  78.1893,   0.0823, 0.9151,  27.7827, progress 0.9170
train,    2601, 8.359667,   77, 0.09,   10, 0.000, 0.000, 0.280, 48
train,    2602, 8.613875,   75, 0.09,   10, 0.000, 0.000, 0.280, 48
train,    2603, 8.374031,   79, 0.08,   10, 0.000, 0.000, 0.280, 48
train,    2604, 9.274875,   85, 0.07,   10, 0.000, 0.000, 0.280, 48
train,    2605, 10.206357,   79, 0.06,   11, 0.000, 0.000, 0.280, 48
train,    2606, 8.490012,   74, 0.07,   11, 0.000, 0.000, 0.280, 48
train,    2607, 8.637114,   82, 0.09,   10, 0.000, 0.000, 0.280, 48
train,    2608, 8.012414,   77, 0.08,   10, 0.000, 0.000, 0.280, 48
train,    2609, 10.086737,   81, 0.09,   10, 0.000, 0.000, 0.280, 48
train,    2610, 9.294081,   81, 0.08,    9, 0.000, 0.000, 0.280, 48
train,    2611, 9.152043,   83, 0.08,   10, 0.000, 0.000, 0.280, 48
train,    2612, 8.610311,   79, 0.07,   10, 0.000, 0.000, 0.280, 48
train,    2613, 9.965866,   79, 0.08,    9, 0.000, 0.000, 0.280, 48
train,    2614, 9.610840,   74, 0.08,    9, 0.000, 0.000, 0.280, 48
train,    2615, 8.751343,   82, 0.05,   10, 0.000, 0.000, 0.280, 48
train,    2616, 10.503057,   79, 0.06,   11, 0.000, 0.000, 0.280, 48
train,    2617, 10.320620,   79, 0.07,   11, 0.000, 0.000, 0.280, 48
train,    2618, 9.522315,   82, 0.06,    9, 0.000, 0.000, 0.280, 48
train,    2619, 9.852135,   76, 0.07,   10, 0.000, 0.000, 0.280, 48
train,    2620, 9.589050,   77, 0.06,   10, 0.000, 0.000, 0.280, 48
train,    2621, 10.535353,   78, 0.09,   11, 0.000, 0.000, 0.280, 48
train,    2622, 10.451121,   79, 0.08,   12, 0.000, 0.000, 0.280, 48
train,    2623, 10.355567,   79, 0.09,   11, 0.000, 0.000, 0.280, 48
train,    2624, 9.813720,   79, 0.04,   10, 0.000, 0.000, 0.280, 48
train,    2625, 9.741704,   75, 0.06,   10, 0.000, 0.000, 0.280, 48
train,    2626, 9.311346,   76, 0.05,    9, 0.000, 0.000, 0.280, 48
train,    2627, 8.696890,   78, 0.07,   11, 0.000, 0.000, 0.280, 48
train,    2628, 9.788640,   82, 0.07,   10, 0.000, 0.000, 0.280, 48
train,    2629, 9.868676,   75, 0.10,   10, 0.000, 0.000, 0.280, 48
train,    2630, 8.932128,   80, 0.10,   10, 0.000, 0.000, 0.280, 48
train,    2631, 8.410193,   75, 0.09,   11, 0.000, 0.000, 0.280, 48
train,    2632, 8.304893,   75, 0.09,   10, 0.000, 0.000, 0.280, 48
train,    2633, 9.834046,   76, 0.09,   10, 0.000, 0.000, 0.280, 48
train,    2634, 9.666546,   80, 0.09,   11, 0.000, 0.000, 0.280, 48
train,    2635, 11.209448,   77, 0.09,   10, 0.000, 0.000, 0.280, 48
train,    2636, 10.265979,   78, 0.08,   10, 0.000, 0.000, 0.280, 48
train,    2637, 9.671140,   81, 0.06,   10, 0.000, 0.000, 0.280, 48
train,    2638, 10.756140,   81, 0.08,    9, 0.000, 0.000, 0.280, 48
train,    2639, 10.014547,   77, 0.11,   11, 0.000, 0.000, 0.280, 48
train,    2640, 9.730654,   80, 0.06,    9, 0.000, 0.000, 0.280, 48
train,    2641, 10.119498,   80, 0.07,   10, 0.000, 0.000, 0.280, 48
train,    2642, 10.441484,   81, 0.07,   10, 0.000, 0.000, 0.280, 48
train,    2643, 10.104788,   79, 0.06,   10, 0.000, 0.000, 0.280, 48
train,    2644, 9.770980,   75, 0.07,   10, 0.000, 0.000, 0.280, 48
train,    2645, 8.313538,   81, 0.06,   10, 0.000, 0.000, 0.280, 48
train,    2646, 10.576796,   82, 0.07,   10, 0.000, 0.000, 0.280, 48
train,    2647, 11.074507,   78, 0.08,   10, 0.000, 0.000, 0.280, 48
train,    2648, 9.099373,   81, 0.09,    9, 0.000, 0.000, 0.280, 48
train,    2649, 11.196174,   84, 0.07,   10, 0.000, 0.000, 0.280, 48
train,    2650, 8.680226,   79, 0.07,   11, 0.000, 0.000, 0.280, 48
train,    2651, 9.991603,   76, 0.07,   11, 0.000, 0.000, 0.280, 48
train,    2652, 9.949900,   74, 0.09,   11, 0.000, 0.000, 0.280, 48
train,    2653, 11.428125,   80, 0.08,   11, 0.000, 0.000, 0.280, 48
train,    2654, 10.974967,   78, 0.08,   10, 0.000, 0.000, 0.280, 48
train,    2655, 9.964629,   79, 0.08,   11, 0.000, 0.000, 0.280, 48
train,    2656, 8.803360,   76, 0.06,    9, 0.000, 0.000, 0.280, 48
train,    2657, 10.516063,   80, 0.09,    9, 0.000, 0.000, 0.280, 48
train,    2658, 12.539440,   77, 0.08,   11, 0.000, 0.000, 0.280, 48
train,    2659, 9.708616,   75, 0.08,   10, 0.000, 0.000, 0.280, 48
train,    2660, 11.018564,   75, 0.06,   10, 0.000, 0.000, 0.280, 48
train,    2661, 10.904796,   79, 0.10,   10, 0.000, 0.000, 0.280, 48
train,    2662, 11.688516,   79, 0.08,   11, 0.000, 0.000, 0.280, 48
train,    2663, 10.308200,   77, 0.08,    9, 0.000, 0.000, 0.280, 48
train,    2664, 10.175938,   77, 0.09,   11, 0.000, 0.000, 0.280, 48
train,    2665, 11.760773,   82, 0.08,   11, 0.000, 0.000, 0.280, 48
train,    2666, 10.869517,   77, 0.08,   10, 0.000, 0.000, 0.280, 48
train,    2667, 11.032678,   85, 0.09,   10, 0.000, 0.000, 0.280, 48
train,    2668, 10.419137,   78, 0.06,   10, 0.000, 0.000, 0.280, 48
train,    2669, 11.950220,   81, 0.10,   10, 0.000, 0.000, 0.280, 48
train,    2670, 11.690284,   82, 0.09,   10, 0.000, 0.000, 0.280, 48
train,    2671, 10.269231,   80, 0.08,   11, 0.000, 0.000, 0.280, 48
train,    2672, 11.607502,   74, 0.08,   11, 0.000, 0.000, 0.280, 48
train,    2673, 11.263868,   83, 0.08,   10, 0.000, 0.000, 0.280, 48
train,    2674, 12.154596,   80, 0.07,    9, 0.000, 0.000, 0.280, 48
train,    2675, 10.829917,   82, 0.08,   11, 0.000, 0.000, 0.280, 48
train,    2676, 11.185927,   80, 0.08,   10, 0.000, 0.000, 0.280, 48
train,    2677, 9.652438,   79, 0.08,   11, 0.000, 0.000, 0.280, 48
train,    2678, 10.667720,   82, 0.09,   11, 0.000, 0.000, 0.280, 48
train,    2679, 11.305100,   78, 0.08,   10, 0.000, 0.000, 0.280, 48
train,    2680, 12.298364,   77, 0.08,    9, 0.000, 0.000, 0.280, 48
train,    2681, 11.335246,   76, 0.11,   10, 0.000, 0.000, 0.280, 48
train,    2682, 10.313102,   81, 0.07,   11, 0.000, 0.000, 0.280, 48
train,    2683, 10.649839,   80, 0.08,   10, 0.000, 0.000, 0.280, 48
train,    2684, 10.054826,   80, 0.08,   11, 0.000, 0.000, 0.280, 48
train,    2685, 10.769523,   81, 0.07,   11, 0.000, 0.000, 0.280, 48
train,    2686, 11.101103,   82, 0.07,   10, 0.000, 0.000, 0.280, 48
train,    2687, 10.741983,   79, 0.08,    9, 0.000, 0.000, 0.280, 48
train,    2688, 11.896267,   82, 0.08,   10, 0.000, 0.000, 0.280, 48
train,    2689, 10.900054,   82, 0.06,   10, 0.000, 0.000, 0.280, 48
train,    2690, 10.562885,   81, 0.07,    8, 0.000, 0.000, 0.280, 48
train,    2691, 11.453686,   79, 0.08,   10, 0.000, 0.000, 0.280, 48
train,    2692, 12.524633,   82, 0.09,   10, 0.000, 0.000, 0.280, 48
train,    2693, 10.081905,   84, 0.09,   10, 0.000, 0.000, 0.280, 48
train,    2694, 9.367293,   81, 0.08,    9, 0.000, 0.000, 0.280, 48
train,    2695, 11.980638,   78, 0.08,   11, 0.000, 0.000, 0.280, 48
train,    2696, 11.228726,   82, 0.07,    9, 0.000, 0.000, 0.280, 48
train,    2697, 12.446610,   78, 0.06,    9, 0.000, 0.000, 0.280, 48
train,    2698, 11.659170,   77, 0.07,   10, 0.000, 0.000, 0.280, 48
train,    2699, 10.656818,   75, 0.08,   10, 0.000, 0.000, 0.280, 48
train,    2700, 11.740696,   79, 0.08,   10, 0.000, 0.000, 0.280, 48
update,   2700,   27, 2700, 12.743458, 0.000000
val_t, 2700, 2700, 10.367966, 0.0460,  84.7173,   0.0863, 0.9111,  28.4280, progress 0.8854
train,    2701, 12.832289,   80, 0.05,   11, 0.000, 0.000, 0.280, 48
train,    2702, 11.909302,   78, 0.07,   11, 0.000, 0.000, 0.280, 48
train,    2703, 10.946353,   78, 0.09,   11, 0.000, 0.000, 0.280, 48
train,    2704, 11.790532,   79, 0.06,   11, 0.000, 0.000, 0.280, 48
train,    2705, 11.575889,   77, 0.07,   11, 0.000, 0.000, 0.280, 48
train,    2706, 12.135370,   80, 0.10,   11, 0.000, 0.000, 0.280, 48
train,    2707, 11.147777,   76, 0.07,   10, 0.000, 0.000, 0.280, 48
train,    2708, 11.562779,   79, 0.06,   10, 0.000, 0.000, 0.280, 48
train,    2709, 11.655084,   80, 0.07,   10, 0.000, 0.000, 0.280, 48
train,    2710, 12.626785,   84, 0.09,   11, 0.000, 0.000, 0.280, 48
train,    2711, 13.008506,   74, 0.05,   10, 0.000, 0.000, 0.280, 48
train,    2712, 12.393680,   79, 0.07,    9, 0.000, 0.000, 0.280, 48
train,    2713, 11.168253,   81, 0.07,   11, 0.000, 0.000, 0.280, 48
train,    2714, 11.361494,   79, 0.07,    9, 0.000, 0.000, 0.280, 48
train,    2715, 11.617322,   77, 0.09,   11, 0.000, 0.000, 0.280, 48
train,    2716, 12.385967,   79, 0.09,   11, 0.000, 0.000, 0.280, 48
train,    2717, 10.994112,   81, 0.08,   10, 0.000, 0.000, 0.280, 48
train,    2718, 12.751854,   79, 0.09,   11, 0.000, 0.000, 0.280, 48
train,    2719, 11.995424,   78, 0.07,   10, 0.000, 0.000, 0.280, 48
train,    2720, 12.322603,   81, 0.07,   11, 0.000, 0.000, 0.280, 48
train,    2721, 11.618284,   80, 0.07,    9, 0.000, 0.000, 0.280, 48
train,    2722, 11.223129,   79, 0.08,    9, 0.000, 0.000, 0.280, 48
train,    2723, 11.093673,   79, 0.08,   11, 0.000, 0.000, 0.280, 48
train,    2724, 11.714516,   78, 0.06,   10, 0.000, 0.000, 0.280, 48
train,    2725, 12.668261,   75, 0.10,   10, 0.000, 0.000, 0.280, 48
train,    2726, 11.835290,   79, 0.06,   10, 0.000, 0.000, 0.280, 48
train,    2727, 11.815950,   75, 0.07,   10, 0.000, 0.000, 0.280, 48
train,    2728, 10.803415,   82, 0.10,   10, 0.000, 0.000, 0.280, 48
train,    2729, 10.141397,   78, 0.05,   10, 0.000, 0.000, 0.280, 48
train,    2730, 12.136059,   75, 0.06,   11, 0.000, 0.000, 0.280, 48
train,    2731, 11.249358,   81, 0.06,   10, 0.000, 0.000, 0.280, 48
train,    2732, 13.019660,   81, 0.08,    9, 0.000, 0.000, 0.280, 48
train,    2733, 12.379996,   76, 0.07,   10, 0.000, 0.000, 0.280, 48
train,    2734, 10.813454,   81, 0.07,   10, 0.000, 0.000, 0.280, 48
train,    2735, 11.022373,   82, 0.10,   11, 0.000, 0.000, 0.280, 48
train,    2736, 11.155962,   77, 0.08,    9, 0.000, 0.000, 0.280, 48
train,    2737, 12.242743,   82, 0.07,   10, 0.000, 0.000, 0.280, 48
train,    2738, 11.709914,   78, 0.06,    9, 0.000, 0.000, 0.280, 48
train,    2739, 11.932028,   77, 0.08,   11, 0.000, 0.000, 0.280, 48
train,    2740, 12.989680,   81, 0.07,    9, 0.000, 0.000, 0.280, 48
train,    2741, 12.332792,   75, 0.08,   10, 0.000, 0.000, 0.280, 48
train,    2742, 10.732346,   82, 0.08,   10, 0.000, 0.000, 0.280, 48
train,    2743, 11.512157,   84, 0.09,    9, 0.000, 0.000, 0.280, 48
train,    2744, 11.471350,   79, 0.07,   10, 0.000, 0.000, 0.280, 48
train,    2745, 11.648338,   77, 0.07,   10, 0.000, 0.000, 0.280, 48
train,    2746, 11.752977,   79, 0.08,    9, 0.000, 0.000, 0.280, 48
train,    2747, 11.954820,   82, 0.07,   10, 0.000, 0.000, 0.280, 48
train,    2748, 12.440496,   80, 0.07,   11, 0.000, 0.000, 0.280, 48
train,    2749, 12.660767,   80, 0.08,   10, 0.000, 0.000, 0.280, 48
train,    2750, 12.164738,   83, 0.08,   11, 0.000, 0.000, 0.280, 48
train,    2751, 12.043591,   78, 0.11,   10, 0.000, 0.000, 0.280, 48
train,    2752, 12.246277,   81, 0.07,   10, 0.000, 0.000, 0.280, 48
train,    2753, 11.620889,   81, 0.07,   10, 0.000, 0.000, 0.280, 48
train,    2754, 11.294744,   82, 0.07,   11, 0.000, 0.000, 0.280, 48
train,    2755, 12.769069,   83, 0.06,    9, 0.000, 0.000, 0.280, 48
train,    2756, 12.340473,   83, 0.08,   10, 0.000, 0.000, 0.280, 48
train,    2757, 12.326323,   80, 0.07,   11, 0.000, 0.000, 0.280, 48
train,    2758, 11.239105,   80, 0.08,   11, 0.000, 0.000, 0.280, 48
train,    2759, 12.624968,   83, 0.08,   11, 0.000, 0.000, 0.280, 48
train,    2760, 11.849518,   75, 0.07,    9, 0.000, 0.000, 0.280, 48
train,    2761, 11.019855,   82, 0.08,   11, 0.000, 0.000, 0.280, 48
train,    2762, 13.113657,   77, 0.06,    9, 0.000, 0.000, 0.280, 48
train,    2763, 11.766778,   78, 0.08,    9, 0.000, 0.000, 0.280, 48
train,    2764, 12.265068,   78, 0.08,   10, 0.000, 0.000, 0.280, 48
train,    2765, 10.480874,   82, 0.09,   11, 0.000, 0.000, 0.280, 48
train,    2766, 12.479540,   82, 0.08,   11, 0.000, 0.000, 0.280, 48
train,    2767, 11.348387,   80, 0.08,   10, 0.000, 0.000, 0.280, 48
train,    2768, 12.201709,   77, 0.06,   10, 0.000, 0.000, 0.280, 48
train,    2769, 11.231342,   82, 0.07,   11, 0.000, 0.000, 0.280, 48
train,    2770, 12.683748,   82, 0.07,   11, 0.000, 0.000, 0.280, 48
train,    2771, 12.606543,   81, 0.05,    9, 0.000, 0.000, 0.280, 48
train,    2772, 12.411303,   84, 0.07,   11, 0.000, 0.000, 0.280, 48
train,    2773, 12.227513,   79, 0.08,   11, 0.000, 0.000, 0.280, 48
train,    2774, 11.705393,   77, 0.08,   11, 0.000, 0.000, 0.280, 48
train,    2775, 12.264267,   81, 0.09,   10, 0.000, 0.000, 0.280, 48
train,    2776, 13.394565,   78, 0.05,   10, 0.000, 0.000, 0.280, 48
train,    2777, 12.923269,   84, 0.10,   10, 0.000, 0.000, 0.280, 48
train,    2778, 11.203601,   82, 0.06,   10, 0.000, 0.000, 0.280, 48
train,    2779, 11.056398,   79, 0.08,   11, 0.000, 0.000, 0.280, 48
train,    2780, 12.556802,   79, 0.07,   10, 0.000, 0.000, 0.280, 48
train,    2781, 11.853643,   81, 0.06,   11, 0.000, 0.000, 0.280, 48
train,    2782, 11.961760,   81, 0.09,   10, 0.000, 0.000, 0.280, 48
train,    2783, 12.876116,   82, 0.08,   10, 0.000, 0.000, 0.280, 48
train,    2784, 13.349191,   80, 0.08,   10, 0.000, 0.000, 0.280, 48
train,    2785, 12.994779,   82, 0.06,   10, 0.000, 0.000, 0.280, 48
train,    2786, 11.210051,   81, 0.07,    9, 0.000, 0.000, 0.280, 48
train,    2787, 11.699228,   77, 0.08,   11, 0.000, 0.000, 0.280, 48
train,    2788, 13.059787,   76, 0.09,   11, 0.000, 0.000, 0.280, 48
train,    2789, 11.768121,   85, 0.08,    9, 0.000, 0.000, 0.280, 48
train,    2790, 11.756928,   81, 0.09,   10, 0.000, 0.000, 0.280, 48
train,    2791, 12.433048,   79, 0.06,    9, 0.000, 0.000, 0.280, 48
train,    2792, 12.456985,   83, 0.10,   10, 0.000, 0.000, 0.280, 48
train,    2793, 11.915361,   80, 0.06,   10, 0.000, 0.000, 0.280, 48
train,    2794, 12.451211,   82, 0.07,   11, 0.000, 0.000, 0.280, 48
train,    2795, 12.391121,   81, 0.07,   11, 0.000, 0.000, 0.280, 48
train,    2796, 12.804160,   83, 0.08,   10, 0.000, 0.000, 0.280, 48
train,    2797, 11.886411,   84, 0.07,   10, 0.000, 0.000, 0.280, 48
train,    2798, 11.801215,   80, 0.05,   10, 0.000, 0.000, 0.280, 48
train,    2799, 12.784673,   81, 0.06,   10, 0.000, 0.000, 0.280, 48
train,    2800, 11.099042,   77, 0.06,   11, 0.000, 0.000, 0.280, 48
update,   2800,   28, 2800, 13.350074, 0.000000
val_t, 2800, 2800, 10.239896, 0.0459,  83.7660,   0.0853, 0.9163,  28.1403, progress 0.9203
train,    2801, 13.548774,   80, 0.05,    8, 0.000, 0.000, 0.280, 48
train,    2802, 11.773644,   85, 0.07,   10, 0.000, 0.000, 0.280, 48
train,    2803, 12.406646,   82, 0.07,   11, 0.000, 0.000, 0.280, 48
train,    2804, 10.673630,   82, 0.08,   10, 0.000, 0.000, 0.280, 48
train,    2805, 11.151632,   81, 0.05,    9, 0.000, 0.000, 0.280, 48
train,    2806, 11.631643,   80, 0.08,   11, 0.000, 0.000, 0.280, 48
train,    2807, 12.337077,   81, 0.10,   10, 0.000, 0.000, 0.280, 48
train,    2808, 14.080058,   81, 0.07,   10, 0.000, 0.000, 0.280, 48
train,    2809, 11.276049,   87, 0.07,    9, 0.000, 0.000, 0.280, 48
train,    2810, 11.128895,   82, 0.08,   11, 0.000, 0.000, 0.280, 48
train,    2811, 11.462237,   85, 0.07,    9, 0.000, 0.000, 0.280, 48
train,    2812, 14.345762,   81, 0.09,   10, 0.000, 0.000, 0.280, 48
train,    2813, 12.394946,   82, 0.08,   10, 0.000, 0.000, 0.280, 48
train,    2814, 12.076225,   82, 0.08,    9, 0.000, 0.000, 0.280, 48
train,    2815, 11.936788,   81, 0.04,   10, 0.000, 0.000, 0.280, 48
train,    2816, 11.588326,   80, 0.07,   10, 0.000, 0.000, 0.280, 48
train,    2817, 13.016853,   83, 0.09,    9, 0.000, 0.000, 0.280, 48
train,    2818, 13.012053,   83, 0.05,   10, 0.000, 0.000, 0.280, 48
train,    2819, 11.579128,   79, 0.07,   11, 0.000, 0.000, 0.280, 48
train,    2820, 12.032545,   80, 0.07,   10, 0.000, 0.000, 0.280, 48
train,    2821, 11.485344,   81, 0.07,    9, 0.000, 0.000, 0.280, 48
train,    2822, 12.136859,   81, 0.09,   10, 0.000, 0.000, 0.280, 48
train,    2823, 12.596944,   81, 0.07,   11, 0.000, 0.000, 0.280, 48
train,    2824, 12.479776,   83, 0.07,   10, 0.000, 0.000, 0.280, 48
train,    2825, 11.836736,   80, 0.07,   10, 0.000, 0.000, 0.280, 48
train,    2826, 11.793544,   79, 0.08,   10, 0.000, 0.000, 0.280, 48
train,    2827, 12.171191,   77, 0.08,    9, 0.000, 0.000, 0.280, 48
train,    2828, 12.220647,   80, 0.07,    9, 0.000, 0.000, 0.280, 48
train,    2829, 12.532803,   77, 0.06,   11, 0.000, 0.000, 0.280, 48
train,    2830, 11.965731,   82, 0.09,   12, 0.000, 0.000, 0.280, 48
train,    2831, 11.157217,   80, 0.10,   10, 0.000, 0.000, 0.280, 48
train,    2832, 13.255166,   80, 0.04,   11, 0.000, 0.000, 0.280, 48
train,    2833, 11.078443,   80, 0.09,   12, 0.000, 0.000, 0.280, 48
train,    2834, 13.318245,   83, 0.06,   10, 0.000, 0.000, 0.280, 48
train,    2835, 10.969945,   84, 0.09,   12, 0.000, 0.000, 0.280, 48
train,    2836, 11.821266,   79, 0.07,   10, 0.000, 0.000, 0.280, 48
train,    2837, 12.448643,   80, 0.08,   11, 0.000, 0.000, 0.280, 48
train,    2838, 13.258225,   79, 0.07,   11, 0.000, 0.000, 0.280, 48
train,    2839, 11.884184,   80, 0.08,   10, 0.000, 0.000, 0.280, 48
train,    2840, 12.788051,   80, 0.08,   11, 0.000, 0.000, 0.280, 48
train,    2841, 12.694485,   84, 0.06,   10, 0.000, 0.000, 0.280, 48
train,    2842, 11.490560,   81, 0.06,   11, 0.000, 0.000, 0.280, 48
train,    2843, 11.382000,   81, 0.08,   10, 0.000, 0.000, 0.280, 48
train,    2844, 12.294431,   83, 0.07,   11, 0.000, 0.000, 0.280, 48
train,    2845, 11.214612,   83, 0.07,   10, 0.000, 0.000, 0.280, 48
train,    2846, 12.011728,   84, 0.08,   10, 0.000, 0.000, 0.280, 48
train,    2847, 12.649268,   86, 0.07,   12, 0.000, 0.000, 0.280, 48
train,    2848, 12.571380,   78, 0.06,    9, 0.000, 0.000, 0.280, 48
train,    2849, 10.465688,   86, 0.09,    9, 0.000, 0.000, 0.280, 48
train,    2850, 11.327805,   83, 0.09,   11, 0.000, 0.000, 0.280, 48
train,    2851, 12.587586,   80, 0.05,   10, 0.000, 0.000, 0.280, 48
train,    2852, 11.315361,   84, 0.08,   11, 0.000, 0.000, 0.280, 48
train,    2853, 11.942289,   83, 0.07,   10, 0.000, 0.000, 0.280, 48
train,    2854, 12.117089,   80, 0.06,   11, 0.000, 0.000, 0.280, 48
train,    2855, 12.213815,   79, 0.08,   11, 0.000, 0.000, 0.280, 48
train,    2856, 13.721076,   80, 0.09,    9, 0.000, 0.000, 0.280, 48
train,    2857, 11.763506,   82, 0.08,   10, 0.000, 0.000, 0.280, 48
train,    2858, 10.697431,   81, 0.08,   10, 0.000, 0.000, 0.280, 48
train,    2859, 12.136999,   81, 0.06,   10, 0.000, 0.000, 0.280, 48
train,    2860, 11.612049,   80, 0.05,   10, 0.000, 0.000, 0.280, 48
train,    2861, 11.874977,   76, 0.05,   11, 0.000, 0.000, 0.280, 48
train,    2862, 11.720912,   85, 0.07,   11, 0.000, 0.000, 0.280, 48
train,    2863, 10.837576,   80, 0.06,    9, 0.000, 0.000, 0.280, 48
train,    2864, 12.243616,   80, 0.06,   10, 0.000, 0.000, 0.280, 48
train,    2865, 12.182034,   80, 0.06,    8, 0.000, 0.000, 0.280, 48
train,    2866, 11.931794,   82, 0.08,   11, 0.000, 0.000, 0.280, 48
train,    2867, 11.547382,   81, 0.09,   11, 0.000, 0.000, 0.280, 48
train,    2868, 11.116556,   77, 0.07,   12, 0.000, 0.000, 0.280, 48
train,    2869, 13.375044,   85, 0.08,    9, 0.000, 0.000, 0.280, 48
train,    2870, 10.913461,   82, 0.06,   12, 0.000, 0.000, 0.280, 48
train,    2871, 12.376733,   78, 0.07,   10, 0.000, 0.000, 0.280, 48
train,    2872, 11.749291,   83, 0.07,   11, 0.000, 0.000, 0.280, 48
train,    2873, 12.420583,   85, 0.05,   12, 0.000, 0.000, 0.280, 48
train,    2874, 12.106005,   81, 0.06,   10, 0.000, 0.000, 0.280, 48
train,    2875, 11.564365,   88, 0.06,   11, 0.000, 0.000, 0.280, 48
train,    2876, 11.174783,   78, 0.08,   11, 0.000, 0.000, 0.280, 48
train,    2877, 11.584909,   80, 0.05,   11, 0.000, 0.000, 0.280, 48
train,    2878, 11.663386,   81, 0.06,    9, 0.000, 0.000, 0.280, 48
train,    2879, 11.772920,   78, 0.05,    9, 0.000, 0.000, 0.280, 48
train,    2880, 11.548096,   79, 0.07,   10, 0.000, 0.000, 0.280, 48
train,    2881, 11.641889,   83, 0.07,   11, 0.000, 0.000, 0.280, 48
train,    2882, 11.625631,   80, 0.06,   10, 0.000, 0.000, 0.280, 48
train,    2883, 10.502401,   85, 0.09,   10, 0.000, 0.000, 0.280, 48
train,    2884, 12.110395,   83, 0.06,   11, 0.000, 0.000, 0.280, 48
train,    2885, 11.879658,   85, 0.10,   11, 0.000, 0.000, 0.280, 48
train,    2886, 11.689799,   85, 0.08,   10, 0.000, 0.000, 0.280, 48
train,    2887, 12.354867,   81, 0.05,   10, 0.000, 0.000, 0.280, 48
train,    2888, 10.949017,   80, 0.04,   11, 0.000, 0.000, 0.280, 48
train,    2889, 11.921047,   83, 0.06,   10, 0.000, 0.000, 0.280, 48
train,    2890, 10.726536,   80, 0.06,    9, 0.000, 0.000, 0.280, 48
train,    2891, 10.555293,   86, 0.06,   10, 0.000, 0.000, 0.280, 48
train,    2892, 12.128943,   79, 0.07,   10, 0.000, 0.000, 0.280, 48
train,    2893, 11.707714,   84, 0.06,   11, 0.000, 0.000, 0.280, 48
train,    2894, 11.290850,   84, 0.06,   10, 0.000, 0.000, 0.280, 48
train,    2895, 11.839425,   81, 0.08,   10, 0.000, 0.000, 0.280, 48
train,    2896, 12.135289,   85, 0.07,   11, 0.000, 0.000, 0.280, 48
train,    2897, 11.600723,   82, 0.08,    9, 0.000, 0.000, 0.280, 48
train,    2898, 10.960252,   78, 0.08,   10, 0.000, 0.000, 0.280, 48
train,    2899, 12.344176,   84, 0.07,   10, 0.000, 0.000, 0.280, 48
train,    2900, 11.657081,   82, 0.06,   10, 0.000, 0.000, 0.280, 48
update,   2900,   29, 2900, 12.541722, 0.000000
val_t, 2900, 2900, 11.770439, 0.0502,  80.7201,   0.0750, 0.9462,  28.6795, progress 0.9278
train,    2901, 10.718913,   84, 0.06,   10, 0.000, 0.000, 0.280, 48
train,    2902, 12.131064,   84, 0.05,   11, 0.000, 0.000, 0.280, 48
train,    2903, 10.833352,   86, 0.05,   11, 0.000, 0.000, 0.280, 48
train,    2904, 10.758998,   85, 0.04,   12, 0.000, 0.000, 0.280, 48
train,    2905, 10.539490,   83, 0.07,   11, 0.000, 0.000, 0.280, 48
train,    2906, 11.373399,   83, 0.07,   11, 0.000, 0.000, 0.280, 48
train,    2907, 12.246216,   85, 0.09,   10, 0.000, 0.000, 0.280, 48
train,    2908, 11.331855,   82, 0.07,   10, 0.000, 0.000, 0.280, 48
train,    2909, 11.027383,   79, 0.07,   11, 0.000, 0.000, 0.280, 48
train,    2910, 10.772444,   77, 0.07,   11, 0.000, 0.000, 0.280, 48
train,    2911, 10.494067,   84, 0.06,    9, 0.000, 0.000, 0.280, 48
train,    2912, 10.365058,   87, 0.06,    9, 0.000, 0.000, 0.280, 48
train,    2913, 11.036774,   83, 0.07,   10, 0.000, 0.000, 0.280, 48
train,    2914, 11.173808,   79, 0.05,    9, 0.000, 0.000, 0.280, 48
train,    2915, 11.371235,   81, 0.05,   11, 0.000, 0.000, 0.280, 48
train,    2916, 10.640648,   80, 0.09,   11, 0.000, 0.000, 0.280, 48
train,    2917, 11.064066,   85, 0.07,   10, 0.000, 0.000, 0.280, 48
train,    2918, 10.447370,   84, 0.05,   10, 0.000, 0.000, 0.280, 48
train,    2919, 11.151734,   76, 0.05,   11, 0.000, 0.000, 0.280, 48
train,    2920, 9.800611,   81, 0.07,   10, 0.000, 0.000, 0.280, 48
train,    2921, 10.551264,   77, 0.06,   11, 0.000, 0.000, 0.280, 48
train,    2922, 10.176420,   81, 0.06,   12, 0.000, 0.000, 0.280, 48
train,    2923, 11.702104,   80, 0.09,   11, 0.000, 0.000, 0.280, 48
train,    2924, 10.746160,   83, 0.09,   10, 0.000, 0.000, 0.280, 48
train,    2925, 9.750115,   85, 0.07,   11, 0.000, 0.000, 0.280, 48
train,    2926, 10.260759,   80, 0.06,   10, 0.000, 0.000, 0.280, 48
train,    2927, 10.463261,   87, 0.09,   11, 0.000, 0.000, 0.280, 48
train,    2928, 11.253986,   83, 0.04,   10, 0.000, 0.000, 0.280, 48
train,    2929, 11.129008,   85, 0.06,   10, 0.000, 0.000, 0.280, 48
train,    2930, 11.638775,   81, 0.07,    9, 0.000, 0.000, 0.280, 48
train,    2931, 10.700944,   81, 0.04,   11, 0.000, 0.000, 0.280, 48
train,    2932, 11.784134,   74, 0.06,    9, 0.000, 0.000, 0.280, 48
train,    2933, 11.444849,   82, 0.08,   11, 0.000, 0.000, 0.280, 48
train,    2934, 10.835723,   87, 0.06,   11, 0.000, 0.000, 0.280, 48
train,    2935, 11.436036,   86, 0.06,   10, 0.000, 0.000, 0.280, 48
train,    2936, 10.023219,   85, 0.07,   11, 0.000, 0.000, 0.280, 48
train,    2937, 11.617053,   79, 0.06,   10, 0.000, 0.000, 0.280, 48
train,    2938, 11.285939,   79, 0.07,   10, 0.000, 0.000, 0.280, 48
train,    2939, 11.775449,   87, 0.09,    9, 0.000, 0.000, 0.280, 48
train,    2940, 10.395389,   76, 0.06,   10, 0.000, 0.000, 0.280, 48
train,    2941, 11.047170,   81, 0.07,   10, 0.000, 0.000, 0.280, 48
train,    2942, 10.591635,   83, 0.09,   11, 0.000, 0.000, 0.280, 48
train,    2943, 11.161758,   85, 0.07,   10, 0.000, 0.000, 0.280, 48
train,    2944, 11.531537,   79, 0.05,   11, 0.000, 0.000, 0.280, 48
train,    2945, 10.570715,   84, 0.07,   11, 0.000, 0.000, 0.280, 48
train,    2946, 11.279930,   82, 0.07,   10, 0.000, 0.000, 0.280, 48
train,    2947, 11.700087,   83, 0.05,   11, 0.000, 0.000, 0.280, 48
train,    2948, 12.114615,   78, 0.09,    9, 0.000, 0.000, 0.280, 48
train,    2949, 11.229424,   83, 0.08,   10, 0.000, 0.000, 0.280, 48
train,    2950, 12.116084,   82, 0.05,   11, 0.000, 0.000, 0.280, 48
train,    2951, 11.187448,   83, 0.06,   10, 0.000, 0.000, 0.280, 48
train,    2952, 10.520648,   81, 0.09,   11, 0.000, 0.000, 0.280, 48
train,    2953, 11.038669,   80, 0.08,   10, 0.000, 0.000, 0.280, 48
train,    2954, 9.046490,   82, 0.06,   10, 0.000, 0.000, 0.280, 48
train,    2955, 10.698749,   82, 0.06,   11, 0.000, 0.000, 0.280, 48
train,    2956, 11.132939,   85, 0.08,   11, 0.000, 0.000, 0.280, 48
train,    2957, 10.743555,   82, 0.07,   10, 0.000, 0.000, 0.280, 48
train,    2958, 13.058327,   78, 0.07,   11, 0.000, 0.000, 0.280, 48
train,    2959, 11.225679,   85, 0.08,   11, 0.000, 0.000, 0.280, 48
train,    2960, 10.635920,   82, 0.06,   11, 0.000, 0.000, 0.280, 48
train,    2961, 11.202952,   86, 0.05,   10, 0.000, 0.000, 0.280, 48
train,    2962, 10.953914,   80, 0.05,   10, 0.000, 0.000, 0.280, 48
train,    2963, 10.686969,   82, 0.06,   11, 0.000, 0.000, 0.280, 48
train,    2964, 10.769246,   81, 0.07,   11, 0.000, 0.000, 0.280, 48
train,    2965, 11.401822,   86, 0.07,   10, 0.000, 0.000, 0.280, 48
train,    2966, 12.067275,   79, 0.07,   11, 0.000, 0.000, 0.280, 48
train,    2967, 10.660461,   80, 0.05,    9, 0.000, 0.000, 0.280, 48
train,    2968, 10.543712,   80, 0.06,    9, 0.000, 0.000, 0.280, 48
train,    2969, 11.547663,   84, 0.09,   10, 0.000, 0.000, 0.280, 48
train,    2970, 9.412828,   85, 0.06,    9, 0.000, 0.000, 0.280, 48
train,    2971, 10.182723,   83, 0.05,   11, 0.000, 0.000, 0.280, 48
train,    2972, 11.517577,   84, 0.08,   10, 0.000, 0.000, 0.280, 48
train,    2973, 12.135761,   80, 0.08,   10, 0.000, 0.000, 0.280, 48
train,    2974, 11.991246,   82, 0.06,   11, 0.000, 0.000, 0.280, 48
train,    2975, 10.178017,   84, 0.05,   11, 0.000, 0.000, 0.280, 48
train,    2976, 10.612402,   84, 0.08,   10, 0.000, 0.000, 0.280, 48
train,    2977, 10.692949,   83, 0.08,    9, 0.000, 0.000, 0.280, 48
train,    2978, 10.193010,   84, 0.07,   10, 0.000, 0.000, 0.280, 48
train,    2979, 11.275016,   81, 0.06,   10, 0.000, 0.000, 0.280, 48
train,    2980, 10.695425,   80, 0.07,   11, 0.000, 0.000, 0.280, 48
train,    2981, 10.283965,   83, 0.08,   10, 0.000, 0.000, 0.280, 48
train,    2982, 11.588716,   84, 0.06,   10, 0.000, 0.000, 0.280, 48
train,    2983, 10.598610,   82, 0.06,   10, 0.000, 0.000, 0.280, 48
train,    2984, 10.804766,   86, 0.07,    9, 0.000, 0.000, 0.280, 48
train,    2985, 10.279595,   81, 0.06,   11, 0.000, 0.000, 0.280, 48
train,    2986, 11.564030,   84, 0.06,   10, 0.000, 0.000, 0.280, 48
train,    2987, 10.877717,   84, 0.08,   11, 0.000, 0.000, 0.280, 48
train,    2988, 11.973504,   81, 0.06,    9, 0.000, 0.000, 0.280, 48
train,    2989, 11.117751,   82, 0.06,    9, 0.000, 0.000, 0.280, 48
train,    2990, 10.326013,   88, 0.06,   10, 0.000, 0.000, 0.280, 48
train,    2991, 9.040475,   80, 0.08,   10, 0.000, 0.000, 0.280, 48
train,    2992, 10.741800,   77, 0.05,   10, 0.000, 0.000, 0.280, 48
train,    2993, 9.639990,   86, 0.05,   11, 0.000, 0.000, 0.280, 48
train,    2994, 9.382598,   81, 0.05,   11, 0.000, 0.000, 0.280, 48
train,    2995, 10.197196,   80, 0.06,   11, 0.000, 0.000, 0.280, 48
train,    2996, 10.105350,   84, 0.07,   10, 0.000, 0.000, 0.280, 48
train,    2997, 10.676499,   82, 0.04,   10, 0.000, 0.000, 0.280, 48
train,    2998, 10.574228,   80, 0.06,   11, 0.000, 0.000, 0.280, 48
train,    2999, 10.798463,   78, 0.06,   11, 0.000, 0.000, 0.280, 48
train,    3000, 9.709775,   84, 0.07,   10, 0.000, 0.000, 0.280, 48
update,   3000,   30, 3000, 14.036513, 0.000000
val_t, 3000, 3000, 13.022901, 0.0400,  86.7133,   0.0812, 0.9286,  28.1723, progress 0.9161
train,    3001, 11.354859,   86, 0.07,   10, 0.000, 0.000, 0.280, 48
train,    3002, 9.989551,   81, 0.06,   11, 0.000, 0.000, 0.280, 48
train,    3003, 10.547683,   82, 0.10,   11, 0.000, 0.000, 0.280, 48
train,    3004, 10.981590,   83, 0.06,   11, 0.000, 0.000, 0.280, 48
train,    3005, 10.857427,   81, 0.09,   11, 0.000, 0.000, 0.280, 48
train,    3006, 11.121627,   82, 0.06,   10, 0.000, 0.000, 0.280, 48
train,    3007, 11.114665,   78, 0.08,   11, 0.000, 0.000, 0.280, 48
train,    3008, 10.162892,   80, 0.07,    9, 0.000, 0.000, 0.280, 48
train,    3009, 10.433908,   87, 0.06,    9, 0.000, 0.000, 0.280, 48
train,    3010, 9.931602,   83, 0.06,   11, 0.000, 0.000, 0.280, 48
train,    3011, 9.669191,   84, 0.07,   10, 0.000, 0.000, 0.280, 48
train,    3012, 10.770010,   79, 0.07,   11, 0.000, 0.000, 0.280, 48
train,    3013, 12.022349,   83, 0.08,   10, 0.000, 0.000, 0.280, 48
train,    3014, 11.254075,   84, 0.08,   10, 0.000, 0.000, 0.280, 48
train,    3015, 10.398655,   82, 0.06,   11, 0.000, 0.000, 0.280, 48
train,    3016, 11.223618,   79, 0.04,   10, 0.000, 0.000, 0.280, 48
train,    3017, 12.588531,   87, 0.05,   10, 0.000, 0.000, 0.280, 48
train,    3018, 9.598096,   83, 0.05,   10, 0.000, 0.000, 0.280, 48
train,    3019, 11.528251,   81, 0.07,   10, 0.000, 0.000, 0.280, 48
train,    3020, 11.075426,   79, 0.07,   10, 0.000, 0.000, 0.280, 48
train,    3021, 11.351703,   79, 0.05,   11, 0.000, 0.000, 0.280, 48
train,    3022, 8.385015,   86, 0.08,   10, 0.000, 0.000, 0.280, 48
train,    3023, 10.753521,   83, 0.08,   10, 0.000, 0.000, 0.280, 48
train,    3024, 10.605411,   84, 0.09,   11, 0.000, 0.000, 0.280, 48
train,    3025, 9.798624,   83, 0.08,   11, 0.000, 0.000, 0.280, 48
train,    3026, 10.566032,   84, 0.07,    9, 0.000, 0.000, 0.280, 48
train,    3027, 10.112814,   82, 0.07,   10, 0.000, 0.000, 0.280, 48
train,    3028, 10.466459,   81, 0.07,   10, 0.000, 0.000, 0.280, 48
train,    3029, 10.833507,   82, 0.05,   10, 0.000, 0.000, 0.280, 48
train,    3030, 9.857234,   81, 0.07,   10, 0.000, 0.000, 0.280, 48
train,    3031, 10.275997,   83, 0.08,   11, 0.000, 0.000, 0.280, 48
train,    3032, 11.273601,   83, 0.06,   11, 0.000, 0.000, 0.280, 48
train,    3033, 9.432655,   81, 0.05,   11, 0.000, 0.000, 0.280, 48
train,    3034, 10.010968,   85, 0.08,   10, 0.000, 0.000, 0.280, 48
train,    3035, 10.950460,   87, 0.07,   11, 0.000, 0.000, 0.280, 48
train,    3036, 10.380187,   80, 0.06,   10, 0.000, 0.000, 0.280, 48
train,    3037, 10.199908,   84, 0.05,   10, 0.000, 0.000, 0.280, 48
train,    3038, 10.627923,   81, 0.06,   12, 0.000, 0.000, 0.280, 48
train,    3039, 10.295513,   81, 0.06,   11, 0.000, 0.000, 0.280, 48
train,    3040, 11.337673,   84, 0.05,   10, 0.000, 0.000, 0.280, 48
train,    3041, 10.248444,   83, 0.06,   10, 0.000, 0.000, 0.280, 48
train,    3042, 10.511801,   81, 0.06,   11, 0.000, 0.000, 0.280, 48
train,    3043, 10.325362,   83, 0.05,   10, 0.000, 0.000, 0.280, 48
train,    3044, 10.518698,   86, 0.05,   11, 0.000, 0.000, 0.280, 48
train,    3045, 11.659100,   84, 0.08,    9, 0.000, 0.000, 0.280, 48
train,    3046, 10.588669,   82, 0.05,   12, 0.000, 0.000, 0.280, 48
train,    3047, 11.079559,   83, 0.08,   11, 0.000, 0.000, 0.280, 48
train,    3048, 10.935080,   80, 0.04,   12, 0.000, 0.000, 0.280, 48
train,    3049, 9.547641,   85, 0.05,   11, 0.000, 0.000, 0.280, 48
train,    3050, 9.864480,   83, 0.06,    9, 0.000, 0.000, 0.280, 48
train,    3051, 11.312314,   86, 0.05,   11, 0.000, 0.000, 0.280, 48
train,    3052, 11.076512,   87, 0.04,   10, 0.000, 0.000, 0.280, 48
train,    3053, 10.374449,   82, 0.04,   11, 0.000, 0.000, 0.280, 48
train,    3054, 9.993994,   81, 0.04,   10, 0.000, 0.000, 0.280, 48
train,    3055, 10.501610,   82, 0.06,   11, 0.000, 0.000, 0.280, 48
train,    3056, 11.871593,   83, 0.05,   11, 0.000, 0.000, 0.280, 48
train,    3057, 10.537051,   81, 0.06,   10, 0.000, 0.000, 0.280, 48
train,    3058, 11.029656,   86, 0.06,   11, 0.000, 0.000, 0.280, 48
train,    3059, 10.269861,   83, 0.08,   10, 0.000, 0.000, 0.280, 48
train,    3060, 10.349171,   86, 0.05,   10, 0.000, 0.000, 0.280, 48
train,    3061, 11.009153,   84, 0.06,   10, 0.000, 0.000, 0.280, 48
train,    3062, 10.774073,   88, 0.06,   10, 0.000, 0.000, 0.280, 48
train,    3063, 11.121779,   86, 0.05,   10, 0.000, 0.000, 0.280, 48
train,    3064, 10.306932,   82, 0.05,   10, 0.000, 0.000, 0.280, 48
train,    3065, 10.409120,   83, 0.06,   11, 0.000, 0.000, 0.280, 48
train,    3066, 12.041897,   82, 0.06,   10, 0.000, 0.000, 0.280, 48
train,    3067, 11.068468,   85, 0.06,   11, 0.000, 0.000, 0.280, 48
train,    3068, 10.886061,   82, 0.05,   11, 0.000, 0.000, 0.280, 48
train,    3069, 11.609299,   84, 0.05,   11, 0.000, 0.000, 0.280, 48
train,    3070, 11.628455,   79, 0.06,   10, 0.000, 0.000, 0.280, 48
train,    3071, 10.449791,   82, 0.05,   11, 0.000, 0.000, 0.280, 48
train,    3072, 9.699655,   82, 0.06,   11, 0.000, 0.000, 0.280, 48
train,    3073, 11.071004,   85, 0.06,   10, 0.000, 0.000, 0.280, 48
train,    3074, 11.112463,   83, 0.07,    9, 0.000, 0.000, 0.280, 48
train,    3075, 11.129532,   79, 0.03,   11, 0.000, 0.000, 0.280, 48
train,    3076, 10.292901,   82, 0.04,   10, 0.000, 0.000, 0.280, 48
train,    3077, 11.248231,   84, 0.05,   10, 0.000, 0.000, 0.280, 48
train,    3078, 11.288710,   79, 0.06,   10, 0.000, 0.000, 0.280, 48
train,    3079, 11.024576,   81, 0.08,   10, 0.000, 0.000, 0.280, 48
train,    3080, 11.607816,   86, 0.07,   10, 0.000, 0.000, 0.280, 48
train,    3081, 10.818431,   86, 0.07,   10, 0.000, 0.000, 0.280, 48
train,    3082, 12.131339,   86, 0.04,   11, 0.000, 0.000, 0.280, 48
train,    3083, 11.302266,   86, 0.07,   12, 0.000, 0.000, 0.280, 48
train,    3084, 10.664182,   79, 0.05,   11, 0.000, 0.000, 0.280, 48
train,    3085, 10.157854,   82, 0.06,   10, 0.000, 0.000, 0.280, 48
train,    3086, 10.732114,   80, 0.06,   12, 0.000, 0.000, 0.280, 48
train,    3087, 9.784024,   83, 0.07,   11, 0.000, 0.000, 0.280, 48
train,    3088, 11.364239,   85, 0.04,   12, 0.000, 0.000, 0.280, 48
train,    3089, 11.347819,   84, 0.06,   11, 0.000, 0.000, 0.280, 48
train,    3090, 12.077522,   80, 0.08,   10, 0.000, 0.000, 0.280, 48
train,    3091, 11.221043,   85, 0.03,   11, 0.000, 0.000, 0.280, 48
train,    3092, 11.747785,   79, 0.06,    9, 0.000, 0.000, 0.280, 48
train,    3093, 11.149158,   85, 0.06,    9, 0.000, 0.000, 0.280, 48
train,    3094, 12.174944,   83, 0.07,   10, 0.000, 0.000, 0.280, 48
train,    3095, 10.292210,   83, 0.07,   10, 0.000, 0.000, 0.280, 48
train,    3096, 11.926333,   78, 0.09,    9, 0.000, 0.000, 0.280, 48
train,    3097, 11.314194,   88, 0.06,   10, 0.000, 0.000, 0.280, 48
train,    3098, 12.623632,   82, 0.07,   10, 0.000, 0.000, 0.280, 48
train,    3099, 10.000463,   80, 0.08,   10, 0.000, 0.000, 0.280, 48
train,    3100, 11.195485,   82, 0.06,   10, 0.000, 0.000, 0.280, 48
update,   3100,   31, 3100, 13.294360, 0.000000
val_t, 3100, 3100, 13.434865, 0.0398,  87.4302,   0.0760, 0.9404,  28.4528, progress 0.9160
train,    3101, 11.086522,   85, 0.05,   11, 0.000, 0.000, 0.280, 48
train,    3102, 11.954404,   80, 0.09,   11, 0.000, 0.000, 0.280, 48
train,    3103, 11.607692,   86, 0.05,   11, 0.000, 0.000, 0.280, 48
train,    3104, 13.001153,   82, 0.07,   10, 0.000, 0.000, 0.280, 48
train,    3105, 11.050050,   84, 0.08,   10, 0.000, 0.000, 0.280, 48
train,    3106, 11.545967,   80, 0.04,   11, 0.000, 0.000, 0.280, 48
train,    3107, 10.974380,   85, 0.10,   10, 0.000, 0.000, 0.280, 48
train,    3108, 11.234931,   82, 0.07,   10, 0.000, 0.000, 0.280, 48
train,    3109, 10.766432,   80, 0.07,   11, 0.000, 0.000, 0.280, 48
train,    3110, 11.773591,   78, 0.05,   11, 0.000, 0.000, 0.280, 48
train,    3111, 11.463539,   78, 0.06,   11, 0.000, 0.000, 0.280, 48
train,    3112, 12.256752,   87, 0.05,   11, 0.000, 0.000, 0.280, 48
train,    3113, 11.847407,   83, 0.06,   12, 0.000, 0.000, 0.280, 48
train,    3114, 11.506284,   78, 0.06,   11, 0.000, 0.000, 0.280, 48
train,    3115, 11.540533,   81, 0.05,   11, 0.000, 0.000, 0.280, 48
train,    3116, 12.460059,   83, 0.08,   10, 0.000, 0.000, 0.280, 48
train,    3117, 11.502996,   78, 0.07,   10, 0.000, 0.000, 0.280, 48
train,    3118, 12.029742,   86, 0.06,   10, 0.000, 0.000, 0.280, 48
train,    3119, 12.324848,   84, 0.06,   11, 0.000, 0.000, 0.280, 48
train,    3120, 12.601990,   82, 0.07,   10, 0.000, 0.000, 0.280, 48
train,    3121, 11.786176,   82, 0.06,   11, 0.000, 0.000, 0.280, 48
train,    3122, 12.571759,   86, 0.07,   11, 0.000, 0.000, 0.280, 48
train,    3123, 12.259566,   82, 0.05,   10, 0.000, 0.000, 0.280, 48
train,    3124, 11.040676,   81, 0.06,   10, 0.000, 0.000, 0.280, 48
train,    3125, 12.930765,   83, 0.06,   10, 0.000, 0.000, 0.280, 48
train,    3126, 10.760087,   84, 0.06,   10, 0.000, 0.000, 0.280, 48
train,    3127, 11.787487,   82, 0.05,   11, 0.000, 0.000, 0.280, 48
train,    3128, 13.406880,   85, 0.05,   10, 0.000, 0.000, 0.280, 48
train,    3129, 11.504194,   82, 0.07,   11, 0.000, 0.000, 0.280, 48
train,    3130, 11.207648,   85, 0.08,   11, 0.000, 0.000, 0.280, 48
train,    3131, 13.781711,   87, 0.06,   10, 0.000, 0.000, 0.280, 48
train,    3132, 12.596934,   78, 0.04,   12, 0.000, 0.000, 0.280, 48
train,    3133, 12.713366,   87, 0.05,   12, 0.000, 0.000, 0.280, 48
train,    3134, 12.683066,   85, 0.06,   10, 0.000, 0.000, 0.280, 48
train,    3135, 12.417773,   82, 0.06,    9, 0.000, 0.000, 0.280, 48
train,    3136, 12.443151,   81, 0.05,   11, 0.000, 0.000, 0.280, 48
train,    3137, 12.024279,   84, 0.06,   10, 0.000, 0.000, 0.280, 48
train,    3138, 12.810843,   82, 0.07,   11, 0.000, 0.000, 0.280, 48
train,    3139, 12.808507,   86, 0.05,   11, 0.000, 0.000, 0.280, 48
train,    3140, 11.913721,   82, 0.05,   10, 0.000, 0.000, 0.280, 48
train,    3141, 12.095525,   79, 0.06,   11, 0.000, 0.000, 0.280, 48
train,    3142, 12.445781,   80, 0.10,   10, 0.000, 0.000, 0.280, 48
train,    3143, 11.997052,   89, 0.05,   11, 0.000, 0.000, 0.280, 48
train,    3144, 12.677603,   81, 0.05,   11, 0.000, 0.000, 0.280, 48
train,    3145, 13.075695,   84, 0.04,   10, 0.000, 0.000, 0.280, 48
train,    3146, 12.381499,   83, 0.06,   10, 0.000, 0.000, 0.280, 48
train,    3147, 12.709877,   82, 0.07,    9, 0.000, 0.000, 0.280, 48
train,    3148, 11.921192,   77, 0.07,   10, 0.000, 0.000, 0.280, 48
train,    3149, 12.099916,   86, 0.05,   12, 0.000, 0.000, 0.280, 48
train,    3150, 13.340595,   80, 0.05,   10, 0.000, 0.000, 0.280, 48
train,    3151, 13.486606,   85, 0.07,   11, 0.000, 0.000, 0.280, 48
train,    3152, 11.437662,   83, 0.07,   12, 0.000, 0.000, 0.280, 48
train,    3153, 12.903029,   86, 0.07,   10, 0.000, 0.000, 0.280, 48
train,    3154, 13.507514,   80, 0.07,   10, 0.000, 0.000, 0.280, 48
train,    3155, 12.185170,   89, 0.05,   10, 0.000, 0.000, 0.280, 48
train,    3156, 12.493479,   84, 0.06,   11, 0.000, 0.000, 0.280, 48
train,    3157, 12.450002,   81, 0.09,   10, 0.000, 0.000, 0.280, 48
train,    3158, 13.984508,   81, 0.06,   11, 0.000, 0.000, 0.280, 48
train,    3159, 11.642189,   87, 0.04,   10, 0.000, 0.000, 0.280, 48
train,    3160, 12.408602,   87, 0.05,   11, 0.000, 0.000, 0.280, 48
train,    3161, 14.580298,   83, 0.06,   11, 0.000, 0.000, 0.280, 48
train,    3162, 12.961665,   83, 0.08,   11, 0.000, 0.000, 0.280, 48
train,    3163, 12.060122,   81, 0.05,   11, 0.000, 0.000, 0.280, 48
train,    3164, 13.118777,   84, 0.06,   12, 0.000, 0.000, 0.280, 48
train,    3165, 11.433637,   88, 0.03,   10, 0.000, 0.000, 0.280, 48
train,    3166, 13.133171,   86, 0.05,   11, 0.000, 0.000, 0.280, 48
train,    3167, 13.018368,   84, 0.07,   10, 0.000, 0.000, 0.280, 48
train,    3168, 13.797292,   87, 0.06,   11, 0.000, 0.000, 0.280, 48
train,    3169, 13.867943,   87, 0.06,   11, 0.000, 0.000, 0.280, 48
train,    3170, 13.232486,   81, 0.06,   11, 0.000, 0.000, 0.280, 48
train,    3171, 14.278842,   78, 0.07,   11, 0.000, 0.000, 0.280, 48
train,    3172, 13.757452,   85, 0.06,   10, 0.000, 0.000, 0.280, 48
train,    3173, 12.711160,   84, 0.05,   11, 0.000, 0.000, 0.280, 48
train,    3174, 14.963486,   86, 0.04,   11, 0.000, 0.000, 0.280, 48
train,    3175, 13.143526,   84, 0.05,    9, 0.000, 0.000, 0.280, 48
train,    3176, 13.981718,   88, 0.04,   12, 0.000, 0.000, 0.280, 48
train,    3177, 12.108800,   84, 0.05,   12, 0.000, 0.000, 0.280, 48
train,    3178, 12.442335,   83, 0.06,   10, 0.000, 0.000, 0.280, 48
train,    3179, 14.008464,   85, 0.07,   11, 0.000, 0.000, 0.280, 48
train,    3180, 12.539311,   81, 0.06,   11, 0.000, 0.000, 0.280, 48
train,    3181, 13.798494,   87, 0.02,    9, 0.000, 0.000, 0.280, 48
train,    3182, 13.283109,   81, 0.04,   12, 0.000, 0.000, 0.280, 48
train,    3183, 14.090206,   84, 0.06,   12, 0.000, 0.000, 0.280, 48
train,    3184, 13.456637,   86, 0.05,   10, 0.000, 0.000, 0.280, 48
train,    3185, 14.015045,   82, 0.04,   11, 0.000, 0.000, 0.280, 48
train,    3186, 13.696426,   87, 0.04,   11, 0.000, 0.000, 0.280, 48
train,    3187, 12.942658,   86, 0.05,   11, 0.000, 0.000, 0.280, 48
train,    3188, 12.351024,   81, 0.07,   10, 0.000, 0.000, 0.280, 48
train,    3189, 14.031244,   84, 0.06,   11, 0.000, 0.000, 0.280, 48
train,    3190, 12.585258,   86, 0.07,   11, 0.000, 0.000, 0.280, 48
train,    3191, 12.552418,   82, 0.08,   10, 0.000, 0.000, 0.280, 48
train,    3192, 14.781330,   86, 0.08,   10, 0.000, 0.000, 0.280, 48
train,    3193, 13.074444,   83, 0.06,   11, 0.000, 0.000, 0.280, 48
train,    3194, 13.233704,   84, 0.06,    9, 0.000, 0.000, 0.280, 48
train,    3195, 13.163215,   85, 0.07,   10, 0.000, 0.000, 0.280, 48
train,    3196, 13.804920,   83, 0.06,   12, 0.000, 0.000, 0.280, 48
train,    3197, 12.982637,   83, 0.07,   10, 0.000, 0.000, 0.280, 48
train,    3198, 12.963013,   81, 0.05,   10, 0.000, 0.000, 0.280, 48
train,    3199, 14.154291,   83, 0.07,   10, 0.000, 0.000, 0.280, 48
train,    3200, 13.386093,   81, 0.03,   11, 0.000, 0.000, 0.280, 48
update,   3200,   32, 3200, 14.210682, 0.000000
val_t, 3200, 3200, 12.327293, 0.0460,  82.4185,   0.0658, 0.9325,  28.4286, progress 0.9108
train,    3201, 13.611786,   84, 0.06,   10, 0.000, 0.000, 0.280, 48
train,    3202, 13.442580,   83, 0.05,   11, 0.000, 0.000, 0.280, 48
train,    3203, 13.745182,   89, 0.09,   11, 0.000, 0.000, 0.280, 48
train,    3204, 13.233314,   84, 0.07,   11, 0.000, 0.000, 0.280, 48
train,    3205, 12.947823,   86, 0.07,   12, 0.000, 0.000, 0.280, 48
train,    3206, 15.533614,   84, 0.06,   10, 0.000, 0.000, 0.280, 48
train,    3207, 12.975780,   84, 0.08,   11, 0.000, 0.000, 0.280, 48
train,    3208, 14.978576,   81, 0.08,   10, 0.000, 0.000, 0.280, 48
train,    3209, 14.127437,   88, 0.07,   10, 0.000, 0.000, 0.280, 48
train,    3210, 12.844602,   85, 0.06,   11, 0.000, 0.000, 0.280, 48
train,    3211, 13.620486,   86, 0.06,   11, 0.000, 0.000, 0.280, 48
train,    3212, 13.451570,   81, 0.07,   12, 0.000, 0.000, 0.280, 48
train,    3213, 13.435966,   83, 0.06,   11, 0.000, 0.000, 0.280, 48
train,    3214, 14.142134,   86, 0.07,   11, 0.000, 0.000, 0.280, 48
train,    3215, 12.304029,   81, 0.09,   11, 0.000, 0.000, 0.280, 48
train,    3216, 14.999493,   84, 0.07,   11, 0.000, 0.000, 0.280, 48
train,    3217, 13.705919,   87, 0.07,   11, 0.000, 0.000, 0.280, 48
train,    3218, 13.934428,   83, 0.05,   11, 0.000, 0.000, 0.280, 48
train,    3219, 13.631033,   81, 0.06,   10, 0.000, 0.000, 0.280, 48
train,    3220, 14.039668,   85, 0.07,   11, 0.000, 0.000, 0.280, 48
train,    3221, 14.271468,   86, 0.06,   10, 0.000, 0.000, 0.280, 48
train,    3222, 13.879013,   81, 0.05,   12, 0.000, 0.000, 0.280, 48
train,    3223, 13.161555,   83, 0.08,   10, 0.000, 0.000, 0.280, 48
train,    3224, 13.559673,   88, 0.06,   11, 0.000, 0.000, 0.280, 48
train,    3225, 13.191907,   86, 0.06,   10, 0.000, 0.000, 0.280, 48
train,    3226, 14.043931,   91, 0.05,   10, 0.000, 0.000, 0.280, 48
train,    3227, 13.304778,   86, 0.06,   11, 0.000, 0.000, 0.280, 48
train,    3228, 14.596388,   87, 0.05,   11, 0.000, 0.000, 0.280, 48
train,    3229, 14.405775,   85, 0.06,   10, 0.000, 0.000, 0.280, 48
train,    3230, 13.738721,   82, 0.07,   10, 0.000, 0.000, 0.280, 48
train,    3231, 14.627810,   90, 0.08,   10, 0.000, 0.000, 0.280, 48
train,    3232, 15.723861,   83, 0.07,   10, 0.000, 0.000, 0.280, 48
train,    3233, 15.347417,   85, 0.04,   11, 0.000, 0.000, 0.280, 48
train,    3234, 15.184133,   85, 0.05,   10, 0.000, 0.000, 0.280, 48
train,    3235, 14.651321,   85, 0.06,   11, 0.000, 0.000, 0.280, 48
train,    3236, 14.425419,   88, 0.05,   11, 0.000, 0.000, 0.280, 48
train,    3237, 13.897859,   82, 0.05,   10, 0.000, 0.000, 0.280, 48
train,    3238, 14.669397,   87, 0.04,   10, 0.000, 0.000, 0.280, 48
train,    3239, 15.340551,   84, 0.06,   11, 0.000, 0.000, 0.280, 48
train,    3240, 14.327470,   89, 0.07,   11, 0.000, 0.000, 0.280, 48
train,    3241, 14.755967,   86, 0.06,   10, 0.000, 0.000, 0.280, 48
train,    3242, 15.342670,   85, 0.05,   12, 0.000, 0.000, 0.280, 48
train,    3243, 15.936815,   84, 0.07,   11, 0.000, 0.000, 0.280, 48
train,    3244, 14.653422,   78, 0.05,   10, 0.000, 0.000, 0.280, 48
train,    3245, 14.975954,   79, 0.06,   12, 0.000, 0.000, 0.280, 48
train,    3246, 15.037657,   82, 0.07,   11, 0.000, 0.000, 0.280, 48
train,    3247, 13.684685,   87, 0.08,   12, 0.000, 0.000, 0.280, 48
train,    3248, 14.095245,   90, 0.05,   10, 0.000, 0.000, 0.280, 48
train,    3249, 15.058627,   82, 0.08,   10, 0.000, 0.000, 0.280, 48
train,    3250, 14.533724,   88, 0.05,   11, 0.000, 0.000, 0.280, 48
train,    3251, 13.923144,   82, 0.05,   12, 0.000, 0.000, 0.280, 48
train,    3252, 14.645738,   87, 0.04,   12, 0.000, 0.000, 0.280, 48
train,    3253, 14.051536,   85, 0.06,   10, 0.000, 0.000, 0.280, 48
train,    3254, 15.594869,   84, 0.06,   11, 0.000, 0.000, 0.280, 48
train,    3255, 14.180290,   85, 0.04,   10, 0.000, 0.000, 0.280, 48
train,    3256, 15.072717,   84, 0.05,   11, 0.000, 0.000, 0.280, 48
train,    3257, 14.316904,   82, 0.06,   10, 0.000, 0.000, 0.280, 48
train,    3258, 15.187306,   83, 0.06,   11, 0.000, 0.000, 0.280, 48
train,    3259, 15.706755,   83, 0.06,   10, 0.000, 0.000, 0.280, 48
train,    3260, 15.169792,   88, 0.05,   10, 0.000, 0.000, 0.280, 48
train,    3261, 15.868918,   84, 0.07,   10, 0.000, 0.000, 0.280, 48
train,    3262, 14.911814,   85, 0.04,   11, 0.000, 0.000, 0.280, 48
train,    3263, 14.942625,   82, 0.06,   10, 0.000, 0.000, 0.280, 48
train,    3264, 15.410732,   88, 0.07,   12, 0.000, 0.000, 0.280, 48
train,    3265, 14.144783,   85, 0.05,   12, 0.000, 0.000, 0.280, 48
train,    3266, 15.956147,   83, 0.04,   11, 0.000, 0.000, 0.280, 48
train,    3267, 15.543139,   84, 0.06,   11, 0.000, 0.000, 0.280, 48
train,    3268, 14.966952,   84, 0.07,   11, 0.000, 0.000, 0.280, 48
train,    3269, 15.323268,   84, 0.04,   11, 0.000, 0.000, 0.280, 48
train,    3270, 14.975395,   82, 0.04,   11, 0.000, 0.000, 0.280, 48
train,    3271, 14.497239,   85, 0.05,   10, 0.000, 0.000, 0.280, 48
train,    3272, 17.437252,   83, 0.06,   10, 0.000, 0.000, 0.280, 48
train,    3273, 15.158556,   81, 0.07,   10, 0.000, 0.000, 0.280, 48
train,    3274, 14.703301,   84, 0.05,   10, 0.000, 0.000, 0.280, 48
train,    3275, 15.627239,   85, 0.05,   10, 0.000, 0.000, 0.280, 48
train,    3276, 14.047035,   88, 0.07,   11, 0.000, 0.000, 0.280, 48
train,    3277, 14.818230,   84, 0.05,   12, 0.000, 0.000, 0.280, 48
train,    3278, 15.931871,   88, 0.06,   10, 0.000, 0.000, 0.280, 48
train,    3279, 14.557425,   82, 0.04,   11, 0.000, 0.000, 0.280, 48
train,    3280, 14.771383,   89, 0.07,   11, 0.000, 0.000, 0.280, 48
train,    3281, 15.861719,   89, 0.05,   10, 0.000, 0.000, 0.280, 48
train,    3282, 13.551721,   81, 0.04,   11, 0.000, 0.000, 0.280, 48
train,    3283, 15.389160,   82, 0.06,   11, 0.000, 0.000, 0.280, 48
train,    3284, 15.540266,   82, 0.05,   11, 0.000, 0.000, 0.280, 48
train,    3285, 15.783159,   85, 0.07,   11, 0.000, 0.000, 0.280, 48
train,    3286, 14.583761,   87, 0.06,   10, 0.000, 0.000, 0.280, 48
train,    3287, 15.427232,   83, 0.06,   10, 0.000, 0.000, 0.280, 48
train,    3288, 16.475483,   87, 0.05,   10, 0.000, 0.000, 0.280, 48
train,    3289, 15.710830,   85, 0.06,   11, 0.000, 0.000, 0.280, 48
train,    3290, 15.894070,   86, 0.06,   10, 0.000, 0.000, 0.280, 48
train,    3291, 15.016776,   85, 0.04,   11, 0.000, 0.000, 0.280, 48
train,    3292, 15.702834,   84, 0.04,   10, 0.000, 0.000, 0.280, 48
train,    3293, 14.357413,   84, 0.08,   11, 0.000, 0.000, 0.280, 48
train,    3294, 14.570747,   83, 0.03,   11, 0.000, 0.000, 0.280, 48
train,    3295, 15.766946,   86, 0.06,   11, 0.000, 0.000, 0.280, 48
train,    3296, 15.413712,   87, 0.06,   11, 0.000, 0.000, 0.280, 48
train,    3297, 15.294118,   88, 0.05,   10, 0.000, 0.000, 0.280, 48
train,    3298, 15.391907,   87, 0.06,   11, 0.000, 0.000, 0.280, 48
train,    3299, 15.349539,   87, 0.06,   10, 0.000, 0.000, 0.280, 48
train,    3300, 16.755347,   84, 0.06,   10, 0.000, 0.000, 0.280, 48
update,   3300,   33, 3300, 13.331472, 0.000000
val_t, 3300, 3300, 12.636626, 0.0502,  89.4672,   0.0848, 0.9559,  28.2873, progress 0.9364
train,    3301, 15.028248,   85, 0.03,   11, 0.000, 0.000, 0.280, 48
train,    3302, 16.251986,   91, 0.06,   11, 0.000, 0.000, 0.280, 48
train,    3303, 15.568166,   84, 0.06,   12, 0.000, 0.000, 0.280, 48
train,    3304, 16.457493,   81, 0.06,   10, 0.000, 0.000, 0.280, 48
train,    3305, 14.352234,   85, 0.06,   11, 0.000, 0.000, 0.280, 48
train,    3306, 15.829360,   81, 0.07,   11, 0.000, 0.000, 0.280, 48
train,    3307, 15.311228,   82, 0.03,   10, 0.000, 0.000, 0.280, 48
train,    3308, 16.274554,   86, 0.06,   11, 0.000, 0.000, 0.280, 48
train,    3309, 15.368944,   86, 0.04,   11, 0.000, 0.000, 0.280, 48
train,    3310, 16.270155,   80, 0.05,   12, 0.000, 0.000, 0.280, 48
train,    3311, 14.644492,   86, 0.05,   12, 0.000, 0.000, 0.280, 48
train,    3312, 15.148611,   88, 0.05,   11, 0.000, 0.000, 0.280, 48
train,    3313, 14.850903,   85, 0.06,   10, 0.000, 0.000, 0.280, 48
train,    3314, 15.850848,   85, 0.05,   10, 0.000, 0.000, 0.280, 48
train,    3315, 14.986932,   85, 0.05,   10, 0.000, 0.000, 0.280, 48
train,    3316, 16.112913,   81, 0.04,   12, 0.000, 0.000, 0.280, 48
train,    3317, 15.841717,   85, 0.04,   13, 0.000, 0.000, 0.280, 48
train,    3318, 14.190329,   80, 0.06,   11, 0.000, 0.000, 0.280, 48
train,    3319, 15.603418,   81, 0.06,   11, 0.000, 0.000, 0.280, 48
train,    3320, 14.407194,   84, 0.06,   10, 0.000, 0.000, 0.280, 48
train,    3321, 15.344860,   86, 0.05,   13, 0.000, 0.000, 0.280, 48
train,    3322, 15.889083,   90, 0.04,   11, 0.000, 0.000, 0.280, 48
train,    3323, 15.289992,   86, 0.07,   11, 0.000, 0.000, 0.280, 48
train,    3324, 15.122477,   83, 0.06,   11, 0.000, 0.000, 0.280, 48
train,    3325, 15.061935,   87, 0.05,   10, 0.000, 0.000, 0.280, 48
train,    3326, 15.116671,   85, 0.07,   11, 0.000, 0.000, 0.280, 48
train,    3327, 14.748056,   88, 0.08,   10, 0.000, 0.000, 0.280, 48
train,    3328, 15.377416,   80, 0.07,   11, 0.000, 0.000, 0.280, 48
train,    3329, 14.825533,   81, 0.04,   11, 0.000, 0.000, 0.280, 48
train,    3330, 15.547636,   82, 0.07,   11, 0.000, 0.000, 0.280, 48
train,    3331, 16.684319,   87, 0.06,   11, 0.000, 0.000, 0.280, 48
train,    3332, 13.928297,   86, 0.05,   10, 0.000, 0.000, 0.280, 48
train,    3333, 17.351631,   86, 0.06,   11, 0.000, 0.000, 0.280, 48
train,    3334, 15.571424,   89, 0.05,   10, 0.000, 0.000, 0.280, 48
train,    3335, 16.045855,   85, 0.05,   10, 0.000, 0.000, 0.280, 48
train,    3336, 15.246268,   87, 0.05,   11, 0.000, 0.000, 0.280, 48
train,    3337, 14.726450,   85, 0.05,   11, 0.000, 0.000, 0.280, 48
train,    3338, 15.683146,   85, 0.06,   11, 0.000, 0.000, 0.280, 48
train,    3339, 14.742972,   83, 0.05,   10, 0.000, 0.000, 0.280, 48
train,    3340, 16.553232,   80, 0.05,   11, 0.000, 0.000, 0.280, 48
train,    3341, 13.638859,   91, 0.05,   11, 0.000, 0.000, 0.280, 48
train,    3342, 15.900388,   87, 0.07,   11, 0.000, 0.000, 0.280, 48
train,    3343, 14.449188,   85, 0.04,   11, 0.000, 0.000, 0.280, 48
train,    3344, 15.030418,   84, 0.06,   11, 0.000, 0.000, 0.280, 48
train,    3345, 14.908109,   88, 0.07,   10, 0.000, 0.000, 0.280, 48
train,    3346, 15.089262,   85, 0.06,   10, 0.000, 0.000, 0.280, 48
train,    3347, 14.576798,   87, 0.06,   10, 0.000, 0.000, 0.280, 48
train,    3348, 16.147119,   83, 0.05,   11, 0.000, 0.000, 0.280, 48
train,    3349, 15.194517,   84, 0.07,   12, 0.000, 0.000, 0.280, 48
train,    3350, 15.183626,   86, 0.05,   11, 0.000, 0.000, 0.280, 48
train,    3351, 16.566740,   86, 0.04,   11, 0.000, 0.000, 0.280, 48
train,    3352, 15.194727,   87, 0.04,   11, 0.000, 0.000, 0.280, 48
train,    3353, 15.650796,   82, 0.06,   11, 0.000, 0.000, 0.280, 48
train,    3354, 14.530556,   87, 0.04,   11, 0.000, 0.000, 0.280, 48
train,    3355, 15.973648,   85, 0.02,   11, 0.000, 0.000, 0.280, 48
train,    3356, 15.863360,   83, 0.06,   11, 0.000, 0.000, 0.280, 48
train,    3357, 17.405682,   86, 0.05,   10, 0.000, 0.000, 0.280, 48
train,    3358, 15.594258,   87, 0.03,   11, 0.000, 0.000, 0.280, 48
train,    3359, 16.241418,   86, 0.07,   11, 0.000, 0.000, 0.280, 48
train,    3360, 15.670417,   83, 0.06,    9, 0.000, 0.000, 0.280, 48
train,    3361, 14.678019,   88, 0.05,   12, 0.000, 0.000, 0.280, 48
train,    3362, 15.151681,   84, 0.06,    9, 0.000, 0.000, 0.280, 48
train,    3363, 15.050645,   86, 0.06,   11, 0.000, 0.000, 0.280, 48
train,    3364, 15.215291,   86, 0.04,   11, 0.000, 0.000, 0.280, 48
train,    3365, 15.950574,   90, 0.06,   10, 0.000, 0.000, 0.280, 48
train,    3366, 15.623532,   84, 0.04,   12, 0.000, 0.000, 0.280, 48
train,    3367, 15.774298,   82, 0.08,   11, 0.000, 0.000, 0.280, 48
train,    3368, 14.789275,   85, 0.07,   10, 0.000, 0.000, 0.280, 48
train,    3369, 15.202550,   82, 0.06,   11, 0.000, 0.000, 0.280, 48
train,    3370, 14.664419,   85, 0.06,   11, 0.000, 0.000, 0.280, 48
train,    3371, 15.286061,   86, 0.05,   11, 0.000, 0.000, 0.280, 48
train,    3372, 15.882780,   81, 0.07,   10, 0.000, 0.000, 0.280, 48
train,    3373, 14.785214,   88, 0.06,   10, 0.000, 0.000, 0.280, 48
train,    3374, 15.689678,   82, 0.06,   12, 0.000, 0.000, 0.280, 48
train,    3375, 15.271727,   87, 0.03,   11, 0.000, 0.000, 0.280, 48
train,    3376, 15.978354,   83, 0.05,   10, 0.000, 0.000, 0.280, 48
train,    3377, 16.037192,   82, 0.05,   10, 0.000, 0.000, 0.280, 48
train,    3378, 14.935149,   85, 0.04,   11, 0.000, 0.000, 0.280, 48
train,    3379, 14.689884,   83, 0.05,   11, 0.000, 0.000, 0.280, 48
train,    3380, 15.458351,   86, 0.05,   10, 0.000, 0.000, 0.280, 48
train,    3381, 15.758503,   83, 0.06,   10, 0.000, 0.000, 0.280, 48
train,    3382, 15.503931,   83, 0.05,   11, 0.000, 0.000, 0.280, 48
train,    3383, 15.537654,   86, 0.06,   11, 0.000, 0.000, 0.280, 48
train,    3384, 14.907672,   84, 0.04,   10, 0.000, 0.000, 0.280, 48
train,    3385, 15.728958,   86, 0.07,   11, 0.000, 0.000, 0.280, 48
train,    3386, 15.470296,   86, 0.07,   12, 0.000, 0.000, 0.280, 48
train,    3387, 14.589121,   84, 0.05,   10, 0.000, 0.000, 0.280, 48
train,    3388, 13.990132,   87, 0.05,   11, 0.000, 0.000, 0.280, 48
train,    3389, 15.220118,   87, 0.06,   11, 0.000, 0.000, 0.280, 48
train,    3390, 14.933721,   81, 0.04,   12, 0.000, 0.000, 0.280, 48
train,    3391, 15.905925,   82, 0.07,   10, 0.000, 0.000, 0.280, 48
train,    3392, 14.142778,   83, 0.06,   10, 0.000, 0.000, 0.280, 48
train,    3393, 15.399029,   84, 0.07,   10, 0.000, 0.000, 0.280, 48
train,    3394, 15.003029,   86, 0.06,   11, 0.000, 0.000, 0.280, 48
train,    3395, 15.791044,   86, 0.05,   11, 0.000, 0.000, 0.280, 48
train,    3396, 15.447591,   82, 0.07,    9, 0.000, 0.000, 0.280, 48
train,    3397, 15.048393,   87, 0.06,   10, 0.000, 0.000, 0.280, 48
train,    3398, 15.220366,   85, 0.06,   11, 0.000, 0.000, 0.280, 48
train,    3399, 15.511689,   87, 0.05,   10, 0.000, 0.000, 0.280, 48
train,    3400, 13.748160,   82, 0.05,   11, 0.000, 0.000, 0.280, 48
update,   3400,   34, 3400, 14.652640, 0.000000
val_t, 3400, 3400, 11.782615, 0.0278,  88.3075,   0.0854, 0.9613,  27.9284, progress 0.9397
train,    3401, 14.585401,   84, 0.05,   11, 0.000, 0.000, 0.280, 48
train,    3402, 14.111674,   84, 0.03,   11, 0.000, 0.000, 0.280, 48
train,    3403, 15.113236,   84, 0.09,   11, 0.000, 0.000, 0.280, 48
train,    3404, 14.882455,   82, 0.05,   11, 0.000, 0.000, 0.280, 48
train,    3405, 14.298425,   84, 0.05,   10, 0.000, 0.000, 0.280, 48
train,    3406, 15.246463,   86, 0.06,   11, 0.000, 0.000, 0.280, 48
train,    3407, 15.374490,   81, 0.06,   10, 0.000, 0.000, 0.280, 48
train,    3408, 14.250303,   87, 0.06,   10, 0.000, 0.000, 0.280, 48
train,    3409, 13.382831,   89, 0.03,   11, 0.000, 0.000, 0.280, 48
train,    3410, 14.729218,   81, 0.06,   11, 0.000, 0.000, 0.280, 48
train,    3411, 15.002818,   87, 0.05,   10, 0.000, 0.000, 0.280, 48
train,    3412, 14.785324,   90, 0.06,   11, 0.000, 0.000, 0.280, 48
train,    3413, 14.097795,   85, 0.07,   10, 0.000, 0.000, 0.280, 48
train,    3414, 14.755191,   88, 0.06,   12, 0.000, 0.000, 0.280, 48
train,    3415, 14.443491,   86, 0.07,   11, 0.000, 0.000, 0.280, 48
train,    3416, 14.780653,   86, 0.04,   11, 0.000, 0.000, 0.280, 48
train,    3417, 14.586633,   83, 0.04,   11, 0.000, 0.000, 0.280, 48
train,    3418, 15.050237,   79, 0.04,   10, 0.000, 0.000, 0.280, 48
train,    3419, 14.744151,   89, 0.07,   12, 0.000, 0.000, 0.280, 48
train,    3420, 13.908461,   88, 0.04,   11, 0.000, 0.000, 0.280, 48
train,    3421, 16.177145,   80, 0.05,   11, 0.000, 0.000, 0.280, 48
train,    3422, 15.004453,   84, 0.06,   11, 0.000, 0.000, 0.280, 48
train,    3423, 14.018885,   85, 0.04,   11, 0.000, 0.000, 0.280, 48
train,    3424, 15.049267,   86, 0.05,   10, 0.000, 0.000, 0.280, 48
train,    3425, 13.552851,   81, 0.04,   12, 0.000, 0.000, 0.280, 48
train,    3426, 14.482678,   81, 0.03,   10, 0.000, 0.000, 0.280, 48
train,    3427, 14.748936,   86, 0.05,   10, 0.000, 0.000, 0.280, 48
train,    3428, 14.480676,   87, 0.05,    9, 0.000, 0.000, 0.280, 48
train,    3429, 14.943837,   88, 0.04,   11, 0.000, 0.000, 0.280, 48
train,    3430, 14.991136,   83, 0.04,   11, 0.000, 0.000, 0.280, 48
train,    3431, 14.050688,   87, 0.05,   11, 0.000, 0.000, 0.280, 48
train,    3432, 15.037237,   84, 0.04,   12, 0.000, 0.000, 0.280, 48
train,    3433, 13.755027,   86, 0.06,   11, 0.000, 0.000, 0.280, 48
train,    3434, 13.636650,   89, 0.07,   11, 0.000, 0.000, 0.280, 48
train,    3435, 13.401949,   82, 0.05,   11, 0.000, 0.000, 0.280, 48
train,    3436, 14.500705,   83, 0.05,   12, 0.000, 0.000, 0.280, 48
train,    3437, 13.952510,   85, 0.06,   11, 0.000, 0.000, 0.280, 48
train,    3438, 15.095956,   87, 0.05,   10, 0.000, 0.000, 0.280, 48
train,    3439, 14.922530,   83, 0.04,   12, 0.000, 0.000, 0.280, 48
train,    3440, 14.603848,   83, 0.07,   11, 0.000, 0.000, 0.280, 48
train,    3441, 13.310164,   87, 0.05,   10, 0.000, 0.000, 0.280, 48
train,    3442, 14.870909,   85, 0.05,   11, 0.000, 0.000, 0.280, 48
train,    3443, 14.120206,   85, 0.06,   11, 0.000, 0.000, 0.280, 48
train,    3444, 13.312147,   87, 0.04,   11, 0.000, 0.000, 0.280, 48
train,    3445, 14.386352,   88, 0.04,   11, 0.000, 0.000, 0.280, 48
train,    3446, 13.970187,   92, 0.05,   10, 0.000, 0.000, 0.280, 48
train,    3447, 13.422735,   89, 0.04,   11, 0.000, 0.000, 0.280, 48
train,    3448, 13.911409,   80, 0.04,   11, 0.000, 0.000, 0.280, 48
train,    3449, 13.923765,   86, 0.05,   11, 0.000, 0.000, 0.280, 48
train,    3450, 14.461336,   84, 0.05,   12, 0.000, 0.000, 0.280, 48
train,    3451, 13.004797,   89, 0.05,    9, 0.000, 0.000, 0.280, 48
train,    3452, 13.746611,   84, 0.06,   12, 0.000, 0.000, 0.280, 48
train,    3453, 13.241197,   86, 0.05,   11, 0.000, 0.000, 0.280, 48
train,    3454, 12.957629,   86, 0.07,   10, 0.000, 0.000, 0.280, 48
train,    3455, 15.623271,   89, 0.06,   10, 0.000, 0.000, 0.280, 48
train,    3456, 13.842891,   82, 0.06,   11, 0.000, 0.000, 0.280, 48
train,    3457, 13.101551,   86, 0.06,   12, 0.000, 0.000, 0.280, 48
train,    3458, 13.931159,   89, 0.06,   11, 0.000, 0.000, 0.280, 48
train,    3459, 14.500183,   89, 0.06,   10, 0.000, 0.000, 0.280, 48
train,    3460, 13.718234,   89, 0.05,   10, 0.000, 0.000, 0.280, 48
train,    3461, 12.686928,   84, 0.04,   10, 0.000, 0.000, 0.280, 48
train,    3462, 14.345156,   86, 0.05,   12, 0.000, 0.000, 0.280, 48
train,    3463, 13.390659,   89, 0.06,   11, 0.000, 0.000, 0.280, 48
train,    3464, 13.534173,   90, 0.06,   11, 0.000, 0.000, 0.280, 48
train,    3465, 13.494107,   86, 0.05,   11, 0.000, 0.000, 0.280, 48
train,    3466, 13.389193,   83, 0.06,   10, 0.000, 0.000, 0.280, 48
train,    3467, 14.117664,   86, 0.05,   10, 0.000, 0.000, 0.280, 48
train,    3468, 14.339289,   87, 0.04,    9, 0.000, 0.000, 0.280, 48
train,    3469, 13.118958,   90, 0.06,   11, 0.000, 0.000, 0.280, 48
train,    3470, 14.555913,   85, 0.04,   11, 0.000, 0.000, 0.280, 48
train,    3471, 14.081101,   86, 0.05,   11, 0.000, 0.000, 0.280, 48
train,    3472, 13.685726,   86, 0.05,   11, 0.000, 0.000, 0.280, 48
train,    3473, 13.729520,   84, 0.05,   11, 0.000, 0.000, 0.280, 48
train,    3474, 12.696349,   82, 0.05,   13, 0.000, 0.000, 0.280, 48
train,    3475, 12.817690,   86, 0.04,   12, 0.000, 0.000, 0.280, 48
train,    3476, 12.862746,   83, 0.07,   12, 0.000, 0.000, 0.280, 48
train,    3477, 14.492483,   82, 0.04,   12, 0.000, 0.000, 0.280, 48
train,    3478, 14.385319,   83, 0.07,   11, 0.000, 0.000, 0.280, 48
train,    3479, 13.747759,   85, 0.04,   11, 0.000, 0.000, 0.280, 48
train,    3480, 12.718564,   89, 0.05,   11, 0.000, 0.000, 0.280, 48
train,    3481, 13.783607,   88, 0.04,   11, 0.000, 0.000, 0.280, 48
train,    3482, 13.664320,   89, 0.04,   10, 0.000, 0.000, 0.280, 48
train,    3483, 12.576889,   85, 0.05,   11, 0.000, 0.000, 0.280, 48
train,    3484, 14.427234,   82, 0.04,   10, 0.000, 0.000, 0.280, 48
train,    3485, 12.644593,   87, 0.04,   11, 0.000, 0.000, 0.280, 48
train,    3486, 13.740453,   90, 0.04,   10, 0.000, 0.000, 0.280, 48
train,    3487, 13.718791,   90, 0.04,   11, 0.000, 0.000, 0.280, 48
train,    3488, 12.953199,   85, 0.06,   10, 0.000, 0.000, 0.280, 48
train,    3489, 12.978638,   90, 0.07,   11, 0.000, 0.000, 0.280, 48
train,    3490, 13.406085,   83, 0.05,   11, 0.000, 0.000, 0.280, 48
train,    3491, 12.634962,   89, 0.06,   10, 0.000, 0.000, 0.280, 48
train,    3492, 13.524069,   82, 0.07,   12, 0.000, 0.000, 0.280, 48
train,    3493, 13.611799,   84, 0.05,   10, 0.000, 0.000, 0.280, 48
train,    3494, 13.178323,   85, 0.06,   10, 0.000, 0.000, 0.280, 48
train,    3495, 14.057389,   84, 0.08,   11, 0.000, 0.000, 0.280, 48
train,    3496, 13.938642,   84, 0.04,   10, 0.000, 0.000, 0.280, 48
train,    3497, 12.731522,   88, 0.05,   10, 0.000, 0.000, 0.280, 48
train,    3498, 12.953141,   89, 0.05,   12, 0.000, 0.000, 0.280, 48
train,    3499, 12.850711,   85, 0.07,   11, 0.000, 0.000, 0.280, 48
train,    3500, 13.260868,   89, 0.04,   11, 0.000, 0.000, 0.280, 48
update,   3500,   35, 3500, 14.114573, 0.000000
val_t, 3500, 3500, 12.617128, 0.0238,  85.5781,   0.0692, 0.9496,  28.0510, progress 0.9470
train,    3501, 12.664231,   88, 0.04,   10, 0.000, 0.000, 0.280, 48
train,    3502, 12.670251,   82, 0.06,   12, 0.000, 0.000, 0.280, 48
train,    3503, 13.647961,   89, 0.04,   12, 0.000, 0.000, 0.280, 48
train,    3504, 12.900165,   88, 0.03,   11, 0.000, 0.000, 0.280, 48
train,    3505, 13.094081,   87, 0.05,   11, 0.000, 0.000, 0.280, 48
train,    3506, 13.228235,   85, 0.04,   11, 0.000, 0.000, 0.280, 48
train,    3507, 13.093901,   88, 0.04,   10, 0.000, 0.000, 0.280, 48
train,    3508, 13.010986,   82, 0.05,   12, 0.000, 0.000, 0.280, 48
train,    3509, 13.581094,   85, 0.05,   10, 0.000, 0.000, 0.280, 48
train,    3510, 12.352258,   87, 0.05,   10, 0.000, 0.000, 0.280, 48
train,    3511, 12.751829,   89, 0.07,   10, 0.000, 0.000, 0.280, 48
train,    3512, 12.189139,   87, 0.07,   11, 0.000, 0.000, 0.280, 48
train,    3513, 13.084258,   82, 0.03,   10, 0.000, 0.000, 0.280, 48
train,    3514, 12.789277,   87, 0.04,   11, 0.000, 0.000, 0.280, 48
train,    3515, 12.133206,   85, 0.04,   10, 0.000, 0.000, 0.280, 48
train,    3516, 12.121557,   88, 0.04,   12, 0.000, 0.000, 0.280, 48
train,    3517, 11.670605,   85, 0.05,   10, 0.000, 0.000, 0.280, 48
train,    3518, 13.170321,   89, 0.05,   10, 0.000, 0.000, 0.280, 48
train,    3519, 13.237591,   78, 0.05,   10, 0.000, 0.000, 0.280, 48
train,    3520, 12.972217,   89, 0.04,    9, 0.000, 0.000, 0.280, 48
train,    3521, 12.002530,   88, 0.04,   11, 0.000, 0.000, 0.280, 48
train,    3522, 12.189923,   87, 0.06,   11, 0.000, 0.000, 0.280, 48
train,    3523, 13.235479,   84, 0.05,   10, 0.000, 0.000, 0.280, 48
train,    3524, 13.534054,   85, 0.03,   10, 0.000, 0.000, 0.280, 48
train,    3525, 13.019204,   87, 0.05,   12, 0.000, 0.000, 0.280, 48
train,    3526, 12.411911,   86, 0.02,   10, 0.000, 0.000, 0.280, 48
train,    3527, 11.938297,   89, 0.07,   10, 0.000, 0.000, 0.280, 48
train,    3528, 12.804194,   91, 0.05,   11, 0.000, 0.000, 0.280, 48
train,    3529, 13.125451,   83, 0.04,   11, 0.000, 0.000, 0.280, 48
train,    3530, 13.430034,   82, 0.06,   10, 0.000, 0.000, 0.280, 48
train,    3531, 12.382059,   81, 0.05,   11, 0.000, 0.000, 0.280, 48
train,    3532, 12.000338,   84, 0.05,   12, 0.000, 0.000, 0.280, 48
train,    3533, 12.568031,   89, 0.04,   11, 0.000, 0.000, 0.280, 48
train,    3534, 12.517574,   84, 0.05,   11, 0.000, 0.000, 0.280, 48
train,    3535, 12.784838,   85, 0.05,   12, 0.000, 0.000, 0.280, 48
train,    3536, 12.150161,   83, 0.04,   10, 0.000, 0.000, 0.280, 48
train,    3537, 11.910119,   89, 0.06,   11, 0.000, 0.000, 0.280, 48
train,    3538, 13.692615,   83, 0.05,   10, 0.000, 0.000, 0.280, 48
train,    3539, 11.967579,   85, 0.04,   11, 0.000, 0.000, 0.280, 48
train,    3540, 12.009368,   82, 0.06,   11, 0.000, 0.000, 0.280, 48
train,    3541, 12.636686,   90, 0.06,   10, 0.000, 0.000, 0.280, 48
train,    3542, 11.980411,   90, 0.05,   10, 0.000, 0.000, 0.280, 48
train,    3543, 12.732617,   91, 0.07,   12, 0.000, 0.000, 0.280, 48
train,    3544, 11.807719,   87, 0.04,   11, 0.000, 0.000, 0.280, 48
train,    3545, 11.523626,   87, 0.05,   10, 0.000, 0.000, 0.280, 48
train,    3546, 12.086186,   90, 0.05,   10, 0.000, 0.000, 0.280, 48
train,    3547, 12.226499,   86, 0.05,   12, 0.000, 0.000, 0.280, 48
train,    3548, 12.292967,   92, 0.05,   11, 0.000, 0.000, 0.280, 48
train,    3549, 12.022154,   84, 0.06,   10, 0.000, 0.000, 0.280, 48
train,    3550, 12.870138,   86, 0.04,   11, 0.000, 0.000, 0.280, 48
train,    3551, 12.234624,   89, 0.05,   10, 0.000, 0.000, 0.280, 48
train,    3552, 12.148977,   90, 0.04,   10, 0.000, 0.000, 0.280, 48
train,    3553, 11.452092,   82, 0.03,   11, 0.000, 0.000, 0.280, 48
train,    3554, 11.407959,   84, 0.04,   11, 0.000, 0.000, 0.280, 48
train,    3555, 13.124221,   87, 0.06,   10, 0.000, 0.000, 0.280, 48
train,    3556, 11.512212,   90, 0.05,   11, 0.000, 0.000, 0.280, 48
train,    3557, 11.615336,   84, 0.04,    9, 0.000, 0.000, 0.280, 48
train,    3558, 12.784013,   86, 0.06,   10, 0.000, 0.000, 0.280, 48
train,    3559, 12.184644,   87, 0.05,   10, 0.000, 0.000, 0.280, 48
train,    3560, 12.570313,   89, 0.04,   10, 0.000, 0.000, 0.280, 48
train,    3561, 10.734519,   87, 0.04,   11, 0.000, 0.000, 0.280, 48
train,    3562, 12.211385,   86, 0.06,   11, 0.000, 0.000, 0.280, 48
train,    3563, 13.562583,   89, 0.06,   10, 0.000, 0.000, 0.280, 48
train,    3564, 12.078132,   84, 0.03,   11, 0.000, 0.000, 0.280, 48
train,    3565, 11.976151,   86, 0.05,   10, 0.000, 0.000, 0.280, 48
train,    3566, 12.515584,   83, 0.04,   12, 0.000, 0.000, 0.280, 48
train,    3567, 12.984394,   89, 0.04,   10, 0.000, 0.000, 0.280, 48
train,    3568, 12.174725,   86, 0.05,   10, 0.000, 0.000, 0.280, 48
train,    3569, 11.493810,   92, 0.06,   11, 0.000, 0.000, 0.280, 48
train,    3570, 12.316378,   84, 0.07,   11, 0.000, 0.000, 0.280, 48
train,    3571, 12.018794,   83, 0.06,   10, 0.000, 0.000, 0.280, 48
train,    3572, 11.594257,   86, 0.04,   11, 0.000, 0.000, 0.280, 48
train,    3573, 12.278685,   85, 0.07,   10, 0.000, 0.000, 0.280, 48
train,    3574, 12.413892,   86, 0.02,   11, 0.000, 0.000, 0.280, 48
train,    3575, 14.152279,   87, 0.05,   10, 0.000, 0.000, 0.280, 48
train,    3576, 11.902545,   90, 0.05,   11, 0.000, 0.000, 0.280, 48
train,    3577, 13.197588,   84, 0.04,   11, 0.000, 0.000, 0.280, 48
train,    3578, 12.436311,   89, 0.05,   12, 0.000, 0.000, 0.280, 48
train,    3579, 11.745870,   89, 0.07,   11, 0.000, 0.000, 0.280, 48
train,    3580, 12.361871,   85, 0.03,   11, 0.000, 0.000, 0.280, 48
train,    3581, 11.992039,   86, 0.03,   11, 0.000, 0.000, 0.280, 48
train,    3582, 12.292758,   81, 0.05,   11, 0.000, 0.000, 0.280, 48
train,    3583, 12.021615,   94, 0.04,   10, 0.000, 0.000, 0.280, 48
train,    3584, 12.951230,   85, 0.03,   11, 0.000, 0.000, 0.280, 48
train,    3585, 10.909959,   90, 0.03,   10, 0.000, 0.000, 0.280, 48
train,    3586, 11.987353,   85, 0.05,   10, 0.000, 0.000, 0.280, 48
train,    3587, 12.805596,   91, 0.05,   10, 0.000, 0.000, 0.280, 48
train,    3588, 12.998088,   90, 0.05,   11, 0.000, 0.000, 0.280, 48
train,    3589, 12.054939,   84, 0.04,   11, 0.000, 0.000, 0.280, 48
train,    3590, 12.056834,   89, 0.05,   11, 0.000, 0.000, 0.280, 48
train,    3591, 11.718958,   87, 0.06,   11, 0.000, 0.000, 0.280, 48
train,    3592, 12.209977,   84, 0.04,   11, 0.000, 0.000, 0.280, 48
train,    3593, 11.440596,   89, 0.04,   10, 0.000, 0.000, 0.280, 48
train,    3594, 11.589540,   84, 0.04,   11, 0.000, 0.000, 0.280, 48
train,    3595, 13.137409,   87, 0.05,   11, 0.000, 0.000, 0.280, 48
train,    3596, 11.575851,   84, 0.05,   11, 0.000, 0.000, 0.280, 48
train,    3597, 11.847075,   90, 0.04,   11, 0.000, 0.000, 0.280, 48
train,    3598, 12.118882,   88, 0.02,   11, 0.000, 0.000, 0.280, 48
train,    3599, 10.990783,   85, 0.04,   11, 0.000, 0.000, 0.280, 48
train,    3600, 12.144756,   88, 0.02,   10, 0.000, 0.000, 0.280, 48
update,   3600,   36, 3600, 14.924116, 0.000000
val_t, 3600, 3600, 12.975458, 0.0359,  88.8435,   0.0902, 0.9774,  28.1858, progress 0.9405
train,    3601, 12.562476,   82, 0.05,   11, 0.000, 0.000, 0.280, 48
train,    3602, 11.083306,   83, 0.04,   10, 0.000, 0.000, 0.280, 48
train,    3603, 12.760661,   89, 0.06,   11, 0.000, 0.000, 0.280, 48
train,    3604, 12.853976,   91, 0.05,   11, 0.000, 0.000, 0.280, 48
train,    3605, 12.760834,   89, 0.06,   12, 0.000, 0.000, 0.280, 48
train,    3606, 12.287036,   93, 0.05,   10, 0.000, 0.000, 0.280, 48
train,    3607, 12.780229,   90, 0.03,   11, 0.000, 0.000, 0.280, 48
train,    3608, 11.850467,   87, 0.06,   11, 0.000, 0.000, 0.280, 48
train,    3609, 12.258853,   90, 0.04,   10, 0.000, 0.000, 0.280, 48
train,    3610, 13.195323,   86, 0.06,   11, 0.000, 0.000, 0.280, 48
train,    3611, 11.875204,   88, 0.04,   12, 0.000, 0.000, 0.280, 48
train,    3612, 11.494540,   86, 0.04,   11, 0.000, 0.000, 0.280, 48
train,    3613, 12.223496,   89, 0.05,   10, 0.000, 0.000, 0.280, 48
train,    3614, 10.934960,   84, 0.05,   11, 0.000, 0.000, 0.280, 48
train,    3615, 12.592700,   88, 0.05,   11, 0.000, 0.000, 0.280, 48
train,    3616, 11.643355,   89, 0.05,   10, 0.000, 0.000, 0.280, 48
train,    3617, 12.814655,   88, 0.04,   11, 0.000, 0.000, 0.280, 48
train,    3618, 12.185966,   84, 0.05,   11, 0.000, 0.000, 0.280, 48
train,    3619, 12.122510,   82, 0.04,   10, 0.000, 0.000, 0.280, 48
train,    3620, 12.308014,   86, 0.04,   11, 0.000, 0.000, 0.280, 48
train,    3621, 12.090728,   90, 0.03,   11, 0.000, 0.000, 0.280, 48
train,    3622, 11.746308,   92, 0.07,   11, 0.000, 0.000, 0.280, 48
train,    3623, 11.877122,   89, 0.04,   11, 0.000, 0.000, 0.280, 48
train,    3624, 11.148649,   86, 0.05,   10, 0.000, 0.000, 0.280, 48
train,    3625, 12.554770,   87, 0.03,   12, 0.000, 0.000, 0.280, 48
train,    3626, 12.081295,   86, 0.06,   10, 0.000, 0.000, 0.280, 48
train,    3627, 12.850114,   92, 0.04,   10, 0.000, 0.000, 0.280, 48
train,    3628, 12.024490,   92, 0.05,   12, 0.000, 0.000, 0.280, 48
train,    3629, 11.460730,   85, 0.06,   11, 0.000, 0.000, 0.280, 48
train,    3630, 12.431328,   86, 0.05,   10, 0.000, 0.000, 0.280, 48
train,    3631, 12.724372,   89, 0.06,   11, 0.000, 0.000, 0.280, 48
train,    3632, 12.099882,   85, 0.04,   10, 0.000, 0.000, 0.280, 48
train,    3633, 13.160070,   90, 0.04,   11, 0.000, 0.000, 0.280, 48
train,    3634, 11.455493,   87, 0.03,   11, 0.000, 0.000, 0.280, 48
train,    3635, 11.751289,   89, 0.03,   11, 0.000, 0.000, 0.280, 48
train,    3636, 11.641701,   84, 0.04,   10, 0.000, 0.000, 0.280, 48
train,    3637, 11.301901,   87, 0.03,   11, 0.000, 0.000, 0.280, 48
train,    3638, 12.495375,   88, 0.08,   11, 0.000, 0.000, 0.280, 48
train,    3639, 12.564433,   89, 0.02,   10, 0.000, 0.000, 0.280, 48
train,    3640, 11.407110,   88, 0.04,   10, 0.000, 0.000, 0.280, 48
train,    3641, 11.932220,   87, 0.05,   10, 0.000, 0.000, 0.280, 48
train,    3642, 11.764318,   86, 0.03,   12, 0.000, 0.000, 0.280, 48
train,    3643, 11.744754,   86, 0.05,   12, 0.000, 0.000, 0.280, 48
train,    3644, 12.931706,   81, 0.03,   11, 0.000, 0.000, 0.280, 48
train,    3645, 10.728153,   87, 0.06,   10, 0.000, 0.000, 0.280, 48
train,    3646, 11.212450,   88, 0.05,   12, 0.000, 0.000, 0.280, 48
train,    3647, 11.711868,   91, 0.04,   11, 0.000, 0.000, 0.280, 48
train,    3648, 12.036844,   87, 0.04,   12, 0.000, 0.000, 0.280, 48
train,    3649, 11.474653,   86, 0.04,   10, 0.000, 0.000, 0.280, 48
train,    3650, 12.429381,   86, 0.06,   10, 0.000, 0.000, 0.280, 48
train,    3651, 12.639517,   89, 0.06,   11, 0.000, 0.000, 0.280, 48
train,    3652, 12.433757,   82, 0.06,   12, 0.000, 0.000, 0.280, 48
train,    3653, 12.472093,   84, 0.05,   11, 0.000, 0.000, 0.280, 48
train,    3654, 11.891586,   90, 0.04,   11, 0.000, 0.000, 0.280, 48
train,    3655, 12.576044,   86, 0.06,   11, 0.000, 0.000, 0.280, 48
train,    3656, 12.637618,   87, 0.03,   11, 0.000, 0.000, 0.280, 48
train,    3657, 11.662078,   87, 0.06,   11, 0.000, 0.000, 0.280, 48
train,    3658, 12.140989,   86, 0.04,   12, 0.000, 0.000, 0.280, 48
train,    3659, 13.183470,   86, 0.03,   11, 0.000, 0.000, 0.280, 48
train,    3660, 11.810250,   84, 0.03,   11, 0.000, 0.000, 0.280, 48
train,    3661, 12.158659,   88, 0.06,   12, 0.000, 0.000, 0.280, 48
train,    3662, 11.917207,   84, 0.06,   10, 0.000, 0.000, 0.280, 48
train,    3663, 13.027300,   87, 0.06,   11, 0.000, 0.000, 0.280, 48
train,    3664, 12.303535,   86, 0.05,   10, 0.000, 0.000, 0.280, 48
train,    3665, 12.704959,   88, 0.05,   10, 0.000, 0.000, 0.280, 48
train,    3666, 12.320739,   84, 0.05,   11, 0.000, 0.000, 0.280, 48
train,    3667, 12.833683,   88, 0.05,   12, 0.000, 0.000, 0.280, 48
train,    3668, 12.260975,   85, 0.04,   10, 0.000, 0.000, 0.280, 48
train,    3669, 13.201731,   86, 0.03,   11, 0.000, 0.000, 0.280, 48
train,    3670, 11.936524,   84, 0.06,   10, 0.000, 0.000, 0.280, 48
train,    3671, 12.351336,   89, 0.06,   10, 0.000, 0.000, 0.280, 48
train,    3672, 12.580515,   86, 0.05,    9, 0.000, 0.000, 0.280, 48
train,    3673, 12.392905,   88, 0.03,   10, 0.000, 0.000, 0.280, 48
train,    3674, 11.735184,   88, 0.05,   12, 0.000, 0.000, 0.280, 48
train,    3675, 12.093138,   88, 0.05,   12, 0.000, 0.000, 0.280, 48
train,    3676, 12.783667,   84, 0.06,   11, 0.000, 0.000, 0.280, 48
train,    3677, 13.028049,   89, 0.02,   12, 0.000, 0.000, 0.280, 48
train,    3678, 13.143479,   83, 0.06,   11, 0.000, 0.000, 0.280, 48
train,    3679, 12.902169,   92, 0.05,   11, 0.000, 0.000, 0.280, 48
train,    3680, 12.001032,   89, 0.05,   12, 0.000, 0.000, 0.280, 48
train,    3681, 11.855473,   89, 0.04,   10, 0.000, 0.000, 0.280, 48
train,    3682, 13.158687,   84, 0.04,   11, 0.000, 0.000, 0.280, 48
train,    3683, 13.670302,   82, 0.04,   11, 0.000, 0.000, 0.280, 48
train,    3684, 12.859907,   87, 0.05,   11, 0.000, 0.000, 0.280, 48
train,    3685, 13.319528,   91, 0.04,   10, 0.000, 0.000, 0.280, 48
train,    3686, 12.638044,   91, 0.05,   12, 0.000, 0.000, 0.280, 48
train,    3687, 13.642376,   90, 0.03,   10, 0.000, 0.000, 0.280, 48
train,    3688, 12.442933,   84, 0.05,   10, 0.000, 0.000, 0.280, 48
train,    3689, 11.996390,   87, 0.05,   10, 0.000, 0.000, 0.280, 48
train,    3690, 12.893896,   83, 0.06,   12, 0.000, 0.000, 0.280, 48
train,    3691, 13.255275,   81, 0.04,   12, 0.000, 0.000, 0.280, 48
train,    3692, 12.425008,   84, 0.05,   12, 0.000, 0.000, 0.280, 48
train,    3693, 13.318201,   82, 0.03,   10, 0.000, 0.000, 0.280, 48
train,    3694, 13.876239,   86, 0.05,   11, 0.000, 0.000, 0.280, 48
train,    3695, 11.891361,   84, 0.08,   11, 0.000, 0.000, 0.280, 48
train,    3696, 12.810031,   84, 0.04,   11, 0.000, 0.000, 0.280, 48
train,    3697, 11.806021,   84, 0.04,   11, 0.000, 0.000, 0.280, 48
train,    3698, 12.218503,   89, 0.04,   11, 0.000, 0.000, 0.280, 48
train,    3699, 13.209475,   85, 0.05,   11, 0.000, 0.000, 0.280, 48
train,    3700, 12.904508,   85, 0.04,   13, 0.000, 0.000, 0.280, 48
update,   3700,   37, 3700, 15.445707, 0.000000
val_t, 3700, 3700, 14.707951, 0.0319,  85.8951,   0.0828, 0.9585,  28.4522, progress 0.9514
train,    3701, 13.982888,   88, 0.04,   11, 0.000, 0.000, 0.280, 48
train,    3702, 12.351128,   88, 0.03,   11, 0.000, 0.000, 0.280, 48
train,    3703, 12.700593,   91, 0.05,   12, 0.000, 0.000, 0.280, 48
train,    3704, 11.430626,   90, 0.06,   11, 0.000, 0.000, 0.280, 48
train,    3705, 12.641197,   91, 0.04,   11, 0.000, 0.000, 0.280, 48
train,    3706, 12.814828,   85, 0.04,   10, 0.000, 0.000, 0.280, 48
train,    3707, 12.344701,   84, 0.04,   12, 0.000, 0.000, 0.280, 48
train,    3708, 12.024507,   85, 0.05,   11, 0.000, 0.000, 0.280, 48
train,    3709, 13.221099,   89, 0.06,   11, 0.000, 0.000, 0.280, 48
train,    3710, 12.890892,   90, 0.04,   11, 0.000, 0.000, 0.280, 48
train,    3711, 12.539202,   89, 0.06,   10, 0.000, 0.000, 0.280, 48
train,    3712, 13.133894,   87, 0.02,   11, 0.000, 0.000, 0.280, 48
train,    3713, 13.004577,   87, 0.05,   10, 0.000, 0.000, 0.280, 48
train,    3714, 13.727746,   89, 0.05,   11, 0.000, 0.000, 0.280, 48
train,    3715, 12.206676,   84, 0.05,   12, 0.000, 0.000, 0.280, 48
train,    3716, 12.190980,   89, 0.05,   10, 0.000, 0.000, 0.280, 48
train,    3717, 13.022138,   88, 0.06,   10, 0.000, 0.000, 0.280, 48
train,    3718, 13.498277,   88, 0.03,   11, 0.000, 0.000, 0.280, 48
train,    3719, 13.494159,   90, 0.04,   11, 0.000, 0.000, 0.280, 48
train,    3720, 13.818023,   89, 0.04,   10, 0.000, 0.000, 0.280, 48
train,    3721, 13.038016,   85, 0.05,   10, 0.000, 0.000, 0.280, 48
train,    3722, 12.767595,   84, 0.04,    9, 0.000, 0.000, 0.280, 48
train,    3723, 13.339202,   82, 0.04,   11, 0.000, 0.000, 0.280, 48
train,    3724, 13.470081,   86, 0.03,   10, 0.000, 0.000, 0.280, 48
train,    3725, 13.583194,   88, 0.05,   10, 0.000, 0.000, 0.280, 48
train,    3726, 12.915766,   91, 0.04,   12, 0.000, 0.000, 0.280, 48
train,    3727, 13.970500,   87, 0.04,   11, 0.000, 0.000, 0.280, 48
train,    3728, 13.372211,   86, 0.04,   11, 0.000, 0.000, 0.280, 48
train,    3729, 12.726426,   84, 0.03,   11, 0.000, 0.000, 0.280, 48
train,    3730, 13.204253,   91, 0.03,   12, 0.000, 0.000, 0.280, 48
train,    3731, 13.195341,   88, 0.05,   11, 0.000, 0.000, 0.280, 48
train,    3732, 13.196026,   91, 0.03,   11, 0.000, 0.000, 0.280, 48
train,    3733, 12.924764,   88, 0.05,   11, 0.000, 0.000, 0.280, 48
train,    3734, 12.801740,   92, 0.05,   10, 0.000, 0.000, 0.280, 48
train,    3735, 12.851275,   85, 0.05,   12, 0.000, 0.000, 0.280, 48
train,    3736, 14.306304,   83, 0.04,   12, 0.000, 0.000, 0.280, 48
train,    3737, 12.417139,   86, 0.06,   11, 0.000, 0.000, 0.280, 48
train,    3738, 13.150303,   89, 0.03,   10, 0.000, 0.000, 0.280, 48
train,    3739, 13.368978,   83, 0.07,   11, 0.000, 0.000, 0.280, 48
train,    3740, 13.359370,   86, 0.05,   10, 0.000, 0.000, 0.280, 48
train,    3741, 14.259746,   85, 0.02,   11, 0.000, 0.000, 0.280, 48
train,    3742, 13.264364,   87, 0.04,   11, 0.000, 0.000, 0.280, 48
train,    3743, 13.853814,   88, 0.04,   10, 0.000, 0.000, 0.280, 48
train,    3744, 13.284856,   84, 0.03,   10, 0.000, 0.000, 0.280, 48
train,    3745, 13.535581,   92, 0.05,   11, 0.000, 0.000, 0.280, 48
train,    3746, 13.584240,   87, 0.04,   10, 0.000, 0.000, 0.280, 48
train,    3747, 13.292492,   85, 0.04,   11, 0.000, 0.000, 0.280, 48
train,    3748, 14.361942,   91, 0.05,   12, 0.000, 0.000, 0.280, 48
train,    3749, 13.860704,   86, 0.05,   11, 0.000, 0.000, 0.280, 48
train,    3750, 12.236129,   90, 0.06,   10, 0.000, 0.000, 0.280, 48
train,    3751, 13.411814,   86, 0.03,   11, 0.000, 0.000, 0.280, 48
train,    3752, 14.050301,   88, 0.05,   10, 0.000, 0.000, 0.280, 48
train,    3753, 13.483415,   84, 0.04,   11, 0.000, 0.000, 0.280, 48
train,    3754, 14.146545,   89, 0.05,   10, 0.000, 0.000, 0.280, 48
train,    3755, 14.017535,   88, 0.06,   10, 0.000, 0.000, 0.280, 48
train,    3756, 13.973745,   87, 0.03,   10, 0.000, 0.000, 0.280, 48
train,    3757, 13.138750,   91, 0.07,   11, 0.000, 0.000, 0.280, 48
train,    3758, 12.590057,   88, 0.05,   11, 0.000, 0.000, 0.280, 48
train,    3759, 14.238867,   83, 0.03,   11, 0.000, 0.000, 0.280, 48
train,    3760, 13.570811,   84, 0.05,   11, 0.000, 0.000, 0.280, 48
train,    3761, 14.508934,   90, 0.04,   13, 0.000, 0.000, 0.280, 48
train,    3762, 13.347931,   86, 0.04,   10, 0.000, 0.000, 0.280, 48
train,    3763, 12.949112,   87, 0.05,   11, 0.000, 0.000, 0.280, 48
train,    3764, 13.269957,   85, 0.04,   11, 0.000, 0.000, 0.280, 48
train,    3765, 14.239714,   89, 0.05,   10, 0.000, 0.000, 0.280, 48
train,    3766, 13.064789,   90, 0.05,   10, 0.000, 0.000, 0.280, 48
train,    3767, 13.708504,   83, 0.05,   11, 0.000, 0.000, 0.280, 48
train,    3768, 14.268708,   92, 0.05,   11, 0.000, 0.000, 0.280, 48
train,    3769, 14.418776,   85, 0.05,   10, 0.000, 0.000, 0.280, 48
train,    3770, 14.151701,   87, 0.05,   11, 0.000, 0.000, 0.280, 48
train,    3771, 14.605616,   91, 0.05,   11, 0.000, 0.000, 0.280, 48
train,    3772, 13.839651,   89, 0.04,   11, 0.000, 0.000, 0.280, 48
train,    3773, 14.633044,   90, 0.04,   11, 0.000, 0.000, 0.280, 48
train,    3774, 14.698922,   87, 0.02,   11, 0.000, 0.000, 0.280, 48
train,    3775, 14.662823,   84, 0.05,   12, 0.000, 0.000, 0.280, 48
train,    3776, 14.286900,   88, 0.05,   10, 0.000, 0.000, 0.280, 48
train,    3777, 14.030781,   85, 0.05,   11, 0.000, 0.000, 0.280, 48
train,    3778, 14.280126,   88, 0.05,   11, 0.000, 0.000, 0.280, 48
train,    3779, 15.225152,   84, 0.02,   10, 0.000, 0.000, 0.280, 48
train,    3780, 14.593646,   92, 0.04,   12, 0.000, 0.000, 0.280, 48
train,    3781, 14.791940,   87, 0.05,   10, 0.000, 0.000, 0.280, 48
train,    3782, 14.002968,   85, 0.04,   11, 0.000, 0.000, 0.280, 48
train,    3783, 13.818202,   84, 0.03,   11, 0.000, 0.000, 0.280, 48
train,    3784, 14.629863,   94, 0.05,   12, 0.000, 0.000, 0.280, 48
train,    3785, 15.480172,   85, 0.03,   13, 0.000, 0.000, 0.280, 48
train,    3786, 14.345315,   89, 0.05,   11, 0.000, 0.000, 0.280, 48
train,    3787, 13.119866,   85, 0.04,   11, 0.000, 0.000, 0.280, 48
train,    3788, 14.123384,   92, 0.05,   11, 0.000, 0.000, 0.280, 48
train,    3789, 15.450151,   90, 0.04,   11, 0.000, 0.000, 0.280, 48
train,    3790, 14.521597,   91, 0.04,   10, 0.000, 0.000, 0.280, 48
train,    3791, 15.089209,   85, 0.06,   12, 0.000, 0.000, 0.280, 48
train,    3792, 14.080785,   88, 0.06,    9, 0.000, 0.000, 0.280, 48
train,    3793, 14.994430,   88, 0.04,   11, 0.000, 0.000, 0.280, 48
train,    3794, 15.569209,   90, 0.02,   10, 0.000, 0.000, 0.280, 48
train,    3795, 15.249461,   85, 0.04,   11, 0.000, 0.000, 0.280, 48
train,    3796, 14.396963,   82, 0.04,   11, 0.000, 0.000, 0.280, 48
train,    3797, 14.773923,   85, 0.03,   11, 0.000, 0.000, 0.280, 48
train,    3798, 13.959790,   89, 0.06,   11, 0.000, 0.000, 0.280, 48
train,    3799, 14.426415,   92, 0.06,   10, 0.000, 0.000, 0.280, 48
train,    3800, 15.775631,   81, 0.05,   10, 0.000, 0.000, 0.280, 48
update,   3800,   38, 3800, 14.352910, 0.000000
val_t, 3800, 3800, 14.276461, 0.0354,  86.0473,   0.0752, 0.9659,  28.2395, progress 0.9470
train,    3801, 14.407915,   90, 0.03,   10, 0.000, 0.000, 0.280, 48
train,    3802, 14.462799,   86, 0.05,   10, 0.000, 0.000, 0.280, 48
train,    3803, 14.170463,   91, 0.03,   11, 0.000, 0.000, 0.280, 48
train,    3804, 15.634692,   93, 0.03,   10, 0.000, 0.000, 0.280, 48
train,    3805, 13.686761,   89, 0.06,   10, 0.000, 0.000, 0.280, 48
train,    3806, 15.605960,   87, 0.06,   10, 0.000, 0.000, 0.280, 48
train,    3807, 15.668096,   91, 0.04,   11, 0.000, 0.000, 0.280, 48
train,    3808, 14.630137,   89, 0.02,   12, 0.000, 0.000, 0.280, 48
train,    3809, 14.776688,   93, 0.03,   11, 0.000, 0.000, 0.280, 48
train,    3810, 14.967439,   88, 0.05,   10, 0.000, 0.000, 0.280, 48
train,    3811, 14.381133,   88, 0.05,   11, 0.000, 0.000, 0.280, 48
train,    3812, 15.435416,   84, 0.06,   11, 0.000, 0.000, 0.280, 48
train,    3813, 15.736960,   89, 0.04,   10, 0.000, 0.000, 0.280, 48
train,    3814, 15.339530,   87, 0.05,   11, 0.000, 0.000, 0.280, 48
train,    3815, 14.286623,   85, 0.03,   10, 0.000, 0.000, 0.280, 48
train,    3816, 14.463681,   88, 0.04,   11, 0.000, 0.000, 0.280, 48
train,    3817, 13.879454,   87, 0.04,   10, 0.000, 0.000, 0.280, 48
train,    3818, 13.952211,   85, 0.04,   12, 0.000, 0.000, 0.280, 48
train,    3819, 15.558690,   88, 0.05,   11, 0.000, 0.000, 0.280, 48
train,    3820, 15.768102,   89, 0.04,   11, 0.000, 0.000, 0.280, 48
train,    3821, 14.416642,   92, 0.02,   12, 0.000, 0.000, 0.280, 48
train,    3822, 14.241545,   86, 0.06,   12, 0.000, 0.000, 0.280, 48
train,    3823, 14.711643,   89, 0.04,   12, 0.000, 0.000, 0.280, 48
train,    3824, 14.555711,   88, 0.04,   10, 0.000, 0.000, 0.280, 48
train,    3825, 14.854949,   84, 0.05,   12, 0.000, 0.000, 0.280, 48
train,    3826, 14.279604,   92, 0.04,   11, 0.000, 0.000, 0.280, 48
train,    3827, 14.767444,   88, 0.06,   12, 0.000, 0.000, 0.280, 48
train,    3828, 15.193864,   86, 0.03,   11, 0.000, 0.000, 0.280, 48
train,    3829, 14.940594,   86, 0.04,   10, 0.000, 0.000, 0.280, 48
train,    3830, 14.213909,   90, 0.05,   10, 0.000, 0.000, 0.280, 48
train,    3831, 14.840312,   88, 0.05,   11, 0.000, 0.000, 0.280, 48
train,    3832, 15.207575,   85, 0.06,   11, 0.000, 0.000, 0.280, 48
train,    3833, 14.849311,   92, 0.04,   11, 0.000, 0.000, 0.280, 48
train,    3834, 14.349437,   88, 0.04,   11, 0.000, 0.000, 0.280, 48
train,    3835, 15.233076,   85, 0.03,   11, 0.000, 0.000, 0.280, 48
train,    3836, 15.134761,   87, 0.05,    9, 0.000, 0.000, 0.280, 48
train,    3837, 15.000863,   84, 0.04,   12, 0.000, 0.000, 0.280, 48
train,    3838, 13.927073,   90, 0.06,   11, 0.000, 0.000, 0.280, 48
train,    3839, 14.287897,   87, 0.03,   11, 0.000, 0.000, 0.280, 48
train,    3840, 15.663026,   88, 0.05,   11, 0.000, 0.000, 0.280, 48
train,    3841, 14.418755,   92, 0.07,   11, 0.000, 0.000, 0.280, 48
train,    3842, 15.791981,   89, 0.06,   10, 0.000, 0.000, 0.280, 48
train,    3843, 14.483991,   88, 0.03,   10, 0.000, 0.000, 0.280, 48
train,    3844, 15.269030,   93, 0.02,   11, 0.000, 0.000, 0.280, 48
train,    3845, 15.489612,   87, 0.04,   12, 0.000, 0.000, 0.280, 48
train,    3846, 14.121954,   85, 0.06,   11, 0.000, 0.000, 0.280, 48
train,    3847, 14.356772,   91, 0.01,   12, 0.000, 0.000, 0.280, 48
train,    3848, 15.584076,   90, 0.05,   11, 0.000, 0.000, 0.280, 48
train,    3849, 13.229157,   85, 0.05,   10, 0.000, 0.000, 0.280, 48
train,    3850, 14.546389,   87, 0.06,   10, 0.000, 0.000, 0.280, 48
train,    3851, 14.361356,   88, 0.05,   12, 0.000, 0.000, 0.280, 48
train,    3852, 14.973278,   88, 0.06,   12, 0.000, 0.000, 0.280, 48
train,    3853, 14.880849,   86, 0.03,   10, 0.000, 0.000, 0.280, 48
train,    3854, 15.051015,   84, 0.03,   10, 0.000, 0.000, 0.280, 48
train,    3855, 15.464407,   89, 0.03,   11, 0.000, 0.000, 0.280, 48
train,    3856, 15.543308,   86, 0.06,   11, 0.000, 0.000, 0.280, 48
train,    3857, 16.217798,   89, 0.04,   11, 0.000, 0.000, 0.280, 48
train,    3858, 14.476459,   90, 0.04,   13, 0.000, 0.000, 0.280, 48
train,    3859, 16.018994,   88, 0.02,   11, 0.000, 0.000, 0.280, 48
train,    3860, 15.091111,   85, 0.04,   12, 0.000, 0.000, 0.280, 48
train,    3861, 15.077644,   92, 0.04,   10, 0.000, 0.000, 0.280, 48
train,    3862, 15.167167,   85, 0.04,   12, 0.000, 0.000, 0.280, 48
train,    3863, 15.138332,   89, 0.05,   11, 0.000, 0.000, 0.280, 48
train,    3864, 14.925562,   84, 0.05,   10, 0.000, 0.000, 0.280, 48
train,    3865, 14.545095,   89, 0.04,   11, 0.000, 0.000, 0.280, 48
train,    3866, 15.479077,   89, 0.04,   12, 0.000, 0.000, 0.280, 48
train,    3867, 15.058272,   88, 0.06,   12, 0.000, 0.000, 0.280, 48
train,    3868, 15.127048,   89, 0.04,   11, 0.000, 0.000, 0.280, 48
train,    3869, 15.317203,   90, 0.04,   11, 0.000, 0.000, 0.280, 48
train,    3870, 13.762784,   83, 0.04,   12, 0.000, 0.000, 0.280, 48
train,    3871, 15.455802,   90, 0.04,   10, 0.000, 0.000, 0.280, 48
train,    3872, 15.343265,   89, 0.05,   11, 0.000, 0.000, 0.280, 48
train,    3873, 14.535044,   92, 0.04,   11, 0.000, 0.000, 0.280, 48
train,    3874, 15.319074,   91, 0.08,   10, 0.000, 0.000, 0.280, 48
train,    3875, 15.660985,   86, 0.04,   12, 0.000, 0.000, 0.280, 48
train,    3876, 15.817784,   85, 0.06,   11, 0.000, 0.000, 0.280, 48
train,    3877, 14.823957,   90, 0.06,   11, 0.000, 0.000, 0.280, 48
train,    3878, 15.802651,   85, 0.04,   10, 0.000, 0.000, 0.280, 48
train,    3879, 16.053180,   84, 0.04,   11, 0.000, 0.000, 0.280, 48
train,    3880, 14.622764,   88, 0.04,   11, 0.000, 0.000, 0.280, 48
train,    3881, 14.669115,   84, 0.05,   10, 0.000, 0.000, 0.280, 48
train,    3882, 16.003134,   89, 0.04,   10, 0.000, 0.000, 0.280, 48
train,    3883, 14.388270,   88, 0.05,   10, 0.000, 0.000, 0.280, 48
train,    3884, 15.165726,   83, 0.07,   11, 0.000, 0.000, 0.280, 48
train,    3885, 15.676757,   89, 0.05,   11, 0.000, 0.000, 0.280, 48
train,    3886, 16.065145,   88, 0.03,   10, 0.000, 0.000, 0.280, 48
train,    3887, 15.408612,   90, 0.06,   11, 0.000, 0.000, 0.280, 48
train,    3888, 14.766580,   85, 0.04,   11, 0.000, 0.000, 0.280, 48
train,    3889, 14.469961,   85, 0.03,   12, 0.000, 0.000, 0.280, 48
train,    3890, 16.011135,   88, 0.02,   10, 0.000, 0.000, 0.280, 48
train,    3891, 15.408113,   86, 0.07,   11, 0.000, 0.000, 0.280, 48
train,    3892, 14.639293,   87, 0.06,   11, 0.000, 0.000, 0.280, 48
train,    3893, 16.076221,   86, 0.04,   12, 0.000, 0.000, 0.280, 48
train,    3894, 15.094610,   87, 0.05,   12, 0.000, 0.000, 0.280, 48
train,    3895, 14.513778,   88, 0.04,   11, 0.000, 0.000, 0.280, 48
train,    3896, 14.931793,   89, 0.03,   11, 0.000, 0.000, 0.280, 48
train,    3897, 14.830922,   85, 0.02,   11, 0.000, 0.000, 0.280, 48
train,    3898, 14.410983,   88, 0.04,   11, 0.000, 0.000, 0.280, 48
train,    3899, 15.102172,   85, 0.05,   11, 0.000, 0.000, 0.280, 48
train,    3900, 15.155653,   92, 0.04,   10, 0.000, 0.000, 0.280, 48
update,   3900,   39, 3900, 15.252073, 0.000000
val_t, 3900, 3900, 16.244055, 0.0123,  89.7918,   0.0742, 0.9740,  29.0278, progress 0.9470
train,    3901, 15.081128,   88, 0.03,   10, 0.000, 0.000, 0.280, 48
train,    3902, 15.410314,   92, 0.05,   10, 0.000, 0.000, 0.280, 48
train,    3903, 15.162064,   88, 0.04,   10, 0.000, 0.000, 0.280, 48
train,    3904, 14.472795,   91, 0.02,   11, 0.000, 0.000, 0.280, 48
train,    3905, 13.535380,   86, 0.04,   11, 0.000, 0.000, 0.280, 48
train,    3906, 15.450515,   84, 0.06,   11, 0.000, 0.000, 0.280, 48
train,    3907, 15.588101,   93, 0.04,   11, 0.000, 0.000, 0.280, 48
train,    3908, 15.208403,   89, 0.06,   11, 0.000, 0.000, 0.280, 48
train,    3909, 15.926916,   87, 0.05,   11, 0.000, 0.000, 0.280, 48
train,    3910, 15.601407,   91, 0.03,   10, 0.000, 0.000, 0.280, 48
train,    3911, 16.049321,   88, 0.06,   11, 0.000, 0.000, 0.280, 48
train,    3912, 15.611551,   90, 0.06,   11, 0.000, 0.000, 0.280, 48
train,    3913, 14.534166,   92, 0.05,   11, 0.000, 0.000, 0.280, 48
train,    3914, 15.753200,   92, 0.04,   11, 0.000, 0.000, 0.280, 48
train,    3915, 14.337695,   87, 0.03,   13, 0.000, 0.000, 0.280, 48
train,    3916, 15.217658,   91, 0.06,   11, 0.000, 0.000, 0.280, 48
train,    3917, 14.939140,   84, 0.05,   10, 0.000, 0.000, 0.280, 48
train,    3918, 15.696011,   89, 0.05,   11, 0.000, 0.000, 0.280, 48
train,    3919, 14.516443,   87, 0.05,   11, 0.000, 0.000, 0.280, 48
train,    3920, 15.426982,   88, 0.04,   12, 0.000, 0.000, 0.280, 48
train,    3921, 14.845773,   84, 0.04,   12, 0.000, 0.000, 0.280, 48
train,    3922, 15.053993,   88, 0.04,   12, 0.000, 0.000, 0.280, 48
train,    3923, 15.649205,   91, 0.03,   12, 0.000, 0.000, 0.280, 48
train,    3924, 14.361026,   89, 0.03,   12, 0.000, 0.000, 0.280, 48
train,    3925, 15.283141,   90, 0.03,   11, 0.000, 0.000, 0.280, 48
train,    3926, 14.241729,   92, 0.04,   11, 0.000, 0.000, 0.280, 48
train,    3927, 15.242532,   92, 0.02,   12, 0.000, 0.000, 0.280, 48
train,    3928, 15.538076,   90, 0.05,   11, 0.000, 0.000, 0.280, 48
train,    3929, 14.367682,   91, 0.04,   10, 0.000, 0.000, 0.280, 48
train,    3930, 14.879930,   91, 0.02,   10, 0.000, 0.000, 0.280, 48
train,    3931, 14.201018,   87, 0.04,   11, 0.000, 0.000, 0.280, 48
train,    3932, 14.776793,   92, 0.04,   13, 0.000, 0.000, 0.280, 48
train,    3933, 15.115359,   87, 0.03,   11, 0.000, 0.000, 0.280, 48
train,    3934, 14.917908,   92, 0.03,   11, 0.000, 0.000, 0.280, 48
train,    3935, 15.668007,   90, 0.03,   10, 0.000, 0.000, 0.280, 48
train,    3936, 14.902761,   88, 0.05,   11, 0.000, 0.000, 0.280, 48
train,    3937, 14.874999,   90, 0.04,   11, 0.000, 0.000, 0.280, 48
train,    3938, 14.717950,   84, 0.03,   11, 0.000, 0.000, 0.280, 48
train,    3939, 14.029092,   92, 0.04,   10, 0.000, 0.000, 0.280, 48
train,    3940, 15.290441,   90, 0.05,   12, 0.000, 0.000, 0.280, 48
train,    3941, 15.260504,   93, 0.06,   10, 0.000, 0.000, 0.280, 48
train,    3942, 16.139486,   84, 0.05,   11, 0.000, 0.000, 0.280, 48
train,    3943, 15.617749,   88, 0.03,   11, 0.000, 0.000, 0.280, 48
train,    3944, 14.663430,   88, 0.06,   12, 0.000, 0.000, 0.280, 48
train,    3945, 15.323690,   89, 0.05,   11, 0.000, 0.000, 0.280, 48
train,    3946, 14.713197,   85, 0.06,   10, 0.000, 0.000, 0.280, 48
train,    3947, 14.961374,   89, 0.06,   10, 0.000, 0.000, 0.280, 48
train,    3948, 15.145203,   88, 0.05,   10, 0.000, 0.000, 0.280, 48
train,    3949, 14.932106,   87, 0.06,   11, 0.000, 0.000, 0.280, 48
train,    3950, 13.884868,   83, 0.05,   10, 0.000, 0.000, 0.280, 48
train,    3951, 14.907912,   85, 0.04,   10, 0.000, 0.000, 0.280, 48
train,    3952, 14.097653,   86, 0.05,   12, 0.000, 0.000, 0.280, 48
train,    3953, 15.078545,   86, 0.03,   12, 0.000, 0.000, 0.280, 48
train,    3954, 15.361335,   89, 0.06,   11, 0.000, 0.000, 0.280, 48
train,    3955, 14.145896,   88, 0.06,   12, 0.000, 0.000, 0.280, 48
train,    3956, 14.626965,   88, 0.03,   11, 0.000, 0.000, 0.280, 48
train,    3957, 14.514467,   91, 0.05,   10, 0.000, 0.000, 0.280, 48
train,    3958, 14.621778,   86, 0.06,   10, 0.000, 0.000, 0.280, 48
train,    3959, 15.542563,   87, 0.03,   11, 0.000, 0.000, 0.280, 48
train,    3960, 15.021747,   88, 0.05,   11, 0.000, 0.000, 0.280, 48
train,    3961, 14.466408,   92, 0.02,   12, 0.000, 0.000, 0.280, 48
train,    3962, 13.667492,   84, 0.04,   11, 0.000, 0.000, 0.280, 48
train,    3963, 14.483480,   89, 0.07,   11, 0.000, 0.000, 0.280, 48
train,    3964, 14.596039,   86, 0.06,   10, 0.000, 0.000, 0.280, 48
train,    3965, 16.069815,   87, 0.06,   11, 0.000, 0.000, 0.280, 48
train,    3966, 15.018019,   87, 0.06,   11, 0.000, 0.000, 0.280, 48
train,    3967, 14.498096,   84, 0.05,   12, 0.000, 0.000, 0.280, 48
train,    3968, 13.989863,   91, 0.05,   11, 0.000, 0.000, 0.280, 48
train,    3969, 13.797816,   87, 0.05,   12, 0.000, 0.000, 0.280, 48
train,    3970, 15.532506,   95, 0.05,   12, 0.000, 0.000, 0.280, 48
train,    3971, 13.606485,   86, 0.04,   10, 0.000, 0.000, 0.280, 48
train,    3972, 14.181397,   90, 0.05,   11, 0.000, 0.000, 0.280, 48
train,    3973, 14.035484,   87, 0.03,   12, 0.000, 0.000, 0.280, 48
train,    3974, 14.708496,   88, 0.05,   11, 0.000, 0.000, 0.280, 48
train,    3975, 14.034903,   90, 0.05,   12, 0.000, 0.000, 0.280, 48
train,    3976, 15.715573,   91, 0.05,   11, 0.000, 0.000, 0.280, 48
train,    3977, 15.797152,   85, 0.04,   10, 0.000, 0.000, 0.280, 48
train,    3978, 13.895432,   89, 0.03,   12, 0.000, 0.000, 0.280, 48
train,    3979, 15.399407,   89, 0.03,   11, 0.000, 0.000, 0.280, 48
train,    3980, 14.634152,   89, 0.03,   12, 0.000, 0.000, 0.280, 48
train,    3981, 14.633259,   87, 0.02,   11, 0.000, 0.000, 0.280, 48
train,    3982, 14.996498,   86, 0.05,   11, 0.000, 0.000, 0.280, 48
train,    3983, 14.268352,   83, 0.04,   12, 0.000, 0.000, 0.280, 48
train,    3984, 14.494515,   86, 0.04,   11, 0.000, 0.000, 0.280, 48
train,    3985, 14.336625,   86, 0.02,   13, 0.000, 0.000, 0.280, 48
train,    3986, 15.344839,   91, 0.05,   12, 0.000, 0.000, 0.280, 48
train,    3987, 13.622166,   89, 0.04,   11, 0.000, 0.000, 0.280, 48
train,    3988, 13.925049,   89, 0.04,   12, 0.000, 0.000, 0.280, 48
train,    3989, 14.209823,   88, 0.06,   11, 0.000, 0.000, 0.280, 48
train,    3990, 13.573628,   87, 0.05,   11, 0.000, 0.000, 0.280, 48
train,    3991, 13.872831,   89, 0.05,   12, 0.000, 0.000, 0.280, 48
train,    3992, 14.665037,   84, 0.04,   12, 0.000, 0.000, 0.280, 48
train,    3993, 14.400792,   92, 0.03,   11, 0.000, 0.000, 0.280, 48
train,    3994, 13.839834,   91, 0.03,   10, 0.000, 0.000, 0.280, 48
train,    3995, 14.917162,   87, 0.04,   11, 0.000, 0.000, 0.280, 48
train,    3996, 14.035939,   87, 0.04,   11, 0.000, 0.000, 0.280, 48
train,    3997, 13.925084,   92, 0.06,   10, 0.000, 0.000, 0.280, 48
train,    3998, 14.028894,   93, 0.04,   11, 0.000, 0.000, 0.280, 48
train,    3999, 14.840374,   88, 0.04,   10, 0.000, 0.000, 0.280, 48
train,    4000, 13.711542,   90, 0.05,   11, 0.000, 0.000, 0.280, 48
update,   4000,   40, 4000, 15.505772, 0.000000
val_t, 4000, 4000, 16.242245, 0.0260,  86.4909,   0.0779, 0.9633,  28.6060, progress 0.9472
train,    4001, 13.793466,   91, 0.05,   12, 0.000, 0.000, 0.280, 48
train,    4002, 14.553196,   89, 0.05,   11, 0.000, 0.000, 0.280, 48
train,    4003, 14.025079,   88, 0.02,   11, 0.000, 0.000, 0.280, 48
train,    4004, 14.477378,   94, 0.03,   11, 0.000, 0.000, 0.280, 48
train,    4005, 14.756642,   88, 0.05,   11, 0.000, 0.000, 0.280, 48
train,    4006, 13.878767,   89, 0.04,   10, 0.000, 0.000, 0.280, 48
train,    4007, 13.246925,   87, 0.05,   10, 0.000, 0.000, 0.280, 48
train,    4008, 14.350503,   91, 0.04,   13, 0.000, 0.000, 0.280, 48
train,    4009, 13.114239,   87, 0.06,   11, 0.000, 0.000, 0.280, 48
train,    4010, 13.963183,   85, 0.04,   12, 0.000, 0.000, 0.280, 48
train,    4011, 13.812311,   90, 0.04,   12, 0.000, 0.000, 0.280, 48
train,    4012, 13.676279,   92, 0.04,   10, 0.000, 0.000, 0.280, 48
train,    4013, 14.600385,   88, 0.06,   11, 0.000, 0.000, 0.280, 48
train,    4014, 14.093908,   92, 0.04,   12, 0.000, 0.000, 0.280, 48
train,    4015, 14.284732,   90, 0.03,   13, 0.000, 0.000, 0.280, 48
train,    4016, 14.636853,   91, 0.04,   11, 0.000, 0.000, 0.280, 48
train,    4017, 14.492782,   87, 0.03,   10, 0.000, 0.000, 0.280, 48
train,    4018, 13.904626,   84, 0.05,   11, 0.000, 0.000, 0.280, 48
train,    4019, 13.724178,   90, 0.05,   11, 0.000, 0.000, 0.280, 48
train,    4020, 14.068077,   88, 0.04,   11, 0.000, 0.000, 0.280, 48
train,    4021, 14.085850,   90, 0.05,   11, 0.000, 0.000, 0.280, 48
train,    4022, 13.392611,   84, 0.04,   11, 0.000, 0.000, 0.280, 48
train,    4023, 14.522779,   92, 0.03,   11, 0.000, 0.000, 0.280, 48
train,    4024, 13.324355,   86, 0.04,   11, 0.000, 0.000, 0.280, 48
train,    4025, 14.789671,   90, 0.03,   12, 0.000, 0.000, 0.280, 48
train,    4026, 14.646359,   88, 0.05,   10, 0.000, 0.000, 0.280, 48
train,    4027, 14.150178,   88, 0.05,   11, 0.000, 0.000, 0.280, 48
train,    4028, 14.570585,   87, 0.04,   11, 0.000, 0.000, 0.280, 48
train,    4029, 12.612758,   90, 0.03,   12, 0.000, 0.000, 0.280, 48
train,    4030, 13.756647,   87, 0.03,   12, 0.000, 0.000, 0.280, 48
train,    4031, 12.891601,   90, 0.05,   11, 0.000, 0.000, 0.280, 48
train,    4032, 12.742539,   87, 0.03,   11, 0.000, 0.000, 0.280, 48
train,    4033, 13.471948,   90, 0.05,   12, 0.000, 0.000, 0.280, 48
train,    4034, 12.889929,   88, 0.05,   11, 0.000, 0.000, 0.280, 48
train,    4035, 13.027146,   87, 0.04,   12, 0.000, 0.000, 0.280, 48
train,    4036, 12.830354,   92, 0.04,   11, 0.000, 0.000, 0.280, 48
train,    4037, 13.870103,   91, 0.03,   12, 0.000, 0.000, 0.280, 48
train,    4038, 13.626087,   90, 0.05,   10, 0.000, 0.000, 0.280, 48
train,    4039, 13.890496,   92, 0.04,   11, 0.000, 0.000, 0.280, 48
train,    4040, 13.653001,   91, 0.04,   11, 0.000, 0.000, 0.280, 48
train,    4041, 14.613712,   86, 0.04,   12, 0.000, 0.000, 0.280, 48
train,    4042, 12.849200,   86, 0.03,   10, 0.000, 0.000, 0.280, 48
train,    4043, 13.511051,   93, 0.04,   10, 0.000, 0.000, 0.280, 48
train,    4044, 14.234053,   90, 0.05,   11, 0.000, 0.000, 0.280, 48
train,    4045, 12.802771,   90, 0.02,   11, 0.000, 0.000, 0.280, 48
train,    4046, 13.451648,   86, 0.05,   11, 0.000, 0.000, 0.280, 48
train,    4047, 13.147196,   85, 0.03,   11, 0.000, 0.000, 0.280, 48
train,    4048, 13.074501,   90, 0.02,   10, 0.000, 0.000, 0.280, 48
train,    4049, 13.749078,   85, 0.04,   11, 0.000, 0.000, 0.280, 48
train,    4050, 13.643850,   88, 0.05,   12, 0.000, 0.000, 0.280, 48
train,    4051, 13.347849,   92, 0.03,    9, 0.000, 0.000, 0.280, 48
train,    4052, 13.560690,   91, 0.04,   12, 0.000, 0.000, 0.280, 48
train,    4053, 13.836378,   86, 0.06,   12, 0.000, 0.000, 0.280, 48
train,    4054, 14.117955,   90, 0.05,   12, 0.000, 0.000, 0.280, 48
train,    4055, 13.159760,   91, 0.02,   10, 0.000, 0.000, 0.280, 48
train,    4056, 13.777653,   92, 0.04,    9, 0.000, 0.000, 0.280, 48
train,    4057, 13.580629,   86, 0.04,   10, 0.000, 0.000, 0.280, 48
train,    4058, 13.809170,   84, 0.02,   11, 0.000, 0.000, 0.280, 48
train,    4059, 13.126091,   89, 0.06,   12, 0.000, 0.000, 0.280, 48
train,    4060, 12.566339,   87, 0.04,   10, 0.000, 0.000, 0.280, 48
train,    4061, 12.296171,   89, 0.05,   10, 0.000, 0.000, 0.280, 48
train,    4062, 13.259172,   87, 0.05,   10, 0.000, 0.000, 0.280, 48
train,    4063, 13.169201,   89, 0.07,   12, 0.000, 0.000, 0.280, 48
train,    4064, 14.220659,   88, 0.03,   10, 0.000, 0.000, 0.280, 48
train,    4065, 13.451020,   85, 0.05,   11, 0.000, 0.000, 0.280, 48
train,    4066, 13.401390,   89, 0.04,   11, 0.000, 0.000, 0.280, 48
train,    4067, 14.457568,   90, 0.04,   11, 0.000, 0.000, 0.280, 48
train,    4068, 13.084253,   85, 0.05,   12, 0.000, 0.000, 0.280, 48
train,    4069, 13.612184,   91, 0.07,   12, 0.000, 0.000, 0.280, 48
train,    4070, 13.138867,   90, 0.04,   11, 0.000, 0.000, 0.280, 48
train,    4071, 13.639454,   91, 0.03,   12, 0.000, 0.000, 0.280, 48
train,    4072, 13.170317,   92, 0.04,   13, 0.000, 0.000, 0.280, 48
train,    4073, 13.081716,   88, 0.05,   12, 0.000, 0.000, 0.280, 48
train,    4074, 12.189938,   83, 0.02,   10, 0.000, 0.000, 0.280, 48
train,    4075, 13.761295,   91, 0.05,   12, 0.000, 0.000, 0.280, 48
train,    4076, 13.436652,   92, 0.04,   11, 0.000, 0.000, 0.280, 48
train,    4077, 12.409140,   87, 0.05,   10, 0.000, 0.000, 0.280, 48
train,    4078, 12.711009,   82, 0.04,   12, 0.000, 0.000, 0.280, 48
train,    4079, 14.059355,   86, 0.04,   13, 0.000, 0.000, 0.280, 48
train,    4080, 13.889226,   84, 0.04,   11, 0.000, 0.000, 0.280, 48
train,    4081, 12.673269,   89, 0.04,   12, 0.000, 0.000, 0.280, 48
train,    4082, 12.863707,   90, 0.06,   11, 0.000, 0.000, 0.280, 48
train,    4083, 13.562287,   86, 0.04,   12, 0.000, 0.000, 0.280, 48
train,    4084, 12.765196,   86, 0.05,   12, 0.000, 0.000, 0.280, 48
train,    4085, 12.684029,   84, 0.04,   10, 0.000, 0.000, 0.280, 48
train,    4086, 12.712282,   86, 0.06,   10, 0.000, 0.000, 0.280, 48
train,    4087, 13.214707,   88, 0.03,   11, 0.000, 0.000, 0.280, 48
train,    4088, 14.160279,   88, 0.03,   11, 0.000, 0.000, 0.280, 48
train,    4089, 12.779126,   88, 0.04,   10, 0.000, 0.000, 0.280, 48
train,    4090, 13.707839,   85, 0.03,   11, 0.000, 0.000, 0.280, 48
train,    4091, 12.668409,   90, 0.01,   10, 0.000, 0.000, 0.280, 48
train,    4092, 13.505966,   92, 0.04,    9, 0.000, 0.000, 0.280, 48
train,    4093, 12.077876,   86, 0.05,   10, 0.000, 0.000, 0.280, 48
train,    4094, 13.265352,   88, 0.04,   11, 0.000, 0.000, 0.280, 48
train,    4095, 12.279969,   90, 0.03,   11, 0.000, 0.000, 0.280, 48
train,    4096, 11.887789,   85, 0.03,   12, 0.000, 0.000, 0.280, 48
train,    4097, 12.572133,   89, 0.06,   10, 0.000, 0.000, 0.280, 48
train,    4098, 12.821565,   90, 0.05,   10, 0.000, 0.000, 0.280, 48
train,    4099, 12.880611,   83, 0.07,   10, 0.000, 0.000, 0.280, 48
train,    4100, 14.005973,   89, 0.03,   12, 0.000, 0.000, 0.280, 48
update,   4100,   41, 4100, 16.121616, 0.000000
val_t, 4100, 4100, 14.996289, 0.0186,  84.6360,   0.0799, 0.9641,  28.4281, progress 0.9464
train,    4101, 13.685583,   83, 0.03,   12, 0.000, 0.000, 0.280, 48
train,    4102, 12.416255,   86, 0.04,   12, 0.000, 0.000, 0.280, 48
train,    4103, 12.674295,   90, 0.02,   12, 0.000, 0.000, 0.280, 48
train,    4104, 13.335595,   88, 0.03,   11, 0.000, 0.000, 0.280, 48
train,    4105, 12.801014,   93, 0.04,   11, 0.000, 0.000, 0.280, 48
train,    4106, 12.277458,   88, 0.04,   11, 0.000, 0.000, 0.280, 48
train,    4107, 13.192904,   92, 0.03,   11, 0.000, 0.000, 0.280, 48
train,    4108, 12.709901,   84, 0.04,   10, 0.000, 0.000, 0.280, 48
train,    4109, 11.876578,   92, 0.04,   10, 0.000, 0.000, 0.280, 48
train,    4110, 11.487446,   93, 0.05,   11, 0.000, 0.000, 0.280, 48
train,    4111, 12.028998,   87, 0.03,   11, 0.000, 0.000, 0.280, 48
train,    4112, 12.592002,   91, 0.04,   11, 0.000, 0.000, 0.280, 48
train,    4113, 14.102051,   93, 0.05,   12, 0.000, 0.000, 0.280, 48
train,    4114, 11.870848,   85, 0.04,   11, 0.000, 0.000, 0.280, 48
train,    4115, 11.859549,   85, 0.06,    9, 0.000, 0.000, 0.280, 48
train,    4116, 12.944362,   87, 0.06,   11, 0.000, 0.000, 0.280, 48
train,    4117, 13.685080,   89, 0.04,   11, 0.000, 0.000, 0.280, 48
train,    4118, 12.142960,   91, 0.03,   11, 0.000, 0.000, 0.280, 48
train,    4119, 12.106894,   90, 0.04,   11, 0.000, 0.000, 0.280, 48
train,    4120, 12.612652,   89, 0.02,   10, 0.000, 0.000, 0.280, 48
train,    4121, 13.267321,   91, 0.06,   11, 0.000, 0.000, 0.280, 48
train,    4122, 12.633424,   87, 0.04,   11, 0.000, 0.000, 0.280, 48
train,    4123, 12.132773,   89, 0.04,   11, 0.000, 0.000, 0.280, 48
train,    4124, 13.088710,   87, 0.05,   11, 0.000, 0.000, 0.280, 48
train,    4125, 13.276584,   86, 0.02,   11, 0.000, 0.000, 0.280, 48
train,    4126, 13.345661,   87, 0.03,   12, 0.000, 0.000, 0.280, 48
train,    4127, 13.368140,   87, 0.04,   11, 0.000, 0.000, 0.280, 48
train,    4128, 12.866004,   91, 0.05,   11, 0.000, 0.000, 0.280, 48
train,    4129, 12.711367,   90, 0.04,   11, 0.000, 0.000, 0.280, 48
train,    4130, 12.908467,   87, 0.04,   10, 0.000, 0.000, 0.280, 48
train,    4131, 13.194487,   90, 0.03,   12, 0.000, 0.000, 0.280, 48
train,    4132, 12.510245,   86, 0.06,   10, 0.000, 0.000, 0.280, 48
train,    4133, 12.440095,   84, 0.03,   11, 0.000, 0.000, 0.280, 48
train,    4134, 13.002734,   87, 0.05,   11, 0.000, 0.000, 0.280, 48
train,    4135, 12.701115,   87, 0.04,   10, 0.000, 0.000, 0.280, 48
train,    4136, 13.110255,   86, 0.03,   11, 0.000, 0.000, 0.280, 48
train,    4137, 13.562852,   90, 0.04,   12, 0.000, 0.000, 0.280, 48
train,    4138, 12.639602,   88, 0.03,   11, 0.000, 0.000, 0.280, 48
train,    4139, 13.251691,   91, 0.02,   11, 0.000, 0.000, 0.280, 48
train,    4140, 12.413451,   86, 0.04,   10, 0.000, 0.000, 0.280, 48
train,    4141, 12.589225,   90, 0.04,   12, 0.000, 0.000, 0.280, 48
train,    4142, 13.334599,   93, 0.05,   10, 0.000, 0.000, 0.280, 48
train,    4143, 13.359372,   89, 0.03,    9, 0.000, 0.000, 0.280, 48
train,    4144, 11.738342,   89, 0.05,   12, 0.000, 0.000, 0.280, 48
train,    4145, 12.547793,   87, 0.05,   11, 0.000, 0.000, 0.280, 48
train,    4146, 12.499247,   89, 0.06,   12, 0.000, 0.000, 0.280, 48
train,    4147, 13.662541,   88, 0.04,   10, 0.000, 0.000, 0.280, 48
train,    4148, 12.710979,   88, 0.04,   11, 0.000, 0.000, 0.280, 48
train,    4149, 12.101726,   90, 0.04,   12, 0.000, 0.000, 0.280, 48
train,    4150, 11.497526,   92, 0.03,   11, 0.000, 0.000, 0.280, 48
train,    4151, 11.951740,   88, 0.05,   12, 0.000, 0.000, 0.280, 48
train,    4152, 12.038066,   87, 0.04,   10, 0.000, 0.000, 0.280, 48
train,    4153, 12.901780,   90, 0.02,   12, 0.000, 0.000, 0.280, 48
train,    4154, 12.130681,   91, 0.04,   10, 0.000, 0.000, 0.280, 48
train,    4155, 13.142160,   90, 0.04,   10, 0.000, 0.000, 0.280, 48
train,    4156, 12.503544,   89, 0.04,   12, 0.000, 0.000, 0.280, 48
train,    4157, 13.079912,   92, 0.05,   12, 0.000, 0.000, 0.280, 48
train,    4158, 13.617450,   91, 0.04,   11, 0.000, 0.000, 0.280, 48
train,    4159, 12.532167,   87, 0.03,   12, 0.000, 0.000, 0.280, 48
train,    4160, 12.289271,   91, 0.06,   10, 0.000, 0.000, 0.280, 48
train,    4161, 12.865714,   87, 0.05,   11, 0.000, 0.000, 0.280, 48
train,    4162, 12.122472,   91, 0.03,   11, 0.000, 0.000, 0.280, 48
train,    4163, 12.787030,   89, 0.03,   11, 0.000, 0.000, 0.280, 48
train,    4164, 11.769411,   88, 0.06,   11, 0.000, 0.000, 0.280, 48
train,    4165, 13.290290,   85, 0.03,   11, 0.000, 0.000, 0.280, 48
train,    4166, 13.260404,   88, 0.04,   11, 0.000, 0.000, 0.280, 48
train,    4167, 13.544849,   86, 0.03,   11, 0.000, 0.000, 0.280, 48
train,    4168, 13.137468,   91, 0.04,   12, 0.000, 0.000, 0.280, 48
train,    4169, 14.013282,   93, 0.04,   12, 0.000, 0.000, 0.280, 48
train,    4170, 12.641906,   87, 0.04,   12, 0.000, 0.000, 0.280, 48
train,    4171, 12.588204,   87, 0.05,   11, 0.000, 0.000, 0.280, 48
train,    4172, 12.209568,   90, 0.03,   12, 0.000, 0.000, 0.280, 48
train,    4173, 12.987938,   89, 0.04,   12, 0.000, 0.000, 0.280, 48
train,    4174, 12.900549,   83, 0.05,   12, 0.000, 0.000, 0.280, 48
train,    4175, 13.827143,   94, 0.03,   10, 0.000, 0.000, 0.280, 48
train,    4176, 12.558607,   90, 0.06,   12, 0.000, 0.000, 0.280, 48
train,    4177, 12.628155,   89, 0.06,   11, 0.000, 0.000, 0.280, 48
train,    4178, 12.598951,   87, 0.03,   12, 0.000, 0.000, 0.280, 48
train,    4179, 12.193040,   87, 0.03,   11, 0.000, 0.000, 0.280, 48
train,    4180, 12.784379,   86, 0.06,   12, 0.000, 0.000, 0.280, 48
train,    4181, 12.187833,   89, 0.03,   12, 0.000, 0.000, 0.280, 48
train,    4182, 12.722661,   94, 0.04,   11, 0.000, 0.000, 0.280, 48
train,    4183, 12.433061,   93, 0.04,   11, 0.000, 0.000, 0.280, 48
train,    4184, 12.004659,   87, 0.04,   11, 0.000, 0.000, 0.280, 48
train,    4185, 11.637773,   87, 0.04,   11, 0.000, 0.000, 0.280, 48
train,    4186, 13.113722,   91, 0.03,   11, 0.000, 0.000, 0.280, 48
train,    4187, 12.825956,   86, 0.04,   13, 0.000, 0.000, 0.280, 48
train,    4188, 12.186965,   89, 0.04,   11, 0.000, 0.000, 0.280, 48
train,    4189, 12.744878,   95, 0.04,   12, 0.000, 0.000, 0.280, 48
train,    4190, 12.693794,   86, 0.04,   11, 0.000, 0.000, 0.280, 48
train,    4191, 12.941248,   87, 0.04,   11, 0.000, 0.000, 0.280, 48
train,    4192, 12.896215,   88, 0.04,   12, 0.000, 0.000, 0.280, 48
train,    4193, 13.187900,   87, 0.03,   11, 0.000, 0.000, 0.280, 48
train,    4194, 12.487410,   84, 0.05,   11, 0.000, 0.000, 0.280, 48
train,    4195, 13.583382,   90, 0.04,   11, 0.000, 0.000, 0.280, 48
train,    4196, 13.090356,   94, 0.05,   11, 0.000, 0.000, 0.280, 48
train,    4197, 13.204680,   86, 0.05,   12, 0.000, 0.000, 0.280, 48
train,    4198, 13.573280,   87, 0.05,   10, 0.000, 0.000, 0.280, 48
train,    4199, 13.429695,   93, 0.04,   12, 0.000, 0.000, 0.280, 48
train,    4200, 11.932803,   90, 0.04,   11, 0.000, 0.000, 0.280, 48
update,   4200,   42, 4200, 15.797679, 0.000000
val_t, 4200, 4200, 14.212631, 0.0272,  90.5010,   0.0655, 0.9818,  28.2651, progress 0.9336
train,    4201, 13.938851,   89, 0.05,   12, 0.000, 0.000, 0.280, 48
train,    4202, 12.386859,   87, 0.03,   10, 0.000, 0.000, 0.280, 48
train,    4203, 12.851227,   86, 0.03,   13, 0.000, 0.000, 0.280, 48
train,    4204, 13.539218,   93, 0.05,   11, 0.000, 0.000, 0.280, 48
train,    4205, 13.988268,   88, 0.03,   11, 0.000, 0.000, 0.280, 48
train,    4206, 12.246025,   94, 0.05,   12, 0.000, 0.000, 0.280, 48
train,    4207, 14.361472,   89, 0.06,   11, 0.000, 0.000, 0.280, 48
train,    4208, 12.091096,   89, 0.04,   11, 0.000, 0.000, 0.280, 48
train,    4209, 12.753504,   92, 0.04,   10, 0.000, 0.000, 0.280, 48
train,    4210, 12.832069,   93, 0.03,   11, 0.000, 0.000, 0.280, 48
train,    4211, 12.197674,   92, 0.04,   12, 0.000, 0.000, 0.280, 48
train,    4212, 13.077727,   91, 0.03,   10, 0.000, 0.000, 0.280, 48
train,    4213, 13.143586,   92, 0.03,   10, 0.000, 0.000, 0.280, 48
train,    4214, 13.374739,   91, 0.03,   12, 0.000, 0.000, 0.280, 48
train,    4215, 12.986630,   88, 0.04,   10, 0.000, 0.000, 0.280, 48
train,    4216, 13.819461,   87, 0.05,   11, 0.000, 0.000, 0.280, 48
train,    4217, 13.304286,   92, 0.03,   11, 0.000, 0.000, 0.280, 48
train,    4218, 11.829535,   90, 0.04,   12, 0.000, 0.000, 0.280, 48
train,    4219, 12.761020,   92, 0.05,   11, 0.000, 0.000, 0.280, 48
train,    4220, 12.989629,   89, 0.03,   10, 0.000, 0.000, 0.280, 48
train,    4221, 13.789350,   87, 0.04,   10, 0.000, 0.000, 0.280, 48
train,    4222, 12.798690,   90, 0.05,   11, 0.000, 0.000, 0.280, 48
train,    4223, 13.071217,   92, 0.03,   12, 0.000, 0.000, 0.280, 48
train,    4224, 13.571148,   88, 0.04,   12, 0.000, 0.000, 0.280, 48
train,    4225, 13.263984,   90, 0.04,   11, 0.000, 0.000, 0.280, 48
train,    4226, 13.215605,   92, 0.04,   11, 0.000, 0.000, 0.280, 48
train,    4227, 13.944356,   89, 0.04,   10, 0.000, 0.000, 0.280, 48
train,    4228, 11.641757,   91, 0.03,   10, 0.000, 0.000, 0.280, 48
train,    4229, 13.674152,   90, 0.03,   12, 0.000, 0.000, 0.280, 48
train,    4230, 13.925833,   93, 0.04,   11, 0.000, 0.000, 0.280, 48
train,    4231, 13.151501,   89, 0.04,   12, 0.000, 0.000, 0.280, 48
train,    4232, 12.283479,   94, 0.04,   13, 0.000, 0.000, 0.280, 48
train,    4233, 14.079871,   94, 0.03,   11, 0.000, 0.000, 0.280, 48
train,    4234, 13.640455,   94, 0.05,   11, 0.000, 0.000, 0.280, 48
train,    4235, 13.275130,   89, 0.03,   12, 0.000, 0.000, 0.280, 48
train,    4236, 13.810344,   90, 0.04,   12, 0.000, 0.000, 0.280, 48
train,    4237, 13.450111,   89, 0.06,   12, 0.000, 0.000, 0.280, 48
train,    4238, 13.920980,   91, 0.05,   10, 0.000, 0.000, 0.280, 48
train,    4239, 13.008376,   92, 0.05,   11, 0.000, 0.000, 0.280, 48
train,    4240, 13.757418,   91, 0.03,   10, 0.000, 0.000, 0.280, 48
train,    4241, 13.628479,   88, 0.04,   10, 0.000, 0.000, 0.280, 48
train,    4242, 13.586174,   89, 0.04,   13, 0.000, 0.000, 0.280, 48
train,    4243, 12.630683,   92, 0.03,   12, 0.000, 0.000, 0.280, 48
train,    4244, 13.087682,   88, 0.05,   12, 0.000, 0.000, 0.280, 48
train,    4245, 13.658306,   84, 0.04,   10, 0.000, 0.000, 0.280, 48
train,    4246, 13.834217,   86, 0.03,   12, 0.000, 0.000, 0.280, 48
train,    4247, 13.794043,   89, 0.05,   12, 0.000, 0.000, 0.280, 48
train,    4248, 14.353363,   92, 0.04,   12, 0.000, 0.000, 0.280, 48
train,    4249, 13.834476,   86, 0.04,   11, 0.000, 0.000, 0.280, 48
train,    4250, 13.580193,   92, 0.05,   12, 0.000, 0.000, 0.280, 48
train,    4251, 13.153692,   92, 0.05,   10, 0.000, 0.000, 0.280, 48
train,    4252, 13.913104,   94, 0.03,   11, 0.000, 0.000, 0.280, 48
train,    4253, 13.723874,   91, 0.06,   11, 0.000, 0.000, 0.280, 48
train,    4254, 13.005918,   87, 0.05,   12, 0.000, 0.000, 0.280, 48
train,    4255, 13.796566,   89, 0.04,   11, 0.000, 0.000, 0.280, 48
train,    4256, 13.883349,   94, 0.04,   11, 0.000, 0.000, 0.280, 48
train,    4257, 13.001791,   86, 0.04,   11, 0.000, 0.000, 0.280, 48
train,    4258, 13.897760,   89, 0.03,   10, 0.000, 0.000, 0.280, 48
train,    4259, 14.594823,   93, 0.04,   11, 0.000, 0.000, 0.280, 48
train,    4260, 13.725801,   92, 0.03,   12, 0.000, 0.000, 0.280, 48
train,    4261, 14.154626,   84, 0.04,   11, 0.000, 0.000, 0.280, 48
train,    4262, 14.857665,   88, 0.03,   11, 0.000, 0.000, 0.280, 48
train,    4263, 13.589512,   87, 0.03,   11, 0.000, 0.000, 0.280, 48
train,    4264, 14.422365,   87, 0.04,   10, 0.000, 0.000, 0.280, 48
train,    4265, 13.006435,   86, 0.05,   10, 0.000, 0.000, 0.280, 48
train,    4266, 14.575399,   89, 0.05,   11, 0.000, 0.000, 0.280, 48
train,    4267, 15.122519,   86, 0.03,   10, 0.000, 0.000, 0.280, 48
train,    4268, 13.811231,   92, 0.04,   11, 0.000, 0.000, 0.280, 48
train,    4269, 13.917010,   91, 0.04,   11, 0.000, 0.000, 0.280, 48
train,    4270, 13.371545,   92, 0.05,   10, 0.000, 0.000, 0.280, 48
train,    4271, 13.782694,   93, 0.05,   12, 0.000, 0.000, 0.280, 48
train,    4272, 12.794244,   91, 0.05,   10, 0.000, 0.000, 0.280, 48
train,    4273, 14.196205,   94, 0.03,   11, 0.000, 0.000, 0.280, 48
train,    4274, 13.845159,   93, 0.02,   13, 0.000, 0.000, 0.280, 48
train,    4275, 14.139703,   88, 0.05,   12, 0.000, 0.000, 0.280, 48
train,    4276, 14.002040,   88, 0.05,   11, 0.000, 0.000, 0.280, 48
train,    4277, 16.343677,   85, 0.05,   12, 0.000, 0.000, 0.280, 48
train,    4278, 13.546506,   89, 0.04,   10, 0.000, 0.000, 0.280, 48
train,    4279, 13.873415,   85, 0.06,   11, 0.000, 0.000, 0.280, 48
train,    4280, 14.508567,   90, 0.06,   12, 0.000, 0.000, 0.280, 48
train,    4281, 13.826257,   92, 0.04,   11, 0.000, 0.000, 0.280, 48
train,    4282, 14.353941,   88, 0.04,   11, 0.000, 0.000, 0.280, 48
train,    4283, 13.558873,   91, 0.03,   12, 0.000, 0.000, 0.280, 48
train,    4284, 15.084872,   89, 0.04,   11, 0.000, 0.000, 0.280, 48
train,    4285, 13.981673,   92, 0.05,   11, 0.000, 0.000, 0.280, 48
train,    4286, 14.394963,   90, 0.02,   11, 0.000, 0.000, 0.280, 48
train,    4287, 14.307347,   91, 0.03,   11, 0.000, 0.000, 0.280, 48
train,    4288, 13.517816,   89, 0.04,   11, 0.000, 0.000, 0.280, 48
train,    4289, 15.157765,   86, 0.06,   12, 0.000, 0.000, 0.280, 48
train,    4290, 13.545019,   89, 0.04,   11, 0.000, 0.000, 0.280, 48
train,    4291, 15.103804,   87, 0.01,   12, 0.000, 0.000, 0.280, 48
train,    4292, 13.153195,   89, 0.04,   12, 0.000, 0.000, 0.280, 48
train,    4293, 15.428323,   93, 0.06,   12, 0.000, 0.000, 0.280, 48
train,    4294, 14.590188,   90, 0.04,   10, 0.000, 0.000, 0.280, 48
train,    4295, 14.673303,   91, 0.03,   11, 0.000, 0.000, 0.280, 48
train,    4296, 14.274370,   95, 0.03,   11, 0.000, 0.000, 0.280, 48
train,    4297, 15.016630,   91, 0.04,   12, 0.000, 0.000, 0.280, 48
train,    4298, 14.831005,   87, 0.04,   11, 0.000, 0.000, 0.280, 48
train,    4299, 14.007366,   90, 0.03,   10, 0.000, 0.000, 0.280, 48
train,    4300, 15.005617,   89, 0.04,   11, 0.000, 0.000, 0.280, 48
update,   4300,   43, 4300, 16.120910, 0.000000
val_t, 4300, 4300, 14.534971, 0.0066,  85.2619,   0.0786, 0.9699,  28.4793, progress 0.9698
train,    4301, 15.061846,   88, 0.04,   11, 0.000, 0.000, 0.280, 48
train,    4302, 15.455289,   90, 0.05,   12, 0.000, 0.000, 0.280, 48
train,    4303, 14.491343,   95, 0.03,   12, 0.000, 0.000, 0.280, 48
train,    4304, 14.980470,   93, 0.03,   11, 0.000, 0.000, 0.280, 48
train,    4305, 14.474641,   95, 0.04,   11, 0.000, 0.000, 0.280, 48
train,    4306, 15.008177,   87, 0.05,   10, 0.000, 0.000, 0.280, 48
train,    4307, 15.170822,   86, 0.05,   12, 0.000, 0.000, 0.280, 48
train,    4308, 15.098517,   94, 0.05,   11, 0.000, 0.000, 0.280, 48
train,    4309, 14.333737,   90, 0.06,   12, 0.000, 0.000, 0.280, 48
train,    4310, 15.500911,   90, 0.02,   13, 0.000, 0.000, 0.280, 48
train,    4311, 14.659861,   91, 0.04,   10, 0.000, 0.000, 0.280, 48
train,    4312, 14.682509,   94, 0.01,   12, 0.000, 0.000, 0.280, 48
train,    4313, 15.066532,   94, 0.03,   11, 0.000, 0.000, 0.280, 48
train,    4314, 14.544521,   87, 0.04,   11, 0.000, 0.000, 0.280, 48
train,    4315, 15.084093,   91, 0.04,   11, 0.000, 0.000, 0.280, 48
train,    4316, 15.898536,   93, 0.03,   12, 0.000, 0.000, 0.280, 48
train,    4317, 15.277447,   89, 0.03,   12, 0.000, 0.000, 0.280, 48
train,    4318, 15.164403,   88, 0.03,   11, 0.000, 0.000, 0.280, 48
train,    4319, 15.858752,   87, 0.05,   10, 0.000, 0.000, 0.280, 48
train,    4320, 14.810136,   90, 0.04,   11, 0.000, 0.000, 0.280, 48
train,    4321, 14.854617,   87, 0.05,   12, 0.000, 0.000, 0.280, 48
train,    4322, 15.256617,   91, 0.05,   12, 0.000, 0.000, 0.280, 48
train,    4323, 14.382209,   86, 0.04,   11, 0.000, 0.000, 0.280, 48
train,    4324, 15.811928,   87, 0.03,   11, 0.000, 0.000, 0.280, 48
train,    4325, 15.076600,   95, 0.04,   11, 0.000, 0.000, 0.280, 48
train,    4326, 15.930531,   88, 0.02,   11, 0.000, 0.000, 0.280, 48
train,    4327, 15.658032,   90, 0.07,   10, 0.000, 0.000, 0.280, 48
train,    4328, 15.099474,   91, 0.04,   11, 0.000, 0.000, 0.280, 48
train,    4329, 15.477641,   89, 0.04,   11, 0.000, 0.000, 0.280, 48
train,    4330, 16.437526,   87, 0.03,   12, 0.000, 0.000, 0.280, 48
train,    4331, 14.749524,   89, 0.04,   12, 0.000, 0.000, 0.280, 48
train,    4332, 15.906081,   90, 0.03,   13, 0.000, 0.000, 0.280, 48
train,    4333, 15.130724,   89, 0.02,   11, 0.000, 0.000, 0.280, 48
train,    4334, 14.743514,   91, 0.03,   12, 0.000, 0.000, 0.280, 48
train,    4335, 15.853597,   87, 0.04,   12, 0.000, 0.000, 0.280, 48
train,    4336, 15.384126,   91, 0.05,   12, 0.000, 0.000, 0.280, 48
train,    4337, 15.021246,   86, 0.05,   11, 0.000, 0.000, 0.280, 48
train,    4338, 15.984328,   93, 0.05,   13, 0.000, 0.000, 0.280, 48
train,    4339, 15.531797,   90, 0.05,   10, 0.000, 0.000, 0.280, 48
train,    4340, 16.186214,   94, 0.04,   10, 0.000, 0.000, 0.280, 48
train,    4341, 15.481490,   88, 0.05,   11, 0.000, 0.000, 0.280, 48
train,    4342, 15.769041,   90, 0.06,   11, 0.000, 0.000, 0.280, 48
train,    4343, 14.493752,   85, 0.05,   12, 0.000, 0.000, 0.280, 48
train,    4344, 15.943445,   90, 0.06,   12, 0.000, 0.000, 0.280, 48
train,    4345, 16.637881,   92, 0.01,   11, 0.000, 0.000, 0.280, 48
train,    4346, 16.109338,   87, 0.06,   11, 0.000, 0.000, 0.280, 48
train,    4347, 16.448339,   93, 0.05,   11, 0.000, 0.000, 0.280, 48
train,    4348, 16.638460,   89, 0.01,   13, 0.000, 0.000, 0.280, 48
train,    4349, 15.412801,   93, 0.05,   12, 0.000, 0.000, 0.280, 48
train,    4350, 15.479670,   89, 0.03,   12, 0.000, 0.000, 0.280, 48
train,    4351, 16.275915,   90, 0.05,   11, 0.000, 0.000, 0.280, 48
train,    4352, 15.558783,   86, 0.03,   12, 0.000, 0.000, 0.280, 48
train,    4353, 15.673845,   91, 0.03,   10, 0.000, 0.000, 0.280, 48
train,    4354, 16.586182,   91, 0.03,   12, 0.000, 0.000, 0.280, 48
train,    4355, 16.232151,   87, 0.04,   10, 0.000, 0.000, 0.280, 48
train,    4356, 16.382770,   91, 0.04,   10, 0.000, 0.000, 0.280, 48
train,    4357, 15.541698,   92, 0.04,   10, 0.000, 0.000, 0.280, 48
train,    4358, 16.433139,   92, 0.03,   12, 0.000, 0.000, 0.280, 48
train,    4359, 16.562326,   92, 0.03,   11, 0.000, 0.000, 0.280, 48
train,    4360, 16.603506,   89, 0.03,   12, 0.000, 0.000, 0.280, 48
train,    4361, 16.218244,   86, 0.03,   10, 0.000, 0.000, 0.280, 48
train,    4362, 15.257008,   94, 0.04,   11, 0.000, 0.000, 0.280, 48
train,    4363, 15.977456,   90, 0.05,   11, 0.000, 0.000, 0.280, 48
train,    4364, 15.609235,   93, 0.04,   10, 0.000, 0.000, 0.280, 48
train,    4365, 14.939092,   90, 0.05,   13, 0.000, 0.000, 0.280, 48
train,    4366, 15.639830,   93, 0.04,   11, 0.000, 0.000, 0.280, 48
train,    4367, 15.841298,   90, 0.03,   10, 0.000, 0.000, 0.280, 48
train,    4368, 16.635521,   94, 0.03,   11, 0.000, 0.000, 0.280, 48
train,    4369, 15.678522,   89, 0.04,   11, 0.000, 0.000, 0.280, 48
train,    4370, 16.575364,   88, 0.03,   12, 0.000, 0.000, 0.280, 48
train,    4371, 15.262095,   89, 0.03,   11, 0.000, 0.000, 0.280, 48
train,    4372, 15.474354,   89, 0.05,   12, 0.000, 0.000, 0.280, 48
train,    4373, 15.950913,   93, 0.03,   12, 0.000, 0.000, 0.280, 48
train,    4374, 16.499818,   89, 0.04,   10, 0.000, 0.000, 0.280, 48
train,    4375, 16.186148,   93, 0.04,   11, 0.000, 0.000, 0.280, 48
train,    4376, 17.040077,   91, 0.02,   10, 0.000, 0.000, 0.280, 48
train,    4377, 15.258290,   85, 0.03,   12, 0.000, 0.000, 0.280, 48
train,    4378, 16.837226,   89, 0.03,   11, 0.000, 0.000, 0.280, 48
train,    4379, 17.330350,   86, 0.04,   12, 0.000, 0.000, 0.280, 48
train,    4380, 16.445031,   89, 0.03,   12, 0.000, 0.000, 0.280, 48
train,    4381, 16.609686,   89, 0.05,   13, 0.000, 0.000, 0.280, 48
train,    4382, 15.442518,   88, 0.05,   11, 0.000, 0.000, 0.280, 48
train,    4383, 16.400299,   88, 0.04,   10, 0.000, 0.000, 0.280, 48
train,    4384, 16.262174,   92, 0.03,   11, 0.000, 0.000, 0.280, 48
train,    4385, 15.724505,   91, 0.04,   12, 0.000, 0.000, 0.280, 48
train,    4386, 16.347215,   89, 0.02,   12, 0.000, 0.000, 0.280, 48
train,    4387, 15.828338,   89, 0.06,   11, 0.000, 0.000, 0.280, 48
train,    4388, 16.975754,   94, 0.05,   12, 0.000, 0.000, 0.280, 48
train,    4389, 16.756935,   92, 0.04,   11, 0.000, 0.000, 0.280, 48
train,    4390, 15.764860,   88, 0.05,   12, 0.000, 0.000, 0.280, 48
train,    4391, 16.384849,   90, 0.05,   13, 0.000, 0.000, 0.280, 48
train,    4392, 16.396736,   89, 0.06,   10, 0.000, 0.000, 0.280, 48
train,    4393, 14.746205,   91, 0.04,   11, 0.000, 0.000, 0.280, 48
train,    4394, 15.709186,   90, 0.03,   12, 0.000, 0.000, 0.280, 48
train,    4395, 16.239270,   92, 0.04,   12, 0.000, 0.000, 0.280, 48
train,    4396, 15.762074,   87, 0.02,   10, 0.000, 0.000, 0.280, 48
train,    4397, 15.729432,   91, 0.03,   10, 0.000, 0.000, 0.280, 48
train,    4398, 16.789146,   88, 0.03,   10, 0.000, 0.000, 0.280, 48
train,    4399, 15.706399,   87, 0.04,   13, 0.000, 0.000, 0.280, 48
train,    4400, 16.272517,   90, 0.04,   12, 0.000, 0.000, 0.280, 48
update,   4400,   44, 4400, 15.031343, 0.000000
val_t, 4400, 4400, 14.490547, 0.0181,  91.7552,   0.0777, 0.9761,  28.3702, progress 0.9457
train,    4401, 17.389362,   93, 0.04,   13, 0.000, 0.000, 0.280, 48
train,    4402, 16.155851,   86, 0.04,   10, 0.000, 0.000, 0.280, 48
train,    4403, 17.141158,   91, 0.03,   10, 0.000, 0.000, 0.280, 48
train,    4404, 16.321811,   92, 0.08,   11, 0.000, 0.000, 0.280, 48
train,    4405, 16.047213,   94, 0.05,   12, 0.000, 0.000, 0.280, 48
train,    4406, 17.740452,   87, 0.05,   10, 0.000, 0.000, 0.280, 48
train,    4407, 17.037386,   92, 0.04,   10, 0.000, 0.000, 0.280, 48
train,    4408, 17.187122,   88, 0.05,   13, 0.000, 0.000, 0.280, 48
train,    4409, 16.762922,   95, 0.04,   12, 0.000, 0.000, 0.280, 48
train,    4410, 16.769476,   87, 0.04,   12, 0.000, 0.000, 0.280, 48
train,    4411, 17.769790,   91, 0.05,   12, 0.000, 0.000, 0.280, 48
train,    4412, 16.925147,   87, 0.02,   12, 0.000, 0.000, 0.280, 48
train,    4413, 17.802517,   88, 0.04,   11, 0.000, 0.000, 0.280, 48
train,    4414, 16.975410,   90, 0.03,   13, 0.000, 0.000, 0.280, 48
train,    4415, 16.628257,   89, 0.04,   12, 0.000, 0.000, 0.280, 48
train,    4416, 16.965542,   94, 0.04,   13, 0.000, 0.000, 0.280, 48
train,    4417, 16.715010,   85, 0.05,   11, 0.000, 0.000, 0.280, 48
train,    4418, 17.855752,   89, 0.04,   11, 0.000, 0.000, 0.280, 48
train,    4419, 17.331616,   85, 0.05,   12, 0.000, 0.000, 0.280, 48
train,    4420, 16.244759,   90, 0.03,   11, 0.000, 0.000, 0.280, 48
train,    4421, 16.659179,   90, 0.05,   12, 0.000, 0.000, 0.280, 48
train,    4422, 17.315432,   88, 0.06,   12, 0.000, 0.000, 0.280, 48
train,    4423, 16.423812,   92, 0.04,   10, 0.000, 0.000, 0.280, 48
train,    4424, 16.599171,   87, 0.04,   11, 0.000, 0.000, 0.280, 48
train,    4425, 16.089859,   87, 0.02,   13, 0.000, 0.000, 0.280, 48
train,    4426, 17.326267,   86, 0.04,   10, 0.000, 0.000, 0.280, 48
train,    4427, 16.451275,   93, 0.05,   12, 0.000, 0.000, 0.280, 48
train,    4428, 17.936879,   89, 0.04,   12, 0.000, 0.000, 0.280, 48
train,    4429, 17.907178,   86, 0.03,   10, 0.000, 0.000, 0.280, 48
train,    4430, 16.398728,   92, 0.04,   12, 0.000, 0.000, 0.280, 48
train,    4431, 17.038150,   91, 0.04,   11, 0.000, 0.000, 0.280, 48
train,    4432, 17.597603,   95, 0.04,   10, 0.000, 0.000, 0.280, 48
train,    4433, 16.789491,   91, 0.05,   12, 0.000, 0.000, 0.280, 48
train,    4434, 15.535985,   90, 0.03,   12, 0.000, 0.000, 0.280, 48
train,    4435, 17.921996,   88, 0.04,   10, 0.000, 0.000, 0.280, 48
train,    4436, 16.414412,   84, 0.05,   11, 0.000, 0.000, 0.280, 48
train,    4437, 16.563647,   84, 0.05,   11, 0.000, 0.000, 0.280, 48
train,    4438, 16.685255,   92, 0.03,   11, 0.000, 0.000, 0.280, 48
train,    4439, 17.419002,   90, 0.05,   11, 0.000, 0.000, 0.280, 48
train,    4440, 18.450061,   98, 0.02,   11, 0.000, 0.000, 0.280, 48
train,    4441, 17.575316,   90, 0.04,   11, 0.000, 0.000, 0.280, 48
train,    4442, 17.495244,   89, 0.03,   11, 0.000, 0.000, 0.280, 48
train,    4443, 17.266343,   92, 0.03,   10, 0.000, 0.000, 0.280, 48
train,    4444, 16.826622,   95, 0.03,   11, 0.000, 0.000, 0.280, 48
train,    4445, 16.896519,   87, 0.02,   11, 0.000, 0.000, 0.280, 48
train,    4446, 17.514269,   90, 0.03,   12, 0.000, 0.000, 0.280, 48
train,    4447, 17.371318,   91, 0.02,   10, 0.000, 0.000, 0.280, 48
train,    4448, 17.216710,   92, 0.02,   12, 0.000, 0.000, 0.280, 48
train,    4449, 16.832133,   89, 0.03,   12, 0.000, 0.000, 0.280, 48
train,    4450, 16.986827,   90, 0.03,   11, 0.000, 0.000, 0.280, 48
train,    4451, 17.199814,   88, 0.04,   11, 0.000, 0.000, 0.280, 48
train,    4452, 16.501352,   87, 0.04,   11, 0.000, 0.000, 0.280, 48
train,    4453, 17.629418,   88, 0.04,   11, 0.000, 0.000, 0.280, 48
train,    4454, 17.379973,   88, 0.06,   11, 0.000, 0.000, 0.280, 48
train,    4455, 17.942287,   89, 0.07,   12, 0.000, 0.000, 0.280, 48
train,    4456, 18.027171,   95, 0.03,   10, 0.000, 0.000, 0.280, 48
train,    4457, 16.897428,   88, 0.04,   11, 0.000, 0.000, 0.280, 48
train,    4458, 18.114078,   91, 0.02,   10, 0.000, 0.000, 0.280, 48
train,    4459, 17.916868,   90, 0.04,   12, 0.000, 0.000, 0.280, 48
train,    4460, 16.835358,   87, 0.03,   10, 0.000, 0.000, 0.280, 48
train,    4461, 16.924373,   88, 0.03,   12, 0.000, 0.000, 0.280, 48
train,    4462, 17.383665,   92, 0.05,   12, 0.000, 0.000, 0.280, 48
train,    4463, 17.279574,   89, 0.04,   12, 0.000, 0.000, 0.280, 48
train,    4464, 16.806711,   93, 0.04,   12, 0.000, 0.000, 0.280, 48
train,    4465, 15.676497,   88, 0.03,   11, 0.000, 0.000, 0.280, 48
train,    4466, 16.492759,   88, 0.05,   11, 0.000, 0.000, 0.280, 48
train,    4467, 17.721375,   92, 0.00,   12, 0.000, 0.000, 0.280, 48
train,    4468, 16.921428,   90, 0.04,   11, 0.000, 0.000, 0.280, 48
train,    4469, 16.476799,   87, 0.05,   11, 0.000, 0.000, 0.280, 48
train,    4470, 17.944985,   94, 0.02,   12, 0.000, 0.000, 0.280, 48
train,    4471, 17.365284,   88, 0.04,   11, 0.000, 0.000, 0.280, 48
train,    4472, 17.505031,   87, 0.04,   11, 0.000, 0.000, 0.280, 48
train,    4473, 17.906908,   91, 0.01,   12, 0.000, 0.000, 0.280, 48
train,    4474, 18.044732,   93, 0.06,   11, 0.000, 0.000, 0.280, 48
train,    4475, 17.035188,   90, 0.05,   11, 0.000, 0.000, 0.280, 48
train,    4476, 18.057371,   95, 0.03,   12, 0.000, 0.000, 0.280, 48
train,    4477, 17.565567,   90, 0.04,   11, 0.000, 0.000, 0.280, 48
train,    4478, 18.404395,   93, 0.04,   12, 0.000, 0.000, 0.280, 48
train,    4479, 17.457035,   89, 0.05,   11, 0.000, 0.000, 0.280, 48
train,    4480, 17.303944,   91, 0.05,   12, 0.000, 0.000, 0.280, 48
train,    4481, 17.009048,   95, 0.05,   10, 0.000, 0.000, 0.280, 48
train,    4482, 16.913968,   92, 0.04,   12, 0.000, 0.000, 0.280, 48
train,    4483, 17.404001,   89, 0.04,   12, 0.000, 0.000, 0.280, 48
train,    4484, 16.522604,   89, 0.03,   11, 0.000, 0.000, 0.280, 48
train,    4485, 18.003215,   91, 0.06,   11, 0.000, 0.000, 0.280, 48
train,    4486, 17.270302,   88, 0.06,   11, 0.000, 0.000, 0.280, 48
train,    4487, 17.684901,   92, 0.05,   12, 0.000, 0.000, 0.280, 48
train,    4488, 16.562815,   90, 0.04,   11, 0.000, 0.000, 0.280, 48
train,    4489, 17.802955,   89, 0.04,   13, 0.000, 0.000, 0.280, 48
train,    4490, 16.784813,   92, 0.04,   10, 0.000, 0.000, 0.280, 48
train,    4491, 17.017144,   93, 0.03,   12, 0.000, 0.000, 0.280, 48
train,    4492, 17.377701,   88, 0.05,   11, 0.000, 0.000, 0.280, 48
train,    4493, 17.183498,   90, 0.05,   11, 0.000, 0.000, 0.280, 48
train,    4494, 17.402652,   90, 0.06,   11, 0.000, 0.000, 0.280, 48
train,    4495, 18.041016,   90, 0.03,   13, 0.000, 0.000, 0.280, 48
train,    4496, 16.463153,   88, 0.04,   11, 0.000, 0.000, 0.280, 48
train,    4497, 17.908274,   91, 0.04,   12, 0.000, 0.000, 0.280, 48
train,    4498, 17.391659,   90, 0.06,   11, 0.000, 0.000, 0.280, 48
train,    4499, 16.497817,   90, 0.04,   11, 0.000, 0.000, 0.280, 48
train,    4500, 17.841514,   89, 0.05,   11, 0.000, 0.000, 0.280, 48
update,   4500,   45, 4500, 17.199125, 0.000000
val_t, 4500, 4500, 15.235405, 0.0257,  85.7043,   0.0670, 0.9743,  28.3993, progress 0.9638
train,    4501, 17.273197,   84, 0.04,   11, 0.000, 0.000, 0.280, 48
train,    4502, 17.635615,   88, 0.03,   12, 0.000, 0.000, 0.280, 48
train,    4503, 16.693747,   89, 0.03,   13, 0.000, 0.000, 0.280, 48
train,    4504, 16.967537,   88, 0.04,   11, 0.000, 0.000, 0.280, 48
train,    4505, 16.335678,   87, 0.05,   11, 0.000, 0.000, 0.280, 48
train,    4506, 17.704147,   86, 0.04,   12, 0.000, 0.000, 0.280, 48
train,    4507, 16.953380,   94, 0.06,   12, 0.000, 0.000, 0.280, 48
train,    4508, 17.198098,   91, 0.05,   12, 0.000, 0.000, 0.280, 48
train,    4509, 16.731201,   93, 0.03,   10, 0.000, 0.000, 0.280, 48
train,    4510, 17.955412,   93, 0.03,   12, 0.000, 0.000, 0.280, 48
train,    4511, 16.693346,   91, 0.05,   11, 0.000, 0.000, 0.280, 48
train,    4512, 17.175965,   89, 0.03,   12, 0.000, 0.000, 0.280, 48
train,    4513, 17.392435,   90, 0.04,    9, 0.000, 0.000, 0.280, 48
train,    4514, 16.932355,   93, 0.03,   12, 0.000, 0.000, 0.280, 48
train,    4515, 17.849025,   94, 0.06,   11, 0.000, 0.000, 0.280, 48
train,    4516, 17.153252,   92, 0.05,   11, 0.000, 0.000, 0.280, 48
train,    4517, 16.812370,   88, 0.03,   10, 0.000, 0.000, 0.280, 48
train,    4518, 17.285800,   93, 0.04,   10, 0.000, 0.000, 0.280, 48
train,    4519, 16.400115,   88, 0.04,   13, 0.000, 0.000, 0.280, 48
train,    4520, 17.490579,   87, 0.04,   11, 0.000, 0.000, 0.280, 48
train,    4521, 17.787148,   93, 0.03,   11, 0.000, 0.000, 0.280, 48
train,    4522, 17.638033,   90, 0.03,    9, 0.000, 0.000, 0.280, 48
train,    4523, 17.079547,   94, 0.01,   12, 0.000, 0.000, 0.280, 48
train,    4524, 16.627728,   93, 0.04,   11, 0.000, 0.000, 0.280, 48
train,    4525, 16.996819,   92, 0.04,   11, 0.000, 0.000, 0.280, 48
train,    4526, 17.396508,   92, 0.03,   12, 0.000, 0.000, 0.280, 48
train,    4527, 16.303546,   87, 0.04,   11, 0.000, 0.000, 0.280, 48
train,    4528, 16.869516,   88, 0.01,   11, 0.000, 0.000, 0.280, 48
train,    4529, 17.027364,   95, 0.04,   11, 0.000, 0.000, 0.280, 48
train,    4530, 16.452786,   89, 0.03,   12, 0.000, 0.000, 0.280, 48
train,    4531, 16.985272,   88, 0.05,   11, 0.000, 0.000, 0.280, 48
train,    4532, 16.762635,   89, 0.05,   11, 0.000, 0.000, 0.280, 48
train,    4533, 16.813126,   94, 0.04,   12, 0.000, 0.000, 0.280, 48
train,    4534, 16.783238,   91, 0.04,   11, 0.000, 0.000, 0.280, 48
train,    4535, 16.616635,   92, 0.01,   12, 0.000, 0.000, 0.280, 48
train,    4536, 17.187450,   90, 0.05,    9, 0.000, 0.000, 0.280, 48
train,    4537, 16.792999,   89, 0.04,   12, 0.000, 0.000, 0.280, 48
train,    4538, 16.096486,   91, 0.02,   11, 0.000, 0.000, 0.280, 48
train,    4539, 16.146046,   93, 0.04,   12, 0.000, 0.000, 0.280, 48
train,    4540, 16.767368,   88, 0.04,   10, 0.000, 0.000, 0.280, 48
train,    4541, 16.117595,   91, 0.05,   12, 0.000, 0.000, 0.280, 48
train,    4542, 16.387291,   92, 0.03,   10, 0.000, 0.000, 0.280, 48
train,    4543, 16.492917,   92, 0.05,   12, 0.000, 0.000, 0.280, 48
train,    4544, 17.224624,   87, 0.03,   12, 0.000, 0.000, 0.280, 48
train,    4545, 16.398355,   88, 0.06,   12, 0.000, 0.000, 0.280, 48
train,    4546, 17.367699,   91, 0.03,   11, 0.000, 0.000, 0.280, 48
train,    4547, 17.303578,   89, 0.04,   11, 0.000, 0.000, 0.280, 48
train,    4548, 15.657821,   87, 0.05,   11, 0.000, 0.000, 0.280, 48
train,    4549, 16.151526,   89, 0.05,   11, 0.000, 0.000, 0.280, 48
train,    4550, 17.484051,   93, 0.03,   11, 0.000, 0.000, 0.280, 48
train,    4551, 17.739188,   90, 0.06,   12, 0.000, 0.000, 0.280, 48
train,    4552, 16.925630,   90, 0.04,   11, 0.000, 0.000, 0.280, 48
train,    4553, 17.055683,   92, 0.07,   12, 0.000, 0.000, 0.280, 48
train,    4554, 16.913936,   94, 0.05,   11, 0.000, 0.000, 0.280, 48
train,    4555, 17.607918,   89, 0.04,   12, 0.000, 0.000, 0.280, 48
train,    4556, 16.431411,   88, 0.01,   13, 0.000, 0.000, 0.280, 48
train,    4557, 16.906079,   87, 0.03,   11, 0.000, 0.000, 0.280, 48
train,    4558, 16.985781,   90, 0.03,   11, 0.000, 0.000, 0.280, 48
train,    4559, 16.898903,   93, 0.03,   12, 0.000, 0.000, 0.280, 48
train,    4560, 17.274686,   93, 0.04,   12, 0.000, 0.000, 0.280, 48
train,    4561, 17.239070,   93, 0.06,   11, 0.000, 0.000, 0.280, 48
train,    4562, 16.882417,   86, 0.02,   11, 0.000, 0.000, 0.280, 48
train,    4563, 15.713633,   93, 0.05,   12, 0.000, 0.000, 0.280, 48
train,    4564, 15.636474,   89, 0.03,   11, 0.000, 0.000, 0.280, 48
train,    4565, 16.391657,   88, 0.04,   12, 0.000, 0.000, 0.280, 48
train,    4566, 16.524351,   87, 0.04,   12, 0.000, 0.000, 0.280, 48
train,    4567, 16.234436,   87, 0.05,   12, 0.000, 0.000, 0.280, 48
train,    4568, 15.984423,   93, 0.04,   11, 0.000, 0.000, 0.280, 48
train,    4569, 16.362826,   91, 0.04,   12, 0.000, 0.000, 0.280, 48
train,    4570, 16.622206,   94, 0.03,   12, 0.000, 0.000, 0.280, 48
train,    4571, 16.201433,   87, 0.04,   12, 0.000, 0.000, 0.280, 48
train,    4572, 16.779184,   93, 0.04,   11, 0.000, 0.000, 0.280, 48
train,    4573, 15.610740,   96, 0.02,   12, 0.000, 0.000, 0.280, 48
train,    4574, 15.879547,   93, 0.05,   12, 0.000, 0.000, 0.280, 48
train,    4575, 16.984395,   91, 0.06,   12, 0.000, 0.000, 0.280, 48
train,    4576, 17.261102,   91, 0.05,   12, 0.000, 0.000, 0.280, 48
train,    4577, 16.501316,   88, 0.03,   12, 0.000, 0.000, 0.280, 48
train,    4578, 15.680000,   88, 0.05,   12, 0.000, 0.000, 0.280, 48
train,    4579, 16.017095,   90, 0.04,   12, 0.000, 0.000, 0.280, 48
train,    4580, 16.992799,   91, 0.04,   11, 0.000, 0.000, 0.280, 48
train,    4581, 16.559267,   92, 0.05,   10, 0.000, 0.000, 0.280, 48
train,    4582, 16.103581,   92, 0.03,   12, 0.000, 0.000, 0.280, 48
train,    4583, 16.004514,   92, 0.03,   12, 0.000, 0.000, 0.280, 48
train,    4584, 17.237250,   94, 0.03,   10, 0.000, 0.000, 0.280, 48
train,    4585, 16.354128,   88, 0.05,   10, 0.000, 0.000, 0.280, 48
train,    4586, 17.225526,   94, 0.05,   11, 0.000, 0.000, 0.280, 48
train,    4587, 15.339932,   88, 0.03,   10, 0.000, 0.000, 0.280, 48
train,    4588, 16.972057,   92, 0.03,   13, 0.000, 0.000, 0.280, 48
train,    4589, 16.475963,   87, 0.03,   11, 0.000, 0.000, 0.280, 48
train,    4590, 16.621718,   93, 0.04,   11, 0.000, 0.000, 0.280, 48
train,    4591, 17.901788,   92, 0.05,   11, 0.000, 0.000, 0.280, 48
train,    4592, 16.103327,   90, 0.05,   11, 0.000, 0.000, 0.280, 48
train,    4593, 15.114152,   89, 0.04,   11, 0.000, 0.000, 0.280, 48
train,    4594, 15.590157,   92, 0.05,   12, 0.000, 0.000, 0.280, 48
train,    4595, 16.232789,   89, 0.03,   11, 0.000, 0.000, 0.280, 48
train,    4596, 15.684216,   95, 0.05,   11, 0.000, 0.000, 0.280, 48
train,    4597, 16.563317,   93, 0.02,   11, 0.000, 0.000, 0.280, 48
train,    4598, 16.391632,   93, 0.04,   12, 0.000, 0.000, 0.280, 48
train,    4599, 16.287382,   95, 0.02,   11, 0.000, 0.000, 0.280, 48
train,    4600, 15.755306,   92, 0.04,   11, 0.000, 0.000, 0.280, 48
update,   4600,   46, 4600, 15.167026, 0.000000
val_t, 4600, 4600, 16.394237, 0.0108,  87.1879,   0.0672, 0.9750,  28.1956, progress 0.9646
train,    4601, 15.732584,   93, 0.04,   13, 0.000, 0.000, 0.280, 48
train,    4602, 15.352020,   91, 0.02,   12, 0.000, 0.000, 0.280, 48
train,    4603, 15.857772,   86, 0.03,   11, 0.000, 0.000, 0.280, 48
train,    4604, 15.036976,   89, 0.03,   11, 0.000, 0.000, 0.280, 48
train,    4605, 15.863743,   91, 0.02,   12, 0.000, 0.000, 0.280, 48
train,    4606, 15.911984,   92, 0.03,   10, 0.000, 0.000, 0.280, 48
train,    4607, 15.567348,   87, 0.03,   10, 0.000, 0.000, 0.280, 48
train,    4608, 15.967028,   89, 0.05,   11, 0.000, 0.000, 0.280, 48
train,    4609, 14.951298,   87, 0.02,   11, 0.000, 0.000, 0.280, 48
train,    4610, 16.256436,   92, 0.03,   11, 0.000, 0.000, 0.280, 48
train,    4611, 16.469984,   87, 0.07,   12, 0.000, 0.000, 0.280, 48
train,    4612, 15.013570,   92, 0.04,   12, 0.000, 0.000, 0.280, 48
train,    4613, 15.206965,   97, 0.05,   12, 0.000, 0.000, 0.280, 48
train,    4614, 15.743205,   93, 0.05,   12, 0.000, 0.000, 0.280, 48
train,    4615, 14.493540,   95, 0.04,   12, 0.000, 0.000, 0.280, 48
train,    4616, 15.661794,   93, 0.04,   11, 0.000, 0.000, 0.280, 48
train,    4617, 16.423519,   91, 0.02,   12, 0.000, 0.000, 0.280, 48
train,    4618, 15.808237,   87, 0.04,   12, 0.000, 0.000, 0.280, 48
train,    4619, 16.386154,   92, 0.04,   11, 0.000, 0.000, 0.280, 48
train,    4620, 15.737764,   92, 0.04,   12, 0.000, 0.000, 0.280, 48
train,    4621, 15.770783,   88, 0.04,   11, 0.000, 0.000, 0.280, 48
train,    4622, 15.772153,   92, 0.04,   11, 0.000, 0.000, 0.280, 48
train,    4623, 15.027613,   90, 0.03,   12, 0.000, 0.000, 0.280, 48
train,    4624, 14.860187,   87, 0.02,   12, 0.000, 0.000, 0.280, 48
train,    4625, 16.013351,   88, 0.03,   11, 0.000, 0.000, 0.280, 48
train,    4626, 15.565573,   87, 0.04,   11, 0.000, 0.000, 0.280, 48
train,    4627, 15.673519,   92, 0.04,   11, 0.000, 0.000, 0.280, 48
train,    4628, 15.785781,   89, 0.06,   11, 0.000, 0.000, 0.280, 48
train,    4629, 14.613336,   92, 0.04,   12, 0.000, 0.000, 0.280, 48
train,    4630, 15.832331,   88, 0.02,   11, 0.000, 0.000, 0.280, 48
train,    4631, 14.864981,   89, 0.03,   13, 0.000, 0.000, 0.280, 48
train,    4632, 14.992235,   96, 0.04,   11, 0.000, 0.000, 0.280, 48
train,    4633, 16.170803,   94, 0.02,   12, 0.000, 0.000, 0.280, 48
train,    4634, 15.373191,   87, 0.06,   11, 0.000, 0.000, 0.280, 48
train,    4635, 14.743937,   90, 0.04,   12, 0.000, 0.000, 0.280, 48
train,    4636, 14.372092,   88, 0.05,   10, 0.000, 0.000, 0.280, 48
train,    4637, 14.656448,   89, 0.00,   12, 0.000, 0.000, 0.280, 48
train,    4638, 15.895744,   89, 0.04,   11, 0.000, 0.000, 0.280, 48
train,    4639, 14.901021,   93, 0.05,   10, 0.000, 0.000, 0.280, 48
train,    4640, 14.683525,   90, 0.03,   11, 0.000, 0.000, 0.280, 48
train,    4641, 15.456571,   94, 0.05,   12, 0.000, 0.000, 0.280, 48
train,    4642, 14.830061,   90, 0.04,   12, 0.000, 0.000, 0.280, 48
train,    4643, 15.651339,   87, 0.04,   11, 0.000, 0.000, 0.280, 48
train,    4644, 15.674284,   91, 0.06,   12, 0.000, 0.000, 0.280, 48
train,    4645, 16.001989,   91, 0.03,   11, 0.000, 0.000, 0.280, 48
train,    4646, 15.787644,   92, 0.05,   12, 0.000, 0.000, 0.280, 48
train,    4647, 15.813860,   94, 0.02,   11, 0.000, 0.000, 0.280, 48
train,    4648, 15.189212,   88, 0.04,   11, 0.000, 0.000, 0.280, 48
train,    4649, 16.012508,   93, 0.04,   10, 0.000, 0.000, 0.280, 48
train,    4650, 14.631333,   95, 0.02,   12, 0.000, 0.000, 0.280, 48
train,    4651, 15.502698,   92, 0.05,   11, 0.000, 0.000, 0.280, 48
train,    4652, 15.130368,   89, 0.03,   11, 0.000, 0.000, 0.280, 48
train,    4653, 15.947038,   93, 0.05,   13, 0.000, 0.000, 0.280, 48
train,    4654, 15.657755,   93, 0.04,   10, 0.000, 0.000, 0.280, 48
train,    4655, 16.189567,   87, 0.04,   10, 0.000, 0.000, 0.280, 48
train,    4656, 15.670982,   92, 0.04,   12, 0.000, 0.000, 0.280, 48
train,    4657, 14.108053,   91, 0.04,   11, 0.000, 0.000, 0.280, 48
train,    4658, 15.128802,   88, 0.04,   12, 0.000, 0.000, 0.280, 48
train,    4659, 14.627505,   95, 0.04,   12, 0.000, 0.000, 0.280, 48
train,    4660, 14.825881,   94, 0.06,   11, 0.000, 0.000, 0.280, 48
train,    4661, 15.209871,   89, 0.03,   12, 0.000, 0.000, 0.280, 48
train,    4662, 15.094149,   91, 0.03,   13, 0.000, 0.000, 0.280, 48
train,    4663, 13.106788,   95, 0.04,   12, 0.000, 0.000, 0.280, 48
train,    4664, 14.115926,   91, 0.03,   11, 0.000, 0.000, 0.280, 48
train,    4665, 15.492799,   88, 0.03,   11, 0.000, 0.000, 0.280, 48
train,    4666, 13.864180,   91, 0.00,   12, 0.000, 0.000, 0.280, 48
train,    4667, 15.427154,   95, 0.03,   11, 0.000, 0.000, 0.280, 48
train,    4668, 15.420050,   86, 0.05,   12, 0.000, 0.000, 0.280, 48
train,    4669, 15.006334,   90, 0.05,   11, 0.000, 0.000, 0.280, 48
train,    4670, 13.907449,   91, 0.05,   11, 0.000, 0.000, 0.280, 48
train,    4671, 14.857374,   87, 0.04,   10, 0.000, 0.000, 0.280, 48
train,    4672, 14.900517,   87, 0.04,   13, 0.000, 0.000, 0.280, 48
train,    4673, 14.683241,   96, 0.04,   12, 0.000, 0.000, 0.280, 48
train,    4674, 14.414484,   92, 0.03,   12, 0.000, 0.000, 0.280, 48
train,    4675, 15.021697,   96, 0.02,   12, 0.000, 0.000, 0.280, 48
train,    4676, 14.016494,   94, 0.03,   10, 0.000, 0.000, 0.280, 48
train,    4677, 15.041662,   89, 0.04,   11, 0.000, 0.000, 0.280, 48
train,    4678, 15.053948,   87, 0.05,   10, 0.000, 0.000, 0.280, 48
train,    4679, 14.886477,   91, 0.04,   12, 0.000, 0.000, 0.280, 48
train,    4680, 15.077000,   93, 0.03,   12, 0.000, 0.000, 0.280, 48
train,    4681, 14.960280,   90, 0.04,   12, 0.000, 0.000, 0.280, 48
train,    4682, 15.269707,   93, 0.03,   11, 0.000, 0.000, 0.280, 48
train,    4683, 14.601062,   94, 0.05,   10, 0.000, 0.000, 0.280, 48
train,    4684, 15.160903,   91, 0.05,   10, 0.000, 0.000, 0.280, 48
train,    4685, 14.797025,   93, 0.03,   11, 0.000, 0.000, 0.280, 48
train,    4686, 14.073705,   85, 0.03,   11, 0.000, 0.000, 0.280, 48
train,    4687, 13.882444,   90, 0.04,   12, 0.000, 0.000, 0.280, 48
train,    4688, 14.836464,   92, 0.04,   12, 0.000, 0.000, 0.280, 48
train,    4689, 14.972593,   87, 0.03,   12, 0.000, 0.000, 0.280, 48
train,    4690, 14.937512,   88, 0.03,   11, 0.000, 0.000, 0.280, 48
train,    4691, 14.461481,   94, 0.03,   13, 0.000, 0.000, 0.280, 48
train,    4692, 14.438263,   88, 0.02,   11, 0.000, 0.000, 0.280, 48
train,    4693, 15.549379,   94, 0.04,   12, 0.000, 0.000, 0.280, 48
train,    4694, 14.938496,   91, 0.03,   12, 0.000, 0.000, 0.280, 48
train,    4695, 14.546526,   93, 0.05,   11, 0.000, 0.000, 0.280, 48
train,    4696, 15.278776,   88, 0.03,   12, 0.000, 0.000, 0.280, 48
train,    4697, 15.295228,   93, 0.03,   12, 0.000, 0.000, 0.280, 48
train,    4698, 14.055590,   93, 0.03,   10, 0.000, 0.000, 0.280, 48
train,    4699, 15.161348,   91, 0.04,   12, 0.000, 0.000, 0.280, 48
train,    4700, 13.544951,   96, 0.04,   12, 0.000, 0.000, 0.280, 48
update,   4700,   47, 4700, 16.105240, 0.000000
val_t, 4700, 4700, 16.560924, 0.0216,  88.1744,   0.0713, 0.9762,  28.3076, progress 0.9541
train,    4701, 14.493555,   88, 0.03,   10, 0.000, 0.000, 0.280, 48
train,    4702, 14.435071,   92, 0.02,   11, 0.000, 0.000, 0.280, 48
train,    4703, 14.311981,   89, 0.04,   12, 0.000, 0.000, 0.280, 48
train,    4704, 14.746785,   94, 0.05,   11, 0.000, 0.000, 0.280, 48
train,    4705, 14.719057,   88, 0.05,   12, 0.000, 0.000, 0.280, 48
train,    4706, 15.235731,   87, 0.03,   12, 0.000, 0.000, 0.280, 48
train,    4707, 15.332221,   88, 0.03,   11, 0.000, 0.000, 0.280, 48
train,    4708, 14.243045,   93, 0.05,   12, 0.000, 0.000, 0.280, 48
train,    4709, 14.623286,   95, 0.02,   13, 0.000, 0.000, 0.280, 48
train,    4710, 15.324926,   89, 0.02,   13, 0.000, 0.000, 0.280, 48
train,    4711, 15.197913,   91, 0.04,   11, 0.000, 0.000, 0.280, 48
train,    4712, 14.658123,   93, 0.03,   11, 0.000, 0.000, 0.280, 48
train,    4713, 15.021929,   87, 0.04,   12, 0.000, 0.000, 0.280, 48
train,    4714, 14.493473,   90, 0.02,   10, 0.000, 0.000, 0.280, 48
train,    4715, 13.692417,   94, 0.04,   12, 0.000, 0.000, 0.280, 48
train,    4716, 14.312065,   97, 0.05,   11, 0.000, 0.000, 0.280, 48
train,    4717, 15.481119,   90, 0.04,   12, 0.000, 0.000, 0.280, 48
train,    4718, 14.988953,   90, 0.06,   12, 0.000, 0.000, 0.280, 48
train,    4719, 14.560333,   90, 0.03,   13, 0.000, 0.000, 0.280, 48
train,    4720, 14.225018,   90, 0.03,   11, 0.000, 0.000, 0.280, 48
train,    4721, 13.400139,   90, 0.03,   11, 0.000, 0.000, 0.280, 48
train,    4722, 14.885709,   86, 0.03,   13, 0.000, 0.000, 0.280, 48
train,    4723, 14.886024,   97, 0.04,   12, 0.000, 0.000, 0.280, 48
train,    4724, 15.492195,   87, 0.04,   12, 0.000, 0.000, 0.280, 48
train,    4725, 13.922558,   93, 0.05,   11, 0.000, 0.000, 0.280, 48
train,    4726, 14.388328,   88, 0.03,   12, 0.000, 0.000, 0.280, 48
train,    4727, 14.743224,   89, 0.04,   11, 0.000, 0.000, 0.280, 48
train,    4728, 14.372254,   92, 0.05,   12, 0.000, 0.000, 0.280, 48
train,    4729, 15.970839,   93, 0.03,   12, 0.000, 0.000, 0.280, 48
train,    4730, 14.249903,   94, 0.05,   11, 0.000, 0.000, 0.280, 48
train,    4731, 14.403549,   95, 0.05,   12, 0.000, 0.000, 0.280, 48
train,    4732, 15.505167,   94, 0.06,   11, 0.000, 0.000, 0.280, 48
train,    4733, 14.508887,   87, 0.04,   11, 0.000, 0.000, 0.280, 48
train,    4734, 15.072100,   94, 0.04,   10, 0.000, 0.000, 0.280, 48
train,    4735, 14.481599,   87, 0.04,   11, 0.000, 0.000, 0.280, 48
train,    4736, 13.451583,   89, 0.05,   11, 0.000, 0.000, 0.280, 48
train,    4737, 14.231398,   90, 0.05,   12, 0.000, 0.000, 0.280, 48
train,    4738, 14.989653,   91, 0.02,   13, 0.000, 0.000, 0.280, 48
train,    4739, 14.659404,   90, 0.04,   12, 0.000, 0.000, 0.280, 48
train,    4740, 14.516839,   95, 0.03,   11, 0.000, 0.000, 0.280, 48
train,    4741, 14.912838,   86, 0.04,   11, 0.000, 0.000, 0.280, 48
train,    4742, 14.086929,   92, 0.03,   11, 0.000, 0.000, 0.280, 48
train,    4743, 13.983490,   89, 0.04,   13, 0.000, 0.000, 0.280, 48
train,    4744, 15.273186,   91, 0.02,   11, 0.000, 0.000, 0.280, 48
train,    4745, 14.285665,   93, 0.03,   11, 0.000, 0.000, 0.280, 48
train,    4746, 15.213879,   87, 0.01,   10, 0.000, 0.000, 0.280, 48
train,    4747, 14.168968,   94, 0.04,   12, 0.000, 0.000, 0.280, 48
train,    4748, 14.742992,   91, 0.04,   10, 0.000, 0.000, 0.280, 48
train,    4749, 14.158399,   90, 0.04,   11, 0.000, 0.000, 0.280, 48
train,    4750, 14.165900,   89, 0.04,   13, 0.000, 0.000, 0.280, 48
train,    4751, 14.908512,   87, 0.05,   12, 0.000, 0.000, 0.280, 48
train,    4752, 14.126677,   94, 0.04,   11, 0.000, 0.000, 0.280, 48
train,    4753, 14.013831,   88, 0.03,   11, 0.000, 0.000, 0.280, 48
train,    4754, 15.031534,   95, 0.05,   13, 0.000, 0.000, 0.280, 48
train,    4755, 14.575494,   86, 0.05,   11, 0.000, 0.000, 0.280, 48
train,    4756, 13.856955,   89, 0.04,   12, 0.000, 0.000, 0.280, 48
train,    4757, 15.254475,   88, 0.04,   13, 0.000, 0.000, 0.280, 48
train,    4758, 14.618011,   90, 0.05,   13, 0.000, 0.000, 0.280, 48
train,    4759, 13.731133,   93, 0.03,   11, 0.000, 0.000, 0.280, 48
train,    4760, 14.658300,   90, 0.06,   11, 0.000, 0.000, 0.280, 48
train,    4761, 14.711124,   94, 0.04,   13, 0.000, 0.000, 0.280, 48
train,    4762, 14.544907,   88, 0.04,   10, 0.000, 0.000, 0.280, 48
train,    4763, 14.428322,   87, 0.05,   11, 0.000, 0.000, 0.280, 48
train,    4764, 15.336308,   88, 0.05,   11, 0.000, 0.000, 0.280, 48
train,    4765, 15.204767,   93, 0.06,   11, 0.000, 0.000, 0.280, 48
train,    4766, 14.565563,   89, 0.03,   10, 0.000, 0.000, 0.280, 48
train,    4767, 14.794855,   88, 0.05,   12, 0.000, 0.000, 0.280, 48
train,    4768, 15.683113,   97, 0.03,   12, 0.000, 0.000, 0.280, 48
train,    4769, 13.985918,   90, 0.04,   12, 0.000, 0.000, 0.280, 48
train,    4770, 15.808989,   91, 0.04,   12, 0.000, 0.000, 0.280, 48
train,    4771, 15.121417,   94, 0.04,   10, 0.000, 0.000, 0.280, 48
train,    4772, 13.847709,   89, 0.04,   12, 0.000, 0.000, 0.280, 48
train,    4773, 14.376934,   92, 0.04,   12, 0.000, 0.000, 0.280, 48
train,    4774, 15.419149,   90, 0.05,   11, 0.000, 0.000, 0.280, 48
train,    4775, 15.128293,   88, 0.03,   12, 0.000, 0.000, 0.280, 48
train,    4776, 15.359845,   87, 0.05,   10, 0.000, 0.000, 0.280, 48
train,    4777, 14.769689,   90, 0.04,   11, 0.000, 0.000, 0.280, 48
train,    4778, 14.821961,   95, 0.03,   12, 0.000, 0.000, 0.280, 48
train,    4779, 14.664028,   89, 0.02,   12, 0.000, 0.000, 0.280, 48
train,    4780, 14.374423,   90, 0.03,   11, 0.000, 0.000, 0.280, 48
train,    4781, 15.274396,   96, 0.02,   12, 0.000, 0.000, 0.280, 48
train,    4782, 15.811987,   91, 0.05,   11, 0.000, 0.000, 0.280, 48
train,    4783, 13.942148,   93, 0.02,   11, 0.000, 0.000, 0.280, 48
train,    4784, 15.376265,   92, 0.01,   12, 0.000, 0.000, 0.280, 48
train,    4785, 14.733881,   94, 0.03,   13, 0.000, 0.000, 0.280, 48
train,    4786, 14.862895,   96, 0.06,   11, 0.000, 0.000, 0.280, 48
train,    4787, 15.427871,   92, 0.03,    9, 0.000, 0.000, 0.280, 48
train,    4788, 14.999167,   92, 0.04,   13, 0.000, 0.000, 0.280, 48
train,    4789, 14.191122,   93, 0.04,   12, 0.000, 0.000, 0.280, 48
train,    4790, 15.702395,   89, 0.01,   11, 0.000, 0.000, 0.280, 48
train,    4791, 16.200497,   90, 0.04,   13, 0.000, 0.000, 0.280, 48
train,    4792, 14.592470,   93, 0.04,   12, 0.000, 0.000, 0.280, 48
train,    4793, 16.226313,   87, 0.04,   12, 0.000, 0.000, 0.280, 48
train,    4794, 14.715004,   94, 0.03,   11, 0.000, 0.000, 0.280, 48
train,    4795, 15.140820,   92, 0.04,   10, 0.000, 0.000, 0.280, 48
train,    4796, 14.217123,   93, 0.04,   11, 0.000, 0.000, 0.280, 48
train,    4797, 14.355192,   88, 0.05,   13, 0.000, 0.000, 0.280, 48
train,    4798, 14.521016,   90, 0.04,   13, 0.000, 0.000, 0.280, 48
train,    4799, 14.630452,   90, 0.04,   12, 0.000, 0.000, 0.280, 48
train,    4800, 14.583136,   89, 0.06,   12, 0.000, 0.000, 0.280, 48
update,   4800,   48, 4800, 19.331728, 0.000000
val_t, 4800, 4800, 16.230910, 0.0219,  92.1954,   0.0716, 0.9828,  28.8068, progress 0.9631
train,    4801, 14.677997,   93, 0.03,   11, 0.000, 0.000, 0.280, 48
train,    4802, 15.681809,   89, 0.04,   10, 0.000, 0.000, 0.280, 48
train,    4803, 15.066236,   89, 0.05,   11, 0.000, 0.000, 0.280, 48
train,    4804, 14.291276,   93, 0.02,   12, 0.000, 0.000, 0.280, 48
train,    4805, 16.560781,   92, 0.04,   12, 0.000, 0.000, 0.280, 48
train,    4806, 14.496787,   95, 0.02,   12, 0.000, 0.000, 0.280, 48
train,    4807, 15.931077,   95, 0.04,   11, 0.000, 0.000, 0.280, 48
train,    4808, 15.271194,   91, 0.03,   11, 0.000, 0.000, 0.280, 48
train,    4809, 14.836526,   91, 0.03,   11, 0.000, 0.000, 0.280, 48
train,    4810, 14.762733,   92, 0.02,   11, 0.000, 0.000, 0.280, 48
train,    4811, 15.812407,   93, 0.03,   12, 0.000, 0.000, 0.280, 48
train,    4812, 15.334325,   89, 0.04,   11, 0.000, 0.000, 0.280, 48
train,    4813, 15.988539,   85, 0.04,   12, 0.000, 0.000, 0.280, 48
train,    4814, 14.948055,   90, 0.03,   11, 0.000, 0.000, 0.280, 48
train,    4815, 15.744809,   96, 0.04,   11, 0.000, 0.000, 0.280, 48
train,    4816, 14.116235,   93, 0.02,   12, 0.000, 0.000, 0.280, 48
train,    4817, 16.154837,   90, 0.05,   12, 0.000, 0.000, 0.280, 48
train,    4818, 14.896591,   94, 0.04,   11, 0.000, 0.000, 0.280, 48
train,    4819, 14.894588,   95, 0.04,   11, 0.000, 0.000, 0.280, 48
train,    4820, 15.479291,   93, 0.02,   12, 0.000, 0.000, 0.280, 48
train,    4821, 15.019713,   94, 0.02,   12, 0.000, 0.000, 0.280, 48
train,    4822, 15.038222,   90, 0.04,   12, 0.000, 0.000, 0.280, 48
train,    4823, 15.337593,   87, 0.05,   12, 0.000, 0.000, 0.280, 48
train,    4824, 15.383526,   93, 0.04,   12, 0.000, 0.000, 0.280, 48
train,    4825, 15.359038,   93, 0.03,   12, 0.000, 0.000, 0.280, 48
train,    4826, 15.275800,   96, 0.03,   11, 0.000, 0.000, 0.280, 48
train,    4827, 15.421647,   90, 0.04,   13, 0.000, 0.000, 0.280, 48
train,    4828, 15.214300,   91, 0.02,   13, 0.000, 0.000, 0.280, 48
train,    4829, 14.831082,   88, 0.05,   11, 0.000, 0.000, 0.280, 48
train,    4830, 15.333069,   88, 0.03,   11, 0.000, 0.000, 0.280, 48
train,    4831, 14.096416,   87, 0.04,   11, 0.000, 0.000, 0.280, 48
train,    4832, 15.188345,   90, 0.03,   10, 0.000, 0.000, 0.280, 48
train,    4833, 15.058421,   88, 0.04,   11, 0.000, 0.000, 0.280, 48
train,    4834, 15.837317,   95, 0.05,   10, 0.000, 0.000, 0.280, 48
train,    4835, 15.639019,   92, 0.05,   12, 0.000, 0.000, 0.280, 48
train,    4836, 14.737418,   94, 0.04,   12, 0.000, 0.000, 0.280, 48
train,    4837, 15.805816,   90, 0.04,   11, 0.000, 0.000, 0.280, 48
train,    4838, 15.281206,   90, 0.04,   13, 0.000, 0.000, 0.280, 48
train,    4839, 14.529934,   93, 0.04,   11, 0.000, 0.000, 0.280, 48
train,    4840, 15.478228,   90, 0.04,   12, 0.000, 0.000, 0.280, 48
train,    4841, 15.300426,   94, 0.03,   12, 0.000, 0.000, 0.280, 48
train,    4842, 15.809796,   92, 0.03,   13, 0.000, 0.000, 0.280, 48
train,    4843, 15.555966,   91, 0.05,   11, 0.000, 0.000, 0.280, 48
train,    4844, 15.733869,   89, 0.04,   11, 0.000, 0.000, 0.280, 48
train,    4845, 15.742535,   91, 0.06,   12, 0.000, 0.000, 0.280, 48
train,    4846, 15.983175,   88, 0.05,   12, 0.000, 0.000, 0.280, 48
train,    4847, 16.750269,   85, 0.04,   12, 0.000, 0.000, 0.280, 48
train,    4848, 16.220384,   91, 0.03,   12, 0.000, 0.000, 0.280, 48
train,    4849, 15.537111,   87, 0.03,   11, 0.000, 0.000, 0.280, 48
train,    4850, 16.158826,   93, 0.02,   13, 0.000, 0.000, 0.280, 48
train,    4851, 16.637275,   90, 0.02,   12, 0.000, 0.000, 0.280, 48
train,    4852, 16.268873,   93, 0.04,   12, 0.000, 0.000, 0.280, 48
train,    4853, 15.429440,   91, 0.04,   12, 0.000, 0.000, 0.280, 48
train,    4854, 15.002361,   88, 0.04,   10, 0.000, 0.000, 0.280, 48
train,    4855, 14.963588,   94, 0.03,   12, 0.000, 0.000, 0.280, 48
train,    4856, 15.557873,   94, 0.02,   12, 0.000, 0.000, 0.280, 48
train,    4857, 15.943327,   88, 0.03,   11, 0.000, 0.000, 0.280, 48
train,    4858, 15.218580,   91, 0.04,   12, 0.000, 0.000, 0.280, 48
train,    4859, 16.561860,   89, 0.02,   12, 0.000, 0.000, 0.280, 48
train,    4860, 15.694825,   89, 0.02,   12, 0.000, 0.000, 0.280, 48
train,    4861, 16.677659,   90, 0.03,   11, 0.000, 0.000, 0.280, 48
train,    4862, 15.882224,   89, 0.03,   10, 0.000, 0.000, 0.280, 48
train,    4863, 16.147345,   94, 0.03,   12, 0.000, 0.000, 0.280, 48
train,    4864, 16.120350,   89, 0.05,   11, 0.000, 0.000, 0.280, 48
train,    4865, 16.206177,   88, 0.02,   13, 0.000, 0.000, 0.280, 48
train,    4866, 16.444117,   84, 0.03,   12, 0.000, 0.000, 0.280, 48
train,    4867, 15.522754,   90, 0.03,   12, 0.000, 0.000, 0.280, 48
train,    4868, 16.053771,   91, 0.03,   12, 0.000, 0.000, 0.280, 48
train,    4869, 15.402745,   92, 0.04,   10, 0.000, 0.000, 0.280, 48
train,    4870, 15.690349,   95, 0.04,   12, 0.000, 0.000, 0.280, 48
train,    4871, 16.719531,   91, 0.04,   11, 0.000, 0.000, 0.280, 48
train,    4872, 16.520298,   93, 0.03,   13, 0.000, 0.000, 0.280, 48
train,    4873, 16.121893,   89, 0.02,   11, 0.000, 0.000, 0.280, 48
train,    4874, 16.095490,   93, 0.03,   11, 0.000, 0.000, 0.280, 48
train,    4875, 15.574205,   93, 0.04,   12, 0.000, 0.000, 0.280, 48
train,    4876, 15.437978,   92, 0.05,   11, 0.000, 0.000, 0.280, 48
train,    4877, 16.897495,   89, 0.03,   12, 0.000, 0.000, 0.280, 48
train,    4878, 16.045830,   91, 0.05,   10, 0.000, 0.000, 0.280, 48
train,    4879, 15.711448,   86, 0.02,   12, 0.000, 0.000, 0.280, 48
train,    4880, 15.709973,   95, 0.05,   10, 0.000, 0.000, 0.280, 48
train,    4881, 16.549425,   94, 0.03,   11, 0.000, 0.000, 0.280, 48
train,    4882, 16.382675,   89, 0.04,   10, 0.000, 0.000, 0.280, 48
train,    4883, 16.686360,   90, 0.02,   12, 0.000, 0.000, 0.280, 48
train,    4884, 17.376512,   94, 0.04,   12, 0.000, 0.000, 0.280, 48
train,    4885, 17.255425,   94, 0.02,   10, 0.000, 0.000, 0.280, 48
train,    4886, 16.641628,   95, 0.02,   12, 0.000, 0.000, 0.280, 48
train,    4887, 16.227213,   90, 0.04,   10, 0.000, 0.000, 0.280, 48
train,    4888, 16.115651,   91, 0.03,   12, 0.000, 0.000, 0.280, 48
train,    4889, 16.455796,   96, 0.04,   11, 0.000, 0.000, 0.280, 48
train,    4890, 17.113984,   91, 0.03,   12, 0.000, 0.000, 0.280, 48
train,    4891, 17.716430,   88, 0.05,   11, 0.000, 0.000, 0.280, 48
train,    4892, 15.992191,   89, 0.05,   12, 0.000, 0.000, 0.280, 48
train,    4893, 17.189343,   94, 0.02,   11, 0.000, 0.000, 0.280, 48
train,    4894, 17.026784,   90, 0.04,   13, 0.000, 0.000, 0.280, 48
train,    4895, 15.492085,   90, 0.04,   11, 0.000, 0.000, 0.280, 48
train,    4896, 16.680564,   95, 0.02,   10, 0.000, 0.000, 0.280, 48
train,    4897, 17.371778,   90, 0.03,   12, 0.000, 0.000, 0.280, 48
train,    4898, 16.884085,   94, 0.03,   12, 0.000, 0.000, 0.280, 48
train,    4899, 16.000125,   94, 0.02,   13, 0.000, 0.000, 0.280, 48
train,    4900, 16.294676,   93, 0.05,   11, 0.000, 0.000, 0.280, 48
update,   4900,   49, 4900, 15.414371, 0.000000
val_t, 4900, 4900, 14.941486, 0.0187,  92.2261,   0.0665, 0.9899,  28.3387, progress 0.9717
train,    4901, 17.443191,   91, 0.03,   12, 0.000, 0.000, 0.280, 48
train,    4902, 16.186060,   93, 0.03,   12, 0.000, 0.000, 0.280, 48
train,    4903, 16.906191,   92, 0.04,   11, 0.000, 0.000, 0.280, 48
train,    4904, 16.358494,   94, 0.02,   12, 0.000, 0.000, 0.280, 48
train,    4905, 17.563541,   89, 0.02,   10, 0.000, 0.000, 0.280, 48
train,    4906, 15.714217,   90, 0.05,   12, 0.000, 0.000, 0.280, 48
train,    4907, 16.274390,   88, 0.05,   11, 0.000, 0.000, 0.280, 48
train,    4908, 17.082823,   89, 0.03,   11, 0.000, 0.000, 0.280, 48
train,    4909, 16.037892,   92, 0.04,   10, 0.000, 0.000, 0.280, 48
train,    4910, 15.755845,   88, 0.05,   11, 0.000, 0.000, 0.280, 48
train,    4911, 17.011349,   87, 0.04,   13, 0.000, 0.000, 0.280, 48
train,    4912, 16.954643,   94, 0.03,   11, 0.000, 0.000, 0.280, 48
train,    4913, 16.522545,   96, 0.02,   12, 0.000, 0.000, 0.280, 48
train,    4914, 17.237782,   97, 0.05,   11, 0.000, 0.000, 0.280, 48
train,    4915, 17.603125,   91, 0.04,   11, 0.000, 0.000, 0.280, 48
train,    4916, 16.905410,   93, 0.05,   12, 0.000, 0.000, 0.280, 48
train,    4917, 16.416677,   91, 0.05,   13, 0.000, 0.000, 0.280, 48
train,    4918, 16.710911,   92, 0.03,   11, 0.000, 0.000, 0.280, 48
train,    4919, 16.297530,   92, 0.04,   12, 0.000, 0.000, 0.280, 48
train,    4920, 16.794202,   90, 0.04,   13, 0.000, 0.000, 0.280, 48
train,    4921, 17.071706,   88, 0.04,   12, 0.000, 0.000, 0.280, 48
train,    4922, 16.289791,   90, 0.05,   11, 0.000, 0.000, 0.280, 48
train,    4923, 16.930937,   91, 0.05,   11, 0.000, 0.000, 0.280, 48
train,    4924, 17.539383,   91, 0.02,   11, 0.000, 0.000, 0.280, 48
train,    4925, 16.596954,   97, 0.05,   12, 0.000, 0.000, 0.280, 48
train,    4926, 17.249460,   88, 0.04,   10, 0.000, 0.000, 0.280, 48
train,    4927, 16.946770,   90, 0.04,   11, 0.000, 0.000, 0.280, 48
train,    4928, 17.218570,   92, 0.02,   14, 0.000, 0.000, 0.280, 48
train,    4929, 17.101624,   93, 0.06,   12, 0.000, 0.000, 0.280, 48
train,    4930, 17.432006,   90, 0.04,   11, 0.000, 0.000, 0.280, 48
train,    4931, 17.540036,   92, 0.03,   12, 0.000, 0.000, 0.280, 48
train,    4932, 17.948492,   89, 0.02,   12, 0.000, 0.000, 0.280, 48
train,    4933, 16.976137,   93, 0.04,   12, 0.000, 0.000, 0.280, 48
train,    4934, 16.248725,   93, 0.04,   13, 0.000, 0.000, 0.280, 48
train,    4935, 17.142415,   90, 0.05,   11, 0.000, 0.000, 0.280, 48
train,    4936, 18.070605,   95, 0.02,   12, 0.000, 0.000, 0.280, 48
train,    4937, 16.915220,   86, 0.04,   11, 0.000, 0.000, 0.280, 48
train,    4938, 17.096161,   89, 0.02,   11, 0.000, 0.000, 0.280, 48
train,    4939, 17.568670,   91, 0.03,   12, 0.000, 0.000, 0.280, 48
train,    4940, 16.866744,   90, 0.03,   11, 0.000, 0.000, 0.280, 48
train,    4941, 17.071695,   91, 0.02,   12, 0.000, 0.000, 0.280, 48
train,    4942, 16.302463,   90, 0.04,   13, 0.000, 0.000, 0.280, 48
train,    4943, 16.686847,   92, 0.05,   11, 0.000, 0.000, 0.280, 48
train,    4944, 17.570178,   92, 0.03,   12, 0.000, 0.000, 0.280, 48
train,    4945, 18.507911,   94, 0.04,   13, 0.000, 0.000, 0.280, 48
train,    4946, 16.881538,   95, 0.03,   11, 0.000, 0.000, 0.280, 48
train,    4947, 17.507868,   94, 0.04,   12, 0.000, 0.000, 0.280, 48
train,    4948, 17.962638,   90, 0.03,   11, 0.000, 0.000, 0.280, 48
train,    4949, 17.748216,   89, 0.03,   11, 0.000, 0.000, 0.280, 48
train,    4950, 16.894973,   95, 0.05,   11, 0.000, 0.000, 0.280, 48
train,    4951, 17.777502,   92, 0.05,   11, 0.000, 0.000, 0.280, 48
train,    4952, 17.275195,   92, 0.03,   11, 0.000, 0.000, 0.280, 48
train,    4953, 17.166728,   93, 0.05,   12, 0.000, 0.000, 0.280, 48
train,    4954, 16.831664,   89, 0.05,   12, 0.000, 0.000, 0.280, 48
train,    4955, 17.121320,   93, 0.01,   12, 0.000, 0.000, 0.280, 48
train,    4956, 17.128021,   95, 0.03,   12, 0.000, 0.000, 0.280, 48
train,    4957, 16.510568,   92, 0.02,   11, 0.000, 0.000, 0.280, 48
train,    4958, 17.785743,   91, 0.04,   11, 0.000, 0.000, 0.280, 48
train,    4959, 16.745242,   94, 0.05,   12, 0.000, 0.000, 0.280, 48
train,    4960, 18.082711,   96, 0.04,   12, 0.000, 0.000, 0.280, 48
train,    4961, 17.156953,   89, 0.05,   10, 0.000, 0.000, 0.280, 48
train,    4962, 17.233383,   94, 0.04,   12, 0.000, 0.000, 0.280, 48
train,    4963, 16.821962,   91, 0.03,   10, 0.000, 0.000, 0.280, 48
train,    4964, 17.774828,   86, 0.03,   12, 0.000, 0.000, 0.280, 48
train,    4965, 17.342340,   88, 0.04,   11, 0.000, 0.000, 0.280, 48
train,    4966, 17.153038,   90, 0.02,   12, 0.000, 0.000, 0.280, 48
train,    4967, 17.825175,   90, 0.02,   12, 0.000, 0.000, 0.280, 48
train,    4968, 17.785518,   88, 0.03,   11, 0.000, 0.000, 0.280, 48
train,    4969, 16.678385,   94, 0.05,   11, 0.000, 0.000, 0.280, 48
train,    4970, 18.508079,   92, 0.03,   12, 0.000, 0.000, 0.280, 48
train,    4971, 16.792404,   89, 0.05,   12, 0.000, 0.000, 0.280, 48
train,    4972, 17.454104,   89, 0.02,   12, 0.000, 0.000, 0.280, 48
train,    4973, 16.380000,   92, 0.03,   12, 0.000, 0.000, 0.280, 48
train,    4974, 18.347541,   94, 0.05,   13, 0.000, 0.000, 0.280, 48
train,    4975, 17.700457,   90, 0.01,   11, 0.000, 0.000, 0.280, 48
train,    4976, 16.626063,   93, 0.04,   12, 0.000, 0.000, 0.280, 48
train,    4977, 16.930140,   87, 0.04,   12, 0.000, 0.000, 0.280, 48
train,    4978, 17.194202,   90, 0.03,   12, 0.000, 0.000, 0.280, 48
train,    4979, 18.135464,   93, 0.04,   12, 0.000, 0.000, 0.280, 48
train,    4980, 17.711561,   95, 0.02,   11, 0.000, 0.000, 0.280, 48
train,    4981, 17.377366,   93, 0.02,   11, 0.000, 0.000, 0.280, 48
train,    4982, 18.383817,   90, 0.04,   13, 0.000, 0.000, 0.280, 48
train,    4983, 16.992517,   95, 0.04,   11, 0.000, 0.000, 0.280, 48
train,    4984, 16.580242,   90, 0.02,   11, 0.000, 0.000, 0.280, 48
train,    4985, 17.791542,   88, 0.05,   11, 0.000, 0.000, 0.280, 48
train,    4986, 17.193924,   92, 0.05,   12, 0.000, 0.000, 0.280, 48
train,    4987, 16.860573,   91, 0.05,   10, 0.000, 0.000, 0.280, 48
train,    4988, 17.887088,   87, 0.04,   12, 0.000, 0.000, 0.280, 48
train,    4989, 17.818897,   95, 0.02,   11, 0.000, 0.000, 0.280, 48
train,    4990, 17.105009,   91, 0.04,   12, 0.000, 0.000, 0.280, 48
train,    4991, 17.526820,   92, 0.03,   12, 0.000, 0.000, 0.280, 48
train,    4992, 17.299700,   91, 0.04,   11, 0.000, 0.000, 0.280, 48
train,    4993, 18.269270,   94, 0.03,   10, 0.000, 0.000, 0.280, 48
train,    4994, 17.800519,   90, 0.03,   12, 0.000, 0.000, 0.280, 48
train,    4995, 16.384374,   93, 0.03,   11, 0.000, 0.000, 0.280, 48
train,    4996, 16.841735,   97, 0.02,   12, 0.000, 0.000, 0.280, 48
train,    4997, 18.146153,   93, 0.03,   13, 0.000, 0.000, 0.280, 48
train,    4998, 17.858845,   92, 0.04,   11, 0.000, 0.000, 0.280, 48
train,    4999, 17.138020,   98, 0.02,   12, 0.000, 0.000, 0.280, 48
train,    5000, 18.272333,   92, 0.03,   11, 0.000, 0.000, 0.280, 48
update,   5000,   50, 5000, 16.042237, 0.000000
val_t, 5000, 5000, 14.567202, 0.0136,  88.4648,   0.0605, 0.9733,  28.6020, progress 0.9734
train,    5001, 17.396256,   92, 0.05,   10, 0.000, 0.000, 0.280, 48
train,    5002, 17.529175,   94, 0.03,   12, 0.000, 0.000, 0.280, 48
train,    5003, 18.148483,   90, 0.03,   11, 0.000, 0.000, 0.280, 48
train,    5004, 18.078163,   94, 0.02,   12, 0.000, 0.000, 0.280, 48
train,    5005, 18.131109,   88, 0.05,   11, 0.000, 0.000, 0.280, 48
train,    5006, 16.970078,   93, 0.04,   11, 0.000, 0.000, 0.280, 48
train,    5007, 17.245831,   91, 0.04,   13, 0.000, 0.000, 0.280, 48
train,    5008, 18.065315,   89, 0.04,   12, 0.000, 0.000, 0.280, 48
train,    5009, 18.052841,   96, 0.02,   10, 0.000, 0.000, 0.280, 48
train,    5010, 16.777243,   89, 0.04,   11, 0.000, 0.000, 0.280, 48
train,    5011, 17.682044,   89, 0.04,   12, 0.000, 0.000, 0.280, 48
train,    5012, 17.781134,   89, 0.04,   12, 0.000, 0.000, 0.280, 48
train,    5013, 18.140687,   87, 0.04,   12, 0.000, 0.000, 0.280, 48
train,    5014, 18.334692,   95, 0.03,   11, 0.000, 0.000, 0.280, 48
train,    5015, 17.245404,   93, 0.03,   10, 0.000, 0.000, 0.280, 48
train,    5016, 17.538720,   90, 0.04,   11, 0.000, 0.000, 0.280, 48
train,    5017, 17.701197,   88, 0.02,   10, 0.000, 0.000, 0.280, 48
train,    5018, 17.617680,   91, 0.02,   11, 0.000, 0.000, 0.280, 48
train,    5019, 17.002352,   92, 0.04,   11, 0.000, 0.000, 0.280, 48
train,    5020, 18.083506,   94, 0.04,   11, 0.000, 0.000, 0.280, 48
train,    5021, 17.783961,   90, 0.01,   11, 0.000, 0.000, 0.280, 48
train,    5022, 16.894549,   91, 0.03,   13, 0.000, 0.000, 0.280, 48
train,    5023, 16.986666,   92, 0.05,   12, 0.000, 0.000, 0.280, 48
train,    5024, 17.233909,   90, 0.04,   11, 0.000, 0.000, 0.280, 48
train,    5025, 17.242830,   94, 0.03,   12, 0.000, 0.000, 0.280, 48
train,    5026, 17.743926,   90, 0.03,   12, 0.000, 0.000, 0.280, 48
train,    5027, 17.164640,   93, 0.03,   11, 0.000, 0.000, 0.280, 48
train,    5028, 16.678949,   95, 0.05,   12, 0.000, 0.000, 0.280, 48
train,    5029, 16.500476,   92, 0.02,   12, 0.000, 0.000, 0.280, 48
train,    5030, 17.176023,   92, 0.02,   12, 0.000, 0.000, 0.280, 48
train,    5031, 17.656087,   96, 0.03,   12, 0.000, 0.000, 0.280, 48
train,    5032, 17.331996,   88, 0.05,   11, 0.000, 0.000, 0.280, 48
train,    5033, 17.708560,   92, 0.04,   10, 0.000, 0.000, 0.280, 48
train,    5034, 17.074205,   96, 0.03,   11, 0.000, 0.000, 0.280, 48
train,    5035, 17.662272,   92, 0.04,   11, 0.000, 0.000, 0.280, 48
train,    5036, 17.245226,   92, 0.04,   11, 0.000, 0.000, 0.280, 48
train,    5037, 17.603984,   88, 0.02,   12, 0.000, 0.000, 0.280, 48
train,    5038, 18.021542,   88, 0.02,   11, 0.000, 0.000, 0.280, 48
train,    5039, 18.066923,   87, 0.00,   12, 0.000, 0.000, 0.280, 48
train,    5040, 17.607122,   90, 0.05,   13, 0.000, 0.000, 0.280, 48
train,    5041, 18.423645,   92, 0.03,   11, 0.000, 0.000, 0.280, 48
train,    5042, 17.045979,   86, 0.04,   12, 0.000, 0.000, 0.280, 48
train,    5043, 16.644121,   91, 0.03,   10, 0.000, 0.000, 0.280, 48
train,    5044, 18.026245,   93, 0.03,   12, 0.000, 0.000, 0.280, 48
train,    5045, 17.454299,   90, 0.05,   11, 0.000, 0.000, 0.280, 48
train,    5046, 17.236486,   91, 0.04,   10, 0.000, 0.000, 0.280, 48
train,    5047, 17.314304,   90, 0.04,   12, 0.000, 0.000, 0.280, 48
train,    5048, 17.878395,   92, 0.03,   12, 0.000, 0.000, 0.280, 48
train,    5049, 17.648288,   92, 0.03,   12, 0.000, 0.000, 0.280, 48
train,    5050, 17.617916,   96, 0.02,   10, 0.000, 0.000, 0.280, 48
train,    5051, 18.187752,   91, 0.03,   11, 0.000, 0.000, 0.280, 48
train,    5052, 17.597771,   94, 0.03,   13, 0.000, 0.000, 0.280, 48
train,    5053, 18.139312,   90, 0.04,   11, 0.000, 0.000, 0.280, 48
train,    5054, 18.130396,   88, 0.03,   12, 0.000, 0.000, 0.280, 48
train,    5055, 17.818975,   95, 0.02,   12, 0.000, 0.000, 0.280, 48
train,    5056, 16.383434,   94, 0.04,   11, 0.000, 0.000, 0.280, 48
train,    5057, 16.715793,   95, 0.03,   12, 0.000, 0.000, 0.280, 48
train,    5058, 16.839894,   91, 0.03,   11, 0.000, 0.000, 0.280, 48
train,    5059, 17.116949,   93, 0.03,   13, 0.000, 0.000, 0.280, 48
train,    5060, 17.025276,   87, 0.02,   11, 0.000, 0.000, 0.280, 48
train,    5061, 17.295279,   96, 0.03,   12, 0.000, 0.000, 0.280, 48
train,    5062, 16.673213,   92, 0.04,   11, 0.000, 0.000, 0.280, 48
train,    5063, 16.394841,   95, 0.03,   13, 0.000, 0.000, 0.280, 48
train,    5064, 17.107286,   89, 0.03,   11, 0.000, 0.000, 0.280, 48
train,    5065, 17.174628,   93, 0.05,   13, 0.000, 0.000, 0.280, 48
train,    5066, 17.368299,   89, 0.03,   11, 0.000, 0.000, 0.280, 48
train,    5067, 17.214024,   92, 0.04,   11, 0.000, 0.000, 0.280, 48
train,    5068, 16.904047,   92, 0.03,   11, 0.000, 0.000, 0.280, 48
train,    5069, 17.740426,   92, 0.02,   11, 0.000, 0.000, 0.280, 48
train,    5070, 17.652896,   87, 0.03,   12, 0.000, 0.000, 0.280, 48
train,    5071, 17.265240,   89, 0.04,   12, 0.000, 0.000, 0.280, 48
train,    5072, 17.590139,   91, 0.04,   12, 0.000, 0.000, 0.280, 48
train,    5073, 16.720972,   92, 0.05,   12, 0.000, 0.000, 0.280, 48
train,    5074, 16.493844,   90, 0.04,   10, 0.000, 0.000, 0.280, 48
train,    5075, 17.313818,   92, 0.03,   10, 0.000, 0.000, 0.280, 48
train,    5076, 17.535946,   93, 0.03,   12, 0.000, 0.000, 0.280, 48
train,    5077, 16.802848,   89, 0.03,   12, 0.000, 0.000, 0.280, 48
train,    5078, 16.552125,   93, 0.04,   11, 0.000, 0.000, 0.280, 48
train,    5079, 16.970568,   92, 0.03,   11, 0.000, 0.000, 0.280, 48
train,    5080, 17.060052,   91, 0.03,   12, 0.000, 0.000, 0.280, 48
train,    5081, 16.531928,   90, 0.02,   12, 0.000, 0.000, 0.280, 48
train,    5082, 17.048363,   94, 0.05,   10, 0.000, 0.000, 0.280, 48
train,    5083, 17.458019,   94, 0.03,   12, 0.000, 0.000, 0.280, 48
train,    5084, 16.118147,   89, 0.06,   11, 0.000, 0.000, 0.280, 48
train,    5085, 16.887366,   95, 0.04,   13, 0.000, 0.000, 0.280, 48
train,    5086, 16.445782,   88, 0.05,   12, 0.000, 0.000, 0.280, 48
train,    5087, 17.081431,   91, 0.02,   11, 0.000, 0.000, 0.280, 48
train,    5088, 16.676016,   89, 0.03,   12, 0.000, 0.000, 0.280, 48
train,    5089, 16.045435,   97, 0.05,   11, 0.000, 0.000, 0.280, 48
train,    5090, 17.203624,   92, 0.05,   11, 0.000, 0.000, 0.280, 48
train,    5091, 17.160874,   88, 0.03,   12, 0.000, 0.000, 0.280, 48
train,    5092, 16.560464,   94, 0.03,   13, 0.000, 0.000, 0.280, 48
train,    5093, 16.984969,   90, 0.04,   12, 0.000, 0.000, 0.280, 48
train,    5094, 17.689368,   91, 0.04,   12, 0.000, 0.000, 0.280, 48
train,    5095, 17.076245,   93, 0.04,   11, 0.000, 0.000, 0.280, 48
train,    5096, 15.376676,   92, 0.02,   11, 0.000, 0.000, 0.280, 48
train,    5097, 17.309606,   96, 0.03,   12, 0.000, 0.000, 0.280, 48
train,    5098, 17.457379,   90, 0.06,   11, 0.000, 0.000, 0.280, 48
train,    5099, 15.970324,   93, 0.02,   12, 0.000, 0.000, 0.280, 48
train,    5100, 17.350301,   88, 0.05,   12, 0.000, 0.000, 0.280, 48
update,   5100,   51, 5100, 15.434971, 0.000000
val_t, 5100, 5100, 13.781831, 0.0099,  93.3155,   0.0569, 0.9770,  29.2232, progress 0.9623
train,    5101, 17.186519,   94, 0.04,   12, 0.000, 0.000, 0.280, 48
train,    5102, 18.226191,   90, 0.04,   12, 0.000, 0.000, 0.280, 48
train,    5103, 17.158087,   89, 0.03,   12, 0.000, 0.000, 0.280, 48
train,    5104, 15.617127,   93, 0.04,   11, 0.000, 0.000, 0.280, 48
train,    5105, 16.529952,   91, 0.06,   11, 0.000, 0.000, 0.280, 48
train,    5106, 16.978128,   96, 0.04,   12, 0.000, 0.000, 0.280, 48
train,    5107, 16.152494,   93, 0.03,   12, 0.000, 0.000, 0.280, 48
train,    5108, 16.725532,   95, 0.04,   11, 0.000, 0.000, 0.280, 48
train,    5109, 16.379815,   95, 0.01,   13, 0.000, 0.000, 0.280, 48
train,    5110, 16.374384,   95, 0.03,   11, 0.000, 0.000, 0.280, 48
train,    5111, 15.548892,   87, 0.04,   10, 0.000, 0.000, 0.280, 48
train,    5112, 16.324063,   91, 0.04,   10, 0.000, 0.000, 0.280, 48
train,    5113, 16.292465,   91, 0.04,   13, 0.000, 0.000, 0.280, 48
train,    5114, 17.122601,   89, 0.03,   12, 0.000, 0.000, 0.280, 48
train,    5115, 16.587204,   91, 0.04,   12, 0.000, 0.000, 0.280, 48
train,    5116, 16.302641,   92, 0.04,   11, 0.000, 0.000, 0.280, 48
train,    5117, 17.358198,   90, 0.02,   12, 0.000, 0.000, 0.280, 48
train,    5118, 15.657589,   90, 0.04,   13, 0.000, 0.000, 0.280, 48
train,    5119, 17.300849,   93, 0.04,   12, 0.000, 0.000, 0.280, 48
train,    5120, 15.529661,   94, 0.05,   12, 0.000, 0.000, 0.280, 48
train,    5121, 15.732831,   90, 0.02,   12, 0.000, 0.000, 0.280, 48
train,    5122, 16.166756,   91, 0.02,   11, 0.000, 0.000, 0.280, 48
train,    5123, 17.422207,   92, 0.02,   12, 0.000, 0.000, 0.280, 48
train,    5124, 15.757158,   91, 0.03,   10, 0.000, 0.000, 0.280, 48
train,    5125, 16.978232,   97, 0.03,   11, 0.000, 0.000, 0.280, 48
train,    5126, 16.399757,   94, 0.05,   12, 0.000, 0.000, 0.280, 48
train,    5127, 17.063773,   86, 0.02,   11, 0.000, 0.000, 0.280, 48
train,    5128, 16.532888,   93, 0.04,   11, 0.000, 0.000, 0.280, 48
train,    5129, 15.969749,   95, 0.04,   11, 0.000, 0.000, 0.280, 48
train,    5130, 15.944719,   96, 0.03,   11, 0.000, 0.000, 0.280, 48
train,    5131, 15.281739,   96, 0.03,   11, 0.000, 0.000, 0.280, 48
train,    5132, 15.724637,   86, 0.03,   11, 0.000, 0.000, 0.280, 48
train,    5133, 16.205383,   89, 0.03,   11, 0.000, 0.000, 0.280, 48
train,    5134, 16.029385,   96, 0.04,   11, 0.000, 0.000, 0.280, 48
train,    5135, 16.100909,   90, 0.03,   10, 0.000, 0.000, 0.280, 48
train,    5136, 15.823495,   95, 0.04,   12, 0.000, 0.000, 0.280, 48
train,    5137, 16.157956,   91, 0.05,   12, 0.000, 0.000, 0.280, 48
train,    5138, 16.172516,   90, 0.03,   11, 0.000, 0.000, 0.280, 48
train,    5139, 15.806975,   92, 0.04,   11, 0.000, 0.000, 0.280, 48
train,    5140, 16.446960,   93, 0.04,   10, 0.000, 0.000, 0.280, 48
train,    5141, 16.186289,   90, 0.04,   11, 0.000, 0.000, 0.280, 48
train,    5142, 15.936230,   90, 0.04,   11, 0.000, 0.000, 0.280, 48
train,    5143, 15.557347,   93, 0.07,   12, 0.000, 0.000, 0.280, 48
train,    5144, 14.978272,   91, 0.03,   12, 0.000, 0.000, 0.280, 48
train,    5145, 15.247448,   93, 0.04,   10, 0.000, 0.000, 0.280, 48
train,    5146, 16.080471,   93, 0.03,   11, 0.000, 0.000, 0.280, 48
train,    5147, 15.810827,   90, 0.03,   12, 0.000, 0.000, 0.280, 48
train,    5148, 15.308767,   90, 0.04,   13, 0.000, 0.000, 0.280, 48
train,    5149, 15.426741,   97, 0.02,   11, 0.000, 0.000, 0.280, 48
train,    5150, 14.837058,   89, 0.04,   11, 0.000, 0.000, 0.280, 48
train,    5151, 16.131525,   95, 0.03,   13, 0.000, 0.000, 0.280, 48
train,    5152, 16.823359,   90, 0.03,   11, 0.000, 0.000, 0.280, 48
train,    5153, 15.428626,   91, 0.03,   11, 0.000, 0.000, 0.280, 48
train,    5154, 15.847055,   97, 0.03,   12, 0.000, 0.000, 0.280, 48
train,    5155, 15.561906,   92, 0.03,   13, 0.000, 0.000, 0.280, 48
train,    5156, 16.170220,   97, 0.04,   12, 0.000, 0.000, 0.280, 48
train,    5157, 15.935820,   95, 0.04,   11, 0.000, 0.000, 0.280, 48
train,    5158, 15.925391,   90, 0.03,   11, 0.000, 0.000, 0.280, 48
train,    5159, 14.839013,   88, 0.03,   10, 0.000, 0.000, 0.280, 48
train,    5160, 14.400547,   96, 0.03,   11, 0.000, 0.000, 0.280, 48
train,    5161, 15.546428,   95, 0.02,   11, 0.000, 0.000, 0.280, 48
train,    5162, 15.582304,   93, 0.03,   11, 0.000, 0.000, 0.280, 48
train,    5163, 16.103604,   89, 0.03,   11, 0.000, 0.000, 0.280, 48
train,    5164, 14.894013,   91, 0.04,   12, 0.000, 0.000, 0.280, 48
train,    5165, 14.366801,   88, 0.03,   12, 0.000, 0.000, 0.280, 48
train,    5166, 15.039204,   90, 0.04,   10, 0.000, 0.000, 0.280, 48
train,    5167, 15.202738,   89, 0.04,   11, 0.000, 0.000, 0.280, 48
train,    5168, 15.521252,   89, 0.04,   11, 0.000, 0.000, 0.280, 48
train,    5169, 15.185671,   92, 0.04,   11, 0.000, 0.000, 0.280, 48
train,    5170, 14.498536,   89, 0.02,   11, 0.000, 0.000, 0.280, 48
train,    5171, 14.735790,   91, 0.03,   12, 0.000, 0.000, 0.280, 48
train,    5172, 14.772605,   94, 0.02,   11, 0.000, 0.000, 0.280, 48
train,    5173, 15.082198,   87, 0.04,   12, 0.000, 0.000, 0.280, 48
train,    5174, 15.357515,   88, 0.04,   12, 0.000, 0.000, 0.280, 48
train,    5175, 15.811639,   94, 0.03,   10, 0.000, 0.000, 0.280, 48
train,    5176, 15.044689,   88, 0.05,   11, 0.000, 0.000, 0.280, 48
train,    5177, 15.165750,   90, 0.04,   12, 0.000, 0.000, 0.280, 48
train,    5178, 16.473719,   90, 0.03,   11, 0.000, 0.000, 0.280, 48
train,    5179, 15.156046,   91, 0.03,   13, 0.000, 0.000, 0.280, 48
train,    5180, 15.460661,   95, 0.04,   11, 0.000, 0.000, 0.280, 48
train,    5181, 15.374006,   88, 0.05,   12, 0.000, 0.000, 0.280, 48
train,    5182, 16.033664,   93, 0.03,   11, 0.000, 0.000, 0.280, 48
train,    5183, 15.458457,   91, 0.02,   12, 0.000, 0.000, 0.280, 48
train,    5184, 15.278283,   96, 0.02,   13, 0.000, 0.000, 0.280, 48
train,    5185, 16.437923,   91, 0.04,   12, 0.000, 0.000, 0.280, 48
train,    5186, 16.040792,   97, 0.04,   12, 0.000, 0.000, 0.280, 48
train,    5187, 15.543126,   92, 0.02,   12, 0.000, 0.000, 0.280, 48
train,    5188, 15.361745,   92, 0.04,   13, 0.000, 0.000, 0.280, 48
train,    5189, 15.095289,   90, 0.04,   13, 0.000, 0.000, 0.280, 48
train,    5190, 14.355359,   90, 0.03,   13, 0.000, 0.000, 0.280, 48
train,    5191, 15.977257,   91, 0.03,   10, 0.000, 0.000, 0.280, 48
train,    5192, 15.162668,   95, 0.03,   11, 0.000, 0.000, 0.280, 48
train,    5193, 15.175543,   93, 0.05,   11, 0.000, 0.000, 0.280, 48
train,    5194, 14.635633,   93, 0.02,   12, 0.000, 0.000, 0.280, 48
train,    5195, 15.057675,   88, 0.01,   12, 0.000, 0.000, 0.280, 48
train,    5196, 15.068439,   89, 0.04,   11, 0.000, 0.000, 0.280, 48
train,    5197, 14.247724,   94, 0.03,   12, 0.000, 0.000, 0.280, 48
train,    5198, 15.404369,   92, 0.02,   12, 0.000, 0.000, 0.280, 48
train,    5199, 14.856835,   95, 0.04,   12, 0.000, 0.000, 0.280, 48
train,    5200, 15.116714,   92, 0.04,   11, 0.000, 0.000, 0.280, 48
update,   5200,   52, 5200, 16.071749, 0.000000
val_t, 5200, 5200, 14.822481, 0.0215,  94.2758,   0.0712, 0.9745,  29.0124, progress 0.9453
train,    5201, 14.394532,   87, 0.02,   11, 0.000, 0.000, 0.280, 48
train,    5202, 14.957551,   93, 0.03,   12, 0.000, 0.000, 0.280, 48
train,    5203, 14.973059,   90, 0.04,   12, 0.000, 0.000, 0.280, 48
train,    5204, 14.418501,   86, 0.01,   12, 0.000, 0.000, 0.280, 48
train,    5205, 14.634967,   92, 0.03,   11, 0.000, 0.000, 0.280, 48
train,    5206, 14.439298,   91, 0.03,   13, 0.000, 0.000, 0.280, 48
train,    5207, 14.472417,   90, 0.05,   12, 0.000, 0.000, 0.280, 48
train,    5208, 14.695121,   96, 0.03,   11, 0.000, 0.000, 0.280, 48
train,    5209, 14.323317,   90, 0.03,   11, 0.000, 0.000, 0.280, 48
train,    5210, 14.786629,   93, 0.02,   14, 0.000, 0.000, 0.280, 48
train,    5211, 14.755485,   93, 0.03,   12, 0.000, 0.000, 0.280, 48
train,    5212, 15.403301,   95, 0.03,   13, 0.000, 0.000, 0.280, 48
train,    5213, 15.203177,   88, 0.04,   12, 0.000, 0.000, 0.280, 48
train,    5214, 15.554348,   88, 0.03,   13, 0.000, 0.000, 0.280, 48
train,    5215, 14.698123,   89, 0.05,   11, 0.000, 0.000, 0.280, 48
train,    5216, 13.094105,   94, 0.04,   12, 0.000, 0.000, 0.280, 48
train,    5217, 15.568508,   94, 0.03,   11, 0.000, 0.000, 0.280, 48
train,    5218, 14.631875,   93, 0.04,   12, 0.000, 0.000, 0.280, 48
train,    5219, 15.278958,   89, 0.02,   12, 0.000, 0.000, 0.280, 48
train,    5220, 13.863574,   87, 0.04,   12, 0.000, 0.000, 0.280, 48
train,    5221, 15.743159,   90, 0.04,   12, 0.000, 0.000, 0.280, 48
train,    5222, 14.421921,   91, 0.02,   12, 0.000, 0.000, 0.280, 48
train,    5223, 14.901780,   96, 0.04,   11, 0.000, 0.000, 0.280, 48
train,    5224, 14.276548,   92, 0.03,   12, 0.000, 0.000, 0.280, 48
train,    5225, 14.030201,   85, 0.04,   11, 0.000, 0.000, 0.280, 48
train,    5226, 13.676668,   91, 0.05,   12, 0.000, 0.000, 0.280, 48
train,    5227, 14.252946,   94, 0.04,   12, 0.000, 0.000, 0.280, 48
train,    5228, 14.076225,   93, 0.04,   13, 0.000, 0.000, 0.280, 48
train,    5229, 14.268502,   94, 0.02,   11, 0.000, 0.000, 0.280, 48
train,    5230, 14.113975,   97, 0.05,   11, 0.000, 0.000, 0.280, 48
train,    5231, 14.046049,   89, 0.01,   11, 0.000, 0.000, 0.280, 48
train,    5232, 14.326279,   97, 0.04,   12, 0.000, 0.000, 0.280, 48
train,    5233, 14.870556,   92, 0.02,   11, 0.000, 0.000, 0.280, 48
train,    5234, 14.258738,   94, 0.02,   13, 0.000, 0.000, 0.280, 48
train,    5235, 14.591251,   95, 0.02,   12, 0.000, 0.000, 0.280, 48
train,    5236, 13.936537,   93, 0.02,   12, 0.000, 0.000, 0.280, 48
train,    5237, 14.621594,   94, 0.03,   11, 0.000, 0.000, 0.280, 48
train,    5238, 13.480680,   93, 0.04,   10, 0.000, 0.000, 0.280, 48
train,    5239, 13.984535,   91, 0.04,   10, 0.000, 0.000, 0.280, 48
train,    5240, 14.631102,   95, 0.04,   12, 0.000, 0.000, 0.280, 48
train,    5241, 13.647334,   94, 0.02,   11, 0.000, 0.000, 0.280, 48
train,    5242, 14.316327,   91, 0.04,   11, 0.000, 0.000, 0.280, 48
train,    5243, 15.056136,   93, 0.04,   11, 0.000, 0.000, 0.280, 48
train,    5244, 14.527828,   90, 0.01,   12, 0.000, 0.000, 0.280, 48
train,    5245, 13.145000,   91, 0.05,   12, 0.000, 0.000, 0.280, 48
train,    5246, 14.757770,   94, 0.04,   11, 0.000, 0.000, 0.280, 48
train,    5247, 14.577406,   93, 0.02,   12, 0.000, 0.000, 0.280, 48
train,    5248, 14.323952,   90, 0.02,   11, 0.000, 0.000, 0.280, 48
train,    5249, 14.625063,   90, 0.03,   11, 0.000, 0.000, 0.280, 48
train,    5250, 14.213198,   95, 0.02,   12, 0.000, 0.000, 0.280, 48
train,    5251, 13.023085,   89, 0.04,   12, 0.000, 0.000, 0.280, 48
train,    5252, 13.887448,   91, 0.05,   11, 0.000, 0.000, 0.280, 48
train,    5253, 14.611378,   91, 0.04,   11, 0.000, 0.000, 0.280, 48
train,    5254, 14.493416,   93, 0.02,   12, 0.000, 0.000, 0.280, 48
train,    5255, 14.713106,   96, 0.02,   13, 0.000, 0.000, 0.280, 48
train,    5256, 13.536916,   95, 0.03,   12, 0.000, 0.000, 0.280, 48
train,    5257, 14.357704,   89, 0.05,   11, 0.000, 0.000, 0.280, 48
train,    5258, 13.633174,   86, 0.04,   12, 0.000, 0.000, 0.280, 48
train,    5259, 14.206874,   89, 0.02,   11, 0.000, 0.000, 0.280, 48
train,    5260, 13.720235,   88, 0.02,   10, 0.000, 0.000, 0.280, 48
train,    5261, 14.987239,   91, 0.04,   12, 0.000, 0.000, 0.280, 48
train,    5262, 13.583718,   91, 0.04,   12, 0.000, 0.000, 0.280, 48
train,    5263, 13.945237,   93, 0.02,   11, 0.000, 0.000, 0.280, 48
train,    5264, 14.165222,   90, 0.04,   11, 0.000, 0.000, 0.280, 48
train,    5265, 13.902821,   93, 0.03,   12, 0.000, 0.000, 0.280, 48
train,    5266, 15.090957,   93, 0.03,   13, 0.000, 0.000, 0.280, 48
train,    5267, 13.535496,   87, 0.04,   12, 0.000, 0.000, 0.280, 48
train,    5268, 13.729103,   93, 0.02,   12, 0.000, 0.000, 0.280, 48
train,    5269, 13.600016,   91, 0.03,   12, 0.000, 0.000, 0.280, 48
train,    5270, 13.311348,   90, 0.02,   11, 0.000, 0.000, 0.280, 48
train,    5271, 14.166514,   89, 0.04,   11, 0.000, 0.000, 0.280, 48
train,    5272, 13.418971,   87, 0.04,   12, 0.000, 0.000, 0.280, 48
train,    5273, 14.058687,   88, 0.03,   12, 0.000, 0.000, 0.280, 48
train,    5274, 13.490409,   92, 0.04,   12, 0.000, 0.000, 0.280, 48
train,    5275, 13.519430,   95, 0.05,   13, 0.000, 0.000, 0.280, 48
train,    5276, 13.558560,   93, 0.02,   11, 0.000, 0.000, 0.280, 48
train,    5277, 13.487746,   88, 0.04,   12, 0.000, 0.000, 0.280, 48
train,    5278, 13.327875,   90, 0.04,   12, 0.000, 0.000, 0.280, 48
train,    5279, 13.542541,   89, 0.04,   10, 0.000, 0.000, 0.280, 48
train,    5280, 13.059781,   89, 0.04,   11, 0.000, 0.000, 0.280, 48
train,    5281, 14.011845,   91, 0.03,   11, 0.000, 0.000, 0.280, 48
train,    5282, 13.045603,   89, 0.02,   12, 0.000, 0.000, 0.280, 48
train,    5283, 13.638408,   92, 0.03,   11, 0.000, 0.000, 0.280, 48
train,    5284, 13.652736,   96, 0.02,   12, 0.000, 0.000, 0.280, 48
train,    5285, 13.018608,   96, 0.03,   11, 0.000, 0.000, 0.280, 48
train,    5286, 14.459743,   94, 0.04,   11, 0.000, 0.000, 0.280, 48
train,    5287, 14.044145,   92, 0.05,   12, 0.000, 0.000, 0.280, 48
train,    5288, 13.783109,   90, 0.02,   11, 0.000, 0.000, 0.280, 48
train,    5289, 13.485718,   96, 0.04,   10, 0.000, 0.000, 0.280, 48
train,    5290, 13.508228,   95, 0.02,   11, 0.000, 0.000, 0.280, 48
train,    5291, 14.116091,   93, 0.03,   13, 0.000, 0.000, 0.280, 48
train,    5292, 14.380412,   93, 0.04,   12, 0.000, 0.000, 0.280, 48
train,    5293, 13.529500,   92, 0.05,   11, 0.000, 0.000, 0.280, 48
train,    5294, 13.608955,   96, 0.04,   12, 0.000, 0.000, 0.280, 48
train,    5295, 13.310532,   91, 0.04,   11, 0.000, 0.000, 0.280, 48
train,    5296, 13.513980,   96, 0.03,   12, 0.000, 0.000, 0.280, 48
train,    5297, 14.272437,   88, 0.02,   12, 0.000, 0.000, 0.280, 48
train,    5298, 14.798683,   94, 0.02,   10, 0.000, 0.000, 0.280, 48
train,    5299, 15.069350,   94, 0.01,   11, 0.000, 0.000, 0.280, 48
train,    5300, 14.490425,   88, 0.04,   13, 0.000, 0.000, 0.280, 48
update,   5300,   53, 5300, 16.065679, 0.000000
val_t, 5300, 5300, 15.307771, 0.0066,  93.0972,   0.0708, 0.9811,  28.9303, progress 0.9704
train,    5301, 13.268274,   97, 0.03,   11, 0.000, 0.000, 0.280, 48
train,    5302, 13.911567,   96, 0.03,   11, 0.000, 0.000, 0.280, 48
train,    5303, 14.461787,   90, 0.01,   11, 0.000, 0.000, 0.280, 48
train,    5304, 13.968879,   90, 0.05,   11, 0.000, 0.000, 0.280, 48
train,    5305, 13.651908,   89, 0.04,   12, 0.000, 0.000, 0.280, 48
train,    5306, 13.276653,   96, 0.03,   12, 0.000, 0.000, 0.280, 48
train,    5307, 12.825084,   87, 0.04,   11, 0.000, 0.000, 0.280, 48
train,    5308, 14.224934,   98, 0.05,   13, 0.000, 0.000, 0.280, 48
train,    5309, 13.456932,   95, 0.02,   12, 0.000, 0.000, 0.280, 48
train,    5310, 13.000366,   90, 0.03,   12, 0.000, 0.000, 0.280, 48
train,    5311, 13.177277,   96, 0.05,   11, 0.000, 0.000, 0.280, 48
train,    5312, 14.302191,   95, 0.04,   10, 0.000, 0.000, 0.280, 48
train,    5313, 13.892554,   94, 0.04,   12, 0.000, 0.000, 0.280, 48
train,    5314, 14.678282,   96, 0.05,   12, 0.000, 0.000, 0.280, 48
train,    5315, 14.160848,   89, 0.04,   11, 0.000, 0.000, 0.280, 48
train,    5316, 12.353434,   90, 0.04,   11, 0.000, 0.000, 0.280, 48
train,    5317, 13.952251,   88, 0.05,   11, 0.000, 0.000, 0.280, 48
train,    5318, 14.557533,   95, 0.03,   11, 0.000, 0.000, 0.280, 48
train,    5319, 14.305967,   91, 0.03,   12, 0.000, 0.000, 0.280, 48
train,    5320, 13.877356,   91, 0.04,   12, 0.000, 0.000, 0.280, 48
train,    5321, 13.448518,   89, 0.05,   11, 0.000, 0.000, 0.280, 48
train,    5322, 13.546815,   90, 0.03,   12, 0.000, 0.000, 0.280, 48
train,    5323, 14.713433,   92, 0.03,   11, 0.000, 0.000, 0.280, 48
train,    5324, 14.130515,   95, 0.03,   13, 0.000, 0.000, 0.280, 48
train,    5325, 13.310372,   90, 0.05,   13, 0.000, 0.000, 0.280, 48
train,    5326, 14.111536,   98, 0.03,   13, 0.000, 0.000, 0.280, 48
train,    5327, 13.440883,   88, 0.04,   12, 0.000, 0.000, 0.280, 48
train,    5328, 14.490997,   93, 0.03,   11, 0.000, 0.000, 0.280, 48
train,    5329, 14.452041,   89, 0.04,   11, 0.000, 0.000, 0.280, 48
train,    5330, 13.129525,   97, 0.03,   11, 0.000, 0.000, 0.280, 48
train,    5331, 14.562589,   89, 0.04,   11, 0.000, 0.000, 0.280, 48
train,    5332, 13.690678,   92, 0.02,   13, 0.000, 0.000, 0.280, 48
train,    5333, 13.928946,   90, 0.04,   12, 0.000, 0.000, 0.280, 48
train,    5334, 14.067490,   91, 0.02,   12, 0.000, 0.000, 0.280, 48
train,    5335, 14.211048,   89, 0.03,   11, 0.000, 0.000, 0.280, 48
train,    5336, 15.048035,   90, 0.01,   12, 0.000, 0.000, 0.280, 48
train,    5337, 14.633470,   89, 0.03,   11, 0.000, 0.000, 0.280, 48
train,    5338, 12.999327,   96, 0.04,   11, 0.000, 0.000, 0.280, 48
train,    5339, 14.565522,   92, 0.04,   11, 0.000, 0.000, 0.280, 48
train,    5340, 13.409446,   90, 0.02,   12, 0.000, 0.000, 0.280, 48
train,    5341, 13.665647,   90, 0.03,   13, 0.000, 0.000, 0.280, 48
train,    5342, 14.061282,   92, 0.03,   11, 0.000, 0.000, 0.280, 48
train,    5343, 13.501224,   90, 0.03,   12, 0.000, 0.000, 0.280, 48
train,    5344, 14.186422,   94, 0.05,   13, 0.000, 0.000, 0.280, 48
train,    5345, 14.172566,   91, 0.02,   12, 0.000, 0.000, 0.280, 48
train,    5346, 13.585405,   91, 0.04,   12, 0.000, 0.000, 0.280, 48
train,    5347, 13.449163,   93, 0.04,   10, 0.000, 0.000, 0.280, 48
train,    5348, 14.005710,   91, 0.05,   13, 0.000, 0.000, 0.280, 48
train,    5349, 13.600178,   94, 0.05,   12, 0.000, 0.000, 0.280, 48
train,    5350, 13.481306,   93, 0.03,   12, 0.000, 0.000, 0.280, 48
train,    5351, 14.315124,   94, 0.04,   12, 0.000, 0.000, 0.280, 48
train,    5352, 14.330365,   92, 0.02,   12, 0.000, 0.000, 0.280, 48
train,    5353, 13.308842,   92, 0.04,   13, 0.000, 0.000, 0.280, 48
train,    5354, 14.579805,   90, 0.02,   11, 0.000, 0.000, 0.280, 48
train,    5355, 14.018049,   89, 0.02,   12, 0.000, 0.000, 0.280, 48
train,    5356, 14.650273,   91, 0.03,   14, 0.000, 0.000, 0.280, 48
train,    5357, 13.037020,   94, 0.03,   13, 0.000, 0.000, 0.280, 48
train,    5358, 14.480444,   94, 0.03,   12, 0.000, 0.000, 0.280, 48
train,    5359, 13.658620,   93, 0.04,   12, 0.000, 0.000, 0.280, 48
train,    5360, 13.297565,   88, 0.03,   10, 0.000, 0.000, 0.280, 48
train,    5361, 14.132496,   95, 0.05,   13, 0.000, 0.000, 0.280, 48
train,    5362, 14.313806,   87, 0.03,   12, 0.000, 0.000, 0.280, 48
train,    5363, 13.912182,   93, 0.04,   11, 0.000, 0.000, 0.280, 48
train,    5364, 13.957843,   89, 0.05,   11, 0.000, 0.000, 0.280, 48
train,    5365, 14.055811,   92, 0.04,   12, 0.000, 0.000, 0.280, 48
train,    5366, 15.188900,   96, 0.02,   12, 0.000, 0.000, 0.280, 48
train,    5367, 13.094247,   88, 0.04,   12, 0.000, 0.000, 0.280, 48
train,    5368, 13.690989,   93, 0.03,   12, 0.000, 0.000, 0.280, 48
train,    5369, 14.160995,   89, 0.04,   11, 0.000, 0.000, 0.280, 48
train,    5370, 13.770561,   96, 0.05,   11, 0.000, 0.000, 0.280, 48
train,    5371, 14.228785,   90, 0.04,   13, 0.000, 0.000, 0.280, 48
train,    5372, 14.562311,   90, 0.04,   11, 0.000, 0.000, 0.280, 48
train,    5373, 14.842061,   91, 0.04,   11, 0.000, 0.000, 0.280, 48
train,    5374, 14.306046,   95, 0.04,   11, 0.000, 0.000, 0.280, 48
train,    5375, 13.809500,   95, 0.03,   12, 0.000, 0.000, 0.280, 48
train,    5376, 14.657280,   89, 0.04,   10, 0.000, 0.000, 0.280, 48
train,    5377, 15.390131,   89, 0.03,   11, 0.000, 0.000, 0.280, 48
train,    5378, 14.415423,   91, 0.05,   11, 0.000, 0.000, 0.280, 48
train,    5379, 14.136441,   88, 0.05,   11, 0.000, 0.000, 0.280, 48
train,    5380, 15.061537,   88, 0.03,   10, 0.000, 0.000, 0.280, 48
train,    5381, 13.430579,   97, 0.05,   11, 0.000, 0.000, 0.280, 48
train,    5382, 14.146148,   94, 0.02,   10, 0.000, 0.000, 0.280, 48
train,    5383, 13.172083,   96, 0.04,   12, 0.000, 0.000, 0.280, 48
train,    5384, 14.019416,   93, 0.05,   10, 0.000, 0.000, 0.280, 48
train,    5385, 13.578991,   89, 0.02,   11, 0.000, 0.000, 0.280, 48
train,    5386, 14.795423,   96, 0.04,   13, 0.000, 0.000, 0.280, 48
train,    5387, 14.654205,   94, 0.03,   12, 0.000, 0.000, 0.280, 48
train,    5388, 14.216395,   93, 0.04,   11, 0.000, 0.000, 0.280, 48
train,    5389, 13.942542,   94, 0.02,   10, 0.000, 0.000, 0.280, 48
train,    5390, 14.977328,   92, 0.02,   11, 0.000, 0.000, 0.280, 48
train,    5391, 14.796208,   93, 0.03,   11, 0.000, 0.000, 0.280, 48
train,    5392, 14.469182,   90, 0.03,   11, 0.000, 0.000, 0.280, 48
train,    5393, 14.205276,   91, 0.01,   12, 0.000, 0.000, 0.280, 48
train,    5394, 14.283824,   88, 0.02,   11, 0.000, 0.000, 0.280, 48
train,    5395, 14.632029,   90, 0.04,   10, 0.000, 0.000, 0.280, 48
train,    5396, 14.307911,   93, 0.04,   11, 0.000, 0.000, 0.280, 48
train,    5397, 14.700392,   91, 0.05,   11, 0.000, 0.000, 0.280, 48
train,    5398, 14.119242,   89, 0.03,   12, 0.000, 0.000, 0.280, 48
train,    5399, 14.627052,   94, 0.03,   13, 0.000, 0.000, 0.280, 48
train,    5400, 14.512294,   94, 0.06,   11, 0.000, 0.000, 0.280, 48
update,   5400,   54, 5400, 16.755857, 0.000000
val_t, 5400, 5400, 16.666553, 0.0125,  90.4745,   0.0751, 0.9838,  28.5241, progress 0.9622
train,    5401, 15.500646,   89, 0.03,   10, 0.000, 0.000, 0.280, 48
train,    5402, 14.542832,   92, 0.04,   12, 0.000, 0.000, 0.280, 48
train,    5403, 14.876565,   94, 0.02,   12, 0.000, 0.000, 0.280, 48
train,    5404, 14.880926,   93, 0.02,   12, 0.000, 0.000, 0.280, 48
train,    5405, 14.464292,   89, 0.04,   11, 0.000, 0.000, 0.280, 48
train,    5406, 15.735531,   90, 0.04,   11, 0.000, 0.000, 0.280, 48
train,    5407, 14.151636,   93, 0.03,   12, 0.000, 0.000, 0.280, 48
train,    5408, 14.890550,   96, 0.03,   11, 0.000, 0.000, 0.280, 48
train,    5409, 14.643676,   94, 0.04,   12, 0.000, 0.000, 0.280, 48
train,    5410, 14.243483,   90, 0.03,   13, 0.000, 0.000, 0.280, 48
train,    5411, 14.899427,   91, 0.04,   12, 0.000, 0.000, 0.280, 48
train,    5412, 14.351886,   91, 0.01,   11, 0.000, 0.000, 0.280, 48
train,    5413, 14.799143,   94, 0.03,   13, 0.000, 0.000, 0.280, 48
train,    5414, 15.245141,   95, 0.02,   12, 0.000, 0.000, 0.280, 48
train,    5415, 15.106184,   92, 0.03,   12, 0.000, 0.000, 0.280, 48
train,    5416, 14.752847,   90, 0.04,   11, 0.000, 0.000, 0.280, 48
train,    5417, 14.720139,   97, 0.04,   12, 0.000, 0.000, 0.280, 48
train,    5418, 14.816350,   90, 0.04,   12, 0.000, 0.000, 0.280, 48
train,    5419, 16.341314,   90, 0.05,   12, 0.000, 0.000, 0.280, 48
train,    5420, 13.738162,   95, 0.04,   13, 0.000, 0.000, 0.280, 48
train,    5421, 15.943632,   89, 0.03,   11, 0.000, 0.000, 0.280, 48
train,    5422, 14.859931,   88, 0.02,   10, 0.000, 0.000, 0.280, 48
train,    5423, 15.176206,   95, 0.05,   11, 0.000, 0.000, 0.280, 48
train,    5424, 15.647175,   94, 0.04,   12, 0.000, 0.000, 0.280, 48
train,    5425, 14.918651,   90, 0.01,   13, 0.000, 0.000, 0.280, 48
train,    5426, 15.075499,   91, 0.04,   12, 0.000, 0.000, 0.280, 48
train,    5427, 15.147116,   91, 0.03,   13, 0.000, 0.000, 0.280, 48
train,    5428, 15.153121,   96, 0.05,   13, 0.000, 0.000, 0.280, 48
train,    5429, 15.346310,   89, 0.04,   12, 0.000, 0.000, 0.280, 48
train,    5430, 16.122900,   90, 0.03,   12, 0.000, 0.000, 0.280, 48
train,    5431, 15.361862,   90, 0.03,   11, 0.000, 0.000, 0.280, 48
train,    5432, 14.552880,   95, 0.02,   12, 0.000, 0.000, 0.280, 48
train,    5433, 14.419841,   93, 0.04,   11, 0.000, 0.000, 0.280, 48
train,    5434, 16.419917,   92, 0.03,   10, 0.000, 0.000, 0.280, 48
train,    5435, 15.538281,   94, 0.03,   12, 0.000, 0.000, 0.280, 48
train,    5436, 15.871272,   92, 0.03,   12, 0.000, 0.000, 0.280, 48
train,    5437, 15.136695,   90, 0.03,   13, 0.000, 0.000, 0.280, 48
train,    5438, 15.001462,   89, 0.04,   12, 0.000, 0.000, 0.280, 48
train,    5439, 15.627131,   94, 0.05,   12, 0.000, 0.000, 0.280, 48
train,    5440, 15.055483,   93, 0.02,   12, 0.000, 0.000, 0.280, 48
train,    5441, 15.748187,   92, 0.04,   11, 0.000, 0.000, 0.280, 48
train,    5442, 15.936798,   89, 0.03,   11, 0.000, 0.000, 0.280, 48
train,    5443, 14.679703,   97, 0.03,   12, 0.000, 0.000, 0.280, 48
train,    5444, 14.047514,   92, 0.03,   12, 0.000, 0.000, 0.280, 48
train,    5445, 16.001997,   90, 0.02,   13, 0.000, 0.000, 0.280, 48
train,    5446, 15.022698,   88, 0.03,   11, 0.000, 0.000, 0.280, 48
train,    5447, 14.166217,   90, 0.05,   12, 0.000, 0.000, 0.280, 48
train,    5448, 14.840525,   91, 0.05,   11, 0.000, 0.000, 0.280, 48
train,    5449, 15.322245,   91, 0.02,   11, 0.000, 0.000, 0.280, 48
train,    5450, 15.337042,   95, 0.03,   11, 0.000, 0.000, 0.280, 48
train,    5451, 15.458223,   95, 0.02,   12, 0.000, 0.000, 0.280, 48
train,    5452, 13.943296,   96, 0.03,   13, 0.000, 0.000, 0.280, 48
train,    5453, 15.433670,   95, 0.04,   12, 0.000, 0.000, 0.280, 48
train,    5454, 15.407873,   91, 0.04,   11, 0.000, 0.000, 0.280, 48
train,    5455, 15.086828,   91, 0.04,   12, 0.000, 0.000, 0.280, 48
train,    5456, 16.325838,   89, 0.04,   12, 0.000, 0.000, 0.280, 48
train,    5457, 15.834416,   92, 0.04,   12, 0.000, 0.000, 0.280, 48
train,    5458, 15.731939,   92, 0.04,   13, 0.000, 0.000, 0.280, 48
train,    5459, 15.839409,   96, 0.05,   13, 0.000, 0.000, 0.280, 48
train,    5460, 14.812785,   95, 0.04,   12, 0.000, 0.000, 0.280, 48
train,    5461, 15.019773,   90, 0.04,   11, 0.000, 0.000, 0.280, 48
train,    5462, 16.311455,   90, 0.05,   11, 0.000, 0.000, 0.280, 48
train,    5463, 16.076145,   98, 0.02,   13, 0.000, 0.000, 0.280, 48
train,    5464, 15.530440,   95, 0.05,   11, 0.000, 0.000, 0.280, 48
train,    5465, 16.268322,   88, 0.05,   10, 0.000, 0.000, 0.280, 48
train,    5466, 16.368624,   97, 0.01,   12, 0.000, 0.000, 0.280, 48
train,    5467, 15.095071,   94, 0.02,   12, 0.000, 0.000, 0.280, 48
train,    5468, 15.451875,   90, 0.03,   13, 0.000, 0.000, 0.280, 48
train,    5469, 16.372109,   96, 0.06,   12, 0.000, 0.000, 0.280, 48
train,    5470, 16.290173,   94, 0.02,   11, 0.000, 0.000, 0.280, 48
train,    5471, 15.963004,   90, 0.03,   11, 0.000, 0.000, 0.280, 48
train,    5472, 15.229732,   93, 0.02,   11, 0.000, 0.000, 0.280, 48
train,    5473, 15.342976,   93, 0.05,   11, 0.000, 0.000, 0.280, 48
train,    5474, 15.203809,   94, 0.03,   12, 0.000, 0.000, 0.280, 48
train,    5475, 15.527758,   89, 0.03,   12, 0.000, 0.000, 0.280, 48
train,    5476, 16.130576,   93, 0.02,   11, 0.000, 0.000, 0.280, 48
train,    5477, 15.243685,   96, 0.02,   12, 0.000, 0.000, 0.280, 48
train,    5478, 15.509697,   91, 0.05,   11, 0.000, 0.000, 0.280, 48
train,    5479, 15.219189,   93, 0.05,   10, 0.000, 0.000, 0.280, 48
train,    5480, 16.594623,   93, 0.03,   11, 0.000, 0.000, 0.280, 48
train,    5481, 15.800155,   93, 0.03,   10, 0.000, 0.000, 0.280, 48
train,    5482, 16.203158,   95, 0.01,   13, 0.000, 0.000, 0.280, 48
train,    5483, 16.666145,   92, 0.06,   12, 0.000, 0.000, 0.280, 48
train,    5484, 15.658233,   91, 0.03,   12, 0.000, 0.000, 0.280, 48
train,    5485, 16.411214,   94, 0.03,   11, 0.000, 0.000, 0.280, 48
train,    5486, 15.787376,   98, 0.03,   12, 0.000, 0.000, 0.280, 48
train,    5487, 16.103976,   95, 0.03,   12, 0.000, 0.000, 0.280, 48
train,    5488, 15.311797,   96, 0.02,   11, 0.000, 0.000, 0.280, 48
train,    5489, 16.654473,   95, 0.03,   11, 0.000, 0.000, 0.280, 48
train,    5490, 15.657082,   90, 0.04,   12, 0.000, 0.000, 0.280, 48
train,    5491, 16.239204,   95, 0.02,   11, 0.000, 0.000, 0.280, 48
train,    5492, 16.049147,   90, 0.03,   10, 0.000, 0.000, 0.280, 48
train,    5493, 16.353733,   92, 0.05,   11, 0.000, 0.000, 0.280, 48
train,    5494, 15.665208,   98, 0.05,   10, 0.000, 0.000, 0.280, 48
train,    5495, 17.082959,   92, 0.02,   12, 0.000, 0.000, 0.280, 48
train,    5496, 16.552490,   93, 0.02,   12, 0.000, 0.000, 0.280, 48
train,    5497, 16.617796,   88, 0.05,   11, 0.000, 0.000, 0.280, 48
train,    5498, 16.168741,   95, 0.05,   11, 0.000, 0.000, 0.280, 48
train,    5499, 16.663973,   94, 0.04,   12, 0.000, 0.000, 0.280, 48
train,    5500, 16.254288,   96, 0.03,   12, 0.000, 0.000, 0.280, 48
update,   5500,   55, 5500, 15.863903, 0.000000
val_t, 5500, 5500, 17.417150, 0.0167,  87.0623,   0.0703, 0.9854,  28.1855, progress 0.9644
train,    5501, 16.998753,   90, 0.04,   12, 0.000, 0.000, 0.280, 48
train,    5502, 16.505468,   90, 0.03,   11, 0.000, 0.000, 0.280, 48
train,    5503, 16.236703,   94, 0.05,   12, 0.000, 0.000, 0.280, 48
train,    5504, 15.867643,   89, 0.02,   11, 0.000, 0.000, 0.280, 48
train,    5505, 16.588340,   90, 0.03,   13, 0.000, 0.000, 0.280, 48
train,    5506, 16.712754,   91, 0.05,   11, 0.000, 0.000, 0.280, 48
train,    5507, 16.048060,   92, 0.03,   12, 0.000, 0.000, 0.280, 48
train,    5508, 16.982818,   93, 0.03,   10, 0.000, 0.000, 0.280, 48
train,    5509, 16.650951,   97, 0.04,   13, 0.000, 0.000, 0.280, 48
train,    5510, 16.994103,   93, 0.04,   13, 0.000, 0.000, 0.280, 48
train,    5511, 16.750094,   88, 0.02,   12, 0.000, 0.000, 0.280, 48
train,    5512, 16.721043,   91, 0.03,   10, 0.000, 0.000, 0.280, 48
train,    5513, 16.792640,   92, 0.02,   11, 0.000, 0.000, 0.280, 48
train,    5514, 15.543434,   98, 0.05,   11, 0.000, 0.000, 0.280, 48
train,    5515, 16.210346,   96, 0.03,   12, 0.000, 0.000, 0.280, 48
train,    5516, 17.069211,   96, 0.04,   11, 0.000, 0.000, 0.280, 48
train,    5517, 16.559043,   95, 0.04,   13, 0.000, 0.000, 0.280, 48
train,    5518, 17.372181,   96, 0.01,   11, 0.000, 0.000, 0.280, 48
train,    5519, 17.329170,   88, 0.03,   11, 0.000, 0.000, 0.280, 48
train,    5520, 17.407115,   92, 0.04,   12, 0.000, 0.000, 0.280, 48
train,    5521, 16.658954,   97, 0.02,   11, 0.000, 0.000, 0.280, 48
train,    5522, 16.180348,   88, 0.02,   11, 0.000, 0.000, 0.280, 48
train,    5523, 16.827216,   86, 0.05,   11, 0.000, 0.000, 0.280, 48
train,    5524, 16.120226,   91, 0.02,   11, 0.000, 0.000, 0.280, 48
train,    5525, 17.377424,   93, 0.03,   11, 0.000, 0.000, 0.280, 48
train,    5526, 17.287962,   96, 0.04,   12, 0.000, 0.000, 0.280, 48
train,    5527, 16.543852,   93, 0.05,   12, 0.000, 0.000, 0.280, 48
train,    5528, 17.536329,   91, 0.04,   12, 0.000, 0.000, 0.280, 48
train,    5529, 16.647309,   89, 0.04,   11, 0.000, 0.000, 0.280, 48
train,    5530, 16.832781,   91, 0.05,   12, 0.000, 0.000, 0.280, 48
train,    5531, 17.004699,   97, 0.02,   11, 0.000, 0.000, 0.280, 48
train,    5532, 16.789026,   96, 0.03,   12, 0.000, 0.000, 0.280, 48
train,    5533, 16.566605,   88, 0.04,   13, 0.000, 0.000, 0.280, 48
train,    5534, 16.233954,   96, 0.01,   13, 0.000, 0.000, 0.280, 48
train,    5535, 17.431702,   96, 0.04,   12, 0.000, 0.000, 0.280, 48
train,    5536, 16.134673,   88, 0.02,   11, 0.000, 0.000, 0.280, 48
train,    5537, 15.265708,   95, 0.03,   12, 0.000, 0.000, 0.280, 48
train,    5538, 16.615988,   91, 0.06,   13, 0.000, 0.000, 0.280, 48
train,    5539, 16.633561,   91, 0.04,   11, 0.000, 0.000, 0.280, 48
train,    5540, 17.402463,   90, 0.03,   12, 0.000, 0.000, 0.280, 48
train,    5541, 17.974028,   88, 0.04,   12, 0.000, 0.000, 0.280, 48
train,    5542, 17.504047,   90, 0.03,   11, 0.000, 0.000, 0.280, 48
train,    5543, 16.461396,   91, 0.03,   11, 0.000, 0.000, 0.280, 48
train,    5544, 16.192108,   95, 0.02,   11, 0.000, 0.000, 0.280, 48
train,    5545, 17.881767,   97, 0.06,   11, 0.000, 0.000, 0.280, 48
train,    5546, 16.588594,   91, 0.03,   12, 0.000, 0.000, 0.280, 48
train,    5547, 16.867994,   89, 0.04,   11, 0.000, 0.000, 0.280, 48
train,    5548, 17.460116,   92, 0.02,   12, 0.000, 0.000, 0.280, 48
train,    5549, 17.289583,   90, 0.02,   11, 0.000, 0.000, 0.280, 48
train,    5550, 16.997153,   88, 0.03,   12, 0.000, 0.000, 0.280, 48
train,    5551, 17.325928,   97, 0.02,   12, 0.000, 0.000, 0.280, 48
train,    5552, 17.540722,   88, 0.05,   11, 0.000, 0.000, 0.280, 48
train,    5553, 17.347237,   90, 0.03,   12, 0.000, 0.000, 0.280, 48
train,    5554, 16.691998,   90, 0.02,   12, 0.000, 0.000, 0.280, 48
train,    5555, 17.308898,   90, 0.02,   12, 0.000, 0.000, 0.280, 48
train,    5556, 17.046928,   91, 0.02,   11, 0.000, 0.000, 0.280, 48
train,    5557, 17.922173,   89, 0.05,   11, 0.000, 0.000, 0.280, 48
train,    5558, 17.436971,   89, 0.03,   12, 0.000, 0.000, 0.280, 48
train,    5559, 16.428163,   90, 0.04,   11, 0.000, 0.000, 0.280, 48
train,    5560, 16.660969,   92, 0.04,   12, 0.000, 0.000, 0.280, 48
train,    5561, 17.066723,   91, 0.04,   11, 0.000, 0.000, 0.280, 48
train,    5562, 16.325319,   94, 0.03,   12, 0.000, 0.000, 0.280, 48
train,    5563, 17.158177,   90, 0.05,   12, 0.000, 0.000, 0.280, 48
train,    5564, 17.983959,   93, 0.04,   12, 0.000, 0.000, 0.280, 48
train,    5565, 17.574532,   95, 0.01,   12, 0.000, 0.000, 0.280, 48
train,    5566, 16.989031,   88, 0.03,   12, 0.000, 0.000, 0.280, 48
train,    5567, 17.824936,   94, 0.02,   12, 0.000, 0.000, 0.280, 48
train,    5568, 17.772646,   90, 0.02,   12, 0.000, 0.000, 0.280, 48
train,    5569, 18.007353,   94, 0.05,   12, 0.000, 0.000, 0.280, 48
train,    5570, 16.685944,   94, 0.03,   12, 0.000, 0.000, 0.280, 48
train,    5571, 17.203761,   93, 0.05,   12, 0.000, 0.000, 0.280, 48
train,    5572, 17.110256,   94, 0.03,   12, 0.000, 0.000, 0.280, 48
train,    5573, 16.895486,   91, 0.03,   11, 0.000, 0.000, 0.280, 48
train,    5574, 17.033542,   92, 0.01,   12, 0.000, 0.000, 0.280, 48
train,    5575, 17.237256,   91, 0.02,   12, 0.000, 0.000, 0.280, 48
train,    5576, 17.831316,   88, 0.02,   11, 0.000, 0.000, 0.280, 48
train,    5577, 17.714696,   92, 0.03,   13, 0.000, 0.000, 0.280, 48
train,    5578, 17.352487,   93, 0.03,   12, 0.000, 0.000, 0.280, 48
train,    5579, 16.609451,   97, 0.02,   12, 0.000, 0.000, 0.280, 48
train,    5580, 18.235620,   91, 0.03,   11, 0.000, 0.000, 0.280, 48
train,    5581, 16.827517,   94, 0.03,   12, 0.000, 0.000, 0.280, 48
train,    5582, 17.034151,   95, 0.03,   10, 0.000, 0.000, 0.280, 48
train,    5583, 17.241264,   92, 0.02,   12, 0.000, 0.000, 0.280, 48
train,    5584, 18.305786,   91, 0.01,   13, 0.000, 0.000, 0.280, 48
train,    5585, 17.443125,   98, 0.04,   12, 0.000, 0.000, 0.280, 48
train,    5586, 17.325451,   94, 0.02,   12, 0.000, 0.000, 0.280, 48
train,    5587, 17.532538,   95, 0.03,   12, 0.000, 0.000, 0.280, 48
train,    5588, 18.015731,   93, 0.05,   11, 0.000, 0.000, 0.280, 48
train,    5589, 16.912146,   89, 0.04,   10, 0.000, 0.000, 0.280, 48
train,    5590, 17.430135,   89, 0.04,   11, 0.000, 0.000, 0.280, 48
train,    5591, 16.716086,   90, 0.03,   13, 0.000, 0.000, 0.280, 48
train,    5592, 17.610755,   87, 0.04,   12, 0.000, 0.000, 0.280, 48
train,    5593, 17.226623,   92, 0.02,   12, 0.000, 0.000, 0.280, 48
train,    5594, 17.688012,   90, 0.03,   12, 0.000, 0.000, 0.280, 48
train,    5595, 18.232770,   95, 0.04,   12, 0.000, 0.000, 0.280, 48
train,    5596, 16.786301,   89, 0.03,   12, 0.000, 0.000, 0.280, 48
train,    5597, 17.653771,   96, 0.04,   11, 0.000, 0.000, 0.280, 48
train,    5598, 17.479945,   95, 0.04,   11, 0.000, 0.000, 0.280, 48
train,    5599, 17.378083,   95, 0.03,   12, 0.000, 0.000, 0.280, 48
train,    5600, 17.475148,   89, 0.02,   12, 0.000, 0.000, 0.280, 48
update,   5600,   56, 5600, 15.836699, 0.000000
val_t, 5600, 5600, 17.503199, 0.0223,  94.5332,   0.0756, 0.9864,  28.6093, progress 0.9671
train,    5601, 16.775498,   92, 0.03,   11, 0.000, 0.000, 0.280, 48
train,    5602, 18.086021,   91, 0.03,   10, 0.000, 0.000, 0.280, 48
train,    5603, 17.288924,   93, 0.03,   13, 0.000, 0.000, 0.280, 48
train,    5604, 18.202174,   98, 0.03,   13, 0.000, 0.000, 0.280, 48
train,    5605, 16.486643,   93, 0.04,   13, 0.000, 0.000, 0.280, 48
train,    5606, 17.824230,   90, 0.01,   13, 0.000, 0.000, 0.280, 48
train,    5607, 16.520388,   89, 0.03,   12, 0.000, 0.000, 0.280, 48
train,    5608, 16.447865,   90, 0.04,   11, 0.000, 0.000, 0.280, 48
train,    5609, 16.575417,   94, 0.02,   11, 0.000, 0.000, 0.280, 48
train,    5610, 17.107239,   97, 0.05,   12, 0.000, 0.000, 0.280, 48
train,    5611, 17.901539,   91, 0.03,   12, 0.000, 0.000, 0.280, 48
train,    5612, 17.152105,   96, 0.02,   12, 0.000, 0.000, 0.280, 48
train,    5613, 17.952239,   94, 0.04,   12, 0.000, 0.000, 0.280, 48
train,    5614, 17.400864,   94, 0.02,   12, 0.000, 0.000, 0.280, 48
train,    5615, 17.043836,   88, 0.04,   12, 0.000, 0.000, 0.280, 48
train,    5616, 17.350478,   90, 0.04,   13, 0.000, 0.000, 0.280, 48
train,    5617, 17.476211,   94, 0.05,   14, 0.000, 0.000, 0.280, 48
train,    5618, 16.783050,   90, 0.02,   13, 0.000, 0.000, 0.280, 48
train,    5619, 16.493775,   96, 0.05,   13, 0.000, 0.000, 0.280, 48
train,    5620, 18.207903,   94, 0.02,   11, 0.000, 0.000, 0.280, 48
train,    5621, 17.820040,   93, 0.05,   12, 0.000, 0.000, 0.280, 48
train,    5622, 16.979949,   93, 0.02,   12, 0.000, 0.000, 0.280, 48
train,    5623, 17.667474,   91, 0.04,   12, 0.000, 0.000, 0.280, 48
train,    5624, 18.244078,   89, 0.02,   11, 0.000, 0.000, 0.280, 48
train,    5625, 17.399154,   96, 0.03,   12, 0.000, 0.000, 0.280, 48
train,    5626, 16.771542,   88, 0.04,   12, 0.000, 0.000, 0.280, 48
train,    5627, 16.627339,   94, 0.03,   11, 0.000, 0.000, 0.280, 48
train,    5628, 16.552953,   92, 0.03,   11, 0.000, 0.000, 0.280, 48
train,    5629, 16.976793,   91, 0.03,   13, 0.000, 0.000, 0.280, 48
train,    5630, 16.950193,   94, 0.03,   12, 0.000, 0.000, 0.280, 48
train,    5631, 17.530873,   95, 0.02,   12, 0.000, 0.000, 0.280, 48
train,    5632, 16.919716,   91, 0.03,   11, 0.000, 0.000, 0.280, 48
train,    5633, 16.908322,   94, 0.02,   12, 0.000, 0.000, 0.280, 48
train,    5634, 17.193651,   95, 0.03,   12, 0.000, 0.000, 0.280, 48
train,    5635, 17.286401,   90, 0.04,   11, 0.000, 0.000, 0.280, 48
train,    5636, 16.757287,   95, 0.05,   12, 0.000, 0.000, 0.280, 48
train,    5637, 16.783115,   92, 0.05,   12, 0.000, 0.000, 0.280, 48
train,    5638, 17.612752,   95, 0.04,   13, 0.000, 0.000, 0.280, 48
train,    5639, 16.413783,   94, 0.05,   12, 0.000, 0.000, 0.280, 48
train,    5640, 17.847435,   92, 0.03,   12, 0.000, 0.000, 0.280, 48
train,    5641, 18.023225,   95, 0.02,   12, 0.000, 0.000, 0.280, 48
train,    5642, 16.942728,   92, 0.03,   11, 0.000, 0.000, 0.280, 48
train,    5643, 16.300247,   89, 0.03,   12, 0.000, 0.000, 0.280, 48
train,    5644, 15.972559,   93, 0.04,   11, 0.000, 0.000, 0.280, 48
train,    5645, 17.634240,   96, 0.03,   12, 0.000, 0.000, 0.280, 48
train,    5646, 17.956886,   88, 0.04,   12, 0.000, 0.000, 0.280, 48
train,    5647, 16.899635,   89, 0.03,   12, 0.000, 0.000, 0.280, 48
train,    5648, 16.991125,   94, 0.04,   12, 0.000, 0.000, 0.280, 48
train,    5649, 16.931514,   95, 0.02,   13, 0.000, 0.000, 0.280, 48
train,    5650, 18.100281,   92, 0.05,   12, 0.000, 0.000, 0.280, 48
train,    5651, 16.659783,   93, 0.03,   11, 0.000, 0.000, 0.280, 48
train,    5652, 16.935971,   93, 0.05,   12, 0.000, 0.000, 0.280, 48
train,    5653, 17.147303,   91, 0.04,   11, 0.000, 0.000, 0.280, 48
train,    5654, 16.515335,   94, 0.03,   12, 0.000, 0.000, 0.280, 48
train,    5655, 17.335971,   95, 0.04,   12, 0.000, 0.000, 0.280, 48
train,    5656, 17.136748,   91, 0.03,   13, 0.000, 0.000, 0.280, 48
train,    5657, 15.918423,   96, 0.05,   12, 0.000, 0.000, 0.280, 48
train,    5658, 16.672229,   97, 0.04,   12, 0.000, 0.000, 0.280, 48
train,    5659, 16.144577,   94, 0.05,   12, 0.000, 0.000, 0.280, 48
train,    5660, 17.689386,   93, 0.03,   12, 0.000, 0.000, 0.280, 48
train,    5661, 17.215936,   94, 0.04,   11, 0.000, 0.000, 0.280, 48
train,    5662, 15.646288,   88, 0.03,   11, 0.000, 0.000, 0.280, 48
train,    5663, 16.668968,   94, 0.03,   11, 0.000, 0.000, 0.280, 48
train,    5664, 16.065240,   88, 0.02,   11, 0.000, 0.000, 0.280, 48
train,    5665, 17.001576,   96, 0.04,   12, 0.000, 0.000, 0.280, 48
train,    5666, 16.829418,   87, 0.03,   12, 0.000, 0.000, 0.280, 48
train,    5667, 16.707448,   96, 0.03,   13, 0.000, 0.000, 0.280, 48
train,    5668, 18.009485,   96, 0.04,   11, 0.000, 0.000, 0.280, 48
train,    5669, 17.156997,   89, 0.03,   12, 0.000, 0.000, 0.280, 48
train,    5670, 16.923415,   91, 0.02,   12, 0.000, 0.000, 0.280, 48
train,    5671, 16.698850,   93, 0.03,   12, 0.000, 0.000, 0.280, 48
train,    5672, 16.061739,   92, 0.06,   12, 0.000, 0.000, 0.280, 48
train,    5673, 15.863370,   93, 0.01,   12, 0.000, 0.000, 0.280, 48
train,    5674, 16.529705,   91, 0.02,   12, 0.000, 0.000, 0.280, 48
train,    5675, 17.032624,   95, 0.03,   11, 0.000, 0.000, 0.280, 48
train,    5676, 16.404389,   96, 0.02,   12, 0.000, 0.000, 0.280, 48
train,    5677, 17.257328,   92, 0.03,   12, 0.000, 0.000, 0.280, 48
train,    5678, 16.989553,   89, 0.03,   12, 0.000, 0.000, 0.280, 48
train,    5679, 17.341315,   94, 0.05,   11, 0.000, 0.000, 0.280, 48
train,    5680, 16.410386,   93, 0.03,   11, 0.000, 0.000, 0.280, 48
train,    5681, 16.373565,   94, 0.03,   11, 0.000, 0.000, 0.280, 48
train,    5682, 15.410005,   92, 0.05,   12, 0.000, 0.000, 0.280, 48
train,    5683, 16.797735,   97, 0.03,   13, 0.000, 0.000, 0.280, 48
train,    5684, 16.584256,   89, 0.02,   10, 0.000, 0.000, 0.280, 48
train,    5685, 16.609918,   91, 0.05,   11, 0.000, 0.000, 0.280, 48
train,    5686, 15.824946,   94, 0.03,   12, 0.000, 0.000, 0.280, 48
train,    5687, 15.844449,   89, 0.03,   12, 0.000, 0.000, 0.280, 48
train,    5688, 16.802578,   95, 0.04,   13, 0.000, 0.000, 0.280, 48
train,    5689, 16.415813,   96, 0.03,   11, 0.000, 0.000, 0.280, 48
train,    5690, 16.561022,   93, 0.03,   11, 0.000, 0.000, 0.280, 48
train,    5691, 16.820023,   92, 0.02,   11, 0.000, 0.000, 0.280, 48
train,    5692, 15.980322,   89, 0.02,   12, 0.000, 0.000, 0.280, 48
train,    5693, 15.733153,   96, 0.03,   13, 0.000, 0.000, 0.280, 48
train,    5694, 16.371449,   90, 0.03,   11, 0.000, 0.000, 0.280, 48
train,    5695, 16.028086,   92, 0.04,   12, 0.000, 0.000, 0.280, 48
train,    5696, 16.434215,   93, 0.03,   11, 0.000, 0.000, 0.280, 48
train,    5697, 16.461328,   98, 0.05,   12, 0.000, 0.000, 0.280, 48
train,    5698, 15.928092,   89, 0.01,   10, 0.000, 0.000, 0.280, 48
train,    5699, 16.814208,   88, 0.03,   12, 0.000, 0.000, 0.280, 48
train,    5700, 16.339049,   90, 0.04,   12, 0.000, 0.000, 0.280, 48
update,   5700,   57, 5700, 16.910729, 0.000000
val_t, 5700, 5700, 17.248114, 0.0116,  89.5526,   0.0709, 0.9793,  28.5322, progress 0.9705
train,    5701, 15.357270,   92, 0.02,   11, 0.000, 0.000, 0.280, 48
train,    5702, 17.215481,   93, 0.05,   11, 0.000, 0.000, 0.280, 48
train,    5703, 15.784666,   94, 0.02,   14, 0.000, 0.000, 0.280, 48
train,    5704, 16.567715,   95, 0.06,   11, 0.000, 0.000, 0.280, 48
train,    5705, 16.393520,   93, 0.03,   12, 0.000, 0.000, 0.280, 48
train,    5706, 16.184866,   94, 0.04,   11, 0.000, 0.000, 0.280, 48
train,    5707, 16.517721,   93, 0.03,   12, 0.000, 0.000, 0.280, 48
train,    5708, 17.318921,   92, 0.05,   12, 0.000, 0.000, 0.280, 48
train,    5709, 16.196008,   95, 0.03,   11, 0.000, 0.000, 0.280, 48
train,    5710, 16.002343,   93, 0.02,   12, 0.000, 0.000, 0.280, 48
train,    5711, 16.478913,   88, 0.04,   11, 0.000, 0.000, 0.280, 48
train,    5712, 15.279840,   90, 0.04,   13, 0.000, 0.000, 0.280, 48
train,    5713, 16.547694,   92, 0.03,   12, 0.000, 0.000, 0.280, 48
train,    5714, 16.569804,   91, 0.04,   11, 0.000, 0.000, 0.280, 48
train,    5715, 15.809981,   98, 0.01,   12, 0.000, 0.000, 0.280, 48
train,    5716, 15.883855,   90, 0.03,   11, 0.000, 0.000, 0.280, 48
train,    5717, 15.753472,   94, 0.02,   11, 0.000, 0.000, 0.280, 48
train,    5718, 16.326059,   90, 0.04,   13, 0.000, 0.000, 0.280, 48
train,    5719, 16.769915,   91, 0.03,   11, 0.000, 0.000, 0.280, 48
train,    5720, 16.894368,   89, 0.02,   13, 0.000, 0.000, 0.280, 48
train,    5721, 15.707572,   95, 0.03,   11, 0.000, 0.000, 0.280, 48
train,    5722, 15.578901,   90, 0.02,   11, 0.000, 0.000, 0.280, 48
train,    5723, 16.038916,   96, 0.04,   11, 0.000, 0.000, 0.280, 48
train,    5724, 16.416699,   92, 0.04,   13, 0.000, 0.000, 0.280, 48
train,    5725, 15.888847,   97, 0.01,   13, 0.000, 0.000, 0.280, 48
train,    5726, 16.169042,   94, 0.03,   11, 0.000, 0.000, 0.280, 48
train,    5727, 16.065428,   89, 0.04,   12, 0.000, 0.000, 0.280, 48
train,    5728, 15.155374,   93, 0.03,   12, 0.000, 0.000, 0.280, 48
train,    5729, 16.045077,   89, 0.03,   12, 0.000, 0.000, 0.280, 48
train,    5730, 16.942498,   94, 0.04,   12, 0.000, 0.000, 0.280, 48
train,    5731, 16.092958,   93, 0.03,   11, 0.000, 0.000, 0.280, 48
train,    5732, 15.823196,   93, 0.02,   11, 0.000, 0.000, 0.280, 48
train,    5733, 14.824425,   95, 0.01,   11, 0.000, 0.000, 0.280, 48
train,    5734, 16.187110,   90, 0.04,   11, 0.000, 0.000, 0.280, 48
train,    5735, 16.043457,   90, 0.04,   11, 0.000, 0.000, 0.280, 48
train,    5736, 14.975938,   89, 0.02,   11, 0.000, 0.000, 0.280, 48
train,    5737, 16.345593,   92, 0.03,   13, 0.000, 0.000, 0.280, 48
train,    5738, 15.651980,   89, 0.04,   12, 0.000, 0.000, 0.280, 48
train,    5739, 16.537357,   89, 0.05,   12, 0.000, 0.000, 0.280, 48
train,    5740, 16.188303,   90, 0.03,   12, 0.000, 0.000, 0.280, 48
train,    5741, 15.895142,   94, 0.01,   11, 0.000, 0.000, 0.280, 48
train,    5742, 15.612858,   91, 0.03,   12, 0.000, 0.000, 0.280, 48
train,    5743, 15.410869,   90, 0.02,   12, 0.000, 0.000, 0.280, 48
train,    5744, 15.155655,   91, 0.03,   12, 0.000, 0.000, 0.280, 48
train,    5745, 15.223152,   91, 0.03,   12, 0.000, 0.000, 0.280, 48
train,    5746, 15.126035,   94, 0.04,   11, 0.000, 0.000, 0.280, 48
train,    5747, 15.621156,   90, 0.02,   12, 0.000, 0.000, 0.280, 48
train,    5748, 15.682367,   95, 0.03,   12, 0.000, 0.000, 0.280, 48
train,    5749, 15.527613,   94, 0.05,   12, 0.000, 0.000, 0.280, 48
train,    5750, 15.848335,   96, 0.03,   12, 0.000, 0.000, 0.280, 48
train,    5751, 15.195061,   92, 0.03,   12, 0.000, 0.000, 0.280, 48
train,    5752, 16.343155,   95, 0.04,   13, 0.000, 0.000, 0.280, 48
train,    5753, 15.905732,   91, 0.03,   12, 0.000, 0.000, 0.280, 48
train,    5754, 15.429029,   95, 0.01,   12, 0.000, 0.000, 0.280, 48
train,    5755, 15.539058,   90, 0.02,   12, 0.000, 0.000, 0.280, 48
train,    5756, 16.184626,   91, 0.03,   11, 0.000, 0.000, 0.280, 48
train,    5757, 16.399690,   96, 0.02,   11, 0.000, 0.000, 0.280, 48
train,    5758, 14.744641,   95, 0.03,   10, 0.000, 0.000, 0.280, 48
train,    5759, 16.291793,   92, 0.03,   13, 0.000, 0.000, 0.280, 48
train,    5760, 16.046521,   95, 0.06,   12, 0.000, 0.000, 0.280, 48
train,    5761, 15.625836,   90, 0.01,   12, 0.000, 0.000, 0.280, 48
train,    5762, 15.287539,   90, 0.02,   12, 0.000, 0.000, 0.280, 48
train,    5763, 14.952353,   94, 0.05,   12, 0.000, 0.000, 0.280, 48
train,    5764, 15.950121,   95, 0.03,   13, 0.000, 0.000, 0.280, 48
train,    5765, 15.766268,   97, 0.00,   13, 0.000, 0.000, 0.280, 48
train,    5766, 16.033054,   92, 0.04,   12, 0.000, 0.000, 0.280, 48
train,    5767, 15.602942,   93, 0.05,   12, 0.000, 0.000, 0.280, 48
train,    5768, 15.604655,   92, 0.01,   11, 0.000, 0.000, 0.280, 48
train,    5769, 15.683445,   96, 0.03,   12, 0.000, 0.000, 0.280, 48
train,    5770, 15.218137,   91, 0.06,   11, 0.000, 0.000, 0.280, 48
train,    5771, 15.182745,   91, 0.03,   11, 0.000, 0.000, 0.280, 48
train,    5772, 15.532755,   95, 0.03,   10, 0.000, 0.000, 0.280, 48
train,    5773, 15.327323,   90, 0.03,   12, 0.000, 0.000, 0.280, 48
train,    5774, 14.813134,   90, 0.03,   13, 0.000, 0.000, 0.280, 48
train,    5775, 15.321879,   92, 0.03,   12, 0.000, 0.000, 0.280, 48
train,    5776, 15.791702,   98, 0.02,   12, 0.000, 0.000, 0.280, 48
train,    5777, 15.771721,   92, 0.03,   12, 0.000, 0.000, 0.280, 48
train,    5778, 15.300423,   93, 0.03,   11, 0.000, 0.000, 0.280, 48
train,    5779, 16.286164,   92, 0.03,   11, 0.000, 0.000, 0.280, 48
train,    5780, 15.312216,   96, 0.03,   12, 0.000, 0.000, 0.280, 48
train,    5781, 15.255978,   92, 0.04,   10, 0.000, 0.000, 0.280, 48
train,    5782, 16.983405,   89, 0.03,   12, 0.000, 0.000, 0.280, 48
train,    5783, 15.589887,   89, 0.04,   12, 0.000, 0.000, 0.280, 48
train,    5784, 15.671034,   90, 0.02,   12, 0.000, 0.000, 0.280, 48
train,    5785, 15.793216,   90, 0.03,   12, 0.000, 0.000, 0.280, 48
train,    5786, 14.366366,   93, 0.03,   13, 0.000, 0.000, 0.280, 48
train,    5787, 15.323118,   98, 0.04,   12, 0.000, 0.000, 0.280, 48
train,    5788, 14.875021,   93, 0.02,   12, 0.000, 0.000, 0.280, 48
train,    5789, 15.577224,   94, 0.04,   13, 0.000, 0.000, 0.280, 48
train,    5790, 14.932796,   94, 0.04,   13, 0.000, 0.000, 0.280, 48
train,    5791, 14.918900,   92, 0.03,   12, 0.000, 0.000, 0.280, 48
train,    5792, 14.703227,   93, 0.04,   10, 0.000, 0.000, 0.280, 48
train,    5793, 16.193761,   95, 0.05,   11, 0.000, 0.000, 0.280, 48
train,    5794, 15.333144,   93, 0.02,   12, 0.000, 0.000, 0.280, 48
train,    5795, 16.347562,   92, 0.03,   11, 0.000, 0.000, 0.280, 48
train,    5796, 15.544862,   92, 0.05,   12, 0.000, 0.000, 0.280, 48
train,    5797, 14.985906,   97, 0.03,   12, 0.000, 0.000, 0.280, 48
train,    5798, 15.912247,   92, 0.04,   12, 0.000, 0.000, 0.280, 48
train,    5799, 15.031424,   91, 0.03,   12, 0.000, 0.000, 0.280, 48
train,    5800, 15.904803,   97, 0.03,   12, 0.000, 0.000, 0.280, 48
update,   5800,   58, 5800, 16.460377, 0.000000
val_t, 5800, 5800, 16.031684, 0.0148,  86.7084,   0.0666, 0.9853,  28.0584, progress 0.9746
train,    5801, 16.407352,   93, 0.04,   12, 0.000, 0.000, 0.280, 48
train,    5802, 15.160585,   89, 0.03,   11, 0.000, 0.000, 0.280, 48
train,    5803, 14.813589,   92, 0.03,   12, 0.000, 0.000, 0.280, 48
train,    5804, 15.195838,   98, 0.02,   12, 0.000, 0.000, 0.280, 48
train,    5805, 15.436828,   92, 0.05,   14, 0.000, 0.000, 0.280, 48
train,    5806, 15.931904,   95, 0.04,   11, 0.000, 0.000, 0.280, 48
train,    5807, 14.674728,   92, 0.03,   13, 0.000, 0.000, 0.280, 48
train,    5808, 15.225214,   98, 0.03,   12, 0.000, 0.000, 0.280, 48
train,    5809, 14.994654,   95, 0.03,   12, 0.000, 0.000, 0.280, 48
train,    5810, 15.299500,   92, 0.03,   12, 0.000, 0.000, 0.280, 48
train,    5811, 15.930075,   90, 0.03,   12, 0.000, 0.000, 0.280, 48
train,    5812, 15.543031,   91, 0.04,   11, 0.000, 0.000, 0.280, 48
train,    5813, 14.638468,   94, 0.04,   12, 0.000, 0.000, 0.280, 48
train,    5814, 14.541299,   97, 0.03,   11, 0.000, 0.000, 0.280, 48
train,    5815, 14.857945,   91, 0.05,   12, 0.000, 0.000, 0.280, 48
train,    5816, 15.118647,   89, 0.02,   11, 0.000, 0.000, 0.280, 48
train,    5817, 15.243881,   94, 0.04,   12, 0.000, 0.000, 0.280, 48
train,    5818, 15.229124,   96, 0.05,   11, 0.000, 0.000, 0.280, 48
train,    5819, 14.738704,   93, 0.02,   12, 0.000, 0.000, 0.280, 48
train,    5820, 14.468854,   94, 0.02,   12, 0.000, 0.000, 0.280, 48
train,    5821, 15.021772,   96, 0.02,   10, 0.000, 0.000, 0.280, 48
train,    5822, 15.621621,   92, 0.03,   12, 0.000, 0.000, 0.280, 48
train,    5823, 14.996458,   94, 0.04,   12, 0.000, 0.000, 0.280, 48
train,    5824, 14.726866,   91, 0.05,   12, 0.000, 0.000, 0.280, 48
train,    5825, 14.887141,   91, 0.03,   13, 0.000, 0.000, 0.280, 48
train,    5826, 15.565536,   92, 0.05,   12, 0.000, 0.000, 0.280, 48
train,    5827, 15.191638,   91, 0.03,   10, 0.000, 0.000, 0.280, 48
train,    5828, 15.378606,   92, 0.04,   11, 0.000, 0.000, 0.280, 48
train,    5829, 14.974295,   88, 0.03,   12, 0.000, 0.000, 0.280, 48
train,    5830, 15.264217,   95, 0.04,   11, 0.000, 0.000, 0.280, 48
train,    5831, 15.400536,   94, 0.03,   14, 0.000, 0.000, 0.280, 48
train,    5832, 15.054897,   94, 0.04,   11, 0.000, 0.000, 0.280, 48
train,    5833, 14.380705,   94, 0.05,   11, 0.000, 0.000, 0.280, 48
train,    5834, 15.484557,   94, 0.03,   11, 0.000, 0.000, 0.280, 48
train,    5835, 14.634023,   91, 0.03,   12, 0.000, 0.000, 0.280, 48
train,    5836, 14.422216,   95, 0.03,   11, 0.000, 0.000, 0.280, 48
train,    5837, 15.172850,   88, 0.02,   12, 0.000, 0.000, 0.280, 48
train,    5838, 14.896147,   93, 0.02,   11, 0.000, 0.000, 0.280, 48
train,    5839, 15.346311,   94, 0.05,   12, 0.000, 0.000, 0.280, 48
train,    5840, 15.730076,   97, 0.03,   12, 0.000, 0.000, 0.280, 48
train,    5841, 14.890681,   93, 0.03,   11, 0.000, 0.000, 0.280, 48
train,    5842, 14.850132,   91, 0.03,   12, 0.000, 0.000, 0.280, 48
train,    5843, 14.828835,   96, 0.03,   11, 0.000, 0.000, 0.280, 48
train,    5844, 14.382921,   89, 0.04,   14, 0.000, 0.000, 0.280, 48
train,    5845, 15.162192,   94, 0.05,   13, 0.000, 0.000, 0.280, 48
train,    5846, 15.984334,   96, 0.03,   11, 0.000, 0.000, 0.280, 48
train,    5847, 15.775877,   95, 0.04,   10, 0.000, 0.000, 0.280, 48
train,    5848, 14.724839,   90, 0.03,   12, 0.000, 0.000, 0.280, 48
train,    5849, 16.181996,   90, 0.03,   12, 0.000, 0.000, 0.280, 48
train,    5850, 16.003394,   93, 0.02,   11, 0.000, 0.000, 0.280, 48
train,    5851, 14.530660,   92, 0.05,   11, 0.000, 0.000, 0.280, 48
train,    5852, 15.848224,   96, 0.04,   11, 0.000, 0.000, 0.280, 48
train,    5853, 15.012847,   94, 0.03,   11, 0.000, 0.000, 0.280, 48
train,    5854, 14.330390,   97, 0.02,   12, 0.000, 0.000, 0.280, 48
train,    5855, 15.815654,   92, 0.04,   11, 0.000, 0.000, 0.280, 48
train,    5856, 15.594291,   91, 0.03,   12, 0.000, 0.000, 0.280, 48
train,    5857, 15.302639,   94, 0.04,   11, 0.000, 0.000, 0.280, 48
train,    5858, 15.231854,   90, 0.02,   13, 0.000, 0.000, 0.280, 48
train,    5859, 15.256131,   96, 0.02,   11, 0.000, 0.000, 0.280, 48
train,    5860, 14.939142,   92, 0.03,   13, 0.000, 0.000, 0.280, 48
train,    5861, 15.614765,   97, 0.02,   12, 0.000, 0.000, 0.280, 48
train,    5862, 15.885067,   96, 0.03,   11, 0.000, 0.000, 0.280, 48
train,    5863, 14.550065,   96, 0.03,   12, 0.000, 0.000, 0.280, 48
train,    5864, 14.660288,   90, 0.04,   11, 0.000, 0.000, 0.280, 48
train,    5865, 15.170673,   91, 0.02,   11, 0.000, 0.000, 0.280, 48
train,    5866, 15.043891,   98, 0.02,   12, 0.000, 0.000, 0.280, 48
train,    5867, 14.688747,   92, 0.02,   12, 0.000, 0.000, 0.280, 48
train,    5868, 15.045573,   96, 0.04,   12, 0.000, 0.000, 0.280, 48
train,    5869, 15.662719,   88, 0.04,   12, 0.000, 0.000, 0.280, 48
train,    5870, 14.533077,   96, 0.03,   12, 0.000, 0.000, 0.280, 48
train,    5871, 16.438739,   88, 0.05,   12, 0.000, 0.000, 0.280, 48
train,    5872, 14.180066,   95, 0.03,   12, 0.000, 0.000, 0.280, 48
train,    5873, 15.451849,   94, 0.04,   11, 0.000, 0.000, 0.280, 48
train,    5874, 15.010016,   91, 0.03,   10, 0.000, 0.000, 0.280, 48
train,    5875, 16.235213,   95, 0.04,   12, 0.000, 0.000, 0.280, 48
train,    5876, 15.146839,   94, 0.02,   11, 0.000, 0.000, 0.280, 48
train,    5877, 15.320056,   88, 0.03,   11, 0.000, 0.000, 0.280, 48
train,    5878, 14.603962,   90, 0.03,   13, 0.000, 0.000, 0.280, 48
train,    5879, 15.032717,   91, 0.05,   13, 0.000, 0.000, 0.280, 48
train,    5880, 15.031105,   90, 0.03,   12, 0.000, 0.000, 0.280, 48
train,    5881, 15.836431,   96, 0.02,   11, 0.000, 0.000, 0.280, 48
train,    5882, 15.117281,   92, 0.03,   11, 0.000, 0.000, 0.280, 48
train,    5883, 15.524677,   97, 0.03,   11, 0.000, 0.000, 0.280, 48
train,    5884, 15.619559,   91, 0.01,   12, 0.000, 0.000, 0.280, 48
train,    5885, 15.476274,   96, 0.02,   11, 0.000, 0.000, 0.280, 48
train,    5886, 15.663171,   96, 0.03,   11, 0.000, 0.000, 0.280, 48
train,    5887, 15.310149,   96, 0.03,   11, 0.000, 0.000, 0.280, 48
train,    5888, 15.645620,   91, 0.04,   13, 0.000, 0.000, 0.280, 48
train,    5889, 14.909232,   97, 0.02,   13, 0.000, 0.000, 0.280, 48
train,    5890, 15.373775,   94, 0.05,   13, 0.000, 0.000, 0.280, 48
train,    5891, 15.338469,   90, 0.01,   13, 0.000, 0.000, 0.280, 48
train,    5892, 14.855163,   97, 0.02,   13, 0.000, 0.000, 0.280, 48
train,    5893, 15.296904,   95, 0.02,   11, 0.000, 0.000, 0.280, 48
train,    5894, 15.711867,   94, 0.01,   13, 0.000, 0.000, 0.280, 48
train,    5895, 15.403301,   95, 0.03,   12, 0.000, 0.000, 0.280, 48
train,    5896, 15.073339,   96, 0.05,   12, 0.000, 0.000, 0.280, 48
train,    5897, 15.921324,   88, 0.04,   11, 0.000, 0.000, 0.280, 48
train,    5898, 16.283262,   92, 0.05,   12, 0.000, 0.000, 0.280, 48
train,    5899, 14.929966,   91, 0.03,   13, 0.000, 0.000, 0.280, 48
train,    5900, 14.928974,   92, 0.05,   12, 0.000, 0.000, 0.280, 48
update,   5900,   59, 5900, 17.063650, 0.000000
val_t, 5900, 5900, 14.379793, 0.0131,  93.1395,   0.0643, 0.9964,  28.6836, progress 0.9652
train,    5901, 15.044957,   97, 0.05,   12, 0.000, 0.000, 0.280, 48
train,    5902, 15.511667,   95, 0.03,   11, 0.000, 0.000, 0.280, 48
train,    5903, 15.259450,   97, 0.05,   12, 0.000, 0.000, 0.280, 48
train,    5904, 15.211414,   93, 0.03,   12, 0.000, 0.000, 0.280, 48
train,    5905, 14.540597,   93, 0.04,   11, 0.000, 0.000, 0.280, 48
train,    5906, 14.693042,   92, 0.02,   11, 0.000, 0.000, 0.280, 48
train,    5907, 15.811336,   94, 0.03,   12, 0.000, 0.000, 0.280, 48
train,    5908, 15.642625,   90, 0.02,   12, 0.000, 0.000, 0.280, 48
train,    5909, 16.492689,   94, 0.05,   11, 0.000, 0.000, 0.280, 48
train,    5910, 15.871274,   91, 0.03,   11, 0.000, 0.000, 0.280, 48
train,    5911, 14.692220,   91, 0.04,   12, 0.000, 0.000, 0.280, 48
train,    5912, 16.538881,   93, 0.02,   12, 0.000, 0.000, 0.280, 48
train,    5913, 14.446093,   96, 0.04,   11, 0.000, 0.000, 0.280, 48
train,    5914, 15.150478,   94, 0.04,   12, 0.000, 0.000, 0.280, 48
train,    5915, 15.485706,   91, 0.03,   12, 0.000, 0.000, 0.280, 48
train,    5916, 15.670720,   93, 0.04,   11, 0.000, 0.000, 0.280, 48
train,    5917, 15.493845,   94, 0.05,   12, 0.000, 0.000, 0.280, 48
train,    5918, 15.974370,   96, 0.04,   10, 0.000, 0.000, 0.280, 48
train,    5919, 15.304590,   90, 0.04,   10, 0.000, 0.000, 0.280, 48
train,    5920, 15.903168,   90, 0.04,   11, 0.000, 0.000, 0.280, 48
train,    5921, 16.241500,   90, 0.04,   13, 0.000, 0.000, 0.280, 48
train,    5922, 15.708252,   91, 0.04,   12, 0.000, 0.000, 0.280, 48
train,    5923, 16.088437,   94, 0.03,   11, 0.000, 0.000, 0.280, 48
train,    5924, 15.945110,   95, 0.03,   12, 0.000, 0.000, 0.280, 48
train,    5925, 15.287364,   95, 0.05,   12, 0.000, 0.000, 0.280, 48
train,    5926, 16.452683,   92, 0.03,   11, 0.000, 0.000, 0.280, 48
train,    5927, 14.474011,   94, 0.03,   11, 0.000, 0.000, 0.280, 48
train,    5928, 15.797506,   90, 0.02,   12, 0.000, 0.000, 0.280, 48
train,    5929, 16.771637,   91, 0.02,   13, 0.000, 0.000, 0.280, 48
train,    5930, 15.980894,   96, 0.04,   12, 0.000, 0.000, 0.280, 48
train,    5931, 14.993526,   98, 0.01,   12, 0.000, 0.000, 0.280, 48
train,    5932, 16.089123,   98, 0.03,   10, 0.000, 0.000, 0.280, 48
train,    5933, 16.556854,   95, 0.02,   13, 0.000, 0.000, 0.280, 48
train,    5934, 15.601158,   98, 0.03,   12, 0.000, 0.000, 0.280, 48
train,    5935, 15.233844,   93, 0.03,   13, 0.000, 0.000, 0.280, 48
train,    5936, 16.211618,   91, 0.03,   11, 0.000, 0.000, 0.280, 48
train,    5937, 15.856416,   92, 0.00,   13, 0.000, 0.000, 0.280, 48
train,    5938, 15.436660,   92, 0.03,   13, 0.000, 0.000, 0.280, 48
train,    5939, 15.186516,   94, 0.04,   13, 0.000, 0.000, 0.280, 48
train,    5940, 15.873652,   89, 0.03,   12, 0.000, 0.000, 0.280, 48
train,    5941, 15.331404,   97, 0.03,   12, 0.000, 0.000, 0.280, 48
train,    5942, 16.311976,   92, 0.02,   11, 0.000, 0.000, 0.280, 48
train,    5943, 16.414732,   96, 0.03,   11, 0.000, 0.000, 0.280, 48
train,    5944, 16.227380,   94, 0.02,   12, 0.000, 0.000, 0.280, 48
train,    5945, 15.689673,   93, 0.03,   11, 0.000, 0.000, 0.280, 48
train,    5946, 16.625861,   91, 0.02,   11, 0.000, 0.000, 0.280, 48
train,    5947, 15.813232,   91, 0.02,   13, 0.000, 0.000, 0.280, 48
train,    5948, 15.814952,   94, 0.02,   11, 0.000, 0.000, 0.280, 48
train,    5949, 16.275626,   96, 0.03,   13, 0.000, 0.000, 0.280, 48
train,    5950, 15.318305,   92, 0.03,   12, 0.000, 0.000, 0.280, 48
train,    5951, 15.689102,   94, 0.03,   12, 0.000, 0.000, 0.280, 48
train,    5952, 16.407991,   96, 0.04,   13, 0.000, 0.000, 0.280, 48
train,    5953, 15.486962,   93, 0.04,   12, 0.000, 0.000, 0.280, 48
train,    5954, 16.610329,   93, 0.03,   11, 0.000, 0.000, 0.280, 48
train,    5955, 15.671241,   90, 0.04,   13, 0.000, 0.000, 0.280, 48
train,    5956, 15.466419,   95, 0.02,   12, 0.000, 0.000, 0.280, 48
train,    5957, 16.440762,   93, 0.04,   12, 0.000, 0.000, 0.280, 48
train,    5958, 16.246960,   93, 0.03,   12, 0.000, 0.000, 0.280, 48
train,    5959, 16.457873,   97, 0.05,   12, 0.000, 0.000, 0.280, 48
train,    5960, 16.278068,   95, 0.03,   13, 0.000, 0.000, 0.280, 48
train,    5961, 16.522330,   89, 0.02,   11, 0.000, 0.000, 0.280, 48
train,    5962, 16.107957,   95, 0.03,   12, 0.000, 0.000, 0.280, 48
train,    5963, 16.606229,   93, 0.04,   13, 0.000, 0.000, 0.280, 48
train,    5964, 16.377334,   96, 0.01,   12, 0.000, 0.000, 0.280, 48
train,    5965, 16.272532,   89, 0.03,   11, 0.000, 0.000, 0.280, 48
train,    5966, 16.418813,   92, 0.05,   14, 0.000, 0.000, 0.280, 48
train,    5967, 15.317314,   90, 0.04,   12, 0.000, 0.000, 0.280, 48
train,    5968, 15.980647,   93, 0.06,   11, 0.000, 0.000, 0.280, 48
train,    5969, 16.724957,   90, 0.03,   12, 0.000, 0.000, 0.280, 48
train,    5970, 16.463557,   89, 0.02,   12, 0.000, 0.000, 0.280, 48
train,    5971, 16.441128,   98, 0.02,   12, 0.000, 0.000, 0.280, 48
train,    5972, 16.287169,   94, 0.01,   13, 0.000, 0.000, 0.280, 48
train,    5973, 16.317664,   96, 0.04,   11, 0.000, 0.000, 0.280, 48
train,    5974, 16.398105,   89, 0.01,   11, 0.000, 0.000, 0.280, 48
train,    5975, 15.472749,   92, 0.03,   11, 0.000, 0.000, 0.280, 48
train,    5976, 16.521860,   91, 0.03,   13, 0.000, 0.000, 0.280, 48
train,    5977, 15.918912,   96, 0.04,   11, 0.000, 0.000, 0.280, 48
train,    5978, 17.286177,   93, 0.05,   10, 0.000, 0.000, 0.280, 48
train,    5979, 16.738964,   91, 0.04,   12, 0.000, 0.000, 0.280, 48
train,    5980, 16.365844,   96, 0.04,   13, 0.000, 0.000, 0.280, 48
train,    5981, 16.578852,   95, 0.02,   11, 0.000, 0.000, 0.280, 48
train,    5982, 16.350499,   95, 0.02,   11, 0.000, 0.000, 0.280, 48
train,    5983, 16.779293,   92, 0.03,   12, 0.000, 0.000, 0.280, 48
train,    5984, 18.034135,   90, 0.03,   11, 0.000, 0.000, 0.280, 48
train,    5985, 16.699537,   94, 0.03,   11, 0.000, 0.000, 0.280, 48
train,    5986, 15.755004,   94, 0.03,   11, 0.000, 0.000, 0.280, 48
train,    5987, 16.051238,   93, 0.04,   11, 0.000, 0.000, 0.280, 48
train,    5988, 17.190779,   94, 0.04,   12, 0.000, 0.000, 0.280, 48
train,    5989, 16.486710,   94, 0.04,   12, 0.000, 0.000, 0.280, 48
train,    5990, 17.242122,   95, 0.04,   12, 0.000, 0.000, 0.280, 48
train,    5991, 16.678616,   94, 0.03,   12, 0.000, 0.000, 0.280, 48
train,    5992, 15.938682,   96, 0.03,   12, 0.000, 0.000, 0.280, 48
train,    5993, 16.949467,   92, 0.03,   12, 0.000, 0.000, 0.280, 48
train,    5994, 16.946310,   96, 0.00,   13, 0.000, 0.000, 0.280, 48
train,    5995, 17.362332,   92, 0.04,   12, 0.000, 0.000, 0.280, 48
train,    5996, 17.636866,   91, 0.01,   11, 0.000, 0.000, 0.280, 48
train,    5997, 16.516684,   93, 0.03,   11, 0.000, 0.000, 0.280, 48
train,    5998, 16.498703,   97, 0.03,   12, 0.000, 0.000, 0.280, 48
train,    5999, 17.538101,   91, 0.02,   13, 0.000, 0.000, 0.280, 48
train,    6000, 17.062490,   93, 0.02,   12, 0.000, 0.000, 0.280, 48
update,   6000,   60, 6000, 16.494100, 0.000000
val_t, 6000, 6000, 15.168465, 0.0127,  90.1410,   0.0625, 0.9780,  28.4122, progress 0.9786
train,    6001, 17.733617,   93, 0.04,   13, 0.000, 0.000, 0.280, 48
train,    6002, 16.979556,   95, 0.03,   13, 0.000, 0.000, 0.280, 48
train,    6003, 16.871700,   97, 0.04,   12, 0.000, 0.000, 0.280, 48
train,    6004, 16.891244,   92, 0.01,   11, 0.000, 0.000, 0.280, 48
train,    6005, 16.973741,   97, 0.02,   11, 0.000, 0.000, 0.280, 48
train,    6006, 17.818098,   96, 0.03,   12, 0.000, 0.000, 0.280, 48
train,    6007, 16.722500,   89, 0.02,   12, 0.000, 0.000, 0.280, 48
train,    6008, 16.859076,   91, 0.02,   12, 0.000, 0.000, 0.280, 48
train,    6009, 16.626043,   92, 0.03,   12, 0.000, 0.000, 0.280, 48
train,    6010, 16.756107,   95, 0.03,   12, 0.000, 0.000, 0.280, 48
train,    6011, 16.889321,   92, 0.04,   12, 0.000, 0.000, 0.280, 48
train,    6012, 16.666550,   94, 0.03,   13, 0.000, 0.000, 0.280, 48
train,    6013, 17.698404,   92, 0.04,   13, 0.000, 0.000, 0.280, 48
train,    6014, 16.988561,   90, 0.03,   13, 0.000, 0.000, 0.280, 48
train,    6015, 17.184725,   90, 0.04,   13, 0.000, 0.000, 0.280, 48
train,    6016, 16.000763,   93, 0.03,   11, 0.000, 0.000, 0.280, 48
train,    6017, 17.947450,   92, 0.03,   11, 0.000, 0.000, 0.280, 48
train,    6018, 17.500454,   92, 0.05,   11, 0.000, 0.000, 0.280, 48
train,    6019, 17.110443,   96, 0.03,   13, 0.000, 0.000, 0.280, 48
train,    6020, 17.639790,   92, 0.03,   12, 0.000, 0.000, 0.280, 48
train,    6021, 17.430128,   91, 0.04,   13, 0.000, 0.000, 0.280, 48
train,    6022, 17.732262,   92, 0.02,   11, 0.000, 0.000, 0.280, 48
train,    6023, 17.296473,   94, 0.03,   12, 0.000, 0.000, 0.280, 48
train,    6024, 17.356781,   88, 0.03,   13, 0.000, 0.000, 0.280, 48
train,    6025, 17.037158,   90, 0.02,   12, 0.000, 0.000, 0.280, 48
train,    6026, 17.658248,   92, 0.03,   11, 0.000, 0.000, 0.280, 48
train,    6027, 17.431348,   92, 0.04,   13, 0.000, 0.000, 0.280, 48
train,    6028, 16.888834,   91, 0.04,   11, 0.000, 0.000, 0.280, 48
train,    6029, 17.188153,   96, 0.04,   10, 0.000, 0.000, 0.280, 48
train,    6030, 17.574260,   92, 0.01,   12, 0.000, 0.000, 0.280, 48
train,    6031, 17.156280,   98, 0.04,   12, 0.000, 0.000, 0.280, 48
train,    6032, 17.992527,   92, 0.04,   12, 0.000, 0.000, 0.280, 48
train,    6033, 17.953440,   95, 0.05,   12, 0.000, 0.000, 0.280, 48
train,    6034, 17.854046,   91, 0.04,   12, 0.000, 0.000, 0.280, 48
train,    6035, 17.696200,   97, 0.02,   13, 0.000, 0.000, 0.280, 48
train,    6036, 16.952609,   92, 0.03,   11, 0.000, 0.000, 0.280, 48
train,    6037, 16.590952,   90, 0.05,   13, 0.000, 0.000, 0.280, 48
train,    6038, 17.700348,   94, 0.03,   11, 0.000, 0.000, 0.280, 48
train,    6039, 17.835729,   97, 0.03,   13, 0.000, 0.000, 0.280, 48
train,    6040, 17.051250,   90, 0.04,   12, 0.000, 0.000, 0.280, 48
train,    6041, 18.462233,   96, 0.03,   12, 0.000, 0.000, 0.280, 48
train,    6042, 17.347495,   94, 0.03,   13, 0.000, 0.000, 0.280, 48
train,    6043, 16.947418,   92, 0.03,   12, 0.000, 0.000, 0.280, 48
train,    6044, 17.548684,   90, 0.03,   12, 0.000, 0.000, 0.280, 48
train,    6045, 17.251029,   96, 0.06,   12, 0.000, 0.000, 0.280, 48
train,    6046, 17.695793,   96, 0.04,   13, 0.000, 0.000, 0.280, 48
train,    6047, 17.066896,   95, 0.04,   11, 0.000, 0.000, 0.280, 48
train,    6048, 17.421623,   91, 0.04,   12, 0.000, 0.000, 0.280, 48
train,    6049, 18.326742,   89, 0.05,   12, 0.000, 0.000, 0.280, 48
train,    6050, 17.797327,   97, 0.05,   14, 0.000, 0.000, 0.280, 48
train,    6051, 17.838083,   93, 0.03,   12, 0.000, 0.000, 0.280, 48
train,    6052, 17.535858,   93, 0.03,   12, 0.000, 0.000, 0.280, 48
train,    6053, 17.966818,   94, 0.05,   11, 0.000, 0.000, 0.280, 48
train,    6054, 18.613553,   96, 0.03,   12, 0.000, 0.000, 0.280, 48
train,    6055, 17.814214,   98, 0.03,   11, 0.000, 0.000, 0.280, 48
train,    6056, 17.280070,   96, 0.03,   10, 0.000, 0.000, 0.280, 48
train,    6057, 17.323433,   96, 0.04,   13, 0.000, 0.000, 0.280, 48
train,    6058, 17.762555,   89, 0.05,   12, 0.000, 0.000, 0.280, 48
train,    6059, 16.784817,   97, 0.04,   11, 0.000, 0.000, 0.280, 48
train,    6060, 17.383024,   89, 0.04,   13, 0.000, 0.000, 0.280, 48
train,    6061, 17.787246,   95, 0.03,   12, 0.000, 0.000, 0.280, 48
train,    6062, 18.202216,   96, 0.01,   12, 0.000, 0.000, 0.280, 48
train,    6063, 17.592670,   95, 0.04,   13, 0.000, 0.000, 0.280, 48
train,    6064, 17.534754,   95, 0.04,   11, 0.000, 0.000, 0.280, 48
train,    6065, 18.303835,   90, 0.05,   11, 0.000, 0.000, 0.280, 48
train,    6066, 18.800571,   98, 0.04,   13, 0.000, 0.000, 0.280, 48
train,    6067, 17.776812,   92, 0.06,   11, 0.000, 0.000, 0.280, 48
train,    6068, 18.823348,   90, 0.03,   13, 0.000, 0.000, 0.280, 48
train,    6069, 18.845904,   91, 0.03,   12, 0.000, 0.000, 0.280, 48
train,    6070, 18.399474,   90, 0.03,   13, 0.000, 0.000, 0.280, 48
train,    6071, 17.770551,   95, 0.02,   12, 0.000, 0.000, 0.280, 48
train,    6072, 18.337748,   90, 0.03,   10, 0.000, 0.000, 0.280, 48
train,    6073, 17.745966,   99, 0.04,   11, 0.000, 0.000, 0.280, 48
train,    6074, 18.504476,   91, 0.04,   13, 0.000, 0.000, 0.280, 48
train,    6075, 18.285945,   97, 0.03,   12, 0.000, 0.000, 0.280, 48
train,    6076, 18.638559,   90, 0.01,   12, 0.000, 0.000, 0.280, 48
train,    6077, 17.523314,   97, 0.03,   12, 0.000, 0.000, 0.280, 48
train,    6078, 18.158860,   98, 0.02,   11, 0.000, 0.000, 0.280, 48
train,    6079, 17.298555,   91, 0.02,   12, 0.000, 0.000, 0.280, 48
train,    6080, 18.613143,   94, 0.06,   12, 0.000, 0.000, 0.280, 48
train,    6081, 19.587652,   93, 0.02,   12, 0.000, 0.000, 0.280, 48
train,    6082, 18.165534,   97, 0.03,   12, 0.000, 0.000, 0.280, 48
train,    6083, 17.849568,   92, 0.05,   12, 0.000, 0.000, 0.280, 48
train,    6084, 19.199546,   95, 0.02,   12, 0.000, 0.000, 0.280, 48
train,    6085, 18.466923,   95, 0.02,   11, 0.000, 0.000, 0.280, 48
train,    6086, 18.242765,   93, 0.03,   11, 0.000, 0.000, 0.280, 48
train,    6087, 17.849740,   97, 0.03,   12, 0.000, 0.000, 0.280, 48
train,    6088, 18.453347,   97, 0.05,   12, 0.000, 0.000, 0.280, 48
train,    6089, 17.940507,   92, 0.03,   11, 0.000, 0.000, 0.280, 48
train,    6090, 18.066007,   96, 0.03,   13, 0.000, 0.000, 0.280, 48
train,    6091, 17.480198,   94, 0.04,   12, 0.000, 0.000, 0.280, 48
train,    6092, 19.060350,   91, 0.02,   13, 0.000, 0.000, 0.280, 48
train,    6093, 18.379422,   89, 0.04,   10, 0.000, 0.000, 0.280, 48
train,    6094, 18.664040,   95, 0.05,   11, 0.000, 0.000, 0.280, 48
train,    6095, 18.614056,   92, 0.03,   11, 0.000, 0.000, 0.280, 48
train,    6096, 19.906821,   95, 0.03,   13, 0.000, 0.000, 0.280, 48
train,    6097, 18.310364,   95, 0.03,   11, 0.000, 0.000, 0.280, 48
train,    6098, 18.183460,   92, 0.03,   13, 0.000, 0.000, 0.280, 48
train,    6099, 18.773514,   95, 0.02,   12, 0.000, 0.000, 0.280, 48
train,    6100, 18.588968,   95, 0.03,   12, 0.000, 0.000, 0.280, 48
update,   6100,   61, 6100, 17.633908, 0.000000
val_t, 6100, 6100, 16.389783, 0.0161,  93.3634,   0.0707, 0.9781,  28.8753, progress 0.9727
train,    6101, 18.060479,   96, 0.02,   12, 0.000, 0.000, 0.280, 48
train,    6102, 18.458017,   93, 0.03,   13, 0.000, 0.000, 0.280, 48
train,    6103, 18.754334,   92, 0.02,   13, 0.000, 0.000, 0.280, 48
train,    6104, 19.034386,   92, 0.04,   12, 0.000, 0.000, 0.280, 48
train,    6105, 17.859796,   94, 0.04,   11, 0.000, 0.000, 0.280, 48
train,    6106, 17.895503,   96, 0.03,   11, 0.000, 0.000, 0.280, 48
train,    6107, 17.311265,   95, 0.01,   11, 0.000, 0.000, 0.280, 48
train,    6108, 18.635215,   90, 0.03,   12, 0.000, 0.000, 0.280, 48
train,    6109, 19.039396,   94, 0.03,   12, 0.000, 0.000, 0.280, 48
train,    6110, 18.144425,   95, 0.04,   12, 0.000, 0.000, 0.280, 48
train,    6111, 18.345884,   92, 0.02,   10, 0.000, 0.000, 0.280, 48
train,    6112, 18.424235,   94, 0.01,   10, 0.000, 0.000, 0.280, 48
train,    6113, 18.657874,   94, 0.02,   12, 0.000, 0.000, 0.280, 48
train,    6114, 18.378114,   93, 0.02,   11, 0.000, 0.000, 0.280, 48
train,    6115, 18.327857,   95, 0.04,   11, 0.000, 0.000, 0.280, 48
train,    6116, 19.729027,   92, 0.02,   12, 0.000, 0.000, 0.280, 48
train,    6117, 19.074789,   89, 0.04,   13, 0.000, 0.000, 0.280, 48
train,    6118, 18.011809,   96, 0.02,   11, 0.000, 0.000, 0.280, 48
train,    6119, 19.175926,   90, 0.03,   11, 0.000, 0.000, 0.280, 48
train,    6120, 17.991036,   98, 0.05,   12, 0.000, 0.000, 0.280, 48
train,    6121, 18.990945,   89, 0.03,   12, 0.000, 0.000, 0.280, 48
train,    6122, 19.082786,   92, 0.03,   12, 0.000, 0.000, 0.280, 48
train,    6123, 18.801791,   95, 0.04,   12, 0.000, 0.000, 0.280, 48
train,    6124, 17.749676,   93, 0.04,   12, 0.000, 0.000, 0.280, 48
train,    6125, 18.474474,   93, 0.04,   11, 0.000, 0.000, 0.280, 48
train,    6126, 18.551264,   93, 0.04,   12, 0.000, 0.000, 0.280, 48
train,    6127, 19.524155,   94, 0.04,   12, 0.000, 0.000, 0.280, 48
train,    6128, 18.798141,   90, 0.02,   12, 0.000, 0.000, 0.280, 48
train,    6129, 18.640159,   90, 0.03,   12, 0.000, 0.000, 0.280, 48
train,    6130, 18.764988,   92, 0.03,   12, 0.000, 0.000, 0.280, 48
train,    6131, 18.745692,   93, 0.01,   10, 0.000, 0.000, 0.280, 48
train,    6132, 18.837721,   97, 0.05,   11, 0.000, 0.000, 0.280, 48
train,    6133, 18.778654,   90, 0.03,   11, 0.000, 0.000, 0.280, 48
train,    6134, 18.828163,   94, 0.04,   13, 0.000, 0.000, 0.280, 48
train,    6135, 19.184954,   96, 0.02,   12, 0.000, 0.000, 0.280, 48
train,    6136, 18.106301,   97, 0.03,   11, 0.000, 0.000, 0.280, 48
train,    6137, 17.961368,   94, 0.04,   12, 0.000, 0.000, 0.280, 48
train,    6138, 19.646771,   95, 0.03,   12, 0.000, 0.000, 0.280, 48
train,    6139, 19.082603,   96, 0.05,   12, 0.000, 0.000, 0.280, 48
train,    6140, 19.239734,   98, 0.03,   11, 0.000, 0.000, 0.280, 48
train,    6141, 18.334163,   92, 0.02,   12, 0.000, 0.000, 0.280, 48
train,    6142, 19.159168,   93, 0.03,   11, 0.000, 0.000, 0.280, 48
train,    6143, 18.250236,   95, 0.03,   11, 0.000, 0.000, 0.280, 48
train,    6144, 18.472099,   91, 0.03,   11, 0.000, 0.000, 0.280, 48
train,    6145, 18.646995,   92, 0.04,   11, 0.000, 0.000, 0.280, 48
train,    6146, 18.018947,   95, 0.04,   13, 0.000, 0.000, 0.280, 48
train,    6147, 19.477250,   88, 0.04,   11, 0.000, 0.000, 0.280, 48
train,    6148, 17.474361,   90, 0.04,   12, 0.000, 0.000, 0.280, 48
train,    6149, 19.270975,   91, 0.03,   12, 0.000, 0.000, 0.280, 48
train,    6150, 18.145481,   94, 0.05,   11, 0.000, 0.000, 0.280, 48
train,    6151, 18.829902,   96, 0.05,   12, 0.000, 0.000, 0.280, 48
train,    6152, 19.191298,   91, 0.04,   12, 0.000, 0.000, 0.280, 48
train,    6153, 18.568220,   89, 0.04,   11, 0.000, 0.000, 0.280, 48
train,    6154, 18.925722,   95, 0.01,   12, 0.000, 0.000, 0.280, 48
train,    6155, 18.263994,   93, 0.04,   11, 0.000, 0.000, 0.280, 48
train,    6156, 18.352042,   98, 0.02,   13, 0.000, 0.000, 0.280, 48
train,    6157, 19.046081,   95, 0.03,   13, 0.000, 0.000, 0.280, 48
train,    6158, 18.774391,   95, 0.05,   11, 0.000, 0.000, 0.280, 48
train,    6159, 19.084303,   93, 0.04,   11, 0.000, 0.000, 0.280, 48
train,    6160, 18.161631,   91, 0.01,   12, 0.000, 0.000, 0.280, 48
train,    6161, 18.537558,   90, 0.04,   12, 0.000, 0.000, 0.280, 48
train,    6162, 18.251778,   93, 0.06,   10, 0.000, 0.000, 0.280, 48
train,    6163, 18.749648,   97, 0.03,   12, 0.000, 0.000, 0.280, 48
train,    6164, 18.835875,   97, 0.04,   13, 0.000, 0.000, 0.280, 48
train,    6165, 17.415479,   97, 0.06,   13, 0.000, 0.000, 0.280, 48
train,    6166, 19.869803,   89, 0.04,   11, 0.000, 0.000, 0.280, 48
train,    6167, 19.312019,   93, 0.04,   12, 0.000, 0.000, 0.280, 48
train,    6168, 18.441359,   88, 0.03,   10, 0.000, 0.000, 0.280, 48
train,    6169, 18.483576,   91, 0.02,   12, 0.000, 0.000, 0.280, 48
train,    6170, 18.187088,   92, 0.04,   13, 0.000, 0.000, 0.280, 48
train,    6171, 18.995971,   93, 0.02,   12, 0.000, 0.000, 0.280, 48
train,    6172, 18.893519,   90, 0.03,   12, 0.000, 0.000, 0.280, 48
train,    6173, 18.091723,   93, 0.03,   12, 0.000, 0.000, 0.280, 48
train,    6174, 18.492787,   93, 0.05,   11, 0.000, 0.000, 0.280, 48
train,    6175, 18.883099,   94, 0.02,   11, 0.000, 0.000, 0.280, 48
train,    6176, 18.923219,   93, 0.02,   12, 0.000, 0.000, 0.280, 48
train,    6177, 19.198801,   98, 0.05,   11, 0.000, 0.000, 0.280, 48
train,    6178, 18.118047,   97, 0.03,   11, 0.000, 0.000, 0.280, 48
train,    6179, 18.490465,   98, 0.04,   12, 0.000, 0.000, 0.280, 48
train,    6180, 19.697102,   96, 0.03,   11, 0.000, 0.000, 0.280, 48
train,    6181, 18.743598,   94, 0.02,   12, 0.000, 0.000, 0.280, 48
train,    6182, 18.071853,   90, 0.04,   13, 0.000, 0.000, 0.280, 48
train,    6183, 19.421368,   88, 0.03,   11, 0.000, 0.000, 0.280, 48
train,    6184, 19.556995,   92, 0.03,   12, 0.000, 0.000, 0.280, 48
train,    6185, 18.444746,   99, 0.02,   12, 0.000, 0.000, 0.280, 48
train,    6186, 18.584812,   92, 0.03,   13, 0.000, 0.000, 0.280, 48
train,    6187, 18.942574,   94, 0.02,   13, 0.000, 0.000, 0.280, 48
train,    6188, 18.360577,   90, 0.03,   12, 0.000, 0.000, 0.280, 48
train,    6189, 18.357117,   89, 0.03,   12, 0.000, 0.000, 0.280, 48
train,    6190, 18.920458,   91, 0.03,   12, 0.000, 0.000, 0.280, 48
train,    6191, 18.823387,   93, 0.04,   12, 0.000, 0.000, 0.280, 48
train,    6192, 17.249021,   97, 0.03,   12, 0.000, 0.000, 0.280, 48
train,    6193, 17.636482,   97, 0.02,   13, 0.000, 0.000, 0.280, 48
train,    6194, 18.489699,   93, 0.03,   11, 0.000, 0.000, 0.280, 48
train,    6195, 17.942158,   98, 0.03,   12, 0.000, 0.000, 0.280, 48
train,    6196, 19.305636,   94, 0.04,   12, 0.000, 0.000, 0.280, 48
train,    6197, 17.715089,   92, 0.04,   12, 0.000, 0.000, 0.280, 48
train,    6198, 18.643656,   92, 0.02,   11, 0.000, 0.000, 0.280, 48
train,    6199, 18.360506,   97, 0.02,   11, 0.000, 0.000, 0.280, 48
train,    6200, 18.025445,   94, 0.05,   11, 0.000, 0.000, 0.280, 48
update,   6200,   62, 6200, 16.561396, 0.000000
val_t, 6200, 6200, 17.907137, 0.0054,  89.6884,   0.0757, 0.9858,  28.8587, progress 0.9573
train,    6201, 18.215211,   91, 0.04,   11, 0.000, 0.000, 0.280, 48
train,    6202, 18.692685,   96, 0.03,   11, 0.000, 0.000, 0.280, 48
train,    6203, 18.991824,   91, 0.03,   12, 0.000, 0.000, 0.280, 48
train,    6204, 18.246212,   96, 0.03,   12, 0.000, 0.000, 0.280, 48
train,    6205, 18.374136,   90, 0.05,   11, 0.000, 0.000, 0.280, 48
train,    6206, 18.083636,   91, 0.04,   12, 0.000, 0.000, 0.280, 48
train,    6207, 18.464359,   91, 0.03,   11, 0.000, 0.000, 0.280, 48
train,    6208, 17.894036,   94, 0.04,   12, 0.000, 0.000, 0.280, 48
train,    6209, 17.961899,   93, 0.03,   12, 0.000, 0.000, 0.280, 48
train,    6210, 17.966991,   97, 0.04,   11, 0.000, 0.000, 0.280, 48
train,    6211, 17.270912,   97, 0.01,   11, 0.000, 0.000, 0.280, 48
train,    6212, 18.763662,   97, 0.04,   12, 0.000, 0.000, 0.280, 48
train,    6213, 18.618298,   96, 0.01,   12, 0.000, 0.000, 0.280, 48
train,    6214, 17.586552,   91, 0.02,   12, 0.000, 0.000, 0.280, 48
train,    6215, 18.465121,   94, 0.03,   12, 0.000, 0.000, 0.280, 48
train,    6216, 18.278758,   88, 0.03,   13, 0.000, 0.000, 0.280, 48
train,    6217, 17.662155,   88, 0.02,   12, 0.000, 0.000, 0.280, 48
train,    6218, 17.728515,   91, 0.05,   12, 0.000, 0.000, 0.280, 48
train,    6219, 17.780547,   97, 0.03,   11, 0.000, 0.000, 0.280, 48
train,    6220, 17.975088,   92, 0.03,   13, 0.000, 0.000, 0.280, 48
train,    6221, 17.205884,   95, 0.05,   12, 0.000, 0.000, 0.280, 48
train,    6222, 18.710224,   91, 0.03,   12, 0.000, 0.000, 0.280, 48
train,    6223, 18.385745,   92, 0.04,   11, 0.000, 0.000, 0.280, 48
train,    6224, 17.406012,   95, 0.02,   12, 0.000, 0.000, 0.280, 48
train,    6225, 17.979615,   91, 0.03,   11, 0.000, 0.000, 0.280, 48
train,    6226, 18.412914,   91, 0.04,   13, 0.000, 0.000, 0.280, 48
train,    6227, 17.763628,   96, 0.02,   12, 0.000, 0.000, 0.280, 48
train,    6228, 17.359189,   93, 0.03,   13, 0.000, 0.000, 0.280, 48
train,    6229, 18.815397,   91, 0.02,   12, 0.000, 0.000, 0.280, 48
train,    6230, 18.246790,   98, 0.02,   11, 0.000, 0.000, 0.280, 48
train,    6231, 18.283024,   94, 0.03,   11, 0.000, 0.000, 0.280, 48
train,    6232, 17.726993,   92, 0.04,   12, 0.000, 0.000, 0.280, 48
train,    6233, 17.335486,   89, 0.04,   13, 0.000, 0.000, 0.280, 48
train,    6234, 17.213240,   91, 0.03,   12, 0.000, 0.000, 0.280, 48
train,    6235, 17.609921,   95, 0.02,   11, 0.000, 0.000, 0.280, 48
train,    6236, 18.411947,   96, 0.05,   12, 0.000, 0.000, 0.280, 48
train,    6237, 17.833807,   97, 0.01,   13, 0.000, 0.000, 0.280, 48
train,    6238, 17.441576,   95, 0.04,   12, 0.000, 0.000, 0.280, 48
train,    6239, 17.600227,   93, 0.03,   13, 0.000, 0.000, 0.280, 48
train,    6240, 17.917484,   91, 0.02,   11, 0.000, 0.000, 0.280, 48
train,    6241, 18.973855,   95, 0.03,   12, 0.000, 0.000, 0.280, 48
train,    6242, 18.038753,   95, 0.03,   11, 0.000, 0.000, 0.280, 48
train,    6243, 18.613575,   93, 0.03,   13, 0.000, 0.000, 0.280, 48
train,    6244, 18.629919,   92, 0.03,   12, 0.000, 0.000, 0.280, 48
train,    6245, 18.013168,   90, 0.02,   10, 0.000, 0.000, 0.280, 48
train,    6246, 18.225993,   94, 0.05,   12, 0.000, 0.000, 0.280, 48
train,    6247, 17.243537,   96, 0.02,   12, 0.000, 0.000, 0.280, 48
train,    6248, 17.621830,   91, 0.03,   12, 0.000, 0.000, 0.280, 48
train,    6249, 17.602380,   93, 0.03,   11, 0.000, 0.000, 0.280, 48
train,    6250, 17.664776,   95, 0.03,   11, 0.000, 0.000, 0.280, 48
train,    6251, 17.312880,   90, 0.04,   14, 0.000, 0.000, 0.280, 48
train,    6252, 18.200807,   91, 0.03,   11, 0.000, 0.000, 0.280, 48
train,    6253, 18.007269,   92, 0.04,   12, 0.000, 0.000, 0.280, 48
train,    6254, 18.328614,   91, 0.03,   13, 0.000, 0.000, 0.280, 48
train,    6255, 18.477721,   91, 0.04,   12, 0.000, 0.000, 0.280, 48
train,    6256, 18.106171,   94, 0.01,   12, 0.000, 0.000, 0.280, 48
train,    6257, 17.682657,   94, 0.04,   11, 0.000, 0.000, 0.280, 48
train,    6258, 18.620685,   94, 0.05,   13, 0.000, 0.000, 0.280, 48
train,    6259, 17.286268,   94, 0.04,   13, 0.000, 0.000, 0.280, 48
train,    6260, 17.629081,   92, 0.04,   11, 0.000, 0.000, 0.280, 48
train,    6261, 16.874649,   90, 0.02,   11, 0.000, 0.000, 0.280, 48
train,    6262, 17.881900,   89, 0.03,   13, 0.000, 0.000, 0.280, 48
train,    6263, 17.722923,   88, 0.03,   12, 0.000, 0.000, 0.280, 48
train,    6264, 17.806113,   92, 0.03,   13, 0.000, 0.000, 0.280, 48
train,    6265, 17.852172,   97, 0.04,   11, 0.000, 0.000, 0.280, 48
train,    6266, 18.040810,   90, 0.02,   11, 0.000, 0.000, 0.280, 48
train,    6267, 18.182324,   93, 0.02,   12, 0.000, 0.000, 0.280, 48
train,    6268, 17.201257,   95, 0.02,   12, 0.000, 0.000, 0.280, 48
train,    6269, 17.107540,   93, 0.04,   12, 0.000, 0.000, 0.280, 48
train,    6270, 18.445679,   96, 0.03,   13, 0.000, 0.000, 0.280, 48
train,    6271, 18.153115,   90, 0.05,   11, 0.000, 0.000, 0.280, 48
train,    6272, 16.832274,   95, 0.04,   11, 0.000, 0.000, 0.280, 48
train,    6273, 17.411944,   97, 0.03,   13, 0.000, 0.000, 0.280, 48
train,    6274, 18.267156,   93, 0.02,   12, 0.000, 0.000, 0.280, 48
train,    6275, 17.403829,   96, 0.02,   12, 0.000, 0.000, 0.280, 48
train,    6276, 17.582103,   90, 0.01,   10, 0.000, 0.000, 0.280, 48
train,    6277, 17.392328,   93, 0.03,   11, 0.000, 0.000, 0.280, 48
train,    6278, 17.220249,   93, 0.02,   12, 0.000, 0.000, 0.280, 48
train,    6279, 16.668367,   98, 0.03,   11, 0.000, 0.000, 0.280, 48
train,    6280, 16.994947,   94, 0.04,   12, 0.000, 0.000, 0.280, 48
train,    6281, 18.010541,   96, 0.04,   12, 0.000, 0.000, 0.280, 48
train,    6282, 17.399355,   95, 0.02,   13, 0.000, 0.000, 0.280, 48
train,    6283, 17.699074,   91, 0.03,   12, 0.000, 0.000, 0.280, 48
train,    6284, 17.737784,   94, 0.04,   12, 0.000, 0.000, 0.280, 48
train,    6285, 17.697929,   94, 0.03,   12, 0.000, 0.000, 0.280, 48
train,    6286, 17.851018,   90, 0.01,   12, 0.000, 0.000, 0.280, 48
train,    6287, 17.912391,   94, 0.03,   11, 0.000, 0.000, 0.280, 48
train,    6288, 16.549113,   96, 0.02,   13, 0.000, 0.000, 0.280, 48
train,    6289, 16.972861,   93, 0.03,   13, 0.000, 0.000, 0.280, 48
train,    6290, 16.923107,   93, 0.05,   11, 0.000, 0.000, 0.280, 48
train,    6291, 16.943288,   92, 0.03,   12, 0.000, 0.000, 0.280, 48
train,    6292, 18.151203,   95, 0.05,   12, 0.000, 0.000, 0.280, 48
train,    6293, 17.135165,   96, 0.04,   12, 0.000, 0.000, 0.280, 48
train,    6294, 17.431223,   92, 0.04,   11, 0.000, 0.000, 0.280, 48
train,    6295, 17.977931,   95, 0.03,   11, 0.000, 0.000, 0.280, 48
train,    6296, 16.531388,   89, 0.02,   12, 0.000, 0.000, 0.280, 48
train,    6297, 16.366399,   90, 0.04,   12, 0.000, 0.000, 0.280, 48
train,    6298, 17.000337,   96, 0.04,   12, 0.000, 0.000, 0.280, 48
train,    6299, 17.113987,   95, 0.05,   13, 0.000, 0.000, 0.280, 48
train,    6300, 16.461487,   98, 0.05,   12, 0.000, 0.000, 0.280, 48
update,   6300,   63, 6300, 16.224178, 0.000000
val_t, 6300, 6300, 17.819616, 0.0208,  94.9422,   0.0674, 0.9781,  28.8216, progress 0.9667
train,    6301, 16.345029,   94, 0.03,   12, 0.000, 0.000, 0.280, 48
train,    6302, 15.661925,   92, 0.02,   11, 0.000, 0.000, 0.280, 48
train,    6303, 16.658395,   90, 0.02,   11, 0.000, 0.000, 0.280, 48
train,    6304, 15.876920,   89, 0.04,   11, 0.000, 0.000, 0.280, 48
train,    6305, 16.588926,   95, 0.04,   13, 0.000, 0.000, 0.280, 48
train,    6306, 16.987911,   95, 0.02,   11, 0.000, 0.000, 0.280, 48
train,    6307, 17.008102,   93, 0.03,   12, 0.000, 0.000, 0.280, 48
train,    6308, 16.610314,   93, 0.04,   11, 0.000, 0.000, 0.280, 48
train,    6309, 16.416499,   91, 0.04,   12, 0.000, 0.000, 0.280, 48
train,    6310, 17.891951,   92, 0.03,   13, 0.000, 0.000, 0.280, 48
train,    6311, 17.242042,   93, 0.02,   12, 0.000, 0.000, 0.280, 48
train,    6312, 16.083188,   94, 0.04,   12, 0.000, 0.000, 0.280, 48
train,    6313, 16.716101,   93, 0.03,   11, 0.000, 0.000, 0.280, 48
train,    6314, 15.795716,   92, 0.03,   12, 0.000, 0.000, 0.280, 48
train,    6315, 16.548109,   90, 0.01,   11, 0.000, 0.000, 0.280, 48
train,    6316, 16.899967,   92, 0.02,   11, 0.000, 0.000, 0.280, 48
train,    6317, 16.964244,   91, 0.03,   12, 0.000, 0.000, 0.280, 48
train,    6318, 16.167696,   96, 0.03,   11, 0.000, 0.000, 0.280, 48
train,    6319, 16.896857,   95, 0.02,   11, 0.000, 0.000, 0.280, 48
train,    6320, 17.313868,   94, 0.02,   12, 0.000, 0.000, 0.280, 48
train,    6321, 16.957765,   97, 0.05,   13, 0.000, 0.000, 0.280, 48
train,    6322, 17.162729,   96, 0.03,   12, 0.000, 0.000, 0.280, 48
train,    6323, 17.201618,   93, 0.03,   13, 0.000, 0.000, 0.280, 48
train,    6324, 16.597550,   95, 0.03,   12, 0.000, 0.000, 0.280, 48
train,    6325, 17.107976,   96, 0.04,   12, 0.000, 0.000, 0.280, 48
train,    6326, 16.804572,   96, 0.02,   12, 0.000, 0.000, 0.280, 48
train,    6327, 16.449316,   91, 0.03,   11, 0.000, 0.000, 0.280, 48
train,    6328, 16.204490,   93, 0.02,   12, 0.000, 0.000, 0.280, 48
train,    6329, 15.263682,   98, 0.02,   11, 0.000, 0.000, 0.280, 48
train,    6330, 16.309544,   98, 0.03,   11, 0.000, 0.000, 0.280, 48
train,    6331, 16.726346,   97, 0.03,   11, 0.000, 0.000, 0.280, 48
train,    6332, 16.247483,   94, 0.04,   13, 0.000, 0.000, 0.280, 48
train,    6333, 16.013687,   97, 0.04,   12, 0.000, 0.000, 0.280, 48
train,    6334, 17.143378,   99, 0.04,   11, 0.000, 0.000, 0.280, 48
train,    6335, 16.963344,   97, 0.04,   11, 0.000, 0.000, 0.280, 48
train,    6336, 16.299277,   97, 0.04,   10, 0.000, 0.000, 0.280, 48
train,    6337, 16.351269,   91, 0.03,   12, 0.000, 0.000, 0.280, 48
train,    6338, 16.454579,   93, 0.02,   13, 0.000, 0.000, 0.280, 48
train,    6339, 16.961555,   92, 0.04,   12, 0.000, 0.000, 0.280, 48
train,    6340, 16.208347,   95, 0.03,   11, 0.000, 0.000, 0.280, 48
train,    6341, 15.867154,   88, 0.05,   12, 0.000, 0.000, 0.280, 48
train,    6342, 15.076002,   91, 0.03,   10, 0.000, 0.000, 0.280, 48
train,    6343, 15.903410,   92, 0.05,   13, 0.000, 0.000, 0.280, 48
train,    6344, 16.330627,   93, 0.03,   11, 0.000, 0.000, 0.280, 48
train,    6345, 15.806961,   92, 0.03,   12, 0.000, 0.000, 0.280, 48
train,    6346, 15.875312,   94, 0.03,   11, 0.000, 0.000, 0.280, 48
train,    6347, 15.700762,   90, 0.01,   12, 0.000, 0.000, 0.280, 48
train,    6348, 16.722402,   91, 0.03,   11, 0.000, 0.000, 0.280, 48
train,    6349, 16.051078,   95, 0.02,   12, 0.000, 0.000, 0.280, 48
train,    6350, 15.631058,   92, 0.04,   12, 0.000, 0.000, 0.280, 48
train,    6351, 16.459169,   95, 0.03,   12, 0.000, 0.000, 0.280, 48
train,    6352, 15.689832,   94, 0.03,   11, 0.000, 0.000, 0.280, 48
train,    6353, 17.035571,   96, 0.04,   12, 0.000, 0.000, 0.280, 48
train,    6354, 15.403082,   89, 0.02,   13, 0.000, 0.000, 0.280, 48
train,    6355, 15.472657,   92, 0.04,   13, 0.000, 0.000, 0.280, 48
train,    6356, 15.538903,   96, 0.04,   12, 0.000, 0.000, 0.280, 48
train,    6357, 15.408201,   90, 0.04,   11, 0.000, 0.000, 0.280, 48
train,    6358, 16.202282,   89, 0.02,   11, 0.000, 0.000, 0.280, 48
train,    6359, 15.235361,   90, 0.04,   13, 0.000, 0.000, 0.280, 48
train,    6360, 16.564381,   94, 0.04,   12, 0.000, 0.000, 0.280, 48
train,    6361, 16.407984,   94, 0.04,   11, 0.000, 0.000, 0.280, 48
train,    6362, 15.417498,   96, 0.03,   12, 0.000, 0.000, 0.280, 48
train,    6363, 15.466486,   95, 0.02,   11, 0.000, 0.000, 0.280, 48
train,    6364, 15.415599,   91, 0.02,   13, 0.000, 0.000, 0.280, 48
train,    6365, 15.934556,   90, 0.02,   12, 0.000, 0.000, 0.280, 48
train,    6366, 15.921143,   94, 0.04,   11, 0.000, 0.000, 0.280, 48
train,    6367, 15.184325,   92, 0.02,   12, 0.000, 0.000, 0.280, 48
train,    6368, 16.397569,   91, 0.02,   13, 0.000, 0.000, 0.280, 48
train,    6369, 16.179247,   93, 0.03,   11, 0.000, 0.000, 0.280, 48
train,    6370, 15.819074,   97, 0.03,   13, 0.000, 0.000, 0.280, 48
train,    6371, 15.536301,   88, 0.05,   11, 0.000, 0.000, 0.280, 48
train,    6372, 15.624292,   97, 0.05,   11, 0.000, 0.000, 0.280, 48
train,    6373, 15.136698,   92, 0.03,   14, 0.000, 0.000, 0.280, 48
train,    6374, 15.293963,   92, 0.03,   12, 0.000, 0.000, 0.280, 48
train,    6375, 15.544136,   90, 0.04,   13, 0.000, 0.000, 0.280, 48
train,    6376, 15.750977,   95, 0.03,   12, 0.000, 0.000, 0.280, 48
train,    6377, 15.542650,   98, 0.03,   13, 0.000, 0.000, 0.280, 48
train,    6378, 15.767865,   96, 0.03,   11, 0.000, 0.000, 0.280, 48
train,    6379, 15.984131,   92, 0.01,   12, 0.000, 0.000, 0.280, 48
train,    6380, 16.529632,   89, 0.06,   11, 0.000, 0.000, 0.280, 48
train,    6381, 16.220814,   97, 0.02,   11, 0.000, 0.000, 0.280, 48
train,    6382, 16.632214,   97, 0.04,   12, 0.000, 0.000, 0.280, 48
train,    6383, 15.528789,   97, 0.02,   11, 0.000, 0.000, 0.280, 48
train,    6384, 16.914911,   96, 0.03,   12, 0.000, 0.000, 0.280, 48
train,    6385, 15.188751,   92, 0.03,   13, 0.000, 0.000, 0.280, 48
train,    6386, 15.578386,   97, 0.04,   11, 0.000, 0.000, 0.280, 48
train,    6387, 15.241958,   93, 0.03,   12, 0.000, 0.000, 0.280, 48
train,    6388, 15.190154,   92, 0.04,   12, 0.000, 0.000, 0.280, 48
train,    6389, 15.766989,   93, 0.04,   11, 0.000, 0.000, 0.280, 48
train,    6390, 16.773995,   91, 0.03,   12, 0.000, 0.000, 0.280, 48
train,    6391, 15.638865,   91, 0.04,   10, 0.000, 0.000, 0.280, 48
train,    6392, 15.791885,   96, 0.03,   12, 0.000, 0.000, 0.280, 48
train,    6393, 15.595994,   95, 0.02,   12, 0.000, 0.000, 0.280, 48
train,    6394, 16.092138,   90, 0.02,   12, 0.000, 0.000, 0.280, 48
train,    6395, 15.299651,   93, 0.02,   12, 0.000, 0.000, 0.280, 48
train,    6396, 15.311945,   93, 0.01,   12, 0.000, 0.000, 0.280, 48
train,    6397, 15.955224,   91, 0.04,   12, 0.000, 0.000, 0.280, 48
train,    6398, 15.909129,   90, 0.03,   12, 0.000, 0.000, 0.280, 48
train,    6399, 14.859049,   92, 0.02,   11, 0.000, 0.000, 0.280, 48
train,    6400, 16.084395,   88, 0.02,   11, 0.000, 0.000, 0.280, 48
update,   6400,   64, 6400, 18.813775, 0.000000
val_t, 6400, 6400, 18.252382, 0.0131,  87.4012,   0.0713, 0.9993,  28.8172, progress 0.9734
train,    6401, 14.716928,   92, 0.03,   10, 0.000, 0.000, 0.280, 48
train,    6402, 14.902806,   97, 0.03,   12, 0.000, 0.000, 0.280, 48
train,    6403, 14.489272,   94, 0.01,   12, 0.000, 0.000, 0.280, 48
train,    6404, 14.955598,   97, 0.05,   11, 0.000, 0.000, 0.280, 48
train,    6405, 15.376454,   92, 0.05,   11, 0.000, 0.000, 0.280, 48
train,    6406, 15.787649,   97, 0.05,   11, 0.000, 0.000, 0.280, 48
train,    6407, 15.198894,   92, 0.04,   12, 0.000, 0.000, 0.280, 48
train,    6408, 15.304900,   93, 0.03,   13, 0.000, 0.000, 0.280, 48
train,    6409, 15.726438,   96, 0.02,   12, 0.000, 0.000, 0.280, 48
train,    6410, 15.146556,   95, 0.03,   12, 0.000, 0.000, 0.280, 48
train,    6411, 15.107786,   92, 0.02,   13, 0.000, 0.000, 0.280, 48
train,    6412, 15.476982,   90, 0.03,   12, 0.000, 0.000, 0.280, 48
train,    6413, 16.185934,   96, 0.02,   12, 0.000, 0.000, 0.280, 48
train,    6414, 15.369252,   90, 0.03,   12, 0.000, 0.000, 0.280, 48
train,    6415, 14.016698,   97, 0.04,   11, 0.000, 0.000, 0.280, 48
train,    6416, 15.516347,   92, 0.03,   11, 0.000, 0.000, 0.280, 48
train,    6417, 14.953547,   96, 0.03,   14, 0.000, 0.000, 0.280, 48
train,    6418, 14.308776,   95, 0.01,   12, 0.000, 0.000, 0.280, 48
train,    6419, 15.243407,   89, 0.02,   12, 0.000, 0.000, 0.280, 48
train,    6420, 14.765527,   93, 0.04,   11, 0.000, 0.000, 0.280, 48
train,    6421, 15.314701,   95, 0.03,   12, 0.000, 0.000, 0.280, 48
train,    6422, 14.569426,   90, 0.03,   12, 0.000, 0.000, 0.280, 48
train,    6423, 14.889318,   90, 0.02,   12, 0.000, 0.000, 0.280, 48
train,    6424, 15.753087,   91, 0.04,   13, 0.000, 0.000, 0.280, 48
train,    6425, 15.962598,   96, 0.04,   11, 0.000, 0.000, 0.280, 48
train,    6426, 15.392359,   99, 0.03,   12, 0.000, 0.000, 0.280, 48
train,    6427, 15.661384,   93, 0.04,   12, 0.000, 0.000, 0.280, 48
train,    6428, 15.607936,   92, 0.04,   12, 0.000, 0.000, 0.280, 48
train,    6429, 15.241538,   96, 0.03,   13, 0.000, 0.000, 0.280, 48
train,    6430, 14.954581,   96, 0.03,   13, 0.000, 0.000, 0.280, 48
train,    6431, 14.373962,   96, 0.03,   12, 0.000, 0.000, 0.280, 48
train,    6432, 15.009880,   89, 0.04,   13, 0.000, 0.000, 0.280, 48
train,    6433, 15.559199,   93, 0.02,   11, 0.000, 0.000, 0.280, 48
train,    6434, 15.359435,   94, 0.04,   12, 0.000, 0.000, 0.280, 48
train,    6435, 15.274979,   95, 0.03,   12, 0.000, 0.000, 0.280, 48
train,    6436, 16.177877,   96, 0.04,   12, 0.000, 0.000, 0.280, 48
train,    6437, 15.125627,   92, 0.04,   12, 0.000, 0.000, 0.280, 48
train,    6438, 15.557848,   97, 0.04,   12, 0.000, 0.000, 0.280, 48
train,    6439, 14.356305,   92, 0.02,   12, 0.000, 0.000, 0.280, 48
train,    6440, 14.986220,   90, 0.05,   12, 0.000, 0.000, 0.280, 48
train,    6441, 14.586409,   92, 0.04,   12, 0.000, 0.000, 0.280, 48
train,    6442, 14.734952,   97, 0.05,   12, 0.000, 0.000, 0.280, 48
train,    6443, 16.713422,   93, 0.02,   11, 0.000, 0.000, 0.280, 48
train,    6444, 15.866861,   97, 0.04,   12, 0.000, 0.000, 0.280, 48
train,    6445, 15.088484,   94, 0.03,   12, 0.000, 0.000, 0.280, 48
train,    6446, 15.138949,   90, 0.04,   12, 0.000, 0.000, 0.280, 48
train,    6447, 15.193388,   96, 0.04,   14, 0.000, 0.000, 0.280, 48
train,    6448, 15.591915,   97, 0.03,   13, 0.000, 0.000, 0.280, 48
train,    6449, 15.258164,   93, 0.04,   12, 0.000, 0.000, 0.280, 48
train,    6450, 15.279682,   92, 0.02,   12, 0.000, 0.000, 0.280, 48
train,    6451, 16.152475,   97, 0.03,   10, 0.000, 0.000, 0.280, 48
train,    6452, 15.683107,   96, 0.02,   12, 0.000, 0.000, 0.280, 48
train,    6453, 15.250592,   92, 0.03,   13, 0.000, 0.000, 0.280, 48
train,    6454, 14.951909,   91, 0.03,   13, 0.000, 0.000, 0.280, 48
train,    6455, 15.591569,   90, 0.03,   11, 0.000, 0.000, 0.280, 48
train,    6456, 16.343019,   92, 0.03,   12, 0.000, 0.000, 0.280, 48
train,    6457, 15.744623,   95, 0.04,   11, 0.000, 0.000, 0.280, 48
train,    6458, 15.212940,   91, 0.02,   12, 0.000, 0.000, 0.280, 48
train,    6459, 14.884698,   91, 0.03,   13, 0.000, 0.000, 0.280, 48
train,    6460, 15.189877,   97, 0.03,   11, 0.000, 0.000, 0.280, 48
train,    6461, 15.388643,   93, 0.02,   12, 0.000, 0.000, 0.280, 48
train,    6462, 15.042449,   94, 0.03,   12, 0.000, 0.000, 0.280, 48
train,    6463, 15.998517,   96, 0.03,   12, 0.000, 0.000, 0.280, 48
train,    6464, 15.174609,   96, 0.04,   12, 0.000, 0.000, 0.280, 48
train,    6465, 16.152915,   96, 0.04,   12, 0.000, 0.000, 0.280, 48
train,    6466, 14.924799,   97, 0.04,   11, 0.000, 0.000, 0.280, 48
train,    6467, 14.570058,   94, 0.04,   12, 0.000, 0.000, 0.280, 48
train,    6468, 14.370297,   93, 0.02,   12, 0.000, 0.000, 0.280, 48
train,    6469, 15.942337,   95, 0.04,   11, 0.000, 0.000, 0.280, 48
train,    6470, 14.611470,   93, 0.04,   12, 0.000, 0.000, 0.280, 48
train,    6471, 16.183455,   92, 0.03,   13, 0.000, 0.000, 0.280, 48
train,    6472, 14.502488,   92, 0.05,   12, 0.000, 0.000, 0.280, 48
train,    6473, 15.219263,   91, 0.03,   11, 0.000, 0.000, 0.280, 48
train,    6474, 15.900529,   97, 0.03,   13, 0.000, 0.000, 0.280, 48
train,    6475, 15.310330,   91, 0.02,   12, 0.000, 0.000, 0.280, 48
train,    6476, 15.102809,   91, 0.03,   12, 0.000, 0.000, 0.280, 48
train,    6477, 16.966865,   97, 0.05,   12, 0.000, 0.000, 0.280, 48
train,    6478, 14.649590,   97, 0.03,   11, 0.000, 0.000, 0.280, 48
train,    6479, 15.366876,   96, 0.02,   13, 0.000, 0.000, 0.280, 48
train,    6480, 15.769113,   93, 0.04,   12, 0.000, 0.000, 0.280, 48
train,    6481, 16.105042,   97, 0.04,   11, 0.000, 0.000, 0.280, 48
train,    6482, 15.194695,   90, 0.03,   11, 0.000, 0.000, 0.280, 48
train,    6483, 15.551804,   92, 0.02,   13, 0.000, 0.000, 0.280, 48
train,    6484, 15.212238,   97, 0.02,   12, 0.000, 0.000, 0.280, 48
train,    6485, 15.763496,   93, 0.03,   12, 0.000, 0.000, 0.280, 48
train,    6486, 15.258173,   93, 0.02,   12, 0.000, 0.000, 0.280, 48
train,    6487, 15.746020,   97, 0.03,   12, 0.000, 0.000, 0.280, 48
train,    6488, 15.421436,   94, 0.04,   11, 0.000, 0.000, 0.280, 48
train,    6489, 15.080674,   96, 0.03,   12, 0.000, 0.000, 0.280, 48
train,    6490, 14.885841,   95, 0.01,   11, 0.000, 0.000, 0.280, 48
train,    6491, 14.957648,   90, 0.02,   12, 0.000, 0.000, 0.280, 48
train,    6492, 15.347410,   93, 0.05,   11, 0.000, 0.000, 0.280, 48
train,    6493, 16.127048,   95, 0.04,   12, 0.000, 0.000, 0.280, 48
train,    6494, 15.886726,   97, 0.02,   11, 0.000, 0.000, 0.280, 48
train,    6495, 15.717070,   91, 0.05,   12, 0.000, 0.000, 0.280, 48
train,    6496, 15.323261,   92, 0.02,   10, 0.000, 0.000, 0.280, 48
train,    6497, 14.839981,   99, 0.05,   11, 0.000, 0.000, 0.280, 48
train,    6498, 15.176109,   89, 0.04,   11, 0.000, 0.000, 0.280, 48
train,    6499, 15.076787,   91, 0.03,   10, 0.000, 0.000, 0.280, 48
train,    6500, 16.191480,   92, 0.03,   11, 0.000, 0.000, 0.280, 48
update,   6500,   65, 6500, 17.078202, 0.000000
val_t, 6500, 6500, 17.099613, 0.0070,  90.5998,   0.0616, 0.9752,  28.7100, progress 0.9610
train,    6501, 16.105164,   95, 0.04,   12, 0.000, 0.000, 0.280, 48
train,    6502, 14.773666,   93, 0.03,   11, 0.000, 0.000, 0.280, 48
train,    6503, 15.664111,   94, 0.03,   11, 0.000, 0.000, 0.280, 48
train,    6504, 16.634573,   96, 0.04,   11, 0.000, 0.000, 0.280, 48
train,    6505, 16.493578,   89, 0.02,   11, 0.000, 0.000, 0.280, 48
train,    6506, 14.919209,   95, 0.04,   11, 0.000, 0.000, 0.280, 48
train,    6507, 14.997375,   98, 0.04,   13, 0.000, 0.000, 0.280, 48
train,    6508, 16.310913,   96, 0.02,   13, 0.000, 0.000, 0.280, 48
train,    6509, 15.811766,   94, 0.02,   13, 0.000, 0.000, 0.280, 48
train,    6510, 16.433583,   96, 0.03,   11, 0.000, 0.000, 0.280, 48
train,    6511, 15.564148,   94, 0.05,   12, 0.000, 0.000, 0.280, 48
train,    6512, 15.370323,   95, 0.03,   12, 0.000, 0.000, 0.280, 48
train,    6513, 15.430677,   96, 0.03,   11, 0.000, 0.000, 0.280, 48
train,    6514, 15.863438,   95, 0.04,   12, 0.000, 0.000, 0.280, 48
train,    6515, 15.364023,   97, 0.05,   12, 0.000, 0.000, 0.280, 48
train,    6516, 15.504225,   92, 0.04,   11, 0.000, 0.000, 0.280, 48
train,    6517, 15.390156,   95, 0.02,   12, 0.000, 0.000, 0.280, 48
train,    6518, 16.012888,   98, 0.03,   10, 0.000, 0.000, 0.280, 48
train,    6519, 16.539551,   93, 0.04,   10, 0.000, 0.000, 0.280, 48
train,    6520, 15.625778,   92, 0.02,   11, 0.000, 0.000, 0.280, 48
train,    6521, 15.922517,   96, 0.04,   13, 0.000, 0.000, 0.280, 48
train,    6522, 15.968980,   93, 0.03,   12, 0.000, 0.000, 0.280, 48
train,    6523, 16.481142,   96, 0.02,   12, 0.000, 0.000, 0.280, 48
train,    6524, 16.398557,   94, 0.03,   11, 0.000, 0.000, 0.280, 48
train,    6525, 15.422753,   96, 0.03,   13, 0.000, 0.000, 0.280, 48
train,    6526, 15.894388,   98, 0.02,   12, 0.000, 0.000, 0.280, 48
train,    6527, 15.362399,   94, 0.02,   12, 0.000, 0.000, 0.280, 48
train,    6528, 16.981039,   97, 0.05,   12, 0.000, 0.000, 0.280, 48
train,    6529, 16.072218,   96, 0.03,   12, 0.000, 0.000, 0.280, 48
train,    6530, 16.341765,   96, 0.04,   12, 0.000, 0.000, 0.280, 48
train,    6531, 15.599910,   95, 0.03,   12, 0.000, 0.000, 0.280, 48
train,    6532, 16.120776,   92, 0.05,   12, 0.000, 0.000, 0.280, 48
train,    6533, 15.238392,   94, 0.05,   11, 0.000, 0.000, 0.280, 48
train,    6534, 16.395199,   90, 0.04,   11, 0.000, 0.000, 0.280, 48
train,    6535, 15.449507,   91, 0.04,   13, 0.000, 0.000, 0.280, 48
train,    6536, 15.497215,   91, 0.03,   11, 0.000, 0.000, 0.280, 48
train,    6537, 15.439620,   97, 0.02,   12, 0.000, 0.000, 0.280, 48
train,    6538, 15.874084,   98, 0.03,   11, 0.000, 0.000, 0.280, 48
train,    6539, 16.155927,   90, 0.03,   11, 0.000, 0.000, 0.280, 48
train,    6540, 16.176474,   94, 0.04,   13, 0.000, 0.000, 0.280, 48
train,    6541, 16.350844,   98, 0.03,   11, 0.000, 0.000, 0.280, 48
train,    6542, 16.421291,   91, 0.04,   12, 0.000, 0.000, 0.280, 48
train,    6543, 16.730951,   95, 0.02,   10, 0.000, 0.000, 0.280, 48
train,    6544, 15.463986,   90, 0.02,   13, 0.000, 0.000, 0.280, 48
train,    6545, 16.070971,   93, 0.02,   11, 0.000, 0.000, 0.280, 48
train,    6546, 16.491152,   98, 0.03,   12, 0.000, 0.000, 0.280, 48
train,    6547, 16.955913,   95, 0.03,   13, 0.000, 0.000, 0.280, 48
train,    6548, 16.408116,   94, 0.02,   12, 0.000, 0.000, 0.280, 48
train,    6549, 16.321823,   93, 0.03,   13, 0.000, 0.000, 0.280, 48
train,    6550, 16.406100,   95, 0.04,   11, 0.000, 0.000, 0.280, 48
train,    6551, 16.628561,   94, 0.05,   12, 0.000, 0.000, 0.280, 48
train,    6552, 16.606172,   94, 0.03,   13, 0.000, 0.000, 0.280, 48
train,    6553, 15.942493,   97, 0.04,   12, 0.000, 0.000, 0.280, 48
train,    6554, 15.315033,   93, 0.03,   11, 0.000, 0.000, 0.280, 48
train,    6555, 16.564675,   95, 0.04,   13, 0.000, 0.000, 0.280, 48
train,    6556, 16.308078,   95, 0.04,   11, 0.000, 0.000, 0.280, 48
train,    6557, 16.117924,   97, 0.04,   12, 0.000, 0.000, 0.280, 48
train,    6558, 15.079927,   91, 0.02,   12, 0.000, 0.000, 0.280, 48
train,    6559, 16.303446,   94, 0.01,   13, 0.000, 0.000, 0.280, 48
train,    6560, 16.719235,   95, 0.02,   13, 0.000, 0.000, 0.280, 48
train,    6561, 15.418788,   91, 0.03,   12, 0.000, 0.000, 0.280, 48
train,    6562, 17.067420,   99, 0.01,   11, 0.000, 0.000, 0.280, 48
train,    6563, 15.887329,   98, 0.04,   12, 0.000, 0.000, 0.280, 48
train,    6564, 16.179522,   92, 0.02,   12, 0.000, 0.000, 0.280, 48
train,    6565, 16.832555,   90, 0.01,   11, 0.000, 0.000, 0.280, 48
train,    6566, 16.662718,   90, 0.01,   12, 0.000, 0.000, 0.280, 48
train,    6567, 16.150945,   90, 0.03,   11, 0.000, 0.000, 0.280, 48
train,    6568, 16.502605,   91, 0.02,   12, 0.000, 0.000, 0.280, 48
train,    6569, 16.726777,   94, 0.03,   13, 0.000, 0.000, 0.280, 48
train,    6570, 15.929812,   91, 0.02,   12, 0.000, 0.000, 0.280, 48
train,    6571, 16.412200,   97, 0.04,   11, 0.000, 0.000, 0.280, 48
train,    6572, 17.653134,   93, 0.03,   13, 0.000, 0.000, 0.280, 48
train,    6573, 15.930822,   92, 0.04,   12, 0.000, 0.000, 0.280, 48
train,    6574, 16.536414,   93, 0.02,   13, 0.000, 0.000, 0.280, 48
train,    6575, 16.459236,   97, 0.02,   12, 0.000, 0.000, 0.280, 48
train,    6576, 15.523386,   96, 0.03,   12, 0.000, 0.000, 0.280, 48
train,    6577, 16.665108,   93, 0.03,   12, 0.000, 0.000, 0.280, 48
train,    6578, 16.958370,   89, 0.03,   12, 0.000, 0.000, 0.280, 48
train,    6579, 16.604035,   90, 0.03,   10, 0.000, 0.000, 0.280, 48
train,    6580, 16.485826,   90, 0.02,   11, 0.000, 0.000, 0.280, 48
train,    6581, 15.895826,   88, 0.03,   11, 0.000, 0.000, 0.280, 48
train,    6582, 16.205297,   92, 0.04,   11, 0.000, 0.000, 0.280, 48
train,    6583, 16.570048,   97, 0.02,   12, 0.000, 0.000, 0.280, 48
train,    6584, 16.798917,   97, 0.02,   11, 0.000, 0.000, 0.280, 48
train,    6585, 15.992181,   92, 0.02,   14, 0.000, 0.000, 0.280, 48
train,    6586, 16.978630,   90, 0.02,   12, 0.000, 0.000, 0.280, 48
train,    6587, 16.532900,   94, 0.03,   10, 0.000, 0.000, 0.280, 48
train,    6588, 16.779697,   94, 0.02,   11, 0.000, 0.000, 0.280, 48
train,    6589, 17.130127,   94, 0.03,   13, 0.000, 0.000, 0.280, 48
train,    6590, 16.697896,   90, 0.04,   11, 0.000, 0.000, 0.280, 48
train,    6591, 16.904841,   92, 0.02,   11, 0.000, 0.000, 0.280, 48
train,    6592, 16.218754,   93, 0.03,   12, 0.000, 0.000, 0.280, 48
train,    6593, 17.053684,   96, 0.02,   11, 0.000, 0.000, 0.280, 48
train,    6594, 16.520209,   92, 0.03,   12, 0.000, 0.000, 0.280, 48
train,    6595, 16.332434,   93, 0.03,   10, 0.000, 0.000, 0.280, 48
train,    6596, 16.627961,   93, 0.04,   13, 0.000, 0.000, 0.280, 48
train,    6597, 17.337639,   95, 0.04,   11, 0.000, 0.000, 0.280, 48
train,    6598, 17.624160,   98, 0.03,   12, 0.000, 0.000, 0.280, 48
train,    6599, 16.548155,   96, 0.01,   12, 0.000, 0.000, 0.280, 48
train,    6600, 17.024693,   92, 0.02,   12, 0.000, 0.000, 0.280, 48
update,   6600,   66, 6600, 15.872115, 0.000000
val_t, 6600, 6600, 15.994697, 0.0218,  88.6994,   0.0628, 0.9792,  28.6966, progress 0.9746
train,    6601, 16.753542,   92, 0.03,   11, 0.000, 0.000, 0.280, 48
train,    6602, 17.358519,   91, 0.04,   12, 0.000, 0.000, 0.280, 48
train,    6603, 16.814872,   94, 0.03,   12, 0.000, 0.000, 0.280, 48
train,    6604, 17.446392,   94, 0.03,   13, 0.000, 0.000, 0.280, 48
train,    6605, 17.243250,   98, 0.05,   12, 0.000, 0.000, 0.280, 48
train,    6606, 16.803966,   96, 0.03,   11, 0.000, 0.000, 0.280, 48
train,    6607, 16.439881,   90, 0.03,   11, 0.000, 0.000, 0.280, 48
train,    6608, 16.819893,   91, 0.02,   12, 0.000, 0.000, 0.280, 48
train,    6609, 17.507678,   92, 0.05,   11, 0.000, 0.000, 0.280, 48
train,    6610, 17.166329,   91, 0.03,   13, 0.000, 0.000, 0.280, 48
train,    6611, 16.826624,   95, 0.04,   11, 0.000, 0.000, 0.280, 48
train,    6612, 17.550593,   91, 0.03,   11, 0.000, 0.000, 0.280, 48
train,    6613, 17.167698,   92, 0.06,   12, 0.000, 0.000, 0.280, 48
train,    6614, 17.047226,   89, 0.03,   12, 0.000, 0.000, 0.280, 48
train,    6615, 16.824267,   95, 0.03,   13, 0.000, 0.000, 0.280, 48
train,    6616, 17.273312,   92, 0.02,   13, 0.000, 0.000, 0.280, 48
train,    6617, 17.551700,   93, 0.04,   11, 0.000, 0.000, 0.280, 48
train,    6618, 16.506369,   92, 0.02,   11, 0.000, 0.000, 0.280, 48
train,    6619, 16.726428,   91, 0.03,   12, 0.000, 0.000, 0.280, 48
train,    6620, 17.325914,   93, 0.03,   11, 0.000, 0.000, 0.280, 48
train,    6621, 17.478801,   91, 0.04,   11, 0.000, 0.000, 0.280, 48
train,    6622, 17.087689,   93, 0.02,   12, 0.000, 0.000, 0.280, 48
train,    6623, 18.015641,   95, 0.04,   11, 0.000, 0.000, 0.280, 48
train,    6624, 17.704521,   93, 0.01,   11, 0.000, 0.000, 0.280, 48
train,    6625, 16.637765,   97, 0.03,   10, 0.000, 0.000, 0.280, 48
train,    6626, 16.734316,   96, 0.05,   11, 0.000, 0.000, 0.280, 48
train,    6627, 17.262891,   95, 0.05,   13, 0.000, 0.000, 0.280, 48
train,    6628, 16.167938,   95, 0.05,   11, 0.000, 0.000, 0.280, 48
train,    6629, 19.234893,   96, 0.02,   11, 0.000, 0.000, 0.280, 48
train,    6630, 16.419974,   97, 0.04,   13, 0.000, 0.000, 0.280, 48
train,    6631, 17.295361,   93, 0.03,   13, 0.000, 0.000, 0.280, 48
train,    6632, 17.623554,   95, 0.04,   12, 0.000, 0.000, 0.280, 48
train,    6633, 16.693319,   93, 0.01,   12, 0.000, 0.000, 0.280, 48
train,    6634, 17.553297,   93, 0.02,   13, 0.000, 0.000, 0.280, 48
train,    6635, 16.986542,   96, 0.01,   12, 0.000, 0.000, 0.280, 48
train,    6636, 16.677846,   91, 0.05,   11, 0.000, 0.000, 0.280, 48
train,    6637, 16.986316,   96, 0.01,   12, 0.000, 0.000, 0.280, 48
train,    6638, 17.582890,   95, 0.03,   12, 0.000, 0.000, 0.280, 48
train,    6639, 17.166677,   93, 0.03,   12, 0.000, 0.000, 0.280, 48
train,    6640, 17.492041,   91, 0.05,   12, 0.000, 0.000, 0.280, 48
train,    6641, 17.115874,   92, 0.03,   11, 0.000, 0.000, 0.280, 48
train,    6642, 16.886466,   89, 0.02,   11, 0.000, 0.000, 0.280, 48
train,    6643, 17.234768,   94, 0.05,   11, 0.000, 0.000, 0.280, 48
train,    6644, 17.086165,   95, 0.04,   12, 0.000, 0.000, 0.280, 48
train,    6645, 17.777996,   90, 0.03,   12, 0.000, 0.000, 0.280, 48
train,    6646, 17.108418,   93, 0.05,   11, 0.000, 0.000, 0.280, 48
train,    6647, 16.406041,   95, 0.03,   11, 0.000, 0.000, 0.280, 48
train,    6648, 16.686711,   93, 0.03,   12, 0.000, 0.000, 0.280, 48
train,    6649, 18.426952,   97, 0.04,   12, 0.000, 0.000, 0.280, 48
train,    6650, 17.825377,   95, 0.04,   14, 0.000, 0.000, 0.280, 48
train,    6651, 17.701372,   94, 0.04,   13, 0.000, 0.000, 0.280, 48
train,    6652, 16.365564,   97, 0.05,   11, 0.000, 0.000, 0.280, 48
train,    6653, 17.294303,   89, 0.06,   11, 0.000, 0.000, 0.280, 48
train,    6654, 17.854884,   91, 0.03,   12, 0.000, 0.000, 0.280, 48
train,    6655, 17.191816,   91, 0.03,   11, 0.000, 0.000, 0.280, 48
train,    6656, 17.148517,   94, 0.03,   12, 0.000, 0.000, 0.280, 48
train,    6657, 16.342938,   88, 0.03,   12, 0.000, 0.000, 0.280, 48
train,    6658, 17.269506,   97, 0.04,   10, 0.000, 0.000, 0.280, 48
train,    6659, 17.625580,   94, 0.04,   11, 0.000, 0.000, 0.280, 48
train,    6660, 17.343695,   94, 0.01,   12, 0.000, 0.000, 0.280, 48
train,    6661, 17.929438,   92, 0.02,   12, 0.000, 0.000, 0.280, 48
train,    6662, 16.718885,   96, 0.03,   12, 0.000, 0.000, 0.280, 48
train,    6663, 17.799582,   90, 0.02,   12, 0.000, 0.000, 0.280, 48
train,    6664, 17.608206,   90, 0.03,   12, 0.000, 0.000, 0.280, 48
train,    6665, 17.929488,   95, 0.03,   11, 0.000, 0.000, 0.280, 48
train,    6666, 16.485252,   92, 0.01,   13, 0.000, 0.000, 0.280, 48
train,    6667, 17.307027,   90, 0.04,   12, 0.000, 0.000, 0.280, 48
train,    6668, 16.492061,   95, 0.04,   11, 0.000, 0.000, 0.280, 48
train,    6669, 18.138844,   99, 0.02,   12, 0.000, 0.000, 0.280, 48
train,    6670, 17.821118,   93, 0.02,   13, 0.000, 0.000, 0.280, 48
train,    6671, 17.088083,   95, 0.04,   12, 0.000, 0.000, 0.280, 48
train,    6672, 18.929555,   90, 0.05,   12, 0.000, 0.000, 0.280, 48
train,    6673, 17.573924,   91, 0.03,   11, 0.000, 0.000, 0.280, 48
train,    6674, 16.581294,   93, 0.03,   13, 0.000, 0.000, 0.280, 48
train,    6675, 17.496256,   93, 0.03,   13, 0.000, 0.000, 0.280, 48
train,    6676, 18.281110,   90, 0.02,   12, 0.000, 0.000, 0.280, 48
train,    6677, 17.377038,   93, 0.02,   10, 0.000, 0.000, 0.280, 48
train,    6678, 16.888846,   91, 0.04,   11, 0.000, 0.000, 0.280, 48
train,    6679, 17.980931,   92, 0.02,   11, 0.000, 0.000, 0.280, 48
train,    6680, 16.853022,   91, 0.03,   11, 0.000, 0.000, 0.280, 48
train,    6681, 17.304458,   92, 0.03,   13, 0.000, 0.000, 0.280, 48
train,    6682, 17.915362,   98, 0.03,   11, 0.000, 0.000, 0.280, 48
train,    6683, 17.253559,   94, 0.04,   11, 0.000, 0.000, 0.280, 48
train,    6684, 17.387617,   92, 0.05,   12, 0.000, 0.000, 0.280, 48
train,    6685, 17.659382,   97, 0.03,   12, 0.000, 0.000, 0.280, 48
train,    6686, 17.459224,   96, 0.04,   12, 0.000, 0.000, 0.280, 48
train,    6687, 17.216144,   93, 0.06,   12, 0.000, 0.000, 0.280, 48
train,    6688, 18.006143,   98, 0.02,   11, 0.000, 0.000, 0.280, 48
train,    6689, 17.838521,   93, 0.04,   11, 0.000, 0.000, 0.280, 48
train,    6690, 17.987529,   91, 0.03,   12, 0.000, 0.000, 0.280, 48
train,    6691, 17.761070,   95, 0.03,   12, 0.000, 0.000, 0.280, 48
train,    6692, 18.187901,   98, 0.01,   11, 0.000, 0.000, 0.280, 48
train,    6693, 17.361880,   97, 0.03,   12, 0.000, 0.000, 0.280, 48
train,    6694, 17.394947,   96, 0.03,   12, 0.000, 0.000, 0.280, 48
train,    6695, 17.571489,   94, 0.03,   12, 0.000, 0.000, 0.280, 48
train,    6696, 18.029457,   96, 0.04,   11, 0.000, 0.000, 0.280, 48
train,    6697, 18.040310,   95, 0.05,   12, 0.000, 0.000, 0.280, 48
train,    6698, 17.178374,   94, 0.02,   12, 0.000, 0.000, 0.280, 48
train,    6699, 16.592948,   90, 0.03,   12, 0.000, 0.000, 0.280, 48
train,    6700, 17.544649,   91, 0.03,   12, 0.000, 0.000, 0.280, 48
update,   6700,   67, 6700, 16.002244, 0.000000
val_t, 6700, 6700, 15.037579, 0.0053,  93.3343,   0.0625, 0.9942,  28.6587, progress 0.9602
train,    6701, 17.694729,   92, 0.03,   12, 0.000, 0.000, 0.280, 48
train,    6702, 17.345209,   93, 0.03,   13, 0.000, 0.000, 0.280, 48
train,    6703, 18.161763,   97, 0.01,   11, 0.000, 0.000, 0.280, 48
train,    6704, 17.576879,   95, 0.02,   12, 0.000, 0.000, 0.280, 48
train,    6705, 16.520677,   88, 0.05,   12, 0.000, 0.000, 0.280, 48
train,    6706, 17.557579,   92, 0.03,   11, 0.000, 0.000, 0.280, 48
train,    6707, 18.024336,   94, 0.03,   13, 0.000, 0.000, 0.280, 48
train,    6708, 16.870267,   95, 0.01,   11, 0.000, 0.000, 0.280, 48
train,    6709, 17.966789,   92, 0.03,   11, 0.000, 0.000, 0.280, 48
train,    6710, 17.751510,   95, 0.03,   12, 0.000, 0.000, 0.280, 48
train,    6711, 16.878730,   90, 0.04,   12, 0.000, 0.000, 0.280, 48
train,    6712, 17.155258,   94, 0.01,   11, 0.000, 0.000, 0.280, 48
train,    6713, 17.256421,   96, 0.04,   12, 0.000, 0.000, 0.280, 48
train,    6714, 18.258804,   98, 0.05,   12, 0.000, 0.000, 0.280, 48
train,    6715, 17.410943,   98, 0.02,   12, 0.000, 0.000, 0.280, 48
train,    6716, 16.543030,   92, 0.04,   13, 0.000, 0.000, 0.280, 48
train,    6717, 17.338893,   95, 0.03,   13, 0.000, 0.000, 0.280, 48
train,    6718, 18.073156,   95, 0.03,   11, 0.000, 0.000, 0.280, 48
train,    6719, 17.844719,   96, 0.04,   11, 0.000, 0.000, 0.280, 48
train,    6720, 17.485986,   96, 0.04,   13, 0.000, 0.000, 0.280, 48
train,    6721, 17.875991,   92, 0.05,   12, 0.000, 0.000, 0.280, 48
train,    6722, 16.492488,   94, 0.04,   12, 0.000, 0.000, 0.280, 48
train,    6723, 16.976810,   93, 0.03,   12, 0.000, 0.000, 0.280, 48
train,    6724, 19.204771,   90, 0.05,   11, 0.000, 0.000, 0.280, 48
train,    6725, 17.521745,   92, 0.04,   12, 0.000, 0.000, 0.280, 48
train,    6726, 16.431520,   92, 0.02,   12, 0.000, 0.000, 0.280, 48
train,    6727, 17.507498,   93, 0.02,   11, 0.000, 0.000, 0.280, 48
train,    6728, 17.097608,   93, 0.04,   13, 0.000, 0.000, 0.280, 48
train,    6729, 18.223431,   92, 0.03,   12, 0.000, 0.000, 0.280, 48
train,    6730, 17.792825,   92, 0.04,   12, 0.000, 0.000, 0.280, 48
train,    6731, 17.516961,   94, 0.03,   12, 0.000, 0.000, 0.280, 48
train,    6732, 17.750543,   97, 0.03,   12, 0.000, 0.000, 0.280, 48
train,    6733, 17.543435,   97, 0.00,   12, 0.000, 0.000, 0.280, 48
train,    6734, 17.602487,   96, 0.01,   11, 0.000, 0.000, 0.280, 48
train,    6735, 16.681699,   96, 0.05,   12, 0.000, 0.000, 0.280, 48
train,    6736, 17.201437,   91, 0.02,   12, 0.000, 0.000, 0.280, 48
train,    6737, 17.218384,   95, 0.03,   12, 0.000, 0.000, 0.280, 48
train,    6738, 17.435404,   89, 0.04,   12, 0.000, 0.000, 0.280, 48
train,    6739, 18.086741,   90, 0.05,   13, 0.000, 0.000, 0.280, 48
train,    6740, 17.488746,   95, 0.02,   11, 0.000, 0.000, 0.280, 48
train,    6741, 17.223015,   97, 0.04,   12, 0.000, 0.000, 0.280, 48
train,    6742, 17.147541,   96, 0.03,   11, 0.000, 0.000, 0.280, 48
train,    6743, 17.588609,   94, 0.03,   12, 0.000, 0.000, 0.280, 48
train,    6744, 17.266539,   99, 0.04,   12, 0.000, 0.000, 0.280, 48
train,    6745, 18.336133,   98, 0.03,   11, 0.000, 0.000, 0.280, 48
train,    6746, 17.232691,   91, 0.04,   11, 0.000, 0.000, 0.280, 48
train,    6747, 17.084529,   91, 0.04,   13, 0.000, 0.000, 0.280, 48
train,    6748, 16.425233,   94, 0.05,   12, 0.000, 0.000, 0.280, 48
train,    6749, 18.169513,   90, 0.02,   12, 0.000, 0.000, 0.280, 48
train,    6750, 17.307067,   91, 0.04,   12, 0.000, 0.000, 0.280, 48
train,    6751, 17.999098,   94, 0.03,   13, 0.000, 0.000, 0.280, 48
train,    6752, 17.360507,   97, 0.02,   11, 0.000, 0.000, 0.280, 48
train,    6753, 17.856833,   91, 0.02,   12, 0.000, 0.000, 0.280, 48
train,    6754, 16.634975,   95, 0.04,   13, 0.000, 0.000, 0.280, 48
train,    6755, 17.155316,   93, 0.04,   12, 0.000, 0.000, 0.280, 48
train,    6756, 17.699764,   90, 0.02,   12, 0.000, 0.000, 0.280, 48
train,    6757, 17.095675,   94, 0.02,   12, 0.000, 0.000, 0.280, 48
train,    6758, 17.108832,   92, 0.04,   11, 0.000, 0.000, 0.280, 48
train,    6759, 17.571791,   96, 0.04,   10, 0.000, 0.000, 0.280, 48
train,    6760, 17.639349,   96, 0.04,   13, 0.000, 0.000, 0.280, 48
train,    6761, 17.560400,   98, 0.05,   12, 0.000, 0.000, 0.280, 48
train,    6762, 17.252250,   92, 0.02,   11, 0.000, 0.000, 0.280, 48
train,    6763, 17.978654,   92, 0.04,   13, 0.000, 0.000, 0.280, 48
train,    6764, 17.279644,   92, 0.03,   13, 0.000, 0.000, 0.280, 48
train,    6765, 17.798703,   91, 0.02,   13, 0.000, 0.000, 0.280, 48
train,    6766, 17.844567,   92, 0.04,   12, 0.000, 0.000, 0.280, 48
train,    6767, 17.614037,   94, 0.03,   13, 0.000, 0.000, 0.280, 48
train,    6768, 17.129088,   93, 0.03,   12, 0.000, 0.000, 0.280, 48
train,    6769, 16.178128,   91, 0.03,   12, 0.000, 0.000, 0.280, 48
train,    6770, 17.096532,   97, 0.03,   13, 0.000, 0.000, 0.280, 48
train,    6771, 17.221433,   98, 0.04,   12, 0.000, 0.000, 0.280, 48
train,    6772, 18.129919,   95, 0.05,   13, 0.000, 0.000, 0.280, 48
train,    6773, 17.026935,   97, 0.04,   12, 0.000, 0.000, 0.280, 48
train,    6774, 17.850241,   99, 0.02,   11, 0.000, 0.000, 0.280, 48
train,    6775, 17.461863,   95, 0.04,   11, 0.000, 0.000, 0.280, 48
train,    6776, 17.077835,   97, 0.05,   13, 0.000, 0.000, 0.280, 48
train,    6777, 16.691796,   94, 0.02,   12, 0.000, 0.000, 0.280, 48
train,    6778, 18.091272,   95, 0.03,   11, 0.000, 0.000, 0.280, 48
train,    6779, 17.067726,   94, 0.04,   11, 0.000, 0.000, 0.280, 48
train,    6780, 17.356706,   91, 0.03,   12, 0.000, 0.000, 0.280, 48
train,    6781, 17.365015,   92, 0.02,   11, 0.000, 0.000, 0.280, 48
train,    6782, 16.918423,   92, 0.03,   12, 0.000, 0.000, 0.280, 48
train,    6783, 17.864426,   95, 0.03,   11, 0.000, 0.000, 0.280, 48
train,    6784, 17.774327,   92, 0.04,   12, 0.000, 0.000, 0.280, 48
train,    6785, 17.824961,   95, 0.02,   11, 0.000, 0.000, 0.280, 48
train,    6786, 17.371358,   91, 0.06,   12, 0.000, 0.000, 0.280, 48
train,    6787, 16.582601,   94, 0.02,   13, 0.000, 0.000, 0.280, 48
train,    6788, 16.950375,   98, 0.03,   12, 0.000, 0.000, 0.280, 48
train,    6789, 16.118031,   96, 0.02,   11, 0.000, 0.000, 0.280, 48
train,    6790, 16.668826,   99, 0.04,   12, 0.000, 0.000, 0.280, 48
train,    6791, 17.256982,   98, 0.03,   13, 0.000, 0.000, 0.280, 48
train,    6792, 16.920486,   98, 0.01,   13, 0.000, 0.000, 0.280, 48
train,    6793, 17.188191,   94, 0.03,   11, 0.000, 0.000, 0.280, 48
train,    6794, 16.487686,   91, 0.04,   11, 0.000, 0.000, 0.280, 48
train,    6795, 16.847301,   94, 0.04,   11, 0.000, 0.000, 0.280, 48
train,    6796, 17.402412,   95, 0.03,   11, 0.000, 0.000, 0.280, 48
train,    6797, 16.453030,   98, 0.01,   11, 0.000, 0.000, 0.280, 48
train,    6798, 17.133950,   97, 0.04,   11, 0.000, 0.000, 0.280, 48
train,    6799, 17.255136,   94, 0.02,   12, 0.000, 0.000, 0.280, 48
train,    6800, 16.654803,   92, 0.04,   13, 0.000, 0.000, 0.280, 48
update,   6800,   68, 6800, 18.616208, 0.000000
val_t, 6800, 6800, 14.641796, 0.0121,  89.0022,   0.0605, 0.9927,  28.1563, progress 0.9834
train,    6801, 16.284561,   91, 0.03,   13, 0.000, 0.000, 0.280, 48
train,    6802, 17.056769,   91, 0.02,   13, 0.000, 0.000, 0.280, 48
train,    6803, 16.854688,   99, 0.02,   13, 0.000, 0.000, 0.280, 48
train,    6804, 16.625272,   95, 0.03,   13, 0.000, 0.000, 0.280, 48
train,    6805, 17.004790,   95, 0.02,   12, 0.000, 0.000, 0.280, 48
train,    6806, 16.207514,   91, 0.03,   13, 0.000, 0.000, 0.280, 48
train,    6807, 16.806522,   92, 0.04,   12, 0.000, 0.000, 0.280, 48
train,    6808, 17.275867,   91, 0.02,   11, 0.000, 0.000, 0.280, 48
train,    6809, 17.068501,   93, 0.04,   12, 0.000, 0.000, 0.280, 48
train,    6810, 16.354766,   96, 0.03,   12, 0.000, 0.000, 0.280, 48
train,    6811, 16.725863,   92, 0.05,   12, 0.000, 0.000, 0.280, 48
train,    6812, 16.576659,   95, 0.03,   11, 0.000, 0.000, 0.280, 48
train,    6813, 16.470465,  100, 0.02,   11, 0.000, 0.000, 0.280, 48
train,    6814, 16.730889,   96, 0.02,   12, 0.000, 0.000, 0.280, 48
train,    6815, 17.178857,   96, 0.03,   12, 0.000, 0.000, 0.280, 48
train,    6816, 15.690953,   95, 0.03,   12, 0.000, 0.000, 0.280, 48
train,    6817, 16.111891,   93, 0.03,   12, 0.000, 0.000, 0.280, 48
train,    6818, 16.799347,   94, 0.03,   12, 0.000, 0.000, 0.280, 48
train,    6819, 17.402983,   97, 0.02,   12, 0.000, 0.000, 0.280, 48
train,    6820, 16.308919,   98, 0.03,   11, 0.000, 0.000, 0.280, 48
train,    6821, 16.651356,   89, 0.03,   11, 0.000, 0.000, 0.280, 48
train,    6822, 16.720023,   90, 0.04,   11, 0.000, 0.000, 0.280, 48
train,    6823, 16.101199,   95, 0.02,   11, 0.000, 0.000, 0.280, 48
train,    6824, 16.904827,   96, 0.02,   12, 0.000, 0.000, 0.280, 48
train,    6825, 16.557342,   96, 0.03,   12, 0.000, 0.000, 0.280, 48
train,    6826, 16.536605,   93, 0.03,   12, 0.000, 0.000, 0.280, 48
train,    6827, 16.099284,   91, 0.03,   11, 0.000, 0.000, 0.280, 48
train,    6828, 16.169028,   97, 0.03,   13, 0.000, 0.000, 0.280, 48
train,    6829, 16.080902,   93, 0.02,   12, 0.000, 0.000, 0.280, 48
train,    6830, 16.755645,   97, 0.05,   10, 0.000, 0.000, 0.280, 48
train,    6831, 16.102537,   95, 0.05,   13, 0.000, 0.000, 0.280, 48
train,    6832, 15.511387,   93, 0.02,   12, 0.000, 0.000, 0.280, 48
train,    6833, 16.618107,   94, 0.04,   12, 0.000, 0.000, 0.280, 48
train,    6834, 15.808227,   93, 0.02,   13, 0.000, 0.000, 0.280, 48
train,    6835, 15.980868,   94, 0.04,   11, 0.000, 0.000, 0.280, 48
train,    6836, 16.116055,   91, 0.03,   11, 0.000, 0.000, 0.280, 48
train,    6837, 15.429820,   95, 0.03,   12, 0.000, 0.000, 0.280, 48
train,    6838, 15.769989,   92, 0.02,   12, 0.000, 0.000, 0.280, 48
train,    6839, 15.374394,   91, 0.02,   12, 0.000, 0.000, 0.280, 48
train,    6840, 16.690019,   94, 0.02,   13, 0.000, 0.000, 0.280, 48
train,    6841, 16.586172,   98, 0.03,   11, 0.000, 0.000, 0.280, 48
train,    6842, 16.100200,   91, 0.03,   12, 0.000, 0.000, 0.280, 48
train,    6843, 15.804413,   97, 0.03,   13, 0.000, 0.000, 0.280, 48
train,    6844, 16.043114,   92, 0.01,   10, 0.000, 0.000, 0.280, 48
train,    6845, 16.097913,   95, 0.04,   12, 0.000, 0.000, 0.280, 48
train,    6846, 16.680516,   93, 0.03,   13, 0.000, 0.000, 0.280, 48
train,    6847, 16.792580,   92, 0.03,   12, 0.000, 0.000, 0.280, 48
train,    6848, 16.278711,   97, 0.01,   13, 0.000, 0.000, 0.280, 48
train,    6849, 16.168286,   95, 0.04,   11, 0.000, 0.000, 0.280, 48
train,    6850, 15.538411,   96, 0.03,   13, 0.000, 0.000, 0.280, 48
train,    6851, 16.441526,   95, 0.02,   13, 0.000, 0.000, 0.280, 48
train,    6852, 16.545029,   92, 0.05,   11, 0.000, 0.000, 0.280, 48
train,    6853, 15.642225,   98, 0.06,   12, 0.000, 0.000, 0.280, 48
train,    6854, 15.364724,   93, 0.03,   12, 0.000, 0.000, 0.280, 48
train,    6855, 15.726736,   92, 0.04,   11, 0.000, 0.000, 0.280, 48
train,    6856, 16.904106,   93, 0.04,   11, 0.000, 0.000, 0.280, 48
train,    6857, 16.779182,   95, 0.01,   12, 0.000, 0.000, 0.280, 48
train,    6858, 15.812005,   95, 0.03,   12, 0.000, 0.000, 0.280, 48
train,    6859, 15.840571,   92, 0.04,   11, 0.000, 0.000, 0.280, 48
train,    6860, 16.391350,   93, 0.03,   11, 0.000, 0.000, 0.280, 48
train,    6861, 15.842576,  100, 0.03,   12, 0.000, 0.000, 0.280, 48
train,    6862, 15.879064,   93, 0.01,   12, 0.000, 0.000, 0.280, 48
train,    6863, 16.397875,   97, 0.04,   12, 0.000, 0.000, 0.280, 48
train,    6864, 16.605560,   95, 0.05,   12, 0.000, 0.000, 0.280, 48
train,    6865, 16.096861,   92, 0.04,   11, 0.000, 0.000, 0.280, 48
train,    6866, 15.430618,   93, 0.05,   12, 0.000, 0.000, 0.280, 48
train,    6867, 15.927433,   95, 0.03,   11, 0.000, 0.000, 0.280, 48
train,    6868, 15.778811,   97, 0.03,   13, 0.000, 0.000, 0.280, 48
train,    6869, 15.381814,   97, 0.04,   12, 0.000, 0.000, 0.280, 48
train,    6870, 16.388982,   92, 0.01,   12, 0.000, 0.000, 0.280, 48
train,    6871, 16.038986,   92, 0.01,   12, 0.000, 0.000, 0.280, 48
train,    6872, 16.255964,   94, 0.03,   12, 0.000, 0.000, 0.280, 48
train,    6873, 14.746909,   94, 0.01,   13, 0.000, 0.000, 0.280, 48
train,    6874, 15.489780,   96, 0.03,   13, 0.000, 0.000, 0.280, 48
train,    6875, 15.847298,   93, 0.04,   11, 0.000, 0.000, 0.280, 48
train,    6876, 15.095993,   93, 0.02,   13, 0.000, 0.000, 0.280, 48
train,    6877, 14.834962,   98, 0.01,   10, 0.000, 0.000, 0.280, 48
train,    6878, 15.205090,   89, 0.03,   11, 0.000, 0.000, 0.280, 48
train,    6879, 14.926546,   95, 0.02,   12, 0.000, 0.000, 0.280, 48
train,    6880, 16.494850,   93, 0.02,   12, 0.000, 0.000, 0.280, 48
train,    6881, 15.645013,   93, 0.03,   12, 0.000, 0.000, 0.280, 48
train,    6882, 16.131022,   92, 0.03,   12, 0.000, 0.000, 0.280, 48
train,    6883, 15.242688,   96, 0.04,   13, 0.000, 0.000, 0.280, 48
train,    6884, 15.258526,   97, 0.04,   13, 0.000, 0.000, 0.280, 48
train,    6885, 15.284408,   90, 0.02,   10, 0.000, 0.000, 0.280, 48
train,    6886, 15.186677,   97, 0.05,   12, 0.000, 0.000, 0.280, 48
train,    6887, 16.125715,   97, 0.04,   11, 0.000, 0.000, 0.280, 48
train,    6888, 14.258099,   96, 0.03,   11, 0.000, 0.000, 0.280, 48
train,    6889, 15.228673,   96, 0.04,   12, 0.000, 0.000, 0.280, 48
train,    6890, 15.284182,   95, 0.03,   11, 0.000, 0.000, 0.280, 48
train,    6891, 15.240544,   90, 0.04,   12, 0.000, 0.000, 0.280, 48
train,    6892, 15.298171,   93, 0.01,   12, 0.000, 0.000, 0.280, 48
train,    6893, 15.265803,   95, 0.02,   12, 0.000, 0.000, 0.280, 48
train,    6894, 15.772679,   96, 0.03,   13, 0.000, 0.000, 0.280, 48
train,    6895, 15.764702,   95, 0.02,   12, 0.000, 0.000, 0.280, 48
train,    6896, 15.010042,   92, 0.02,   13, 0.000, 0.000, 0.280, 48
train,    6897, 15.373021,   89, 0.04,   13, 0.000, 0.000, 0.280, 48
train,    6898, 14.861625,   93, 0.02,   12, 0.000, 0.000, 0.280, 48
train,    6899, 14.404580,   93, 0.04,   11, 0.000, 0.000, 0.280, 48
train,    6900, 15.933239,   97, 0.03,   13, 0.000, 0.000, 0.280, 48
update,   6900,   69, 6900, 17.849549, 0.000000
val_t, 6900, 6900, 15.043164, 0.0131,  90.2629,   0.0714, 0.9806,  28.2484, progress 0.9671
train,    6901, 15.199089,   95, 0.02,   11, 0.000, 0.000, 0.280, 48
train,    6902, 15.257426,   95, 0.03,   12, 0.000, 0.000, 0.280, 48
train,    6903, 14.874303,   91, 0.06,   13, 0.000, 0.000, 0.280, 48
train,    6904, 14.145431,   93, 0.03,   11, 0.000, 0.000, 0.280, 48
train,    6905, 15.711221,   98, 0.01,   11, 0.000, 0.000, 0.280, 48
train,    6906, 15.578031,   92, 0.03,   11, 0.000, 0.000, 0.280, 48
train,    6907, 14.870511,   93, 0.02,   13, 0.000, 0.000, 0.280, 48
train,    6908, 15.947605,   96, 0.02,   12, 0.000, 0.000, 0.280, 48
train,    6909, 14.683396,   95, 0.01,   12, 0.000, 0.000, 0.280, 48
train,    6910, 14.820081,   98, 0.02,   12, 0.000, 0.000, 0.280, 48
train,    6911, 15.250173,   94, 0.05,   11, 0.000, 0.000, 0.280, 48
train,    6912, 14.085552,   94, 0.04,   12, 0.000, 0.000, 0.280, 48
train,    6913, 15.659042,   93, 0.03,   13, 0.000, 0.000, 0.280, 48
train,    6914, 14.408269,   97, 0.05,   11, 0.000, 0.000, 0.280, 48
train,    6915, 15.788685,   96, 0.02,   13, 0.000, 0.000, 0.280, 48
train,    6916, 15.061510,   95, 0.04,   12, 0.000, 0.000, 0.280, 48
train,    6917, 14.706424,   95, 0.02,   11, 0.000, 0.000, 0.280, 48
train,    6918, 14.916246,   90, 0.03,   12, 0.000, 0.000, 0.280, 48
train,    6919, 14.575609,   90, 0.03,   11, 0.000, 0.000, 0.280, 48
train,    6920, 14.749337,   95, 0.04,   11, 0.000, 0.000, 0.280, 48
train,    6921, 14.696987,   93, 0.04,   12, 0.000, 0.000, 0.280, 48
train,    6922, 15.467065,  100, 0.05,   13, 0.000, 0.000, 0.280, 48
train,    6923, 14.831219,   96, 0.04,   12, 0.000, 0.000, 0.280, 48
train,    6924, 15.167734,   93, 0.02,   11, 0.000, 0.000, 0.280, 48
train,    6925, 14.440272,   94, 0.05,   11, 0.000, 0.000, 0.280, 48
train,    6926, 15.466026,   96, 0.04,   12, 0.000, 0.000, 0.280, 48
train,    6927, 15.756506,   94, 0.04,   13, 0.000, 0.000, 0.280, 48
train,    6928, 14.125614,   94, 0.03,   12, 0.000, 0.000, 0.280, 48
train,    6929, 16.079748,   96, 0.02,   12, 0.000, 0.000, 0.280, 48
train,    6930, 15.080194,   95, 0.03,   12, 0.000, 0.000, 0.280, 48
train,    6931, 15.383828,   92, 0.01,   11, 0.000, 0.000, 0.280, 48
train,    6932, 14.982889,   97, 0.02,   11, 0.000, 0.000, 0.280, 48
train,    6933, 14.038236,   94, 0.02,   10, 0.000, 0.000, 0.280, 48
train,    6934, 15.775688,   91, 0.03,   13, 0.000, 0.000, 0.280, 48
train,    6935, 14.768272,   93, 0.02,   12, 0.000, 0.000, 0.280, 48
train,    6936, 14.987125,   95, 0.04,   12, 0.000, 0.000, 0.280, 48
train,    6937, 14.920444,   97, 0.02,   12, 0.000, 0.000, 0.280, 48
train,    6938, 15.641152,   92, 0.03,   11, 0.000, 0.000, 0.280, 48
train,    6939, 14.914014,   91, 0.04,   12, 0.000, 0.000, 0.280, 48
train,    6940, 15.327451,   92, 0.03,   12, 0.000, 0.000, 0.280, 48
train,    6941, 14.910302,   95, 0.03,   11, 0.000, 0.000, 0.280, 48
train,    6942, 14.775921,   96, 0.03,   11, 0.000, 0.000, 0.280, 48
train,    6943, 14.236995,   98, 0.04,   12, 0.000, 0.000, 0.280, 48
train,    6944, 15.918469,   95, 0.04,   11, 0.000, 0.000, 0.280, 48
train,    6945, 14.081647,   93, 0.04,   11, 0.000, 0.000, 0.280, 48
train,    6946, 14.317315,   93, 0.05,   11, 0.000, 0.000, 0.280, 48
train,    6947, 14.916826,   94, 0.02,   11, 0.000, 0.000, 0.280, 48
train,    6948, 14.563943,   93, 0.02,   10, 0.000, 0.000, 0.280, 48
train,    6949, 15.157004,   91, 0.04,   12, 0.000, 0.000, 0.280, 48
train,    6950, 13.953404,   93, 0.04,   11, 0.000, 0.000, 0.280, 48
train,    6951, 14.816507,   94, 0.02,   12, 0.000, 0.000, 0.280, 48
train,    6952, 13.552253,   92, 0.04,   11, 0.000, 0.000, 0.280, 48
train,    6953, 14.363528,   91, 0.05,   13, 0.000, 0.000, 0.280, 48
train,    6954, 15.034444,   91, 0.03,   12, 0.000, 0.000, 0.280, 48
train,    6955, 14.918721,   96, 0.04,   12, 0.000, 0.000, 0.280, 48
train,    6956, 14.753086,   93, 0.04,   12, 0.000, 0.000, 0.280, 48
train,    6957, 14.475871,   95, 0.04,   13, 0.000, 0.000, 0.280, 48
train,    6958, 14.506492,   95, 0.04,   11, 0.000, 0.000, 0.280, 48
train,    6959, 14.334360,   95, 0.02,   12, 0.000, 0.000, 0.280, 48
train,    6960, 14.711804,   97, 0.04,   12, 0.000, 0.000, 0.280, 48
train,    6961, 13.834702,   91, 0.02,   13, 0.000, 0.000, 0.280, 48
train,    6962, 13.947191,   94, 0.03,   12, 0.000, 0.000, 0.280, 48
train,    6963, 13.697890,   97, 0.03,   11, 0.000, 0.000, 0.280, 48
train,    6964, 15.070387,   93, 0.05,   12, 0.000, 0.000, 0.280, 48
train,    6965, 14.933730,   91, 0.03,   12, 0.000, 0.000, 0.280, 48
train,    6966, 14.475122,   94, 0.03,   11, 0.000, 0.000, 0.280, 48
train,    6967, 14.888703,   92, 0.03,   10, 0.000, 0.000, 0.280, 48
train,    6968, 14.402539,   90, 0.03,   13, 0.000, 0.000, 0.280, 48
train,    6969, 14.531165,   90, 0.04,   12, 0.000, 0.000, 0.280, 48
train,    6970, 14.914579,   95, 0.04,   11, 0.000, 0.000, 0.280, 48
train,    6971, 14.387536,   92, 0.03,   13, 0.000, 0.000, 0.280, 48
train,    6972, 14.934881,   93, 0.03,   12, 0.000, 0.000, 0.280, 48
train,    6973, 14.825819,   91, 0.04,   12, 0.000, 0.000, 0.280, 48
train,    6974, 14.997276,   94, 0.03,   12, 0.000, 0.000, 0.280, 48
train,    6975, 14.977505,   93, 0.02,   12, 0.000, 0.000, 0.280, 48
train,    6976, 14.687121,   90, 0.04,   13, 0.000, 0.000, 0.280, 48
train,    6977, 14.270580,   96, 0.02,   12, 0.000, 0.000, 0.280, 48
train,    6978, 14.784705,   90, 0.04,   11, 0.000, 0.000, 0.280, 48
train,    6979, 15.129453,   90, 0.05,   12, 0.000, 0.000, 0.280, 48
train,    6980, 15.742470,   93, 0.03,   12, 0.000, 0.000, 0.280, 48
train,    6981, 14.600332,   93, 0.01,   13, 0.000, 0.000, 0.280, 48
train,    6982, 14.186635,   95, 0.02,   11, 0.000, 0.000, 0.280, 48
train,    6983, 14.283145,   93, 0.04,   12, 0.000, 0.000, 0.280, 48
train,    6984, 15.193863,   97, 0.03,   12, 0.000, 0.000, 0.280, 48
train,    6985, 14.153250,   93, 0.01,   12, 0.000, 0.000, 0.280, 48
train,    6986, 14.195277,   97, 0.03,   14, 0.000, 0.000, 0.280, 48
train,    6987, 13.985356,   99, 0.03,   11, 0.000, 0.000, 0.280, 48
train,    6988, 14.323009,   97, 0.02,   11, 0.000, 0.000, 0.280, 48
train,    6989, 15.788329,   98, 0.03,   11, 0.000, 0.000, 0.280, 48
train,    6990, 14.836398,   92, 0.05,   12, 0.000, 0.000, 0.280, 48
train,    6991, 13.618407,   96, 0.04,   13, 0.000, 0.000, 0.280, 48
train,    6992, 14.005739,   98, 0.02,   11, 0.000, 0.000, 0.280, 48
train,    6993, 15.008343,   93, 0.03,   11, 0.000, 0.000, 0.280, 48
train,    6994, 14.425153,   94, 0.02,   12, 0.000, 0.000, 0.280, 48
train,    6995, 14.413665,   99, 0.04,   11, 0.000, 0.000, 0.280, 48
train,    6996, 15.414460,   96, 0.03,   12, 0.000, 0.000, 0.280, 48
train,    6997, 14.124742,   90, 0.02,   11, 0.000, 0.000, 0.280, 48
train,    6998, 15.238640,   93, 0.04,   13, 0.000, 0.000, 0.280, 48
train,    6999, 14.599021,   96, 0.03,   13, 0.000, 0.000, 0.280, 48
train,    7000, 14.468650,   92, 0.04,   12, 0.000, 0.000, 0.280, 48
update,   7000,   70, 7000, 16.836661, 0.000000
val_t, 7000, 7000, 16.886925, 0.0086,  87.0483,   0.0741, 0.9746,  28.3990, progress 0.9742
train,    7001, 15.548728,   93, 0.02,   13, 0.000, 0.000, 0.280, 48
train,    7002, 14.327095,   91, 0.02,   11, 0.000, 0.000, 0.280, 48
train,    7003, 15.337429,   93, 0.03,   12, 0.000, 0.000, 0.280, 48
train,    7004, 13.943832,   90, 0.01,   11, 0.000, 0.000, 0.280, 48
train,    7005, 13.784160,   88, 0.03,   12, 0.000, 0.000, 0.280, 48
train,    7006, 15.282152,   95, 0.03,   13, 0.000, 0.000, 0.280, 48
train,    7007, 14.823512,   93, 0.03,   12, 0.000, 0.000, 0.280, 48
train,    7008, 14.617135,   99, 0.04,   11, 0.000, 0.000, 0.280, 48
train,    7009, 14.042408,   94, 0.02,   13, 0.000, 0.000, 0.280, 48
train,    7010, 14.548639,   88, 0.02,   11, 0.000, 0.000, 0.280, 48
train,    7011, 14.248800,   92, 0.02,   12, 0.000, 0.000, 0.280, 48
train,    7012, 14.993648,   94, 0.03,   11, 0.000, 0.000, 0.280, 48
train,    7013, 15.217770,   94, 0.04,   12, 0.000, 0.000, 0.280, 48
train,    7014, 15.478666,   99, 0.03,   10, 0.000, 0.000, 0.280, 48
train,    7015, 15.144650,   94, 0.02,   12, 0.000, 0.000, 0.280, 48
train,    7016, 14.089299,   95, 0.03,   11, 0.000, 0.000, 0.280, 48
train,    7017, 14.602724,   91, 0.03,   13, 0.000, 0.000, 0.280, 48
train,    7018, 15.099527,   96, 0.03,   12, 0.000, 0.000, 0.280, 48
train,    7019, 15.289905,   90, 0.02,   11, 0.000, 0.000, 0.280, 48
train,    7020, 14.640477,   91, 0.01,   12, 0.000, 0.000, 0.280, 48
train,    7021, 14.962735,   96, 0.02,   12, 0.000, 0.000, 0.280, 48
train,    7022, 15.226693,   90, 0.02,   12, 0.000, 0.000, 0.280, 48
train,    7023, 14.984689,   97, 0.02,   13, 0.000, 0.000, 0.280, 48
train,    7024, 15.368258,   95, 0.02,   11, 0.000, 0.000, 0.280, 48
train,    7025, 14.253001,   93, 0.01,   12, 0.000, 0.000, 0.280, 48
train,    7026, 14.836583,   90, 0.03,   12, 0.000, 0.000, 0.280, 48
train,    7027, 14.587803,   94, 0.03,   12, 0.000, 0.000, 0.280, 48
train,    7028, 13.713720,   98, 0.03,   11, 0.000, 0.000, 0.280, 48
train,    7029, 15.174348,   94, 0.03,   11, 0.000, 0.000, 0.280, 48
train,    7030, 14.672929,   96, 0.02,   10, 0.000, 0.000, 0.280, 48
train,    7031, 15.437620,   89, 0.03,   11, 0.000, 0.000, 0.280, 48
train,    7032, 15.119468,   93, 0.01,   12, 0.000, 0.000, 0.280, 48
train,    7033, 14.614683,   98, 0.02,   13, 0.000, 0.000, 0.280, 48
train,    7034, 16.526167,   98, 0.03,   11, 0.000, 0.000, 0.280, 48
train,    7035, 15.769599,   91, 0.03,   13, 0.000, 0.000, 0.280, 48
train,    7036, 16.078121,   95, 0.04,   12, 0.000, 0.000, 0.280, 48
train,    7037, 14.837359,   99, 0.02,   11, 0.000, 0.000, 0.280, 48
train,    7038, 15.564916,   93, 0.02,   11, 0.000, 0.000, 0.280, 48
train,    7039, 14.646578,   97, 0.03,   11, 0.000, 0.000, 0.280, 48
train,    7040, 15.320846,   95, 0.03,   12, 0.000, 0.000, 0.280, 48
train,    7041, 15.692111,   95, 0.01,   13, 0.000, 0.000, 0.280, 48
train,    7042, 14.106524,   93, 0.03,   11, 0.000, 0.000, 0.280, 48
train,    7043, 15.517383,   93, 0.03,   12, 0.000, 0.000, 0.280, 48
train,    7044, 15.079515,   95, 0.02,   12, 0.000, 0.000, 0.280, 48
train,    7045, 15.165044,   96, 0.02,   11, 0.000, 0.000, 0.280, 48
train,    7046, 15.052613,   93, 0.04,   13, 0.000, 0.000, 0.280, 48
train,    7047, 14.773157,   94, 0.03,   13, 0.000, 0.000, 0.280, 48
train,    7048, 15.340942,   95, 0.05,   12, 0.000, 0.000, 0.280, 48
train,    7049, 15.561591,   96, 0.02,   12, 0.000, 0.000, 0.280, 48
train,    7050, 14.334392,   96, 0.02,   11, 0.000, 0.000, 0.280, 48
train,    7051, 15.244792,   96, 0.03,   12, 0.000, 0.000, 0.280, 48
train,    7052, 14.803792,   93, 0.03,   10, 0.000, 0.000, 0.280, 48
train,    7053, 14.023093,   90, 0.05,   12, 0.000, 0.000, 0.280, 48
train,    7054, 15.204815,   97, 0.03,   12, 0.000, 0.000, 0.280, 48
train,    7055, 14.770050,   92, 0.03,   12, 0.000, 0.000, 0.280, 48
train,    7056, 14.781393,   96, 0.03,   11, 0.000, 0.000, 0.280, 48
train,    7057, 14.872176,   92, 0.05,   12, 0.000, 0.000, 0.280, 48
train,    7058, 15.667836,   97, 0.03,   11, 0.000, 0.000, 0.280, 48
train,    7059, 15.674845,   94, 0.02,   13, 0.000, 0.000, 0.280, 48
train,    7060, 16.389388,   92, 0.02,   13, 0.000, 0.000, 0.280, 48
train,    7061, 15.254377,   95, 0.02,   11, 0.000, 0.000, 0.280, 48
train,    7062, 15.755191,   90, 0.04,   11, 0.000, 0.000, 0.280, 48
train,    7063, 15.193413,   97, 0.04,   12, 0.000, 0.000, 0.280, 48
train,    7064, 14.814743,   93, 0.02,   12, 0.000, 0.000, 0.280, 48
train,    7065, 14.620724,   93, 0.02,   12, 0.000, 0.000, 0.280, 48
train,    7066, 14.932321,   94, 0.03,   12, 0.000, 0.000, 0.280, 48
train,    7067, 15.583536,   94, 0.02,   14, 0.000, 0.000, 0.280, 48
train,    7068, 15.279645,   89, 0.01,   13, 0.000, 0.000, 0.280, 48
train,    7069, 14.641174,   94, 0.02,   13, 0.000, 0.000, 0.280, 48
train,    7070, 15.183290,   96, 0.03,   13, 0.000, 0.000, 0.280, 48
train,    7071, 15.101816,   93, 0.03,   11, 0.000, 0.000, 0.280, 48
train,    7072, 14.880933,   91, 0.03,   11, 0.000, 0.000, 0.280, 48
train,    7073, 15.077109,   91, 0.04,   12, 0.000, 0.000, 0.280, 48
train,    7074, 15.570739,   89, 0.04,   12, 0.000, 0.000, 0.280, 48
train,    7075, 14.788454,   96, 0.03,   12, 0.000, 0.000, 0.280, 48
train,    7076, 15.363681,   94, 0.02,   11, 0.000, 0.000, 0.280, 48
train,    7077, 15.618785,   96, 0.02,   10, 0.000, 0.000, 0.280, 48
train,    7078, 14.540406,   96, 0.05,   12, 0.000, 0.000, 0.280, 48
train,    7079, 15.546029,   92, 0.01,   13, 0.000, 0.000, 0.280, 48
train,    7080, 16.052846,   96, 0.03,   11, 0.000, 0.000, 0.280, 48
train,    7081, 14.766560,   92, 0.00,   12, 0.000, 0.000, 0.280, 48
train,    7082, 15.771308,   93, 0.03,   13, 0.000, 0.000, 0.280, 48
train,    7083, 14.239363,   91, 0.03,   12, 0.000, 0.000, 0.280, 48
train,    7084, 15.414083,   92, 0.04,   12, 0.000, 0.000, 0.280, 48
train,    7085, 14.843549,   96, 0.03,   11, 0.000, 0.000, 0.280, 48
train,    7086, 16.499730,   90, 0.02,   10, 0.000, 0.000, 0.280, 48
train,    7087, 16.030584,   92, 0.03,   12, 0.000, 0.000, 0.280, 48
train,    7088, 15.460742,   94, 0.03,   13, 0.000, 0.000, 0.280, 48
train,    7089, 16.032031,   90, 0.03,   13, 0.000, 0.000, 0.280, 48
train,    7090, 16.120434,   91, 0.03,   13, 0.000, 0.000, 0.280, 48
train,    7091, 15.919842,   93, 0.04,   11, 0.000, 0.000, 0.280, 48
train,    7092, 15.785674,   92, 0.04,   12, 0.000, 0.000, 0.280, 48
train,    7093, 16.638260,   95, 0.03,   13, 0.000, 0.000, 0.280, 48
train,    7094, 16.514316,   95, 0.04,   13, 0.000, 0.000, 0.280, 48
train,    7095, 15.508614,   95, 0.04,   11, 0.000, 0.000, 0.280, 48
train,    7096, 15.518062,   90, 0.04,   13, 0.000, 0.000, 0.280, 48
train,    7097, 16.127747,   97, 0.02,   12, 0.000, 0.000, 0.280, 48
train,    7098, 15.762113,   97, 0.03,   11, 0.000, 0.000, 0.280, 48
train,    7099, 15.180897,   95, 0.04,   11, 0.000, 0.000, 0.280, 48
train,    7100, 15.050607,   94, 0.03,   11, 0.000, 0.000, 0.280, 48
update,   7100,   71, 7100, 16.885144, 0.000000
val_t, 7100, 7100, 17.362236, 0.0249,  89.4809,   0.0724, 0.9802,  28.7775, progress 0.9736
train,    7101, 16.797685,   94, 0.02,   12, 0.000, 0.000, 0.280, 48
train,    7102, 15.187454,   96, 0.05,   13, 0.000, 0.000, 0.280, 48
train,    7103, 15.389621,   96, 0.02,   13, 0.000, 0.000, 0.280, 48
train,    7104, 16.079395,   96, 0.05,   13, 0.000, 0.000, 0.280, 48
train,    7105, 15.193486,   92, 0.03,   13, 0.000, 0.000, 0.280, 48
train,    7106, 16.539681,   94, 0.02,   12, 0.000, 0.000, 0.280, 48
train,    7107, 15.624341,   90, 0.03,   12, 0.000, 0.000, 0.280, 48
train,    7108, 15.245379,   99, 0.03,   11, 0.000, 0.000, 0.280, 48
train,    7109, 16.684381,   93, 0.04,   12, 0.000, 0.000, 0.280, 48
train,    7110, 16.091631,   97, 0.02,   12, 0.000, 0.000, 0.280, 48
train,    7111, 16.394124,   95, 0.03,   10, 0.000, 0.000, 0.280, 48
train,    7112, 15.006457,   92, 0.02,   13, 0.000, 0.000, 0.280, 48
train,    7113, 16.454502,   93, 0.03,   11, 0.000, 0.000, 0.280, 48
train,    7114, 16.564073,   90, 0.03,   12, 0.000, 0.000, 0.280, 48
train,    7115, 16.690268,   91, 0.04,   12, 0.000, 0.000, 0.280, 48
train,    7116, 15.629575,   89, 0.03,   13, 0.000, 0.000, 0.280, 48
train,    7117, 16.509095,   97, 0.03,   11, 0.000, 0.000, 0.280, 48
train,    7118, 15.218710,   87, 0.01,   11, 0.000, 0.000, 0.280, 48
train,    7119, 16.428226,   94, 0.06,   12, 0.000, 0.000, 0.280, 48
train,    7120, 16.953067,   98, 0.04,   11, 0.000, 0.000, 0.280, 48
train,    7121, 16.200066,   96, 0.03,   11, 0.000, 0.000, 0.280, 48
train,    7122, 16.457228,   99, 0.03,   12, 0.000, 0.000, 0.280, 48
train,    7123, 16.030156,   91, 0.03,   11, 0.000, 0.000, 0.280, 48
train,    7124, 16.393150,   95, 0.04,   13, 0.000, 0.000, 0.280, 48
train,    7125, 15.601841,   97, 0.04,   11, 0.000, 0.000, 0.280, 48
train,    7126, 15.926181,   96, 0.03,   11, 0.000, 0.000, 0.280, 48
train,    7127, 16.520039,   98, 0.02,   12, 0.000, 0.000, 0.280, 48
train,    7128, 16.521382,   94, 0.02,   12, 0.000, 0.000, 0.280, 48
train,    7129, 16.677597,   93, 0.03,   11, 0.000, 0.000, 0.280, 48
train,    7130, 16.274973,   90, 0.04,   12, 0.000, 0.000, 0.280, 48
train,    7131, 16.226991,   94, 0.02,   12, 0.000, 0.000, 0.280, 48
train,    7132, 16.380190,   93, 0.04,   11, 0.000, 0.000, 0.280, 48
train,    7133, 17.258312,   90, 0.03,   13, 0.000, 0.000, 0.280, 48
train,    7134, 16.694757,   96, 0.03,   12, 0.000, 0.000, 0.280, 48
train,    7135, 16.648398,   92, 0.02,   11, 0.000, 0.000, 0.280, 48
train,    7136, 16.890358,   91, 0.03,   12, 0.000, 0.000, 0.280, 48
train,    7137, 16.812183,   93, 0.03,   13, 0.000, 0.000, 0.280, 48
train,    7138, 17.104173,   97, 0.02,   12, 0.000, 0.000, 0.280, 48
train,    7139, 16.414622,   91, 0.04,   12, 0.000, 0.000, 0.280, 48
train,    7140, 17.041221,   92, 0.02,   13, 0.000, 0.000, 0.280, 48
train,    7141, 16.773854,   97, 0.03,   11, 0.000, 0.000, 0.280, 48
train,    7142, 16.510578,   92, 0.03,   11, 0.000, 0.000, 0.280, 48
train,    7143, 16.588089,   91, 0.03,   12, 0.000, 0.000, 0.280, 48
train,    7144, 16.707175,   89, 0.02,   13, 0.000, 0.000, 0.280, 48
train,    7145, 16.578258,   93, 0.02,   12, 0.000, 0.000, 0.280, 48
train,    7146, 15.679905,   96, 0.03,   12, 0.000, 0.000, 0.280, 48
train,    7147, 16.284527,   92, 0.03,   11, 0.000, 0.000, 0.280, 48
train,    7148, 16.192872,   92, 0.03,   13, 0.000, 0.000, 0.280, 48
train,    7149, 16.470504,   94, 0.03,   11, 0.000, 0.000, 0.280, 48
train,    7150, 17.244193,   89, 0.05,   12, 0.000, 0.000, 0.280, 48
train,    7151, 15.476928,   92, 0.03,   12, 0.000, 0.000, 0.280, 48
train,    7152, 16.563663,  100, 0.04,   12, 0.000, 0.000, 0.280, 48
train,    7153, 17.569052,   96, 0.02,   11, 0.000, 0.000, 0.280, 48
train,    7154, 16.948172,   98, 0.04,   11, 0.000, 0.000, 0.280, 48
train,    7155, 17.326292,   93, 0.05,   13, 0.000, 0.000, 0.280, 48
train,    7156, 16.471559,   93, 0.03,   13, 0.000, 0.000, 0.280, 48
train,    7157, 17.676920,   93, 0.05,   11, 0.000, 0.000, 0.280, 48
train,    7158, 16.975525,   90, 0.04,   13, 0.000, 0.000, 0.280, 48
train,    7159, 16.494360,   91, 0.03,   12, 0.000, 0.000, 0.280, 48
train,    7160, 16.747868,   96, 0.04,   12, 0.000, 0.000, 0.280, 48
train,    7161, 18.098584,   97, 0.03,   12, 0.000, 0.000, 0.280, 48
train,    7162, 17.752080,   91, 0.04,   11, 0.000, 0.000, 0.280, 48
train,    7163, 16.760422,   95, 0.04,   12, 0.000, 0.000, 0.280, 48
train,    7164, 17.816681,   94, 0.01,   11, 0.000, 0.000, 0.280, 48
train,    7165, 16.937777,   97, 0.02,   12, 0.000, 0.000, 0.280, 48
train,    7166, 17.148406,   98, 0.05,   12, 0.000, 0.000, 0.280, 48
train,    7167, 16.805783,   93, 0.04,   12, 0.000, 0.000, 0.280, 48
train,    7168, 17.198717,   95, 0.03,   13, 0.000, 0.000, 0.280, 48
train,    7169, 17.341417,   97, 0.03,   13, 0.000, 0.000, 0.280, 48
train,    7170, 17.611005,   92, 0.02,   11, 0.000, 0.000, 0.280, 48
train,    7171, 17.280306,   98, 0.03,   11, 0.000, 0.000, 0.280, 48
train,    7172, 16.418833,   96, 0.02,   13, 0.000, 0.000, 0.280, 48
train,    7173, 16.665872,   90, 0.03,   12, 0.000, 0.000, 0.280, 48
train,    7174, 17.562754,   93, 0.03,   11, 0.000, 0.000, 0.280, 48
train,    7175, 17.118949,   96, 0.03,   12, 0.000, 0.000, 0.280, 48
train,    7176, 17.667958,   93, 0.04,   13, 0.000, 0.000, 0.280, 48
train,    7177, 17.212190,   96, 0.01,   10, 0.000, 0.000, 0.280, 48
train,    7178, 17.140566,   93, 0.04,   10, 0.000, 0.000, 0.280, 48
train,    7179, 17.495866,   92, 0.02,   12, 0.000, 0.000, 0.280, 48
train,    7180, 16.365356,   94, 0.04,   12, 0.000, 0.000, 0.280, 48
train,    7181, 16.741318,   91, 0.04,   11, 0.000, 0.000, 0.280, 48
train,    7182, 17.428779,   89, 0.04,   12, 0.000, 0.000, 0.280, 48
train,    7183, 17.394798,   91, 0.04,   11, 0.000, 0.000, 0.280, 48
train,    7184, 17.937495,   94, 0.02,   12, 0.000, 0.000, 0.280, 48
train,    7185, 17.366931,   91, 0.04,   12, 0.000, 0.000, 0.280, 48
train,    7186, 16.961398,   94, 0.01,   13, 0.000, 0.000, 0.280, 48
train,    7187, 17.738966,   94, 0.03,   13, 0.000, 0.000, 0.280, 48
train,    7188, 16.864865,   95, 0.03,   12, 0.000, 0.000, 0.280, 48
train,    7189, 17.853557,   92, 0.02,   12, 0.000, 0.000, 0.280, 48
train,    7190, 17.362467,   97, 0.02,   11, 0.000, 0.000, 0.280, 48
train,    7191, 17.120652,   95, 0.04,   12, 0.000, 0.000, 0.280, 48
train,    7192, 17.633399,   90, 0.03,   12, 0.000, 0.000, 0.280, 48
train,    7193, 17.939809,   95, 0.03,   12, 0.000, 0.000, 0.280, 48
train,    7194, 17.009489,   96, 0.02,   11, 0.000, 0.000, 0.280, 48
train,    7195, 17.181658,   96, 0.01,    9, 0.000, 0.000, 0.280, 48
train,    7196, 17.539666,   98, 0.06,   11, 0.000, 0.000, 0.280, 48
train,    7197, 17.718235,   92, 0.04,   11, 0.000, 0.000, 0.280, 48
train,    7198, 17.711357,   98, 0.01,   13, 0.000, 0.000, 0.280, 48
train,    7199, 16.715923,   93, 0.05,   11, 0.000, 0.000, 0.280, 48
train,    7200, 18.398235,   90, 0.03,   12, 0.000, 0.000, 0.280, 48
update,   7200,   72, 7200, 17.138143, 0.000000
val_t, 7200, 7200, 17.912076, 0.0090,  94.0814,   0.0762, 0.9897,  28.8546, progress 0.9826
train,    7201, 17.836672,   95, 0.05,   12, 0.000, 0.000, 0.280, 48
train,    7202, 17.655936,   94, 0.03,   12, 0.000, 0.000, 0.280, 48
train,    7203, 18.183301,   95, 0.03,   13, 0.000, 0.000, 0.280, 48
train,    7204, 17.116818,   95, 0.04,   11, 0.000, 0.000, 0.280, 48
train,    7205, 18.112661,   95, 0.04,   12, 0.000, 0.000, 0.280, 48
train,    7206, 17.637235,   94, 0.05,   12, 0.000, 0.000, 0.280, 48
train,    7207, 18.102421,   96, 0.04,   13, 0.000, 0.000, 0.280, 48
train,    7208, 17.601564,   94, 0.02,   13, 0.000, 0.000, 0.280, 48
train,    7209, 17.683904,   92, 0.05,   11, 0.000, 0.000, 0.280, 48
train,    7210, 17.167033,   97, 0.04,   11, 0.000, 0.000, 0.280, 48
train,    7211, 17.450785,   94, 0.03,   12, 0.000, 0.000, 0.280, 48
train,    7212, 18.342656,   98, 0.03,   11, 0.000, 0.000, 0.280, 48
train,    7213, 18.295450,   99, 0.03,   13, 0.000, 0.000, 0.280, 48
train,    7214, 17.696604,   99, 0.03,   12, 0.000, 0.000, 0.280, 48
train,    7215, 17.838818,   94, 0.03,   11, 0.000, 0.000, 0.280, 48
train,    7216, 17.640079,   95, 0.03,   12, 0.000, 0.000, 0.280, 48
train,    7217, 17.829231,   93, 0.00,   13, 0.000, 0.000, 0.280, 48
train,    7218, 18.293499,   92, 0.04,   13, 0.000, 0.000, 0.280, 48
train,    7219, 17.537460,   94, 0.01,   12, 0.000, 0.000, 0.280, 48
train,    7220, 18.032999,   94, 0.04,   13, 0.000, 0.000, 0.280, 48
train,    7221, 16.711476,   94, 0.04,   12, 0.000, 0.000, 0.280, 48
train,    7222, 17.707706,   97, 0.03,   12, 0.000, 0.000, 0.280, 48
train,    7223, 18.489129,   95, 0.01,   11, 0.000, 0.000, 0.280, 48
train,    7224, 17.501287,   90, 0.02,   12, 0.000, 0.000, 0.280, 48
train,    7225, 18.092015,   97, 0.02,   12, 0.000, 0.000, 0.280, 48
train,    7226, 18.621480,   98, 0.03,   11, 0.000, 0.000, 0.280, 48
train,    7227, 18.702941,   97, 0.05,   11, 0.000, 0.000, 0.280, 48
train,    7228, 18.720947,   93, 0.03,   12, 0.000, 0.000, 0.280, 48
train,    7229, 17.903158,   91, 0.04,   12, 0.000, 0.000, 0.280, 48
train,    7230, 18.314754,   94, 0.03,   13, 0.000, 0.000, 0.280, 48
train,    7231, 18.063105,   95, 0.04,   11, 0.000, 0.000, 0.280, 48
train,    7232, 18.899672,   97, 0.03,   12, 0.000, 0.000, 0.280, 48
train,    7233, 18.116570,   92, 0.02,   11, 0.000, 0.000, 0.280, 48
train,    7234, 17.711798,   96, 0.04,   13, 0.000, 0.000, 0.280, 48
train,    7235, 18.550195,   96, 0.03,   11, 0.000, 0.000, 0.280, 48
train,    7236, 17.717709,   95, 0.03,   12, 0.000, 0.000, 0.280, 48
train,    7237, 17.913218,   95, 0.04,   12, 0.000, 0.000, 0.280, 48
train,    7238, 18.208934,   93, 0.02,   13, 0.000, 0.000, 0.280, 48
train,    7239, 18.087211,   93, 0.03,   13, 0.000, 0.000, 0.280, 48
train,    7240, 18.967869,   96, 0.03,   13, 0.000, 0.000, 0.280, 48
train,    7241, 18.235496,   95, 0.04,   12, 0.000, 0.000, 0.280, 48
train,    7242, 17.570010,   97, 0.04,   11, 0.000, 0.000, 0.280, 48
train,    7243, 17.289524,   90, 0.03,   12, 0.000, 0.000, 0.280, 48
train,    7244, 17.615560,   97, 0.05,   12, 0.000, 0.000, 0.280, 48
train,    7245, 18.074828,   92, 0.04,   12, 0.000, 0.000, 0.280, 48
train,    7246, 18.630077,   97, 0.06,   13, 0.000, 0.000, 0.280, 48
train,    7247, 18.488581,   92, 0.03,   11, 0.000, 0.000, 0.280, 48
train,    7248, 18.429504,   95, 0.01,   10, 0.000, 0.000, 0.280, 48
train,    7249, 17.696798,   95, 0.02,   11, 0.000, 0.000, 0.280, 48
train,    7250, 18.475680,   92, 0.03,   11, 0.000, 0.000, 0.280, 48
train,    7251, 18.233367,   94, 0.03,   12, 0.000, 0.000, 0.280, 48
train,    7252, 17.639516,   93, 0.03,   12, 0.000, 0.000, 0.280, 48
train,    7253, 17.871532,   92, 0.05,   12, 0.000, 0.000, 0.280, 48
train,    7254, 18.519906,  100, 0.03,   12, 0.000, 0.000, 0.280, 48
train,    7255, 17.922887,   97, 0.04,   12, 0.000, 0.000, 0.280, 48
train,    7256, 18.709430,   91, 0.03,   12, 0.000, 0.000, 0.280, 48
train,    7257, 19.110404,   93, 0.02,   12, 0.000, 0.000, 0.280, 48
train,    7258, 18.389511,   94, 0.04,   12, 0.000, 0.000, 0.280, 48
train,    7259, 19.298404,   97, 0.01,   13, 0.000, 0.000, 0.280, 48
train,    7260, 18.652041,   98, 0.05,   12, 0.000, 0.000, 0.280, 48
train,    7261, 17.672527,   91, 0.03,   13, 0.000, 0.000, 0.280, 48
train,    7262, 18.382793,   93, 0.04,   13, 0.000, 0.000, 0.280, 48
train,    7263, 18.676698,   94, 0.03,   13, 0.000, 0.000, 0.280, 48
train,    7264, 17.742090,   96, 0.05,   12, 0.000, 0.000, 0.280, 48
train,    7265, 18.979013,   96, 0.02,   11, 0.000, 0.000, 0.280, 48
train,    7266, 19.082545,   93, 0.02,   12, 0.000, 0.000, 0.280, 48
train,    7267, 18.957817,   96, 0.02,   12, 0.000, 0.000, 0.280, 48
train,    7268, 18.824572,   99, 0.03,   13, 0.000, 0.000, 0.280, 48
train,    7269, 18.269098,   96, 0.03,   10, 0.000, 0.000, 0.280, 48
train,    7270, 18.248444,   95, 0.02,   13, 0.000, 0.000, 0.280, 48
train,    7271, 17.723233,   94, 0.03,   11, 0.000, 0.000, 0.280, 48
train,    7272, 17.571632,   93, 0.03,   11, 0.000, 0.000, 0.280, 48
train,    7273, 18.176658,   95, 0.05,   11, 0.000, 0.000, 0.280, 48
train,    7274, 18.485542,   98, 0.03,   11, 0.000, 0.000, 0.280, 48
train,    7275, 19.028070,   92, 0.02,   13, 0.000, 0.000, 0.280, 48
train,    7276, 18.171189,   94, 0.03,   10, 0.000, 0.000, 0.280, 48
train,    7277, 18.166992,   92, 0.03,   12, 0.000, 0.000, 0.280, 48
train,    7278, 17.787466,   95, 0.04,   12, 0.000, 0.000, 0.280, 48
train,    7279, 18.423233,   97, 0.03,   12, 0.000, 0.000, 0.280, 48
train,    7280, 18.305883,   94, 0.04,   12, 0.000, 0.000, 0.280, 48
train,    7281, 18.031630,   96, 0.05,   12, 0.000, 0.000, 0.280, 48
train,    7282, 17.881586,   94, 0.02,   12, 0.000, 0.000, 0.280, 48
train,    7283, 19.094403,   96, 0.04,   13, 0.000, 0.000, 0.280, 48
train,    7284, 18.556289,   97, 0.04,   13, 0.000, 0.000, 0.280, 48
train,    7285, 18.509171,   91, 0.03,   12, 0.000, 0.000, 0.280, 48
train,    7286, 18.874642,   94, 0.04,   11, 0.000, 0.000, 0.280, 48
train,    7287, 17.509207,   93, 0.04,   12, 0.000, 0.000, 0.280, 48
train,    7288, 18.671153,   93, 0.04,   11, 0.000, 0.000, 0.280, 48
train,    7289, 18.457216,   95, 0.02,   12, 0.000, 0.000, 0.280, 48
train,    7290, 18.786923,   94, 0.04,   13, 0.000, 0.000, 0.280, 48
train,    7291, 19.267808,   97, 0.03,   13, 0.000, 0.000, 0.280, 48
train,    7292, 18.374140,   95, 0.03,   13, 0.000, 0.000, 0.280, 48
train,    7293, 18.320818,   94, 0.03,   11, 0.000, 0.000, 0.280, 48
train,    7294, 17.465900,   94, 0.03,   11, 0.000, 0.000, 0.280, 48
train,    7295, 18.604439,  100, 0.05,   12, 0.000, 0.000, 0.280, 48
train,    7296, 18.726199,   96, 0.04,   12, 0.000, 0.000, 0.280, 48
train,    7297, 17.982574,   98, 0.03,   11, 0.000, 0.000, 0.280, 48
train,    7298, 18.644693,   99, 0.02,   12, 0.000, 0.000, 0.280, 48
train,    7299, 18.916312,   96, 0.04,   12, 0.000, 0.000, 0.280, 48
train,    7300, 19.078616,   95, 0.02,   12, 0.000, 0.000, 0.280, 48
update,   7300,   73, 7300, 17.245268, 0.000000
val_t, 7300, 7300, 16.731156, 0.0175,  88.9948,   0.0548, 0.9805,  28.8034, progress 0.9800
train,    7301, 18.354162,   94, 0.03,   14, 0.000, 0.000, 0.280, 48
train,    7302, 18.342217,   94, 0.03,   11, 0.000, 0.000, 0.280, 48
train,    7303, 19.562232,   93, 0.03,   12, 0.000, 0.000, 0.280, 48
train,    7304, 18.110850,   91, 0.03,   12, 0.000, 0.000, 0.280, 48
train,    7305, 18.445140,   97, 0.03,   12, 0.000, 0.000, 0.280, 48
train,    7306, 19.030921,   97, 0.04,   13, 0.000, 0.000, 0.280, 48
train,    7307, 18.770714,   95, 0.02,   12, 0.000, 0.000, 0.280, 48
train,    7308, 18.475616,   95, 0.03,   11, 0.000, 0.000, 0.280, 48
train,    7309, 17.836680,   96, 0.02,   13, 0.000, 0.000, 0.280, 48
train,    7310, 18.345350,   88, 0.03,   12, 0.000, 0.000, 0.280, 48
train,    7311, 18.304024,   94, 0.04,   12, 0.000, 0.000, 0.280, 48
train,    7312, 18.135358,   95, 0.03,   11, 0.000, 0.000, 0.280, 48
train,    7313, 18.675373,   95, 0.03,   13, 0.000, 0.000, 0.280, 48
train,    7314, 19.284789,   97, 0.03,   11, 0.000, 0.000, 0.280, 48
train,    7315, 18.090994,   93, 0.04,   12, 0.000, 0.000, 0.280, 48
train,    7316, 18.041638,   96, 0.04,   12, 0.000, 0.000, 0.280, 48
train,    7317, 17.747579,   93, 0.05,   11, 0.000, 0.000, 0.280, 48
train,    7318, 17.302441,   96, 0.03,   12, 0.000, 0.000, 0.280, 48
train,    7319, 18.821657,   91, 0.03,   12, 0.000, 0.000, 0.280, 48
train,    7320, 18.507092,   95, 0.02,   12, 0.000, 0.000, 0.280, 48
train,    7321, 18.933196,   95, 0.05,   11, 0.000, 0.000, 0.280, 48
train,    7322, 18.531067,   91, 0.03,   12, 0.000, 0.000, 0.280, 48
train,    7323, 18.183581,   92, 0.02,   12, 0.000, 0.000, 0.280, 48
train,    7324, 19.019865,   93, 0.04,   13, 0.000, 0.000, 0.280, 48
train,    7325, 18.396909,   94, 0.03,   12, 0.000, 0.000, 0.280, 48
train,    7326, 18.513381,   98, 0.02,   13, 0.000, 0.000, 0.280, 48
train,    7327, 18.235736,   93, 0.04,   13, 0.000, 0.000, 0.280, 48
train,    7328, 18.645974,   93, 0.04,   12, 0.000, 0.000, 0.280, 48
train,    7329, 18.351510,   93, 0.03,   12, 0.000, 0.000, 0.280, 48
train,    7330, 18.659329,   92, 0.04,   13, 0.000, 0.000, 0.280, 48
train,    7331, 18.635453,   90, 0.01,   13, 0.000, 0.000, 0.280, 48
train,    7332, 18.737489,   92, 0.04,   11, 0.000, 0.000, 0.280, 48
train,    7333, 17.855522,   93, 0.03,   11, 0.000, 0.000, 0.280, 48
train,    7334, 17.939862,   96, 0.03,   12, 0.000, 0.000, 0.280, 48
train,    7335, 17.458151,   91, 0.02,   12, 0.000, 0.000, 0.280, 48
train,    7336, 18.222265,   91, 0.03,   12, 0.000, 0.000, 0.280, 48
train,    7337, 18.895240,   96, 0.03,   12, 0.000, 0.000, 0.280, 48
train,    7338, 18.385054,   94, 0.04,   12, 0.000, 0.000, 0.280, 48
train,    7339, 18.047280,   94, 0.03,   12, 0.000, 0.000, 0.280, 48
train,    7340, 18.571130,   91, 0.04,   13, 0.000, 0.000, 0.280, 48
train,    7341, 18.622310,   95, 0.02,   12, 0.000, 0.000, 0.280, 48
train,    7342, 18.332251,   95, 0.04,   13, 0.000, 0.000, 0.280, 48
train,    7343, 18.118861,   94, 0.02,   12, 0.000, 0.000, 0.280, 48
train,    7344, 18.321975,   93, 0.03,   12, 0.000, 0.000, 0.280, 48
train,    7345, 18.740876,   93, 0.03,   13, 0.000, 0.000, 0.280, 48
train,    7346, 18.131741,   96, 0.02,   12, 0.000, 0.000, 0.280, 48
train,    7347, 17.841315,   99, 0.03,   13, 0.000, 0.000, 0.280, 48
train,    7348, 18.261322,   96, 0.02,   12, 0.000, 0.000, 0.280, 48
train,    7349, 17.842803,   98, 0.03,   12, 0.000, 0.000, 0.280, 48
train,    7350, 18.392926,   95, 0.04,   12, 0.000, 0.000, 0.280, 48
train,    7351, 17.520206,   96, 0.04,   13, 0.000, 0.000, 0.280, 48
train,    7352, 18.713638,   95, 0.03,   13, 0.000, 0.000, 0.280, 48
train,    7353, 17.768971,   90, 0.03,   11, 0.000, 0.000, 0.280, 48
train,    7354, 17.948997,   98, 0.04,   12, 0.000, 0.000, 0.280, 48
train,    7355, 17.651453,   94, 0.04,   13, 0.000, 0.000, 0.280, 48
train,    7356, 17.705300,   92, 0.03,   12, 0.000, 0.000, 0.280, 48
train,    7357, 18.560926,   98, 0.04,   11, 0.000, 0.000, 0.280, 48
train,    7358, 17.861906,   97, 0.04,   12, 0.000, 0.000, 0.280, 48
train,    7359, 18.093146,   91, 0.03,   11, 0.000, 0.000, 0.280, 48
train,    7360, 18.373825,   90, 0.02,   11, 0.000, 0.000, 0.280, 48
train,    7361, 17.837402,   93, 0.03,   10, 0.000, 0.000, 0.280, 48
train,    7362, 18.227933,   98, 0.03,   12, 0.000, 0.000, 0.280, 48
train,    7363, 18.119978,   94, 0.03,   13, 0.000, 0.000, 0.280, 48
train,    7364, 18.059090,   92, 0.03,   13, 0.000, 0.000, 0.280, 48
train,    7365, 17.668269,   94, 0.02,   12, 0.000, 0.000, 0.280, 48
train,    7366, 17.500889,   91, 0.04,   11, 0.000, 0.000, 0.280, 48
train,    7367, 16.945004,   95, 0.04,   11, 0.000, 0.000, 0.280, 48
train,    7368, 17.932631,   98, 0.00,   13, 0.000, 0.000, 0.280, 48
train,    7369, 18.128973,   93, 0.04,   12, 0.000, 0.000, 0.280, 48
train,    7370, 17.674760,   92, 0.04,   11, 0.000, 0.000, 0.280, 48
train,    7371, 17.970881,   94, 0.03,   11, 0.000, 0.000, 0.280, 48
train,    7372, 18.349708,   97, 0.02,   12, 0.000, 0.000, 0.280, 48
train,    7373, 17.508966,   96, 0.04,   12, 0.000, 0.000, 0.280, 48
train,    7374, 18.186554,   92, 0.04,   13, 0.000, 0.000, 0.280, 48
train,    7375, 17.325417,   94, 0.03,   12, 0.000, 0.000, 0.280, 48
train,    7376, 17.346588,   95, 0.03,   12, 0.000, 0.000, 0.280, 48
train,    7377, 17.804690,   91, 0.06,   13, 0.000, 0.000, 0.280, 48
train,    7378, 18.424853,   96, 0.03,   11, 0.000, 0.000, 0.280, 48
train,    7379, 17.829974,   93, 0.03,   11, 0.000, 0.000, 0.280, 48
train,    7380, 17.952777,   96, 0.04,   11, 0.000, 0.000, 0.280, 48
train,    7381, 17.214499,   96, 0.03,   11, 0.000, 0.000, 0.280, 48
train,    7382, 17.486083,   93, 0.04,   12, 0.000, 0.000, 0.280, 48
train,    7383, 17.659869,   91, 0.03,   12, 0.000, 0.000, 0.280, 48
train,    7384, 17.886006,   95, 0.02,   13, 0.000, 0.000, 0.280, 48
train,    7385, 17.507961,   96, 0.04,   11, 0.000, 0.000, 0.280, 48
train,    7386, 16.721093,   96, 0.03,   11, 0.000, 0.000, 0.280, 48
train,    7387, 17.100967,   96, 0.02,   11, 0.000, 0.000, 0.280, 48
train,    7388, 17.685967,   90, 0.05,   13, 0.000, 0.000, 0.280, 48
train,    7389, 17.846117,   97, 0.03,   13, 0.000, 0.000, 0.280, 48
train,    7390, 17.268222,   94, 0.03,   12, 0.000, 0.000, 0.280, 48
train,    7391, 17.582232,   92, 0.02,   13, 0.000, 0.000, 0.280, 48
train,    7392, 17.770971,   92, 0.03,   12, 0.000, 0.000, 0.280, 48
train,    7393, 18.227645,   93, 0.03,   12, 0.000, 0.000, 0.280, 48
train,    7394, 17.183790,   91, 0.03,   11, 0.000, 0.000, 0.280, 48
train,    7395, 17.187824,   94, 0.03,   12, 0.000, 0.000, 0.280, 48
train,    7396, 18.400059,  100, 0.02,   12, 0.000, 0.000, 0.280, 48
train,    7397, 17.497525,   95, 0.01,   11, 0.000, 0.000, 0.280, 48
train,    7398, 16.956854,   94, 0.01,   11, 0.000, 0.000, 0.280, 48
train,    7399, 17.970081,   95, 0.03,   11, 0.000, 0.000, 0.280, 48
train,    7400, 17.545979,   95, 0.02,   14, 0.000, 0.000, 0.280, 48
update,   7400,   74, 7400, 18.096846, 0.000000
val_t, 7400, 7400, 16.643351, 0.0132,  91.5953,   0.0622, 0.9871,  28.9874, progress 0.9881
train,    7401, 18.057719,   97, 0.04,   12, 0.000, 0.000, 0.280, 48
train,    7402, 17.808292,   91, 0.04,   12, 0.000, 0.000, 0.280, 48
train,    7403, 17.716029,   93, 0.05,   11, 0.000, 0.000, 0.280, 48
train,    7404, 17.834821,   97, 0.04,   12, 0.000, 0.000, 0.280, 48
train,    7405, 16.795030,   97, 0.01,   11, 0.000, 0.000, 0.280, 48
train,    7406, 17.179507,   94, 0.03,   11, 0.000, 0.000, 0.280, 48
train,    7407, 17.198328,   90, 0.03,   13, 0.000, 0.000, 0.280, 48
train,    7408, 18.073720,   96, 0.02,   11, 0.000, 0.000, 0.280, 48
train,    7409, 18.394429,   94, 0.04,   12, 0.000, 0.000, 0.280, 48
train,    7410, 17.905263,   94, 0.04,   12, 0.000, 0.000, 0.280, 48
train,    7411, 17.810816,   94, 0.04,   12, 0.000, 0.000, 0.280, 48
train,    7412, 16.576234,   91, 0.05,   13, 0.000, 0.000, 0.280, 48
train,    7413, 17.936532,   98, 0.02,   13, 0.000, 0.000, 0.280, 48
train,    7414, 17.475013,   97, 0.05,   13, 0.000, 0.000, 0.280, 48
train,    7415, 16.787915,   95, 0.04,   11, 0.000, 0.000, 0.280, 48
train,    7416, 18.012577,   95, 0.02,   12, 0.000, 0.000, 0.280, 48
train,    7417, 18.022863,   91, 0.03,   11, 0.000, 0.000, 0.280, 48
train,    7418, 17.044774,   90, 0.02,   12, 0.000, 0.000, 0.280, 48
train,    7419, 17.120780,   97, 0.03,   12, 0.000, 0.000, 0.280, 48
train,    7420, 17.281041,   98, 0.04,   11, 0.000, 0.000, 0.280, 48
train,    7421, 17.612865,   93, 0.04,   12, 0.000, 0.000, 0.280, 48
train,    7422, 17.084254,   99, 0.03,   12, 0.000, 0.000, 0.280, 48
train,    7423, 17.128770,   92, 0.04,   12, 0.000, 0.000, 0.280, 48
train,    7424, 17.530753,   92, 0.03,   13, 0.000, 0.000, 0.280, 48
train,    7425, 17.671683,   90, 0.03,   11, 0.000, 0.000, 0.280, 48
train,    7426, 17.715323,   92, 0.02,   13, 0.000, 0.000, 0.280, 48
train,    7427, 17.056225,   92, 0.02,   11, 0.000, 0.000, 0.280, 48
train,    7428, 16.848956,   95, 0.03,   12, 0.000, 0.000, 0.280, 48
train,    7429, 17.446153,   91, 0.04,   12, 0.000, 0.000, 0.280, 48
train,    7430, 17.179576,   95, 0.04,   11, 0.000, 0.000, 0.280, 48
train,    7431, 17.100675,   91, 0.03,   12, 0.000, 0.000, 0.280, 48
train,    7432, 17.393228,   96, 0.03,   13, 0.000, 0.000, 0.280, 48
train,    7433, 17.180365,   93, 0.04,   10, 0.000, 0.000, 0.280, 48
train,    7434, 16.842755,   92, 0.01,   11, 0.000, 0.000, 0.280, 48
train,    7435, 16.953452,   97, 0.03,   11, 0.000, 0.000, 0.280, 48
train,    7436, 16.921524,   97, 0.04,   13, 0.000, 0.000, 0.280, 48
train,    7437, 17.101812,   90, 0.04,   13, 0.000, 0.000, 0.280, 48
train,    7438, 16.436731,   93, 0.04,   12, 0.000, 0.000, 0.280, 48
train,    7439, 17.801500,   91, 0.03,   10, 0.000, 0.000, 0.280, 48
train,    7440, 18.117377,   94, 0.04,   12, 0.000, 0.000, 0.280, 48
train,    7441, 16.570317,   93, 0.04,   11, 0.000, 0.000, 0.280, 48
train,    7442, 16.314836,   92, 0.05,   12, 0.000, 0.000, 0.280, 48
train,    7443, 17.017289,   95, 0.02,   12, 0.000, 0.000, 0.280, 48
train,    7444, 16.753287,   93, 0.04,   10, 0.000, 0.000, 0.280, 48
train,    7445, 18.007010,   97, 0.02,   12, 0.000, 0.000, 0.280, 48
train,    7446, 17.667591,   95, 0.02,   12, 0.000, 0.000, 0.280, 48
train,    7447, 16.913143,   97, 0.04,   12, 0.000, 0.000, 0.280, 48
train,    7448, 16.949367,   91, 0.02,   11, 0.000, 0.000, 0.280, 48
train,    7449, 16.977003,   92, 0.03,   12, 0.000, 0.000, 0.280, 48
train,    7450, 16.711205,   90, 0.03,   12, 0.000, 0.000, 0.280, 48
train,    7451, 17.258126,   95, 0.01,   11, 0.000, 0.000, 0.280, 48
train,    7452, 16.550656,   92, 0.02,   12, 0.000, 0.000, 0.280, 48
train,    7453, 16.444551,   91, 0.04,   11, 0.000, 0.000, 0.280, 48
train,    7454, 16.483487,   95, 0.01,   12, 0.000, 0.000, 0.280, 48
train,    7455, 16.737678,   95, 0.05,   12, 0.000, 0.000, 0.280, 48
train,    7456, 17.611165,   99, 0.04,   12, 0.000, 0.000, 0.280, 48
train,    7457, 16.860209,   90, 0.04,   12, 0.000, 0.000, 0.280, 48
train,    7458, 16.466605,   93, 0.05,   11, 0.000, 0.000, 0.280, 48
train,    7459, 16.977542,   95, 0.03,   11, 0.000, 0.000, 0.280, 48
train,    7460, 16.461294,   97, 0.04,   11, 0.000, 0.000, 0.280, 48
train,    7461, 16.613479,   92, 0.02,   12, 0.000, 0.000, 0.280, 48
train,    7462, 17.033654,   94, 0.02,   13, 0.000, 0.000, 0.280, 48
train,    7463, 16.924231,   97, 0.03,   13, 0.000, 0.000, 0.280, 48
train,    7464, 16.453452,   96, 0.01,   12, 0.000, 0.000, 0.280, 48
train,    7465, 16.616063,   95, 0.04,   13, 0.000, 0.000, 0.280, 48
train,    7466, 16.033248,   96, 0.02,   13, 0.000, 0.000, 0.280, 48
train,    7467, 16.753928,   98, 0.02,   12, 0.000, 0.000, 0.280, 48
train,    7468, 16.343538,   96, 0.03,   12, 0.000, 0.000, 0.280, 48
train,    7469, 15.646177,   91, 0.04,   13, 0.000, 0.000, 0.280, 48
train,    7470, 16.461424,   93, 0.03,   11, 0.000, 0.000, 0.280, 48
train,    7471, 16.753255,   94, 0.05,   12, 0.000, 0.000, 0.280, 48
train,    7472, 16.243452,   92, 0.03,   12, 0.000, 0.000, 0.280, 48
train,    7473, 16.889097,   98, 0.04,   12, 0.000, 0.000, 0.280, 48
train,    7474, 16.796349,   93, 0.02,   11, 0.000, 0.000, 0.280, 48
train,    7475, 15.780927,   94, 0.04,   12, 0.000, 0.000, 0.280, 48
train,    7476, 16.395596,   92, 0.05,   11, 0.000, 0.000, 0.280, 48
train,    7477, 17.102002,   98, 0.02,   12, 0.000, 0.000, 0.280, 48
train,    7478, 15.324167,   94, 0.01,   13, 0.000, 0.000, 0.280, 48
train,    7479, 16.946128,   98, 0.02,   12, 0.000, 0.000, 0.280, 48
train,    7480, 17.240809,   97, 0.03,   12, 0.000, 0.000, 0.280, 48
train,    7481, 16.306741,   93, 0.05,   13, 0.000, 0.000, 0.280, 48
train,    7482, 16.118906,   95, 0.02,   12, 0.000, 0.000, 0.280, 48
train,    7483, 15.293761,   99, 0.01,   12, 0.000, 0.000, 0.280, 48
train,    7484, 16.385683,   93, 0.02,   11, 0.000, 0.000, 0.280, 48
train,    7485, 16.722268,   93, 0.04,   12, 0.000, 0.000, 0.280, 48
train,    7486, 16.411994,   91, 0.03,   11, 0.000, 0.000, 0.280, 48
train,    7487, 17.416145,   96, 0.02,   13, 0.000, 0.000, 0.280, 48
train,    7488, 17.055788,   91, 0.03,   11, 0.000, 0.000, 0.280, 48
train,    7489, 16.467886,   93, 0.04,   13, 0.000, 0.000, 0.280, 48
train,    7490, 16.775672,   99, 0.04,   13, 0.000, 0.000, 0.280, 48
train,    7491, 16.369332,   95, 0.03,   12, 0.000, 0.000, 0.280, 48
train,    7492, 16.502332,   92, 0.02,   13, 0.000, 0.000, 0.280, 48
train,    7493, 16.096681,   96, 0.05,   11, 0.000, 0.000, 0.280, 48
train,    7494, 15.976929,   96, 0.03,   13, 0.000, 0.000, 0.280, 48
train,    7495, 16.134808,   95, 0.03,   12, 0.000, 0.000, 0.280, 48
train,    7496, 16.066912,   98, 0.02,   12, 0.000, 0.000, 0.280, 48
train,    7497, 16.748428,   93, 0.04,   11, 0.000, 0.000, 0.280, 48
train,    7498, 16.016314,   92, 0.02,   13, 0.000, 0.000, 0.280, 48
train,    7499, 17.001846,   92, 0.03,   11, 0.000, 0.000, 0.280, 48
train,    7500, 15.650207,   97, 0.03,   12, 0.000, 0.000, 0.280, 48
update,   7500,   75, 7500, 17.414972, 0.000000
val_t, 7500, 7500, 15.741894, 0.0101,  96.6510,   0.0571, 0.9889,  28.6269, progress 0.9674
train,    7501, 15.651142,   93, 0.04,   12, 0.000, 0.000, 0.280, 48
train,    7502, 16.282370,   95, 0.03,   13, 0.000, 0.000, 0.280, 48
train,    7503, 16.496950,   95, 0.03,   11, 0.000, 0.000, 0.280, 48
train,    7504, 16.423768,   94, 0.05,   11, 0.000, 0.000, 0.280, 48
train,    7505, 16.492962,   99, 0.03,   11, 0.000, 0.000, 0.280, 48
train,    7506, 16.098608,   94, 0.03,   12, 0.000, 0.000, 0.280, 48
train,    7507, 16.528723,   89, 0.04,   12, 0.000, 0.000, 0.280, 48
train,    7508, 15.993024,   91, 0.02,   13, 0.000, 0.000, 0.280, 48
train,    7509, 16.905026,   99, 0.04,   12, 0.000, 0.000, 0.280, 48
train,    7510, 17.306649,   96, 0.04,   13, 0.000, 0.000, 0.280, 48
train,    7511, 16.466552,   93, 0.03,   12, 0.000, 0.000, 0.280, 48
train,    7512, 16.324587,   92, 0.02,   11, 0.000, 0.000, 0.280, 48
train,    7513, 16.554096,   91, 0.03,   13, 0.000, 0.000, 0.280, 48
train,    7514, 16.587133,   95, 0.02,   12, 0.000, 0.000, 0.280, 48
train,    7515, 16.256011,   99, 0.03,   12, 0.000, 0.000, 0.280, 48
train,    7516, 17.022090,   94, 0.04,   12, 0.000, 0.000, 0.280, 48
train,    7517, 17.050056,   93, 0.04,   12, 0.000, 0.000, 0.280, 48
train,    7518, 16.550371,   94, 0.05,   13, 0.000, 0.000, 0.280, 48
train,    7519, 15.558364,   91, 0.03,   12, 0.000, 0.000, 0.280, 48
train,    7520, 15.094022,  100, 0.04,   11, 0.000, 0.000, 0.280, 48
train,    7521, 16.352158,   96, 0.04,   12, 0.000, 0.000, 0.280, 48
train,    7522, 15.742795,   94, 0.03,   12, 0.000, 0.000, 0.280, 48
train,    7523, 16.229554,   97, 0.02,   11, 0.000, 0.000, 0.280, 48
train,    7524, 16.783944,   98, 0.04,   13, 0.000, 0.000, 0.280, 48
train,    7525, 16.820398,   98, 0.02,   12, 0.000, 0.000, 0.280, 48
train,    7526, 16.266895,   94, 0.01,   11, 0.000, 0.000, 0.280, 48
train,    7527, 15.865767,   97, 0.04,   12, 0.000, 0.000, 0.280, 48
train,    7528, 15.374684,   97, 0.04,   13, 0.000, 0.000, 0.280, 48
train,    7529, 15.579691,   93, 0.03,   11, 0.000, 0.000, 0.280, 48
train,    7530, 16.929923,   94, 0.02,   12, 0.000, 0.000, 0.280, 48
train,    7531, 16.077873,   91, 0.01,   11, 0.000, 0.000, 0.280, 48
train,    7532, 16.141132,   93, 0.03,   12, 0.000, 0.000, 0.280, 48
train,    7533, 15.871439,   97, 0.03,   11, 0.000, 0.000, 0.280, 48
train,    7534, 16.955144,   97, 0.05,   12, 0.000, 0.000, 0.280, 48
train,    7535, 16.517244,   96, 0.03,   10, 0.000, 0.000, 0.280, 48
train,    7536, 16.619473,   97, 0.03,   11, 0.000, 0.000, 0.280, 48
train,    7537, 16.367178,   93, 0.02,   12, 0.000, 0.000, 0.280, 48
train,    7538, 17.431349,   91, 0.03,   12, 0.000, 0.000, 0.280, 48
train,    7539, 16.516515,   92, 0.03,   12, 0.000, 0.000, 0.280, 48
train,    7540, 15.743240,   95, 0.04,   12, 0.000, 0.000, 0.280, 48
train,    7541, 16.488752,   94, 0.03,   12, 0.000, 0.000, 0.280, 48
train,    7542, 16.251721,   94, 0.03,   11, 0.000, 0.000, 0.280, 48
train,    7543, 16.004748,   97, 0.04,   10, 0.000, 0.000, 0.280, 48
train,    7544, 15.703734,   98, 0.02,   12, 0.000, 0.000, 0.280, 48
train,    7545, 16.167074,   92, 0.03,   13, 0.000, 0.000, 0.280, 48
train,    7546, 15.527950,   97, 0.03,   12, 0.000, 0.000, 0.280, 48
train,    7547, 16.190420,   96, 0.04,   12, 0.000, 0.000, 0.280, 48
train,    7548, 16.314245,   91, 0.02,   12, 0.000, 0.000, 0.280, 48
train,    7549, 15.908475,   94, 0.03,   14, 0.000, 0.000, 0.280, 48
train,    7550, 16.218343,   93, 0.03,   12, 0.000, 0.000, 0.280, 48
train,    7551, 16.191944,   92, 0.04,   13, 0.000, 0.000, 0.280, 48
train,    7552, 16.380354,   93, 0.03,   13, 0.000, 0.000, 0.280, 48
train,    7553, 16.382474,   97, 0.03,   11, 0.000, 0.000, 0.280, 48
train,    7554, 16.312898,   98, 0.02,   11, 0.000, 0.000, 0.280, 48
train,    7555, 15.251250,   96, 0.04,   13, 0.000, 0.000, 0.280, 48
train,    7556, 15.726924,   94, 0.02,   11, 0.000, 0.000, 0.280, 48
train,    7557, 16.304077,   92, 0.01,   12, 0.000, 0.000, 0.280, 48
train,    7558, 16.206639,   93, 0.05,   13, 0.000, 0.000, 0.280, 48
train,    7559, 16.057443,   96, 0.03,   12, 0.000, 0.000, 0.280, 48
train,    7560, 15.720934,   92, 0.03,   11, 0.000, 0.000, 0.280, 48
train,    7561, 17.064978,   94, 0.03,   13, 0.000, 0.000, 0.280, 48
train,    7562, 15.954082,   94, 0.04,   11, 0.000, 0.000, 0.280, 48
train,    7563, 15.802309,   98, 0.03,   11, 0.000, 0.000, 0.280, 48
train,    7564, 16.296169,   98, 0.04,   13, 0.000, 0.000, 0.280, 48
train,    7565, 16.159348,   96, 0.04,   11, 0.000, 0.000, 0.280, 48
train,    7566, 16.082013,   94, 0.03,   11, 0.000, 0.000, 0.280, 48
train,    7567, 16.278992,   97, 0.03,   12, 0.000, 0.000, 0.280, 48
train,    7568, 16.209309,   95, 0.01,   11, 0.000, 0.000, 0.280, 48
train,    7569, 15.968558,   95, 0.02,   11, 0.000, 0.000, 0.280, 48
train,    7570, 16.221551,   97, 0.03,   11, 0.000, 0.000, 0.280, 48
train,    7571, 16.280627,   96, 0.02,   12, 0.000, 0.000, 0.280, 48
train,    7572, 16.379700,   95, 0.02,   12, 0.000, 0.000, 0.280, 48
train,    7573, 15.981845,   91, 0.05,   11, 0.000, 0.000, 0.280, 48
train,    7574, 15.475792,   89, 0.03,   12, 0.000, 0.000, 0.280, 48
train,    7575, 16.349620,   98, 0.03,   12, 0.000, 0.000, 0.280, 48
train,    7576, 15.683300,   91, 0.03,   13, 0.000, 0.000, 0.280, 48
train,    7577, 16.344635,   93, 0.02,   11, 0.000, 0.000, 0.280, 48
train,    7578, 16.498865,   95, 0.04,   12, 0.000, 0.000, 0.280, 48
train,    7579, 16.270706,   95, 0.02,   12, 0.000, 0.000, 0.280, 48
train,    7580, 16.389395,   91, 0.03,   12, 0.000, 0.000, 0.280, 48
train,    7581, 15.748685,   94, 0.03,   12, 0.000, 0.000, 0.280, 48
train,    7582, 15.966148,   91, 0.02,   11, 0.000, 0.000, 0.280, 48
train,    7583, 15.356357,   97, 0.03,   12, 0.000, 0.000, 0.280, 48
train,    7584, 15.709780,   95, 0.03,   10, 0.000, 0.000, 0.280, 48
train,    7585, 16.307198,   92, 0.04,   12, 0.000, 0.000, 0.280, 48
train,    7586, 16.505191,   96, 0.06,   12, 0.000, 0.000, 0.280, 48
train,    7587, 16.181985,   92, 0.03,   11, 0.000, 0.000, 0.280, 48
train,    7588, 16.575262,   93, 0.03,   12, 0.000, 0.000, 0.280, 48
train,    7589, 16.618452,   97, 0.03,   11, 0.000, 0.000, 0.280, 48
train,    7590, 15.460793,   93, 0.02,   13, 0.000, 0.000, 0.280, 48
train,    7591, 16.165954,  100, 0.02,   12, 0.000, 0.000, 0.280, 48
train,    7592, 16.670878,   94, 0.03,   12, 0.000, 0.000, 0.280, 48
train,    7593, 15.902235,   97, 0.04,   13, 0.000, 0.000, 0.280, 48
train,    7594, 15.851816,   89, 0.04,   12, 0.000, 0.000, 0.280, 48
train,    7595, 16.395935,   94, 0.01,   11, 0.000, 0.000, 0.280, 48
train,    7596, 16.269000,   95, 0.03,   11, 0.000, 0.000, 0.280, 48
train,    7597, 16.258390,   96, 0.04,   13, 0.000, 0.000, 0.280, 48
train,    7598, 14.880848,   91, 0.03,   12, 0.000, 0.000, 0.280, 48
train,    7599, 15.299483,   91, 0.02,   13, 0.000, 0.000, 0.280, 48
train,    7600, 17.201239,  100, 0.03,   11, 0.000, 0.000, 0.280, 48
update,   7600,   76, 7600, 18.054842, 0.000000
val_t, 7600, 7600, 15.628125, 0.0113,  93.2895,   0.0779, 0.9976,  28.9920, progress 0.9683
train,    7601, 16.663685,   97, 0.02,   11, 0.000, 0.000, 0.280, 48
train,    7602, 15.991296,   93, 0.02,   13, 0.000, 0.000, 0.280, 48
train,    7603, 16.092126,   95, 0.03,   13, 0.000, 0.000, 0.280, 48
train,    7604, 15.432295,   91, 0.02,   12, 0.000, 0.000, 0.280, 48
train,    7605, 16.800652,   95, 0.01,   12, 0.000, 0.000, 0.280, 48
train,    7606, 16.694962,   95, 0.02,   11, 0.000, 0.000, 0.280, 48
train,    7607, 16.230777,   97, 0.03,   12, 0.000, 0.000, 0.280, 48
train,    7608, 16.801117,   98, 0.02,   12, 0.000, 0.000, 0.280, 48
train,    7609, 16.181052,   97, 0.02,   13, 0.000, 0.000, 0.280, 48
train,    7610, 15.923533,   91, 0.05,   13, 0.000, 0.000, 0.280, 48
train,    7611, 16.053165,   97, 0.03,   11, 0.000, 0.000, 0.280, 48
train,    7612, 15.942636,   96, 0.04,   12, 0.000, 0.000, 0.280, 48
train,    7613, 16.066908,   92, 0.04,   13, 0.000, 0.000, 0.280, 48
train,    7614, 16.317485,   93, 0.03,   10, 0.000, 0.000, 0.280, 48
train,    7615, 16.991077,   94, 0.04,   12, 0.000, 0.000, 0.280, 48
train,    7616, 16.553299,   95, 0.04,   11, 0.000, 0.000, 0.280, 48
train,    7617, 16.755273,   94, 0.03,   11, 0.000, 0.000, 0.280, 48
train,    7618, 16.931627,   92, 0.04,   12, 0.000, 0.000, 0.280, 48
train,    7619, 16.773079,   93, 0.02,   12, 0.000, 0.000, 0.280, 48
train,    7620, 16.615901,   93, 0.02,   14, 0.000, 0.000, 0.280, 48
train,    7621, 16.589739,   91, 0.05,   13, 0.000, 0.000, 0.280, 48
train,    7622, 16.715364,   96, 0.02,   12, 0.000, 0.000, 0.280, 48
train,    7623, 16.240322,   95, 0.03,   12, 0.000, 0.000, 0.280, 48
train,    7624, 16.754115,   95, 0.03,   12, 0.000, 0.000, 0.280, 48
train,    7625, 15.799128,   90, 0.03,   11, 0.000, 0.000, 0.280, 48
train,    7626, 16.598740,   97, 0.04,   12, 0.000, 0.000, 0.280, 48
train,    7627, 16.740131,   97, 0.03,   12, 0.000, 0.000, 0.280, 48
train,    7628, 16.680308,   92, 0.05,   12, 0.000, 0.000, 0.280, 48
train,    7629, 16.390766,   91, 0.04,   13, 0.000, 0.000, 0.280, 48
train,    7630, 17.300586,   92, 0.03,   13, 0.000, 0.000, 0.280, 48
train,    7631, 16.142769,   96, 0.03,   12, 0.000, 0.000, 0.280, 48
train,    7632, 16.079376,   93, 0.04,   12, 0.000, 0.000, 0.280, 48
train,    7633, 16.873841,   97, 0.04,   10, 0.000, 0.000, 0.280, 48
train,    7634, 16.625009,   92, 0.03,   12, 0.000, 0.000, 0.280, 48
train,    7635, 16.295811,   95, 0.02,   11, 0.000, 0.000, 0.280, 48
train,    7636, 15.240163,   93, 0.03,   12, 0.000, 0.000, 0.280, 48
train,    7637, 16.317011,   94, 0.02,   12, 0.000, 0.000, 0.280, 48
train,    7638, 15.961444,   97, 0.02,   12, 0.000, 0.000, 0.280, 48
train,    7639, 16.784258,   93, 0.04,   13, 0.000, 0.000, 0.280, 48
train,    7640, 16.814153,   95, 0.01,   12, 0.000, 0.000, 0.280, 48
train,    7641, 16.693947,   92, 0.05,   11, 0.000, 0.000, 0.280, 48
train,    7642, 16.833678,   92, 0.02,   11, 0.000, 0.000, 0.280, 48
train,    7643, 17.399529,   96, 0.03,   13, 0.000, 0.000, 0.280, 48
train,    7644, 16.920232,   96, 0.04,   12, 0.000, 0.000, 0.280, 48
train,    7645, 16.750257,   92, 0.03,   13, 0.000, 0.000, 0.280, 48
train,    7646, 16.111404,   92, 0.04,   11, 0.000, 0.000, 0.280, 48
train,    7647, 17.455493,   94, 0.02,   12, 0.000, 0.000, 0.280, 48
train,    7648, 16.952944,   94, 0.03,   12, 0.000, 0.000, 0.280, 48
train,    7649, 16.647779,   92, 0.02,   13, 0.000, 0.000, 0.280, 48
train,    7650, 16.329629,   96, 0.03,   13, 0.000, 0.000, 0.280, 48
train,    7651, 16.661534,   98, 0.03,   11, 0.000, 0.000, 0.280, 48
train,    7652, 15.977003,   96, 0.03,   11, 0.000, 0.000, 0.280, 48
train,    7653, 16.835453,   94, 0.02,   11, 0.000, 0.000, 0.280, 48
train,    7654, 16.789161,   92, 0.02,   12, 0.000, 0.000, 0.280, 48
train,    7655, 16.789555,   97, 0.02,   12, 0.000, 0.000, 0.280, 48
train,    7656, 16.919259,   93, 0.03,   12, 0.000, 0.000, 0.280, 48
train,    7657, 16.356481,   97, 0.03,   13, 0.000, 0.000, 0.280, 48
train,    7658, 17.140685,   98, 0.05,   11, 0.000, 0.000, 0.280, 48
train,    7659, 17.036973,   96, 0.01,   11, 0.000, 0.000, 0.280, 48
train,    7660, 16.156053,   92, 0.03,   12, 0.000, 0.000, 0.280, 48
train,    7661, 17.222796,   92, 0.03,   12, 0.000, 0.000, 0.280, 48
train,    7662, 17.390673,   94, 0.02,   12, 0.000, 0.000, 0.280, 48
train,    7663, 17.182921,   98, 0.05,   11, 0.000, 0.000, 0.280, 48
train,    7664, 17.169037,   97, 0.02,   12, 0.000, 0.000, 0.280, 48
train,    7665, 16.920750,   97, 0.05,   12, 0.000, 0.000, 0.280, 48
train,    7666, 16.857506,   90, 0.02,   13, 0.000, 0.000, 0.280, 48
train,    7667, 17.167532,   91, 0.02,   11, 0.000, 0.000, 0.280, 48
train,    7668, 16.424045,   98, 0.04,   12, 0.000, 0.000, 0.280, 48
train,    7669, 17.719814,   90, 0.03,   13, 0.000, 0.000, 0.280, 48
train,    7670, 17.689978,   95, 0.03,   12, 0.000, 0.000, 0.280, 48
train,    7671, 16.739629,   95, 0.04,   11, 0.000, 0.000, 0.280, 48
train,    7672, 17.289371,   99, 0.02,   13, 0.000, 0.000, 0.280, 48
train,    7673, 16.882090,   96, 0.05,   12, 0.000, 0.000, 0.280, 48
train,    7674, 16.814910,   94, 0.03,   11, 0.000, 0.000, 0.280, 48
train,    7675, 17.433472,   94, 0.03,   13, 0.000, 0.000, 0.280, 48
train,    7676, 16.961300,   94, 0.04,   11, 0.000, 0.000, 0.280, 48
train,    7677, 16.336516,   97, 0.03,   13, 0.000, 0.000, 0.280, 48
train,    7678, 17.088269,   92, 0.04,   11, 0.000, 0.000, 0.280, 48
train,    7679, 17.372992,   92, 0.03,   12, 0.000, 0.000, 0.280, 48
train,    7680, 17.143684,   95, 0.05,   11, 0.000, 0.000, 0.280, 48
train,    7681, 18.124820,   92, 0.03,   11, 0.000, 0.000, 0.280, 48
train,    7682, 16.592136,   94, 0.02,   12, 0.000, 0.000, 0.280, 48
train,    7683, 16.990937,   92, 0.03,   11, 0.000, 0.000, 0.280, 48
train,    7684, 17.345664,   97, 0.04,   11, 0.000, 0.000, 0.280, 48
train,    7685, 16.293057,   92, 0.03,   11, 0.000, 0.000, 0.280, 48
train,    7686, 16.743791,   92, 0.03,   12, 0.000, 0.000, 0.280, 48
train,    7687, 16.417811,   96, 0.04,   12, 0.000, 0.000, 0.280, 48
train,    7688, 17.092531,   93, 0.03,   12, 0.000, 0.000, 0.280, 48
train,    7689, 17.084679,   95, 0.01,   12, 0.000, 0.000, 0.280, 48
train,    7690, 17.045259,   90, 0.02,   11, 0.000, 0.000, 0.280, 48
train,    7691, 17.325051,   92, 0.04,   11, 0.000, 0.000, 0.280, 48
train,    7692, 16.456164,   96, 0.04,   13, 0.000, 0.000, 0.280, 48
train,    7693, 17.760243,   97, 0.04,   12, 0.000, 0.000, 0.280, 48
train,    7694, 18.035318,   89, 0.05,   11, 0.000, 0.000, 0.280, 48
train,    7695, 17.155180,   96, 0.04,   11, 0.000, 0.000, 0.280, 48
train,    7696, 17.878502,   94, 0.03,   11, 0.000, 0.000, 0.280, 48
train,    7697, 18.339928,   96, 0.04,   11, 0.000, 0.000, 0.280, 48
train,    7698, 18.225377,   96, 0.02,   11, 0.000, 0.000, 0.280, 48
train,    7699, 17.800766,   92, 0.01,   13, 0.000, 0.000, 0.280, 48
train,    7700, 17.297446,   93, 0.05,   13, 0.000, 0.000, 0.280, 48
update,   7700,   77, 7700, 17.102972, 0.000000
val_t, 7700, 7700, 16.910884, 0.0157,  92.3819,   0.0619, 0.9791,  28.4370, progress 0.9689
train,    7701, 17.142221,   95, 0.04,   12, 0.000, 0.000, 0.280, 48
train,    7702, 17.142804,   92, 0.02,   11, 0.000, 0.000, 0.280, 48
train,    7703, 17.360529,   96, 0.04,   13, 0.000, 0.000, 0.280, 48
train,    7704, 17.588177,   94, 0.02,   12, 0.000, 0.000, 0.280, 48
train,    7705, 17.339592,   97, 0.02,   11, 0.000, 0.000, 0.280, 48
train,    7706, 17.782695,   95, 0.02,   13, 0.000, 0.000, 0.280, 48
train,    7707, 17.633761,   94, 0.04,   12, 0.000, 0.000, 0.280, 48
train,    7708, 17.498815,   94, 0.04,   13, 0.000, 0.000, 0.280, 48
train,    7709, 17.194997,   92, 0.04,   10, 0.000, 0.000, 0.280, 48
train,    7710, 17.135934,   95, 0.03,   12, 0.000, 0.000, 0.280, 48
train,    7711, 17.869736,   96, 0.04,   12, 0.000, 0.000, 0.280, 48
train,    7712, 18.673794,   98, 0.02,   12, 0.000, 0.000, 0.280, 48
train,    7713, 17.612892,   95, 0.05,   14, 0.000, 0.000, 0.280, 48
train,    7714, 17.370140,   92, 0.02,   12, 0.000, 0.000, 0.280, 48
train,    7715, 17.614313,   96, 0.03,   13, 0.000, 0.000, 0.280, 48
train,    7716, 17.962251,   98, 0.03,   11, 0.000, 0.000, 0.280, 48
train,    7717, 18.105384,   94, 0.02,   13, 0.000, 0.000, 0.280, 48
train,    7718, 17.827151,   92, 0.04,   12, 0.000, 0.000, 0.280, 48
train,    7719, 17.925460,   95, 0.01,   11, 0.000, 0.000, 0.280, 48
train,    7720, 17.381266,   93, 0.04,   11, 0.000, 0.000, 0.280, 48
train,    7721, 18.643570,   97, 0.05,   12, 0.000, 0.000, 0.280, 48
train,    7722, 17.430010,   92, 0.01,   11, 0.000, 0.000, 0.280, 48
train,    7723, 18.106297,   95, 0.02,   12, 0.000, 0.000, 0.280, 48
train,    7724, 17.619627,   94, 0.04,   13, 0.000, 0.000, 0.280, 48
train,    7725, 18.010705,   93, 0.03,   11, 0.000, 0.000, 0.280, 48
train,    7726, 18.122080,   92, 0.04,   12, 0.000, 0.000, 0.280, 48
train,    7727, 18.075761,   96, 0.02,   12, 0.000, 0.000, 0.280, 48
train,    7728, 18.426023,   94, 0.03,   11, 0.000, 0.000, 0.280, 48
train,    7729, 17.793817,   95, 0.03,   12, 0.000, 0.000, 0.280, 48
train,    7730, 17.861633,   94, 0.01,   12, 0.000, 0.000, 0.280, 48
train,    7731, 17.894705,   95, 0.02,   14, 0.000, 0.000, 0.280, 48
train,    7732, 17.656916,   91, 0.05,   11, 0.000, 0.000, 0.280, 48
train,    7733, 17.429643,   98, 0.03,   12, 0.000, 0.000, 0.280, 48
train,    7734, 17.031133,   98, 0.01,   12, 0.000, 0.000, 0.280, 48
train,    7735, 18.074535,   94, 0.03,   12, 0.000, 0.000, 0.280, 48
train,    7736, 17.187336,   96, 0.02,   12, 0.000, 0.000, 0.280, 48
train,    7737, 17.822633,   96, 0.02,   11, 0.000, 0.000, 0.280, 48
train,    7738, 16.964694,   97, 0.03,   12, 0.000, 0.000, 0.280, 48
train,    7739, 17.634364,   95, 0.03,   13, 0.000, 0.000, 0.280, 48
train,    7740, 18.479750,   97, 0.04,   12, 0.000, 0.000, 0.280, 48
train,    7741, 18.563075,   99, 0.04,   11, 0.000, 0.000, 0.280, 48
train,    7742, 17.779180,   90, 0.03,   13, 0.000, 0.000, 0.280, 48
train,    7743, 17.862236,   93, 0.02,   13, 0.000, 0.000, 0.280, 48
train,    7744, 18.242249,   97, 0.01,   12, 0.000, 0.000, 0.280, 48
train,    7745, 17.971550,   90, 0.04,   12, 0.000, 0.000, 0.280, 48
train,    7746, 18.417521,   95, 0.03,   10, 0.000, 0.000, 0.280, 48
train,    7747, 17.425815,   94, 0.03,   11, 0.000, 0.000, 0.280, 48
train,    7748, 17.867037,   90, 0.04,   12, 0.000, 0.000, 0.280, 48
train,    7749, 18.246743,   93, 0.04,   11, 0.000, 0.000, 0.280, 48
train,    7750, 17.165008,   96, 0.04,   12, 0.000, 0.000, 0.280, 48
train,    7751, 17.854368,   90, 0.02,   12, 0.000, 0.000, 0.280, 48
train,    7752, 17.787914,   94, 0.02,   12, 0.000, 0.000, 0.280, 48
train,    7753, 18.217810,   93, 0.03,   13, 0.000, 0.000, 0.280, 48
train,    7754, 18.088085,   95, 0.04,   11, 0.000, 0.000, 0.280, 48
train,    7755, 18.115826,   93, 0.04,   12, 0.000, 0.000, 0.280, 48
train,    7756, 18.256988,   90, 0.01,   12, 0.000, 0.000, 0.280, 48
train,    7757, 18.867832,   92, 0.05,   11, 0.000, 0.000, 0.280, 48
train,    7758, 17.797539,   96, 0.05,   12, 0.000, 0.000, 0.280, 48
train,    7759, 18.164489,   94, 0.01,   13, 0.000, 0.000, 0.280, 48
train,    7760, 17.684888,   94, 0.03,   12, 0.000, 0.000, 0.280, 48
train,    7761, 17.466586,   91, 0.04,   11, 0.000, 0.000, 0.280, 48
train,    7762, 18.459317,   92, 0.06,   11, 0.000, 0.000, 0.280, 48
train,    7763, 17.715057,   96, 0.03,   12, 0.000, 0.000, 0.280, 48
train,    7764, 17.932439,   96, 0.02,   11, 0.000, 0.000, 0.280, 48
train,    7765, 18.415733,   94, 0.02,   12, 0.000, 0.000, 0.280, 48
train,    7766, 18.868010,   98, 0.01,   12, 0.000, 0.000, 0.280, 48
train,    7767, 19.187481,   97, 0.03,   13, 0.000, 0.000, 0.280, 48
train,    7768, 18.904096,   90, 0.04,   13, 0.000, 0.000, 0.280, 48
train,    7769, 19.314409,   90, 0.05,   13, 0.000, 0.000, 0.280, 48
train,    7770, 19.278743,   96, 0.02,   13, 0.000, 0.000, 0.280, 48
train,    7771, 18.381044,   93, 0.04,   12, 0.000, 0.000, 0.280, 48
train,    7772, 18.553175,   92, 0.03,   12, 0.000, 0.000, 0.280, 48
train,    7773, 18.933973,   95, 0.03,   12, 0.000, 0.000, 0.280, 48
train,    7774, 17.753402,   96, 0.05,   14, 0.000, 0.000, 0.280, 48
train,    7775, 19.087278,   94, 0.04,   12, 0.000, 0.000, 0.280, 48
train,    7776, 19.060541,   95, 0.03,   11, 0.000, 0.000, 0.280, 48
train,    7777, 17.924980,   93, 0.03,   13, 0.000, 0.000, 0.280, 48
train,    7778, 19.204366,   94, 0.03,   13, 0.000, 0.000, 0.280, 48
train,    7779, 19.710933,   92, 0.02,   10, 0.000, 0.000, 0.280, 48
train,    7780, 19.236169,   93, 0.03,   12, 0.000, 0.000, 0.280, 48
train,    7781, 19.266078,   96, 0.02,   12, 0.000, 0.000, 0.280, 48
train,    7782, 19.098520,   97, 0.02,   13, 0.000, 0.000, 0.280, 48
train,    7783, 17.958652,   98, 0.02,   12, 0.000, 0.000, 0.280, 48
train,    7784, 18.461672,   95, 0.01,   11, 0.000, 0.000, 0.280, 48
train,    7785, 19.097452,   96, 0.03,   12, 0.000, 0.000, 0.280, 48
train,    7786, 18.294160,   94, 0.02,   11, 0.000, 0.000, 0.280, 48
train,    7787, 18.250909,   97, 0.01,   12, 0.000, 0.000, 0.280, 48
train,    7788, 18.192726,   94, 0.03,   12, 0.000, 0.000, 0.280, 48
train,    7789, 18.627554,   92, 0.02,   12, 0.000, 0.000, 0.280, 48
train,    7790, 18.018990,   96, 0.04,   12, 0.000, 0.000, 0.280, 48
train,    7791, 18.405424,   98, 0.03,   13, 0.000, 0.000, 0.280, 48
train,    7792, 18.906934,   95, 0.03,   10, 0.000, 0.000, 0.280, 48
train,    7793, 19.156021,   93, 0.03,   11, 0.000, 0.000, 0.280, 48
train,    7794, 18.812523,   96, 0.03,   12, 0.000, 0.000, 0.280, 48
train,    7795, 18.822704,   93, 0.02,   11, 0.000, 0.000, 0.280, 48
train,    7796, 17.952064,   91, 0.04,   11, 0.000, 0.000, 0.280, 48
train,    7797, 18.839486,   94, 0.03,   11, 0.000, 0.000, 0.280, 48
train,    7798, 18.410659,   99, 0.03,   13, 0.000, 0.000, 0.280, 48
train,    7799, 18.939951,   97, 0.03,   13, 0.000, 0.000, 0.280, 48
train,    7800, 19.249689,   92, 0.02,   13, 0.000, 0.000, 0.280, 48
update,   7800,   78, 7800, 17.320001, 0.000000
val_t, 7800, 7800, 17.789840, 0.0142,  87.6453,   0.0795, 0.9859,  28.5305, progress 0.9496
train,    7801, 18.984599,   92, 0.03,   13, 0.000, 0.000, 0.280, 48
train,    7802, 18.277734,   96, 0.03,   11, 0.000, 0.000, 0.280, 48
train,    7803, 18.657390,   91, 0.03,   12, 0.000, 0.000, 0.280, 48
train,    7804, 18.649200,   96, 0.03,   10, 0.000, 0.000, 0.280, 48
train,    7805, 18.311495,   96, 0.02,   12, 0.000, 0.000, 0.280, 48
train,    7806, 18.697627,   92, 0.03,   12, 0.000, 0.000, 0.280, 48
train,    7807, 17.865370,   99, 0.02,   13, 0.000, 0.000, 0.280, 48
train,    7808, 18.178708,   92, 0.03,   11, 0.000, 0.000, 0.280, 48
train,    7809, 18.610569,   94, 0.04,   12, 0.000, 0.000, 0.280, 48
train,    7810, 17.658923,   90, 0.03,   12, 0.000, 0.000, 0.280, 48
train,    7811, 18.890979,   97, 0.04,   12, 0.000, 0.000, 0.280, 48
train,    7812, 18.002757,   92, 0.03,   10, 0.000, 0.000, 0.280, 48
train,    7813, 18.283626,   91, 0.03,   12, 0.000, 0.000, 0.280, 48
train,    7814, 18.366301,   93, 0.04,   11, 0.000, 0.000, 0.280, 48
train,    7815, 17.760173,   90, 0.02,   12, 0.000, 0.000, 0.280, 48
train,    7816, 18.000846,   97, 0.03,   11, 0.000, 0.000, 0.280, 48
train,    7817, 19.076416,   93, 0.02,   12, 0.000, 0.000, 0.280, 48
train,    7818, 18.781228,   99, 0.02,   12, 0.000, 0.000, 0.280, 48
train,    7819, 18.390924,   95, 0.03,   10, 0.000, 0.000, 0.280, 48
train,    7820, 18.118428,   93, 0.04,   10, 0.000, 0.000, 0.280, 48
train,    7821, 18.206440,   94, 0.04,   13, 0.000, 0.000, 0.280, 48
train,    7822, 18.766889,   92, 0.03,   12, 0.000, 0.000, 0.280, 48
train,    7823, 18.609676,   97, 0.02,   12, 0.000, 0.000, 0.280, 48
train,    7824, 18.711199,   93, 0.03,   11, 0.000, 0.000, 0.280, 48
train,    7825, 18.952530,   91, 0.01,   13, 0.000, 0.000, 0.280, 48
train,    7826, 18.056072,   96, 0.03,   12, 0.000, 0.000, 0.280, 48
train,    7827, 18.505706,   93, 0.03,   13, 0.000, 0.000, 0.280, 48
train,    7828, 18.913248,   91, 0.03,   12, 0.000, 0.000, 0.280, 48
train,    7829, 18.483544,   96, 0.03,   12, 0.000, 0.000, 0.280, 48
train,    7830, 18.577601,   90, 0.03,   12, 0.000, 0.000, 0.280, 48
train,    7831, 18.512058,   99, 0.03,   12, 0.000, 0.000, 0.280, 48
train,    7832, 18.156496,   94, 0.02,   13, 0.000, 0.000, 0.280, 48
train,    7833, 19.307850,   92, 0.01,   11, 0.000, 0.000, 0.280, 48
train,    7834, 18.561428,   91, 0.02,   12, 0.000, 0.000, 0.280, 48
train,    7835, 18.615032,   93, 0.03,   13, 0.000, 0.000, 0.280, 48
train,    7836, 18.534207,   91, 0.04,   10, 0.000, 0.000, 0.280, 48
train,    7837, 18.532161,   94, 0.04,   11, 0.000, 0.000, 0.280, 48
train,    7838, 18.437927,   98, 0.01,   12, 0.000, 0.000, 0.280, 48
train,    7839, 18.189618,   93, 0.02,   12, 0.000, 0.000, 0.280, 48
train,    7840, 18.394171,   96, 0.05,   12, 0.000, 0.000, 0.280, 48
train,    7841, 18.376129,   91, 0.02,   13, 0.000, 0.000, 0.280, 48
train,    7842, 18.936607,   92, 0.03,   12, 0.000, 0.000, 0.280, 48
train,    7843, 19.584203,   94, 0.01,   13, 0.000, 0.000, 0.280, 48
train,    7844, 18.949324,   95, 0.03,   12, 0.000, 0.000, 0.280, 48
train,    7845, 19.132442,   93, 0.04,   12, 0.000, 0.000, 0.280, 48
train,    7846, 17.889510,   94, 0.05,   12, 0.000, 0.000, 0.280, 48
train,    7847, 19.358723,   89, 0.04,   11, 0.000, 0.000, 0.280, 48
train,    7848, 18.662828,   97, 0.04,   13, 0.000, 0.000, 0.280, 48
train,    7849, 18.903439,   94, 0.04,   12, 0.000, 0.000, 0.280, 48
train,    7850, 19.166024,   95, 0.03,   11, 0.000, 0.000, 0.280, 48
train,    7851, 18.226130,   90, 0.04,   12, 0.000, 0.000, 0.280, 48
train,    7852, 17.507865,   93, 0.02,   13, 0.000, 0.000, 0.280, 48
train,    7853, 18.669972,   94, 0.03,   11, 0.000, 0.000, 0.280, 48
train,    7854, 17.229016,   97, 0.02,   12, 0.000, 0.000, 0.280, 48
train,    7855, 19.058296,   97, 0.03,   11, 0.000, 0.000, 0.280, 48
train,    7856, 18.691941,   94, 0.03,   11, 0.000, 0.000, 0.280, 48
train,    7857, 17.704259,   93, 0.02,   12, 0.000, 0.000, 0.280, 48
train,    7858, 18.575300,   96, 0.04,   12, 0.000, 0.000, 0.280, 48
train,    7859, 18.108320,   93, 0.03,   13, 0.000, 0.000, 0.280, 48
train,    7860, 17.995100,   95, 0.05,   13, 0.000, 0.000, 0.280, 48
train,    7861, 17.692336,   91, 0.03,   12, 0.000, 0.000, 0.280, 48
train,    7862, 17.923367,   95, 0.05,   12, 0.000, 0.000, 0.280, 48
train,    7863, 18.078363,   93, 0.04,   13, 0.000, 0.000, 0.280, 48
train,    7864, 19.347376,   93, 0.02,   13, 0.000, 0.000, 0.280, 48
train,    7865, 18.451326,   93, 0.02,   13, 0.000, 0.000, 0.280, 48
train,    7866, 19.164456,   92, 0.04,   12, 0.000, 0.000, 0.280, 48
train,    7867, 20.057976,   93, 0.03,   11, 0.000, 0.000, 0.280, 48
train,    7868, 18.607583,   98, 0.02,   11, 0.000, 0.000, 0.280, 48
train,    7869, 18.480059,   94, 0.03,   12, 0.000, 0.000, 0.280, 48
train,    7870, 18.260277,   98, 0.02,   12, 0.000, 0.000, 0.280, 48
train,    7871, 18.935105,   95, 0.03,   12, 0.000, 0.000, 0.280, 48
train,    7872, 18.575581,   91, 0.03,   12, 0.000, 0.000, 0.280, 48
train,    7873, 19.211006,   95, 0.03,   12, 0.000, 0.000, 0.280, 48
train,    7874, 17.859798,   94, 0.03,   12, 0.000, 0.000, 0.280, 48
train,    7875, 18.650524,   98, 0.03,   11, 0.000, 0.000, 0.280, 48
train,    7876, 18.940148,   91, 0.03,   13, 0.000, 0.000, 0.280, 48
train,    7877, 18.725773,   95, 0.04,   12, 0.000, 0.000, 0.280, 48
train,    7878, 18.575939,   95, 0.05,   12, 0.000, 0.000, 0.280, 48
train,    7879, 18.505694,   96, 0.03,   12, 0.000, 0.000, 0.280, 48
train,    7880, 18.379004,   93, 0.03,   11, 0.000, 0.000, 0.280, 48
train,    7881, 18.373453,   96, 0.03,   13, 0.000, 0.000, 0.280, 48
train,    7882, 18.837585,   96, 0.03,   11, 0.000, 0.000, 0.280, 48
train,    7883, 17.588667,   96, 0.04,   12, 0.000, 0.000, 0.280, 48
train,    7884, 18.796734,   97, 0.03,   13, 0.000, 0.000, 0.280, 48
train,    7885, 18.027624,   97, 0.03,   11, 0.000, 0.000, 0.280, 48
train,    7886, 17.846005,   96, 0.02,   12, 0.000, 0.000, 0.280, 48
train,    7887, 19.325464,   94, 0.03,   12, 0.000, 0.000, 0.280, 48
train,    7888, 17.669515,   96, 0.03,   13, 0.000, 0.000, 0.280, 48
train,    7889, 18.521233,   93, 0.04,   12, 0.000, 0.000, 0.280, 48
train,    7890, 18.893148,   91, 0.03,   12, 0.000, 0.000, 0.280, 48
train,    7891, 18.221894,   92, 0.02,   12, 0.000, 0.000, 0.280, 48
train,    7892, 18.338157,   96, 0.02,   11, 0.000, 0.000, 0.280, 48
train,    7893, 19.388470,   93, 0.04,   11, 0.000, 0.000, 0.280, 48
train,    7894, 17.387149,   91, 0.03,   12, 0.000, 0.000, 0.280, 48
train,    7895, 18.464664,   93, 0.04,   12, 0.000, 0.000, 0.280, 48
train,    7896, 18.314912,  100, 0.04,   11, 0.000, 0.000, 0.280, 48
train,    7897, 18.072030,   96, 0.04,   14, 0.000, 0.000, 0.280, 48
train,    7898, 17.594509,   95, 0.02,   13, 0.000, 0.000, 0.280, 48
train,    7899, 17.988597,   95, 0.01,   13, 0.000, 0.000, 0.280, 48
train,    7900, 17.467846,   99, 0.01,   12, 0.000, 0.000, 0.280, 48
update,   7900,   79, 7900, 18.387202, 0.000000
val_t, 7900, 7900, 18.575723, 0.0163,  95.9831,   0.0655, 0.9842,  28.3264, progress 0.9687
train,    7901, 18.798168,   91, 0.02,    9, 0.000, 0.000, 0.280, 48
train,    7902, 18.136832,   91, 0.04,   12, 0.000, 0.000, 0.280, 48
train,    7903, 18.417238,   93, 0.04,   11, 0.000, 0.000, 0.280, 48
train,    7904, 19.127124,   96, 0.03,   11, 0.000, 0.000, 0.280, 48
train,    7905, 18.425025,   98, 0.03,   11, 0.000, 0.000, 0.280, 48
train,    7906, 17.799755,   97, 0.01,   12, 0.000, 0.000, 0.280, 48
train,    7907, 18.329844,   97, 0.04,   12, 0.000, 0.000, 0.280, 48
train,    7908, 18.600452,   94, 0.04,   13, 0.000, 0.000, 0.280, 48
train,    7909, 17.688068,   91, 0.02,   12, 0.000, 0.000, 0.280, 48
train,    7910, 17.626687,   95, 0.03,   12, 0.000, 0.000, 0.280, 48
train,    7911, 18.216631,   93, 0.03,   12, 0.000, 0.000, 0.280, 48
train,    7912, 17.513106,   95, 0.04,   11, 0.000, 0.000, 0.280, 48
train,    7913, 18.279736,   95, 0.04,   12, 0.000, 0.000, 0.280, 48
train,    7914, 17.978418,   97, 0.03,   12, 0.000, 0.000, 0.280, 48
train,    7915, 18.144192,   92, 0.03,   12, 0.000, 0.000, 0.280, 48
train,    7916, 18.144044,   95, 0.03,   11, 0.000, 0.000, 0.280, 48
train,    7917, 17.657617,   93, 0.04,   11, 0.000, 0.000, 0.280, 48
train,    7918, 18.552383,   92, 0.02,   13, 0.000, 0.000, 0.280, 48
train,    7919, 17.554274,   91, 0.03,   12, 0.000, 0.000, 0.280, 48
train,    7920, 17.931209,   97, 0.04,   12, 0.000, 0.000, 0.280, 48
train,    7921, 17.272442,   98, 0.03,   13, 0.000, 0.000, 0.280, 48
train,    7922, 16.978619,   97, 0.05,   13, 0.000, 0.000, 0.280, 48
train,    7923, 17.179884,   95, 0.03,   12, 0.000, 0.000, 0.280, 48
train,    7924, 16.815867,   92, 0.03,   13, 0.000, 0.000, 0.280, 48
train,    7925, 17.661708,   96, 0.02,   11, 0.000, 0.000, 0.280, 48
train,    7926, 17.530302,   94, 0.02,   13, 0.000, 0.000, 0.280, 48
train,    7927, 17.722342,   98, 0.03,   11, 0.000, 0.000, 0.280, 48
train,    7928, 17.036511,   99, 0.04,   13, 0.000, 0.000, 0.280, 48
train,    7929, 18.197165,   92, 0.02,   11, 0.000, 0.000, 0.280, 48
train,    7930, 17.755716,   99, 0.04,   11, 0.000, 0.000, 0.280, 48
train,    7931, 18.266962,   94, 0.03,   12, 0.000, 0.000, 0.280, 48
train,    7932, 17.612293,   97, 0.04,   13, 0.000, 0.000, 0.280, 48
train,    7933, 18.641721,   96, 0.02,   12, 0.000, 0.000, 0.280, 48
train,    7934, 18.155175,   91, 0.03,   13, 0.000, 0.000, 0.280, 48
train,    7935, 17.603017,   97, 0.03,   12, 0.000, 0.000, 0.280, 48
train,    7936, 16.769778,   97, 0.02,   11, 0.000, 0.000, 0.280, 48
train,    7937, 16.308925,   95, 0.02,   10, 0.000, 0.000, 0.280, 48
train,    7938, 17.877524,   98, 0.05,   11, 0.000, 0.000, 0.280, 48
train,    7939, 17.774802,   96, 0.02,   13, 0.000, 0.000, 0.280, 48
train,    7940, 17.926945,   92, 0.03,   13, 0.000, 0.000, 0.280, 48
train,    7941, 16.872181,   92, 0.05,   12, 0.000, 0.000, 0.280, 48
train,    7942, 17.885796,   95, 0.04,   11, 0.000, 0.000, 0.280, 48
train,    7943, 18.270967,   99, 0.03,   12, 0.000, 0.000, 0.280, 48
train,    7944, 17.370014,   89, 0.04,   12, 0.000, 0.000, 0.280, 48
train,    7945, 17.614303,   98, 0.02,   12, 0.000, 0.000, 0.280, 48
train,    7946, 17.409865,   93, 0.03,   11, 0.000, 0.000, 0.280, 48
train,    7947, 18.312248,   93, 0.04,   12, 0.000, 0.000, 0.280, 48
train,    7948, 16.947140,   94, 0.02,   11, 0.000, 0.000, 0.280, 48
train,    7949, 16.058976,   96, 0.04,   11, 0.000, 0.000, 0.280, 48
train,    7950, 16.762449,   98, 0.02,   12, 0.000, 0.000, 0.280, 48
train,    7951, 17.561577,   91, 0.03,   10, 0.000, 0.000, 0.280, 48
train,    7952, 17.897520,   97, 0.04,   12, 0.000, 0.000, 0.280, 48
train,    7953, 16.889790,   90, 0.01,   12, 0.000, 0.000, 0.280, 48
train,    7954, 17.686886,   91, 0.04,   10, 0.000, 0.000, 0.280, 48
train,    7955, 17.832401,   96, 0.03,   12, 0.000, 0.000, 0.280, 48
train,    7956, 18.040334,   96, 0.06,   12, 0.000, 0.000, 0.280, 48
train,    7957, 16.441755,   91, 0.03,   11, 0.000, 0.000, 0.280, 48
train,    7958, 17.845258,   98, 0.03,   12, 0.000, 0.000, 0.280, 48
train,    7959, 17.728990,   92, 0.02,   13, 0.000, 0.000, 0.280, 48
train,    7960, 17.345509,   92, 0.01,   11, 0.000, 0.000, 0.280, 48
train,    7961, 16.671190,   95, 0.04,   12, 0.000, 0.000, 0.280, 48
train,    7962, 17.333910,   97, 0.04,   14, 0.000, 0.000, 0.280, 48
train,    7963, 17.831563,   91, 0.04,   12, 0.000, 0.000, 0.280, 48
train,    7964, 16.577811,   94, 0.04,   13, 0.000, 0.000, 0.280, 48
train,    7965, 16.717971,   99, 0.02,   12, 0.000, 0.000, 0.280, 48
train,    7966, 17.385323,   92, 0.04,   10, 0.000, 0.000, 0.280, 48
train,    7967, 17.222764,   97, 0.03,   11, 0.000, 0.000, 0.280, 48
train,    7968, 16.724905,   99, 0.04,   11, 0.000, 0.000, 0.280, 48
train,    7969, 16.669812,   98, 0.04,   13, 0.000, 0.000, 0.280, 48
train,    7970, 17.822108,   94, 0.02,   12, 0.000, 0.000, 0.280, 48
train,    7971, 17.118936,   94, 0.03,   11, 0.000, 0.000, 0.280, 48
train,    7972, 17.254799,   95, 0.03,   12, 0.000, 0.000, 0.280, 48
train,    7973, 16.818101,   96, 0.04,   12, 0.000, 0.000, 0.280, 48
train,    7974, 16.824130,   91, 0.04,   12, 0.000, 0.000, 0.280, 48
train,    7975, 16.847401,   96, 0.03,   11, 0.000, 0.000, 0.280, 48
train,    7976, 16.405950,   94, 0.04,   11, 0.000, 0.000, 0.280, 48
train,    7977, 16.729504,   92, 0.02,   12, 0.000, 0.000, 0.280, 48
train,    7978, 16.626127,   93, 0.03,   12, 0.000, 0.000, 0.280, 48
train,    7979, 17.582329,   98, 0.04,   11, 0.000, 0.000, 0.280, 48
train,    7980, 17.682599,   97, 0.02,   12, 0.000, 0.000, 0.280, 48
train,    7981, 17.637252,   97, 0.03,   11, 0.000, 0.000, 0.280, 48
train,    7982, 17.629581,   93, 0.04,   11, 0.000, 0.000, 0.280, 48
train,    7983, 16.964604,   94, 0.02,   13, 0.000, 0.000, 0.280, 48
train,    7984, 16.849613,   99, 0.05,   11, 0.000, 0.000, 0.280, 48
train,    7985, 16.489610,   96, 0.03,   12, 0.000, 0.000, 0.280, 48
train,    7986, 17.486209,   92, 0.02,   12, 0.000, 0.000, 0.280, 48
train,    7987, 16.557894,   91, 0.03,   13, 0.000, 0.000, 0.280, 48
train,    7988, 16.564740,   92, 0.03,   12, 0.000, 0.000, 0.280, 48
train,    7989, 16.309145,   93, 0.03,   12, 0.000, 0.000, 0.280, 48
train,    7990, 17.193401,   95, 0.03,   11, 0.000, 0.000, 0.280, 48
train,    7991, 17.620003,   94, 0.04,   11, 0.000, 0.000, 0.280, 48
train,    7992, 16.390318,   94, 0.05,   12, 0.000, 0.000, 0.280, 48
train,    7993, 16.830051,   92, 0.04,   12, 0.000, 0.000, 0.280, 48
train,    7994, 16.568318,   92, 0.02,   11, 0.000, 0.000, 0.280, 48
train,    7995, 16.527145,   96, 0.02,   13, 0.000, 0.000, 0.280, 48
train,    7996, 15.856471,   98, 0.04,   12, 0.000, 0.000, 0.280, 48
train,    7997, 16.611768,   97, 0.02,   12, 0.000, 0.000, 0.280, 48
train,    7998, 16.604409,   94, 0.05,   11, 0.000, 0.000, 0.280, 48
train,    7999, 16.686450,   96, 0.06,   13, 0.000, 0.000, 0.280, 48
train,    8000, 16.459407,   93, 0.02,   11, 0.000, 0.000, 0.280, 48
update,   8000,   80, 8000, 16.685029, 0.000000
val_t, 8000, 8000, 18.942620, 0.0126,  92.5371,   0.0635, 0.9890,  28.3352, progress 0.9722