init,     2026-04-21 18:50:38.082819
arguments,Namespace(PPO_epochs=4, adv_norm=1, alg='ppo', cuda=0, curriculum_clean_ratio=1.0, curriculum_entropy_decay=0.92, curriculum_mode='adaptive', curriculum_noise_step=0.0, curriculum_patience=1, entropy=0.08, entropy_min=0.01, eps_clip=0.1, gae_lambda=0.98, gamma=0.998, grad_clip=0.35, gymip_train_xml='inverted_pendulum_ChangeThk_0.050000.xml', hid_group_num=8, hid_group_size=8, hidden_num=64, ignore_checkpoint=True, lane_profile='auto', lr=0.00025, max_noise=0.0, mini_batch_size=128, model='rwtaspk', monitor_time=False, optimizer='rmsprop', rep=11, response_window=40, reward_scale=0.9, road_scenario='highway', rollout_steps=512, rwta_del_connection='none', seed=11, snn_num_steps=15, task='gymip', thread=-1, traffic_level='standard', train_envs=4, train_num=8000, warm_start_kind='none', warm_start_prefix='')
seed,     11
model_dir,/root/autodl-tmp/SVPG2023/LANE/training_runs/ours/highway_standard/models
log_dir,  /root/autodl-tmp/SVPG2023/LANE/training_runs/ours/highway_standard/logs
profile,  lane auto-stabilize: lr->0.00025, gamma->0.998, entropy->0.08, entropy_min->0.01, PPO_epochs->4, eps_clip->0.1, rollout_steps->512, mini_batch_size->128, gae_lambda->0.98, grad_clip->0.35, curriculum_mode->adaptive, max_noise->0.0, reward_scale->0.9, curriculum_clean_ratio->1.0, curriculum_noise_step->0.0, curriculum_patience->1, curriculum_entropy_decay->0.92
parallel, train_envs 4
train,    1, -28.885705,    7, 0.65,    2, 0.000, 0.000, 0.280, 32
train,    2, -25.090201,    5, 0.66,    2, 0.000, 0.000, 0.280, 32
train,    3, -25.677636,    5, 0.72,    2, 0.000, 0.000, 0.280, 32
train,    4, -25.505597,    8, 0.64,    3, 0.000, 0.000, 0.280, 32
train,    5, -27.429594,   11, 0.65,    2, 0.000, 0.000, 0.280, 32
train,    6, -24.958482,    7, 0.64,    3, 0.000, 0.000, 0.280, 32
train,    7, -27.165792,    6, 0.68,    2, 0.000, 0.000, 0.280, 32
train,    8, -24.044883,    9, 0.63,    3, 0.000, 0.000, 0.280, 32
train,    9, -26.182980,    8, 0.68,    2, 0.000, 0.000, 0.280, 32
train,    10, -24.015677,    9, 0.65,    2, 0.000, 0.000, 0.280, 32
train,    11, -24.966442,    6, 0.68,    3, 0.000, 0.000, 0.280, 32
train,    12, -25.694729,   10, 0.65,    3, 0.000, 0.000, 0.280, 32
train,    13, -27.584590,   10, 0.62,    3, 0.000, 0.000, 0.280, 32
train,    14, -25.341980,    5, 0.63,    2, 0.000, 0.000, 0.280, 32
train,    15, -25.608032,    6, 0.65,    1, 0.000, 0.000, 0.280, 32
train,    16, -24.642752,   10, 0.63,    2, 0.000, 0.000, 0.280, 32
train,    17, -25.312282,    8, 0.67,    1, 0.000, 0.000, 0.280, 32
train,    18, -22.499366,    9, 0.63,    2, 0.000, 0.000, 0.280, 32
train,    19, -25.336109,    8, 0.60,    2, 0.000, 0.000, 0.280, 32
train,    20, -24.172747,   10, 0.67,    2, 0.000, 0.000, 0.280, 32
train,    21, -22.870683,    6, 0.63,    3, 0.000, 0.000, 0.280, 32
train,    22, -25.840846,   11, 0.64,    2, 0.000, 0.000, 0.280, 32
train,    23, -25.703785,    8, 0.62,    2, 0.000, 0.000, 0.280, 32
train,    24, -26.156759,    7, 0.66,    2, 0.000, 0.000, 0.280, 32
train,    25, -23.718626,   10, 0.62,    3, 0.000, 0.000, 0.280, 32
train,    26, -25.013669,    7, 0.62,    2, 0.000, 0.000, 0.280, 32
train,    27, -24.465565,    9, 0.67,    3, 0.000, 0.000, 0.280, 32
train,    28, -24.592047,    8, 0.65,    2, 0.000, 0.000, 0.280, 32
train,    29, -22.963787,    9, 0.63,    2, 0.000, 0.000, 0.280, 32
train,    30, -22.958162,    6, 0.66,    2, 0.000, 0.000, 0.280, 32
train,    31, -25.949750,    8, 0.64,    3, 0.000, 0.000, 0.280, 32
train,    32, -25.048804,    8, 0.63,    2, 0.000, 0.000, 0.280, 32
train,    33, -25.772634,    9, 0.63,    3, 0.000, 0.000, 0.280, 32
train,    34, -23.849062,    5, 0.64,    3, 0.000, 0.000, 0.280, 32
train,    35, -25.373041,   12, 0.66,    3, 0.000, 0.000, 0.280, 32
train,    36, -26.570250,    9, 0.63,    2, 0.000, 0.000, 0.280, 32
train,    37, -24.433065,    7, 0.64,    3, 0.000, 0.000, 0.280, 32
train,    38, -21.915282,    9, 0.60,    3, 0.000, 0.000, 0.280, 32
train,    39, -24.657945,    9, 0.64,    2, 0.000, 0.000, 0.280, 32
train,    40, -23.297890,   10, 0.64,    2, 0.000, 0.000, 0.280, 32
train,    41, -20.529441,    9, 0.65,    3, 0.000, 0.000, 0.280, 32
train,    42, -24.466581,    9, 0.61,    2, 0.000, 0.000, 0.280, 32
train,    43, -21.882237,   10, 0.64,    2, 0.000, 0.000, 0.280, 32
train,    44, -22.909238,   14, 0.67,    2, 0.000, 0.000, 0.280, 32
train,    45, -24.221647,   11, 0.62,    2, 0.000, 0.000, 0.280, 32
train,    46, -22.620278,    8, 0.62,    2, 0.000, 0.000, 0.280, 32
train,    47, -20.630739,   10, 0.62,    2, 0.000, 0.000, 0.280, 32
train,    48, -23.352664,    9, 0.68,    3, 0.000, 0.000, 0.280, 32
train,    49, -24.967610,    9, 0.65,    2, 0.000, 0.000, 0.280, 32
train,    50, -23.866963,   11, 0.63,    2, 0.000, 0.000, 0.280, 32
train,    51, -24.949485,    8, 0.63,    3, 0.000, 0.000, 0.280, 32
train,    52, -22.971914,   10, 0.65,    2, 0.000, 0.000, 0.280, 32
train,    53, -23.738656,   10, 0.59,    2, 0.000, 0.000, 0.280, 32
train,    54, -23.624942,    8, 0.66,    2, 0.000, 0.000, 0.280, 32
train,    55, -24.228768,   13, 0.64,    4, 0.000, 0.000, 0.280, 32
train,    56, -21.655953,   10, 0.64,    2, 0.000, 0.000, 0.280, 32
train,    57, -23.858948,    9, 0.62,    2, 0.000, 0.000, 0.280, 32
train,    58, -22.807848,    9, 0.65,    2, 0.000, 0.000, 0.280, 32
train,    59, -21.462094,    9, 0.63,    2, 0.000, 0.000, 0.280, 32
train,    60, -23.982621,   10, 0.59,    2, 0.000, 0.000, 0.280, 32
train,    61, -23.921569,    9, 0.64,    2, 0.000, 0.000, 0.280, 32
train,    62, -24.352187,   12, 0.60,    3, 0.000, 0.000, 0.280, 32
train,    63, -25.942946,    9, 0.63,    2, 0.000, 0.000, 0.280, 32
train,    64, -24.288514,   10, 0.64,    2, 0.000, 0.000, 0.280, 32
train,    65, -21.842762,   10, 0.64,    3, 0.000, 0.000, 0.280, 32
train,    66, -22.740886,   12, 0.61,    1, 0.000, 0.000, 0.280, 32
train,    67, -22.730159,    8, 0.62,    2, 0.000, 0.000, 0.280, 32
train,    68, -23.745716,   12, 0.60,    3, 0.000, 0.000, 0.280, 32
train,    69, -24.766999,   12, 0.57,    2, 0.000, 0.000, 0.280, 32
train,    70, -24.089267,   12, 0.62,    3, 0.000, 0.000, 0.280, 32
train,    71, -25.295774,   10, 0.61,    2, 0.000, 0.000, 0.280, 32
train,    72, -21.584219,   12, 0.64,    2, 0.000, 0.000, 0.280, 32
train,    73, -25.556264,   12, 0.62,    3, 0.000, 0.000, 0.280, 32
train,    74, -24.705631,    7, 0.61,    2, 0.000, 0.000, 0.280, 32
train,    75, -24.469349,   14, 0.62,    2, 0.000, 0.000, 0.280, 32
train,    76, -22.604114,   11, 0.63,    2, 0.000, 0.000, 0.280, 32
train,    77, -24.603077,   13, 0.59,    3, 0.000, 0.000, 0.280, 32
train,    78, -21.058668,   11, 0.65,    2, 0.000, 0.000, 0.280, 32
train,    79, -22.362868,   13, 0.60,    3, 0.000, 0.000, 0.280, 32
train,    80, -21.971214,   11, 0.65,    3, 0.000, 0.000, 0.280, 32
train,    81, -25.223171,   13, 0.59,    3, 0.000, 0.000, 0.280, 32
train,    82, -24.146771,   12, 0.62,    3, 0.000, 0.000, 0.280, 32
train,    83, -20.260101,    9, 0.61,    3, 0.000, 0.000, 0.280, 32
train,    84, -20.692364,   10, 0.63,    3, 0.000, 0.000, 0.280, 32
train,    85, -22.087942,   11, 0.65,    3, 0.000, 0.000, 0.280, 32
train,    86, -22.666227,   15, 0.61,    2, 0.000, 0.000, 0.280, 32
train,    87, -22.258346,   16, 0.60,    4, 0.000, 0.000, 0.280, 32
train,    88, -21.676177,   11, 0.60,    2, 0.000, 0.000, 0.280, 32
train,    89, -21.661528,   10, 0.59,    3, 0.000, 0.000, 0.280, 32
train,    90, -24.171628,   12, 0.64,    4, 0.000, 0.000, 0.280, 32
train,    91, -23.441376,   14, 0.63,    2, 0.000, 0.000, 0.280, 32
train,    92, -24.330026,   11, 0.63,    3, 0.000, 0.000, 0.280, 32
train,    93, -22.581127,   10, 0.57,    2, 0.000, 0.000, 0.280, 32
train,    94, -22.063181,   12, 0.61,    2, 0.000, 0.000, 0.280, 32
train,    95, -22.094166,   11, 0.64,    3, 0.000, 0.000, 0.280, 32
train,    96, -23.828446,   13, 0.61,    3, 0.000, 0.000, 0.280, 32
train,    97, -23.038837,   12, 0.62,    4, 0.000, 0.000, 0.280, 32
train,    98, -22.595337,   11, 0.62,    2, 0.000, 0.000, 0.280, 32
train,    99, -22.343822,   14, 0.61,    1, 0.000, 0.000, 0.280, 32
train,    100, -23.307373,   14, 0.59,    2, 0.000, 0.000, 0.280, 32
update,   100,    1,  100, -7.442941, 0.000000
val_save_t, 100, 100, -22.576912, 0.5895,  32.5672,   0.2203, 0.1340,  20.6889, progress 0.2298
train,    101, -20.698636,    9, 0.60,    3, 0.000, 0.000, 0.280, 32
train,    102, -22.216354,   15, 0.56,    2, 0.000, 0.000, 0.280, 32
train,    103, -20.096315,   15, 0.61,    3, 0.000, 0.000, 0.280, 32
train,    104, -21.749834,   13, 0.61,    3, 0.000, 0.000, 0.280, 32
train,    105, -22.710101,   13, 0.62,    2, 0.000, 0.000, 0.280, 32
train,    106, -21.600037,   13, 0.59,    2, 0.000, 0.000, 0.280, 32
train,    107, -23.623535,   10, 0.60,    3, 0.000, 0.000, 0.280, 32
train,    108, -20.169918,   13, 0.58,    3, 0.000, 0.000, 0.280, 32
train,    109, -21.695972,   14, 0.60,    3, 0.000, 0.000, 0.280, 32
train,    110, -20.621582,   15, 0.58,    3, 0.000, 0.000, 0.280, 32
train,    111, -21.983777,   11, 0.61,    3, 0.000, 0.000, 0.280, 32
train,    112, -21.050127,   14, 0.57,    2, 0.000, 0.000, 0.280, 32
train,    113, -20.627326,   14, 0.54,    3, 0.000, 0.000, 0.280, 32
train,    114, -22.730746,   14, 0.62,    3, 0.000, 0.000, 0.280, 32
train,    115, -22.377162,   12, 0.58,    3, 0.000, 0.000, 0.280, 32
train,    116, -23.573350,   15, 0.60,    2, 0.000, 0.000, 0.280, 32
train,    117, -22.481604,   12, 0.58,    3, 0.000, 0.000, 0.280, 32
train,    118, -22.581004,   12, 0.60,    2, 0.000, 0.000, 0.280, 32
train,    119, -19.929351,   16, 0.58,    3, 0.000, 0.000, 0.280, 32
train,    120, -23.529585,   15, 0.57,    3, 0.000, 0.000, 0.280, 32
train,    121, -22.059935,   12, 0.60,    3, 0.000, 0.000, 0.280, 32
train,    122, -21.789066,   14, 0.61,    2, 0.000, 0.000, 0.280, 32
train,    123, -20.004107,   14, 0.59,    3, 0.000, 0.000, 0.280, 32
train,    124, -19.398524,   12, 0.54,    4, 0.000, 0.000, 0.280, 32
train,    125, -22.183404,   16, 0.57,    3, 0.000, 0.000, 0.280, 32
train,    126, -22.507436,   13, 0.58,    2, 0.000, 0.000, 0.280, 32
train,    127, -19.289791,   13, 0.59,    2, 0.000, 0.000, 0.280, 32
train,    128, -22.387909,   15, 0.56,    2, 0.000, 0.000, 0.280, 32
train,    129, -20.779820,   15, 0.57,    2, 0.000, 0.000, 0.280, 32
train,    130, -22.244402,   13, 0.58,    3, 0.000, 0.000, 0.280, 32
train,    131, -19.791237,   13, 0.54,    2, 0.000, 0.000, 0.280, 32
train,    132, -22.831062,   13, 0.61,    2, 0.000, 0.000, 0.280, 32
train,    133, -22.238464,    8, 0.55,    3, 0.000, 0.000, 0.280, 32
train,    134, -20.071597,   16, 0.58,    2, 0.000, 0.000, 0.280, 32
train,    135, -20.455748,   17, 0.56,    3, 0.000, 0.000, 0.280, 32
train,    136, -21.699736,   16, 0.55,    3, 0.000, 0.000, 0.280, 32
train,    137, -20.431190,   15, 0.60,    3, 0.000, 0.000, 0.280, 32
train,    138, -20.958451,   19, 0.58,    3, 0.000, 0.000, 0.280, 32
train,    139, -21.535073,   15, 0.58,    3, 0.000, 0.000, 0.280, 32
train,    140, -19.445380,   12, 0.62,    4, 0.000, 0.000, 0.280, 32
train,    141, -20.227060,   18, 0.55,    2, 0.000, 0.000, 0.280, 32
train,    142, -20.922958,   16, 0.56,    4, 0.000, 0.000, 0.280, 32
train,    143, -20.072593,   15, 0.56,    3, 0.000, 0.000, 0.280, 32
train,    144, -18.725056,   19, 0.57,    3, 0.000, 0.000, 0.280, 32
train,    145, -19.809533,   17, 0.58,    3, 0.000, 0.000, 0.280, 32
train,    146, -21.717679,   15, 0.59,    3, 0.000, 0.000, 0.280, 32
train,    147, -21.554531,   16, 0.56,    3, 0.000, 0.000, 0.280, 32
train,    148, -22.112874,   14, 0.56,    4, 0.000, 0.000, 0.280, 32
train,    149, -20.825435,   15, 0.59,    3, 0.000, 0.000, 0.280, 32
train,    150, -20.405429,   16, 0.53,    3, 0.000, 0.000, 0.280, 32
train,    151, -21.803585,   15, 0.58,    2, 0.000, 0.000, 0.280, 32
train,    152, -19.172051,   14, 0.55,    3, 0.000, 0.000, 0.280, 32
train,    153, -20.363512,   13, 0.61,    2, 0.000, 0.000, 0.280, 32
train,    154, -20.299823,   15, 0.57,    3, 0.000, 0.000, 0.280, 32
train,    155, -20.540209,   16, 0.60,    3, 0.000, 0.000, 0.280, 32
train,    156, -21.571775,   17, 0.55,    3, 0.000, 0.000, 0.280, 32
train,    157, -21.442317,   14, 0.58,    2, 0.000, 0.000, 0.280, 32
train,    158, -21.132995,   13, 0.58,    3, 0.000, 0.000, 0.280, 32
train,    159, -20.027483,   18, 0.57,    2, 0.000, 0.000, 0.280, 32
train,    160, -18.813365,   17, 0.54,    4, 0.000, 0.000, 0.280, 33
train,    161, -23.048824,   14, 0.60,    3, 0.000, 0.000, 0.280, 33
train,    162, -20.326261,   14, 0.54,    3, 0.000, 0.000, 0.280, 33
train,    163, -22.000669,   17, 0.53,    2, 0.000, 0.000, 0.280, 33
train,    164, -19.706837,   13, 0.54,    3, 0.000, 0.000, 0.280, 33
train,    165, -20.919323,   16, 0.57,    3, 0.000, 0.000, 0.280, 33
train,    166, -21.167766,   14, 0.52,    3, 0.000, 0.000, 0.280, 33
train,    167, -17.884716,   20, 0.56,    3, 0.000, 0.000, 0.280, 33
train,    168, -19.581052,   13, 0.56,    3, 0.000, 0.000, 0.280, 33
train,    169, -22.457932,   16, 0.57,    2, 0.000, 0.000, 0.280, 33
train,    170, -22.380874,   16, 0.56,    3, 0.000, 0.000, 0.280, 33
train,    171, -21.044773,   16, 0.57,    3, 0.000, 0.000, 0.280, 33
train,    172, -21.840276,   17, 0.55,    3, 0.000, 0.000, 0.280, 33
train,    173, -21.710187,   15, 0.54,    3, 0.000, 0.000, 0.280, 33
train,    174, -21.898463,   18, 0.58,    3, 0.000, 0.000, 0.280, 33
train,    175, -19.705463,   19, 0.58,    3, 0.000, 0.000, 0.280, 33
train,    176, -19.095039,   17, 0.54,    3, 0.000, 0.000, 0.280, 33
train,    177, -17.484361,   18, 0.56,    3, 0.000, 0.000, 0.280, 33
train,    178, -20.542527,   19, 0.56,    3, 0.000, 0.000, 0.280, 33
train,    179, -22.447068,   18, 0.57,    3, 0.000, 0.000, 0.280, 33
train,    180, -20.397402,   17, 0.53,    3, 0.000, 0.000, 0.280, 33
train,    181, -22.313911,   19, 0.55,    3, 0.000, 0.000, 0.280, 33
train,    182, -21.203784,   16, 0.57,    3, 0.000, 0.000, 0.280, 33
train,    183, -21.516872,   16, 0.56,    3, 0.000, 0.000, 0.280, 33
train,    184, -17.697365,   18, 0.54,    2, 0.000, 0.000, 0.280, 33
train,    185, -19.240493,   18, 0.56,    2, 0.000, 0.000, 0.280, 33
train,    186, -19.339129,   16, 0.59,    3, 0.000, 0.000, 0.280, 33
train,    187, -21.048889,   18, 0.55,    3, 0.000, 0.000, 0.280, 33
train,    188, -20.030479,   16, 0.56,    3, 0.000, 0.000, 0.280, 33
train,    189, -20.614729,   16, 0.55,    3, 0.000, 0.000, 0.280, 33
train,    190, -16.983794,   19, 0.60,    4, 0.000, 0.000, 0.280, 33
train,    191, -17.681923,   17, 0.57,    2, 0.000, 0.000, 0.280, 33
train,    192, -22.334356,   17, 0.53,    3, 0.000, 0.000, 0.280, 33
train,    193, -22.731147,   15, 0.57,    3, 0.000, 0.000, 0.280, 33
train,    194, -17.374922,   14, 0.53,    2, 0.000, 0.000, 0.280, 33
train,    195, -19.942287,   18, 0.59,    2, 0.000, 0.000, 0.280, 33
train,    196, -19.880926,   13, 0.55,    3, 0.000, 0.000, 0.280, 33
train,    197, -21.789078,   16, 0.55,    4, 0.000, 0.000, 0.280, 33
train,    198, -21.435948,   20, 0.53,    3, 0.000, 0.000, 0.280, 33
train,    199, -21.192730,   19, 0.58,    3, 0.000, 0.000, 0.280, 33
train,    200, -23.666997,   20, 0.59,    4, 0.000, 0.000, 0.280, 33
update,   200,    2,  200, -7.333838, 0.000000
val_t, 200, 200, -17.930629, 0.4952,  34.4811,   0.1970, 0.2734,  22.0921, progress 0.3493
train,    201, -22.299144,   15, 0.55,    4, 0.000, 0.000, 0.280, 33
train,    202, -21.428023,   18, 0.51,    3, 0.000, 0.000, 0.280, 33
train,    203, -18.051850,   18, 0.57,    4, 0.000, 0.000, 0.280, 33
train,    204, -20.172578,   14, 0.60,    3, 0.000, 0.000, 0.280, 33
train,    205, -19.513772,   17, 0.57,    4, 0.000, 0.000, 0.280, 33
train,    206, -20.220091,   17, 0.51,    4, 0.000, 0.000, 0.280, 33
train,    207, -21.993077,   21, 0.56,    3, 0.000, 0.000, 0.280, 33
train,    208, -18.504530,   18, 0.53,    4, 0.000, 0.000, 0.280, 33
train,    209, -18.691702,   19, 0.53,    3, 0.000, 0.000, 0.280, 33
train,    210, -20.267526,   21, 0.50,    2, 0.000, 0.000, 0.280, 33
train,    211, -18.802006,   20, 0.53,    3, 0.000, 0.000, 0.280, 33
train,    212, -19.682794,   19, 0.55,    4, 0.000, 0.000, 0.280, 33
train,    213, -17.194436,   18, 0.57,    3, 0.000, 0.000, 0.280, 33
train,    214, -17.514709,   19, 0.54,    3, 0.000, 0.000, 0.280, 33
train,    215, -19.441371,   17, 0.54,    3, 0.000, 0.000, 0.280, 33
train,    216, -20.428706,   17, 0.53,    3, 0.000, 0.000, 0.280, 33
train,    217, -20.738873,   21, 0.55,    4, 0.000, 0.000, 0.280, 33
train,    218, -20.430774,   15, 0.52,    2, 0.000, 0.000, 0.280, 33
train,    219, -20.798216,   20, 0.56,    3, 0.000, 0.000, 0.280, 33
train,    220, -19.697715,   19, 0.51,    3, 0.000, 0.000, 0.280, 33
train,    221, -23.289466,   19, 0.52,    2, 0.000, 0.000, 0.280, 33
train,    222, -24.027407,   17, 0.54,    3, 0.000, 0.000, 0.280, 33
train,    223, -19.920362,   22, 0.50,    4, 0.000, 0.000, 0.280, 33
train,    224, -20.778432,   20, 0.52,    3, 0.000, 0.000, 0.280, 33
train,    225, -19.585569,   18, 0.53,    3, 0.000, 0.000, 0.280, 33
train,    226, -19.481314,   18, 0.53,    4, 0.000, 0.000, 0.280, 33
train,    227, -20.741621,   20, 0.54,    4, 0.000, 0.000, 0.280, 33
train,    228, -21.261571,   18, 0.51,    4, 0.000, 0.000, 0.280, 33
train,    229, -18.130776,   18, 0.51,    3, 0.000, 0.000, 0.280, 33
train,    230, -19.167104,   23, 0.51,    4, 0.000, 0.000, 0.280, 33
train,    231, -19.362530,   21, 0.56,    2, 0.000, 0.000, 0.280, 33
train,    232, -19.989069,   17, 0.48,    3, 0.000, 0.000, 0.280, 33
train,    233, -19.663972,   22, 0.54,    4, 0.000, 0.000, 0.280, 33
train,    234, -19.768792,   22, 0.55,    3, 0.000, 0.000, 0.280, 33
train,    235, -20.346213,   19, 0.54,    4, 0.000, 0.000, 0.280, 33
train,    236, -22.434320,   21, 0.56,    3, 0.000, 0.000, 0.280, 33
train,    237, -18.938192,   19, 0.51,    4, 0.000, 0.000, 0.280, 33
train,    238, -19.904019,   18, 0.49,    2, 0.000, 0.000, 0.280, 33
train,    239, -21.156306,   19, 0.54,    3, 0.000, 0.000, 0.280, 33
train,    240, -20.490323,   20, 0.52,    3, 0.000, 0.000, 0.280, 33
train,    241, -20.615862,   17, 0.47,    3, 0.000, 0.000, 0.280, 33
train,    242, -19.658880,   19, 0.53,    3, 0.000, 0.000, 0.280, 33
train,    243, -20.738249,   20, 0.50,    4, 0.000, 0.000, 0.280, 33
train,    244, -20.718682,   21, 0.51,    3, 0.000, 0.000, 0.280, 33
train,    245, -20.919191,   21, 0.55,    4, 0.000, 0.000, 0.280, 33
train,    246, -19.514379,   22, 0.52,    4, 0.000, 0.000, 0.280, 33
train,    247, -16.382647,   19, 0.50,    3, 0.000, 0.000, 0.280, 33
train,    248, -19.318428,   20, 0.52,    4, 0.000, 0.000, 0.280, 33
train,    249, -19.853705,   17, 0.52,    4, 0.000, 0.000, 0.280, 33
train,    250, -21.458255,   18, 0.54,    3, 0.000, 0.000, 0.280, 33
train,    251, -18.434857,   22, 0.57,    3, 0.000, 0.000, 0.280, 33
train,    252, -20.124997,   21, 0.52,    4, 0.000, 0.000, 0.280, 33
train,    253, -17.093439,   21, 0.48,    3, 0.000, 0.000, 0.280, 33
train,    254, -19.168213,   18, 0.49,    2, 0.000, 0.000, 0.280, 33
train,    255, -20.387005,   21, 0.52,    4, 0.000, 0.000, 0.280, 33
train,    256, -20.347331,   22, 0.51,    3, 0.000, 0.000, 0.280, 33
train,    257, -20.728097,   19, 0.48,    3, 0.000, 0.000, 0.280, 33
train,    258, -17.231276,   21, 0.48,    3, 0.000, 0.000, 0.280, 33
train,    259, -20.213058,   17, 0.52,    4, 0.000, 0.000, 0.280, 33
train,    260, -21.601606,   20, 0.54,    4, 0.000, 0.000, 0.280, 33
train,    261, -18.152966,   21, 0.51,    4, 0.000, 0.000, 0.280, 33
train,    262, -18.696819,   20, 0.53,    3, 0.000, 0.000, 0.280, 33
train,    263, -18.397188,   21, 0.56,    3, 0.000, 0.000, 0.280, 33
train,    264, -16.489299,   22, 0.52,    4, 0.000, 0.000, 0.280, 33
train,    265, -19.302338,   22, 0.51,    4, 0.000, 0.000, 0.280, 33
train,    266, -20.184727,   20, 0.49,    4, 0.000, 0.000, 0.280, 33
train,    267, -17.707488,   22, 0.51,    4, 0.000, 0.000, 0.280, 33
train,    268, -20.186849,   19, 0.53,    3, 0.000, 0.000, 0.280, 33
train,    269, -19.163367,   24, 0.56,    4, 0.000, 0.000, 0.280, 33
train,    270, -20.699526,   19, 0.53,    3, 0.000, 0.000, 0.280, 33
train,    271, -18.489207,   23, 0.51,    3, 0.000, 0.000, 0.280, 33
train,    272, -19.447382,   17, 0.52,    4, 0.000, 0.000, 0.280, 33
train,    273, -19.762357,   21, 0.51,    4, 0.000, 0.000, 0.280, 33
train,    274, -20.160091,   24, 0.51,    4, 0.000, 0.000, 0.280, 33
train,    275, -18.548283,   22, 0.51,    4, 0.000, 0.000, 0.280, 33
train,    276, -20.167223,   19, 0.53,    3, 0.000, 0.000, 0.280, 33
train,    277, -16.958041,   22, 0.52,    3, 0.000, 0.000, 0.280, 33
train,    278, -18.385152,   22, 0.50,    4, 0.000, 0.000, 0.280, 33
train,    279, -18.559828,   22, 0.53,    4, 0.000, 0.000, 0.280, 33
train,    280, -18.189971,   23, 0.50,    4, 0.000, 0.000, 0.280, 33
train,    281, -19.154791,   22, 0.51,    4, 0.000, 0.000, 0.280, 33
train,    282, -17.978411,   24, 0.53,    4, 0.000, 0.000, 0.280, 33
train,    283, -20.491566,   23, 0.48,    3, 0.000, 0.000, 0.280, 33
train,    284, -18.859665,   23, 0.53,    4, 0.000, 0.000, 0.280, 33
train,    285, -17.415053,   22, 0.53,    4, 0.000, 0.000, 0.280, 33
train,    286, -20.014912,   22, 0.53,    4, 0.000, 0.000, 0.280, 33
train,    287, -22.033045,   21, 0.47,    5, 0.000, 0.000, 0.280, 33
train,    288, -17.799433,   24, 0.51,    5, 0.000, 0.000, 0.280, 33
train,    289, -16.431085,   21, 0.51,    3, 0.000, 0.000, 0.280, 33
train,    290, -18.999722,   21, 0.51,    5, 0.000, 0.000, 0.280, 33
train,    291, -20.587032,   23, 0.51,    3, 0.000, 0.000, 0.280, 33
train,    292, -17.288784,   23, 0.51,    4, 0.000, 0.000, 0.280, 33
train,    293, -18.207121,   22, 0.50,    3, 0.000, 0.000, 0.280, 33
train,    294, -17.531840,   23, 0.53,    4, 0.000, 0.000, 0.280, 33
train,    295, -18.326183,   22, 0.49,    4, 0.000, 0.000, 0.280, 33
train,    296, -20.910715,   23, 0.50,    4, 0.000, 0.000, 0.280, 33
train,    297, -22.447997,   24, 0.51,    4, 0.000, 0.000, 0.280, 33
train,    298, -19.255712,   23, 0.49,    4, 0.000, 0.000, 0.280, 33
train,    299, -18.283792,   21, 0.52,    3, 0.000, 0.000, 0.280, 33
train,    300, -17.064413,   22, 0.49,    4, 0.000, 0.000, 0.280, 33
update,   300,    3,  300, -4.549486, 0.000000
val_t, 300, 300, -14.289989, 0.4384,  45.7576,   0.1781, 0.2682,  21.9521, progress 0.3557
train,    301, -19.045069,   24, 0.48,    4, 0.000, 0.000, 0.280, 33
train,    302, -19.872806,   22, 0.45,    3, 0.000, 0.000, 0.280, 33
train,    303, -19.881298,   24, 0.49,    4, 0.000, 0.000, 0.280, 33
train,    304, -17.777941,   23, 0.50,    4, 0.000, 0.000, 0.280, 33
train,    305, -20.494346,   23, 0.51,    4, 0.000, 0.000, 0.280, 33
train,    306, -17.619726,   21, 0.49,    4, 0.000, 0.000, 0.280, 33
train,    307, -17.863330,   25, 0.50,    4, 0.000, 0.000, 0.280, 33
train,    308, -20.152124,   26, 0.52,    4, 0.000, 0.000, 0.280, 33
train,    309, -20.261799,   26, 0.47,    3, 0.000, 0.000, 0.280, 33
train,    310, -19.203853,   18, 0.49,    4, 0.000, 0.000, 0.280, 33
train,    311, -18.963296,   25, 0.49,    4, 0.000, 0.000, 0.280, 33
train,    312, -15.798433,   23, 0.50,    3, 0.000, 0.000, 0.280, 33
train,    313, -20.297736,   23, 0.48,    3, 0.000, 0.000, 0.280, 33
train,    314, -18.897067,   22, 0.47,    3, 0.000, 0.000, 0.280, 33
train,    315, -19.052714,   24, 0.53,    4, 0.000, 0.000, 0.280, 33
train,    316, -18.682538,   21, 0.51,    3, 0.000, 0.000, 0.280, 33
train,    317, -16.084699,   23, 0.48,    3, 0.000, 0.000, 0.280, 33
train,    318, -19.588672,   22, 0.47,    4, 0.000, 0.000, 0.280, 33
train,    319, -20.589558,   25, 0.48,    4, 0.000, 0.000, 0.280, 33
train,    320, -19.849032,   26, 0.49,    4, 0.000, 0.000, 0.280, 34
train,    321, -20.419206,   23, 0.48,    3, 0.000, 0.000, 0.280, 34
train,    322, -17.274896,   20, 0.49,    3, 0.000, 0.000, 0.280, 34
train,    323, -18.599175,   24, 0.50,    4, 0.000, 0.000, 0.280, 34
train,    324, -19.847961,   26, 0.51,    4, 0.000, 0.000, 0.280, 34
train,    325, -20.128098,   24, 0.50,    4, 0.000, 0.000, 0.280, 34
train,    326, -16.860054,   21, 0.51,    3, 0.000, 0.000, 0.280, 34
train,    327, -18.060908,   23, 0.48,    5, 0.000, 0.000, 0.280, 34
train,    328, -18.041348,   25, 0.51,    4, 0.000, 0.000, 0.280, 34
train,    329, -19.790385,   20, 0.47,    4, 0.000, 0.000, 0.280, 34
train,    330, -17.719348,   26, 0.48,    4, 0.000, 0.000, 0.280, 34
train,    331, -17.062281,   20, 0.49,    4, 0.000, 0.000, 0.280, 34
train,    332, -16.391779,   25, 0.48,    4, 0.000, 0.000, 0.280, 34
train,    333, -16.903164,   25, 0.49,    4, 0.000, 0.000, 0.280, 34
train,    334, -20.941332,   25, 0.49,    4, 0.000, 0.000, 0.280, 34
train,    335, -19.888006,   21, 0.46,    5, 0.000, 0.000, 0.280, 34
train,    336, -16.975963,   22, 0.46,    4, 0.000, 0.000, 0.280, 34
train,    337, -18.509727,   27, 0.51,    4, 0.000, 0.000, 0.280, 34
train,    338, -17.806057,   22, 0.49,    4, 0.000, 0.000, 0.280, 34
train,    339, -20.103092,   25, 0.52,    3, 0.000, 0.000, 0.280, 34
train,    340, -16.506581,   26, 0.47,    4, 0.000, 0.000, 0.280, 34
train,    341, -17.292160,   21, 0.46,    4, 0.000, 0.000, 0.280, 34
train,    342, -19.163222,   24, 0.48,    4, 0.000, 0.000, 0.280, 34
train,    343, -18.217549,   22, 0.48,    4, 0.000, 0.000, 0.280, 34
train,    344, -20.333916,   24, 0.48,    3, 0.000, 0.000, 0.280, 34
train,    345, -20.128284,   25, 0.48,    5, 0.000, 0.000, 0.280, 34
train,    346, -17.742405,   22, 0.48,    4, 0.000, 0.000, 0.280, 34
train,    347, -17.616455,   25, 0.51,    4, 0.000, 0.000, 0.280, 34
train,    348, -18.237072,   23, 0.47,    5, 0.000, 0.000, 0.280, 34
train,    349, -17.214674,   25, 0.48,    4, 0.000, 0.000, 0.280, 34
train,    350, -18.364702,   24, 0.49,    4, 0.000, 0.000, 0.280, 34
train,    351, -18.735053,   23, 0.46,    4, 0.000, 0.000, 0.280, 34
train,    352, -18.288162,   23, 0.48,    3, 0.000, 0.000, 0.280, 34
train,    353, -18.978719,   23, 0.48,    5, 0.000, 0.000, 0.280, 34
train,    354, -16.477794,   24, 0.43,    3, 0.000, 0.000, 0.280, 34
train,    355, -18.068018,   24, 0.47,    4, 0.000, 0.000, 0.280, 34
train,    356, -17.205028,   26, 0.49,    5, 0.000, 0.000, 0.280, 34
train,    357, -18.852958,   27, 0.48,    4, 0.000, 0.000, 0.280, 34
train,    358, -15.658920,   27, 0.51,    4, 0.000, 0.000, 0.280, 34
train,    359, -17.282517,   25, 0.45,    4, 0.000, 0.000, 0.280, 34
train,    360, -19.051123,   25, 0.46,    4, 0.000, 0.000, 0.280, 34
train,    361, -18.038094,   24, 0.47,    4, 0.000, 0.000, 0.280, 34
train,    362, -15.875944,   25, 0.44,    4, 0.000, 0.000, 0.280, 34
train,    363, -17.404221,   23, 0.47,    4, 0.000, 0.000, 0.280, 34
train,    364, -16.006292,   23, 0.45,    4, 0.000, 0.000, 0.280, 34
train,    365, -16.700202,   27, 0.46,    5, 0.000, 0.000, 0.280, 34
train,    366, -15.805813,   26, 0.47,    4, 0.000, 0.000, 0.280, 34
train,    367, -19.202449,   26, 0.48,    4, 0.000, 0.000, 0.280, 34
train,    368, -17.741196,   22, 0.48,    4, 0.000, 0.000, 0.280, 34
train,    369, -17.008393,   27, 0.46,    4, 0.000, 0.000, 0.280, 34
train,    370, -16.321594,   24, 0.46,    4, 0.000, 0.000, 0.280, 34
train,    371, -16.563410,   27, 0.47,    3, 0.000, 0.000, 0.280, 34
train,    372, -17.237347,   28, 0.48,    4, 0.000, 0.000, 0.280, 34
train,    373, -16.558082,   22, 0.49,    4, 0.000, 0.000, 0.280, 34
train,    374, -16.230150,   26, 0.49,    4, 0.000, 0.000, 0.280, 34
train,    375, -18.099790,   27, 0.49,    3, 0.000, 0.000, 0.280, 34
train,    376, -16.691856,   23, 0.45,    4, 0.000, 0.000, 0.280, 34
train,    377, -18.276357,   29, 0.44,    4, 0.000, 0.000, 0.280, 34
train,    378, -16.461626,   21, 0.45,    4, 0.000, 0.000, 0.280, 34
train,    379, -16.606370,   27, 0.44,    3, 0.000, 0.000, 0.280, 34
train,    380, -15.083562,   28, 0.48,    4, 0.000, 0.000, 0.280, 34
train,    381, -16.582665,   24, 0.43,    4, 0.000, 0.000, 0.280, 34
train,    382, -15.770629,   24, 0.47,    4, 0.000, 0.000, 0.280, 34
train,    383, -16.125293,   27, 0.47,    4, 0.000, 0.000, 0.280, 34
train,    384, -16.118905,   26, 0.48,    4, 0.000, 0.000, 0.280, 34
train,    385, -16.676435,   25, 0.49,    4, 0.000, 0.000, 0.280, 34
train,    386, -17.511145,   27, 0.45,    4, 0.000, 0.000, 0.280, 34
train,    387, -16.046910,   25, 0.46,    4, 0.000, 0.000, 0.280, 34
train,    388, -18.067380,   26, 0.48,    4, 0.000, 0.000, 0.280, 34
train,    389, -15.868951,   25, 0.46,    4, 0.000, 0.000, 0.280, 34
train,    390, -18.502861,   30, 0.48,    4, 0.000, 0.000, 0.280, 34
train,    391, -16.981603,   28, 0.44,    4, 0.000, 0.000, 0.280, 34
train,    392, -16.833518,   25, 0.45,    4, 0.000, 0.000, 0.280, 34
train,    393, -16.121037,   29, 0.46,    4, 0.000, 0.000, 0.280, 34
train,    394, -17.305285,   26, 0.44,    5, 0.000, 0.000, 0.280, 34
train,    395, -17.022836,   25, 0.49,    4, 0.000, 0.000, 0.280, 34
train,    396, -18.659396,   28, 0.44,    4, 0.000, 0.000, 0.280, 34
train,    397, -17.515480,   29, 0.48,    3, 0.000, 0.000, 0.280, 34
train,    398, -16.547567,   26, 0.43,    4, 0.000, 0.000, 0.280, 34
train,    399, -14.583705,   26, 0.46,    3, 0.000, 0.000, 0.280, 34
train,    400, -15.182013,   26, 0.45,    4, 0.000, 0.000, 0.280, 34
update,   400,    4,  400, -3.465683, 0.000000
val_t, 400, 400, -13.950984, 0.3882,  47.9080,   0.2089, 0.3728,  22.7232, progress 0.4509
train,    401, -18.366006,   27, 0.45,    4, 0.000, 0.000, 0.280, 34
train,    402, -15.289353,   25, 0.44,    4, 0.000, 0.000, 0.280, 34
train,    403, -15.333769,   30, 0.48,    4, 0.000, 0.000, 0.280, 34
train,    404, -17.809436,   27, 0.47,    4, 0.000, 0.000, 0.280, 34
train,    405, -15.004210,   28, 0.47,    4, 0.000, 0.000, 0.280, 34
train,    406, -15.952885,   29, 0.47,    3, 0.000, 0.000, 0.280, 34
train,    407, -14.367363,   27, 0.47,    4, 0.000, 0.000, 0.280, 34
train,    408, -16.464383,   26, 0.47,    5, 0.000, 0.000, 0.280, 34
train,    409, -15.906014,   26, 0.46,    3, 0.000, 0.000, 0.280, 34
train,    410, -12.939086,   26, 0.48,    5, 0.000, 0.000, 0.280, 34
train,    411, -14.115125,   25, 0.42,    4, 0.000, 0.000, 0.280, 34
train,    412, -15.872943,   25, 0.47,    4, 0.000, 0.000, 0.280, 34
train,    413, -16.507609,   30, 0.48,    4, 0.000, 0.000, 0.280, 34
train,    414, -15.736402,   26, 0.46,    4, 0.000, 0.000, 0.280, 34
train,    415, -16.121839,   28, 0.45,    4, 0.000, 0.000, 0.280, 34
train,    416, -13.738401,   30, 0.47,    4, 0.000, 0.000, 0.280, 34
train,    417, -17.665873,   27, 0.46,    4, 0.000, 0.000, 0.280, 34
train,    418, -16.320655,   27, 0.45,    4, 0.000, 0.000, 0.280, 34
train,    419, -15.585637,   27, 0.45,    4, 0.000, 0.000, 0.280, 34
train,    420, -16.632720,   31, 0.46,    4, 0.000, 0.000, 0.280, 34
train,    421, -14.815179,   26, 0.44,    4, 0.000, 0.000, 0.280, 34
train,    422, -14.990761,   28, 0.47,    4, 0.000, 0.000, 0.280, 34
train,    423, -15.336888,   29, 0.43,    5, 0.000, 0.000, 0.280, 34
train,    424, -13.643589,   28, 0.44,    4, 0.000, 0.000, 0.280, 34
train,    425, -14.062103,   29, 0.47,    5, 0.000, 0.000, 0.280, 34
train,    426, -15.019266,   30, 0.41,    4, 0.000, 0.000, 0.280, 34
train,    427, -12.967543,   28, 0.47,    5, 0.000, 0.000, 0.280, 34
train,    428, -13.638799,   32, 0.47,    5, 0.000, 0.000, 0.280, 34
train,    429, -14.618744,   28, 0.45,    4, 0.000, 0.000, 0.280, 34
train,    430, -14.354926,   28, 0.47,    5, 0.000, 0.000, 0.280, 34
train,    431, -18.521374,   28, 0.45,    3, 0.000, 0.000, 0.280, 34
train,    432, -14.543067,   28, 0.44,    5, 0.000, 0.000, 0.280, 34
train,    433, -13.744989,   30, 0.42,    4, 0.000, 0.000, 0.280, 34
train,    434, -17.343389,   27, 0.44,    4, 0.000, 0.000, 0.280, 34
train,    435, -13.037857,   27, 0.44,    5, 0.000, 0.000, 0.280, 34
train,    436, -15.833670,   31, 0.46,    5, 0.000, 0.000, 0.280, 34
train,    437, -16.322424,   31, 0.44,    4, 0.000, 0.000, 0.280, 34
train,    438, -16.971124,   31, 0.43,    5, 0.000, 0.000, 0.280, 34
train,    439, -14.656636,   29, 0.45,    5, 0.000, 0.000, 0.280, 34
train,    440, -13.567731,   27, 0.44,    4, 0.000, 0.000, 0.280, 34
train,    441, -14.976391,   28, 0.47,    5, 0.000, 0.000, 0.280, 34
train,    442, -14.419784,   32, 0.45,    4, 0.000, 0.000, 0.280, 34
train,    443, -16.624861,   31, 0.43,    4, 0.000, 0.000, 0.280, 34
train,    444, -12.570310,   25, 0.43,    4, 0.000, 0.000, 0.280, 34
train,    445, -12.596550,   27, 0.44,    5, 0.000, 0.000, 0.280, 34
train,    446, -13.632231,   30, 0.42,    4, 0.000, 0.000, 0.280, 34
train,    447, -14.022554,   28, 0.42,    4, 0.000, 0.000, 0.280, 34
train,    448, -11.724298,   32, 0.44,    5, 0.000, 0.000, 0.280, 34
train,    449, -12.941572,   30, 0.42,    4, 0.000, 0.000, 0.280, 34
train,    450, -14.028499,   30, 0.44,    4, 0.000, 0.000, 0.280, 34
train,    451, -16.091273,   32, 0.45,    4, 0.000, 0.000, 0.280, 34
train,    452, -12.383514,   31, 0.44,    4, 0.000, 0.000, 0.280, 34
train,    453, -13.486837,   30, 0.43,    5, 0.000, 0.000, 0.280, 34
train,    454, -14.824454,   31, 0.40,    5, 0.000, 0.000, 0.280, 34
train,    455, -12.795703,   31, 0.43,    4, 0.000, 0.000, 0.280, 34
train,    456, -13.351071,   30, 0.47,    4, 0.000, 0.000, 0.280, 34
train,    457, -11.846980,   30, 0.43,    5, 0.000, 0.000, 0.280, 34
train,    458, -13.254066,   28, 0.43,    4, 0.000, 0.000, 0.280, 34
train,    459, -13.166723,   33, 0.39,    5, 0.000, 0.000, 0.280, 34
train,    460, -13.651541,   28, 0.43,    4, 0.000, 0.000, 0.280, 34
train,    461, -11.881191,   31, 0.43,    4, 0.000, 0.000, 0.280, 34
train,    462, -15.095993,   30, 0.41,    4, 0.000, 0.000, 0.280, 34
train,    463, -11.842248,   32, 0.45,    3, 0.000, 0.000, 0.280, 34
train,    464, -11.939543,   27, 0.45,    5, 0.000, 0.000, 0.280, 34
train,    465, -14.872643,   30, 0.47,    4, 0.000, 0.000, 0.280, 34
train,    466, -14.947142,   31, 0.44,    5, 0.000, 0.000, 0.280, 34
train,    467, -12.624592,   26, 0.43,    4, 0.000, 0.000, 0.280, 34
train,    468, -12.704095,   30, 0.46,    5, 0.000, 0.000, 0.280, 34
train,    469, -13.528491,   32, 0.43,    4, 0.000, 0.000, 0.280, 34
train,    470, -13.355220,   28, 0.44,    4, 0.000, 0.000, 0.280, 34
train,    471, -11.660617,   32, 0.41,    4, 0.000, 0.000, 0.280, 34
train,    472, -14.670274,   32, 0.42,    4, 0.000, 0.000, 0.280, 34
train,    473, -14.283666,   31, 0.43,    5, 0.000, 0.000, 0.280, 34
train,    474, -13.092670,   34, 0.44,    4, 0.000, 0.000, 0.280, 34
train,    475, -12.736452,   30, 0.43,    5, 0.000, 0.000, 0.280, 34
train,    476, -15.086341,   34, 0.44,    5, 0.000, 0.000, 0.280, 34
train,    477, -11.688132,   28, 0.42,    5, 0.000, 0.000, 0.280, 34
train,    478, -11.429511,   31, 0.41,    4, 0.000, 0.000, 0.280, 34
train,    479, -13.791171,   29, 0.42,    4, 0.000, 0.000, 0.280, 34
train,    480, -14.279099,   31, 0.40,    5, 0.000, 0.000, 0.280, 35
train,    481, -12.298285,   34, 0.43,    5, 0.000, 0.000, 0.280, 35
train,    482, -14.055894,   30, 0.42,    4, 0.000, 0.000, 0.280, 35
train,    483, -12.958624,   33, 0.42,    4, 0.000, 0.000, 0.280, 35
train,    484, -12.046136,   29, 0.43,    5, 0.000, 0.000, 0.280, 35
train,    485, -12.229001,   29, 0.43,    4, 0.000, 0.000, 0.280, 35
train,    486, -12.950025,   30, 0.39,    4, 0.000, 0.000, 0.280, 35
train,    487, -11.718844,   30, 0.44,    5, 0.000, 0.000, 0.280, 35
train,    488, -12.225555,   30, 0.43,    4, 0.000, 0.000, 0.280, 35
train,    489, -12.331331,   29, 0.44,    5, 0.000, 0.000, 0.280, 35
train,    490, -12.550538,   30, 0.45,    5, 0.000, 0.000, 0.280, 35
train,    491, -12.770164,   32, 0.42,    4, 0.000, 0.000, 0.280, 35
train,    492, -10.281668,   32, 0.40,    4, 0.000, 0.000, 0.280, 35
train,    493, -11.423439,   34, 0.43,    4, 0.000, 0.000, 0.280, 35
train,    494, -11.742824,   31, 0.42,    4, 0.000, 0.000, 0.280, 35
train,    495, -10.379539,   36, 0.41,    5, 0.000, 0.000, 0.280, 35
train,    496, -13.111619,   32, 0.41,    5, 0.000, 0.000, 0.280, 35
train,    497, -10.401338,   31, 0.40,    4, 0.000, 0.000, 0.280, 35
train,    498, -10.521747,   30, 0.44,    4, 0.000, 0.000, 0.280, 35
train,    499, -13.121431,   32, 0.42,    5, 0.000, 0.000, 0.280, 35
train,    500, -13.364714,   33, 0.42,    4, 0.000, 0.000, 0.280, 35
update,   500,    5,  500, -3.536759, 0.000000
val_t, 500, 500, -12.948544, 0.3872,  49.1078,   0.1851, 0.4266,  23.0285, progress 0.4821
train,    501, -10.873558,   35, 0.40,    4, 0.000, 0.000, 0.280, 35
train,    502, -12.880391,   31, 0.42,    4, 0.000, 0.000, 0.280, 35
train,    503, -11.792775,   35, 0.38,    4, 0.000, 0.000, 0.280, 35
train,    504, -12.605750,   32, 0.40,    4, 0.000, 0.000, 0.280, 35
train,    505, -9.646777,   32, 0.40,    4, 0.000, 0.000, 0.280, 35
train,    506, -12.132471,   33, 0.43,    5, 0.000, 0.000, 0.280, 35
train,    507, -11.236995,   28, 0.43,    5, 0.000, 0.000, 0.280, 35
train,    508, -10.309545,   32, 0.45,    5, 0.000, 0.000, 0.280, 35
train,    509, -10.993442,   32, 0.38,    5, 0.000, 0.000, 0.280, 35
train,    510, -11.413916,   32, 0.42,    5, 0.000, 0.000, 0.280, 35
train,    511, -8.805436,   35, 0.39,    5, 0.000, 0.000, 0.280, 35
train,    512, -11.421522,   30, 0.39,    5, 0.000, 0.000, 0.280, 35
train,    513, -11.183637,   30, 0.44,    5, 0.000, 0.000, 0.280, 35
train,    514, -10.602462,   33, 0.38,    3, 0.000, 0.000, 0.280, 35
train,    515, -10.893905,   33, 0.44,    5, 0.000, 0.000, 0.280, 35
train,    516, -11.722735,   34, 0.41,    4, 0.000, 0.000, 0.280, 35
train,    517, -8.949189,   33, 0.42,    4, 0.000, 0.000, 0.280, 35
train,    518, -10.799100,   32, 0.38,    5, 0.000, 0.000, 0.280, 35
train,    519, -10.855672,   36, 0.42,    4, 0.000, 0.000, 0.280, 35
train,    520, -8.774143,   34, 0.41,    5, 0.000, 0.000, 0.280, 35
train,    521, -9.727760,   33, 0.39,    4, 0.000, 0.000, 0.280, 35
train,    522, -9.568488,   32, 0.41,    5, 0.000, 0.000, 0.280, 35
train,    523, -12.253748,   31, 0.42,    5, 0.000, 0.000, 0.280, 35
train,    524, -9.388926,   31, 0.41,    5, 0.000, 0.000, 0.280, 35
train,    525, -11.319441,   36, 0.42,    6, 0.000, 0.000, 0.280, 35
train,    526, -11.389107,   33, 0.43,    5, 0.000, 0.000, 0.280, 35
train,    527, -9.867972,   32, 0.41,    5, 0.000, 0.000, 0.280, 35
train,    528, -9.196359,   37, 0.41,    5, 0.000, 0.000, 0.280, 35
train,    529, -11.036023,   34, 0.40,    5, 0.000, 0.000, 0.280, 35
train,    530, -8.540851,   34, 0.40,    5, 0.000, 0.000, 0.280, 35
train,    531, -9.595491,   31, 0.41,    6, 0.000, 0.000, 0.280, 35
train,    532, -9.579445,   30, 0.41,    5, 0.000, 0.000, 0.280, 35
train,    533, -10.152761,   30, 0.40,    5, 0.000, 0.000, 0.280, 35
train,    534, -11.124637,   33, 0.42,    4, 0.000, 0.000, 0.280, 35
train,    535, -9.414579,   32, 0.41,    5, 0.000, 0.000, 0.280, 35
train,    536, -11.682189,   31, 0.41,    4, 0.000, 0.000, 0.280, 35
train,    537, -11.552123,   34, 0.41,    5, 0.000, 0.000, 0.280, 35
train,    538, -10.691125,   35, 0.38,    4, 0.000, 0.000, 0.280, 35
train,    539, -11.390648,   31, 0.37,    5, 0.000, 0.000, 0.280, 35
train,    540, -9.255521,   35, 0.38,    5, 0.000, 0.000, 0.280, 35
train,    541, -11.831626,   29, 0.38,    6, 0.000, 0.000, 0.280, 35
train,    542, -10.757201,   32, 0.41,    5, 0.000, 0.000, 0.280, 35
train,    543, -9.184038,   33, 0.42,    4, 0.000, 0.000, 0.280, 35
train,    544, -9.960252,   33, 0.41,    5, 0.000, 0.000, 0.280, 35
train,    545, -10.072460,   30, 0.42,    5, 0.000, 0.000, 0.280, 35
train,    546, -8.830974,   33, 0.39,    5, 0.000, 0.000, 0.280, 35
train,    547, -8.997799,   37, 0.42,    5, 0.000, 0.000, 0.280, 35
train,    548, -11.186276,   30, 0.41,    6, 0.000, 0.000, 0.280, 35
train,    549, -8.807801,   32, 0.39,    6, 0.000, 0.000, 0.280, 35
train,    550, -10.019957,   32, 0.37,    5, 0.000, 0.000, 0.280, 35
train,    551, -9.593957,   35, 0.37,    5, 0.000, 0.000, 0.280, 35
train,    552, -8.573537,   35, 0.36,    5, 0.000, 0.000, 0.280, 35
train,    553, -9.566387,   38, 0.37,    4, 0.000, 0.000, 0.280, 35
train,    554, -9.045982,   34, 0.39,    5, 0.000, 0.000, 0.280, 35
train,    555, -9.541461,   32, 0.41,    5, 0.000, 0.000, 0.280, 35
train,    556, -9.247985,   35, 0.38,    5, 0.000, 0.000, 0.280, 35
train,    557, -5.784494,   34, 0.37,    5, 0.000, 0.000, 0.280, 35
train,    558, -8.323903,   29, 0.40,    4, 0.000, 0.000, 0.280, 35
train,    559, -10.030863,   34, 0.39,    5, 0.000, 0.000, 0.280, 35
train,    560, -7.431590,   34, 0.39,    5, 0.000, 0.000, 0.280, 35
train,    561, -7.687467,   35, 0.37,    6, 0.000, 0.000, 0.280, 35
train,    562, -11.353897,   30, 0.40,    5, 0.000, 0.000, 0.280, 35
train,    563, -9.415430,   33, 0.42,    5, 0.000, 0.000, 0.280, 35
train,    564, -7.717718,   33, 0.39,    5, 0.000, 0.000, 0.280, 35
train,    565, -9.584817,   33, 0.39,    5, 0.000, 0.000, 0.280, 35
train,    566, -8.809142,   35, 0.39,    5, 0.000, 0.000, 0.280, 35
train,    567, -9.652739,   31, 0.39,    5, 0.000, 0.000, 0.280, 35
train,    568, -11.400276,   30, 0.40,    4, 0.000, 0.000, 0.280, 35
train,    569, -9.883178,   39, 0.38,    5, 0.000, 0.000, 0.280, 35
train,    570, -10.342202,   35, 0.39,    5, 0.000, 0.000, 0.280, 35
train,    571, -9.962583,   36, 0.39,    4, 0.000, 0.000, 0.280, 35
train,    572, -10.104468,   36, 0.39,    4, 0.000, 0.000, 0.280, 35
train,    573, -9.841536,   33, 0.38,    4, 0.000, 0.000, 0.280, 35
train,    574, -7.222473,   34, 0.36,    5, 0.000, 0.000, 0.280, 35
train,    575, -7.398900,   34, 0.38,    5, 0.000, 0.000, 0.280, 35
train,    576, -8.574212,   36, 0.39,    5, 0.000, 0.000, 0.280, 35
train,    577, -8.738076,   32, 0.39,    5, 0.000, 0.000, 0.280, 35
train,    578, -7.308430,   33, 0.37,    5, 0.000, 0.000, 0.280, 35
train,    579, -9.754267,   36, 0.40,    5, 0.000, 0.000, 0.280, 35
train,    580, -9.017361,   37, 0.38,    5, 0.000, 0.000, 0.280, 35
train,    581, -11.623631,   34, 0.38,    6, 0.000, 0.000, 0.280, 35
train,    582, -8.643581,   34, 0.39,    5, 0.000, 0.000, 0.280, 35
train,    583, -8.400666,   33, 0.40,    5, 0.000, 0.000, 0.280, 35
train,    584, -6.593296,   36, 0.40,    5, 0.000, 0.000, 0.280, 35
train,    585, -7.827200,   36, 0.42,    5, 0.000, 0.000, 0.280, 35
train,    586, -8.388796,   34, 0.39,    5, 0.000, 0.000, 0.280, 35
train,    587, -5.954252,   38, 0.38,    5, 0.000, 0.000, 0.280, 35
train,    588, -8.280239,   33, 0.38,    4, 0.000, 0.000, 0.280, 35
train,    589, -8.208590,   35, 0.37,    5, 0.000, 0.000, 0.280, 35
train,    590, -9.486862,   33, 0.41,    6, 0.000, 0.000, 0.280, 35
train,    591, -6.063807,   36, 0.37,    5, 0.000, 0.000, 0.280, 35
train,    592, -8.450743,   34, 0.38,    5, 0.000, 0.000, 0.280, 35
train,    593, -7.683054,   35, 0.39,    5, 0.000, 0.000, 0.280, 35
train,    594, -6.153888,   37, 0.40,    5, 0.000, 0.000, 0.280, 35
train,    595, -6.548587,   35, 0.38,    5, 0.000, 0.000, 0.280, 35
train,    596, -7.264595,   36, 0.38,    6, 0.000, 0.000, 0.280, 35
train,    597, -8.722299,   35, 0.36,    5, 0.000, 0.000, 0.280, 35
train,    598, -9.069437,   36, 0.41,    5, 0.000, 0.000, 0.280, 35
train,    599, -9.090928,   34, 0.37,    4, 0.000, 0.000, 0.280, 35
train,    600, -6.495232,   35, 0.38,    6, 0.000, 0.000, 0.280, 35
update,   600,    6,  600, -0.820600, 0.000000
val_t, 600, 600, -8.236010, 0.3440,  50.7827,   0.1594, 0.5037,  24.4667, progress 0.5342
train,    601, -6.050903,   32, 0.37,    6, 0.000, 0.000, 0.280, 35
train,    602, -9.254211,   39, 0.36,    4, 0.000, 0.000, 0.280, 35
train,    603, -8.120961,   34, 0.39,    4, 0.000, 0.000, 0.280, 35
train,    604, -8.021335,   37, 0.37,    5, 0.000, 0.000, 0.280, 35
train,    605, -8.511964,   35, 0.39,    5, 0.000, 0.000, 0.280, 35
train,    606, -6.671075,   36, 0.40,    5, 0.000, 0.000, 0.280, 35
train,    607, -7.366522,   33, 0.35,    5, 0.000, 0.000, 0.280, 35
train,    608, -7.863580,   36, 0.36,    5, 0.000, 0.000, 0.280, 35
train,    609, -6.583051,   37, 0.37,    5, 0.000, 0.000, 0.280, 35
train,    610, -8.936022,   37, 0.41,    5, 0.000, 0.000, 0.280, 35
train,    611, -6.240067,   37, 0.39,    6, 0.000, 0.000, 0.280, 35
train,    612, -6.891413,   33, 0.39,    5, 0.000, 0.000, 0.280, 35
train,    613, -7.418912,   37, 0.39,    4, 0.000, 0.000, 0.280, 35
train,    614, -5.360071,   34, 0.32,    7, 0.000, 0.000, 0.280, 35
train,    615, -9.135000,   35, 0.37,    5, 0.000, 0.000, 0.280, 35
train,    616, -8.777566,   37, 0.36,    5, 0.000, 0.000, 0.280, 35
train,    617, -5.578878,   34, 0.40,    5, 0.000, 0.000, 0.280, 35
train,    618, -8.582985,   35, 0.33,    5, 0.000, 0.000, 0.280, 35
train,    619, -7.668711,   39, 0.40,    5, 0.000, 0.000, 0.280, 35
train,    620, -8.958169,   36, 0.37,    5, 0.000, 0.000, 0.280, 35
train,    621, -5.866832,   37, 0.37,    5, 0.000, 0.000, 0.280, 35
train,    622, -6.824776,   37, 0.36,    5, 0.000, 0.000, 0.280, 35
train,    623, -6.726037,   37, 0.36,    6, 0.000, 0.000, 0.280, 35
train,    624, -6.638881,   37, 0.38,    6, 0.000, 0.000, 0.280, 35
train,    625, -6.597402,   34, 0.39,    5, 0.000, 0.000, 0.280, 35
train,    626, -5.649018,   37, 0.42,    5, 0.000, 0.000, 0.280, 35
train,    627, -6.727299,   37, 0.34,    5, 0.000, 0.000, 0.280, 35
train,    628, -6.384682,   37, 0.38,    5, 0.000, 0.000, 0.280, 35
train,    629, -5.403746,   36, 0.34,    5, 0.000, 0.000, 0.280, 35
train,    630, -4.915584,   37, 0.33,    6, 0.000, 0.000, 0.280, 35
train,    631, -7.732432,   31, 0.37,    5, 0.000, 0.000, 0.280, 35
train,    632, -8.491830,   36, 0.37,    5, 0.000, 0.000, 0.280, 35
train,    633, -7.440431,   38, 0.33,    5, 0.000, 0.000, 0.280, 35
train,    634, -10.182371,   33, 0.34,    5, 0.000, 0.000, 0.280, 35
train,    635, -7.999646,   37, 0.38,    5, 0.000, 0.000, 0.280, 35
train,    636, -8.285005,   37, 0.37,    6, 0.000, 0.000, 0.280, 35
train,    637, -7.651708,   33, 0.34,    5, 0.000, 0.000, 0.280, 35
train,    638, -7.086161,   36, 0.36,    5, 0.000, 0.000, 0.280, 35
train,    639, -7.855090,   39, 0.36,    6, 0.000, 0.000, 0.280, 35
train,    640, -8.241098,   38, 0.38,    5, 0.000, 0.000, 0.280, 36
train,    641, -9.576996,   35, 0.37,    4, 0.000, 0.000, 0.280, 36
train,    642, -7.455525,   41, 0.37,    5, 0.000, 0.000, 0.280, 36
train,    643, -6.808428,   36, 0.35,    6, 0.000, 0.000, 0.280, 36
train,    644, -6.087977,   42, 0.37,    5, 0.000, 0.000, 0.280, 36
train,    645, -6.403536,   36, 0.34,    6, 0.000, 0.000, 0.280, 36
train,    646, -6.272741,   37, 0.38,    6, 0.000, 0.000, 0.280, 36
train,    647, -6.901012,   38, 0.36,    5, 0.000, 0.000, 0.280, 36
train,    648, -7.947860,   33, 0.32,    5, 0.000, 0.000, 0.280, 36
train,    649, -6.894686,   39, 0.36,    5, 0.000, 0.000, 0.280, 36
train,    650, -6.059797,   37, 0.37,    5, 0.000, 0.000, 0.280, 36
train,    651, -5.367798,   37, 0.35,    5, 0.000, 0.000, 0.280, 36
train,    652, -7.450738,   41, 0.35,    5, 0.000, 0.000, 0.280, 36
train,    653, -4.986544,   40, 0.32,    6, 0.000, 0.000, 0.280, 36
train,    654, -9.340009,   37, 0.36,    6, 0.000, 0.000, 0.280, 36
train,    655, -6.640463,   39, 0.36,    6, 0.000, 0.000, 0.280, 36
train,    656, -8.086623,   37, 0.36,    6, 0.000, 0.000, 0.280, 36
train,    657, -6.859716,   34, 0.36,    6, 0.000, 0.000, 0.280, 36
train,    658, -7.315813,   39, 0.35,    5, 0.000, 0.000, 0.280, 36
train,    659, -8.836697,   37, 0.35,    4, 0.000, 0.000, 0.280, 36
train,    660, -7.403372,   34, 0.38,    7, 0.000, 0.000, 0.280, 36
train,    661, -7.555941,   38, 0.36,    5, 0.000, 0.000, 0.280, 36
train,    662, -6.702505,   38, 0.38,    4, 0.000, 0.000, 0.280, 36
train,    663, -5.082332,   41, 0.34,    6, 0.000, 0.000, 0.280, 36
train,    664, -6.196703,   38, 0.40,    6, 0.000, 0.000, 0.280, 36
train,    665, -7.955949,   38, 0.35,    5, 0.000, 0.000, 0.280, 36
train,    666, -5.987238,   35, 0.37,    4, 0.000, 0.000, 0.280, 36
train,    667, -6.406086,   34, 0.36,    5, 0.000, 0.000, 0.280, 36
train,    668, -7.424768,   38, 0.36,    5, 0.000, 0.000, 0.280, 36
train,    669, -5.428308,   39, 0.39,    6, 0.000, 0.000, 0.280, 36
train,    670, -7.555380,   36, 0.33,    5, 0.000, 0.000, 0.280, 36
train,    671, -6.465807,   36, 0.35,    5, 0.000, 0.000, 0.280, 36
train,    672, -5.806804,   37, 0.34,    4, 0.000, 0.000, 0.280, 36
train,    673, -7.626657,   37, 0.36,    5, 0.000, 0.000, 0.280, 36
train,    674, -5.618711,   41, 0.37,    6, 0.000, 0.000, 0.280, 36
train,    675, -7.186378,   37, 0.36,    5, 0.000, 0.000, 0.280, 36
train,    676, -4.115538,   36, 0.35,    5, 0.000, 0.000, 0.280, 36
train,    677, -5.905751,   38, 0.36,    5, 0.000, 0.000, 0.280, 36
train,    678, -7.920643,   42, 0.33,    5, 0.000, 0.000, 0.280, 36
train,    679, -6.841373,   37, 0.37,    5, 0.000, 0.000, 0.280, 36
train,    680, -5.620377,   40, 0.35,    5, 0.000, 0.000, 0.280, 36
train,    681, -6.420622,   41, 0.32,    5, 0.000, 0.000, 0.280, 36
train,    682, -7.730815,   36, 0.34,    6, 0.000, 0.000, 0.280, 36
train,    683, -8.440405,   40, 0.37,    4, 0.000, 0.000, 0.280, 36
train,    684, -6.914776,   42, 0.36,    5, 0.000, 0.000, 0.280, 36
train,    685, -8.054985,   39, 0.34,    5, 0.000, 0.000, 0.280, 36
train,    686, -8.995811,   38, 0.32,    6, 0.000, 0.000, 0.280, 36
train,    687, -6.895288,   40, 0.35,    6, 0.000, 0.000, 0.280, 36
train,    688, -5.527842,   38, 0.36,    5, 0.000, 0.000, 0.280, 36
train,    689, -7.852680,   36, 0.33,    5, 0.000, 0.000, 0.280, 36
train,    690, -6.598573,   42, 0.36,    6, 0.000, 0.000, 0.280, 36
train,    691, -5.930019,   39, 0.34,    6, 0.000, 0.000, 0.280, 36
train,    692, -7.305025,   40, 0.35,    6, 0.000, 0.000, 0.280, 36
train,    693, -6.854125,   43, 0.36,    5, 0.000, 0.000, 0.280, 36
train,    694, -8.392866,   40, 0.31,    5, 0.000, 0.000, 0.280, 36
train,    695, -6.319611,   38, 0.38,    6, 0.000, 0.000, 0.280, 36
train,    696, -6.115869,   40, 0.33,    6, 0.000, 0.000, 0.280, 36
train,    697, -6.053035,   40, 0.36,    5, 0.000, 0.000, 0.280, 36
train,    698, -5.673346,   39, 0.35,    4, 0.000, 0.000, 0.280, 36
train,    699, -8.010330,   36, 0.36,    6, 0.000, 0.000, 0.280, 36
train,    700, -7.161899,   41, 0.32,    5, 0.000, 0.000, 0.280, 36
update,   700,    7,  700, 0.444829, 0.000000
val_t, 700, 700, -5.963767, 0.3348,  53.4265,   0.1786, 0.4740,  24.4857, progress 0.5877
train,    701, -8.257171,   41, 0.37,    5, 0.000, 0.000, 0.280, 36
train,    702, -6.134525,   38, 0.36,    5, 0.000, 0.000, 0.280, 36
train,    703, -7.775238,   38, 0.35,    6, 0.000, 0.000, 0.280, 36
train,    704, -5.149761,   39, 0.34,    5, 0.000, 0.000, 0.280, 36
train,    705, -7.469544,   39, 0.35,    6, 0.000, 0.000, 0.280, 36
train,    706, -7.034102,   40, 0.35,    5, 0.000, 0.000, 0.280, 36
train,    707, -6.931629,   38, 0.32,    5, 0.000, 0.000, 0.280, 36
train,    708, -6.376776,   41, 0.35,    6, 0.000, 0.000, 0.280, 36
train,    709, -6.447210,   43, 0.33,    6, 0.000, 0.000, 0.280, 36
train,    710, -6.253397,   38, 0.33,    6, 0.000, 0.000, 0.280, 36
train,    711, -5.808922,   40, 0.37,    6, 0.000, 0.000, 0.280, 36
train,    712, -5.610972,   39, 0.37,    5, 0.000, 0.000, 0.280, 36
train,    713, -7.191692,   41, 0.36,    6, 0.000, 0.000, 0.280, 36
train,    714, -8.420548,   42, 0.33,    5, 0.000, 0.000, 0.280, 36
train,    715, -6.572078,   43, 0.36,    6, 0.000, 0.000, 0.280, 36
train,    716, -7.922037,   42, 0.33,    5, 0.000, 0.000, 0.280, 36
train,    717, -4.591116,   40, 0.34,    6, 0.000, 0.000, 0.280, 36
train,    718, -4.340610,   37, 0.35,    6, 0.000, 0.000, 0.280, 36
train,    719, -4.197480,   36, 0.31,    6, 0.000, 0.000, 0.280, 36
train,    720, -5.392555,   44, 0.34,    7, 0.000, 0.000, 0.280, 36
train,    721, -5.636406,   38, 0.33,    6, 0.000, 0.000, 0.280, 36
train,    722, -7.525525,   41, 0.34,    5, 0.000, 0.000, 0.280, 36
train,    723, -5.504800,   42, 0.32,    7, 0.000, 0.000, 0.280, 36
train,    724, -5.697557,   40, 0.35,    6, 0.000, 0.000, 0.280, 36
train,    725, -6.785306,   39, 0.32,    6, 0.000, 0.000, 0.280, 36
train,    726, -6.640935,   41, 0.34,    6, 0.000, 0.000, 0.280, 36
train,    727, -7.587074,   42, 0.33,    5, 0.000, 0.000, 0.280, 36
train,    728, -7.438941,   41, 0.32,    5, 0.000, 0.000, 0.280, 36
train,    729, -8.097589,   40, 0.36,    5, 0.000, 0.000, 0.280, 36
train,    730, -8.864948,   41, 0.36,    5, 0.000, 0.000, 0.280, 36
train,    731, -8.465315,   42, 0.36,    5, 0.000, 0.000, 0.280, 36
train,    732, -9.187852,   43, 0.34,    6, 0.000, 0.000, 0.280, 36
train,    733, -7.069283,   40, 0.36,    5, 0.000, 0.000, 0.280, 36
train,    734, -7.983424,   37, 0.33,    5, 0.000, 0.000, 0.280, 36
train,    735, -8.408390,   38, 0.33,    7, 0.000, 0.000, 0.280, 36
train,    736, -6.169299,   40, 0.35,    5, 0.000, 0.000, 0.280, 36
train,    737, -4.333412,   42, 0.33,    5, 0.000, 0.000, 0.280, 36
train,    738, -5.421534,   44, 0.33,    6, 0.000, 0.000, 0.280, 36
train,    739, -6.498344,   39, 0.34,    6, 0.000, 0.000, 0.280, 36
train,    740, -5.661410,   39, 0.33,    5, 0.000, 0.000, 0.280, 36
train,    741, -7.859236,   40, 0.34,    7, 0.000, 0.000, 0.280, 36
train,    742, -6.862822,   41, 0.33,    6, 0.000, 0.000, 0.280, 36
train,    743, -6.332556,   41, 0.32,    6, 0.000, 0.000, 0.280, 36
train,    744, -8.261136,   40, 0.31,    5, 0.000, 0.000, 0.280, 36
train,    745, -5.349492,   36, 0.33,    6, 0.000, 0.000, 0.280, 36
train,    746, -9.036890,   40, 0.33,    5, 0.000, 0.000, 0.280, 36
train,    747, -5.350050,   43, 0.32,    6, 0.000, 0.000, 0.280, 36
train,    748, -6.655652,   40, 0.36,    6, 0.000, 0.000, 0.280, 36
train,    749, -6.207563,   43, 0.33,    6, 0.000, 0.000, 0.280, 36
train,    750, -5.789190,   45, 0.36,    6, 0.000, 0.000, 0.280, 36
train,    751, -5.192253,   38, 0.36,    5, 0.000, 0.000, 0.280, 36
train,    752, -5.775181,   42, 0.35,    6, 0.000, 0.000, 0.280, 36
train,    753, -5.528481,   41, 0.34,    6, 0.000, 0.000, 0.280, 36
train,    754, -8.277137,   46, 0.34,    6, 0.000, 0.000, 0.280, 36
train,    755, -7.029424,   41, 0.34,    7, 0.000, 0.000, 0.280, 36
train,    756, -6.254555,   42, 0.36,    5, 0.000, 0.000, 0.280, 36
train,    757, -6.917445,   43, 0.31,    6, 0.000, 0.000, 0.280, 36
train,    758, -7.071806,   38, 0.35,    5, 0.000, 0.000, 0.280, 36
train,    759, -6.015894,   42, 0.35,    5, 0.000, 0.000, 0.280, 36
train,    760, -7.249761,   38, 0.32,    6, 0.000, 0.000, 0.280, 36
train,    761, -7.080168,   41, 0.33,    6, 0.000, 0.000, 0.280, 36
train,    762, -6.373910,   44, 0.31,    5, 0.000, 0.000, 0.280, 36
train,    763, -6.070871,   43, 0.30,    5, 0.000, 0.000, 0.280, 36
train,    764, -8.092830,   43, 0.33,    6, 0.000, 0.000, 0.280, 36
train,    765, -7.349490,   44, 0.33,    6, 0.000, 0.000, 0.280, 36
train,    766, -7.810284,   41, 0.31,    5, 0.000, 0.000, 0.280, 36
train,    767, -8.530869,   44, 0.34,    6, 0.000, 0.000, 0.280, 36
train,    768, -4.346252,   39, 0.32,    5, 0.000, 0.000, 0.280, 36
train,    769, -6.847524,   43, 0.34,    5, 0.000, 0.000, 0.280, 36
train,    770, -6.376837,   41, 0.33,    7, 0.000, 0.000, 0.280, 36
train,    771, -5.775755,   41, 0.35,    6, 0.000, 0.000, 0.280, 36
train,    772, -6.131560,   41, 0.32,    6, 0.000, 0.000, 0.280, 36
train,    773, -7.267918,   40, 0.32,    5, 0.000, 0.000, 0.280, 36
train,    774, -6.994168,   41, 0.33,    5, 0.000, 0.000, 0.280, 36
train,    775, -8.058465,   42, 0.35,    7, 0.000, 0.000, 0.280, 36
train,    776, -7.430534,   41, 0.31,    6, 0.000, 0.000, 0.280, 36
train,    777, -7.305926,   40, 0.32,    5, 0.000, 0.000, 0.280, 36
train,    778, -7.863438,   43, 0.31,    6, 0.000, 0.000, 0.280, 36
train,    779, -8.117383,   41, 0.31,    6, 0.000, 0.000, 0.280, 36
train,    780, -7.951910,   40, 0.33,    6, 0.000, 0.000, 0.280, 36
train,    781, -6.018642,   45, 0.33,    6, 0.000, 0.000, 0.280, 36
train,    782, -6.441123,   44, 0.31,    5, 0.000, 0.000, 0.280, 36
train,    783, -8.612525,   42, 0.34,    6, 0.000, 0.000, 0.280, 36
train,    784, -7.528361,   41, 0.34,    6, 0.000, 0.000, 0.280, 36
train,    785, -6.972760,   44, 0.30,    6, 0.000, 0.000, 0.280, 36
train,    786, -6.550155,   43, 0.33,    7, 0.000, 0.000, 0.280, 36
train,    787, -7.569514,   43, 0.31,    5, 0.000, 0.000, 0.280, 36
train,    788, -7.710694,   39, 0.31,    6, 0.000, 0.000, 0.280, 36
train,    789, -5.418385,   45, 0.32,    6, 0.000, 0.000, 0.280, 36
train,    790, -4.335797,   44, 0.36,    5, 0.000, 0.000, 0.280, 36
train,    791, -6.776767,   44, 0.31,    6, 0.000, 0.000, 0.280, 36
train,    792, -8.890681,   45, 0.32,    6, 0.000, 0.000, 0.280, 36
train,    793, -6.368317,   42, 0.33,    5, 0.000, 0.000, 0.280, 36
train,    794, -6.854879,   43, 0.36,    5, 0.000, 0.000, 0.280, 36
train,    795, -6.528263,   44, 0.33,    6, 0.000, 0.000, 0.280, 36
train,    796, -6.622322,   44, 0.30,    6, 0.000, 0.000, 0.280, 36
train,    797, -7.448909,   42, 0.32,    5, 0.000, 0.000, 0.280, 36
train,    798, -5.254033,   41, 0.34,    6, 0.000, 0.000, 0.280, 36
train,    799, -7.711218,   42, 0.30,    7, 0.000, 0.000, 0.280, 36
train,    800, -7.449921,   42, 0.31,    6, 0.000, 0.000, 0.280, 37
update,   800,    8,  800, 1.685091, 0.000000
val_t, 800, 800, -2.541333, 0.2887,  55.4984,   0.1594, 0.5701,  24.3121, progress 0.5953
train,    801, -6.940796,   47, 0.33,    6, 0.000, 0.000, 0.280, 37
train,    802, -7.006198,   42, 0.32,    6, 0.000, 0.000, 0.280, 37
train,    803, -8.315310,   46, 0.29,    6, 0.000, 0.000, 0.280, 37
train,    804, -7.311170,   44, 0.31,    6, 0.000, 0.000, 0.280, 37
train,    805, -6.010361,   41, 0.31,    6, 0.000, 0.000, 0.280, 37
train,    806, -5.485255,   43, 0.34,    6, 0.000, 0.000, 0.280, 37
train,    807, -8.505974,   41, 0.32,    5, 0.000, 0.000, 0.280, 37
train,    808, -6.153120,   44, 0.33,    5, 0.000, 0.000, 0.280, 37
train,    809, -7.350173,   43, 0.29,    6, 0.000, 0.000, 0.280, 37
train,    810, -8.111407,   41, 0.31,    6, 0.000, 0.000, 0.280, 37
train,    811, -6.181370,   43, 0.32,    6, 0.000, 0.000, 0.280, 37
train,    812, -9.968927,   43, 0.33,    6, 0.000, 0.000, 0.280, 37
train,    813, -7.858776,   44, 0.33,    6, 0.000, 0.000, 0.280, 37
train,    814, -6.669687,   41, 0.32,    6, 0.000, 0.000, 0.280, 37
train,    815, -6.938714,   42, 0.30,    5, 0.000, 0.000, 0.280, 37
train,    816, -8.809126,   44, 0.33,    6, 0.000, 0.000, 0.280, 37
train,    817, -7.152312,   43, 0.29,    6, 0.000, 0.000, 0.280, 37
train,    818, -6.059215,   42, 0.33,    6, 0.000, 0.000, 0.280, 37
train,    819, -8.659903,   43, 0.34,    5, 0.000, 0.000, 0.280, 37
train,    820, -7.483544,   48, 0.30,    6, 0.000, 0.000, 0.280, 37
train,    821, -7.340821,   44, 0.34,    5, 0.000, 0.000, 0.280, 37
train,    822, -8.039930,   42, 0.31,    6, 0.000, 0.000, 0.280, 37
train,    823, -7.481030,   46, 0.30,    6, 0.000, 0.000, 0.280, 37
train,    824, -6.265772,   42, 0.30,    6, 0.000, 0.000, 0.280, 37
train,    825, -8.089278,   48, 0.31,    6, 0.000, 0.000, 0.280, 37
train,    826, -7.052611,   44, 0.32,    6, 0.000, 0.000, 0.280, 37
train,    827, -5.577633,   44, 0.33,    6, 0.000, 0.000, 0.280, 37
train,    828, -8.752844,   41, 0.33,    5, 0.000, 0.000, 0.280, 37
train,    829, -7.480958,   47, 0.32,    7, 0.000, 0.000, 0.280, 37
train,    830, -7.798329,   39, 0.35,    5, 0.000, 0.000, 0.280, 37
train,    831, -9.117720,   42, 0.29,    6, 0.000, 0.000, 0.280, 37
train,    832, -6.550110,   42, 0.31,    6, 0.000, 0.000, 0.280, 37
train,    833, -7.484020,   44, 0.28,    7, 0.000, 0.000, 0.280, 37
train,    834, -6.723878,   45, 0.29,    6, 0.000, 0.000, 0.280, 37
train,    835, -8.064560,   46, 0.33,    6, 0.000, 0.000, 0.280, 37
train,    836, -6.029252,   41, 0.30,    6, 0.000, 0.000, 0.280, 37
train,    837, -7.676513,   44, 0.32,    6, 0.000, 0.000, 0.280, 37
train,    838, -9.980848,   46, 0.27,    5, 0.000, 0.000, 0.280, 37
train,    839, -5.987216,   46, 0.30,    6, 0.000, 0.000, 0.280, 37
train,    840, -6.110817,   44, 0.32,    7, 0.000, 0.000, 0.280, 37
train,    841, -8.650478,   39, 0.30,    5, 0.000, 0.000, 0.280, 37
train,    842, -6.090072,   38, 0.32,    6, 0.000, 0.000, 0.280, 37
train,    843, -6.389423,   43, 0.31,    7, 0.000, 0.000, 0.280, 37
train,    844, -7.385266,   41, 0.32,    6, 0.000, 0.000, 0.280, 37
train,    845, -8.850222,   41, 0.28,    6, 0.000, 0.000, 0.280, 37
train,    846, -8.197059,   41, 0.30,    7, 0.000, 0.000, 0.280, 37
train,    847, -8.408562,   48, 0.31,    7, 0.000, 0.000, 0.280, 37
train,    848, -6.235625,   45, 0.28,    6, 0.000, 0.000, 0.280, 37
train,    849, -8.510030,   45, 0.30,    6, 0.000, 0.000, 0.280, 37
train,    850, -7.865670,   48, 0.33,    5, 0.000, 0.000, 0.280, 37
train,    851, -5.993679,   43, 0.30,    6, 0.000, 0.000, 0.280, 37
train,    852, -9.421112,   41, 0.30,    6, 0.000, 0.000, 0.280, 37
train,    853, -7.404841,   49, 0.32,    7, 0.000, 0.000, 0.280, 37
train,    854, -7.219630,   44, 0.29,    6, 0.000, 0.000, 0.280, 37
train,    855, -7.471574,   49, 0.32,    5, 0.000, 0.000, 0.280, 37
train,    856, -6.459985,   44, 0.29,    6, 0.000, 0.000, 0.280, 37
train,    857, -7.302231,   46, 0.30,    7, 0.000, 0.000, 0.280, 37
train,    858, -6.351230,   42, 0.24,    6, 0.000, 0.000, 0.280, 37
train,    859, -5.581276,   47, 0.29,    6, 0.000, 0.000, 0.280, 37
train,    860, -5.694475,   45, 0.30,    5, 0.000, 0.000, 0.280, 37
train,    861, -5.804577,   44, 0.30,    6, 0.000, 0.000, 0.280, 37
train,    862, -7.182823,   47, 0.31,    7, 0.000, 0.000, 0.280, 37
train,    863, -6.459365,   44, 0.33,    6, 0.000, 0.000, 0.280, 37
train,    864, -8.059205,   42, 0.29,    6, 0.000, 0.000, 0.280, 37
train,    865, -7.428759,   46, 0.32,    6, 0.000, 0.000, 0.280, 37
train,    866, -7.331608,   44, 0.35,    6, 0.000, 0.000, 0.280, 37
train,    867, -6.652388,   46, 0.27,    7, 0.000, 0.000, 0.280, 37
train,    868, -6.894695,   43, 0.28,    6, 0.000, 0.000, 0.280, 37
train,    869, -7.938824,   48, 0.28,    5, 0.000, 0.000, 0.280, 37
train,    870, -8.696855,   46, 0.31,    7, 0.000, 0.000, 0.280, 37
train,    871, -7.389858,   45, 0.28,    6, 0.000, 0.000, 0.280, 37
train,    872, -8.000517,   45, 0.29,    6, 0.000, 0.000, 0.280, 37
train,    873, -8.245429,   47, 0.32,    6, 0.000, 0.000, 0.280, 37
train,    874, -7.469613,   46, 0.28,    7, 0.000, 0.000, 0.280, 37
train,    875, -4.909865,   48, 0.27,    6, 0.000, 0.000, 0.280, 37
train,    876, -4.685626,   45, 0.30,    6, 0.000, 0.000, 0.280, 37
train,    877, -9.393162,   46, 0.30,    6, 0.000, 0.000, 0.280, 37
train,    878, -5.845551,   44, 0.29,    6, 0.000, 0.000, 0.280, 37
train,    879, -8.367758,   45, 0.26,    5, 0.000, 0.000, 0.280, 37
train,    880, -7.714001,   49, 0.32,    6, 0.000, 0.000, 0.280, 37
train,    881, -7.593219,   48, 0.30,    6, 0.000, 0.000, 0.280, 37
train,    882, -4.564180,   44, 0.29,    6, 0.000, 0.000, 0.280, 37
train,    883, -7.812559,   47, 0.31,    6, 0.000, 0.000, 0.280, 37
train,    884, -7.941044,   47, 0.28,    7, 0.000, 0.000, 0.280, 37
train,    885, -7.001834,   46, 0.31,    6, 0.000, 0.000, 0.280, 37
train,    886, -5.722724,   47, 0.29,    6, 0.000, 0.000, 0.280, 37
train,    887, -6.376934,   44, 0.29,    6, 0.000, 0.000, 0.280, 37
train,    888, -7.614292,   47, 0.28,    6, 0.000, 0.000, 0.280, 37
train,    889, -6.006016,   48, 0.29,    6, 0.000, 0.000, 0.280, 37
train,    890, -8.007072,   46, 0.29,    7, 0.000, 0.000, 0.280, 37
train,    891, -6.058281,   45, 0.27,    7, 0.000, 0.000, 0.280, 37
train,    892, -6.602783,   44, 0.32,    6, 0.000, 0.000, 0.280, 37
train,    893, -8.068066,   42, 0.28,    6, 0.000, 0.000, 0.280, 37
train,    894, -6.934311,   49, 0.30,    6, 0.000, 0.000, 0.280, 37
train,    895, -7.469344,   44, 0.28,    6, 0.000, 0.000, 0.280, 37
train,    896, -7.027786,   45, 0.27,    7, 0.000, 0.000, 0.280, 37
train,    897, -5.229873,   46, 0.29,    7, 0.000, 0.000, 0.280, 37
train,    898, -8.163036,   48, 0.31,    6, 0.000, 0.000, 0.280, 37
train,    899, -4.404138,   47, 0.26,    7, 0.000, 0.000, 0.280, 37
train,    900, -4.884714,   45, 0.27,    5, 0.000, 0.000, 0.280, 37
update,   900,    9,  900, 2.378624, 0.000000
val_t, 900, 900, -1.511208, 0.2629,  60.0114,   0.1430, 0.6139,  25.9209, progress 0.6388
train,    901, -7.145447,   46, 0.31,    7, 0.000, 0.000, 0.280, 37
train,    902, -6.355680,   45, 0.28,    6, 0.000, 0.000, 0.280, 37
train,    903, -6.638924,   42, 0.29,    6, 0.000, 0.000, 0.280, 37
train,    904, -7.176917,   44, 0.29,    6, 0.000, 0.000, 0.280, 37
train,    905, -8.696349,   47, 0.30,    7, 0.000, 0.000, 0.280, 37
train,    906, -6.964801,   47, 0.30,    6, 0.000, 0.000, 0.280, 37
train,    907, -6.351326,   48, 0.30,    7, 0.000, 0.000, 0.280, 37
train,    908, -6.435376,   43, 0.28,    6, 0.000, 0.000, 0.280, 37
train,    909, -6.114052,   45, 0.28,    6, 0.000, 0.000, 0.280, 37
train,    910, -7.856815,   47, 0.27,    7, 0.000, 0.000, 0.280, 37
train,    911, -8.642186,   46, 0.29,    6, 0.000, 0.000, 0.280, 37
train,    912, -7.564023,   44, 0.27,    6, 0.000, 0.000, 0.280, 37
train,    913, -6.380293,   47, 0.27,    6, 0.000, 0.000, 0.280, 37
train,    914, -6.946912,   47, 0.26,    7, 0.000, 0.000, 0.280, 37
train,    915, -6.120098,   49, 0.30,    5, 0.000, 0.000, 0.280, 37
train,    916, -6.135676,   44, 0.26,    7, 0.000, 0.000, 0.280, 37
train,    917, -7.460374,   48, 0.27,    7, 0.000, 0.000, 0.280, 37
train,    918, -6.227987,   44, 0.29,    6, 0.000, 0.000, 0.280, 37
train,    919, -4.393288,   49, 0.29,    6, 0.000, 0.000, 0.280, 37
train,    920, -5.403282,   50, 0.30,    6, 0.000, 0.000, 0.280, 37
train,    921, -7.232533,   52, 0.24,    5, 0.000, 0.000, 0.280, 37
train,    922, -5.487486,   48, 0.31,    6, 0.000, 0.000, 0.280, 37
train,    923, -6.803587,   49, 0.31,    6, 0.000, 0.000, 0.280, 37
train,    924, -6.632017,   47, 0.31,    6, 0.000, 0.000, 0.280, 37
train,    925, -6.757667,   44, 0.30,    7, 0.000, 0.000, 0.280, 37
train,    926, -5.594988,   46, 0.27,    6, 0.000, 0.000, 0.280, 37
train,    927, -6.141524,   45, 0.28,    7, 0.000, 0.000, 0.280, 37
train,    928, -7.289014,   46, 0.26,    7, 0.000, 0.000, 0.280, 37
train,    929, -6.417967,   44, 0.27,    6, 0.000, 0.000, 0.280, 37
train,    930, -6.291913,   50, 0.30,    7, 0.000, 0.000, 0.280, 37
train,    931, -8.005941,   50, 0.26,    6, 0.000, 0.000, 0.280, 37
train,    932, -5.856682,   47, 0.30,    5, 0.000, 0.000, 0.280, 37
train,    933, -5.554470,   51, 0.31,    7, 0.000, 0.000, 0.280, 37
train,    934, -7.197747,   49, 0.31,    7, 0.000, 0.000, 0.280, 37
train,    935, -6.829478,   45, 0.32,    6, 0.000, 0.000, 0.280, 37
train,    936, -5.984461,   45, 0.31,    7, 0.000, 0.000, 0.280, 37
train,    937, -7.426769,   41, 0.27,    7, 0.000, 0.000, 0.280, 37
train,    938, -5.578684,   49, 0.25,    5, 0.000, 0.000, 0.280, 37
train,    939, -6.264090,   47, 0.28,    7, 0.000, 0.000, 0.280, 37
train,    940, -6.304370,   49, 0.28,    7, 0.000, 0.000, 0.280, 37
train,    941, -4.927782,   50, 0.27,    6, 0.000, 0.000, 0.280, 37
train,    942, -4.718319,   52, 0.27,    6, 0.000, 0.000, 0.280, 37
train,    943, -7.953039,   50, 0.30,    7, 0.000, 0.000, 0.280, 37
train,    944, -7.348116,   50, 0.30,    6, 0.000, 0.000, 0.280, 37
train,    945, -6.242804,   48, 0.30,    7, 0.000, 0.000, 0.280, 37
train,    946, -7.260863,   45, 0.26,    5, 0.000, 0.000, 0.280, 37
train,    947, -6.121991,   49, 0.25,    7, 0.000, 0.000, 0.280, 37
train,    948, -7.910719,   47, 0.31,    6, 0.000, 0.000, 0.280, 37
train,    949, -7.324135,   53, 0.29,    7, 0.000, 0.000, 0.280, 37
train,    950, -5.811578,   46, 0.28,    6, 0.000, 0.000, 0.280, 37
train,    951, -6.397279,   50, 0.28,    6, 0.000, 0.000, 0.280, 37
train,    952, -6.060084,   47, 0.27,    7, 0.000, 0.000, 0.280, 37
train,    953, -6.563687,   49, 0.26,    5, 0.000, 0.000, 0.280, 37
train,    954, -6.208244,   46, 0.27,    6, 0.000, 0.000, 0.280, 37
train,    955, -5.373644,   46, 0.26,    7, 0.000, 0.000, 0.280, 37
train,    956, -4.549658,   46, 0.31,    7, 0.000, 0.000, 0.280, 37
train,    957, -6.086350,   52, 0.27,    6, 0.000, 0.000, 0.280, 37
train,    958, -4.192905,   51, 0.30,    6, 0.000, 0.000, 0.280, 37
train,    959, -7.617641,   52, 0.28,    5, 0.000, 0.000, 0.280, 37
train,    960, -6.270579,   51, 0.27,    7, 0.000, 0.000, 0.280, 38
train,    961, -6.251461,   49, 0.28,    6, 0.000, 0.000, 0.280, 38
train,    962, -6.522826,   49, 0.27,    6, 0.000, 0.000, 0.280, 38
train,    963, -5.943456,   45, 0.28,    6, 0.000, 0.000, 0.280, 38
train,    964, -7.066732,   46, 0.28,    6, 0.000, 0.000, 0.280, 38
train,    965, -4.305426,   48, 0.29,    6, 0.000, 0.000, 0.280, 38
train,    966, -5.106460,   48, 0.28,    7, 0.000, 0.000, 0.280, 38
train,    967, -7.347147,   50, 0.28,    6, 0.000, 0.000, 0.280, 38
train,    968, -5.785027,   46, 0.25,    6, 0.000, 0.000, 0.280, 38
train,    969, -5.478046,   47, 0.27,    6, 0.000, 0.000, 0.280, 38
train,    970, -4.968537,   48, 0.28,    6, 0.000, 0.000, 0.280, 38
train,    971, -6.410713,   49, 0.27,    6, 0.000, 0.000, 0.280, 38
train,    972, -5.524074,   53, 0.31,    6, 0.000, 0.000, 0.280, 38
train,    973, -4.901264,   48, 0.25,    7, 0.000, 0.000, 0.280, 38
train,    974, -5.461320,   48, 0.30,    7, 0.000, 0.000, 0.280, 38
train,    975, -4.795116,   47, 0.27,    7, 0.000, 0.000, 0.280, 38
train,    976, -5.581444,   50, 0.30,    8, 0.000, 0.000, 0.280, 38
train,    977, -4.921642,   48, 0.27,    7, 0.000, 0.000, 0.280, 38
train,    978, -5.601675,   49, 0.31,    6, 0.000, 0.000, 0.280, 38
train,    979, -5.292945,   46, 0.28,    5, 0.000, 0.000, 0.280, 38
train,    980, -4.225527,   51, 0.28,    7, 0.000, 0.000, 0.280, 38
train,    981, -6.662836,   48, 0.29,    6, 0.000, 0.000, 0.280, 38
train,    982, -5.132787,   48, 0.27,    7, 0.000, 0.000, 0.280, 38
train,    983, -4.823136,   50, 0.26,    7, 0.000, 0.000, 0.280, 38
train,    984, -4.257913,   47, 0.26,    7, 0.000, 0.000, 0.280, 38
train,    985, -5.220552,   47, 0.29,    6, 0.000, 0.000, 0.280, 38
train,    986, -4.876231,   49, 0.25,    6, 0.000, 0.000, 0.280, 38
train,    987, -4.744106,   52, 0.28,    7, 0.000, 0.000, 0.280, 38
train,    988, -4.343249,   47, 0.28,    7, 0.000, 0.000, 0.280, 38
train,    989, -3.974877,   51, 0.30,    8, 0.000, 0.000, 0.280, 38
train,    990, -2.823970,   50, 0.22,    6, 0.000, 0.000, 0.280, 38
train,    991, -4.178823,   47, 0.24,    6, 0.000, 0.000, 0.280, 38
train,    992, -3.497513,   48, 0.25,    7, 0.000, 0.000, 0.280, 38
train,    993, -4.951582,   47, 0.23,    6, 0.000, 0.000, 0.280, 38
train,    994, -5.067265,   46, 0.25,    7, 0.000, 0.000, 0.280, 38
train,    995, -4.392106,   49, 0.31,    7, 0.000, 0.000, 0.280, 38
train,    996, -5.266505,   48, 0.28,    7, 0.000, 0.000, 0.280, 38
train,    997, -6.119835,   49, 0.27,    7, 0.000, 0.000, 0.280, 38
train,    998, -5.058298,   48, 0.27,    6, 0.000, 0.000, 0.280, 38
train,    999, -5.388258,   48, 0.28,    7, 0.000, 0.000, 0.280, 38
train,    1000, -3.242265,   49, 0.28,    5, 0.000, 0.000, 0.280, 38
update,   1000,   10, 1000, 4.330921, 0.000000
val_t, 1000, 1000, 0.025587, 0.2438,  61.1855,   0.1476, 0.6234,  25.8432, progress 0.6419
train,    1001, -4.030924,   50, 0.26,    7, 0.000, 0.000, 0.280, 38
train,    1002, -6.230421,   53, 0.28,    6, 0.000, 0.000, 0.280, 38
train,    1003, -5.131781,   49, 0.26,    5, 0.000, 0.000, 0.280, 38
train,    1004, -3.578709,   51, 0.26,    7, 0.000, 0.000, 0.280, 38
train,    1005, -4.630060,   51, 0.27,    6, 0.000, 0.000, 0.280, 38
train,    1006, -5.276877,   47, 0.27,    7, 0.000, 0.000, 0.280, 38
train,    1007, -4.318493,   47, 0.24,    6, 0.000, 0.000, 0.280, 38
train,    1008, -5.372819,   49, 0.24,    7, 0.000, 0.000, 0.280, 38
train,    1009, -5.384350,   49, 0.26,    6, 0.000, 0.000, 0.280, 38
train,    1010, -4.631341,   53, 0.26,    6, 0.000, 0.000, 0.280, 38
train,    1011, -5.298105,   54, 0.26,    7, 0.000, 0.000, 0.280, 38
train,    1012, -4.123175,   50, 0.25,    6, 0.000, 0.000, 0.280, 38
train,    1013, -2.024279,   47, 0.30,    7, 0.000, 0.000, 0.280, 38
train,    1014, -5.103079,   51, 0.27,    6, 0.000, 0.000, 0.280, 38
train,    1015, -2.904780,   49, 0.27,    7, 0.000, 0.000, 0.280, 38
train,    1016, -3.085681,   48, 0.26,    7, 0.000, 0.000, 0.280, 38
train,    1017, -4.082695,   49, 0.25,    6, 0.000, 0.000, 0.280, 38
train,    1018, -5.151040,   49, 0.25,    7, 0.000, 0.000, 0.280, 38
train,    1019, -2.450411,   48, 0.27,    7, 0.000, 0.000, 0.280, 38
train,    1020, -3.930114,   50, 0.29,    6, 0.000, 0.000, 0.280, 38
train,    1021, -4.573190,   52, 0.27,    7, 0.000, 0.000, 0.280, 38
train,    1022, -1.866868,   51, 0.29,    7, 0.000, 0.000, 0.280, 38
train,    1023, -3.330533,   49, 0.26,    7, 0.000, 0.000, 0.280, 38
train,    1024, -4.040370,   50, 0.25,    7, 0.000, 0.000, 0.280, 38
train,    1025, -2.541244,   48, 0.26,    6, 0.000, 0.000, 0.280, 38
train,    1026, -5.111487,   47, 0.25,    6, 0.000, 0.000, 0.280, 38
train,    1027, -4.005529,   51, 0.27,    6, 0.000, 0.000, 0.280, 38
train,    1028, -2.758467,   46, 0.30,    6, 0.000, 0.000, 0.280, 38
train,    1029, -5.511722,   52, 0.26,    6, 0.000, 0.000, 0.280, 38
train,    1030, -3.557063,   52, 0.26,    7, 0.000, 0.000, 0.280, 38
train,    1031, -2.797930,   49, 0.25,    7, 0.000, 0.000, 0.280, 38
train,    1032, -3.908719,   55, 0.24,    6, 0.000, 0.000, 0.280, 38
train,    1033, -3.501434,   53, 0.25,    6, 0.000, 0.000, 0.280, 38
train,    1034, -3.071610,   53, 0.27,    6, 0.000, 0.000, 0.280, 38
train,    1035, -3.063076,   51, 0.25,    6, 0.000, 0.000, 0.280, 38
train,    1036, -3.338394,   53, 0.24,    7, 0.000, 0.000, 0.280, 38
train,    1037, -3.966830,   48, 0.27,    6, 0.000, 0.000, 0.280, 38
train,    1038, -3.673574,   50, 0.24,    6, 0.000, 0.000, 0.280, 38
train,    1039, -4.412583,   49, 0.26,    6, 0.000, 0.000, 0.280, 38
train,    1040, -2.694859,   54, 0.24,    5, 0.000, 0.000, 0.280, 38
train,    1041, -1.014122,   53, 0.22,    6, 0.000, 0.000, 0.280, 38
train,    1042, -3.792263,   49, 0.25,    7, 0.000, 0.000, 0.280, 38
train,    1043, -4.019324,   48, 0.24,    7, 0.000, 0.000, 0.280, 38
train,    1044, -3.523011,   50, 0.26,    6, 0.000, 0.000, 0.280, 38
train,    1045, -4.402560,   49, 0.26,    7, 0.000, 0.000, 0.280, 38
train,    1046, -4.611309,   52, 0.25,    7, 0.000, 0.000, 0.280, 38
train,    1047, -3.401215,   53, 0.24,    7, 0.000, 0.000, 0.280, 38
train,    1048, -1.592565,   51, 0.26,    7, 0.000, 0.000, 0.280, 38
train,    1049, -4.557760,   53, 0.26,    7, 0.000, 0.000, 0.280, 38
train,    1050, -3.406413,   47, 0.24,    7, 0.000, 0.000, 0.280, 38
train,    1051, -3.197019,   49, 0.26,    7, 0.000, 0.000, 0.280, 38
train,    1052, -3.422619,   48, 0.25,    7, 0.000, 0.000, 0.280, 38
train,    1053, -1.931799,   50, 0.24,    8, 0.000, 0.000, 0.280, 38
train,    1054, -1.724187,   52, 0.25,    6, 0.000, 0.000, 0.280, 38
train,    1055, -1.337639,   50, 0.23,    7, 0.000, 0.000, 0.280, 38
train,    1056, -2.225426,   52, 0.29,    8, 0.000, 0.000, 0.280, 38
train,    1057, -2.466394,   52, 0.25,    6, 0.000, 0.000, 0.280, 38
train,    1058, -2.706738,   53, 0.25,    7, 0.000, 0.000, 0.280, 38
train,    1059, -2.062966,   52, 0.22,    6, 0.000, 0.000, 0.280, 38
train,    1060, -3.566816,   52, 0.24,    7, 0.000, 0.000, 0.280, 38
train,    1061, -3.814924,   51, 0.24,    7, 0.000, 0.000, 0.280, 38
train,    1062, -2.113249,   54, 0.27,    7, 0.000, 0.000, 0.280, 38
train,    1063, -2.791721,   54, 0.24,    7, 0.000, 0.000, 0.280, 38
train,    1064, -2.849864,   47, 0.27,    7, 0.000, 0.000, 0.280, 38
train,    1065, -2.970593,   53, 0.26,    6, 0.000, 0.000, 0.280, 38
train,    1066, -3.090992,   53, 0.28,    6, 0.000, 0.000, 0.280, 38
train,    1067, -1.762665,   51, 0.27,    7, 0.000, 0.000, 0.280, 38
train,    1068, -3.005924,   56, 0.26,    6, 0.000, 0.000, 0.280, 38
train,    1069, -2.212180,   45, 0.24,    7, 0.000, 0.000, 0.280, 38
train,    1070, -1.228335,   50, 0.24,    6, 0.000, 0.000, 0.280, 38
train,    1071, -2.426364,   55, 0.25,    7, 0.000, 0.000, 0.280, 38
train,    1072, -1.065839,   48, 0.25,    7, 0.000, 0.000, 0.280, 38
train,    1073, -3.031509,   53, 0.26,    7, 0.000, 0.000, 0.280, 38
train,    1074, -2.247492,   47, 0.24,    7, 0.000, 0.000, 0.280, 38
train,    1075, -2.411930,   50, 0.23,    6, 0.000, 0.000, 0.280, 38
train,    1076, -2.488507,   54, 0.24,    7, 0.000, 0.000, 0.280, 38
train,    1077, -0.969556,   51, 0.25,    7, 0.000, 0.000, 0.280, 38
train,    1078, -1.272798,   48, 0.27,    7, 0.000, 0.000, 0.280, 38
train,    1079, -3.110868,   51, 0.25,    7, 0.000, 0.000, 0.280, 38
train,    1080, -1.600608,   53, 0.26,    7, 0.000, 0.000, 0.280, 38
train,    1081, -0.775628,   49, 0.23,    7, 0.000, 0.000, 0.280, 38
train,    1082, -0.929435,   55, 0.27,    6, 0.000, 0.000, 0.280, 38
train,    1083, -2.070191,   51, 0.24,    7, 0.000, 0.000, 0.280, 38
train,    1084, -2.247968,   51, 0.24,    8, 0.000, 0.000, 0.280, 38
train,    1085, -3.611590,   51, 0.25,    8, 0.000, 0.000, 0.280, 38
train,    1086, -2.729976,   53, 0.25,    7, 0.000, 0.000, 0.280, 38
train,    1087, -1.614907,   51, 0.26,    6, 0.000, 0.000, 0.280, 38
train,    1088, -2.076720,   50, 0.25,    7, 0.000, 0.000, 0.280, 38
train,    1089, -1.746929,   54, 0.25,    6, 0.000, 0.000, 0.280, 38
train,    1090, 0.207087,   48, 0.23,    7, 0.000, 0.000, 0.280, 38
train,    1091, -3.636513,   50, 0.26,    6, 0.000, 0.000, 0.280, 38
train,    1092, -1.278804,   52, 0.24,    6, 0.000, 0.000, 0.280, 38
train,    1093, -0.983263,   51, 0.23,    6, 0.000, 0.000, 0.280, 38
train,    1094, -0.764567,   55, 0.23,    6, 0.000, 0.000, 0.280, 38
train,    1095, -1.805608,   52, 0.24,    7, 0.000, 0.000, 0.280, 38
train,    1096, 0.231329,   48, 0.23,    6, 0.000, 0.000, 0.280, 38
train,    1097, -1.568346,   49, 0.22,    7, 0.000, 0.000, 0.280, 38
train,    1098, -0.441469,   47, 0.20,    8, 0.000, 0.000, 0.280, 38
train,    1099, 0.152096,   55, 0.26,    7, 0.000, 0.000, 0.280, 38
train,    1100, 0.121075,   53, 0.26,    7, 0.000, 0.000, 0.280, 38
update,   1100,   11, 1100, 4.737214, 0.000000
val_t, 1100, 1100, -0.931315, 0.2424,  59.5005,   0.1380, 0.6954,  25.8302, progress 0.6775
train,    1101, -2.409723,   53, 0.25,    6, 0.000, 0.000, 0.280, 38
train,    1102, -1.444158,   54, 0.26,    7, 0.000, 0.000, 0.280, 38
train,    1103, -1.108587,   53, 0.23,    7, 0.000, 0.000, 0.280, 38
train,    1104, -1.003886,   53, 0.26,    7, 0.000, 0.000, 0.280, 38
train,    1105, -0.411945,   56, 0.23,    7, 0.000, 0.000, 0.280, 38
train,    1106, 0.082654,   53, 0.25,    6, 0.000, 0.000, 0.280, 38
train,    1107, -0.225934,   56, 0.23,    7, 0.000, 0.000, 0.280, 38
train,    1108, 1.294569,   51, 0.23,    6, 0.000, 0.000, 0.280, 38
train,    1109, 0.707086,   51, 0.28,    8, 0.000, 0.000, 0.280, 38
train,    1110, -0.029977,   55, 0.23,    5, 0.000, 0.000, 0.280, 38
train,    1111, 0.217394,   49, 0.27,    7, 0.000, 0.000, 0.280, 38
train,    1112, 0.637017,   48, 0.26,    7, 0.000, 0.000, 0.280, 38
train,    1113, -0.106190,   49, 0.24,    7, 0.000, 0.000, 0.280, 38
train,    1114, -1.601453,   52, 0.23,    7, 0.000, 0.000, 0.280, 38
train,    1115, 0.566479,   47, 0.21,    7, 0.000, 0.000, 0.280, 38
train,    1116, -0.327478,   51, 0.22,    7, 0.000, 0.000, 0.280, 38
train,    1117, -0.272086,   49, 0.22,    7, 0.000, 0.000, 0.280, 38
train,    1118, 0.444300,   47, 0.22,    7, 0.000, 0.000, 0.280, 38
train,    1119, 0.597016,   50, 0.26,    6, 0.000, 0.000, 0.280, 38
train,    1120, 0.776928,   52, 0.25,    7, 0.000, 0.000, 0.280, 39
train,    1121, -0.545735,   52, 0.23,    6, 0.000, 0.000, 0.280, 39
train,    1122, -0.637825,   52, 0.23,    7, 0.000, 0.000, 0.280, 39
train,    1123, 0.653098,   50, 0.24,    6, 0.000, 0.000, 0.280, 39
train,    1124, 1.738728,   56, 0.25,    8, 0.000, 0.000, 0.280, 39
train,    1125, 1.022052,   51, 0.25,    7, 0.000, 0.000, 0.280, 39
train,    1126, 1.145755,   52, 0.29,    7, 0.000, 0.000, 0.280, 39
train,    1127, -0.727403,   53, 0.25,    7, 0.000, 0.000, 0.280, 39
train,    1128, 0.608957,   51, 0.24,    6, 0.000, 0.000, 0.280, 39
train,    1129, -0.853247,   50, 0.23,    7, 0.000, 0.000, 0.280, 39
train,    1130, 3.150268,   57, 0.26,    7, 0.000, 0.000, 0.280, 39
train,    1131, -1.832712,   54, 0.22,    6, 0.000, 0.000, 0.280, 39
train,    1132, 0.607430,   52, 0.23,    7, 0.000, 0.000, 0.280, 39
train,    1133, -0.148539,   56, 0.25,    6, 0.000, 0.000, 0.280, 39
train,    1134, 1.288298,   47, 0.23,    7, 0.000, 0.000, 0.280, 39
train,    1135, -2.175597,   51, 0.21,    7, 0.000, 0.000, 0.280, 39
train,    1136, 0.867791,   56, 0.23,    7, 0.000, 0.000, 0.280, 39
train,    1137, 0.160740,   52, 0.22,    7, 0.000, 0.000, 0.280, 39
train,    1138, 0.167810,   51, 0.25,    7, 0.000, 0.000, 0.280, 39
train,    1139, -0.711992,   51, 0.24,    6, 0.000, 0.000, 0.280, 39
train,    1140, 0.494385,   57, 0.21,    7, 0.000, 0.000, 0.280, 39
train,    1141, 0.514004,   56, 0.24,    6, 0.000, 0.000, 0.280, 39
train,    1142, 0.044352,   53, 0.21,    7, 0.000, 0.000, 0.280, 39
train,    1143, 1.005789,   49, 0.26,    7, 0.000, 0.000, 0.280, 39
train,    1144, 0.516057,   50, 0.23,    7, 0.000, 0.000, 0.280, 39
train,    1145, -0.489449,   54, 0.25,    8, 0.000, 0.000, 0.280, 39
train,    1146, 1.637117,   55, 0.24,    6, 0.000, 0.000, 0.280, 39
train,    1147, -0.683088,   54, 0.22,    7, 0.000, 0.000, 0.280, 39
train,    1148, 0.750978,   54, 0.23,    8, 0.000, 0.000, 0.280, 39
train,    1149, -0.651707,   54, 0.23,    7, 0.000, 0.000, 0.280, 39
train,    1150, 0.466412,   60, 0.22,    7, 0.000, 0.000, 0.280, 39
train,    1151, 1.274318,   51, 0.23,    7, 0.000, 0.000, 0.280, 39
train,    1152, 1.104915,   51, 0.22,    7, 0.000, 0.000, 0.280, 39
train,    1153, -0.742202,   54, 0.23,    7, 0.000, 0.000, 0.280, 39
train,    1154, 1.186780,   54, 0.24,    7, 0.000, 0.000, 0.280, 39
train,    1155, 0.670489,   56, 0.22,    7, 0.000, 0.000, 0.280, 39
train,    1156, 0.519866,   53, 0.25,    7, 0.000, 0.000, 0.280, 39
train,    1157, 0.018282,   49, 0.22,    7, 0.000, 0.000, 0.280, 39
train,    1158, 1.133885,   52, 0.24,    6, 0.000, 0.000, 0.280, 39
train,    1159, 0.879479,   52, 0.23,    7, 0.000, 0.000, 0.280, 39
train,    1160, 1.869409,   50, 0.22,    7, 0.000, 0.000, 0.280, 39
train,    1161, -0.032149,   48, 0.25,    6, 0.000, 0.000, 0.280, 39
train,    1162, 0.573156,   53, 0.23,    7, 0.000, 0.000, 0.280, 39
train,    1163, 0.419822,   58, 0.23,    7, 0.000, 0.000, 0.280, 39
train,    1164, 0.073419,   60, 0.22,    8, 0.000, 0.000, 0.280, 39
train,    1165, 2.034404,   54, 0.22,    6, 0.000, 0.000, 0.280, 39
train,    1166, 1.513796,   54, 0.21,    7, 0.000, 0.000, 0.280, 39
train,    1167, -0.689538,   50, 0.25,    9, 0.000, 0.000, 0.280, 39
train,    1168, 1.501706,   52, 0.27,    8, 0.000, 0.000, 0.280, 39
train,    1169, 3.396266,   52, 0.22,    7, 0.000, 0.000, 0.280, 39
train,    1170, 1.013791,   55, 0.23,    7, 0.000, 0.000, 0.280, 39
train,    1171, 0.687859,   55, 0.21,    7, 0.000, 0.000, 0.280, 39
train,    1172, -0.247602,   51, 0.22,    7, 0.000, 0.000, 0.280, 39
train,    1173, 1.632253,   58, 0.24,    7, 0.000, 0.000, 0.280, 39
train,    1174, 1.833784,   58, 0.22,    8, 0.000, 0.000, 0.280, 39
train,    1175, -0.118184,   54, 0.21,    7, 0.000, 0.000, 0.280, 39
train,    1176, -0.088987,   55, 0.23,    8, 0.000, 0.000, 0.280, 39
train,    1177, 1.638105,   52, 0.26,    7, 0.000, 0.000, 0.280, 39
train,    1178, 1.396622,   53, 0.22,    6, 0.000, 0.000, 0.280, 39
train,    1179, -0.112920,   51, 0.21,    8, 0.000, 0.000, 0.280, 39
train,    1180, 1.599662,   53, 0.24,    7, 0.000, 0.000, 0.280, 39
train,    1181, 0.230411,   56, 0.22,    7, 0.000, 0.000, 0.280, 39
train,    1182, 1.046561,   54, 0.19,    7, 0.000, 0.000, 0.280, 39
train,    1183, 1.635712,   51, 0.24,    6, 0.000, 0.000, 0.280, 39
train,    1184, 1.346669,   51, 0.23,    6, 0.000, 0.000, 0.280, 39
train,    1185, 1.647889,   52, 0.24,    7, 0.000, 0.000, 0.280, 39
train,    1186, 2.028906,   54, 0.21,    7, 0.000, 0.000, 0.280, 39
train,    1187, 1.853626,   51, 0.24,    7, 0.000, 0.000, 0.280, 39
train,    1188, 0.494694,   53, 0.20,    7, 0.000, 0.000, 0.280, 39
train,    1189, 2.847509,   50, 0.20,    7, 0.000, 0.000, 0.280, 39
train,    1190, 2.360767,   53, 0.22,    7, 0.000, 0.000, 0.280, 39
train,    1191, 0.713586,   54, 0.23,    7, 0.000, 0.000, 0.280, 39
train,    1192, -0.267881,   55, 0.21,    8, 0.000, 0.000, 0.280, 39
train,    1193, 2.330564,   54, 0.23,    7, 0.000, 0.000, 0.280, 39
train,    1194, 0.948975,   57, 0.25,    7, 0.000, 0.000, 0.280, 39
train,    1195, 1.936763,   55, 0.23,    7, 0.000, 0.000, 0.280, 39
train,    1196, 2.010553,   53, 0.20,    7, 0.000, 0.000, 0.280, 39
train,    1197, 0.938214,   57, 0.26,    7, 0.000, 0.000, 0.280, 39
train,    1198, 2.991126,   52, 0.22,    7, 0.000, 0.000, 0.280, 39
train,    1199, 2.540923,   57, 0.20,    7, 0.000, 0.000, 0.280, 39
train,    1200, -0.119970,   57, 0.20,    8, 0.000, 0.000, 0.280, 39
update,   1200,   12, 1200, 5.779746, 0.000000
val_t, 1200, 1200, -0.562298, 0.2238,  61.5881,   0.1392, 0.6969,  26.6976, progress 0.7414
train,    1201, 1.768061,   52, 0.23,    8, 0.000, 0.000, 0.280, 39
train,    1202, 1.715387,   51, 0.23,    8, 0.000, 0.000, 0.280, 39
train,    1203, 2.778383,   54, 0.23,    7, 0.000, 0.000, 0.280, 39
train,    1204, 0.597310,   56, 0.20,    7, 0.000, 0.000, 0.280, 39
train,    1205, 0.656482,   49, 0.22,    6, 0.000, 0.000, 0.280, 39
train,    1206, 1.537662,   52, 0.21,    7, 0.000, 0.000, 0.280, 39
train,    1207, 3.512783,   59, 0.22,    6, 0.000, 0.000, 0.280, 39
train,    1208, 1.609370,   54, 0.23,    7, 0.000, 0.000, 0.280, 39
train,    1209, 3.241389,   53, 0.22,    8, 0.000, 0.000, 0.280, 39
train,    1210, 0.916326,   59, 0.23,    7, 0.000, 0.000, 0.280, 39
train,    1211, 2.266449,   52, 0.21,    8, 0.000, 0.000, 0.280, 39
train,    1212, 0.683512,   58, 0.18,    7, 0.000, 0.000, 0.280, 39
train,    1213, 1.775939,   55, 0.22,    7, 0.000, 0.000, 0.280, 39
train,    1214, 3.896727,   57, 0.21,    8, 0.000, 0.000, 0.280, 39
train,    1215, 2.454227,   56, 0.21,    8, 0.000, 0.000, 0.280, 39
train,    1216, 1.753491,   50, 0.19,    7, 0.000, 0.000, 0.280, 39
train,    1217, 2.405221,   52, 0.22,    6, 0.000, 0.000, 0.280, 39
train,    1218, 1.925995,   58, 0.23,    8, 0.000, 0.000, 0.280, 39
train,    1219, 0.556305,   56, 0.24,    7, 0.000, 0.000, 0.280, 39
train,    1220, 1.141548,   54, 0.25,    8, 0.000, 0.000, 0.280, 39
train,    1221, 0.694920,   53, 0.23,    6, 0.000, 0.000, 0.280, 39
train,    1222, 1.882356,   56, 0.22,    7, 0.000, 0.000, 0.280, 39
train,    1223, 4.251309,   50, 0.21,    8, 0.000, 0.000, 0.280, 39
train,    1224, 1.348856,   59, 0.21,    7, 0.000, 0.000, 0.280, 39
train,    1225, 3.502333,   51, 0.19,    7, 0.000, 0.000, 0.280, 39
train,    1226, 2.304073,   56, 0.20,    6, 0.000, 0.000, 0.280, 39
train,    1227, 1.542746,   58, 0.20,    7, 0.000, 0.000, 0.280, 39
train,    1228, 2.042326,   53, 0.24,    7, 0.000, 0.000, 0.280, 39
train,    1229, 3.011902,   56, 0.21,    8, 0.000, 0.000, 0.280, 39
train,    1230, 3.402194,   58, 0.23,    7, 0.000, 0.000, 0.280, 39
train,    1231, 2.617935,   57, 0.20,    7, 0.000, 0.000, 0.280, 39
train,    1232, 1.726467,   59, 0.22,    8, 0.000, 0.000, 0.280, 39
train,    1233, 2.921341,   52, 0.21,    7, 0.000, 0.000, 0.280, 39
train,    1234, 2.129689,   56, 0.20,    8, 0.000, 0.000, 0.280, 39
train,    1235, 0.620489,   56, 0.20,    8, 0.000, 0.000, 0.280, 39
train,    1236, 3.238792,   59, 0.19,    7, 0.000, 0.000, 0.280, 39
train,    1237, 2.944398,   55, 0.22,    8, 0.000, 0.000, 0.280, 39
train,    1238, 3.008819,   55, 0.19,    8, 0.000, 0.000, 0.280, 39
train,    1239, 2.032131,   59, 0.23,    8, 0.000, 0.000, 0.280, 39
train,    1240, 1.933549,   55, 0.21,    7, 0.000, 0.000, 0.280, 39
train,    1241, 1.953467,   54, 0.22,    7, 0.000, 0.000, 0.280, 39
train,    1242, 2.635402,   60, 0.21,    7, 0.000, 0.000, 0.280, 39
train,    1243, 1.167985,   58, 0.25,    8, 0.000, 0.000, 0.280, 39
train,    1244, 2.201138,   56, 0.22,    8, 0.000, 0.000, 0.280, 39
train,    1245, 1.137081,   50, 0.22,    7, 0.000, 0.000, 0.280, 39
train,    1246, 1.775298,   54, 0.20,    7, 0.000, 0.000, 0.280, 39
train,    1247, 2.497273,   53, 0.22,    9, 0.000, 0.000, 0.280, 39
train,    1248, 1.225365,   52, 0.24,    7, 0.000, 0.000, 0.280, 39
train,    1249, 2.692659,   57, 0.22,    8, 0.000, 0.000, 0.280, 39
train,    1250, 1.847263,   57, 0.22,    7, 0.000, 0.000, 0.280, 39
train,    1251, 2.141306,   52, 0.21,    7, 0.000, 0.000, 0.280, 39
train,    1252, 2.129088,   59, 0.20,    8, 0.000, 0.000, 0.280, 39
train,    1253, 2.543064,   55, 0.23,    7, 0.000, 0.000, 0.280, 39
train,    1254, 1.738039,   55, 0.20,    7, 0.000, 0.000, 0.280, 39
train,    1255, 2.675128,   54, 0.21,    7, 0.000, 0.000, 0.280, 39
train,    1256, 2.161613,   58, 0.21,    7, 0.000, 0.000, 0.280, 39
train,    1257, 2.200160,   56, 0.23,    7, 0.000, 0.000, 0.280, 39
train,    1258, 2.654047,   59, 0.23,    8, 0.000, 0.000, 0.280, 39
train,    1259, 3.163477,   54, 0.22,    7, 0.000, 0.000, 0.280, 39
train,    1260, 1.660056,   57, 0.22,    7, 0.000, 0.000, 0.280, 39
train,    1261, 2.844990,   57, 0.23,    8, 0.000, 0.000, 0.280, 39
train,    1262, 3.700882,   56, 0.20,    8, 0.000, 0.000, 0.280, 39
train,    1263, 1.405703,   55, 0.23,    8, 0.000, 0.000, 0.280, 39
train,    1264, 1.836536,   57, 0.20,    7, 0.000, 0.000, 0.280, 39
train,    1265, 1.440598,   56, 0.24,    8, 0.000, 0.000, 0.280, 39
train,    1266, 3.111442,   59, 0.20,    8, 0.000, 0.000, 0.280, 39
train,    1267, 1.575346,   54, 0.21,    8, 0.000, 0.000, 0.280, 39
train,    1268, 1.046213,   55, 0.21,    8, 0.000, 0.000, 0.280, 39
train,    1269, 1.208108,   58, 0.20,    8, 0.000, 0.000, 0.280, 39
train,    1270, 0.597758,   56, 0.23,    7, 0.000, 0.000, 0.280, 39
train,    1271, 4.283552,   60, 0.25,    8, 0.000, 0.000, 0.280, 39
train,    1272, 2.163258,   56, 0.23,    8, 0.000, 0.000, 0.280, 39
train,    1273, 1.100165,   55, 0.22,    7, 0.000, 0.000, 0.280, 39
train,    1274, 3.640820,   63, 0.18,    8, 0.000, 0.000, 0.280, 39
train,    1275, 1.696915,   57, 0.24,    7, 0.000, 0.000, 0.280, 39
train,    1276, 1.218077,   56, 0.21,    7, 0.000, 0.000, 0.280, 39
train,    1277, 0.883618,   59, 0.21,    7, 0.000, 0.000, 0.280, 39
train,    1278, 3.097775,   59, 0.23,    8, 0.000, 0.000, 0.280, 39
train,    1279, 1.539482,   55, 0.22,    6, 0.000, 0.000, 0.280, 39
train,    1280, 3.784824,   58, 0.23,    8, 0.000, 0.000, 0.280, 40
train,    1281, 2.624358,   57, 0.21,    8, 0.000, 0.000, 0.280, 40
train,    1282, 2.177649,   63, 0.22,    6, 0.000, 0.000, 0.280, 40
train,    1283, 0.299015,   62, 0.20,    7, 0.000, 0.000, 0.280, 40
train,    1284, 2.096553,   58, 0.21,    7, 0.000, 0.000, 0.280, 40
train,    1285, 0.729882,   61, 0.21,    7, 0.000, 0.000, 0.280, 40
train,    1286, 1.413795,   58, 0.21,    7, 0.000, 0.000, 0.280, 40
train,    1287, 1.304069,   56, 0.19,    7, 0.000, 0.000, 0.280, 40
train,    1288, 2.908545,   59, 0.20,    7, 0.000, 0.000, 0.280, 40
train,    1289, 3.170421,   59, 0.20,    6, 0.000, 0.000, 0.280, 40
train,    1290, 2.702449,   62, 0.22,    8, 0.000, 0.000, 0.280, 40
train,    1291, 1.314953,   54, 0.18,    8, 0.000, 0.000, 0.280, 40
train,    1292, 1.593959,   61, 0.19,    8, 0.000, 0.000, 0.280, 40
train,    1293, 2.597393,   51, 0.21,    7, 0.000, 0.000, 0.280, 40
train,    1294, 2.421252,   59, 0.23,    8, 0.000, 0.000, 0.280, 40
train,    1295, -0.084377,   60, 0.22,    8, 0.000, 0.000, 0.280, 40
train,    1296, 1.320714,   57, 0.21,    7, 0.000, 0.000, 0.280, 40
train,    1297, 2.799752,   57, 0.22,    7, 0.000, 0.000, 0.280, 40
train,    1298, 3.010554,   60, 0.17,    7, 0.000, 0.000, 0.280, 40
train,    1299, 0.053800,   52, 0.24,    7, 0.000, 0.000, 0.280, 40
train,    1300, 1.721486,   58, 0.19,    7, 0.000, 0.000, 0.280, 40
update,   1300,   13, 1300, 5.595921, 0.000000
val_t, 1300, 1300, 0.304106, 0.1655,  64.3399,   0.1295, 0.7414,  26.5741, progress 0.7413
train,    1301, 3.555820,   59, 0.23,    7, 0.000, 0.000, 0.280, 40
train,    1302, 1.808588,   55, 0.24,    6, 0.000, 0.000, 0.280, 40
train,    1303, 1.602469,   55, 0.23,    8, 0.000, 0.000, 0.280, 40
train,    1304, 2.368708,   59, 0.22,    7, 0.000, 0.000, 0.280, 40
train,    1305, 3.712209,   58, 0.20,    8, 0.000, 0.000, 0.280, 40
train,    1306, 2.379737,   58, 0.20,    6, 0.000, 0.000, 0.280, 40
train,    1307, 1.950062,   56, 0.22,    7, 0.000, 0.000, 0.280, 40
train,    1308, 1.551383,   57, 0.22,    7, 0.000, 0.000, 0.280, 40
train,    1309, 3.551039,   58, 0.20,    8, 0.000, 0.000, 0.280, 40
train,    1310, 2.399914,   57, 0.19,    7, 0.000, 0.000, 0.280, 40
train,    1311, 2.869567,   54, 0.18,    8, 0.000, 0.000, 0.280, 40
train,    1312, 1.923239,   58, 0.20,    8, 0.000, 0.000, 0.280, 40
train,    1313, 2.867350,   57, 0.21,    8, 0.000, 0.000, 0.280, 40
train,    1314, 3.276026,   56, 0.19,    7, 0.000, 0.000, 0.280, 40
train,    1315, 1.876625,   55, 0.20,    8, 0.000, 0.000, 0.280, 40
train,    1316, 1.426328,   57, 0.23,    7, 0.000, 0.000, 0.280, 40
train,    1317, 2.485635,   60, 0.21,    8, 0.000, 0.000, 0.280, 40
train,    1318, 1.662479,   57, 0.18,    9, 0.000, 0.000, 0.280, 40
train,    1319, 1.898035,   57, 0.22,    6, 0.000, 0.000, 0.280, 40
train,    1320, 0.875857,   62, 0.21,    7, 0.000, 0.000, 0.280, 40
train,    1321, 1.999147,   55, 0.21,    7, 0.000, 0.000, 0.280, 40
train,    1322, 1.431670,   57, 0.19,    6, 0.000, 0.000, 0.280, 40
train,    1323, 3.251507,   52, 0.20,    6, 0.000, 0.000, 0.280, 40
train,    1324, 1.694911,   59, 0.23,    7, 0.000, 0.000, 0.280, 40
train,    1325, 1.453622,   58, 0.20,    7, 0.000, 0.000, 0.280, 40
train,    1326, 0.311195,   57, 0.23,    8, 0.000, 0.000, 0.280, 40
train,    1327, 2.922281,   57, 0.22,    7, 0.000, 0.000, 0.280, 40
train,    1328, 1.655426,   59, 0.18,    7, 0.000, 0.000, 0.280, 40
train,    1329, -0.577644,   58, 0.22,    8, 0.000, 0.000, 0.280, 40
train,    1330, 1.082273,   58, 0.19,    8, 0.000, 0.000, 0.280, 40
train,    1331, 2.087969,   56, 0.21,    7, 0.000, 0.000, 0.280, 40
train,    1332, 3.217407,   58, 0.21,    8, 0.000, 0.000, 0.280, 40
train,    1333, 2.664105,   59, 0.23,    7, 0.000, 0.000, 0.280, 40
train,    1334, 3.183072,   62, 0.22,    7, 0.000, 0.000, 0.280, 40
train,    1335, 1.489968,   60, 0.20,    7, 0.000, 0.000, 0.280, 40
train,    1336, 1.334899,   64, 0.20,    7, 0.000, 0.000, 0.280, 40
train,    1337, 2.523908,   61, 0.20,    7, 0.000, 0.000, 0.280, 40
train,    1338, 1.053662,   61, 0.17,    8, 0.000, 0.000, 0.280, 40
train,    1339, 3.559421,   61, 0.18,    7, 0.000, 0.000, 0.280, 40
train,    1340, 2.554805,   58, 0.24,    7, 0.000, 0.000, 0.280, 40
train,    1341, 0.520458,   58, 0.21,    7, 0.000, 0.000, 0.280, 40
train,    1342, 2.008488,   62, 0.21,    7, 0.000, 0.000, 0.280, 40
train,    1343, 3.098994,   54, 0.20,    7, 0.000, 0.000, 0.280, 40
train,    1344, 2.693085,   59, 0.20,    8, 0.000, 0.000, 0.280, 40
train,    1345, 1.505870,   60, 0.21,    6, 0.000, 0.000, 0.280, 40
train,    1346, 2.160394,   63, 0.20,    7, 0.000, 0.000, 0.280, 40
train,    1347, 0.716245,   59, 0.19,    8, 0.000, 0.000, 0.280, 40
train,    1348, 0.980061,   60, 0.20,    8, 0.000, 0.000, 0.280, 40
train,    1349, 0.408956,   58, 0.19,    8, 0.000, 0.000, 0.280, 40
train,    1350, 1.806231,   57, 0.17,    8, 0.000, 0.000, 0.280, 40
train,    1351, 3.139100,   58, 0.19,    7, 0.000, 0.000, 0.280, 40
train,    1352, 1.835866,   60, 0.22,    8, 0.000, 0.000, 0.280, 40
train,    1353, 1.927025,   55, 0.19,    7, 0.000, 0.000, 0.280, 40
train,    1354, 2.379664,   62, 0.17,    8, 0.000, 0.000, 0.280, 40
train,    1355, 0.611020,   61, 0.20,    8, 0.000, 0.000, 0.280, 40
train,    1356, 1.597673,   57, 0.20,    7, 0.000, 0.000, 0.280, 40
train,    1357, 1.429559,   57, 0.21,    8, 0.000, 0.000, 0.280, 40
train,    1358, 2.025532,   61, 0.22,    7, 0.000, 0.000, 0.280, 40
train,    1359, 0.099829,   60, 0.22,    8, 0.000, 0.000, 0.280, 40
train,    1360, 1.038514,   56, 0.22,    9, 0.000, 0.000, 0.280, 40
train,    1361, 0.413683,   59, 0.21,    7, 0.000, 0.000, 0.280, 40
train,    1362, 0.819474,   59, 0.17,    8, 0.000, 0.000, 0.280, 40
train,    1363, 2.699867,   55, 0.20,    8, 0.000, 0.000, 0.280, 40
train,    1364, 3.758724,   55, 0.21,    8, 0.000, 0.000, 0.280, 40
train,    1365, 2.653472,   59, 0.20,    8, 0.000, 0.000, 0.280, 40
train,    1366, 1.246427,   58, 0.22,    7, 0.000, 0.000, 0.280, 40
train,    1367, 2.869776,   56, 0.21,    7, 0.000, 0.000, 0.280, 40
train,    1368, 1.617349,   59, 0.19,    7, 0.000, 0.000, 0.280, 40
train,    1369, 2.447244,   58, 0.22,    8, 0.000, 0.000, 0.280, 40
train,    1370, 2.759053,   58, 0.21,    9, 0.000, 0.000, 0.280, 40
train,    1371, 1.105311,   58, 0.17,    7, 0.000, 0.000, 0.280, 40
train,    1372, 1.075739,   59, 0.21,    8, 0.000, 0.000, 0.280, 40
train,    1373, 1.659933,   61, 0.21,    7, 0.000, 0.000, 0.280, 40
train,    1374, 1.162225,   60, 0.22,    8, 0.000, 0.000, 0.280, 40
train,    1375, 1.069910,   60, 0.19,    8, 0.000, 0.000, 0.280, 40
train,    1376, 2.718745,   60, 0.19,    7, 0.000, 0.000, 0.280, 40
train,    1377, 2.779436,   62, 0.19,    7, 0.000, 0.000, 0.280, 40
train,    1378, 2.935579,   58, 0.18,    9, 0.000, 0.000, 0.280, 40
train,    1379, 2.286934,   62, 0.17,    8, 0.000, 0.000, 0.280, 40
train,    1380, 1.024260,   58, 0.21,    7, 0.000, 0.000, 0.280, 40
train,    1381, 1.257920,   54, 0.19,    7, 0.000, 0.000, 0.280, 40
train,    1382, 1.646622,   60, 0.21,    8, 0.000, 0.000, 0.280, 40
train,    1383, -0.402816,   61, 0.18,    7, 0.000, 0.000, 0.280, 40
train,    1384, 2.987841,   58, 0.22,    8, 0.000, 0.000, 0.280, 40
train,    1385, 1.481808,   60, 0.20,    8, 0.000, 0.000, 0.280, 40
train,    1386, 1.728725,   59, 0.19,    9, 0.000, 0.000, 0.280, 40
train,    1387, 2.002714,   56, 0.18,    8, 0.000, 0.000, 0.280, 40
train,    1388, 0.591286,   58, 0.16,    8, 0.000, 0.000, 0.280, 40
train,    1389, 2.972833,   56, 0.20,    8, 0.000, 0.000, 0.280, 40
train,    1390, 2.253518,   58, 0.19,    7, 0.000, 0.000, 0.280, 40
train,    1391, 1.836614,   55, 0.19,    6, 0.000, 0.000, 0.280, 40
train,    1392, 1.124228,   59, 0.20,    7, 0.000, 0.000, 0.280, 40
train,    1393, 1.311257,   56, 0.21,    9, 0.000, 0.000, 0.280, 40
train,    1394, 2.369230,   60, 0.19,    8, 0.000, 0.000, 0.280, 40
train,    1395, 2.963886,   60, 0.22,    8, 0.000, 0.000, 0.280, 40
train,    1396, 0.366164,   60, 0.18,    8, 0.000, 0.000, 0.280, 40
train,    1397, 2.382917,   60, 0.20,    8, 0.000, 0.000, 0.280, 40
train,    1398, 1.115064,   64, 0.19,    7, 0.000, 0.000, 0.280, 40
train,    1399, 1.543407,   63, 0.19,    8, 0.000, 0.000, 0.280, 40
train,    1400, 1.570658,   53, 0.18,    8, 0.000, 0.000, 0.280, 40
update,   1400,   14, 1400, 7.550448, 0.000000
val_t, 1400, 1400, 2.689648, 0.1728,  70.8182,   0.1162, 0.7577,  26.7034, progress 0.7684
train,    1401, 1.637086,   58, 0.18,    8, 0.000, 0.000, 0.280, 40
train,    1402, 2.535517,   64, 0.18,    7, 0.000, 0.000, 0.280, 40
train,    1403, 2.156135,   54, 0.17,    7, 0.000, 0.000, 0.280, 40
train,    1404, 1.614492,   61, 0.17,    8, 0.000, 0.000, 0.280, 40
train,    1405, 2.643858,   59, 0.18,    8, 0.000, 0.000, 0.280, 40
train,    1406, 0.150388,   55, 0.19,    8, 0.000, 0.000, 0.280, 40
train,    1407, 2.668318,   61, 0.20,    9, 0.000, 0.000, 0.280, 40
train,    1408, 1.095298,   58, 0.21,    8, 0.000, 0.000, 0.280, 40
train,    1409, 2.625775,   61, 0.19,    7, 0.000, 0.000, 0.280, 40
train,    1410, 1.355292,   56, 0.19,    7, 0.000, 0.000, 0.280, 40
train,    1411, 0.282016,   59, 0.17,    7, 0.000, 0.000, 0.280, 40
train,    1412, 0.354814,   59, 0.23,    9, 0.000, 0.000, 0.280, 40
train,    1413, 0.669506,   64, 0.16,    7, 0.000, 0.000, 0.280, 40
train,    1414, 1.874103,   61, 0.21,    8, 0.000, 0.000, 0.280, 40
train,    1415, 2.338431,   64, 0.19,    8, 0.000, 0.000, 0.280, 40
train,    1416, 0.827449,   57, 0.19,    7, 0.000, 0.000, 0.280, 40
train,    1417, 1.156282,   58, 0.15,    8, 0.000, 0.000, 0.280, 40
train,    1418, 2.918906,   60, 0.18,    9, 0.000, 0.000, 0.280, 40
train,    1419, 1.904906,   60, 0.17,    7, 0.000, 0.000, 0.280, 40
train,    1420, 2.886070,   58, 0.18,    8, 0.000, 0.000, 0.280, 40
train,    1421, 1.457838,   61, 0.19,    8, 0.000, 0.000, 0.280, 40
train,    1422, 1.603529,   62, 0.19,    7, 0.000, 0.000, 0.280, 40
train,    1423, 1.510878,   57, 0.19,    9, 0.000, 0.000, 0.280, 40
train,    1424, 1.881156,   58, 0.19,    7, 0.000, 0.000, 0.280, 40
train,    1425, 1.831982,   55, 0.21,    8, 0.000, 0.000, 0.280, 40
train,    1426, 1.913251,   61, 0.18,    7, 0.000, 0.000, 0.280, 40
train,    1427, 2.314000,   56, 0.22,    8, 0.000, 0.000, 0.280, 40
train,    1428, 1.677019,   62, 0.19,    8, 0.000, 0.000, 0.280, 40
train,    1429, 2.258680,   64, 0.18,    9, 0.000, 0.000, 0.280, 40
train,    1430, 2.119514,   56, 0.18,    7, 0.000, 0.000, 0.280, 40
train,    1431, 0.874947,   62, 0.17,    8, 0.000, 0.000, 0.280, 40
train,    1432, 2.659537,   57, 0.15,    8, 0.000, 0.000, 0.280, 40
train,    1433, 1.376742,   62, 0.14,    9, 0.000, 0.000, 0.280, 40
train,    1434, 3.855606,   56, 0.18,    7, 0.000, 0.000, 0.280, 40
train,    1435, 1.679061,   64, 0.20,    8, 0.000, 0.000, 0.280, 40
train,    1436, 0.707205,   61, 0.19,    7, 0.000, 0.000, 0.280, 40
train,    1437, 1.754522,   67, 0.18,    7, 0.000, 0.000, 0.280, 40
train,    1438, 2.324190,   56, 0.18,    7, 0.000, 0.000, 0.280, 40
train,    1439, 0.298820,   62, 0.17,    7, 0.000, 0.000, 0.280, 40
train,    1440, 1.727663,   63, 0.18,    8, 0.000, 0.000, 0.280, 41
train,    1441, 1.404476,   60, 0.20,    8, 0.000, 0.000, 0.280, 41
train,    1442, 2.250771,   57, 0.17,    8, 0.000, 0.000, 0.280, 41
train,    1443, 1.652524,   63, 0.17,    8, 0.000, 0.000, 0.280, 41
train,    1444, 0.662652,   58, 0.15,    7, 0.000, 0.000, 0.280, 41
train,    1445, 1.459053,   63, 0.19,    7, 0.000, 0.000, 0.280, 41
train,    1446, 2.839594,   61, 0.17,    8, 0.000, 0.000, 0.280, 41
train,    1447, 1.987174,   64, 0.19,    8, 0.000, 0.000, 0.280, 41
train,    1448, 1.863550,   62, 0.19,    7, 0.000, 0.000, 0.280, 41
train,    1449, 1.439762,   62, 0.16,    7, 0.000, 0.000, 0.280, 41
train,    1450, 2.407587,   61, 0.17,    9, 0.000, 0.000, 0.280, 41
train,    1451, 1.535633,   60, 0.17,    7, 0.000, 0.000, 0.280, 41
train,    1452, 0.479839,   61, 0.17,    8, 0.000, 0.000, 0.280, 41
train,    1453, 2.657536,   65, 0.21,    8, 0.000, 0.000, 0.280, 41
train,    1454, 2.226771,   56, 0.18,    9, 0.000, 0.000, 0.280, 41
train,    1455, 3.032081,   67, 0.16,    7, 0.000, 0.000, 0.280, 41
train,    1456, 2.734906,   61, 0.16,    8, 0.000, 0.000, 0.280, 41
train,    1457, 0.349579,   66, 0.21,    8, 0.000, 0.000, 0.280, 41
train,    1458, 3.089106,   60, 0.18,    8, 0.000, 0.000, 0.280, 41
train,    1459, 1.547506,   59, 0.21,    8, 0.000, 0.000, 0.280, 41
train,    1460, 0.585087,   60, 0.16,    8, 0.000, 0.000, 0.280, 41
train,    1461, 3.107403,   64, 0.17,    7, 0.000, 0.000, 0.280, 41
train,    1462, 2.119907,   66, 0.20,    8, 0.000, 0.000, 0.280, 41
train,    1463, 1.274714,   65, 0.18,    7, 0.000, 0.000, 0.280, 41
train,    1464, 2.792992,   64, 0.17,    7, 0.000, 0.000, 0.280, 41
train,    1465, 0.816799,   63, 0.18,    8, 0.000, 0.000, 0.280, 41
train,    1466, 1.204640,   59, 0.17,    8, 0.000, 0.000, 0.280, 41
train,    1467, 1.359258,   62, 0.18,    8, 0.000, 0.000, 0.280, 41
train,    1468, 2.858380,   63, 0.16,    8, 0.000, 0.000, 0.280, 41
train,    1469, 1.924461,   63, 0.18,    7, 0.000, 0.000, 0.280, 41
train,    1470, 1.234385,   61, 0.21,    8, 0.000, 0.000, 0.280, 41
train,    1471, 2.169323,   60, 0.18,    7, 0.000, 0.000, 0.280, 41
train,    1472, 1.926792,   62, 0.18,    7, 0.000, 0.000, 0.280, 41
train,    1473, 1.563368,   65, 0.19,    8, 0.000, 0.000, 0.280, 41
train,    1474, 1.557442,   66, 0.18,    8, 0.000, 0.000, 0.280, 41
train,    1475, 2.524525,   60, 0.17,    8, 0.000, 0.000, 0.280, 41
train,    1476, 1.671652,   59, 0.16,    8, 0.000, 0.000, 0.280, 41
train,    1477, 2.981626,   61, 0.18,    7, 0.000, 0.000, 0.280, 41
train,    1478, 2.209753,   62, 0.18,    9, 0.000, 0.000, 0.280, 41
train,    1479, 3.503930,   62, 0.19,    9, 0.000, 0.000, 0.280, 41
train,    1480, 2.665918,   60, 0.16,    8, 0.000, 0.000, 0.280, 41
train,    1481, 2.102150,   58, 0.18,    9, 0.000, 0.000, 0.280, 41
train,    1482, 2.018983,   62, 0.19,    8, 0.000, 0.000, 0.280, 41
train,    1483, 3.164185,   61, 0.20,    8, 0.000, 0.000, 0.280, 41
train,    1484, 2.013151,   67, 0.18,    7, 0.000, 0.000, 0.280, 41
train,    1485, 2.513913,   59, 0.16,    8, 0.000, 0.000, 0.280, 41
train,    1486, 2.462729,   60, 0.15,    8, 0.000, 0.000, 0.280, 41
train,    1487, 2.590506,   65, 0.18,    8, 0.000, 0.000, 0.280, 41
train,    1488, 2.528021,   62, 0.16,    8, 0.000, 0.000, 0.280, 41
train,    1489, 2.156555,   60, 0.18,    8, 0.000, 0.000, 0.280, 41
train,    1490, 4.423578,   62, 0.18,    8, 0.000, 0.000, 0.280, 41
train,    1491, 2.688770,   64, 0.17,    7, 0.000, 0.000, 0.280, 41
train,    1492, 1.565242,   65, 0.15,    7, 0.000, 0.000, 0.280, 41
train,    1493, 2.617637,   65, 0.20,    8, 0.000, 0.000, 0.280, 41
train,    1494, -0.279148,   61, 0.19,    8, 0.000, 0.000, 0.280, 41
train,    1495, 3.040783,   59, 0.17,    9, 0.000, 0.000, 0.280, 41
train,    1496, 2.992244,   66, 0.19,    6, 0.000, 0.000, 0.280, 41
train,    1497, 2.992427,   66, 0.15,    7, 0.000, 0.000, 0.280, 41
train,    1498, 4.098218,   60, 0.19,    9, 0.000, 0.000, 0.280, 41
train,    1499, 2.403994,   64, 0.16,    7, 0.000, 0.000, 0.280, 41
train,    1500, 1.264491,   61, 0.18,    8, 0.000, 0.000, 0.280, 41
update,   1500,   15, 1500, 7.921643, 0.000000
val_t, 1500, 1500, 4.387306, 0.1400,  66.6352,   0.1214, 0.7389,  26.1524, progress 0.7662
train,    1501, 3.751755,   58, 0.16,    8, 0.000, 0.000, 0.280, 41
train,    1502, 3.871555,   65, 0.14,    9, 0.000, 0.000, 0.280, 41
train,    1503, 3.189947,   62, 0.19,    8, 0.000, 0.000, 0.280, 41
train,    1504, 4.302056,   63, 0.17,    7, 0.000, 0.000, 0.280, 41
train,    1505, 3.502590,   67, 0.17,   10, 0.000, 0.000, 0.280, 41
train,    1506, 2.047630,   60, 0.16,    8, 0.000, 0.000, 0.280, 41
train,    1507, 3.549848,   59, 0.15,    7, 0.000, 0.000, 0.280, 41
train,    1508, 2.629173,   65, 0.18,    8, 0.000, 0.000, 0.280, 41
train,    1509, 4.477906,   68, 0.17,    8, 0.000, 0.000, 0.280, 41
train,    1510, 3.106404,   61, 0.16,    7, 0.000, 0.000, 0.280, 41
train,    1511, 3.338501,   58, 0.19,    7, 0.000, 0.000, 0.280, 41
train,    1512, 3.260749,   61, 0.18,    7, 0.000, 0.000, 0.280, 41
train,    1513, 2.767032,   61, 0.19,    8, 0.000, 0.000, 0.280, 41
train,    1514, 4.344959,   64, 0.20,    9, 0.000, 0.000, 0.280, 41
train,    1515, 2.358213,   63, 0.16,    9, 0.000, 0.000, 0.280, 41
train,    1516, 2.123706,   61, 0.17,    7, 0.000, 0.000, 0.280, 41
train,    1517, 2.470654,   60, 0.14,    8, 0.000, 0.000, 0.280, 41
train,    1518, 1.984411,   63, 0.17,    8, 0.000, 0.000, 0.280, 41
train,    1519, 2.191357,   64, 0.18,    8, 0.000, 0.000, 0.280, 41
train,    1520, 4.559378,   67, 0.16,    8, 0.000, 0.000, 0.280, 41
train,    1521, 3.442197,   66, 0.16,    7, 0.000, 0.000, 0.280, 41
train,    1522, 1.690077,   60, 0.16,    8, 0.000, 0.000, 0.280, 41
train,    1523, 1.582361,   67, 0.17,    7, 0.000, 0.000, 0.280, 41
train,    1524, 2.372179,   61, 0.17,    8, 0.000, 0.000, 0.280, 41
train,    1525, 4.142052,   65, 0.16,    9, 0.000, 0.000, 0.280, 41
train,    1526, 1.880930,   63, 0.16,    8, 0.000, 0.000, 0.280, 41
train,    1527, 3.006298,   64, 0.16,    8, 0.000, 0.000, 0.280, 41
train,    1528, 3.413291,   67, 0.15,    8, 0.000, 0.000, 0.280, 41
train,    1529, 3.344780,   64, 0.18,    9, 0.000, 0.000, 0.280, 41
train,    1530, 3.576063,   59, 0.19,    8, 0.000, 0.000, 0.280, 41
train,    1531, 2.503011,   61, 0.16,    8, 0.000, 0.000, 0.280, 41
train,    1532, 2.511752,   63, 0.19,    9, 0.000, 0.000, 0.280, 41
train,    1533, 3.497755,   64, 0.19,    8, 0.000, 0.000, 0.280, 41
train,    1534, 3.933151,   61, 0.15,    7, 0.000, 0.000, 0.280, 41
train,    1535, 3.895641,   58, 0.16,    9, 0.000, 0.000, 0.280, 41
train,    1536, 2.618290,   63, 0.16,    7, 0.000, 0.000, 0.280, 41
train,    1537, 3.686949,   62, 0.16,    8, 0.000, 0.000, 0.280, 41
train,    1538, 3.475938,   62, 0.20,    7, 0.000, 0.000, 0.280, 41
train,    1539, 3.584728,   61, 0.17,    9, 0.000, 0.000, 0.280, 41
train,    1540, 2.475377,   70, 0.18,    8, 0.000, 0.000, 0.280, 41
train,    1541, 4.485641,   67, 0.16,    8, 0.000, 0.000, 0.280, 41
train,    1542, 2.610982,   60, 0.15,    7, 0.000, 0.000, 0.280, 41
train,    1543, 3.562973,   63, 0.16,    9, 0.000, 0.000, 0.280, 41
train,    1544, 4.645863,   63, 0.16,    8, 0.000, 0.000, 0.280, 41
train,    1545, 4.523021,   65, 0.14,    9, 0.000, 0.000, 0.280, 41
train,    1546, 3.349901,   61, 0.21,    8, 0.000, 0.000, 0.280, 41
train,    1547, 3.267667,   65, 0.19,    9, 0.000, 0.000, 0.280, 41
train,    1548, 4.325719,   63, 0.16,    9, 0.000, 0.000, 0.280, 41
train,    1549, 4.270945,   63, 0.17,    7, 0.000, 0.000, 0.280, 41
train,    1550, 3.119003,   62, 0.16,    8, 0.000, 0.000, 0.280, 41
train,    1551, 1.545106,   64, 0.15,    9, 0.000, 0.000, 0.280, 41
train,    1552, 4.928303,   61, 0.16,    8, 0.000, 0.000, 0.280, 41
train,    1553, 2.823660,   63, 0.17,    8, 0.000, 0.000, 0.280, 41
train,    1554, 4.108634,   63, 0.16,    8, 0.000, 0.000, 0.280, 41
train,    1555, 5.597445,   62, 0.18,    9, 0.000, 0.000, 0.280, 41
train,    1556, 3.310361,   65, 0.17,    9, 0.000, 0.000, 0.280, 41
train,    1557, 4.012233,   60, 0.18,    9, 0.000, 0.000, 0.280, 41
train,    1558, 3.844778,   60, 0.17,    9, 0.000, 0.000, 0.280, 41
train,    1559, 4.080869,   60, 0.17,    8, 0.000, 0.000, 0.280, 41
train,    1560, 4.257901,   62, 0.18,    7, 0.000, 0.000, 0.280, 41
train,    1561, 3.820208,   66, 0.17,    9, 0.000, 0.000, 0.280, 41
train,    1562, 4.217935,   60, 0.18,    7, 0.000, 0.000, 0.280, 41
train,    1563, 5.081090,   67, 0.15,    8, 0.000, 0.000, 0.280, 41
train,    1564, 4.033791,   66, 0.18,    8, 0.000, 0.000, 0.280, 41
train,    1565, 4.554237,   64, 0.17,    9, 0.000, 0.000, 0.280, 41
train,    1566, 4.496943,   64, 0.15,    8, 0.000, 0.000, 0.280, 41
train,    1567, 4.560546,   67, 0.16,    9, 0.000, 0.000, 0.280, 41
train,    1568, 3.829056,   60, 0.20,    8, 0.000, 0.000, 0.280, 41
train,    1569, 4.555276,   63, 0.15,    8, 0.000, 0.000, 0.280, 41
train,    1570, 4.780654,   64, 0.17,    8, 0.000, 0.000, 0.280, 41
train,    1571, 5.429396,   64, 0.15,    8, 0.000, 0.000, 0.280, 41
train,    1572, 4.370327,   63, 0.15,    8, 0.000, 0.000, 0.280, 41
train,    1573, 5.165628,   64, 0.16,    9, 0.000, 0.000, 0.280, 41
train,    1574, 4.289584,   64, 0.15,    7, 0.000, 0.000, 0.280, 41
train,    1575, 5.575256,   66, 0.17,    8, 0.000, 0.000, 0.280, 41
train,    1576, 5.761205,   64, 0.16,    7, 0.000, 0.000, 0.280, 41
train,    1577, 3.929192,   64, 0.16,    8, 0.000, 0.000, 0.280, 41
train,    1578, 4.589131,   62, 0.16,    9, 0.000, 0.000, 0.280, 41
train,    1579, 4.273726,   66, 0.15,    9, 0.000, 0.000, 0.280, 41
train,    1580, 6.694884,   62, 0.17,    8, 0.000, 0.000, 0.280, 41
train,    1581, 4.873036,   65, 0.15,    8, 0.000, 0.000, 0.280, 41
train,    1582, 6.641233,   62, 0.16,    8, 0.000, 0.000, 0.280, 41
train,    1583, 4.838409,   65, 0.14,    8, 0.000, 0.000, 0.280, 41
train,    1584, 5.050429,   64, 0.15,    7, 0.000, 0.000, 0.280, 41
train,    1585, 3.733146,   60, 0.17,    8, 0.000, 0.000, 0.280, 41
train,    1586, 3.942381,   64, 0.16,    8, 0.000, 0.000, 0.280, 41
train,    1587, 6.315117,   67, 0.19,    9, 0.000, 0.000, 0.280, 41
train,    1588, 6.345605,   63, 0.18,    8, 0.000, 0.000, 0.280, 41
train,    1589, 4.801659,   59, 0.13,    8, 0.000, 0.000, 0.280, 41
train,    1590, 5.221869,   62, 0.15,    8, 0.000, 0.000, 0.280, 41
train,    1591, 7.144337,   62, 0.17,    8, 0.000, 0.000, 0.280, 41
train,    1592, 5.322841,   64, 0.20,    8, 0.000, 0.000, 0.280, 41
train,    1593, 4.989937,   66, 0.16,    8, 0.000, 0.000, 0.280, 41
train,    1594, 5.253974,   66, 0.20,    8, 0.000, 0.000, 0.280, 41
train,    1595, 5.753857,   63, 0.12,    8, 0.000, 0.000, 0.280, 41
train,    1596, 4.449683,   66, 0.18,    8, 0.000, 0.000, 0.280, 41
train,    1597, 6.745687,   63, 0.15,    9, 0.000, 0.000, 0.280, 41
train,    1598, 4.359405,   66, 0.15,    8, 0.000, 0.000, 0.280, 41
train,    1599, 3.947896,   66, 0.14,    8, 0.000, 0.000, 0.280, 41
train,    1600, 5.736021,   63, 0.20,    7, 0.000, 0.000, 0.280, 42
update,   1600,   16, 1600, 8.540677, 0.000000
val_t, 1600, 1600, 6.820216, 0.1493,  68.9569,   0.1154, 0.7673,  26.2126, progress 0.8174
train,    1601, 6.544982,   66, 0.18,    7, 0.000, 0.000, 0.280, 42
train,    1602, 5.800870,   64, 0.18,    9, 0.000, 0.000, 0.280, 42
train,    1603, 4.494282,   65, 0.17,    9, 0.000, 0.000, 0.280, 42
train,    1604, 5.031791,   64, 0.16,    9, 0.000, 0.000, 0.280, 42
train,    1605, 4.896654,   63, 0.16,    7, 0.000, 0.000, 0.280, 42
train,    1606, 5.351639,   61, 0.15,    8, 0.000, 0.000, 0.280, 42
train,    1607, 4.813930,   68, 0.15,    8, 0.000, 0.000, 0.280, 42
train,    1608, 5.080102,   60, 0.17,    9, 0.000, 0.000, 0.280, 42
train,    1609, 5.147027,   63, 0.17,    8, 0.000, 0.000, 0.280, 42
train,    1610, 5.843229,   64, 0.17,    7, 0.000, 0.000, 0.280, 42
train,    1611, 5.611378,   67, 0.14,    8, 0.000, 0.000, 0.280, 42
train,    1612, 5.706920,   62, 0.15,    9, 0.000, 0.000, 0.280, 42
train,    1613, 4.649956,   66, 0.14,    8, 0.000, 0.000, 0.280, 42
train,    1614, 7.212571,   60, 0.18,    9, 0.000, 0.000, 0.280, 42
train,    1615, 5.840191,   62, 0.11,    8, 0.000, 0.000, 0.280, 42
train,    1616, 3.648053,   64, 0.16,    8, 0.000, 0.000, 0.280, 42
train,    1617, 5.694307,   66, 0.15,    9, 0.000, 0.000, 0.280, 42
train,    1618, 7.286838,   67, 0.18,    8, 0.000, 0.000, 0.280, 42
train,    1619, 6.663298,   60, 0.14,    8, 0.000, 0.000, 0.280, 42
train,    1620, 5.371413,   70, 0.16,    8, 0.000, 0.000, 0.280, 42
train,    1621, 7.525451,   63, 0.17,    8, 0.000, 0.000, 0.280, 42
train,    1622, 6.197020,   67, 0.18,    8, 0.000, 0.000, 0.280, 42
train,    1623, 5.627287,   66, 0.16,    8, 0.000, 0.000, 0.280, 42
train,    1624, 6.178017,   66, 0.15,    8, 0.000, 0.000, 0.280, 42
train,    1625, 7.137734,   66, 0.17,    8, 0.000, 0.000, 0.280, 42
train,    1626, 6.300620,   68, 0.15,    9, 0.000, 0.000, 0.280, 42
train,    1627, 6.395606,   58, 0.19,    8, 0.000, 0.000, 0.280, 42
train,    1628, 5.805647,   68, 0.16,    9, 0.000, 0.000, 0.280, 42
train,    1629, 5.266424,   63, 0.14,    8, 0.000, 0.000, 0.280, 42
train,    1630, 6.480624,   64, 0.17,    8, 0.000, 0.000, 0.280, 42
train,    1631, 5.882419,   65, 0.18,    7, 0.000, 0.000, 0.280, 42
train,    1632, 8.386308,   65, 0.16,    8, 0.000, 0.000, 0.280, 42
train,    1633, 5.237793,   63, 0.18,    8, 0.000, 0.000, 0.280, 42
train,    1634, 7.402126,   68, 0.17,    8, 0.000, 0.000, 0.280, 42
train,    1635, 6.464779,   62, 0.15,    9, 0.000, 0.000, 0.280, 42
train,    1636, 5.915082,   65, 0.14,    8, 0.000, 0.000, 0.280, 42
train,    1637, 5.181143,   61, 0.15,    8, 0.000, 0.000, 0.280, 42
train,    1638, 7.040197,   64, 0.16,    8, 0.000, 0.000, 0.280, 42
train,    1639, 7.710063,   65, 0.16,    8, 0.000, 0.000, 0.280, 42
train,    1640, 5.190761,   63, 0.16,    8, 0.000, 0.000, 0.280, 42
train,    1641, 7.334811,   67, 0.12,    9, 0.000, 0.000, 0.280, 42
train,    1642, 6.552178,   65, 0.17,    8, 0.000, 0.000, 0.280, 42
train,    1643, 6.423407,   64, 0.17,    9, 0.000, 0.000, 0.280, 42
train,    1644, 6.049672,   63, 0.16,    8, 0.000, 0.000, 0.280, 42
train,    1645, 7.018263,   69, 0.18,    8, 0.000, 0.000, 0.280, 42
train,    1646, 7.114242,   65, 0.15,    7, 0.000, 0.000, 0.280, 42
train,    1647, 7.478705,   65, 0.14,    8, 0.000, 0.000, 0.280, 42
train,    1648, 7.883792,   67, 0.18,    8, 0.000, 0.000, 0.280, 42
train,    1649, 7.638254,   65, 0.15,    9, 0.000, 0.000, 0.280, 42
train,    1650, 8.808044,   66, 0.16,    7, 0.000, 0.000, 0.280, 42
train,    1651, 7.055283,   62, 0.16,    8, 0.000, 0.000, 0.280, 42
train,    1652, 7.958535,   66, 0.14,    9, 0.000, 0.000, 0.280, 42
train,    1653, 8.307149,   69, 0.15,    7, 0.000, 0.000, 0.280, 42
train,    1654, 6.349651,   66, 0.16,    8, 0.000, 0.000, 0.280, 42
train,    1655, 7.231226,   69, 0.14,    9, 0.000, 0.000, 0.280, 42
train,    1656, 6.478539,   64, 0.12,    9, 0.000, 0.000, 0.280, 42
train,    1657, 7.130914,   71, 0.16,    8, 0.000, 0.000, 0.280, 42
train,    1658, 7.808093,   71, 0.16,    8, 0.000, 0.000, 0.280, 42
train,    1659, 6.460100,   64, 0.16,    8, 0.000, 0.000, 0.280, 42
train,    1660, 8.378669,   61, 0.16,    7, 0.000, 0.000, 0.280, 42
train,    1661, 7.324950,   63, 0.15,    9, 0.000, 0.000, 0.280, 42
train,    1662, 6.894213,   63, 0.15,    9, 0.000, 0.000, 0.280, 42
train,    1663, 9.122911,   63, 0.17,    8, 0.000, 0.000, 0.280, 42
train,    1664, 8.023376,   62, 0.15,    8, 0.000, 0.000, 0.280, 42
train,    1665, 7.669939,   65, 0.12,    9, 0.000, 0.000, 0.280, 42
train,    1666, 8.332784,   63, 0.14,    8, 0.000, 0.000, 0.280, 42
train,    1667, 8.236780,   67, 0.15,    8, 0.000, 0.000, 0.280, 42
train,    1668, 7.364359,   68, 0.15,    9, 0.000, 0.000, 0.280, 42
train,    1669, 7.728596,   67, 0.17,    8, 0.000, 0.000, 0.280, 42
train,    1670, 8.247350,   65, 0.14,    8, 0.000, 0.000, 0.280, 42
train,    1671, 9.153367,   64, 0.16,    9, 0.000, 0.000, 0.280, 42
train,    1672, 7.630302,   66, 0.17,    9, 0.000, 0.000, 0.280, 42
train,    1673, 6.905690,   67, 0.14,    7, 0.000, 0.000, 0.280, 42
train,    1674, 8.144554,   65, 0.18,    8, 0.000, 0.000, 0.280, 42
train,    1675, 7.205810,   62, 0.15,    9, 0.000, 0.000, 0.280, 42
train,    1676, 7.627591,   65, 0.15,    8, 0.000, 0.000, 0.280, 42
train,    1677, 7.380113,   64, 0.14,    7, 0.000, 0.000, 0.280, 42
train,    1678, 7.671407,   60, 0.14,    9, 0.000, 0.000, 0.280, 42
train,    1679, 9.347398,   63, 0.15,    8, 0.000, 0.000, 0.280, 42
train,    1680, 7.890296,   72, 0.20,    9, 0.000, 0.000, 0.280, 42
train,    1681, 7.130238,   67, 0.16,   10, 0.000, 0.000, 0.280, 42
train,    1682, 8.817883,   67, 0.17,    9, 0.000, 0.000, 0.280, 42
train,    1683, 8.242191,   66, 0.14,    8, 0.000, 0.000, 0.280, 42
train,    1684, 8.032464,   68, 0.15,    8, 0.000, 0.000, 0.280, 42
train,    1685, 9.158156,   68, 0.18,    8, 0.000, 0.000, 0.280, 42
train,    1686, 8.177805,   69, 0.14,    9, 0.000, 0.000, 0.280, 42
train,    1687, 9.004081,   68, 0.16,    8, 0.000, 0.000, 0.280, 42
train,    1688, 8.550393,   62, 0.17,    8, 0.000, 0.000, 0.280, 42
train,    1689, 8.278097,   65, 0.14,    8, 0.000, 0.000, 0.280, 42
train,    1690, 7.654140,   64, 0.15,    8, 0.000, 0.000, 0.280, 42
train,    1691, 8.832474,   67, 0.14,    8, 0.000, 0.000, 0.280, 42
train,    1692, 8.724223,   67, 0.13,   10, 0.000, 0.000, 0.280, 42
train,    1693, 7.865760,   68, 0.15,    8, 0.000, 0.000, 0.280, 42
train,    1694, 8.491091,   68, 0.14,    8, 0.000, 0.000, 0.280, 42
train,    1695, 8.198442,   67, 0.14,    8, 0.000, 0.000, 0.280, 42
train,    1696, 9.258211,   70, 0.16,    8, 0.000, 0.000, 0.280, 42
train,    1697, 8.193550,   64, 0.15,    9, 0.000, 0.000, 0.280, 42
train,    1698, 7.500342,   67, 0.13,    9, 0.000, 0.000, 0.280, 42
train,    1699, 9.117090,   63, 0.14,    9, 0.000, 0.000, 0.280, 42
train,    1700, 8.773530,   65, 0.12,    8, 0.000, 0.000, 0.280, 42
update,   1700,   17, 1700, 9.625976, 0.000000
val_t, 1700, 1700, 8.438696, 0.1170,  71.5421,   0.1081, 0.8053,  27.0260, progress 0.8173
train,    1701, 9.625442,   71, 0.16,    8, 0.000, 0.000, 0.280, 42
train,    1702, 8.856033,   70, 0.14,    7, 0.000, 0.000, 0.280, 42
train,    1703, 8.335951,   62, 0.14,    8, 0.000, 0.000, 0.280, 42
train,    1704, 8.081257,   68, 0.14,    9, 0.000, 0.000, 0.280, 42
train,    1705, 7.699585,   63, 0.15,    8, 0.000, 0.000, 0.280, 42
train,    1706, 8.942755,   67, 0.12,    8, 0.000, 0.000, 0.280, 42
train,    1707, 9.034416,   66, 0.16,    7, 0.000, 0.000, 0.280, 42
train,    1708, 6.528350,   63, 0.16,    8, 0.000, 0.000, 0.280, 42
train,    1709, 9.060458,   71, 0.15,    9, 0.000, 0.000, 0.280, 42
train,    1710, 9.549329,   66, 0.13,    8, 0.000, 0.000, 0.280, 42
train,    1711, 7.156864,   65, 0.14,    8, 0.000, 0.000, 0.280, 42
train,    1712, 9.624908,   65, 0.18,    9, 0.000, 0.000, 0.280, 42
train,    1713, 8.998542,   64, 0.18,    8, 0.000, 0.000, 0.280, 42
train,    1714, 9.639828,   62, 0.16,   10, 0.000, 0.000, 0.280, 42
train,    1715, 9.546075,   67, 0.13,    8, 0.000, 0.000, 0.280, 42
train,    1716, 9.821584,   63, 0.13,   10, 0.000, 0.000, 0.280, 42
train,    1717, 9.551153,   64, 0.14,    8, 0.000, 0.000, 0.280, 42
train,    1718, 10.218910,   65, 0.13,    9, 0.000, 0.000, 0.280, 42
train,    1719, 9.160080,   66, 0.15,    8, 0.000, 0.000, 0.280, 42
train,    1720, 9.417805,   66, 0.15,    8, 0.000, 0.000, 0.280, 42
train,    1721, 8.293269,   62, 0.13,    8, 0.000, 0.000, 0.280, 42
train,    1722, 10.367602,   62, 0.16,    8, 0.000, 0.000, 0.280, 42
train,    1723, 8.081329,   64, 0.16,    9, 0.000, 0.000, 0.280, 42
train,    1724, 10.860170,   69, 0.13,    8, 0.000, 0.000, 0.280, 42
train,    1725, 8.002367,   66, 0.15,    9, 0.000, 0.000, 0.280, 42
train,    1726, 9.950317,   69, 0.16,    8, 0.000, 0.000, 0.280, 42
train,    1727, 9.687754,   65, 0.16,    9, 0.000, 0.000, 0.280, 42
train,    1728, 8.364780,   69, 0.12,    8, 0.000, 0.000, 0.280, 42
train,    1729, 9.470556,   65, 0.15,    8, 0.000, 0.000, 0.280, 42
train,    1730, 9.574496,   64, 0.12,    8, 0.000, 0.000, 0.280, 42
train,    1731, 9.550627,   68, 0.15,    8, 0.000, 0.000, 0.280, 42
train,    1732, 9.980098,   70, 0.16,    8, 0.000, 0.000, 0.280, 42
train,    1733, 8.803968,   68, 0.16,    8, 0.000, 0.000, 0.280, 42
train,    1734, 8.580533,   69, 0.10,    9, 0.000, 0.000, 0.280, 42
train,    1735, 10.281360,   69, 0.16,    9, 0.000, 0.000, 0.280, 42
train,    1736, 9.266512,   66, 0.16,    9, 0.000, 0.000, 0.280, 42
train,    1737, 10.362296,   68, 0.13,   10, 0.000, 0.000, 0.280, 42
train,    1738, 9.910239,   66, 0.13,    9, 0.000, 0.000, 0.280, 42
train,    1739, 8.819730,   69, 0.13,    8, 0.000, 0.000, 0.280, 42
train,    1740, 9.851598,   64, 0.17,    9, 0.000, 0.000, 0.280, 42
train,    1741, 8.086547,   66, 0.13,    7, 0.000, 0.000, 0.280, 42
train,    1742, 8.720309,   67, 0.13,    8, 0.000, 0.000, 0.280, 42
train,    1743, 9.438921,   63, 0.15,    8, 0.000, 0.000, 0.280, 42
train,    1744, 9.347024,   67, 0.15,    8, 0.000, 0.000, 0.280, 42
train,    1745, 9.307020,   66, 0.17,    9, 0.000, 0.000, 0.280, 42
train,    1746, 8.674039,   63, 0.12,    8, 0.000, 0.000, 0.280, 42
train,    1747, 9.038915,   66, 0.14,    9, 0.000, 0.000, 0.280, 42
train,    1748, 10.197147,   66, 0.15,    8, 0.000, 0.000, 0.280, 42
train,    1749, 9.063587,   68, 0.14,    9, 0.000, 0.000, 0.280, 42
train,    1750, 11.229475,   66, 0.13,    9, 0.000, 0.000, 0.280, 42
train,    1751, 10.123258,   66, 0.14,    9, 0.000, 0.000, 0.280, 42
train,    1752, 9.043236,   65, 0.15,    9, 0.000, 0.000, 0.280, 42
train,    1753, 10.350144,   65, 0.14,    8, 0.000, 0.000, 0.280, 42
train,    1754, 10.393543,   69, 0.18,    9, 0.000, 0.000, 0.280, 42
train,    1755, 11.494298,   66, 0.15,    8, 0.000, 0.000, 0.280, 42
train,    1756, 8.502712,   64, 0.17,    9, 0.000, 0.000, 0.280, 42
train,    1757, 11.277631,   67, 0.14,    9, 0.000, 0.000, 0.280, 42
train,    1758, 9.119320,   72, 0.15,    8, 0.000, 0.000, 0.280, 42
train,    1759, 9.286204,   66, 0.14,    9, 0.000, 0.000, 0.280, 42
train,    1760, 7.799165,   67, 0.17,    9, 0.000, 0.000, 0.280, 43
train,    1761, 8.667761,   69, 0.12,    9, 0.000, 0.000, 0.280, 43
train,    1762, 11.325664,   68, 0.15,    8, 0.000, 0.000, 0.280, 43
train,    1763, 8.047691,   71, 0.15,    9, 0.000, 0.000, 0.280, 43
train,    1764, 10.431718,   66, 0.16,    9, 0.000, 0.000, 0.280, 43
train,    1765, 9.590017,   65, 0.12,    9, 0.000, 0.000, 0.280, 43
train,    1766, 9.467375,   70, 0.14,    9, 0.000, 0.000, 0.280, 43
train,    1767, 10.539046,   70, 0.16,    9, 0.000, 0.000, 0.280, 43
train,    1768, 10.308503,   67, 0.14,    8, 0.000, 0.000, 0.280, 43
train,    1769, 9.737490,   71, 0.13,    8, 0.000, 0.000, 0.280, 43
train,    1770, 8.370890,   67, 0.10,    9, 0.000, 0.000, 0.280, 43
train,    1771, 10.497574,   65, 0.15,   10, 0.000, 0.000, 0.280, 43
train,    1772, 9.213055,   65, 0.12,    9, 0.000, 0.000, 0.280, 43
train,    1773, 10.086801,   68, 0.13,    8, 0.000, 0.000, 0.280, 43
train,    1774, 8.218961,   66, 0.13,    9, 0.000, 0.000, 0.280, 43
train,    1775, 8.236513,   70, 0.12,    9, 0.000, 0.000, 0.280, 43
train,    1776, 10.563929,   68, 0.12,    8, 0.000, 0.000, 0.280, 43
train,    1777, 9.984296,   68, 0.13,    9, 0.000, 0.000, 0.280, 43
train,    1778, 10.183186,   64, 0.13,    9, 0.000, 0.000, 0.280, 43
train,    1779, 9.615021,   69, 0.15,    8, 0.000, 0.000, 0.280, 43
train,    1780, 10.397220,   66, 0.13,    8, 0.000, 0.000, 0.280, 43
train,    1781, 10.357827,   66, 0.14,    9, 0.000, 0.000, 0.280, 43
train,    1782, 9.450067,   67, 0.14,    9, 0.000, 0.000, 0.280, 43
train,    1783, 10.296680,   70, 0.16,    9, 0.000, 0.000, 0.280, 43
train,    1784, 10.792344,   66, 0.12,    8, 0.000, 0.000, 0.280, 43
train,    1785, 9.692189,   70, 0.15,    8, 0.000, 0.000, 0.280, 43
train,    1786, 9.632652,   72, 0.15,    8, 0.000, 0.000, 0.280, 43
train,    1787, 10.297780,   68, 0.15,    8, 0.000, 0.000, 0.280, 43
train,    1788, 9.843660,   65, 0.18,    8, 0.000, 0.000, 0.280, 43
train,    1789, 10.380871,   63, 0.15,    9, 0.000, 0.000, 0.280, 43
train,    1790, 10.064802,   67, 0.13,    9, 0.000, 0.000, 0.280, 43
train,    1791, 9.704007,   67, 0.15,    7, 0.000, 0.000, 0.280, 43
train,    1792, 10.713217,   71, 0.15,    8, 0.000, 0.000, 0.280, 43
train,    1793, 10.044326,   67, 0.16,   10, 0.000, 0.000, 0.280, 43
train,    1794, 9.021740,   65, 0.15,   10, 0.000, 0.000, 0.280, 43
train,    1795, 9.942620,   66, 0.13,    9, 0.000, 0.000, 0.280, 43
train,    1796, 8.951839,   69, 0.15,    9, 0.000, 0.000, 0.280, 43
train,    1797, 11.712745,   68, 0.13,    9, 0.000, 0.000, 0.280, 43
train,    1798, 9.451417,   71, 0.13,    8, 0.000, 0.000, 0.280, 43
train,    1799, 10.732151,   70, 0.15,    9, 0.000, 0.000, 0.280, 43
train,    1800, 10.345138,   62, 0.14,    9, 0.000, 0.000, 0.280, 43
update,   1800,   18, 1800, 10.090443, 0.000000
val_t, 1800, 1800, 6.098802, 0.1196,  71.1892,   0.1035, 0.8269,  26.8730, progress 0.8393
train,    1801, 8.859127,   66, 0.17,    9, 0.000, 0.000, 0.280, 43
train,    1802, 9.492361,   70, 0.14,    8, 0.000, 0.000, 0.280, 43
train,    1803, 9.452894,   66, 0.14,   10, 0.000, 0.000, 0.280, 43
train,    1804, 10.912742,   65, 0.17,    8, 0.000, 0.000, 0.280, 43
train,    1805, 9.470856,   71, 0.13,    8, 0.000, 0.000, 0.280, 43
train,    1806, 10.279253,   67, 0.15,    8, 0.000, 0.000, 0.280, 43
train,    1807, 10.944203,   69, 0.12,   10, 0.000, 0.000, 0.280, 43
train,    1808, 9.645724,   64, 0.13,    9, 0.000, 0.000, 0.280, 43
train,    1809, 9.389413,   68, 0.13,    8, 0.000, 0.000, 0.280, 43
train,    1810, 8.886600,   74, 0.15,   10, 0.000, 0.000, 0.280, 43
train,    1811, 11.077343,   67, 0.12,    8, 0.000, 0.000, 0.280, 43
train,    1812, 9.467807,   69, 0.15,    8, 0.000, 0.000, 0.280, 43
train,    1813, 10.184564,   66, 0.16,    9, 0.000, 0.000, 0.280, 43
train,    1814, 9.595808,   71, 0.12,    9, 0.000, 0.000, 0.280, 43
train,    1815, 9.855140,   64, 0.12,    8, 0.000, 0.000, 0.280, 43
train,    1816, 10.701755,   66, 0.12,   10, 0.000, 0.000, 0.280, 43
train,    1817, 10.107361,   67, 0.10,    8, 0.000, 0.000, 0.280, 43
train,    1818, 10.312646,   70, 0.11,    7, 0.000, 0.000, 0.280, 43
train,    1819, 10.490197,   67, 0.14,    9, 0.000, 0.000, 0.280, 43
train,    1820, 9.791724,   67, 0.16,    8, 0.000, 0.000, 0.280, 43
train,    1821, 9.585846,   72, 0.14,    9, 0.000, 0.000, 0.280, 43
train,    1822, 9.586224,   69, 0.16,    9, 0.000, 0.000, 0.280, 43
train,    1823, 10.359092,   68, 0.15,   10, 0.000, 0.000, 0.280, 43
train,    1824, 9.804968,   68, 0.12,    8, 0.000, 0.000, 0.280, 43
train,    1825, 9.623532,   71, 0.12,    9, 0.000, 0.000, 0.280, 43
train,    1826, 8.655706,   65, 0.16,    9, 0.000, 0.000, 0.280, 43
train,    1827, 9.333746,   67, 0.13,    9, 0.000, 0.000, 0.280, 43
train,    1828, 10.193068,   71, 0.12,    9, 0.000, 0.000, 0.280, 43
train,    1829, 10.361659,   68, 0.12,    8, 0.000, 0.000, 0.280, 43
train,    1830, 9.794301,   67, 0.14,    9, 0.000, 0.000, 0.280, 43
train,    1831, 9.110498,   72, 0.13,   10, 0.000, 0.000, 0.280, 43
train,    1832, 9.269144,   67, 0.15,    9, 0.000, 0.000, 0.280, 43
train,    1833, 9.622897,   68, 0.14,    8, 0.000, 0.000, 0.280, 43
train,    1834, 8.882365,   69, 0.14,    8, 0.000, 0.000, 0.280, 43
train,    1835, 9.425743,   70, 0.15,    8, 0.000, 0.000, 0.280, 43
train,    1836, 8.830522,   72, 0.12,    9, 0.000, 0.000, 0.280, 43
train,    1837, 9.733136,   67, 0.15,    9, 0.000, 0.000, 0.280, 43
train,    1838, 9.381009,   73, 0.14,    8, 0.000, 0.000, 0.280, 43
train,    1839, 9.793035,   69, 0.16,    8, 0.000, 0.000, 0.280, 43
train,    1840, 9.815149,   67, 0.13,    8, 0.000, 0.000, 0.280, 43
train,    1841, 9.518411,   65, 0.14,    9, 0.000, 0.000, 0.280, 43
train,    1842, 10.191950,   72, 0.12,   10, 0.000, 0.000, 0.280, 43
train,    1843, 8.562108,   68, 0.15,    8, 0.000, 0.000, 0.280, 43
train,    1844, 8.763691,   73, 0.14,    9, 0.000, 0.000, 0.280, 43
train,    1845, 9.086101,   69, 0.12,    8, 0.000, 0.000, 0.280, 43
train,    1846, 9.961475,   69, 0.12,    8, 0.000, 0.000, 0.280, 43
train,    1847, 9.979687,   68, 0.14,   10, 0.000, 0.000, 0.280, 43
train,    1848, 9.698841,   68, 0.14,    9, 0.000, 0.000, 0.280, 43
train,    1849, 9.605859,   71, 0.14,    8, 0.000, 0.000, 0.280, 43
train,    1850, 9.213367,   70, 0.13,    9, 0.000, 0.000, 0.280, 43
train,    1851, 9.755106,   67, 0.15,    9, 0.000, 0.000, 0.280, 43
train,    1852, 9.561748,   65, 0.14,    9, 0.000, 0.000, 0.280, 43
train,    1853, 9.756445,   66, 0.13,    9, 0.000, 0.000, 0.280, 43
train,    1854, 8.856993,   65, 0.10,    9, 0.000, 0.000, 0.280, 43
train,    1855, 9.499618,   65, 0.13,    8, 0.000, 0.000, 0.280, 43
train,    1856, 10.457824,   71, 0.13,    9, 0.000, 0.000, 0.280, 43
train,    1857, 9.498068,   74, 0.13,    8, 0.000, 0.000, 0.280, 43
train,    1858, 9.808975,   65, 0.12,    9, 0.000, 0.000, 0.280, 43
train,    1859, 8.356882,   71, 0.13,    9, 0.000, 0.000, 0.280, 43
train,    1860, 8.995845,   69, 0.13,    8, 0.000, 0.000, 0.280, 43
train,    1861, 9.620619,   64, 0.13,    7, 0.000, 0.000, 0.280, 43
train,    1862, 10.874445,   72, 0.13,    9, 0.000, 0.000, 0.280, 43
train,    1863, 8.691124,   67, 0.11,    9, 0.000, 0.000, 0.280, 43
train,    1864, 8.873400,   71, 0.13,    8, 0.000, 0.000, 0.280, 43
train,    1865, 10.538055,   69, 0.14,    9, 0.000, 0.000, 0.280, 43
train,    1866, 9.499315,   69, 0.12,    9, 0.000, 0.000, 0.280, 43
train,    1867, 8.334215,   70, 0.14,    9, 0.000, 0.000, 0.280, 43
train,    1868, 8.389227,   72, 0.16,    9, 0.000, 0.000, 0.280, 43
train,    1869, 9.611634,   68, 0.13,    8, 0.000, 0.000, 0.280, 43
train,    1870, 9.134906,   67, 0.12,    9, 0.000, 0.000, 0.280, 43
train,    1871, 9.832156,   70, 0.14,    8, 0.000, 0.000, 0.280, 43
train,    1872, 8.864622,   74, 0.14,   10, 0.000, 0.000, 0.280, 43
train,    1873, 9.607148,   71, 0.15,    9, 0.000, 0.000, 0.280, 43
train,    1874, 9.306745,   74, 0.13,    9, 0.000, 0.000, 0.280, 43
train,    1875, 9.632449,   73, 0.14,   10, 0.000, 0.000, 0.280, 43
train,    1876, 8.883280,   71, 0.13,    8, 0.000, 0.000, 0.280, 43
train,    1877, 10.625845,   69, 0.11,    9, 0.000, 0.000, 0.280, 43
train,    1878, 8.463455,   72, 0.12,    9, 0.000, 0.000, 0.280, 43
train,    1879, 8.177407,   71, 0.13,    8, 0.000, 0.000, 0.280, 43
train,    1880, 9.247808,   67, 0.14,   10, 0.000, 0.000, 0.280, 43
train,    1881, 8.901827,   67, 0.13,    8, 0.000, 0.000, 0.280, 43
train,    1882, 8.670524,   70, 0.12,    8, 0.000, 0.000, 0.280, 43
train,    1883, 9.623344,   69, 0.15,    9, 0.000, 0.000, 0.280, 43
train,    1884, 8.340297,   69, 0.14,    9, 0.000, 0.000, 0.280, 43
train,    1885, 7.865622,   69, 0.13,    9, 0.000, 0.000, 0.280, 43
train,    1886, 7.760920,   71, 0.12,    9, 0.000, 0.000, 0.280, 43
train,    1887, 9.974551,   73, 0.13,    9, 0.000, 0.000, 0.280, 43
train,    1888, 9.534792,   74, 0.14,    9, 0.000, 0.000, 0.280, 43
train,    1889, 10.098312,   64, 0.13,    9, 0.000, 0.000, 0.280, 43
train,    1890, 6.816329,   68, 0.14,    9, 0.000, 0.000, 0.280, 43
train,    1891, 9.506332,   70, 0.14,    9, 0.000, 0.000, 0.280, 43
train,    1892, 9.758738,   71, 0.13,    8, 0.000, 0.000, 0.280, 43
train,    1893, 9.386398,   63, 0.13,    8, 0.000, 0.000, 0.280, 43
train,    1894, 9.372350,   67, 0.14,    9, 0.000, 0.000, 0.280, 43
train,    1895, 9.252719,   69, 0.15,   10, 0.000, 0.000, 0.280, 43
train,    1896, 9.044582,   65, 0.16,    9, 0.000, 0.000, 0.280, 43
train,    1897, 8.848722,   67, 0.11,    8, 0.000, 0.000, 0.280, 43
train,    1898, 9.532337,   70, 0.11,    8, 0.000, 0.000, 0.280, 43
train,    1899, 9.423721,   64, 0.13,   10, 0.000, 0.000, 0.280, 43
train,    1900, 9.272351,   69, 0.14,    8, 0.000, 0.000, 0.280, 43
update,   1900,   19, 1900, 9.243224, 0.000000
val_t, 1900, 1900, 7.721340, 0.1110,  73.6093,   0.1059, 0.8347,  27.7621, progress 0.8204
train,    1901, 8.912902,   71, 0.11,    8, 0.000, 0.000, 0.280, 43
train,    1902, 10.211839,   67, 0.11,    8, 0.000, 0.000, 0.280, 43
train,    1903, 8.258918,   70, 0.16,    9, 0.000, 0.000, 0.280, 43
train,    1904, 8.248754,   74, 0.10,    9, 0.000, 0.000, 0.280, 43
train,    1905, 7.598019,   65, 0.14,    9, 0.000, 0.000, 0.280, 43
train,    1906, 9.743281,   73, 0.14,    9, 0.000, 0.000, 0.280, 43
train,    1907, 8.817801,   68, 0.12,    8, 0.000, 0.000, 0.280, 43
train,    1908, 9.018552,   68, 0.13,    9, 0.000, 0.000, 0.280, 43
train,    1909, 9.186258,   71, 0.11,    9, 0.000, 0.000, 0.280, 43
train,    1910, 6.912716,   74, 0.14,    9, 0.000, 0.000, 0.280, 43
train,    1911, 8.787270,   74, 0.10,    9, 0.000, 0.000, 0.280, 43
train,    1912, 7.903888,   76, 0.12,    8, 0.000, 0.000, 0.280, 43
train,    1913, 8.779945,   68, 0.12,    9, 0.000, 0.000, 0.280, 43
train,    1914, 8.592577,   67, 0.11,    8, 0.000, 0.000, 0.280, 43
train,    1915, 9.384241,   68, 0.12,    9, 0.000, 0.000, 0.280, 43
train,    1916, 8.586811,   73, 0.12,    9, 0.000, 0.000, 0.280, 43
train,    1917, 8.377039,   71, 0.11,    8, 0.000, 0.000, 0.280, 43
train,    1918, 8.173942,   69, 0.12,    8, 0.000, 0.000, 0.280, 43
train,    1919, 8.288145,   65, 0.11,    8, 0.000, 0.000, 0.280, 43
train,    1920, 9.256600,   67, 0.11,    9, 0.000, 0.000, 0.280, 44
train,    1921, 8.685944,   70, 0.15,    9, 0.000, 0.000, 0.280, 44
train,    1922, 8.329585,   78, 0.14,    9, 0.000, 0.000, 0.280, 44
train,    1923, 9.343122,   71, 0.12,    8, 0.000, 0.000, 0.280, 44
train,    1924, 9.481382,   71, 0.13,   10, 0.000, 0.000, 0.280, 44
train,    1925, 6.792325,   76, 0.12,    9, 0.000, 0.000, 0.280, 44
train,    1926, 8.266901,   69, 0.13,    9, 0.000, 0.000, 0.280, 44
train,    1927, 8.359145,   73, 0.11,    8, 0.000, 0.000, 0.280, 44
train,    1928, 7.365687,   71, 0.10,    9, 0.000, 0.000, 0.280, 44
train,    1929, 8.983409,   73, 0.12,    8, 0.000, 0.000, 0.280, 44
train,    1930, 9.827160,   70, 0.12,    9, 0.000, 0.000, 0.280, 44
train,    1931, 7.772166,   71, 0.15,    9, 0.000, 0.000, 0.280, 44
train,    1932, 8.570235,   68, 0.14,   10, 0.000, 0.000, 0.280, 44
train,    1933, 8.897639,   72, 0.15,    9, 0.000, 0.000, 0.280, 44
train,    1934, 6.182431,   74, 0.16,    9, 0.000, 0.000, 0.280, 44
train,    1935, 8.737446,   71, 0.13,    8, 0.000, 0.000, 0.280, 44
train,    1936, 8.178012,   64, 0.13,    8, 0.000, 0.000, 0.280, 44
train,    1937, 6.388665,   75, 0.13,    8, 0.000, 0.000, 0.280, 44
train,    1938, 8.059204,   71, 0.13,    9, 0.000, 0.000, 0.280, 44
train,    1939, 7.194919,   67, 0.12,    8, 0.000, 0.000, 0.280, 44
train,    1940, 9.316611,   75, 0.15,    9, 0.000, 0.000, 0.280, 44
train,    1941, 8.580629,   65, 0.15,    9, 0.000, 0.000, 0.280, 44
train,    1942, 8.715106,   69, 0.14,    8, 0.000, 0.000, 0.280, 44
train,    1943, 7.918860,   73, 0.12,   10, 0.000, 0.000, 0.280, 44
train,    1944, 7.512125,   70, 0.14,    8, 0.000, 0.000, 0.280, 44
train,    1945, 8.087328,   73, 0.12,    9, 0.000, 0.000, 0.280, 44
train,    1946, 6.837527,   72, 0.13,    9, 0.000, 0.000, 0.280, 44
train,    1947, 8.212630,   74, 0.12,    8, 0.000, 0.000, 0.280, 44
train,    1948, 9.265084,   68, 0.13,   10, 0.000, 0.000, 0.280, 44
train,    1949, 9.161397,   73, 0.11,    9, 0.000, 0.000, 0.280, 44
train,    1950, 7.264631,   75, 0.11,    8, 0.000, 0.000, 0.280, 44
train,    1951, 8.989162,   70, 0.11,   10, 0.000, 0.000, 0.280, 44
train,    1952, 7.842657,   70, 0.11,   10, 0.000, 0.000, 0.280, 44
train,    1953, 9.361017,   72, 0.14,    9, 0.000, 0.000, 0.280, 44
train,    1954, 7.182467,   69, 0.12,    9, 0.000, 0.000, 0.280, 44
train,    1955, 7.845032,   74, 0.13,    8, 0.000, 0.000, 0.280, 44
train,    1956, 8.426435,   72, 0.11,   11, 0.000, 0.000, 0.280, 44
train,    1957, 7.350082,   76, 0.13,   10, 0.000, 0.000, 0.280, 44
train,    1958, 7.783776,   74, 0.10,    9, 0.000, 0.000, 0.280, 44
train,    1959, 8.153391,   68, 0.14,    9, 0.000, 0.000, 0.280, 44
train,    1960, 8.832071,   69, 0.14,    8, 0.000, 0.000, 0.280, 44
train,    1961, 9.473862,   71, 0.11,    8, 0.000, 0.000, 0.280, 44
train,    1962, 8.052237,   71, 0.11,   10, 0.000, 0.000, 0.280, 44
train,    1963, 8.552115,   66, 0.12,    9, 0.000, 0.000, 0.280, 44
train,    1964, 8.715978,   71, 0.10,   10, 0.000, 0.000, 0.280, 44
train,    1965, 8.626334,   72, 0.12,    8, 0.000, 0.000, 0.280, 44
train,    1966, 8.919581,   67, 0.09,    9, 0.000, 0.000, 0.280, 44
train,    1967, 7.359612,   69, 0.11,    9, 0.000, 0.000, 0.280, 44
train,    1968, 6.991465,   68, 0.14,    8, 0.000, 0.000, 0.280, 44
train,    1969, 8.105235,   74, 0.12,    9, 0.000, 0.000, 0.280, 44
train,    1970, 8.638023,   65, 0.14,    9, 0.000, 0.000, 0.280, 44
train,    1971, 8.881351,   70, 0.11,    8, 0.000, 0.000, 0.280, 44
train,    1972, 9.766275,   73, 0.10,    9, 0.000, 0.000, 0.280, 44
train,    1973, 8.255353,   70, 0.09,    8, 0.000, 0.000, 0.280, 44
train,    1974, 8.166685,   69, 0.11,   10, 0.000, 0.000, 0.280, 44
train,    1975, 8.407481,   73, 0.14,   10, 0.000, 0.000, 0.280, 44
train,    1976, 7.486014,   75, 0.10,    9, 0.000, 0.000, 0.280, 44
train,    1977, 9.087914,   76, 0.14,    9, 0.000, 0.000, 0.280, 44
train,    1978, 7.259702,   70, 0.12,    9, 0.000, 0.000, 0.280, 44
train,    1979, 8.607147,   71, 0.10,    9, 0.000, 0.000, 0.280, 44
train,    1980, 6.265393,   74, 0.10,    9, 0.000, 0.000, 0.280, 44
train,    1981, 8.946075,   73, 0.10,    9, 0.000, 0.000, 0.280, 44
train,    1982, 7.840281,   71, 0.11,    8, 0.000, 0.000, 0.280, 44
train,    1983, 6.986753,   72, 0.12,    9, 0.000, 0.000, 0.280, 44
train,    1984, 7.569757,   72, 0.09,    9, 0.000, 0.000, 0.280, 44
train,    1985, 6.984718,   68, 0.13,    9, 0.000, 0.000, 0.280, 44
train,    1986, 6.393924,   72, 0.12,    9, 0.000, 0.000, 0.280, 44
train,    1987, 7.584486,   66, 0.13,    9, 0.000, 0.000, 0.280, 44
train,    1988, 8.516186,   68, 0.14,    9, 0.000, 0.000, 0.280, 44
train,    1989, 8.237136,   72, 0.12,    9, 0.000, 0.000, 0.280, 44
train,    1990, 6.765302,   73, 0.10,    9, 0.000, 0.000, 0.280, 44
train,    1991, 7.867866,   74, 0.11,    9, 0.000, 0.000, 0.280, 44
train,    1992, 7.760459,   77, 0.10,    9, 0.000, 0.000, 0.280, 44
train,    1993, 7.092325,   69, 0.11,   10, 0.000, 0.000, 0.280, 44
train,    1994, 7.601293,   69, 0.13,    9, 0.000, 0.000, 0.280, 44
train,    1995, 7.302935,   73, 0.12,    9, 0.000, 0.000, 0.280, 44
train,    1996, 7.504662,   71, 0.09,    9, 0.000, 0.000, 0.280, 44
train,    1997, 7.994417,   75, 0.12,    9, 0.000, 0.000, 0.280, 44
train,    1998, 8.593595,   72, 0.13,   10, 0.000, 0.000, 0.280, 44
train,    1999, 8.107645,   70, 0.12,    9, 0.000, 0.000, 0.280, 44
train,    2000, 6.994596,   66, 0.12,    9, 0.000, 0.000, 0.280, 44
update,   2000,   20, 2000, 12.123056, 0.000000
val_t, 2000, 2000, 8.726693, 0.1072,  74.2202,   0.1027, 0.8521,  27.8878, progress 0.8396
train,    2001, 8.117597,   70, 0.14,    9, 0.000, 0.000, 0.280, 44
train,    2002, 7.442729,   68, 0.12,    9, 0.000, 0.000, 0.280, 44
train,    2003, 6.779892,   70, 0.13,    8, 0.000, 0.000, 0.280, 44
train,    2004, 6.860446,   75, 0.12,    9, 0.000, 0.000, 0.280, 44
train,    2005, 7.454961,   71, 0.12,   10, 0.000, 0.000, 0.280, 44
train,    2006, 8.694659,   71, 0.09,   10, 0.000, 0.000, 0.280, 44
train,    2007, 6.764444,   74, 0.09,    9, 0.000, 0.000, 0.280, 44
train,    2008, 8.494003,   65, 0.12,    9, 0.000, 0.000, 0.280, 44
train,    2009, 8.993380,   72, 0.13,    9, 0.000, 0.000, 0.280, 44
train,    2010, 7.148929,   66, 0.12,    9, 0.000, 0.000, 0.280, 44
train,    2011, 8.179138,   65, 0.13,    9, 0.000, 0.000, 0.280, 44
train,    2012, 7.019735,   69, 0.13,    9, 0.000, 0.000, 0.280, 44
train,    2013, 8.000192,   70, 0.15,    8, 0.000, 0.000, 0.280, 44
train,    2014, 7.854443,   71, 0.12,    9, 0.000, 0.000, 0.280, 44
train,    2015, 7.512583,   75, 0.10,    9, 0.000, 0.000, 0.280, 44
train,    2016, 7.247249,   68, 0.12,    8, 0.000, 0.000, 0.280, 44
train,    2017, 7.575141,   73, 0.12,    9, 0.000, 0.000, 0.280, 44
train,    2018, 7.661328,   69, 0.10,    9, 0.000, 0.000, 0.280, 44
train,    2019, 5.836128,   73, 0.14,    9, 0.000, 0.000, 0.280, 44
train,    2020, 7.697885,   71, 0.12,    9, 0.000, 0.000, 0.280, 44
train,    2021, 7.647591,   69, 0.13,    9, 0.000, 0.000, 0.280, 44
train,    2022, 8.456736,   72, 0.11,   10, 0.000, 0.000, 0.280, 44
train,    2023, 7.315087,   68, 0.12,    9, 0.000, 0.000, 0.280, 44
train,    2024, 6.352776,   68, 0.13,   10, 0.000, 0.000, 0.280, 44
train,    2025, 6.748968,   67, 0.11,    9, 0.000, 0.000, 0.280, 44
train,    2026, 7.600247,   71, 0.09,    9, 0.000, 0.000, 0.280, 44
train,    2027, 7.954064,   72, 0.14,    8, 0.000, 0.000, 0.280, 44
train,    2028, 8.510359,   69, 0.10,    9, 0.000, 0.000, 0.280, 44
train,    2029, 7.917658,   76, 0.13,    9, 0.000, 0.000, 0.280, 44
train,    2030, 6.861799,   66, 0.11,    9, 0.000, 0.000, 0.280, 44
train,    2031, 8.363188,   74, 0.11,    8, 0.000, 0.000, 0.280, 44
train,    2032, 7.123552,   70, 0.11,   10, 0.000, 0.000, 0.280, 44
train,    2033, 7.698666,   71, 0.11,    9, 0.000, 0.000, 0.280, 44
train,    2034, 7.006317,   75, 0.13,    8, 0.000, 0.000, 0.280, 44
train,    2035, 7.499873,   73, 0.11,    9, 0.000, 0.000, 0.280, 44
train,    2036, 9.876053,   75, 0.13,    8, 0.000, 0.000, 0.280, 44
train,    2037, 8.626028,   68, 0.07,    9, 0.000, 0.000, 0.280, 44
train,    2038, 6.693069,   76, 0.13,    9, 0.000, 0.000, 0.280, 44
train,    2039, 7.789018,   69, 0.11,    9, 0.000, 0.000, 0.280, 44
train,    2040, 7.489840,   67, 0.10,    8, 0.000, 0.000, 0.280, 44
train,    2041, 7.372371,   71, 0.12,   10, 0.000, 0.000, 0.280, 44
train,    2042, 8.611836,   69, 0.12,   10, 0.000, 0.000, 0.280, 44
train,    2043, 7.515788,   69, 0.12,   10, 0.000, 0.000, 0.280, 44
train,    2044, 7.459642,   70, 0.12,    9, 0.000, 0.000, 0.280, 44
train,    2045, 8.810525,   68, 0.11,   10, 0.000, 0.000, 0.280, 44
train,    2046, 8.388470,   72, 0.10,    9, 0.000, 0.000, 0.280, 44
train,    2047, 7.565268,   77, 0.11,    9, 0.000, 0.000, 0.280, 44
train,    2048, 8.649970,   73, 0.13,    9, 0.000, 0.000, 0.280, 44
train,    2049, 8.213699,   73, 0.11,    9, 0.000, 0.000, 0.280, 44
train,    2050, 7.419913,   72, 0.13,    9, 0.000, 0.000, 0.280, 44
train,    2051, 8.077041,   76, 0.10,   10, 0.000, 0.000, 0.280, 44
train,    2052, 8.076173,   74, 0.10,    9, 0.000, 0.000, 0.280, 44
train,    2053, 8.738295,   70, 0.13,    9, 0.000, 0.000, 0.280, 44
train,    2054, 8.030107,   74, 0.13,    8, 0.000, 0.000, 0.280, 44
train,    2055, 8.241889,   76, 0.15,   10, 0.000, 0.000, 0.280, 44
train,    2056, 7.466394,   72, 0.12,    9, 0.000, 0.000, 0.280, 44
train,    2057, 7.377620,   73, 0.12,   10, 0.000, 0.000, 0.280, 44
train,    2058, 8.610164,   75, 0.09,    9, 0.000, 0.000, 0.280, 44
train,    2059, 8.296415,   72, 0.10,    9, 0.000, 0.000, 0.280, 44
train,    2060, 7.045307,   72, 0.09,    8, 0.000, 0.000, 0.280, 44
train,    2061, 8.449043,   68, 0.13,    9, 0.000, 0.000, 0.280, 44
train,    2062, 8.053368,   72, 0.10,   10, 0.000, 0.000, 0.280, 44
train,    2063, 7.342805,   72, 0.09,    8, 0.000, 0.000, 0.280, 44
train,    2064, 6.746329,   72, 0.11,   10, 0.000, 0.000, 0.280, 44
train,    2065, 7.754047,   72, 0.13,    9, 0.000, 0.000, 0.280, 44
train,    2066, 8.783256,   71, 0.11,    8, 0.000, 0.000, 0.280, 44
train,    2067, 7.882148,   69, 0.09,   10, 0.000, 0.000, 0.280, 44
train,    2068, 7.997469,   75, 0.11,    9, 0.000, 0.000, 0.280, 44
train,    2069, 9.119354,   73, 0.14,   10, 0.000, 0.000, 0.280, 44
train,    2070, 7.511956,   70, 0.12,    9, 0.000, 0.000, 0.280, 44
train,    2071, 7.921783,   73, 0.11,    8, 0.000, 0.000, 0.280, 44
train,    2072, 7.506732,   72, 0.14,    9, 0.000, 0.000, 0.280, 44
train,    2073, 8.518652,   75, 0.11,   10, 0.000, 0.000, 0.280, 44
train,    2074, 7.918950,   74, 0.12,   10, 0.000, 0.000, 0.280, 44
train,    2075, 7.552829,   69, 0.08,    9, 0.000, 0.000, 0.280, 44
train,    2076, 7.927757,   73, 0.16,    9, 0.000, 0.000, 0.280, 44
train,    2077, 6.872350,   72, 0.11,    9, 0.000, 0.000, 0.280, 44
train,    2078, 7.969695,   72, 0.12,    9, 0.000, 0.000, 0.280, 44
train,    2079, 7.468569,   73, 0.13,    9, 0.000, 0.000, 0.280, 44
train,    2080, 8.704497,   72, 0.10,    8, 0.000, 0.000, 0.280, 45
train,    2081, 9.312818,   67, 0.10,    9, 0.000, 0.000, 0.280, 45
train,    2082, 7.113731,   73, 0.11,   10, 0.000, 0.000, 0.280, 45
train,    2083, 6.974277,   73, 0.10,    9, 0.000, 0.000, 0.280, 45
train,    2084, 8.524955,   72, 0.10,   10, 0.000, 0.000, 0.280, 45
train,    2085, 8.385482,   70, 0.10,    9, 0.000, 0.000, 0.280, 45
train,    2086, 8.898337,   75, 0.13,    9, 0.000, 0.000, 0.280, 45
train,    2087, 7.600332,   73, 0.13,    9, 0.000, 0.000, 0.280, 45
train,    2088, 8.135401,   72, 0.10,   10, 0.000, 0.000, 0.280, 45
train,    2089, 8.788238,   77, 0.12,    9, 0.000, 0.000, 0.280, 45
train,    2090, 7.800621,   70, 0.11,   10, 0.000, 0.000, 0.280, 45
train,    2091, 6.920933,   72, 0.12,    8, 0.000, 0.000, 0.280, 45
train,    2092, 8.777539,   69, 0.15,   10, 0.000, 0.000, 0.280, 45
train,    2093, 8.422433,   75, 0.11,   10, 0.000, 0.000, 0.280, 45
train,    2094, 9.040609,   75, 0.11,    9, 0.000, 0.000, 0.280, 45
train,    2095, 8.462642,   71, 0.10,   10, 0.000, 0.000, 0.280, 45
train,    2096, 8.000630,   70, 0.13,    9, 0.000, 0.000, 0.280, 45
train,    2097, 8.288808,   69, 0.10,    8, 0.000, 0.000, 0.280, 45
train,    2098, 9.442828,   70, 0.12,    9, 0.000, 0.000, 0.280, 45
train,    2099, 8.482823,   74, 0.11,    9, 0.000, 0.000, 0.280, 45
train,    2100, 9.009599,   73, 0.10,    9, 0.000, 0.000, 0.280, 45
update,   2100,   21, 2100, 11.861238, 0.000000
val_t, 2100, 2100, 9.141726, 0.0915,  76.6471,   0.0943, 0.8663,  27.7993, progress 0.8449
train,    2101, 8.282781,   75, 0.12,   10, 0.000, 0.000, 0.280, 45
train,    2102, 8.425179,   79, 0.12,    8, 0.000, 0.000, 0.280, 45
train,    2103, 8.687165,   71, 0.09,    9, 0.000, 0.000, 0.280, 45
train,    2104, 8.168277,   72, 0.13,    9, 0.000, 0.000, 0.280, 45
train,    2105, 9.691782,   71, 0.12,    9, 0.000, 0.000, 0.280, 45
train,    2106, 9.018354,   71, 0.11,    9, 0.000, 0.000, 0.280, 45
train,    2107, 9.703253,   75, 0.11,   10, 0.000, 0.000, 0.280, 45
train,    2108, 7.710043,   71, 0.12,   11, 0.000, 0.000, 0.280, 45
train,    2109, 8.838942,   73, 0.14,    9, 0.000, 0.000, 0.280, 45
train,    2110, 8.164992,   73, 0.13,   10, 0.000, 0.000, 0.280, 45
train,    2111, 7.443831,   76, 0.13,    9, 0.000, 0.000, 0.280, 45
train,    2112, 8.817976,   75, 0.12,   10, 0.000, 0.000, 0.280, 45
train,    2113, 9.620511,   72, 0.13,   10, 0.000, 0.000, 0.280, 45
train,    2114, 9.624738,   70, 0.11,    9, 0.000, 0.000, 0.280, 45
train,    2115, 9.179911,   75, 0.09,    8, 0.000, 0.000, 0.280, 45
train,    2116, 8.308070,   75, 0.12,    9, 0.000, 0.000, 0.280, 45
train,    2117, 8.058656,   73, 0.12,    8, 0.000, 0.000, 0.280, 45
train,    2118, 8.616340,   68, 0.12,    8, 0.000, 0.000, 0.280, 45
train,    2119, 7.496436,   73, 0.10,   10, 0.000, 0.000, 0.280, 45
train,    2120, 9.743894,   72, 0.08,    9, 0.000, 0.000, 0.280, 45
train,    2121, 9.509783,   72, 0.09,    9, 0.000, 0.000, 0.280, 45
train,    2122, 8.544954,   73, 0.13,   10, 0.000, 0.000, 0.280, 45
train,    2123, 7.476250,   75, 0.13,    9, 0.000, 0.000, 0.280, 45
train,    2124, 7.749345,   70, 0.14,   10, 0.000, 0.000, 0.280, 45
train,    2125, 9.118016,   80, 0.13,    9, 0.000, 0.000, 0.280, 45
train,    2126, 8.305000,   74, 0.08,   10, 0.000, 0.000, 0.280, 45
train,    2127, 7.809283,   71, 0.12,    8, 0.000, 0.000, 0.280, 45
train,    2128, 7.891941,   78, 0.11,    9, 0.000, 0.000, 0.280, 45
train,    2129, 8.561131,   73, 0.09,    9, 0.000, 0.000, 0.280, 45
train,    2130, 10.233579,   74, 0.14,    9, 0.000, 0.000, 0.280, 45
train,    2131, 8.697224,   72, 0.12,   10, 0.000, 0.000, 0.280, 45
train,    2132, 8.753602,   72, 0.09,   10, 0.000, 0.000, 0.280, 45
train,    2133, 8.530786,   76, 0.10,    9, 0.000, 0.000, 0.280, 45
train,    2134, 8.282041,   69, 0.11,    9, 0.000, 0.000, 0.280, 45
train,    2135, 9.764080,   70, 0.12,   10, 0.000, 0.000, 0.280, 45
train,    2136, 8.891153,   70, 0.12,    8, 0.000, 0.000, 0.280, 45
train,    2137, 8.956406,   74, 0.08,    9, 0.000, 0.000, 0.280, 45
train,    2138, 8.307010,   75, 0.12,    8, 0.000, 0.000, 0.280, 45
train,    2139, 8.001741,   70, 0.10,    9, 0.000, 0.000, 0.280, 45
train,    2140, 10.369779,   76, 0.10,    9, 0.000, 0.000, 0.280, 45
train,    2141, 9.036045,   74, 0.12,    9, 0.000, 0.000, 0.280, 45
train,    2142, 8.636642,   76, 0.13,    9, 0.000, 0.000, 0.280, 45
train,    2143, 8.902963,   72, 0.10,    8, 0.000, 0.000, 0.280, 45
train,    2144, 9.177839,   72, 0.10,    9, 0.000, 0.000, 0.280, 45
train,    2145, 8.984756,   73, 0.11,   10, 0.000, 0.000, 0.280, 45
train,    2146, 9.043258,   75, 0.11,    9, 0.000, 0.000, 0.280, 45
train,    2147, 9.139523,   73, 0.13,    9, 0.000, 0.000, 0.280, 45
train,    2148, 10.486455,   76, 0.09,   10, 0.000, 0.000, 0.280, 45
train,    2149, 8.936181,   75, 0.10,   10, 0.000, 0.000, 0.280, 45
train,    2150, 8.693847,   76, 0.10,   10, 0.000, 0.000, 0.280, 45
train,    2151, 9.989541,   69, 0.10,   10, 0.000, 0.000, 0.280, 45
train,    2152, 9.363494,   72, 0.12,    9, 0.000, 0.000, 0.280, 45
train,    2153, 10.208766,   75, 0.08,   10, 0.000, 0.000, 0.280, 45
train,    2154, 9.607057,   75, 0.10,    9, 0.000, 0.000, 0.280, 45
train,    2155, 10.217469,   73, 0.12,   10, 0.000, 0.000, 0.280, 45
train,    2156, 9.989717,   76, 0.11,    9, 0.000, 0.000, 0.280, 45
train,    2157, 9.503249,   69, 0.09,   10, 0.000, 0.000, 0.280, 45
train,    2158, 8.882537,   73, 0.12,    8, 0.000, 0.000, 0.280, 45
train,    2159, 9.278186,   80, 0.11,    8, 0.000, 0.000, 0.280, 45
train,    2160, 8.176284,   73, 0.10,    9, 0.000, 0.000, 0.280, 45
train,    2161, 8.791469,   73, 0.13,    8, 0.000, 0.000, 0.280, 45
train,    2162, 9.562483,   73, 0.11,    8, 0.000, 0.000, 0.280, 45
train,    2163, 9.419167,   78, 0.13,   10, 0.000, 0.000, 0.280, 45
train,    2164, 8.434888,   74, 0.14,    9, 0.000, 0.000, 0.280, 45
train,    2165, 9.470744,   77, 0.10,    9, 0.000, 0.000, 0.280, 45
train,    2166, 8.974331,   73, 0.11,    9, 0.000, 0.000, 0.280, 45
train,    2167, 10.267766,   72, 0.11,    9, 0.000, 0.000, 0.280, 45
train,    2168, 8.961722,   74, 0.09,    9, 0.000, 0.000, 0.280, 45
train,    2169, 10.863969,   78, 0.09,    9, 0.000, 0.000, 0.280, 45
train,    2170, 9.563520,   71, 0.10,    8, 0.000, 0.000, 0.280, 45
train,    2171, 10.242826,   75, 0.12,   10, 0.000, 0.000, 0.280, 45
train,    2172, 9.183311,   74, 0.10,   10, 0.000, 0.000, 0.280, 45
train,    2173, 9.355011,   72, 0.09,   10, 0.000, 0.000, 0.280, 45
train,    2174, 9.729654,   74, 0.11,   10, 0.000, 0.000, 0.280, 45
train,    2175, 8.883471,   73, 0.07,   10, 0.000, 0.000, 0.280, 45
train,    2176, 10.170074,   71, 0.10,    8, 0.000, 0.000, 0.280, 45
train,    2177, 9.699129,   72, 0.10,   10, 0.000, 0.000, 0.280, 45
train,    2178, 10.000972,   73, 0.09,    9, 0.000, 0.000, 0.280, 45
train,    2179, 10.003094,   77, 0.11,   10, 0.000, 0.000, 0.280, 45
train,    2180, 10.315078,   78, 0.10,    9, 0.000, 0.000, 0.280, 45
train,    2181, 10.756277,   75, 0.10,    9, 0.000, 0.000, 0.280, 45
train,    2182, 10.412055,   73, 0.09,    9, 0.000, 0.000, 0.280, 45
train,    2183, 10.813003,   75, 0.09,   11, 0.000, 0.000, 0.280, 45
train,    2184, 10.900277,   74, 0.07,    9, 0.000, 0.000, 0.280, 45
train,    2185, 10.298667,   76, 0.12,    9, 0.000, 0.000, 0.280, 45
train,    2186, 10.420063,   74, 0.11,    9, 0.000, 0.000, 0.280, 45
train,    2187, 9.569591,   75, 0.11,   10, 0.000, 0.000, 0.280, 45
train,    2188, 10.747833,   77, 0.10,    9, 0.000, 0.000, 0.280, 45
train,    2189, 9.846446,   73, 0.09,   10, 0.000, 0.000, 0.280, 45
train,    2190, 10.244830,   76, 0.11,    9, 0.000, 0.000, 0.280, 45
train,    2191, 10.881808,   76, 0.10,    8, 0.000, 0.000, 0.280, 45
train,    2192, 9.518752,   81, 0.11,   10, 0.000, 0.000, 0.280, 45
train,    2193, 9.539963,   72, 0.10,    8, 0.000, 0.000, 0.280, 45
train,    2194, 10.330774,   72, 0.10,    9, 0.000, 0.000, 0.280, 45
train,    2195, 10.317702,   73, 0.09,    9, 0.000, 0.000, 0.280, 45
train,    2196, 10.339143,   73, 0.10,    9, 0.000, 0.000, 0.280, 45
train,    2197, 10.996969,   72, 0.11,    9, 0.000, 0.000, 0.280, 45
train,    2198, 9.129021,   75, 0.09,   10, 0.000, 0.000, 0.280, 45
train,    2199, 9.057354,   74, 0.09,    8, 0.000, 0.000, 0.280, 45
train,    2200, 9.822030,   73, 0.11,   10, 0.000, 0.000, 0.280, 45
update,   2200,   22, 2200, 12.175552, 0.000000
val_t, 2200, 2200, 9.437353, 0.0824,  79.0039,   0.1036, 0.8608,  27.7890, progress 0.8704
train,    2201, 9.540357,   74, 0.10,   10, 0.000, 0.000, 0.280, 45
train,    2202, 10.425470,   74, 0.08,    9, 0.000, 0.000, 0.280, 45
train,    2203, 10.690502,   75, 0.10,    9, 0.000, 0.000, 0.280, 45
train,    2204, 10.262857,   74, 0.10,    9, 0.000, 0.000, 0.280, 45
train,    2205, 10.960700,   69, 0.08,    9, 0.000, 0.000, 0.280, 45
train,    2206, 10.757152,   76, 0.13,    8, 0.000, 0.000, 0.280, 45
train,    2207, 9.214210,   73, 0.10,    9, 0.000, 0.000, 0.280, 45
train,    2208, 10.741357,   74, 0.13,   10, 0.000, 0.000, 0.280, 45
train,    2209, 10.550406,   71, 0.11,    9, 0.000, 0.000, 0.280, 45
train,    2210, 9.130539,   74, 0.11,    9, 0.000, 0.000, 0.280, 45
train,    2211, 11.792663,   75, 0.08,    8, 0.000, 0.000, 0.280, 45
train,    2212, 10.050499,   79, 0.10,   10, 0.000, 0.000, 0.280, 45
train,    2213, 10.447494,   71, 0.10,   10, 0.000, 0.000, 0.280, 45
train,    2214, 9.658681,   75, 0.10,   10, 0.000, 0.000, 0.280, 45
train,    2215, 9.676250,   73, 0.10,   10, 0.000, 0.000, 0.280, 45
train,    2216, 10.174982,   72, 0.08,    9, 0.000, 0.000, 0.280, 45
train,    2217, 10.112825,   72, 0.08,   10, 0.000, 0.000, 0.280, 45
train,    2218, 11.163722,   76, 0.10,   10, 0.000, 0.000, 0.280, 45
train,    2219, 11.613799,   74, 0.11,   10, 0.000, 0.000, 0.280, 45
train,    2220, 10.764902,   77, 0.10,    9, 0.000, 0.000, 0.280, 45
train,    2221, 10.406130,   76, 0.07,   10, 0.000, 0.000, 0.280, 45
train,    2222, 11.247287,   72, 0.10,    9, 0.000, 0.000, 0.280, 45
train,    2223, 11.286711,   71, 0.11,   10, 0.000, 0.000, 0.280, 45
train,    2224, 11.268944,   77, 0.11,   10, 0.000, 0.000, 0.280, 45
train,    2225, 10.989722,   75, 0.12,    9, 0.000, 0.000, 0.280, 45
train,    2226, 10.457067,   74, 0.09,    9, 0.000, 0.000, 0.280, 45
train,    2227, 10.114443,   72, 0.10,    9, 0.000, 0.000, 0.280, 45
train,    2228, 9.386948,   72, 0.13,   10, 0.000, 0.000, 0.280, 45
train,    2229, 11.136306,   75, 0.09,    9, 0.000, 0.000, 0.280, 45
train,    2230, 10.998056,   74, 0.08,    9, 0.000, 0.000, 0.280, 45
train,    2231, 11.328562,   79, 0.10,   10, 0.000, 0.000, 0.280, 45
train,    2232, 11.706061,   81, 0.10,    9, 0.000, 0.000, 0.280, 45
train,    2233, 10.712691,   73, 0.10,   10, 0.000, 0.000, 0.280, 45
train,    2234, 11.731367,   78, 0.09,    9, 0.000, 0.000, 0.280, 45
train,    2235, 11.641042,   72, 0.12,   10, 0.000, 0.000, 0.280, 45
train,    2236, 11.272974,   78, 0.09,    9, 0.000, 0.000, 0.280, 45
train,    2237, 12.285340,   78, 0.11,    8, 0.000, 0.000, 0.280, 45
train,    2238, 11.758560,   74, 0.07,   10, 0.000, 0.000, 0.280, 45
train,    2239, 11.606718,   75, 0.12,    9, 0.000, 0.000, 0.280, 45
train,    2240, 10.910501,   76, 0.09,   10, 0.000, 0.000, 0.280, 46
train,    2241, 11.491478,   75, 0.09,   10, 0.000, 0.000, 0.280, 46
train,    2242, 12.159535,   75, 0.11,    9, 0.000, 0.000, 0.280, 46
train,    2243, 9.540216,   70, 0.11,    9, 0.000, 0.000, 0.280, 46
train,    2244, 11.130955,   72, 0.10,    9, 0.000, 0.000, 0.280, 46
train,    2245, 12.220549,   73, 0.12,    9, 0.000, 0.000, 0.280, 46
train,    2246, 12.158301,   76, 0.09,   10, 0.000, 0.000, 0.280, 46
train,    2247, 10.919077,   81, 0.11,   10, 0.000, 0.000, 0.280, 46
train,    2248, 12.205883,   78, 0.12,   10, 0.000, 0.000, 0.280, 46
train,    2249, 11.712249,   73, 0.09,    9, 0.000, 0.000, 0.280, 46
train,    2250, 11.542537,   74, 0.11,    9, 0.000, 0.000, 0.280, 46
train,    2251, 11.471752,   78, 0.12,   10, 0.000, 0.000, 0.280, 46
train,    2252, 11.443271,   73, 0.10,    9, 0.000, 0.000, 0.280, 46
train,    2253, 11.785290,   74, 0.09,    9, 0.000, 0.000, 0.280, 46
train,    2254, 11.121715,   77, 0.10,   10, 0.000, 0.000, 0.280, 46
train,    2255, 11.958681,   73, 0.10,    9, 0.000, 0.000, 0.280, 46
train,    2256, 10.997386,   72, 0.09,   10, 0.000, 0.000, 0.280, 46
train,    2257, 12.408760,   75, 0.08,    9, 0.000, 0.000, 0.280, 46
train,    2258, 11.522150,   77, 0.11,    8, 0.000, 0.000, 0.280, 46
train,    2259, 11.388525,   74, 0.12,    9, 0.000, 0.000, 0.280, 46
train,    2260, 11.711292,   79, 0.09,   10, 0.000, 0.000, 0.280, 46
train,    2261, 10.939210,   71, 0.10,    8, 0.000, 0.000, 0.280, 46
train,    2262, 11.568884,   77, 0.10,   10, 0.000, 0.000, 0.280, 46
train,    2263, 12.021939,   75, 0.10,   10, 0.000, 0.000, 0.280, 46
train,    2264, 13.642880,   76, 0.10,   10, 0.000, 0.000, 0.280, 46
train,    2265, 11.618719,   77, 0.08,    8, 0.000, 0.000, 0.280, 46
train,    2266, 11.347553,   79, 0.09,   11, 0.000, 0.000, 0.280, 46
train,    2267, 11.469032,   78, 0.08,   10, 0.000, 0.000, 0.280, 46
train,    2268, 11.074956,   71, 0.11,    9, 0.000, 0.000, 0.280, 46
train,    2269, 11.100619,   72, 0.10,   10, 0.000, 0.000, 0.280, 46
train,    2270, 10.825794,   75, 0.11,   10, 0.000, 0.000, 0.280, 46
train,    2271, 11.472951,   74, 0.09,    9, 0.000, 0.000, 0.280, 46
train,    2272, 11.492343,   77, 0.09,    8, 0.000, 0.000, 0.280, 46
train,    2273, 12.976857,   75, 0.09,    9, 0.000, 0.000, 0.280, 46
train,    2274, 11.151748,   76, 0.09,    9, 0.000, 0.000, 0.280, 46
train,    2275, 11.357395,   74, 0.10,    9, 0.000, 0.000, 0.280, 46
train,    2276, 11.035774,   71, 0.09,    9, 0.000, 0.000, 0.280, 46
train,    2277, 11.418349,   76, 0.10,   10, 0.000, 0.000, 0.280, 46
train,    2278, 12.270518,   77, 0.10,    9, 0.000, 0.000, 0.280, 46
train,    2279, 11.628324,   77, 0.10,    9, 0.000, 0.000, 0.280, 46
train,    2280, 12.195387,   78, 0.09,   10, 0.000, 0.000, 0.280, 46
train,    2281, 11.595281,   78, 0.09,    9, 0.000, 0.000, 0.280, 46
train,    2282, 11.000871,   74, 0.11,    9, 0.000, 0.000, 0.280, 46
train,    2283, 12.837975,   77, 0.10,   10, 0.000, 0.000, 0.280, 46
train,    2284, 10.982248,   77, 0.11,    9, 0.000, 0.000, 0.280, 46
train,    2285, 12.157769,   78, 0.11,   10, 0.000, 0.000, 0.280, 46
train,    2286, 12.106116,   75, 0.09,    9, 0.000, 0.000, 0.280, 46
train,    2287, 11.025966,   71, 0.13,   10, 0.000, 0.000, 0.280, 46
train,    2288, 12.080196,   75, 0.10,   11, 0.000, 0.000, 0.280, 46
train,    2289, 11.504980,   69, 0.08,   10, 0.000, 0.000, 0.280, 46
train,    2290, 12.596174,   77, 0.10,   10, 0.000, 0.000, 0.280, 46
train,    2291, 12.138329,   79, 0.11,   11, 0.000, 0.000, 0.280, 46
train,    2292, 10.296249,   72, 0.08,   10, 0.000, 0.000, 0.280, 46
train,    2293, 11.420222,   73, 0.11,   10, 0.000, 0.000, 0.280, 46
train,    2294, 12.196593,   79, 0.09,   11, 0.000, 0.000, 0.280, 46
train,    2295, 10.817711,   78, 0.10,   10, 0.000, 0.000, 0.280, 46
train,    2296, 12.478902,   73, 0.07,    9, 0.000, 0.000, 0.280, 46
train,    2297, 11.296027,   77, 0.09,    9, 0.000, 0.000, 0.280, 46
train,    2298, 11.005701,   73, 0.10,   10, 0.000, 0.000, 0.280, 46
train,    2299, 13.460876,   71, 0.10,    8, 0.000, 0.000, 0.280, 46
train,    2300, 12.602325,   73, 0.11,    9, 0.000, 0.000, 0.280, 46
update,   2300,   23, 2300, 13.278953, 0.000000
val_t, 2300, 2300, 12.346401, 0.0935,  80.3533,   0.0827, 0.8747,  28.3355, progress 0.8912
train,    2301, 12.772931,   73, 0.11,    9, 0.000, 0.000, 0.280, 46
train,    2302, 10.849699,   78, 0.08,   11, 0.000, 0.000, 0.280, 46
train,    2303, 12.921199,   74, 0.07,   10, 0.000, 0.000, 0.280, 46
train,    2304, 12.410899,   77, 0.10,    9, 0.000, 0.000, 0.280, 46
train,    2305, 12.821648,   76, 0.09,   10, 0.000, 0.000, 0.280, 46
train,    2306, 11.088316,   77, 0.10,    9, 0.000, 0.000, 0.280, 46
train,    2307, 10.645374,   80, 0.09,   10, 0.000, 0.000, 0.280, 46
train,    2308, 11.787738,   76, 0.08,    9, 0.000, 0.000, 0.280, 46
train,    2309, 13.165676,   78, 0.08,    9, 0.000, 0.000, 0.280, 46
train,    2310, 11.503684,   74, 0.10,    8, 0.000, 0.000, 0.280, 46
train,    2311, 12.763334,   74, 0.11,   10, 0.000, 0.000, 0.280, 46
train,    2312, 12.574549,   75, 0.10,    9, 0.000, 0.000, 0.280, 46
train,    2313, 12.724469,   73, 0.08,   10, 0.000, 0.000, 0.280, 46
train,    2314, 11.920098,   72, 0.07,   10, 0.000, 0.000, 0.280, 46
train,    2315, 13.099121,   73, 0.07,    9, 0.000, 0.000, 0.280, 46
train,    2316, 12.173740,   73, 0.07,    8, 0.000, 0.000, 0.280, 46
train,    2317, 13.500605,   77, 0.09,   10, 0.000, 0.000, 0.280, 46
train,    2318, 11.271076,   74, 0.10,    9, 0.000, 0.000, 0.280, 46
train,    2319, 11.949812,   78, 0.09,    9, 0.000, 0.000, 0.280, 46
train,    2320, 12.053098,   74, 0.09,    9, 0.000, 0.000, 0.280, 46
train,    2321, 12.750792,   72, 0.10,    9, 0.000, 0.000, 0.280, 46
train,    2322, 11.289890,   78, 0.09,    9, 0.000, 0.000, 0.280, 46
train,    2323, 11.915382,   76, 0.11,    9, 0.000, 0.000, 0.280, 46
train,    2324, 12.541327,   76, 0.12,   10, 0.000, 0.000, 0.280, 46
train,    2325, 10.772234,   73, 0.09,    9, 0.000, 0.000, 0.280, 46
train,    2326, 11.097048,   77, 0.12,   11, 0.000, 0.000, 0.280, 46
train,    2327, 13.300674,   77, 0.10,    9, 0.000, 0.000, 0.280, 46
train,    2328, 12.187079,   75, 0.10,   10, 0.000, 0.000, 0.280, 46
train,    2329, 13.316006,   78, 0.07,    9, 0.000, 0.000, 0.280, 46
train,    2330, 13.529066,   75, 0.10,    9, 0.000, 0.000, 0.280, 46
train,    2331, 12.115161,   76, 0.11,    8, 0.000, 0.000, 0.280, 46
train,    2332, 12.437101,   73, 0.09,    9, 0.000, 0.000, 0.280, 46
train,    2333, 12.343894,   81, 0.10,   10, 0.000, 0.000, 0.280, 46
train,    2334, 13.215652,   75, 0.09,    9, 0.000, 0.000, 0.280, 46
train,    2335, 12.121092,   76, 0.09,   10, 0.000, 0.000, 0.280, 46
train,    2336, 12.134461,   74, 0.10,    9, 0.000, 0.000, 0.280, 46
train,    2337, 11.980682,   77, 0.09,   10, 0.000, 0.000, 0.280, 46
train,    2338, 11.855056,   77, 0.08,    9, 0.000, 0.000, 0.280, 46
train,    2339, 11.012212,   74, 0.08,    9, 0.000, 0.000, 0.280, 46
train,    2340, 11.227018,   75, 0.08,   11, 0.000, 0.000, 0.280, 46
train,    2341, 12.857982,   78, 0.09,    9, 0.000, 0.000, 0.280, 46
train,    2342, 11.966627,   75, 0.08,    9, 0.000, 0.000, 0.280, 46
train,    2343, 12.339451,   75, 0.09,   10, 0.000, 0.000, 0.280, 46
train,    2344, 11.850344,   79, 0.08,   10, 0.000, 0.000, 0.280, 46
train,    2345, 13.743709,   78, 0.09,    9, 0.000, 0.000, 0.280, 46
train,    2346, 12.329916,   72, 0.09,    9, 0.000, 0.000, 0.280, 46
train,    2347, 11.784702,   76, 0.08,    9, 0.000, 0.000, 0.280, 46
train,    2348, 11.702309,   75, 0.10,    9, 0.000, 0.000, 0.280, 46
train,    2349, 11.777960,   79, 0.10,   10, 0.000, 0.000, 0.280, 46
train,    2350, 13.074037,   75, 0.09,    9, 0.000, 0.000, 0.280, 46
train,    2351, 13.464923,   73, 0.08,    9, 0.000, 0.000, 0.280, 46
train,    2352, 12.648878,   76, 0.08,    8, 0.000, 0.000, 0.280, 46
train,    2353, 13.045484,   77, 0.11,   10, 0.000, 0.000, 0.280, 46
train,    2354, 11.001698,   79, 0.11,   11, 0.000, 0.000, 0.280, 46
train,    2355, 12.234966,   79, 0.08,   10, 0.000, 0.000, 0.280, 46
train,    2356, 12.597222,   79, 0.08,    9, 0.000, 0.000, 0.280, 46
train,    2357, 12.560016,   70, 0.09,   10, 0.000, 0.000, 0.280, 46
train,    2358, 12.982035,   75, 0.10,    9, 0.000, 0.000, 0.280, 46
train,    2359, 11.775080,   74, 0.09,    9, 0.000, 0.000, 0.280, 46
train,    2360, 11.453158,   74, 0.08,    9, 0.000, 0.000, 0.280, 46
train,    2361, 11.489366,   75, 0.09,    9, 0.000, 0.000, 0.280, 46
train,    2362, 11.703413,   73, 0.09,    9, 0.000, 0.000, 0.280, 46
train,    2363, 10.689151,   74, 0.09,    9, 0.000, 0.000, 0.280, 46
train,    2364, 11.045327,   70, 0.10,    9, 0.000, 0.000, 0.280, 46
train,    2365, 12.169162,   73, 0.09,    9, 0.000, 0.000, 0.280, 46
train,    2366, 13.524928,   71, 0.09,   11, 0.000, 0.000, 0.280, 46
train,    2367, 13.668938,   74, 0.08,   10, 0.000, 0.000, 0.280, 46
train,    2368, 11.411466,   78, 0.11,   10, 0.000, 0.000, 0.280, 46
train,    2369, 11.821912,   80, 0.10,   10, 0.000, 0.000, 0.280, 46
train,    2370, 12.129127,   77, 0.10,   10, 0.000, 0.000, 0.280, 46
train,    2371, 11.931286,   81, 0.09,   11, 0.000, 0.000, 0.280, 46
train,    2372, 11.942688,   74, 0.11,    8, 0.000, 0.000, 0.280, 46
train,    2373, 12.794140,   78, 0.09,    9, 0.000, 0.000, 0.280, 46
train,    2374, 11.390783,   78, 0.06,   11, 0.000, 0.000, 0.280, 46
train,    2375, 13.085807,   71, 0.09,    9, 0.000, 0.000, 0.280, 46
train,    2376, 12.865941,   78, 0.08,   10, 0.000, 0.000, 0.280, 46
train,    2377, 11.755322,   78, 0.10,   10, 0.000, 0.000, 0.280, 46
train,    2378, 12.738683,   75, 0.11,    9, 0.000, 0.000, 0.280, 46
train,    2379, 11.709438,   73, 0.08,   10, 0.000, 0.000, 0.280, 46
train,    2380, 12.842828,   76, 0.07,   10, 0.000, 0.000, 0.280, 46
train,    2381, 13.947314,   75, 0.10,    9, 0.000, 0.000, 0.280, 46
train,    2382, 12.109195,   73, 0.09,   10, 0.000, 0.000, 0.280, 46
train,    2383, 11.948687,   76, 0.08,   10, 0.000, 0.000, 0.280, 46
train,    2384, 11.313325,   72, 0.08,    9, 0.000, 0.000, 0.280, 46
train,    2385, 11.746830,   72, 0.08,   10, 0.000, 0.000, 0.280, 46
train,    2386, 11.567196,   78, 0.09,   10, 0.000, 0.000, 0.280, 46
train,    2387, 11.938803,   75, 0.09,    8, 0.000, 0.000, 0.280, 46
train,    2388, 11.966740,   78, 0.08,    9, 0.000, 0.000, 0.280, 46
train,    2389, 12.160430,   78, 0.09,   10, 0.000, 0.000, 0.280, 46
train,    2390, 11.385300,   77, 0.10,   11, 0.000, 0.000, 0.280, 46
train,    2391, 11.024762,   75, 0.10,   10, 0.000, 0.000, 0.280, 46
train,    2392, 11.370804,   79, 0.09,   11, 0.000, 0.000, 0.280, 46
train,    2393, 12.741752,   76, 0.09,    9, 0.000, 0.000, 0.280, 46
train,    2394, 12.521033,   79, 0.08,    9, 0.000, 0.000, 0.280, 46
train,    2395, 12.199893,   76, 0.09,    8, 0.000, 0.000, 0.280, 46
train,    2396, 11.489615,   76, 0.11,   10, 0.000, 0.000, 0.280, 46
train,    2397, 10.428595,   75, 0.09,   10, 0.000, 0.000, 0.280, 46
train,    2398, 13.324446,   78, 0.10,   10, 0.000, 0.000, 0.280, 46
train,    2399, 12.146763,   77, 0.08,    9, 0.000, 0.000, 0.280, 46
train,    2400, 11.091267,   76, 0.09,    9, 0.000, 0.000, 0.280, 47
update,   2400,   24, 2400, 13.637386, 0.000000
val_t, 2400, 2400, 13.336298, 0.0704,  78.7226,   0.0971, 0.8826,  28.3546, progress 0.9011
train,    2401, 12.732744,   76, 0.08,   10, 0.000, 0.000, 0.280, 47
train,    2402, 12.077116,   73, 0.08,    9, 0.000, 0.000, 0.280, 47
train,    2403, 12.027204,   73, 0.09,   10, 0.000, 0.000, 0.280, 47
train,    2404, 12.897711,   76, 0.07,   10, 0.000, 0.000, 0.280, 47
train,    2405, 12.136956,   74, 0.06,   11, 0.000, 0.000, 0.280, 47
train,    2406, 12.713557,   75, 0.09,   11, 0.000, 0.000, 0.280, 47
train,    2407, 12.253053,   77, 0.09,   10, 0.000, 0.000, 0.280, 47
train,    2408, 12.614609,   75, 0.10,    9, 0.000, 0.000, 0.280, 47
train,    2409, 11.124891,   73, 0.12,    8, 0.000, 0.000, 0.280, 47
train,    2410, 11.935612,   80, 0.09,   10, 0.000, 0.000, 0.280, 47
train,    2411, 11.961468,   77, 0.09,   11, 0.000, 0.000, 0.280, 47
train,    2412, 12.779712,   79, 0.11,   10, 0.000, 0.000, 0.280, 47
train,    2413, 11.390354,   76, 0.07,    9, 0.000, 0.000, 0.280, 47
train,    2414, 12.294778,   76, 0.09,   11, 0.000, 0.000, 0.280, 47
train,    2415, 12.917034,   74, 0.08,   10, 0.000, 0.000, 0.280, 47
train,    2416, 12.784206,   71, 0.06,    9, 0.000, 0.000, 0.280, 47
train,    2417, 12.586860,   75, 0.09,   10, 0.000, 0.000, 0.280, 47
train,    2418, 10.420509,   74, 0.09,   10, 0.000, 0.000, 0.280, 47
train,    2419, 11.243637,   76, 0.08,    9, 0.000, 0.000, 0.280, 47
train,    2420, 11.822358,   74, 0.10,   10, 0.000, 0.000, 0.280, 47
train,    2421, 11.070159,   80, 0.12,    9, 0.000, 0.000, 0.280, 47
train,    2422, 11.933514,   75, 0.12,   10, 0.000, 0.000, 0.280, 47
train,    2423, 12.148893,   76, 0.07,   10, 0.000, 0.000, 0.280, 47
train,    2424, 11.710225,   78, 0.09,   10, 0.000, 0.000, 0.280, 47
train,    2425, 12.124406,   79, 0.11,   11, 0.000, 0.000, 0.280, 47
train,    2426, 11.374972,   80, 0.08,   10, 0.000, 0.000, 0.280, 47
train,    2427, 12.029469,   74, 0.06,   10, 0.000, 0.000, 0.280, 47
train,    2428, 12.147070,   80, 0.07,   10, 0.000, 0.000, 0.280, 47
train,    2429, 10.277294,   79, 0.09,    9, 0.000, 0.000, 0.280, 47
train,    2430, 11.445038,   78, 0.09,    9, 0.000, 0.000, 0.280, 47
train,    2431, 11.113006,   73, 0.08,   10, 0.000, 0.000, 0.280, 47
train,    2432, 10.971793,   83, 0.08,    9, 0.000, 0.000, 0.280, 47
train,    2433, 12.134277,   75, 0.09,    9, 0.000, 0.000, 0.280, 47
train,    2434, 12.307576,   73, 0.08,    9, 0.000, 0.000, 0.280, 47
train,    2435, 10.543260,   74, 0.07,   10, 0.000, 0.000, 0.280, 47
train,    2436, 10.842626,   75, 0.11,   11, 0.000, 0.000, 0.280, 47
train,    2437, 10.459076,   77, 0.08,   10, 0.000, 0.000, 0.280, 47
train,    2438, 13.056143,   77, 0.09,    9, 0.000, 0.000, 0.280, 47
train,    2439, 11.957437,   79, 0.11,   10, 0.000, 0.000, 0.280, 47
train,    2440, 12.569100,   78, 0.09,   10, 0.000, 0.000, 0.280, 47
train,    2441, 10.527711,   81, 0.09,    9, 0.000, 0.000, 0.280, 47
train,    2442, 10.345623,   78, 0.10,   10, 0.000, 0.000, 0.280, 47
train,    2443, 11.548061,   77, 0.09,    9, 0.000, 0.000, 0.280, 47
train,    2444, 11.992145,   72, 0.09,   11, 0.000, 0.000, 0.280, 47
train,    2445, 11.840872,   75, 0.10,   10, 0.000, 0.000, 0.280, 47
train,    2446, 11.726933,   77, 0.08,    8, 0.000, 0.000, 0.280, 47
train,    2447, 11.429179,   77, 0.08,   10, 0.000, 0.000, 0.280, 47
train,    2448, 10.381029,   77, 0.09,   10, 0.000, 0.000, 0.280, 47
train,    2449, 10.245075,   75, 0.07,   10, 0.000, 0.000, 0.280, 47
train,    2450, 10.230281,   74, 0.09,    9, 0.000, 0.000, 0.280, 47
train,    2451, 11.319132,   84, 0.08,    9, 0.000, 0.000, 0.280, 47
train,    2452, 10.063952,   82, 0.09,   10, 0.000, 0.000, 0.280, 47
train,    2453, 10.221363,   78, 0.08,   11, 0.000, 0.000, 0.280, 47
train,    2454, 10.920505,   79, 0.09,    9, 0.000, 0.000, 0.280, 47
train,    2455, 10.996273,   76, 0.08,   10, 0.000, 0.000, 0.280, 47
train,    2456, 11.541655,   81, 0.09,   10, 0.000, 0.000, 0.280, 47
train,    2457, 10.870481,   80, 0.08,   11, 0.000, 0.000, 0.280, 47
train,    2458, 11.254571,   78, 0.09,    9, 0.000, 0.000, 0.280, 47
train,    2459, 11.058992,   78, 0.10,   10, 0.000, 0.000, 0.280, 47
train,    2460, 10.722153,   74, 0.10,   10, 0.000, 0.000, 0.280, 47
train,    2461, 12.416290,   77, 0.08,   11, 0.000, 0.000, 0.280, 47
train,    2462, 12.309163,   75, 0.10,    9, 0.000, 0.000, 0.280, 47
train,    2463, 10.778729,   78, 0.09,   11, 0.000, 0.000, 0.280, 47
train,    2464, 11.861137,   77, 0.07,    8, 0.000, 0.000, 0.280, 47
train,    2465, 11.528252,   75, 0.09,   10, 0.000, 0.000, 0.280, 47
train,    2466, 11.283199,   78, 0.06,   10, 0.000, 0.000, 0.280, 47
train,    2467, 10.764203,   75, 0.08,    8, 0.000, 0.000, 0.280, 47
train,    2468, 11.098434,   76, 0.09,    9, 0.000, 0.000, 0.280, 47
train,    2469, 11.283506,   76, 0.08,   10, 0.000, 0.000, 0.280, 47
train,    2470, 11.099939,   83, 0.07,   10, 0.000, 0.000, 0.280, 47
train,    2471, 10.671289,   81, 0.09,   10, 0.000, 0.000, 0.280, 47
train,    2472, 11.261521,   77, 0.08,   10, 0.000, 0.000, 0.280, 47
train,    2473, 11.151294,   73, 0.10,    8, 0.000, 0.000, 0.280, 47
train,    2474, 10.130333,   79, 0.06,   11, 0.000, 0.000, 0.280, 47
train,    2475, 10.002174,   77, 0.05,   10, 0.000, 0.000, 0.280, 47
train,    2476, 11.742712,   78, 0.08,   10, 0.000, 0.000, 0.280, 47
train,    2477, 10.509747,   72, 0.10,    8, 0.000, 0.000, 0.280, 47
train,    2478, 11.656405,   79, 0.07,   10, 0.000, 0.000, 0.280, 47
train,    2479, 11.575410,   80, 0.08,   10, 0.000, 0.000, 0.280, 47
train,    2480, 10.756535,   73, 0.08,    9, 0.000, 0.000, 0.280, 47
train,    2481, 9.018165,   75, 0.07,   11, 0.000, 0.000, 0.280, 47
train,    2482, 10.263607,   79, 0.10,   10, 0.000, 0.000, 0.280, 47
train,    2483, 10.410000,   75, 0.07,   10, 0.000, 0.000, 0.280, 47
train,    2484, 11.171529,   82, 0.08,   10, 0.000, 0.000, 0.280, 47
train,    2485, 10.794112,   75, 0.10,   10, 0.000, 0.000, 0.280, 47
train,    2486, 11.259894,   76, 0.10,   10, 0.000, 0.000, 0.280, 47
train,    2487, 12.753410,   79, 0.09,   10, 0.000, 0.000, 0.280, 47
train,    2488, 11.051920,   79, 0.07,   10, 0.000, 0.000, 0.280, 47
train,    2489, 10.886894,   79, 0.06,   10, 0.000, 0.000, 0.280, 47
train,    2490, 10.696272,   75, 0.10,    9, 0.000, 0.000, 0.280, 47
train,    2491, 11.265733,   80, 0.07,   11, 0.000, 0.000, 0.280, 47
train,    2492, 10.076994,   78, 0.08,    9, 0.000, 0.000, 0.280, 47
train,    2493, 9.520786,   77, 0.10,   11, 0.000, 0.000, 0.280, 47
train,    2494, 10.657245,   80, 0.07,    9, 0.000, 0.000, 0.280, 47
train,    2495, 11.263503,   76, 0.08,    9, 0.000, 0.000, 0.280, 47
train,    2496, 10.192354,   73, 0.06,    9, 0.000, 0.000, 0.280, 47
train,    2497, 11.528092,   76, 0.10,    9, 0.000, 0.000, 0.280, 47
train,    2498, 10.918086,   76, 0.09,   10, 0.000, 0.000, 0.280, 47
train,    2499, 10.483659,   81, 0.08,   10, 0.000, 0.000, 0.280, 47
train,    2500, 9.857866,   79, 0.11,    9, 0.000, 0.000, 0.280, 47
update,   2500,   25, 2500, 12.367200, 0.000000
val_t, 2500, 2500, 13.720822, 0.0692,  82.9033,   0.0948, 0.8937,  28.2598, progress 0.8877
train,    2501, 9.550396,   75, 0.07,   11, 0.000, 0.000, 0.280, 47
train,    2502, 10.442359,   75, 0.07,    9, 0.000, 0.000, 0.280, 47
train,    2503, 11.026122,   72, 0.08,    8, 0.000, 0.000, 0.280, 47
train,    2504, 10.830291,   82, 0.09,    9, 0.000, 0.000, 0.280, 47
train,    2505, 11.249053,   76, 0.08,   10, 0.000, 0.000, 0.280, 47
train,    2506, 10.711336,   74, 0.08,    9, 0.000, 0.000, 0.280, 47
train,    2507, 10.982234,   79, 0.06,   10, 0.000, 0.000, 0.280, 47
train,    2508, 11.314956,   71, 0.10,   10, 0.000, 0.000, 0.280, 47
train,    2509, 9.974379,   72, 0.08,   10, 0.000, 0.000, 0.280, 47
train,    2510, 10.728678,   76, 0.10,    8, 0.000, 0.000, 0.280, 47
train,    2511, 10.608911,   81, 0.10,   10, 0.000, 0.000, 0.280, 47
train,    2512, 11.223785,   75, 0.08,   10, 0.000, 0.000, 0.280, 47
train,    2513, 10.429856,   79, 0.09,    9, 0.000, 0.000, 0.280, 47
train,    2514, 10.010485,   79, 0.08,   10, 0.000, 0.000, 0.280, 47
train,    2515, 10.790421,   75, 0.08,    9, 0.000, 0.000, 0.280, 47
train,    2516, 10.684493,   78, 0.11,   10, 0.000, 0.000, 0.280, 47
train,    2517, 10.852256,   80, 0.07,   10, 0.000, 0.000, 0.280, 47
train,    2518, 10.541914,   81, 0.11,    9, 0.000, 0.000, 0.280, 47
train,    2519, 10.950510,   81, 0.09,   10, 0.000, 0.000, 0.280, 47
train,    2520, 10.854037,   79, 0.08,   10, 0.000, 0.000, 0.280, 47
train,    2521, 10.287474,   75, 0.08,    9, 0.000, 0.000, 0.280, 47
train,    2522, 9.934006,   77, 0.07,   10, 0.000, 0.000, 0.280, 47
train,    2523, 10.569375,   77, 0.07,    9, 0.000, 0.000, 0.280, 47
train,    2524, 10.152492,   83, 0.09,   10, 0.000, 0.000, 0.280, 47
train,    2525, 10.653801,   82, 0.06,   10, 0.000, 0.000, 0.280, 47
train,    2526, 8.776461,   76, 0.07,   10, 0.000, 0.000, 0.280, 47
train,    2527, 9.828520,   76, 0.09,   10, 0.000, 0.000, 0.280, 47
train,    2528, 9.744231,   82, 0.08,   10, 0.000, 0.000, 0.280, 47
train,    2529, 10.591932,   76, 0.09,    9, 0.000, 0.000, 0.280, 47
train,    2530, 9.450249,   79, 0.08,    9, 0.000, 0.000, 0.280, 47
train,    2531, 9.657142,   76, 0.09,    9, 0.000, 0.000, 0.280, 47
train,    2532, 10.379715,   78, 0.08,   10, 0.000, 0.000, 0.280, 47
train,    2533, 10.138461,   76, 0.06,   10, 0.000, 0.000, 0.280, 47
train,    2534, 11.110316,   82, 0.08,    9, 0.000, 0.000, 0.280, 47
train,    2535, 9.745033,   80, 0.09,   10, 0.000, 0.000, 0.280, 47
train,    2536, 8.507862,   76, 0.11,   10, 0.000, 0.000, 0.280, 47
train,    2537, 11.222709,   80, 0.08,   11, 0.000, 0.000, 0.280, 47
train,    2538, 9.330760,   80, 0.09,    9, 0.000, 0.000, 0.280, 47
train,    2539, 10.583027,   73, 0.07,    9, 0.000, 0.000, 0.280, 47
train,    2540, 10.375297,   78, 0.08,   11, 0.000, 0.000, 0.280, 47
train,    2541, 10.094437,   80, 0.09,    9, 0.000, 0.000, 0.280, 47
train,    2542, 8.543463,   74, 0.08,   11, 0.000, 0.000, 0.280, 47
train,    2543, 10.748246,   80, 0.09,   10, 0.000, 0.000, 0.280, 47
train,    2544, 10.266541,   80, 0.08,   10, 0.000, 0.000, 0.280, 47
train,    2545, 9.666423,   71, 0.08,   10, 0.000, 0.000, 0.280, 47
train,    2546, 9.292298,   80, 0.09,   11, 0.000, 0.000, 0.280, 47
train,    2547, 8.878636,   80, 0.08,   10, 0.000, 0.000, 0.280, 47
train,    2548, 9.665592,   74, 0.08,   10, 0.000, 0.000, 0.280, 47
train,    2549, 9.445083,   74, 0.08,   10, 0.000, 0.000, 0.280, 47
train,    2550, 9.695443,   78, 0.08,    9, 0.000, 0.000, 0.280, 47
train,    2551, 9.720521,   78, 0.07,   10, 0.000, 0.000, 0.280, 47
train,    2552, 10.321774,   79, 0.08,   10, 0.000, 0.000, 0.280, 47
train,    2553, 9.346164,   82, 0.09,   10, 0.000, 0.000, 0.280, 47
train,    2554, 9.052368,   79, 0.08,   11, 0.000, 0.000, 0.280, 47
train,    2555, 9.253769,   79, 0.09,   11, 0.000, 0.000, 0.280, 47
train,    2556, 11.281785,   80, 0.08,   10, 0.000, 0.000, 0.280, 47
train,    2557, 9.472221,   79, 0.09,   10, 0.000, 0.000, 0.280, 47
train,    2558, 10.601203,   79, 0.09,   10, 0.000, 0.000, 0.280, 47
train,    2559, 9.817441,   81, 0.08,   10, 0.000, 0.000, 0.280, 47
train,    2560, 9.911788,   78, 0.08,    9, 0.000, 0.000, 0.280, 48
train,    2561, 11.686608,   74, 0.08,   10, 0.000, 0.000, 0.280, 48
train,    2562, 11.482725,   76, 0.07,    9, 0.000, 0.000, 0.280, 48
train,    2563, 8.753558,   78, 0.09,   12, 0.000, 0.000, 0.280, 48
train,    2564, 10.369366,   80, 0.07,   10, 0.000, 0.000, 0.280, 48
train,    2565, 9.519213,   75, 0.09,   10, 0.000, 0.000, 0.280, 48
train,    2566, 9.711735,   79, 0.07,    9, 0.000, 0.000, 0.280, 48
train,    2567, 9.875762,   81, 0.09,   10, 0.000, 0.000, 0.280, 48
train,    2568, 10.236838,   77, 0.06,   10, 0.000, 0.000, 0.280, 48
train,    2569, 8.842742,   73, 0.09,    9, 0.000, 0.000, 0.280, 48
train,    2570, 10.279516,   76, 0.11,   10, 0.000, 0.000, 0.280, 48
train,    2571, 10.076345,   77, 0.10,   10, 0.000, 0.000, 0.280, 48
train,    2572, 9.481829,   81, 0.09,    9, 0.000, 0.000, 0.280, 48
train,    2573, 9.791869,   81, 0.12,   10, 0.000, 0.000, 0.280, 48
train,    2574, 9.584936,   78, 0.07,    9, 0.000, 0.000, 0.280, 48
train,    2575, 9.308961,   75, 0.08,   10, 0.000, 0.000, 0.280, 48
train,    2576, 10.785707,   81, 0.08,   10, 0.000, 0.000, 0.280, 48
train,    2577, 10.596296,   76, 0.08,    9, 0.000, 0.000, 0.280, 48
train,    2578, 10.536151,   82, 0.07,   10, 0.000, 0.000, 0.280, 48
train,    2579, 9.185572,   77, 0.09,   10, 0.000, 0.000, 0.280, 48
train,    2580, 9.492279,   75, 0.09,   10, 0.000, 0.000, 0.280, 48
train,    2581, 9.444510,   76, 0.10,   10, 0.000, 0.000, 0.280, 48
train,    2582, 10.316936,   77, 0.10,   11, 0.000, 0.000, 0.280, 48
train,    2583, 9.207105,   79, 0.06,   10, 0.000, 0.000, 0.280, 48
train,    2584, 10.629323,   78, 0.09,   10, 0.000, 0.000, 0.280, 48
train,    2585, 8.970806,   80, 0.09,    9, 0.000, 0.000, 0.280, 48
train,    2586, 9.666199,   82, 0.09,    9, 0.000, 0.000, 0.280, 48
train,    2587, 9.955334,   79, 0.10,   10, 0.000, 0.000, 0.280, 48
train,    2588, 10.551752,   74, 0.12,   10, 0.000, 0.000, 0.280, 48
train,    2589, 10.092303,   80, 0.06,   10, 0.000, 0.000, 0.280, 48
train,    2590, 10.035993,   77, 0.06,   10, 0.000, 0.000, 0.280, 48
train,    2591, 9.749910,   81, 0.08,   10, 0.000, 0.000, 0.280, 48
train,    2592, 10.038593,   77, 0.09,   10, 0.000, 0.000, 0.280, 48
train,    2593, 9.609255,   82, 0.08,   11, 0.000, 0.000, 0.280, 48
train,    2594, 9.851826,   78, 0.06,    9, 0.000, 0.000, 0.280, 48
train,    2595, 9.741375,   82, 0.09,   10, 0.000, 0.000, 0.280, 48
train,    2596, 8.818173,   85, 0.09,    9, 0.000, 0.000, 0.280, 48
train,    2597, 10.690405,   76, 0.10,    9, 0.000, 0.000, 0.280, 48
train,    2598, 9.463458,   83, 0.07,   10, 0.000, 0.000, 0.280, 48
train,    2599, 9.642002,   81, 0.09,   10, 0.000, 0.000, 0.280, 48
train,    2600, 9.327884,   80, 0.10,   11, 0.000, 0.000, 0.280, 48
update,   2600,   26, 2600, 14.011764, 0.000000
val_t, 2600, 2600, 13.753912, 0.0655,  81.6896,   0.0862, 0.9027,  28.0852, progress 0.8987
train,    2601, 9.720601,   77, 0.06,   10, 0.000, 0.000, 0.280, 48
train,    2602, 9.841162,   76, 0.06,   11, 0.000, 0.000, 0.280, 48
train,    2603, 10.111644,   76, 0.07,   10, 0.000, 0.000, 0.280, 48
train,    2604, 9.340968,   79, 0.07,   10, 0.000, 0.000, 0.280, 48
train,    2605, 10.162755,   80, 0.06,   10, 0.000, 0.000, 0.280, 48
train,    2606, 9.918280,   78, 0.10,    9, 0.000, 0.000, 0.280, 48
train,    2607, 9.931028,   78, 0.08,   11, 0.000, 0.000, 0.280, 48
train,    2608, 10.100485,   77, 0.07,    8, 0.000, 0.000, 0.280, 48
train,    2609, 9.595757,   76, 0.07,   10, 0.000, 0.000, 0.280, 48
train,    2610, 10.681420,   82, 0.07,    9, 0.000, 0.000, 0.280, 48
train,    2611, 9.259842,   79, 0.09,   10, 0.000, 0.000, 0.280, 48
train,    2612, 10.616497,   78, 0.09,   10, 0.000, 0.000, 0.280, 48
train,    2613, 9.968920,   80, 0.09,   10, 0.000, 0.000, 0.280, 48
train,    2614, 10.086807,   86, 0.09,   11, 0.000, 0.000, 0.280, 48
train,    2615, 10.722990,   80, 0.10,    9, 0.000, 0.000, 0.280, 48
train,    2616, 9.198422,   77, 0.10,   10, 0.000, 0.000, 0.280, 48
train,    2617, 10.598832,   75, 0.06,   10, 0.000, 0.000, 0.280, 48
train,    2618, 9.871633,   83, 0.09,    9, 0.000, 0.000, 0.280, 48
train,    2619, 9.698914,   77, 0.07,   11, 0.000, 0.000, 0.280, 48
train,    2620, 8.686152,   78, 0.09,   10, 0.000, 0.000, 0.280, 48
train,    2621, 10.479051,   78, 0.07,   10, 0.000, 0.000, 0.280, 48
train,    2622, 9.417353,   80, 0.07,   10, 0.000, 0.000, 0.280, 48
train,    2623, 9.635306,   79, 0.10,   10, 0.000, 0.000, 0.280, 48
train,    2624, 9.820709,   76, 0.09,   11, 0.000, 0.000, 0.280, 48
train,    2625, 10.250023,   76, 0.07,   10, 0.000, 0.000, 0.280, 48
train,    2626, 10.310058,   82, 0.08,    9, 0.000, 0.000, 0.280, 48
train,    2627, 10.284713,   80, 0.08,   10, 0.000, 0.000, 0.280, 48
train,    2628, 9.976708,   81, 0.08,   10, 0.000, 0.000, 0.280, 48
train,    2629, 9.900421,   75, 0.08,   11, 0.000, 0.000, 0.280, 48
train,    2630, 9.996994,   74, 0.09,    9, 0.000, 0.000, 0.280, 48
train,    2631, 10.877408,   79, 0.07,   10, 0.000, 0.000, 0.280, 48
train,    2632, 10.003074,   75, 0.09,   10, 0.000, 0.000, 0.280, 48
train,    2633, 10.242946,   74, 0.09,   10, 0.000, 0.000, 0.280, 48
train,    2634, 10.685393,   74, 0.07,   11, 0.000, 0.000, 0.280, 48
train,    2635, 9.855269,   80, 0.07,   10, 0.000, 0.000, 0.280, 48
train,    2636, 10.224760,   76, 0.07,    9, 0.000, 0.000, 0.280, 48
train,    2637, 10.942286,   80, 0.07,   11, 0.000, 0.000, 0.280, 48
train,    2638, 10.638981,   77, 0.08,   10, 0.000, 0.000, 0.280, 48
train,    2639, 10.732117,   80, 0.10,   11, 0.000, 0.000, 0.280, 48
train,    2640, 10.615810,   82, 0.09,    8, 0.000, 0.000, 0.280, 48
train,    2641, 9.902565,   84, 0.09,    8, 0.000, 0.000, 0.280, 48
train,    2642, 10.061389,   77, 0.07,   12, 0.000, 0.000, 0.280, 48
train,    2643, 9.138207,   78, 0.10,    9, 0.000, 0.000, 0.280, 48
train,    2644, 10.256449,   79, 0.08,   10, 0.000, 0.000, 0.280, 48
train,    2645, 10.100758,   79, 0.08,   10, 0.000, 0.000, 0.280, 48
train,    2646, 10.491019,   78, 0.09,   10, 0.000, 0.000, 0.280, 48
train,    2647, 10.626439,   76, 0.08,    9, 0.000, 0.000, 0.280, 48
train,    2648, 10.602732,   77, 0.08,   10, 0.000, 0.000, 0.280, 48
train,    2649, 10.704343,   77, 0.08,   10, 0.000, 0.000, 0.280, 48
train,    2650, 9.628830,   77, 0.07,   10, 0.000, 0.000, 0.280, 48
train,    2651, 10.588428,   85, 0.06,   11, 0.000, 0.000, 0.280, 48
train,    2652, 10.457750,   80, 0.07,   11, 0.000, 0.000, 0.280, 48
train,    2653, 10.774323,   80, 0.07,   10, 0.000, 0.000, 0.280, 48
train,    2654, 10.786352,   79, 0.04,   11, 0.000, 0.000, 0.280, 48
train,    2655, 9.959956,   77, 0.09,    9, 0.000, 0.000, 0.280, 48
train,    2656, 11.259437,   80, 0.06,   10, 0.000, 0.000, 0.280, 48
train,    2657, 10.292681,   82, 0.07,   10, 0.000, 0.000, 0.280, 48
train,    2658, 10.883004,   77, 0.07,   10, 0.000, 0.000, 0.280, 48
train,    2659, 10.265931,   77, 0.09,   10, 0.000, 0.000, 0.280, 48
train,    2660, 9.986984,   80, 0.07,   10, 0.000, 0.000, 0.280, 48
train,    2661, 10.265645,   80, 0.08,   11, 0.000, 0.000, 0.280, 48
train,    2662, 10.903348,   76, 0.09,   10, 0.000, 0.000, 0.280, 48
train,    2663, 9.891395,   78, 0.06,   10, 0.000, 0.000, 0.280, 48
train,    2664, 10.669311,   79, 0.08,   11, 0.000, 0.000, 0.280, 48
train,    2665, 11.110327,   76, 0.06,   11, 0.000, 0.000, 0.280, 48
train,    2666, 11.033866,   79, 0.08,    9, 0.000, 0.000, 0.280, 48
train,    2667, 10.579391,   78, 0.08,   10, 0.000, 0.000, 0.280, 48
train,    2668, 11.262999,   78, 0.05,   11, 0.000, 0.000, 0.280, 48
train,    2669, 11.208496,   80, 0.07,    9, 0.000, 0.000, 0.280, 48
train,    2670, 10.447750,   78, 0.08,   10, 0.000, 0.000, 0.280, 48
train,    2671, 11.477679,   82, 0.08,   10, 0.000, 0.000, 0.280, 48
train,    2672, 11.688161,   78, 0.09,   11, 0.000, 0.000, 0.280, 48
train,    2673, 10.276596,   77, 0.07,    9, 0.000, 0.000, 0.280, 48
train,    2674, 10.569861,   78, 0.08,   11, 0.000, 0.000, 0.280, 48
train,    2675, 11.063986,   76, 0.07,   10, 0.000, 0.000, 0.280, 48
train,    2676, 10.620148,   80, 0.07,   10, 0.000, 0.000, 0.280, 48
train,    2677, 11.463127,   74, 0.09,   10, 0.000, 0.000, 0.280, 48
train,    2678, 11.384946,   79, 0.06,   11, 0.000, 0.000, 0.280, 48
train,    2679, 10.299894,   80, 0.10,    9, 0.000, 0.000, 0.280, 48
train,    2680, 11.692174,   77, 0.08,    9, 0.000, 0.000, 0.280, 48
train,    2681, 10.764023,   77, 0.08,    8, 0.000, 0.000, 0.280, 48
train,    2682, 11.415520,   79, 0.07,   11, 0.000, 0.000, 0.280, 48
train,    2683, 10.814794,   83, 0.08,    9, 0.000, 0.000, 0.280, 48
train,    2684, 10.204580,   79, 0.08,    8, 0.000, 0.000, 0.280, 48
train,    2685, 11.051339,   75, 0.06,   10, 0.000, 0.000, 0.280, 48
train,    2686, 12.283805,   79, 0.08,    9, 0.000, 0.000, 0.280, 48
train,    2687, 11.487725,   81, 0.08,   11, 0.000, 0.000, 0.280, 48
train,    2688, 10.194002,   78, 0.05,   10, 0.000, 0.000, 0.280, 48
train,    2689, 12.633247,   76, 0.06,   10, 0.000, 0.000, 0.280, 48
train,    2690, 12.728792,   80, 0.09,    9, 0.000, 0.000, 0.280, 48
train,    2691, 11.711216,   76, 0.11,   11, 0.000, 0.000, 0.280, 48
train,    2692, 11.313323,   81, 0.06,   10, 0.000, 0.000, 0.280, 48
train,    2693, 11.418858,   78, 0.06,   10, 0.000, 0.000, 0.280, 48
train,    2694, 10.902877,   75, 0.10,    9, 0.000, 0.000, 0.280, 48
train,    2695, 11.074404,   79, 0.10,   10, 0.000, 0.000, 0.280, 48
train,    2696, 10.762140,   76, 0.06,    8, 0.000, 0.000, 0.280, 48
train,    2697, 11.889013,   76, 0.07,   10, 0.000, 0.000, 0.280, 48
train,    2698, 10.847302,   80, 0.07,    9, 0.000, 0.000, 0.280, 48
train,    2699, 10.265852,   80, 0.06,   10, 0.000, 0.000, 0.280, 48
train,    2700, 10.098592,   80, 0.08,   10, 0.000, 0.000, 0.280, 48
update,   2700,   27, 2700, 13.588811, 0.000000
val_t, 2700, 2700, 13.294270, 0.0707,  81.3663,   0.0745, 0.9111,  28.0215, progress 0.9220
train,    2701, 11.297483,   83, 0.06,   11, 0.000, 0.000, 0.280, 48
train,    2702, 11.007136,   78, 0.06,   12, 0.000, 0.000, 0.280, 48
train,    2703, 11.297730,   82, 0.07,   11, 0.000, 0.000, 0.280, 48
train,    2704, 10.353486,   77, 0.06,   10, 0.000, 0.000, 0.280, 48
train,    2705, 11.892889,   82, 0.07,    9, 0.000, 0.000, 0.280, 48
train,    2706, 11.737504,   78, 0.07,   10, 0.000, 0.000, 0.280, 48
train,    2707, 11.946111,   79, 0.10,   10, 0.000, 0.000, 0.280, 48
train,    2708, 10.188489,   83, 0.08,   10, 0.000, 0.000, 0.280, 48
train,    2709, 12.434632,   81, 0.07,    9, 0.000, 0.000, 0.280, 48
train,    2710, 12.257829,   82, 0.06,   10, 0.000, 0.000, 0.280, 48
train,    2711, 12.249045,   79, 0.10,    8, 0.000, 0.000, 0.280, 48
train,    2712, 11.265686,   80, 0.09,   10, 0.000, 0.000, 0.280, 48
train,    2713, 10.989485,   77, 0.07,    9, 0.000, 0.000, 0.280, 48
train,    2714, 11.942913,   81, 0.08,   10, 0.000, 0.000, 0.280, 48
train,    2715, 11.242317,   79, 0.07,   10, 0.000, 0.000, 0.280, 48
train,    2716, 12.193758,   78, 0.08,   10, 0.000, 0.000, 0.280, 48
train,    2717, 11.856098,   80, 0.07,   10, 0.000, 0.000, 0.280, 48
train,    2718, 11.333622,   82, 0.07,   10, 0.000, 0.000, 0.280, 48
train,    2719, 10.622668,   80, 0.09,   11, 0.000, 0.000, 0.280, 48
train,    2720, 11.520212,   78, 0.06,   10, 0.000, 0.000, 0.280, 48
train,    2721, 10.104476,   78, 0.08,    9, 0.000, 0.000, 0.280, 48
train,    2722, 10.883175,   80, 0.06,   11, 0.000, 0.000, 0.280, 48
train,    2723, 11.033266,   75, 0.07,   10, 0.000, 0.000, 0.280, 48
train,    2724, 12.132922,   82, 0.07,   10, 0.000, 0.000, 0.280, 48
train,    2725, 11.478092,   79, 0.05,   10, 0.000, 0.000, 0.280, 48
train,    2726, 11.996358,   79, 0.10,   10, 0.000, 0.000, 0.280, 48
train,    2727, 12.208587,   78, 0.08,   10, 0.000, 0.000, 0.280, 48
train,    2728, 11.334548,   77, 0.08,   11, 0.000, 0.000, 0.280, 48
train,    2729, 11.729749,   80, 0.07,    9, 0.000, 0.000, 0.280, 48
train,    2730, 10.963756,   85, 0.07,   10, 0.000, 0.000, 0.280, 48
train,    2731, 12.478472,   82, 0.07,   10, 0.000, 0.000, 0.280, 48
train,    2732, 11.222704,   86, 0.08,   11, 0.000, 0.000, 0.280, 48
train,    2733, 11.623582,   79, 0.07,   10, 0.000, 0.000, 0.280, 48
train,    2734, 11.313852,   76, 0.08,   10, 0.000, 0.000, 0.280, 48
train,    2735, 12.433050,   80, 0.09,   11, 0.000, 0.000, 0.280, 48
train,    2736, 12.901311,   83, 0.09,   10, 0.000, 0.000, 0.280, 48
train,    2737, 12.176350,   82, 0.07,   10, 0.000, 0.000, 0.280, 48
train,    2738, 12.677399,   81, 0.09,    9, 0.000, 0.000, 0.280, 48
train,    2739, 11.747703,   78, 0.07,   10, 0.000, 0.000, 0.280, 48
train,    2740, 11.388925,   82, 0.08,   10, 0.000, 0.000, 0.280, 48
train,    2741, 13.722792,   76, 0.06,   10, 0.000, 0.000, 0.280, 48
train,    2742, 12.090211,   80, 0.08,   10, 0.000, 0.000, 0.280, 48
train,    2743, 12.788753,   83, 0.09,   10, 0.000, 0.000, 0.280, 48
train,    2744, 13.096209,   77, 0.08,   12, 0.000, 0.000, 0.280, 48
train,    2745, 13.194236,   78, 0.05,   10, 0.000, 0.000, 0.280, 48
train,    2746, 12.452947,   80, 0.08,    9, 0.000, 0.000, 0.280, 48
train,    2747, 13.148376,   80, 0.09,   10, 0.000, 0.000, 0.280, 48
train,    2748, 12.803344,   80, 0.08,    9, 0.000, 0.000, 0.280, 48
train,    2749, 12.569660,   80, 0.06,   10, 0.000, 0.000, 0.280, 48
train,    2750, 13.531386,   84, 0.08,   10, 0.000, 0.000, 0.280, 48
train,    2751, 12.825727,   83, 0.09,    8, 0.000, 0.000, 0.280, 48
train,    2752, 13.425857,   79, 0.08,   11, 0.000, 0.000, 0.280, 48
train,    2753, 11.219441,   78, 0.07,    9, 0.000, 0.000, 0.280, 48
train,    2754, 14.047633,   81, 0.08,   11, 0.000, 0.000, 0.280, 48
train,    2755, 12.078284,   80, 0.08,    9, 0.000, 0.000, 0.280, 48
train,    2756, 11.665570,   80, 0.09,   10, 0.000, 0.000, 0.280, 48
train,    2757, 12.402939,   77, 0.07,   10, 0.000, 0.000, 0.280, 48
train,    2758, 14.392787,   82, 0.08,   10, 0.000, 0.000, 0.280, 48
train,    2759, 11.733794,   84, 0.06,    9, 0.000, 0.000, 0.280, 48
train,    2760, 13.268219,   80, 0.05,   11, 0.000, 0.000, 0.280, 48
train,    2761, 12.611149,   81, 0.08,    9, 0.000, 0.000, 0.280, 48
train,    2762, 12.032625,   79, 0.07,    9, 0.000, 0.000, 0.280, 48
train,    2763, 13.759352,   82, 0.05,   10, 0.000, 0.000, 0.280, 48
train,    2764, 12.737574,   79, 0.08,   10, 0.000, 0.000, 0.280, 48
train,    2765, 13.932952,   85, 0.08,    9, 0.000, 0.000, 0.280, 48
train,    2766, 13.661271,   79, 0.05,   10, 0.000, 0.000, 0.280, 48
train,    2767, 12.665170,   76, 0.04,   11, 0.000, 0.000, 0.280, 48
train,    2768, 11.598712,   81, 0.07,   10, 0.000, 0.000, 0.280, 48
train,    2769, 13.073264,   77, 0.05,    9, 0.000, 0.000, 0.280, 48
train,    2770, 13.637994,   85, 0.09,   10, 0.000, 0.000, 0.280, 48
train,    2771, 14.232239,   80, 0.08,   10, 0.000, 0.000, 0.280, 48
train,    2772, 13.383320,   78, 0.07,   10, 0.000, 0.000, 0.280, 48
train,    2773, 13.505043,   79, 0.06,   10, 0.000, 0.000, 0.280, 48
train,    2774, 13.858370,   81, 0.07,    9, 0.000, 0.000, 0.280, 48
train,    2775, 13.203469,   81, 0.05,    9, 0.000, 0.000, 0.280, 48
train,    2776, 13.795663,   83, 0.06,    9, 0.000, 0.000, 0.280, 48
train,    2777, 12.864908,   75, 0.05,   10, 0.000, 0.000, 0.280, 48
train,    2778, 11.657611,   81, 0.07,   11, 0.000, 0.000, 0.280, 48
train,    2779, 13.727349,   82, 0.04,   10, 0.000, 0.000, 0.280, 48
train,    2780, 13.477277,   81, 0.07,   11, 0.000, 0.000, 0.280, 48
train,    2781, 12.693654,   79, 0.08,   11, 0.000, 0.000, 0.280, 48
train,    2782, 13.428513,   77, 0.07,   11, 0.000, 0.000, 0.280, 48
train,    2783, 14.477968,   81, 0.06,   10, 0.000, 0.000, 0.280, 48
train,    2784, 11.749047,   77, 0.06,   12, 0.000, 0.000, 0.280, 48
train,    2785, 14.637922,   78, 0.07,   10, 0.000, 0.000, 0.280, 48
train,    2786, 13.918503,   82, 0.06,   10, 0.000, 0.000, 0.280, 48
train,    2787, 13.570353,   82, 0.07,    9, 0.000, 0.000, 0.280, 48
train,    2788, 13.720302,   80, 0.08,    9, 0.000, 0.000, 0.280, 48
train,    2789, 14.028191,   84, 0.07,   10, 0.000, 0.000, 0.280, 48
train,    2790, 13.233145,   80, 0.08,   10, 0.000, 0.000, 0.280, 48
train,    2791, 12.840495,   80, 0.06,   11, 0.000, 0.000, 0.280, 48
train,    2792, 13.014763,   86, 0.08,   10, 0.000, 0.000, 0.280, 48
train,    2793, 14.209888,   81, 0.08,    9, 0.000, 0.000, 0.280, 48
train,    2794, 14.647263,   77, 0.09,   10, 0.000, 0.000, 0.280, 48
train,    2795, 13.460522,   86, 0.07,   10, 0.000, 0.000, 0.280, 48
train,    2796, 13.585373,   81, 0.05,   10, 0.000, 0.000, 0.280, 48
train,    2797, 14.032068,   81, 0.06,   11, 0.000, 0.000, 0.280, 48
train,    2798, 12.430290,   79, 0.09,   10, 0.000, 0.000, 0.280, 48
train,    2799, 14.470985,   85, 0.08,   10, 0.000, 0.000, 0.280, 48
train,    2800, 13.965728,   82, 0.06,   10, 0.000, 0.000, 0.280, 48
update,   2800,   28, 2800, 14.444608, 0.000000
val_t, 2800, 2800, 11.517741, 0.0603,  84.5053,   0.0742, 0.9160,  27.8033, progress 0.9103
train,    2801, 14.969779,   80, 0.07,   11, 0.000, 0.000, 0.280, 48
train,    2802, 14.082083,   83, 0.07,    9, 0.000, 0.000, 0.280, 48
train,    2803, 14.859373,   79, 0.08,   10, 0.000, 0.000, 0.280, 48
train,    2804, 13.650287,   77, 0.08,   11, 0.000, 0.000, 0.280, 48
train,    2805, 14.366632,   82, 0.08,    9, 0.000, 0.000, 0.280, 48
train,    2806, 13.657276,   79, 0.07,    9, 0.000, 0.000, 0.280, 48
train,    2807, 13.710601,   82, 0.06,   10, 0.000, 0.000, 0.280, 48
train,    2808, 14.044048,   81, 0.08,   10, 0.000, 0.000, 0.280, 48
train,    2809, 14.529063,   80, 0.06,   10, 0.000, 0.000, 0.280, 48
train,    2810, 14.964122,   76, 0.06,    9, 0.000, 0.000, 0.280, 48
train,    2811, 15.179164,   83, 0.08,   11, 0.000, 0.000, 0.280, 48
train,    2812, 15.397450,   85, 0.05,   11, 0.000, 0.000, 0.280, 48
train,    2813, 12.857006,   82, 0.07,   10, 0.000, 0.000, 0.280, 48
train,    2814, 12.707004,   82, 0.09,   11, 0.000, 0.000, 0.280, 48
train,    2815, 14.675589,   79, 0.06,   10, 0.000, 0.000, 0.280, 48
train,    2816, 13.757169,   83, 0.07,   10, 0.000, 0.000, 0.280, 48
train,    2817, 14.123282,   82, 0.07,   11, 0.000, 0.000, 0.280, 48
train,    2818, 13.707862,   84, 0.06,   10, 0.000, 0.000, 0.280, 48
train,    2819, 15.072456,   82, 0.05,   10, 0.000, 0.000, 0.280, 48
train,    2820, 14.261364,   85, 0.08,   10, 0.000, 0.000, 0.280, 48
train,    2821, 13.818135,   75, 0.10,   10, 0.000, 0.000, 0.280, 48
train,    2822, 14.323430,   81, 0.07,   11, 0.000, 0.000, 0.280, 48
train,    2823, 15.198654,   87, 0.08,   11, 0.000, 0.000, 0.280, 48
train,    2824, 14.289714,   80, 0.05,   10, 0.000, 0.000, 0.280, 48
train,    2825, 14.041123,   84, 0.07,   11, 0.000, 0.000, 0.280, 48
train,    2826, 16.350991,   88, 0.07,   10, 0.000, 0.000, 0.280, 48
train,    2827, 14.091681,   80, 0.04,   10, 0.000, 0.000, 0.280, 48
train,    2828, 13.398928,   83, 0.07,   11, 0.000, 0.000, 0.280, 48
train,    2829, 14.217744,   83, 0.07,   10, 0.000, 0.000, 0.280, 48
train,    2830, 14.987342,   82, 0.09,   10, 0.000, 0.000, 0.280, 48
train,    2831, 13.896581,   83, 0.07,   11, 0.000, 0.000, 0.280, 48
train,    2832, 15.237218,   79, 0.08,   10, 0.000, 0.000, 0.280, 48
train,    2833, 14.375642,   81, 0.08,   10, 0.000, 0.000, 0.280, 48
train,    2834, 14.817177,   80, 0.06,   12, 0.000, 0.000, 0.280, 48
train,    2835, 14.134697,   77, 0.07,    9, 0.000, 0.000, 0.280, 48
train,    2836, 15.066336,   78, 0.08,   11, 0.000, 0.000, 0.280, 48
train,    2837, 14.539965,   81, 0.08,   10, 0.000, 0.000, 0.280, 48
train,    2838, 15.746066,   79, 0.07,    9, 0.000, 0.000, 0.280, 48
train,    2839, 15.543939,   79, 0.06,   11, 0.000, 0.000, 0.280, 48
train,    2840, 15.147070,   82, 0.07,   11, 0.000, 0.000, 0.280, 48
train,    2841, 14.546435,   81, 0.06,   10, 0.000, 0.000, 0.280, 48
train,    2842, 15.425550,   84, 0.08,   10, 0.000, 0.000, 0.280, 48
train,    2843, 13.939238,   84, 0.06,   11, 0.000, 0.000, 0.280, 48
train,    2844, 15.015112,   78, 0.09,   10, 0.000, 0.000, 0.280, 48
train,    2845, 15.612422,   83, 0.07,   11, 0.000, 0.000, 0.280, 48
train,    2846, 12.834325,   86, 0.07,    9, 0.000, 0.000, 0.280, 48
train,    2847, 14.105376,   81, 0.06,   11, 0.000, 0.000, 0.280, 48
train,    2848, 14.305716,   82, 0.09,    9, 0.000, 0.000, 0.280, 48
train,    2849, 15.710943,   79, 0.07,    9, 0.000, 0.000, 0.280, 48
train,    2850, 16.219404,   84, 0.07,   10, 0.000, 0.000, 0.280, 48
train,    2851, 16.344019,   83, 0.08,   10, 0.000, 0.000, 0.280, 48
train,    2852, 13.866615,   79, 0.08,    9, 0.000, 0.000, 0.280, 48
train,    2853, 13.606194,   83, 0.05,    9, 0.000, 0.000, 0.280, 48
train,    2854, 15.030490,   83, 0.07,   11, 0.000, 0.000, 0.280, 48
train,    2855, 15.843912,   80, 0.08,   10, 0.000, 0.000, 0.280, 48
train,    2856, 14.741840,   80, 0.07,   10, 0.000, 0.000, 0.280, 48
train,    2857, 15.067652,   83, 0.07,   10, 0.000, 0.000, 0.280, 48
train,    2858, 16.262203,   82, 0.08,    9, 0.000, 0.000, 0.280, 48
train,    2859, 15.533685,   80, 0.08,   10, 0.000, 0.000, 0.280, 48
train,    2860, 14.348178,   83, 0.05,    9, 0.000, 0.000, 0.280, 48
train,    2861, 15.698211,   82, 0.07,   12, 0.000, 0.000, 0.280, 48
train,    2862, 15.020522,   81, 0.07,   11, 0.000, 0.000, 0.280, 48
train,    2863, 14.831514,   81, 0.05,   11, 0.000, 0.000, 0.280, 48
train,    2864, 15.116250,   82, 0.05,   11, 0.000, 0.000, 0.280, 48
train,    2865, 15.461089,   81, 0.05,    9, 0.000, 0.000, 0.280, 48
train,    2866, 15.100346,   76, 0.06,   11, 0.000, 0.000, 0.280, 48
train,    2867, 16.702386,   83, 0.06,    9, 0.000, 0.000, 0.280, 48
train,    2868, 14.972623,   81, 0.08,   10, 0.000, 0.000, 0.280, 48
train,    2869, 14.838112,   81, 0.04,   11, 0.000, 0.000, 0.280, 48
train,    2870, 16.259664,   83, 0.09,   10, 0.000, 0.000, 0.280, 48
train,    2871, 14.487328,   81, 0.06,   11, 0.000, 0.000, 0.280, 48
train,    2872, 15.219258,   85, 0.08,   11, 0.000, 0.000, 0.280, 48
train,    2873, 16.042162,   82, 0.08,   10, 0.000, 0.000, 0.280, 48
train,    2874, 16.012975,   88, 0.06,    9, 0.000, 0.000, 0.280, 48
train,    2875, 14.405199,   83, 0.07,   10, 0.000, 0.000, 0.280, 48
train,    2876, 14.230677,   85, 0.07,    9, 0.000, 0.000, 0.280, 48
train,    2877, 15.402191,   80, 0.08,    9, 0.000, 0.000, 0.280, 48
train,    2878, 14.801628,   81, 0.07,   10, 0.000, 0.000, 0.280, 48
train,    2879, 16.200604,   87, 0.07,   11, 0.000, 0.000, 0.280, 48
train,    2880, 15.729831,   83, 0.06,   10, 0.000, 0.000, 0.280, 48
train,    2881, 15.096784,   82, 0.06,   10, 0.000, 0.000, 0.280, 48
train,    2882, 14.830538,   83, 0.08,   11, 0.000, 0.000, 0.280, 48
train,    2883, 14.258390,   81, 0.05,    9, 0.000, 0.000, 0.280, 48
train,    2884, 13.862565,   85, 0.05,    9, 0.000, 0.000, 0.280, 48
train,    2885, 15.616147,   84, 0.06,   11, 0.000, 0.000, 0.280, 48
train,    2886, 16.233810,   80, 0.08,   11, 0.000, 0.000, 0.280, 48
train,    2887, 15.293848,   82, 0.09,    9, 0.000, 0.000, 0.280, 48
train,    2888, 15.250568,   81, 0.10,   10, 0.000, 0.000, 0.280, 48
train,    2889, 14.026878,   78, 0.07,   10, 0.000, 0.000, 0.280, 48
train,    2890, 16.588049,   79, 0.08,   11, 0.000, 0.000, 0.280, 48
train,    2891, 15.930462,   81, 0.08,    9, 0.000, 0.000, 0.280, 48
train,    2892, 15.499038,   79, 0.06,   11, 0.000, 0.000, 0.280, 48
train,    2893, 15.186219,   84, 0.05,   11, 0.000, 0.000, 0.280, 48
train,    2894, 15.753329,   79, 0.06,   11, 0.000, 0.000, 0.280, 48
train,    2895, 16.049946,   80, 0.05,   11, 0.000, 0.000, 0.280, 48
train,    2896, 15.007255,   80, 0.08,   12, 0.000, 0.000, 0.280, 48
train,    2897, 14.472214,   82, 0.06,   11, 0.000, 0.000, 0.280, 48
train,    2898, 16.302471,   81, 0.08,   11, 0.000, 0.000, 0.280, 48
train,    2899, 15.311864,   83, 0.06,   10, 0.000, 0.000, 0.280, 48
train,    2900, 14.476567,   85, 0.06,   10, 0.000, 0.000, 0.280, 48
update,   2900,   29, 2900, 16.119372, 0.000000
val_t, 2900, 2900, 12.633514, 0.0584,  84.8945,   0.0825, 0.9173,  28.3347, progress 0.9379
train,    2901, 14.758088,   78, 0.07,   11, 0.000, 0.000, 0.280, 48
train,    2902, 14.881794,   79, 0.07,    9, 0.000, 0.000, 0.280, 48
train,    2903, 15.595301,   83, 0.07,   10, 0.000, 0.000, 0.280, 48
train,    2904, 14.991961,   79, 0.08,   11, 0.000, 0.000, 0.280, 48
train,    2905, 15.885966,   81, 0.08,    9, 0.000, 0.000, 0.280, 48
train,    2906, 15.792721,   81, 0.07,   10, 0.000, 0.000, 0.280, 48
train,    2907, 14.889899,   82, 0.07,    9, 0.000, 0.000, 0.280, 48
train,    2908, 16.645076,   82, 0.08,   11, 0.000, 0.000, 0.280, 48
train,    2909, 15.858100,   77, 0.09,   11, 0.000, 0.000, 0.280, 48
train,    2910, 16.516005,   81, 0.06,   11, 0.000, 0.000, 0.280, 48
train,    2911, 16.895291,   80, 0.05,   10, 0.000, 0.000, 0.280, 48
train,    2912, 15.657264,   82, 0.04,    8, 0.000, 0.000, 0.280, 48
train,    2913, 15.523808,   81, 0.07,   11, 0.000, 0.000, 0.280, 48
train,    2914, 16.478876,   86, 0.07,   11, 0.000, 0.000, 0.280, 48
train,    2915, 14.466460,   81, 0.06,    9, 0.000, 0.000, 0.280, 48
train,    2916, 15.288278,   85, 0.07,   10, 0.000, 0.000, 0.280, 48
train,    2917, 14.940929,   84, 0.09,   10, 0.000, 0.000, 0.280, 48
train,    2918, 15.279043,   81, 0.06,   11, 0.000, 0.000, 0.280, 48
train,    2919, 15.045947,   79, 0.08,    9, 0.000, 0.000, 0.280, 48
train,    2920, 14.807269,   79, 0.07,   10, 0.000, 0.000, 0.280, 48
train,    2921, 15.915065,   83, 0.06,   11, 0.000, 0.000, 0.280, 48
train,    2922, 14.775727,   83, 0.06,   10, 0.000, 0.000, 0.280, 48
train,    2923, 14.566127,   81, 0.05,   10, 0.000, 0.000, 0.280, 48
train,    2924, 14.920525,   80, 0.07,    9, 0.000, 0.000, 0.280, 48
train,    2925, 15.560899,   82, 0.06,   11, 0.000, 0.000, 0.280, 48
train,    2926, 14.903897,   86, 0.06,   10, 0.000, 0.000, 0.280, 48
train,    2927, 16.204314,   83, 0.07,   10, 0.000, 0.000, 0.280, 48
train,    2928, 15.420872,   82, 0.09,   10, 0.000, 0.000, 0.280, 48
train,    2929, 15.550848,   86, 0.07,   10, 0.000, 0.000, 0.280, 48
train,    2930, 16.400167,   78, 0.07,   10, 0.000, 0.000, 0.280, 48
train,    2931, 15.066002,   79, 0.05,   12, 0.000, 0.000, 0.280, 48
train,    2932, 15.827295,   83, 0.09,   11, 0.000, 0.000, 0.280, 48
train,    2933, 14.774184,   86, 0.07,    9, 0.000, 0.000, 0.280, 48
train,    2934, 16.449046,   79, 0.03,    9, 0.000, 0.000, 0.280, 48
train,    2935, 15.029476,   77, 0.07,   10, 0.000, 0.000, 0.280, 48
train,    2936, 14.771292,   80, 0.08,   10, 0.000, 0.000, 0.280, 48
train,    2937, 16.453705,   79, 0.05,   12, 0.000, 0.000, 0.280, 48
train,    2938, 16.613536,   84, 0.07,   11, 0.000, 0.000, 0.280, 48
train,    2939, 14.819764,   82, 0.07,   10, 0.000, 0.000, 0.280, 48
train,    2940, 15.887093,   83, 0.09,   11, 0.000, 0.000, 0.280, 48
train,    2941, 15.210613,   81, 0.07,   11, 0.000, 0.000, 0.280, 48
train,    2942, 15.813111,   76, 0.06,    9, 0.000, 0.000, 0.280, 48
train,    2943, 14.648966,   81, 0.08,   10, 0.000, 0.000, 0.280, 48
train,    2944, 14.287858,   83, 0.06,   10, 0.000, 0.000, 0.280, 48
train,    2945, 14.581229,   86, 0.05,   10, 0.000, 0.000, 0.280, 48
train,    2946, 15.779867,   79, 0.07,   10, 0.000, 0.000, 0.280, 48
train,    2947, 14.403622,   87, 0.05,   10, 0.000, 0.000, 0.280, 48
train,    2948, 15.256388,   81, 0.09,   11, 0.000, 0.000, 0.280, 48
train,    2949, 14.664073,   83, 0.05,   10, 0.000, 0.000, 0.280, 48
train,    2950, 15.919484,   84, 0.08,   12, 0.000, 0.000, 0.280, 48
train,    2951, 15.311056,   84, 0.08,   10, 0.000, 0.000, 0.280, 48
train,    2952, 14.585418,   85, 0.05,   11, 0.000, 0.000, 0.280, 48
train,    2953, 14.182914,   83, 0.04,   11, 0.000, 0.000, 0.280, 48
train,    2954, 14.548135,   80, 0.06,   11, 0.000, 0.000, 0.280, 48
train,    2955, 15.262581,   80, 0.07,   10, 0.000, 0.000, 0.280, 48
train,    2956, 14.974256,   84, 0.04,    9, 0.000, 0.000, 0.280, 48
train,    2957, 15.770368,   79, 0.06,   11, 0.000, 0.000, 0.280, 48
train,    2958, 14.967332,   80, 0.07,   10, 0.000, 0.000, 0.280, 48
train,    2959, 15.001453,   78, 0.06,    9, 0.000, 0.000, 0.280, 48
train,    2960, 15.604986,   78, 0.06,   10, 0.000, 0.000, 0.280, 48
train,    2961, 15.186972,   79, 0.07,    9, 0.000, 0.000, 0.280, 48
train,    2962, 15.824372,   80, 0.06,   10, 0.000, 0.000, 0.280, 48
train,    2963, 14.709840,   82, 0.06,   11, 0.000, 0.000, 0.280, 48
train,    2964, 15.866629,   81, 0.06,   11, 0.000, 0.000, 0.280, 48
train,    2965, 15.648284,   79, 0.09,   11, 0.000, 0.000, 0.280, 48
train,    2966, 14.160435,   82, 0.06,   11, 0.000, 0.000, 0.280, 48
train,    2967, 15.168855,   87, 0.06,   11, 0.000, 0.000, 0.280, 48
train,    2968, 14.824841,   81, 0.05,   11, 0.000, 0.000, 0.280, 48
train,    2969, 14.127957,   85, 0.07,   10, 0.000, 0.000, 0.280, 48
train,    2970, 14.401109,   85, 0.06,   10, 0.000, 0.000, 0.280, 48
train,    2971, 15.466166,   81, 0.06,   12, 0.000, 0.000, 0.280, 48
train,    2972, 15.315699,   85, 0.06,   11, 0.000, 0.000, 0.280, 48
train,    2973, 14.558850,   80, 0.06,   11, 0.000, 0.000, 0.280, 48
train,    2974, 16.772476,   78, 0.06,   10, 0.000, 0.000, 0.280, 48
train,    2975, 13.998612,   77, 0.07,   10, 0.000, 0.000, 0.280, 48
train,    2976, 15.193689,   83, 0.05,   10, 0.000, 0.000, 0.280, 48
train,    2977, 15.304939,   82, 0.06,   11, 0.000, 0.000, 0.280, 48
train,    2978, 15.731206,   79, 0.06,   10, 0.000, 0.000, 0.280, 48
train,    2979, 14.514894,   81, 0.05,   10, 0.000, 0.000, 0.280, 48
train,    2980, 14.766458,   79, 0.07,   11, 0.000, 0.000, 0.280, 48
train,    2981, 14.636027,   81, 0.06,   11, 0.000, 0.000, 0.280, 48
train,    2982, 15.532084,   87, 0.05,   10, 0.000, 0.000, 0.280, 48
train,    2983, 15.113086,   82, 0.06,   10, 0.000, 0.000, 0.280, 48
train,    2984, 15.819596,   79, 0.06,    9, 0.000, 0.000, 0.280, 48
train,    2985, 15.458015,   86, 0.06,   10, 0.000, 0.000, 0.280, 48
train,    2986, 14.415911,   81, 0.07,    9, 0.000, 0.000, 0.280, 48
train,    2987, 14.907647,   79, 0.08,   10, 0.000, 0.000, 0.280, 48
train,    2988, 15.709432,   80, 0.05,   10, 0.000, 0.000, 0.280, 48
train,    2989, 15.000597,   84, 0.07,   10, 0.000, 0.000, 0.280, 48
train,    2990, 16.076396,   85, 0.09,   10, 0.000, 0.000, 0.280, 48
train,    2991, 16.348250,   81, 0.09,   10, 0.000, 0.000, 0.280, 48
train,    2992, 15.936206,   84, 0.05,   11, 0.000, 0.000, 0.280, 48
train,    2993, 14.693319,   78, 0.07,    9, 0.000, 0.000, 0.280, 48
train,    2994, 14.775169,   79, 0.07,    9, 0.000, 0.000, 0.280, 48
train,    2995, 15.005111,   81, 0.06,   11, 0.000, 0.000, 0.280, 48
train,    2996, 15.035386,   80, 0.06,   10, 0.000, 0.000, 0.280, 48
train,    2997, 14.772782,   83, 0.06,   10, 0.000, 0.000, 0.280, 48
train,    2998, 15.536736,   84, 0.06,    9, 0.000, 0.000, 0.280, 48
train,    2999, 15.831553,   84, 0.07,   10, 0.000, 0.000, 0.280, 48
train,    3000, 14.916870,   83, 0.05,   11, 0.000, 0.000, 0.280, 48
update,   3000,   30, 3000, 14.325072, 0.000000
val_t, 3000, 3000, 13.237409, 0.0607,  83.5020,   0.0820, 0.9215,  28.6273, progress 0.9329
train,    3001, 15.304540,   86, 0.05,   11, 0.000, 0.000, 0.280, 48
train,    3002, 15.944952,   86, 0.06,   11, 0.000, 0.000, 0.280, 48
train,    3003, 15.426914,   80, 0.05,   11, 0.000, 0.000, 0.280, 48
train,    3004, 15.358396,   80, 0.03,    9, 0.000, 0.000, 0.280, 48
train,    3005, 14.597977,   81, 0.05,   10, 0.000, 0.000, 0.280, 48
train,    3006, 16.053816,   83, 0.07,   11, 0.000, 0.000, 0.280, 48
train,    3007, 15.520550,   85, 0.07,   10, 0.000, 0.000, 0.280, 48
train,    3008, 16.045699,   83, 0.06,   10, 0.000, 0.000, 0.280, 48
train,    3009, 15.696283,   85, 0.05,   10, 0.000, 0.000, 0.280, 48
train,    3010, 14.127756,   84, 0.07,   10, 0.000, 0.000, 0.280, 48
train,    3011, 15.282143,   82, 0.06,   11, 0.000, 0.000, 0.280, 48
train,    3012, 14.482713,   83, 0.05,   10, 0.000, 0.000, 0.280, 48
train,    3013, 15.631397,   80, 0.07,   11, 0.000, 0.000, 0.280, 48
train,    3014, 14.711336,   87, 0.05,   10, 0.000, 0.000, 0.280, 48
train,    3015, 15.581216,   87, 0.06,    9, 0.000, 0.000, 0.280, 48
train,    3016, 15.125013,   84, 0.06,   10, 0.000, 0.000, 0.280, 48
train,    3017, 14.563430,   85, 0.07,   11, 0.000, 0.000, 0.280, 48
train,    3018, 15.163778,   80, 0.06,   10, 0.000, 0.000, 0.280, 48
train,    3019, 15.333180,   80, 0.08,    9, 0.000, 0.000, 0.280, 48
train,    3020, 16.283647,   84, 0.05,    9, 0.000, 0.000, 0.280, 48
train,    3021, 13.120078,   80, 0.08,   11, 0.000, 0.000, 0.280, 48
train,    3022, 15.383142,   79, 0.07,   10, 0.000, 0.000, 0.280, 48
train,    3023, 14.845020,   82, 0.05,   11, 0.000, 0.000, 0.280, 48
train,    3024, 15.344670,   82, 0.08,    9, 0.000, 0.000, 0.280, 48
train,    3025, 14.919810,   81, 0.08,   11, 0.000, 0.000, 0.280, 48
train,    3026, 15.367513,   80, 0.05,    9, 0.000, 0.000, 0.280, 48
train,    3027, 14.443835,   87, 0.06,   11, 0.000, 0.000, 0.280, 48
train,    3028, 15.509456,   82, 0.05,   10, 0.000, 0.000, 0.280, 48
train,    3029, 14.924439,   82, 0.04,   10, 0.000, 0.000, 0.280, 48
train,    3030, 14.693864,   87, 0.05,   12, 0.000, 0.000, 0.280, 48
train,    3031, 12.702537,   80, 0.06,   10, 0.000, 0.000, 0.280, 48
train,    3032, 14.919665,   82, 0.05,   11, 0.000, 0.000, 0.280, 48
train,    3033, 15.118217,   79, 0.05,   11, 0.000, 0.000, 0.280, 48
train,    3034, 15.404353,   83, 0.05,   10, 0.000, 0.000, 0.280, 48
train,    3035, 14.737868,   82, 0.06,   10, 0.000, 0.000, 0.280, 48
train,    3036, 13.922659,   82, 0.05,   10, 0.000, 0.000, 0.280, 48
train,    3037, 14.984979,   86, 0.06,   11, 0.000, 0.000, 0.280, 48
train,    3038, 14.222828,   85, 0.07,   10, 0.000, 0.000, 0.280, 48
train,    3039, 13.941493,   80, 0.06,   11, 0.000, 0.000, 0.280, 48
train,    3040, 15.414791,   82, 0.07,   11, 0.000, 0.000, 0.280, 48
train,    3041, 14.678163,   86, 0.05,   11, 0.000, 0.000, 0.280, 48
train,    3042, 14.829615,   82, 0.08,    9, 0.000, 0.000, 0.280, 48
train,    3043, 14.957063,   83, 0.08,   11, 0.000, 0.000, 0.280, 48
train,    3044, 14.279975,   80, 0.07,   10, 0.000, 0.000, 0.280, 48
train,    3045, 15.199030,   80, 0.05,   11, 0.000, 0.000, 0.280, 48
train,    3046, 14.968061,   86, 0.05,   11, 0.000, 0.000, 0.280, 48
train,    3047, 14.275761,   86, 0.06,   10, 0.000, 0.000, 0.280, 48
train,    3048, 13.706781,   80, 0.06,   12, 0.000, 0.000, 0.280, 48
train,    3049, 14.216522,   76, 0.08,   10, 0.000, 0.000, 0.280, 48
train,    3050, 14.669100,   85, 0.07,   11, 0.000, 0.000, 0.280, 48
train,    3051, 14.549433,   79, 0.05,   10, 0.000, 0.000, 0.280, 48
train,    3052, 14.738402,   80, 0.06,   10, 0.000, 0.000, 0.280, 48
train,    3053, 14.678874,   87, 0.06,   10, 0.000, 0.000, 0.280, 48
train,    3054, 14.875154,   81, 0.05,   10, 0.000, 0.000, 0.280, 48
train,    3055, 14.942076,   84, 0.07,   11, 0.000, 0.000, 0.280, 48
train,    3056, 14.430537,   77, 0.07,   10, 0.000, 0.000, 0.280, 48
train,    3057, 14.518293,   80, 0.03,   12, 0.000, 0.000, 0.280, 48
train,    3058, 14.425704,   84, 0.06,   11, 0.000, 0.000, 0.280, 48
train,    3059, 14.640509,   85, 0.07,   10, 0.000, 0.000, 0.280, 48
train,    3060, 14.522764,   80, 0.07,    9, 0.000, 0.000, 0.280, 48
train,    3061, 14.440200,   84, 0.05,    9, 0.000, 0.000, 0.280, 48
train,    3062, 14.578922,   82, 0.06,   11, 0.000, 0.000, 0.280, 48
train,    3063, 14.064627,   84, 0.07,   10, 0.000, 0.000, 0.280, 48
train,    3064, 14.656258,   82, 0.06,   11, 0.000, 0.000, 0.280, 48
train,    3065, 14.881770,   87, 0.07,   11, 0.000, 0.000, 0.280, 48
train,    3066, 14.836066,   86, 0.08,   10, 0.000, 0.000, 0.280, 48
train,    3067, 15.046369,   80, 0.08,   10, 0.000, 0.000, 0.280, 48
train,    3068, 13.967957,   83, 0.06,   10, 0.000, 0.000, 0.280, 48
train,    3069, 13.550429,   83, 0.06,   11, 0.000, 0.000, 0.280, 48
train,    3070, 14.374690,   82, 0.06,   11, 0.000, 0.000, 0.280, 48
train,    3071, 14.266360,   86, 0.07,   10, 0.000, 0.000, 0.280, 48
train,    3072, 14.111509,   79, 0.07,   10, 0.000, 0.000, 0.280, 48
train,    3073, 13.425248,   85, 0.04,   10, 0.000, 0.000, 0.280, 48
train,    3074, 14.522302,   80, 0.05,   11, 0.000, 0.000, 0.280, 48
train,    3075, 13.972228,   86, 0.07,   11, 0.000, 0.000, 0.280, 48
train,    3076, 14.393289,   87, 0.05,    9, 0.000, 0.000, 0.280, 48
train,    3077, 13.369456,   84, 0.05,   12, 0.000, 0.000, 0.280, 48
train,    3078, 13.402747,   80, 0.05,   10, 0.000, 0.000, 0.280, 48
train,    3079, 13.800560,   84, 0.07,    9, 0.000, 0.000, 0.280, 48
train,    3080, 15.575797,   86, 0.06,   10, 0.000, 0.000, 0.280, 48
train,    3081, 13.851440,   82, 0.06,   10, 0.000, 0.000, 0.280, 48
train,    3082, 13.918851,   84, 0.06,   10, 0.000, 0.000, 0.280, 48
train,    3083, 14.620181,   81, 0.06,   11, 0.000, 0.000, 0.280, 48
train,    3084, 14.625520,   88, 0.06,   10, 0.000, 0.000, 0.280, 48
train,    3085, 12.936705,   80, 0.07,   10, 0.000, 0.000, 0.280, 48
train,    3086, 14.402256,   89, 0.06,   11, 0.000, 0.000, 0.280, 48
train,    3087, 12.957217,   85, 0.06,   11, 0.000, 0.000, 0.280, 48
train,    3088, 13.576630,   86, 0.07,   10, 0.000, 0.000, 0.280, 48
train,    3089, 13.641739,   86, 0.05,   10, 0.000, 0.000, 0.280, 48
train,    3090, 14.237395,   86, 0.06,   10, 0.000, 0.000, 0.280, 48
train,    3091, 13.932021,   82, 0.08,    9, 0.000, 0.000, 0.280, 48
train,    3092, 13.579917,   84, 0.05,   10, 0.000, 0.000, 0.280, 48
train,    3093, 14.053356,   86, 0.06,   11, 0.000, 0.000, 0.280, 48
train,    3094, 13.623022,   81, 0.05,   11, 0.000, 0.000, 0.280, 48
train,    3095, 14.026470,   85, 0.06,   10, 0.000, 0.000, 0.280, 48
train,    3096, 13.781848,   81, 0.05,   10, 0.000, 0.000, 0.280, 48
train,    3097, 13.119641,   85, 0.05,   11, 0.000, 0.000, 0.280, 48
train,    3098, 13.325939,   82, 0.04,   10, 0.000, 0.000, 0.280, 48
train,    3099, 14.188824,   88, 0.07,   11, 0.000, 0.000, 0.280, 48
train,    3100, 13.809734,   83, 0.07,   10, 0.000, 0.000, 0.280, 48
update,   3100,   31, 3100, 14.649122, 0.000000
val_t, 3100, 3100, 13.986006, 0.0428,  84.9454,   0.0860, 0.9395,  28.4228, progress 0.9556
train,    3101, 13.402956,   84, 0.08,   10, 0.000, 0.000, 0.280, 48
train,    3102, 14.844785,   83, 0.06,   11, 0.000, 0.000, 0.280, 48
train,    3103, 13.873465,   85, 0.06,   11, 0.000, 0.000, 0.280, 48
train,    3104, 14.549652,   85, 0.07,   10, 0.000, 0.000, 0.280, 48
train,    3105, 13.043000,   79, 0.04,   10, 0.000, 0.000, 0.280, 48
train,    3106, 13.321590,   82, 0.06,   11, 0.000, 0.000, 0.280, 48
train,    3107, 13.194898,   84, 0.07,   10, 0.000, 0.000, 0.280, 48
train,    3108, 13.406280,   86, 0.06,   12, 0.000, 0.000, 0.280, 48
train,    3109, 13.910713,   84, 0.05,   12, 0.000, 0.000, 0.280, 48
train,    3110, 13.601270,   81, 0.06,   11, 0.000, 0.000, 0.280, 48
train,    3111, 14.517575,   86, 0.05,   10, 0.000, 0.000, 0.280, 48
train,    3112, 13.702940,   86, 0.08,   10, 0.000, 0.000, 0.280, 48
train,    3113, 13.846485,   87, 0.06,   10, 0.000, 0.000, 0.280, 48
train,    3114, 13.904217,   85, 0.08,   11, 0.000, 0.000, 0.280, 48
train,    3115, 14.070727,   83, 0.08,   10, 0.000, 0.000, 0.280, 48
train,    3116, 12.084651,   84, 0.05,   10, 0.000, 0.000, 0.280, 48
train,    3117, 14.063259,   79, 0.03,   10, 0.000, 0.000, 0.280, 48
train,    3118, 13.273241,   83, 0.07,   10, 0.000, 0.000, 0.280, 48
train,    3119, 14.503949,   82, 0.06,   11, 0.000, 0.000, 0.280, 48
train,    3120, 15.258226,   83, 0.07,   10, 0.000, 0.000, 0.280, 48
train,    3121, 12.361173,   87, 0.06,   11, 0.000, 0.000, 0.280, 48
train,    3122, 13.535753,   80, 0.05,   10, 0.000, 0.000, 0.280, 48
train,    3123, 14.823801,   78, 0.05,   10, 0.000, 0.000, 0.280, 48
train,    3124, 13.575145,   81, 0.06,   12, 0.000, 0.000, 0.280, 48
train,    3125, 13.163064,   85, 0.07,   11, 0.000, 0.000, 0.280, 48
train,    3126, 13.917408,   81, 0.06,   11, 0.000, 0.000, 0.280, 48
train,    3127, 13.091504,   85, 0.07,    9, 0.000, 0.000, 0.280, 48
train,    3128, 13.715736,   80, 0.07,   10, 0.000, 0.000, 0.280, 48
train,    3129, 12.673860,   79, 0.06,   11, 0.000, 0.000, 0.280, 48
train,    3130, 13.305503,   80, 0.06,   11, 0.000, 0.000, 0.280, 48
train,    3131, 13.656757,   82, 0.08,   11, 0.000, 0.000, 0.280, 48
train,    3132, 13.721973,   82, 0.06,   10, 0.000, 0.000, 0.280, 48
train,    3133, 14.296226,   82, 0.08,   12, 0.000, 0.000, 0.280, 48
train,    3134, 14.064458,   85, 0.09,   11, 0.000, 0.000, 0.280, 48
train,    3135, 12.699061,   88, 0.07,   11, 0.000, 0.000, 0.280, 48
train,    3136, 14.032948,   86, 0.06,   10, 0.000, 0.000, 0.280, 48
train,    3137, 13.260699,   87, 0.05,    9, 0.000, 0.000, 0.280, 48
train,    3138, 14.339471,   80, 0.04,   11, 0.000, 0.000, 0.280, 48
train,    3139, 14.246775,   81, 0.08,   11, 0.000, 0.000, 0.280, 48
train,    3140, 13.398327,   81, 0.06,   10, 0.000, 0.000, 0.280, 48
train,    3141, 13.116665,   84, 0.06,   10, 0.000, 0.000, 0.280, 48
train,    3142, 13.651837,   82, 0.07,   11, 0.000, 0.000, 0.280, 48
train,    3143, 13.268862,   81, 0.07,   11, 0.000, 0.000, 0.280, 48
train,    3144, 13.617784,   84, 0.05,   11, 0.000, 0.000, 0.280, 48
train,    3145, 12.392391,   84, 0.07,   11, 0.000, 0.000, 0.280, 48
train,    3146, 14.182552,   82, 0.05,   10, 0.000, 0.000, 0.280, 48
train,    3147, 13.872462,   84, 0.05,   10, 0.000, 0.000, 0.280, 48
train,    3148, 13.430950,   81, 0.08,   10, 0.000, 0.000, 0.280, 48
train,    3149, 13.285247,   80, 0.07,   10, 0.000, 0.000, 0.280, 48
train,    3150, 14.257025,   82, 0.07,    9, 0.000, 0.000, 0.280, 48
train,    3151, 14.907947,   86, 0.07,   10, 0.000, 0.000, 0.280, 48
train,    3152, 13.787008,   81, 0.06,   10, 0.000, 0.000, 0.280, 48
train,    3153, 13.645427,   84, 0.05,   12, 0.000, 0.000, 0.280, 48
train,    3154, 12.871185,   83, 0.06,   10, 0.000, 0.000, 0.280, 48
train,    3155, 13.163333,   83, 0.07,   11, 0.000, 0.000, 0.280, 48
train,    3156, 12.794663,   84, 0.06,    9, 0.000, 0.000, 0.280, 48
train,    3157, 13.230486,   84, 0.05,   10, 0.000, 0.000, 0.280, 48
train,    3158, 14.227715,   81, 0.06,   11, 0.000, 0.000, 0.280, 48
train,    3159, 13.869064,   81, 0.06,   10, 0.000, 0.000, 0.280, 48
train,    3160, 12.806409,   82, 0.09,    9, 0.000, 0.000, 0.280, 48
train,    3161, 14.040791,   84, 0.07,   11, 0.000, 0.000, 0.280, 48
train,    3162, 13.699485,   82, 0.08,   10, 0.000, 0.000, 0.280, 48
train,    3163, 12.855206,   83, 0.06,   11, 0.000, 0.000, 0.280, 48
train,    3164, 13.827023,   86, 0.06,   11, 0.000, 0.000, 0.280, 48
train,    3165, 13.226572,   88, 0.06,   10, 0.000, 0.000, 0.280, 48
train,    3166, 13.417141,   81, 0.05,    9, 0.000, 0.000, 0.280, 48
train,    3167, 13.683425,   85, 0.06,   10, 0.000, 0.000, 0.280, 48
train,    3168, 14.846695,   79, 0.04,   11, 0.000, 0.000, 0.280, 48
train,    3169, 12.765842,   85, 0.05,   10, 0.000, 0.000, 0.280, 48
train,    3170, 13.694575,   80, 0.04,   10, 0.000, 0.000, 0.280, 48
train,    3171, 15.769716,   89, 0.07,   11, 0.000, 0.000, 0.280, 48
train,    3172, 14.413344,   87, 0.05,   11, 0.000, 0.000, 0.280, 48
train,    3173, 12.654736,   88, 0.07,   10, 0.000, 0.000, 0.280, 48
train,    3174, 14.299646,   80, 0.06,   10, 0.000, 0.000, 0.280, 48
train,    3175, 12.774360,   85, 0.05,   12, 0.000, 0.000, 0.280, 48
train,    3176, 12.971715,   83, 0.05,   11, 0.000, 0.000, 0.280, 48
train,    3177, 13.412172,   87, 0.08,   10, 0.000, 0.000, 0.280, 48
train,    3178, 13.675749,   87, 0.03,   12, 0.000, 0.000, 0.280, 48
train,    3179, 13.706241,   84, 0.04,    9, 0.000, 0.000, 0.280, 48
train,    3180, 15.029379,   84, 0.07,   10, 0.000, 0.000, 0.280, 48
train,    3181, 13.962809,   87, 0.07,   10, 0.000, 0.000, 0.280, 48
train,    3182, 13.997966,   84, 0.06,   11, 0.000, 0.000, 0.280, 48
train,    3183, 14.497592,   86, 0.04,   10, 0.000, 0.000, 0.280, 48
train,    3184, 14.340659,   86, 0.06,    9, 0.000, 0.000, 0.280, 48
train,    3185, 14.169360,   84, 0.06,   10, 0.000, 0.000, 0.280, 48
train,    3186, 13.493898,   81, 0.06,   10, 0.000, 0.000, 0.280, 48
train,    3187, 14.801525,   83, 0.06,   10, 0.000, 0.000, 0.280, 48
train,    3188, 14.455382,   83, 0.07,   10, 0.000, 0.000, 0.280, 48
train,    3189, 14.521675,   81, 0.07,   11, 0.000, 0.000, 0.280, 48
train,    3190, 13.190941,   87, 0.08,    9, 0.000, 0.000, 0.280, 48
train,    3191, 13.334665,   82, 0.05,   10, 0.000, 0.000, 0.280, 48
train,    3192, 13.826395,   79, 0.06,   11, 0.000, 0.000, 0.280, 48
train,    3193, 13.352812,   84, 0.05,   11, 0.000, 0.000, 0.280, 48
train,    3194, 13.387080,   83, 0.05,   10, 0.000, 0.000, 0.280, 48
train,    3195, 13.782183,   80, 0.06,   10, 0.000, 0.000, 0.280, 48
train,    3196, 14.174058,   83, 0.05,   10, 0.000, 0.000, 0.280, 48
train,    3197, 14.647061,   79, 0.05,   10, 0.000, 0.000, 0.280, 48
train,    3198, 15.967725,   87, 0.07,   11, 0.000, 0.000, 0.280, 48
train,    3199, 13.208932,   90, 0.06,   10, 0.000, 0.000, 0.280, 48
train,    3200, 14.121155,   86, 0.07,   10, 0.000, 0.000, 0.280, 48
update,   3200,   32, 3200, 14.203987, 0.000000
val_t, 3200, 3200, 15.403529, 0.0563,  86.6492,   0.0713, 0.9158,  28.8033, progress 0.9248
train,    3201, 12.529503,   80, 0.07,   11, 0.000, 0.000, 0.280, 48
train,    3202, 14.136016,   82, 0.05,   11, 0.000, 0.000, 0.280, 48
train,    3203, 15.069687,   82, 0.06,   11, 0.000, 0.000, 0.280, 48
train,    3204, 13.390153,   81, 0.07,   10, 0.000, 0.000, 0.280, 48
train,    3205, 14.025655,   86, 0.07,   10, 0.000, 0.000, 0.280, 48
train,    3206, 13.258593,   82, 0.05,   10, 0.000, 0.000, 0.280, 48
train,    3207, 14.616427,   90, 0.04,   11, 0.000, 0.000, 0.280, 48
train,    3208, 14.336331,   82, 0.06,   10, 0.000, 0.000, 0.280, 48
train,    3209, 13.459509,   81, 0.04,   12, 0.000, 0.000, 0.280, 48
train,    3210, 14.445920,   81, 0.07,   11, 0.000, 0.000, 0.280, 48
train,    3211, 13.721029,   82, 0.04,   11, 0.000, 0.000, 0.280, 48
train,    3212, 12.828469,   88, 0.07,   11, 0.000, 0.000, 0.280, 48
train,    3213, 14.657667,   81, 0.03,   10, 0.000, 0.000, 0.280, 48
train,    3214, 12.797102,   81, 0.06,   11, 0.000, 0.000, 0.280, 48
train,    3215, 13.546850,   82, 0.06,   11, 0.000, 0.000, 0.280, 48
train,    3216, 13.631550,   80, 0.07,   10, 0.000, 0.000, 0.280, 48
train,    3217, 13.033289,   87, 0.05,   10, 0.000, 0.000, 0.280, 48
train,    3218, 12.515297,   87, 0.07,   11, 0.000, 0.000, 0.280, 48
train,    3219, 13.746410,   83, 0.07,   10, 0.000, 0.000, 0.280, 48
train,    3220, 13.695053,   81, 0.05,   11, 0.000, 0.000, 0.280, 48
train,    3221, 14.444923,   78, 0.07,   10, 0.000, 0.000, 0.280, 48
train,    3222, 13.353686,   85, 0.06,   10, 0.000, 0.000, 0.280, 48
train,    3223, 14.940547,   85, 0.05,   10, 0.000, 0.000, 0.280, 48
train,    3224, 13.484776,   84, 0.06,   11, 0.000, 0.000, 0.280, 48
train,    3225, 13.334305,   87, 0.09,   11, 0.000, 0.000, 0.280, 48
train,    3226, 13.808044,   87, 0.05,   11, 0.000, 0.000, 0.280, 48
train,    3227, 13.915281,   91, 0.04,   11, 0.000, 0.000, 0.280, 48
train,    3228, 13.460329,   83, 0.02,   11, 0.000, 0.000, 0.280, 48
train,    3229, 14.719206,   84, 0.05,   10, 0.000, 0.000, 0.280, 48
train,    3230, 13.803910,   83, 0.06,   11, 0.000, 0.000, 0.280, 48
train,    3231, 14.714271,   83, 0.04,   10, 0.000, 0.000, 0.280, 48
train,    3232, 13.592133,   81, 0.03,   10, 0.000, 0.000, 0.280, 48
train,    3233, 15.185866,   84, 0.06,   10, 0.000, 0.000, 0.280, 48
train,    3234, 13.993979,   88, 0.06,   12, 0.000, 0.000, 0.280, 48
train,    3235, 14.215820,   85, 0.05,   11, 0.000, 0.000, 0.280, 48
train,    3236, 15.321193,   87, 0.05,   10, 0.000, 0.000, 0.280, 48
train,    3237, 14.227698,   87, 0.04,   10, 0.000, 0.000, 0.280, 48
train,    3238, 13.057857,   83, 0.07,    9, 0.000, 0.000, 0.280, 48
train,    3239, 14.635147,   90, 0.08,   11, 0.000, 0.000, 0.280, 48
train,    3240, 13.945028,   84, 0.08,   10, 0.000, 0.000, 0.280, 48
train,    3241, 14.000807,   85, 0.06,   11, 0.000, 0.000, 0.280, 48
train,    3242, 14.266207,   86, 0.06,   10, 0.000, 0.000, 0.280, 48
train,    3243, 15.162260,   86, 0.05,   10, 0.000, 0.000, 0.280, 48
train,    3244, 15.130805,   84, 0.08,   10, 0.000, 0.000, 0.280, 48
train,    3245, 14.586508,   86, 0.07,   10, 0.000, 0.000, 0.280, 48
train,    3246, 14.599044,   87, 0.05,   11, 0.000, 0.000, 0.280, 48
train,    3247, 14.444107,   87, 0.04,   10, 0.000, 0.000, 0.280, 48
train,    3248, 14.799133,   83, 0.05,   10, 0.000, 0.000, 0.280, 48
train,    3249, 14.237129,   83, 0.06,    9, 0.000, 0.000, 0.280, 48
train,    3250, 12.960985,   83, 0.04,   12, 0.000, 0.000, 0.280, 48
train,    3251, 15.423407,   82, 0.08,   11, 0.000, 0.000, 0.280, 48
train,    3252, 14.782868,   87, 0.07,   11, 0.000, 0.000, 0.280, 48
train,    3253, 15.228419,   87, 0.05,    9, 0.000, 0.000, 0.280, 48
train,    3254, 15.142680,   89, 0.05,   11, 0.000, 0.000, 0.280, 48
train,    3255, 14.190495,   84, 0.08,   11, 0.000, 0.000, 0.280, 48
train,    3256, 14.995981,   85, 0.08,   11, 0.000, 0.000, 0.280, 48
train,    3257, 14.799909,   80, 0.04,   11, 0.000, 0.000, 0.280, 48
train,    3258, 14.443751,   87, 0.06,   11, 0.000, 0.000, 0.280, 48
train,    3259, 14.805721,   90, 0.04,   10, 0.000, 0.000, 0.280, 48
train,    3260, 14.068803,   85, 0.07,   11, 0.000, 0.000, 0.280, 48
train,    3261, 14.410727,   85, 0.06,   11, 0.000, 0.000, 0.280, 48
train,    3262, 14.540018,   83, 0.07,   11, 0.000, 0.000, 0.280, 48
train,    3263, 15.080720,   80, 0.04,   10, 0.000, 0.000, 0.280, 48
train,    3264, 13.679132,   85, 0.05,   11, 0.000, 0.000, 0.280, 48
train,    3265, 14.344611,   88, 0.08,   11, 0.000, 0.000, 0.280, 48
train,    3266, 14.823895,   88, 0.07,   10, 0.000, 0.000, 0.280, 48
train,    3267, 15.383047,   81, 0.04,   11, 0.000, 0.000, 0.280, 48
train,    3268, 15.981872,   88, 0.05,   11, 0.000, 0.000, 0.280, 48
train,    3269, 14.130426,   81, 0.07,   10, 0.000, 0.000, 0.280, 48
train,    3270, 14.774954,   83, 0.05,   10, 0.000, 0.000, 0.280, 48
train,    3271, 14.546450,   83, 0.07,   10, 0.000, 0.000, 0.280, 48
train,    3272, 16.230563,   83, 0.03,   12, 0.000, 0.000, 0.280, 48
train,    3273, 13.573093,   79, 0.05,   11, 0.000, 0.000, 0.280, 48
train,    3274, 16.165499,   79, 0.04,   11, 0.000, 0.000, 0.280, 48
train,    3275, 15.534559,   87, 0.05,   11, 0.000, 0.000, 0.280, 48
train,    3276, 14.690918,   82, 0.05,   10, 0.000, 0.000, 0.280, 48
train,    3277, 16.203377,   86, 0.06,   11, 0.000, 0.000, 0.280, 48
train,    3278, 15.043153,   84, 0.05,   10, 0.000, 0.000, 0.280, 48
train,    3279, 16.156351,   79, 0.07,   11, 0.000, 0.000, 0.280, 48
train,    3280, 15.528288,   87, 0.05,   10, 0.000, 0.000, 0.280, 48
train,    3281, 15.517769,   86, 0.04,   11, 0.000, 0.000, 0.280, 48
train,    3282, 14.917279,   84, 0.04,   10, 0.000, 0.000, 0.280, 48
train,    3283, 14.929555,   78, 0.06,   10, 0.000, 0.000, 0.280, 48
train,    3284, 15.649592,   81, 0.05,   10, 0.000, 0.000, 0.280, 48
train,    3285, 15.422195,   88, 0.06,   11, 0.000, 0.000, 0.280, 48
train,    3286, 14.867738,   88, 0.07,    9, 0.000, 0.000, 0.280, 48
train,    3287, 15.971424,   85, 0.05,   11, 0.000, 0.000, 0.280, 48
train,    3288, 13.452390,   85, 0.07,   11, 0.000, 0.000, 0.280, 48
train,    3289, 14.549751,   80, 0.04,   10, 0.000, 0.000, 0.280, 48
train,    3290, 14.618830,   85, 0.03,   11, 0.000, 0.000, 0.280, 48
train,    3291, 14.987801,   86, 0.06,   12, 0.000, 0.000, 0.280, 48
train,    3292, 14.021419,   82, 0.06,   11, 0.000, 0.000, 0.280, 48
train,    3293, 14.176416,   85, 0.05,   10, 0.000, 0.000, 0.280, 48
train,    3294, 14.737784,   83, 0.08,   11, 0.000, 0.000, 0.280, 48
train,    3295, 15.827369,   87, 0.05,   11, 0.000, 0.000, 0.280, 48
train,    3296, 15.741549,   86, 0.05,   11, 0.000, 0.000, 0.280, 48
train,    3297, 15.349484,   84, 0.05,   10, 0.000, 0.000, 0.280, 48
train,    3298, 15.167738,   82, 0.03,   12, 0.000, 0.000, 0.280, 48
train,    3299, 15.118580,   88, 0.05,   11, 0.000, 0.000, 0.280, 48
train,    3300, 15.722836,   86, 0.06,   12, 0.000, 0.000, 0.280, 48
update,   3300,   33, 3300, 16.818257, 0.000000
val_t, 3300, 3300, 15.546989, 0.0455,  88.3206,   0.0699, 0.9404,  28.8490, progress 0.9404
train,    3301, 15.582398,   81, 0.07,   11, 0.000, 0.000, 0.280, 48
train,    3302, 15.553338,   88, 0.04,   10, 0.000, 0.000, 0.280, 48
train,    3303, 14.905820,   84, 0.08,   11, 0.000, 0.000, 0.280, 48
train,    3304, 15.830224,   87, 0.04,   10, 0.000, 0.000, 0.280, 48
train,    3305, 14.753576,   84, 0.06,   11, 0.000, 0.000, 0.280, 48
train,    3306, 15.061322,   84, 0.06,   12, 0.000, 0.000, 0.280, 48
train,    3307, 15.505054,   83, 0.05,   10, 0.000, 0.000, 0.280, 48
train,    3308, 16.378696,   80, 0.06,   12, 0.000, 0.000, 0.280, 48
train,    3309, 15.486300,   84, 0.04,   11, 0.000, 0.000, 0.280, 48
train,    3310, 17.254223,   85, 0.03,   10, 0.000, 0.000, 0.280, 48
train,    3311, 15.242568,   86, 0.05,   11, 0.000, 0.000, 0.280, 48
train,    3312, 16.497590,   86, 0.05,   10, 0.000, 0.000, 0.280, 48
train,    3313, 15.487187,   86, 0.06,   10, 0.000, 0.000, 0.280, 48
train,    3314, 15.880420,   86, 0.06,   11, 0.000, 0.000, 0.280, 48
train,    3315, 15.260961,   87, 0.04,   10, 0.000, 0.000, 0.280, 48
train,    3316, 15.412238,   85, 0.08,   10, 0.000, 0.000, 0.280, 48
train,    3317, 15.624724,   88, 0.02,   11, 0.000, 0.000, 0.280, 48
train,    3318, 16.964662,   85, 0.03,   11, 0.000, 0.000, 0.280, 48
train,    3319, 15.987500,   86, 0.06,   11, 0.000, 0.000, 0.280, 48
train,    3320, 16.494293,   85, 0.05,   11, 0.000, 0.000, 0.280, 48
train,    3321, 15.305007,   86, 0.06,   11, 0.000, 0.000, 0.280, 48
train,    3322, 15.091665,   86, 0.08,   10, 0.000, 0.000, 0.280, 48
train,    3323, 14.551902,   86, 0.05,   10, 0.000, 0.000, 0.280, 48
train,    3324, 15.531834,   86, 0.05,   11, 0.000, 0.000, 0.280, 48
train,    3325, 15.702553,   84, 0.05,   10, 0.000, 0.000, 0.280, 48
train,    3326, 15.924682,   82, 0.07,   11, 0.000, 0.000, 0.280, 48
train,    3327, 15.515866,   87, 0.06,   10, 0.000, 0.000, 0.280, 48
train,    3328, 15.442788,   88, 0.04,   10, 0.000, 0.000, 0.280, 48
train,    3329, 15.288803,   86, 0.06,   11, 0.000, 0.000, 0.280, 48
train,    3330, 16.271823,   80, 0.06,   11, 0.000, 0.000, 0.280, 48
train,    3331, 16.129754,   83, 0.05,   11, 0.000, 0.000, 0.280, 48
train,    3332, 16.669647,   86, 0.06,   11, 0.000, 0.000, 0.280, 48
train,    3333, 15.800164,   82, 0.06,   10, 0.000, 0.000, 0.280, 48
train,    3334, 16.376629,   85, 0.04,   11, 0.000, 0.000, 0.280, 48
train,    3335, 16.603017,   85, 0.06,   11, 0.000, 0.000, 0.280, 48
train,    3336, 16.219305,   86, 0.08,   11, 0.000, 0.000, 0.280, 48
train,    3337, 15.296770,   85, 0.06,   11, 0.000, 0.000, 0.280, 48
train,    3338, 16.368221,   85, 0.05,   11, 0.000, 0.000, 0.280, 48
train,    3339, 15.844296,   85, 0.06,   10, 0.000, 0.000, 0.280, 48
train,    3340, 16.217048,   84, 0.04,   11, 0.000, 0.000, 0.280, 48
train,    3341, 16.934139,   81, 0.05,   10, 0.000, 0.000, 0.280, 48
train,    3342, 15.809722,   82, 0.05,   11, 0.000, 0.000, 0.280, 48
train,    3343, 15.984162,   86, 0.04,   11, 0.000, 0.000, 0.280, 48
train,    3344, 15.887217,   86, 0.06,   10, 0.000, 0.000, 0.280, 48
train,    3345, 16.083963,   81, 0.05,    9, 0.000, 0.000, 0.280, 48
train,    3346, 16.403742,   85, 0.08,   10, 0.000, 0.000, 0.280, 48
train,    3347, 15.342036,   83, 0.05,   11, 0.000, 0.000, 0.280, 48
train,    3348, 16.294891,   85, 0.07,   11, 0.000, 0.000, 0.280, 48
train,    3349, 15.850573,   81, 0.06,   11, 0.000, 0.000, 0.280, 48
train,    3350, 16.216698,   84, 0.03,    9, 0.000, 0.000, 0.280, 48
train,    3351, 15.088183,   85, 0.04,   10, 0.000, 0.000, 0.280, 48
train,    3352, 16.588306,   83, 0.05,   10, 0.000, 0.000, 0.280, 48
train,    3353, 16.907776,   80, 0.05,   10, 0.000, 0.000, 0.280, 48
train,    3354, 17.014598,   83, 0.05,   11, 0.000, 0.000, 0.280, 48
train,    3355, 17.347754,   85, 0.05,   11, 0.000, 0.000, 0.280, 48
train,    3356, 16.088453,   85, 0.07,   11, 0.000, 0.000, 0.280, 48
train,    3357, 14.313302,   87, 0.03,   10, 0.000, 0.000, 0.280, 48
train,    3358, 16.692231,   88, 0.04,   11, 0.000, 0.000, 0.280, 48
train,    3359, 16.807580,   82, 0.04,   11, 0.000, 0.000, 0.280, 48
train,    3360, 16.907177,   81, 0.05,   11, 0.000, 0.000, 0.280, 48
train,    3361, 16.982412,   87, 0.03,   12, 0.000, 0.000, 0.280, 48
train,    3362, 17.494979,   83, 0.04,   10, 0.000, 0.000, 0.280, 48
train,    3363, 16.720091,   83, 0.05,   10, 0.000, 0.000, 0.280, 48
train,    3364, 17.458166,   85, 0.06,   10, 0.000, 0.000, 0.280, 48
train,    3365, 15.696350,   85, 0.06,   10, 0.000, 0.000, 0.280, 48
train,    3366, 16.875492,   87, 0.06,   10, 0.000, 0.000, 0.280, 48
train,    3367, 16.696200,   90, 0.04,   10, 0.000, 0.000, 0.280, 48
train,    3368, 16.988821,   84, 0.06,   11, 0.000, 0.000, 0.280, 48
train,    3369, 17.064337,   86, 0.06,   11, 0.000, 0.000, 0.280, 48
train,    3370, 16.335103,   87, 0.03,   11, 0.000, 0.000, 0.280, 48
train,    3371, 16.482820,   82, 0.05,   11, 0.000, 0.000, 0.280, 48
train,    3372, 18.560432,   84, 0.03,   10, 0.000, 0.000, 0.280, 48
train,    3373, 16.863023,   84, 0.05,   12, 0.000, 0.000, 0.280, 48
train,    3374, 17.170436,   91, 0.05,   11, 0.000, 0.000, 0.280, 48
train,    3375, 16.420234,   89, 0.06,   11, 0.000, 0.000, 0.280, 48
train,    3376, 16.384993,   89, 0.04,   10, 0.000, 0.000, 0.280, 48
train,    3377, 16.734448,   90, 0.05,   11, 0.000, 0.000, 0.280, 48
train,    3378, 17.663335,   84, 0.06,   11, 0.000, 0.000, 0.280, 48
train,    3379, 16.687010,   86, 0.04,   11, 0.000, 0.000, 0.280, 48
train,    3380, 16.232419,   84, 0.08,   12, 0.000, 0.000, 0.280, 48
train,    3381, 16.782733,   86, 0.04,   12, 0.000, 0.000, 0.280, 48
train,    3382, 17.247985,   83, 0.05,   11, 0.000, 0.000, 0.280, 48
train,    3383, 17.021542,   84, 0.05,   10, 0.000, 0.000, 0.280, 48
train,    3384, 16.928422,   85, 0.06,   11, 0.000, 0.000, 0.280, 48
train,    3385, 16.441476,   86, 0.05,   11, 0.000, 0.000, 0.280, 48
train,    3386, 17.680939,   82, 0.04,   11, 0.000, 0.000, 0.280, 48
train,    3387, 16.913204,   81, 0.08,   11, 0.000, 0.000, 0.280, 48
train,    3388, 17.837472,   80, 0.06,   10, 0.000, 0.000, 0.280, 48
train,    3389, 17.189528,   90, 0.06,    9, 0.000, 0.000, 0.280, 48
train,    3390, 16.904961,   85, 0.05,   10, 0.000, 0.000, 0.280, 48
train,    3391, 16.771526,   89, 0.06,   10, 0.000, 0.000, 0.280, 48
train,    3392, 16.904114,   87, 0.06,   10, 0.000, 0.000, 0.280, 48
train,    3393, 17.492143,   82, 0.05,   10, 0.000, 0.000, 0.280, 48
train,    3394, 16.875798,   86, 0.04,   10, 0.000, 0.000, 0.280, 48
train,    3395, 17.135887,   87, 0.05,   10, 0.000, 0.000, 0.280, 48
train,    3396, 17.063684,   87, 0.07,   11, 0.000, 0.000, 0.280, 48
train,    3397, 17.221971,   85, 0.05,   10, 0.000, 0.000, 0.280, 48
train,    3398, 17.588558,   86, 0.05,   10, 0.000, 0.000, 0.280, 48
train,    3399, 16.829313,   82, 0.05,   11, 0.000, 0.000, 0.280, 48
train,    3400, 17.294352,   83, 0.07,   12, 0.000, 0.000, 0.280, 48
update,   3400,   34, 3400, 16.804630, 0.000000
val_t, 3400, 3400, 16.230003, 0.0441,  90.1582,   0.0747, 0.9458,  28.5499, progress 0.9312
train,    3401, 17.365800,   83, 0.05,   11, 0.000, 0.000, 0.280, 48
train,    3402, 17.668365,   85, 0.06,   12, 0.000, 0.000, 0.280, 48
train,    3403, 17.282756,   87, 0.04,    9, 0.000, 0.000, 0.280, 48
train,    3404, 17.443302,   87, 0.07,   11, 0.000, 0.000, 0.280, 48
train,    3405, 16.589772,   86, 0.05,   11, 0.000, 0.000, 0.280, 48
train,    3406, 17.204522,   83, 0.05,   11, 0.000, 0.000, 0.280, 48
train,    3407, 15.977413,   85, 0.04,   11, 0.000, 0.000, 0.280, 48
train,    3408, 16.811684,   88, 0.06,   10, 0.000, 0.000, 0.280, 48
train,    3409, 17.130858,   88, 0.06,   10, 0.000, 0.000, 0.280, 48
train,    3410, 15.688137,   80, 0.03,   10, 0.000, 0.000, 0.280, 48
train,    3411, 17.264428,   83, 0.04,   10, 0.000, 0.000, 0.280, 48
train,    3412, 17.345688,   82, 0.07,   11, 0.000, 0.000, 0.280, 48
train,    3413, 17.163319,   85, 0.03,   11, 0.000, 0.000, 0.280, 48
train,    3414, 17.725389,   84, 0.06,   11, 0.000, 0.000, 0.280, 48
train,    3415, 17.213437,   81, 0.07,   12, 0.000, 0.000, 0.280, 48
train,    3416, 18.085839,   85, 0.05,   12, 0.000, 0.000, 0.280, 48
train,    3417, 17.115208,   84, 0.05,   11, 0.000, 0.000, 0.280, 48
train,    3418, 16.179309,   86, 0.07,   11, 0.000, 0.000, 0.280, 48
train,    3419, 18.056446,   89, 0.04,   10, 0.000, 0.000, 0.280, 48
train,    3420, 17.674694,   85, 0.05,   10, 0.000, 0.000, 0.280, 48
train,    3421, 18.064528,   88, 0.06,   10, 0.000, 0.000, 0.280, 48
train,    3422, 15.704134,   92, 0.07,   10, 0.000, 0.000, 0.280, 48
train,    3423, 17.009859,   85, 0.06,   12, 0.000, 0.000, 0.280, 48
train,    3424, 16.764859,   89, 0.04,   11, 0.000, 0.000, 0.280, 48
train,    3425, 16.891405,   86, 0.04,   11, 0.000, 0.000, 0.280, 48
train,    3426, 17.074265,   86, 0.02,   11, 0.000, 0.000, 0.280, 48
train,    3427, 17.722292,   88, 0.03,   10, 0.000, 0.000, 0.280, 48
train,    3428, 17.803952,   84, 0.06,   11, 0.000, 0.000, 0.280, 48
train,    3429, 17.337912,   87, 0.05,   11, 0.000, 0.000, 0.280, 48
train,    3430, 16.373554,   88, 0.05,   10, 0.000, 0.000, 0.280, 48
train,    3431, 16.490953,   85, 0.07,   11, 0.000, 0.000, 0.280, 48
train,    3432, 18.634177,   87, 0.06,   10, 0.000, 0.000, 0.280, 48
train,    3433, 19.440432,   89, 0.07,   11, 0.000, 0.000, 0.280, 48
train,    3434, 17.264910,   87, 0.06,   10, 0.000, 0.000, 0.280, 48
train,    3435, 16.921789,   87, 0.06,    9, 0.000, 0.000, 0.280, 48
train,    3436, 18.821687,   84, 0.05,   12, 0.000, 0.000, 0.280, 48
train,    3437, 17.210462,   84, 0.04,   11, 0.000, 0.000, 0.280, 48
train,    3438, 17.830230,   85, 0.04,   11, 0.000, 0.000, 0.280, 48
train,    3439, 17.837289,   84, 0.07,   11, 0.000, 0.000, 0.280, 48
train,    3440, 18.294028,   83, 0.05,   10, 0.000, 0.000, 0.280, 48
train,    3441, 17.232023,   85, 0.04,   10, 0.000, 0.000, 0.280, 48
train,    3442, 17.275569,   88, 0.04,   10, 0.000, 0.000, 0.280, 48
train,    3443, 16.985228,   85, 0.05,   11, 0.000, 0.000, 0.280, 48
train,    3444, 18.353617,   84, 0.05,   11, 0.000, 0.000, 0.280, 48
train,    3445, 18.233886,   84, 0.07,   10, 0.000, 0.000, 0.280, 48
train,    3446, 16.431004,   89, 0.04,   10, 0.000, 0.000, 0.280, 48
train,    3447, 17.853991,   83, 0.06,   11, 0.000, 0.000, 0.280, 48
train,    3448, 17.108109,   90, 0.06,   11, 0.000, 0.000, 0.280, 48
train,    3449, 17.421104,   89, 0.04,   11, 0.000, 0.000, 0.280, 48
train,    3450, 16.768166,   84, 0.06,   11, 0.000, 0.000, 0.280, 48
train,    3451, 17.167902,   89, 0.06,   11, 0.000, 0.000, 0.280, 48
train,    3452, 17.509378,   90, 0.05,   11, 0.000, 0.000, 0.280, 48
train,    3453, 17.074222,   85, 0.03,   12, 0.000, 0.000, 0.280, 48
train,    3454, 17.443365,   88, 0.05,    9, 0.000, 0.000, 0.280, 48
train,    3455, 16.839018,   88, 0.04,   10, 0.000, 0.000, 0.280, 48
train,    3456, 18.421168,   91, 0.05,    9, 0.000, 0.000, 0.280, 48
train,    3457, 17.853764,   80, 0.06,   11, 0.000, 0.000, 0.280, 48
train,    3458, 17.485639,   86, 0.07,   11, 0.000, 0.000, 0.280, 48
train,    3459, 17.496754,   89, 0.04,   10, 0.000, 0.000, 0.280, 48
train,    3460, 19.639962,   81, 0.05,   10, 0.000, 0.000, 0.280, 48
train,    3461, 18.529213,   89, 0.05,   10, 0.000, 0.000, 0.280, 48
train,    3462, 16.898596,   87, 0.05,   11, 0.000, 0.000, 0.280, 48
train,    3463, 17.890574,   86, 0.06,   11, 0.000, 0.000, 0.280, 48
train,    3464, 18.179294,   85, 0.06,   10, 0.000, 0.000, 0.280, 48
train,    3465, 17.288181,   86, 0.07,   11, 0.000, 0.000, 0.280, 48
train,    3466, 16.337549,   89, 0.05,   11, 0.000, 0.000, 0.280, 48
train,    3467, 17.212029,   87, 0.05,   11, 0.000, 0.000, 0.280, 48
train,    3468, 17.754896,   86, 0.06,   11, 0.000, 0.000, 0.280, 48
train,    3469, 17.839346,   85, 0.05,   11, 0.000, 0.000, 0.280, 48
train,    3470, 17.640455,   80, 0.05,   11, 0.000, 0.000, 0.280, 48
train,    3471, 17.837738,   86, 0.06,    9, 0.000, 0.000, 0.280, 48
train,    3472, 18.263203,   84, 0.05,   11, 0.000, 0.000, 0.280, 48
train,    3473, 17.586896,   83, 0.05,   10, 0.000, 0.000, 0.280, 48
train,    3474, 16.948403,   85, 0.03,   11, 0.000, 0.000, 0.280, 48
train,    3475, 17.053535,   83, 0.03,   11, 0.000, 0.000, 0.280, 48
train,    3476, 17.066244,   84, 0.05,   11, 0.000, 0.000, 0.280, 48
train,    3477, 15.622115,   88, 0.06,   10, 0.000, 0.000, 0.280, 48
train,    3478, 16.886914,   85, 0.04,   10, 0.000, 0.000, 0.280, 48
train,    3479, 18.168764,   90, 0.05,   11, 0.000, 0.000, 0.280, 48
train,    3480, 17.134749,   89, 0.07,   11, 0.000, 0.000, 0.280, 48
train,    3481, 18.117705,   82, 0.07,   10, 0.000, 0.000, 0.280, 48
train,    3482, 17.551026,   84, 0.05,    9, 0.000, 0.000, 0.280, 48
train,    3483, 17.902686,   91, 0.04,   10, 0.000, 0.000, 0.280, 48
train,    3484, 18.193214,   85, 0.04,   11, 0.000, 0.000, 0.280, 48
train,    3485, 17.772582,   83, 0.04,   10, 0.000, 0.000, 0.280, 48
train,    3486, 17.291265,   88, 0.03,   11, 0.000, 0.000, 0.280, 48
train,    3487, 17.781100,   87, 0.06,   12, 0.000, 0.000, 0.280, 48
train,    3488, 18.070941,   82, 0.06,   10, 0.000, 0.000, 0.280, 48
train,    3489, 17.139090,   87, 0.06,   11, 0.000, 0.000, 0.280, 48
train,    3490, 17.256219,   82, 0.05,   12, 0.000, 0.000, 0.280, 48
train,    3491, 18.469683,   86, 0.04,   11, 0.000, 0.000, 0.280, 48
train,    3492, 17.111179,   87, 0.05,   12, 0.000, 0.000, 0.280, 48
train,    3493, 18.718344,   90, 0.04,   10, 0.000, 0.000, 0.280, 48
train,    3494, 16.024278,   85, 0.05,   12, 0.000, 0.000, 0.280, 48
train,    3495, 17.739299,   88, 0.05,   10, 0.000, 0.000, 0.280, 48
train,    3496, 17.613075,   87, 0.07,   12, 0.000, 0.000, 0.280, 48
train,    3497, 18.216877,   89, 0.06,   11, 0.000, 0.000, 0.280, 48
train,    3498, 17.181021,   83, 0.05,   12, 0.000, 0.000, 0.280, 48
train,    3499, 16.014391,   88, 0.04,   10, 0.000, 0.000, 0.280, 48
train,    3500, 18.451402,   87, 0.03,   11, 0.000, 0.000, 0.280, 48
update,   3500,   35, 3500, 16.562698, 0.000000
val_t, 3500, 3500, 15.456451, 0.0493,  88.0014,   0.0647, 0.9473,  28.5571, progress 0.9335
train,    3501, 17.417082,   86, 0.04,   10, 0.000, 0.000, 0.280, 48
train,    3502, 16.954965,   80, 0.04,   10, 0.000, 0.000, 0.280, 48
train,    3503, 17.349683,   90, 0.04,   10, 0.000, 0.000, 0.280, 48
train,    3504, 17.005938,   82, 0.07,   11, 0.000, 0.000, 0.280, 48
train,    3505, 17.461766,   87, 0.05,   10, 0.000, 0.000, 0.280, 48
train,    3506, 16.724954,   86, 0.06,   11, 0.000, 0.000, 0.280, 48
train,    3507, 17.877921,   88, 0.04,   11, 0.000, 0.000, 0.280, 48
train,    3508, 16.936822,   81, 0.04,   10, 0.000, 0.000, 0.280, 48
train,    3509, 18.074792,   90, 0.06,   11, 0.000, 0.000, 0.280, 48
train,    3510, 18.184483,   83, 0.03,    9, 0.000, 0.000, 0.280, 48
train,    3511, 17.350554,   90, 0.04,   10, 0.000, 0.000, 0.280, 48
train,    3512, 16.587262,   84, 0.08,   11, 0.000, 0.000, 0.280, 48
train,    3513, 17.038346,   85, 0.07,   10, 0.000, 0.000, 0.280, 48
train,    3514, 17.580894,   85, 0.05,   10, 0.000, 0.000, 0.280, 48
train,    3515, 17.768608,   83, 0.07,   12, 0.000, 0.000, 0.280, 48
train,    3516, 16.716954,   86, 0.07,   11, 0.000, 0.000, 0.280, 48
train,    3517, 17.962557,   85, 0.03,   10, 0.000, 0.000, 0.280, 48
train,    3518, 17.229905,   87, 0.04,   11, 0.000, 0.000, 0.280, 48
train,    3519, 17.565116,   83, 0.05,   12, 0.000, 0.000, 0.280, 48
train,    3520, 17.153948,   85, 0.07,   11, 0.000, 0.000, 0.280, 48
train,    3521, 18.196580,   88, 0.05,   11, 0.000, 0.000, 0.280, 48
train,    3522, 17.247805,   86, 0.03,   11, 0.000, 0.000, 0.280, 48
train,    3523, 16.712399,   81, 0.05,   11, 0.000, 0.000, 0.280, 48
train,    3524, 16.689185,   82, 0.06,   11, 0.000, 0.000, 0.280, 48
train,    3525, 16.256778,   85, 0.03,   12, 0.000, 0.000, 0.280, 48
train,    3526, 16.171495,   84, 0.06,   10, 0.000, 0.000, 0.280, 48
train,    3527, 16.991035,   90, 0.04,    9, 0.000, 0.000, 0.280, 48
train,    3528, 17.502241,   87, 0.03,   10, 0.000, 0.000, 0.280, 48
train,    3529, 16.793210,   87, 0.05,   11, 0.000, 0.000, 0.280, 48
train,    3530, 18.005001,   85, 0.06,   10, 0.000, 0.000, 0.280, 48
train,    3531, 16.200069,   90, 0.04,   10, 0.000, 0.000, 0.280, 48
train,    3532, 18.090801,   86, 0.05,   10, 0.000, 0.000, 0.280, 48
train,    3533, 16.671087,   83, 0.04,   11, 0.000, 0.000, 0.280, 48
train,    3534, 17.569150,   85, 0.04,    9, 0.000, 0.000, 0.280, 48
train,    3535, 16.387277,   89, 0.07,   11, 0.000, 0.000, 0.280, 48
train,    3536, 16.573507,   86, 0.06,   10, 0.000, 0.000, 0.280, 48
train,    3537, 17.013953,   89, 0.06,   10, 0.000, 0.000, 0.280, 48
train,    3538, 16.514983,   90, 0.05,   10, 0.000, 0.000, 0.280, 48
train,    3539, 17.223116,   86, 0.03,   12, 0.000, 0.000, 0.280, 48
train,    3540, 15.964450,   90, 0.06,   12, 0.000, 0.000, 0.280, 48
train,    3541, 15.606498,   88, 0.06,   11, 0.000, 0.000, 0.280, 48
train,    3542, 16.254006,   90, 0.04,   10, 0.000, 0.000, 0.280, 48
train,    3543, 16.784042,   89, 0.05,   12, 0.000, 0.000, 0.280, 48
train,    3544, 17.152128,   83, 0.06,   11, 0.000, 0.000, 0.280, 48
train,    3545, 16.448722,   89, 0.06,   11, 0.000, 0.000, 0.280, 48
train,    3546, 16.002684,   91, 0.07,   11, 0.000, 0.000, 0.280, 48
train,    3547, 17.302747,   89, 0.05,   11, 0.000, 0.000, 0.280, 48
train,    3548, 16.748287,   85, 0.03,   11, 0.000, 0.000, 0.280, 48
train,    3549, 16.301593,   83, 0.05,   10, 0.000, 0.000, 0.280, 48
train,    3550, 16.629539,   88, 0.05,   12, 0.000, 0.000, 0.280, 48
train,    3551, 17.112090,   91, 0.05,   11, 0.000, 0.000, 0.280, 48
train,    3552, 16.091011,   91, 0.05,   11, 0.000, 0.000, 0.280, 48
train,    3553, 16.663650,   88, 0.05,   10, 0.000, 0.000, 0.280, 48
train,    3554, 16.347400,   88, 0.07,   12, 0.000, 0.000, 0.280, 48
train,    3555, 16.859511,   87, 0.04,   11, 0.000, 0.000, 0.280, 48
train,    3556, 16.744068,   90, 0.02,   10, 0.000, 0.000, 0.280, 48
train,    3557, 16.834858,   90, 0.03,   10, 0.000, 0.000, 0.280, 48
train,    3558, 16.602327,   83, 0.05,   11, 0.000, 0.000, 0.280, 48
train,    3559, 15.851417,   87, 0.05,   11, 0.000, 0.000, 0.280, 48
train,    3560, 16.251956,   83, 0.04,   11, 0.000, 0.000, 0.280, 48
train,    3561, 15.713992,   85, 0.03,   11, 0.000, 0.000, 0.280, 48
train,    3562, 16.162874,   86, 0.03,    9, 0.000, 0.000, 0.280, 48
train,    3563, 15.523543,   89, 0.06,   12, 0.000, 0.000, 0.280, 48
train,    3564, 14.894838,   84, 0.05,   11, 0.000, 0.000, 0.280, 48
train,    3565, 17.022838,   86, 0.04,   10, 0.000, 0.000, 0.280, 48
train,    3566, 17.049370,   81, 0.05,   10, 0.000, 0.000, 0.280, 48
train,    3567, 17.079257,   84, 0.03,   12, 0.000, 0.000, 0.280, 48
train,    3568, 16.390962,   85, 0.05,   11, 0.000, 0.000, 0.280, 48
train,    3569, 15.902415,   82, 0.05,   10, 0.000, 0.000, 0.280, 48
train,    3570, 15.996671,   89, 0.03,   12, 0.000, 0.000, 0.280, 48
train,    3571, 16.421523,   80, 0.01,   10, 0.000, 0.000, 0.280, 48
train,    3572, 15.524853,   89, 0.05,   10, 0.000, 0.000, 0.280, 48
train,    3573, 15.911378,   88, 0.07,   11, 0.000, 0.000, 0.280, 48
train,    3574, 16.996081,   82, 0.07,   10, 0.000, 0.000, 0.280, 48
train,    3575, 15.761153,   88, 0.04,   10, 0.000, 0.000, 0.280, 48
train,    3576, 15.664345,   86, 0.05,   12, 0.000, 0.000, 0.280, 48
train,    3577, 15.742201,   90, 0.05,   10, 0.000, 0.000, 0.280, 48
train,    3578, 16.084269,   91, 0.05,   11, 0.000, 0.000, 0.280, 48
train,    3579, 15.320841,   87, 0.06,   10, 0.000, 0.000, 0.280, 48
train,    3580, 15.888022,   85, 0.07,   10, 0.000, 0.000, 0.280, 48
train,    3581, 16.477943,   90, 0.04,   10, 0.000, 0.000, 0.280, 48
train,    3582, 15.733388,   88, 0.04,   10, 0.000, 0.000, 0.280, 48
train,    3583, 16.054948,   92, 0.04,   11, 0.000, 0.000, 0.280, 48
train,    3584, 15.400956,   90, 0.05,   10, 0.000, 0.000, 0.280, 48
train,    3585, 15.184068,   89, 0.05,   11, 0.000, 0.000, 0.280, 48
train,    3586, 15.121206,   89, 0.04,   10, 0.000, 0.000, 0.280, 48
train,    3587, 16.707319,   87, 0.03,   11, 0.000, 0.000, 0.280, 48
train,    3588, 15.458591,   87, 0.05,   10, 0.000, 0.000, 0.280, 48
train,    3589, 16.824612,   85, 0.06,   11, 0.000, 0.000, 0.280, 48
train,    3590, 16.648504,   84, 0.03,   11, 0.000, 0.000, 0.280, 48
train,    3591, 14.920886,   87, 0.07,   11, 0.000, 0.000, 0.280, 48
train,    3592, 15.893860,   87, 0.04,   11, 0.000, 0.000, 0.280, 48
train,    3593, 16.591401,   91, 0.04,   12, 0.000, 0.000, 0.280, 48
train,    3594, 15.553451,   83, 0.05,   11, 0.000, 0.000, 0.280, 48
train,    3595, 14.922470,   83, 0.05,   10, 0.000, 0.000, 0.280, 48
train,    3596, 15.465857,   88, 0.04,   11, 0.000, 0.000, 0.280, 48
train,    3597, 16.314934,   88, 0.05,   10, 0.000, 0.000, 0.280, 48
train,    3598, 15.166261,   87, 0.05,   12, 0.000, 0.000, 0.280, 48
train,    3599, 15.693559,   85, 0.04,   10, 0.000, 0.000, 0.280, 48
train,    3600, 16.545259,   89, 0.06,   11, 0.000, 0.000, 0.280, 48
update,   3600,   36, 3600, 16.554811, 0.000000
val_t, 3600, 3600, 15.564048, 0.0495,  83.1583,   0.0840, 0.9504,  28.4289, progress 0.9475
train,    3601, 15.586052,   90, 0.04,   11, 0.000, 0.000, 0.280, 48
train,    3602, 16.400517,   87, 0.05,   11, 0.000, 0.000, 0.280, 48
train,    3603, 16.029953,   84, 0.05,   11, 0.000, 0.000, 0.280, 48
train,    3604, 15.570248,   84, 0.04,   11, 0.000, 0.000, 0.280, 48
train,    3605, 14.599426,   92, 0.04,   10, 0.000, 0.000, 0.280, 48
train,    3606, 15.447957,   89, 0.05,   11, 0.000, 0.000, 0.280, 48
train,    3607, 14.879117,   87, 0.03,   11, 0.000, 0.000, 0.280, 48
train,    3608, 15.410508,   89, 0.04,   12, 0.000, 0.000, 0.280, 48
train,    3609, 15.345336,   89, 0.06,   11, 0.000, 0.000, 0.280, 48
train,    3610, 15.553854,   83, 0.05,   12, 0.000, 0.000, 0.280, 48
train,    3611, 15.268046,   90, 0.06,   11, 0.000, 0.000, 0.280, 48
train,    3612, 14.938404,   88, 0.03,   11, 0.000, 0.000, 0.280, 48
train,    3613, 16.317248,   90, 0.04,   10, 0.000, 0.000, 0.280, 48
train,    3614, 16.104783,   87, 0.06,   12, 0.000, 0.000, 0.280, 48
train,    3615, 14.832567,   86, 0.05,   10, 0.000, 0.000, 0.280, 48
train,    3616, 15.639353,   87, 0.06,   11, 0.000, 0.000, 0.280, 48
train,    3617, 16.695923,   85, 0.04,   10, 0.000, 0.000, 0.280, 48
train,    3618, 15.238282,   83, 0.06,   10, 0.000, 0.000, 0.280, 48
train,    3619, 14.823334,   87, 0.07,   10, 0.000, 0.000, 0.280, 48
train,    3620, 16.318874,   84, 0.05,   12, 0.000, 0.000, 0.280, 48
train,    3621, 15.163645,   90, 0.03,   10, 0.000, 0.000, 0.280, 48
train,    3622, 14.435835,   85, 0.06,   12, 0.000, 0.000, 0.280, 48
train,    3623, 14.688884,   88, 0.06,   10, 0.000, 0.000, 0.280, 48
train,    3624, 15.331638,   83, 0.05,   11, 0.000, 0.000, 0.280, 48
train,    3625, 14.513764,   85, 0.06,   11, 0.000, 0.000, 0.280, 48
train,    3626, 15.009863,   86, 0.04,   10, 0.000, 0.000, 0.280, 48
train,    3627, 13.918667,   86, 0.04,   10, 0.000, 0.000, 0.280, 48
train,    3628, 15.650149,   86, 0.04,   11, 0.000, 0.000, 0.280, 48
train,    3629, 15.998374,   85, 0.02,   10, 0.000, 0.000, 0.280, 48
train,    3630, 13.623949,   87, 0.04,   11, 0.000, 0.000, 0.280, 48
train,    3631, 14.974266,   89, 0.05,   10, 0.000, 0.000, 0.280, 48
train,    3632, 15.313474,   87, 0.05,   10, 0.000, 0.000, 0.280, 48
train,    3633, 14.768342,   85, 0.04,   10, 0.000, 0.000, 0.280, 48
train,    3634, 15.138972,   93, 0.03,   12, 0.000, 0.000, 0.280, 48
train,    3635, 15.652237,   88, 0.07,   11, 0.000, 0.000, 0.280, 48
train,    3636, 15.133325,   84, 0.03,   10, 0.000, 0.000, 0.280, 48
train,    3637, 15.451183,   85, 0.06,   10, 0.000, 0.000, 0.280, 48
train,    3638, 15.059367,   92, 0.05,   11, 0.000, 0.000, 0.280, 48
train,    3639, 15.378652,   82, 0.04,   11, 0.000, 0.000, 0.280, 48
train,    3640, 14.309558,   91, 0.07,   11, 0.000, 0.000, 0.280, 48
train,    3641, 15.066612,   89, 0.04,   10, 0.000, 0.000, 0.280, 48
train,    3642, 14.977803,   83, 0.07,   11, 0.000, 0.000, 0.280, 48
train,    3643, 15.022435,   90, 0.05,   11, 0.000, 0.000, 0.280, 48
train,    3644, 14.916965,   86, 0.06,   11, 0.000, 0.000, 0.280, 48
train,    3645, 16.125946,   84, 0.05,   11, 0.000, 0.000, 0.280, 48
train,    3646, 15.586493,   87, 0.04,   11, 0.000, 0.000, 0.280, 48
train,    3647, 14.264333,   89, 0.06,   12, 0.000, 0.000, 0.280, 48
train,    3648, 14.118252,   84, 0.05,   12, 0.000, 0.000, 0.280, 48
train,    3649, 14.942346,   92, 0.06,   12, 0.000, 0.000, 0.280, 48
train,    3650, 14.376289,   89, 0.05,   11, 0.000, 0.000, 0.280, 48
train,    3651, 15.452721,   85, 0.04,   11, 0.000, 0.000, 0.280, 48
train,    3652, 14.317777,   87, 0.05,   11, 0.000, 0.000, 0.280, 48
train,    3653, 14.666018,   85, 0.05,   11, 0.000, 0.000, 0.280, 48
train,    3654, 13.408094,   88, 0.04,   11, 0.000, 0.000, 0.280, 48
train,    3655, 14.159780,   90, 0.05,   12, 0.000, 0.000, 0.280, 48
train,    3656, 13.454285,   87, 0.06,   11, 0.000, 0.000, 0.280, 48
train,    3657, 13.899362,   83, 0.05,   10, 0.000, 0.000, 0.280, 48
train,    3658, 15.311384,   91, 0.06,   10, 0.000, 0.000, 0.280, 48
train,    3659, 14.130832,   84, 0.04,   11, 0.000, 0.000, 0.280, 48
train,    3660, 14.346407,   87, 0.05,   11, 0.000, 0.000, 0.280, 48
train,    3661, 14.470816,   83, 0.05,   11, 0.000, 0.000, 0.280, 48
train,    3662, 13.945614,   91, 0.06,   11, 0.000, 0.000, 0.280, 48
train,    3663, 14.486171,   88, 0.04,   10, 0.000, 0.000, 0.280, 48
train,    3664, 15.235136,   89, 0.04,   11, 0.000, 0.000, 0.280, 48
train,    3665, 14.284461,   82, 0.04,   11, 0.000, 0.000, 0.280, 48
train,    3666, 13.988452,   89, 0.04,   11, 0.000, 0.000, 0.280, 48
train,    3667, 14.698326,   90, 0.06,   12, 0.000, 0.000, 0.280, 48
train,    3668, 14.525179,   87, 0.06,   12, 0.000, 0.000, 0.280, 48
train,    3669, 13.719645,   91, 0.06,   11, 0.000, 0.000, 0.280, 48
train,    3670, 14.766323,   85, 0.07,   10, 0.000, 0.000, 0.280, 48
train,    3671, 15.155817,   87, 0.03,   11, 0.000, 0.000, 0.280, 48
train,    3672, 13.979460,   87, 0.05,   10, 0.000, 0.000, 0.280, 48
train,    3673, 13.742415,   88, 0.04,   12, 0.000, 0.000, 0.280, 48
train,    3674, 13.965687,   84, 0.05,   12, 0.000, 0.000, 0.280, 48
train,    3675, 14.109851,   84, 0.05,   11, 0.000, 0.000, 0.280, 48
train,    3676, 14.043048,   86, 0.05,   10, 0.000, 0.000, 0.280, 48
train,    3677, 14.457433,   82, 0.05,   11, 0.000, 0.000, 0.280, 48
train,    3678, 14.407364,   88, 0.05,   12, 0.000, 0.000, 0.280, 48
train,    3679, 14.978663,   92, 0.06,   11, 0.000, 0.000, 0.280, 48
train,    3680, 14.935939,   88, 0.04,   11, 0.000, 0.000, 0.280, 48
train,    3681, 14.074832,   88, 0.04,   10, 0.000, 0.000, 0.280, 48
train,    3682, 14.349261,   85, 0.04,   11, 0.000, 0.000, 0.280, 48
train,    3683, 14.739640,   84, 0.05,   11, 0.000, 0.000, 0.280, 48
train,    3684, 13.493967,   91, 0.06,    9, 0.000, 0.000, 0.280, 48
train,    3685, 13.230102,   92, 0.07,   11, 0.000, 0.000, 0.280, 48
train,    3686, 14.740346,   89, 0.05,   11, 0.000, 0.000, 0.280, 48
train,    3687, 13.834968,   89, 0.05,   11, 0.000, 0.000, 0.280, 48
train,    3688, 14.445085,   85, 0.05,   10, 0.000, 0.000, 0.280, 48
train,    3689, 12.452868,   83, 0.04,   11, 0.000, 0.000, 0.280, 48
train,    3690, 13.108722,   84, 0.04,   11, 0.000, 0.000, 0.280, 48
train,    3691, 12.315792,   83, 0.09,   10, 0.000, 0.000, 0.280, 48
train,    3692, 13.748626,   86, 0.02,   11, 0.000, 0.000, 0.280, 48
train,    3693, 15.596169,   85, 0.06,   10, 0.000, 0.000, 0.280, 48
train,    3694, 14.464324,   87, 0.05,   11, 0.000, 0.000, 0.280, 48
train,    3695, 13.521273,   90, 0.05,   11, 0.000, 0.000, 0.280, 48
train,    3696, 13.875179,   87, 0.05,   11, 0.000, 0.000, 0.280, 48
train,    3697, 12.833423,   84, 0.06,   11, 0.000, 0.000, 0.280, 48
train,    3698, 12.247727,   89, 0.03,   11, 0.000, 0.000, 0.280, 48
train,    3699, 13.760795,   90, 0.05,    9, 0.000, 0.000, 0.280, 48
train,    3700, 13.249660,   86, 0.04,   11, 0.000, 0.000, 0.280, 48
update,   3700,   37, 3700, 15.044703, 0.000000
val_t, 3700, 3700, 14.694591, 0.0450,  85.3908,   0.0759, 0.9634,  28.5372, progress 0.9526
train,    3701, 15.695835,   89, 0.04,   10, 0.000, 0.000, 0.280, 48
train,    3702, 13.843125,   83, 0.05,   12, 0.000, 0.000, 0.280, 48
train,    3703, 13.354502,   89, 0.04,   11, 0.000, 0.000, 0.280, 48
train,    3704, 13.664243,   89, 0.03,   11, 0.000, 0.000, 0.280, 48
train,    3705, 13.989090,   85, 0.04,   12, 0.000, 0.000, 0.280, 48
train,    3706, 14.520392,   89, 0.04,   11, 0.000, 0.000, 0.280, 48
train,    3707, 12.960037,   87, 0.03,   12, 0.000, 0.000, 0.280, 48
train,    3708, 13.782768,   89, 0.04,   11, 0.000, 0.000, 0.280, 48
train,    3709, 13.525672,   91, 0.05,   11, 0.000, 0.000, 0.280, 48
train,    3710, 14.457576,   92, 0.03,   12, 0.000, 0.000, 0.280, 48
train,    3711, 13.120967,   86, 0.05,   11, 0.000, 0.000, 0.280, 48
train,    3712, 13.989597,   85, 0.04,   11, 0.000, 0.000, 0.280, 48
train,    3713, 13.449908,   89, 0.05,   11, 0.000, 0.000, 0.280, 48
train,    3714, 13.491195,   85, 0.03,   11, 0.000, 0.000, 0.280, 48
train,    3715, 13.956710,   88, 0.04,   11, 0.000, 0.000, 0.280, 48
train,    3716, 13.780135,   84, 0.05,   11, 0.000, 0.000, 0.280, 48
train,    3717, 13.700442,   86, 0.05,   12, 0.000, 0.000, 0.280, 48
train,    3718, 14.615119,   88, 0.04,   11, 0.000, 0.000, 0.280, 48
train,    3719, 14.604218,   85, 0.05,   10, 0.000, 0.000, 0.280, 48
train,    3720, 13.980019,   90, 0.05,   12, 0.000, 0.000, 0.280, 48
train,    3721, 13.397263,   87, 0.04,   11, 0.000, 0.000, 0.280, 48
train,    3722, 14.692843,   84, 0.05,   12, 0.000, 0.000, 0.280, 48
train,    3723, 14.063407,   89, 0.03,   11, 0.000, 0.000, 0.280, 48
train,    3724, 13.605864,   86, 0.04,   13, 0.000, 0.000, 0.280, 48
train,    3725, 13.410012,   88, 0.06,   12, 0.000, 0.000, 0.280, 48
train,    3726, 13.965552,   90, 0.05,   11, 0.000, 0.000, 0.280, 48
train,    3727, 13.279283,   89, 0.04,   11, 0.000, 0.000, 0.280, 48
train,    3728, 13.243562,   84, 0.04,   12, 0.000, 0.000, 0.280, 48
train,    3729, 13.953279,   85, 0.02,   12, 0.000, 0.000, 0.280, 48
train,    3730, 13.704223,   89, 0.04,   11, 0.000, 0.000, 0.280, 48
train,    3731, 13.819574,   83, 0.05,   13, 0.000, 0.000, 0.280, 48
train,    3732, 14.955853,   85, 0.06,   11, 0.000, 0.000, 0.280, 48
train,    3733, 13.742688,   88, 0.05,   11, 0.000, 0.000, 0.280, 48
train,    3734, 13.243511,   90, 0.05,   12, 0.000, 0.000, 0.280, 48
train,    3735, 13.265253,   83, 0.04,   10, 0.000, 0.000, 0.280, 48
train,    3736, 14.295430,   86, 0.05,   10, 0.000, 0.000, 0.280, 48
train,    3737, 13.716409,   90, 0.04,   12, 0.000, 0.000, 0.280, 48
train,    3738, 15.403612,   83, 0.05,   11, 0.000, 0.000, 0.280, 48
train,    3739, 13.594861,   86, 0.05,   11, 0.000, 0.000, 0.280, 48
train,    3740, 14.172457,   88, 0.04,   11, 0.000, 0.000, 0.280, 48
train,    3741, 13.939227,   85, 0.05,   11, 0.000, 0.000, 0.280, 48
train,    3742, 13.762790,   86, 0.03,   12, 0.000, 0.000, 0.280, 48
train,    3743, 13.775752,   86, 0.06,   13, 0.000, 0.000, 0.280, 48
train,    3744, 14.144680,   87, 0.04,    9, 0.000, 0.000, 0.280, 48
train,    3745, 13.819077,   87, 0.03,   10, 0.000, 0.000, 0.280, 48
train,    3746, 13.760999,   88, 0.03,   11, 0.000, 0.000, 0.280, 48
train,    3747, 14.157394,   92, 0.03,   10, 0.000, 0.000, 0.280, 48
train,    3748, 13.448171,   89, 0.05,   12, 0.000, 0.000, 0.280, 48
train,    3749, 14.038270,   87, 0.05,   12, 0.000, 0.000, 0.280, 48
train,    3750, 13.670788,   87, 0.06,   12, 0.000, 0.000, 0.280, 48
train,    3751, 13.707340,   87, 0.04,   10, 0.000, 0.000, 0.280, 48
train,    3752, 13.891079,   90, 0.05,    9, 0.000, 0.000, 0.280, 48
train,    3753, 14.689954,   88, 0.05,   12, 0.000, 0.000, 0.280, 48
train,    3754, 13.857179,   86, 0.06,   11, 0.000, 0.000, 0.280, 48
train,    3755, 14.073793,   85, 0.05,   10, 0.000, 0.000, 0.280, 48
train,    3756, 13.654318,   84, 0.03,   10, 0.000, 0.000, 0.280, 48
train,    3757, 12.799918,   88, 0.06,   11, 0.000, 0.000, 0.280, 48
train,    3758, 13.137708,   88, 0.04,   11, 0.000, 0.000, 0.280, 48
train,    3759, 14.279096,   86, 0.07,   10, 0.000, 0.000, 0.280, 48
train,    3760, 14.013863,   91, 0.04,   10, 0.000, 0.000, 0.280, 48
train,    3761, 13.162712,   90, 0.04,   10, 0.000, 0.000, 0.280, 48
train,    3762, 13.722163,   91, 0.04,   11, 0.000, 0.000, 0.280, 48
train,    3763, 13.545077,   86, 0.05,   10, 0.000, 0.000, 0.280, 48
train,    3764, 13.717767,   85, 0.05,   11, 0.000, 0.000, 0.280, 48
train,    3765, 14.071061,   86, 0.04,   11, 0.000, 0.000, 0.280, 48
train,    3766, 14.240918,   87, 0.05,   12, 0.000, 0.000, 0.280, 48
train,    3767, 13.492199,   82, 0.03,   11, 0.000, 0.000, 0.280, 48
train,    3768, 14.081465,   93, 0.04,   11, 0.000, 0.000, 0.280, 48
train,    3769, 13.806423,   86, 0.04,   12, 0.000, 0.000, 0.280, 48
train,    3770, 14.026464,   86, 0.04,   11, 0.000, 0.000, 0.280, 48
train,    3771, 14.120205,   85, 0.06,   10, 0.000, 0.000, 0.280, 48
train,    3772, 13.567480,   84, 0.03,    9, 0.000, 0.000, 0.280, 48
train,    3773, 13.511860,   92, 0.04,   11, 0.000, 0.000, 0.280, 48
train,    3774, 13.697109,   90, 0.05,   11, 0.000, 0.000, 0.280, 48
train,    3775, 13.658839,   86, 0.03,   11, 0.000, 0.000, 0.280, 48
train,    3776, 13.099531,   90, 0.05,   11, 0.000, 0.000, 0.280, 48
train,    3777, 14.983969,   89, 0.05,   11, 0.000, 0.000, 0.280, 48
train,    3778, 14.995966,   90, 0.06,   11, 0.000, 0.000, 0.280, 48
train,    3779, 13.462612,   90, 0.04,   11, 0.000, 0.000, 0.280, 48
train,    3780, 14.302142,   93, 0.04,    9, 0.000, 0.000, 0.280, 48
train,    3781, 13.760569,   89, 0.05,   11, 0.000, 0.000, 0.280, 48
train,    3782, 15.184189,   88, 0.04,   11, 0.000, 0.000, 0.280, 48
train,    3783, 14.705058,   87, 0.05,   11, 0.000, 0.000, 0.280, 48
train,    3784, 15.360058,   91, 0.05,   11, 0.000, 0.000, 0.280, 48
train,    3785, 13.778913,   89, 0.04,   11, 0.000, 0.000, 0.280, 48
train,    3786, 13.637157,   89, 0.05,   10, 0.000, 0.000, 0.280, 48
train,    3787, 15.348675,   82, 0.07,    9, 0.000, 0.000, 0.280, 48
train,    3788, 14.542979,   90, 0.04,   10, 0.000, 0.000, 0.280, 48
train,    3789, 13.809885,   84, 0.05,   10, 0.000, 0.000, 0.280, 48
train,    3790, 13.449307,   85, 0.04,   12, 0.000, 0.000, 0.280, 48
train,    3791, 13.603437,   85, 0.02,   11, 0.000, 0.000, 0.280, 48
train,    3792, 14.239296,   87, 0.03,   11, 0.000, 0.000, 0.280, 48
train,    3793, 13.826284,   87, 0.04,   11, 0.000, 0.000, 0.280, 48
train,    3794, 12.890486,   88, 0.05,   11, 0.000, 0.000, 0.280, 48
train,    3795, 13.709533,   88, 0.05,   12, 0.000, 0.000, 0.280, 48
train,    3796, 13.816177,   83, 0.04,   11, 0.000, 0.000, 0.280, 48
train,    3797, 13.924019,   92, 0.04,   11, 0.000, 0.000, 0.280, 48
train,    3798, 13.931044,   89, 0.06,   12, 0.000, 0.000, 0.280, 48
train,    3799, 13.712427,   91, 0.02,   11, 0.000, 0.000, 0.280, 48
train,    3800, 13.836236,   84, 0.04,   12, 0.000, 0.000, 0.280, 48
update,   3800,   38, 3800, 17.483170, 0.000000
val_t, 3800, 3800, 14.441175, 0.0304,  84.9388,   0.0756, 0.9500,  28.6515, progress 0.9586
train,    3801, 14.355645,   91, 0.04,   11, 0.000, 0.000, 0.280, 48
train,    3802, 12.861725,   93, 0.05,   10, 0.000, 0.000, 0.280, 48
train,    3803, 14.834717,   91, 0.04,   12, 0.000, 0.000, 0.280, 48
train,    3804, 13.176920,   90, 0.05,   11, 0.000, 0.000, 0.280, 48
train,    3805, 15.194364,   85, 0.05,   12, 0.000, 0.000, 0.280, 48
train,    3806, 15.255844,   86, 0.05,   10, 0.000, 0.000, 0.280, 48
train,    3807, 14.318838,   85, 0.05,   10, 0.000, 0.000, 0.280, 48
train,    3808, 14.446867,   87, 0.05,   12, 0.000, 0.000, 0.280, 48
train,    3809, 14.310580,   83, 0.05,   11, 0.000, 0.000, 0.280, 48
train,    3810, 13.528657,   88, 0.05,   12, 0.000, 0.000, 0.280, 48
train,    3811, 14.525742,   87, 0.05,   11, 0.000, 0.000, 0.280, 48
train,    3812, 14.872159,   83, 0.05,   10, 0.000, 0.000, 0.280, 48
train,    3813, 14.715078,   89, 0.03,   12, 0.000, 0.000, 0.280, 48
train,    3814, 14.275854,   84, 0.05,   11, 0.000, 0.000, 0.280, 48
train,    3815, 14.713686,   85, 0.04,   10, 0.000, 0.000, 0.280, 48
train,    3816, 15.230529,   90, 0.05,   12, 0.000, 0.000, 0.280, 48
train,    3817, 14.367821,   88, 0.03,   11, 0.000, 0.000, 0.280, 48
train,    3818, 14.208835,   90, 0.04,   10, 0.000, 0.000, 0.280, 48
train,    3819, 14.078598,   86, 0.06,   10, 0.000, 0.000, 0.280, 48
train,    3820, 14.250194,   85, 0.04,   11, 0.000, 0.000, 0.280, 48
train,    3821, 15.009526,   92, 0.03,   12, 0.000, 0.000, 0.280, 48
train,    3822, 16.054695,   87, 0.05,   11, 0.000, 0.000, 0.280, 48
train,    3823, 13.359039,   87, 0.05,   11, 0.000, 0.000, 0.280, 48
train,    3824, 13.193259,   84, 0.05,   11, 0.000, 0.000, 0.280, 48
train,    3825, 14.299319,   90, 0.04,   10, 0.000, 0.000, 0.280, 48
train,    3826, 13.970827,   89, 0.05,   11, 0.000, 0.000, 0.280, 48
train,    3827, 14.124303,   88, 0.02,   10, 0.000, 0.000, 0.280, 48
train,    3828, 14.805051,   89, 0.06,   10, 0.000, 0.000, 0.280, 48
train,    3829, 15.063004,   86, 0.03,   11, 0.000, 0.000, 0.280, 48
train,    3830, 14.611118,   88, 0.04,   11, 0.000, 0.000, 0.280, 48
train,    3831, 14.961501,   88, 0.05,   11, 0.000, 0.000, 0.280, 48
train,    3832, 14.712452,   88, 0.06,    9, 0.000, 0.000, 0.280, 48
train,    3833, 15.032501,   85, 0.05,   12, 0.000, 0.000, 0.280, 48
train,    3834, 14.780582,   91, 0.04,   10, 0.000, 0.000, 0.280, 48
train,    3835, 15.444115,   90, 0.05,   11, 0.000, 0.000, 0.280, 48
train,    3836, 14.703603,   86, 0.05,   10, 0.000, 0.000, 0.280, 48
train,    3837, 15.342976,   83, 0.02,   10, 0.000, 0.000, 0.280, 48
train,    3838, 14.319950,   90, 0.06,   11, 0.000, 0.000, 0.280, 48
train,    3839, 15.106721,   84, 0.04,   12, 0.000, 0.000, 0.280, 48
train,    3840, 14.733044,   85, 0.05,   11, 0.000, 0.000, 0.280, 48
train,    3841, 16.038301,   89, 0.04,   11, 0.000, 0.000, 0.280, 48
train,    3842, 14.827910,   84, 0.05,   10, 0.000, 0.000, 0.280, 48
train,    3843, 14.716355,   85, 0.06,   11, 0.000, 0.000, 0.280, 48
train,    3844, 15.147371,   91, 0.04,   11, 0.000, 0.000, 0.280, 48
train,    3845, 14.646695,   84, 0.05,   11, 0.000, 0.000, 0.280, 48
train,    3846, 14.883382,   83, 0.06,   11, 0.000, 0.000, 0.280, 48
train,    3847, 14.734468,   84, 0.03,   10, 0.000, 0.000, 0.280, 48
train,    3848, 14.389962,   88, 0.05,   10, 0.000, 0.000, 0.280, 48
train,    3849, 13.404691,   87, 0.05,   12, 0.000, 0.000, 0.280, 48
train,    3850, 15.210029,   87, 0.06,   11, 0.000, 0.000, 0.280, 48
train,    3851, 14.947576,   90, 0.05,   10, 0.000, 0.000, 0.280, 48
train,    3852, 14.919852,   89, 0.05,   10, 0.000, 0.000, 0.280, 48
train,    3853, 15.380794,   87, 0.04,   10, 0.000, 0.000, 0.280, 48
train,    3854, 14.510191,   89, 0.06,   11, 0.000, 0.000, 0.280, 48
train,    3855, 14.700104,   88, 0.04,   10, 0.000, 0.000, 0.280, 48
train,    3856, 13.982554,   89, 0.03,   12, 0.000, 0.000, 0.280, 48
train,    3857, 15.771778,   89, 0.06,   11, 0.000, 0.000, 0.280, 48
train,    3858, 13.873135,   93, 0.06,   11, 0.000, 0.000, 0.280, 48
train,    3859, 15.615229,   89, 0.06,   11, 0.000, 0.000, 0.280, 48
train,    3860, 14.597336,   84, 0.03,   10, 0.000, 0.000, 0.280, 48
train,    3861, 13.742284,   89, 0.03,   11, 0.000, 0.000, 0.280, 48
train,    3862, 13.773574,   83, 0.06,   11, 0.000, 0.000, 0.280, 48
train,    3863, 15.760406,   87, 0.05,   11, 0.000, 0.000, 0.280, 48
train,    3864, 15.642842,   85, 0.02,   12, 0.000, 0.000, 0.280, 48
train,    3865, 15.219281,   89, 0.06,   11, 0.000, 0.000, 0.280, 48
train,    3866, 14.725073,   94, 0.04,   11, 0.000, 0.000, 0.280, 48
train,    3867, 15.621530,   90, 0.03,   12, 0.000, 0.000, 0.280, 48
train,    3868, 16.433388,   88, 0.06,   12, 0.000, 0.000, 0.280, 48
train,    3869, 14.238403,   89, 0.05,   11, 0.000, 0.000, 0.280, 48
train,    3870, 15.138239,   87, 0.03,   12, 0.000, 0.000, 0.280, 48
train,    3871, 14.886271,   89, 0.04,   11, 0.000, 0.000, 0.280, 48
train,    3872, 14.801920,   87, 0.05,   12, 0.000, 0.000, 0.280, 48
train,    3873, 14.368790,   89, 0.05,   10, 0.000, 0.000, 0.280, 48
train,    3874, 14.927259,   90, 0.04,   12, 0.000, 0.000, 0.280, 48
train,    3875, 15.147357,   88, 0.04,   11, 0.000, 0.000, 0.280, 48
train,    3876, 15.318654,   91, 0.03,   11, 0.000, 0.000, 0.280, 48
train,    3877, 15.099802,   89, 0.03,   12, 0.000, 0.000, 0.280, 48
train,    3878, 15.275544,   90, 0.06,   12, 0.000, 0.000, 0.280, 48
train,    3879, 15.979032,   86, 0.04,   12, 0.000, 0.000, 0.280, 48
train,    3880, 14.853714,   86, 0.05,   10, 0.000, 0.000, 0.280, 48
train,    3881, 14.496023,   88, 0.04,   11, 0.000, 0.000, 0.280, 48
train,    3882, 14.603076,   91, 0.05,   10, 0.000, 0.000, 0.280, 48
train,    3883, 15.485098,   87, 0.06,   11, 0.000, 0.000, 0.280, 48
train,    3884, 14.975170,   91, 0.07,   11, 0.000, 0.000, 0.280, 48
train,    3885, 15.168805,   88, 0.04,   11, 0.000, 0.000, 0.280, 48
train,    3886, 15.834091,   91, 0.04,   11, 0.000, 0.000, 0.280, 48
train,    3887, 15.732663,   83, 0.04,   11, 0.000, 0.000, 0.280, 48
train,    3888, 15.091311,   89, 0.04,   10, 0.000, 0.000, 0.280, 48
train,    3889, 16.214262,   87, 0.04,   10, 0.000, 0.000, 0.280, 48
train,    3890, 16.826665,   87, 0.05,   11, 0.000, 0.000, 0.280, 48
train,    3891, 15.743196,   91, 0.06,   11, 0.000, 0.000, 0.280, 48
train,    3892, 15.199875,   89, 0.05,   10, 0.000, 0.000, 0.280, 48
train,    3893, 16.075099,   92, 0.05,   12, 0.000, 0.000, 0.280, 48
train,    3894, 15.537033,   86, 0.04,    9, 0.000, 0.000, 0.280, 48
train,    3895, 15.291057,   86, 0.04,   11, 0.000, 0.000, 0.280, 48
train,    3896, 16.054544,   89, 0.06,   10, 0.000, 0.000, 0.280, 48
train,    3897, 14.179250,   90, 0.03,   11, 0.000, 0.000, 0.280, 48
train,    3898, 16.267791,   91, 0.05,   11, 0.000, 0.000, 0.280, 48
train,    3899, 15.263690,   86, 0.04,   11, 0.000, 0.000, 0.280, 48
train,    3900, 16.934016,   89, 0.05,   11, 0.000, 0.000, 0.280, 48
update,   3900,   39, 3900, 16.037905, 0.000000
val_t, 3900, 3900, 16.491306, 0.0468,  87.8695,   0.0871, 0.9610,  28.2475, progress 0.9663
train,    3901, 15.695486,   87, 0.05,   12, 0.000, 0.000, 0.280, 48
train,    3902, 15.222956,   87, 0.04,   11, 0.000, 0.000, 0.280, 48
train,    3903, 15.048593,   85, 0.04,   10, 0.000, 0.000, 0.280, 48
train,    3904, 14.776490,   91, 0.07,   11, 0.000, 0.000, 0.280, 48
train,    3905, 16.386784,   85, 0.04,   12, 0.000, 0.000, 0.280, 48
train,    3906, 16.669174,   89, 0.03,   10, 0.000, 0.000, 0.280, 48
train,    3907, 16.830011,   91, 0.04,   11, 0.000, 0.000, 0.280, 48
train,    3908, 15.896437,   91, 0.05,   11, 0.000, 0.000, 0.280, 48
train,    3909, 16.197568,   93, 0.03,   12, 0.000, 0.000, 0.280, 48
train,    3910, 15.521585,   92, 0.01,   11, 0.000, 0.000, 0.280, 48
train,    3911, 16.264345,   90, 0.03,   11, 0.000, 0.000, 0.280, 48
train,    3912, 15.986955,   86, 0.03,   12, 0.000, 0.000, 0.280, 48
train,    3913, 16.477638,   90, 0.04,   10, 0.000, 0.000, 0.280, 48
train,    3914, 16.292854,   88, 0.04,   10, 0.000, 0.000, 0.280, 48
train,    3915, 15.339965,   90, 0.04,    9, 0.000, 0.000, 0.280, 48
train,    3916, 15.823950,   90, 0.06,   11, 0.000, 0.000, 0.280, 48
train,    3917, 16.507895,   85, 0.04,   10, 0.000, 0.000, 0.280, 48
train,    3918, 15.336887,   90, 0.02,   11, 0.000, 0.000, 0.280, 48
train,    3919, 16.335415,   86, 0.06,   11, 0.000, 0.000, 0.280, 48
train,    3920, 15.276085,   90, 0.05,   12, 0.000, 0.000, 0.280, 48
train,    3921, 16.747661,   88, 0.05,   12, 0.000, 0.000, 0.280, 48
train,    3922, 15.432552,   84, 0.04,   11, 0.000, 0.000, 0.280, 48
train,    3923, 16.043650,   87, 0.04,   11, 0.000, 0.000, 0.280, 48
train,    3924, 16.049096,   88, 0.04,   11, 0.000, 0.000, 0.280, 48
train,    3925, 15.949699,   87, 0.06,   11, 0.000, 0.000, 0.280, 48
train,    3926, 16.206597,   86, 0.05,   10, 0.000, 0.000, 0.280, 48
train,    3927, 15.986135,   92, 0.03,   11, 0.000, 0.000, 0.280, 48
train,    3928, 17.209418,   87, 0.03,   11, 0.000, 0.000, 0.280, 48
train,    3929, 15.672456,   89, 0.05,   11, 0.000, 0.000, 0.280, 48
train,    3930, 16.601063,   90, 0.06,   11, 0.000, 0.000, 0.280, 48
train,    3931, 16.787917,   87, 0.05,   12, 0.000, 0.000, 0.280, 48
train,    3932, 15.981086,   90, 0.04,   12, 0.000, 0.000, 0.280, 48
train,    3933, 15.187906,   85, 0.04,   11, 0.000, 0.000, 0.280, 48
train,    3934, 15.578063,   91, 0.02,   12, 0.000, 0.000, 0.280, 48
train,    3935, 15.953694,   86, 0.04,   11, 0.000, 0.000, 0.280, 48
train,    3936, 17.732572,   88, 0.04,   11, 0.000, 0.000, 0.280, 48
train,    3937, 16.665953,   87, 0.04,   10, 0.000, 0.000, 0.280, 48
train,    3938, 16.755268,   90, 0.04,   10, 0.000, 0.000, 0.280, 48
train,    3939, 17.789705,   88, 0.06,   11, 0.000, 0.000, 0.280, 48
train,    3940, 17.364209,   90, 0.03,   12, 0.000, 0.000, 0.280, 48
train,    3941, 15.787279,   86, 0.04,   11, 0.000, 0.000, 0.280, 48
train,    3942, 15.824311,   85, 0.05,   11, 0.000, 0.000, 0.280, 48
train,    3943, 15.699123,   86, 0.04,   12, 0.000, 0.000, 0.280, 48
train,    3944, 16.100518,   95, 0.04,   11, 0.000, 0.000, 0.280, 48
train,    3945, 16.861498,   92, 0.05,   12, 0.000, 0.000, 0.280, 48
train,    3946, 17.330174,   86, 0.03,   10, 0.000, 0.000, 0.280, 48
train,    3947, 16.398219,   88, 0.03,   11, 0.000, 0.000, 0.280, 48
train,    3948, 16.470937,   85, 0.03,   12, 0.000, 0.000, 0.280, 48
train,    3949, 16.499328,   84, 0.04,   12, 0.000, 0.000, 0.280, 48
train,    3950, 16.570712,   88, 0.04,   10, 0.000, 0.000, 0.280, 48
train,    3951, 16.316096,   90, 0.05,   11, 0.000, 0.000, 0.280, 48
train,    3952, 17.041883,   90, 0.05,   12, 0.000, 0.000, 0.280, 48
train,    3953, 15.600061,   84, 0.04,   11, 0.000, 0.000, 0.280, 48
train,    3954, 16.785870,   91, 0.04,   11, 0.000, 0.000, 0.280, 48
train,    3955, 16.314380,   91, 0.05,   10, 0.000, 0.000, 0.280, 48
train,    3956, 17.134254,   85, 0.05,   11, 0.000, 0.000, 0.280, 48
train,    3957, 15.941903,   91, 0.05,   13, 0.000, 0.000, 0.280, 48
train,    3958, 17.220430,   91, 0.04,   12, 0.000, 0.000, 0.280, 48
train,    3959, 17.391982,   92, 0.04,   11, 0.000, 0.000, 0.280, 48
train,    3960, 17.417585,   89, 0.04,   11, 0.000, 0.000, 0.280, 48
train,    3961, 17.223646,   87, 0.06,   10, 0.000, 0.000, 0.280, 48
train,    3962, 16.442312,   86, 0.05,   12, 0.000, 0.000, 0.280, 48
train,    3963, 17.407978,   86, 0.03,   11, 0.000, 0.000, 0.280, 48
train,    3964, 16.793485,   91, 0.05,   12, 0.000, 0.000, 0.280, 48
train,    3965, 16.287970,   92, 0.06,   10, 0.000, 0.000, 0.280, 48
train,    3966, 18.396038,   90, 0.04,   11, 0.000, 0.000, 0.280, 48
train,    3967, 17.007662,   90, 0.05,   11, 0.000, 0.000, 0.280, 48
train,    3968, 17.109158,   87, 0.04,   10, 0.000, 0.000, 0.280, 48
train,    3969, 16.989555,   91, 0.05,   13, 0.000, 0.000, 0.280, 48
train,    3970, 16.957459,   91, 0.04,   11, 0.000, 0.000, 0.280, 48
train,    3971, 17.112010,   88, 0.04,   11, 0.000, 0.000, 0.280, 48
train,    3972, 17.401745,   89, 0.04,   11, 0.000, 0.000, 0.280, 48
train,    3973, 16.570315,   87, 0.06,   11, 0.000, 0.000, 0.280, 48
train,    3974, 16.302309,   87, 0.06,   11, 0.000, 0.000, 0.280, 48
train,    3975, 17.015095,   94, 0.05,   10, 0.000, 0.000, 0.280, 48
train,    3976, 18.048549,   84, 0.06,   10, 0.000, 0.000, 0.280, 48
train,    3977, 17.588393,   88, 0.05,   11, 0.000, 0.000, 0.280, 48
train,    3978, 17.135649,   90, 0.04,   10, 0.000, 0.000, 0.280, 48
train,    3979, 17.890534,   92, 0.04,   12, 0.000, 0.000, 0.280, 48
train,    3980, 17.096407,   85, 0.06,   11, 0.000, 0.000, 0.280, 48
train,    3981, 16.997295,   91, 0.04,   11, 0.000, 0.000, 0.280, 48
train,    3982, 17.092959,   91, 0.05,   11, 0.000, 0.000, 0.280, 48
train,    3983, 17.000848,   87, 0.04,   11, 0.000, 0.000, 0.280, 48
train,    3984, 16.498304,   88, 0.05,   12, 0.000, 0.000, 0.280, 48
train,    3985, 17.956721,   86, 0.05,   12, 0.000, 0.000, 0.280, 48
train,    3986, 16.326741,   89, 0.04,   10, 0.000, 0.000, 0.280, 48
train,    3987, 16.553044,   94, 0.06,   11, 0.000, 0.000, 0.280, 48
train,    3988, 16.587296,   87, 0.06,   11, 0.000, 0.000, 0.280, 48
train,    3989, 18.047159,   86, 0.05,   10, 0.000, 0.000, 0.280, 48
train,    3990, 17.349054,   90, 0.05,   13, 0.000, 0.000, 0.280, 48
train,    3991, 17.319880,   86, 0.04,   11, 0.000, 0.000, 0.280, 48
train,    3992, 16.806293,   84, 0.03,   12, 0.000, 0.000, 0.280, 48
train,    3993, 16.383753,   90, 0.06,   11, 0.000, 0.000, 0.280, 48
train,    3994, 16.665704,   85, 0.05,   11, 0.000, 0.000, 0.280, 48
train,    3995, 16.218295,   93, 0.05,   11, 0.000, 0.000, 0.280, 48
train,    3996, 16.775062,   87, 0.03,   11, 0.000, 0.000, 0.280, 48
train,    3997, 17.137021,   90, 0.05,   13, 0.000, 0.000, 0.280, 48
train,    3998, 17.126482,   88, 0.02,   10, 0.000, 0.000, 0.280, 48
train,    3999, 17.180993,   84, 0.06,   11, 0.000, 0.000, 0.280, 48
train,    4000, 16.861835,   88, 0.05,   10, 0.000, 0.000, 0.280, 48
update,   4000,   40, 4000, 15.384432, 0.000000
val_t, 4000, 4000, 17.780564, 0.0377,  87.4060,   0.0859, 0.9552,  28.2528, progress 0.9615
train,    4001, 16.749347,   88, 0.03,   12, 0.000, 0.000, 0.280, 48
train,    4002, 16.822862,   91, 0.02,   11, 0.000, 0.000, 0.280, 48
train,    4003, 16.799866,   82, 0.03,   12, 0.000, 0.000, 0.280, 48
train,    4004, 17.230379,   90, 0.03,   10, 0.000, 0.000, 0.280, 48
train,    4005, 16.437923,   87, 0.04,   11, 0.000, 0.000, 0.280, 48
train,    4006, 16.897477,   92, 0.05,   12, 0.000, 0.000, 0.280, 48
train,    4007, 16.990291,   91, 0.05,   11, 0.000, 0.000, 0.280, 48
train,    4008, 17.049318,   87, 0.03,   10, 0.000, 0.000, 0.280, 48
train,    4009, 17.037007,   87, 0.05,   11, 0.000, 0.000, 0.280, 48
train,    4010, 17.500153,   92, 0.02,   12, 0.000, 0.000, 0.280, 48
train,    4011, 17.826043,   90, 0.04,   10, 0.000, 0.000, 0.280, 48
train,    4012, 17.229934,   88, 0.06,   11, 0.000, 0.000, 0.280, 48
train,    4013, 17.109513,   87, 0.05,   11, 0.000, 0.000, 0.280, 48
train,    4014, 16.744895,   92, 0.04,   11, 0.000, 0.000, 0.280, 48
train,    4015, 17.697752,   85, 0.04,   10, 0.000, 0.000, 0.280, 48
train,    4016, 17.630150,   93, 0.06,   10, 0.000, 0.000, 0.280, 48
train,    4017, 17.492463,   92, 0.04,   11, 0.000, 0.000, 0.280, 48
train,    4018, 16.951418,   88, 0.06,   10, 0.000, 0.000, 0.280, 48
train,    4019, 17.511778,   92, 0.05,    9, 0.000, 0.000, 0.280, 48
train,    4020, 17.181516,   84, 0.03,   12, 0.000, 0.000, 0.280, 48
train,    4021, 16.922740,   89, 0.04,   13, 0.000, 0.000, 0.280, 48
train,    4022, 16.217889,   88, 0.04,   11, 0.000, 0.000, 0.280, 48
train,    4023, 17.470384,   91, 0.04,   10, 0.000, 0.000, 0.280, 48
train,    4024, 18.169879,   90, 0.04,   11, 0.000, 0.000, 0.280, 48
train,    4025, 18.024466,   94, 0.05,   12, 0.000, 0.000, 0.280, 48
train,    4026, 18.286458,   87, 0.06,   12, 0.000, 0.000, 0.280, 48
train,    4027, 16.691977,   91, 0.05,   10, 0.000, 0.000, 0.280, 48
train,    4028, 17.954510,   85, 0.04,   11, 0.000, 0.000, 0.280, 48
train,    4029, 18.014498,   93, 0.07,   11, 0.000, 0.000, 0.280, 48
train,    4030, 17.061534,   86, 0.05,   10, 0.000, 0.000, 0.280, 48
train,    4031, 17.811143,   88, 0.05,   10, 0.000, 0.000, 0.280, 48
train,    4032, 17.916201,   89, 0.04,   11, 0.000, 0.000, 0.280, 48
train,    4033, 17.984547,   91, 0.05,   11, 0.000, 0.000, 0.280, 48
train,    4034, 17.656628,   89, 0.04,   12, 0.000, 0.000, 0.280, 48
train,    4035, 17.443869,   85, 0.04,   11, 0.000, 0.000, 0.280, 48
train,    4036, 17.682094,   88, 0.05,   11, 0.000, 0.000, 0.280, 48
train,    4037, 16.337446,   88, 0.04,   11, 0.000, 0.000, 0.280, 48
train,    4038, 16.860649,   88, 0.06,   11, 0.000, 0.000, 0.280, 48
train,    4039, 17.339907,   91, 0.04,   11, 0.000, 0.000, 0.280, 48
train,    4040, 17.022023,   90, 0.05,   12, 0.000, 0.000, 0.280, 48
train,    4041, 17.700307,   91, 0.05,   11, 0.000, 0.000, 0.280, 48
train,    4042, 16.701282,   84, 0.04,   12, 0.000, 0.000, 0.280, 48
train,    4043, 17.220886,   85, 0.03,   12, 0.000, 0.000, 0.280, 48
train,    4044, 16.706766,   88, 0.04,   11, 0.000, 0.000, 0.280, 48
train,    4045, 17.774473,   90, 0.05,   12, 0.000, 0.000, 0.280, 48
train,    4046, 17.375057,   91, 0.05,   11, 0.000, 0.000, 0.280, 48
train,    4047, 18.454893,   91, 0.06,   10, 0.000, 0.000, 0.280, 48
train,    4048, 17.597240,   88, 0.05,   11, 0.000, 0.000, 0.280, 48
train,    4049, 16.785565,   88, 0.05,   11, 0.000, 0.000, 0.280, 48
train,    4050, 15.887956,   91, 0.03,   11, 0.000, 0.000, 0.280, 48
train,    4051, 17.537533,   92, 0.04,   11, 0.000, 0.000, 0.280, 48
train,    4052, 16.493144,   87, 0.05,   11, 0.000, 0.000, 0.280, 48
train,    4053, 17.037891,   86, 0.05,   12, 0.000, 0.000, 0.280, 48
train,    4054, 16.705984,   87, 0.04,   11, 0.000, 0.000, 0.280, 48
train,    4055, 18.395204,   89, 0.05,   11, 0.000, 0.000, 0.280, 48
train,    4056, 16.999408,   86, 0.04,   11, 0.000, 0.000, 0.280, 48
train,    4057, 17.167497,   91, 0.05,   10, 0.000, 0.000, 0.280, 48
train,    4058, 17.147051,   88, 0.06,   10, 0.000, 0.000, 0.280, 48
train,    4059, 16.592300,   85, 0.06,   11, 0.000, 0.000, 0.280, 48
train,    4060, 16.133293,   89, 0.02,    9, 0.000, 0.000, 0.280, 48
train,    4061, 16.959917,   89, 0.05,   12, 0.000, 0.000, 0.280, 48
train,    4062, 17.059715,   87, 0.06,   11, 0.000, 0.000, 0.280, 48
train,    4063, 17.485784,   86, 0.04,   11, 0.000, 0.000, 0.280, 48
train,    4064, 17.201798,   85, 0.04,   12, 0.000, 0.000, 0.280, 48
train,    4065, 17.127272,   89, 0.05,   11, 0.000, 0.000, 0.280, 48
train,    4066, 16.942557,   91, 0.05,   11, 0.000, 0.000, 0.280, 48
train,    4067, 17.394798,   90, 0.05,   12, 0.000, 0.000, 0.280, 48
train,    4068, 16.031307,   85, 0.04,   10, 0.000, 0.000, 0.280, 48
train,    4069, 17.467808,   86, 0.05,   11, 0.000, 0.000, 0.280, 48
train,    4070, 17.546266,   85, 0.03,   11, 0.000, 0.000, 0.280, 48
train,    4071, 16.532219,   89, 0.03,   13, 0.000, 0.000, 0.280, 48
train,    4072, 16.915442,   84, 0.04,   10, 0.000, 0.000, 0.280, 48
train,    4073, 17.000255,   92, 0.03,   11, 0.000, 0.000, 0.280, 48
train,    4074, 17.536324,   89, 0.03,   11, 0.000, 0.000, 0.280, 48
train,    4075, 16.723243,   90, 0.05,   10, 0.000, 0.000, 0.280, 48
train,    4076, 17.515494,   85, 0.06,   10, 0.000, 0.000, 0.280, 48
train,    4077, 17.087388,   88, 0.05,   12, 0.000, 0.000, 0.280, 48
train,    4078, 17.289310,   83, 0.05,   12, 0.000, 0.000, 0.280, 48
train,    4079, 16.608664,   90, 0.05,   10, 0.000, 0.000, 0.280, 48
train,    4080, 17.799625,   86, 0.06,   13, 0.000, 0.000, 0.280, 48
train,    4081, 16.582705,   84, 0.03,   12, 0.000, 0.000, 0.280, 48
train,    4082, 17.018275,   92, 0.05,   12, 0.000, 0.000, 0.280, 48
train,    4083, 17.745153,   90, 0.05,   10, 0.000, 0.000, 0.280, 48
train,    4084, 16.212180,   86, 0.02,   10, 0.000, 0.000, 0.280, 48
train,    4085, 16.795249,   81, 0.04,   11, 0.000, 0.000, 0.280, 48
train,    4086, 16.490267,   89, 0.05,   11, 0.000, 0.000, 0.280, 48
train,    4087, 16.268218,   88, 0.04,   10, 0.000, 0.000, 0.280, 48
train,    4088, 17.627120,   92, 0.05,   11, 0.000, 0.000, 0.280, 48
train,    4089, 16.535549,   89, 0.04,   12, 0.000, 0.000, 0.280, 48
train,    4090, 17.823904,   87, 0.06,   12, 0.000, 0.000, 0.280, 48
train,    4091, 17.165498,   89, 0.05,   11, 0.000, 0.000, 0.280, 48
train,    4092, 18.353509,   90, 0.03,   11, 0.000, 0.000, 0.280, 48
train,    4093, 17.166010,   88, 0.05,   11, 0.000, 0.000, 0.280, 48
train,    4094, 16.811641,   93, 0.04,   11, 0.000, 0.000, 0.280, 48
train,    4095, 16.257312,   91, 0.03,   11, 0.000, 0.000, 0.280, 48
train,    4096, 17.516198,   88, 0.04,   10, 0.000, 0.000, 0.280, 48
train,    4097, 16.876645,   91, 0.04,   11, 0.000, 0.000, 0.280, 48
train,    4098, 16.737395,   89, 0.06,   11, 0.000, 0.000, 0.280, 48
train,    4099, 15.880378,   87, 0.05,   10, 0.000, 0.000, 0.280, 48
train,    4100, 16.846016,   92, 0.04,   11, 0.000, 0.000, 0.280, 48
update,   4100,   41, 4100, 15.970558, 0.000000
val_t, 4100, 4100, 19.130546, 0.0395,  88.8321,   0.0923, 0.9660,  28.6128, progress 0.9455
train,    4101, 16.781293,   85, 0.03,   12, 0.000, 0.000, 0.280, 48
train,    4102, 16.997497,   90, 0.05,   12, 0.000, 0.000, 0.280, 48
train,    4103, 17.054807,   94, 0.05,   10, 0.000, 0.000, 0.280, 48
train,    4104, 17.137754,   88, 0.06,   10, 0.000, 0.000, 0.280, 48
train,    4105, 16.582000,   90, 0.04,   10, 0.000, 0.000, 0.280, 48
train,    4106, 15.291160,   93, 0.03,   11, 0.000, 0.000, 0.280, 48
train,    4107, 17.631874,   91, 0.03,   10, 0.000, 0.000, 0.280, 48
train,    4108, 16.845975,   90, 0.04,   12, 0.000, 0.000, 0.280, 48
train,    4109, 16.868905,   90, 0.03,   11, 0.000, 0.000, 0.280, 48
train,    4110, 17.201566,   86, 0.06,   10, 0.000, 0.000, 0.280, 48
train,    4111, 16.948536,   88, 0.03,   10, 0.000, 0.000, 0.280, 48
train,    4112, 16.402253,   91, 0.05,   11, 0.000, 0.000, 0.280, 48
train,    4113, 15.999334,   93, 0.03,   12, 0.000, 0.000, 0.280, 48
train,    4114, 17.176839,   88, 0.02,   12, 0.000, 0.000, 0.280, 48
train,    4115, 15.976326,   93, 0.03,   11, 0.000, 0.000, 0.280, 48
train,    4116, 15.974831,   86, 0.05,   11, 0.000, 0.000, 0.280, 48
train,    4117, 17.301588,   87, 0.05,   12, 0.000, 0.000, 0.280, 48
train,    4118, 15.639877,   88, 0.04,   11, 0.000, 0.000, 0.280, 48
train,    4119, 17.076694,   89, 0.04,   12, 0.000, 0.000, 0.280, 48
train,    4120, 16.485627,   87, 0.03,   12, 0.000, 0.000, 0.280, 48
train,    4121, 17.583986,   84, 0.07,   10, 0.000, 0.000, 0.280, 48
train,    4122, 17.120524,   87, 0.04,   11, 0.000, 0.000, 0.280, 48
train,    4123, 15.985171,   89, 0.04,   11, 0.000, 0.000, 0.280, 48
train,    4124, 16.977709,   86, 0.03,   10, 0.000, 0.000, 0.280, 48
train,    4125, 16.246991,   88, 0.03,   10, 0.000, 0.000, 0.280, 48
train,    4126, 16.584808,   90, 0.04,   11, 0.000, 0.000, 0.280, 48
train,    4127, 17.141312,   91, 0.06,   11, 0.000, 0.000, 0.280, 48
train,    4128, 17.347520,   88, 0.05,   10, 0.000, 0.000, 0.280, 48
train,    4129, 16.874069,   92, 0.03,   12, 0.000, 0.000, 0.280, 48
train,    4130, 16.581264,   90, 0.04,   11, 0.000, 0.000, 0.280, 48
train,    4131, 16.051478,   85, 0.05,   11, 0.000, 0.000, 0.280, 48
train,    4132, 16.065950,   86, 0.05,   10, 0.000, 0.000, 0.280, 48
train,    4133, 16.862843,   90, 0.04,   11, 0.000, 0.000, 0.280, 48
train,    4134, 16.528343,   88, 0.04,   12, 0.000, 0.000, 0.280, 48
train,    4135, 16.443926,   91, 0.04,   13, 0.000, 0.000, 0.280, 48
train,    4136, 16.102950,   88, 0.03,   11, 0.000, 0.000, 0.280, 48
train,    4137, 16.881449,   92, 0.05,   11, 0.000, 0.000, 0.280, 48
train,    4138, 14.768946,   85, 0.04,   11, 0.000, 0.000, 0.280, 48
train,    4139, 15.986780,   92, 0.05,   13, 0.000, 0.000, 0.280, 48
train,    4140, 16.295020,   94, 0.01,   12, 0.000, 0.000, 0.280, 48
train,    4141, 15.501604,   89, 0.03,   11, 0.000, 0.000, 0.280, 48
train,    4142, 16.665939,   90, 0.04,   11, 0.000, 0.000, 0.280, 48
train,    4143, 16.705430,   88, 0.05,   13, 0.000, 0.000, 0.280, 48
train,    4144, 15.670494,   85, 0.04,   10, 0.000, 0.000, 0.280, 48
train,    4145, 16.015998,   89, 0.06,   11, 0.000, 0.000, 0.280, 48
train,    4146, 15.526331,   90, 0.05,    9, 0.000, 0.000, 0.280, 48
train,    4147, 15.575040,   89, 0.02,   11, 0.000, 0.000, 0.280, 48
train,    4148, 16.858016,   90, 0.02,   12, 0.000, 0.000, 0.280, 48
train,    4149, 17.274766,   90, 0.05,   13, 0.000, 0.000, 0.280, 48
train,    4150, 15.597338,   92, 0.04,   11, 0.000, 0.000, 0.280, 48
train,    4151, 16.126955,   93, 0.03,   12, 0.000, 0.000, 0.280, 48
train,    4152, 15.309203,   90, 0.01,   11, 0.000, 0.000, 0.280, 48
train,    4153, 16.811738,   94, 0.04,   12, 0.000, 0.000, 0.280, 48
train,    4154, 16.969177,   85, 0.04,   10, 0.000, 0.000, 0.280, 48
train,    4155, 15.650441,   88, 0.05,   10, 0.000, 0.000, 0.280, 48
train,    4156, 15.716567,   88, 0.04,   11, 0.000, 0.000, 0.280, 48
train,    4157, 15.528334,   89, 0.03,   11, 0.000, 0.000, 0.280, 48
train,    4158, 16.324759,   86, 0.04,   13, 0.000, 0.000, 0.280, 48
train,    4159, 17.346465,   91, 0.04,   11, 0.000, 0.000, 0.280, 48
train,    4160, 16.195328,   91, 0.03,   10, 0.000, 0.000, 0.280, 48
train,    4161, 15.426581,   91, 0.04,   12, 0.000, 0.000, 0.280, 48
train,    4162, 16.421987,   92, 0.06,   10, 0.000, 0.000, 0.280, 48
train,    4163, 16.653199,   92, 0.04,   11, 0.000, 0.000, 0.280, 48
train,    4164, 16.670028,   86, 0.04,   11, 0.000, 0.000, 0.280, 48
train,    4165, 16.041942,   90, 0.03,   11, 0.000, 0.000, 0.280, 48
train,    4166, 15.359545,   89, 0.02,   12, 0.000, 0.000, 0.280, 48
train,    4167, 15.072853,   92, 0.03,   11, 0.000, 0.000, 0.280, 48
train,    4168, 16.293953,   88, 0.04,   11, 0.000, 0.000, 0.280, 48
train,    4169, 15.556335,   90, 0.04,   11, 0.000, 0.000, 0.280, 48
train,    4170, 16.640825,   87, 0.05,   12, 0.000, 0.000, 0.280, 48
train,    4171, 15.679114,   88, 0.04,   12, 0.000, 0.000, 0.280, 48
train,    4172, 16.420377,   85, 0.04,   12, 0.000, 0.000, 0.280, 48
train,    4173, 15.789735,   88, 0.03,   11, 0.000, 0.000, 0.280, 48
train,    4174, 16.192092,   86, 0.01,   11, 0.000, 0.000, 0.280, 48
train,    4175, 15.711988,   92, 0.03,   12, 0.000, 0.000, 0.280, 48
train,    4176, 15.896802,   90, 0.06,   11, 0.000, 0.000, 0.280, 48
train,    4177, 14.947672,   90, 0.04,   12, 0.000, 0.000, 0.280, 48
train,    4178, 15.620205,   90, 0.02,   12, 0.000, 0.000, 0.280, 48
train,    4179, 15.465381,   87, 0.04,   13, 0.000, 0.000, 0.280, 48
train,    4180, 15.607564,   88, 0.04,   11, 0.000, 0.000, 0.280, 48
train,    4181, 15.230615,   93, 0.04,   11, 0.000, 0.000, 0.280, 48
train,    4182, 15.086017,   88, 0.04,   12, 0.000, 0.000, 0.280, 48
train,    4183, 13.939339,   90, 0.05,   11, 0.000, 0.000, 0.280, 48
train,    4184, 16.745137,   92, 0.03,   11, 0.000, 0.000, 0.280, 48
train,    4185, 14.878441,   86, 0.05,   11, 0.000, 0.000, 0.280, 48
train,    4186, 15.841311,   91, 0.04,   12, 0.000, 0.000, 0.280, 48
train,    4187, 15.473636,   85, 0.02,   11, 0.000, 0.000, 0.280, 48
train,    4188, 15.941318,   85, 0.04,   11, 0.000, 0.000, 0.280, 48
train,    4189, 14.825941,   89, 0.06,   11, 0.000, 0.000, 0.280, 48
train,    4190, 15.486782,   87, 0.02,   12, 0.000, 0.000, 0.280, 48
train,    4191, 15.481017,   88, 0.06,   11, 0.000, 0.000, 0.280, 48
train,    4192, 15.182556,   91, 0.03,   12, 0.000, 0.000, 0.280, 48
train,    4193, 15.759460,   84, 0.04,   11, 0.000, 0.000, 0.280, 48
train,    4194, 15.464984,   93, 0.05,   11, 0.000, 0.000, 0.280, 48
train,    4195, 14.639394,   93, 0.06,   10, 0.000, 0.000, 0.280, 48
train,    4196, 15.985061,   92, 0.02,   12, 0.000, 0.000, 0.280, 48
train,    4197, 15.882215,   90, 0.03,   10, 0.000, 0.000, 0.280, 48
train,    4198, 15.574637,   92, 0.02,   12, 0.000, 0.000, 0.280, 48
train,    4199, 14.982851,   91, 0.05,   10, 0.000, 0.000, 0.280, 48
train,    4200, 15.837568,   92, 0.03,   11, 0.000, 0.000, 0.280, 48
update,   4200,   42, 4200, 17.461673, 0.000000
val_t, 4200, 4200, 17.983172, 0.0398,  92.1126,   0.0657, 0.9519,  28.6876, progress 0.9674
train,    4201, 15.834031,   88, 0.05,   10, 0.000, 0.000, 0.280, 48
train,    4202, 15.404125,   93, 0.05,   11, 0.000, 0.000, 0.280, 48
train,    4203, 15.495290,   88, 0.05,   13, 0.000, 0.000, 0.280, 48
train,    4204, 15.304986,   91, 0.04,   11, 0.000, 0.000, 0.280, 48
train,    4205, 15.535132,   91, 0.04,   10, 0.000, 0.000, 0.280, 48
train,    4206, 16.084943,   85, 0.04,   12, 0.000, 0.000, 0.280, 48
train,    4207, 15.177061,   92, 0.05,   11, 0.000, 0.000, 0.280, 48
train,    4208, 15.450988,   91, 0.03,   11, 0.000, 0.000, 0.280, 48
train,    4209, 14.906297,   87, 0.05,   11, 0.000, 0.000, 0.280, 48
train,    4210, 15.515581,   87, 0.03,   11, 0.000, 0.000, 0.280, 48
train,    4211, 16.329062,   93, 0.03,   11, 0.000, 0.000, 0.280, 48
train,    4212, 15.290563,   94, 0.04,   10, 0.000, 0.000, 0.280, 48
train,    4213, 15.927480,   85, 0.04,   12, 0.000, 0.000, 0.280, 48
train,    4214, 15.208349,   92, 0.04,   12, 0.000, 0.000, 0.280, 48
train,    4215, 15.595737,   88, 0.03,   10, 0.000, 0.000, 0.280, 48
train,    4216, 15.226706,   91, 0.02,   12, 0.000, 0.000, 0.280, 48
train,    4217, 15.929451,   93, 0.05,   11, 0.000, 0.000, 0.280, 48
train,    4218, 15.313861,   86, 0.04,   11, 0.000, 0.000, 0.280, 48
train,    4219, 15.143965,   90, 0.04,   12, 0.000, 0.000, 0.280, 48
train,    4220, 15.636684,   89, 0.06,   12, 0.000, 0.000, 0.280, 48
train,    4221, 15.355889,   92, 0.04,   10, 0.000, 0.000, 0.280, 48
train,    4222, 15.457906,   93, 0.04,   12, 0.000, 0.000, 0.280, 48
train,    4223, 14.751213,   87, 0.03,   12, 0.000, 0.000, 0.280, 48
train,    4224, 16.228777,   85, 0.06,   12, 0.000, 0.000, 0.280, 48
train,    4225, 15.339778,   90, 0.05,   11, 0.000, 0.000, 0.280, 48
train,    4226, 16.009319,   90, 0.02,   11, 0.000, 0.000, 0.280, 48
train,    4227, 16.116444,   91, 0.05,   11, 0.000, 0.000, 0.280, 48
train,    4228, 14.562465,   88, 0.03,   12, 0.000, 0.000, 0.280, 48
train,    4229, 15.968600,   88, 0.04,   12, 0.000, 0.000, 0.280, 48
train,    4230, 15.814942,   90, 0.04,   11, 0.000, 0.000, 0.280, 48
train,    4231, 15.385442,   86, 0.04,   10, 0.000, 0.000, 0.280, 48
train,    4232, 15.180141,   92, 0.03,   11, 0.000, 0.000, 0.280, 48
train,    4233, 14.856635,   89, 0.03,   11, 0.000, 0.000, 0.280, 48
train,    4234, 14.491739,   92, 0.06,   11, 0.000, 0.000, 0.280, 48
train,    4235, 14.832490,   88, 0.05,   12, 0.000, 0.000, 0.280, 48
train,    4236, 16.284414,   90, 0.05,   11, 0.000, 0.000, 0.280, 48
train,    4237, 14.971583,   86, 0.04,   12, 0.000, 0.000, 0.280, 48
train,    4238, 14.252178,   91, 0.04,   11, 0.000, 0.000, 0.280, 48
train,    4239, 14.677821,   96, 0.03,   12, 0.000, 0.000, 0.280, 48
train,    4240, 14.841066,   89, 0.03,   10, 0.000, 0.000, 0.280, 48
train,    4241, 15.270641,   89, 0.05,   12, 0.000, 0.000, 0.280, 48
train,    4242, 14.165109,   86, 0.04,   11, 0.000, 0.000, 0.280, 48
train,    4243, 15.595169,   91, 0.03,   12, 0.000, 0.000, 0.280, 48
train,    4244, 15.927976,   90, 0.04,   12, 0.000, 0.000, 0.280, 48
train,    4245, 15.172551,   89, 0.03,   11, 0.000, 0.000, 0.280, 48
train,    4246, 14.935003,   88, 0.01,   10, 0.000, 0.000, 0.280, 48
train,    4247, 14.911012,   91, 0.05,   10, 0.000, 0.000, 0.280, 48
train,    4248, 14.815065,   84, 0.03,   12, 0.000, 0.000, 0.280, 48
train,    4249, 14.978583,   89, 0.06,   11, 0.000, 0.000, 0.280, 48
train,    4250, 15.462820,   89, 0.03,   10, 0.000, 0.000, 0.280, 48
train,    4251, 15.617277,   88, 0.04,   12, 0.000, 0.000, 0.280, 48
train,    4252, 16.096740,   84, 0.06,   11, 0.000, 0.000, 0.280, 48
train,    4253, 15.851222,   90, 0.03,   11, 0.000, 0.000, 0.280, 48
train,    4254, 15.323654,   90, 0.04,   11, 0.000, 0.000, 0.280, 48
train,    4255, 15.191250,   84, 0.03,   10, 0.000, 0.000, 0.280, 48
train,    4256, 15.635286,   90, 0.04,   12, 0.000, 0.000, 0.280, 48
train,    4257, 16.269332,   92, 0.03,   12, 0.000, 0.000, 0.280, 48
train,    4258, 14.636016,   89, 0.04,   11, 0.000, 0.000, 0.280, 48
train,    4259, 15.502599,   93, 0.04,   11, 0.000, 0.000, 0.280, 48
train,    4260, 15.955678,   90, 0.03,   12, 0.000, 0.000, 0.280, 48
train,    4261, 14.334977,   93, 0.03,   11, 0.000, 0.000, 0.280, 48
train,    4262, 13.953773,   89, 0.04,   11, 0.000, 0.000, 0.280, 48
train,    4263, 15.358992,   85, 0.04,   11, 0.000, 0.000, 0.280, 48
train,    4264, 14.901467,   90, 0.03,   12, 0.000, 0.000, 0.280, 48
train,    4265, 15.208711,   88, 0.06,   12, 0.000, 0.000, 0.280, 48
train,    4266, 16.021761,   91, 0.03,   11, 0.000, 0.000, 0.280, 48
train,    4267, 15.315142,   92, 0.05,   10, 0.000, 0.000, 0.280, 48
train,    4268, 14.799971,   87, 0.03,   10, 0.000, 0.000, 0.280, 48
train,    4269, 15.119776,   91, 0.05,   11, 0.000, 0.000, 0.280, 48
train,    4270, 15.055200,   87, 0.05,   12, 0.000, 0.000, 0.280, 48
train,    4271, 15.226893,   84, 0.04,   11, 0.000, 0.000, 0.280, 48
train,    4272, 14.500468,   88, 0.02,   10, 0.000, 0.000, 0.280, 48
train,    4273, 14.929078,   92, 0.03,   12, 0.000, 0.000, 0.280, 48
train,    4274, 14.835406,   90, 0.05,   12, 0.000, 0.000, 0.280, 48
train,    4275, 14.273322,   88, 0.05,   12, 0.000, 0.000, 0.280, 48
train,    4276, 14.770781,   89, 0.03,   12, 0.000, 0.000, 0.280, 48
train,    4277, 14.482329,   92, 0.02,   11, 0.000, 0.000, 0.280, 48
train,    4278, 15.336614,   87, 0.04,   11, 0.000, 0.000, 0.280, 48
train,    4279, 14.801068,   95, 0.03,   11, 0.000, 0.000, 0.280, 48
train,    4280, 15.661836,   88, 0.05,   12, 0.000, 0.000, 0.280, 48
train,    4281, 15.256712,   94, 0.06,   11, 0.000, 0.000, 0.280, 48
train,    4282, 14.267121,   91, 0.05,   12, 0.000, 0.000, 0.280, 48
train,    4283, 14.178434,   90, 0.05,    9, 0.000, 0.000, 0.280, 48
train,    4284, 15.445680,   89, 0.02,   11, 0.000, 0.000, 0.280, 48
train,    4285, 14.038412,   87, 0.05,   12, 0.000, 0.000, 0.280, 48
train,    4286, 14.707807,   92, 0.03,   11, 0.000, 0.000, 0.280, 48
train,    4287, 14.314609,   87, 0.04,   11, 0.000, 0.000, 0.280, 48
train,    4288, 14.012832,   89, 0.04,   11, 0.000, 0.000, 0.280, 48
train,    4289, 13.890423,   90, 0.05,   11, 0.000, 0.000, 0.280, 48
train,    4290, 14.549213,   85, 0.05,   11, 0.000, 0.000, 0.280, 48
train,    4291, 15.090671,   93, 0.04,   12, 0.000, 0.000, 0.280, 48
train,    4292, 14.754554,   90, 0.04,   12, 0.000, 0.000, 0.280, 48
train,    4293, 15.807878,   88, 0.03,   11, 0.000, 0.000, 0.280, 48
train,    4294, 15.471009,   90, 0.04,   12, 0.000, 0.000, 0.280, 48
train,    4295, 14.981316,   91, 0.05,   11, 0.000, 0.000, 0.280, 48
train,    4296, 14.603765,   92, 0.03,   11, 0.000, 0.000, 0.280, 48
train,    4297, 14.030030,   94, 0.04,   11, 0.000, 0.000, 0.280, 48
train,    4298, 14.991364,   95, 0.03,   11, 0.000, 0.000, 0.280, 48
train,    4299, 15.491292,   86, 0.04,   10, 0.000, 0.000, 0.280, 48
train,    4300, 14.571032,   91, 0.04,   12, 0.000, 0.000, 0.280, 48
update,   4300,   43, 4300, 15.370428, 0.000000
val_t, 4300, 4300, 17.715467, 0.0294,  84.6978,   0.0804, 0.9643,  28.7279, progress 0.9708
train,    4301, 14.858334,   88, 0.03,   11, 0.000, 0.000, 0.280, 48
train,    4302, 14.968139,   92, 0.05,   11, 0.000, 0.000, 0.280, 48
train,    4303, 14.996772,   88, 0.07,   12, 0.000, 0.000, 0.280, 48
train,    4304, 14.321377,   93, 0.02,   11, 0.000, 0.000, 0.280, 48
train,    4305, 15.208798,   87, 0.04,   13, 0.000, 0.000, 0.280, 48
train,    4306, 15.001220,   90, 0.05,   11, 0.000, 0.000, 0.280, 48
train,    4307, 15.028301,   89, 0.04,   12, 0.000, 0.000, 0.280, 48
train,    4308, 14.606139,   89, 0.03,   13, 0.000, 0.000, 0.280, 48
train,    4309, 15.077344,   86, 0.04,   12, 0.000, 0.000, 0.280, 48
train,    4310, 15.087358,   89, 0.04,   13, 0.000, 0.000, 0.280, 48
train,    4311, 15.062374,   90, 0.03,   11, 0.000, 0.000, 0.280, 48
train,    4312, 14.360686,   85, 0.04,   11, 0.000, 0.000, 0.280, 48
train,    4313, 16.093549,   92, 0.05,   11, 0.000, 0.000, 0.280, 48
train,    4314, 15.352361,   85, 0.04,   12, 0.000, 0.000, 0.280, 48
train,    4315, 14.775169,   90, 0.05,   10, 0.000, 0.000, 0.280, 48
train,    4316, 16.351649,   86, 0.05,   10, 0.000, 0.000, 0.280, 48
train,    4317, 15.504113,   89, 0.02,   13, 0.000, 0.000, 0.280, 48
train,    4318, 15.487977,   85, 0.07,   11, 0.000, 0.000, 0.280, 48
train,    4319, 14.160312,   89, 0.03,   11, 0.000, 0.000, 0.280, 48
train,    4320, 16.332261,   97, 0.06,   11, 0.000, 0.000, 0.280, 48
train,    4321, 14.791363,   91, 0.02,   10, 0.000, 0.000, 0.280, 48
train,    4322, 14.667825,   92, 0.05,   12, 0.000, 0.000, 0.280, 48
train,    4323, 15.174052,   92, 0.06,   12, 0.000, 0.000, 0.280, 48
train,    4324, 14.708000,   93, 0.06,   12, 0.000, 0.000, 0.280, 48
train,    4325, 15.747615,   90, 0.01,   11, 0.000, 0.000, 0.280, 48
train,    4326, 14.912924,   92, 0.04,   10, 0.000, 0.000, 0.280, 48
train,    4327, 14.696425,   91, 0.05,   11, 0.000, 0.000, 0.280, 48
train,    4328, 15.203418,   91, 0.02,   11, 0.000, 0.000, 0.280, 48
train,    4329, 14.916177,   87, 0.05,   12, 0.000, 0.000, 0.280, 48
train,    4330, 15.279859,   93, 0.04,   12, 0.000, 0.000, 0.280, 48
train,    4331, 15.021716,   88, 0.05,   11, 0.000, 0.000, 0.280, 48
train,    4332, 14.673718,   94, 0.04,   13, 0.000, 0.000, 0.280, 48
train,    4333, 16.012617,   86, 0.04,   12, 0.000, 0.000, 0.280, 48
train,    4334, 15.222688,   87, 0.04,   11, 0.000, 0.000, 0.280, 48
train,    4335, 15.422803,   93, 0.03,   11, 0.000, 0.000, 0.280, 48
train,    4336, 15.554836,   88, 0.03,   11, 0.000, 0.000, 0.280, 48
train,    4337, 14.277480,   90, 0.03,   10, 0.000, 0.000, 0.280, 48
train,    4338, 14.553658,   88, 0.04,   11, 0.000, 0.000, 0.280, 48
train,    4339, 16.691656,   87, 0.05,   10, 0.000, 0.000, 0.280, 48
train,    4340, 14.890759,   86, 0.04,   10, 0.000, 0.000, 0.280, 48
train,    4341, 16.201993,   87, 0.05,   10, 0.000, 0.000, 0.280, 48
train,    4342, 15.594489,   89, 0.03,   10, 0.000, 0.000, 0.280, 48
train,    4343, 15.257321,   94, 0.04,   11, 0.000, 0.000, 0.280, 48
train,    4344, 16.487853,   86, 0.05,   12, 0.000, 0.000, 0.280, 48
train,    4345, 14.946999,   92, 0.03,   11, 0.000, 0.000, 0.280, 48
train,    4346, 15.383020,   88, 0.03,   12, 0.000, 0.000, 0.280, 48
train,    4347, 14.563187,   90, 0.03,   11, 0.000, 0.000, 0.280, 48
train,    4348, 14.146099,   88, 0.02,   12, 0.000, 0.000, 0.280, 48
train,    4349, 16.037030,   90, 0.04,   12, 0.000, 0.000, 0.280, 48
train,    4350, 14.300274,   89, 0.04,   13, 0.000, 0.000, 0.280, 48
train,    4351, 15.694929,   88, 0.04,   11, 0.000, 0.000, 0.280, 48
train,    4352, 15.841673,   92, 0.03,   12, 0.000, 0.000, 0.280, 48
train,    4353, 14.652000,   95, 0.04,   11, 0.000, 0.000, 0.280, 48
train,    4354, 15.971069,   91, 0.04,   11, 0.000, 0.000, 0.280, 48
train,    4355, 15.856823,   91, 0.05,   12, 0.000, 0.000, 0.280, 48
train,    4356, 14.774048,   88, 0.04,   13, 0.000, 0.000, 0.280, 48
train,    4357, 14.474040,   88, 0.06,   13, 0.000, 0.000, 0.280, 48
train,    4358, 15.736869,   90, 0.03,   11, 0.000, 0.000, 0.280, 48
train,    4359, 15.869805,   90, 0.03,   12, 0.000, 0.000, 0.280, 48
train,    4360, 14.907004,   88, 0.05,   11, 0.000, 0.000, 0.280, 48
train,    4361, 15.743084,   91, 0.03,   12, 0.000, 0.000, 0.280, 48
train,    4362, 14.897516,   88, 0.05,   11, 0.000, 0.000, 0.280, 48
train,    4363, 15.863073,   95, 0.05,   11, 0.000, 0.000, 0.280, 48
train,    4364, 15.935710,   88, 0.04,   11, 0.000, 0.000, 0.280, 48
train,    4365, 15.372006,   85, 0.03,   11, 0.000, 0.000, 0.280, 48
train,    4366, 15.653837,   92, 0.04,   12, 0.000, 0.000, 0.280, 48
train,    4367, 16.016167,   86, 0.03,   13, 0.000, 0.000, 0.280, 48
train,    4368, 14.305141,   92, 0.03,   12, 0.000, 0.000, 0.280, 48
train,    4369, 15.687605,   91, 0.05,   12, 0.000, 0.000, 0.280, 48
train,    4370, 16.862891,   86, 0.04,   10, 0.000, 0.000, 0.280, 48
train,    4371, 15.804268,   89, 0.04,   11, 0.000, 0.000, 0.280, 48
train,    4372, 15.740264,   87, 0.03,   10, 0.000, 0.000, 0.280, 48
train,    4373, 15.949376,   90, 0.04,   11, 0.000, 0.000, 0.280, 48
train,    4374, 16.871248,   86, 0.04,   12, 0.000, 0.000, 0.280, 48
train,    4375, 15.141272,   88, 0.04,   11, 0.000, 0.000, 0.280, 48
train,    4376, 16.037040,   87, 0.04,   10, 0.000, 0.000, 0.280, 48
train,    4377, 15.430768,   87, 0.05,   12, 0.000, 0.000, 0.280, 48
train,    4378, 15.739242,   93, 0.03,   11, 0.000, 0.000, 0.280, 48
train,    4379, 16.929609,   92, 0.04,   11, 0.000, 0.000, 0.280, 48
train,    4380, 15.836771,   91, 0.05,   12, 0.000, 0.000, 0.280, 48
train,    4381, 15.980643,   96, 0.04,   12, 0.000, 0.000, 0.280, 48
train,    4382, 15.622004,   94, 0.05,   12, 0.000, 0.000, 0.280, 48
train,    4383, 16.755524,   87, 0.04,   11, 0.000, 0.000, 0.280, 48
train,    4384, 15.114613,   85, 0.04,   12, 0.000, 0.000, 0.280, 48
train,    4385, 16.208431,   91, 0.05,   12, 0.000, 0.000, 0.280, 48
train,    4386, 16.260330,   83, 0.05,   11, 0.000, 0.000, 0.280, 48
train,    4387, 15.347504,   92, 0.06,   10, 0.000, 0.000, 0.280, 48
train,    4388, 15.772110,   90, 0.03,   11, 0.000, 0.000, 0.280, 48
train,    4389, 16.347535,   87, 0.03,   12, 0.000, 0.000, 0.280, 48
train,    4390, 16.127366,   88, 0.05,   11, 0.000, 0.000, 0.280, 48
train,    4391, 16.475652,   92, 0.03,   11, 0.000, 0.000, 0.280, 48
train,    4392, 16.585898,   92, 0.02,   11, 0.000, 0.000, 0.280, 48
train,    4393, 16.283505,   92, 0.06,   11, 0.000, 0.000, 0.280, 48
train,    4394, 16.022994,   88, 0.05,   11, 0.000, 0.000, 0.280, 48
train,    4395, 15.876294,   85, 0.05,   11, 0.000, 0.000, 0.280, 48
train,    4396, 16.915070,   92, 0.04,   12, 0.000, 0.000, 0.280, 48
train,    4397, 15.700464,   87, 0.02,   11, 0.000, 0.000, 0.280, 48
train,    4398, 16.277198,   94, 0.04,   12, 0.000, 0.000, 0.280, 48
train,    4399, 17.300109,   86, 0.05,   12, 0.000, 0.000, 0.280, 48
train,    4400, 15.826337,   92, 0.03,   11, 0.000, 0.000, 0.280, 48
update,   4400,   44, 4400, 17.977777, 0.000000
val_t, 4400, 4400, 16.478074, 0.0299,  87.3178,   0.0776, 0.9497,  28.5432, progress 0.9699
train,    4401, 15.951326,   88, 0.04,   12, 0.000, 0.000, 0.280, 48
train,    4402, 15.550150,   91, 0.04,   11, 0.000, 0.000, 0.280, 48
train,    4403, 16.310319,   87, 0.04,   11, 0.000, 0.000, 0.280, 48
train,    4404, 16.839207,   91, 0.04,   12, 0.000, 0.000, 0.280, 48
train,    4405, 15.784263,   87, 0.03,   12, 0.000, 0.000, 0.280, 48
train,    4406, 16.495204,   92, 0.04,   10, 0.000, 0.000, 0.280, 48
train,    4407, 16.643266,   89, 0.03,   11, 0.000, 0.000, 0.280, 48
train,    4408, 16.230437,   86, 0.06,   11, 0.000, 0.000, 0.280, 48
train,    4409, 17.556864,   90, 0.04,   11, 0.000, 0.000, 0.280, 48
train,    4410, 16.613573,   91, 0.03,   12, 0.000, 0.000, 0.280, 48
train,    4411, 16.448883,   92, 0.04,   12, 0.000, 0.000, 0.280, 48
train,    4412, 16.218507,   92, 0.05,   12, 0.000, 0.000, 0.280, 48
train,    4413, 16.035489,   90, 0.03,   11, 0.000, 0.000, 0.280, 48
train,    4414, 16.265378,   91, 0.05,   10, 0.000, 0.000, 0.280, 48
train,    4415, 17.296000,   92, 0.05,   12, 0.000, 0.000, 0.280, 48
train,    4416, 17.109670,   90, 0.04,   12, 0.000, 0.000, 0.280, 48
train,    4417, 17.914341,   94, 0.02,   11, 0.000, 0.000, 0.280, 48
train,    4418, 16.157609,   91, 0.02,   11, 0.000, 0.000, 0.280, 48
train,    4419, 16.535833,   86, 0.05,   11, 0.000, 0.000, 0.280, 48
train,    4420, 16.595627,   93, 0.04,   11, 0.000, 0.000, 0.280, 48
train,    4421, 16.855557,   88, 0.03,   12, 0.000, 0.000, 0.280, 48
train,    4422, 15.695679,   95, 0.03,   13, 0.000, 0.000, 0.280, 48
train,    4423, 17.028660,   91, 0.04,   10, 0.000, 0.000, 0.280, 48
train,    4424, 16.531463,   89, 0.04,   12, 0.000, 0.000, 0.280, 48
train,    4425, 16.119861,   91, 0.03,   11, 0.000, 0.000, 0.280, 48
train,    4426, 17.082389,   91, 0.03,   12, 0.000, 0.000, 0.280, 48
train,    4427, 16.972216,   87, 0.05,   10, 0.000, 0.000, 0.280, 48
train,    4428, 16.706718,   95, 0.04,   11, 0.000, 0.000, 0.280, 48
train,    4429, 18.142020,   94, 0.03,   11, 0.000, 0.000, 0.280, 48
train,    4430, 16.435392,   87, 0.04,   12, 0.000, 0.000, 0.280, 48
train,    4431, 17.814559,   90, 0.05,   12, 0.000, 0.000, 0.280, 48
train,    4432, 16.629559,   94, 0.04,   11, 0.000, 0.000, 0.280, 48
train,    4433, 16.802047,   92, 0.03,   11, 0.000, 0.000, 0.280, 48
train,    4434, 16.717681,   87, 0.06,   11, 0.000, 0.000, 0.280, 48
train,    4435, 16.765196,   91, 0.02,   11, 0.000, 0.000, 0.280, 48
train,    4436, 17.835784,   88, 0.04,   12, 0.000, 0.000, 0.280, 48
train,    4437, 16.908146,   90, 0.02,   11, 0.000, 0.000, 0.280, 48
train,    4438, 17.956341,   87, 0.04,   11, 0.000, 0.000, 0.280, 48
train,    4439, 17.956482,   88, 0.03,   11, 0.000, 0.000, 0.280, 48
train,    4440, 17.386968,   90, 0.04,   12, 0.000, 0.000, 0.280, 48
train,    4441, 16.509947,   88, 0.03,   12, 0.000, 0.000, 0.280, 48
train,    4442, 17.269480,   91, 0.03,   12, 0.000, 0.000, 0.280, 48
train,    4443, 17.797946,   91, 0.05,   11, 0.000, 0.000, 0.280, 48
train,    4444, 17.109320,   89, 0.06,   10, 0.000, 0.000, 0.280, 48
train,    4445, 17.520727,   88, 0.05,   12, 0.000, 0.000, 0.280, 48
train,    4446, 17.147201,   88, 0.06,   11, 0.000, 0.000, 0.280, 48
train,    4447, 17.571455,   89, 0.05,   11, 0.000, 0.000, 0.280, 48
train,    4448, 17.246921,   88, 0.04,   10, 0.000, 0.000, 0.280, 48
train,    4449, 16.260887,   87, 0.02,   12, 0.000, 0.000, 0.280, 48
train,    4450, 17.641180,   89, 0.04,   11, 0.000, 0.000, 0.280, 48
train,    4451, 17.391542,   94, 0.02,   10, 0.000, 0.000, 0.280, 48
train,    4452, 17.293173,   91, 0.04,   11, 0.000, 0.000, 0.280, 48
train,    4453, 17.560773,   89, 0.03,   12, 0.000, 0.000, 0.280, 48
train,    4454, 16.195989,   85, 0.04,   12, 0.000, 0.000, 0.280, 48
train,    4455, 16.858155,   89, 0.02,   11, 0.000, 0.000, 0.280, 48
train,    4456, 18.356332,   87, 0.03,   11, 0.000, 0.000, 0.280, 48
train,    4457, 17.783934,   93, 0.04,   12, 0.000, 0.000, 0.280, 48
train,    4458, 17.925721,   91, 0.06,   13, 0.000, 0.000, 0.280, 48
train,    4459, 18.099952,   90, 0.04,   10, 0.000, 0.000, 0.280, 48
train,    4460, 17.090094,   93, 0.04,   12, 0.000, 0.000, 0.280, 48
train,    4461, 17.379693,   86, 0.03,   11, 0.000, 0.000, 0.280, 48
train,    4462, 16.031012,   92, 0.04,   13, 0.000, 0.000, 0.280, 48
train,    4463, 17.524736,   92, 0.04,   12, 0.000, 0.000, 0.280, 48
train,    4464, 17.224590,   90, 0.03,   10, 0.000, 0.000, 0.280, 48
train,    4465, 18.119364,   92, 0.05,   10, 0.000, 0.000, 0.280, 48
train,    4466, 18.382240,   91, 0.05,   13, 0.000, 0.000, 0.280, 48
train,    4467, 16.815055,   90, 0.01,   10, 0.000, 0.000, 0.280, 48
train,    4468, 17.575796,   92, 0.03,   13, 0.000, 0.000, 0.280, 48
train,    4469, 17.777969,   93, 0.04,   12, 0.000, 0.000, 0.280, 48
train,    4470, 19.033213,   90, 0.04,   12, 0.000, 0.000, 0.280, 48
train,    4471, 17.616214,   93, 0.05,   11, 0.000, 0.000, 0.280, 48
train,    4472, 18.455033,   88, 0.04,   11, 0.000, 0.000, 0.280, 48
train,    4473, 18.087345,   89, 0.04,   12, 0.000, 0.000, 0.280, 48
train,    4474, 18.698960,   90, 0.04,   10, 0.000, 0.000, 0.280, 48
train,    4475, 17.875823,   95, 0.03,   11, 0.000, 0.000, 0.280, 48
train,    4476, 18.117860,   92, 0.05,   10, 0.000, 0.000, 0.280, 48
train,    4477, 16.837285,   87, 0.04,   12, 0.000, 0.000, 0.280, 48
train,    4478, 18.252294,   89, 0.03,   12, 0.000, 0.000, 0.280, 48
train,    4479, 18.071971,   92, 0.04,   12, 0.000, 0.000, 0.280, 48
train,    4480, 18.084246,   89, 0.04,   11, 0.000, 0.000, 0.280, 48
train,    4481, 17.567696,   90, 0.03,   11, 0.000, 0.000, 0.280, 48
train,    4482, 18.674882,   87, 0.05,   11, 0.000, 0.000, 0.280, 48
train,    4483, 18.440826,   93, 0.05,   11, 0.000, 0.000, 0.280, 48
train,    4484, 17.331948,   90, 0.03,   11, 0.000, 0.000, 0.280, 48
train,    4485, 18.051758,   87, 0.05,   11, 0.000, 0.000, 0.280, 48
train,    4486, 17.972858,   93, 0.05,   10, 0.000, 0.000, 0.280, 48
train,    4487, 17.704692,   92, 0.04,   12, 0.000, 0.000, 0.280, 48
train,    4488, 18.085975,   86, 0.03,   11, 0.000, 0.000, 0.280, 48
train,    4489, 17.540176,   92, 0.03,   10, 0.000, 0.000, 0.280, 48
train,    4490, 17.922454,   88, 0.05,   11, 0.000, 0.000, 0.280, 48
train,    4491, 17.973207,   87, 0.02,   10, 0.000, 0.000, 0.280, 48
train,    4492, 17.995818,   92, 0.04,   11, 0.000, 0.000, 0.280, 48
train,    4493, 19.037039,   86, 0.03,   11, 0.000, 0.000, 0.280, 48
train,    4494, 17.047319,   90, 0.03,   11, 0.000, 0.000, 0.280, 48
train,    4495, 17.656240,   89, 0.03,   10, 0.000, 0.000, 0.280, 48
train,    4496, 18.810716,   88, 0.03,   11, 0.000, 0.000, 0.280, 48
train,    4497, 18.604450,   93, 0.03,   11, 0.000, 0.000, 0.280, 48
train,    4498, 18.258576,   90, 0.03,   10, 0.000, 0.000, 0.280, 48
train,    4499, 18.339891,   90, 0.05,   11, 0.000, 0.000, 0.280, 48
train,    4500, 18.405174,   88, 0.04,   10, 0.000, 0.000, 0.280, 48
update,   4500,   45, 4500, 18.452811, 0.000000
val_t, 4500, 4500, 16.585429, 0.0308,  92.9598,   0.0777, 0.9676,  29.0045, progress 0.9740
train,    4501, 18.068858,   88, 0.05,   12, 0.000, 0.000, 0.280, 48
train,    4502, 18.440641,   92, 0.02,   12, 0.000, 0.000, 0.280, 48
train,    4503, 18.497871,   88, 0.04,   12, 0.000, 0.000, 0.280, 48
train,    4504, 18.620920,   88, 0.05,   10, 0.000, 0.000, 0.280, 48
train,    4505, 19.333935,   86, 0.04,   11, 0.000, 0.000, 0.280, 48
train,    4506, 17.136497,   91, 0.03,   11, 0.000, 0.000, 0.280, 48
train,    4507, 18.580422,   92, 0.03,   12, 0.000, 0.000, 0.280, 48
train,    4508, 18.711437,   93, 0.03,    9, 0.000, 0.000, 0.280, 48
train,    4509, 18.435164,   87, 0.03,   12, 0.000, 0.000, 0.280, 48
train,    4510, 18.599313,   88, 0.02,   11, 0.000, 0.000, 0.280, 48
train,    4511, 18.903047,   89, 0.03,   11, 0.000, 0.000, 0.280, 48
train,    4512, 18.476953,   87, 0.02,   11, 0.000, 0.000, 0.280, 48
train,    4513, 18.127911,   93, 0.04,   12, 0.000, 0.000, 0.280, 48
train,    4514, 17.367592,   87, 0.04,   12, 0.000, 0.000, 0.280, 48
train,    4515, 18.056903,   95, 0.04,   11, 0.000, 0.000, 0.280, 48
train,    4516, 18.423003,   91, 0.05,   12, 0.000, 0.000, 0.280, 48
train,    4517, 19.386691,   93, 0.03,   12, 0.000, 0.000, 0.280, 48
train,    4518, 19.138579,   86, 0.04,   10, 0.000, 0.000, 0.280, 48
train,    4519, 18.648164,   88, 0.05,   12, 0.000, 0.000, 0.280, 48
train,    4520, 18.493075,   95, 0.03,   12, 0.000, 0.000, 0.280, 48
train,    4521, 19.372031,   91, 0.03,   12, 0.000, 0.000, 0.280, 48
train,    4522, 18.056382,   87, 0.03,   10, 0.000, 0.000, 0.280, 48
train,    4523, 18.522363,   87, 0.04,   10, 0.000, 0.000, 0.280, 48
train,    4524, 18.800964,   91, 0.04,   12, 0.000, 0.000, 0.280, 48
train,    4525, 19.180719,   95, 0.03,   12, 0.000, 0.000, 0.280, 48
train,    4526, 18.555807,   88, 0.05,   11, 0.000, 0.000, 0.280, 48
train,    4527, 18.570546,   89, 0.04,   11, 0.000, 0.000, 0.280, 48
train,    4528, 18.599914,   89, 0.04,   11, 0.000, 0.000, 0.280, 48
train,    4529, 19.269090,   93, 0.04,   12, 0.000, 0.000, 0.280, 48
train,    4530, 18.215446,   92, 0.05,   12, 0.000, 0.000, 0.280, 48
train,    4531, 18.841391,   92, 0.05,   11, 0.000, 0.000, 0.280, 48
train,    4532, 18.468569,   90, 0.03,   12, 0.000, 0.000, 0.280, 48
train,    4533, 20.114204,   89, 0.04,   11, 0.000, 0.000, 0.280, 48
train,    4534, 18.355226,   87, 0.04,   12, 0.000, 0.000, 0.280, 48
train,    4535, 20.130662,   91, 0.05,   11, 0.000, 0.000, 0.280, 48
train,    4536, 19.383038,   93, 0.02,   10, 0.000, 0.000, 0.280, 48
train,    4537, 18.727418,   87, 0.04,   11, 0.000, 0.000, 0.280, 48
train,    4538, 17.676891,   87, 0.03,   10, 0.000, 0.000, 0.280, 48
train,    4539, 17.889598,   91, 0.04,   10, 0.000, 0.000, 0.280, 48
train,    4540, 18.605670,   90, 0.05,   10, 0.000, 0.000, 0.280, 48
train,    4541, 18.898062,   91, 0.04,   12, 0.000, 0.000, 0.280, 48
train,    4542, 18.854499,   90, 0.03,   11, 0.000, 0.000, 0.280, 48
train,    4543, 19.035962,   86, 0.02,   13, 0.000, 0.000, 0.280, 48
train,    4544, 19.018819,   90, 0.03,   11, 0.000, 0.000, 0.280, 48
train,    4545, 18.433996,   95, 0.04,   11, 0.000, 0.000, 0.280, 48
train,    4546, 18.709328,   87, 0.03,   12, 0.000, 0.000, 0.280, 48
train,    4547, 18.480482,   89, 0.05,   12, 0.000, 0.000, 0.280, 48
train,    4548, 18.444681,   92, 0.04,   11, 0.000, 0.000, 0.280, 48
train,    4549, 19.396271,   88, 0.03,   10, 0.000, 0.000, 0.280, 48
train,    4550, 19.262299,   89, 0.03,   10, 0.000, 0.000, 0.280, 48
train,    4551, 18.732653,   88, 0.03,   12, 0.000, 0.000, 0.280, 48
train,    4552, 19.402846,   92, 0.05,   11, 0.000, 0.000, 0.280, 48
train,    4553, 18.364459,   93, 0.05,   12, 0.000, 0.000, 0.280, 48
train,    4554, 18.372526,   88, 0.02,   10, 0.000, 0.000, 0.280, 48
train,    4555, 18.531216,   92, 0.02,   10, 0.000, 0.000, 0.280, 48
train,    4556, 19.679746,   89, 0.03,   11, 0.000, 0.000, 0.280, 48
train,    4557, 18.582978,   86, 0.06,   11, 0.000, 0.000, 0.280, 48
train,    4558, 20.265023,   93, 0.03,   10, 0.000, 0.000, 0.280, 48
train,    4559, 18.796505,   95, 0.03,   11, 0.000, 0.000, 0.280, 48
train,    4560, 18.124747,   91, 0.03,   11, 0.000, 0.000, 0.280, 48
train,    4561, 19.679137,   92, 0.03,   12, 0.000, 0.000, 0.280, 48
train,    4562, 19.069228,   87, 0.03,   11, 0.000, 0.000, 0.280, 48
train,    4563, 18.843166,   88, 0.04,   10, 0.000, 0.000, 0.280, 48
train,    4564, 20.265203,   85, 0.03,   12, 0.000, 0.000, 0.280, 48
train,    4565, 20.174139,   95, 0.03,   12, 0.000, 0.000, 0.280, 48
train,    4566, 18.464047,   96, 0.04,   12, 0.000, 0.000, 0.280, 48
train,    4567, 18.751277,   94, 0.05,   11, 0.000, 0.000, 0.280, 48
train,    4568, 19.051160,   88, 0.04,   11, 0.000, 0.000, 0.280, 48
train,    4569, 19.443586,   88, 0.04,   11, 0.000, 0.000, 0.280, 48
train,    4570, 19.185026,   92, 0.04,   11, 0.000, 0.000, 0.280, 48
train,    4571, 18.656914,   94, 0.03,   11, 0.000, 0.000, 0.280, 48
train,    4572, 18.827314,   89, 0.03,   12, 0.000, 0.000, 0.280, 48
train,    4573, 19.908066,   94, 0.05,   13, 0.000, 0.000, 0.280, 48
train,    4574, 18.960924,   91, 0.01,   11, 0.000, 0.000, 0.280, 48
train,    4575, 18.739562,   91, 0.05,   11, 0.000, 0.000, 0.280, 48
train,    4576, 20.002092,   91, 0.03,   11, 0.000, 0.000, 0.280, 48
train,    4577, 19.874743,   85, 0.02,   12, 0.000, 0.000, 0.280, 48
train,    4578, 20.200449,   91, 0.03,   12, 0.000, 0.000, 0.280, 48
train,    4579, 19.583464,   87, 0.04,   12, 0.000, 0.000, 0.280, 48
train,    4580, 19.473290,   90, 0.02,   11, 0.000, 0.000, 0.280, 48
train,    4581, 20.217791,   88, 0.05,   10, 0.000, 0.000, 0.280, 48
train,    4582, 18.705824,   93, 0.04,   11, 0.000, 0.000, 0.280, 48
train,    4583, 19.389997,   87, 0.04,   10, 0.000, 0.000, 0.280, 48
train,    4584, 19.580042,   91, 0.04,   12, 0.000, 0.000, 0.280, 48
train,    4585, 19.332809,   89, 0.04,   11, 0.000, 0.000, 0.280, 48
train,    4586, 20.182707,   95, 0.03,   12, 0.000, 0.000, 0.280, 48
train,    4587, 18.657825,   85, 0.04,   12, 0.000, 0.000, 0.280, 48
train,    4588, 18.875357,   91, 0.04,   12, 0.000, 0.000, 0.280, 48
train,    4589, 20.433472,   89, 0.04,   11, 0.000, 0.000, 0.280, 48
train,    4590, 19.084468,   88, 0.05,   11, 0.000, 0.000, 0.280, 48
train,    4591, 19.736803,   89, 0.03,   11, 0.000, 0.000, 0.280, 48
train,    4592, 19.451853,   89, 0.05,   11, 0.000, 0.000, 0.280, 48
train,    4593, 18.444078,   89, 0.04,   12, 0.000, 0.000, 0.280, 48
train,    4594, 19.377725,   90, 0.04,   11, 0.000, 0.000, 0.280, 48
train,    4595, 19.651768,   93, 0.05,   11, 0.000, 0.000, 0.280, 48
train,    4596, 18.185368,   91, 0.03,   11, 0.000, 0.000, 0.280, 48
train,    4597, 19.291093,   92, 0.02,   10, 0.000, 0.000, 0.280, 48
train,    4598, 18.630826,   94, 0.05,   11, 0.000, 0.000, 0.280, 48
train,    4599, 19.652510,   86, 0.02,   12, 0.000, 0.000, 0.280, 48
train,    4600, 20.163902,   93, 0.04,   11, 0.000, 0.000, 0.280, 48
update,   4600,   46, 4600, 17.452082, 0.000000
val_t, 4600, 4600, 15.837953, 0.0248,  87.5108,   0.0735, 0.9734,  28.9905, progress 0.9617
train,    4601, 19.285417,   92, 0.03,   10, 0.000, 0.000, 0.280, 48
train,    4602, 19.134242,   90, 0.03,   11, 0.000, 0.000, 0.280, 48
train,    4603, 19.366547,   87, 0.03,   11, 0.000, 0.000, 0.280, 48
train,    4604, 19.457073,   95, 0.01,   11, 0.000, 0.000, 0.280, 48
train,    4605, 20.350863,   88, 0.05,   12, 0.000, 0.000, 0.280, 48
train,    4606, 20.114137,   91, 0.04,   11, 0.000, 0.000, 0.280, 48
train,    4607, 18.720255,   93, 0.03,   12, 0.000, 0.000, 0.280, 48
train,    4608, 19.636771,   91, 0.03,   12, 0.000, 0.000, 0.280, 48
train,    4609, 19.987723,   89, 0.04,   12, 0.000, 0.000, 0.280, 48
train,    4610, 19.782383,   90, 0.03,   11, 0.000, 0.000, 0.280, 48
train,    4611, 19.509596,   91, 0.02,   11, 0.000, 0.000, 0.280, 48
train,    4612, 19.398661,   94, 0.03,   13, 0.000, 0.000, 0.280, 48
train,    4613, 19.247052,   88, 0.03,   12, 0.000, 0.000, 0.280, 48
train,    4614, 18.737712,   93, 0.03,   11, 0.000, 0.000, 0.280, 48
train,    4615, 20.104178,   89, 0.04,   12, 0.000, 0.000, 0.280, 48
train,    4616, 18.848888,   93, 0.03,   11, 0.000, 0.000, 0.280, 48
train,    4617, 18.482364,   91, 0.04,   11, 0.000, 0.000, 0.280, 48
train,    4618, 19.475237,   88, 0.05,   10, 0.000, 0.000, 0.280, 48
train,    4619, 17.888172,   91, 0.03,   12, 0.000, 0.000, 0.280, 48
train,    4620, 18.867951,   95, 0.04,   10, 0.000, 0.000, 0.280, 48
train,    4621, 20.795742,   93, 0.04,   11, 0.000, 0.000, 0.280, 48
train,    4622, 19.632708,   91, 0.04,   12, 0.000, 0.000, 0.280, 48
train,    4623, 19.805884,   90, 0.05,   12, 0.000, 0.000, 0.280, 48
train,    4624, 20.279530,   90, 0.05,   11, 0.000, 0.000, 0.280, 48
train,    4625, 19.613206,   89, 0.02,   12, 0.000, 0.000, 0.280, 48
train,    4626, 19.104845,   91, 0.04,   12, 0.000, 0.000, 0.280, 48
train,    4627, 19.361843,   91, 0.03,   10, 0.000, 0.000, 0.280, 48
train,    4628, 19.233433,   86, 0.04,   12, 0.000, 0.000, 0.280, 48
train,    4629, 19.501430,   91, 0.04,   12, 0.000, 0.000, 0.280, 48
train,    4630, 19.422414,   94, 0.04,   10, 0.000, 0.000, 0.280, 48
train,    4631, 19.102055,   92, 0.04,   10, 0.000, 0.000, 0.280, 48
train,    4632, 19.604651,   88, 0.04,   10, 0.000, 0.000, 0.280, 48
train,    4633, 19.491410,   95, 0.04,   11, 0.000, 0.000, 0.280, 48
train,    4634, 18.321243,   89, 0.05,   11, 0.000, 0.000, 0.280, 48
train,    4635, 19.511875,   85, 0.05,   12, 0.000, 0.000, 0.280, 48
train,    4636, 20.234267,   94, 0.06,   11, 0.000, 0.000, 0.280, 48
train,    4637, 19.869871,   88, 0.05,   11, 0.000, 0.000, 0.280, 48
train,    4638, 18.876928,   91, 0.03,   12, 0.000, 0.000, 0.280, 48
train,    4639, 19.656791,   92, 0.04,   12, 0.000, 0.000, 0.280, 48
train,    4640, 19.143015,   88, 0.03,   12, 0.000, 0.000, 0.280, 48
train,    4641, 18.678471,   95, 0.05,   11, 0.000, 0.000, 0.280, 48
train,    4642, 18.760157,   90, 0.04,   11, 0.000, 0.000, 0.280, 48
train,    4643, 19.837369,   94, 0.04,   11, 0.000, 0.000, 0.280, 48
train,    4644, 17.789942,   92, 0.03,   11, 0.000, 0.000, 0.280, 48
train,    4645, 19.384149,   89, 0.05,   12, 0.000, 0.000, 0.280, 48
train,    4646, 19.171528,   87, 0.00,   10, 0.000, 0.000, 0.280, 48
train,    4647, 18.893427,   95, 0.03,   12, 0.000, 0.000, 0.280, 48
train,    4648, 20.103933,   93, 0.04,   11, 0.000, 0.000, 0.280, 48
train,    4649, 19.160838,   87, 0.01,   12, 0.000, 0.000, 0.280, 48
train,    4650, 17.865653,   92, 0.05,   10, 0.000, 0.000, 0.280, 48
train,    4651, 18.506621,   89, 0.03,   12, 0.000, 0.000, 0.280, 48
train,    4652, 18.799940,   93, 0.03,   10, 0.000, 0.000, 0.280, 48
train,    4653, 19.614954,   87, 0.04,   11, 0.000, 0.000, 0.280, 48
train,    4654, 19.793512,   88, 0.04,   12, 0.000, 0.000, 0.280, 48
train,    4655, 19.690315,   90, 0.02,   12, 0.000, 0.000, 0.280, 48
train,    4656, 19.115633,   89, 0.04,   12, 0.000, 0.000, 0.280, 48
train,    4657, 19.571911,   92, 0.02,   10, 0.000, 0.000, 0.280, 48
train,    4658, 18.672622,   91, 0.06,   13, 0.000, 0.000, 0.280, 48
train,    4659, 18.121826,   92, 0.04,   11, 0.000, 0.000, 0.280, 48
train,    4660, 19.384172,   90, 0.04,   11, 0.000, 0.000, 0.280, 48
train,    4661, 19.333525,   85, 0.05,   12, 0.000, 0.000, 0.280, 48
train,    4662, 18.717153,   93, 0.02,   10, 0.000, 0.000, 0.280, 48
train,    4663, 17.794034,   86, 0.03,   11, 0.000, 0.000, 0.280, 48
train,    4664, 20.049815,   89, 0.03,   10, 0.000, 0.000, 0.280, 48
train,    4665, 19.427174,   92, 0.02,   11, 0.000, 0.000, 0.280, 48
train,    4666, 18.148816,   92, 0.05,   11, 0.000, 0.000, 0.280, 48
train,    4667, 18.901072,   93, 0.02,   11, 0.000, 0.000, 0.280, 48
train,    4668, 18.336668,   90, 0.04,   12, 0.000, 0.000, 0.280, 48
train,    4669, 18.991021,   89, 0.05,   10, 0.000, 0.000, 0.280, 48
train,    4670, 19.989102,   94, 0.05,   12, 0.000, 0.000, 0.280, 48
train,    4671, 17.822238,   92, 0.04,   10, 0.000, 0.000, 0.280, 48
train,    4672, 19.121078,   88, 0.04,   12, 0.000, 0.000, 0.280, 48
train,    4673, 18.927105,   88, 0.03,   11, 0.000, 0.000, 0.280, 48
train,    4674, 18.236569,   90, 0.03,   12, 0.000, 0.000, 0.280, 48
train,    4675, 17.928185,   92, 0.05,   10, 0.000, 0.000, 0.280, 48
train,    4676, 18.787854,   89, 0.04,   11, 0.000, 0.000, 0.280, 48
train,    4677, 18.985065,   88, 0.05,   11, 0.000, 0.000, 0.280, 48
train,    4678, 18.175353,   95, 0.04,   11, 0.000, 0.000, 0.280, 48
train,    4679, 18.617871,   89, 0.04,   11, 0.000, 0.000, 0.280, 48
train,    4680, 17.846674,   88, 0.03,   12, 0.000, 0.000, 0.280, 48
train,    4681, 18.889605,   89, 0.04,   10, 0.000, 0.000, 0.280, 48
train,    4682, 17.877180,   91, 0.04,   10, 0.000, 0.000, 0.280, 48
train,    4683, 19.344305,   94, 0.04,   11, 0.000, 0.000, 0.280, 48
train,    4684, 19.170250,   91, 0.04,   12, 0.000, 0.000, 0.280, 48
train,    4685, 18.313395,   95, 0.04,   11, 0.000, 0.000, 0.280, 48
train,    4686, 19.410457,   94, 0.03,   12, 0.000, 0.000, 0.280, 48
train,    4687, 19.458958,   90, 0.02,   11, 0.000, 0.000, 0.280, 48
train,    4688, 19.604444,   87, 0.04,   11, 0.000, 0.000, 0.280, 48
train,    4689, 19.032161,   85, 0.05,   11, 0.000, 0.000, 0.280, 48
train,    4690, 18.641050,   92, 0.03,   12, 0.000, 0.000, 0.280, 48
train,    4691, 18.248745,   95, 0.06,   12, 0.000, 0.000, 0.280, 48
train,    4692, 17.760974,   93, 0.04,   11, 0.000, 0.000, 0.280, 48
train,    4693, 18.856574,   91, 0.03,   11, 0.000, 0.000, 0.280, 48
train,    4694, 18.648410,   92, 0.03,   11, 0.000, 0.000, 0.280, 48
train,    4695, 18.796203,   93, 0.02,   13, 0.000, 0.000, 0.280, 48
train,    4696, 18.499866,   90, 0.03,   12, 0.000, 0.000, 0.280, 48
train,    4697, 18.672652,   88, 0.04,   11, 0.000, 0.000, 0.280, 48
train,    4698, 17.918936,   92, 0.04,   11, 0.000, 0.000, 0.280, 48
train,    4699, 18.431294,   93, 0.03,   12, 0.000, 0.000, 0.280, 48
train,    4700, 18.084120,   91, 0.02,   12, 0.000, 0.000, 0.280, 48
update,   4700,   47, 4700, 18.128072, 0.000000
val_t, 4700, 4700, 16.507167, 0.0321,  91.6995,   0.0742, 0.9653,  28.8878, progress 0.9692
train,    4701, 19.092439,   89, 0.05,   12, 0.000, 0.000, 0.280, 48
train,    4702, 18.519485,   88, 0.03,   13, 0.000, 0.000, 0.280, 48
train,    4703, 18.321897,   88, 0.04,   12, 0.000, 0.000, 0.280, 48
train,    4704, 18.451076,   92, 0.06,   12, 0.000, 0.000, 0.280, 48
train,    4705, 17.715607,   93, 0.04,   11, 0.000, 0.000, 0.280, 48
train,    4706, 17.228649,   87, 0.04,   12, 0.000, 0.000, 0.280, 48
train,    4707, 17.754913,   88, 0.04,   12, 0.000, 0.000, 0.280, 48
train,    4708, 18.047105,   93, 0.03,   11, 0.000, 0.000, 0.280, 48
train,    4709, 18.840981,   96, 0.05,   13, 0.000, 0.000, 0.280, 48
train,    4710, 19.414449,   90, 0.04,   12, 0.000, 0.000, 0.280, 48
train,    4711, 17.520433,   89, 0.05,   11, 0.000, 0.000, 0.280, 48
train,    4712, 17.576182,   90, 0.05,   11, 0.000, 0.000, 0.280, 48
train,    4713, 18.211010,   90, 0.04,   10, 0.000, 0.000, 0.280, 48
train,    4714, 18.243591,   91, 0.04,   11, 0.000, 0.000, 0.280, 48
train,    4715, 17.629179,   94, 0.06,   11, 0.000, 0.000, 0.280, 48
train,    4716, 18.050596,   89, 0.04,   12, 0.000, 0.000, 0.280, 48
train,    4717, 18.475402,   91, 0.04,   12, 0.000, 0.000, 0.280, 48
train,    4718, 17.070232,   93, 0.04,   10, 0.000, 0.000, 0.280, 48
train,    4719, 19.491662,   90, 0.03,   11, 0.000, 0.000, 0.280, 48
train,    4720, 16.621709,   89, 0.05,   12, 0.000, 0.000, 0.280, 48
train,    4721, 18.406520,   91, 0.02,   10, 0.000, 0.000, 0.280, 48
train,    4722, 18.122540,   90, 0.03,   10, 0.000, 0.000, 0.280, 48
train,    4723, 18.547783,   89, 0.04,   12, 0.000, 0.000, 0.280, 48
train,    4724, 18.873203,   93, 0.06,   11, 0.000, 0.000, 0.280, 48
train,    4725, 17.905836,   91, 0.03,   10, 0.000, 0.000, 0.280, 48
train,    4726, 16.990388,   90, 0.04,   12, 0.000, 0.000, 0.280, 48
train,    4727, 17.993911,   88, 0.04,   12, 0.000, 0.000, 0.280, 48
train,    4728, 17.818660,   87, 0.04,   12, 0.000, 0.000, 0.280, 48
train,    4729, 17.100256,   94, 0.02,   11, 0.000, 0.000, 0.280, 48
train,    4730, 18.347971,   90, 0.03,   12, 0.000, 0.000, 0.280, 48
train,    4731, 17.566785,   90, 0.02,   11, 0.000, 0.000, 0.280, 48
train,    4732, 17.855561,   90, 0.03,   10, 0.000, 0.000, 0.280, 48
train,    4733, 17.272789,   89, 0.03,   11, 0.000, 0.000, 0.280, 48
train,    4734, 17.869443,   86, 0.04,   10, 0.000, 0.000, 0.280, 48
train,    4735, 17.887498,   95, 0.05,   11, 0.000, 0.000, 0.280, 48
train,    4736, 17.528387,   92, 0.03,   12, 0.000, 0.000, 0.280, 48
train,    4737, 18.474857,   94, 0.04,   10, 0.000, 0.000, 0.280, 48
train,    4738, 17.935075,   88, 0.02,   11, 0.000, 0.000, 0.280, 48
train,    4739, 18.869269,   87, 0.05,   12, 0.000, 0.000, 0.280, 48
train,    4740, 18.960080,   95, 0.04,   11, 0.000, 0.000, 0.280, 48
train,    4741, 17.998457,   94, 0.04,   12, 0.000, 0.000, 0.280, 48
train,    4742, 18.701139,   88, 0.02,   12, 0.000, 0.000, 0.280, 48
train,    4743, 18.020480,   89, 0.04,   10, 0.000, 0.000, 0.280, 48
train,    4744, 17.246780,   92, 0.05,   11, 0.000, 0.000, 0.280, 48
train,    4745, 17.916264,   91, 0.02,   11, 0.000, 0.000, 0.280, 48
train,    4746, 18.623179,   92, 0.03,   11, 0.000, 0.000, 0.280, 48
train,    4747, 17.308626,   89, 0.02,   12, 0.000, 0.000, 0.280, 48
train,    4748, 18.005689,   88, 0.05,   11, 0.000, 0.000, 0.280, 48
train,    4749, 17.410235,   91, 0.03,   12, 0.000, 0.000, 0.280, 48
train,    4750, 18.318808,   91, 0.05,   12, 0.000, 0.000, 0.280, 48
train,    4751, 16.983967,   90, 0.04,   12, 0.000, 0.000, 0.280, 48
train,    4752, 17.289383,   96, 0.04,   11, 0.000, 0.000, 0.280, 48
train,    4753, 16.916418,   94, 0.03,   10, 0.000, 0.000, 0.280, 48
train,    4754, 18.576173,   92, 0.04,   12, 0.000, 0.000, 0.280, 48
train,    4755, 18.504387,   88, 0.03,   13, 0.000, 0.000, 0.280, 48
train,    4756, 18.141032,   90, 0.05,   11, 0.000, 0.000, 0.280, 48
train,    4757, 17.568489,   94, 0.03,   12, 0.000, 0.000, 0.280, 48
train,    4758, 17.495947,   95, 0.02,   13, 0.000, 0.000, 0.280, 48
train,    4759, 17.236459,   94, 0.04,   12, 0.000, 0.000, 0.280, 48
train,    4760, 18.410693,   93, 0.04,   12, 0.000, 0.000, 0.280, 48
train,    4761, 16.929961,   92, 0.03,   11, 0.000, 0.000, 0.280, 48
train,    4762, 16.821164,   88, 0.05,   11, 0.000, 0.000, 0.280, 48
train,    4763, 17.208261,   87, 0.04,   11, 0.000, 0.000, 0.280, 48
train,    4764, 16.571159,   92, 0.03,   11, 0.000, 0.000, 0.280, 48
train,    4765, 16.747609,   94, 0.03,   10, 0.000, 0.000, 0.280, 48
train,    4766, 17.232776,   97, 0.04,   11, 0.000, 0.000, 0.280, 48
train,    4767, 17.535418,   88, 0.02,   10, 0.000, 0.000, 0.280, 48
train,    4768, 17.303235,   92, 0.05,   11, 0.000, 0.000, 0.280, 48
train,    4769, 17.518176,   94, 0.05,   11, 0.000, 0.000, 0.280, 48
train,    4770, 16.918680,   92, 0.03,   11, 0.000, 0.000, 0.280, 48
train,    4771, 17.617343,   89, 0.05,   12, 0.000, 0.000, 0.280, 48
train,    4772, 16.854562,   90, 0.04,   13, 0.000, 0.000, 0.280, 48
train,    4773, 16.631983,   86, 0.03,   11, 0.000, 0.000, 0.280, 48
train,    4774, 17.112776,   93, 0.03,   12, 0.000, 0.000, 0.280, 48
train,    4775, 16.947633,   88, 0.04,   11, 0.000, 0.000, 0.280, 48
train,    4776, 15.915795,   92, 0.05,   10, 0.000, 0.000, 0.280, 48
train,    4777, 17.033869,   94, 0.04,   11, 0.000, 0.000, 0.280, 48
train,    4778, 17.782782,   97, 0.02,   11, 0.000, 0.000, 0.280, 48
train,    4779, 16.793681,   86, 0.05,   12, 0.000, 0.000, 0.280, 48
train,    4780, 16.411636,   91, 0.04,   11, 0.000, 0.000, 0.280, 48
train,    4781, 17.378854,   92, 0.05,   12, 0.000, 0.000, 0.280, 48
train,    4782, 17.165602,   98, 0.04,   12, 0.000, 0.000, 0.280, 48
train,    4783, 18.249697,   92, 0.03,   10, 0.000, 0.000, 0.280, 48
train,    4784, 16.246308,   92, 0.04,   12, 0.000, 0.000, 0.280, 48
train,    4785, 16.465372,   91, 0.02,   11, 0.000, 0.000, 0.280, 48
train,    4786, 16.953426,   92, 0.02,   12, 0.000, 0.000, 0.280, 48
train,    4787, 16.302444,   87, 0.02,   10, 0.000, 0.000, 0.280, 48
train,    4788, 17.105168,   93, 0.02,   11, 0.000, 0.000, 0.280, 48
train,    4789, 18.460894,   90, 0.01,   10, 0.000, 0.000, 0.280, 48
train,    4790, 16.753172,   85, 0.02,   12, 0.000, 0.000, 0.280, 48
train,    4791, 16.522169,   92, 0.03,   11, 0.000, 0.000, 0.280, 48
train,    4792, 17.010074,   89, 0.05,   13, 0.000, 0.000, 0.280, 48
train,    4793, 16.411282,   95, 0.04,   11, 0.000, 0.000, 0.280, 48
train,    4794, 17.312140,   92, 0.04,   12, 0.000, 0.000, 0.280, 48
train,    4795, 17.748616,   90, 0.02,   11, 0.000, 0.000, 0.280, 48
train,    4796, 16.954619,   88, 0.04,   12, 0.000, 0.000, 0.280, 48
train,    4797, 16.952687,   94, 0.03,   11, 0.000, 0.000, 0.280, 48
train,    4798, 16.811623,   91, 0.02,   12, 0.000, 0.000, 0.280, 48
train,    4799, 17.108306,   93, 0.04,   12, 0.000, 0.000, 0.280, 48
train,    4800, 17.153365,   89, 0.05,   12, 0.000, 0.000, 0.280, 48
update,   4800,   48, 4800, 15.840923, 0.000000
val_t, 4800, 4800, 16.348466, 0.0212,  90.7776,   0.0755, 0.9730,  28.9270, progress 0.9594
train,    4801, 16.384903,   89, 0.03,   10, 0.000, 0.000, 0.280, 48
train,    4802, 18.009272,   92, 0.03,   11, 0.000, 0.000, 0.280, 48
train,    4803, 15.912939,   90, 0.05,   12, 0.000, 0.000, 0.280, 48
train,    4804, 16.190339,   95, 0.03,   12, 0.000, 0.000, 0.280, 48
train,    4805, 16.384856,   92, 0.02,   10, 0.000, 0.000, 0.280, 48
train,    4806, 16.737150,   90, 0.03,   11, 0.000, 0.000, 0.280, 48
train,    4807, 17.450471,   89, 0.05,   11, 0.000, 0.000, 0.280, 48
train,    4808, 16.398932,   88, 0.04,   12, 0.000, 0.000, 0.280, 48
train,    4809, 16.444556,   90, 0.03,   11, 0.000, 0.000, 0.280, 48
train,    4810, 16.238564,   91, 0.03,   11, 0.000, 0.000, 0.280, 48
train,    4811, 16.353233,   92, 0.02,   12, 0.000, 0.000, 0.280, 48
train,    4812, 17.958614,   88, 0.02,   11, 0.000, 0.000, 0.280, 48
train,    4813, 15.925074,   88, 0.03,   11, 0.000, 0.000, 0.280, 48
train,    4814, 16.566281,   92, 0.06,   10, 0.000, 0.000, 0.280, 48
train,    4815, 17.199116,   90, 0.04,   12, 0.000, 0.000, 0.280, 48
train,    4816, 16.806618,   91, 0.03,   12, 0.000, 0.000, 0.280, 48
train,    4817, 17.422455,   95, 0.03,   11, 0.000, 0.000, 0.280, 48
train,    4818, 16.326247,   90, 0.04,   12, 0.000, 0.000, 0.280, 48
train,    4819, 16.498173,   92, 0.04,   11, 0.000, 0.000, 0.280, 48
train,    4820, 15.471606,   91, 0.03,   12, 0.000, 0.000, 0.280, 48
train,    4821, 17.413401,   88, 0.04,   12, 0.000, 0.000, 0.280, 48
train,    4822, 15.339837,   93, 0.04,   13, 0.000, 0.000, 0.280, 48
train,    4823, 16.882123,   91, 0.04,   12, 0.000, 0.000, 0.280, 48
train,    4824, 16.888917,   93, 0.03,   12, 0.000, 0.000, 0.280, 48
train,    4825, 16.042424,   96, 0.03,   11, 0.000, 0.000, 0.280, 48
train,    4826, 16.233800,   89, 0.02,   11, 0.000, 0.000, 0.280, 48
train,    4827, 16.621479,   94, 0.03,   11, 0.000, 0.000, 0.280, 48
train,    4828, 16.110620,   94, 0.03,   10, 0.000, 0.000, 0.280, 48
train,    4829, 16.985816,   92, 0.06,   11, 0.000, 0.000, 0.280, 48
train,    4830, 16.023445,   94, 0.05,   11, 0.000, 0.000, 0.280, 48
train,    4831, 15.332963,   91, 0.02,   10, 0.000, 0.000, 0.280, 48
train,    4832, 17.291017,   87, 0.04,   11, 0.000, 0.000, 0.280, 48
train,    4833, 14.854466,   88, 0.03,   12, 0.000, 0.000, 0.280, 48
train,    4834, 15.529832,   96, 0.05,   12, 0.000, 0.000, 0.280, 48
train,    4835, 16.521078,   91, 0.05,   10, 0.000, 0.000, 0.280, 48
train,    4836, 17.213066,   87, 0.04,   10, 0.000, 0.000, 0.280, 48
train,    4837, 15.751112,   93, 0.03,   12, 0.000, 0.000, 0.280, 48
train,    4838, 16.330491,   91, 0.02,   11, 0.000, 0.000, 0.280, 48
train,    4839, 17.352314,   91, 0.02,   13, 0.000, 0.000, 0.280, 48
train,    4840, 17.877597,   91, 0.05,   12, 0.000, 0.000, 0.280, 48
train,    4841, 15.571001,   89, 0.06,   13, 0.000, 0.000, 0.280, 48
train,    4842, 17.031396,   92, 0.03,   12, 0.000, 0.000, 0.280, 48
train,    4843, 16.999876,   88, 0.04,   12, 0.000, 0.000, 0.280, 48
train,    4844, 16.072630,   93, 0.04,   11, 0.000, 0.000, 0.280, 48
train,    4845, 16.025707,   90, 0.04,   10, 0.000, 0.000, 0.280, 48
train,    4846, 17.008309,   96, 0.02,   11, 0.000, 0.000, 0.280, 48
train,    4847, 16.387171,   89, 0.06,   11, 0.000, 0.000, 0.280, 48
train,    4848, 15.729005,   95, 0.04,   11, 0.000, 0.000, 0.280, 48
train,    4849, 17.400310,   94, 0.03,   10, 0.000, 0.000, 0.280, 48
train,    4850, 16.312176,   88, 0.04,   12, 0.000, 0.000, 0.280, 48
train,    4851, 17.848953,   93, 0.06,   12, 0.000, 0.000, 0.280, 48
train,    4852, 15.841367,   90, 0.04,   12, 0.000, 0.000, 0.280, 48
train,    4853, 16.241159,   97, 0.04,   12, 0.000, 0.000, 0.280, 48
train,    4854, 15.830503,   86, 0.05,   10, 0.000, 0.000, 0.280, 48
train,    4855, 16.019725,   87, 0.04,   12, 0.000, 0.000, 0.280, 48
train,    4856, 15.439128,   88, 0.04,   11, 0.000, 0.000, 0.280, 48
train,    4857, 16.165449,   95, 0.03,   12, 0.000, 0.000, 0.280, 48
train,    4858, 15.926068,   89, 0.03,   11, 0.000, 0.000, 0.280, 48
train,    4859, 16.208560,   94, 0.04,   11, 0.000, 0.000, 0.280, 48
train,    4860, 16.928441,   92, 0.05,   12, 0.000, 0.000, 0.280, 48
train,    4861, 16.485441,   93, 0.03,   13, 0.000, 0.000, 0.280, 48
train,    4862, 16.565035,   93, 0.01,   12, 0.000, 0.000, 0.280, 48
train,    4863, 15.098555,   93, 0.04,   12, 0.000, 0.000, 0.280, 48
train,    4864, 15.237827,   94, 0.03,   13, 0.000, 0.000, 0.280, 48
train,    4865, 16.358663,   90, 0.02,   11, 0.000, 0.000, 0.280, 48
train,    4866, 16.037151,   87, 0.04,   11, 0.000, 0.000, 0.280, 48
train,    4867, 15.852316,   95, 0.04,   12, 0.000, 0.000, 0.280, 48
train,    4868, 16.043271,   92, 0.03,   12, 0.000, 0.000, 0.280, 48
train,    4869, 15.897684,   91, 0.02,   10, 0.000, 0.000, 0.280, 48
train,    4870, 14.943600,   89, 0.03,   12, 0.000, 0.000, 0.280, 48
train,    4871, 15.962543,   90, 0.05,   12, 0.000, 0.000, 0.280, 48
train,    4872, 16.172298,   92, 0.03,   11, 0.000, 0.000, 0.280, 48
train,    4873, 15.405201,   94, 0.03,   12, 0.000, 0.000, 0.280, 48
train,    4874, 16.703586,   95, 0.03,   12, 0.000, 0.000, 0.280, 48
train,    4875, 16.189574,   85, 0.03,   11, 0.000, 0.000, 0.280, 48
train,    4876, 16.679618,   95, 0.04,   11, 0.000, 0.000, 0.280, 48
train,    4877, 16.370119,   89, 0.04,   10, 0.000, 0.000, 0.280, 48
train,    4878, 16.518491,   91, 0.01,   11, 0.000, 0.000, 0.280, 48
train,    4879, 16.715735,   87, 0.04,   13, 0.000, 0.000, 0.280, 48
train,    4880, 17.960348,   91, 0.02,   14, 0.000, 0.000, 0.280, 48
train,    4881, 15.574943,   96, 0.04,   12, 0.000, 0.000, 0.280, 48
train,    4882, 16.541029,   92, 0.04,   12, 0.000, 0.000, 0.280, 48
train,    4883, 15.737006,   92, 0.04,   11, 0.000, 0.000, 0.280, 48
train,    4884, 16.833188,   92, 0.04,   11, 0.000, 0.000, 0.280, 48
train,    4885, 16.430850,   91, 0.02,   12, 0.000, 0.000, 0.280, 48
train,    4886, 16.394450,   84, 0.03,   12, 0.000, 0.000, 0.280, 48
train,    4887, 15.867769,   92, 0.05,   12, 0.000, 0.000, 0.280, 48
train,    4888, 15.249961,   87, 0.03,   11, 0.000, 0.000, 0.280, 48
train,    4889, 16.312893,   90, 0.05,   11, 0.000, 0.000, 0.280, 48
train,    4890, 15.800310,   90, 0.03,   12, 0.000, 0.000, 0.280, 48
train,    4891, 16.726642,   95, 0.05,   11, 0.000, 0.000, 0.280, 48
train,    4892, 15.385434,   91, 0.04,   13, 0.000, 0.000, 0.280, 48
train,    4893, 16.180740,   92, 0.04,   12, 0.000, 0.000, 0.280, 48
train,    4894, 16.621851,   91, 0.03,   12, 0.000, 0.000, 0.280, 48
train,    4895, 16.133885,   91, 0.03,   12, 0.000, 0.000, 0.280, 48
train,    4896, 17.030958,   93, 0.05,   11, 0.000, 0.000, 0.280, 48
train,    4897, 16.369803,   88, 0.05,   11, 0.000, 0.000, 0.280, 48
train,    4898, 15.856188,   94, 0.03,   10, 0.000, 0.000, 0.280, 48
train,    4899, 16.006431,   92, 0.05,   11, 0.000, 0.000, 0.280, 48
train,    4900, 16.341628,   89, 0.06,   12, 0.000, 0.000, 0.280, 48
update,   4900,   49, 4900, 18.222625, 0.000000
val_t, 4900, 4900, 18.099633, 0.0133,  85.2722,   0.0745, 0.9696,  28.5329, progress 0.9798
train,    4901, 16.484272,   91, 0.04,   11, 0.000, 0.000, 0.280, 48
train,    4902, 16.008141,   94, 0.03,   10, 0.000, 0.000, 0.280, 48
train,    4903, 16.602003,   93, 0.03,   12, 0.000, 0.000, 0.280, 48
train,    4904, 17.284009,   96, 0.04,   12, 0.000, 0.000, 0.280, 48
train,    4905, 15.243343,   91, 0.04,   12, 0.000, 0.000, 0.280, 48
train,    4906, 15.856881,   91, 0.06,   13, 0.000, 0.000, 0.280, 48
train,    4907, 16.993097,   91, 0.03,   12, 0.000, 0.000, 0.280, 48
train,    4908, 16.752182,   88, 0.04,   12, 0.000, 0.000, 0.280, 48
train,    4909, 16.627648,   95, 0.03,   12, 0.000, 0.000, 0.280, 48
train,    4910, 16.798258,   92, 0.05,   12, 0.000, 0.000, 0.280, 48
train,    4911, 16.364784,   88, 0.04,   12, 0.000, 0.000, 0.280, 48
train,    4912, 15.978092,   97, 0.03,   11, 0.000, 0.000, 0.280, 48
train,    4913, 15.857513,   94, 0.04,   12, 0.000, 0.000, 0.280, 48
train,    4914, 15.244900,   89, 0.04,   13, 0.000, 0.000, 0.280, 48
train,    4915, 16.052530,   95, 0.03,   12, 0.000, 0.000, 0.280, 48
train,    4916, 15.759371,   91, 0.03,   11, 0.000, 0.000, 0.280, 48
train,    4917, 16.440367,   89, 0.04,   11, 0.000, 0.000, 0.280, 48
train,    4918, 16.124474,   92, 0.06,   11, 0.000, 0.000, 0.280, 48
train,    4919, 15.886004,   91, 0.06,   11, 0.000, 0.000, 0.280, 48
train,    4920, 16.318330,   87, 0.04,   11, 0.000, 0.000, 0.280, 48
train,    4921, 17.293314,   89, 0.02,   11, 0.000, 0.000, 0.280, 48
train,    4922, 16.684887,   91, 0.02,   12, 0.000, 0.000, 0.280, 48
train,    4923, 16.529238,   95, 0.04,   12, 0.000, 0.000, 0.280, 48
train,    4924, 16.081031,   89, 0.04,   11, 0.000, 0.000, 0.280, 48
train,    4925, 15.773326,   89, 0.03,   13, 0.000, 0.000, 0.280, 48
train,    4926, 16.893514,   90, 0.06,   11, 0.000, 0.000, 0.280, 48
train,    4927, 16.574574,   94, 0.03,   10, 0.000, 0.000, 0.280, 48
train,    4928, 17.024924,   96, 0.02,   13, 0.000, 0.000, 0.280, 48
train,    4929, 16.525017,   86, 0.04,   12, 0.000, 0.000, 0.280, 48
train,    4930, 18.222832,   91, 0.02,   12, 0.000, 0.000, 0.280, 48
train,    4931, 16.358439,   92, 0.04,   11, 0.000, 0.000, 0.280, 48
train,    4932, 17.029069,   95, 0.05,   11, 0.000, 0.000, 0.280, 48
train,    4933, 16.695849,   89, 0.03,   10, 0.000, 0.000, 0.280, 48
train,    4934, 15.834165,   93, 0.05,   12, 0.000, 0.000, 0.280, 48
train,    4935, 17.536165,   90, 0.03,   11, 0.000, 0.000, 0.280, 48
train,    4936, 16.935661,   90, 0.04,   11, 0.000, 0.000, 0.280, 48
train,    4937, 16.934124,   91, 0.03,   10, 0.000, 0.000, 0.280, 48
train,    4938, 16.740252,   90, 0.02,   10, 0.000, 0.000, 0.280, 48
train,    4939, 14.871610,   94, 0.04,   13, 0.000, 0.000, 0.280, 48
train,    4940, 17.596199,   92, 0.03,   11, 0.000, 0.000, 0.280, 48
train,    4941, 16.545313,   92, 0.03,   13, 0.000, 0.000, 0.280, 48
train,    4942, 17.342220,   93, 0.05,   11, 0.000, 0.000, 0.280, 48
train,    4943, 16.564850,   90, 0.04,   11, 0.000, 0.000, 0.280, 48
train,    4944, 15.708452,   92, 0.03,   10, 0.000, 0.000, 0.280, 48
train,    4945, 17.973935,   91, 0.03,   12, 0.000, 0.000, 0.280, 48
train,    4946, 16.917865,   93, 0.05,   11, 0.000, 0.000, 0.280, 48
train,    4947, 16.974841,   97, 0.04,   11, 0.000, 0.000, 0.280, 48
train,    4948, 17.219999,   88, 0.03,   12, 0.000, 0.000, 0.280, 48
train,    4949, 16.748968,   91, 0.02,   12, 0.000, 0.000, 0.280, 48
train,    4950, 17.551303,   86, 0.01,   11, 0.000, 0.000, 0.280, 48
train,    4951, 16.983435,   91, 0.03,   12, 0.000, 0.000, 0.280, 48
train,    4952, 16.001961,   92, 0.06,   12, 0.000, 0.000, 0.280, 48
train,    4953, 16.536284,   88, 0.05,   12, 0.000, 0.000, 0.280, 48
train,    4954, 16.586834,   94, 0.05,   11, 0.000, 0.000, 0.280, 48
train,    4955, 16.250599,   93, 0.03,   13, 0.000, 0.000, 0.280, 48
train,    4956, 16.498744,   94, 0.01,   11, 0.000, 0.000, 0.280, 48
train,    4957, 15.590296,   95, 0.03,   12, 0.000, 0.000, 0.280, 48
train,    4958, 16.338252,   95, 0.03,   11, 0.000, 0.000, 0.280, 48
train,    4959, 16.816611,   89, 0.04,   10, 0.000, 0.000, 0.280, 48
train,    4960, 17.223940,   96, 0.05,   11, 0.000, 0.000, 0.280, 48
train,    4961, 16.766930,   93, 0.02,   11, 0.000, 0.000, 0.280, 48
train,    4962, 16.989392,   89, 0.03,   11, 0.000, 0.000, 0.280, 48
train,    4963, 17.264972,   96, 0.05,   12, 0.000, 0.000, 0.280, 48
train,    4964, 16.977295,   95, 0.06,   13, 0.000, 0.000, 0.280, 48
train,    4965, 16.432409,   94, 0.03,   12, 0.000, 0.000, 0.280, 48
train,    4966, 17.272453,   94, 0.05,   12, 0.000, 0.000, 0.280, 48
train,    4967, 17.315226,   95, 0.04,   12, 0.000, 0.000, 0.280, 48
train,    4968, 16.581258,   95, 0.04,   11, 0.000, 0.000, 0.280, 48
train,    4969, 17.027118,   91, 0.04,   12, 0.000, 0.000, 0.280, 48
train,    4970, 17.281335,   96, 0.03,   13, 0.000, 0.000, 0.280, 48
train,    4971, 17.309856,   90, 0.02,   10, 0.000, 0.000, 0.280, 48
train,    4972, 16.689116,   95, 0.04,   11, 0.000, 0.000, 0.280, 48
train,    4973, 16.307399,   85, 0.03,   12, 0.000, 0.000, 0.280, 48
train,    4974, 17.670021,   94, 0.03,   12, 0.000, 0.000, 0.280, 48
train,    4975, 17.081036,   87, 0.05,   11, 0.000, 0.000, 0.280, 48
train,    4976, 17.599130,   90, 0.01,   10, 0.000, 0.000, 0.280, 48
train,    4977, 17.380493,   87, 0.00,   13, 0.000, 0.000, 0.280, 48
train,    4978, 17.031384,   89, 0.02,   11, 0.000, 0.000, 0.280, 48
train,    4979, 16.954055,   95, 0.04,   11, 0.000, 0.000, 0.280, 48
train,    4980, 17.663223,   93, 0.04,   11, 0.000, 0.000, 0.280, 48
train,    4981, 16.729795,   95, 0.03,   13, 0.000, 0.000, 0.280, 48
train,    4982, 17.468236,   95, 0.03,   12, 0.000, 0.000, 0.280, 48
train,    4983, 17.111875,   90, 0.02,   11, 0.000, 0.000, 0.280, 48
train,    4984, 16.652719,   88, 0.04,   13, 0.000, 0.000, 0.280, 48
train,    4985, 17.565019,   88, 0.03,   12, 0.000, 0.000, 0.280, 48
train,    4986, 17.652594,   92, 0.04,   11, 0.000, 0.000, 0.280, 48
train,    4987, 17.634719,   94, 0.03,   12, 0.000, 0.000, 0.280, 48
train,    4988, 16.960627,   92, 0.03,   12, 0.000, 0.000, 0.280, 48
train,    4989, 17.598028,   89, 0.05,   12, 0.000, 0.000, 0.280, 48
train,    4990, 17.211629,   90, 0.03,   11, 0.000, 0.000, 0.280, 48
train,    4991, 16.335101,   88, 0.02,   13, 0.000, 0.000, 0.280, 48
train,    4992, 18.263490,   95, 0.05,   12, 0.000, 0.000, 0.280, 48
train,    4993, 17.366013,   90, 0.01,   12, 0.000, 0.000, 0.280, 48
train,    4994, 18.578919,   90, 0.06,   11, 0.000, 0.000, 0.280, 48
train,    4995, 17.628747,   92, 0.04,   11, 0.000, 0.000, 0.280, 48
train,    4996, 17.804683,   95, 0.02,   10, 0.000, 0.000, 0.280, 48
train,    4997, 16.471541,   94, 0.01,   11, 0.000, 0.000, 0.280, 48
train,    4998, 16.427295,   88, 0.04,   13, 0.000, 0.000, 0.280, 48
train,    4999, 17.816227,   91, 0.05,   11, 0.000, 0.000, 0.280, 48
train,    5000, 17.205460,   88, 0.04,   12, 0.000, 0.000, 0.280, 48
update,   5000,   50, 5000, 17.422444, 0.000000
val_t, 5000, 5000, 18.001975, 0.0256,  93.2539,   0.0731, 0.9651,  28.8013, progress 0.9645
train,    5001, 16.238639,   88, 0.04,   13, 0.000, 0.000, 0.280, 48
train,    5002, 17.238403,   96, 0.02,   12, 0.000, 0.000, 0.280, 48
train,    5003, 17.452835,   90, 0.03,   11, 0.000, 0.000, 0.280, 48
train,    5004, 17.597550,   93, 0.04,   11, 0.000, 0.000, 0.280, 48
train,    5005, 18.357381,   88, 0.03,   10, 0.000, 0.000, 0.280, 48
train,    5006, 17.365549,   90, 0.03,   12, 0.000, 0.000, 0.280, 48
train,    5007, 16.994493,   88, 0.04,   11, 0.000, 0.000, 0.280, 48
train,    5008, 17.154650,   97, 0.02,   12, 0.000, 0.000, 0.280, 48
train,    5009, 17.994412,   89, 0.03,   11, 0.000, 0.000, 0.280, 48
train,    5010, 17.652789,   91, 0.04,   10, 0.000, 0.000, 0.280, 48
train,    5011, 16.354868,   88, 0.03,   11, 0.000, 0.000, 0.280, 48
train,    5012, 17.857382,   91, 0.03,   12, 0.000, 0.000, 0.280, 48
train,    5013, 18.096763,   90, 0.03,   12, 0.000, 0.000, 0.280, 48
train,    5014, 17.642759,   92, 0.03,   10, 0.000, 0.000, 0.280, 48
train,    5015, 17.191774,   91, 0.04,   11, 0.000, 0.000, 0.280, 48
train,    5016, 17.727923,   90, 0.02,   10, 0.000, 0.000, 0.280, 48
train,    5017, 18.207135,   96, 0.01,   12, 0.000, 0.000, 0.280, 48
train,    5018, 16.940972,   91, 0.04,   12, 0.000, 0.000, 0.280, 48
train,    5019, 17.173508,   94, 0.04,   11, 0.000, 0.000, 0.280, 48
train,    5020, 17.435525,   91, 0.03,   12, 0.000, 0.000, 0.280, 48
train,    5021, 17.282604,   94, 0.04,   11, 0.000, 0.000, 0.280, 48
train,    5022, 18.098054,   90, 0.03,   12, 0.000, 0.000, 0.280, 48
train,    5023, 18.308885,   96, 0.04,   12, 0.000, 0.000, 0.280, 48
train,    5024, 17.807074,   95, 0.01,   11, 0.000, 0.000, 0.280, 48
train,    5025, 17.480850,   91, 0.04,   12, 0.000, 0.000, 0.280, 48
train,    5026, 17.152178,   90, 0.04,   13, 0.000, 0.000, 0.280, 48
train,    5027, 17.736101,   91, 0.02,   11, 0.000, 0.000, 0.280, 48
train,    5028, 17.585406,   88, 0.05,   12, 0.000, 0.000, 0.280, 48
train,    5029, 18.217296,   92, 0.03,   12, 0.000, 0.000, 0.280, 48
train,    5030, 17.804098,   89, 0.02,   12, 0.000, 0.000, 0.280, 48
train,    5031, 18.177307,   95, 0.04,   11, 0.000, 0.000, 0.280, 48
train,    5032, 17.424679,   89, 0.03,   11, 0.000, 0.000, 0.280, 48
train,    5033, 17.868501,   90, 0.04,   11, 0.000, 0.000, 0.280, 48
train,    5034, 17.403068,   92, 0.04,   10, 0.000, 0.000, 0.280, 48
train,    5035, 18.251558,   95, 0.03,   12, 0.000, 0.000, 0.280, 48
train,    5036, 17.388181,   93, 0.03,   12, 0.000, 0.000, 0.280, 48
train,    5037, 17.864625,   89, 0.04,   11, 0.000, 0.000, 0.280, 48
train,    5038, 17.995927,   94, 0.03,   11, 0.000, 0.000, 0.280, 48
train,    5039, 18.219634,   90, 0.03,   11, 0.000, 0.000, 0.280, 48
train,    5040, 17.523850,   93, 0.03,   12, 0.000, 0.000, 0.280, 48
train,    5041, 16.832559,   91, 0.01,   10, 0.000, 0.000, 0.280, 48
train,    5042, 17.913780,   90, 0.02,   13, 0.000, 0.000, 0.280, 48
train,    5043, 17.563493,   88, 0.05,   11, 0.000, 0.000, 0.280, 48
train,    5044, 17.744475,   91, 0.02,   11, 0.000, 0.000, 0.280, 48
train,    5045, 17.630460,   94, 0.03,   12, 0.000, 0.000, 0.280, 48
train,    5046, 18.272157,   93, 0.04,   10, 0.000, 0.000, 0.280, 48
train,    5047, 18.462714,   95, 0.04,   11, 0.000, 0.000, 0.280, 48
train,    5048, 17.826481,   92, 0.03,   11, 0.000, 0.000, 0.280, 48
train,    5049, 17.876562,   92, 0.03,   12, 0.000, 0.000, 0.280, 48
train,    5050, 18.179703,   88, 0.02,   12, 0.000, 0.000, 0.280, 48
train,    5051, 17.716814,   91, 0.03,   12, 0.000, 0.000, 0.280, 48
train,    5052, 18.477509,   92, 0.05,   11, 0.000, 0.000, 0.280, 48
train,    5053, 18.296178,   88, 0.03,   12, 0.000, 0.000, 0.280, 48
train,    5054, 17.208035,   91, 0.04,   12, 0.000, 0.000, 0.280, 48
train,    5055, 18.074357,   96, 0.03,   11, 0.000, 0.000, 0.280, 48
train,    5056, 17.793808,   95, 0.03,   12, 0.000, 0.000, 0.280, 48
train,    5057, 18.421328,   92, 0.04,   11, 0.000, 0.000, 0.280, 48
train,    5058, 17.723837,   89, 0.03,   10, 0.000, 0.000, 0.280, 48
train,    5059, 18.333829,   87, 0.02,   11, 0.000, 0.000, 0.280, 48
train,    5060, 18.527223,   89, 0.05,   13, 0.000, 0.000, 0.280, 48
train,    5061, 17.555157,   94, 0.04,   11, 0.000, 0.000, 0.280, 48
train,    5062, 18.611988,   87, 0.06,   12, 0.000, 0.000, 0.280, 48
train,    5063, 18.508712,   90, 0.03,   12, 0.000, 0.000, 0.280, 48
train,    5064, 18.208263,   92, 0.03,   11, 0.000, 0.000, 0.280, 48
train,    5065, 17.272460,   91, 0.04,   11, 0.000, 0.000, 0.280, 48
train,    5066, 17.645946,   95, 0.03,   12, 0.000, 0.000, 0.280, 48
train,    5067, 18.587760,   93, 0.04,   12, 0.000, 0.000, 0.280, 48
train,    5068, 18.594164,   94, 0.03,   11, 0.000, 0.000, 0.280, 48
train,    5069, 18.874443,   93, 0.03,   10, 0.000, 0.000, 0.280, 48
train,    5070, 18.267386,   88, 0.02,   12, 0.000, 0.000, 0.280, 48
train,    5071, 18.225124,   88, 0.03,   12, 0.000, 0.000, 0.280, 48
train,    5072, 18.125995,   91, 0.03,   11, 0.000, 0.000, 0.280, 48
train,    5073, 19.830524,   90, 0.02,   12, 0.000, 0.000, 0.280, 48
train,    5074, 18.826344,   89, 0.02,   11, 0.000, 0.000, 0.280, 48
train,    5075, 18.296300,   95, 0.05,   11, 0.000, 0.000, 0.280, 48
train,    5076, 18.253565,   89, 0.02,   12, 0.000, 0.000, 0.280, 48
train,    5077, 17.591021,   93, 0.03,   11, 0.000, 0.000, 0.280, 48
train,    5078, 18.104073,   95, 0.03,   13, 0.000, 0.000, 0.280, 48
train,    5079, 18.327139,   88, 0.02,   11, 0.000, 0.000, 0.280, 48
train,    5080, 18.772416,   90, 0.03,   11, 0.000, 0.000, 0.280, 48
train,    5081, 18.683129,   93, 0.02,   10, 0.000, 0.000, 0.280, 48
train,    5082, 17.430671,   95, 0.02,   11, 0.000, 0.000, 0.280, 48
train,    5083, 18.098289,   90, 0.05,   11, 0.000, 0.000, 0.280, 48
train,    5084, 18.340416,   93, 0.04,   12, 0.000, 0.000, 0.280, 48
train,    5085, 18.726302,   91, 0.04,   12, 0.000, 0.000, 0.280, 48
train,    5086, 18.404249,   94, 0.02,   10, 0.000, 0.000, 0.280, 48
train,    5087, 18.696645,   95, 0.02,   13, 0.000, 0.000, 0.280, 48
train,    5088, 18.333541,   91, 0.06,   10, 0.000, 0.000, 0.280, 48
train,    5089, 18.721013,   95, 0.03,   12, 0.000, 0.000, 0.280, 48
train,    5090, 18.700151,   95, 0.01,   11, 0.000, 0.000, 0.280, 48
train,    5091, 19.045018,   87, 0.03,   11, 0.000, 0.000, 0.280, 48
train,    5092, 18.454622,   93, 0.04,   12, 0.000, 0.000, 0.280, 48
train,    5093, 18.756078,   96, 0.02,   11, 0.000, 0.000, 0.280, 48
train,    5094, 18.126549,   92, 0.03,    9, 0.000, 0.000, 0.280, 48
train,    5095, 18.275560,   92, 0.03,   13, 0.000, 0.000, 0.280, 48
train,    5096, 19.719451,   88, 0.02,   12, 0.000, 0.000, 0.280, 48
train,    5097, 18.711139,   96, 0.04,   12, 0.000, 0.000, 0.280, 48
train,    5098, 18.560205,   88, 0.05,   11, 0.000, 0.000, 0.280, 48
train,    5099, 18.590161,   89, 0.01,   12, 0.000, 0.000, 0.280, 48
train,    5100, 18.431308,   90, 0.04,   11, 0.000, 0.000, 0.280, 48
update,   5100,   51, 5100, 16.852602, 0.000000
val_t, 5100, 5100, 17.770379, 0.0273,  91.0694,   0.0696, 0.9731,  28.5352, progress 0.9566
train,    5101, 18.189077,   96, 0.05,   12, 0.000, 0.000, 0.280, 48
train,    5102, 18.357925,   90, 0.05,   12, 0.000, 0.000, 0.280, 48
train,    5103, 18.026967,   93, 0.03,   11, 0.000, 0.000, 0.280, 48
train,    5104, 19.404379,   92, 0.04,   12, 0.000, 0.000, 0.280, 48
train,    5105, 18.471260,   95, 0.02,   12, 0.000, 0.000, 0.280, 48
train,    5106, 18.415666,   88, 0.05,   11, 0.000, 0.000, 0.280, 48
train,    5107, 18.694825,   89, 0.05,   11, 0.000, 0.000, 0.280, 48
train,    5108, 18.954095,   89, 0.02,   12, 0.000, 0.000, 0.280, 48
train,    5109, 18.279151,   95, 0.05,   12, 0.000, 0.000, 0.280, 48
train,    5110, 18.637760,   87, 0.02,   11, 0.000, 0.000, 0.280, 48
train,    5111, 18.663114,   89, 0.03,   11, 0.000, 0.000, 0.280, 48
train,    5112, 18.734701,   96, 0.03,   12, 0.000, 0.000, 0.280, 48
train,    5113, 19.410770,   94, 0.03,   12, 0.000, 0.000, 0.280, 48
train,    5114, 18.226310,   94, 0.03,   12, 0.000, 0.000, 0.280, 48
train,    5115, 18.574622,   91, 0.04,   10, 0.000, 0.000, 0.280, 48
train,    5116, 18.453357,   85, 0.02,   12, 0.000, 0.000, 0.280, 48
train,    5117, 18.859784,   92, 0.04,   11, 0.000, 0.000, 0.280, 48
train,    5118, 19.174393,   96, 0.03,   11, 0.000, 0.000, 0.280, 48
train,    5119, 17.816205,   88, 0.05,   11, 0.000, 0.000, 0.280, 48
train,    5120, 18.660586,   95, 0.04,   12, 0.000, 0.000, 0.280, 48
train,    5121, 18.881677,   95, 0.04,   10, 0.000, 0.000, 0.280, 48
train,    5122, 18.795663,   94, 0.03,   12, 0.000, 0.000, 0.280, 48
train,    5123, 19.364430,   96, 0.03,   11, 0.000, 0.000, 0.280, 48
train,    5124, 18.701599,   91, 0.04,   11, 0.000, 0.000, 0.280, 48
train,    5125, 17.927559,   94, 0.04,   11, 0.000, 0.000, 0.280, 48
train,    5126, 18.990014,   94, 0.02,   12, 0.000, 0.000, 0.280, 48
train,    5127, 18.487431,   88, 0.02,   12, 0.000, 0.000, 0.280, 48
train,    5128, 19.350729,   94, 0.04,   12, 0.000, 0.000, 0.280, 48
train,    5129, 18.773866,   92, 0.05,   13, 0.000, 0.000, 0.280, 48
train,    5130, 19.865755,   89, 0.04,   12, 0.000, 0.000, 0.280, 48
train,    5131, 19.553345,   94, 0.03,   12, 0.000, 0.000, 0.280, 48
train,    5132, 19.008409,   89, 0.05,   11, 0.000, 0.000, 0.280, 48
train,    5133, 18.849927,   93, 0.03,   11, 0.000, 0.000, 0.280, 48
train,    5134, 18.076336,   94, 0.05,   11, 0.000, 0.000, 0.280, 48
train,    5135, 19.044259,   90, 0.04,   12, 0.000, 0.000, 0.280, 48
train,    5136, 18.834558,   88, 0.03,   11, 0.000, 0.000, 0.280, 48
train,    5137, 18.188242,   97, 0.03,   12, 0.000, 0.000, 0.280, 48
train,    5138, 19.649126,   94, 0.04,   12, 0.000, 0.000, 0.280, 48
train,    5139, 18.938846,   94, 0.04,   10, 0.000, 0.000, 0.280, 48
train,    5140, 18.317096,   91, 0.02,   11, 0.000, 0.000, 0.280, 48
train,    5141, 18.590985,   92, 0.03,   12, 0.000, 0.000, 0.280, 48
train,    5142, 19.586669,   94, 0.02,   13, 0.000, 0.000, 0.280, 48
train,    5143, 19.279620,   90, 0.05,   13, 0.000, 0.000, 0.280, 48
train,    5144, 19.055726,   92, 0.05,   11, 0.000, 0.000, 0.280, 48
train,    5145, 18.940324,   90, 0.04,   12, 0.000, 0.000, 0.280, 48
train,    5146, 18.671262,   93, 0.04,   12, 0.000, 0.000, 0.280, 48
train,    5147, 19.511205,   91, 0.02,   12, 0.000, 0.000, 0.280, 48
train,    5148, 19.209167,   90, 0.02,   11, 0.000, 0.000, 0.280, 48
train,    5149, 19.859907,   94, 0.03,   11, 0.000, 0.000, 0.280, 48
train,    5150, 18.315915,   92, 0.02,   12, 0.000, 0.000, 0.280, 48
train,    5151, 18.427279,   89, 0.04,   11, 0.000, 0.000, 0.280, 48
train,    5152, 18.798906,   89, 0.04,   12, 0.000, 0.000, 0.280, 48
train,    5153, 17.556681,   90, 0.02,   11, 0.000, 0.000, 0.280, 48
train,    5154, 18.475380,   92, 0.05,   13, 0.000, 0.000, 0.280, 48
train,    5155, 18.865099,   88, 0.02,   11, 0.000, 0.000, 0.280, 48
train,    5156, 18.154155,   90, 0.01,   10, 0.000, 0.000, 0.280, 48
train,    5157, 18.454831,   89, 0.05,   11, 0.000, 0.000, 0.280, 48
train,    5158, 18.790374,   94, 0.04,   12, 0.000, 0.000, 0.280, 48
train,    5159, 18.556530,   88, 0.04,   11, 0.000, 0.000, 0.280, 48
train,    5160, 18.807832,   93, 0.03,   12, 0.000, 0.000, 0.280, 48
train,    5161, 18.624596,   92, 0.04,   11, 0.000, 0.000, 0.280, 48
train,    5162, 18.280298,   90, 0.04,   12, 0.000, 0.000, 0.280, 48
train,    5163, 18.711423,   89, 0.03,   10, 0.000, 0.000, 0.280, 48
train,    5164, 18.985469,   98, 0.03,   12, 0.000, 0.000, 0.280, 48
train,    5165, 18.184775,   90, 0.03,   12, 0.000, 0.000, 0.280, 48
train,    5166, 18.504365,   90, 0.02,   11, 0.000, 0.000, 0.280, 48
train,    5167, 18.277538,   94, 0.04,   12, 0.000, 0.000, 0.280, 48
train,    5168, 18.678192,   92, 0.03,   11, 0.000, 0.000, 0.280, 48
train,    5169, 18.576179,   88, 0.03,   11, 0.000, 0.000, 0.280, 48
train,    5170, 18.949193,   93, 0.03,   11, 0.000, 0.000, 0.280, 48
train,    5171, 18.439401,   94, 0.04,   11, 0.000, 0.000, 0.280, 48
train,    5172, 18.626491,   93, 0.04,   11, 0.000, 0.000, 0.280, 48
train,    5173, 18.386296,   94, 0.03,   11, 0.000, 0.000, 0.280, 48
train,    5174, 18.107407,   95, 0.03,   12, 0.000, 0.000, 0.280, 48
train,    5175, 17.805412,   91, 0.04,   11, 0.000, 0.000, 0.280, 48
train,    5176, 18.335155,   94, 0.01,   11, 0.000, 0.000, 0.280, 48
train,    5177, 17.951937,   94, 0.04,   12, 0.000, 0.000, 0.280, 48
train,    5178, 18.098336,   93, 0.04,   13, 0.000, 0.000, 0.280, 48
train,    5179, 18.414392,   87, 0.03,   11, 0.000, 0.000, 0.280, 48
train,    5180, 18.948453,   91, 0.04,   11, 0.000, 0.000, 0.280, 48
train,    5181, 18.623050,   93, 0.03,   11, 0.000, 0.000, 0.280, 48
train,    5182, 18.713678,   92, 0.04,   12, 0.000, 0.000, 0.280, 48
train,    5183, 18.462670,   91, 0.02,   11, 0.000, 0.000, 0.280, 48
train,    5184, 19.432961,   88, 0.05,   12, 0.000, 0.000, 0.280, 48
train,    5185, 18.203255,   95, 0.04,   11, 0.000, 0.000, 0.280, 48
train,    5186, 18.820639,   93, 0.01,   13, 0.000, 0.000, 0.280, 48
train,    5187, 20.018221,   97, 0.02,   11, 0.000, 0.000, 0.280, 48
train,    5188, 17.908849,   89, 0.05,   11, 0.000, 0.000, 0.280, 48
train,    5189, 18.305804,   93, 0.04,   12, 0.000, 0.000, 0.280, 48
train,    5190, 18.127155,   91, 0.04,   11, 0.000, 0.000, 0.280, 48
train,    5191, 17.992829,   90, 0.02,   11, 0.000, 0.000, 0.280, 48
train,    5192, 18.589268,   93, 0.02,   11, 0.000, 0.000, 0.280, 48
train,    5193, 18.825233,   92, 0.04,   12, 0.000, 0.000, 0.280, 48
train,    5194, 18.304325,   90, 0.05,   11, 0.000, 0.000, 0.280, 48
train,    5195, 18.365226,   94, 0.03,   12, 0.000, 0.000, 0.280, 48
train,    5196, 18.572283,   89, 0.02,   11, 0.000, 0.000, 0.280, 48
train,    5197, 17.957461,   91, 0.04,   11, 0.000, 0.000, 0.280, 48
train,    5198, 18.810641,   93, 0.04,   11, 0.000, 0.000, 0.280, 48
train,    5199, 18.458217,   91, 0.04,   11, 0.000, 0.000, 0.280, 48
train,    5200, 17.769702,   91, 0.03,   12, 0.000, 0.000, 0.280, 48
update,   5200,   52, 5200, 17.188582, 0.000000
val_t, 5200, 5200, 16.563162, 0.0306,  90.1882,   0.0648, 0.9746,  28.6343, progress 0.9808
train,    5201, 18.669098,   92, 0.02,   12, 0.000, 0.000, 0.280, 48
train,    5202, 18.724034,   92, 0.03,   13, 0.000, 0.000, 0.280, 48
train,    5203, 17.251221,   94, 0.03,   12, 0.000, 0.000, 0.280, 48
train,    5204, 18.349244,   90, 0.05,   13, 0.000, 0.000, 0.280, 48
train,    5205, 18.724008,   90, 0.04,   12, 0.000, 0.000, 0.280, 48
train,    5206, 18.052053,   96, 0.03,   11, 0.000, 0.000, 0.280, 48
train,    5207, 18.299612,   94, 0.03,   11, 0.000, 0.000, 0.280, 48
train,    5208, 18.317991,   96, 0.03,   13, 0.000, 0.000, 0.280, 48
train,    5209, 17.818292,   94, 0.05,   12, 0.000, 0.000, 0.280, 48
train,    5210, 18.187043,   95, 0.04,   12, 0.000, 0.000, 0.280, 48
train,    5211, 18.663638,   91, 0.04,   12, 0.000, 0.000, 0.280, 48
train,    5212, 18.026523,   90, 0.03,   12, 0.000, 0.000, 0.280, 48
train,    5213, 18.450046,   93, 0.03,   10, 0.000, 0.000, 0.280, 48
train,    5214, 18.436900,   91, 0.04,   13, 0.000, 0.000, 0.280, 48
train,    5215, 18.512086,   90, 0.03,   11, 0.000, 0.000, 0.280, 48
train,    5216, 18.726629,   92, 0.02,   11, 0.000, 0.000, 0.280, 48
train,    5217, 18.620638,   87, 0.02,   11, 0.000, 0.000, 0.280, 48
train,    5218, 17.574435,   90, 0.04,   12, 0.000, 0.000, 0.280, 48
train,    5219, 18.270997,   92, 0.03,   12, 0.000, 0.000, 0.280, 48
train,    5220, 18.870608,   96, 0.01,   11, 0.000, 0.000, 0.280, 48
train,    5221, 18.257596,   92, 0.03,   11, 0.000, 0.000, 0.280, 48
train,    5222, 18.696858,   92, 0.03,   12, 0.000, 0.000, 0.280, 48
train,    5223, 17.060713,   94, 0.03,   11, 0.000, 0.000, 0.280, 48
train,    5224, 18.571731,   94, 0.04,   12, 0.000, 0.000, 0.280, 48
train,    5225, 18.618137,   95, 0.04,   12, 0.000, 0.000, 0.280, 48
train,    5226, 17.550441,   92, 0.04,   11, 0.000, 0.000, 0.280, 48
train,    5227, 16.958441,   91, 0.03,   12, 0.000, 0.000, 0.280, 48
train,    5228, 18.001550,   94, 0.02,   12, 0.000, 0.000, 0.280, 48
train,    5229, 18.956245,   95, 0.04,   13, 0.000, 0.000, 0.280, 48
train,    5230, 17.644818,   92, 0.04,   13, 0.000, 0.000, 0.280, 48
train,    5231, 18.175277,   92, 0.05,   11, 0.000, 0.000, 0.280, 48
train,    5232, 17.976780,   92, 0.02,   11, 0.000, 0.000, 0.280, 48
train,    5233, 18.161560,   89, 0.04,   12, 0.000, 0.000, 0.280, 48
train,    5234, 17.735352,   92, 0.03,   12, 0.000, 0.000, 0.280, 48
train,    5235, 18.003391,   90, 0.03,   12, 0.000, 0.000, 0.280, 48
train,    5236, 16.972094,   94, 0.02,   11, 0.000, 0.000, 0.280, 48
train,    5237, 18.044533,   96, 0.03,   11, 0.000, 0.000, 0.280, 48
train,    5238, 17.239193,   91, 0.04,   11, 0.000, 0.000, 0.280, 48
train,    5239, 16.615188,   91, 0.03,   13, 0.000, 0.000, 0.280, 48
train,    5240, 17.496393,   91, 0.05,   11, 0.000, 0.000, 0.280, 48
train,    5241, 18.297744,   93, 0.04,   11, 0.000, 0.000, 0.280, 48
train,    5242, 17.684454,   93, 0.04,   12, 0.000, 0.000, 0.280, 48
train,    5243, 17.847790,   94, 0.04,   11, 0.000, 0.000, 0.280, 48
train,    5244, 17.860092,   90, 0.05,   12, 0.000, 0.000, 0.280, 48
train,    5245, 17.991808,   91, 0.04,   10, 0.000, 0.000, 0.280, 48
train,    5246, 18.397794,   94, 0.03,   10, 0.000, 0.000, 0.280, 48
train,    5247, 18.470316,   96, 0.05,   12, 0.000, 0.000, 0.280, 48
train,    5248, 18.353580,   96, 0.02,   11, 0.000, 0.000, 0.280, 48
train,    5249, 18.175843,   89, 0.02,   12, 0.000, 0.000, 0.280, 48
train,    5250, 17.916519,   89, 0.02,   13, 0.000, 0.000, 0.280, 48
train,    5251, 17.792217,   96, 0.03,   11, 0.000, 0.000, 0.280, 48
train,    5252, 18.452525,   93, 0.03,   12, 0.000, 0.000, 0.280, 48
train,    5253, 17.667538,   96, 0.02,   11, 0.000, 0.000, 0.280, 48
train,    5254, 18.355990,   93, 0.04,   11, 0.000, 0.000, 0.280, 48
train,    5255, 16.988480,   89, 0.02,   12, 0.000, 0.000, 0.280, 48
train,    5256, 17.862267,   89, 0.06,   12, 0.000, 0.000, 0.280, 48
train,    5257, 17.223439,   92, 0.04,   11, 0.000, 0.000, 0.280, 48
train,    5258, 17.119519,   87, 0.02,   10, 0.000, 0.000, 0.280, 48
train,    5259, 18.229171,   92, 0.03,   12, 0.000, 0.000, 0.280, 48
train,    5260, 18.555723,   96, 0.03,   13, 0.000, 0.000, 0.280, 48
train,    5261, 17.870962,   97, 0.03,   11, 0.000, 0.000, 0.280, 48
train,    5262, 17.579270,   94, 0.05,   13, 0.000, 0.000, 0.280, 48
train,    5263, 17.770311,   96, 0.04,   11, 0.000, 0.000, 0.280, 48
train,    5264, 17.469676,   88, 0.06,   11, 0.000, 0.000, 0.280, 48
train,    5265, 17.983908,   92, 0.05,   11, 0.000, 0.000, 0.280, 48
train,    5266, 17.792547,   95, 0.02,   11, 0.000, 0.000, 0.280, 48
train,    5267, 17.349487,   89, 0.03,   12, 0.000, 0.000, 0.280, 48
train,    5268, 17.929115,   91, 0.03,   12, 0.000, 0.000, 0.280, 48
train,    5269, 17.508265,   92, 0.05,   12, 0.000, 0.000, 0.280, 48
train,    5270, 17.416583,   93, 0.04,   12, 0.000, 0.000, 0.280, 48
train,    5271, 17.521495,   96, 0.05,   13, 0.000, 0.000, 0.280, 48
train,    5272, 17.003244,   95, 0.03,   11, 0.000, 0.000, 0.280, 48
train,    5273, 17.337639,   95, 0.04,   12, 0.000, 0.000, 0.280, 48
train,    5274, 17.192502,   90, 0.05,   11, 0.000, 0.000, 0.280, 48
train,    5275, 18.693333,   95, 0.05,   11, 0.000, 0.000, 0.280, 48
train,    5276, 17.263057,   93, 0.05,   12, 0.000, 0.000, 0.280, 48
train,    5277, 16.586068,   93, 0.04,   12, 0.000, 0.000, 0.280, 48
train,    5278, 17.688370,   89, 0.04,   11, 0.000, 0.000, 0.280, 48
train,    5279, 17.673058,   90, 0.04,   11, 0.000, 0.000, 0.280, 48
train,    5280, 16.576416,   92, 0.02,   12, 0.000, 0.000, 0.280, 48
train,    5281, 18.236761,   94, 0.02,   12, 0.000, 0.000, 0.280, 48
train,    5282, 16.718476,   90, 0.01,   12, 0.000, 0.000, 0.280, 48
train,    5283, 17.196584,   95, 0.03,   11, 0.000, 0.000, 0.280, 48
train,    5284, 16.406875,   89, 0.02,   12, 0.000, 0.000, 0.280, 48
train,    5285, 16.768583,   89, 0.02,   12, 0.000, 0.000, 0.280, 48
train,    5286, 17.739415,   93, 0.05,   11, 0.000, 0.000, 0.280, 48
train,    5287, 16.598969,   90, 0.03,   12, 0.000, 0.000, 0.280, 48
train,    5288, 16.516878,   93, 0.02,   13, 0.000, 0.000, 0.280, 48
train,    5289, 16.015043,   94, 0.03,   11, 0.000, 0.000, 0.280, 48
train,    5290, 16.353848,   94, 0.02,   12, 0.000, 0.000, 0.280, 48
train,    5291, 17.376047,   89, 0.02,   11, 0.000, 0.000, 0.280, 48
train,    5292, 17.674295,   89, 0.04,   11, 0.000, 0.000, 0.280, 48
train,    5293, 18.015478,   97, 0.05,   11, 0.000, 0.000, 0.280, 48
train,    5294, 17.074081,   91, 0.02,   11, 0.000, 0.000, 0.280, 48
train,    5295, 16.551953,   89, 0.02,   12, 0.000, 0.000, 0.280, 48
train,    5296, 16.998880,   94, 0.02,   11, 0.000, 0.000, 0.280, 48
train,    5297, 17.230364,   95, 0.02,   12, 0.000, 0.000, 0.280, 48
train,    5298, 16.722388,   87, 0.02,   11, 0.000, 0.000, 0.280, 48
train,    5299, 18.095129,   90, 0.03,   12, 0.000, 0.000, 0.280, 48
train,    5300, 15.998734,   97, 0.03,   12, 0.000, 0.000, 0.280, 48
update,   5300,   53, 5300, 18.858024, 0.000000
val_t, 5300, 5300, 15.559186, 0.0257,  89.5967,   0.0788, 0.9792,  28.3262, progress 0.9840
train,    5301, 15.628755,   94, 0.05,   11, 0.000, 0.000, 0.280, 48
train,    5302, 16.789363,   94, 0.04,   12, 0.000, 0.000, 0.280, 48
train,    5303, 16.463795,   93, 0.04,   11, 0.000, 0.000, 0.280, 48
train,    5304, 17.212768,   88, 0.04,   11, 0.000, 0.000, 0.280, 48
train,    5305, 16.695948,   94, 0.04,   12, 0.000, 0.000, 0.280, 48
train,    5306, 17.029081,   91, 0.03,   11, 0.000, 0.000, 0.280, 48
train,    5307, 16.908109,   87, 0.03,   10, 0.000, 0.000, 0.280, 48
train,    5308, 17.016817,   91, 0.02,   12, 0.000, 0.000, 0.280, 48
train,    5309, 17.316125,   89, 0.04,   12, 0.000, 0.000, 0.280, 48
train,    5310, 17.444340,   93, 0.04,   11, 0.000, 0.000, 0.280, 48
train,    5311, 16.790985,   93, 0.04,   11, 0.000, 0.000, 0.280, 48
train,    5312, 16.070261,   94, 0.03,   12, 0.000, 0.000, 0.280, 48
train,    5313, 17.410973,   91, 0.03,   10, 0.000, 0.000, 0.280, 48
train,    5314, 16.022408,   92, 0.03,   12, 0.000, 0.000, 0.280, 48
train,    5315, 15.863057,   90, 0.04,   11, 0.000, 0.000, 0.280, 48
train,    5316, 17.337064,   93, 0.03,   11, 0.000, 0.000, 0.280, 48
train,    5317, 16.222525,   97, 0.04,   12, 0.000, 0.000, 0.280, 48
train,    5318, 17.077696,   96, 0.05,   12, 0.000, 0.000, 0.280, 48
train,    5319, 16.198433,   91, 0.03,   12, 0.000, 0.000, 0.280, 48
train,    5320, 15.829459,   91, 0.04,   13, 0.000, 0.000, 0.280, 48
train,    5321, 16.441779,   92, 0.03,   12, 0.000, 0.000, 0.280, 48
train,    5322, 16.224284,   95, 0.04,   13, 0.000, 0.000, 0.280, 48
train,    5323, 16.124980,   96, 0.02,   11, 0.000, 0.000, 0.280, 48
train,    5324, 16.837806,   91, 0.03,   10, 0.000, 0.000, 0.280, 48
train,    5325, 16.752243,   97, 0.05,   10, 0.000, 0.000, 0.280, 48
train,    5326, 16.904576,   91, 0.05,   11, 0.000, 0.000, 0.280, 48
train,    5327, 16.578328,   98, 0.03,   11, 0.000, 0.000, 0.280, 48
train,    5328, 17.368904,   91, 0.02,   12, 0.000, 0.000, 0.280, 48
train,    5329, 16.974009,   92, 0.03,   11, 0.000, 0.000, 0.280, 48
train,    5330, 16.566129,   96, 0.04,   13, 0.000, 0.000, 0.280, 48
train,    5331, 17.467637,   90, 0.03,   11, 0.000, 0.000, 0.280, 48
train,    5332, 15.999978,   94, 0.04,   11, 0.000, 0.000, 0.280, 48
train,    5333, 16.370399,   94, 0.05,   11, 0.000, 0.000, 0.280, 48
train,    5334, 16.494544,   90, 0.02,   11, 0.000, 0.000, 0.280, 48
train,    5335, 16.412249,   87, 0.04,   12, 0.000, 0.000, 0.280, 48
train,    5336, 16.878993,   90, 0.03,   12, 0.000, 0.000, 0.280, 48
train,    5337, 16.218804,   96, 0.04,   13, 0.000, 0.000, 0.280, 48
train,    5338, 16.084910,   92, 0.04,   11, 0.000, 0.000, 0.280, 48
train,    5339, 16.974283,   91, 0.05,   10, 0.000, 0.000, 0.280, 48
train,    5340, 15.860179,   95, 0.03,   11, 0.000, 0.000, 0.280, 48
train,    5341, 15.475669,   92, 0.06,   11, 0.000, 0.000, 0.280, 48
train,    5342, 15.695737,   91, 0.03,   12, 0.000, 0.000, 0.280, 48
train,    5343, 16.961566,   92, 0.05,   11, 0.000, 0.000, 0.280, 48
train,    5344, 15.653946,   96, 0.05,   11, 0.000, 0.000, 0.280, 48
train,    5345, 15.693003,   94, 0.00,   12, 0.000, 0.000, 0.280, 48
train,    5346, 16.687816,   94, 0.03,   12, 0.000, 0.000, 0.280, 48
train,    5347, 16.064216,   88, 0.02,   11, 0.000, 0.000, 0.280, 48
train,    5348, 15.996521,   94, 0.04,   12, 0.000, 0.000, 0.280, 48
train,    5349, 15.736041,   92, 0.05,   12, 0.000, 0.000, 0.280, 48
train,    5350, 16.274730,   97, 0.03,   12, 0.000, 0.000, 0.280, 48
train,    5351, 15.974140,   90, 0.03,   11, 0.000, 0.000, 0.280, 48
train,    5352, 16.665169,   90, 0.02,   11, 0.000, 0.000, 0.280, 48
train,    5353, 15.073179,   90, 0.02,   11, 0.000, 0.000, 0.280, 48
train,    5354, 16.368264,   91, 0.01,   12, 0.000, 0.000, 0.280, 48
train,    5355, 16.271457,   94, 0.04,   11, 0.000, 0.000, 0.280, 48
train,    5356, 15.428489,   97, 0.03,   10, 0.000, 0.000, 0.280, 48
train,    5357, 16.407300,   93, 0.01,   12, 0.000, 0.000, 0.280, 48
train,    5358, 16.175773,   91, 0.04,   12, 0.000, 0.000, 0.280, 48
train,    5359, 14.877904,   94, 0.05,   11, 0.000, 0.000, 0.280, 48
train,    5360, 15.924714,   90, 0.05,   12, 0.000, 0.000, 0.280, 48
train,    5361, 15.931767,   92, 0.04,   12, 0.000, 0.000, 0.280, 48
train,    5362, 15.162246,   94, 0.05,   12, 0.000, 0.000, 0.280, 48
train,    5363, 15.328290,   90, 0.03,   12, 0.000, 0.000, 0.280, 48
train,    5364, 15.624511,   93, 0.05,   10, 0.000, 0.000, 0.280, 48
train,    5365, 17.005594,   91, 0.02,   10, 0.000, 0.000, 0.280, 48
train,    5366, 15.480362,   96, 0.02,   12, 0.000, 0.000, 0.280, 48
train,    5367, 15.848793,   89, 0.05,   11, 0.000, 0.000, 0.280, 48
train,    5368, 14.872972,   92, 0.03,   13, 0.000, 0.000, 0.280, 48
train,    5369, 16.338381,   91, 0.03,   12, 0.000, 0.000, 0.280, 48
train,    5370, 15.561670,   96, 0.04,   11, 0.000, 0.000, 0.280, 48
train,    5371, 16.681537,   91, 0.04,   11, 0.000, 0.000, 0.280, 48
train,    5372, 16.194174,   92, 0.05,   13, 0.000, 0.000, 0.280, 48
train,    5373, 14.987740,   89, 0.02,   12, 0.000, 0.000, 0.280, 48
train,    5374, 15.492858,   92, 0.03,   12, 0.000, 0.000, 0.280, 48
train,    5375, 14.875543,   95, 0.04,   12, 0.000, 0.000, 0.280, 48
train,    5376, 15.378923,   90, 0.02,   11, 0.000, 0.000, 0.280, 48
train,    5377, 15.538283,   88, 0.04,   13, 0.000, 0.000, 0.280, 48
train,    5378, 15.586426,   93, 0.02,   13, 0.000, 0.000, 0.280, 48
train,    5379, 15.568898,   93, 0.03,   12, 0.000, 0.000, 0.280, 48
train,    5380, 14.669798,   91, 0.04,   12, 0.000, 0.000, 0.280, 48
train,    5381, 16.097135,   90, 0.05,   10, 0.000, 0.000, 0.280, 48
train,    5382, 15.747032,   92, 0.02,   11, 0.000, 0.000, 0.280, 48
train,    5383, 15.324842,   90, 0.03,   11, 0.000, 0.000, 0.280, 48
train,    5384, 15.332820,   93, 0.04,   13, 0.000, 0.000, 0.280, 48
train,    5385, 15.889391,   95, 0.03,   11, 0.000, 0.000, 0.280, 48
train,    5386, 15.949217,   88, 0.06,   11, 0.000, 0.000, 0.280, 48
train,    5387, 15.844553,   91, 0.05,   12, 0.000, 0.000, 0.280, 48
train,    5388, 14.339561,   90, 0.03,   12, 0.000, 0.000, 0.280, 48
train,    5389, 15.643604,   92, 0.04,   11, 0.000, 0.000, 0.280, 48
train,    5390, 15.626782,   92, 0.04,   11, 0.000, 0.000, 0.280, 48
train,    5391, 15.827828,   94, 0.03,   12, 0.000, 0.000, 0.280, 48
train,    5392, 15.642292,   92, 0.03,   12, 0.000, 0.000, 0.280, 48
train,    5393, 15.747731,   95, 0.02,   12, 0.000, 0.000, 0.280, 48
train,    5394, 15.275412,   95, 0.04,   12, 0.000, 0.000, 0.280, 48
train,    5395, 14.624272,   92, 0.03,   11, 0.000, 0.000, 0.280, 48
train,    5396, 15.838231,   88, 0.03,   12, 0.000, 0.000, 0.280, 48
train,    5397, 14.999613,   91, 0.03,   13, 0.000, 0.000, 0.280, 48
train,    5398, 15.487759,   92, 0.04,   12, 0.000, 0.000, 0.280, 48
train,    5399, 15.746816,   92, 0.03,   11, 0.000, 0.000, 0.280, 48
train,    5400, 15.676483,   96, 0.04,   12, 0.000, 0.000, 0.280, 48
update,   5400,   54, 5400, 16.979282, 0.000000
val_t, 5400, 5400, 15.852521, 0.0190,  94.1775,   0.0572, 0.9831,  28.6762, progress 0.9640
train,    5401, 15.730887,   90, 0.02,   11, 0.000, 0.000, 0.280, 48
train,    5402, 16.356027,   88, 0.03,   13, 0.000, 0.000, 0.280, 48
train,    5403, 15.403607,   95, 0.02,   12, 0.000, 0.000, 0.280, 48
train,    5404, 14.919468,   97, 0.04,   11, 0.000, 0.000, 0.280, 48
train,    5405, 15.446410,   92, 0.02,   10, 0.000, 0.000, 0.280, 48
train,    5406, 14.990689,   94, 0.04,   11, 0.000, 0.000, 0.280, 48
train,    5407, 15.591781,   91, 0.04,   11, 0.000, 0.000, 0.280, 48
train,    5408, 15.634186,   93, 0.03,   12, 0.000, 0.000, 0.280, 48
train,    5409, 15.278622,   92, 0.03,   12, 0.000, 0.000, 0.280, 48
train,    5410, 15.438791,   91, 0.03,   11, 0.000, 0.000, 0.280, 48
train,    5411, 14.773439,   92, 0.02,   11, 0.000, 0.000, 0.280, 48
train,    5412, 15.435082,   93, 0.03,   11, 0.000, 0.000, 0.280, 48
train,    5413, 15.196358,   96, 0.04,   11, 0.000, 0.000, 0.280, 48
train,    5414, 16.670667,   93, 0.02,   11, 0.000, 0.000, 0.280, 48
train,    5415, 15.256916,   89, 0.02,   11, 0.000, 0.000, 0.280, 48
train,    5416, 15.352034,   95, 0.04,   13, 0.000, 0.000, 0.280, 48
train,    5417, 14.607781,   98, 0.05,   13, 0.000, 0.000, 0.280, 48
train,    5418, 15.467306,   96, 0.02,   12, 0.000, 0.000, 0.280, 48
train,    5419, 15.342020,   92, 0.05,   11, 0.000, 0.000, 0.280, 48
train,    5420, 14.052519,   90, 0.02,   12, 0.000, 0.000, 0.280, 48
train,    5421, 15.669088,   92, 0.04,   12, 0.000, 0.000, 0.280, 48
train,    5422, 15.259002,   97, 0.04,   12, 0.000, 0.000, 0.280, 48
train,    5423, 15.159263,   93, 0.02,   11, 0.000, 0.000, 0.280, 48
train,    5424, 14.718234,   94, 0.03,   12, 0.000, 0.000, 0.280, 48
train,    5425, 15.426856,   92, 0.03,   12, 0.000, 0.000, 0.280, 48
train,    5426, 15.100338,   92, 0.03,   12, 0.000, 0.000, 0.280, 48
train,    5427, 15.722006,   92, 0.03,   13, 0.000, 0.000, 0.280, 48
train,    5428, 15.042798,   96, 0.03,   12, 0.000, 0.000, 0.280, 48
train,    5429, 16.322973,   97, 0.02,   11, 0.000, 0.000, 0.280, 48
train,    5430, 15.321230,   89, 0.04,   13, 0.000, 0.000, 0.280, 48
train,    5431, 15.659088,   91, 0.02,   12, 0.000, 0.000, 0.280, 48
train,    5432, 15.500447,   97, 0.02,   11, 0.000, 0.000, 0.280, 48
train,    5433, 15.726499,   91, 0.04,   11, 0.000, 0.000, 0.280, 48
train,    5434, 15.079194,   90, 0.04,   12, 0.000, 0.000, 0.280, 48
train,    5435, 15.337052,   94, 0.03,   11, 0.000, 0.000, 0.280, 48
train,    5436, 15.721944,   90, 0.04,   13, 0.000, 0.000, 0.280, 48
train,    5437, 15.659702,   95, 0.03,   13, 0.000, 0.000, 0.280, 48
train,    5438, 15.183576,   88, 0.03,   12, 0.000, 0.000, 0.280, 48
train,    5439, 15.833048,   92, 0.04,   13, 0.000, 0.000, 0.280, 48
train,    5440, 16.254465,   92, 0.03,   12, 0.000, 0.000, 0.280, 48
train,    5441, 14.877380,   87, 0.03,   13, 0.000, 0.000, 0.280, 48
train,    5442, 14.362016,   96, 0.02,   11, 0.000, 0.000, 0.280, 48
train,    5443, 15.083131,   94, 0.03,   11, 0.000, 0.000, 0.280, 48
train,    5444, 15.470494,   93, 0.02,   12, 0.000, 0.000, 0.280, 48
train,    5445, 15.411756,   93, 0.04,   12, 0.000, 0.000, 0.280, 48
train,    5446, 16.285870,   89, 0.03,   11, 0.000, 0.000, 0.280, 48
train,    5447, 14.742622,   91, 0.04,   12, 0.000, 0.000, 0.280, 48
train,    5448, 15.046906,   94, 0.04,   11, 0.000, 0.000, 0.280, 48
train,    5449, 15.083231,   92, 0.03,   13, 0.000, 0.000, 0.280, 48
train,    5450, 15.497607,   93, 0.04,   12, 0.000, 0.000, 0.280, 48
train,    5451, 15.467005,   91, 0.02,   12, 0.000, 0.000, 0.280, 48
train,    5452, 15.034534,   96, 0.04,   12, 0.000, 0.000, 0.280, 48
train,    5453, 15.520931,   89, 0.02,   12, 0.000, 0.000, 0.280, 48
train,    5454, 15.847556,   93, 0.02,   11, 0.000, 0.000, 0.280, 48
train,    5455, 15.082642,   90, 0.03,   11, 0.000, 0.000, 0.280, 48
train,    5456, 15.725427,   94, 0.04,   13, 0.000, 0.000, 0.280, 48
train,    5457, 15.924030,   94, 0.03,   11, 0.000, 0.000, 0.280, 48
train,    5458, 15.479119,   91, 0.04,   12, 0.000, 0.000, 0.280, 48
train,    5459, 15.116746,   91, 0.04,   11, 0.000, 0.000, 0.280, 48
train,    5460, 15.227982,   91, 0.03,   12, 0.000, 0.000, 0.280, 48
train,    5461, 15.149601,   92, 0.02,   12, 0.000, 0.000, 0.280, 48
train,    5462, 15.532320,   96, 0.05,   12, 0.000, 0.000, 0.280, 48
train,    5463, 15.498821,   91, 0.02,   12, 0.000, 0.000, 0.280, 48
train,    5464, 15.639378,   89, 0.02,   12, 0.000, 0.000, 0.280, 48
train,    5465, 15.817985,   89, 0.04,   13, 0.000, 0.000, 0.280, 48
train,    5466, 14.679059,   96, 0.04,   12, 0.000, 0.000, 0.280, 48
train,    5467, 14.955676,   91, 0.04,   12, 0.000, 0.000, 0.280, 48
train,    5468, 14.860779,   94, 0.04,   11, 0.000, 0.000, 0.280, 48
train,    5469, 15.031482,   89, 0.02,   11, 0.000, 0.000, 0.280, 48
train,    5470, 16.256870,   92, 0.04,   12, 0.000, 0.000, 0.280, 48
train,    5471, 15.577704,   97, 0.02,   12, 0.000, 0.000, 0.280, 48
train,    5472, 15.471737,   95, 0.04,   14, 0.000, 0.000, 0.280, 48
train,    5473, 15.219798,   91, 0.02,   13, 0.000, 0.000, 0.280, 48
train,    5474, 15.209884,   93, 0.05,   12, 0.000, 0.000, 0.280, 48
train,    5475, 15.218126,   89, 0.03,   10, 0.000, 0.000, 0.280, 48
train,    5476, 15.330504,   88, 0.03,   13, 0.000, 0.000, 0.280, 48
train,    5477, 15.439150,   93, 0.01,   11, 0.000, 0.000, 0.280, 48
train,    5478, 15.503173,   93, 0.04,   10, 0.000, 0.000, 0.280, 48
train,    5479, 15.667159,   95, 0.05,   11, 0.000, 0.000, 0.280, 48
train,    5480, 15.879037,   97, 0.05,   12, 0.000, 0.000, 0.280, 48
train,    5481, 15.586711,   92, 0.04,   13, 0.000, 0.000, 0.280, 48
train,    5482, 15.205681,   92, 0.02,   12, 0.000, 0.000, 0.280, 48
train,    5483, 15.372673,   88, 0.03,   11, 0.000, 0.000, 0.280, 48
train,    5484, 15.168245,   90, 0.02,   11, 0.000, 0.000, 0.280, 48
train,    5485, 16.408902,   97, 0.02,   12, 0.000, 0.000, 0.280, 48
train,    5486, 16.881748,   94, 0.03,   11, 0.000, 0.000, 0.280, 48
train,    5487, 16.733650,   95, 0.03,   11, 0.000, 0.000, 0.280, 48
train,    5488, 15.393563,   98, 0.03,   12, 0.000, 0.000, 0.280, 48
train,    5489, 15.106832,   96, 0.03,   10, 0.000, 0.000, 0.280, 48
train,    5490, 16.844673,   97, 0.04,   10, 0.000, 0.000, 0.280, 48
train,    5491, 16.390870,   92, 0.03,   12, 0.000, 0.000, 0.280, 48
train,    5492, 15.731477,   91, 0.02,   11, 0.000, 0.000, 0.280, 48
train,    5493, 16.552176,   95, 0.05,   13, 0.000, 0.000, 0.280, 48
train,    5494, 16.002213,   95, 0.02,   12, 0.000, 0.000, 0.280, 48
train,    5495, 16.329277,   92, 0.02,   11, 0.000, 0.000, 0.280, 48
train,    5496, 14.938840,   88, 0.05,   12, 0.000, 0.000, 0.280, 48
train,    5497, 14.934889,   93, 0.04,   11, 0.000, 0.000, 0.280, 48
train,    5498, 16.317074,   91, 0.04,   12, 0.000, 0.000, 0.280, 48
train,    5499, 14.950016,   93, 0.03,   11, 0.000, 0.000, 0.280, 48
train,    5500, 16.022763,   92, 0.03,   11, 0.000, 0.000, 0.280, 48
update,   5500,   55, 5500, 17.985550, 0.000000
val_t, 5500, 5500, 16.850698, 0.0315,  87.6800,   0.0799, 0.9800,  28.8201, progress 0.9588
train,    5501, 15.931478,   88, 0.04,   12, 0.000, 0.000, 0.280, 48
train,    5502, 16.103820,   94, 0.04,   10, 0.000, 0.000, 0.280, 48
train,    5503, 14.981809,   95, 0.02,   11, 0.000, 0.000, 0.280, 48
train,    5504, 15.382325,   90, 0.03,   13, 0.000, 0.000, 0.280, 48
train,    5505, 16.200104,   93, 0.03,   11, 0.000, 0.000, 0.280, 48
train,    5506, 15.173454,   93, 0.04,   13, 0.000, 0.000, 0.280, 48
train,    5507, 14.778870,   89, 0.02,   13, 0.000, 0.000, 0.280, 48
train,    5508, 16.115225,   95, 0.03,   12, 0.000, 0.000, 0.280, 48
train,    5509, 15.829595,   90, 0.03,   11, 0.000, 0.000, 0.280, 48
train,    5510, 15.870610,   94, 0.06,   12, 0.000, 0.000, 0.280, 48
train,    5511, 16.167485,   90, 0.04,   12, 0.000, 0.000, 0.280, 48
train,    5512, 15.923052,   89, 0.01,   11, 0.000, 0.000, 0.280, 48
train,    5513, 16.049927,   89, 0.03,   11, 0.000, 0.000, 0.280, 48
train,    5514, 16.132779,   95, 0.04,   11, 0.000, 0.000, 0.280, 48
train,    5515, 16.061843,   93, 0.03,   13, 0.000, 0.000, 0.280, 48
train,    5516, 16.215104,   91, 0.03,   12, 0.000, 0.000, 0.280, 48
train,    5517, 16.692809,   95, 0.03,   11, 0.000, 0.000, 0.280, 48
train,    5518, 16.569897,   92, 0.03,   13, 0.000, 0.000, 0.280, 48
train,    5519, 15.514153,   93, 0.03,   13, 0.000, 0.000, 0.280, 48
train,    5520, 15.887268,   91, 0.00,   11, 0.000, 0.000, 0.280, 48
train,    5521, 17.360345,   90, 0.02,   12, 0.000, 0.000, 0.280, 48
train,    5522, 16.218925,   96, 0.02,   12, 0.000, 0.000, 0.280, 48
train,    5523, 16.154777,   94, 0.03,   12, 0.000, 0.000, 0.280, 48
train,    5524, 16.754676,   90, 0.06,   12, 0.000, 0.000, 0.280, 48
train,    5525, 15.498708,   93, 0.04,   11, 0.000, 0.000, 0.280, 48
train,    5526, 16.655294,   91, 0.02,   11, 0.000, 0.000, 0.280, 48
train,    5527, 15.980198,   94, 0.05,   11, 0.000, 0.000, 0.280, 48
train,    5528, 16.296566,   89, 0.03,   10, 0.000, 0.000, 0.280, 48
train,    5529, 16.766287,   89, 0.04,   12, 0.000, 0.000, 0.280, 48
train,    5530, 15.873466,   88, 0.01,   11, 0.000, 0.000, 0.280, 48
train,    5531, 15.984316,   94, 0.03,   11, 0.000, 0.000, 0.280, 48
train,    5532, 16.452696,   95, 0.04,   13, 0.000, 0.000, 0.280, 48
train,    5533, 15.947922,   93, 0.04,   12, 0.000, 0.000, 0.280, 48
train,    5534, 15.854017,   90, 0.05,   10, 0.000, 0.000, 0.280, 48
train,    5535, 16.052414,   91, 0.03,   12, 0.000, 0.000, 0.280, 48
train,    5536, 16.544927,   96, 0.03,   11, 0.000, 0.000, 0.280, 48
train,    5537, 17.414353,   96, 0.05,   12, 0.000, 0.000, 0.280, 48
train,    5538, 16.397771,   95, 0.03,   12, 0.000, 0.000, 0.280, 48
train,    5539, 16.936688,   91, 0.01,   11, 0.000, 0.000, 0.280, 48
train,    5540, 16.874715,   97, 0.03,   11, 0.000, 0.000, 0.280, 48
train,    5541, 16.830296,   96, 0.05,   13, 0.000, 0.000, 0.280, 48
train,    5542, 17.239613,   91, 0.03,   11, 0.000, 0.000, 0.280, 48
train,    5543, 17.390071,   94, 0.04,   12, 0.000, 0.000, 0.280, 48
train,    5544, 16.400786,   90, 0.03,   11, 0.000, 0.000, 0.280, 48
train,    5545, 15.978229,   91, 0.03,   12, 0.000, 0.000, 0.280, 48
train,    5546, 16.975034,   95, 0.03,   10, 0.000, 0.000, 0.280, 48
train,    5547, 16.378901,   92, 0.07,   11, 0.000, 0.000, 0.280, 48
train,    5548, 16.618934,   94, 0.03,   13, 0.000, 0.000, 0.280, 48
train,    5549, 17.263050,   97, 0.04,   11, 0.000, 0.000, 0.280, 48
train,    5550, 17.816741,   91, 0.03,   12, 0.000, 0.000, 0.280, 48
train,    5551, 16.806614,   94, 0.04,   12, 0.000, 0.000, 0.280, 48
train,    5552, 17.469049,   90, 0.04,   13, 0.000, 0.000, 0.280, 48
train,    5553, 16.190037,   96, 0.03,   13, 0.000, 0.000, 0.280, 48
train,    5554, 16.728991,   91, 0.03,   10, 0.000, 0.000, 0.280, 48
train,    5555, 16.613893,   94, 0.04,   12, 0.000, 0.000, 0.280, 48
train,    5556, 17.544058,   93, 0.04,   11, 0.000, 0.000, 0.280, 48
train,    5557, 16.699673,   97, 0.03,   12, 0.000, 0.000, 0.280, 48
train,    5558, 16.807333,   95, 0.03,   12, 0.000, 0.000, 0.280, 48
train,    5559, 17.099283,   90, 0.04,   10, 0.000, 0.000, 0.280, 48
train,    5560, 16.033065,   92, 0.02,   12, 0.000, 0.000, 0.280, 48
train,    5561, 16.539593,   94, 0.04,   12, 0.000, 0.000, 0.280, 48
train,    5562, 15.955736,   88, 0.04,   11, 0.000, 0.000, 0.280, 48
train,    5563, 16.527642,   96, 0.01,   13, 0.000, 0.000, 0.280, 48
train,    5564, 16.697820,   96, 0.02,   11, 0.000, 0.000, 0.280, 48
train,    5565, 16.934732,   95, 0.03,   11, 0.000, 0.000, 0.280, 48
train,    5566, 17.204907,   93, 0.06,   12, 0.000, 0.000, 0.280, 48
train,    5567, 16.758299,   95, 0.03,   13, 0.000, 0.000, 0.280, 48
train,    5568, 17.079865,   93, 0.03,   11, 0.000, 0.000, 0.280, 48
train,    5569, 16.819960,   97, 0.04,   12, 0.000, 0.000, 0.280, 48
train,    5570, 15.830065,   90, 0.03,   11, 0.000, 0.000, 0.280, 48
train,    5571, 16.828823,   93, 0.04,   11, 0.000, 0.000, 0.280, 48
train,    5572, 16.880437,   96, 0.00,   12, 0.000, 0.000, 0.280, 48
train,    5573, 17.003621,   96, 0.03,   12, 0.000, 0.000, 0.280, 48
train,    5574, 17.563257,   90, 0.05,   13, 0.000, 0.000, 0.280, 48
train,    5575, 17.261380,   89, 0.03,   12, 0.000, 0.000, 0.280, 48
train,    5576, 16.643527,   94, 0.04,   12, 0.000, 0.000, 0.280, 48
train,    5577, 17.195372,   91, 0.04,   12, 0.000, 0.000, 0.280, 48
train,    5578, 17.129639,   92, 0.03,   11, 0.000, 0.000, 0.280, 48
train,    5579, 17.708979,   89, 0.04,   12, 0.000, 0.000, 0.280, 48
train,    5580, 16.114604,   95, 0.03,   11, 0.000, 0.000, 0.280, 48
train,    5581, 16.702578,   92, 0.03,   11, 0.000, 0.000, 0.280, 48
train,    5582, 17.039000,   91, 0.03,   12, 0.000, 0.000, 0.280, 48
train,    5583, 16.671749,   95, 0.03,   12, 0.000, 0.000, 0.280, 48
train,    5584, 16.799925,   91, 0.02,   12, 0.000, 0.000, 0.280, 48
train,    5585, 16.515644,   91, 0.05,   12, 0.000, 0.000, 0.280, 48
train,    5586, 16.936222,   94, 0.02,   11, 0.000, 0.000, 0.280, 48
train,    5587, 17.314272,   96, 0.03,   11, 0.000, 0.000, 0.280, 48
train,    5588, 17.988140,   92, 0.05,   11, 0.000, 0.000, 0.280, 48
train,    5589, 16.839046,   91, 0.03,   11, 0.000, 0.000, 0.280, 48
train,    5590, 16.740733,   93, 0.05,   12, 0.000, 0.000, 0.280, 48
train,    5591, 17.378919,   95, 0.02,   11, 0.000, 0.000, 0.280, 48
train,    5592, 17.624745,   87, 0.04,   12, 0.000, 0.000, 0.280, 48
train,    5593, 18.536944,   90, 0.01,   13, 0.000, 0.000, 0.280, 48
train,    5594, 17.243714,   95, 0.03,   12, 0.000, 0.000, 0.280, 48
train,    5595, 17.576143,   90, 0.02,   12, 0.000, 0.000, 0.280, 48
train,    5596, 18.018774,   89, 0.02,   13, 0.000, 0.000, 0.280, 48
train,    5597, 18.208882,   90, 0.03,   11, 0.000, 0.000, 0.280, 48
train,    5598, 17.631238,   90, 0.04,   11, 0.000, 0.000, 0.280, 48
train,    5599, 17.370493,   95, 0.03,   13, 0.000, 0.000, 0.280, 48
train,    5600, 17.930426,   91, 0.04,   12, 0.000, 0.000, 0.280, 48
update,   5600,   56, 5600, 17.154522, 0.000000
val_t, 5600, 5600, 18.742242, 0.0402,  91.9820,   0.0670, 0.9707,  29.2336, progress 0.9784
train,    5601, 18.932860,   93, 0.04,   13, 0.000, 0.000, 0.280, 48
train,    5602, 16.559657,   94, 0.00,   10, 0.000, 0.000, 0.280, 48
train,    5603, 17.478288,   91, 0.03,   12, 0.000, 0.000, 0.280, 48
train,    5604, 18.009120,   98, 0.03,   13, 0.000, 0.000, 0.280, 48
train,    5605, 16.965428,   92, 0.03,   11, 0.000, 0.000, 0.280, 48
train,    5606, 17.732048,   97, 0.02,   10, 0.000, 0.000, 0.280, 48
train,    5607, 17.942473,   93, 0.05,   12, 0.000, 0.000, 0.280, 48
train,    5608, 18.418890,   94, 0.04,   13, 0.000, 0.000, 0.280, 48
train,    5609, 17.732885,   96, 0.04,   11, 0.000, 0.000, 0.280, 48
train,    5610, 17.848604,   95, 0.03,   11, 0.000, 0.000, 0.280, 48
train,    5611, 17.305643,   96, 0.01,   13, 0.000, 0.000, 0.280, 48
train,    5612, 17.643375,   96, 0.01,   11, 0.000, 0.000, 0.280, 48
train,    5613, 17.973766,   92, 0.02,   11, 0.000, 0.000, 0.280, 48
train,    5614, 17.781231,   92, 0.03,   13, 0.000, 0.000, 0.280, 48
train,    5615, 17.303438,   91, 0.06,   11, 0.000, 0.000, 0.280, 48
train,    5616, 16.543374,   91, 0.04,   12, 0.000, 0.000, 0.280, 48
train,    5617, 17.715699,   95, 0.03,   13, 0.000, 0.000, 0.280, 48
train,    5618, 17.533087,   92, 0.02,   11, 0.000, 0.000, 0.280, 48
train,    5619, 18.548552,   90, 0.03,   10, 0.000, 0.000, 0.280, 48
train,    5620, 18.168414,   88, 0.02,   11, 0.000, 0.000, 0.280, 48
train,    5621, 17.629887,   98, 0.04,   12, 0.000, 0.000, 0.280, 48
train,    5622, 19.132769,   93, 0.02,   10, 0.000, 0.000, 0.280, 48
train,    5623, 18.558652,   91, 0.04,   12, 0.000, 0.000, 0.280, 48
train,    5624, 18.453620,   90, 0.03,   12, 0.000, 0.000, 0.280, 48
train,    5625, 17.661550,   90, 0.04,   12, 0.000, 0.000, 0.280, 48
train,    5626, 17.286937,   94, 0.03,   12, 0.000, 0.000, 0.280, 48
train,    5627, 18.782944,   93, 0.04,   12, 0.000, 0.000, 0.280, 48
train,    5628, 17.587710,   90, 0.03,   12, 0.000, 0.000, 0.280, 48
train,    5629, 18.654871,   92, 0.01,   12, 0.000, 0.000, 0.280, 48
train,    5630, 18.680752,   90, 0.01,   12, 0.000, 0.000, 0.280, 48
train,    5631, 17.663293,   93, 0.03,   11, 0.000, 0.000, 0.280, 48
train,    5632, 17.784825,   90, 0.02,   11, 0.000, 0.000, 0.280, 48
train,    5633, 17.435546,   92, 0.04,   12, 0.000, 0.000, 0.280, 48
train,    5634, 18.377320,   90, 0.04,   12, 0.000, 0.000, 0.280, 48
train,    5635, 17.130800,   95, 0.02,   13, 0.000, 0.000, 0.280, 48
train,    5636, 18.181077,   97, 0.02,   12, 0.000, 0.000, 0.280, 48
train,    5637, 17.378337,   94, 0.04,   11, 0.000, 0.000, 0.280, 48
train,    5638, 18.133686,   90, 0.03,   11, 0.000, 0.000, 0.280, 48
train,    5639, 18.948765,   91, 0.03,   11, 0.000, 0.000, 0.280, 48
train,    5640, 17.167470,   92, 0.05,   12, 0.000, 0.000, 0.280, 48
train,    5641, 19.045165,   97, 0.04,   13, 0.000, 0.000, 0.280, 48
train,    5642, 18.548701,   91, 0.05,   12, 0.000, 0.000, 0.280, 48
train,    5643, 18.502135,   96, 0.03,   14, 0.000, 0.000, 0.280, 48
train,    5644, 18.041364,   94, 0.03,   12, 0.000, 0.000, 0.280, 48
train,    5645, 17.762554,   96, 0.03,   12, 0.000, 0.000, 0.280, 48
train,    5646, 17.489086,   93, 0.02,   11, 0.000, 0.000, 0.280, 48
train,    5647, 18.339198,   92, 0.03,   12, 0.000, 0.000, 0.280, 48
train,    5648, 18.599534,   94, 0.05,   12, 0.000, 0.000, 0.280, 48
train,    5649, 17.834578,   95, 0.02,   12, 0.000, 0.000, 0.280, 48
train,    5650, 19.031738,   94, 0.05,   12, 0.000, 0.000, 0.280, 48
train,    5651, 18.245874,   97, 0.03,   13, 0.000, 0.000, 0.280, 48
train,    5652, 18.122282,   94, 0.05,   12, 0.000, 0.000, 0.280, 48
train,    5653, 18.667738,   91, 0.03,   12, 0.000, 0.000, 0.280, 48
train,    5654, 19.050361,   95, 0.05,   12, 0.000, 0.000, 0.280, 48
train,    5655, 17.959199,   92, 0.04,   11, 0.000, 0.000, 0.280, 48
train,    5656, 17.983998,   94, 0.01,   12, 0.000, 0.000, 0.280, 48
train,    5657, 17.621449,   91, 0.04,   12, 0.000, 0.000, 0.280, 48
train,    5658, 19.059664,   94, 0.05,   11, 0.000, 0.000, 0.280, 48
train,    5659, 18.757306,   89, 0.03,   13, 0.000, 0.000, 0.280, 48
train,    5660, 17.783088,   95, 0.04,   12, 0.000, 0.000, 0.280, 48
train,    5661, 18.518344,   87, 0.02,   11, 0.000, 0.000, 0.280, 48
train,    5662, 18.682717,   96, 0.04,   12, 0.000, 0.000, 0.280, 48
train,    5663, 18.685913,   90, 0.05,   10, 0.000, 0.000, 0.280, 48
train,    5664, 17.902320,   93, 0.04,   12, 0.000, 0.000, 0.280, 48
train,    5665, 18.291920,   94, 0.04,   11, 0.000, 0.000, 0.280, 48
train,    5666, 19.187441,   96, 0.04,   12, 0.000, 0.000, 0.280, 48
train,    5667, 17.927391,   94, 0.03,   11, 0.000, 0.000, 0.280, 48
train,    5668, 17.505803,   95, 0.04,   12, 0.000, 0.000, 0.280, 48
train,    5669, 18.699467,   92, 0.03,   12, 0.000, 0.000, 0.280, 48
train,    5670, 18.524838,   92, 0.03,   12, 0.000, 0.000, 0.280, 48
train,    5671, 19.813302,   91, 0.03,   11, 0.000, 0.000, 0.280, 48
train,    5672, 18.629649,   89, 0.02,   11, 0.000, 0.000, 0.280, 48
train,    5673, 19.066133,   93, 0.04,   11, 0.000, 0.000, 0.280, 48
train,    5674, 18.055871,   89, 0.04,   13, 0.000, 0.000, 0.280, 48
train,    5675, 18.489001,   94, 0.04,   12, 0.000, 0.000, 0.280, 48
train,    5676, 18.813263,   91, 0.04,   12, 0.000, 0.000, 0.280, 48
train,    5677, 17.851786,   95, 0.02,   12, 0.000, 0.000, 0.280, 48
train,    5678, 19.001392,   95, 0.05,   12, 0.000, 0.000, 0.280, 48
train,    5679, 18.774205,   95, 0.04,   12, 0.000, 0.000, 0.280, 48
train,    5680, 18.133880,   90, 0.03,   10, 0.000, 0.000, 0.280, 48
train,    5681, 18.568713,   91, 0.03,   13, 0.000, 0.000, 0.280, 48
train,    5682, 19.010900,   92, 0.03,   12, 0.000, 0.000, 0.280, 48
train,    5683, 19.669181,   89, 0.03,   11, 0.000, 0.000, 0.280, 48
train,    5684, 19.402071,   93, 0.03,   11, 0.000, 0.000, 0.280, 48
train,    5685, 18.169006,   91, 0.03,   12, 0.000, 0.000, 0.280, 48
train,    5686, 19.112264,   91, 0.04,   11, 0.000, 0.000, 0.280, 48
train,    5687, 19.535780,   92, 0.02,   11, 0.000, 0.000, 0.280, 48
train,    5688, 18.715063,   93, 0.05,   12, 0.000, 0.000, 0.280, 48
train,    5689, 19.954059,   94, 0.05,   12, 0.000, 0.000, 0.280, 48
train,    5690, 18.829769,   94, 0.04,   11, 0.000, 0.000, 0.280, 48
train,    5691, 18.700977,   94, 0.02,   11, 0.000, 0.000, 0.280, 48
train,    5692, 18.375008,   88, 0.03,   11, 0.000, 0.000, 0.280, 48
train,    5693, 19.316871,   94, 0.03,   12, 0.000, 0.000, 0.280, 48
train,    5694, 19.347385,   96, 0.02,   11, 0.000, 0.000, 0.280, 48
train,    5695, 18.965148,   91, 0.04,   12, 0.000, 0.000, 0.280, 48
train,    5696, 18.843601,   92, 0.02,   12, 0.000, 0.000, 0.280, 48
train,    5697, 18.531758,   88, 0.02,   11, 0.000, 0.000, 0.280, 48
train,    5698, 19.129530,   92, 0.03,   11, 0.000, 0.000, 0.280, 48
train,    5699, 18.687004,   94, 0.04,   12, 0.000, 0.000, 0.280, 48
train,    5700, 19.489666,   97, 0.02,   12, 0.000, 0.000, 0.280, 48
update,   5700,   57, 5700, 18.075488, 0.000000
val_t, 5700, 5700, 19.220290, 0.0235,  86.4589,   0.0807, 0.9755,  29.0500, progress 0.9693
train,    5701, 18.977319,   93, 0.02,   13, 0.000, 0.000, 0.280, 48
train,    5702, 18.730700,   91, 0.03,   11, 0.000, 0.000, 0.280, 48
train,    5703, 18.896506,   94, 0.02,   13, 0.000, 0.000, 0.280, 48
train,    5704, 19.018863,   93, 0.03,   12, 0.000, 0.000, 0.280, 48
train,    5705, 18.818560,   89, 0.03,   13, 0.000, 0.000, 0.280, 48
train,    5706, 19.770052,   91, 0.05,   11, 0.000, 0.000, 0.280, 48
train,    5707, 19.374091,   93, 0.04,   11, 0.000, 0.000, 0.280, 48
train,    5708, 19.739157,   90, 0.05,   12, 0.000, 0.000, 0.280, 48
train,    5709, 19.212778,   91, 0.02,   12, 0.000, 0.000, 0.280, 48
train,    5710, 18.673126,   93, 0.03,   13, 0.000, 0.000, 0.280, 48
train,    5711, 20.101950,   87, 0.04,   11, 0.000, 0.000, 0.280, 48
train,    5712, 18.823149,   90, 0.03,   11, 0.000, 0.000, 0.280, 48
train,    5713, 19.750601,   94, 0.03,   12, 0.000, 0.000, 0.280, 48
train,    5714, 19.034443,   96, 0.03,   12, 0.000, 0.000, 0.280, 48
train,    5715, 19.368067,   89, 0.05,   10, 0.000, 0.000, 0.280, 48
train,    5716, 19.136808,   90, 0.04,   11, 0.000, 0.000, 0.280, 48
train,    5717, 19.458743,   94, 0.03,   12, 0.000, 0.000, 0.280, 48
train,    5718, 19.441509,   92, 0.05,   11, 0.000, 0.000, 0.280, 48
train,    5719, 19.877651,   97, 0.01,   13, 0.000, 0.000, 0.280, 48
train,    5720, 19.339138,   91, 0.03,   11, 0.000, 0.000, 0.280, 48
train,    5721, 19.552391,   96, 0.03,   12, 0.000, 0.000, 0.280, 48
train,    5722, 20.032033,   93, 0.02,   12, 0.000, 0.000, 0.280, 48
train,    5723, 19.015841,   96, 0.04,   12, 0.000, 0.000, 0.280, 48
train,    5724, 19.673089,   87, 0.03,   11, 0.000, 0.000, 0.280, 48
train,    5725, 18.388907,   94, 0.04,   12, 0.000, 0.000, 0.280, 48
train,    5726, 18.619618,   87, 0.05,   12, 0.000, 0.000, 0.280, 48
train,    5727, 18.506842,   92, 0.04,   11, 0.000, 0.000, 0.280, 48
train,    5728, 18.912616,   91, 0.04,   11, 0.000, 0.000, 0.280, 48
train,    5729, 18.629113,   90, 0.04,   12, 0.000, 0.000, 0.280, 48
train,    5730, 18.397342,   96, 0.05,   12, 0.000, 0.000, 0.280, 48
train,    5731, 19.779832,   91, 0.03,   12, 0.000, 0.000, 0.280, 48
train,    5732, 19.313248,   95, 0.03,   10, 0.000, 0.000, 0.280, 48
train,    5733, 18.658850,   94, 0.03,   11, 0.000, 0.000, 0.280, 48
train,    5734, 19.336356,   96, 0.04,   12, 0.000, 0.000, 0.280, 48
train,    5735, 18.643096,   91, 0.04,   12, 0.000, 0.000, 0.280, 48
train,    5736, 19.564175,   95, 0.04,   11, 0.000, 0.000, 0.280, 48
train,    5737, 18.310405,   91, 0.02,   11, 0.000, 0.000, 0.280, 48
train,    5738, 19.949123,   91, 0.03,   11, 0.000, 0.000, 0.280, 48
train,    5739, 19.542934,   91, 0.02,   12, 0.000, 0.000, 0.280, 48
train,    5740, 18.820092,   98, 0.03,   11, 0.000, 0.000, 0.280, 48
train,    5741, 19.172755,   97, 0.03,   11, 0.000, 0.000, 0.280, 48
train,    5742, 19.525682,   90, 0.02,   12, 0.000, 0.000, 0.280, 48
train,    5743, 19.514824,   95, 0.03,   11, 0.000, 0.000, 0.280, 48
train,    5744, 19.136395,   94, 0.02,   12, 0.000, 0.000, 0.280, 48
train,    5745, 19.487868,   93, 0.03,   13, 0.000, 0.000, 0.280, 48
train,    5746, 18.976394,   95, 0.03,   12, 0.000, 0.000, 0.280, 48
train,    5747, 20.182453,   95, 0.03,   13, 0.000, 0.000, 0.280, 48
train,    5748, 18.897845,   93, 0.04,   11, 0.000, 0.000, 0.280, 48
train,    5749, 20.225500,   92, 0.04,   11, 0.000, 0.000, 0.280, 48
train,    5750, 19.484316,   93, 0.03,   12, 0.000, 0.000, 0.280, 48
train,    5751, 19.664592,   95, 0.04,   13, 0.000, 0.000, 0.280, 48
train,    5752, 19.689242,   94, 0.04,   10, 0.000, 0.000, 0.280, 48
train,    5753, 18.179731,   91, 0.03,   11, 0.000, 0.000, 0.280, 48
train,    5754, 18.637409,   90, 0.04,   11, 0.000, 0.000, 0.280, 48
train,    5755, 19.703202,   87, 0.04,   13, 0.000, 0.000, 0.280, 48
train,    5756, 19.931012,   93, 0.04,   12, 0.000, 0.000, 0.280, 48
train,    5757, 19.180801,   96, 0.04,   11, 0.000, 0.000, 0.280, 48
train,    5758, 19.780227,   89, 0.01,   12, 0.000, 0.000, 0.280, 48
train,    5759, 19.111305,   93, 0.03,   12, 0.000, 0.000, 0.280, 48
train,    5760, 18.923095,   97, 0.02,   12, 0.000, 0.000, 0.280, 48
train,    5761, 20.027043,   90, 0.03,   13, 0.000, 0.000, 0.280, 48
train,    5762, 18.187131,   93, 0.04,   12, 0.000, 0.000, 0.280, 48
train,    5763, 19.117333,   91, 0.06,   12, 0.000, 0.000, 0.280, 48
train,    5764, 19.110927,   96, 0.02,   12, 0.000, 0.000, 0.280, 48
train,    5765, 18.574185,   95, 0.02,   12, 0.000, 0.000, 0.280, 48
train,    5766, 19.675559,   87, 0.03,   12, 0.000, 0.000, 0.280, 48
train,    5767, 18.959437,   89, 0.03,   12, 0.000, 0.000, 0.280, 48
train,    5768, 19.124796,   89, 0.04,   12, 0.000, 0.000, 0.280, 48
train,    5769, 19.392687,   96, 0.03,   11, 0.000, 0.000, 0.280, 48
train,    5770, 18.453245,   96, 0.05,   12, 0.000, 0.000, 0.280, 48
train,    5771, 19.102278,   94, 0.03,   12, 0.000, 0.000, 0.280, 48
train,    5772, 19.473415,   93, 0.03,   11, 0.000, 0.000, 0.280, 48
train,    5773, 19.545646,   90, 0.04,   11, 0.000, 0.000, 0.280, 48
train,    5774, 18.862768,   95, 0.03,   10, 0.000, 0.000, 0.280, 48
train,    5775, 17.808486,   95, 0.03,   11, 0.000, 0.000, 0.280, 48
train,    5776, 18.046366,   91, 0.02,   13, 0.000, 0.000, 0.280, 48
train,    5777, 18.960543,   95, 0.02,   11, 0.000, 0.000, 0.280, 48
train,    5778, 19.009310,   92, 0.04,   11, 0.000, 0.000, 0.280, 48
train,    5779, 17.942947,   97, 0.03,   13, 0.000, 0.000, 0.280, 48
train,    5780, 17.325904,   94, 0.04,   11, 0.000, 0.000, 0.280, 48
train,    5781, 18.417080,   90, 0.02,   11, 0.000, 0.000, 0.280, 48
train,    5782, 18.565461,   89, 0.04,   11, 0.000, 0.000, 0.280, 48
train,    5783, 18.882625,   97, 0.03,   12, 0.000, 0.000, 0.280, 48
train,    5784, 18.279591,   94, 0.03,   12, 0.000, 0.000, 0.280, 48
train,    5785, 19.911954,   95, 0.04,   12, 0.000, 0.000, 0.280, 48
train,    5786, 18.670727,   92, 0.02,   12, 0.000, 0.000, 0.280, 48
train,    5787, 18.592443,   95, 0.03,   12, 0.000, 0.000, 0.280, 48
train,    5788, 20.114943,   93, 0.03,   11, 0.000, 0.000, 0.280, 48
train,    5789, 19.765991,   94, 0.03,   11, 0.000, 0.000, 0.280, 48
train,    5790, 19.021583,   96, 0.02,   12, 0.000, 0.000, 0.280, 48
train,    5791, 18.184240,   92, 0.04,   12, 0.000, 0.000, 0.280, 48
train,    5792, 19.847798,   97, 0.03,   12, 0.000, 0.000, 0.280, 48
train,    5793, 19.360542,   91, 0.03,   11, 0.000, 0.000, 0.280, 48
train,    5794, 18.973672,   96, 0.04,   12, 0.000, 0.000, 0.280, 48
train,    5795, 18.394993,   93, 0.05,   12, 0.000, 0.000, 0.280, 48
train,    5796, 19.439207,   95, 0.04,   11, 0.000, 0.000, 0.280, 48
train,    5797, 18.090073,   91, 0.04,   12, 0.000, 0.000, 0.280, 48
train,    5798, 18.720458,   89, 0.01,   12, 0.000, 0.000, 0.280, 48
train,    5799, 19.285905,   95, 0.04,   11, 0.000, 0.000, 0.280, 48
train,    5800, 18.974817,   91, 0.02,   12, 0.000, 0.000, 0.280, 48
update,   5800,   58, 5800, 16.904574, 0.000000
val_t, 5800, 5800, 18.839655, 0.0272,  89.2017,   0.0740, 0.9772,  29.1255, progress 0.9909
train,    5801, 19.133955,   93, 0.04,   11, 0.000, 0.000, 0.280, 48
train,    5802, 18.560433,   96, 0.01,   12, 0.000, 0.000, 0.280, 48
train,    5803, 19.420056,   96, 0.05,   11, 0.000, 0.000, 0.280, 48
train,    5804, 19.791063,   92, 0.04,   11, 0.000, 0.000, 0.280, 48
train,    5805, 18.397059,   93, 0.03,   13, 0.000, 0.000, 0.280, 48
train,    5806, 18.385391,   96, 0.03,   12, 0.000, 0.000, 0.280, 48
train,    5807, 18.711829,   95, 0.05,   12, 0.000, 0.000, 0.280, 48
train,    5808, 19.034245,   98, 0.06,   11, 0.000, 0.000, 0.280, 48
train,    5809, 18.844918,   93, 0.03,   12, 0.000, 0.000, 0.280, 48
train,    5810, 17.766447,   94, 0.03,   12, 0.000, 0.000, 0.280, 48
train,    5811, 19.041408,   89, 0.01,   11, 0.000, 0.000, 0.280, 48
train,    5812, 18.918956,   93, 0.02,   12, 0.000, 0.000, 0.280, 48
train,    5813, 18.291746,   90, 0.03,   11, 0.000, 0.000, 0.280, 48
train,    5814, 19.634911,   89, 0.04,   13, 0.000, 0.000, 0.280, 48
train,    5815, 18.971340,   97, 0.03,   13, 0.000, 0.000, 0.280, 48
train,    5816, 19.320827,   96, 0.04,   11, 0.000, 0.000, 0.280, 48
train,    5817, 18.821071,   97, 0.03,   12, 0.000, 0.000, 0.280, 48
train,    5818, 18.745829,   90, 0.03,   10, 0.000, 0.000, 0.280, 48
train,    5819, 18.593128,   87, 0.04,   11, 0.000, 0.000, 0.280, 48
train,    5820, 19.235409,   95, 0.04,   13, 0.000, 0.000, 0.280, 48
train,    5821, 18.356326,   96, 0.03,   11, 0.000, 0.000, 0.280, 48
train,    5822, 19.222034,   94, 0.02,   12, 0.000, 0.000, 0.280, 48
train,    5823, 18.849002,   95, 0.04,   12, 0.000, 0.000, 0.280, 48
train,    5824, 17.957982,   91, 0.03,   11, 0.000, 0.000, 0.280, 48
train,    5825, 17.212235,   92, 0.04,   13, 0.000, 0.000, 0.280, 48
train,    5826, 17.249311,   92, 0.04,   11, 0.000, 0.000, 0.280, 48
train,    5827, 17.604234,   97, 0.06,   12, 0.000, 0.000, 0.280, 48
train,    5828, 18.923640,   95, 0.02,   12, 0.000, 0.000, 0.280, 48
train,    5829, 18.004535,   92, 0.03,   11, 0.000, 0.000, 0.280, 48
train,    5830, 18.875036,   93, 0.01,   12, 0.000, 0.000, 0.280, 48
train,    5831, 17.971038,   93, 0.02,   11, 0.000, 0.000, 0.280, 48
train,    5832, 18.913748,   97, 0.02,   13, 0.000, 0.000, 0.280, 48
train,    5833, 19.233156,   91, 0.04,   12, 0.000, 0.000, 0.280, 48
train,    5834, 17.265200,   94, 0.04,   11, 0.000, 0.000, 0.280, 48
train,    5835, 17.936356,   98, 0.04,   12, 0.000, 0.000, 0.280, 48
train,    5836, 18.884874,   97, 0.04,   12, 0.000, 0.000, 0.280, 48
train,    5837, 18.412539,   96, 0.02,   11, 0.000, 0.000, 0.280, 48
train,    5838, 18.616986,   93, 0.02,   12, 0.000, 0.000, 0.280, 48
train,    5839, 18.236799,   89, 0.03,   12, 0.000, 0.000, 0.280, 48
train,    5840, 18.516671,   87, 0.02,   12, 0.000, 0.000, 0.280, 48
train,    5841, 18.516881,   92, 0.04,   11, 0.000, 0.000, 0.280, 48
train,    5842, 18.315171,   91, 0.02,   10, 0.000, 0.000, 0.280, 48
train,    5843, 18.293485,   94, 0.02,   11, 0.000, 0.000, 0.280, 48
train,    5844, 19.562805,   93, 0.03,   12, 0.000, 0.000, 0.280, 48
train,    5845, 19.079165,   92, 0.03,   11, 0.000, 0.000, 0.280, 48
train,    5846, 18.412794,   90, 0.04,   12, 0.000, 0.000, 0.280, 48
train,    5847, 18.296655,   95, 0.02,   11, 0.000, 0.000, 0.280, 48
train,    5848, 17.112526,   93, 0.02,   13, 0.000, 0.000, 0.280, 48
train,    5849, 18.654557,   96, 0.04,   12, 0.000, 0.000, 0.280, 48
train,    5850, 17.978056,   92, 0.03,   13, 0.000, 0.000, 0.280, 48
train,    5851, 17.893244,   94, 0.03,   13, 0.000, 0.000, 0.280, 48
train,    5852, 18.359569,   90, 0.03,   13, 0.000, 0.000, 0.280, 48
train,    5853, 17.931320,   96, 0.03,   11, 0.000, 0.000, 0.280, 48
train,    5854, 18.712784,   97, 0.04,   11, 0.000, 0.000, 0.280, 48
train,    5855, 17.491235,   89, 0.02,   12, 0.000, 0.000, 0.280, 48
train,    5856, 17.936481,   94, 0.03,   10, 0.000, 0.000, 0.280, 48
train,    5857, 17.689660,   92, 0.02,   11, 0.000, 0.000, 0.280, 48
train,    5858, 18.959140,   91, 0.02,   12, 0.000, 0.000, 0.280, 48
train,    5859, 18.298350,   96, 0.04,   11, 0.000, 0.000, 0.280, 48
train,    5860, 17.566099,   96, 0.05,   11, 0.000, 0.000, 0.280, 48
train,    5861, 18.080311,   95, 0.03,   12, 0.000, 0.000, 0.280, 48
train,    5862, 17.394881,   95, 0.06,   12, 0.000, 0.000, 0.280, 48
train,    5863, 18.250533,   90, 0.02,   12, 0.000, 0.000, 0.280, 48
train,    5864, 17.832169,   91, 0.03,   11, 0.000, 0.000, 0.280, 48
train,    5865, 17.522651,   90, 0.00,   12, 0.000, 0.000, 0.280, 48
train,    5866, 18.550131,   93, 0.03,   12, 0.000, 0.000, 0.280, 48
train,    5867, 18.313245,   92, 0.02,   11, 0.000, 0.000, 0.280, 48
train,    5868, 18.164520,   91, 0.03,   10, 0.000, 0.000, 0.280, 48
train,    5869, 17.365696,   92, 0.05,   13, 0.000, 0.000, 0.280, 48
train,    5870, 17.305771,   98, 0.04,   11, 0.000, 0.000, 0.280, 48
train,    5871, 18.264930,   95, 0.02,   12, 0.000, 0.000, 0.280, 48
train,    5872, 17.347787,   91, 0.03,   13, 0.000, 0.000, 0.280, 48
train,    5873, 17.825986,   89, 0.05,   12, 0.000, 0.000, 0.280, 48
train,    5874, 17.011603,   95, 0.04,   11, 0.000, 0.000, 0.280, 48
train,    5875, 17.594079,   95, 0.03,   12, 0.000, 0.000, 0.280, 48
train,    5876, 17.672806,   94, 0.03,   12, 0.000, 0.000, 0.280, 48
train,    5877, 17.275538,   95, 0.04,   12, 0.000, 0.000, 0.280, 48
train,    5878, 17.144271,   97, 0.03,   13, 0.000, 0.000, 0.280, 48
train,    5879, 17.107228,   93, 0.03,   10, 0.000, 0.000, 0.280, 48
train,    5880, 17.678667,   92, 0.02,   12, 0.000, 0.000, 0.280, 48
train,    5881, 17.640822,   88, 0.04,   11, 0.000, 0.000, 0.280, 48
train,    5882, 17.361673,   91, 0.02,   11, 0.000, 0.000, 0.280, 48
train,    5883, 17.237897,   94, 0.01,   12, 0.000, 0.000, 0.280, 48
train,    5884, 17.157095,   90, 0.03,   12, 0.000, 0.000, 0.280, 48
train,    5885, 17.656093,   97, 0.04,   11, 0.000, 0.000, 0.280, 48
train,    5886, 18.422813,   91, 0.04,   11, 0.000, 0.000, 0.280, 48
train,    5887, 17.042385,   94, 0.04,   11, 0.000, 0.000, 0.280, 48
train,    5888, 17.751792,   96, 0.02,   11, 0.000, 0.000, 0.280, 48
train,    5889, 18.223099,   93, 0.05,   12, 0.000, 0.000, 0.280, 48
train,    5890, 16.649500,   95, 0.02,   12, 0.000, 0.000, 0.280, 48
train,    5891, 17.643721,   94, 0.03,   12, 0.000, 0.000, 0.280, 48
train,    5892, 18.506724,   95, 0.02,   12, 0.000, 0.000, 0.280, 48
train,    5893, 17.973320,   90, 0.01,   10, 0.000, 0.000, 0.280, 48
train,    5894, 17.109997,   93, 0.03,   11, 0.000, 0.000, 0.280, 48
train,    5895, 17.567212,   90, 0.04,   10, 0.000, 0.000, 0.280, 48
train,    5896, 17.857471,   92, 0.03,   11, 0.000, 0.000, 0.280, 48
train,    5897, 16.951644,   93, 0.03,   12, 0.000, 0.000, 0.280, 48
train,    5898, 18.146624,   96, 0.02,   12, 0.000, 0.000, 0.280, 48
train,    5899, 17.204746,   91, 0.04,   12, 0.000, 0.000, 0.280, 48
train,    5900, 16.757115,   95, 0.03,   12, 0.000, 0.000, 0.280, 48
update,   5900,   59, 5900, 18.111163, 0.000000
val_t, 5900, 5900, 18.744591, 0.0207,  91.1397,   0.0745, 0.9840,  28.8385, progress 0.9747
train,    5901, 18.402092,   91, 0.05,   12, 0.000, 0.000, 0.280, 48
train,    5902, 16.525720,   95, 0.03,   11, 0.000, 0.000, 0.280, 48
train,    5903, 17.035428,   97, 0.02,   12, 0.000, 0.000, 0.280, 48
train,    5904, 17.852218,   94, 0.03,   12, 0.000, 0.000, 0.280, 48
train,    5905, 17.643522,   90, 0.04,   13, 0.000, 0.000, 0.280, 48
train,    5906, 17.304540,   91, 0.04,   12, 0.000, 0.000, 0.280, 48
train,    5907, 17.329552,   96, 0.03,   12, 0.000, 0.000, 0.280, 48
train,    5908, 16.788887,   95, 0.03,   12, 0.000, 0.000, 0.280, 48
train,    5909, 17.160998,   96, 0.02,   11, 0.000, 0.000, 0.280, 48
train,    5910, 17.306303,   93, 0.02,   11, 0.000, 0.000, 0.280, 48
train,    5911, 16.584692,   88, 0.01,   12, 0.000, 0.000, 0.280, 48
train,    5912, 17.811400,   95, 0.05,   11, 0.000, 0.000, 0.280, 48
train,    5913, 17.351084,   93, 0.03,   11, 0.000, 0.000, 0.280, 48
train,    5914, 17.592704,   90, 0.04,   12, 0.000, 0.000, 0.280, 48
train,    5915, 16.361565,   92, 0.04,   12, 0.000, 0.000, 0.280, 48
train,    5916, 16.873070,   93, 0.02,   10, 0.000, 0.000, 0.280, 48
train,    5917, 16.971828,   93, 0.04,   12, 0.000, 0.000, 0.280, 48
train,    5918, 17.617901,   95, 0.04,   13, 0.000, 0.000, 0.280, 48
train,    5919, 17.688036,   94, 0.04,   12, 0.000, 0.000, 0.280, 48
train,    5920, 16.701275,   92, 0.04,   14, 0.000, 0.000, 0.280, 48
train,    5921, 16.787126,   98, 0.03,   11, 0.000, 0.000, 0.280, 48
train,    5922, 17.548271,   96, 0.02,   12, 0.000, 0.000, 0.280, 48
train,    5923, 17.197294,   92, 0.06,   12, 0.000, 0.000, 0.280, 48
train,    5924, 17.668617,   93, 0.01,   12, 0.000, 0.000, 0.280, 48
train,    5925, 17.037986,   97, 0.03,   11, 0.000, 0.000, 0.280, 48
train,    5926, 17.402687,   95, 0.03,   11, 0.000, 0.000, 0.280, 48
train,    5927, 17.242806,   92, 0.03,   13, 0.000, 0.000, 0.280, 48
train,    5928, 17.424828,   93, 0.03,   11, 0.000, 0.000, 0.280, 48
train,    5929, 17.716464,   89, 0.03,   12, 0.000, 0.000, 0.280, 48
train,    5930, 16.883365,   94, 0.05,   12, 0.000, 0.000, 0.280, 48
train,    5931, 17.931683,   90, 0.01,   11, 0.000, 0.000, 0.280, 48
train,    5932, 17.585511,   92, 0.03,   11, 0.000, 0.000, 0.280, 48
train,    5933, 17.768775,   89, 0.01,   11, 0.000, 0.000, 0.280, 48
train,    5934, 18.094666,   95, 0.04,   10, 0.000, 0.000, 0.280, 48
train,    5935, 17.105200,   96, 0.04,   12, 0.000, 0.000, 0.280, 48
train,    5936, 17.892901,   92, 0.04,   12, 0.000, 0.000, 0.280, 48
train,    5937, 17.139080,   93, 0.04,   12, 0.000, 0.000, 0.280, 48
train,    5938, 16.449922,   95, 0.02,   12, 0.000, 0.000, 0.280, 48
train,    5939, 16.850612,   93, 0.04,   12, 0.000, 0.000, 0.280, 48
train,    5940, 17.031379,   91, 0.05,   12, 0.000, 0.000, 0.280, 48
train,    5941, 16.308252,   95, 0.02,   11, 0.000, 0.000, 0.280, 48
train,    5942, 16.294355,   94, 0.03,   11, 0.000, 0.000, 0.280, 48
train,    5943, 17.120126,   97, 0.03,   12, 0.000, 0.000, 0.280, 48
train,    5944, 16.639099,   95, 0.03,   12, 0.000, 0.000, 0.280, 48
train,    5945, 17.100395,   90, 0.04,   13, 0.000, 0.000, 0.280, 48
train,    5946, 17.094983,   95, 0.04,   11, 0.000, 0.000, 0.280, 48
train,    5947, 17.667780,   93, 0.04,   12, 0.000, 0.000, 0.280, 48
train,    5948, 16.684550,   89, 0.04,   12, 0.000, 0.000, 0.280, 48
train,    5949, 17.963865,   97, 0.04,   12, 0.000, 0.000, 0.280, 48
train,    5950, 17.299828,   97, 0.03,   12, 0.000, 0.000, 0.280, 48
train,    5951, 16.872497,   90, 0.03,   11, 0.000, 0.000, 0.280, 48
train,    5952, 17.080561,   91, 0.04,   12, 0.000, 0.000, 0.280, 48
train,    5953, 17.246384,   92, 0.04,   11, 0.000, 0.000, 0.280, 48
train,    5954, 16.657657,   92, 0.04,   13, 0.000, 0.000, 0.280, 48
train,    5955, 17.841667,   90, 0.04,   12, 0.000, 0.000, 0.280, 48
train,    5956, 16.562174,   90, 0.05,   12, 0.000, 0.000, 0.280, 48
train,    5957, 17.508076,   91, 0.01,   12, 0.000, 0.000, 0.280, 48
train,    5958, 17.265015,   91, 0.03,   12, 0.000, 0.000, 0.280, 48
train,    5959, 17.598661,   99, 0.01,   11, 0.000, 0.000, 0.280, 48
train,    5960, 16.949530,   93, 0.04,   12, 0.000, 0.000, 0.280, 48
train,    5961, 16.342498,   91, 0.03,   10, 0.000, 0.000, 0.280, 48
train,    5962, 16.903224,   89, 0.03,   11, 0.000, 0.000, 0.280, 48
train,    5963, 16.454142,   95, 0.05,   13, 0.000, 0.000, 0.280, 48
train,    5964, 17.347813,   89, 0.03,   11, 0.000, 0.000, 0.280, 48
train,    5965, 16.472647,   89, 0.03,   12, 0.000, 0.000, 0.280, 48
train,    5966, 17.316256,   94, 0.04,   12, 0.000, 0.000, 0.280, 48
train,    5967, 16.742126,   89, 0.02,   11, 0.000, 0.000, 0.280, 48
train,    5968, 16.692523,   90, 0.05,   12, 0.000, 0.000, 0.280, 48
train,    5969, 17.428519,   93, 0.04,   11, 0.000, 0.000, 0.280, 48
train,    5970, 17.730614,   93, 0.03,   10, 0.000, 0.000, 0.280, 48
train,    5971, 16.706542,   90, 0.04,   12, 0.000, 0.000, 0.280, 48
train,    5972, 16.728590,   94, 0.03,   12, 0.000, 0.000, 0.280, 48
train,    5973, 16.880510,   95, 0.04,   12, 0.000, 0.000, 0.280, 48
train,    5974, 16.455570,   95, 0.04,   12, 0.000, 0.000, 0.280, 48
train,    5975, 17.675160,   94, 0.03,   11, 0.000, 0.000, 0.280, 48
train,    5976, 17.237246,   91, 0.04,   12, 0.000, 0.000, 0.280, 48
train,    5977, 16.170456,   89, 0.03,   12, 0.000, 0.000, 0.280, 48
train,    5978, 17.748994,   95, 0.03,   12, 0.000, 0.000, 0.280, 48
train,    5979, 17.151456,   91, 0.02,   13, 0.000, 0.000, 0.280, 48
train,    5980, 17.171621,   91, 0.04,   11, 0.000, 0.000, 0.280, 48
train,    5981, 17.438176,   89, 0.05,   12, 0.000, 0.000, 0.280, 48
train,    5982, 15.818864,   90, 0.02,   12, 0.000, 0.000, 0.280, 48
train,    5983, 17.841554,   96, 0.03,   11, 0.000, 0.000, 0.280, 48
train,    5984, 17.065740,   91, 0.03,   13, 0.000, 0.000, 0.280, 48
train,    5985, 16.877360,   90, 0.05,   11, 0.000, 0.000, 0.280, 48
train,    5986, 15.947619,   95, 0.02,   13, 0.000, 0.000, 0.280, 48
train,    5987, 15.920831,   89, 0.02,   11, 0.000, 0.000, 0.280, 48
train,    5988, 16.794185,   89, 0.03,   12, 0.000, 0.000, 0.280, 48
train,    5989, 17.200179,   93, 0.02,   12, 0.000, 0.000, 0.280, 48
train,    5990, 17.559075,   94, 0.03,   11, 0.000, 0.000, 0.280, 48
train,    5991, 16.181988,   92, 0.02,   12, 0.000, 0.000, 0.280, 48
train,    5992, 17.013668,   91, 0.03,   12, 0.000, 0.000, 0.280, 48
train,    5993, 16.914305,   92, 0.03,   13, 0.000, 0.000, 0.280, 48
train,    5994, 15.983781,   91, 0.03,   12, 0.000, 0.000, 0.280, 48
train,    5995, 17.433646,   95, 0.03,   12, 0.000, 0.000, 0.280, 48
train,    5996, 17.627163,   91, 0.02,   12, 0.000, 0.000, 0.280, 48
train,    5997, 16.683944,   96, 0.02,   13, 0.000, 0.000, 0.280, 48
train,    5998, 15.979003,   93, 0.05,   11, 0.000, 0.000, 0.280, 48
train,    5999, 16.198220,   90, 0.04,   12, 0.000, 0.000, 0.280, 48
train,    6000, 16.461613,   90, 0.03,   12, 0.000, 0.000, 0.280, 48
update,   6000,   60, 6000, 17.974701, 0.000000
val_t, 6000, 6000, 18.131622, 0.0245,  92.0919,   0.0756, 0.9876,  28.8377, progress 0.9800
train,    6001, 16.749373,   96, 0.04,   11, 0.000, 0.000, 0.280, 48
train,    6002, 17.170324,   92, 0.02,   11, 0.000, 0.000, 0.280, 48
train,    6003, 16.511609,   96, 0.03,   12, 0.000, 0.000, 0.280, 48
train,    6004, 17.643148,   94, 0.04,   12, 0.000, 0.000, 0.280, 48
train,    6005, 17.515776,   97, 0.01,   11, 0.000, 0.000, 0.280, 48
train,    6006, 17.614732,   96, 0.03,   12, 0.000, 0.000, 0.280, 48
train,    6007, 17.175122,   90, 0.04,   11, 0.000, 0.000, 0.280, 48
train,    6008, 17.488659,   97, 0.01,   12, 0.000, 0.000, 0.280, 48
train,    6009, 17.074907,   93, 0.03,   12, 0.000, 0.000, 0.280, 48
train,    6010, 16.982630,   89, 0.04,   12, 0.000, 0.000, 0.280, 48
train,    6011, 17.918930,   88, 0.02,   13, 0.000, 0.000, 0.280, 48
train,    6012, 17.204353,   97, 0.02,   12, 0.000, 0.000, 0.280, 48
train,    6013, 17.033477,   96, 0.02,   13, 0.000, 0.000, 0.280, 48
train,    6014, 17.879202,   91, 0.05,   12, 0.000, 0.000, 0.280, 48
train,    6015, 16.925908,   96, 0.05,   12, 0.000, 0.000, 0.280, 48
train,    6016, 16.720217,   96, 0.04,   11, 0.000, 0.000, 0.280, 48
train,    6017, 17.633439,   94, 0.04,   12, 0.000, 0.000, 0.280, 48
train,    6018, 17.733501,   95, 0.05,   13, 0.000, 0.000, 0.280, 48
train,    6019, 17.740734,   92, 0.03,   11, 0.000, 0.000, 0.280, 48
train,    6020, 16.867913,   97, 0.04,   12, 0.000, 0.000, 0.280, 48
train,    6021, 17.364416,   90, 0.04,   12, 0.000, 0.000, 0.280, 48
train,    6022, 15.796236,   89, 0.02,   11, 0.000, 0.000, 0.280, 48
train,    6023, 16.689357,   95, 0.03,   13, 0.000, 0.000, 0.280, 48
train,    6024, 16.889647,   93, 0.03,   11, 0.000, 0.000, 0.280, 48
train,    6025, 17.741930,   93, 0.05,   12, 0.000, 0.000, 0.280, 48
train,    6026, 17.010806,   92, 0.02,   11, 0.000, 0.000, 0.280, 48
train,    6027, 18.211081,   90, 0.03,   12, 0.000, 0.000, 0.280, 48
train,    6028, 17.112119,   97, 0.04,   12, 0.000, 0.000, 0.280, 48
train,    6029, 17.161856,   96, 0.03,   12, 0.000, 0.000, 0.280, 48
train,    6030, 16.095934,   91, 0.04,   12, 0.000, 0.000, 0.280, 48
train,    6031, 17.682130,   95, 0.05,   12, 0.000, 0.000, 0.280, 48
train,    6032, 18.081468,   94, 0.03,   11, 0.000, 0.000, 0.280, 48
train,    6033, 17.767393,   96, 0.03,   12, 0.000, 0.000, 0.280, 48
train,    6034, 17.800172,   89, 0.03,   13, 0.000, 0.000, 0.280, 48
train,    6035, 18.061751,   99, 0.02,   11, 0.000, 0.000, 0.280, 48
train,    6036, 16.009703,   98, 0.02,   12, 0.000, 0.000, 0.280, 48
train,    6037, 17.599033,   93, 0.03,   12, 0.000, 0.000, 0.280, 48
train,    6038, 16.838298,   89, 0.02,   11, 0.000, 0.000, 0.280, 48
train,    6039, 17.039337,   91, 0.05,   12, 0.000, 0.000, 0.280, 48
train,    6040, 17.060801,   94, 0.03,   10, 0.000, 0.000, 0.280, 48
train,    6041, 16.622465,   93, 0.04,   13, 0.000, 0.000, 0.280, 48
train,    6042, 17.666285,   95, 0.03,   12, 0.000, 0.000, 0.280, 48
train,    6043, 17.228460,   93, 0.03,   12, 0.000, 0.000, 0.280, 48
train,    6044, 17.477208,   94, 0.04,   11, 0.000, 0.000, 0.280, 48
train,    6045, 16.995765,   95, 0.04,   13, 0.000, 0.000, 0.280, 48
train,    6046, 17.831640,   95, 0.03,   11, 0.000, 0.000, 0.280, 48
train,    6047, 16.227354,   92, 0.03,   11, 0.000, 0.000, 0.280, 48
train,    6048, 16.989624,   98, 0.04,   11, 0.000, 0.000, 0.280, 48
train,    6049, 17.313528,   88, 0.03,   12, 0.000, 0.000, 0.280, 48
train,    6050, 16.830620,   95, 0.04,   12, 0.000, 0.000, 0.280, 48
train,    6051, 16.241748,   94, 0.04,   13, 0.000, 0.000, 0.280, 48
train,    6052, 17.462582,   98, 0.02,   11, 0.000, 0.000, 0.280, 48
train,    6053, 17.761015,   92, 0.03,   13, 0.000, 0.000, 0.280, 48
train,    6054, 18.113182,   94, 0.05,   13, 0.000, 0.000, 0.280, 48
train,    6055, 18.091780,   94, 0.03,   13, 0.000, 0.000, 0.280, 48
train,    6056, 17.492692,   90, 0.03,   12, 0.000, 0.000, 0.280, 48
train,    6057, 17.088410,   91, 0.03,   12, 0.000, 0.000, 0.280, 48
train,    6058, 17.444793,   93, 0.01,   10, 0.000, 0.000, 0.280, 48
train,    6059, 17.014217,   96, 0.04,   11, 0.000, 0.000, 0.280, 48
train,    6060, 16.934978,   94, 0.02,   12, 0.000, 0.000, 0.280, 48
train,    6061, 17.566792,   91, 0.05,   12, 0.000, 0.000, 0.280, 48
train,    6062, 17.964780,   94, 0.04,   12, 0.000, 0.000, 0.280, 48
train,    6063, 17.040789,   96, 0.04,   11, 0.000, 0.000, 0.280, 48
train,    6064, 17.223428,   96, 0.03,   12, 0.000, 0.000, 0.280, 48
train,    6065, 16.941820,   95, 0.03,   12, 0.000, 0.000, 0.280, 48
train,    6066, 16.587207,   95, 0.03,   12, 0.000, 0.000, 0.280, 48
train,    6067, 16.827372,   92, 0.02,   11, 0.000, 0.000, 0.280, 48
train,    6068, 17.506873,   92, 0.03,   12, 0.000, 0.000, 0.280, 48
train,    6069, 17.742273,   96, 0.03,   11, 0.000, 0.000, 0.280, 48
train,    6070, 18.053393,   95, 0.02,   11, 0.000, 0.000, 0.280, 48
train,    6071, 18.218169,   93, 0.03,   11, 0.000, 0.000, 0.280, 48
train,    6072, 17.830780,   91, 0.03,   12, 0.000, 0.000, 0.280, 48
train,    6073, 17.613317,   91, 0.04,   11, 0.000, 0.000, 0.280, 48
train,    6074, 18.075045,   93, 0.04,   12, 0.000, 0.000, 0.280, 48
train,    6075, 17.690699,   91, 0.02,   11, 0.000, 0.000, 0.280, 48
train,    6076, 16.379578,   90, 0.04,   12, 0.000, 0.000, 0.280, 48
train,    6077, 17.362210,   95, 0.04,   12, 0.000, 0.000, 0.280, 48
train,    6078, 16.915112,   98, 0.03,   11, 0.000, 0.000, 0.280, 48
train,    6079, 18.594802,   94, 0.02,   11, 0.000, 0.000, 0.280, 48
train,    6080, 17.519677,   94, 0.03,   12, 0.000, 0.000, 0.280, 48
train,    6081, 17.277677,   93, 0.02,   12, 0.000, 0.000, 0.280, 48
train,    6082, 18.008822,   92, 0.02,   11, 0.000, 0.000, 0.280, 48
train,    6083, 18.042759,   90, 0.04,   11, 0.000, 0.000, 0.280, 48
train,    6084, 18.473122,   95, 0.02,   11, 0.000, 0.000, 0.280, 48
train,    6085, 17.785965,   90, 0.03,   11, 0.000, 0.000, 0.280, 48
train,    6086, 17.329976,   90, 0.04,   12, 0.000, 0.000, 0.280, 48
train,    6087, 18.268333,   98, 0.03,   11, 0.000, 0.000, 0.280, 48
train,    6088, 18.497863,   91, 0.03,   13, 0.000, 0.000, 0.280, 48
train,    6089, 18.473093,   90, 0.03,   11, 0.000, 0.000, 0.280, 48
train,    6090, 18.062300,   95, 0.03,   11, 0.000, 0.000, 0.280, 48
train,    6091, 17.566655,   96, 0.02,   13, 0.000, 0.000, 0.280, 48
train,    6092, 17.609895,  100, 0.02,   11, 0.000, 0.000, 0.280, 48
train,    6093, 17.097579,   90, 0.03,   13, 0.000, 0.000, 0.280, 48
train,    6094, 17.361058,   92, 0.03,   13, 0.000, 0.000, 0.280, 48
train,    6095, 17.864047,   91, 0.02,   12, 0.000, 0.000, 0.280, 48
train,    6096, 17.245974,   96, 0.02,   11, 0.000, 0.000, 0.280, 48
train,    6097, 17.842151,   96, 0.02,   13, 0.000, 0.000, 0.280, 48
train,    6098, 18.115634,   92, 0.03,   10, 0.000, 0.000, 0.280, 48
train,    6099, 17.171655,   90, 0.03,   12, 0.000, 0.000, 0.280, 48
train,    6100, 18.214452,   95, 0.03,   12, 0.000, 0.000, 0.280, 48
update,   6100,   61, 6100, 19.862100, 0.000000
val_t, 6100, 6100, 17.417060, 0.0210,  88.1891,   0.0803, 0.9761,  28.5963, progress 0.9800
train,    6101, 18.135952,   89, 0.03,   10, 0.000, 0.000, 0.280, 48
train,    6102, 18.124153,   90, 0.02,   11, 0.000, 0.000, 0.280, 48
train,    6103, 17.810693,   98, 0.01,   13, 0.000, 0.000, 0.280, 48
train,    6104, 17.971925,   94, 0.03,   10, 0.000, 0.000, 0.280, 48
train,    6105, 17.249993,   96, 0.04,   13, 0.000, 0.000, 0.280, 48
train,    6106, 18.337693,   92, 0.03,   11, 0.000, 0.000, 0.280, 48
train,    6107, 19.166197,   95, 0.04,   13, 0.000, 0.000, 0.280, 48
train,    6108, 18.635434,   93, 0.03,   12, 0.000, 0.000, 0.280, 48
train,    6109, 18.284538,   90, 0.05,   12, 0.000, 0.000, 0.280, 48
train,    6110, 18.878400,   94, 0.05,   11, 0.000, 0.000, 0.280, 48
train,    6111, 17.700429,   94, 0.02,   12, 0.000, 0.000, 0.280, 48
train,    6112, 17.975371,   92, 0.03,   11, 0.000, 0.000, 0.280, 48
train,    6113, 17.980750,   90, 0.02,   10, 0.000, 0.000, 0.280, 48
train,    6114, 18.258619,   94, 0.04,   12, 0.000, 0.000, 0.280, 48
train,    6115, 19.148924,   96, 0.02,   11, 0.000, 0.000, 0.280, 48
train,    6116, 18.406437,   96, 0.04,   12, 0.000, 0.000, 0.280, 48
train,    6117, 18.514753,   93, 0.02,   12, 0.000, 0.000, 0.280, 48
train,    6118, 18.525657,   96, 0.04,   11, 0.000, 0.000, 0.280, 48
train,    6119, 18.068917,   96, 0.02,   11, 0.000, 0.000, 0.280, 48
train,    6120, 18.583521,   98, 0.03,   12, 0.000, 0.000, 0.280, 48
train,    6121, 18.144175,   92, 0.03,   10, 0.000, 0.000, 0.280, 48
train,    6122, 18.950299,   93, 0.05,   12, 0.000, 0.000, 0.280, 48
train,    6123, 19.005579,   93, 0.03,   12, 0.000, 0.000, 0.280, 48
train,    6124, 18.902524,   90, 0.03,   13, 0.000, 0.000, 0.280, 48
train,    6125, 18.987078,   94, 0.04,   12, 0.000, 0.000, 0.280, 48
train,    6126, 18.062278,   93, 0.03,   11, 0.000, 0.000, 0.280, 48
train,    6127, 18.879557,   90, 0.04,   11, 0.000, 0.000, 0.280, 48
train,    6128, 18.434833,   90, 0.03,   12, 0.000, 0.000, 0.280, 48
train,    6129, 18.649303,   89, 0.03,   11, 0.000, 0.000, 0.280, 48
train,    6130, 18.262351,   94, 0.02,   11, 0.000, 0.000, 0.280, 48
train,    6131, 18.152944,   93, 0.03,   11, 0.000, 0.000, 0.280, 48
train,    6132, 18.844349,   97, 0.04,   11, 0.000, 0.000, 0.280, 48
train,    6133, 18.988448,   93, 0.03,   11, 0.000, 0.000, 0.280, 48
train,    6134, 18.458595,   95, 0.03,   12, 0.000, 0.000, 0.280, 48
train,    6135, 18.883581,   91, 0.04,   13, 0.000, 0.000, 0.280, 48
train,    6136, 17.350096,   98, 0.04,   13, 0.000, 0.000, 0.280, 48
train,    6137, 18.981898,   92, 0.03,   12, 0.000, 0.000, 0.280, 48
train,    6138, 18.747796,   90, 0.03,   12, 0.000, 0.000, 0.280, 48
train,    6139, 18.137040,   89, 0.02,   12, 0.000, 0.000, 0.280, 48
train,    6140, 18.904794,   93, 0.04,   12, 0.000, 0.000, 0.280, 48
train,    6141, 18.597870,   93, 0.03,   12, 0.000, 0.000, 0.280, 48
train,    6142, 18.070474,   92, 0.04,   12, 0.000, 0.000, 0.280, 48
train,    6143, 17.739632,   92, 0.03,   11, 0.000, 0.000, 0.280, 48
train,    6144, 18.533542,   96, 0.03,   11, 0.000, 0.000, 0.280, 48
train,    6145, 20.213543,   98, 0.01,   11, 0.000, 0.000, 0.280, 48
train,    6146, 18.026561,   96, 0.02,   12, 0.000, 0.000, 0.280, 48
train,    6147, 18.432643,   90, 0.02,   13, 0.000, 0.000, 0.280, 48
train,    6148, 19.341531,   93, 0.04,   12, 0.000, 0.000, 0.280, 48
train,    6149, 18.512843,   97, 0.03,   11, 0.000, 0.000, 0.280, 48
train,    6150, 18.352350,   90, 0.05,   13, 0.000, 0.000, 0.280, 48
train,    6151, 18.408622,   93, 0.04,   12, 0.000, 0.000, 0.280, 48
train,    6152, 18.999522,   96, 0.05,   12, 0.000, 0.000, 0.280, 48
train,    6153, 18.965625,   90, 0.02,   12, 0.000, 0.000, 0.280, 48
train,    6154, 18.929053,   96, 0.04,   12, 0.000, 0.000, 0.280, 48
train,    6155, 18.212039,   91, 0.03,   13, 0.000, 0.000, 0.280, 48
train,    6156, 19.591750,   91, 0.03,   12, 0.000, 0.000, 0.280, 48
train,    6157, 18.218322,   96, 0.05,   12, 0.000, 0.000, 0.280, 48
train,    6158, 18.937366,   93, 0.03,   12, 0.000, 0.000, 0.280, 48
train,    6159, 19.167985,   91, 0.02,   12, 0.000, 0.000, 0.280, 48
train,    6160, 18.893029,   95, 0.03,   12, 0.000, 0.000, 0.280, 48
train,    6161, 18.542059,   93, 0.02,   12, 0.000, 0.000, 0.280, 48
train,    6162, 18.764993,   93, 0.05,   12, 0.000, 0.000, 0.280, 48
train,    6163, 18.541930,   94, 0.04,   11, 0.000, 0.000, 0.280, 48
train,    6164, 19.191113,   92, 0.03,   12, 0.000, 0.000, 0.280, 48
train,    6165, 18.615260,   91, 0.03,   12, 0.000, 0.000, 0.280, 48
train,    6166, 19.350827,   90, 0.02,   11, 0.000, 0.000, 0.280, 48
train,    6167, 19.524918,   94, 0.01,   12, 0.000, 0.000, 0.280, 48
train,    6168, 18.604074,   94, 0.04,   12, 0.000, 0.000, 0.280, 48
train,    6169, 19.986839,   99, 0.02,   12, 0.000, 0.000, 0.280, 48
train,    6170, 18.224166,   88, 0.03,   13, 0.000, 0.000, 0.280, 48
train,    6171, 19.189386,   95, 0.02,   11, 0.000, 0.000, 0.280, 48
train,    6172, 18.561514,   90, 0.02,   12, 0.000, 0.000, 0.280, 48
train,    6173, 19.638649,   93, 0.03,   12, 0.000, 0.000, 0.280, 48
train,    6174, 19.869540,   97, 0.04,   11, 0.000, 0.000, 0.280, 48
train,    6175, 19.180438,   95, 0.02,   11, 0.000, 0.000, 0.280, 48
train,    6176, 18.807618,   96, 0.02,   11, 0.000, 0.000, 0.280, 48
train,    6177, 19.445694,   97, 0.03,   12, 0.000, 0.000, 0.280, 48
train,    6178, 19.733318,   94, 0.03,   12, 0.000, 0.000, 0.280, 48
train,    6179, 19.303221,   95, 0.05,   12, 0.000, 0.000, 0.280, 48
train,    6180, 19.670841,   89, 0.06,   12, 0.000, 0.000, 0.280, 48
train,    6181, 19.636770,   92, 0.04,   12, 0.000, 0.000, 0.280, 48
train,    6182, 18.167614,   95, 0.03,   11, 0.000, 0.000, 0.280, 48
train,    6183, 19.572089,   94, 0.04,   11, 0.000, 0.000, 0.280, 48
train,    6184, 19.733919,   95, 0.05,   11, 0.000, 0.000, 0.280, 48
train,    6185, 19.933186,   96, 0.04,   11, 0.000, 0.000, 0.280, 48
train,    6186, 20.003296,   92, 0.05,   12, 0.000, 0.000, 0.280, 48
train,    6187, 19.088387,   90, 0.04,   10, 0.000, 0.000, 0.280, 48
train,    6188, 18.851580,   94, 0.04,   12, 0.000, 0.000, 0.280, 48
train,    6189, 19.021595,   94, 0.03,   13, 0.000, 0.000, 0.280, 48
train,    6190, 18.604557,   98, 0.03,   12, 0.000, 0.000, 0.280, 48
train,    6191, 19.471954,   92, 0.05,   12, 0.000, 0.000, 0.280, 48
train,    6192, 19.539513,   97, 0.04,   11, 0.000, 0.000, 0.280, 48
train,    6193, 19.026961,   95, 0.03,   12, 0.000, 0.000, 0.280, 48
train,    6194, 19.625356,   90, 0.04,   12, 0.000, 0.000, 0.280, 48
train,    6195, 19.961020,   93, 0.03,   11, 0.000, 0.000, 0.280, 48
train,    6196, 19.407213,   91, 0.04,   10, 0.000, 0.000, 0.280, 48
train,    6197, 19.523104,   96, 0.03,   13, 0.000, 0.000, 0.280, 48
train,    6198, 19.982836,   97, 0.03,   12, 0.000, 0.000, 0.280, 48
train,    6199, 18.347765,   96, 0.03,   12, 0.000, 0.000, 0.280, 48
train,    6200, 19.547470,   96, 0.03,   12, 0.000, 0.000, 0.280, 48
update,   6200,   62, 6200, 20.048829, 0.000000
val_t, 6200, 6200, 17.484471, 0.0270,  92.1651,   0.0742, 0.9776,  28.4942, progress 0.9856
train,    6201, 19.131215,   94, 0.02,   12, 0.000, 0.000, 0.280, 48
train,    6202, 19.899977,   92, 0.03,   12, 0.000, 0.000, 0.280, 48
train,    6203, 19.839321,   95, 0.04,   11, 0.000, 0.000, 0.280, 48
train,    6204, 18.866819,   94, 0.01,   13, 0.000, 0.000, 0.280, 48
train,    6205, 19.331414,   91, 0.06,   12, 0.000, 0.000, 0.280, 48
train,    6206, 19.269541,   92, 0.03,   13, 0.000, 0.000, 0.280, 48
train,    6207, 19.584243,   89, 0.03,   12, 0.000, 0.000, 0.280, 48
train,    6208, 19.708210,   90, 0.03,   13, 0.000, 0.000, 0.280, 48
train,    6209, 19.459543,   97, 0.04,   12, 0.000, 0.000, 0.280, 48
train,    6210, 19.753803,   93, 0.03,   12, 0.000, 0.000, 0.280, 48
train,    6211, 19.858182,   95, 0.03,   10, 0.000, 0.000, 0.280, 48
train,    6212, 19.382958,   94, 0.03,   12, 0.000, 0.000, 0.280, 48
train,    6213, 19.730588,   96, 0.03,   12, 0.000, 0.000, 0.280, 48
train,    6214, 20.513836,   91, 0.04,   13, 0.000, 0.000, 0.280, 48
train,    6215, 19.486918,   92, 0.01,   11, 0.000, 0.000, 0.280, 48
train,    6216, 19.301916,   96, 0.04,   11, 0.000, 0.000, 0.280, 48
train,    6217, 19.698893,   94, 0.05,   11, 0.000, 0.000, 0.280, 48
train,    6218, 18.725078,   94, 0.02,   12, 0.000, 0.000, 0.280, 48
train,    6219, 19.176373,   93, 0.02,   13, 0.000, 0.000, 0.280, 48
train,    6220, 19.639015,   93, 0.02,   11, 0.000, 0.000, 0.280, 48
train,    6221, 19.760804,   95, 0.04,   12, 0.000, 0.000, 0.280, 48
train,    6222, 19.611594,   92, 0.03,   12, 0.000, 0.000, 0.280, 48
train,    6223, 18.797438,   95, 0.03,   10, 0.000, 0.000, 0.280, 48
train,    6224, 19.211141,   96, 0.04,   12, 0.000, 0.000, 0.280, 48
train,    6225, 19.754737,   95, 0.04,   12, 0.000, 0.000, 0.280, 48
train,    6226, 19.573504,   97, 0.04,   11, 0.000, 0.000, 0.280, 48
train,    6227, 19.775399,   94, 0.03,   11, 0.000, 0.000, 0.280, 48
train,    6228, 19.408553,   95, 0.04,   12, 0.000, 0.000, 0.280, 48
train,    6229, 20.360120,  100, 0.02,   12, 0.000, 0.000, 0.280, 48
train,    6230, 19.840487,   95, 0.03,   10, 0.000, 0.000, 0.280, 48
train,    6231, 19.316354,   96, 0.04,   11, 0.000, 0.000, 0.280, 48
train,    6232, 20.338660,   89, 0.04,   11, 0.000, 0.000, 0.280, 48
train,    6233, 19.607903,   95, 0.02,   11, 0.000, 0.000, 0.280, 48
train,    6234, 20.466762,   97, 0.02,   12, 0.000, 0.000, 0.280, 48
train,    6235, 20.500491,   93, 0.04,   13, 0.000, 0.000, 0.280, 48
train,    6236, 19.836838,   97, 0.01,   12, 0.000, 0.000, 0.280, 48
train,    6237, 18.895120,   97, 0.04,   11, 0.000, 0.000, 0.280, 48
train,    6238, 19.450281,   93, 0.02,   12, 0.000, 0.000, 0.280, 48
train,    6239, 20.448062,   96, 0.05,   11, 0.000, 0.000, 0.280, 48
train,    6240, 20.358038,   94, 0.02,   12, 0.000, 0.000, 0.280, 48
train,    6241, 19.316670,   94, 0.02,   12, 0.000, 0.000, 0.280, 48
train,    6242, 20.292858,   92, 0.02,   10, 0.000, 0.000, 0.280, 48
train,    6243, 20.363218,   89, 0.04,   12, 0.000, 0.000, 0.280, 48
train,    6244, 19.353531,   92, 0.03,   11, 0.000, 0.000, 0.280, 48
train,    6245, 20.127423,   94, 0.05,   12, 0.000, 0.000, 0.280, 48
train,    6246, 19.505243,   92, 0.03,   12, 0.000, 0.000, 0.280, 48
train,    6247, 19.768094,   95, 0.02,   12, 0.000, 0.000, 0.280, 48
train,    6248, 20.650902,   95, 0.05,   12, 0.000, 0.000, 0.280, 48
train,    6249, 20.271988,   92, 0.05,   13, 0.000, 0.000, 0.280, 48
train,    6250, 19.840919,   90, 0.03,   12, 0.000, 0.000, 0.280, 48
train,    6251, 19.523772,   95, 0.04,   13, 0.000, 0.000, 0.280, 48
train,    6252, 19.943945,   98, 0.03,   11, 0.000, 0.000, 0.280, 48
train,    6253, 19.898455,   96, 0.03,   12, 0.000, 0.000, 0.280, 48
train,    6254, 20.080468,   94, 0.04,   12, 0.000, 0.000, 0.280, 48
train,    6255, 19.311983,   94, 0.02,   13, 0.000, 0.000, 0.280, 48
train,    6256, 20.050351,   89, 0.03,   10, 0.000, 0.000, 0.280, 48
train,    6257, 19.752377,   93, 0.01,   12, 0.000, 0.000, 0.280, 48
train,    6258, 19.516826,   97, 0.02,   13, 0.000, 0.000, 0.280, 48
train,    6259, 19.713212,   88, 0.01,   13, 0.000, 0.000, 0.280, 48
train,    6260, 19.826583,   97, 0.03,   11, 0.000, 0.000, 0.280, 48
train,    6261, 19.282009,   92, 0.04,   11, 0.000, 0.000, 0.280, 48
train,    6262, 20.209078,   96, 0.03,   12, 0.000, 0.000, 0.280, 48
train,    6263, 18.607747,   96, 0.02,   11, 0.000, 0.000, 0.280, 48
train,    6264, 18.790342,   97, 0.04,   13, 0.000, 0.000, 0.280, 48
train,    6265, 20.251665,   89, 0.03,   12, 0.000, 0.000, 0.280, 48
train,    6266, 20.242020,   95, 0.03,   12, 0.000, 0.000, 0.280, 48
train,    6267, 20.438989,   97, 0.03,   12, 0.000, 0.000, 0.280, 48
train,    6268, 20.198948,   96, 0.02,   11, 0.000, 0.000, 0.280, 48
train,    6269, 20.004595,   91, 0.03,   12, 0.000, 0.000, 0.280, 48
train,    6270, 20.064820,   95, 0.03,   13, 0.000, 0.000, 0.280, 48
train,    6271, 20.137185,   98, 0.04,   11, 0.000, 0.000, 0.280, 48
train,    6272, 20.556426,   92, 0.04,   12, 0.000, 0.000, 0.280, 48
train,    6273, 20.027416,   94, 0.05,   12, 0.000, 0.000, 0.280, 48
train,    6274, 20.452231,   93, 0.05,   13, 0.000, 0.000, 0.280, 48
train,    6275, 19.629702,   89, 0.03,   12, 0.000, 0.000, 0.280, 48
train,    6276, 19.629749,   90, 0.03,   11, 0.000, 0.000, 0.280, 48
train,    6277, 20.008582,   94, 0.05,   11, 0.000, 0.000, 0.280, 48
train,    6278, 20.645239,   98, 0.02,   13, 0.000, 0.000, 0.280, 48
train,    6279, 20.366215,   93, 0.03,   13, 0.000, 0.000, 0.280, 48
train,    6280, 20.114190,   97, 0.04,   12, 0.000, 0.000, 0.280, 48
train,    6281, 20.487116,   93, 0.02,   11, 0.000, 0.000, 0.280, 48
train,    6282, 19.430759,   97, 0.02,   10, 0.000, 0.000, 0.280, 48
train,    6283, 18.994134,   92, 0.02,   13, 0.000, 0.000, 0.280, 48
train,    6284, 20.453515,   90, 0.02,   11, 0.000, 0.000, 0.280, 48
train,    6285, 20.484192,   98, 0.04,   12, 0.000, 0.000, 0.280, 48
train,    6286, 19.867034,   89, 0.05,   11, 0.000, 0.000, 0.280, 48
train,    6287, 19.904900,   92, 0.02,   12, 0.000, 0.000, 0.280, 48
train,    6288, 19.987818,   93, 0.02,   11, 0.000, 0.000, 0.280, 48
train,    6289, 19.061403,   95, 0.03,   12, 0.000, 0.000, 0.280, 48
train,    6290, 20.091351,   96, 0.03,   12, 0.000, 0.000, 0.280, 48
train,    6291, 20.744925,   91, 0.02,   11, 0.000, 0.000, 0.280, 48
train,    6292, 20.363949,   91, 0.03,   13, 0.000, 0.000, 0.280, 48
train,    6293, 19.228463,   96, 0.03,   13, 0.000, 0.000, 0.280, 48
train,    6294, 19.869444,   96, 0.01,   13, 0.000, 0.000, 0.280, 48
train,    6295, 19.851135,   95, 0.03,   13, 0.000, 0.000, 0.280, 48
train,    6296, 19.704748,   97, 0.03,   11, 0.000, 0.000, 0.280, 48
train,    6297, 19.600973,   92, 0.02,   12, 0.000, 0.000, 0.280, 48
train,    6298, 20.953666,   94, 0.02,   12, 0.000, 0.000, 0.280, 48
train,    6299, 19.931284,   90, 0.04,   12, 0.000, 0.000, 0.280, 48
train,    6300, 20.341703,   98, 0.05,   12, 0.000, 0.000, 0.280, 48
update,   6300,   63, 6300, 18.299373, 0.000000
val_t, 6300, 6300, 17.889934, 0.0340,  88.8225,   0.0783, 0.9672,  28.7391, progress 0.9817
train,    6301, 19.841336,   90, 0.02,   13, 0.000, 0.000, 0.280, 48
train,    6302, 19.649296,   93, 0.02,   12, 0.000, 0.000, 0.280, 48
train,    6303, 18.724669,   93, 0.02,   13, 0.000, 0.000, 0.280, 48
train,    6304, 19.961139,   90, 0.04,   12, 0.000, 0.000, 0.280, 48
train,    6305, 19.860705,   91, 0.04,   12, 0.000, 0.000, 0.280, 48
train,    6306, 19.520316,   91, 0.03,   11, 0.000, 0.000, 0.280, 48
train,    6307, 19.401799,   90, 0.03,   12, 0.000, 0.000, 0.280, 48
train,    6308, 19.654186,   97, 0.04,   13, 0.000, 0.000, 0.280, 48
train,    6309, 20.384880,   93, 0.04,   12, 0.000, 0.000, 0.280, 48
train,    6310, 20.365205,   92, 0.03,   12, 0.000, 0.000, 0.280, 48
train,    6311, 18.666079,   90, 0.03,   12, 0.000, 0.000, 0.280, 48
train,    6312, 19.653486,   93, 0.04,   12, 0.000, 0.000, 0.280, 48
train,    6313, 19.553639,   96, 0.03,   12, 0.000, 0.000, 0.280, 48
train,    6314, 19.954772,   93, 0.02,   11, 0.000, 0.000, 0.280, 48
train,    6315, 20.109507,   97, 0.04,   12, 0.000, 0.000, 0.280, 48
train,    6316, 19.461530,   91, 0.05,   11, 0.000, 0.000, 0.280, 48
train,    6317, 20.089263,   89, 0.04,   12, 0.000, 0.000, 0.280, 48
train,    6318, 20.366163,   95, 0.03,   11, 0.000, 0.000, 0.280, 48
train,    6319, 19.383727,   96, 0.04,   12, 0.000, 0.000, 0.280, 48
train,    6320, 19.924826,   98, 0.05,   11, 0.000, 0.000, 0.280, 48
train,    6321, 18.955345,   91, 0.03,   13, 0.000, 0.000, 0.280, 48
train,    6322, 19.744428,   96, 0.05,   12, 0.000, 0.000, 0.280, 48
train,    6323, 19.875343,   91, 0.03,   13, 0.000, 0.000, 0.280, 48
train,    6324, 20.577478,   97, 0.04,   11, 0.000, 0.000, 0.280, 48
train,    6325, 20.173799,   99, 0.04,   11, 0.000, 0.000, 0.280, 48
train,    6326, 19.549126,   91, 0.04,   13, 0.000, 0.000, 0.280, 48
train,    6327, 19.136737,   95, 0.03,   11, 0.000, 0.000, 0.280, 48
train,    6328, 20.822073,   89, 0.03,   11, 0.000, 0.000, 0.280, 48
train,    6329, 19.207539,   98, 0.04,   11, 0.000, 0.000, 0.280, 48
train,    6330, 19.581589,   91, 0.02,   11, 0.000, 0.000, 0.280, 48
train,    6331, 19.049941,   93, 0.01,   13, 0.000, 0.000, 0.280, 48
train,    6332, 20.218093,   93, 0.04,   12, 0.000, 0.000, 0.280, 48
train,    6333, 19.372360,   97, 0.03,   12, 0.000, 0.000, 0.280, 48
train,    6334, 19.828889,   88, 0.02,   12, 0.000, 0.000, 0.280, 48
train,    6335, 20.160486,   93, 0.04,   13, 0.000, 0.000, 0.280, 48
train,    6336, 19.849162,   90, 0.03,   12, 0.000, 0.000, 0.280, 48
train,    6337, 20.263006,   97, 0.04,   12, 0.000, 0.000, 0.280, 48
train,    6338, 20.434427,   93, 0.04,   11, 0.000, 0.000, 0.280, 48
train,    6339, 19.460312,   95, 0.02,   10, 0.000, 0.000, 0.280, 48
train,    6340, 20.811339,   90, 0.06,   12, 0.000, 0.000, 0.280, 48
train,    6341, 18.416980,   94, 0.03,   12, 0.000, 0.000, 0.280, 48
train,    6342, 19.961847,   96, 0.04,   11, 0.000, 0.000, 0.280, 48
train,    6343, 19.158619,   90, 0.04,   13, 0.000, 0.000, 0.280, 48
train,    6344, 19.949494,   92, 0.04,   11, 0.000, 0.000, 0.280, 48
train,    6345, 19.308025,   97, 0.02,   12, 0.000, 0.000, 0.280, 48
train,    6346, 19.908230,   91, 0.03,   12, 0.000, 0.000, 0.280, 48
train,    6347, 19.881776,   95, 0.03,   13, 0.000, 0.000, 0.280, 48
train,    6348, 20.619450,   96, 0.02,   11, 0.000, 0.000, 0.280, 48
train,    6349, 19.330676,   93, 0.03,   11, 0.000, 0.000, 0.280, 48
train,    6350, 18.675179,   96, 0.03,   12, 0.000, 0.000, 0.280, 48
train,    6351, 19.374444,   91, 0.02,   12, 0.000, 0.000, 0.280, 48
train,    6352, 19.339911,   88, 0.02,   12, 0.000, 0.000, 0.280, 48
train,    6353, 19.569977,   94, 0.03,   11, 0.000, 0.000, 0.280, 48
train,    6354, 18.878997,   96, 0.03,   12, 0.000, 0.000, 0.280, 48
train,    6355, 19.390999,   96, 0.04,   12, 0.000, 0.000, 0.280, 48
train,    6356, 19.419551,   91, 0.03,   13, 0.000, 0.000, 0.280, 48
train,    6357, 19.480165,   93, 0.05,   12, 0.000, 0.000, 0.280, 48
train,    6358, 19.567337,   94, 0.02,   12, 0.000, 0.000, 0.280, 48
train,    6359, 19.852722,   95, 0.05,   12, 0.000, 0.000, 0.280, 48
train,    6360, 19.332814,   94, 0.03,   10, 0.000, 0.000, 0.280, 48
train,    6361, 19.647169,   92, 0.02,   12, 0.000, 0.000, 0.280, 48
train,    6362, 19.658979,   93, 0.03,   12, 0.000, 0.000, 0.280, 48
train,    6363, 19.207188,   95, 0.02,   13, 0.000, 0.000, 0.280, 48
train,    6364, 19.197326,   97, 0.00,   12, 0.000, 0.000, 0.280, 48
train,    6365, 19.181355,   94, 0.04,   12, 0.000, 0.000, 0.280, 48
train,    6366, 19.870851,   95, 0.03,   12, 0.000, 0.000, 0.280, 48
train,    6367, 19.273463,   95, 0.05,   13, 0.000, 0.000, 0.280, 48
train,    6368, 19.444113,   91, 0.02,   13, 0.000, 0.000, 0.280, 48
train,    6369, 18.332408,   91, 0.03,   11, 0.000, 0.000, 0.280, 48
train,    6370, 18.914573,   94, 0.02,   11, 0.000, 0.000, 0.280, 48
train,    6371, 19.126327,   98, 0.04,   13, 0.000, 0.000, 0.280, 48
train,    6372, 19.294430,   95, 0.03,   12, 0.000, 0.000, 0.280, 48
train,    6373, 19.325574,   91, 0.02,   13, 0.000, 0.000, 0.280, 48
train,    6374, 19.123278,   93, 0.02,   12, 0.000, 0.000, 0.280, 48
train,    6375, 18.728078,   90, 0.02,   11, 0.000, 0.000, 0.280, 48
train,    6376, 19.388248,   91, 0.05,   11, 0.000, 0.000, 0.280, 48
train,    6377, 18.065374,   95, 0.01,   11, 0.000, 0.000, 0.280, 48
train,    6378, 18.227345,   91, 0.03,   11, 0.000, 0.000, 0.280, 48
train,    6379, 20.206899,   93, 0.03,   13, 0.000, 0.000, 0.280, 48
train,    6380, 18.275714,   93, 0.05,   11, 0.000, 0.000, 0.280, 48
train,    6381, 18.339597,   95, 0.03,   13, 0.000, 0.000, 0.280, 48
train,    6382, 20.190833,   92, 0.01,   12, 0.000, 0.000, 0.280, 48
train,    6383, 19.135613,   93, 0.04,   12, 0.000, 0.000, 0.280, 48
train,    6384, 18.718689,   91, 0.03,   11, 0.000, 0.000, 0.280, 48
train,    6385, 20.144148,   92, 0.03,   11, 0.000, 0.000, 0.280, 48
train,    6386, 19.573636,   93, 0.02,   11, 0.000, 0.000, 0.280, 48
train,    6387, 18.812805,   94, 0.02,   12, 0.000, 0.000, 0.280, 48
train,    6388, 19.440751,   95, 0.03,   12, 0.000, 0.000, 0.280, 48
train,    6389, 19.222137,   99, 0.01,   12, 0.000, 0.000, 0.280, 48
train,    6390, 18.527199,   93, 0.04,   13, 0.000, 0.000, 0.280, 48
train,    6391, 18.688614,   90, 0.01,   12, 0.000, 0.000, 0.280, 48
train,    6392, 18.880092,   97, 0.04,   12, 0.000, 0.000, 0.280, 48
train,    6393, 19.131806,   93, 0.05,   11, 0.000, 0.000, 0.280, 48
train,    6394, 19.425273,   90, 0.04,   12, 0.000, 0.000, 0.280, 48
train,    6395, 18.800944,   87, 0.02,   11, 0.000, 0.000, 0.280, 48
train,    6396, 18.822745,   93, 0.04,   12, 0.000, 0.000, 0.280, 48
train,    6397, 18.479718,   95, 0.02,   12, 0.000, 0.000, 0.280, 48
train,    6398, 19.458895,   90, 0.01,   12, 0.000, 0.000, 0.280, 48
train,    6399, 19.291547,   98, 0.03,   11, 0.000, 0.000, 0.280, 48
train,    6400, 18.683351,   91, 0.03,   12, 0.000, 0.000, 0.280, 48
update,   6400,   64, 6400, 19.614447, 0.000000
val_t, 6400, 6400, 18.762531, 0.0261,  87.1681,   0.0661, 0.9747,  28.5747, progress 0.9871
train,    6401, 18.865742,   96, 0.02,   13, 0.000, 0.000, 0.280, 48
train,    6402, 19.183607,   90, 0.01,   12, 0.000, 0.000, 0.280, 48
train,    6403, 18.188854,   90, 0.02,   11, 0.000, 0.000, 0.280, 48
train,    6404, 18.715125,   97, 0.02,   12, 0.000, 0.000, 0.280, 48
train,    6405, 17.687018,   94, 0.02,   12, 0.000, 0.000, 0.280, 48
train,    6406, 18.536268,   93, 0.03,   12, 0.000, 0.000, 0.280, 48
train,    6407, 17.300308,   91, 0.04,   13, 0.000, 0.000, 0.280, 48
train,    6408, 18.740470,   92, 0.02,   12, 0.000, 0.000, 0.280, 48
train,    6409, 18.684133,   94, 0.02,   12, 0.000, 0.000, 0.280, 48
train,    6410, 17.954303,   91, 0.04,   12, 0.000, 0.000, 0.280, 48
train,    6411, 18.815516,   96, 0.02,   12, 0.000, 0.000, 0.280, 48
train,    6412, 18.096912,   93, 0.02,   11, 0.000, 0.000, 0.280, 48
train,    6413, 18.670024,   90, 0.04,   12, 0.000, 0.000, 0.280, 48
train,    6414, 18.748830,   95, 0.04,   12, 0.000, 0.000, 0.280, 48
train,    6415, 17.411747,   94, 0.03,   12, 0.000, 0.000, 0.280, 48
train,    6416, 18.170423,   90, 0.03,   13, 0.000, 0.000, 0.280, 48
train,    6417, 18.576607,   93, 0.01,   12, 0.000, 0.000, 0.280, 48
train,    6418, 17.805298,   98, 0.03,   12, 0.000, 0.000, 0.280, 48
train,    6419, 18.985481,   95, 0.05,   13, 0.000, 0.000, 0.280, 48
train,    6420, 18.486097,   92, 0.03,   11, 0.000, 0.000, 0.280, 48
train,    6421, 17.997274,   89, 0.04,   12, 0.000, 0.000, 0.280, 48
train,    6422, 18.014766,   91, 0.05,   11, 0.000, 0.000, 0.280, 48
train,    6423, 17.196943,   90, 0.05,   12, 0.000, 0.000, 0.280, 48
train,    6424, 18.017663,   94, 0.03,   12, 0.000, 0.000, 0.280, 48
train,    6425, 18.193634,   97, 0.06,   11, 0.000, 0.000, 0.280, 48
train,    6426, 18.425605,   95, 0.03,   13, 0.000, 0.000, 0.280, 48
train,    6427, 17.630169,   95, 0.02,   11, 0.000, 0.000, 0.280, 48
train,    6428, 18.991031,   96, 0.03,   12, 0.000, 0.000, 0.280, 48
train,    6429, 18.291307,   93, 0.03,   13, 0.000, 0.000, 0.280, 48
train,    6430, 17.164887,   95, 0.04,   11, 0.000, 0.000, 0.280, 48
train,    6431, 18.778885,   96, 0.04,   11, 0.000, 0.000, 0.280, 48
train,    6432, 18.637032,   96, 0.03,   13, 0.000, 0.000, 0.280, 48
train,    6433, 18.536518,   90, 0.04,   13, 0.000, 0.000, 0.280, 48
train,    6434, 17.432956,   95, 0.04,   11, 0.000, 0.000, 0.280, 48
train,    6435, 17.181657,   92, 0.03,   11, 0.000, 0.000, 0.280, 48
train,    6436, 18.176066,   96, 0.03,   13, 0.000, 0.000, 0.280, 48
train,    6437, 17.450656,   98, 0.01,   12, 0.000, 0.000, 0.280, 48
train,    6438, 17.709759,   97, 0.03,   12, 0.000, 0.000, 0.280, 48
train,    6439, 18.161840,   96, 0.04,   11, 0.000, 0.000, 0.280, 48
train,    6440, 17.217595,   97, 0.01,   10, 0.000, 0.000, 0.280, 48
train,    6441, 18.619252,   97, 0.02,   12, 0.000, 0.000, 0.280, 48
train,    6442, 17.772411,   93, 0.04,   11, 0.000, 0.000, 0.280, 48
train,    6443, 17.660035,   93, 0.04,   12, 0.000, 0.000, 0.280, 48
train,    6444, 18.579833,   90, 0.02,   11, 0.000, 0.000, 0.280, 48
train,    6445, 17.506634,   90, 0.03,   11, 0.000, 0.000, 0.280, 48
train,    6446, 17.418488,   92, 0.02,   12, 0.000, 0.000, 0.280, 48
train,    6447, 17.888573,   90, 0.03,   11, 0.000, 0.000, 0.280, 48
train,    6448, 17.957963,   89, 0.03,   12, 0.000, 0.000, 0.280, 48
train,    6449, 17.553500,   97, 0.03,   12, 0.000, 0.000, 0.280, 48
train,    6450, 17.948661,   92, 0.04,   12, 0.000, 0.000, 0.280, 48
train,    6451, 18.167819,   90, 0.05,   12, 0.000, 0.000, 0.280, 48
train,    6452, 18.251773,   92, 0.03,   12, 0.000, 0.000, 0.280, 48
train,    6453, 17.448460,   95, 0.02,   13, 0.000, 0.000, 0.280, 48
train,    6454, 18.420479,   92, 0.03,   11, 0.000, 0.000, 0.280, 48
train,    6455, 17.833260,   94, 0.03,   11, 0.000, 0.000, 0.280, 48
train,    6456, 16.701516,   97, 0.03,   12, 0.000, 0.000, 0.280, 48
train,    6457, 18.158471,   92, 0.04,   12, 0.000, 0.000, 0.280, 48
train,    6458, 16.724311,   91, 0.04,   12, 0.000, 0.000, 0.280, 48
train,    6459, 17.869637,   94, 0.05,   11, 0.000, 0.000, 0.280, 48
train,    6460, 17.862253,   98, 0.02,   10, 0.000, 0.000, 0.280, 48
train,    6461, 18.284425,   95, 0.04,   13, 0.000, 0.000, 0.280, 48
train,    6462, 17.102338,   93, 0.03,   11, 0.000, 0.000, 0.280, 48
train,    6463, 17.418779,   90, 0.03,   12, 0.000, 0.000, 0.280, 48
train,    6464, 17.737675,   95, 0.03,   12, 0.000, 0.000, 0.280, 48
train,    6465, 17.766981,   92, 0.03,   12, 0.000, 0.000, 0.280, 48
train,    6466, 16.533072,   93, 0.02,   13, 0.000, 0.000, 0.280, 48
train,    6467, 17.091185,   92, 0.05,   11, 0.000, 0.000, 0.280, 48
train,    6468, 17.027710,   94, 0.03,   11, 0.000, 0.000, 0.280, 48
train,    6469, 17.429178,   90, 0.03,   11, 0.000, 0.000, 0.280, 48
train,    6470, 16.873996,   96, 0.02,   12, 0.000, 0.000, 0.280, 48
train,    6471, 17.705766,   95, 0.02,   13, 0.000, 0.000, 0.280, 48
train,    6472, 17.397833,   95, 0.03,   11, 0.000, 0.000, 0.280, 48
train,    6473, 16.645474,   94, 0.03,   13, 0.000, 0.000, 0.280, 48
train,    6474, 17.218648,   96, 0.04,   11, 0.000, 0.000, 0.280, 48
train,    6475, 17.470416,   94, 0.03,   11, 0.000, 0.000, 0.280, 48
train,    6476, 17.484513,   97, 0.03,   11, 0.000, 0.000, 0.280, 48
train,    6477, 17.076605,   92, 0.03,   11, 0.000, 0.000, 0.280, 48
train,    6478, 17.973772,   93, 0.05,   11, 0.000, 0.000, 0.280, 48
train,    6479, 17.622089,   96, 0.03,   11, 0.000, 0.000, 0.280, 48
train,    6480, 17.428995,   91, 0.02,   12, 0.000, 0.000, 0.280, 48
train,    6481, 16.959795,   97, 0.04,   11, 0.000, 0.000, 0.280, 48
train,    6482, 17.043296,   91, 0.02,   12, 0.000, 0.000, 0.280, 48
train,    6483, 16.150209,   93, 0.02,   12, 0.000, 0.000, 0.280, 48
train,    6484, 16.802982,   94, 0.03,   11, 0.000, 0.000, 0.280, 48
train,    6485, 16.760344,   95, 0.05,   11, 0.000, 0.000, 0.280, 48
train,    6486, 17.449920,   96, 0.01,   11, 0.000, 0.000, 0.280, 48
train,    6487, 16.769246,   90, 0.04,   12, 0.000, 0.000, 0.280, 48
train,    6488, 16.341258,   95, 0.02,   11, 0.000, 0.000, 0.280, 48
train,    6489, 16.976502,   95, 0.05,   13, 0.000, 0.000, 0.280, 48
train,    6490, 16.530711,   98, 0.04,   11, 0.000, 0.000, 0.280, 48
train,    6491, 18.087734,   92, 0.04,   11, 0.000, 0.000, 0.280, 48
train,    6492, 17.397682,   93, 0.04,   11, 0.000, 0.000, 0.280, 48
train,    6493, 17.924200,   95, 0.05,   11, 0.000, 0.000, 0.280, 48
train,    6494, 18.173807,   92, 0.01,   11, 0.000, 0.000, 0.280, 48
train,    6495, 16.890403,   93, 0.03,   13, 0.000, 0.000, 0.280, 48
train,    6496, 16.998919,   97, 0.03,   12, 0.000, 0.000, 0.280, 48
train,    6497, 16.306971,   96, 0.04,   11, 0.000, 0.000, 0.280, 48
train,    6498, 16.990918,   89, 0.03,   13, 0.000, 0.000, 0.280, 48
train,    6499, 16.605795,   93, 0.03,   13, 0.000, 0.000, 0.280, 48
train,    6500, 16.895739,   95, 0.05,   12, 0.000, 0.000, 0.280, 48
update,   6500,   65, 6500, 19.029873, 0.000000
val_t, 6500, 6500, 19.553321, 0.0309,  93.2323,   0.0593, 0.9818,  28.9527, progress 0.9771
train,    6501, 16.746990,   94, 0.03,   13, 0.000, 0.000, 0.280, 48
train,    6502, 16.979396,   97, 0.03,   12, 0.000, 0.000, 0.280, 48
train,    6503, 16.655271,   95, 0.03,   12, 0.000, 0.000, 0.280, 48
train,    6504, 16.764243,   98, 0.03,   12, 0.000, 0.000, 0.280, 48
train,    6505, 16.570334,   90, 0.01,   12, 0.000, 0.000, 0.280, 48
train,    6506, 16.267099,   97, 0.03,   12, 0.000, 0.000, 0.280, 48
train,    6507, 17.598304,   90, 0.04,   12, 0.000, 0.000, 0.280, 48
train,    6508, 16.557190,   96, 0.03,   13, 0.000, 0.000, 0.280, 48
train,    6509, 15.838157,   96, 0.04,   12, 0.000, 0.000, 0.280, 48
train,    6510, 16.289883,   94, 0.04,   13, 0.000, 0.000, 0.280, 48
train,    6511, 16.790840,   93, 0.02,   12, 0.000, 0.000, 0.280, 48
train,    6512, 17.341442,   92, 0.04,   13, 0.000, 0.000, 0.280, 48
train,    6513, 16.475135,   95, 0.04,   13, 0.000, 0.000, 0.280, 48
train,    6514, 16.982125,   94, 0.05,   11, 0.000, 0.000, 0.280, 48
train,    6515, 16.524561,   91, 0.03,   12, 0.000, 0.000, 0.280, 48
train,    6516, 16.394569,   95, 0.03,   13, 0.000, 0.000, 0.280, 48
train,    6517, 16.256056,   89, 0.04,   12, 0.000, 0.000, 0.280, 48
train,    6518, 17.072124,   91, 0.03,   11, 0.000, 0.000, 0.280, 48
train,    6519, 16.737267,   98, 0.03,   12, 0.000, 0.000, 0.280, 48
train,    6520, 16.150849,   94, 0.04,   11, 0.000, 0.000, 0.280, 48
train,    6521, 17.502154,   95, 0.03,   10, 0.000, 0.000, 0.280, 48
train,    6522, 16.845568,   95, 0.03,   12, 0.000, 0.000, 0.280, 48
train,    6523, 17.166961,   93, 0.03,   13, 0.000, 0.000, 0.280, 48
train,    6524, 17.068334,   92, 0.03,   12, 0.000, 0.000, 0.280, 48
train,    6525, 17.347817,   89, 0.03,   13, 0.000, 0.000, 0.280, 48
train,    6526, 17.072849,   92, 0.02,   13, 0.000, 0.000, 0.280, 48
train,    6527, 16.816265,   94, 0.02,   13, 0.000, 0.000, 0.280, 48
train,    6528, 16.516874,   95, 0.01,   12, 0.000, 0.000, 0.280, 48
train,    6529, 16.775080,   92, 0.04,   12, 0.000, 0.000, 0.280, 48
train,    6530, 15.908411,   92, 0.02,   10, 0.000, 0.000, 0.280, 48
train,    6531, 17.093689,   94, 0.05,   12, 0.000, 0.000, 0.280, 48
train,    6532, 16.173154,   92, 0.04,   11, 0.000, 0.000, 0.280, 48
train,    6533, 16.712682,   95, 0.03,   12, 0.000, 0.000, 0.280, 48
train,    6534, 17.079007,   93, 0.02,   13, 0.000, 0.000, 0.280, 48
train,    6535, 14.648712,   96, 0.02,   11, 0.000, 0.000, 0.280, 48
train,    6536, 16.457522,   95, 0.04,   12, 0.000, 0.000, 0.280, 48
train,    6537, 15.689219,   98, 0.05,   12, 0.000, 0.000, 0.280, 48
train,    6538, 15.582144,   97, 0.03,   12, 0.000, 0.000, 0.280, 48
train,    6539, 16.717513,   87, 0.05,   12, 0.000, 0.000, 0.280, 48
train,    6540, 15.474283,   97, 0.03,   12, 0.000, 0.000, 0.280, 48
train,    6541, 16.821037,   93, 0.03,   10, 0.000, 0.000, 0.280, 48
train,    6542, 15.484888,   96, 0.04,   12, 0.000, 0.000, 0.280, 48
train,    6543, 16.181075,   96, 0.02,   12, 0.000, 0.000, 0.280, 48
train,    6544, 16.673784,   97, 0.03,   11, 0.000, 0.000, 0.280, 48
train,    6545, 15.690729,   97, 0.02,   11, 0.000, 0.000, 0.280, 48
train,    6546, 16.711469,   95, 0.02,   10, 0.000, 0.000, 0.280, 48
train,    6547, 16.504032,   95, 0.02,   11, 0.000, 0.000, 0.280, 48
train,    6548, 16.591757,   90, 0.05,   12, 0.000, 0.000, 0.280, 48
train,    6549, 15.710944,   94, 0.02,   11, 0.000, 0.000, 0.280, 48
train,    6550, 16.702150,   90, 0.04,   12, 0.000, 0.000, 0.280, 48
train,    6551, 16.621679,   93, 0.04,   13, 0.000, 0.000, 0.280, 48
train,    6552, 15.882142,   88, 0.05,   12, 0.000, 0.000, 0.280, 48
train,    6553, 16.461832,   90, 0.03,   12, 0.000, 0.000, 0.280, 48
train,    6554, 15.201575,   93, 0.03,   12, 0.000, 0.000, 0.280, 48
train,    6555, 15.983315,   92, 0.04,   11, 0.000, 0.000, 0.280, 48
train,    6556, 16.160169,   93, 0.03,   13, 0.000, 0.000, 0.280, 48
train,    6557, 16.404109,   92, 0.02,   13, 0.000, 0.000, 0.280, 48
train,    6558, 16.386929,   90, 0.02,   11, 0.000, 0.000, 0.280, 48
train,    6559, 16.188555,   94, 0.04,   13, 0.000, 0.000, 0.280, 48
train,    6560, 16.895347,   92, 0.04,   13, 0.000, 0.000, 0.280, 48
train,    6561, 16.694031,   97, 0.02,   12, 0.000, 0.000, 0.280, 48
train,    6562, 16.583759,   92, 0.05,   12, 0.000, 0.000, 0.280, 48
train,    6563, 16.219109,   95, 0.02,   13, 0.000, 0.000, 0.280, 48
train,    6564, 17.061265,   96, 0.04,   12, 0.000, 0.000, 0.280, 48
train,    6565, 16.499310,   93, 0.03,   11, 0.000, 0.000, 0.280, 48
train,    6566, 16.341152,   97, 0.03,   12, 0.000, 0.000, 0.280, 48
train,    6567, 15.977600,   89, 0.02,   12, 0.000, 0.000, 0.280, 48
train,    6568, 16.553201,   96, 0.04,   12, 0.000, 0.000, 0.280, 48
train,    6569, 15.767457,   95, 0.06,   12, 0.000, 0.000, 0.280, 48
train,    6570, 16.059035,   88, 0.03,   13, 0.000, 0.000, 0.280, 48
train,    6571, 16.082187,   96, 0.03,   11, 0.000, 0.000, 0.280, 48
train,    6572, 15.886721,   97, 0.03,   13, 0.000, 0.000, 0.280, 48
train,    6573, 16.408805,   90, 0.04,   12, 0.000, 0.000, 0.280, 48
train,    6574, 16.595880,   96, 0.04,   10, 0.000, 0.000, 0.280, 48
train,    6575, 15.977188,   91, 0.02,   12, 0.000, 0.000, 0.280, 48
train,    6576, 17.059488,   95, 0.04,   12, 0.000, 0.000, 0.280, 48
train,    6577, 16.106028,   90, 0.05,   11, 0.000, 0.000, 0.280, 48
train,    6578, 16.592714,   93, 0.04,   11, 0.000, 0.000, 0.280, 48
train,    6579, 16.305409,   95, 0.02,   13, 0.000, 0.000, 0.280, 48
train,    6580, 16.439649,   92, 0.03,   11, 0.000, 0.000, 0.280, 48
train,    6581, 16.235720,   97, 0.04,   12, 0.000, 0.000, 0.280, 48
train,    6582, 16.598474,   93, 0.02,   12, 0.000, 0.000, 0.280, 48
train,    6583, 15.952201,   94, 0.02,   12, 0.000, 0.000, 0.280, 48
train,    6584, 16.658697,   95, 0.04,   11, 0.000, 0.000, 0.280, 48
train,    6585, 15.944962,   96, 0.03,   12, 0.000, 0.000, 0.280, 48
train,    6586, 16.525653,   93, 0.04,   12, 0.000, 0.000, 0.280, 48
train,    6587, 15.312234,   95, 0.04,   11, 0.000, 0.000, 0.280, 48
train,    6588, 16.967965,   93, 0.03,   12, 0.000, 0.000, 0.280, 48
train,    6589, 16.944506,   92, 0.04,   12, 0.000, 0.000, 0.280, 48
train,    6590, 16.344500,   91, 0.03,   13, 0.000, 0.000, 0.280, 48
train,    6591, 16.660081,   90, 0.02,   12, 0.000, 0.000, 0.280, 48
train,    6592, 16.202452,   92, 0.03,   12, 0.000, 0.000, 0.280, 48
train,    6593, 16.195239,   99, 0.04,   13, 0.000, 0.000, 0.280, 48
train,    6594, 16.034986,   91, 0.03,   11, 0.000, 0.000, 0.280, 48
train,    6595, 14.920653,   92, 0.05,   13, 0.000, 0.000, 0.280, 48
train,    6596, 16.368872,   98, 0.02,   11, 0.000, 0.000, 0.280, 48
train,    6597, 17.016706,   90, 0.01,   12, 0.000, 0.000, 0.280, 48
train,    6598, 16.237453,   97, 0.03,   12, 0.000, 0.000, 0.280, 48
train,    6599, 16.193411,   92, 0.02,   12, 0.000, 0.000, 0.280, 48
train,    6600, 16.520950,   91, 0.03,   11, 0.000, 0.000, 0.280, 48
update,   6600,   66, 6600, 18.885207, 0.000000
val_t, 6600, 6600, 18.674808, 0.0313,  89.0253,   0.0582, 0.9807,  29.0251, progress 1.0002
train,    6601, 15.362105,   95, 0.03,   11, 0.000, 0.000, 0.280, 48
train,    6602, 15.484704,   90, 0.03,   13, 0.000, 0.000, 0.280, 48
train,    6603, 16.584740,   95, 0.04,   11, 0.000, 0.000, 0.280, 48
train,    6604, 16.271375,   97, 0.03,   12, 0.000, 0.000, 0.280, 48
train,    6605, 16.935883,   95, 0.04,   13, 0.000, 0.000, 0.280, 48
train,    6606, 16.939182,   90, 0.02,   12, 0.000, 0.000, 0.280, 48
train,    6607, 16.138049,   94, 0.05,   11, 0.000, 0.000, 0.280, 48
train,    6608, 16.220537,   91, 0.04,   12, 0.000, 0.000, 0.280, 48
train,    6609, 16.643302,   96, 0.02,   12, 0.000, 0.000, 0.280, 48
train,    6610, 16.195317,   93, 0.02,   12, 0.000, 0.000, 0.280, 48
train,    6611, 16.420114,   93, 0.02,   12, 0.000, 0.000, 0.280, 48
train,    6612, 16.793184,   91, 0.02,   11, 0.000, 0.000, 0.280, 48
train,    6613, 16.282622,   91, 0.02,   11, 0.000, 0.000, 0.280, 48
train,    6614, 16.935231,   95, 0.04,   13, 0.000, 0.000, 0.280, 48
train,    6615, 16.123380,   96, 0.04,   13, 0.000, 0.000, 0.280, 48
train,    6616, 15.427021,   92, 0.03,   13, 0.000, 0.000, 0.280, 48
train,    6617, 17.273630,   95, 0.04,   13, 0.000, 0.000, 0.280, 48
train,    6618, 16.227220,   92, 0.03,   12, 0.000, 0.000, 0.280, 48
train,    6619, 15.996969,   95, 0.03,   12, 0.000, 0.000, 0.280, 48
train,    6620, 16.398269,   97, 0.02,   12, 0.000, 0.000, 0.280, 48
train,    6621, 16.053640,   89, 0.03,   11, 0.000, 0.000, 0.280, 48
train,    6622, 17.437511,   98, 0.03,   13, 0.000, 0.000, 0.280, 48
train,    6623, 16.175661,   98, 0.03,   12, 0.000, 0.000, 0.280, 48
train,    6624, 16.364730,   97, 0.03,    9, 0.000, 0.000, 0.280, 48
train,    6625, 16.034004,   96, 0.02,   11, 0.000, 0.000, 0.280, 48
train,    6626, 16.207304,   93, 0.02,   13, 0.000, 0.000, 0.280, 48
train,    6627, 16.468496,   94, 0.04,   14, 0.000, 0.000, 0.280, 48
train,    6628, 16.094487,   94, 0.02,   11, 0.000, 0.000, 0.280, 48
train,    6629, 17.009801,   93, 0.02,   11, 0.000, 0.000, 0.280, 48
train,    6630, 17.194079,   93, 0.03,   13, 0.000, 0.000, 0.280, 48
train,    6631, 16.865833,   96, 0.03,   11, 0.000, 0.000, 0.280, 48
train,    6632, 16.539000,   93, 0.04,   12, 0.000, 0.000, 0.280, 48
train,    6633, 17.110715,   91, 0.03,   12, 0.000, 0.000, 0.280, 48
train,    6634, 16.956796,   92, 0.03,   13, 0.000, 0.000, 0.280, 48
train,    6635, 16.597589,   90, 0.04,   13, 0.000, 0.000, 0.280, 48
train,    6636, 15.890950,   92, 0.04,   12, 0.000, 0.000, 0.280, 48
train,    6637, 17.551774,   97, 0.04,   12, 0.000, 0.000, 0.280, 48
train,    6638, 15.855517,   96, 0.03,   11, 0.000, 0.000, 0.280, 48
train,    6639, 17.054889,   95, 0.03,   10, 0.000, 0.000, 0.280, 48
train,    6640, 16.980341,   93, 0.04,   12, 0.000, 0.000, 0.280, 48
train,    6641, 16.756059,   92, 0.03,   11, 0.000, 0.000, 0.280, 48
train,    6642, 15.691929,   95, 0.01,   11, 0.000, 0.000, 0.280, 48
train,    6643, 16.410254,   91, 0.03,   11, 0.000, 0.000, 0.280, 48
train,    6644, 17.132901,   93, 0.03,   12, 0.000, 0.000, 0.280, 48
train,    6645, 15.483524,   91, 0.03,   11, 0.000, 0.000, 0.280, 48
train,    6646, 16.363741,   92, 0.03,   12, 0.000, 0.000, 0.280, 48
train,    6647, 16.258808,   94, 0.02,   11, 0.000, 0.000, 0.280, 48
train,    6648, 16.438368,   95, 0.03,   11, 0.000, 0.000, 0.280, 48
train,    6649, 16.703743,   91, 0.03,   11, 0.000, 0.000, 0.280, 48
train,    6650, 15.992414,   93, 0.04,   12, 0.000, 0.000, 0.280, 48
train,    6651, 16.702278,   90, 0.01,   11, 0.000, 0.000, 0.280, 48
train,    6652, 17.320977,   94, 0.02,   12, 0.000, 0.000, 0.280, 48
train,    6653, 15.798513,   97, 0.02,   12, 0.000, 0.000, 0.280, 48
train,    6654, 16.979011,   96, 0.03,   11, 0.000, 0.000, 0.280, 48
train,    6655, 17.454036,   96, 0.01,   12, 0.000, 0.000, 0.280, 48
train,    6656, 15.644261,   89, 0.03,   12, 0.000, 0.000, 0.280, 48
train,    6657, 16.547874,   91, 0.04,   12, 0.000, 0.000, 0.280, 48
train,    6658, 16.536196,   93, 0.03,   11, 0.000, 0.000, 0.280, 48
train,    6659, 16.055889,   95, 0.05,   11, 0.000, 0.000, 0.280, 48
train,    6660, 17.108491,   93, 0.03,   12, 0.000, 0.000, 0.280, 48
train,    6661, 16.943162,   92, 0.04,   12, 0.000, 0.000, 0.280, 48
train,    6662, 16.045672,   96, 0.04,   11, 0.000, 0.000, 0.280, 48
train,    6663, 16.425586,   89, 0.04,   11, 0.000, 0.000, 0.280, 48
train,    6664, 16.791504,   98, 0.03,   12, 0.000, 0.000, 0.280, 48
train,    6665, 16.390869,   96, 0.03,   13, 0.000, 0.000, 0.280, 48
train,    6666, 16.744145,   98, 0.04,   11, 0.000, 0.000, 0.280, 48
train,    6667, 16.714311,   96, 0.04,   10, 0.000, 0.000, 0.280, 48
train,    6668, 16.748054,   94, 0.05,   12, 0.000, 0.000, 0.280, 48
train,    6669, 16.138456,   92, 0.02,   10, 0.000, 0.000, 0.280, 48
train,    6670, 16.910074,   92, 0.02,   12, 0.000, 0.000, 0.280, 48
train,    6671, 17.083735,   97, 0.04,   11, 0.000, 0.000, 0.280, 48
train,    6672, 16.907066,   93, 0.04,   11, 0.000, 0.000, 0.280, 48
train,    6673, 17.695094,   90, 0.03,   11, 0.000, 0.000, 0.280, 48
train,    6674, 17.224114,   97, 0.05,   13, 0.000, 0.000, 0.280, 48
train,    6675, 17.029437,   95, 0.04,   12, 0.000, 0.000, 0.280, 48
train,    6676, 17.384860,   93, 0.04,   11, 0.000, 0.000, 0.280, 48
train,    6677, 17.147274,   89, 0.04,   13, 0.000, 0.000, 0.280, 48
train,    6678, 16.433447,   96, 0.04,   13, 0.000, 0.000, 0.280, 48
train,    6679, 17.462102,   90, 0.01,   14, 0.000, 0.000, 0.280, 48
train,    6680, 17.023981,   92, 0.03,   11, 0.000, 0.000, 0.280, 48
train,    6681, 17.708699,   90, 0.04,   10, 0.000, 0.000, 0.280, 48
train,    6682, 17.342710,   93, 0.04,   11, 0.000, 0.000, 0.280, 48
train,    6683, 17.212105,   97, 0.03,   11, 0.000, 0.000, 0.280, 48
train,    6684, 17.398264,   97, 0.04,   11, 0.000, 0.000, 0.280, 48
train,    6685, 17.004248,   96, 0.02,   13, 0.000, 0.000, 0.280, 48
train,    6686, 17.539259,   95, 0.04,   12, 0.000, 0.000, 0.280, 48
train,    6687, 17.510060,   94, 0.04,   12, 0.000, 0.000, 0.280, 48
train,    6688, 17.486358,   95, 0.03,   13, 0.000, 0.000, 0.280, 48
train,    6689, 18.276095,   92, 0.04,   12, 0.000, 0.000, 0.280, 48
train,    6690, 16.667065,   96, 0.03,   13, 0.000, 0.000, 0.280, 48
train,    6691, 17.072103,   94, 0.04,   13, 0.000, 0.000, 0.280, 48
train,    6692, 17.688568,   92, 0.03,   10, 0.000, 0.000, 0.280, 48
train,    6693, 17.379710,   93, 0.04,   12, 0.000, 0.000, 0.280, 48
train,    6694, 17.084784,   95, 0.05,   11, 0.000, 0.000, 0.280, 48
train,    6695, 16.915995,   93, 0.06,   10, 0.000, 0.000, 0.280, 48
train,    6696, 16.987330,   92, 0.03,   12, 0.000, 0.000, 0.280, 48
train,    6697, 17.640876,   97, 0.01,   11, 0.000, 0.000, 0.280, 48
train,    6698, 17.802315,   91, 0.03,   11, 0.000, 0.000, 0.280, 48
train,    6699, 17.729777,   93, 0.02,   11, 0.000, 0.000, 0.280, 48
train,    6700, 17.220490,   94, 0.04,   12, 0.000, 0.000, 0.280, 48
update,   6700,   67, 6700, 18.415600, 0.000000
val_t, 6700, 6700, 18.282637, 0.0218,  90.3157,   0.0672, 0.9814,  29.2895, progress 0.9813
train,    6701, 17.019601,   95, 0.00,   12, 0.000, 0.000, 0.280, 48
train,    6702, 17.434304,   96, 0.03,   12, 0.000, 0.000, 0.280, 48
train,    6703, 16.984223,   95, 0.01,   12, 0.000, 0.000, 0.280, 48
train,    6704, 17.293803,   94, 0.03,   12, 0.000, 0.000, 0.280, 48
train,    6705, 17.360134,   90, 0.05,   11, 0.000, 0.000, 0.280, 48
train,    6706, 17.686691,   95, 0.04,   12, 0.000, 0.000, 0.280, 48
train,    6707, 17.562184,   96, 0.03,   11, 0.000, 0.000, 0.280, 48
train,    6708, 17.752963,   96, 0.03,   12, 0.000, 0.000, 0.280, 48
train,    6709, 17.201603,   93, 0.03,   12, 0.000, 0.000, 0.280, 48
train,    6710, 16.508676,   94, 0.03,   13, 0.000, 0.000, 0.280, 48
train,    6711, 17.122169,   90, 0.03,   12, 0.000, 0.000, 0.280, 48
train,    6712, 17.855561,   95, 0.03,   11, 0.000, 0.000, 0.280, 48
train,    6713, 16.904925,   95, 0.03,   13, 0.000, 0.000, 0.280, 48
train,    6714, 17.197503,   97, 0.03,   12, 0.000, 0.000, 0.280, 48
train,    6715, 17.619328,   93, 0.04,   12, 0.000, 0.000, 0.280, 48
train,    6716, 18.541657,   94, 0.02,   12, 0.000, 0.000, 0.280, 48
train,    6717, 17.132741,   95, 0.02,   13, 0.000, 0.000, 0.280, 48
train,    6718, 17.280428,   94, 0.04,   13, 0.000, 0.000, 0.280, 48
train,    6719, 16.710044,   95, 0.03,   12, 0.000, 0.000, 0.280, 48
train,    6720, 17.383233,   99, 0.03,   13, 0.000, 0.000, 0.280, 48
train,    6721, 18.063465,   91, 0.01,   12, 0.000, 0.000, 0.280, 48
train,    6722, 18.216307,   89, 0.03,   12, 0.000, 0.000, 0.280, 48
train,    6723, 18.069158,   96, 0.02,   11, 0.000, 0.000, 0.280, 48
train,    6724, 17.347233,   94, 0.03,   13, 0.000, 0.000, 0.280, 48
train,    6725, 17.814973,   97, 0.03,   10, 0.000, 0.000, 0.280, 48
train,    6726, 16.871107,   96, 0.03,   12, 0.000, 0.000, 0.280, 48
train,    6727, 17.182187,   94, 0.04,   12, 0.000, 0.000, 0.280, 48
train,    6728, 17.595116,   93, 0.03,   11, 0.000, 0.000, 0.280, 48
train,    6729, 17.612302,   97, 0.03,   11, 0.000, 0.000, 0.280, 48
train,    6730, 17.298537,   96, 0.01,   12, 0.000, 0.000, 0.280, 48
train,    6731, 18.831772,   93, 0.03,   12, 0.000, 0.000, 0.280, 48
train,    6732, 17.437975,   93, 0.02,   12, 0.000, 0.000, 0.280, 48
train,    6733, 17.829927,   94, 0.03,   11, 0.000, 0.000, 0.280, 48
train,    6734, 18.681625,   92, 0.02,   13, 0.000, 0.000, 0.280, 48
train,    6735, 18.069418,   93, 0.03,   12, 0.000, 0.000, 0.280, 48
train,    6736, 18.404447,   97, 0.03,   13, 0.000, 0.000, 0.280, 48
train,    6737, 17.549979,   95, 0.04,   11, 0.000, 0.000, 0.280, 48
train,    6738, 18.494869,   90, 0.04,   13, 0.000, 0.000, 0.280, 48
train,    6739, 17.363866,   96, 0.03,   12, 0.000, 0.000, 0.280, 48
train,    6740, 18.325039,   93, 0.04,   11, 0.000, 0.000, 0.280, 48
train,    6741, 16.910553,   93, 0.03,   12, 0.000, 0.000, 0.280, 48
train,    6742, 18.510657,   94, 0.04,   11, 0.000, 0.000, 0.280, 48
train,    6743, 17.489876,   92, 0.04,   12, 0.000, 0.000, 0.280, 48
train,    6744, 17.862584,   98, 0.04,   11, 0.000, 0.000, 0.280, 48
train,    6745, 17.801149,   96, 0.04,   11, 0.000, 0.000, 0.280, 48
train,    6746, 17.674620,   94, 0.03,   12, 0.000, 0.000, 0.280, 48
train,    6747, 17.460306,   90, 0.03,   11, 0.000, 0.000, 0.280, 48
train,    6748, 17.079809,   92, 0.04,   11, 0.000, 0.000, 0.280, 48
train,    6749, 18.025085,   96, 0.03,   13, 0.000, 0.000, 0.280, 48
train,    6750, 18.491598,   94, 0.04,   13, 0.000, 0.000, 0.280, 48
train,    6751, 17.741462,   92, 0.04,   12, 0.000, 0.000, 0.280, 48
train,    6752, 17.640714,   92, 0.02,   12, 0.000, 0.000, 0.280, 48
train,    6753, 18.797153,   92, 0.03,   12, 0.000, 0.000, 0.280, 48
train,    6754, 17.870762,   98, 0.02,   13, 0.000, 0.000, 0.280, 48
train,    6755, 17.765316,   96, 0.04,   11, 0.000, 0.000, 0.280, 48
train,    6756, 18.179512,   96, 0.04,   12, 0.000, 0.000, 0.280, 48
train,    6757, 17.900228,   99, 0.05,   11, 0.000, 0.000, 0.280, 48
train,    6758, 18.996578,   97, 0.03,   13, 0.000, 0.000, 0.280, 48
train,    6759, 17.961677,   89, 0.03,   11, 0.000, 0.000, 0.280, 48
train,    6760, 18.755278,   95, 0.04,   11, 0.000, 0.000, 0.280, 48
train,    6761, 17.098343,   92, 0.03,   11, 0.000, 0.000, 0.280, 48
train,    6762, 18.727910,   95, 0.04,   10, 0.000, 0.000, 0.280, 48
train,    6763, 17.660121,   93, 0.03,   11, 0.000, 0.000, 0.280, 48
train,    6764, 18.138380,   96, 0.04,   12, 0.000, 0.000, 0.280, 48
train,    6765, 18.774578,   91, 0.04,   11, 0.000, 0.000, 0.280, 48
train,    6766, 18.499915,   92, 0.04,   11, 0.000, 0.000, 0.280, 48
train,    6767, 19.377986,   94, 0.01,   11, 0.000, 0.000, 0.280, 48
train,    6768, 17.851351,   90, 0.02,   13, 0.000, 0.000, 0.280, 48
train,    6769, 18.797474,   97, 0.03,   11, 0.000, 0.000, 0.280, 48
train,    6770, 18.436226,   93, 0.04,   13, 0.000, 0.000, 0.280, 48
train,    6771, 17.426435,   93, 0.03,   11, 0.000, 0.000, 0.280, 48
train,    6772, 18.269446,   94, 0.02,   12, 0.000, 0.000, 0.280, 48
train,    6773, 17.941546,   94, 0.01,   12, 0.000, 0.000, 0.280, 48
train,    6774, 18.621346,   91, 0.01,   13, 0.000, 0.000, 0.280, 48
train,    6775, 18.563878,   95, 0.02,   12, 0.000, 0.000, 0.280, 48
train,    6776, 17.627687,   96, 0.04,   11, 0.000, 0.000, 0.280, 48
train,    6777, 18.779675,   94, 0.03,   11, 0.000, 0.000, 0.280, 48
train,    6778, 18.163890,   92, 0.03,   12, 0.000, 0.000, 0.280, 48
train,    6779, 18.855319,   95, 0.03,   10, 0.000, 0.000, 0.280, 48
train,    6780, 18.697623,   97, 0.04,   12, 0.000, 0.000, 0.280, 48
train,    6781, 18.249114,   98, 0.04,   11, 0.000, 0.000, 0.280, 48
train,    6782, 17.801514,   93, 0.03,   11, 0.000, 0.000, 0.280, 48
train,    6783, 18.343706,   94, 0.03,   11, 0.000, 0.000, 0.280, 48
train,    6784, 18.946696,   95, 0.02,   10, 0.000, 0.000, 0.280, 48
train,    6785, 17.653263,   92, 0.03,   12, 0.000, 0.000, 0.280, 48
train,    6786, 19.055376,   91, 0.04,   12, 0.000, 0.000, 0.280, 48
train,    6787, 18.672705,   96, 0.05,   13, 0.000, 0.000, 0.280, 48
train,    6788, 18.661293,   95, 0.05,   12, 0.000, 0.000, 0.280, 48
train,    6789, 18.582081,   91, 0.04,   12, 0.000, 0.000, 0.280, 48
train,    6790, 19.099767,   93, 0.02,   12, 0.000, 0.000, 0.280, 48
train,    6791, 18.883934,   92, 0.04,   11, 0.000, 0.000, 0.280, 48
train,    6792, 17.946079,   95, 0.03,   12, 0.000, 0.000, 0.280, 48
train,    6793, 18.392126,   96, 0.04,   10, 0.000, 0.000, 0.280, 48
train,    6794, 18.703094,   94, 0.04,   12, 0.000, 0.000, 0.280, 48
train,    6795, 18.685168,   93, 0.02,   12, 0.000, 0.000, 0.280, 48
train,    6796, 17.117444,   89, 0.02,   12, 0.000, 0.000, 0.280, 48
train,    6797, 18.159895,   98, 0.04,   12, 0.000, 0.000, 0.280, 48
train,    6798, 19.318350,   93, 0.05,   11, 0.000, 0.000, 0.280, 48
train,    6799, 18.685998,   90, 0.04,   12, 0.000, 0.000, 0.280, 48
train,    6800, 18.615053,   96, 0.03,   12, 0.000, 0.000, 0.280, 48
update,   6800,   68, 6800, 17.937369, 0.000000
val_t, 6800, 6800, 18.024187, 0.0250,  92.9875,   0.0666, 0.9713,  28.9354, progress 0.9914
train,    6801, 18.302748,   95, 0.04,   11, 0.000, 0.000, 0.280, 48
train,    6802, 19.056647,   94, 0.03,   11, 0.000, 0.000, 0.280, 48
train,    6803, 18.956730,   94, 0.03,   11, 0.000, 0.000, 0.280, 48
train,    6804, 18.113527,   91, 0.04,   12, 0.000, 0.000, 0.280, 48
train,    6805, 18.708994,   89, 0.03,   12, 0.000, 0.000, 0.280, 48
train,    6806, 18.790638,   95, 0.03,   14, 0.000, 0.000, 0.280, 48
train,    6807, 18.633824,   98, 0.02,   11, 0.000, 0.000, 0.280, 48
train,    6808, 18.921988,   92, 0.04,   11, 0.000, 0.000, 0.280, 48
train,    6809, 18.995378,   92, 0.04,   11, 0.000, 0.000, 0.280, 48
train,    6810, 18.445101,   93, 0.01,   12, 0.000, 0.000, 0.280, 48
train,    6811, 18.284583,   96, 0.03,   12, 0.000, 0.000, 0.280, 48
train,    6812, 18.891760,   93, 0.03,   10, 0.000, 0.000, 0.280, 48
train,    6813, 18.321707,   91, 0.03,   11, 0.000, 0.000, 0.280, 48
train,    6814, 19.711629,   97, 0.02,   12, 0.000, 0.000, 0.280, 48
train,    6815, 19.856195,   91, 0.02,   12, 0.000, 0.000, 0.280, 48
train,    6816, 18.848400,   92, 0.03,   12, 0.000, 0.000, 0.280, 48
train,    6817, 17.793511,   96, 0.02,   12, 0.000, 0.000, 0.280, 48
train,    6818, 18.324585,   96, 0.05,   13, 0.000, 0.000, 0.280, 48
train,    6819, 17.573668,   91, 0.03,   11, 0.000, 0.000, 0.280, 48
train,    6820, 17.685490,   92, 0.03,   11, 0.000, 0.000, 0.280, 48
train,    6821, 18.335981,   90, 0.03,   12, 0.000, 0.000, 0.280, 48
train,    6822, 19.551289,   93, 0.03,   13, 0.000, 0.000, 0.280, 48
train,    6823, 18.762876,   98, 0.03,   11, 0.000, 0.000, 0.280, 48
train,    6824, 18.172304,   92, 0.03,   13, 0.000, 0.000, 0.280, 48
train,    6825, 18.748064,   90, 0.05,   11, 0.000, 0.000, 0.280, 48
train,    6826, 18.902511,   96, 0.04,   11, 0.000, 0.000, 0.280, 48
train,    6827, 18.734811,   94, 0.04,   12, 0.000, 0.000, 0.280, 48
train,    6828, 18.912565,   90, 0.04,   13, 0.000, 0.000, 0.280, 48
train,    6829, 18.393472,   89, 0.04,   12, 0.000, 0.000, 0.280, 48
train,    6830, 18.169360,   93, 0.04,   12, 0.000, 0.000, 0.280, 48
train,    6831, 19.291017,   97, 0.01,   11, 0.000, 0.000, 0.280, 48
train,    6832, 19.136152,   96, 0.02,   11, 0.000, 0.000, 0.280, 48
train,    6833, 18.653417,   94, 0.03,   12, 0.000, 0.000, 0.280, 48
train,    6834, 18.615292,   97, 0.04,   11, 0.000, 0.000, 0.280, 48
train,    6835, 19.055120,   91, 0.03,   11, 0.000, 0.000, 0.280, 48
train,    6836, 18.850977,   97, 0.02,   12, 0.000, 0.000, 0.280, 48
train,    6837, 19.276975,   94, 0.03,   11, 0.000, 0.000, 0.280, 48
train,    6838, 18.749495,   92, 0.02,   13, 0.000, 0.000, 0.280, 48
train,    6839, 18.913776,   89, 0.03,   13, 0.000, 0.000, 0.280, 48
train,    6840, 18.391441,   95, 0.02,   13, 0.000, 0.000, 0.280, 48
train,    6841, 19.556411,   98, 0.02,   12, 0.000, 0.000, 0.280, 48
train,    6842, 18.193183,   97, 0.02,   12, 0.000, 0.000, 0.280, 48
train,    6843, 18.445288,   90, 0.02,   12, 0.000, 0.000, 0.280, 48
train,    6844, 18.971108,   92, 0.03,   13, 0.000, 0.000, 0.280, 48
train,    6845, 19.332659,   94, 0.03,   12, 0.000, 0.000, 0.280, 48
train,    6846, 19.434140,   96, 0.05,   11, 0.000, 0.000, 0.280, 48
train,    6847, 18.484623,   89, 0.02,   10, 0.000, 0.000, 0.280, 48
train,    6848, 18.496380,   97, 0.04,   12, 0.000, 0.000, 0.280, 48
train,    6849, 19.414365,   94, 0.04,   11, 0.000, 0.000, 0.280, 48
train,    6850, 18.720067,   91, 0.01,   12, 0.000, 0.000, 0.280, 48
train,    6851, 18.504391,   92, 0.03,   13, 0.000, 0.000, 0.280, 48
train,    6852, 18.281235,   93, 0.02,   12, 0.000, 0.000, 0.280, 48
train,    6853, 19.283798,   96, 0.03,   12, 0.000, 0.000, 0.280, 48
train,    6854, 19.111100,   94, 0.03,   12, 0.000, 0.000, 0.280, 48
train,    6855, 19.286509,   92, 0.02,   13, 0.000, 0.000, 0.280, 48
train,    6856, 18.929603,   96, 0.02,   11, 0.000, 0.000, 0.280, 48
train,    6857, 18.307859,   93, 0.04,   11, 0.000, 0.000, 0.280, 48
train,    6858, 18.736375,   97, 0.02,   13, 0.000, 0.000, 0.280, 48
train,    6859, 19.682776,   95, 0.03,   12, 0.000, 0.000, 0.280, 48
train,    6860, 18.001039,   97, 0.05,   13, 0.000, 0.000, 0.280, 48
train,    6861, 19.443947,   93, 0.02,   12, 0.000, 0.000, 0.280, 48
train,    6862, 19.228735,   98, 0.04,   11, 0.000, 0.000, 0.280, 48
train,    6863, 18.589721,   92, 0.04,   12, 0.000, 0.000, 0.280, 48
train,    6864, 18.753802,   93, 0.03,   11, 0.000, 0.000, 0.280, 48
train,    6865, 18.801110,   97, 0.02,   11, 0.000, 0.000, 0.280, 48
train,    6866, 19.235478,   95, 0.02,   13, 0.000, 0.000, 0.280, 48
train,    6867, 18.646273,   91, 0.02,   10, 0.000, 0.000, 0.280, 48
train,    6868, 18.878499,   95, 0.02,   12, 0.000, 0.000, 0.280, 48
train,    6869, 19.194732,   94, 0.03,   12, 0.000, 0.000, 0.280, 48
train,    6870, 19.003455,   93, 0.02,   12, 0.000, 0.000, 0.280, 48
train,    6871, 18.610873,   95, 0.03,   11, 0.000, 0.000, 0.280, 48
train,    6872, 19.253671,   91, 0.02,   12, 0.000, 0.000, 0.280, 48
train,    6873, 18.557678,   94, 0.02,   12, 0.000, 0.000, 0.280, 48
train,    6874, 18.006032,   99, 0.01,   13, 0.000, 0.000, 0.280, 48
train,    6875, 18.878475,   93, 0.02,   12, 0.000, 0.000, 0.280, 48
train,    6876, 19.139809,   90, 0.02,   11, 0.000, 0.000, 0.280, 48
train,    6877, 18.685622,   98, 0.03,   11, 0.000, 0.000, 0.280, 48
train,    6878, 19.811309,   95, 0.04,   12, 0.000, 0.000, 0.280, 48
train,    6879, 18.500738,   92, 0.04,   11, 0.000, 0.000, 0.280, 48
train,    6880, 19.211251,   91, 0.04,   11, 0.000, 0.000, 0.280, 48
train,    6881, 17.649684,   96, 0.03,   13, 0.000, 0.000, 0.280, 48
train,    6882, 19.224494,   91, 0.02,   13, 0.000, 0.000, 0.280, 48
train,    6883, 18.662189,   98, 0.02,   12, 0.000, 0.000, 0.280, 48
train,    6884, 18.666916,   93, 0.02,   12, 0.000, 0.000, 0.280, 48
train,    6885, 18.430963,   95, 0.02,   12, 0.000, 0.000, 0.280, 48
train,    6886, 18.986520,   94, 0.03,   10, 0.000, 0.000, 0.280, 48
train,    6887, 17.759738,   93, 0.04,   12, 0.000, 0.000, 0.280, 48
train,    6888, 18.505593,   97, 0.02,   11, 0.000, 0.000, 0.280, 48
train,    6889, 18.200249,   93, 0.03,   13, 0.000, 0.000, 0.280, 48
train,    6890, 18.286190,   96, 0.04,   12, 0.000, 0.000, 0.280, 48
train,    6891, 18.656697,  100, 0.03,   11, 0.000, 0.000, 0.280, 48
train,    6892, 18.899390,   96, 0.02,   12, 0.000, 0.000, 0.280, 48
train,    6893, 18.471228,   92, 0.04,   12, 0.000, 0.000, 0.280, 48
train,    6894, 18.798582,   95, 0.05,   10, 0.000, 0.000, 0.280, 48
train,    6895, 17.970879,   95, 0.02,   13, 0.000, 0.000, 0.280, 48
train,    6896, 18.797059,   92, 0.04,   12, 0.000, 0.000, 0.280, 48
train,    6897, 17.953002,   96, 0.03,   12, 0.000, 0.000, 0.280, 48
train,    6898, 18.105408,   98, 0.03,   13, 0.000, 0.000, 0.280, 48
train,    6899, 18.498543,   93, 0.05,   11, 0.000, 0.000, 0.280, 48
train,    6900, 18.651958,   90, 0.04,   12, 0.000, 0.000, 0.280, 48
update,   6900,   69, 6900, 17.592468, 0.000000
val_t, 6900, 6900, 16.433793, 0.0219,  93.5855,   0.0680, 0.9730,  29.2446, progress 0.9898
train,    6901, 18.303738,   96, 0.01,   13, 0.000, 0.000, 0.280, 48
train,    6902, 19.534088,   91, 0.03,   12, 0.000, 0.000, 0.280, 48
train,    6903, 18.006932,   96, 0.02,   11, 0.000, 0.000, 0.280, 48
train,    6904, 18.774601,   92, 0.04,   12, 0.000, 0.000, 0.280, 48
train,    6905, 20.168027,   94, 0.02,   12, 0.000, 0.000, 0.280, 48
train,    6906, 17.433107,   96, 0.02,   11, 0.000, 0.000, 0.280, 48
train,    6907, 17.566243,   95, 0.03,   12, 0.000, 0.000, 0.280, 48
train,    6908, 19.544330,   92, 0.02,   12, 0.000, 0.000, 0.280, 48
train,    6909, 18.989263,   93, 0.05,   12, 0.000, 0.000, 0.280, 48
train,    6910, 18.351856,   95, 0.03,   11, 0.000, 0.000, 0.280, 48
train,    6911, 18.710290,   95, 0.03,   11, 0.000, 0.000, 0.280, 48
train,    6912, 18.937852,   93, 0.03,   11, 0.000, 0.000, 0.280, 48
train,    6913, 19.089047,   95, 0.01,   11, 0.000, 0.000, 0.280, 48
train,    6914, 18.784774,   94, 0.03,   12, 0.000, 0.000, 0.280, 48
train,    6915, 18.463357,   97, 0.02,   13, 0.000, 0.000, 0.280, 48
train,    6916, 18.101741,   98, 0.03,   11, 0.000, 0.000, 0.280, 48
train,    6917, 19.193694,   93, 0.02,   12, 0.000, 0.000, 0.280, 48
train,    6918, 17.631962,   94, 0.03,   12, 0.000, 0.000, 0.280, 48
train,    6919, 18.343552,   90, 0.03,   12, 0.000, 0.000, 0.280, 48
train,    6920, 18.564975,   97, 0.03,   12, 0.000, 0.000, 0.280, 48
train,    6921, 17.640007,   91, 0.03,   12, 0.000, 0.000, 0.280, 48
train,    6922, 18.427528,   91, 0.05,   11, 0.000, 0.000, 0.280, 48
train,    6923, 17.411673,   90, 0.01,   13, 0.000, 0.000, 0.280, 48
train,    6924, 18.349016,   92, 0.03,   12, 0.000, 0.000, 0.280, 48
train,    6925, 17.776968,   94, 0.04,   13, 0.000, 0.000, 0.280, 48
train,    6926, 18.392807,   97, 0.03,   12, 0.000, 0.000, 0.280, 48
train,    6927, 18.333407,   96, 0.03,   12, 0.000, 0.000, 0.280, 48
train,    6928, 17.589775,   92, 0.03,   12, 0.000, 0.000, 0.280, 48
train,    6929, 18.170956,   91, 0.05,   12, 0.000, 0.000, 0.280, 48
train,    6930, 17.878336,   91, 0.03,   12, 0.000, 0.000, 0.280, 48
train,    6931, 18.972419,   97, 0.04,   13, 0.000, 0.000, 0.280, 48
train,    6932, 18.076060,   95, 0.02,   10, 0.000, 0.000, 0.280, 48
train,    6933, 18.134065,   95, 0.02,   11, 0.000, 0.000, 0.280, 48
train,    6934, 18.642030,   97, 0.03,   12, 0.000, 0.000, 0.280, 48
train,    6935, 18.749707,   95, 0.03,   12, 0.000, 0.000, 0.280, 48
train,    6936, 17.125103,   95, 0.04,   11, 0.000, 0.000, 0.280, 48
train,    6937, 18.860600,   93, 0.04,   11, 0.000, 0.000, 0.280, 48
train,    6938, 18.343984,   91, 0.03,   12, 0.000, 0.000, 0.280, 48
train,    6939, 18.446352,   94, 0.04,   12, 0.000, 0.000, 0.280, 48
train,    6940, 18.058402,   94, 0.05,   11, 0.000, 0.000, 0.280, 48
train,    6941, 18.705376,   97, 0.03,   11, 0.000, 0.000, 0.280, 48
train,    6942, 17.768164,   90, 0.02,   12, 0.000, 0.000, 0.280, 48
train,    6943, 17.425773,   93, 0.03,   12, 0.000, 0.000, 0.280, 48
train,    6944, 18.310623,   94, 0.02,   13, 0.000, 0.000, 0.280, 48
train,    6945, 17.401323,   92, 0.04,   11, 0.000, 0.000, 0.280, 48
train,    6946, 18.141286,   97, 0.02,   11, 0.000, 0.000, 0.280, 48
train,    6947, 18.078916,   94, 0.02,   11, 0.000, 0.000, 0.280, 48
train,    6948, 17.895720,   94, 0.04,   12, 0.000, 0.000, 0.280, 48
train,    6949, 18.430879,   93, 0.04,   12, 0.000, 0.000, 0.280, 48
train,    6950, 17.574394,   92, 0.04,   12, 0.000, 0.000, 0.280, 48
train,    6951, 19.623474,   98, 0.04,   11, 0.000, 0.000, 0.280, 48
train,    6952, 18.825051,   94, 0.03,   11, 0.000, 0.000, 0.280, 48
train,    6953, 18.577269,   95, 0.03,   12, 0.000, 0.000, 0.280, 48
train,    6954, 18.344938,   92, 0.04,   11, 0.000, 0.000, 0.280, 48
train,    6955, 18.472614,   98, 0.03,   12, 0.000, 0.000, 0.280, 48
train,    6956, 19.484657,   98, 0.05,   13, 0.000, 0.000, 0.280, 48
train,    6957, 18.185712,   98, 0.05,   12, 0.000, 0.000, 0.280, 48
train,    6958, 18.043573,   96, 0.03,   11, 0.000, 0.000, 0.280, 48
train,    6959, 18.722987,   98, 0.02,   13, 0.000, 0.000, 0.280, 48
train,    6960, 18.549064,   92, 0.03,   12, 0.000, 0.000, 0.280, 48
train,    6961, 17.182008,   93, 0.03,   12, 0.000, 0.000, 0.280, 48
train,    6962, 17.666452,   95, 0.02,   12, 0.000, 0.000, 0.280, 48
train,    6963, 17.852754,   92, 0.02,   12, 0.000, 0.000, 0.280, 48
train,    6964, 17.969348,   93, 0.04,   12, 0.000, 0.000, 0.280, 48
train,    6965, 17.895586,   97, 0.04,   11, 0.000, 0.000, 0.280, 48
train,    6966, 17.930502,   98, 0.04,   12, 0.000, 0.000, 0.280, 48
train,    6967, 18.654210,   93, 0.02,   13, 0.000, 0.000, 0.280, 48
train,    6968, 17.437748,   93, 0.01,   12, 0.000, 0.000, 0.280, 48
train,    6969, 17.789317,   95, 0.04,   13, 0.000, 0.000, 0.280, 48
train,    6970, 17.900577,   92, 0.02,   11, 0.000, 0.000, 0.280, 48
train,    6971, 18.301515,   90, 0.02,   11, 0.000, 0.000, 0.280, 48
train,    6972, 18.009767,   91, 0.04,   11, 0.000, 0.000, 0.280, 48
train,    6973, 18.141071,   90, 0.02,   13, 0.000, 0.000, 0.280, 48
train,    6974, 18.214017,   97, 0.04,   12, 0.000, 0.000, 0.280, 48
train,    6975, 18.128585,   93, 0.01,   13, 0.000, 0.000, 0.280, 48
train,    6976, 18.004987,   92, 0.05,   13, 0.000, 0.000, 0.280, 48
train,    6977, 17.566058,   96, 0.03,   11, 0.000, 0.000, 0.280, 48
train,    6978, 16.588412,   94, 0.03,   11, 0.000, 0.000, 0.280, 48
train,    6979, 18.247280,   93, 0.04,   11, 0.000, 0.000, 0.280, 48
train,    6980, 17.657171,   94, 0.04,   11, 0.000, 0.000, 0.280, 48
train,    6981, 18.540345,   98, 0.03,   11, 0.000, 0.000, 0.280, 48
train,    6982, 16.949110,   91, 0.03,   13, 0.000, 0.000, 0.280, 48
train,    6983, 18.056967,   89, 0.04,   11, 0.000, 0.000, 0.280, 48
train,    6984, 18.515015,   96, 0.03,   11, 0.000, 0.000, 0.280, 48
train,    6985, 17.544809,   92, 0.03,   12, 0.000, 0.000, 0.280, 48
train,    6986, 17.416559,   98, 0.03,   11, 0.000, 0.000, 0.280, 48
train,    6987, 18.220071,   94, 0.03,   12, 0.000, 0.000, 0.280, 48
train,    6988, 17.820620,   97, 0.03,   12, 0.000, 0.000, 0.280, 48
train,    6989, 17.781035,   95, 0.03,   12, 0.000, 0.000, 0.280, 48
train,    6990, 18.029927,   91, 0.05,   12, 0.000, 0.000, 0.280, 48
train,    6991, 18.170865,   92, 0.03,   13, 0.000, 0.000, 0.280, 48
train,    6992, 16.462222,   93, 0.04,   12, 0.000, 0.000, 0.280, 48
train,    6993, 17.051252,   95, 0.03,   13, 0.000, 0.000, 0.280, 48
train,    6994, 17.609453,   98, 0.02,   12, 0.000, 0.000, 0.280, 48
train,    6995, 17.620785,   93, 0.05,   12, 0.000, 0.000, 0.280, 48
train,    6996, 17.788854,   93, 0.04,   12, 0.000, 0.000, 0.280, 48
train,    6997, 17.533947,   96, 0.03,   11, 0.000, 0.000, 0.280, 48
train,    6998, 16.703462,   93, 0.03,   12, 0.000, 0.000, 0.280, 48
train,    6999, 17.609190,   98, 0.03,   11, 0.000, 0.000, 0.280, 48
train,    7000, 17.288522,   94, 0.06,   13, 0.000, 0.000, 0.280, 48
update,   7000,   70, 7000, 19.370687, 0.000000
val_t, 7000, 7000, 16.266272, 0.0234,  91.7094,   0.0656, 0.9851,  28.6825, progress 0.9901
train,    7001, 17.616435,   95, 0.05,   12, 0.000, 0.000, 0.280, 48
train,    7002, 18.322210,   90, 0.03,   11, 0.000, 0.000, 0.280, 48
train,    7003, 17.487499,   91, 0.02,   12, 0.000, 0.000, 0.280, 48
train,    7004, 18.061833,   89, 0.03,   11, 0.000, 0.000, 0.280, 48
train,    7005, 17.314477,   94, 0.04,   12, 0.000, 0.000, 0.280, 48
train,    7006, 16.941902,   93, 0.02,   13, 0.000, 0.000, 0.280, 48
train,    7007, 17.564355,   92, 0.03,   12, 0.000, 0.000, 0.280, 48
train,    7008, 17.805849,   94, 0.02,   11, 0.000, 0.000, 0.280, 48
train,    7009, 16.406701,   93, 0.02,   13, 0.000, 0.000, 0.280, 48
train,    7010, 16.790353,   91, 0.02,   13, 0.000, 0.000, 0.280, 48
train,    7011, 16.802682,   97, 0.03,   11, 0.000, 0.000, 0.280, 48
train,    7012, 17.250304,   93, 0.03,   12, 0.000, 0.000, 0.280, 48
train,    7013, 16.412064,   97, 0.02,   13, 0.000, 0.000, 0.280, 48
train,    7014, 17.780481,   93, 0.03,   12, 0.000, 0.000, 0.280, 48
train,    7015, 17.176175,   90, 0.04,   13, 0.000, 0.000, 0.280, 48
train,    7016, 17.268259,   94, 0.03,   10, 0.000, 0.000, 0.280, 48
train,    7017, 16.927849,   91, 0.01,   12, 0.000, 0.000, 0.280, 48
train,    7018, 16.968738,   93, 0.02,   12, 0.000, 0.000, 0.280, 48
train,    7019, 16.742306,   94, 0.04,   13, 0.000, 0.000, 0.280, 48
train,    7020, 16.390591,   94, 0.03,   12, 0.000, 0.000, 0.280, 48
train,    7021, 16.690158,   94, 0.03,   10, 0.000, 0.000, 0.280, 48
train,    7022, 15.882582,   91, 0.03,   12, 0.000, 0.000, 0.280, 48
train,    7023, 17.889691,   96, 0.02,   13, 0.000, 0.000, 0.280, 48
train,    7024, 15.950866,   97, 0.02,   11, 0.000, 0.000, 0.280, 48
train,    7025, 16.843031,   95, 0.03,   12, 0.000, 0.000, 0.280, 48
train,    7026, 17.104731,   92, 0.02,   11, 0.000, 0.000, 0.280, 48
train,    7027, 17.116313,   90, 0.04,   12, 0.000, 0.000, 0.280, 48
train,    7028, 16.671891,   91, 0.05,   12, 0.000, 0.000, 0.280, 48
train,    7029, 16.542052,   92, 0.03,   12, 0.000, 0.000, 0.280, 48
train,    7030, 17.707909,   91, 0.02,   12, 0.000, 0.000, 0.280, 48
train,    7031, 17.109771,   95, 0.02,   13, 0.000, 0.000, 0.280, 48
train,    7032, 16.491840,   91, 0.04,   12, 0.000, 0.000, 0.280, 48
train,    7033, 17.046054,   92, 0.02,   12, 0.000, 0.000, 0.280, 48
train,    7034, 16.559220,   94, 0.03,   12, 0.000, 0.000, 0.280, 48
train,    7035, 16.591524,   94, 0.03,   11, 0.000, 0.000, 0.280, 48
train,    7036, 16.194407,   91, 0.03,   11, 0.000, 0.000, 0.280, 48
train,    7037, 16.007135,   92, 0.04,   13, 0.000, 0.000, 0.280, 48
train,    7038, 16.775782,   98, 0.03,   13, 0.000, 0.000, 0.280, 48
train,    7039, 16.504801,   98, 0.03,   12, 0.000, 0.000, 0.280, 48
train,    7040, 17.463603,   90, 0.03,   12, 0.000, 0.000, 0.280, 48
train,    7041, 17.996689,   96, 0.04,   13, 0.000, 0.000, 0.280, 48
train,    7042, 17.317461,   91, 0.00,   11, 0.000, 0.000, 0.280, 48
train,    7043, 16.982357,   95, 0.02,   12, 0.000, 0.000, 0.280, 48
train,    7044, 17.568607,   93, 0.03,   13, 0.000, 0.000, 0.280, 48
train,    7045, 16.364647,   94, 0.03,   11, 0.000, 0.000, 0.280, 48
train,    7046, 16.895443,   92, 0.02,   13, 0.000, 0.000, 0.280, 48
train,    7047, 17.003366,   96, 0.01,   13, 0.000, 0.000, 0.280, 48
train,    7048, 16.745605,   94, 0.03,   11, 0.000, 0.000, 0.280, 48
train,    7049, 16.364684,   92, 0.00,   12, 0.000, 0.000, 0.280, 48
train,    7050, 16.813337,   91, 0.02,   13, 0.000, 0.000, 0.280, 48
train,    7051, 16.394214,   95, 0.02,   11, 0.000, 0.000, 0.280, 48
train,    7052, 16.803625,   92, 0.03,   12, 0.000, 0.000, 0.280, 48
train,    7053, 16.871854,   95, 0.05,   12, 0.000, 0.000, 0.280, 48
train,    7054, 16.299025,   95, 0.03,   13, 0.000, 0.000, 0.280, 48
train,    7055, 16.965694,   97, 0.02,   11, 0.000, 0.000, 0.280, 48
train,    7056, 16.796990,   93, 0.02,   12, 0.000, 0.000, 0.280, 48
train,    7057, 16.803765,   92, 0.03,   12, 0.000, 0.000, 0.280, 48
train,    7058, 16.372013,   93, 0.03,   12, 0.000, 0.000, 0.280, 48
train,    7059, 16.547361,   91, 0.02,   12, 0.000, 0.000, 0.280, 48
train,    7060, 16.456223,   98, 0.02,   11, 0.000, 0.000, 0.280, 48
train,    7061, 16.205156,   97, 0.02,   12, 0.000, 0.000, 0.280, 48
train,    7062, 16.267179,   94, 0.03,   12, 0.000, 0.000, 0.280, 48
train,    7063, 16.596923,   96, 0.04,   12, 0.000, 0.000, 0.280, 48
train,    7064, 17.050526,   91, 0.03,   12, 0.000, 0.000, 0.280, 48
train,    7065, 16.311031,   95, 0.02,   13, 0.000, 0.000, 0.280, 48
train,    7066, 16.990917,   89, 0.03,   13, 0.000, 0.000, 0.280, 48
train,    7067, 16.973549,   93, 0.03,   13, 0.000, 0.000, 0.280, 48
train,    7068, 17.530538,   94, 0.04,   10, 0.000, 0.000, 0.280, 48
train,    7069, 14.938097,   92, 0.04,   13, 0.000, 0.000, 0.280, 48
train,    7070, 15.852295,   93, 0.03,   11, 0.000, 0.000, 0.280, 48
train,    7071, 16.755605,   91, 0.04,   12, 0.000, 0.000, 0.280, 48
train,    7072, 17.723609,   96, 0.03,   12, 0.000, 0.000, 0.280, 48
train,    7073, 17.038360,   91, 0.03,   13, 0.000, 0.000, 0.280, 48
train,    7074, 15.906385,   94, 0.04,   11, 0.000, 0.000, 0.280, 48
train,    7075, 16.656999,   94, 0.04,   13, 0.000, 0.000, 0.280, 48
train,    7076, 16.361031,   95, 0.06,   10, 0.000, 0.000, 0.280, 48
train,    7077, 16.108678,   91, 0.03,   12, 0.000, 0.000, 0.280, 48
train,    7078, 16.290871,   97, 0.01,   13, 0.000, 0.000, 0.280, 48
train,    7079, 16.224052,   96, 0.03,   12, 0.000, 0.000, 0.280, 48
train,    7080, 16.679525,   96, 0.05,   12, 0.000, 0.000, 0.280, 48
train,    7081, 15.390733,   93, 0.02,   11, 0.000, 0.000, 0.280, 48
train,    7082, 16.083040,   92, 0.03,   12, 0.000, 0.000, 0.280, 48
train,    7083, 15.749961,   94, 0.04,   12, 0.000, 0.000, 0.280, 48
train,    7084, 16.184047,   95, 0.03,   13, 0.000, 0.000, 0.280, 48
train,    7085, 16.823979,   91, 0.03,   12, 0.000, 0.000, 0.280, 48
train,    7086, 15.975714,   90, 0.02,   12, 0.000, 0.000, 0.280, 48
train,    7087, 16.023391,   99, 0.03,   11, 0.000, 0.000, 0.280, 48
train,    7088, 16.890243,   98, 0.03,   12, 0.000, 0.000, 0.280, 48
train,    7089, 17.447003,   94, 0.02,   12, 0.000, 0.000, 0.280, 48
train,    7090, 15.873003,   93, 0.02,   12, 0.000, 0.000, 0.280, 48
train,    7091, 16.180368,   90, 0.04,   12, 0.000, 0.000, 0.280, 48
train,    7092, 16.074663,   97, 0.05,   12, 0.000, 0.000, 0.280, 48
train,    7093, 16.215414,   95, 0.03,   13, 0.000, 0.000, 0.280, 48
train,    7094, 16.383402,   97, 0.04,   12, 0.000, 0.000, 0.280, 48
train,    7095, 16.509750,   96, 0.01,   12, 0.000, 0.000, 0.280, 48
train,    7096, 16.298977,   95, 0.03,   12, 0.000, 0.000, 0.280, 48
train,    7097, 16.312613,   93, 0.03,   12, 0.000, 0.000, 0.280, 48
train,    7098, 16.530630,   97, 0.03,   12, 0.000, 0.000, 0.280, 48
train,    7099, 15.844096,   90, 0.03,   13, 0.000, 0.000, 0.280, 48
train,    7100, 15.848015,   90, 0.04,   11, 0.000, 0.000, 0.280, 48
update,   7100,   71, 7100, 17.405643, 0.000000
val_t, 7100, 7100, 16.286104, 0.0180,  90.6393,   0.0633, 0.9824,  28.8466, progress 0.9791
train,    7101, 16.254079,   92, 0.03,   12, 0.000, 0.000, 0.280, 48
train,    7102, 16.425179,   92, 0.03,   11, 0.000, 0.000, 0.280, 48
train,    7103, 16.221097,   92, 0.03,   12, 0.000, 0.000, 0.280, 48
train,    7104, 16.058893,   95, 0.05,   12, 0.000, 0.000, 0.280, 48
train,    7105, 16.163899,   96, 0.02,   10, 0.000, 0.000, 0.280, 48
train,    7106, 15.924344,   92, 0.02,   13, 0.000, 0.000, 0.280, 48
train,    7107, 16.570108,   99, 0.02,   12, 0.000, 0.000, 0.280, 48
train,    7108, 16.270012,   91, 0.02,   13, 0.000, 0.000, 0.280, 48
train,    7109, 15.946944,   91, 0.02,   11, 0.000, 0.000, 0.280, 48
train,    7110, 16.416093,   97, 0.01,   12, 0.000, 0.000, 0.280, 48
train,    7111, 16.396370,   93, 0.04,   13, 0.000, 0.000, 0.280, 48
train,    7112, 17.131954,   96, 0.03,   11, 0.000, 0.000, 0.280, 48
train,    7113, 16.142096,   93, 0.02,   12, 0.000, 0.000, 0.280, 48
train,    7114, 15.801776,   93, 0.04,   13, 0.000, 0.000, 0.280, 48
train,    7115, 16.546804,   98, 0.03,   12, 0.000, 0.000, 0.280, 48
train,    7116, 16.028393,   93, 0.03,   11, 0.000, 0.000, 0.280, 48
train,    7117, 15.906555,   91, 0.03,   12, 0.000, 0.000, 0.280, 48
train,    7118, 16.300720,   91, 0.02,   10, 0.000, 0.000, 0.280, 48
train,    7119, 16.253914,   93, 0.02,   12, 0.000, 0.000, 0.280, 48
train,    7120, 17.073685,   97, 0.06,   11, 0.000, 0.000, 0.280, 48
train,    7121, 15.683419,   91, 0.02,   12, 0.000, 0.000, 0.280, 48
train,    7122, 16.104229,   92, 0.03,   11, 0.000, 0.000, 0.280, 48
train,    7123, 16.413290,   97, 0.03,   12, 0.000, 0.000, 0.280, 48
train,    7124, 15.693570,   97, 0.04,   13, 0.000, 0.000, 0.280, 48
train,    7125, 16.179604,   95, 0.02,   11, 0.000, 0.000, 0.280, 48
train,    7126, 16.572049,   96, 0.01,   11, 0.000, 0.000, 0.280, 48
train,    7127, 15.770826,   93, 0.04,   10, 0.000, 0.000, 0.280, 48
train,    7128, 15.854701,   93, 0.03,   11, 0.000, 0.000, 0.280, 48
train,    7129, 15.532079,   94, 0.03,   13, 0.000, 0.000, 0.280, 48
train,    7130, 15.799954,   89, 0.04,   11, 0.000, 0.000, 0.280, 48
train,    7131, 16.473262,   92, 0.05,   12, 0.000, 0.000, 0.280, 48
train,    7132, 16.884138,   95, 0.02,   13, 0.000, 0.000, 0.280, 48
train,    7133, 16.093480,   93, 0.04,   11, 0.000, 0.000, 0.280, 48
train,    7134, 16.974049,   92, 0.04,   13, 0.000, 0.000, 0.280, 48
train,    7135, 16.355870,   88, 0.03,   12, 0.000, 0.000, 0.280, 48
train,    7136, 15.248989,   93, 0.01,   12, 0.000, 0.000, 0.280, 48
train,    7137, 16.446167,   92, 0.02,   12, 0.000, 0.000, 0.280, 48
train,    7138, 16.283106,   98, 0.04,   12, 0.000, 0.000, 0.280, 48
train,    7139, 16.393973,   95, 0.04,   11, 0.000, 0.000, 0.280, 48
train,    7140, 15.789327,   92, 0.02,   13, 0.000, 0.000, 0.280, 48
train,    7141, 16.705338,   98, 0.01,   12, 0.000, 0.000, 0.280, 48
train,    7142, 16.581694,   93, 0.03,   13, 0.000, 0.000, 0.280, 48
train,    7143, 16.546568,   95, 0.04,   12, 0.000, 0.000, 0.280, 48
train,    7144, 16.276829,   90, 0.04,   12, 0.000, 0.000, 0.280, 48
train,    7145, 16.062456,   96, 0.02,   13, 0.000, 0.000, 0.280, 48
train,    7146, 16.224491,   94, 0.05,   12, 0.000, 0.000, 0.280, 48
train,    7147, 16.649658,   93, 0.03,   12, 0.000, 0.000, 0.280, 48
train,    7148, 16.557994,   89, 0.03,   12, 0.000, 0.000, 0.280, 48
train,    7149, 16.871217,   94, 0.02,   13, 0.000, 0.000, 0.280, 48
train,    7150, 15.666739,   94, 0.04,   14, 0.000, 0.000, 0.280, 48
train,    7151, 16.719015,   94, 0.04,   11, 0.000, 0.000, 0.280, 48
train,    7152, 15.830499,   91, 0.02,   12, 0.000, 0.000, 0.280, 48
train,    7153, 15.956612,   94, 0.03,   12, 0.000, 0.000, 0.280, 48
train,    7154, 16.827056,   93, 0.01,   12, 0.000, 0.000, 0.280, 48
train,    7155, 17.969860,   97, 0.02,   12, 0.000, 0.000, 0.280, 48
train,    7156, 15.483577,   98, 0.03,   12, 0.000, 0.000, 0.280, 48
train,    7157, 16.432806,   91, 0.05,   11, 0.000, 0.000, 0.280, 48
train,    7158, 16.843364,   93, 0.02,   12, 0.000, 0.000, 0.280, 48
train,    7159, 16.088504,   91, 0.03,   12, 0.000, 0.000, 0.280, 48
train,    7160, 16.248500,   94, 0.04,   12, 0.000, 0.000, 0.280, 48
train,    7161, 16.142836,   95, 0.03,   11, 0.000, 0.000, 0.280, 48
train,    7162, 17.617688,   97, 0.03,   11, 0.000, 0.000, 0.280, 48
train,    7163, 16.025660,   93, 0.03,   11, 0.000, 0.000, 0.280, 48
train,    7164, 15.762860,   91, 0.02,   12, 0.000, 0.000, 0.280, 48
train,    7165, 17.304929,   97, 0.03,   13, 0.000, 0.000, 0.280, 48
train,    7166, 15.543290,   98, 0.02,   11, 0.000, 0.000, 0.280, 48
train,    7167, 16.327352,   95, 0.03,   12, 0.000, 0.000, 0.280, 48
train,    7168, 16.745634,   96, 0.04,   11, 0.000, 0.000, 0.280, 48
train,    7169, 16.715173,   91, 0.02,   11, 0.000, 0.000, 0.280, 48
train,    7170, 17.151129,   99, 0.03,   12, 0.000, 0.000, 0.280, 48
train,    7171, 16.106385,   95, 0.05,   11, 0.000, 0.000, 0.280, 48
train,    7172, 16.599201,   93, 0.03,   13, 0.000, 0.000, 0.280, 48
train,    7173, 16.513001,   95, 0.05,   13, 0.000, 0.000, 0.280, 48
train,    7174, 15.884323,   91, 0.04,   12, 0.000, 0.000, 0.280, 48
train,    7175, 17.140560,   97, 0.04,   12, 0.000, 0.000, 0.280, 48
train,    7176, 16.522955,   94, 0.04,   13, 0.000, 0.000, 0.280, 48
train,    7177, 15.910717,   95, 0.01,   13, 0.000, 0.000, 0.280, 48
train,    7178, 16.780068,  100, 0.03,   11, 0.000, 0.000, 0.280, 48
train,    7179, 16.319692,   89, 0.04,   12, 0.000, 0.000, 0.280, 48
train,    7180, 16.226217,   93, 0.03,   13, 0.000, 0.000, 0.280, 48
train,    7181, 16.642356,   98, 0.04,   12, 0.000, 0.000, 0.280, 48
train,    7182, 17.329307,   91, 0.03,   12, 0.000, 0.000, 0.280, 48
train,    7183, 16.767473,   92, 0.02,   12, 0.000, 0.000, 0.280, 48
train,    7184, 16.679428,   91, 0.03,   11, 0.000, 0.000, 0.280, 48
train,    7185, 17.427604,   94, 0.03,   13, 0.000, 0.000, 0.280, 48
train,    7186, 16.827562,   90, 0.02,   11, 0.000, 0.000, 0.280, 48
train,    7187, 16.649462,   95, 0.04,   12, 0.000, 0.000, 0.280, 48
train,    7188, 16.664321,   97, 0.02,   13, 0.000, 0.000, 0.280, 48
train,    7189, 17.424422,   96, 0.04,   11, 0.000, 0.000, 0.280, 48
train,    7190, 16.343136,   96, 0.03,   11, 0.000, 0.000, 0.280, 48
train,    7191, 15.178777,   95, 0.04,   11, 0.000, 0.000, 0.280, 48
train,    7192, 17.821556,   90, 0.04,   11, 0.000, 0.000, 0.280, 48
train,    7193, 17.271224,   91, 0.02,   11, 0.000, 0.000, 0.280, 48
train,    7194, 17.496041,   93, 0.03,   11, 0.000, 0.000, 0.280, 48
train,    7195, 18.016228,   96, 0.05,   11, 0.000, 0.000, 0.280, 48
train,    7196, 17.508749,   94, 0.03,   12, 0.000, 0.000, 0.280, 48
train,    7197, 17.018874,   92, 0.02,   12, 0.000, 0.000, 0.280, 48
train,    7198, 16.909333,   95, 0.03,   11, 0.000, 0.000, 0.280, 48
train,    7199, 17.453312,   94, 0.02,   13, 0.000, 0.000, 0.280, 48
train,    7200, 16.760797,   90, 0.03,   13, 0.000, 0.000, 0.280, 48
update,   7200,   72, 7200, 19.329173, 0.000000
val_t, 7200, 7200, 17.606071, 0.0102,  88.3929,   0.0623, 0.9744,  28.6619, progress 0.9781
train,    7201, 16.514655,   96, 0.04,   11, 0.000, 0.000, 0.280, 48
train,    7202, 17.041693,   91, 0.04,   12, 0.000, 0.000, 0.280, 48
train,    7203, 16.703981,   93, 0.05,   12, 0.000, 0.000, 0.280, 48
train,    7204, 16.954589,   89, 0.04,   12, 0.000, 0.000, 0.280, 48
train,    7205, 16.892993,   97, 0.02,   12, 0.000, 0.000, 0.280, 48
train,    7206, 16.368175,   95, 0.04,   12, 0.000, 0.000, 0.280, 48
train,    7207, 16.393577,   93, 0.03,   10, 0.000, 0.000, 0.280, 48
train,    7208, 16.779902,   93, 0.02,   12, 0.000, 0.000, 0.280, 48
train,    7209, 17.083019,   90, 0.05,   13, 0.000, 0.000, 0.280, 48
train,    7210, 17.003422,   91, 0.03,   12, 0.000, 0.000, 0.280, 48
train,    7211, 17.045727,   94, 0.02,   12, 0.000, 0.000, 0.280, 48
train,    7212, 16.723133,   95, 0.05,   13, 0.000, 0.000, 0.280, 48
train,    7213, 15.907161,   91, 0.03,   12, 0.000, 0.000, 0.280, 48
train,    7214, 17.201699,   91, 0.03,   13, 0.000, 0.000, 0.280, 48
train,    7215, 17.161542,   91, 0.03,   13, 0.000, 0.000, 0.280, 48
train,    7216, 17.372065,   91, 0.02,   13, 0.000, 0.000, 0.280, 48
train,    7217, 17.273666,   95, 0.02,   12, 0.000, 0.000, 0.280, 48
train,    7218, 17.379853,   90, 0.02,   13, 0.000, 0.000, 0.280, 48
train,    7219, 16.340013,   98, 0.02,   13, 0.000, 0.000, 0.280, 48
train,    7220, 17.549450,   93, 0.04,   11, 0.000, 0.000, 0.280, 48
train,    7221, 17.358162,   93, 0.03,   12, 0.000, 0.000, 0.280, 48
train,    7222, 18.000061,   95, 0.05,   13, 0.000, 0.000, 0.280, 48
train,    7223, 16.120096,   91, 0.03,   11, 0.000, 0.000, 0.280, 48
train,    7224, 17.111479,   94, 0.03,   11, 0.000, 0.000, 0.280, 48
train,    7225, 17.615393,   94, 0.01,   11, 0.000, 0.000, 0.280, 48
train,    7226, 18.024530,   94, 0.02,   12, 0.000, 0.000, 0.280, 48
train,    7227, 17.093434,   90, 0.03,   12, 0.000, 0.000, 0.280, 48
train,    7228, 17.848373,   97, 0.02,   13, 0.000, 0.000, 0.280, 48
train,    7229, 17.483648,   92, 0.02,   11, 0.000, 0.000, 0.280, 48
train,    7230, 17.382539,   95, 0.03,   12, 0.000, 0.000, 0.280, 48
train,    7231, 16.526515,   96, 0.04,   12, 0.000, 0.000, 0.280, 48
train,    7232, 17.271391,   92, 0.02,   13, 0.000, 0.000, 0.280, 48
train,    7233, 18.179750,   95, 0.01,   11, 0.000, 0.000, 0.280, 48
train,    7234, 17.892767,   93, 0.03,   12, 0.000, 0.000, 0.280, 48
train,    7235, 17.317168,   91, 0.04,   12, 0.000, 0.000, 0.280, 48
train,    7236, 17.755237,   93, 0.05,   12, 0.000, 0.000, 0.280, 48
train,    7237, 18.036198,   99, 0.02,   13, 0.000, 0.000, 0.280, 48
train,    7238, 16.974494,   98, 0.00,   11, 0.000, 0.000, 0.280, 48
train,    7239, 17.633502,   92, 0.04,   13, 0.000, 0.000, 0.280, 48
train,    7240, 17.622424,   96, 0.04,   13, 0.000, 0.000, 0.280, 48
train,    7241, 17.697433,   98, 0.03,   12, 0.000, 0.000, 0.280, 48
train,    7242, 18.028749,   90, 0.03,   12, 0.000, 0.000, 0.280, 48
train,    7243, 17.000313,   93, 0.03,   13, 0.000, 0.000, 0.280, 48
train,    7244, 17.931207,   91, 0.03,   13, 0.000, 0.000, 0.280, 48
train,    7245, 17.689674,   98, 0.04,   13, 0.000, 0.000, 0.280, 48
train,    7246, 17.387926,   94, 0.04,   12, 0.000, 0.000, 0.280, 48
train,    7247, 16.300203,   89, 0.04,   13, 0.000, 0.000, 0.280, 48
train,    7248, 17.451187,   91, 0.04,   12, 0.000, 0.000, 0.280, 48
train,    7249, 17.498879,   94, 0.03,   12, 0.000, 0.000, 0.280, 48
train,    7250, 17.240737,   92, 0.03,   12, 0.000, 0.000, 0.280, 48
train,    7251, 17.683563,   93, 0.05,   12, 0.000, 0.000, 0.280, 48
train,    7252, 18.385666,   96, 0.03,   12, 0.000, 0.000, 0.280, 48
train,    7253, 17.926665,   94, 0.03,   12, 0.000, 0.000, 0.280, 48
train,    7254, 19.244934,   96, 0.04,   12, 0.000, 0.000, 0.280, 48
train,    7255, 17.970339,   94, 0.02,   12, 0.000, 0.000, 0.280, 48
train,    7256, 17.461952,   98, 0.05,   13, 0.000, 0.000, 0.280, 48
train,    7257, 17.272517,   97, 0.02,   11, 0.000, 0.000, 0.280, 48
train,    7258, 17.506899,   95, 0.01,   12, 0.000, 0.000, 0.280, 48
train,    7259, 17.554575,   96, 0.05,   12, 0.000, 0.000, 0.280, 48
train,    7260, 17.353701,   92, 0.04,   12, 0.000, 0.000, 0.280, 48
train,    7261, 17.998025,   96, 0.03,   13, 0.000, 0.000, 0.280, 48
train,    7262, 17.169657,   93, 0.03,   12, 0.000, 0.000, 0.280, 48
train,    7263, 18.142530,   97, 0.01,   11, 0.000, 0.000, 0.280, 48
train,    7264, 17.280047,   92, 0.03,   13, 0.000, 0.000, 0.280, 48
train,    7265, 18.259189,   96, 0.01,   12, 0.000, 0.000, 0.280, 48
train,    7266, 17.146051,   92, 0.04,   11, 0.000, 0.000, 0.280, 48
train,    7267, 18.951637,   95, 0.02,   12, 0.000, 0.000, 0.280, 48
train,    7268, 17.674903,   93, 0.03,   11, 0.000, 0.000, 0.280, 48
train,    7269, 18.129290,   90, 0.03,   12, 0.000, 0.000, 0.280, 48
train,    7270, 17.856578,   99, 0.04,   12, 0.000, 0.000, 0.280, 48
train,    7271, 18.631846,   92, 0.03,   10, 0.000, 0.000, 0.280, 48
train,    7272, 18.258861,   97, 0.02,   11, 0.000, 0.000, 0.280, 48
train,    7273, 18.330380,   94, 0.02,   12, 0.000, 0.000, 0.280, 48
train,    7274, 17.502837,   93, 0.01,   11, 0.000, 0.000, 0.280, 48
train,    7275, 18.964235,   97, 0.02,   13, 0.000, 0.000, 0.280, 48
train,    7276, 19.111751,   92, 0.03,   12, 0.000, 0.000, 0.280, 48
train,    7277, 18.257410,   95, 0.03,   13, 0.000, 0.000, 0.280, 48
train,    7278, 17.825502,   95, 0.04,   12, 0.000, 0.000, 0.280, 48
train,    7279, 17.811259,   94, 0.02,   11, 0.000, 0.000, 0.280, 48
train,    7280, 18.555209,   97, 0.02,   12, 0.000, 0.000, 0.280, 48
train,    7281, 18.737268,   92, 0.03,   12, 0.000, 0.000, 0.280, 48
train,    7282, 18.321706,   94, 0.02,   11, 0.000, 0.000, 0.280, 48
train,    7283, 17.901900,   95, 0.03,   11, 0.000, 0.000, 0.280, 48
train,    7284, 17.626231,   91, 0.03,   12, 0.000, 0.000, 0.280, 48
train,    7285, 18.724700,   91, 0.04,   13, 0.000, 0.000, 0.280, 48
train,    7286, 18.379100,   97, 0.02,   11, 0.000, 0.000, 0.280, 48
train,    7287, 18.368340,   91, 0.03,   12, 0.000, 0.000, 0.280, 48
train,    7288, 19.826691,   97, 0.04,   11, 0.000, 0.000, 0.280, 48
train,    7289, 18.740076,   90, 0.02,   12, 0.000, 0.000, 0.280, 48
train,    7290, 17.707139,   98, 0.02,   12, 0.000, 0.000, 0.280, 48
train,    7291, 18.851092,   93, 0.02,   10, 0.000, 0.000, 0.280, 48
train,    7292, 19.355606,   93, 0.03,   11, 0.000, 0.000, 0.280, 48
train,    7293, 18.309320,   96, 0.03,   13, 0.000, 0.000, 0.280, 48
train,    7294, 18.161877,   92, 0.03,   11, 0.000, 0.000, 0.280, 48
train,    7295, 17.735927,   95, 0.03,   13, 0.000, 0.000, 0.280, 48
train,    7296, 17.409020,   98, 0.03,   11, 0.000, 0.000, 0.280, 48
train,    7297, 18.124065,   98, 0.02,   11, 0.000, 0.000, 0.280, 48
train,    7298, 18.358454,   94, 0.03,   11, 0.000, 0.000, 0.280, 48
train,    7299, 18.639884,   90, 0.05,   11, 0.000, 0.000, 0.280, 48
train,    7300, 19.312759,   96, 0.03,   12, 0.000, 0.000, 0.280, 48
update,   7300,   73, 7300, 17.751768, 0.000000
val_t, 7300, 7300, 18.123320, 0.0219,  89.1609,   0.0534, 0.9693,  28.5398, progress 0.9898
train,    7301, 18.744337,   90, 0.02,   13, 0.000, 0.000, 0.280, 48
train,    7302, 18.847982,   92, 0.04,   13, 0.000, 0.000, 0.280, 48
train,    7303, 19.051492,   94, 0.03,   13, 0.000, 0.000, 0.280, 48
train,    7304, 19.060932,   91, 0.04,   12, 0.000, 0.000, 0.280, 48
train,    7305, 18.798775,   92, 0.03,   14, 0.000, 0.000, 0.280, 48
train,    7306, 18.067831,   93, 0.04,   12, 0.000, 0.000, 0.280, 48
train,    7307, 18.949691,   98, 0.04,   11, 0.000, 0.000, 0.280, 48
train,    7308, 19.178500,   90, 0.03,   12, 0.000, 0.000, 0.280, 48
train,    7309, 18.437381,   92, 0.02,   12, 0.000, 0.000, 0.280, 48
train,    7310, 18.192902,   98, 0.02,   11, 0.000, 0.000, 0.280, 48
train,    7311, 19.086288,   96, 0.03,   14, 0.000, 0.000, 0.280, 48
train,    7312, 18.813192,   92, 0.04,   12, 0.000, 0.000, 0.280, 48
train,    7313, 18.805539,   92, 0.03,   10, 0.000, 0.000, 0.280, 48
train,    7314, 19.694920,   94, 0.05,   11, 0.000, 0.000, 0.280, 48
train,    7315, 18.537468,   93, 0.02,   11, 0.000, 0.000, 0.280, 48
train,    7316, 19.668791,   97, 0.04,   12, 0.000, 0.000, 0.280, 48
train,    7317, 19.132544,   98, 0.04,   11, 0.000, 0.000, 0.280, 48
train,    7318, 18.988496,   97, 0.01,   12, 0.000, 0.000, 0.280, 48
train,    7319, 18.310186,   95, 0.04,   13, 0.000, 0.000, 0.280, 48
train,    7320, 18.567266,   95, 0.02,   12, 0.000, 0.000, 0.280, 48
train,    7321, 19.085660,   95, 0.04,   12, 0.000, 0.000, 0.280, 48
train,    7322, 17.636667,   92, 0.04,   11, 0.000, 0.000, 0.280, 48
train,    7323, 18.354708,   97, 0.03,   12, 0.000, 0.000, 0.280, 48
train,    7324, 19.689115,   98, 0.02,   12, 0.000, 0.000, 0.280, 48
train,    7325, 19.194980,   95, 0.02,   12, 0.000, 0.000, 0.280, 48
train,    7326, 18.453657,   90, 0.03,   11, 0.000, 0.000, 0.280, 48
train,    7327, 19.681332,   96, 0.04,   11, 0.000, 0.000, 0.280, 48
train,    7328, 18.493557,   90, 0.03,   13, 0.000, 0.000, 0.280, 48
train,    7329, 19.182314,   99, 0.05,   12, 0.000, 0.000, 0.280, 48
train,    7330, 19.304599,   94, 0.02,   11, 0.000, 0.000, 0.280, 48
train,    7331, 18.279413,   92, 0.03,   12, 0.000, 0.000, 0.280, 48
train,    7332, 18.902679,   92, 0.02,   11, 0.000, 0.000, 0.280, 48
train,    7333, 18.555330,   95, 0.02,   10, 0.000, 0.000, 0.280, 48
train,    7334, 19.361238,   91, 0.02,   12, 0.000, 0.000, 0.280, 48
train,    7335, 20.252312,   93, 0.05,   13, 0.000, 0.000, 0.280, 48
train,    7336, 19.223015,   90, 0.03,   13, 0.000, 0.000, 0.280, 48
train,    7337, 19.510347,   96, 0.04,   12, 0.000, 0.000, 0.280, 48
train,    7338, 19.593141,   96, 0.02,   14, 0.000, 0.000, 0.280, 48
train,    7339, 19.727011,   92, 0.03,   11, 0.000, 0.000, 0.280, 48
train,    7340, 19.331098,   98, 0.04,   11, 0.000, 0.000, 0.280, 48
train,    7341, 19.332661,   94, 0.02,   12, 0.000, 0.000, 0.280, 48
train,    7342, 19.695222,   90, 0.03,   11, 0.000, 0.000, 0.280, 48
train,    7343, 19.402076,   99, 0.03,   11, 0.000, 0.000, 0.280, 48
train,    7344, 19.297885,   90, 0.04,   12, 0.000, 0.000, 0.280, 48
train,    7345, 19.029806,   91, 0.04,   12, 0.000, 0.000, 0.280, 48
train,    7346, 19.497739,   93, 0.03,   12, 0.000, 0.000, 0.280, 48
train,    7347, 19.584947,   92, 0.03,   13, 0.000, 0.000, 0.280, 48
train,    7348, 18.795018,   91, 0.04,   11, 0.000, 0.000, 0.280, 48
train,    7349, 19.491960,   93, 0.05,   10, 0.000, 0.000, 0.280, 48
train,    7350, 19.096212,   94, 0.04,   13, 0.000, 0.000, 0.280, 48
train,    7351, 19.337275,   97, 0.01,   12, 0.000, 0.000, 0.280, 48
train,    7352, 20.012740,   99, 0.03,   12, 0.000, 0.000, 0.280, 48
train,    7353, 18.519953,   97, 0.04,   13, 0.000, 0.000, 0.280, 48
train,    7354, 20.074604,   97, 0.05,   11, 0.000, 0.000, 0.280, 48
train,    7355, 19.716976,   95, 0.04,   11, 0.000, 0.000, 0.280, 48
train,    7356, 19.274409,   96, 0.03,   14, 0.000, 0.000, 0.280, 48
train,    7357, 19.908950,   99, 0.01,   12, 0.000, 0.000, 0.280, 48
train,    7358, 19.308697,   98, 0.04,   12, 0.000, 0.000, 0.280, 48
train,    7359, 18.618712,   95, 0.04,   12, 0.000, 0.000, 0.280, 48
train,    7360, 19.427280,   94, 0.03,   12, 0.000, 0.000, 0.280, 48
train,    7361, 19.035810,   96, 0.03,   12, 0.000, 0.000, 0.280, 48
train,    7362, 19.932435,   95, 0.05,   12, 0.000, 0.000, 0.280, 48
train,    7363, 19.256625,   93, 0.05,   12, 0.000, 0.000, 0.280, 48
train,    7364, 19.317758,   97, 0.03,   12, 0.000, 0.000, 0.280, 48
train,    7365, 20.206884,   93, 0.03,   11, 0.000, 0.000, 0.280, 48
train,    7366, 20.221816,   93, 0.05,   11, 0.000, 0.000, 0.280, 48
train,    7367, 19.043005,   91, 0.04,   13, 0.000, 0.000, 0.280, 48
train,    7368, 20.404630,   93, 0.05,   12, 0.000, 0.000, 0.280, 48
train,    7369, 19.625420,   92, 0.02,   13, 0.000, 0.000, 0.280, 48
train,    7370, 19.775164,   96, 0.03,   12, 0.000, 0.000, 0.280, 48
train,    7371, 18.851301,   97, 0.01,   10, 0.000, 0.000, 0.280, 48
train,    7372, 20.749885,   93, 0.03,   12, 0.000, 0.000, 0.280, 48
train,    7373, 20.353482,   94, 0.02,   11, 0.000, 0.000, 0.280, 48
train,    7374, 20.323951,   92, 0.03,   13, 0.000, 0.000, 0.280, 48
train,    7375, 19.561910,   96, 0.03,   11, 0.000, 0.000, 0.280, 48
train,    7376, 19.797486,   93, 0.01,   12, 0.000, 0.000, 0.280, 48
train,    7377, 20.443169,   95, 0.03,   11, 0.000, 0.000, 0.280, 48
train,    7378, 19.954190,   95, 0.03,   13, 0.000, 0.000, 0.280, 48
train,    7379, 20.698763,   96, 0.02,    9, 0.000, 0.000, 0.280, 48
train,    7380, 19.432124,   92, 0.03,   11, 0.000, 0.000, 0.280, 48
train,    7381, 19.537663,   91, 0.03,   13, 0.000, 0.000, 0.280, 48
train,    7382, 19.853791,   98, 0.04,   13, 0.000, 0.000, 0.280, 48
train,    7383, 20.010999,   92, 0.03,   12, 0.000, 0.000, 0.280, 48
train,    7384, 20.667897,   95, 0.03,   11, 0.000, 0.000, 0.280, 48
train,    7385, 19.063057,   97, 0.04,   11, 0.000, 0.000, 0.280, 48
train,    7386, 19.851577,   94, 0.03,   12, 0.000, 0.000, 0.280, 48
train,    7387, 20.596884,   93, 0.03,   12, 0.000, 0.000, 0.280, 48
train,    7388, 19.881515,   99, 0.04,   13, 0.000, 0.000, 0.280, 48
train,    7389, 19.625850,   91, 0.03,   13, 0.000, 0.000, 0.280, 48
train,    7390, 20.957035,   95, 0.03,   11, 0.000, 0.000, 0.280, 48
train,    7391, 20.301590,   98, 0.03,   13, 0.000, 0.000, 0.280, 48
train,    7392, 19.977479,   96, 0.04,   13, 0.000, 0.000, 0.280, 48
train,    7393, 19.584736,   95, 0.04,   13, 0.000, 0.000, 0.280, 48
train,    7394, 19.828979,   90, 0.02,   13, 0.000, 0.000, 0.280, 48
train,    7395, 19.668304,   92, 0.04,   12, 0.000, 0.000, 0.280, 48
train,    7396, 19.746137,   92, 0.02,   12, 0.000, 0.000, 0.280, 48
train,    7397, 20.201193,   89, 0.02,   13, 0.000, 0.000, 0.280, 48
train,    7398, 20.197089,   97, 0.04,   11, 0.000, 0.000, 0.280, 48
train,    7399, 19.494363,   92, 0.04,   12, 0.000, 0.000, 0.280, 48
train,    7400, 20.034745,   93, 0.03,   12, 0.000, 0.000, 0.280, 48
update,   7400,   74, 7400, 19.064747, 0.000000
val_t, 7400, 7400, 19.125162, 0.0143,  93.5741,   0.0556, 0.9861,  28.6710, progress 0.9782
train,    7401, 19.528290,   96, 0.04,   12, 0.000, 0.000, 0.280, 48
train,    7402, 20.304741,   95, 0.03,   13, 0.000, 0.000, 0.280, 48
train,    7403, 20.147059,   94, 0.02,   13, 0.000, 0.000, 0.280, 48
train,    7404, 20.352079,   91, 0.02,   12, 0.000, 0.000, 0.280, 48
train,    7405, 20.130450,   90, 0.01,   14, 0.000, 0.000, 0.280, 48
train,    7406, 20.170339,   94, 0.04,   12, 0.000, 0.000, 0.280, 48
train,    7407, 20.089384,   94, 0.03,   11, 0.000, 0.000, 0.280, 48
train,    7408, 19.703539,   95, 0.04,   12, 0.000, 0.000, 0.280, 48
train,    7409, 21.109810,   92, 0.04,   12, 0.000, 0.000, 0.280, 48
train,    7410, 19.604444,   94, 0.03,   12, 0.000, 0.000, 0.280, 48
train,    7411, 19.685037,   92, 0.03,   12, 0.000, 0.000, 0.280, 48
train,    7412, 20.345113,   92, 0.03,   12, 0.000, 0.000, 0.280, 48
train,    7413, 19.782347,   98, 0.02,   11, 0.000, 0.000, 0.280, 48
train,    7414, 19.925216,   94, 0.02,   11, 0.000, 0.000, 0.280, 48
train,    7415, 19.732549,   91, 0.03,   12, 0.000, 0.000, 0.280, 48
train,    7416, 20.422894,   91, 0.03,   11, 0.000, 0.000, 0.280, 48
train,    7417, 19.953872,   97, 0.03,   11, 0.000, 0.000, 0.280, 48
train,    7418, 20.349920,   90, 0.01,   12, 0.000, 0.000, 0.280, 48
train,    7419, 19.845888,   91, 0.04,   12, 0.000, 0.000, 0.280, 48
train,    7420, 20.764258,   96, 0.03,   11, 0.000, 0.000, 0.280, 48
train,    7421, 20.296805,   95, 0.01,   13, 0.000, 0.000, 0.280, 48
train,    7422, 19.826741,   95, 0.06,   12, 0.000, 0.000, 0.280, 48
train,    7423, 19.464276,   95, 0.02,   10, 0.000, 0.000, 0.280, 48
train,    7424, 20.446934,   92, 0.04,   12, 0.000, 0.000, 0.280, 48
train,    7425, 19.474838,   95, 0.04,   11, 0.000, 0.000, 0.280, 48
train,    7426, 20.221953,   95, 0.03,   13, 0.000, 0.000, 0.280, 48
train,    7427, 19.375542,   95, 0.02,   12, 0.000, 0.000, 0.280, 48
train,    7428, 20.283915,   93, 0.04,   13, 0.000, 0.000, 0.280, 48
train,    7429, 19.908135,   98, 0.03,   13, 0.000, 0.000, 0.280, 48
train,    7430, 18.754596,   92, 0.04,   13, 0.000, 0.000, 0.280, 48
train,    7431, 19.490692,   93, 0.03,   12, 0.000, 0.000, 0.280, 48
train,    7432, 19.617390,   94, 0.03,   12, 0.000, 0.000, 0.280, 48
train,    7433, 19.599796,   90, 0.03,   11, 0.000, 0.000, 0.280, 48
train,    7434, 19.890721,   92, 0.03,   11, 0.000, 0.000, 0.280, 48
train,    7435, 21.475156,   93, 0.04,   11, 0.000, 0.000, 0.280, 48
train,    7436, 20.222043,   96, 0.05,   12, 0.000, 0.000, 0.280, 48
train,    7437, 20.658288,   96, 0.03,   11, 0.000, 0.000, 0.280, 48
train,    7438, 19.397631,   95, 0.03,   11, 0.000, 0.000, 0.280, 48
train,    7439, 20.260632,   97, 0.04,   13, 0.000, 0.000, 0.280, 48
train,    7440, 19.751991,   94, 0.03,   11, 0.000, 0.000, 0.280, 48
train,    7441, 20.404243,   90, 0.03,   11, 0.000, 0.000, 0.280, 48
train,    7442, 20.085848,   95, 0.03,   13, 0.000, 0.000, 0.280, 48
train,    7443, 18.463943,   99, 0.05,   12, 0.000, 0.000, 0.280, 48
train,    7444, 20.533974,   90, 0.02,   11, 0.000, 0.000, 0.280, 48
train,    7445, 19.825594,   92, 0.01,   12, 0.000, 0.000, 0.280, 48
train,    7446, 19.894299,   96, 0.04,   12, 0.000, 0.000, 0.280, 48
train,    7447, 20.039179,   95, 0.02,   12, 0.000, 0.000, 0.280, 48
train,    7448, 20.335534,   92, 0.01,   13, 0.000, 0.000, 0.280, 48
train,    7449, 19.787039,   94, 0.03,   11, 0.000, 0.000, 0.280, 48
train,    7450, 19.269628,   91, 0.02,   12, 0.000, 0.000, 0.280, 48
train,    7451, 20.215765,   94, 0.03,   11, 0.000, 0.000, 0.280, 48
train,    7452, 20.706592,   92, 0.03,   12, 0.000, 0.000, 0.280, 48
train,    7453, 19.405741,   97, 0.04,   13, 0.000, 0.000, 0.280, 48
train,    7454, 19.720849,   91, 0.04,   11, 0.000, 0.000, 0.280, 48
train,    7455, 19.627796,   93, 0.03,   11, 0.000, 0.000, 0.280, 48
train,    7456, 19.870249,   94, 0.04,   12, 0.000, 0.000, 0.280, 48
train,    7457, 19.411823,   96, 0.01,   11, 0.000, 0.000, 0.280, 48
train,    7458, 20.109198,   97, 0.03,   11, 0.000, 0.000, 0.280, 48
train,    7459, 20.112661,   94, 0.03,   12, 0.000, 0.000, 0.280, 48
train,    7460, 19.103273,   97, 0.05,   13, 0.000, 0.000, 0.280, 48
train,    7461, 19.810831,   93, 0.02,   13, 0.000, 0.000, 0.280, 48
train,    7462, 19.717401,   94, 0.03,   12, 0.000, 0.000, 0.280, 48
train,    7463, 19.768153,   91, 0.02,   13, 0.000, 0.000, 0.280, 48
train,    7464, 19.941908,   92, 0.03,   12, 0.000, 0.000, 0.280, 48
train,    7465, 20.452463,   92, 0.02,   11, 0.000, 0.000, 0.280, 48
train,    7466, 19.582697,   94, 0.04,   11, 0.000, 0.000, 0.280, 48
train,    7467, 20.395239,   98, 0.04,   12, 0.000, 0.000, 0.280, 48
train,    7468, 19.364882,   93, 0.03,   12, 0.000, 0.000, 0.280, 48
train,    7469, 19.069363,   92, 0.02,   12, 0.000, 0.000, 0.280, 48
train,    7470, 19.237532,   92, 0.02,   13, 0.000, 0.000, 0.280, 48
train,    7471, 20.202778,   91, 0.02,   12, 0.000, 0.000, 0.280, 48
train,    7472, 20.670248,   93, 0.04,   12, 0.000, 0.000, 0.280, 48
train,    7473, 19.924751,   92, 0.03,   11, 0.000, 0.000, 0.280, 48
train,    7474, 19.899874,   91, 0.03,   12, 0.000, 0.000, 0.280, 48
train,    7475, 19.926388,   96, 0.04,   11, 0.000, 0.000, 0.280, 48
train,    7476, 19.726957,   92, 0.04,   11, 0.000, 0.000, 0.280, 48
train,    7477, 20.254334,   96, 0.02,   11, 0.000, 0.000, 0.280, 48
train,    7478, 19.910211,   97, 0.01,   13, 0.000, 0.000, 0.280, 48
train,    7479, 19.163002,   93, 0.04,   12, 0.000, 0.000, 0.280, 48
train,    7480, 19.260383,   92, 0.03,   13, 0.000, 0.000, 0.280, 48
train,    7481, 19.226384,   97, 0.03,   11, 0.000, 0.000, 0.280, 48
train,    7482, 19.479635,   91, 0.03,   11, 0.000, 0.000, 0.280, 48
train,    7483, 18.415742,   93, 0.03,   12, 0.000, 0.000, 0.280, 48
train,    7484, 19.819687,  100, 0.06,   12, 0.000, 0.000, 0.280, 48
train,    7485, 19.001555,   98, 0.04,   12, 0.000, 0.000, 0.280, 48
train,    7486, 20.049577,   96, 0.03,   12, 0.000, 0.000, 0.280, 48
train,    7487, 20.035464,   98, 0.03,   13, 0.000, 0.000, 0.280, 48
train,    7488, 20.008678,  100, 0.03,   11, 0.000, 0.000, 0.280, 48
train,    7489, 18.655450,   92, 0.02,   12, 0.000, 0.000, 0.280, 48
train,    7490, 18.625745,   92, 0.04,   12, 0.000, 0.000, 0.280, 48
train,    7491, 19.496398,   93, 0.04,   12, 0.000, 0.000, 0.280, 48
train,    7492, 20.591854,   96, 0.03,   13, 0.000, 0.000, 0.280, 48
train,    7493, 20.053738,   96, 0.02,   10, 0.000, 0.000, 0.280, 48
train,    7494, 20.810056,   94, 0.02,   13, 0.000, 0.000, 0.280, 48
train,    7495, 19.074114,   91, 0.03,   11, 0.000, 0.000, 0.280, 48
train,    7496, 19.933974,   94, 0.04,   13, 0.000, 0.000, 0.280, 48
train,    7497, 18.977824,   97, 0.05,   11, 0.000, 0.000, 0.280, 48
train,    7498, 19.853932,   92, 0.02,   12, 0.000, 0.000, 0.280, 48
train,    7499, 19.870807,   92, 0.04,   13, 0.000, 0.000, 0.280, 48
train,    7500, 19.797245,   97, 0.04,   13, 0.000, 0.000, 0.280, 48
update,   7500,   75, 7500, 18.331037, 0.000000
val_t, 7500, 7500, 18.413489, 0.0290,  88.3024,   0.0664, 0.9745,  28.5629, progress 0.9971
train,    7501, 20.022772,   96, 0.02,   14, 0.000, 0.000, 0.280, 48
train,    7502, 18.944302,   97, 0.02,   11, 0.000, 0.000, 0.280, 48
train,    7503, 19.805123,   97, 0.05,   11, 0.000, 0.000, 0.280, 48
train,    7504, 18.563019,   94, 0.03,   12, 0.000, 0.000, 0.280, 48
train,    7505, 19.443987,   98, 0.02,   12, 0.000, 0.000, 0.280, 48
train,    7506, 20.088576,   91, 0.03,   13, 0.000, 0.000, 0.280, 48
train,    7507, 19.897972,   91, 0.01,   12, 0.000, 0.000, 0.280, 48
train,    7508, 19.978417,   95, 0.04,   12, 0.000, 0.000, 0.280, 48
train,    7509, 19.388730,   95, 0.03,   12, 0.000, 0.000, 0.280, 48
train,    7510, 21.355429,   99, 0.04,   13, 0.000, 0.000, 0.280, 48
train,    7511, 20.512657,   94, 0.04,   12, 0.000, 0.000, 0.280, 48
train,    7512, 19.648306,   94, 0.03,   12, 0.000, 0.000, 0.280, 48
train,    7513, 18.628834,   98, 0.03,   12, 0.000, 0.000, 0.280, 48
train,    7514, 19.271520,   92, 0.03,   12, 0.000, 0.000, 0.280, 48
train,    7515, 19.685170,   91, 0.03,   13, 0.000, 0.000, 0.280, 48
train,    7516, 19.321862,   91, 0.03,   12, 0.000, 0.000, 0.280, 48
train,    7517, 19.927145,   97, 0.02,   12, 0.000, 0.000, 0.280, 48
train,    7518, 19.226713,   92, 0.03,   12, 0.000, 0.000, 0.280, 48
train,    7519, 19.752429,   95, 0.04,   11, 0.000, 0.000, 0.280, 48
train,    7520, 19.863240,   93, 0.03,   12, 0.000, 0.000, 0.280, 48
train,    7521, 20.094271,   96, 0.04,   11, 0.000, 0.000, 0.280, 48
train,    7522, 19.396094,   96, 0.02,   13, 0.000, 0.000, 0.280, 48
train,    7523, 18.532137,   92, 0.04,   11, 0.000, 0.000, 0.280, 48
train,    7524, 19.651775,   95, 0.02,   12, 0.000, 0.000, 0.280, 48
train,    7525, 17.947118,   95, 0.03,   13, 0.000, 0.000, 0.280, 48
train,    7526, 19.578979,   91, 0.03,   13, 0.000, 0.000, 0.280, 48
train,    7527, 19.214771,   93, 0.03,   13, 0.000, 0.000, 0.280, 48
train,    7528, 19.516686,   98, 0.03,   12, 0.000, 0.000, 0.280, 48
train,    7529, 19.945984,   99, 0.04,   13, 0.000, 0.000, 0.280, 48
train,    7530, 18.852786,   95, 0.03,   12, 0.000, 0.000, 0.280, 48
train,    7531, 20.838874,   91, 0.03,   10, 0.000, 0.000, 0.280, 48
train,    7532, 18.708651,   98, 0.05,   12, 0.000, 0.000, 0.280, 48
train,    7533, 19.385375,   93, 0.03,   11, 0.000, 0.000, 0.280, 48
train,    7534, 19.335590,   91, 0.01,   11, 0.000, 0.000, 0.280, 48
train,    7535, 19.430604,   96, 0.03,   11, 0.000, 0.000, 0.280, 48
train,    7536, 17.949445,   92, 0.05,   12, 0.000, 0.000, 0.280, 48
train,    7537, 19.711061,   94, 0.03,   13, 0.000, 0.000, 0.280, 48
train,    7538, 19.077841,   98, 0.04,   13, 0.000, 0.000, 0.280, 48
train,    7539, 19.163019,   93, 0.04,   12, 0.000, 0.000, 0.280, 48
train,    7540, 18.376565,   97, 0.03,   11, 0.000, 0.000, 0.280, 48
train,    7541, 19.442325,   96, 0.03,   13, 0.000, 0.000, 0.280, 48
train,    7542, 19.138505,   95, 0.03,   12, 0.000, 0.000, 0.280, 48
train,    7543, 18.476207,   96, 0.03,   11, 0.000, 0.000, 0.280, 48
train,    7544, 18.787497,   97, 0.04,   12, 0.000, 0.000, 0.280, 48
train,    7545, 19.288238,   90, 0.02,   11, 0.000, 0.000, 0.280, 48
train,    7546, 19.062508,   92, 0.04,   11, 0.000, 0.000, 0.280, 48
train,    7547, 18.615025,   97, 0.04,   12, 0.000, 0.000, 0.280, 48
train,    7548, 19.595785,   91, 0.02,   11, 0.000, 0.000, 0.280, 48
train,    7549, 18.447938,   96, 0.03,   12, 0.000, 0.000, 0.280, 48
train,    7550, 18.879615,   97, 0.02,   12, 0.000, 0.000, 0.280, 48
train,    7551, 19.073628,   94, 0.05,   11, 0.000, 0.000, 0.280, 48
train,    7552, 19.099581,   96, 0.03,   12, 0.000, 0.000, 0.280, 48
train,    7553, 18.943690,   91, 0.04,   12, 0.000, 0.000, 0.280, 48
train,    7554, 18.754785,   91, 0.04,   12, 0.000, 0.000, 0.280, 48
train,    7555, 17.551293,   92, 0.02,   13, 0.000, 0.000, 0.280, 48
train,    7556, 19.029892,   90, 0.02,   12, 0.000, 0.000, 0.280, 48
train,    7557, 18.370817,   95, 0.03,   13, 0.000, 0.000, 0.280, 48
train,    7558, 18.907940,   92, 0.03,   12, 0.000, 0.000, 0.280, 48
train,    7559, 18.454652,   91, 0.03,   11, 0.000, 0.000, 0.280, 48
train,    7560, 18.442386,   90, 0.03,   13, 0.000, 0.000, 0.280, 48
train,    7561, 18.717684,   93, 0.04,   13, 0.000, 0.000, 0.280, 48
train,    7562, 18.381049,   93, 0.03,   13, 0.000, 0.000, 0.280, 48
train,    7563, 18.730047,   93, 0.02,   12, 0.000, 0.000, 0.280, 48
train,    7564, 18.714573,   92, 0.02,   13, 0.000, 0.000, 0.280, 48
train,    7565, 18.700750,   96, 0.02,   12, 0.000, 0.000, 0.280, 48
train,    7566, 18.854842,   97, 0.03,   11, 0.000, 0.000, 0.280, 48
train,    7567, 19.027317,   97, 0.03,   12, 0.000, 0.000, 0.280, 48
train,    7568, 18.044535,   97, 0.02,   13, 0.000, 0.000, 0.280, 48
train,    7569, 18.170654,   92, 0.03,   11, 0.000, 0.000, 0.280, 48
train,    7570, 17.924058,   95, 0.02,   12, 0.000, 0.000, 0.280, 48
train,    7571, 18.620294,   94, 0.06,   11, 0.000, 0.000, 0.280, 48
train,    7572, 18.605854,   89, 0.01,   12, 0.000, 0.000, 0.280, 48
train,    7573, 18.206287,   96, 0.04,   11, 0.000, 0.000, 0.280, 48
train,    7574, 17.857529,   96, 0.03,   12, 0.000, 0.000, 0.280, 48
train,    7575, 18.436099,   94, 0.04,   13, 0.000, 0.000, 0.280, 48
train,    7576, 18.144080,   92, 0.04,   11, 0.000, 0.000, 0.280, 48
train,    7577, 17.194314,   94, 0.06,   11, 0.000, 0.000, 0.280, 48
train,    7578, 18.436085,   97, 0.04,   11, 0.000, 0.000, 0.280, 48
train,    7579, 18.015444,   97, 0.03,   12, 0.000, 0.000, 0.280, 48
train,    7580, 17.909557,   91, 0.02,   12, 0.000, 0.000, 0.280, 48
train,    7581, 18.350383,   97, 0.04,   12, 0.000, 0.000, 0.280, 48
train,    7582, 18.438215,   93, 0.02,   10, 0.000, 0.000, 0.280, 48
train,    7583, 19.491443,   96, 0.03,   12, 0.000, 0.000, 0.280, 48
train,    7584, 18.105512,   95, 0.04,   13, 0.000, 0.000, 0.280, 48
train,    7585, 17.402205,   96, 0.03,   13, 0.000, 0.000, 0.280, 48
train,    7586, 19.015250,   94, 0.04,   11, 0.000, 0.000, 0.280, 48
train,    7587, 17.736190,   96, 0.04,   13, 0.000, 0.000, 0.280, 48
train,    7588, 18.083878,   96, 0.04,   12, 0.000, 0.000, 0.280, 48
train,    7589, 18.756840,   96, 0.03,   12, 0.000, 0.000, 0.280, 48
train,    7590, 17.944736,   88, 0.01,   11, 0.000, 0.000, 0.280, 48
train,    7591, 18.467622,   90, 0.02,   13, 0.000, 0.000, 0.280, 48
train,    7592, 18.715245,   96, 0.05,   12, 0.000, 0.000, 0.280, 48
train,    7593, 18.828318,   94, 0.02,   12, 0.000, 0.000, 0.280, 48
train,    7594, 17.948585,   97, 0.03,   12, 0.000, 0.000, 0.280, 48
train,    7595, 18.608623,   96, 0.03,   11, 0.000, 0.000, 0.280, 48
train,    7596, 18.007939,   94, 0.03,   12, 0.000, 0.000, 0.280, 48
train,    7597, 17.953344,   96, 0.04,   11, 0.000, 0.000, 0.280, 48
train,    7598, 18.060005,   95, 0.03,   12, 0.000, 0.000, 0.280, 48
train,    7599, 17.263406,   93, 0.03,   13, 0.000, 0.000, 0.280, 48
train,    7600, 19.489361,   89, 0.04,   12, 0.000, 0.000, 0.280, 48
update,   7600,   76, 7600, 18.992953, 0.000000
val_t, 7600, 7600, 18.677631, 0.0152,  87.8492,   0.0632, 0.9807,  28.8211, progress 0.9776
train,    7601, 19.173004,   94, 0.03,   12, 0.000, 0.000, 0.280, 48
train,    7602, 18.045682,   95, 0.02,   11, 0.000, 0.000, 0.280, 48
train,    7603, 17.419640,   94, 0.04,   11, 0.000, 0.000, 0.280, 48
train,    7604, 18.379930,   97, 0.03,   11, 0.000, 0.000, 0.280, 48
train,    7605, 19.101276,   95, 0.04,   13, 0.000, 0.000, 0.280, 48
train,    7606, 17.214988,   92, 0.03,   12, 0.000, 0.000, 0.280, 48
train,    7607, 18.375783,   93, 0.02,   12, 0.000, 0.000, 0.280, 48
train,    7608, 18.311881,   92, 0.02,   12, 0.000, 0.000, 0.280, 48
train,    7609, 18.046442,   91, 0.04,   11, 0.000, 0.000, 0.280, 48
train,    7610, 18.246085,   96, 0.05,   11, 0.000, 0.000, 0.280, 48
train,    7611, 17.909900,   94, 0.06,   12, 0.000, 0.000, 0.280, 48
train,    7612, 17.903199,   96, 0.02,   10, 0.000, 0.000, 0.280, 48
train,    7613, 17.875378,   96, 0.03,   13, 0.000, 0.000, 0.280, 48
train,    7614, 18.046761,   96, 0.02,   12, 0.000, 0.000, 0.280, 48
train,    7615, 18.087460,   92, 0.04,   13, 0.000, 0.000, 0.280, 48
train,    7616, 18.006880,   94, 0.03,   13, 0.000, 0.000, 0.280, 48
train,    7617, 18.083837,   96, 0.04,   13, 0.000, 0.000, 0.280, 48
train,    7618, 17.409794,   95, 0.05,   13, 0.000, 0.000, 0.280, 48
train,    7619, 18.407914,   93, 0.03,   12, 0.000, 0.000, 0.280, 48
train,    7620, 17.883247,   99, 0.04,   12, 0.000, 0.000, 0.280, 48
train,    7621, 17.531424,  100, 0.02,   11, 0.000, 0.000, 0.280, 48
train,    7622, 17.450201,   99, 0.03,   11, 0.000, 0.000, 0.280, 48
train,    7623, 17.759084,   98, 0.02,   10, 0.000, 0.000, 0.280, 48
train,    7624, 17.220673,   91, 0.04,   10, 0.000, 0.000, 0.280, 48
train,    7625, 17.033872,   96, 0.03,   12, 0.000, 0.000, 0.280, 48
train,    7626, 17.596166,   97, 0.04,   12, 0.000, 0.000, 0.280, 48
train,    7627, 17.217908,   91, 0.03,   12, 0.000, 0.000, 0.280, 48
train,    7628, 18.096582,   96, 0.04,   12, 0.000, 0.000, 0.280, 48
train,    7629, 17.931670,   92, 0.03,   12, 0.000, 0.000, 0.280, 48
train,    7630, 17.342563,   98, 0.04,   12, 0.000, 0.000, 0.280, 48
train,    7631, 17.559424,   96, 0.03,   11, 0.000, 0.000, 0.280, 48
train,    7632, 17.715498,   94, 0.03,   12, 0.000, 0.000, 0.280, 48
train,    7633, 17.895361,   95, 0.03,   12, 0.000, 0.000, 0.280, 48
train,    7634, 16.806230,   97, 0.04,   12, 0.000, 0.000, 0.280, 48
train,    7635, 17.016242,   95, 0.02,   12, 0.000, 0.000, 0.280, 48
train,    7636, 18.006406,   95, 0.04,   13, 0.000, 0.000, 0.280, 48
train,    7637, 17.922433,   94, 0.02,   12, 0.000, 0.000, 0.280, 48
train,    7638, 18.296491,   98, 0.01,   11, 0.000, 0.000, 0.280, 48
train,    7639, 17.207179,   93, 0.03,   12, 0.000, 0.000, 0.280, 48
train,    7640, 17.965888,   94, 0.04,   12, 0.000, 0.000, 0.280, 48
train,    7641, 17.892926,   95, 0.05,   13, 0.000, 0.000, 0.280, 48
train,    7642, 17.251680,   92, 0.02,   12, 0.000, 0.000, 0.280, 48
train,    7643, 17.323366,   99, 0.02,   12, 0.000, 0.000, 0.280, 48
train,    7644, 17.641128,   96, 0.02,   12, 0.000, 0.000, 0.280, 48
train,    7645, 17.586228,   91, 0.03,   12, 0.000, 0.000, 0.280, 48
train,    7646, 18.313715,   90, 0.05,   13, 0.000, 0.000, 0.280, 48
train,    7647, 17.271983,   94, 0.02,   11, 0.000, 0.000, 0.280, 48
train,    7648, 17.226680,   93, 0.01,   12, 0.000, 0.000, 0.280, 48
train,    7649, 17.834769,   99, 0.03,   11, 0.000, 0.000, 0.280, 48
train,    7650, 17.286428,   91, 0.03,   12, 0.000, 0.000, 0.280, 48
train,    7651, 17.279956,   92, 0.02,   12, 0.000, 0.000, 0.280, 48
train,    7652, 17.084091,   94, 0.01,   11, 0.000, 0.000, 0.280, 48
train,    7653, 17.572650,   92, 0.02,   10, 0.000, 0.000, 0.280, 48
train,    7654, 17.773170,   95, 0.03,   12, 0.000, 0.000, 0.280, 48
train,    7655, 18.170302,   93, 0.03,   12, 0.000, 0.000, 0.280, 48
train,    7656, 16.049551,   94, 0.02,   12, 0.000, 0.000, 0.280, 48
train,    7657, 16.776307,   93, 0.02,   11, 0.000, 0.000, 0.280, 48
train,    7658, 17.437451,   96, 0.01,   12, 0.000, 0.000, 0.280, 48
train,    7659, 18.176828,   92, 0.04,   13, 0.000, 0.000, 0.280, 48
train,    7660, 17.876380,   96, 0.04,   12, 0.000, 0.000, 0.280, 48
train,    7661, 16.701454,   90, 0.01,   13, 0.000, 0.000, 0.280, 48
train,    7662, 17.164824,   94, 0.02,   12, 0.000, 0.000, 0.280, 48
train,    7663, 16.926758,   99, 0.05,   12, 0.000, 0.000, 0.280, 48
train,    7664, 17.204289,   93, 0.05,   13, 0.000, 0.000, 0.280, 48
train,    7665, 17.869957,   93, 0.02,   12, 0.000, 0.000, 0.280, 48
train,    7666, 16.951407,   95, 0.03,   11, 0.000, 0.000, 0.280, 48
train,    7667, 17.364086,   99, 0.04,   12, 0.000, 0.000, 0.280, 48
train,    7668, 17.833160,   90, 0.05,   12, 0.000, 0.000, 0.280, 48
train,    7669, 18.293409,   97, 0.05,   10, 0.000, 0.000, 0.280, 48
train,    7670, 16.975366,   91, 0.02,   12, 0.000, 0.000, 0.280, 48
train,    7671, 16.956956,   98, 0.01,   12, 0.000, 0.000, 0.280, 48
train,    7672, 17.027235,   96, 0.03,   12, 0.000, 0.000, 0.280, 48
train,    7673, 17.154313,   92, 0.05,   13, 0.000, 0.000, 0.280, 48
train,    7674, 16.971458,   94, 0.03,   13, 0.000, 0.000, 0.280, 48
train,    7675, 16.760929,   97, 0.02,   12, 0.000, 0.000, 0.280, 48
train,    7676, 18.168947,   94, 0.04,   13, 0.000, 0.000, 0.280, 48
train,    7677, 17.269527,   92, 0.02,   13, 0.000, 0.000, 0.280, 48
train,    7678, 17.200085,   97, 0.02,   11, 0.000, 0.000, 0.280, 48
train,    7679, 17.138763,   95, 0.02,   12, 0.000, 0.000, 0.280, 48
train,    7680, 16.853522,   91, 0.03,   13, 0.000, 0.000, 0.280, 48
train,    7681, 17.613116,   93, 0.03,   12, 0.000, 0.000, 0.280, 48
train,    7682, 17.116659,   95, 0.05,   12, 0.000, 0.000, 0.280, 48
train,    7683, 17.490062,   93, 0.04,   12, 0.000, 0.000, 0.280, 48
train,    7684, 17.198592,   89, 0.00,   13, 0.000, 0.000, 0.280, 48
train,    7685, 18.330222,   92, 0.03,   11, 0.000, 0.000, 0.280, 48
train,    7686, 17.340746,   93, 0.03,   10, 0.000, 0.000, 0.280, 48
train,    7687, 17.792143,   96, 0.03,   14, 0.000, 0.000, 0.280, 48
train,    7688, 17.499335,   91, 0.01,   11, 0.000, 0.000, 0.280, 48
train,    7689, 17.401023,   95, 0.03,   13, 0.000, 0.000, 0.280, 48
train,    7690, 16.768882,   98, 0.02,   11, 0.000, 0.000, 0.280, 48
train,    7691, 17.518087,   94, 0.02,   11, 0.000, 0.000, 0.280, 48
train,    7692, 17.249579,   88, 0.03,   13, 0.000, 0.000, 0.280, 48
train,    7693, 17.274193,   95, 0.01,   11, 0.000, 0.000, 0.280, 48
train,    7694, 17.813400,   92, 0.04,   12, 0.000, 0.000, 0.280, 48
train,    7695, 17.215378,   93, 0.03,   12, 0.000, 0.000, 0.280, 48
train,    7696, 16.601233,   98, 0.03,   11, 0.000, 0.000, 0.280, 48
train,    7697, 17.086734,   94, 0.02,   13, 0.000, 0.000, 0.280, 48
train,    7698, 16.936610,   95, 0.02,   11, 0.000, 0.000, 0.280, 48
train,    7699, 17.543151,   98, 0.03,   12, 0.000, 0.000, 0.280, 48
train,    7700, 17.617035,   91, 0.03,   12, 0.000, 0.000, 0.280, 48
update,   7700,   77, 7700, 19.493740, 0.000000
val_t, 7700, 7700, 17.658469, 0.0194,  94.5695,   0.0492, 0.9744,  28.6904, progress 0.9968
train,    7701, 17.118312,   92, 0.02,   11, 0.000, 0.000, 0.280, 48
train,    7702, 17.685042,   95, 0.03,   14, 0.000, 0.000, 0.280, 48
train,    7703, 16.771760,   89, 0.03,   12, 0.000, 0.000, 0.280, 48
train,    7704, 18.462872,   93, 0.02,   12, 0.000, 0.000, 0.280, 48
train,    7705, 17.466809,   94, 0.02,   11, 0.000, 0.000, 0.280, 48
train,    7706, 17.154704,   92, 0.05,   11, 0.000, 0.000, 0.280, 48
train,    7707, 16.131073,   92, 0.04,   11, 0.000, 0.000, 0.280, 48
train,    7708, 17.183443,   90, 0.03,   12, 0.000, 0.000, 0.280, 48
train,    7709, 17.729493,   96, 0.05,   11, 0.000, 0.000, 0.280, 48
train,    7710, 18.364404,   91, 0.03,   12, 0.000, 0.000, 0.280, 48
train,    7711, 16.742365,   96, 0.03,   11, 0.000, 0.000, 0.280, 48
train,    7712, 17.602437,   93, 0.02,   11, 0.000, 0.000, 0.280, 48
train,    7713, 17.399793,   94, 0.05,   13, 0.000, 0.000, 0.280, 48
train,    7714, 16.851528,   92, 0.01,   11, 0.000, 0.000, 0.280, 48
train,    7715, 17.252045,   95, 0.02,   13, 0.000, 0.000, 0.280, 48
train,    7716, 18.182785,   97, 0.03,   11, 0.000, 0.000, 0.280, 48
train,    7717, 17.193674,   94, 0.04,   12, 0.000, 0.000, 0.280, 48
train,    7718, 17.319610,   91, 0.04,   11, 0.000, 0.000, 0.280, 48
train,    7719, 17.547230,   91, 0.02,   11, 0.000, 0.000, 0.280, 48
train,    7720, 18.571748,   94, 0.04,   12, 0.000, 0.000, 0.280, 48
train,    7721, 16.979573,   90, 0.02,   13, 0.000, 0.000, 0.280, 48
train,    7722, 17.336345,   95, 0.04,   11, 0.000, 0.000, 0.280, 48
train,    7723, 16.427049,   90, 0.04,   12, 0.000, 0.000, 0.280, 48
train,    7724, 17.256034,   98, 0.02,   12, 0.000, 0.000, 0.280, 48
train,    7725, 17.751620,   91, 0.04,   10, 0.000, 0.000, 0.280, 48
train,    7726, 17.158952,   94, 0.02,   13, 0.000, 0.000, 0.280, 48
train,    7727, 17.547664,   92, 0.04,   13, 0.000, 0.000, 0.280, 48
train,    7728, 16.908868,   94, 0.01,   12, 0.000, 0.000, 0.280, 48
train,    7729, 16.979591,   96, 0.03,   11, 0.000, 0.000, 0.280, 48
train,    7730, 16.447638,   93, 0.05,   12, 0.000, 0.000, 0.280, 48
train,    7731, 17.732272,   98, 0.03,   13, 0.000, 0.000, 0.280, 48
train,    7732, 16.261096,   94, 0.01,   12, 0.000, 0.000, 0.280, 48
train,    7733, 17.146449,   91, 0.02,   12, 0.000, 0.000, 0.280, 48
train,    7734, 16.772282,   95, 0.03,   12, 0.000, 0.000, 0.280, 48
train,    7735, 16.703590,   97, 0.04,   13, 0.000, 0.000, 0.280, 48
train,    7736, 17.945133,   94, 0.01,   11, 0.000, 0.000, 0.280, 48
train,    7737, 18.417243,   95, 0.03,   11, 0.000, 0.000, 0.280, 48
train,    7738, 17.377485,   96, 0.04,   11, 0.000, 0.000, 0.280, 48
train,    7739, 16.373012,   90, 0.04,   11, 0.000, 0.000, 0.280, 48
train,    7740, 16.234978,  100, 0.02,   12, 0.000, 0.000, 0.280, 48
train,    7741, 17.283263,   92, 0.04,   11, 0.000, 0.000, 0.280, 48
train,    7742, 16.696961,   92, 0.02,   12, 0.000, 0.000, 0.280, 48
train,    7743, 17.386758,   98, 0.02,   12, 0.000, 0.000, 0.280, 48
train,    7744, 17.499954,   97, 0.02,   10, 0.000, 0.000, 0.280, 48
train,    7745, 17.873582,   96, 0.04,   12, 0.000, 0.000, 0.280, 48
train,    7746, 17.128902,   97, 0.04,   12, 0.000, 0.000, 0.280, 48
train,    7747, 17.885328,   93, 0.05,   11, 0.000, 0.000, 0.280, 48
train,    7748, 17.475667,   94, 0.04,   12, 0.000, 0.000, 0.280, 48
train,    7749, 17.478182,   95, 0.03,   12, 0.000, 0.000, 0.280, 48
train,    7750, 17.680194,   94, 0.04,   12, 0.000, 0.000, 0.280, 48
train,    7751, 17.275964,   93, 0.02,   13, 0.000, 0.000, 0.280, 48
train,    7752, 16.109729,   95, 0.02,   13, 0.000, 0.000, 0.280, 48
train,    7753, 18.454924,   91, 0.04,   12, 0.000, 0.000, 0.280, 48
train,    7754, 17.513883,   98, 0.03,   12, 0.000, 0.000, 0.280, 48
train,    7755, 16.718512,   96, 0.04,   12, 0.000, 0.000, 0.280, 48
train,    7756, 17.074861,   90, 0.01,   14, 0.000, 0.000, 0.280, 48
train,    7757, 16.536898,   93, 0.03,   11, 0.000, 0.000, 0.280, 48
train,    7758, 17.139211,   96, 0.02,   13, 0.000, 0.000, 0.280, 48
train,    7759, 16.989685,   92, 0.02,   11, 0.000, 0.000, 0.280, 48
train,    7760, 17.325036,   96, 0.03,   11, 0.000, 0.000, 0.280, 48
train,    7761, 17.330222,   97, 0.03,   12, 0.000, 0.000, 0.280, 48
train,    7762, 18.823834,   96, 0.02,   13, 0.000, 0.000, 0.280, 48
train,    7763, 17.525724,   94, 0.03,   12, 0.000, 0.000, 0.280, 48
train,    7764, 17.058938,   97, 0.03,   13, 0.000, 0.000, 0.280, 48
train,    7765, 17.586830,   93, 0.02,   12, 0.000, 0.000, 0.280, 48
train,    7766, 18.221863,   96, 0.03,   11, 0.000, 0.000, 0.280, 48
train,    7767, 17.635461,   94, 0.04,   12, 0.000, 0.000, 0.280, 48
train,    7768, 17.631070,   96, 0.02,   12, 0.000, 0.000, 0.280, 48
train,    7769, 18.545947,   93, 0.04,   11, 0.000, 0.000, 0.280, 48
train,    7770, 18.319406,   89, 0.03,   13, 0.000, 0.000, 0.280, 48
train,    7771, 18.158115,   92, 0.04,   13, 0.000, 0.000, 0.280, 48
train,    7772, 17.165170,   97, 0.03,   12, 0.000, 0.000, 0.280, 48
train,    7773, 17.791108,   92, 0.03,   13, 0.000, 0.000, 0.280, 48
train,    7774, 17.950219,   94, 0.03,   12, 0.000, 0.000, 0.280, 48
train,    7775, 17.095652,   96, 0.04,   12, 0.000, 0.000, 0.280, 48
train,    7776, 18.596845,   93, 0.02,   11, 0.000, 0.000, 0.280, 48
train,    7777, 17.880330,   93, 0.03,   12, 0.000, 0.000, 0.280, 48
train,    7778, 17.841447,   96, 0.03,   12, 0.000, 0.000, 0.280, 48
train,    7779, 16.721714,   93, 0.02,   12, 0.000, 0.000, 0.280, 48
train,    7780, 17.573986,   94, 0.02,   12, 0.000, 0.000, 0.280, 48
train,    7781, 18.440737,   97, 0.02,   11, 0.000, 0.000, 0.280, 48
train,    7782, 17.720711,   94, 0.05,   11, 0.000, 0.000, 0.280, 48
train,    7783, 17.468921,   95, 0.02,   11, 0.000, 0.000, 0.280, 48
train,    7784, 17.346420,   93, 0.03,   11, 0.000, 0.000, 0.280, 48
train,    7785, 17.724671,   91, 0.02,   12, 0.000, 0.000, 0.280, 48
train,    7786, 17.676139,   98, 0.05,   11, 0.000, 0.000, 0.280, 48
train,    7787, 17.357370,   92, 0.03,   11, 0.000, 0.000, 0.280, 48
train,    7788, 17.983046,   91, 0.04,   12, 0.000, 0.000, 0.280, 48
train,    7789, 17.778647,   96, 0.02,   12, 0.000, 0.000, 0.280, 48
train,    7790, 17.647499,   91, 0.02,   11, 0.000, 0.000, 0.280, 48
train,    7791, 17.822153,   93, 0.02,   11, 0.000, 0.000, 0.280, 48
train,    7792, 17.618595,   92, 0.03,   13, 0.000, 0.000, 0.280, 48
train,    7793, 18.939079,   98, 0.04,   13, 0.000, 0.000, 0.280, 48
train,    7794, 18.449088,   93, 0.03,   13, 0.000, 0.000, 0.280, 48
train,    7795, 18.149442,   97, 0.02,   12, 0.000, 0.000, 0.280, 48
train,    7796, 16.936613,   97, 0.03,   12, 0.000, 0.000, 0.280, 48
train,    7797, 18.153357,   98, 0.01,   11, 0.000, 0.000, 0.280, 48
train,    7798, 18.103697,   98, 0.03,   11, 0.000, 0.000, 0.280, 48
train,    7799, 18.093003,   99, 0.04,   12, 0.000, 0.000, 0.280, 48
train,    7800, 18.200953,   94, 0.04,   12, 0.000, 0.000, 0.280, 48
update,   7800,   78, 7800, 19.118505, 0.000000
val_t, 7800, 7800, 17.779953, 0.0229,  92.8912,   0.0613, 0.9721,  29.2181, progress 0.9910
train,    7801, 17.890594,   95, 0.04,   12, 0.000, 0.000, 0.280, 48
train,    7802, 17.966475,   93, 0.04,   13, 0.000, 0.000, 0.280, 48
train,    7803, 17.215737,   96, 0.02,   13, 0.000, 0.000, 0.280, 48
train,    7804, 16.791817,   94, 0.04,   12, 0.000, 0.000, 0.280, 48
train,    7805, 17.369496,   96, 0.02,   12, 0.000, 0.000, 0.280, 48
train,    7806, 19.008776,   92, 0.02,   11, 0.000, 0.000, 0.280, 48
train,    7807, 18.133888,   90, 0.02,   12, 0.000, 0.000, 0.280, 48
train,    7808, 17.594586,   95, 0.04,   11, 0.000, 0.000, 0.280, 48
train,    7809, 17.676364,   91, 0.04,   13, 0.000, 0.000, 0.280, 48
train,    7810, 17.816301,   93, 0.02,   12, 0.000, 0.000, 0.280, 48
train,    7811, 18.929470,   92, 0.04,   12, 0.000, 0.000, 0.280, 48
train,    7812, 18.160791,   95, 0.02,   13, 0.000, 0.000, 0.280, 48
train,    7813, 18.490926,   98, 0.05,   12, 0.000, 0.000, 0.280, 48
train,    7814, 18.861201,   94, 0.05,   12, 0.000, 0.000, 0.280, 48
train,    7815, 17.701868,   97, 0.01,   12, 0.000, 0.000, 0.280, 48
train,    7816, 18.141493,   97, 0.03,   11, 0.000, 0.000, 0.280, 48
train,    7817, 18.485663,   93, 0.03,   11, 0.000, 0.000, 0.280, 48
train,    7818, 18.459509,   92, 0.02,   11, 0.000, 0.000, 0.280, 48
train,    7819, 18.699674,   95, 0.03,   12, 0.000, 0.000, 0.280, 48
train,    7820, 17.573650,   96, 0.03,   11, 0.000, 0.000, 0.280, 48
train,    7821, 17.755634,   97, 0.02,   12, 0.000, 0.000, 0.280, 48
train,    7822, 18.125823,   97, 0.02,   12, 0.000, 0.000, 0.280, 48
train,    7823, 18.574093,   96, 0.05,   11, 0.000, 0.000, 0.280, 48
train,    7824, 18.075983,   90, 0.01,   11, 0.000, 0.000, 0.280, 48
train,    7825, 17.855519,   92, 0.03,   11, 0.000, 0.000, 0.280, 48
train,    7826, 18.796256,   95, 0.03,   12, 0.000, 0.000, 0.280, 48
train,    7827, 18.415797,   97, 0.03,   13, 0.000, 0.000, 0.280, 48
train,    7828, 17.726460,   95, 0.06,   12, 0.000, 0.000, 0.280, 48
train,    7829, 17.933681,   94, 0.05,   11, 0.000, 0.000, 0.280, 48
train,    7830, 18.302990,   95, 0.02,   13, 0.000, 0.000, 0.280, 48
train,    7831, 18.739575,   99, 0.03,   13, 0.000, 0.000, 0.280, 48
train,    7832, 18.328458,   96, 0.03,   11, 0.000, 0.000, 0.280, 48
train,    7833, 17.608779,   92, 0.05,   11, 0.000, 0.000, 0.280, 48
train,    7834, 18.606291,   98, 0.03,   11, 0.000, 0.000, 0.280, 48
train,    7835, 17.379865,   94, 0.05,   12, 0.000, 0.000, 0.280, 48
train,    7836, 17.974635,   98, 0.03,   11, 0.000, 0.000, 0.280, 48
train,    7837, 18.065180,   95, 0.02,   12, 0.000, 0.000, 0.280, 48
train,    7838, 18.963918,   96, 0.01,   12, 0.000, 0.000, 0.280, 48
train,    7839, 18.161819,   95, 0.03,   11, 0.000, 0.000, 0.280, 48
train,    7840, 17.918096,   92, 0.03,   12, 0.000, 0.000, 0.280, 48
train,    7841, 18.529287,   93, 0.03,   11, 0.000, 0.000, 0.280, 48
train,    7842, 18.109926,   92, 0.02,   12, 0.000, 0.000, 0.280, 48
train,    7843, 18.457883,   90, 0.04,   12, 0.000, 0.000, 0.280, 48
train,    7844, 19.341162,   92, 0.04,   14, 0.000, 0.000, 0.280, 48
train,    7845, 18.132902,   91, 0.02,   12, 0.000, 0.000, 0.280, 48
train,    7846, 18.230432,   93, 0.03,   11, 0.000, 0.000, 0.280, 48
train,    7847, 18.191323,   97, 0.03,   11, 0.000, 0.000, 0.280, 48
train,    7848, 18.548283,   95, 0.03,   13, 0.000, 0.000, 0.280, 48
train,    7849, 18.229964,   91, 0.02,   12, 0.000, 0.000, 0.280, 48
train,    7850, 18.164147,   93, 0.02,   14, 0.000, 0.000, 0.280, 48
train,    7851, 18.848731,   90, 0.03,   13, 0.000, 0.000, 0.280, 48
train,    7852, 17.848728,   94, 0.03,   12, 0.000, 0.000, 0.280, 48
train,    7853, 18.452571,   95, 0.03,   12, 0.000, 0.000, 0.280, 48
train,    7854, 17.925255,   92, 0.03,   13, 0.000, 0.000, 0.280, 48
train,    7855, 18.777214,   91, 0.01,   11, 0.000, 0.000, 0.280, 48
train,    7856, 18.676929,   91, 0.04,   11, 0.000, 0.000, 0.280, 48
train,    7857, 18.302064,   95, 0.02,   11, 0.000, 0.000, 0.280, 48
train,    7858, 17.695848,   90, 0.03,   11, 0.000, 0.000, 0.280, 48
train,    7859, 18.604714,   95, 0.03,   11, 0.000, 0.000, 0.280, 48
train,    7860, 17.417435,   92, 0.04,   10, 0.000, 0.000, 0.280, 48
train,    7861, 18.667654,   95, 0.03,   13, 0.000, 0.000, 0.280, 48
train,    7862, 18.379319,   99, 0.02,   12, 0.000, 0.000, 0.280, 48
train,    7863, 18.491575,   95, 0.02,   11, 0.000, 0.000, 0.280, 48
train,    7864, 18.541495,   93, 0.04,   13, 0.000, 0.000, 0.280, 48
train,    7865, 18.576381,   96, 0.04,   12, 0.000, 0.000, 0.280, 48
train,    7866, 19.275734,   95, 0.05,   12, 0.000, 0.000, 0.280, 48
train,    7867, 19.149071,   91, 0.03,   12, 0.000, 0.000, 0.280, 48
train,    7868, 19.206834,   95, 0.01,   12, 0.000, 0.000, 0.280, 48
train,    7869, 19.029149,   98, 0.03,   12, 0.000, 0.000, 0.280, 48
train,    7870, 18.937001,   98, 0.03,   11, 0.000, 0.000, 0.280, 48
train,    7871, 18.849033,   97, 0.04,   12, 0.000, 0.000, 0.280, 48
train,    7872, 18.782194,   94, 0.02,   12, 0.000, 0.000, 0.280, 48
train,    7873, 18.290326,   98, 0.02,   12, 0.000, 0.000, 0.280, 48
train,    7874, 19.064945,   99, 0.02,   11, 0.000, 0.000, 0.280, 48
train,    7875, 18.293189,   96, 0.03,   12, 0.000, 0.000, 0.280, 48
train,    7876, 18.803408,   94, 0.04,   11, 0.000, 0.000, 0.280, 48
train,    7877, 19.324590,   99, 0.02,   12, 0.000, 0.000, 0.280, 48
train,    7878, 19.056362,   92, 0.03,   12, 0.000, 0.000, 0.280, 48
train,    7879, 18.869049,   97, 0.02,   12, 0.000, 0.000, 0.280, 48
train,    7880, 18.054287,   96, 0.02,   12, 0.000, 0.000, 0.280, 48
train,    7881, 18.584864,   98, 0.03,   13, 0.000, 0.000, 0.280, 48
train,    7882, 19.244501,   96, 0.02,   12, 0.000, 0.000, 0.280, 48
train,    7883, 18.993414,   97, 0.04,   11, 0.000, 0.000, 0.280, 48
train,    7884, 19.586015,   97, 0.03,   12, 0.000, 0.000, 0.280, 48
train,    7885, 18.845305,   97, 0.03,   14, 0.000, 0.000, 0.280, 48
train,    7886, 18.827409,   96, 0.04,   12, 0.000, 0.000, 0.280, 48
train,    7887, 20.134206,   90, 0.04,   12, 0.000, 0.000, 0.280, 48
train,    7888, 19.949455,   92, 0.03,   11, 0.000, 0.000, 0.280, 48
train,    7889, 18.482374,   97, 0.03,   12, 0.000, 0.000, 0.280, 48
train,    7890, 17.881134,   94, 0.03,   13, 0.000, 0.000, 0.280, 48
train,    7891, 19.145662,   92, 0.03,   10, 0.000, 0.000, 0.280, 48
train,    7892, 18.672149,   96, 0.02,   12, 0.000, 0.000, 0.280, 48
train,    7893, 20.026774,   91, 0.05,   12, 0.000, 0.000, 0.280, 48
train,    7894, 19.218183,   97, 0.02,   10, 0.000, 0.000, 0.280, 48
train,    7895, 18.514351,   96, 0.04,   12, 0.000, 0.000, 0.280, 48
train,    7896, 19.390092,   91, 0.02,   11, 0.000, 0.000, 0.280, 48
train,    7897, 18.607387,   98, 0.03,   12, 0.000, 0.000, 0.280, 48
train,    7898, 19.154661,   98, 0.02,   13, 0.000, 0.000, 0.280, 48
train,    7899, 18.369155,   97, 0.03,   13, 0.000, 0.000, 0.280, 48
train,    7900, 18.276190,   97, 0.03,   12, 0.000, 0.000, 0.280, 48
update,   7900,   79, 7900, 19.833832, 0.000000
val_t, 7900, 7900, 16.916012, 0.0267,  87.4406,   0.0675, 0.9782,  29.2160, progress 0.9789
train,    7901, 19.913055,   96, 0.03,   13, 0.000, 0.000, 0.280, 48
train,    7902, 19.803550,   98, 0.03,   13, 0.000, 0.000, 0.280, 48
train,    7903, 19.490497,   93, 0.02,   13, 0.000, 0.000, 0.280, 48
train,    7904, 20.164259,   89, 0.04,   11, 0.000, 0.000, 0.280, 48
train,    7905, 19.000770,   93, 0.03,   11, 0.000, 0.000, 0.280, 48
train,    7906, 19.682676,   92, 0.03,   11, 0.000, 0.000, 0.280, 48
train,    7907, 20.027515,   94, 0.04,   14, 0.000, 0.000, 0.280, 48
train,    7908, 19.431475,   92, 0.03,   11, 0.000, 0.000, 0.280, 48
train,    7909, 18.947017,   90, 0.02,   12, 0.000, 0.000, 0.280, 48
train,    7910, 18.990306,   98, 0.03,   11, 0.000, 0.000, 0.280, 48
train,    7911, 18.996344,   91, 0.03,   11, 0.000, 0.000, 0.280, 48
train,    7912, 19.349533,   92, 0.03,   12, 0.000, 0.000, 0.280, 48
train,    7913, 19.895288,   97, 0.04,   11, 0.000, 0.000, 0.280, 48
train,    7914, 19.534561,   96, 0.02,   11, 0.000, 0.000, 0.280, 48
train,    7915, 19.248867,   92, 0.03,   13, 0.000, 0.000, 0.280, 48
train,    7916, 19.120255,   98, 0.02,   10, 0.000, 0.000, 0.280, 48
train,    7917, 18.877132,   95, 0.02,   12, 0.000, 0.000, 0.280, 48
train,    7918, 19.778616,   95, 0.01,   11, 0.000, 0.000, 0.280, 48
train,    7919, 19.730242,   93, 0.02,   12, 0.000, 0.000, 0.280, 48
train,    7920, 20.056550,   93, 0.04,   13, 0.000, 0.000, 0.280, 48
train,    7921, 19.083364,   91, 0.02,   13, 0.000, 0.000, 0.280, 48
train,    7922, 19.694941,   92, 0.02,   11, 0.000, 0.000, 0.280, 48
train,    7923, 18.877702,   93, 0.02,   13, 0.000, 0.000, 0.280, 48
train,    7924, 20.010101,   92, 0.05,   12, 0.000, 0.000, 0.280, 48
train,    7925, 18.674829,  100, 0.01,   12, 0.000, 0.000, 0.280, 48
train,    7926, 18.232135,   95, 0.02,   11, 0.000, 0.000, 0.280, 48
train,    7927, 19.940262,   94, 0.04,   11, 0.000, 0.000, 0.280, 48
train,    7928, 19.058307,   94, 0.04,   13, 0.000, 0.000, 0.280, 48
train,    7929, 19.315512,   95, 0.03,   12, 0.000, 0.000, 0.280, 48
train,    7930, 18.958933,   97, 0.02,   12, 0.000, 0.000, 0.280, 48
train,    7931, 19.990387,   98, 0.03,   11, 0.000, 0.000, 0.280, 48
train,    7932, 20.056759,   93, 0.03,   12, 0.000, 0.000, 0.280, 48
train,    7933, 18.450075,   95, 0.04,   11, 0.000, 0.000, 0.280, 48
train,    7934, 19.686651,   94, 0.02,   12, 0.000, 0.000, 0.280, 48
train,    7935, 19.188975,   93, 0.04,   12, 0.000, 0.000, 0.280, 48
train,    7936, 20.074746,   93, 0.03,   11, 0.000, 0.000, 0.280, 48
train,    7937, 19.757088,   98, 0.05,   11, 0.000, 0.000, 0.280, 48
train,    7938, 19.375481,   93, 0.04,   12, 0.000, 0.000, 0.280, 48
train,    7939, 19.445399,   95, 0.03,   13, 0.000, 0.000, 0.280, 48
train,    7940, 19.584385,   90, 0.03,   12, 0.000, 0.000, 0.280, 48
train,    7941, 19.037892,   96, 0.03,   10, 0.000, 0.000, 0.280, 48
train,    7942, 18.539131,   96, 0.04,   11, 0.000, 0.000, 0.280, 48
train,    7943, 19.514195,   96, 0.05,   13, 0.000, 0.000, 0.280, 48
train,    7944, 19.168775,   92, 0.03,   11, 0.000, 0.000, 0.280, 48
train,    7945, 20.140337,   99, 0.03,   12, 0.000, 0.000, 0.280, 48
train,    7946, 20.293286,   98, 0.03,   12, 0.000, 0.000, 0.280, 48
train,    7947, 19.676112,   98, 0.02,   11, 0.000, 0.000, 0.280, 48
train,    7948, 19.486192,   94, 0.04,   13, 0.000, 0.000, 0.280, 48
train,    7949, 18.865162,   95, 0.02,   11, 0.000, 0.000, 0.280, 48
train,    7950, 20.043596,   99, 0.02,   13, 0.000, 0.000, 0.280, 48
train,    7951, 20.198259,   92, 0.02,   12, 0.000, 0.000, 0.280, 48
train,    7952, 19.859649,   98, 0.05,   13, 0.000, 0.000, 0.280, 48
train,    7953, 20.397455,   95, 0.03,   12, 0.000, 0.000, 0.280, 48
train,    7954, 19.820386,   93, 0.02,   13, 0.000, 0.000, 0.280, 48
train,    7955, 20.394508,   93, 0.03,   12, 0.000, 0.000, 0.280, 48
train,    7956, 19.651160,   98, 0.01,   13, 0.000, 0.000, 0.280, 48
train,    7957, 19.723288,   98, 0.04,   12, 0.000, 0.000, 0.280, 48
train,    7958, 19.576199,   98, 0.03,   13, 0.000, 0.000, 0.280, 48
train,    7959, 19.163348,   98, 0.03,   12, 0.000, 0.000, 0.280, 48
train,    7960, 19.163414,   93, 0.04,   12, 0.000, 0.000, 0.280, 48
train,    7961, 19.409720,   95, 0.02,   12, 0.000, 0.000, 0.280, 48
train,    7962, 20.022039,   95, 0.03,   12, 0.000, 0.000, 0.280, 48
train,    7963, 19.828808,   96, 0.03,   11, 0.000, 0.000, 0.280, 48
train,    7964, 19.783583,   95, 0.03,   12, 0.000, 0.000, 0.280, 48
train,    7965, 19.918609,   93, 0.03,   11, 0.000, 0.000, 0.280, 48
train,    7966, 19.422945,   94, 0.02,   13, 0.000, 0.000, 0.280, 48
train,    7967, 18.560374,  100, 0.02,   11, 0.000, 0.000, 0.280, 48
train,    7968, 19.142921,   93, 0.04,   11, 0.000, 0.000, 0.280, 48
train,    7969, 18.822114,   94, 0.03,   12, 0.000, 0.000, 0.280, 48
train,    7970, 20.029147,   95, 0.03,   13, 0.000, 0.000, 0.280, 48
train,    7971, 20.690633,   91, 0.03,   11, 0.000, 0.000, 0.280, 48
train,    7972, 19.568297,  100, 0.04,   12, 0.000, 0.000, 0.280, 48
train,    7973, 20.360555,   94, 0.04,   12, 0.000, 0.000, 0.280, 48
train,    7974, 19.990071,   97, 0.03,   12, 0.000, 0.000, 0.280, 48
train,    7975, 19.516815,   93, 0.05,   12, 0.000, 0.000, 0.280, 48
train,    7976, 18.784257,   91, 0.01,   13, 0.000, 0.000, 0.280, 48
train,    7977, 19.874143,   93, 0.03,   12, 0.000, 0.000, 0.280, 48
train,    7978, 18.844991,   98, 0.03,   11, 0.000, 0.000, 0.280, 48
train,    7979, 19.565163,   96, 0.02,   12, 0.000, 0.000, 0.280, 48
train,    7980, 19.704405,   98, 0.05,   12, 0.000, 0.000, 0.280, 48
train,    7981, 18.891821,   99, 0.04,   12, 0.000, 0.000, 0.280, 48
train,    7982, 19.556787,   97, 0.03,   13, 0.000, 0.000, 0.280, 48
train,    7983, 19.092818,   96, 0.02,   12, 0.000, 0.000, 0.280, 48
train,    7984, 18.676408,   94, 0.03,   10, 0.000, 0.000, 0.280, 48
train,    7985, 19.496178,   97, 0.06,   12, 0.000, 0.000, 0.280, 48
train,    7986, 19.190228,   98, 0.03,   13, 0.000, 0.000, 0.280, 48
train,    7987, 19.805660,   99, 0.02,   12, 0.000, 0.000, 0.280, 48
train,    7988, 18.965371,   91, 0.01,   12, 0.000, 0.000, 0.280, 48
train,    7989, 20.048448,   93, 0.00,   12, 0.000, 0.000, 0.280, 48
train,    7990, 19.083594,   89, 0.04,   14, 0.000, 0.000, 0.280, 48
train,    7991, 19.571202,   98, 0.02,   12, 0.000, 0.000, 0.280, 48
train,    7992, 19.831384,   95, 0.03,   12, 0.000, 0.000, 0.280, 48
train,    7993, 19.629660,   94, 0.03,   11, 0.000, 0.000, 0.280, 48
train,    7994, 19.034346,   97, 0.03,   11, 0.000, 0.000, 0.280, 48
train,    7995, 19.808274,   96, 0.02,   13, 0.000, 0.000, 0.280, 48
train,    7996, 19.555858,   95, 0.03,   12, 0.000, 0.000, 0.280, 48
train,    7997, 19.238531,   95, 0.03,   12, 0.000, 0.000, 0.280, 48
train,    7998, 19.688995,   96, 0.03,   12, 0.000, 0.000, 0.280, 48
train,    7999, 19.508917,   96, 0.03,   12, 0.000, 0.000, 0.280, 48
train,    8000, 18.553784,   94, 0.05,   11, 0.000, 0.000, 0.280, 48
update,   8000,   80, 8000, 17.718597, 0.000000
val_t, 8000, 8000, 18.495900, 0.0131,  89.2732,   0.0696, 0.9788,  29.2595, progress 0.9710